----------------------------------------
----------------------------------------
Exception occurred during processing of request from ('127.0.0.1', 58233)
Exception occurred during processing of request from ('127.0.0.1', 63698)
----------------------------------------
----------------------------------------
Exception occurred during processing of request from ('127.0.0.1', 62188)
----------------------------------------
----------------------------------------
Exception occurred during processing of request from ('127.0.0.1', 49673)
Exception occurred during processing of request from ('127.0.0.1', 53900)
Exception occurred during processing of request from ('127.0.0.1', 63859)
Traceback (most recent call last):
  File "C:\Users\simip\AppData\Local\Programs\Python\Python39\lib\socketserver.py", line 683, in process_request_thread
    self.finish_request(request, client_address)
  File "C:\Users\simip\AppData\Local\Programs\Python\Python39\lib\socketserver.py", line 360, in finish_request
    self.RequestHandlerClass(request, client_address, self)
  File "C:\Users\simip\AppData\Local\Programs\Python\Python39\lib\http\server.py", line 651, in __init__
    super().__init__(*args, **kwargs)
Traceback (most recent call last):
Traceback (most recent call last):
Traceback (most recent call last):
  File "C:\Users\simip\AppData\Local\Programs\Python\Python39\lib\socketserver.py", line 747, in __init__
    self.handle()
  File "C:\Users\simip\AppData\Local\Programs\Python\Python39\lib\socketserver.py", line 683, in process_request_thread
    self.finish_request(request, client_address)
  File "C:\Users\simip\AppData\Local\Programs\Python\Python39\lib\socketserver.py", line 360, in finish_request
    self.RequestHandlerClass(request, client_address, self)
  File "C:\Users\simip\AppData\Local\Programs\Python\Python39\lib\socketserver.py", line 683, in process_request_thread
    self.finish_request(request, client_address)
  File "C:\Users\simip\AppData\Local\Programs\Python\Python39\lib\socketserver.py", line 360, in finish_request
    self.RequestHandlerClass(request, client_address, self)
  File "C:\Users\simip\AppData\Local\Programs\Python\Python39\lib\http\server.py", line 651, in __init__
    super().__init__(*args, **kwargs)
  File "C:\Users\simip\AppData\Local\Programs\Python\Python39\lib\socketserver.py", line 747, in __init__
    self.handle()
  File "C:\Users\simip\AppData\Local\Programs\Python\Python39\lib\http\server.py", line 427, in handle
    self.handle_one_request()
  File "C:\Users\simip\AppData\Local\Programs\Python\Python39\lib\http\server.py", line 393, in handle_one_request
    self.raw_requestline = self.rfile.readline(65537)
  File "C:\Users\simip\AppData\Local\Programs\Python\Python39\lib\socket.py", line 704, in readinto
    return self._sock.recv_into(b)
  File "C:\Users\simip\AppData\Local\Programs\Python\Python39\lib\http\server.py", line 427, in handle
    self.handle_one_request()
  File "C:\Users\simip\AppData\Local\Programs\Python\Python39\lib\http\server.py", line 393, in handle_one_request
    self.raw_requestline = self.rfile.readline(65537)
  File "C:\Users\simip\AppData\Local\Programs\Python\Python39\lib\socket.py", line 704, in readinto
    return self._sock.recv_into(b)
ConnectionResetError: [WinError 10054] An existing connection was forcibly closed by the remote host
----------------------------------------
Traceback (most recent call last):
ConnectionResetError: [WinError 10054] An existing connection was forcibly closed by the remote host
  File "C:\Users\simip\AppData\Local\Programs\Python\Python39\lib\http\server.py", line 651, in __init__
    super().__init__(*args, **kwargs)
  File "C:\Users\simip\AppData\Local\Programs\Python\Python39\lib\socketserver.py", line 747, in __init__
    self.handle()
  File "C:\Users\simip\AppData\Local\Programs\Python\Python39\lib\socketserver.py", line 683, in process_request_thread
    self.finish_request(request, client_address)
  File "C:\Users\simip\AppData\Local\Programs\Python\Python39\lib\socketserver.py", line 683, in process_request_thread
    self.finish_request(request, client_address)
  File "C:\Users\simip\AppData\Local\Programs\Python\Python39\lib\socketserver.py", line 360, in finish_request
    self.RequestHandlerClass(request, client_address, self)
  File "C:\Users\simip\AppData\Local\Programs\Python\Python39\lib\http\server.py", line 651, in __init__
    super().__init__(*args, **kwargs)
  File "C:\Users\simip\AppData\Local\Programs\Python\Python39\lib\socketserver.py", line 747, in __init__
    self.handle()
  File "C:\Users\simip\AppData\Local\Programs\Python\Python39\lib\http\server.py", line 427, in handle
    self.handle_one_request()
  File "C:\Users\simip\AppData\Local\Programs\Python\Python39\lib\http\server.py", line 427, in handle
    self.handle_one_request()
  File "C:\Users\simip\AppData\Local\Programs\Python\Python39\lib\http\server.py", line 393, in handle_one_request
    self.raw_requestline = self.rfile.readline(65537)
  File "C:\Users\simip\AppData\Local\Programs\Python\Python39\lib\socketserver.py", line 360, in finish_request
    self.RequestHandlerClass(request, client_address, self)
  File "C:\Users\simip\AppData\Local\Programs\Python\Python39\lib\http\server.py", line 651, in __init__
    super().__init__(*args, **kwargs)
  File "C:\Users\simip\AppData\Local\Programs\Python\Python39\lib\socket.py", line 704, in readinto
    return self._sock.recv_into(b)
ConnectionResetError: [WinError 10054] An existing connection was forcibly closed by the remote host
----------------------------------------
  File "C:\Users\simip\AppData\Local\Programs\Python\Python39\lib\socketserver.py", line 747, in __init__
    self.handle()
  File "C:\Users\simip\AppData\Local\Programs\Python\Python39\lib\http\server.py", line 427, in handle
    self.handle_one_request()
  File "C:\Users\simip\AppData\Local\Programs\Python\Python39\lib\http\server.py", line 393, in handle_one_request
    self.raw_requestline = self.rfile.readline(65537)
  File "C:\Users\simip\AppData\Local\Programs\Python\Python39\lib\socket.py", line 704, in readinto
    return self._sock.recv_into(b)
  File "C:\Users\simip\AppData\Local\Programs\Python\Python39\lib\http\server.py", line 393, in handle_one_request
    self.raw_requestline = self.rfile.readline(65537)
----------------------------------------
  File "C:\Users\simip\AppData\Local\Programs\Python\Python39\lib\socket.py", line 704, in readinto
    return self._sock.recv_into(b)
ConnectionResetError: [WinError 10054] An existing connection was forcibly closed by the remote host
ConnectionResetError: [WinError 10054] An existing connection was forcibly closed by the remote host
----------------------------------------
----------------------------------------
Traceback (most recent call last):
  File "C:\Users\simip\AppData\Local\Programs\Python\Python39\lib\socketserver.py", line 683, in process_request_thread
    self.finish_request(request, client_address)
  File "C:\Users\simip\AppData\Local\Programs\Python\Python39\lib\socketserver.py", line 360, in finish_request
    self.RequestHandlerClass(request, client_address, self)
  File "C:\Users\simip\AppData\Local\Programs\Python\Python39\lib\http\server.py", line 651, in __init__
    super().__init__(*args, **kwargs)
  File "C:\Users\simip\AppData\Local\Programs\Python\Python39\lib\socketserver.py", line 747, in __init__
    self.handle()
  File "C:\Users\simip\AppData\Local\Programs\Python\Python39\lib\http\server.py", line 427, in handle
    self.handle_one_request()
  File "C:\Users\simip\AppData\Local\Programs\Python\Python39\lib\http\server.py", line 393, in handle_one_request
    self.raw_requestline = self.rfile.readline(65537)
  File "C:\Users\simip\AppData\Local\Programs\Python\Python39\lib\socket.py", line 704, in readinto
    return self._sock.recv_into(b)
ConnectionResetError: [WinError 10054] An existing connection was forcibly closed by the remote host
----------------------------------------
----------------------------------------
Exception occurred during processing of request from ('127.0.0.1', 49158)
----------------------------------------
Exception occurred during processing of request from ('127.0.0.1', 57891)
Traceback (most recent call last):
----------------------------------------
Exception occurred during processing of request from ('127.0.0.1', 54794)
  File "C:\Users\simip\AppData\Local\Programs\Python\Python39\lib\socketserver.py", line 683, in process_request_thread
    self.finish_request(request, client_address)
----------------------------------------
  File "C:\Users\simip\AppData\Local\Programs\Python\Python39\lib\socketserver.py", line 360, in finish_request
    self.RequestHandlerClass(request, client_address, self)
Exception occurred during processing of request from ('127.0.0.1', 53541)
  File "C:\Users\simip\AppData\Local\Programs\Python\Python39\lib\http\server.py", line 651, in __init__
    super().__init__(*args, **kwargs)
----------------------------------------
  File "C:\Users\simip\AppData\Local\Programs\Python\Python39\lib\socketserver.py", line 747, in __init__
    self.handle()
Exception occurred during processing of request from ('127.0.0.1', 63160)
Traceback (most recent call last):
----------------------------------------
  File "C:\Users\simip\AppData\Local\Programs\Python\Python39\lib\http\server.py", line 427, in handle
    self.handle_one_request()
Traceback (most recent call last):
  File "C:\Users\simip\AppData\Local\Programs\Python\Python39\lib\socketserver.py", line 683, in process_request_thread
    self.finish_request(request, client_address)
Exception occurred during processing of request from ('127.0.0.1', 58525)
  File "C:\Users\simip\AppData\Local\Programs\Python\Python39\lib\http\server.py", line 393, in handle_one_request
    self.raw_requestline = self.rfile.readline(65537)
  File "C:\Users\simip\AppData\Local\Programs\Python\Python39\lib\socket.py", line 704, in readinto
    return self._sock.recv_into(b)
  File "C:\Users\simip\AppData\Local\Programs\Python\Python39\lib\socketserver.py", line 683, in process_request_thread
    self.finish_request(request, client_address)
  File "C:\Users\simip\AppData\Local\Programs\Python\Python39\lib\socketserver.py", line 360, in finish_request
    self.RequestHandlerClass(request, client_address, self)
  File "C:\Users\simip\AppData\Local\Programs\Python\Python39\lib\socketserver.py", line 360, in finish_request
    self.RequestHandlerClass(request, client_address, self)
  File "C:\Users\simip\AppData\Local\Programs\Python\Python39\lib\http\server.py", line 651, in __init__
    super().__init__(*args, **kwargs)
  File "C:\Users\simip\AppData\Local\Programs\Python\Python39\lib\http\server.py", line 651, in __init__
    super().__init__(*args, **kwargs)
Traceback (most recent call last):
ConnectionResetError: [WinError 10054] An existing connection was forcibly closed by the remote host
  File "C:\Users\simip\AppData\Local\Programs\Python\Python39\lib\socketserver.py", line 747, in __init__
    self.handle()
  File "C:\Users\simip\AppData\Local\Programs\Python\Python39\lib\socketserver.py", line 747, in __init__
    self.handle()
  File "C:\Users\simip\AppData\Local\Programs\Python\Python39\lib\socketserver.py", line 683, in process_request_thread
    self.finish_request(request, client_address)
----------------------------------------
  File "C:\Users\simip\AppData\Local\Programs\Python\Python39\lib\http\server.py", line 427, in handle
    self.handle_one_request()
Traceback (most recent call last):
  File "C:\Users\simip\AppData\Local\Programs\Python\Python39\lib\socketserver.py", line 360, in finish_request
    self.RequestHandlerClass(request, client_address, self)
  File "C:\Users\simip\AppData\Local\Programs\Python\Python39\lib\http\server.py", line 651, in __init__
    super().__init__(*args, **kwargs)
  File "C:\Users\simip\AppData\Local\Programs\Python\Python39\lib\socketserver.py", line 747, in __init__
    self.handle()
  File "C:\Users\simip\AppData\Local\Programs\Python\Python39\lib\http\server.py", line 393, in handle_one_request
    self.raw_requestline = self.rfile.readline(65537)
  File "C:\Users\simip\AppData\Local\Programs\Python\Python39\lib\http\server.py", line 427, in handle
    self.handle_one_request()
  File "C:\Users\simip\AppData\Local\Programs\Python\Python39\lib\socketserver.py", line 683, in process_request_thread
    self.finish_request(request, client_address)
Traceback (most recent call last):
  File "C:\Users\simip\AppData\Local\Programs\Python\Python39\lib\http\server.py", line 393, in handle_one_request
    self.raw_requestline = self.rfile.readline(65537)
  File "C:\Users\simip\AppData\Local\Programs\Python\Python39\lib\socketserver.py", line 360, in finish_request
    self.RequestHandlerClass(request, client_address, self)
  File "C:\Users\simip\AppData\Local\Programs\Python\Python39\lib\socketserver.py", line 683, in process_request_thread
    self.finish_request(request, client_address)
  File "C:\Users\simip\AppData\Local\Programs\Python\Python39\lib\socket.py", line 704, in readinto
    return self._sock.recv_into(b)
  File "C:\Users\simip\AppData\Local\Programs\Python\Python39\lib\http\server.py", line 651, in __init__
    super().__init__(*args, **kwargs)
  File "C:\Users\simip\AppData\Local\Programs\Python\Python39\lib\socketserver.py", line 360, in finish_request
    self.RequestHandlerClass(request, client_address, self)
ConnectionResetError: [WinError 10054] An existing connection was forcibly closed by the remote host
  File "C:\Users\simip\AppData\Local\Programs\Python\Python39\lib\socketserver.py", line 747, in __init__
    self.handle()
  File "C:\Users\simip\AppData\Local\Programs\Python\Python39\lib\http\server.py", line 651, in __init__
    super().__init__(*args, **kwargs)
  File "C:\Users\simip\AppData\Local\Programs\Python\Python39\lib\socketserver.py", line 747, in __init__
    self.handle()
----------------------------------------
  File "C:\Users\simip\AppData\Local\Programs\Python\Python39\lib\http\server.py", line 427, in handle
    self.handle_one_request()
  File "C:\Users\simip\AppData\Local\Programs\Python\Python39\lib\http\server.py", line 427, in handle
    self.handle_one_request()
  File "C:\Users\simip\AppData\Local\Programs\Python\Python39\lib\http\server.py", line 393, in handle_one_request
    self.raw_requestline = self.rfile.readline(65537)
  File "C:\Users\simip\AppData\Local\Programs\Python\Python39\lib\socket.py", line 704, in readinto
    return self._sock.recv_into(b)
  File "C:\Users\simip\AppData\Local\Programs\Python\Python39\lib\http\server.py", line 427, in handle
    self.handle_one_request()
  File "C:\Users\simip\AppData\Local\Programs\Python\Python39\lib\http\server.py", line 393, in handle_one_request
    self.raw_requestline = self.rfile.readline(65537)
  File "C:\Users\simip\AppData\Local\Programs\Python\Python39\lib\socket.py", line 704, in readinto
    return self._sock.recv_into(b)
ConnectionResetError: [WinError 10054] An existing connection was forcibly closed by the remote host
  File "C:\Users\simip\AppData\Local\Programs\Python\Python39\lib\http\server.py", line 393, in handle_one_request
    self.raw_requestline = self.rfile.readline(65537)
  File "C:\Users\simip\AppData\Local\Programs\Python\Python39\lib\socket.py", line 704, in readinto
    return self._sock.recv_into(b)
ConnectionResetError: [WinError 10054] An existing connection was forcibly closed by the remote host
----------------------------------------
  File "C:\Users\simip\AppData\Local\Programs\Python\Python39\lib\socket.py", line 704, in readinto
    return self._sock.recv_into(b)
ConnectionResetError: [WinError 10054] An existing connection was forcibly closed by the remote host
ConnectionResetError: [WinError 10054] An existing connection was forcibly closed by the remote host
----------------------------------------
----------------------------------------
----------------------------------------
----------------------------------------
Exception occurred during processing of request from ('127.0.0.1', 64739)
----------------------------------------
Exception occurred during processing of request from ('127.0.0.1', 58374)
----------------------------------------
----------------------------------------
----------------------------------------
Exception occurred during processing of request from ('127.0.0.1', 57356)
Exception occurred during processing of request from ('127.0.0.1', 63252)
Exception occurred during processing of request from ('127.0.0.1', 56591)
Traceback (most recent call last):
----------------------------------------
Traceback (most recent call last):
Exception occurred during processing of request from ('127.0.0.1', 49674)
  File "C:\Users\simip\AppData\Local\Programs\Python\Python39\lib\socketserver.py", line 683, in process_request_thread
    self.finish_request(request, client_address)
  File "C:\Users\simip\AppData\Local\Programs\Python\Python39\lib\socketserver.py", line 360, in finish_request
    self.RequestHandlerClass(request, client_address, self)
  File "C:\Users\simip\AppData\Local\Programs\Python\Python39\lib\socketserver.py", line 683, in process_request_thread
    self.finish_request(request, client_address)
  File "C:\Users\simip\AppData\Local\Programs\Python\Python39\lib\http\server.py", line 651, in __init__
    super().__init__(*args, **kwargs)
  File "C:\Users\simip\AppData\Local\Programs\Python\Python39\lib\socketserver.py", line 360, in finish_request
    self.RequestHandlerClass(request, client_address, self)
  File "C:\Users\simip\AppData\Local\Programs\Python\Python39\lib\socketserver.py", line 747, in __init__
    self.handle()
  File "C:\Users\simip\AppData\Local\Programs\Python\Python39\lib\http\server.py", line 651, in __init__
    super().__init__(*args, **kwargs)
  File "C:\Users\simip\AppData\Local\Programs\Python\Python39\lib\http\server.py", line 427, in handle
    self.handle_one_request()
  File "C:\Users\simip\AppData\Local\Programs\Python\Python39\lib\socketserver.py", line 747, in __init__
    self.handle()
  File "C:\Users\simip\AppData\Local\Programs\Python\Python39\lib\http\server.py", line 393, in handle_one_request
    self.raw_requestline = self.rfile.readline(65537)
  File "C:\Users\simip\AppData\Local\Programs\Python\Python39\lib\http\server.py", line 427, in handle
    self.handle_one_request()
  File "C:\Users\simip\AppData\Local\Programs\Python\Python39\lib\socket.py", line 704, in readinto
    return self._sock.recv_into(b)
Traceback (most recent call last):
  File "C:\Users\simip\AppData\Local\Programs\Python\Python39\lib\http\server.py", line 393, in handle_one_request
    self.raw_requestline = self.rfile.readline(65537)
  File "C:\Users\simip\AppData\Local\Programs\Python\Python39\lib\socketserver.py", line 683, in process_request_thread
    self.finish_request(request, client_address)
  File "C:\Users\simip\AppData\Local\Programs\Python\Python39\lib\socket.py", line 704, in readinto
    return self._sock.recv_into(b)
  File "C:\Users\simip\AppData\Local\Programs\Python\Python39\lib\socketserver.py", line 360, in finish_request
    self.RequestHandlerClass(request, client_address, self)
Traceback (most recent call last):
ConnectionResetError: [WinError 10054] An existing connection was forcibly closed by the remote host
Traceback (most recent call last):
  File "C:\Users\simip\AppData\Local\Programs\Python\Python39\lib\http\server.py", line 651, in __init__
    super().__init__(*args, **kwargs)
Traceback (most recent call last):
----------------------------------------
ConnectionResetError: [WinError 10054] An existing connection was forcibly closed by the remote host
  File "C:\Users\simip\AppData\Local\Programs\Python\Python39\lib\socketserver.py", line 683, in process_request_thread
    self.finish_request(request, client_address)
  File "C:\Users\simip\AppData\Local\Programs\Python\Python39\lib\socketserver.py", line 683, in process_request_thread
    self.finish_request(request, client_address)
----------------------------------------
  File "C:\Users\simip\AppData\Local\Programs\Python\Python39\lib\socketserver.py", line 360, in finish_request
    self.RequestHandlerClass(request, client_address, self)
  File "C:\Users\simip\AppData\Local\Programs\Python\Python39\lib\http\server.py", line 651, in __init__
    super().__init__(*args, **kwargs)
  File "C:\Users\simip\AppData\Local\Programs\Python\Python39\lib\socketserver.py", line 747, in __init__
    self.handle()
  File "C:\Users\simip\AppData\Local\Programs\Python\Python39\lib\http\server.py", line 427, in handle
    self.handle_one_request()
  File "C:\Users\simip\AppData\Local\Programs\Python\Python39\lib\socketserver.py", line 747, in __init__
    self.handle()
  File "C:\Users\simip\AppData\Local\Programs\Python\Python39\lib\http\server.py", line 427, in handle
    self.handle_one_request()
  File "C:\Users\simip\AppData\Local\Programs\Python\Python39\lib\http\server.py", line 393, in handle_one_request
    self.raw_requestline = self.rfile.readline(65537)
  File "C:\Users\simip\AppData\Local\Programs\Python\Python39\lib\socket.py", line 704, in readinto
    return self._sock.recv_into(b)
  File "C:\Users\simip\AppData\Local\Programs\Python\Python39\lib\http\server.py", line 393, in handle_one_request
    self.raw_requestline = self.rfile.readline(65537)
  File "C:\Users\simip\AppData\Local\Programs\Python\Python39\lib\socketserver.py", line 360, in finish_request
    self.RequestHandlerClass(request, client_address, self)
  File "C:\Users\simip\AppData\Local\Programs\Python\Python39\lib\http\server.py", line 651, in __init__
    super().__init__(*args, **kwargs)
  File "C:\Users\simip\AppData\Local\Programs\Python\Python39\lib\socket.py", line 704, in readinto
    return self._sock.recv_into(b)
ConnectionResetError: [WinError 10054] An existing connection was forcibly closed by the remote host
  File "C:\Users\simip\AppData\Local\Programs\Python\Python39\lib\socketserver.py", line 747, in __init__
    self.handle()
  File "C:\Users\simip\AppData\Local\Programs\Python\Python39\lib\http\server.py", line 427, in handle
    self.handle_one_request()
----------------------------------------
ConnectionResetError: [WinError 10054] An existing connection was forcibly closed by the remote host
  File "C:\Users\simip\AppData\Local\Programs\Python\Python39\lib\socketserver.py", line 683, in process_request_thread
    self.finish_request(request, client_address)
  File "C:\Users\simip\AppData\Local\Programs\Python\Python39\lib\http\server.py", line 393, in handle_one_request
    self.raw_requestline = self.rfile.readline(65537)
  File "C:\Users\simip\AppData\Local\Programs\Python\Python39\lib\socket.py", line 704, in readinto
    return self._sock.recv_into(b)
  File "C:\Users\simip\AppData\Local\Programs\Python\Python39\lib\socketserver.py", line 360, in finish_request
    self.RequestHandlerClass(request, client_address, self)
----------------------------------------
ConnectionResetError: [WinError 10054] An existing connection was forcibly closed by the remote host
----------------------------------------
  File "C:\Users\simip\AppData\Local\Programs\Python\Python39\lib\http\server.py", line 651, in __init__
    super().__init__(*args, **kwargs)
  File "C:\Users\simip\AppData\Local\Programs\Python\Python39\lib\socketserver.py", line 747, in __init__
    self.handle()
  File "C:\Users\simip\AppData\Local\Programs\Python\Python39\lib\http\server.py", line 427, in handle
    self.handle_one_request()
  File "C:\Users\simip\AppData\Local\Programs\Python\Python39\lib\http\server.py", line 393, in handle_one_request
    self.raw_requestline = self.rfile.readline(65537)
  File "C:\Users\simip\AppData\Local\Programs\Python\Python39\lib\socket.py", line 704, in readinto
    return self._sock.recv_into(b)
ConnectionResetError: [WinError 10054] An existing connection was forcibly closed by the remote host
----------------------------------------
----------------------------------------
Exception occurred during processing of request from ('127.0.0.1', 60213)
----------------------------------------
Exception occurred during processing of request from ('127.0.0.1', 62374)
----------------------------------------
Exception occurred during processing of request from ('127.0.0.1', 64812)
----------------------------------------
----------------------------------------
Exception occurred during processing of request from ('127.0.0.1', 50465)
----------------------------------------
Exception occurred during processing of request from ('127.0.0.1', 65287)
Exception occurred during processing of request from ('127.0.0.1', 59044)
Traceback (most recent call last):
  File "C:\Users\simip\AppData\Local\Programs\Python\Python39\lib\socketserver.py", line 683, in process_request_thread
    self.finish_request(request, client_address)
  File "C:\Users\simip\AppData\Local\Programs\Python\Python39\lib\socketserver.py", line 360, in finish_request
    self.RequestHandlerClass(request, client_address, self)
  File "C:\Users\simip\AppData\Local\Programs\Python\Python39\lib\http\server.py", line 651, in __init__
    super().__init__(*args, **kwargs)
  File "C:\Users\simip\AppData\Local\Programs\Python\Python39\lib\socketserver.py", line 747, in __init__
    self.handle()
  File "C:\Users\simip\AppData\Local\Programs\Python\Python39\lib\http\server.py", line 427, in handle
    self.handle_one_request()
  File "C:\Users\simip\AppData\Local\Programs\Python\Python39\lib\http\server.py", line 393, in handle_one_request
    self.raw_requestline = self.rfile.readline(65537)
  File "C:\Users\simip\AppData\Local\Programs\Python\Python39\lib\socket.py", line 704, in readinto
    return self._sock.recv_into(b)
Traceback (most recent call last):
ConnectionResetError: [WinError 10054] An existing connection was forcibly closed by the remote host
  File "C:\Users\simip\AppData\Local\Programs\Python\Python39\lib\socketserver.py", line 683, in process_request_thread
    self.finish_request(request, client_address)
----------------------------------------
Traceback (most recent call last):
Traceback (most recent call last):
Traceback (most recent call last):
  File "C:\Users\simip\AppData\Local\Programs\Python\Python39\lib\socketserver.py", line 683, in process_request_thread
    self.finish_request(request, client_address)
  File "C:\Users\simip\AppData\Local\Programs\Python\Python39\lib\socketserver.py", line 360, in finish_request
    self.RequestHandlerClass(request, client_address, self)
  File "C:\Users\simip\AppData\Local\Programs\Python\Python39\lib\http\server.py", line 651, in __init__
    super().__init__(*args, **kwargs)
  File "C:\Users\simip\AppData\Local\Programs\Python\Python39\lib\socketserver.py", line 683, in process_request_thread
    self.finish_request(request, client_address)
  File "C:\Users\simip\AppData\Local\Programs\Python\Python39\lib\socketserver.py", line 360, in finish_request
    self.RequestHandlerClass(request, client_address, self)
  File "C:\Users\simip\AppData\Local\Programs\Python\Python39\lib\http\server.py", line 651, in __init__
    super().__init__(*args, **kwargs)
  File "C:\Users\simip\AppData\Local\Programs\Python\Python39\lib\socketserver.py", line 360, in finish_request
    self.RequestHandlerClass(request, client_address, self)
  File "C:\Users\simip\AppData\Local\Programs\Python\Python39\lib\socketserver.py", line 747, in __init__
    self.handle()
Traceback (most recent call last):
  File "C:\Users\simip\AppData\Local\Programs\Python\Python39\lib\socketserver.py", line 747, in __init__
    self.handle()
  File "C:\Users\simip\AppData\Local\Programs\Python\Python39\lib\http\server.py", line 427, in handle
    self.handle_one_request()
  File "C:\Users\simip\AppData\Local\Programs\Python\Python39\lib\http\server.py", line 393, in handle_one_request
    self.raw_requestline = self.rfile.readline(65537)
  File "C:\Users\simip\AppData\Local\Programs\Python\Python39\lib\socketserver.py", line 683, in process_request_thread
    self.finish_request(request, client_address)
  File "C:\Users\simip\AppData\Local\Programs\Python\Python39\lib\http\server.py", line 651, in __init__
    super().__init__(*args, **kwargs)
  File "C:\Users\simip\AppData\Local\Programs\Python\Python39\lib\socketserver.py", line 747, in __init__
    self.handle()
  File "C:\Users\simip\AppData\Local\Programs\Python\Python39\lib\http\server.py", line 427, in handle
    self.handle_one_request()
  File "C:\Users\simip\AppData\Local\Programs\Python\Python39\lib\http\server.py", line 393, in handle_one_request
    self.raw_requestline = self.rfile.readline(65537)
  File "C:\Users\simip\AppData\Local\Programs\Python\Python39\lib\socket.py", line 704, in readinto
    return self._sock.recv_into(b)
  File "C:\Users\simip\AppData\Local\Programs\Python\Python39\lib\socketserver.py", line 360, in finish_request
    self.RequestHandlerClass(request, client_address, self)
  File "C:\Users\simip\AppData\Local\Programs\Python\Python39\lib\socket.py", line 704, in readinto
    return self._sock.recv_into(b)
  File "C:\Users\simip\AppData\Local\Programs\Python\Python39\lib\http\server.py", line 427, in handle
    self.handle_one_request()
  File "C:\Users\simip\AppData\Local\Programs\Python\Python39\lib\http\server.py", line 651, in __init__
    super().__init__(*args, **kwargs)
ConnectionResetError: [WinError 10054] An existing connection was forcibly closed by the remote host
  File "C:\Users\simip\AppData\Local\Programs\Python\Python39\lib\http\server.py", line 393, in handle_one_request
    self.raw_requestline = self.rfile.readline(65537)
  File "C:\Users\simip\AppData\Local\Programs\Python\Python39\lib\socket.py", line 704, in readinto
    return self._sock.recv_into(b)
ConnectionResetError: [WinError 10054] An existing connection was forcibly closed by the remote host
  File "C:\Users\simip\AppData\Local\Programs\Python\Python39\lib\socketserver.py", line 747, in __init__
    self.handle()
  File "C:\Users\simip\AppData\Local\Programs\Python\Python39\lib\http\server.py", line 427, in handle
    self.handle_one_request()
  File "C:\Users\simip\AppData\Local\Programs\Python\Python39\lib\http\server.py", line 393, in handle_one_request
    self.raw_requestline = self.rfile.readline(65537)
  File "C:\Users\simip\AppData\Local\Programs\Python\Python39\lib\socketserver.py", line 683, in process_request_thread
    self.finish_request(request, client_address)
----------------------------------------
ConnectionResetError: [WinError 10054] An existing connection was forcibly closed by the remote host
----------------------------------------
  File "C:\Users\simip\AppData\Local\Programs\Python\Python39\lib\socket.py", line 704, in readinto
    return self._sock.recv_into(b)
ConnectionResetError: [WinError 10054] An existing connection was forcibly closed by the remote host
----------------------------------------
  File "C:\Users\simip\AppData\Local\Programs\Python\Python39\lib\socketserver.py", line 360, in finish_request
    self.RequestHandlerClass(request, client_address, self)
  File "C:\Users\simip\AppData\Local\Programs\Python\Python39\lib\http\server.py", line 651, in __init__
    super().__init__(*args, **kwargs)
----------------------------------------
  File "C:\Users\simip\AppData\Local\Programs\Python\Python39\lib\socketserver.py", line 747, in __init__
    self.handle()
  File "C:\Users\simip\AppData\Local\Programs\Python\Python39\lib\http\server.py", line 427, in handle
    self.handle_one_request()
  File "C:\Users\simip\AppData\Local\Programs\Python\Python39\lib\http\server.py", line 393, in handle_one_request
    self.raw_requestline = self.rfile.readline(65537)
  File "C:\Users\simip\AppData\Local\Programs\Python\Python39\lib\socket.py", line 704, in readinto
    return self._sock.recv_into(b)
ConnectionResetError: [WinError 10054] An existing connection was forcibly closed by the remote host
----------------------------------------
----------------------------------------
Exception occurred during processing of request from ('127.0.0.1', 54108)
----------------------------------------
Exception occurred during processing of request from ('127.0.0.1', 51831)
----------------------------------------
----------------------------------------
----------------------------------------
----------------------------------------
Exception occurred during processing of request from ('127.0.0.1', 59357)
Exception occurred during processing of request from ('127.0.0.1', 50762)
Exception occurred during processing of request from ('127.0.0.1', 52155)
Exception occurred during processing of request from ('127.0.0.1', 51604)
Traceback (most recent call last):
  File "C:\Users\simip\AppData\Local\Programs\Python\Python39\lib\socketserver.py", line 683, in process_request_thread
    self.finish_request(request, client_address)
  File "C:\Users\simip\AppData\Local\Programs\Python\Python39\lib\socketserver.py", line 360, in finish_request
    self.RequestHandlerClass(request, client_address, self)
  File "C:\Users\simip\AppData\Local\Programs\Python\Python39\lib\http\server.py", line 651, in __init__
    super().__init__(*args, **kwargs)
  File "C:\Users\simip\AppData\Local\Programs\Python\Python39\lib\socketserver.py", line 747, in __init__
    self.handle()
  File "C:\Users\simip\AppData\Local\Programs\Python\Python39\lib\http\server.py", line 427, in handle
    self.handle_one_request()
  File "C:\Users\simip\AppData\Local\Programs\Python\Python39\lib\http\server.py", line 393, in handle_one_request
    self.raw_requestline = self.rfile.readline(65537)
  File "C:\Users\simip\AppData\Local\Programs\Python\Python39\lib\socket.py", line 704, in readinto
    return self._sock.recv_into(b)
ConnectionResetError: [WinError 10054] An existing connection was forcibly closed by the remote host
----------------------------------------
Traceback (most recent call last):
  File "C:\Users\simip\AppData\Local\Programs\Python\Python39\lib\socketserver.py", line 683, in process_request_thread
    self.finish_request(request, client_address)
  File "C:\Users\simip\AppData\Local\Programs\Python\Python39\lib\socketserver.py", line 360, in finish_request
    self.RequestHandlerClass(request, client_address, self)
  File "C:\Users\simip\AppData\Local\Programs\Python\Python39\lib\http\server.py", line 651, in __init__
    super().__init__(*args, **kwargs)
  File "C:\Users\simip\AppData\Local\Programs\Python\Python39\lib\socketserver.py", line 747, in __init__
    self.handle()
  File "C:\Users\simip\AppData\Local\Programs\Python\Python39\lib\http\server.py", line 427, in handle
    self.handle_one_request()
  File "C:\Users\simip\AppData\Local\Programs\Python\Python39\lib\http\server.py", line 393, in handle_one_request
    self.raw_requestline = self.rfile.readline(65537)
  File "C:\Users\simip\AppData\Local\Programs\Python\Python39\lib\socket.py", line 704, in readinto
    return self._sock.recv_into(b)
ConnectionResetError: [WinError 10054] An existing connection was forcibly closed by the remote host
----------------------------------------
Traceback (most recent call last):
  File "C:\Users\simip\AppData\Local\Programs\Python\Python39\lib\socketserver.py", line 683, in process_request_thread
    self.finish_request(request, client_address)
  File "C:\Users\simip\AppData\Local\Programs\Python\Python39\lib\socketserver.py", line 360, in finish_request
    self.RequestHandlerClass(request, client_address, self)
  File "C:\Users\simip\AppData\Local\Programs\Python\Python39\lib\http\server.py", line 651, in __init__
    super().__init__(*args, **kwargs)
  File "C:\Users\simip\AppData\Local\Programs\Python\Python39\lib\socketserver.py", line 747, in __init__
    self.handle()
Traceback (most recent call last):
Traceback (most recent call last):
  File "C:\Users\simip\AppData\Local\Programs\Python\Python39\lib\socketserver.py", line 683, in process_request_thread
    self.finish_request(request, client_address)
  File "C:\Users\simip\AppData\Local\Programs\Python\Python39\lib\socketserver.py", line 360, in finish_request
    self.RequestHandlerClass(request, client_address, self)
  File "C:\Users\simip\AppData\Local\Programs\Python\Python39\lib\socketserver.py", line 683, in process_request_thread
    self.finish_request(request, client_address)
  File "C:\Users\simip\AppData\Local\Programs\Python\Python39\lib\http\server.py", line 651, in __init__
    super().__init__(*args, **kwargs)
  File "C:\Users\simip\AppData\Local\Programs\Python\Python39\lib\http\server.py", line 427, in handle
    self.handle_one_request()
Traceback (most recent call last):
  File "C:\Users\simip\AppData\Local\Programs\Python\Python39\lib\socketserver.py", line 360, in finish_request
    self.RequestHandlerClass(request, client_address, self)
  File "C:\Users\simip\AppData\Local\Programs\Python\Python39\lib\http\server.py", line 651, in __init__
    super().__init__(*args, **kwargs)
  File "C:\Users\simip\AppData\Local\Programs\Python\Python39\lib\http\server.py", line 393, in handle_one_request
    self.raw_requestline = self.rfile.readline(65537)
  File "C:\Users\simip\AppData\Local\Programs\Python\Python39\lib\socket.py", line 704, in readinto
    return self._sock.recv_into(b)
  File "C:\Users\simip\AppData\Local\Programs\Python\Python39\lib\socketserver.py", line 747, in __init__
    self.handle()
  File "C:\Users\simip\AppData\Local\Programs\Python\Python39\lib\http\server.py", line 427, in handle
    self.handle_one_request()
  File "C:\Users\simip\AppData\Local\Programs\Python\Python39\lib\socketserver.py", line 747, in __init__
    self.handle()
ConnectionResetError: [WinError 10054] An existing connection was forcibly closed by the remote host
  File "C:\Users\simip\AppData\Local\Programs\Python\Python39\lib\socketserver.py", line 683, in process_request_thread
    self.finish_request(request, client_address)
  File "C:\Users\simip\AppData\Local\Programs\Python\Python39\lib\socketserver.py", line 360, in finish_request
    self.RequestHandlerClass(request, client_address, self)
  File "C:\Users\simip\AppData\Local\Programs\Python\Python39\lib\http\server.py", line 651, in __init__
    super().__init__(*args, **kwargs)
----------------------------------------
  File "C:\Users\simip\AppData\Local\Programs\Python\Python39\lib\socketserver.py", line 747, in __init__
    self.handle()
  File "C:\Users\simip\AppData\Local\Programs\Python\Python39\lib\http\server.py", line 393, in handle_one_request
    self.raw_requestline = self.rfile.readline(65537)
  File "C:\Users\simip\AppData\Local\Programs\Python\Python39\lib\socket.py", line 704, in readinto
    return self._sock.recv_into(b)
  File "C:\Users\simip\AppData\Local\Programs\Python\Python39\lib\http\server.py", line 427, in handle
    self.handle_one_request()
  File "C:\Users\simip\AppData\Local\Programs\Python\Python39\lib\http\server.py", line 393, in handle_one_request
    self.raw_requestline = self.rfile.readline(65537)
  File "C:\Users\simip\AppData\Local\Programs\Python\Python39\lib\http\server.py", line 427, in handle
    self.handle_one_request()
  File "C:\Users\simip\AppData\Local\Programs\Python\Python39\lib\http\server.py", line 393, in handle_one_request
    self.raw_requestline = self.rfile.readline(65537)
  File "C:\Users\simip\AppData\Local\Programs\Python\Python39\lib\socket.py", line 704, in readinto
    return self._sock.recv_into(b)
  File "C:\Users\simip\AppData\Local\Programs\Python\Python39\lib\socket.py", line 704, in readinto
    return self._sock.recv_into(b)
ConnectionResetError: [WinError 10054] An existing connection was forcibly closed by the remote host
ConnectionResetError: [WinError 10054] An existing connection was forcibly closed by the remote host
----------------------------------------
----------------------------------------
ConnectionResetError: [WinError 10054] An existing connection was forcibly closed by the remote host
----------------------------------------
----------------------------------------
Exception occurred during processing of request from ('127.0.0.1', 50832)
----------------------------------------
Exception occurred during processing of request from ('127.0.0.1', 60683)
----------------------------------------
Exception occurred during processing of request from ('127.0.0.1', 62634)
Traceback (most recent call last):
  File "C:\Users\simip\AppData\Local\Programs\Python\Python39\lib\socketserver.py", line 683, in process_request_thread
    self.finish_request(request, client_address)
  File "C:\Users\simip\AppData\Local\Programs\Python\Python39\lib\socketserver.py", line 360, in finish_request
    self.RequestHandlerClass(request, client_address, self)
  File "C:\Users\simip\AppData\Local\Programs\Python\Python39\lib\http\server.py", line 651, in __init__
    super().__init__(*args, **kwargs)
  File "C:\Users\simip\AppData\Local\Programs\Python\Python39\lib\socketserver.py", line 747, in __init__
    self.handle()
----------------------------------------
Traceback (most recent call last):
  File "C:\Users\simip\AppData\Local\Programs\Python\Python39\lib\http\server.py", line 427, in handle
    self.handle_one_request()
----------------------------------------
----------------------------------------
  File "C:\Users\simip\AppData\Local\Programs\Python\Python39\lib\socketserver.py", line 683, in process_request_thread
    self.finish_request(request, client_address)
  File "C:\Users\simip\AppData\Local\Programs\Python\Python39\lib\socketserver.py", line 360, in finish_request
    self.RequestHandlerClass(request, client_address, self)
  File "C:\Users\simip\AppData\Local\Programs\Python\Python39\lib\http\server.py", line 393, in handle_one_request
    self.raw_requestline = self.rfile.readline(65537)
Exception occurred during processing of request from ('127.0.0.1', 56107)
Exception occurred during processing of request from ('127.0.0.1', 49283)
  File "C:\Users\simip\AppData\Local\Programs\Python\Python39\lib\socket.py", line 704, in readinto
    return self._sock.recv_into(b)
Exception occurred during processing of request from ('127.0.0.1', 53545)
  File "C:\Users\simip\AppData\Local\Programs\Python\Python39\lib\http\server.py", line 651, in __init__
    super().__init__(*args, **kwargs)
Traceback (most recent call last):
  File "C:\Users\simip\AppData\Local\Programs\Python\Python39\lib\socketserver.py", line 747, in __init__
    self.handle()
  File "C:\Users\simip\AppData\Local\Programs\Python\Python39\lib\http\server.py", line 427, in handle
    self.handle_one_request()
  File "C:\Users\simip\AppData\Local\Programs\Python\Python39\lib\http\server.py", line 393, in handle_one_request
    self.raw_requestline = self.rfile.readline(65537)
  File "C:\Users\simip\AppData\Local\Programs\Python\Python39\lib\socket.py", line 704, in readinto
    return self._sock.recv_into(b)
ConnectionResetError: [WinError 10054] An existing connection was forcibly closed by the remote host
  File "C:\Users\simip\AppData\Local\Programs\Python\Python39\lib\socketserver.py", line 683, in process_request_thread
    self.finish_request(request, client_address)
ConnectionResetError: [WinError 10054] An existing connection was forcibly closed by the remote host
----------------------------------------
  File "C:\Users\simip\AppData\Local\Programs\Python\Python39\lib\socketserver.py", line 360, in finish_request
    self.RequestHandlerClass(request, client_address, self)
  File "C:\Users\simip\AppData\Local\Programs\Python\Python39\lib\http\server.py", line 651, in __init__
    super().__init__(*args, **kwargs)
----------------------------------------
  File "C:\Users\simip\AppData\Local\Programs\Python\Python39\lib\socketserver.py", line 747, in __init__
    self.handle()
  File "C:\Users\simip\AppData\Local\Programs\Python\Python39\lib\http\server.py", line 427, in handle
    self.handle_one_request()
  File "C:\Users\simip\AppData\Local\Programs\Python\Python39\lib\http\server.py", line 393, in handle_one_request
    self.raw_requestline = self.rfile.readline(65537)
Traceback (most recent call last):
  File "C:\Users\simip\AppData\Local\Programs\Python\Python39\lib\socket.py", line 704, in readinto
    return self._sock.recv_into(b)
ConnectionResetError: [WinError 10054] An existing connection was forcibly closed by the remote host
Traceback (most recent call last):
  File "C:\Users\simip\AppData\Local\Programs\Python\Python39\lib\socketserver.py", line 683, in process_request_thread
    self.finish_request(request, client_address)
  File "C:\Users\simip\AppData\Local\Programs\Python\Python39\lib\socketserver.py", line 360, in finish_request
    self.RequestHandlerClass(request, client_address, self)
  File "C:\Users\simip\AppData\Local\Programs\Python\Python39\lib\socketserver.py", line 683, in process_request_thread
    self.finish_request(request, client_address)
Traceback (most recent call last):
  File "C:\Users\simip\AppData\Local\Programs\Python\Python39\lib\http\server.py", line 651, in __init__
    super().__init__(*args, **kwargs)
  File "C:\Users\simip\AppData\Local\Programs\Python\Python39\lib\socketserver.py", line 360, in finish_request
    self.RequestHandlerClass(request, client_address, self)
----------------------------------------
  File "C:\Users\simip\AppData\Local\Programs\Python\Python39\lib\http\server.py", line 651, in __init__
    super().__init__(*args, **kwargs)
  File "C:\Users\simip\AppData\Local\Programs\Python\Python39\lib\socketserver.py", line 747, in __init__
    self.handle()
  File "C:\Users\simip\AppData\Local\Programs\Python\Python39\lib\http\server.py", line 427, in handle
    self.handle_one_request()
  File "C:\Users\simip\AppData\Local\Programs\Python\Python39\lib\socketserver.py", line 747, in __init__
    self.handle()
  File "C:\Users\simip\AppData\Local\Programs\Python\Python39\lib\socketserver.py", line 683, in process_request_thread
    self.finish_request(request, client_address)
  File "C:\Users\simip\AppData\Local\Programs\Python\Python39\lib\http\server.py", line 427, in handle
    self.handle_one_request()
  File "C:\Users\simip\AppData\Local\Programs\Python\Python39\lib\http\server.py", line 393, in handle_one_request
    self.raw_requestline = self.rfile.readline(65537)
  File "C:\Users\simip\AppData\Local\Programs\Python\Python39\lib\socket.py", line 704, in readinto
    return self._sock.recv_into(b)
  File "C:\Users\simip\AppData\Local\Programs\Python\Python39\lib\http\server.py", line 393, in handle_one_request
    self.raw_requestline = self.rfile.readline(65537)
  File "C:\Users\simip\AppData\Local\Programs\Python\Python39\lib\socket.py", line 704, in readinto
    return self._sock.recv_into(b)
  File "C:\Users\simip\AppData\Local\Programs\Python\Python39\lib\socketserver.py", line 360, in finish_request
    self.RequestHandlerClass(request, client_address, self)
ConnectionResetError: [WinError 10054] An existing connection was forcibly closed by the remote host
----------------------------------------
  File "C:\Users\simip\AppData\Local\Programs\Python\Python39\lib\http\server.py", line 651, in __init__
    super().__init__(*args, **kwargs)
  File "C:\Users\simip\AppData\Local\Programs\Python\Python39\lib\socketserver.py", line 747, in __init__
    self.handle()
  File "C:\Users\simip\AppData\Local\Programs\Python\Python39\lib\http\server.py", line 427, in handle
    self.handle_one_request()
ConnectionResetError: [WinError 10054] An existing connection was forcibly closed by the remote host
----------------------------------------
  File "C:\Users\simip\AppData\Local\Programs\Python\Python39\lib\http\server.py", line 393, in handle_one_request
    self.raw_requestline = self.rfile.readline(65537)
  File "C:\Users\simip\AppData\Local\Programs\Python\Python39\lib\socket.py", line 704, in readinto
    return self._sock.recv_into(b)
ConnectionResetError: [WinError 10054] An existing connection was forcibly closed by the remote host
----------------------------------------
----------------------------------------
Exception occurred during processing of request from ('127.0.0.1', 54482)
Traceback (most recent call last):
  File "C:\Users\simip\AppData\Local\Programs\Python\Python39\lib\socketserver.py", line 683, in process_request_thread
    self.finish_request(request, client_address)
  File "C:\Users\simip\AppData\Local\Programs\Python\Python39\lib\socketserver.py", line 360, in finish_request
    self.RequestHandlerClass(request, client_address, self)
  File "C:\Users\simip\AppData\Local\Programs\Python\Python39\lib\http\server.py", line 651, in __init__
    super().__init__(*args, **kwargs)
  File "C:\Users\simip\AppData\Local\Programs\Python\Python39\lib\socketserver.py", line 747, in __init__
    self.handle()
  File "C:\Users\simip\AppData\Local\Programs\Python\Python39\lib\http\server.py", line 427, in handle
    self.handle_one_request()
  File "C:\Users\simip\AppData\Local\Programs\Python\Python39\lib\http\server.py", line 393, in handle_one_request
    self.raw_requestline = self.rfile.readline(65537)
  File "C:\Users\simip\AppData\Local\Programs\Python\Python39\lib\socket.py", line 704, in readinto
    return self._sock.recv_into(b)
ConnectionResetError: [WinError 10054] An existing connection was forcibly closed by the remote host
----------------------------------------
----------------------------------------
Exception occurred during processing of request from ('127.0.0.1', 49836)
Traceback (most recent call last):
  File "C:\Users\simip\AppData\Local\Programs\Python\Python39\lib\socketserver.py", line 683, in process_request_thread
    self.finish_request(request, client_address)
  File "C:\Users\simip\AppData\Local\Programs\Python\Python39\lib\socketserver.py", line 360, in finish_request
    self.RequestHandlerClass(request, client_address, self)
  File "C:\Users\simip\AppData\Local\Programs\Python\Python39\lib\http\server.py", line 651, in __init__
    super().__init__(*args, **kwargs)
  File "C:\Users\simip\AppData\Local\Programs\Python\Python39\lib\socketserver.py", line 747, in __init__
    self.handle()
  File "C:\Users\simip\AppData\Local\Programs\Python\Python39\lib\http\server.py", line 427, in handle
    self.handle_one_request()
  File "C:\Users\simip\AppData\Local\Programs\Python\Python39\lib\http\server.py", line 393, in handle_one_request
    self.raw_requestline = self.rfile.readline(65537)
  File "C:\Users\simip\AppData\Local\Programs\Python\Python39\lib\socket.py", line 704, in readinto
    return self._sock.recv_into(b)
ConnectionResetError: [WinError 10054] An existing connection was forcibly closed by the remote host
----------------------------------------
----------------------------------------
Exception occurred during processing of request from ('127.0.0.1', 54681)
----------------------------------------
----------------------------------------
Exception occurred during processing of request from ('127.0.0.1', 55484)
Exception occurred during processing of request from ('127.0.0.1', 51505)
----------------------------------------
Exception occurred during processing of request from ('127.0.0.1', 58494)
Traceback (most recent call last):
  File "C:\Users\simip\AppData\Local\Programs\Python\Python39\lib\socketserver.py", line 683, in process_request_thread
    self.finish_request(request, client_address)
  File "C:\Users\simip\AppData\Local\Programs\Python\Python39\lib\socketserver.py", line 360, in finish_request
    self.RequestHandlerClass(request, client_address, self)
  File "C:\Users\simip\AppData\Local\Programs\Python\Python39\lib\http\server.py", line 651, in __init__
    super().__init__(*args, **kwargs)
  File "C:\Users\simip\AppData\Local\Programs\Python\Python39\lib\socketserver.py", line 747, in __init__
    self.handle()
  File "C:\Users\simip\AppData\Local\Programs\Python\Python39\lib\http\server.py", line 427, in handle
    self.handle_one_request()
  File "C:\Users\simip\AppData\Local\Programs\Python\Python39\lib\http\server.py", line 393, in handle_one_request
    self.raw_requestline = self.rfile.readline(65537)
  File "C:\Users\simip\AppData\Local\Programs\Python\Python39\lib\socket.py", line 704, in readinto
    return self._sock.recv_into(b)
ConnectionResetError: [WinError 10054] An existing connection was forcibly closed by the remote host
----------------------------------------
Traceback (most recent call last):
Traceback (most recent call last):
Traceback (most recent call last):
  File "C:\Users\simip\AppData\Local\Programs\Python\Python39\lib\socketserver.py", line 683, in process_request_thread
    self.finish_request(request, client_address)
  File "C:\Users\simip\AppData\Local\Programs\Python\Python39\lib\socketserver.py", line 683, in process_request_thread
    self.finish_request(request, client_address)
  File "C:\Users\simip\AppData\Local\Programs\Python\Python39\lib\socketserver.py", line 360, in finish_request
    self.RequestHandlerClass(request, client_address, self)
  File "C:\Users\simip\AppData\Local\Programs\Python\Python39\lib\socketserver.py", line 360, in finish_request
    self.RequestHandlerClass(request, client_address, self)
  File "C:\Users\simip\AppData\Local\Programs\Python\Python39\lib\http\server.py", line 651, in __init__
    super().__init__(*args, **kwargs)
  File "C:\Users\simip\AppData\Local\Programs\Python\Python39\lib\socketserver.py", line 747, in __init__
    self.handle()
  File "C:\Users\simip\AppData\Local\Programs\Python\Python39\lib\http\server.py", line 651, in __init__
    super().__init__(*args, **kwargs)
  File "C:\Users\simip\AppData\Local\Programs\Python\Python39\lib\socketserver.py", line 683, in process_request_thread
    self.finish_request(request, client_address)
  File "C:\Users\simip\AppData\Local\Programs\Python\Python39\lib\socketserver.py", line 747, in __init__
    self.handle()
  File "C:\Users\simip\AppData\Local\Programs\Python\Python39\lib\socketserver.py", line 360, in finish_request
    self.RequestHandlerClass(request, client_address, self)
  File "C:\Users\simip\AppData\Local\Programs\Python\Python39\lib\http\server.py", line 427, in handle
    self.handle_one_request()
  File "C:\Users\simip\AppData\Local\Programs\Python\Python39\lib\http\server.py", line 651, in __init__
    super().__init__(*args, **kwargs)
  File "C:\Users\simip\AppData\Local\Programs\Python\Python39\lib\http\server.py", line 393, in handle_one_request
    self.raw_requestline = self.rfile.readline(65537)
  File "C:\Users\simip\AppData\Local\Programs\Python\Python39\lib\socketserver.py", line 747, in __init__
    self.handle()
  File "C:\Users\simip\AppData\Local\Programs\Python\Python39\lib\http\server.py", line 427, in handle
    self.handle_one_request()
  File "C:\Users\simip\AppData\Local\Programs\Python\Python39\lib\socket.py", line 704, in readinto
    return self._sock.recv_into(b)
ConnectionResetError: [WinError 10054] An existing connection was forcibly closed by the remote host
  File "C:\Users\simip\AppData\Local\Programs\Python\Python39\lib\http\server.py", line 393, in handle_one_request
    self.raw_requestline = self.rfile.readline(65537)
  File "C:\Users\simip\AppData\Local\Programs\Python\Python39\lib\socket.py", line 704, in readinto
    return self._sock.recv_into(b)
  File "C:\Users\simip\AppData\Local\Programs\Python\Python39\lib\http\server.py", line 427, in handle
    self.handle_one_request()
ConnectionResetError: [WinError 10054] An existing connection was forcibly closed by the remote host
  File "C:\Users\simip\AppData\Local\Programs\Python\Python39\lib\http\server.py", line 393, in handle_one_request
    self.raw_requestline = self.rfile.readline(65537)
----------------------------------------
  File "C:\Users\simip\AppData\Local\Programs\Python\Python39\lib\socket.py", line 704, in readinto
    return self._sock.recv_into(b)
ConnectionResetError: [WinError 10054] An existing connection was forcibly closed by the remote host
----------------------------------------
----------------------------------------
----------------------------------------
Exception occurred during processing of request from ('127.0.0.1', 55299)
----------------------------------------
Exception occurred during processing of request from ('127.0.0.1', 54073)
Traceback (most recent call last):
  File "C:\Users\simip\AppData\Local\Programs\Python\Python39\lib\socketserver.py", line 683, in process_request_thread
    self.finish_request(request, client_address)
  File "C:\Users\simip\AppData\Local\Programs\Python\Python39\lib\socketserver.py", line 360, in finish_request
    self.RequestHandlerClass(request, client_address, self)
  File "C:\Users\simip\AppData\Local\Programs\Python\Python39\lib\http\server.py", line 651, in __init__
    super().__init__(*args, **kwargs)
  File "C:\Users\simip\AppData\Local\Programs\Python\Python39\lib\socketserver.py", line 747, in __init__
    self.handle()
  File "C:\Users\simip\AppData\Local\Programs\Python\Python39\lib\http\server.py", line 427, in handle
    self.handle_one_request()
  File "C:\Users\simip\AppData\Local\Programs\Python\Python39\lib\http\server.py", line 393, in handle_one_request
    self.raw_requestline = self.rfile.readline(65537)
  File "C:\Users\simip\AppData\Local\Programs\Python\Python39\lib\socket.py", line 704, in readinto
    return self._sock.recv_into(b)
ConnectionResetError: [WinError 10054] An existing connection was forcibly closed by the remote host
----------------------------------------
Traceback (most recent call last):
  File "C:\Users\simip\AppData\Local\Programs\Python\Python39\lib\socketserver.py", line 683, in process_request_thread
    self.finish_request(request, client_address)
  File "C:\Users\simip\AppData\Local\Programs\Python\Python39\lib\socketserver.py", line 360, in finish_request
    self.RequestHandlerClass(request, client_address, self)
  File "C:\Users\simip\AppData\Local\Programs\Python\Python39\lib\http\server.py", line 651, in __init__
    super().__init__(*args, **kwargs)
  File "C:\Users\simip\AppData\Local\Programs\Python\Python39\lib\socketserver.py", line 747, in __init__
    self.handle()
  File "C:\Users\simip\AppData\Local\Programs\Python\Python39\lib\http\server.py", line 427, in handle
    self.handle_one_request()
  File "C:\Users\simip\AppData\Local\Programs\Python\Python39\lib\http\server.py", line 393, in handle_one_request
    self.raw_requestline = self.rfile.readline(65537)
  File "C:\Users\simip\AppData\Local\Programs\Python\Python39\lib\socket.py", line 704, in readinto
    return self._sock.recv_into(b)
ConnectionResetError: [WinError 10054] An existing connection was forcibly closed by the remote host
----------------------------------------
----------------------------------------
Exception occurred during processing of request from ('127.0.0.1', 54696)
----------------------------------------
Exception occurred during processing of request from ('127.0.0.1', 58824)
----------------------------------------
Exception occurred during processing of request from ('127.0.0.1', 52452)
----------------------------------------
Exception occurred during processing of request from ('127.0.0.1', 64233)
Traceback (most recent call last):
  File "C:\Users\simip\AppData\Local\Programs\Python\Python39\lib\socketserver.py", line 683, in process_request_thread
    self.finish_request(request, client_address)
  File "C:\Users\simip\AppData\Local\Programs\Python\Python39\lib\socketserver.py", line 360, in finish_request
    self.RequestHandlerClass(request, client_address, self)
  File "C:\Users\simip\AppData\Local\Programs\Python\Python39\lib\http\server.py", line 651, in __init__
    super().__init__(*args, **kwargs)
  File "C:\Users\simip\AppData\Local\Programs\Python\Python39\lib\socketserver.py", line 747, in __init__
    self.handle()
  File "C:\Users\simip\AppData\Local\Programs\Python\Python39\lib\http\server.py", line 427, in handle
    self.handle_one_request()
  File "C:\Users\simip\AppData\Local\Programs\Python\Python39\lib\http\server.py", line 393, in handle_one_request
    self.raw_requestline = self.rfile.readline(65537)
  File "C:\Users\simip\AppData\Local\Programs\Python\Python39\lib\socket.py", line 704, in readinto
    return self._sock.recv_into(b)
ConnectionResetError: [WinError 10054] An existing connection was forcibly closed by the remote host
----------------------------------------
Traceback (most recent call last):
  File "C:\Users\simip\AppData\Local\Programs\Python\Python39\lib\socketserver.py", line 683, in process_request_thread
    self.finish_request(request, client_address)
  File "C:\Users\simip\AppData\Local\Programs\Python\Python39\lib\socketserver.py", line 360, in finish_request
    self.RequestHandlerClass(request, client_address, self)
  File "C:\Users\simip\AppData\Local\Programs\Python\Python39\lib\http\server.py", line 651, in __init__
    super().__init__(*args, **kwargs)
  File "C:\Users\simip\AppData\Local\Programs\Python\Python39\lib\socketserver.py", line 747, in __init__
    self.handle()
  File "C:\Users\simip\AppData\Local\Programs\Python\Python39\lib\http\server.py", line 427, in handle
    self.handle_one_request()
  File "C:\Users\simip\AppData\Local\Programs\Python\Python39\lib\http\server.py", line 393, in handle_one_request
    self.raw_requestline = self.rfile.readline(65537)
  File "C:\Users\simip\AppData\Local\Programs\Python\Python39\lib\socket.py", line 704, in readinto
    return self._sock.recv_into(b)
ConnectionResetError: [WinError 10054] An existing connection was forcibly closed by the remote host
----------------------------------------
Traceback (most recent call last):
  File "C:\Users\simip\AppData\Local\Programs\Python\Python39\lib\socketserver.py", line 683, in process_request_thread
    self.finish_request(request, client_address)
  File "C:\Users\simip\AppData\Local\Programs\Python\Python39\lib\socketserver.py", line 360, in finish_request
    self.RequestHandlerClass(request, client_address, self)
  File "C:\Users\simip\AppData\Local\Programs\Python\Python39\lib\http\server.py", line 651, in __init__
    super().__init__(*args, **kwargs)
  File "C:\Users\simip\AppData\Local\Programs\Python\Python39\lib\socketserver.py", line 747, in __init__
    self.handle()
  File "C:\Users\simip\AppData\Local\Programs\Python\Python39\lib\http\server.py", line 427, in handle
    self.handle_one_request()
  File "C:\Users\simip\AppData\Local\Programs\Python\Python39\lib\http\server.py", line 393, in handle_one_request
    self.raw_requestline = self.rfile.readline(65537)
  File "C:\Users\simip\AppData\Local\Programs\Python\Python39\lib\socket.py", line 704, in readinto
    return self._sock.recv_into(b)
ConnectionResetError: [WinError 10054] An existing connection was forcibly closed by the remote host
----------------------------------------
Traceback (most recent call last):
  File "C:\Users\simip\AppData\Local\Programs\Python\Python39\lib\socketserver.py", line 683, in process_request_thread
    self.finish_request(request, client_address)
  File "C:\Users\simip\AppData\Local\Programs\Python\Python39\lib\socketserver.py", line 360, in finish_request
    self.RequestHandlerClass(request, client_address, self)
  File "C:\Users\simip\AppData\Local\Programs\Python\Python39\lib\http\server.py", line 651, in __init__
    super().__init__(*args, **kwargs)
  File "C:\Users\simip\AppData\Local\Programs\Python\Python39\lib\socketserver.py", line 747, in __init__
    self.handle()
  File "C:\Users\simip\AppData\Local\Programs\Python\Python39\lib\http\server.py", line 427, in handle
    self.handle_one_request()
  File "C:\Users\simip\AppData\Local\Programs\Python\Python39\lib\http\server.py", line 393, in handle_one_request
    self.raw_requestline = self.rfile.readline(65537)
  File "C:\Users\simip\AppData\Local\Programs\Python\Python39\lib\socket.py", line 704, in readinto
    return self._sock.recv_into(b)
ConnectionResetError: [WinError 10054] An existing connection was forcibly closed by the remote host
----------------------------------------
----------------------------------------
Exception occurred during processing of request from ('127.0.0.1', 59875)
----------------------------------------
----------------------------------------
Exception occurred during processing of request from ('127.0.0.1', 63684)
----------------------------------------
Exception occurred during processing of request from ('127.0.0.1', 53225)
Exception occurred during processing of request from ('127.0.0.1', 52971)
----------------------------------------
----------------------------------------
Exception occurred during processing of request from ('127.0.0.1', 61935)
Exception occurred during processing of request from ('127.0.0.1', 63724)
Traceback (most recent call last):
  File "C:\Users\simip\AppData\Local\Programs\Python\Python39\lib\socketserver.py", line 683, in process_request_thread
    self.finish_request(request, client_address)
  File "C:\Users\simip\AppData\Local\Programs\Python\Python39\lib\socketserver.py", line 360, in finish_request
    self.RequestHandlerClass(request, client_address, self)
  File "C:\Users\simip\AppData\Local\Programs\Python\Python39\lib\http\server.py", line 651, in __init__
    super().__init__(*args, **kwargs)
  File "C:\Users\simip\AppData\Local\Programs\Python\Python39\lib\socketserver.py", line 747, in __init__
    self.handle()
  File "C:\Users\simip\AppData\Local\Programs\Python\Python39\lib\http\server.py", line 427, in handle
    self.handle_one_request()
  File "C:\Users\simip\AppData\Local\Programs\Python\Python39\lib\http\server.py", line 393, in handle_one_request
    self.raw_requestline = self.rfile.readline(65537)
  File "C:\Users\simip\AppData\Local\Programs\Python\Python39\lib\socket.py", line 704, in readinto
    return self._sock.recv_into(b)
ConnectionResetError: [WinError 10054] An existing connection was forcibly closed by the remote host
----------------------------------------
Traceback (most recent call last):
Traceback (most recent call last):
  File "C:\Users\simip\AppData\Local\Programs\Python\Python39\lib\socketserver.py", line 683, in process_request_thread
    self.finish_request(request, client_address)
  File "C:\Users\simip\AppData\Local\Programs\Python\Python39\lib\socketserver.py", line 683, in process_request_thread
    self.finish_request(request, client_address)
  File "C:\Users\simip\AppData\Local\Programs\Python\Python39\lib\socketserver.py", line 360, in finish_request
    self.RequestHandlerClass(request, client_address, self)
  File "C:\Users\simip\AppData\Local\Programs\Python\Python39\lib\socketserver.py", line 360, in finish_request
    self.RequestHandlerClass(request, client_address, self)
  File "C:\Users\simip\AppData\Local\Programs\Python\Python39\lib\http\server.py", line 651, in __init__
    super().__init__(*args, **kwargs)
  File "C:\Users\simip\AppData\Local\Programs\Python\Python39\lib\http\server.py", line 651, in __init__
    super().__init__(*args, **kwargs)
  File "C:\Users\simip\AppData\Local\Programs\Python\Python39\lib\socketserver.py", line 747, in __init__
    self.handle()
  File "C:\Users\simip\AppData\Local\Programs\Python\Python39\lib\http\server.py", line 427, in handle
    self.handle_one_request()
  File "C:\Users\simip\AppData\Local\Programs\Python\Python39\lib\http\server.py", line 393, in handle_one_request
    self.raw_requestline = self.rfile.readline(65537)
  File "C:\Users\simip\AppData\Local\Programs\Python\Python39\lib\socketserver.py", line 747, in __init__
    self.handle()
  File "C:\Users\simip\AppData\Local\Programs\Python\Python39\lib\http\server.py", line 427, in handle
    self.handle_one_request()
  File "C:\Users\simip\AppData\Local\Programs\Python\Python39\lib\http\server.py", line 393, in handle_one_request
    self.raw_requestline = self.rfile.readline(65537)
Traceback (most recent call last):
  File "C:\Users\simip\AppData\Local\Programs\Python\Python39\lib\socket.py", line 704, in readinto
    return self._sock.recv_into(b)
Traceback (most recent call last):
  File "C:\Users\simip\AppData\Local\Programs\Python\Python39\lib\socketserver.py", line 683, in process_request_thread
    self.finish_request(request, client_address)
Traceback (most recent call last):
  File "C:\Users\simip\AppData\Local\Programs\Python\Python39\lib\socket.py", line 704, in readinto
    return self._sock.recv_into(b)
  File "C:\Users\simip\AppData\Local\Programs\Python\Python39\lib\socketserver.py", line 360, in finish_request
    self.RequestHandlerClass(request, client_address, self)
  File "C:\Users\simip\AppData\Local\Programs\Python\Python39\lib\socketserver.py", line 683, in process_request_thread
    self.finish_request(request, client_address)
  File "C:\Users\simip\AppData\Local\Programs\Python\Python39\lib\socketserver.py", line 360, in finish_request
    self.RequestHandlerClass(request, client_address, self)
  File "C:\Users\simip\AppData\Local\Programs\Python\Python39\lib\socketserver.py", line 683, in process_request_thread
    self.finish_request(request, client_address)
  File "C:\Users\simip\AppData\Local\Programs\Python\Python39\lib\socketserver.py", line 360, in finish_request
    self.RequestHandlerClass(request, client_address, self)
  File "C:\Users\simip\AppData\Local\Programs\Python\Python39\lib\http\server.py", line 651, in __init__
    super().__init__(*args, **kwargs)
ConnectionResetError: [WinError 10054] An existing connection was forcibly closed by the remote host
  File "C:\Users\simip\AppData\Local\Programs\Python\Python39\lib\http\server.py", line 651, in __init__
    super().__init__(*args, **kwargs)
  File "C:\Users\simip\AppData\Local\Programs\Python\Python39\lib\socketserver.py", line 747, in __init__
    self.handle()
ConnectionResetError: [WinError 10054] An existing connection was forcibly closed by the remote host
  File "C:\Users\simip\AppData\Local\Programs\Python\Python39\lib\socketserver.py", line 747, in __init__
    self.handle()
  File "C:\Users\simip\AppData\Local\Programs\Python\Python39\lib\http\server.py", line 427, in handle
    self.handle_one_request()
----------------------------------------
  File "C:\Users\simip\AppData\Local\Programs\Python\Python39\lib\http\server.py", line 651, in __init__
    super().__init__(*args, **kwargs)
  File "C:\Users\simip\AppData\Local\Programs\Python\Python39\lib\http\server.py", line 393, in handle_one_request
    self.raw_requestline = self.rfile.readline(65537)
  File "C:\Users\simip\AppData\Local\Programs\Python\Python39\lib\http\server.py", line 427, in handle
    self.handle_one_request()
  File "C:\Users\simip\AppData\Local\Programs\Python\Python39\lib\socketserver.py", line 747, in __init__
    self.handle()
  File "C:\Users\simip\AppData\Local\Programs\Python\Python39\lib\socket.py", line 704, in readinto
    return self._sock.recv_into(b)
----------------------------------------
  File "C:\Users\simip\AppData\Local\Programs\Python\Python39\lib\http\server.py", line 393, in handle_one_request
    self.raw_requestline = self.rfile.readline(65537)
  File "C:\Users\simip\AppData\Local\Programs\Python\Python39\lib\http\server.py", line 427, in handle
    self.handle_one_request()
ConnectionResetError: [WinError 10054] An existing connection was forcibly closed by the remote host
----------------------------------------
  File "C:\Users\simip\AppData\Local\Programs\Python\Python39\lib\http\server.py", line 393, in handle_one_request
    self.raw_requestline = self.rfile.readline(65537)
  File "C:\Users\simip\AppData\Local\Programs\Python\Python39\lib\socket.py", line 704, in readinto
    return self._sock.recv_into(b)
  File "C:\Users\simip\AppData\Local\Programs\Python\Python39\lib\socket.py", line 704, in readinto
    return self._sock.recv_into(b)
ConnectionResetError: [WinError 10054] An existing connection was forcibly closed by the remote host
ConnectionResetError: [WinError 10054] An existing connection was forcibly closed by the remote host
----------------------------------------
----------------------------------------
----------------------------------------
Exception occurred during processing of request from ('127.0.0.1', 57899)
----------------------------------------
Exception occurred during processing of request from ('127.0.0.1', 59836)
----------------------------------------
----------------------------------------
----------------------------------------
Exception occurred during processing of request from ('127.0.0.1', 64359)
Exception occurred during processing of request from ('127.0.0.1', 64712)
----------------------------------------
Exception occurred during processing of request from ('127.0.0.1', 64351)
Exception occurred during processing of request from ('127.0.0.1', 61218)
Traceback (most recent call last):
  File "C:\Users\simip\AppData\Local\Programs\Python\Python39\lib\socketserver.py", line 683, in process_request_thread
    self.finish_request(request, client_address)
  File "C:\Users\simip\AppData\Local\Programs\Python\Python39\lib\socketserver.py", line 360, in finish_request
    self.RequestHandlerClass(request, client_address, self)
Traceback (most recent call last):
  File "C:\Users\simip\AppData\Local\Programs\Python\Python39\lib\http\server.py", line 651, in __init__
    super().__init__(*args, **kwargs)
  File "C:\Users\simip\AppData\Local\Programs\Python\Python39\lib\socketserver.py", line 683, in process_request_thread
    self.finish_request(request, client_address)
Traceback (most recent call last):
  File "C:\Users\simip\AppData\Local\Programs\Python\Python39\lib\socketserver.py", line 747, in __init__
    self.handle()
  File "C:\Users\simip\AppData\Local\Programs\Python\Python39\lib\http\server.py", line 427, in handle
    self.handle_one_request()
  File "C:\Users\simip\AppData\Local\Programs\Python\Python39\lib\http\server.py", line 393, in handle_one_request
    self.raw_requestline = self.rfile.readline(65537)
  File "C:\Users\simip\AppData\Local\Programs\Python\Python39\lib\socket.py", line 704, in readinto
    return self._sock.recv_into(b)
Traceback (most recent call last):
  File "C:\Users\simip\AppData\Local\Programs\Python\Python39\lib\socketserver.py", line 360, in finish_request
    self.RequestHandlerClass(request, client_address, self)
  File "C:\Users\simip\AppData\Local\Programs\Python\Python39\lib\http\server.py", line 651, in __init__
    super().__init__(*args, **kwargs)
  File "C:\Users\simip\AppData\Local\Programs\Python\Python39\lib\socketserver.py", line 747, in __init__
    self.handle()
  File "C:\Users\simip\AppData\Local\Programs\Python\Python39\lib\http\server.py", line 427, in handle
    self.handle_one_request()
Traceback (most recent call last):
ConnectionResetError: [WinError 10054] An existing connection was forcibly closed by the remote host
Traceback (most recent call last):
  File "C:\Users\simip\AppData\Local\Programs\Python\Python39\lib\socketserver.py", line 683, in process_request_thread
    self.finish_request(request, client_address)
  File "C:\Users\simip\AppData\Local\Programs\Python\Python39\lib\socketserver.py", line 360, in finish_request
    self.RequestHandlerClass(request, client_address, self)
  File "C:\Users\simip\AppData\Local\Programs\Python\Python39\lib\http\server.py", line 393, in handle_one_request
    self.raw_requestline = self.rfile.readline(65537)
----------------------------------------
  File "C:\Users\simip\AppData\Local\Programs\Python\Python39\lib\socketserver.py", line 683, in process_request_thread
    self.finish_request(request, client_address)
  File "C:\Users\simip\AppData\Local\Programs\Python\Python39\lib\http\server.py", line 651, in __init__
    super().__init__(*args, **kwargs)
  File "C:\Users\simip\AppData\Local\Programs\Python\Python39\lib\socketserver.py", line 683, in process_request_thread
    self.finish_request(request, client_address)
  File "C:\Users\simip\AppData\Local\Programs\Python\Python39\lib\socketserver.py", line 360, in finish_request
    self.RequestHandlerClass(request, client_address, self)
  File "C:\Users\simip\AppData\Local\Programs\Python\Python39\lib\socket.py", line 704, in readinto
    return self._sock.recv_into(b)
ConnectionResetError: [WinError 10054] An existing connection was forcibly closed by the remote host
----------------------------------------
  File "C:\Users\simip\AppData\Local\Programs\Python\Python39\lib\socketserver.py", line 683, in process_request_thread
    self.finish_request(request, client_address)
  File "C:\Users\simip\AppData\Local\Programs\Python\Python39\lib\socketserver.py", line 360, in finish_request
    self.RequestHandlerClass(request, client_address, self)
  File "C:\Users\simip\AppData\Local\Programs\Python\Python39\lib\http\server.py", line 651, in __init__
    super().__init__(*args, **kwargs)
  File "C:\Users\simip\AppData\Local\Programs\Python\Python39\lib\socketserver.py", line 747, in __init__
    self.handle()
  File "C:\Users\simip\AppData\Local\Programs\Python\Python39\lib\http\server.py", line 651, in __init__
    super().__init__(*args, **kwargs)
  File "C:\Users\simip\AppData\Local\Programs\Python\Python39\lib\socketserver.py", line 747, in __init__
    self.handle()
  File "C:\Users\simip\AppData\Local\Programs\Python\Python39\lib\http\server.py", line 427, in handle
    self.handle_one_request()
  File "C:\Users\simip\AppData\Local\Programs\Python\Python39\lib\http\server.py", line 393, in handle_one_request
    self.raw_requestline = self.rfile.readline(65537)
  File "C:\Users\simip\AppData\Local\Programs\Python\Python39\lib\socket.py", line 704, in readinto
    return self._sock.recv_into(b)
  File "C:\Users\simip\AppData\Local\Programs\Python\Python39\lib\socketserver.py", line 360, in finish_request
    self.RequestHandlerClass(request, client_address, self)
  File "C:\Users\simip\AppData\Local\Programs\Python\Python39\lib\http\server.py", line 427, in handle
    self.handle_one_request()
  File "C:\Users\simip\AppData\Local\Programs\Python\Python39\lib\http\server.py", line 393, in handle_one_request
    self.raw_requestline = self.rfile.readline(65537)
  File "C:\Users\simip\AppData\Local\Programs\Python\Python39\lib\http\server.py", line 651, in __init__
    super().__init__(*args, **kwargs)
  File "C:\Users\simip\AppData\Local\Programs\Python\Python39\lib\socket.py", line 704, in readinto
    return self._sock.recv_into(b)
ConnectionResetError: [WinError 10054] An existing connection was forcibly closed by the remote host
  File "C:\Users\simip\AppData\Local\Programs\Python\Python39\lib\socketserver.py", line 747, in __init__
    self.handle()
ConnectionResetError: [WinError 10054] An existing connection was forcibly closed by the remote host
----------------------------------------
  File "C:\Users\simip\AppData\Local\Programs\Python\Python39\lib\http\server.py", line 427, in handle
    self.handle_one_request()
  File "C:\Users\simip\AppData\Local\Programs\Python\Python39\lib\http\server.py", line 393, in handle_one_request
    self.raw_requestline = self.rfile.readline(65537)
  File "C:\Users\simip\AppData\Local\Programs\Python\Python39\lib\socketserver.py", line 747, in __init__
    self.handle()
----------------------------------------
  File "C:\Users\simip\AppData\Local\Programs\Python\Python39\lib\http\server.py", line 427, in handle
    self.handle_one_request()
  File "C:\Users\simip\AppData\Local\Programs\Python\Python39\lib\socket.py", line 704, in readinto
    return self._sock.recv_into(b)
  File "C:\Users\simip\AppData\Local\Programs\Python\Python39\lib\http\server.py", line 393, in handle_one_request
    self.raw_requestline = self.rfile.readline(65537)
ConnectionResetError: [WinError 10054] An existing connection was forcibly closed by the remote host
----------------------------------------
  File "C:\Users\simip\AppData\Local\Programs\Python\Python39\lib\socket.py", line 704, in readinto
    return self._sock.recv_into(b)
ConnectionResetError: [WinError 10054] An existing connection was forcibly closed by the remote host
----------------------------------------
----------------------------------------
Exception occurred during processing of request from ('127.0.0.1', 60041)
----------------------------------------
Exception occurred during processing of request from ('127.0.0.1', 53827)
----------------------------------------
Exception occurred during processing of request from ('127.0.0.1', 52527)
----------------------------------------
----------------------------------------
----------------------------------------
Exception occurred during processing of request from ('127.0.0.1', 53969)
Exception occurred during processing of request from ('127.0.0.1', 56843)
Exception occurred during processing of request from ('127.0.0.1', 53285)
Traceback (most recent call last):
  File "C:\Users\simip\AppData\Local\Programs\Python\Python39\lib\socketserver.py", line 683, in process_request_thread
    self.finish_request(request, client_address)
  File "C:\Users\simip\AppData\Local\Programs\Python\Python39\lib\socketserver.py", line 360, in finish_request
    self.RequestHandlerClass(request, client_address, self)
  File "C:\Users\simip\AppData\Local\Programs\Python\Python39\lib\http\server.py", line 651, in __init__
    super().__init__(*args, **kwargs)
  File "C:\Users\simip\AppData\Local\Programs\Python\Python39\lib\socketserver.py", line 747, in __init__
    self.handle()
Traceback (most recent call last):
  File "C:\Users\simip\AppData\Local\Programs\Python\Python39\lib\http\server.py", line 427, in handle
    self.handle_one_request()
  File "C:\Users\simip\AppData\Local\Programs\Python\Python39\lib\socketserver.py", line 683, in process_request_thread
    self.finish_request(request, client_address)
  File "C:\Users\simip\AppData\Local\Programs\Python\Python39\lib\http\server.py", line 393, in handle_one_request
    self.raw_requestline = self.rfile.readline(65537)
Traceback (most recent call last):
Traceback (most recent call last):
  File "C:\Users\simip\AppData\Local\Programs\Python\Python39\lib\socketserver.py", line 360, in finish_request
    self.RequestHandlerClass(request, client_address, self)
Traceback (most recent call last):
  File "C:\Users\simip\AppData\Local\Programs\Python\Python39\lib\socket.py", line 704, in readinto
    return self._sock.recv_into(b)
  File "C:\Users\simip\AppData\Local\Programs\Python\Python39\lib\socketserver.py", line 683, in process_request_thread
    self.finish_request(request, client_address)
  File "C:\Users\simip\AppData\Local\Programs\Python\Python39\lib\http\server.py", line 651, in __init__
    super().__init__(*args, **kwargs)
  File "C:\Users\simip\AppData\Local\Programs\Python\Python39\lib\socketserver.py", line 683, in process_request_thread
    self.finish_request(request, client_address)
  File "C:\Users\simip\AppData\Local\Programs\Python\Python39\lib\socketserver.py", line 360, in finish_request
    self.RequestHandlerClass(request, client_address, self)
  File "C:\Users\simip\AppData\Local\Programs\Python\Python39\lib\http\server.py", line 651, in __init__
    super().__init__(*args, **kwargs)
  File "C:\Users\simip\AppData\Local\Programs\Python\Python39\lib\socketserver.py", line 747, in __init__
    self.handle()
  File "C:\Users\simip\AppData\Local\Programs\Python\Python39\lib\http\server.py", line 427, in handle
    self.handle_one_request()
ConnectionResetError: [WinError 10054] An existing connection was forcibly closed by the remote host
  File "C:\Users\simip\AppData\Local\Programs\Python\Python39\lib\socketserver.py", line 360, in finish_request
    self.RequestHandlerClass(request, client_address, self)
  File "C:\Users\simip\AppData\Local\Programs\Python\Python39\lib\socketserver.py", line 747, in __init__
    self.handle()
  File "C:\Users\simip\AppData\Local\Programs\Python\Python39\lib\http\server.py", line 393, in handle_one_request
    self.raw_requestline = self.rfile.readline(65537)
  File "C:\Users\simip\AppData\Local\Programs\Python\Python39\lib\socket.py", line 704, in readinto
    return self._sock.recv_into(b)
  File "C:\Users\simip\AppData\Local\Programs\Python\Python39\lib\socketserver.py", line 683, in process_request_thread
    self.finish_request(request, client_address)
  File "C:\Users\simip\AppData\Local\Programs\Python\Python39\lib\http\server.py", line 427, in handle
    self.handle_one_request()
----------------------------------------
  File "C:\Users\simip\AppData\Local\Programs\Python\Python39\lib\socketserver.py", line 360, in finish_request
    self.RequestHandlerClass(request, client_address, self)
  File "C:\Users\simip\AppData\Local\Programs\Python\Python39\lib\http\server.py", line 651, in __init__
    super().__init__(*args, **kwargs)
  File "C:\Users\simip\AppData\Local\Programs\Python\Python39\lib\socketserver.py", line 747, in __init__
    self.handle()
  File "C:\Users\simip\AppData\Local\Programs\Python\Python39\lib\http\server.py", line 651, in __init__
    super().__init__(*args, **kwargs)
Traceback (most recent call last):
  File "C:\Users\simip\AppData\Local\Programs\Python\Python39\lib\http\server.py", line 393, in handle_one_request
    self.raw_requestline = self.rfile.readline(65537)
  File "C:\Users\simip\AppData\Local\Programs\Python\Python39\lib\socketserver.py", line 747, in __init__
    self.handle()
ConnectionResetError: [WinError 10054] An existing connection was forcibly closed by the remote host
  File "C:\Users\simip\AppData\Local\Programs\Python\Python39\lib\socket.py", line 704, in readinto
    return self._sock.recv_into(b)
  File "C:\Users\simip\AppData\Local\Programs\Python\Python39\lib\socketserver.py", line 683, in process_request_thread
    self.finish_request(request, client_address)
  File "C:\Users\simip\AppData\Local\Programs\Python\Python39\lib\http\server.py", line 427, in handle
    self.handle_one_request()
  File "C:\Users\simip\AppData\Local\Programs\Python\Python39\lib\http\server.py", line 393, in handle_one_request
    self.raw_requestline = self.rfile.readline(65537)
----------------------------------------
  File "C:\Users\simip\AppData\Local\Programs\Python\Python39\lib\socketserver.py", line 360, in finish_request
    self.RequestHandlerClass(request, client_address, self)
  File "C:\Users\simip\AppData\Local\Programs\Python\Python39\lib\http\server.py", line 651, in __init__
    super().__init__(*args, **kwargs)
  File "C:\Users\simip\AppData\Local\Programs\Python\Python39\lib\socket.py", line 704, in readinto
    return self._sock.recv_into(b)
  File "C:\Users\simip\AppData\Local\Programs\Python\Python39\lib\socketserver.py", line 747, in __init__
    self.handle()
  File "C:\Users\simip\AppData\Local\Programs\Python\Python39\lib\http\server.py", line 427, in handle
    self.handle_one_request()
ConnectionResetError: [WinError 10054] An existing connection was forcibly closed by the remote host
----------------------------------------
  File "C:\Users\simip\AppData\Local\Programs\Python\Python39\lib\http\server.py", line 427, in handle
    self.handle_one_request()
ConnectionResetError: [WinError 10054] An existing connection was forcibly closed by the remote host
  File "C:\Users\simip\AppData\Local\Programs\Python\Python39\lib\http\server.py", line 393, in handle_one_request
    self.raw_requestline = self.rfile.readline(65537)
----------------------------------------
  File "C:\Users\simip\AppData\Local\Programs\Python\Python39\lib\socket.py", line 704, in readinto
    return self._sock.recv_into(b)
  File "C:\Users\simip\AppData\Local\Programs\Python\Python39\lib\http\server.py", line 393, in handle_one_request
    self.raw_requestline = self.rfile.readline(65537)
ConnectionResetError: [WinError 10054] An existing connection was forcibly closed by the remote host
  File "C:\Users\simip\AppData\Local\Programs\Python\Python39\lib\socket.py", line 704, in readinto
    return self._sock.recv_into(b)
----------------------------------------
ConnectionResetError: [WinError 10054] An existing connection was forcibly closed by the remote host
----------------------------------------
----------------------------------------
Exception occurred during processing of request from ('127.0.0.1', 56610)
Traceback (most recent call last):
  File "C:\Users\simip\AppData\Local\Programs\Python\Python39\lib\socketserver.py", line 683, in process_request_thread
    self.finish_request(request, client_address)
  File "C:\Users\simip\AppData\Local\Programs\Python\Python39\lib\socketserver.py", line 360, in finish_request
    self.RequestHandlerClass(request, client_address, self)
  File "C:\Users\simip\AppData\Local\Programs\Python\Python39\lib\http\server.py", line 651, in __init__
    super().__init__(*args, **kwargs)
  File "C:\Users\simip\AppData\Local\Programs\Python\Python39\lib\socketserver.py", line 747, in __init__
    self.handle()
  File "C:\Users\simip\AppData\Local\Programs\Python\Python39\lib\http\server.py", line 427, in handle
    self.handle_one_request()
  File "C:\Users\simip\AppData\Local\Programs\Python\Python39\lib\http\server.py", line 393, in handle_one_request
    self.raw_requestline = self.rfile.readline(65537)
  File "C:\Users\simip\AppData\Local\Programs\Python\Python39\lib\socket.py", line 704, in readinto
    return self._sock.recv_into(b)
ConnectionResetError: [WinError 10054] An existing connection was forcibly closed by the remote host
----------------------------------------
----------------------------------------
Exception occurred during processing of request from ('127.0.0.1', 50635)
----------------------------------------
Exception occurred during processing of request from ('127.0.0.1', 59065)
----------------------------------------
----------------------------------------
Exception occurred during processing of request from ('127.0.0.1', 58076)
----------------------------------------
Exception occurred during processing of request from ('127.0.0.1', 60509)
Exception occurred during processing of request from ('127.0.0.1', 57798)
Traceback (most recent call last):
  File "C:\Users\simip\AppData\Local\Programs\Python\Python39\lib\socketserver.py", line 683, in process_request_thread
    self.finish_request(request, client_address)
  File "C:\Users\simip\AppData\Local\Programs\Python\Python39\lib\socketserver.py", line 360, in finish_request
    self.RequestHandlerClass(request, client_address, self)
  File "C:\Users\simip\AppData\Local\Programs\Python\Python39\lib\http\server.py", line 651, in __init__
    super().__init__(*args, **kwargs)
  File "C:\Users\simip\AppData\Local\Programs\Python\Python39\lib\socketserver.py", line 747, in __init__
    self.handle()
Traceback (most recent call last):
  File "C:\Users\simip\AppData\Local\Programs\Python\Python39\lib\http\server.py", line 427, in handle
    self.handle_one_request()
  File "C:\Users\simip\AppData\Local\Programs\Python\Python39\lib\http\server.py", line 393, in handle_one_request
    self.raw_requestline = self.rfile.readline(65537)
  File "C:\Users\simip\AppData\Local\Programs\Python\Python39\lib\socketserver.py", line 683, in process_request_thread
    self.finish_request(request, client_address)
  File "C:\Users\simip\AppData\Local\Programs\Python\Python39\lib\socketserver.py", line 360, in finish_request
    self.RequestHandlerClass(request, client_address, self)
  File "C:\Users\simip\AppData\Local\Programs\Python\Python39\lib\http\server.py", line 651, in __init__
    super().__init__(*args, **kwargs)
  File "C:\Users\simip\AppData\Local\Programs\Python\Python39\lib\socketserver.py", line 747, in __init__
    self.handle()
  File "C:\Users\simip\AppData\Local\Programs\Python\Python39\lib\http\server.py", line 427, in handle
    self.handle_one_request()
  File "C:\Users\simip\AppData\Local\Programs\Python\Python39\lib\http\server.py", line 393, in handle_one_request
    self.raw_requestline = self.rfile.readline(65537)
  File "C:\Users\simip\AppData\Local\Programs\Python\Python39\lib\socket.py", line 704, in readinto
    return self._sock.recv_into(b)
ConnectionResetError: [WinError 10054] An existing connection was forcibly closed by the remote host
  File "C:\Users\simip\AppData\Local\Programs\Python\Python39\lib\socket.py", line 704, in readinto
    return self._sock.recv_into(b)
----------------------------------------
ConnectionResetError: [WinError 10054] An existing connection was forcibly closed by the remote host
----------------------------------------
Traceback (most recent call last):
Traceback (most recent call last):
  File "C:\Users\simip\AppData\Local\Programs\Python\Python39\lib\socketserver.py", line 683, in process_request_thread
    self.finish_request(request, client_address)
  File "C:\Users\simip\AppData\Local\Programs\Python\Python39\lib\socketserver.py", line 360, in finish_request
    self.RequestHandlerClass(request, client_address, self)
  File "C:\Users\simip\AppData\Local\Programs\Python\Python39\lib\http\server.py", line 651, in __init__
    super().__init__(*args, **kwargs)
  File "C:\Users\simip\AppData\Local\Programs\Python\Python39\lib\socketserver.py", line 683, in process_request_thread
    self.finish_request(request, client_address)
  File "C:\Users\simip\AppData\Local\Programs\Python\Python39\lib\socketserver.py", line 360, in finish_request
    self.RequestHandlerClass(request, client_address, self)
  File "C:\Users\simip\AppData\Local\Programs\Python\Python39\lib\http\server.py", line 651, in __init__
    super().__init__(*args, **kwargs)
  File "C:\Users\simip\AppData\Local\Programs\Python\Python39\lib\socketserver.py", line 747, in __init__
    self.handle()
Traceback (most recent call last):
  File "C:\Users\simip\AppData\Local\Programs\Python\Python39\lib\socketserver.py", line 747, in __init__
    self.handle()
  File "C:\Users\simip\AppData\Local\Programs\Python\Python39\lib\http\server.py", line 427, in handle
    self.handle_one_request()
  File "C:\Users\simip\AppData\Local\Programs\Python\Python39\lib\http\server.py", line 393, in handle_one_request
    self.raw_requestline = self.rfile.readline(65537)
  File "C:\Users\simip\AppData\Local\Programs\Python\Python39\lib\socket.py", line 704, in readinto
    return self._sock.recv_into(b)
ConnectionResetError: [WinError 10054] An existing connection was forcibly closed by the remote host
  File "C:\Users\simip\AppData\Local\Programs\Python\Python39\lib\socketserver.py", line 683, in process_request_thread
    self.finish_request(request, client_address)
  File "C:\Users\simip\AppData\Local\Programs\Python\Python39\lib\socketserver.py", line 360, in finish_request
    self.RequestHandlerClass(request, client_address, self)
  File "C:\Users\simip\AppData\Local\Programs\Python\Python39\lib\http\server.py", line 651, in __init__
    super().__init__(*args, **kwargs)
  File "C:\Users\simip\AppData\Local\Programs\Python\Python39\lib\socketserver.py", line 747, in __init__
    self.handle()
  File "C:\Users\simip\AppData\Local\Programs\Python\Python39\lib\http\server.py", line 427, in handle
    self.handle_one_request()
  File "C:\Users\simip\AppData\Local\Programs\Python\Python39\lib\http\server.py", line 393, in handle_one_request
    self.raw_requestline = self.rfile.readline(65537)
  File "C:\Users\simip\AppData\Local\Programs\Python\Python39\lib\socket.py", line 704, in readinto
    return self._sock.recv_into(b)
ConnectionResetError: [WinError 10054] An existing connection was forcibly closed by the remote host
----------------------------------------
  File "C:\Users\simip\AppData\Local\Programs\Python\Python39\lib\http\server.py", line 427, in handle
    self.handle_one_request()
  File "C:\Users\simip\AppData\Local\Programs\Python\Python39\lib\http\server.py", line 393, in handle_one_request
    self.raw_requestline = self.rfile.readline(65537)
  File "C:\Users\simip\AppData\Local\Programs\Python\Python39\lib\socket.py", line 704, in readinto
    return self._sock.recv_into(b)
----------------------------------------
ConnectionResetError: [WinError 10054] An existing connection was forcibly closed by the remote host
----------------------------------------
----------------------------------------
Exception occurred during processing of request from ('127.0.0.1', 63670)
----------------------------------------
Exception occurred during processing of request from ('127.0.0.1', 54340)
----------------------------------------
Traceback (most recent call last):
Exception occurred during processing of request from ('127.0.0.1', 50868)
  File "C:\Users\simip\AppData\Local\Programs\Python\Python39\lib\socketserver.py", line 683, in process_request_thread
    self.finish_request(request, client_address)
----------------------------------------
  File "C:\Users\simip\AppData\Local\Programs\Python\Python39\lib\socketserver.py", line 360, in finish_request
    self.RequestHandlerClass(request, client_address, self)
----------------------------------------
----------------------------------------
Exception occurred during processing of request from ('127.0.0.1', 51875)
  File "C:\Users\simip\AppData\Local\Programs\Python\Python39\lib\http\server.py", line 651, in __init__
    super().__init__(*args, **kwargs)
Exception occurred during processing of request from ('127.0.0.1', 64897)
  File "C:\Users\simip\AppData\Local\Programs\Python\Python39\lib\socketserver.py", line 747, in __init__
    self.handle()
Exception occurred during processing of request from ('127.0.0.1', 49671)
  File "C:\Users\simip\AppData\Local\Programs\Python\Python39\lib\http\server.py", line 427, in handle
    self.handle_one_request()
Traceback (most recent call last):
  File "C:\Users\simip\AppData\Local\Programs\Python\Python39\lib\http\server.py", line 393, in handle_one_request
    self.raw_requestline = self.rfile.readline(65537)
  File "C:\Users\simip\AppData\Local\Programs\Python\Python39\lib\socketserver.py", line 683, in process_request_thread
    self.finish_request(request, client_address)
  File "C:\Users\simip\AppData\Local\Programs\Python\Python39\lib\socket.py", line 704, in readinto
    return self._sock.recv_into(b)
  File "C:\Users\simip\AppData\Local\Programs\Python\Python39\lib\socketserver.py", line 360, in finish_request
    self.RequestHandlerClass(request, client_address, self)
ConnectionResetError: [WinError 10054] An existing connection was forcibly closed by the remote host
  File "C:\Users\simip\AppData\Local\Programs\Python\Python39\lib\http\server.py", line 651, in __init__
    super().__init__(*args, **kwargs)
  File "C:\Users\simip\AppData\Local\Programs\Python\Python39\lib\socketserver.py", line 747, in __init__
    self.handle()
----------------------------------------
  File "C:\Users\simip\AppData\Local\Programs\Python\Python39\lib\http\server.py", line 427, in handle
    self.handle_one_request()
Traceback (most recent call last):
  File "C:\Users\simip\AppData\Local\Programs\Python\Python39\lib\http\server.py", line 393, in handle_one_request
    self.raw_requestline = self.rfile.readline(65537)
  File "C:\Users\simip\AppData\Local\Programs\Python\Python39\lib\socketserver.py", line 683, in process_request_thread
    self.finish_request(request, client_address)
Traceback (most recent call last):
Traceback (most recent call last):
  File "C:\Users\simip\AppData\Local\Programs\Python\Python39\lib\socket.py", line 704, in readinto
    return self._sock.recv_into(b)
  File "C:\Users\simip\AppData\Local\Programs\Python\Python39\lib\socketserver.py", line 360, in finish_request
    self.RequestHandlerClass(request, client_address, self)
  File "C:\Users\simip\AppData\Local\Programs\Python\Python39\lib\socketserver.py", line 683, in process_request_thread
    self.finish_request(request, client_address)
ConnectionResetError: [WinError 10054] An existing connection was forcibly closed by the remote host
  File "C:\Users\simip\AppData\Local\Programs\Python\Python39\lib\http\server.py", line 651, in __init__
    super().__init__(*args, **kwargs)
  File "C:\Users\simip\AppData\Local\Programs\Python\Python39\lib\socketserver.py", line 360, in finish_request
    self.RequestHandlerClass(request, client_address, self)
----------------------------------------
  File "C:\Users\simip\AppData\Local\Programs\Python\Python39\lib\socketserver.py", line 747, in __init__
    self.handle()
  File "C:\Users\simip\AppData\Local\Programs\Python\Python39\lib\http\server.py", line 651, in __init__
    super().__init__(*args, **kwargs)
  File "C:\Users\simip\AppData\Local\Programs\Python\Python39\lib\socketserver.py", line 683, in process_request_thread
    self.finish_request(request, client_address)
Traceback (most recent call last):
  File "C:\Users\simip\AppData\Local\Programs\Python\Python39\lib\http\server.py", line 427, in handle
    self.handle_one_request()
  File "C:\Users\simip\AppData\Local\Programs\Python\Python39\lib\socketserver.py", line 747, in __init__
    self.handle()
  File "C:\Users\simip\AppData\Local\Programs\Python\Python39\lib\socketserver.py", line 360, in finish_request
    self.RequestHandlerClass(request, client_address, self)
  File "C:\Users\simip\AppData\Local\Programs\Python\Python39\lib\socketserver.py", line 683, in process_request_thread
    self.finish_request(request, client_address)
  File "C:\Users\simip\AppData\Local\Programs\Python\Python39\lib\http\server.py", line 393, in handle_one_request
    self.raw_requestline = self.rfile.readline(65537)
  File "C:\Users\simip\AppData\Local\Programs\Python\Python39\lib\http\server.py", line 427, in handle
    self.handle_one_request()
  File "C:\Users\simip\AppData\Local\Programs\Python\Python39\lib\http\server.py", line 651, in __init__
    super().__init__(*args, **kwargs)
  File "C:\Users\simip\AppData\Local\Programs\Python\Python39\lib\socketserver.py", line 360, in finish_request
    self.RequestHandlerClass(request, client_address, self)
  File "C:\Users\simip\AppData\Local\Programs\Python\Python39\lib\socket.py", line 704, in readinto
    return self._sock.recv_into(b)
  File "C:\Users\simip\AppData\Local\Programs\Python\Python39\lib\http\server.py", line 393, in handle_one_request
    self.raw_requestline = self.rfile.readline(65537)
  File "C:\Users\simip\AppData\Local\Programs\Python\Python39\lib\socketserver.py", line 747, in __init__
    self.handle()
  File "C:\Users\simip\AppData\Local\Programs\Python\Python39\lib\http\server.py", line 651, in __init__
    super().__init__(*args, **kwargs)
  File "C:\Users\simip\AppData\Local\Programs\Python\Python39\lib\socket.py", line 704, in readinto
    return self._sock.recv_into(b)
ConnectionResetError: [WinError 10054] An existing connection was forcibly closed by the remote host
----------------------------------------
  File "C:\Users\simip\AppData\Local\Programs\Python\Python39\lib\socketserver.py", line 747, in __init__
    self.handle()
ConnectionResetError: [WinError 10054] An existing connection was forcibly closed by the remote host
  File "C:\Users\simip\AppData\Local\Programs\Python\Python39\lib\http\server.py", line 427, in handle
    self.handle_one_request()
----------------------------------------
  File "C:\Users\simip\AppData\Local\Programs\Python\Python39\lib\http\server.py", line 393, in handle_one_request
    self.raw_requestline = self.rfile.readline(65537)
  File "C:\Users\simip\AppData\Local\Programs\Python\Python39\lib\http\server.py", line 427, in handle
    self.handle_one_request()
  File "C:\Users\simip\AppData\Local\Programs\Python\Python39\lib\socket.py", line 704, in readinto
    return self._sock.recv_into(b)
  File "C:\Users\simip\AppData\Local\Programs\Python\Python39\lib\http\server.py", line 393, in handle_one_request
    self.raw_requestline = self.rfile.readline(65537)
ConnectionResetError: [WinError 10054] An existing connection was forcibly closed by the remote host
----------------------------------------
  File "C:\Users\simip\AppData\Local\Programs\Python\Python39\lib\socket.py", line 704, in readinto
    return self._sock.recv_into(b)
ConnectionResetError: [WinError 10054] An existing connection was forcibly closed by the remote host
----------------------------------------
----------------------------------------
Exception occurred during processing of request from ('127.0.0.1', 50284)
----------------------------------------
----------------------------------------
Traceback (most recent call last):
----------------------------------------
----------------------------------------
Exception occurred during processing of request from ('127.0.0.1', 54869)
----------------------------------------
Exception occurred during processing of request from ('127.0.0.1', 52971)
Exception occurred during processing of request from ('127.0.0.1', 49259)
Exception occurred during processing of request from ('127.0.0.1', 64099)
Exception occurred during processing of request from ('127.0.0.1', 64352)
  File "C:\Users\simip\AppData\Local\Programs\Python\Python39\lib\socketserver.py", line 683, in process_request_thread
    self.finish_request(request, client_address)
  File "C:\Users\simip\AppData\Local\Programs\Python\Python39\lib\socketserver.py", line 360, in finish_request
    self.RequestHandlerClass(request, client_address, self)
  File "C:\Users\simip\AppData\Local\Programs\Python\Python39\lib\http\server.py", line 651, in __init__
    super().__init__(*args, **kwargs)
  File "C:\Users\simip\AppData\Local\Programs\Python\Python39\lib\socketserver.py", line 747, in __init__
    self.handle()
  File "C:\Users\simip\AppData\Local\Programs\Python\Python39\lib\http\server.py", line 427, in handle
    self.handle_one_request()
  File "C:\Users\simip\AppData\Local\Programs\Python\Python39\lib\http\server.py", line 393, in handle_one_request
    self.raw_requestline = self.rfile.readline(65537)
  File "C:\Users\simip\AppData\Local\Programs\Python\Python39\lib\socket.py", line 704, in readinto
    return self._sock.recv_into(b)
ConnectionResetError: [WinError 10054] An existing connection was forcibly closed by the remote host
----------------------------------------
Traceback (most recent call last):
  File "C:\Users\simip\AppData\Local\Programs\Python\Python39\lib\socketserver.py", line 683, in process_request_thread
    self.finish_request(request, client_address)
  File "C:\Users\simip\AppData\Local\Programs\Python\Python39\lib\socketserver.py", line 360, in finish_request
    self.RequestHandlerClass(request, client_address, self)
  File "C:\Users\simip\AppData\Local\Programs\Python\Python39\lib\http\server.py", line 651, in __init__
    super().__init__(*args, **kwargs)
  File "C:\Users\simip\AppData\Local\Programs\Python\Python39\lib\socketserver.py", line 747, in __init__
    self.handle()
  File "C:\Users\simip\AppData\Local\Programs\Python\Python39\lib\http\server.py", line 427, in handle
    self.handle_one_request()
  File "C:\Users\simip\AppData\Local\Programs\Python\Python39\lib\http\server.py", line 393, in handle_one_request
    self.raw_requestline = self.rfile.readline(65537)
Traceback (most recent call last):
  File "C:\Users\simip\AppData\Local\Programs\Python\Python39\lib\socket.py", line 704, in readinto
    return self._sock.recv_into(b)
Traceback (most recent call last):
Traceback (most recent call last):
ConnectionResetError: [WinError 10054] An existing connection was forcibly closed by the remote host
  File "C:\Users\simip\AppData\Local\Programs\Python\Python39\lib\socketserver.py", line 683, in process_request_thread
    self.finish_request(request, client_address)
  File "C:\Users\simip\AppData\Local\Programs\Python\Python39\lib\socketserver.py", line 683, in process_request_thread
    self.finish_request(request, client_address)
----------------------------------------
  File "C:\Users\simip\AppData\Local\Programs\Python\Python39\lib\socketserver.py", line 360, in finish_request
    self.RequestHandlerClass(request, client_address, self)
  File "C:\Users\simip\AppData\Local\Programs\Python\Python39\lib\socketserver.py", line 360, in finish_request
    self.RequestHandlerClass(request, client_address, self)
Traceback (most recent call last):
  File "C:\Users\simip\AppData\Local\Programs\Python\Python39\lib\socketserver.py", line 683, in process_request_thread
    self.finish_request(request, client_address)
  File "C:\Users\simip\AppData\Local\Programs\Python\Python39\lib\socketserver.py", line 360, in finish_request
    self.RequestHandlerClass(request, client_address, self)
  File "C:\Users\simip\AppData\Local\Programs\Python\Python39\lib\http\server.py", line 651, in __init__
    super().__init__(*args, **kwargs)
  File "C:\Users\simip\AppData\Local\Programs\Python\Python39\lib\http\server.py", line 651, in __init__
    super().__init__(*args, **kwargs)
  File "C:\Users\simip\AppData\Local\Programs\Python\Python39\lib\socketserver.py", line 683, in process_request_thread
    self.finish_request(request, client_address)
  File "C:\Users\simip\AppData\Local\Programs\Python\Python39\lib\socketserver.py", line 747, in __init__
    self.handle()
  File "C:\Users\simip\AppData\Local\Programs\Python\Python39\lib\http\server.py", line 427, in handle
    self.handle_one_request()
  File "C:\Users\simip\AppData\Local\Programs\Python\Python39\lib\socketserver.py", line 360, in finish_request
    self.RequestHandlerClass(request, client_address, self)
  File "C:\Users\simip\AppData\Local\Programs\Python\Python39\lib\http\server.py", line 651, in __init__
    super().__init__(*args, **kwargs)
  File "C:\Users\simip\AppData\Local\Programs\Python\Python39\lib\http\server.py", line 393, in handle_one_request
    self.raw_requestline = self.rfile.readline(65537)
  File "C:\Users\simip\AppData\Local\Programs\Python\Python39\lib\http\server.py", line 651, in __init__
    super().__init__(*args, **kwargs)
  File "C:\Users\simip\AppData\Local\Programs\Python\Python39\lib\socketserver.py", line 747, in __init__
    self.handle()
  File "C:\Users\simip\AppData\Local\Programs\Python\Python39\lib\socket.py", line 704, in readinto
    return self._sock.recv_into(b)
  File "C:\Users\simip\AppData\Local\Programs\Python\Python39\lib\http\server.py", line 427, in handle
    self.handle_one_request()
  File "C:\Users\simip\AppData\Local\Programs\Python\Python39\lib\socketserver.py", line 747, in __init__
    self.handle()
  File "C:\Users\simip\AppData\Local\Programs\Python\Python39\lib\http\server.py", line 427, in handle
    self.handle_one_request()
  File "C:\Users\simip\AppData\Local\Programs\Python\Python39\lib\http\server.py", line 393, in handle_one_request
    self.raw_requestline = self.rfile.readline(65537)
ConnectionResetError: [WinError 10054] An existing connection was forcibly closed by the remote host
  File "C:\Users\simip\AppData\Local\Programs\Python\Python39\lib\socket.py", line 704, in readinto
    return self._sock.recv_into(b)
  File "C:\Users\simip\AppData\Local\Programs\Python\Python39\lib\socketserver.py", line 747, in __init__
    self.handle()
  File "C:\Users\simip\AppData\Local\Programs\Python\Python39\lib\http\server.py", line 393, in handle_one_request
    self.raw_requestline = self.rfile.readline(65537)
ConnectionResetError: [WinError 10054] An existing connection was forcibly closed by the remote host
  File "C:\Users\simip\AppData\Local\Programs\Python\Python39\lib\http\server.py", line 427, in handle
    self.handle_one_request()
----------------------------------------
----------------------------------------
  File "C:\Users\simip\AppData\Local\Programs\Python\Python39\lib\socket.py", line 704, in readinto
    return self._sock.recv_into(b)
  File "C:\Users\simip\AppData\Local\Programs\Python\Python39\lib\http\server.py", line 393, in handle_one_request
    self.raw_requestline = self.rfile.readline(65537)
ConnectionResetError: [WinError 10054] An existing connection was forcibly closed by the remote host
----------------------------------------
  File "C:\Users\simip\AppData\Local\Programs\Python\Python39\lib\socket.py", line 704, in readinto
    return self._sock.recv_into(b)
ConnectionResetError: [WinError 10054] An existing connection was forcibly closed by the remote host
----------------------------------------
----------------------------------------
Exception occurred during processing of request from ('127.0.0.1', 49759)
----------------------------------------
Exception occurred during processing of request from ('127.0.0.1', 55881)
----------------------------------------
Exception occurred during processing of request from ('127.0.0.1', 54317)
Traceback (most recent call last):
----------------------------------------
  File "C:\Users\simip\AppData\Local\Programs\Python\Python39\lib\socketserver.py", line 683, in process_request_thread
    self.finish_request(request, client_address)
Exception occurred during processing of request from ('127.0.0.1', 61443)
  File "C:\Users\simip\AppData\Local\Programs\Python\Python39\lib\socketserver.py", line 360, in finish_request
    self.RequestHandlerClass(request, client_address, self)
----------------------------------------
Exception occurred during processing of request from ('127.0.0.1', 56699)
  File "C:\Users\simip\AppData\Local\Programs\Python\Python39\lib\http\server.py", line 651, in __init__
    super().__init__(*args, **kwargs)
----------------------------------------
  File "C:\Users\simip\AppData\Local\Programs\Python\Python39\lib\socketserver.py", line 747, in __init__
    self.handle()
Exception occurred during processing of request from ('127.0.0.1', 50458)
  File "C:\Users\simip\AppData\Local\Programs\Python\Python39\lib\http\server.py", line 427, in handle
    self.handle_one_request()
  File "C:\Users\simip\AppData\Local\Programs\Python\Python39\lib\http\server.py", line 393, in handle_one_request
    self.raw_requestline = self.rfile.readline(65537)
  File "C:\Users\simip\AppData\Local\Programs\Python\Python39\lib\socket.py", line 704, in readinto
    return self._sock.recv_into(b)
Traceback (most recent call last):
Traceback (most recent call last):
ConnectionResetError: [WinError 10054] An existing connection was forcibly closed by the remote host
  File "C:\Users\simip\AppData\Local\Programs\Python\Python39\lib\socketserver.py", line 683, in process_request_thread
    self.finish_request(request, client_address)
----------------------------------------
  File "C:\Users\simip\AppData\Local\Programs\Python\Python39\lib\socketserver.py", line 683, in process_request_thread
    self.finish_request(request, client_address)
Traceback (most recent call last):
  File "C:\Users\simip\AppData\Local\Programs\Python\Python39\lib\socketserver.py", line 360, in finish_request
    self.RequestHandlerClass(request, client_address, self)
  File "C:\Users\simip\AppData\Local\Programs\Python\Python39\lib\socketserver.py", line 360, in finish_request
    self.RequestHandlerClass(request, client_address, self)
  File "C:\Users\simip\AppData\Local\Programs\Python\Python39\lib\http\server.py", line 651, in __init__
    super().__init__(*args, **kwargs)
  File "C:\Users\simip\AppData\Local\Programs\Python\Python39\lib\socketserver.py", line 683, in process_request_thread
    self.finish_request(request, client_address)
  File "C:\Users\simip\AppData\Local\Programs\Python\Python39\lib\socketserver.py", line 360, in finish_request
    self.RequestHandlerClass(request, client_address, self)
  File "C:\Users\simip\AppData\Local\Programs\Python\Python39\lib\http\server.py", line 651, in __init__
    super().__init__(*args, **kwargs)
Traceback (most recent call last):
Traceback (most recent call last):
  File "C:\Users\simip\AppData\Local\Programs\Python\Python39\lib\http\server.py", line 651, in __init__
    super().__init__(*args, **kwargs)
  File "C:\Users\simip\AppData\Local\Programs\Python\Python39\lib\socketserver.py", line 747, in __init__
    self.handle()
  File "C:\Users\simip\AppData\Local\Programs\Python\Python39\lib\socketserver.py", line 683, in process_request_thread
    self.finish_request(request, client_address)
  File "C:\Users\simip\AppData\Local\Programs\Python\Python39\lib\socketserver.py", line 747, in __init__
    self.handle()
  File "C:\Users\simip\AppData\Local\Programs\Python\Python39\lib\http\server.py", line 427, in handle
    self.handle_one_request()
  File "C:\Users\simip\AppData\Local\Programs\Python\Python39\lib\socketserver.py", line 360, in finish_request
    self.RequestHandlerClass(request, client_address, self)
  File "C:\Users\simip\AppData\Local\Programs\Python\Python39\lib\http\server.py", line 427, in handle
    self.handle_one_request()
  File "C:\Users\simip\AppData\Local\Programs\Python\Python39\lib\socketserver.py", line 747, in __init__
    self.handle()
  File "C:\Users\simip\AppData\Local\Programs\Python\Python39\lib\http\server.py", line 651, in __init__
    super().__init__(*args, **kwargs)
  File "C:\Users\simip\AppData\Local\Programs\Python\Python39\lib\http\server.py", line 393, in handle_one_request
    self.raw_requestline = self.rfile.readline(65537)
  File "C:\Users\simip\AppData\Local\Programs\Python\Python39\lib\http\server.py", line 427, in handle
    self.handle_one_request()
  File "C:\Users\simip\AppData\Local\Programs\Python\Python39\lib\http\server.py", line 393, in handle_one_request
    self.raw_requestline = self.rfile.readline(65537)
  File "C:\Users\simip\AppData\Local\Programs\Python\Python39\lib\socket.py", line 704, in readinto
    return self._sock.recv_into(b)
  File "C:\Users\simip\AppData\Local\Programs\Python\Python39\lib\socketserver.py", line 683, in process_request_thread
    self.finish_request(request, client_address)
  File "C:\Users\simip\AppData\Local\Programs\Python\Python39\lib\socketserver.py", line 360, in finish_request
    self.RequestHandlerClass(request, client_address, self)
  File "C:\Users\simip\AppData\Local\Programs\Python\Python39\lib\http\server.py", line 651, in __init__
    super().__init__(*args, **kwargs)
  File "C:\Users\simip\AppData\Local\Programs\Python\Python39\lib\http\server.py", line 393, in handle_one_request
    self.raw_requestline = self.rfile.readline(65537)
  File "C:\Users\simip\AppData\Local\Programs\Python\Python39\lib\socket.py", line 704, in readinto
    return self._sock.recv_into(b)
ConnectionResetError: [WinError 10054] An existing connection was forcibly closed by the remote host
  File "C:\Users\simip\AppData\Local\Programs\Python\Python39\lib\socket.py", line 704, in readinto
    return self._sock.recv_into(b)
ConnectionResetError: [WinError 10054] An existing connection was forcibly closed by the remote host
  File "C:\Users\simip\AppData\Local\Programs\Python\Python39\lib\socketserver.py", line 747, in __init__
    self.handle()
  File "C:\Users\simip\AppData\Local\Programs\Python\Python39\lib\socketserver.py", line 747, in __init__
    self.handle()
----------------------------------------
ConnectionResetError: [WinError 10054] An existing connection was forcibly closed by the remote host
----------------------------------------
  File "C:\Users\simip\AppData\Local\Programs\Python\Python39\lib\http\server.py", line 427, in handle
    self.handle_one_request()
  File "C:\Users\simip\AppData\Local\Programs\Python\Python39\lib\http\server.py", line 393, in handle_one_request
    self.raw_requestline = self.rfile.readline(65537)
----------------------------------------
  File "C:\Users\simip\AppData\Local\Programs\Python\Python39\lib\socket.py", line 704, in readinto
    return self._sock.recv_into(b)
ConnectionResetError: [WinError 10054] An existing connection was forcibly closed by the remote host
  File "C:\Users\simip\AppData\Local\Programs\Python\Python39\lib\http\server.py", line 427, in handle
    self.handle_one_request()
  File "C:\Users\simip\AppData\Local\Programs\Python\Python39\lib\http\server.py", line 393, in handle_one_request
    self.raw_requestline = self.rfile.readline(65537)
----------------------------------------
  File "C:\Users\simip\AppData\Local\Programs\Python\Python39\lib\socket.py", line 704, in readinto
    return self._sock.recv_into(b)
ConnectionResetError: [WinError 10054] An existing connection was forcibly closed by the remote host
----------------------------------------
----------------------------------------
Exception occurred during processing of request from ('127.0.0.1', 59937)
----------------------------------------
Exception occurred during processing of request from ('127.0.0.1', 50546)
----------------------------------------
Exception occurred during processing of request from ('127.0.0.1', 49671)
----------------------------------------
Exception occurred during processing of request from ('127.0.0.1', 52213)
----------------------------------------
Exception occurred during processing of request from ('127.0.0.1', 63899)
----------------------------------------
Exception occurred during processing of request from ('127.0.0.1', 59848)
Traceback (most recent call last):
  File "C:\Users\simip\AppData\Local\Programs\Python\Python39\lib\socketserver.py", line 683, in process_request_thread
    self.finish_request(request, client_address)
  File "C:\Users\simip\AppData\Local\Programs\Python\Python39\lib\socketserver.py", line 360, in finish_request
    self.RequestHandlerClass(request, client_address, self)
  File "C:\Users\simip\AppData\Local\Programs\Python\Python39\lib\http\server.py", line 651, in __init__
    super().__init__(*args, **kwargs)
  File "C:\Users\simip\AppData\Local\Programs\Python\Python39\lib\socketserver.py", line 747, in __init__
    self.handle()
Traceback (most recent call last):
  File "C:\Users\simip\AppData\Local\Programs\Python\Python39\lib\http\server.py", line 427, in handle
    self.handle_one_request()
  File "C:\Users\simip\AppData\Local\Programs\Python\Python39\lib\socketserver.py", line 683, in process_request_thread
    self.finish_request(request, client_address)
Traceback (most recent call last):
Traceback (most recent call last):
  File "C:\Users\simip\AppData\Local\Programs\Python\Python39\lib\socketserver.py", line 360, in finish_request
    self.RequestHandlerClass(request, client_address, self)
  File "C:\Users\simip\AppData\Local\Programs\Python\Python39\lib\socketserver.py", line 683, in process_request_thread
    self.finish_request(request, client_address)
  File "C:\Users\simip\AppData\Local\Programs\Python\Python39\lib\socketserver.py", line 683, in process_request_thread
    self.finish_request(request, client_address)
  File "C:\Users\simip\AppData\Local\Programs\Python\Python39\lib\http\server.py", line 651, in __init__
    super().__init__(*args, **kwargs)
  File "C:\Users\simip\AppData\Local\Programs\Python\Python39\lib\socketserver.py", line 360, in finish_request
    self.RequestHandlerClass(request, client_address, self)
  File "C:\Users\simip\AppData\Local\Programs\Python\Python39\lib\http\server.py", line 393, in handle_one_request
    self.raw_requestline = self.rfile.readline(65537)
Traceback (most recent call last):
  File "C:\Users\simip\AppData\Local\Programs\Python\Python39\lib\http\server.py", line 651, in __init__
    super().__init__(*args, **kwargs)
  File "C:\Users\simip\AppData\Local\Programs\Python\Python39\lib\socketserver.py", line 360, in finish_request
    self.RequestHandlerClass(request, client_address, self)
  File "C:\Users\simip\AppData\Local\Programs\Python\Python39\lib\http\server.py", line 651, in __init__
    super().__init__(*args, **kwargs)
  File "C:\Users\simip\AppData\Local\Programs\Python\Python39\lib\socketserver.py", line 747, in __init__
    self.handle()
  File "C:\Users\simip\AppData\Local\Programs\Python\Python39\lib\socketserver.py", line 683, in process_request_thread
    self.finish_request(request, client_address)
  File "C:\Users\simip\AppData\Local\Programs\Python\Python39\lib\socket.py", line 704, in readinto
    return self._sock.recv_into(b)
  File "C:\Users\simip\AppData\Local\Programs\Python\Python39\lib\http\server.py", line 427, in handle
    self.handle_one_request()
  File "C:\Users\simip\AppData\Local\Programs\Python\Python39\lib\socketserver.py", line 747, in __init__
    self.handle()
Traceback (most recent call last):
  File "C:\Users\simip\AppData\Local\Programs\Python\Python39\lib\http\server.py", line 393, in handle_one_request
    self.raw_requestline = self.rfile.readline(65537)
  File "C:\Users\simip\AppData\Local\Programs\Python\Python39\lib\socketserver.py", line 360, in finish_request
    self.RequestHandlerClass(request, client_address, self)
ConnectionResetError: [WinError 10054] An existing connection was forcibly closed by the remote host
  File "C:\Users\simip\AppData\Local\Programs\Python\Python39\lib\socketserver.py", line 683, in process_request_thread
    self.finish_request(request, client_address)
  File "C:\Users\simip\AppData\Local\Programs\Python\Python39\lib\socketserver.py", line 360, in finish_request
    self.RequestHandlerClass(request, client_address, self)
  File "C:\Users\simip\AppData\Local\Programs\Python\Python39\lib\http\server.py", line 651, in __init__
    super().__init__(*args, **kwargs)
  File "C:\Users\simip\AppData\Local\Programs\Python\Python39\lib\socketserver.py", line 747, in __init__
    self.handle()
  File "C:\Users\simip\AppData\Local\Programs\Python\Python39\lib\http\server.py", line 427, in handle
    self.handle_one_request()
  File "C:\Users\simip\AppData\Local\Programs\Python\Python39\lib\socketserver.py", line 747, in __init__
    self.handle()
----------------------------------------
  File "C:\Users\simip\AppData\Local\Programs\Python\Python39\lib\http\server.py", line 393, in handle_one_request
    self.raw_requestline = self.rfile.readline(65537)
  File "C:\Users\simip\AppData\Local\Programs\Python\Python39\lib\http\server.py", line 427, in handle
    self.handle_one_request()
  File "C:\Users\simip\AppData\Local\Programs\Python\Python39\lib\http\server.py", line 651, in __init__
    super().__init__(*args, **kwargs)
  File "C:\Users\simip\AppData\Local\Programs\Python\Python39\lib\socketserver.py", line 747, in __init__
    self.handle()
  File "C:\Users\simip\AppData\Local\Programs\Python\Python39\lib\http\server.py", line 427, in handle
    self.handle_one_request()
  File "C:\Users\simip\AppData\Local\Programs\Python\Python39\lib\http\server.py", line 393, in handle_one_request
    self.raw_requestline = self.rfile.readline(65537)
  File "C:\Users\simip\AppData\Local\Programs\Python\Python39\lib\socket.py", line 704, in readinto
    return self._sock.recv_into(b)
  File "C:\Users\simip\AppData\Local\Programs\Python\Python39\lib\socket.py", line 704, in readinto
    return self._sock.recv_into(b)
  File "C:\Users\simip\AppData\Local\Programs\Python\Python39\lib\socket.py", line 704, in readinto
    return self._sock.recv_into(b)
  File "C:\Users\simip\AppData\Local\Programs\Python\Python39\lib\http\server.py", line 427, in handle
    self.handle_one_request()
ConnectionResetError: [WinError 10054] An existing connection was forcibly closed by the remote host
ConnectionResetError: [WinError 10054] An existing connection was forcibly closed by the remote host
  File "C:\Users\simip\AppData\Local\Programs\Python\Python39\lib\http\server.py", line 393, in handle_one_request
    self.raw_requestline = self.rfile.readline(65537)
  File "C:\Users\simip\AppData\Local\Programs\Python\Python39\lib\socket.py", line 704, in readinto
    return self._sock.recv_into(b)
  File "C:\Users\simip\AppData\Local\Programs\Python\Python39\lib\http\server.py", line 393, in handle_one_request
    self.raw_requestline = self.rfile.readline(65537)
----------------------------------------
----------------------------------------
ConnectionResetError: [WinError 10054] An existing connection was forcibly closed by the remote host
  File "C:\Users\simip\AppData\Local\Programs\Python\Python39\lib\socket.py", line 704, in readinto
    return self._sock.recv_into(b)
ConnectionResetError: [WinError 10054] An existing connection was forcibly closed by the remote host
----------------------------------------
ConnectionResetError: [WinError 10054] An existing connection was forcibly closed by the remote host
----------------------------------------
----------------------------------------
----------------------------------------
Exception occurred during processing of request from ('127.0.0.1', 56170)
----------------------------------------
Exception occurred during processing of request from ('127.0.0.1', 50618)
----------------------------------------
Exception occurred during processing of request from ('127.0.0.1', 60186)
----------------------------------------
Exception occurred during processing of request from ('127.0.0.1', 52557)
----------------------------------------
Exception occurred during processing of request from ('127.0.0.1', 61753)
----------------------------------------
Exception occurred during processing of request from ('127.0.0.1', 62721)
Traceback (most recent call last):
  File "C:\Users\simip\AppData\Local\Programs\Python\Python39\lib\socketserver.py", line 683, in process_request_thread
    self.finish_request(request, client_address)
  File "C:\Users\simip\AppData\Local\Programs\Python\Python39\lib\socketserver.py", line 360, in finish_request
    self.RequestHandlerClass(request, client_address, self)
  File "C:\Users\simip\AppData\Local\Programs\Python\Python39\lib\http\server.py", line 651, in __init__
    super().__init__(*args, **kwargs)
  File "C:\Users\simip\AppData\Local\Programs\Python\Python39\lib\socketserver.py", line 747, in __init__
    self.handle()
  File "C:\Users\simip\AppData\Local\Programs\Python\Python39\lib\http\server.py", line 427, in handle
    self.handle_one_request()
  File "C:\Users\simip\AppData\Local\Programs\Python\Python39\lib\http\server.py", line 393, in handle_one_request
    self.raw_requestline = self.rfile.readline(65537)
  File "C:\Users\simip\AppData\Local\Programs\Python\Python39\lib\socket.py", line 704, in readinto
    return self._sock.recv_into(b)
ConnectionResetError: [WinError 10054] An existing connection was forcibly closed by the remote host
----------------------------------------
Traceback (most recent call last):
  File "C:\Users\simip\AppData\Local\Programs\Python\Python39\lib\socketserver.py", line 683, in process_request_thread
    self.finish_request(request, client_address)
  File "C:\Users\simip\AppData\Local\Programs\Python\Python39\lib\socketserver.py", line 360, in finish_request
    self.RequestHandlerClass(request, client_address, self)
  File "C:\Users\simip\AppData\Local\Programs\Python\Python39\lib\http\server.py", line 651, in __init__
    super().__init__(*args, **kwargs)
  File "C:\Users\simip\AppData\Local\Programs\Python\Python39\lib\socketserver.py", line 747, in __init__
    self.handle()
  File "C:\Users\simip\AppData\Local\Programs\Python\Python39\lib\http\server.py", line 427, in handle
    self.handle_one_request()
  File "C:\Users\simip\AppData\Local\Programs\Python\Python39\lib\http\server.py", line 393, in handle_one_request
    self.raw_requestline = self.rfile.readline(65537)
  File "C:\Users\simip\AppData\Local\Programs\Python\Python39\lib\socket.py", line 704, in readinto
    return self._sock.recv_into(b)
ConnectionResetError: [WinError 10054] An existing connection was forcibly closed by the remote host
----------------------------------------
Traceback (most recent call last):
  File "C:\Users\simip\AppData\Local\Programs\Python\Python39\lib\socketserver.py", line 683, in process_request_thread
    self.finish_request(request, client_address)
  File "C:\Users\simip\AppData\Local\Programs\Python\Python39\lib\socketserver.py", line 360, in finish_request
    self.RequestHandlerClass(request, client_address, self)
  File "C:\Users\simip\AppData\Local\Programs\Python\Python39\lib\http\server.py", line 651, in __init__
    super().__init__(*args, **kwargs)
  File "C:\Users\simip\AppData\Local\Programs\Python\Python39\lib\socketserver.py", line 747, in __init__
    self.handle()
  File "C:\Users\simip\AppData\Local\Programs\Python\Python39\lib\http\server.py", line 427, in handle
    self.handle_one_request()
  File "C:\Users\simip\AppData\Local\Programs\Python\Python39\lib\http\server.py", line 393, in handle_one_request
    self.raw_requestline = self.rfile.readline(65537)
  File "C:\Users\simip\AppData\Local\Programs\Python\Python39\lib\socket.py", line 704, in readinto
    return self._sock.recv_into(b)
ConnectionResetError: [WinError 10054] An existing connection was forcibly closed by the remote host
----------------------------------------
Traceback (most recent call last):
  File "C:\Users\simip\AppData\Local\Programs\Python\Python39\lib\socketserver.py", line 683, in process_request_thread
    self.finish_request(request, client_address)
  File "C:\Users\simip\AppData\Local\Programs\Python\Python39\lib\socketserver.py", line 360, in finish_request
    self.RequestHandlerClass(request, client_address, self)
  File "C:\Users\simip\AppData\Local\Programs\Python\Python39\lib\http\server.py", line 651, in __init__
    super().__init__(*args, **kwargs)
  File "C:\Users\simip\AppData\Local\Programs\Python\Python39\lib\socketserver.py", line 747, in __init__
    self.handle()
  File "C:\Users\simip\AppData\Local\Programs\Python\Python39\lib\http\server.py", line 427, in handle
    self.handle_one_request()
Traceback (most recent call last):
Traceback (most recent call last):
  File "C:\Users\simip\AppData\Local\Programs\Python\Python39\lib\socketserver.py", line 683, in process_request_thread
    self.finish_request(request, client_address)
  File "C:\Users\simip\AppData\Local\Programs\Python\Python39\lib\http\server.py", line 393, in handle_one_request
    self.raw_requestline = self.rfile.readline(65537)
  File "C:\Users\simip\AppData\Local\Programs\Python\Python39\lib\socketserver.py", line 683, in process_request_thread
    self.finish_request(request, client_address)
  File "C:\Users\simip\AppData\Local\Programs\Python\Python39\lib\socket.py", line 704, in readinto
    return self._sock.recv_into(b)
  File "C:\Users\simip\AppData\Local\Programs\Python\Python39\lib\socketserver.py", line 360, in finish_request
    self.RequestHandlerClass(request, client_address, self)
  File "C:\Users\simip\AppData\Local\Programs\Python\Python39\lib\socketserver.py", line 360, in finish_request
    self.RequestHandlerClass(request, client_address, self)
  File "C:\Users\simip\AppData\Local\Programs\Python\Python39\lib\http\server.py", line 651, in __init__
    super().__init__(*args, **kwargs)
ConnectionResetError: [WinError 10054] An existing connection was forcibly closed by the remote host
  File "C:\Users\simip\AppData\Local\Programs\Python\Python39\lib\http\server.py", line 651, in __init__
    super().__init__(*args, **kwargs)
  File "C:\Users\simip\AppData\Local\Programs\Python\Python39\lib\socketserver.py", line 747, in __init__
    self.handle()
  File "C:\Users\simip\AppData\Local\Programs\Python\Python39\lib\socketserver.py", line 747, in __init__
    self.handle()
  File "C:\Users\simip\AppData\Local\Programs\Python\Python39\lib\http\server.py", line 427, in handle
    self.handle_one_request()
----------------------------------------
  File "C:\Users\simip\AppData\Local\Programs\Python\Python39\lib\http\server.py", line 393, in handle_one_request
    self.raw_requestline = self.rfile.readline(65537)
  File "C:\Users\simip\AppData\Local\Programs\Python\Python39\lib\socket.py", line 704, in readinto
    return self._sock.recv_into(b)
  File "C:\Users\simip\AppData\Local\Programs\Python\Python39\lib\http\server.py", line 427, in handle
    self.handle_one_request()
  File "C:\Users\simip\AppData\Local\Programs\Python\Python39\lib\http\server.py", line 393, in handle_one_request
    self.raw_requestline = self.rfile.readline(65537)
  File "C:\Users\simip\AppData\Local\Programs\Python\Python39\lib\socket.py", line 704, in readinto
    return self._sock.recv_into(b)
ConnectionResetError: [WinError 10054] An existing connection was forcibly closed by the remote host
ConnectionResetError: [WinError 10054] An existing connection was forcibly closed by the remote host
----------------------------------------
----------------------------------------
----------------------------------------
----------------------------------------
Exception occurred during processing of request from ('127.0.0.1', 59010)
----------------------------------------
Exception occurred during processing of request from ('127.0.0.1', 56989)
----------------------------------------
----------------------------------------
Exception occurred during processing of request from ('127.0.0.1', 59076)
Exception occurred during processing of request from ('127.0.0.1', 62324)
----------------------------------------
Exception occurred during processing of request from ('127.0.0.1', 56240)
Exception occurred during processing of request from ('127.0.0.1', 50678)
Traceback (most recent call last):
  File "C:\Users\simip\AppData\Local\Programs\Python\Python39\lib\socketserver.py", line 683, in process_request_thread
    self.finish_request(request, client_address)
  File "C:\Users\simip\AppData\Local\Programs\Python\Python39\lib\socketserver.py", line 360, in finish_request
    self.RequestHandlerClass(request, client_address, self)
  File "C:\Users\simip\AppData\Local\Programs\Python\Python39\lib\http\server.py", line 651, in __init__
    super().__init__(*args, **kwargs)
  File "C:\Users\simip\AppData\Local\Programs\Python\Python39\lib\socketserver.py", line 747, in __init__
    self.handle()
  File "C:\Users\simip\AppData\Local\Programs\Python\Python39\lib\http\server.py", line 427, in handle
    self.handle_one_request()
  File "C:\Users\simip\AppData\Local\Programs\Python\Python39\lib\http\server.py", line 393, in handle_one_request
    self.raw_requestline = self.rfile.readline(65537)
  File "C:\Users\simip\AppData\Local\Programs\Python\Python39\lib\socket.py", line 704, in readinto
    return self._sock.recv_into(b)
Traceback (most recent call last):
ConnectionResetError: [WinError 10054] An existing connection was forcibly closed by the remote host
  File "C:\Users\simip\AppData\Local\Programs\Python\Python39\lib\socketserver.py", line 683, in process_request_thread
    self.finish_request(request, client_address)
----------------------------------------
  File "C:\Users\simip\AppData\Local\Programs\Python\Python39\lib\socketserver.py", line 360, in finish_request
    self.RequestHandlerClass(request, client_address, self)
  File "C:\Users\simip\AppData\Local\Programs\Python\Python39\lib\http\server.py", line 651, in __init__
    super().__init__(*args, **kwargs)
Traceback (most recent call last):
  File "C:\Users\simip\AppData\Local\Programs\Python\Python39\lib\socketserver.py", line 747, in __init__
    self.handle()
  File "C:\Users\simip\AppData\Local\Programs\Python\Python39\lib\http\server.py", line 427, in handle
    self.handle_one_request()
  File "C:\Users\simip\AppData\Local\Programs\Python\Python39\lib\http\server.py", line 393, in handle_one_request
    self.raw_requestline = self.rfile.readline(65537)
  File "C:\Users\simip\AppData\Local\Programs\Python\Python39\lib\socket.py", line 704, in readinto
    return self._sock.recv_into(b)
Traceback (most recent call last):
  File "C:\Users\simip\AppData\Local\Programs\Python\Python39\lib\socketserver.py", line 683, in process_request_thread
    self.finish_request(request, client_address)
Traceback (most recent call last):
Traceback (most recent call last):
ConnectionResetError: [WinError 10054] An existing connection was forcibly closed by the remote host
  File "C:\Users\simip\AppData\Local\Programs\Python\Python39\lib\socketserver.py", line 683, in process_request_thread
    self.finish_request(request, client_address)
  File "C:\Users\simip\AppData\Local\Programs\Python\Python39\lib\socketserver.py", line 683, in process_request_thread
    self.finish_request(request, client_address)
----------------------------------------
  File "C:\Users\simip\AppData\Local\Programs\Python\Python39\lib\socketserver.py", line 683, in process_request_thread
    self.finish_request(request, client_address)
  File "C:\Users\simip\AppData\Local\Programs\Python\Python39\lib\socketserver.py", line 360, in finish_request
    self.RequestHandlerClass(request, client_address, self)
  File "C:\Users\simip\AppData\Local\Programs\Python\Python39\lib\socketserver.py", line 360, in finish_request
    self.RequestHandlerClass(request, client_address, self)
  File "C:\Users\simip\AppData\Local\Programs\Python\Python39\lib\socketserver.py", line 360, in finish_request
    self.RequestHandlerClass(request, client_address, self)
  File "C:\Users\simip\AppData\Local\Programs\Python\Python39\lib\socketserver.py", line 360, in finish_request
    self.RequestHandlerClass(request, client_address, self)
  File "C:\Users\simip\AppData\Local\Programs\Python\Python39\lib\http\server.py", line 651, in __init__
    super().__init__(*args, **kwargs)
  File "C:\Users\simip\AppData\Local\Programs\Python\Python39\lib\socketserver.py", line 747, in __init__
    self.handle()
  File "C:\Users\simip\AppData\Local\Programs\Python\Python39\lib\http\server.py", line 651, in __init__
    super().__init__(*args, **kwargs)
  File "C:\Users\simip\AppData\Local\Programs\Python\Python39\lib\http\server.py", line 651, in __init__
    super().__init__(*args, **kwargs)
  File "C:\Users\simip\AppData\Local\Programs\Python\Python39\lib\http\server.py", line 427, in handle
    self.handle_one_request()
  File "C:\Users\simip\AppData\Local\Programs\Python\Python39\lib\socketserver.py", line 747, in __init__
    self.handle()
  File "C:\Users\simip\AppData\Local\Programs\Python\Python39\lib\http\server.py", line 651, in __init__
    super().__init__(*args, **kwargs)
  File "C:\Users\simip\AppData\Local\Programs\Python\Python39\lib\socketserver.py", line 747, in __init__
    self.handle()
  File "C:\Users\simip\AppData\Local\Programs\Python\Python39\lib\http\server.py", line 393, in handle_one_request
    self.raw_requestline = self.rfile.readline(65537)
  File "C:\Users\simip\AppData\Local\Programs\Python\Python39\lib\socket.py", line 704, in readinto
    return self._sock.recv_into(b)
  File "C:\Users\simip\AppData\Local\Programs\Python\Python39\lib\http\server.py", line 427, in handle
    self.handle_one_request()
  File "C:\Users\simip\AppData\Local\Programs\Python\Python39\lib\http\server.py", line 427, in handle
    self.handle_one_request()
  File "C:\Users\simip\AppData\Local\Programs\Python\Python39\lib\socketserver.py", line 747, in __init__
    self.handle()
  File "C:\Users\simip\AppData\Local\Programs\Python\Python39\lib\http\server.py", line 427, in handle
    self.handle_one_request()
ConnectionResetError: [WinError 10054] An existing connection was forcibly closed by the remote host
----------------------------------------
  File "C:\Users\simip\AppData\Local\Programs\Python\Python39\lib\http\server.py", line 393, in handle_one_request
    self.raw_requestline = self.rfile.readline(65537)
  File "C:\Users\simip\AppData\Local\Programs\Python\Python39\lib\http\server.py", line 393, in handle_one_request
    self.raw_requestline = self.rfile.readline(65537)
  File "C:\Users\simip\AppData\Local\Programs\Python\Python39\lib\http\server.py", line 393, in handle_one_request
    self.raw_requestline = self.rfile.readline(65537)
  File "C:\Users\simip\AppData\Local\Programs\Python\Python39\lib\socket.py", line 704, in readinto
    return self._sock.recv_into(b)
ConnectionResetError: [WinError 10054] An existing connection was forcibly closed by the remote host
  File "C:\Users\simip\AppData\Local\Programs\Python\Python39\lib\socket.py", line 704, in readinto
    return self._sock.recv_into(b)
----------------------------------------
ConnectionResetError: [WinError 10054] An existing connection was forcibly closed by the remote host
----------------------------------------
  File "C:\Users\simip\AppData\Local\Programs\Python\Python39\lib\socket.py", line 704, in readinto
    return self._sock.recv_into(b)
ConnectionResetError: [WinError 10054] An existing connection was forcibly closed by the remote host
----------------------------------------
----------------------------------------
Exception occurred during processing of request from ('127.0.0.1', 54607)
----------------------------------------
Exception occurred during processing of request from ('127.0.0.1', 62409)
----------------------------------------
Exception occurred during processing of request from ('127.0.0.1', 50166)
----------------------------------------
----------------------------------------
----------------------------------------
Exception occurred during processing of request from ('127.0.0.1', 55652)
Exception occurred during processing of request from ('127.0.0.1', 59088)
Traceback (most recent call last):
  File "C:\Users\simip\AppData\Local\Programs\Python\Python39\lib\socketserver.py", line 683, in process_request_thread
    self.finish_request(request, client_address)
  File "C:\Users\simip\AppData\Local\Programs\Python\Python39\lib\socketserver.py", line 360, in finish_request
    self.RequestHandlerClass(request, client_address, self)
  File "C:\Users\simip\AppData\Local\Programs\Python\Python39\lib\http\server.py", line 651, in __init__
    super().__init__(*args, **kwargs)
  File "C:\Users\simip\AppData\Local\Programs\Python\Python39\lib\socketserver.py", line 747, in __init__
    self.handle()
  File "C:\Users\simip\AppData\Local\Programs\Python\Python39\lib\http\server.py", line 427, in handle
    self.handle_one_request()
  File "C:\Users\simip\AppData\Local\Programs\Python\Python39\lib\http\server.py", line 393, in handle_one_request
    self.raw_requestline = self.rfile.readline(65537)
  File "C:\Users\simip\AppData\Local\Programs\Python\Python39\lib\socket.py", line 704, in readinto
    return self._sock.recv_into(b)
ConnectionResetError: [WinError 10054] An existing connection was forcibly closed by the remote host
----------------------------------------
Exception occurred during processing of request from ('127.0.0.1', 58764)
Traceback (most recent call last):
Traceback (most recent call last):
  File "C:\Users\simip\AppData\Local\Programs\Python\Python39\lib\socketserver.py", line 683, in process_request_thread
    self.finish_request(request, client_address)
Traceback (most recent call last):
Traceback (most recent call last):
  File "C:\Users\simip\AppData\Local\Programs\Python\Python39\lib\socketserver.py", line 360, in finish_request
    self.RequestHandlerClass(request, client_address, self)
  File "C:\Users\simip\AppData\Local\Programs\Python\Python39\lib\socketserver.py", line 683, in process_request_thread
    self.finish_request(request, client_address)
  File "C:\Users\simip\AppData\Local\Programs\Python\Python39\lib\socketserver.py", line 683, in process_request_thread
    self.finish_request(request, client_address)
  File "C:\Users\simip\AppData\Local\Programs\Python\Python39\lib\socketserver.py", line 683, in process_request_thread
    self.finish_request(request, client_address)
  File "C:\Users\simip\AppData\Local\Programs\Python\Python39\lib\http\server.py", line 651, in __init__
    super().__init__(*args, **kwargs)
  File "C:\Users\simip\AppData\Local\Programs\Python\Python39\lib\socketserver.py", line 360, in finish_request
    self.RequestHandlerClass(request, client_address, self)
  File "C:\Users\simip\AppData\Local\Programs\Python\Python39\lib\socketserver.py", line 360, in finish_request
    self.RequestHandlerClass(request, client_address, self)
  File "C:\Users\simip\AppData\Local\Programs\Python\Python39\lib\http\server.py", line 651, in __init__
    super().__init__(*args, **kwargs)
  File "C:\Users\simip\AppData\Local\Programs\Python\Python39\lib\socketserver.py", line 747, in __init__
    self.handle()
  File "C:\Users\simip\AppData\Local\Programs\Python\Python39\lib\socketserver.py", line 360, in finish_request
    self.RequestHandlerClass(request, client_address, self)
  File "C:\Users\simip\AppData\Local\Programs\Python\Python39\lib\http\server.py", line 651, in __init__
    super().__init__(*args, **kwargs)
  File "C:\Users\simip\AppData\Local\Programs\Python\Python39\lib\http\server.py", line 427, in handle
    self.handle_one_request()
  File "C:\Users\simip\AppData\Local\Programs\Python\Python39\lib\http\server.py", line 651, in __init__
    super().__init__(*args, **kwargs)
  File "C:\Users\simip\AppData\Local\Programs\Python\Python39\lib\socketserver.py", line 747, in __init__
    self.handle()
  File "C:\Users\simip\AppData\Local\Programs\Python\Python39\lib\socketserver.py", line 747, in __init__
    self.handle()
Traceback (most recent call last):
  File "C:\Users\simip\AppData\Local\Programs\Python\Python39\lib\http\server.py", line 427, in handle
    self.handle_one_request()
  File "C:\Users\simip\AppData\Local\Programs\Python\Python39\lib\socketserver.py", line 747, in __init__
    self.handle()
  File "C:\Users\simip\AppData\Local\Programs\Python\Python39\lib\http\server.py", line 427, in handle
    self.handle_one_request()
  File "C:\Users\simip\AppData\Local\Programs\Python\Python39\lib\http\server.py", line 427, in handle
    self.handle_one_request()
  File "C:\Users\simip\AppData\Local\Programs\Python\Python39\lib\http\server.py", line 393, in handle_one_request
    self.raw_requestline = self.rfile.readline(65537)
  File "C:\Users\simip\AppData\Local\Programs\Python\Python39\lib\http\server.py", line 393, in handle_one_request
    self.raw_requestline = self.rfile.readline(65537)
  File "C:\Users\simip\AppData\Local\Programs\Python\Python39\lib\socket.py", line 704, in readinto
    return self._sock.recv_into(b)
ConnectionResetError: [WinError 10054] An existing connection was forcibly closed by the remote host
  File "C:\Users\simip\AppData\Local\Programs\Python\Python39\lib\socket.py", line 704, in readinto
    return self._sock.recv_into(b)
  File "C:\Users\simip\AppData\Local\Programs\Python\Python39\lib\socketserver.py", line 683, in process_request_thread
    self.finish_request(request, client_address)
  File "C:\Users\simip\AppData\Local\Programs\Python\Python39\lib\socketserver.py", line 360, in finish_request
    self.RequestHandlerClass(request, client_address, self)
  File "C:\Users\simip\AppData\Local\Programs\Python\Python39\lib\http\server.py", line 393, in handle_one_request
    self.raw_requestline = self.rfile.readline(65537)
  File "C:\Users\simip\AppData\Local\Programs\Python\Python39\lib\socket.py", line 704, in readinto
    return self._sock.recv_into(b)
ConnectionResetError: [WinError 10054] An existing connection was forcibly closed by the remote host
----------------------------------------
  File "C:\Users\simip\AppData\Local\Programs\Python\Python39\lib\http\server.py", line 393, in handle_one_request
    self.raw_requestline = self.rfile.readline(65537)
----------------------------------------
  File "C:\Users\simip\AppData\Local\Programs\Python\Python39\lib\socket.py", line 704, in readinto
    return self._sock.recv_into(b)
  File "C:\Users\simip\AppData\Local\Programs\Python\Python39\lib\http\server.py", line 651, in __init__
    super().__init__(*args, **kwargs)
  File "C:\Users\simip\AppData\Local\Programs\Python\Python39\lib\socketserver.py", line 747, in __init__
    self.handle()
ConnectionResetError: [WinError 10054] An existing connection was forcibly closed by the remote host
ConnectionResetError: [WinError 10054] An existing connection was forcibly closed by the remote host
----------------------------------------
----------------------------------------
  File "C:\Users\simip\AppData\Local\Programs\Python\Python39\lib\http\server.py", line 427, in handle
    self.handle_one_request()
  File "C:\Users\simip\AppData\Local\Programs\Python\Python39\lib\http\server.py", line 393, in handle_one_request
    self.raw_requestline = self.rfile.readline(65537)
  File "C:\Users\simip\AppData\Local\Programs\Python\Python39\lib\socket.py", line 704, in readinto
    return self._sock.recv_into(b)
ConnectionResetError: [WinError 10054] An existing connection was forcibly closed by the remote host
----------------------------------------
----------------------------------------
Exception occurred during processing of request from ('127.0.0.1', 51631)
Traceback (most recent call last):
  File "C:\Users\simip\AppData\Local\Programs\Python\Python39\lib\socketserver.py", line 683, in process_request_thread
    self.finish_request(request, client_address)
  File "C:\Users\simip\AppData\Local\Programs\Python\Python39\lib\socketserver.py", line 360, in finish_request
    self.RequestHandlerClass(request, client_address, self)
  File "C:\Users\simip\AppData\Local\Programs\Python\Python39\lib\http\server.py", line 651, in __init__
    super().__init__(*args, **kwargs)
  File "C:\Users\simip\AppData\Local\Programs\Python\Python39\lib\socketserver.py", line 747, in __init__
    self.handle()
  File "C:\Users\simip\AppData\Local\Programs\Python\Python39\lib\http\server.py", line 427, in handle
    self.handle_one_request()
  File "C:\Users\simip\AppData\Local\Programs\Python\Python39\lib\http\server.py", line 393, in handle_one_request
    self.raw_requestline = self.rfile.readline(65537)
  File "C:\Users\simip\AppData\Local\Programs\Python\Python39\lib\socket.py", line 704, in readinto
    return self._sock.recv_into(b)
ConnectionResetError: [WinError 10054] An existing connection was forcibly closed by the remote host
----------------------------------------
----------------------------------------
Exception occurred during processing of request from ('127.0.0.1', 57456)
Traceback (most recent call last):
  File "C:\Users\simip\AppData\Local\Programs\Python\Python39\lib\socketserver.py", line 683, in process_request_thread
    self.finish_request(request, client_address)
  File "C:\Users\simip\AppData\Local\Programs\Python\Python39\lib\socketserver.py", line 360, in finish_request
    self.RequestHandlerClass(request, client_address, self)
  File "C:\Users\simip\AppData\Local\Programs\Python\Python39\lib\http\server.py", line 651, in __init__
    super().__init__(*args, **kwargs)
  File "C:\Users\simip\AppData\Local\Programs\Python\Python39\lib\socketserver.py", line 747, in __init__
    self.handle()
  File "C:\Users\simip\AppData\Local\Programs\Python\Python39\lib\http\server.py", line 427, in handle
    self.handle_one_request()
  File "C:\Users\simip\AppData\Local\Programs\Python\Python39\lib\http\server.py", line 393, in handle_one_request
    self.raw_requestline = self.rfile.readline(65537)
  File "C:\Users\simip\AppData\Local\Programs\Python\Python39\lib\socket.py", line 704, in readinto
    return self._sock.recv_into(b)
ConnectionResetError: [WinError 10054] An existing connection was forcibly closed by the remote host
----------------------------------------
----------------------------------------
----------------------------------------
----------------------------------------
Exception occurred during processing of request from ('127.0.0.1', 53273)
Exception occurred during processing of request from ('127.0.0.1', 63284)
Exception occurred during processing of request from ('127.0.0.1', 58401)
----------------------------------------
Exception occurred during processing of request from ('127.0.0.1', 52953)
Traceback (most recent call last):
  File "C:\Users\simip\AppData\Local\Programs\Python\Python39\lib\socketserver.py", line 683, in process_request_thread
    self.finish_request(request, client_address)
  File "C:\Users\simip\AppData\Local\Programs\Python\Python39\lib\socketserver.py", line 360, in finish_request
    self.RequestHandlerClass(request, client_address, self)
Traceback (most recent call last):
  File "C:\Users\simip\AppData\Local\Programs\Python\Python39\lib\http\server.py", line 651, in __init__
    super().__init__(*args, **kwargs)
  File "C:\Users\simip\AppData\Local\Programs\Python\Python39\lib\socketserver.py", line 747, in __init__
    self.handle()
  File "C:\Users\simip\AppData\Local\Programs\Python\Python39\lib\socketserver.py", line 683, in process_request_thread
    self.finish_request(request, client_address)
  File "C:\Users\simip\AppData\Local\Programs\Python\Python39\lib\socketserver.py", line 360, in finish_request
    self.RequestHandlerClass(request, client_address, self)
  File "C:\Users\simip\AppData\Local\Programs\Python\Python39\lib\http\server.py", line 427, in handle
    self.handle_one_request()
  File "C:\Users\simip\AppData\Local\Programs\Python\Python39\lib\http\server.py", line 651, in __init__
    super().__init__(*args, **kwargs)
  File "C:\Users\simip\AppData\Local\Programs\Python\Python39\lib\http\server.py", line 393, in handle_one_request
    self.raw_requestline = self.rfile.readline(65537)
  File "C:\Users\simip\AppData\Local\Programs\Python\Python39\lib\socket.py", line 704, in readinto
    return self._sock.recv_into(b)
  File "C:\Users\simip\AppData\Local\Programs\Python\Python39\lib\socketserver.py", line 747, in __init__
    self.handle()
ConnectionResetError: [WinError 10054] An existing connection was forcibly closed by the remote host
  File "C:\Users\simip\AppData\Local\Programs\Python\Python39\lib\http\server.py", line 427, in handle
    self.handle_one_request()
----------------------------------------
Traceback (most recent call last):
  File "C:\Users\simip\AppData\Local\Programs\Python\Python39\lib\http\server.py", line 393, in handle_one_request
    self.raw_requestline = self.rfile.readline(65537)
  File "C:\Users\simip\AppData\Local\Programs\Python\Python39\lib\socket.py", line 704, in readinto
    return self._sock.recv_into(b)
ConnectionResetError: [WinError 10054] An existing connection was forcibly closed by the remote host
----------------------------------------
  File "C:\Users\simip\AppData\Local\Programs\Python\Python39\lib\socketserver.py", line 683, in process_request_thread
    self.finish_request(request, client_address)
  File "C:\Users\simip\AppData\Local\Programs\Python\Python39\lib\socketserver.py", line 360, in finish_request
    self.RequestHandlerClass(request, client_address, self)
  File "C:\Users\simip\AppData\Local\Programs\Python\Python39\lib\http\server.py", line 651, in __init__
    super().__init__(*args, **kwargs)
  File "C:\Users\simip\AppData\Local\Programs\Python\Python39\lib\socketserver.py", line 747, in __init__
    self.handle()
  File "C:\Users\simip\AppData\Local\Programs\Python\Python39\lib\http\server.py", line 427, in handle
    self.handle_one_request()
  File "C:\Users\simip\AppData\Local\Programs\Python\Python39\lib\http\server.py", line 393, in handle_one_request
    self.raw_requestline = self.rfile.readline(65537)
  File "C:\Users\simip\AppData\Local\Programs\Python\Python39\lib\socket.py", line 704, in readinto
    return self._sock.recv_into(b)
ConnectionResetError: [WinError 10054] An existing connection was forcibly closed by the remote host
----------------------------------------
Traceback (most recent call last):
  File "C:\Users\simip\AppData\Local\Programs\Python\Python39\lib\socketserver.py", line 683, in process_request_thread
    self.finish_request(request, client_address)
  File "C:\Users\simip\AppData\Local\Programs\Python\Python39\lib\socketserver.py", line 360, in finish_request
    self.RequestHandlerClass(request, client_address, self)
  File "C:\Users\simip\AppData\Local\Programs\Python\Python39\lib\http\server.py", line 651, in __init__
    super().__init__(*args, **kwargs)
  File "C:\Users\simip\AppData\Local\Programs\Python\Python39\lib\socketserver.py", line 747, in __init__
    self.handle()
  File "C:\Users\simip\AppData\Local\Programs\Python\Python39\lib\http\server.py", line 427, in handle
    self.handle_one_request()
  File "C:\Users\simip\AppData\Local\Programs\Python\Python39\lib\http\server.py", line 413, in handle_one_request
    method()
  File "C:\Users\simip\AppData\Local\Temp\claude\wt-n11\scripts\serve.py", line 56, in do_GET
    return super().do_GET()
  File "C:\Users\simip\AppData\Local\Programs\Python\Python39\lib\http\server.py", line 658, in do_GET
    self.copyfile(f, self.wfile)
  File "C:\Users\simip\AppData\Local\Programs\Python\Python39\lib\http\server.py", line 858, in copyfile
    shutil.copyfileobj(source, outputfile)
  File "C:\Users\simip\AppData\Local\Programs\Python\Python39\lib\shutil.py", line 208, in copyfileobj
    fdst_write(buf)
  File "C:\Users\simip\AppData\Local\Programs\Python\Python39\lib\socketserver.py", line 826, in write
    self._sock.sendall(b)
ConnectionResetError: [WinError 10054] An existing connection was forcibly closed by the remote host
----------------------------------------
----------------------------------------
Exception occurred during processing of request from ('127.0.0.1', 55153)
Traceback (most recent call last):
  File "C:\Users\simip\AppData\Local\Programs\Python\Python39\lib\socketserver.py", line 683, in process_request_thread
    self.finish_request(request, client_address)
  File "C:\Users\simip\AppData\Local\Programs\Python\Python39\lib\socketserver.py", line 360, in finish_request
    self.RequestHandlerClass(request, client_address, self)
  File "C:\Users\simip\AppData\Local\Programs\Python\Python39\lib\http\server.py", line 651, in __init__
    super().__init__(*args, **kwargs)
  File "C:\Users\simip\AppData\Local\Programs\Python\Python39\lib\socketserver.py", line 747, in __init__
    self.handle()
  File "C:\Users\simip\AppData\Local\Programs\Python\Python39\lib\http\server.py", line 427, in handle
    self.handle_one_request()
  File "C:\Users\simip\AppData\Local\Programs\Python\Python39\lib\http\server.py", line 393, in handle_one_request
    self.raw_requestline = self.rfile.readline(65537)
  File "C:\Users\simip\AppData\Local\Programs\Python\Python39\lib\socket.py", line 704, in readinto
    return self._sock.recv_into(b)
ConnectionResetError: [WinError 10054] An existing connection was forcibly closed by the remote host
----------------------------------------
----------------------------------------
Exception occurred during processing of request from ('127.0.0.1', 50166)
Traceback (most recent call last):
  File "C:\Users\simip\AppData\Local\Programs\Python\Python39\lib\socketserver.py", line 683, in process_request_thread
    self.finish_request(request, client_address)
  File "C:\Users\simip\AppData\Local\Programs\Python\Python39\lib\socketserver.py", line 360, in finish_request
    self.RequestHandlerClass(request, client_address, self)
  File "C:\Users\simip\AppData\Local\Programs\Python\Python39\lib\http\server.py", line 651, in __init__
    super().__init__(*args, **kwargs)
  File "C:\Users\simip\AppData\Local\Programs\Python\Python39\lib\socketserver.py", line 747, in __init__
    self.handle()
  File "C:\Users\simip\AppData\Local\Programs\Python\Python39\lib\http\server.py", line 427, in handle
    self.handle_one_request()
  File "C:\Users\simip\AppData\Local\Programs\Python\Python39\lib\http\server.py", line 393, in handle_one_request
    self.raw_requestline = self.rfile.readline(65537)
  File "C:\Users\simip\AppData\Local\Programs\Python\Python39\lib\socket.py", line 704, in readinto
    return self._sock.recv_into(b)
ConnectionResetError: [WinError 10054] An existing connection was forcibly closed by the remote host
----------------------------------------
----------------------------------------
Exception occurred during processing of request from ('127.0.0.1', 64410)
----------------------------------------
Exception occurred during processing of request from ('127.0.0.1', 63218)
Traceback (most recent call last):
----------------------------------------
Exception occurred during processing of request from ('127.0.0.1', 52461)
  File "C:\Users\simip\AppData\Local\Programs\Python\Python39\lib\socketserver.py", line 683, in process_request_thread
    self.finish_request(request, client_address)
  File "C:\Users\simip\AppData\Local\Programs\Python\Python39\lib\socketserver.py", line 360, in finish_request
    self.RequestHandlerClass(request, client_address, self)
  File "C:\Users\simip\AppData\Local\Programs\Python\Python39\lib\http\server.py", line 651, in __init__
    super().__init__(*args, **kwargs)
  File "C:\Users\simip\AppData\Local\Programs\Python\Python39\lib\socketserver.py", line 747, in __init__
    self.handle()
  File "C:\Users\simip\AppData\Local\Programs\Python\Python39\lib\http\server.py", line 427, in handle
    self.handle_one_request()
  File "C:\Users\simip\AppData\Local\Programs\Python\Python39\lib\http\server.py", line 393, in handle_one_request
    self.raw_requestline = self.rfile.readline(65537)
  File "C:\Users\simip\AppData\Local\Programs\Python\Python39\lib\socket.py", line 704, in readinto
    return self._sock.recv_into(b)
ConnectionResetError: [WinError 10054] An existing connection was forcibly closed by the remote host
----------------------------------------
----------------------------------------
Traceback (most recent call last):
Exception occurred during processing of request from ('127.0.0.1', 56692)
  File "C:\Users\simip\AppData\Local\Programs\Python\Python39\lib\socketserver.py", line 683, in process_request_thread
    self.finish_request(request, client_address)
  File "C:\Users\simip\AppData\Local\Programs\Python\Python39\lib\socketserver.py", line 360, in finish_request
    self.RequestHandlerClass(request, client_address, self)
  File "C:\Users\simip\AppData\Local\Programs\Python\Python39\lib\http\server.py", line 651, in __init__
    super().__init__(*args, **kwargs)
  File "C:\Users\simip\AppData\Local\Programs\Python\Python39\lib\socketserver.py", line 747, in __init__
    self.handle()
  File "C:\Users\simip\AppData\Local\Programs\Python\Python39\lib\http\server.py", line 427, in handle
    self.handle_one_request()
  File "C:\Users\simip\AppData\Local\Programs\Python\Python39\lib\http\server.py", line 393, in handle_one_request
    self.raw_requestline = self.rfile.readline(65537)
  File "C:\Users\simip\AppData\Local\Programs\Python\Python39\lib\socket.py", line 704, in readinto
    return self._sock.recv_into(b)
ConnectionResetError: [WinError 10054] An existing connection was forcibly closed by the remote host
----------------------------------------
Traceback (most recent call last):
  File "C:\Users\simip\AppData\Local\Programs\Python\Python39\lib\socketserver.py", line 683, in process_request_thread
    self.finish_request(request, client_address)
  File "C:\Users\simip\AppData\Local\Programs\Python\Python39\lib\socketserver.py", line 360, in finish_request
    self.RequestHandlerClass(request, client_address, self)
  File "C:\Users\simip\AppData\Local\Programs\Python\Python39\lib\http\server.py", line 651, in __init__
    super().__init__(*args, **kwargs)
  File "C:\Users\simip\AppData\Local\Programs\Python\Python39\lib\socketserver.py", line 747, in __init__
    self.handle()
  File "C:\Users\simip\AppData\Local\Programs\Python\Python39\lib\http\server.py", line 427, in handle
    self.handle_one_request()
  File "C:\Users\simip\AppData\Local\Programs\Python\Python39\lib\http\server.py", line 393, in handle_one_request
    self.raw_requestline = self.rfile.readline(65537)
  File "C:\Users\simip\AppData\Local\Programs\Python\Python39\lib\socket.py", line 704, in readinto
    return self._sock.recv_into(b)
ConnectionResetError: [WinError 10054] An existing connection was forcibly closed by the remote host
----------------------------------------
Traceback (most recent call last):
  File "C:\Users\simip\AppData\Local\Programs\Python\Python39\lib\socketserver.py", line 683, in process_request_thread
    self.finish_request(request, client_address)
  File "C:\Users\simip\AppData\Local\Programs\Python\Python39\lib\socketserver.py", line 360, in finish_request
    self.RequestHandlerClass(request, client_address, self)
  File "C:\Users\simip\AppData\Local\Programs\Python\Python39\lib\http\server.py", line 651, in __init__
    super().__init__(*args, **kwargs)
  File "C:\Users\simip\AppData\Local\Programs\Python\Python39\lib\socketserver.py", line 747, in __init__
    self.handle()
  File "C:\Users\simip\AppData\Local\Programs\Python\Python39\lib\http\server.py", line 427, in handle
    self.handle_one_request()
  File "C:\Users\simip\AppData\Local\Programs\Python\Python39\lib\http\server.py", line 393, in handle_one_request
    self.raw_requestline = self.rfile.readline(65537)
  File "C:\Users\simip\AppData\Local\Programs\Python\Python39\lib\socket.py", line 704, in readinto
    return self._sock.recv_into(b)
ConnectionResetError: [WinError 10054] An existing connection was forcibly closed by the remote host
----------------------------------------
----------------------------------------
Exception occurred during processing of request from ('127.0.0.1', 63746)
Traceback (most recent call last):
  File "C:\Users\simip\AppData\Local\Programs\Python\Python39\lib\socketserver.py", line 683, in process_request_thread
    self.finish_request(request, client_address)
  File "C:\Users\simip\AppData\Local\Programs\Python\Python39\lib\socketserver.py", line 360, in finish_request
    self.RequestHandlerClass(request, client_address, self)
  File "C:\Users\simip\AppData\Local\Programs\Python\Python39\lib\http\server.py", line 651, in __init__
    super().__init__(*args, **kwargs)
  File "C:\Users\simip\AppData\Local\Programs\Python\Python39\lib\socketserver.py", line 747, in __init__
    self.handle()
  File "C:\Users\simip\AppData\Local\Programs\Python\Python39\lib\http\server.py", line 427, in handle
    self.handle_one_request()
  File "C:\Users\simip\AppData\Local\Programs\Python\Python39\lib\http\server.py", line 393, in handle_one_request
    self.raw_requestline = self.rfile.readline(65537)
  File "C:\Users\simip\AppData\Local\Programs\Python\Python39\lib\socket.py", line 704, in readinto
    return self._sock.recv_into(b)
ConnectionResetError: [WinError 10054] An existing connection was forcibly closed by the remote host
----------------------------------------
----------------------------------------
----------------------------------------
Exception occurred during processing of request from ('127.0.0.1', 57569)
----------------------------------------
Exception occurred during processing of request from ('127.0.0.1', 57546)
----------------------------------------
----------------------------------------
Exception occurred during processing of request from ('127.0.0.1', 54209)
Exception occurred during processing of request from ('127.0.0.1', 57645)
Exception occurred during processing of request from ('127.0.0.1', 60996)
Traceback (most recent call last):
  File "C:\Users\simip\AppData\Local\Programs\Python\Python39\lib\socketserver.py", line 683, in process_request_thread
    self.finish_request(request, client_address)
Traceback (most recent call last):
  File "C:\Users\simip\AppData\Local\Programs\Python\Python39\lib\socketserver.py", line 360, in finish_request
    self.RequestHandlerClass(request, client_address, self)
  File "C:\Users\simip\AppData\Local\Programs\Python\Python39\lib\socketserver.py", line 683, in process_request_thread
    self.finish_request(request, client_address)
Traceback (most recent call last):
  File "C:\Users\simip\AppData\Local\Programs\Python\Python39\lib\http\server.py", line 651, in __init__
    super().__init__(*args, **kwargs)
  File "C:\Users\simip\AppData\Local\Programs\Python\Python39\lib\socketserver.py", line 747, in __init__
    self.handle()
  File "C:\Users\simip\AppData\Local\Programs\Python\Python39\lib\http\server.py", line 427, in handle
    self.handle_one_request()
  File "C:\Users\simip\AppData\Local\Programs\Python\Python39\lib\socketserver.py", line 683, in process_request_thread
    self.finish_request(request, client_address)
Traceback (most recent call last):
Traceback (most recent call last):
  File "C:\Users\simip\AppData\Local\Programs\Python\Python39\lib\socketserver.py", line 360, in finish_request
    self.RequestHandlerClass(request, client_address, self)
  File "C:\Users\simip\AppData\Local\Programs\Python\Python39\lib\socketserver.py", line 683, in process_request_thread
    self.finish_request(request, client_address)
  File "C:\Users\simip\AppData\Local\Programs\Python\Python39\lib\socketserver.py", line 360, in finish_request
    self.RequestHandlerClass(request, client_address, self)
  File "C:\Users\simip\AppData\Local\Programs\Python\Python39\lib\socketserver.py", line 683, in process_request_thread
    self.finish_request(request, client_address)
  File "C:\Users\simip\AppData\Local\Programs\Python\Python39\lib\socketserver.py", line 360, in finish_request
    self.RequestHandlerClass(request, client_address, self)
  File "C:\Users\simip\AppData\Local\Programs\Python\Python39\lib\http\server.py", line 651, in __init__
    super().__init__(*args, **kwargs)
  File "C:\Users\simip\AppData\Local\Programs\Python\Python39\lib\socketserver.py", line 360, in finish_request
    self.RequestHandlerClass(request, client_address, self)
  File "C:\Users\simip\AppData\Local\Programs\Python\Python39\lib\http\server.py", line 651, in __init__
    super().__init__(*args, **kwargs)
  File "C:\Users\simip\AppData\Local\Programs\Python\Python39\lib\socketserver.py", line 747, in __init__
    self.handle()
  File "C:\Users\simip\AppData\Local\Programs\Python\Python39\lib\http\server.py", line 651, in __init__
    super().__init__(*args, **kwargs)
  File "C:\Users\simip\AppData\Local\Programs\Python\Python39\lib\socketserver.py", line 747, in __init__
    self.handle()
  File "C:\Users\simip\AppData\Local\Programs\Python\Python39\lib\http\server.py", line 427, in handle
    self.handle_one_request()
  File "C:\Users\simip\AppData\Local\Programs\Python\Python39\lib\socketserver.py", line 747, in __init__
    self.handle()
  File "C:\Users\simip\AppData\Local\Programs\Python\Python39\lib\http\server.py", line 427, in handle
    self.handle_one_request()
  File "C:\Users\simip\AppData\Local\Programs\Python\Python39\lib\http\server.py", line 427, in handle
    self.handle_one_request()
  File "C:\Users\simip\AppData\Local\Programs\Python\Python39\lib\http\server.py", line 393, in handle_one_request
    self.raw_requestline = self.rfile.readline(65537)
  File "C:\Users\simip\AppData\Local\Programs\Python\Python39\lib\http\server.py", line 651, in __init__
    super().__init__(*args, **kwargs)
  File "C:\Users\simip\AppData\Local\Programs\Python\Python39\lib\socketserver.py", line 747, in __init__
    self.handle()
  File "C:\Users\simip\AppData\Local\Programs\Python\Python39\lib\http\server.py", line 393, in handle_one_request
    self.raw_requestline = self.rfile.readline(65537)
  File "C:\Users\simip\AppData\Local\Programs\Python\Python39\lib\socket.py", line 704, in readinto
    return self._sock.recv_into(b)
  File "C:\Users\simip\AppData\Local\Programs\Python\Python39\lib\http\server.py", line 393, in handle_one_request
    self.raw_requestline = self.rfile.readline(65537)
  File "C:\Users\simip\AppData\Local\Programs\Python\Python39\lib\socket.py", line 704, in readinto
    return self._sock.recv_into(b)
  File "C:\Users\simip\AppData\Local\Programs\Python\Python39\lib\http\server.py", line 393, in handle_one_request
    self.raw_requestline = self.rfile.readline(65537)
  File "C:\Users\simip\AppData\Local\Programs\Python\Python39\lib\socket.py", line 704, in readinto
    return self._sock.recv_into(b)
  File "C:\Users\simip\AppData\Local\Programs\Python\Python39\lib\http\server.py", line 427, in handle
    self.handle_one_request()
  File "C:\Users\simip\AppData\Local\Programs\Python\Python39\lib\socket.py", line 704, in readinto
    return self._sock.recv_into(b)
ConnectionResetError: [WinError 10054] An existing connection was forcibly closed by the remote host
  File "C:\Users\simip\AppData\Local\Programs\Python\Python39\lib\http\server.py", line 393, in handle_one_request
    self.raw_requestline = self.rfile.readline(65537)
  File "C:\Users\simip\AppData\Local\Programs\Python\Python39\lib\socket.py", line 704, in readinto
    return self._sock.recv_into(b)
ConnectionResetError: [WinError 10054] An existing connection was forcibly closed by the remote host
ConnectionResetError: [WinError 10054] An existing connection was forcibly closed by the remote host
----------------------------------------
----------------------------------------
----------------------------------------
ConnectionResetError: [WinError 10054] An existing connection was forcibly closed by the remote host
ConnectionResetError: [WinError 10054] An existing connection was forcibly closed by the remote host
----------------------------------------
----------------------------------------
----------------------------------------
Exception occurred during processing of request from ('127.0.0.1', 60332)
----------------------------------------
Exception occurred during processing of request from ('127.0.0.1', 51982)
Traceback (most recent call last):
  File "C:\Users\simip\AppData\Local\Programs\Python\Python39\lib\socketserver.py", line 683, in process_request_thread
    self.finish_request(request, client_address)
  File "C:\Users\simip\AppData\Local\Programs\Python\Python39\lib\socketserver.py", line 360, in finish_request
    self.RequestHandlerClass(request, client_address, self)
  File "C:\Users\simip\AppData\Local\Programs\Python\Python39\lib\http\server.py", line 651, in __init__
    super().__init__(*args, **kwargs)
  File "C:\Users\simip\AppData\Local\Programs\Python\Python39\lib\socketserver.py", line 747, in __init__
    self.handle()
  File "C:\Users\simip\AppData\Local\Programs\Python\Python39\lib\http\server.py", line 427, in handle
    self.handle_one_request()
  File "C:\Users\simip\AppData\Local\Programs\Python\Python39\lib\http\server.py", line 393, in handle_one_request
    self.raw_requestline = self.rfile.readline(65537)
  File "C:\Users\simip\AppData\Local\Programs\Python\Python39\lib\socket.py", line 704, in readinto
    return self._sock.recv_into(b)
ConnectionResetError: [WinError 10054] An existing connection was forcibly closed by the remote host
----------------------------------------
Traceback (most recent call last):
  File "C:\Users\simip\AppData\Local\Programs\Python\Python39\lib\socketserver.py", line 683, in process_request_thread
    self.finish_request(request, client_address)
  File "C:\Users\simip\AppData\Local\Programs\Python\Python39\lib\socketserver.py", line 360, in finish_request
    self.RequestHandlerClass(request, client_address, self)
  File "C:\Users\simip\AppData\Local\Programs\Python\Python39\lib\http\server.py", line 651, in __init__
    super().__init__(*args, **kwargs)
  File "C:\Users\simip\AppData\Local\Programs\Python\Python39\lib\socketserver.py", line 747, in __init__
    self.handle()
  File "C:\Users\simip\AppData\Local\Programs\Python\Python39\lib\http\server.py", line 427, in handle
    self.handle_one_request()
  File "C:\Users\simip\AppData\Local\Programs\Python\Python39\lib\http\server.py", line 393, in handle_one_request
    self.raw_requestline = self.rfile.readline(65537)
  File "C:\Users\simip\AppData\Local\Programs\Python\Python39\lib\socket.py", line 704, in readinto
    return self._sock.recv_into(b)
ConnectionResetError: [WinError 10054] An existing connection was forcibly closed by the remote host
----------------------------------------
----------------------------------------
Exception occurred during processing of request from ('127.0.0.1', 52510)
Traceback (most recent call last):
  File "C:\Users\simip\AppData\Local\Programs\Python\Python39\lib\socketserver.py", line 683, in process_request_thread
    self.finish_request(request, client_address)
  File "C:\Users\simip\AppData\Local\Programs\Python\Python39\lib\socketserver.py", line 360, in finish_request
    self.RequestHandlerClass(request, client_address, self)
  File "C:\Users\simip\AppData\Local\Programs\Python\Python39\lib\http\server.py", line 651, in __init__
    super().__init__(*args, **kwargs)
  File "C:\Users\simip\AppData\Local\Programs\Python\Python39\lib\socketserver.py", line 747, in __init__
    self.handle()
  File "C:\Users\simip\AppData\Local\Programs\Python\Python39\lib\http\server.py", line 427, in handle
    self.handle_one_request()
  File "C:\Users\simip\AppData\Local\Programs\Python\Python39\lib\http\server.py", line 393, in handle_one_request
    self.raw_requestline = self.rfile.readline(65537)
  File "C:\Users\simip\AppData\Local\Programs\Python\Python39\lib\socket.py", line 704, in readinto
    return self._sock.recv_into(b)
ConnectionResetError: [WinError 10054] An existing connection was forcibly closed by the remote host
----------------------------------------
----------------------------------------
Exception occurred during processing of request from ('127.0.0.1', 58001)
Traceback (most recent call last):
  File "C:\Users\simip\AppData\Local\Programs\Python\Python39\lib\socketserver.py", line 683, in process_request_thread
    self.finish_request(request, client_address)
  File "C:\Users\simip\AppData\Local\Programs\Python\Python39\lib\socketserver.py", line 360, in finish_request
    self.RequestHandlerClass(request, client_address, self)
  File "C:\Users\simip\AppData\Local\Programs\Python\Python39\lib\http\server.py", line 651, in __init__
    super().__init__(*args, **kwargs)
  File "C:\Users\simip\AppData\Local\Programs\Python\Python39\lib\socketserver.py", line 747, in __init__
    self.handle()
  File "C:\Users\simip\AppData\Local\Programs\Python\Python39\lib\http\server.py", line 427, in handle
    self.handle_one_request()
  File "C:\Users\simip\AppData\Local\Programs\Python\Python39\lib\http\server.py", line 393, in handle_one_request
    self.raw_requestline = self.rfile.readline(65537)
  File "C:\Users\simip\AppData\Local\Programs\Python\Python39\lib\socket.py", line 704, in readinto
    return self._sock.recv_into(b)
ConnectionResetError: [WinError 10054] An existing connection was forcibly closed by the remote host
----------------------------------------
----------------------------------------
Exception occurred during processing of request from ('127.0.0.1', 59046)
----------------------------------------
Exception occurred during processing of request from ('127.0.0.1', 64561)
Traceback (most recent call last):
  File "C:\Users\simip\AppData\Local\Programs\Python\Python39\lib\socketserver.py", line 683, in process_request_thread
    self.finish_request(request, client_address)
  File "C:\Users\simip\AppData\Local\Programs\Python\Python39\lib\socketserver.py", line 360, in finish_request
    self.RequestHandlerClass(request, client_address, self)
  File "C:\Users\simip\AppData\Local\Programs\Python\Python39\lib\http\server.py", line 651, in __init__
    super().__init__(*args, **kwargs)
  File "C:\Users\simip\AppData\Local\Programs\Python\Python39\lib\socketserver.py", line 747, in __init__
    self.handle()
  File "C:\Users\simip\AppData\Local\Programs\Python\Python39\lib\http\server.py", line 427, in handle
    self.handle_one_request()
  File "C:\Users\simip\AppData\Local\Programs\Python\Python39\lib\http\server.py", line 393, in handle_one_request
    self.raw_requestline = self.rfile.readline(65537)
  File "C:\Users\simip\AppData\Local\Programs\Python\Python39\lib\socket.py", line 704, in readinto
    return self._sock.recv_into(b)
ConnectionResetError: [WinError 10054] An existing connection was forcibly closed by the remote host
----------------------------------------
Traceback (most recent call last):
  File "C:\Users\simip\AppData\Local\Programs\Python\Python39\lib\socketserver.py", line 683, in process_request_thread
    self.finish_request(request, client_address)
  File "C:\Users\simip\AppData\Local\Programs\Python\Python39\lib\socketserver.py", line 360, in finish_request
    self.RequestHandlerClass(request, client_address, self)
  File "C:\Users\simip\AppData\Local\Programs\Python\Python39\lib\http\server.py", line 651, in __init__
    super().__init__(*args, **kwargs)
  File "C:\Users\simip\AppData\Local\Programs\Python\Python39\lib\socketserver.py", line 747, in __init__
    self.handle()
  File "C:\Users\simip\AppData\Local\Programs\Python\Python39\lib\http\server.py", line 427, in handle
    self.handle_one_request()
  File "C:\Users\simip\AppData\Local\Programs\Python\Python39\lib\http\server.py", line 393, in handle_one_request
    self.raw_requestline = self.rfile.readline(65537)
  File "C:\Users\simip\AppData\Local\Programs\Python\Python39\lib\socket.py", line 704, in readinto
    return self._sock.recv_into(b)
ConnectionResetError: [WinError 10054] An existing connection was forcibly closed by the remote host
----------------------------------------
----------------------------------------
----------------------------------------
Exception occurred during processing of request from ('127.0.0.1', 56949)
Exception occurred during processing of request from ('127.0.0.1', 55210)
----------------------------------------
----------------------------------------
----------------------------------------
----------------------------------------
Exception occurred during processing of request from ('127.0.0.1', 51001)
Exception occurred during processing of request from ('127.0.0.1', 55478)
Exception occurred during processing of request from ('127.0.0.1', 56149)
Exception occurred during processing of request from ('127.0.0.1', 50060)
Traceback (most recent call last):
  File "C:\Users\simip\AppData\Local\Programs\Python\Python39\lib\socketserver.py", line 683, in process_request_thread
    self.finish_request(request, client_address)
  File "C:\Users\simip\AppData\Local\Programs\Python\Python39\lib\socketserver.py", line 360, in finish_request
    self.RequestHandlerClass(request, client_address, self)
  File "C:\Users\simip\AppData\Local\Programs\Python\Python39\lib\http\server.py", line 651, in __init__
    super().__init__(*args, **kwargs)
  File "C:\Users\simip\AppData\Local\Programs\Python\Python39\lib\socketserver.py", line 747, in __init__
    self.handle()
  File "C:\Users\simip\AppData\Local\Programs\Python\Python39\lib\http\server.py", line 427, in handle
    self.handle_one_request()
Traceback (most recent call last):
Traceback (most recent call last):
  File "C:\Users\simip\AppData\Local\Programs\Python\Python39\lib\socketserver.py", line 683, in process_request_thread
    self.finish_request(request, client_address)
  File "C:\Users\simip\AppData\Local\Programs\Python\Python39\lib\socketserver.py", line 360, in finish_request
    self.RequestHandlerClass(request, client_address, self)
  File "C:\Users\simip\AppData\Local\Programs\Python\Python39\lib\http\server.py", line 651, in __init__
    super().__init__(*args, **kwargs)
  File "C:\Users\simip\AppData\Local\Programs\Python\Python39\lib\socketserver.py", line 683, in process_request_thread
    self.finish_request(request, client_address)
  File "C:\Users\simip\AppData\Local\Programs\Python\Python39\lib\socketserver.py", line 747, in __init__
    self.handle()
Traceback (most recent call last):
  File "C:\Users\simip\AppData\Local\Programs\Python\Python39\lib\socketserver.py", line 683, in process_request_thread
    self.finish_request(request, client_address)
  File "C:\Users\simip\AppData\Local\Programs\Python\Python39\lib\http\server.py", line 427, in handle
    self.handle_one_request()
  File "C:\Users\simip\AppData\Local\Programs\Python\Python39\lib\http\server.py", line 393, in handle_one_request
    self.raw_requestline = self.rfile.readline(65537)
Traceback (most recent call last):
  File "C:\Users\simip\AppData\Local\Programs\Python\Python39\lib\socketserver.py", line 683, in process_request_thread
    self.finish_request(request, client_address)
  File "C:\Users\simip\AppData\Local\Programs\Python\Python39\lib\socket.py", line 704, in readinto
    return self._sock.recv_into(b)
ConnectionResetError: [WinError 10054] An existing connection was forcibly closed by the remote host
----------------------------------------
  File "C:\Users\simip\AppData\Local\Programs\Python\Python39\lib\socketserver.py", line 360, in finish_request
    self.RequestHandlerClass(request, client_address, self)
  File "C:\Users\simip\AppData\Local\Programs\Python\Python39\lib\http\server.py", line 651, in __init__
    super().__init__(*args, **kwargs)
  File "C:\Users\simip\AppData\Local\Programs\Python\Python39\lib\socketserver.py", line 747, in __init__
    self.handle()
  File "C:\Users\simip\AppData\Local\Programs\Python\Python39\lib\http\server.py", line 427, in handle
    self.handle_one_request()
  File "C:\Users\simip\AppData\Local\Programs\Python\Python39\lib\http\server.py", line 393, in handle_one_request
    self.raw_requestline = self.rfile.readline(65537)
  File "C:\Users\simip\AppData\Local\Programs\Python\Python39\lib\socket.py", line 704, in readinto
    return self._sock.recv_into(b)
ConnectionResetError: [WinError 10054] An existing connection was forcibly closed by the remote host
----------------------------------------
  File "C:\Users\simip\AppData\Local\Programs\Python\Python39\lib\socketserver.py", line 360, in finish_request
    self.RequestHandlerClass(request, client_address, self)
  File "C:\Users\simip\AppData\Local\Programs\Python\Python39\lib\http\server.py", line 651, in __init__
    super().__init__(*args, **kwargs)
Traceback (most recent call last):
  File "C:\Users\simip\AppData\Local\Programs\Python\Python39\lib\socketserver.py", line 747, in __init__
    self.handle()
  File "C:\Users\simip\AppData\Local\Programs\Python\Python39\lib\socketserver.py", line 683, in process_request_thread
    self.finish_request(request, client_address)
  File "C:\Users\simip\AppData\Local\Programs\Python\Python39\lib\socketserver.py", line 360, in finish_request
    self.RequestHandlerClass(request, client_address, self)
  File "C:\Users\simip\AppData\Local\Programs\Python\Python39\lib\http\server.py", line 651, in __init__
    super().__init__(*args, **kwargs)
  File "C:\Users\simip\AppData\Local\Programs\Python\Python39\lib\http\server.py", line 393, in handle_one_request
    self.raw_requestline = self.rfile.readline(65537)
  File "C:\Users\simip\AppData\Local\Programs\Python\Python39\lib\socketserver.py", line 360, in finish_request
    self.RequestHandlerClass(request, client_address, self)
  File "C:\Users\simip\AppData\Local\Programs\Python\Python39\lib\http\server.py", line 427, in handle
    self.handle_one_request()
  File "C:\Users\simip\AppData\Local\Programs\Python\Python39\lib\http\server.py", line 651, in __init__
    super().__init__(*args, **kwargs)
  File "C:\Users\simip\AppData\Local\Programs\Python\Python39\lib\http\server.py", line 393, in handle_one_request
    self.raw_requestline = self.rfile.readline(65537)
  File "C:\Users\simip\AppData\Local\Programs\Python\Python39\lib\socket.py", line 704, in readinto
    return self._sock.recv_into(b)
  File "C:\Users\simip\AppData\Local\Programs\Python\Python39\lib\socket.py", line 704, in readinto
    return self._sock.recv_into(b)
  File "C:\Users\simip\AppData\Local\Programs\Python\Python39\lib\socketserver.py", line 747, in __init__
    self.handle()
  File "C:\Users\simip\AppData\Local\Programs\Python\Python39\lib\socketserver.py", line 747, in __init__
    self.handle()
ConnectionResetError: [WinError 10054] An existing connection was forcibly closed by the remote host
ConnectionResetError: [WinError 10054] An existing connection was forcibly closed by the remote host
  File "C:\Users\simip\AppData\Local\Programs\Python\Python39\lib\http\server.py", line 427, in handle
    self.handle_one_request()
  File "C:\Users\simip\AppData\Local\Programs\Python\Python39\lib\http\server.py", line 427, in handle
    self.handle_one_request()
----------------------------------------
----------------------------------------
  File "C:\Users\simip\AppData\Local\Programs\Python\Python39\lib\http\server.py", line 393, in handle_one_request
    self.raw_requestline = self.rfile.readline(65537)
  File "C:\Users\simip\AppData\Local\Programs\Python\Python39\lib\http\server.py", line 393, in handle_one_request
    self.raw_requestline = self.rfile.readline(65537)
  File "C:\Users\simip\AppData\Local\Programs\Python\Python39\lib\socket.py", line 704, in readinto
    return self._sock.recv_into(b)
  File "C:\Users\simip\AppData\Local\Programs\Python\Python39\lib\socket.py", line 704, in readinto
    return self._sock.recv_into(b)
ConnectionResetError: [WinError 10054] An existing connection was forcibly closed by the remote host
ConnectionResetError: [WinError 10054] An existing connection was forcibly closed by the remote host
----------------------------------------
----------------------------------------
----------------------------------------
Exception occurred during processing of request from ('127.0.0.1', 61245)
----------------------------------------
Exception occurred during processing of request from ('127.0.0.1', 51103)
----------------------------------------
----------------------------------------
----------------------------------------
----------------------------------------
Exception occurred during processing of request from ('127.0.0.1', 52852)
Exception occurred during processing of request from ('127.0.0.1', 51447)
Exception occurred during processing of request from ('127.0.0.1', 49982)
Exception occurred during processing of request from ('127.0.0.1', 57637)
Traceback (most recent call last):
  File "C:\Users\simip\AppData\Local\Programs\Python\Python39\lib\socketserver.py", line 683, in process_request_thread
    self.finish_request(request, client_address)
Traceback (most recent call last):
  File "C:\Users\simip\AppData\Local\Programs\Python\Python39\lib\socketserver.py", line 683, in process_request_thread
    self.finish_request(request, client_address)
  File "C:\Users\simip\AppData\Local\Programs\Python\Python39\lib\socketserver.py", line 360, in finish_request
    self.RequestHandlerClass(request, client_address, self)
  File "C:\Users\simip\AppData\Local\Programs\Python\Python39\lib\http\server.py", line 651, in __init__
    super().__init__(*args, **kwargs)
  File "C:\Users\simip\AppData\Local\Programs\Python\Python39\lib\socketserver.py", line 747, in __init__
    self.handle()
  File "C:\Users\simip\AppData\Local\Programs\Python\Python39\lib\http\server.py", line 427, in handle
    self.handle_one_request()
Traceback (most recent call last):
  File "C:\Users\simip\AppData\Local\Programs\Python\Python39\lib\socketserver.py", line 683, in process_request_thread
    self.finish_request(request, client_address)
  File "C:\Users\simip\AppData\Local\Programs\Python\Python39\lib\socketserver.py", line 360, in finish_request
    self.RequestHandlerClass(request, client_address, self)
  File "C:\Users\simip\AppData\Local\Programs\Python\Python39\lib\http\server.py", line 651, in __init__
    super().__init__(*args, **kwargs)
  File "C:\Users\simip\AppData\Local\Programs\Python\Python39\lib\socketserver.py", line 747, in __init__
    self.handle()
  File "C:\Users\simip\AppData\Local\Programs\Python\Python39\lib\http\server.py", line 427, in handle
    self.handle_one_request()
  File "C:\Users\simip\AppData\Local\Programs\Python\Python39\lib\http\server.py", line 393, in handle_one_request
    self.raw_requestline = self.rfile.readline(65537)
  File "C:\Users\simip\AppData\Local\Programs\Python\Python39\lib\socket.py", line 704, in readinto
    return self._sock.recv_into(b)
ConnectionResetError: [WinError 10054] An existing connection was forcibly closed by the remote host
----------------------------------------
  File "C:\Users\simip\AppData\Local\Programs\Python\Python39\lib\socketserver.py", line 360, in finish_request
    self.RequestHandlerClass(request, client_address, self)
  File "C:\Users\simip\AppData\Local\Programs\Python\Python39\lib\http\server.py", line 651, in __init__
    super().__init__(*args, **kwargs)
  File "C:\Users\simip\AppData\Local\Programs\Python\Python39\lib\socketserver.py", line 747, in __init__
    self.handle()
  File "C:\Users\simip\AppData\Local\Programs\Python\Python39\lib\http\server.py", line 427, in handle
    self.handle_one_request()
  File "C:\Users\simip\AppData\Local\Programs\Python\Python39\lib\http\server.py", line 393, in handle_one_request
    self.raw_requestline = self.rfile.readline(65537)
  File "C:\Users\simip\AppData\Local\Programs\Python\Python39\lib\socket.py", line 704, in readinto
    return self._sock.recv_into(b)
ConnectionResetError: [WinError 10054] An existing connection was forcibly closed by the remote host
----------------------------------------
  File "C:\Users\simip\AppData\Local\Programs\Python\Python39\lib\http\server.py", line 393, in handle_one_request
    self.raw_requestline = self.rfile.readline(65537)
  File "C:\Users\simip\AppData\Local\Programs\Python\Python39\lib\socket.py", line 704, in readinto
    return self._sock.recv_into(b)
ConnectionResetError: [WinError 10054] An existing connection was forcibly closed by the remote host
----------------------------------------
Traceback (most recent call last):
  File "C:\Users\simip\AppData\Local\Programs\Python\Python39\lib\socketserver.py", line 683, in process_request_thread
    self.finish_request(request, client_address)
  File "C:\Users\simip\AppData\Local\Programs\Python\Python39\lib\socketserver.py", line 360, in finish_request
    self.RequestHandlerClass(request, client_address, self)
  File "C:\Users\simip\AppData\Local\Programs\Python\Python39\lib\http\server.py", line 651, in __init__
    super().__init__(*args, **kwargs)
  File "C:\Users\simip\AppData\Local\Programs\Python\Python39\lib\socketserver.py", line 747, in __init__
    self.handle()
  File "C:\Users\simip\AppData\Local\Programs\Python\Python39\lib\http\server.py", line 427, in handle
    self.handle_one_request()
  File "C:\Users\simip\AppData\Local\Programs\Python\Python39\lib\http\server.py", line 393, in handle_one_request
    self.raw_requestline = self.rfile.readline(65537)
  File "C:\Users\simip\AppData\Local\Programs\Python\Python39\lib\socket.py", line 704, in readinto
    return self._sock.recv_into(b)
ConnectionResetError: [WinError 10054] An existing connection was forcibly closed by the remote host
----------------------------------------
Traceback (most recent call last):
  File "C:\Users\simip\AppData\Local\Programs\Python\Python39\lib\socketserver.py", line 683, in process_request_thread
    self.finish_request(request, client_address)
  File "C:\Users\simip\AppData\Local\Programs\Python\Python39\lib\socketserver.py", line 360, in finish_request
    self.RequestHandlerClass(request, client_address, self)
  File "C:\Users\simip\AppData\Local\Programs\Python\Python39\lib\http\server.py", line 651, in __init__
    super().__init__(*args, **kwargs)
  File "C:\Users\simip\AppData\Local\Programs\Python\Python39\lib\socketserver.py", line 747, in __init__
    self.handle()
  File "C:\Users\simip\AppData\Local\Programs\Python\Python39\lib\http\server.py", line 427, in handle
    self.handle_one_request()
  File "C:\Users\simip\AppData\Local\Programs\Python\Python39\lib\http\server.py", line 393, in handle_one_request
    self.raw_requestline = self.rfile.readline(65537)
  File "C:\Users\simip\AppData\Local\Programs\Python\Python39\lib\socket.py", line 704, in readinto
    return self._sock.recv_into(b)
ConnectionResetError: [WinError 10054] An existing connection was forcibly closed by the remote host
----------------------------------------
Traceback (most recent call last):
  File "C:\Users\simip\AppData\Local\Programs\Python\Python39\lib\socketserver.py", line 683, in process_request_thread
    self.finish_request(request, client_address)
  File "C:\Users\simip\AppData\Local\Programs\Python\Python39\lib\socketserver.py", line 360, in finish_request
    self.RequestHandlerClass(request, client_address, self)
  File "C:\Users\simip\AppData\Local\Programs\Python\Python39\lib\http\server.py", line 651, in __init__
    super().__init__(*args, **kwargs)
  File "C:\Users\simip\AppData\Local\Programs\Python\Python39\lib\socketserver.py", line 747, in __init__
    self.handle()
  File "C:\Users\simip\AppData\Local\Programs\Python\Python39\lib\http\server.py", line 427, in handle
    self.handle_one_request()
  File "C:\Users\simip\AppData\Local\Programs\Python\Python39\lib\http\server.py", line 393, in handle_one_request
    self.raw_requestline = self.rfile.readline(65537)
  File "C:\Users\simip\AppData\Local\Programs\Python\Python39\lib\socket.py", line 704, in readinto
    return self._sock.recv_into(b)
ConnectionResetError: [WinError 10054] An existing connection was forcibly closed by the remote host
----------------------------------------
----------------------------------------
Exception occurred during processing of request from ('127.0.0.1', 59017)
----------------------------------------
Exception occurred during processing of request from ('127.0.0.1', 50659)
----------------------------------------
Exception occurred during processing of request from ('127.0.0.1', 51083)
----------------------------------------
Exception occurred during processing of request from ('127.0.0.1', 55047)
----------------------------------------
Traceback (most recent call last):
Exception occurred during processing of request from ('127.0.0.1', 54772)
  File "C:\Users\simip\AppData\Local\Programs\Python\Python39\lib\socketserver.py", line 683, in process_request_thread
    self.finish_request(request, client_address)
----------------------------------------
  File "C:\Users\simip\AppData\Local\Programs\Python\Python39\lib\socketserver.py", line 360, in finish_request
    self.RequestHandlerClass(request, client_address, self)
Exception occurred during processing of request from ('127.0.0.1', 50088)
Traceback (most recent call last):
  File "C:\Users\simip\AppData\Local\Programs\Python\Python39\lib\http\server.py", line 651, in __init__
    super().__init__(*args, **kwargs)
  File "C:\Users\simip\AppData\Local\Programs\Python\Python39\lib\socketserver.py", line 683, in process_request_thread
    self.finish_request(request, client_address)
  File "C:\Users\simip\AppData\Local\Programs\Python\Python39\lib\socketserver.py", line 747, in __init__
    self.handle()
  File "C:\Users\simip\AppData\Local\Programs\Python\Python39\lib\socketserver.py", line 360, in finish_request
    self.RequestHandlerClass(request, client_address, self)
  File "C:\Users\simip\AppData\Local\Programs\Python\Python39\lib\http\server.py", line 427, in handle
    self.handle_one_request()
Traceback (most recent call last):
  File "C:\Users\simip\AppData\Local\Programs\Python\Python39\lib\http\server.py", line 651, in __init__
    super().__init__(*args, **kwargs)
  File "C:\Users\simip\AppData\Local\Programs\Python\Python39\lib\socketserver.py", line 747, in __init__
    self.handle()
Traceback (most recent call last):
  File "C:\Users\simip\AppData\Local\Programs\Python\Python39\lib\socketserver.py", line 683, in process_request_thread
    self.finish_request(request, client_address)
  File "C:\Users\simip\AppData\Local\Programs\Python\Python39\lib\http\server.py", line 393, in handle_one_request
    self.raw_requestline = self.rfile.readline(65537)
  File "C:\Users\simip\AppData\Local\Programs\Python\Python39\lib\socket.py", line 704, in readinto
    return self._sock.recv_into(b)
  File "C:\Users\simip\AppData\Local\Programs\Python\Python39\lib\socketserver.py", line 683, in process_request_thread
    self.finish_request(request, client_address)
  File "C:\Users\simip\AppData\Local\Programs\Python\Python39\lib\http\server.py", line 427, in handle
    self.handle_one_request()
  File "C:\Users\simip\AppData\Local\Programs\Python\Python39\lib\socketserver.py", line 360, in finish_request
    self.RequestHandlerClass(request, client_address, self)
  File "C:\Users\simip\AppData\Local\Programs\Python\Python39\lib\socketserver.py", line 360, in finish_request
    self.RequestHandlerClass(request, client_address, self)
  File "C:\Users\simip\AppData\Local\Programs\Python\Python39\lib\http\server.py", line 651, in __init__
    super().__init__(*args, **kwargs)
  File "C:\Users\simip\AppData\Local\Programs\Python\Python39\lib\socketserver.py", line 747, in __init__
    self.handle()
  File "C:\Users\simip\AppData\Local\Programs\Python\Python39\lib\http\server.py", line 427, in handle
    self.handle_one_request()
  File "C:\Users\simip\AppData\Local\Programs\Python\Python39\lib\http\server.py", line 393, in handle_one_request
    self.raw_requestline = self.rfile.readline(65537)
Traceback (most recent call last):
  File "C:\Users\simip\AppData\Local\Programs\Python\Python39\lib\http\server.py", line 393, in handle_one_request
    self.raw_requestline = self.rfile.readline(65537)
  File "C:\Users\simip\AppData\Local\Programs\Python\Python39\lib\http\server.py", line 651, in __init__
    super().__init__(*args, **kwargs)
  File "C:\Users\simip\AppData\Local\Programs\Python\Python39\lib\socketserver.py", line 683, in process_request_thread
    self.finish_request(request, client_address)
  File "C:\Users\simip\AppData\Local\Programs\Python\Python39\lib\socket.py", line 704, in readinto
    return self._sock.recv_into(b)
  File "C:\Users\simip\AppData\Local\Programs\Python\Python39\lib\socketserver.py", line 747, in __init__
    self.handle()
  File "C:\Users\simip\AppData\Local\Programs\Python\Python39\lib\socketserver.py", line 360, in finish_request
    self.RequestHandlerClass(request, client_address, self)
Traceback (most recent call last):
ConnectionResetError: [WinError 10054] An existing connection was forcibly closed by the remote host
  File "C:\Users\simip\AppData\Local\Programs\Python\Python39\lib\socket.py", line 704, in readinto
    return self._sock.recv_into(b)
ConnectionResetError: [WinError 10054] An existing connection was forcibly closed by the remote host
  File "C:\Users\simip\AppData\Local\Programs\Python\Python39\lib\http\server.py", line 427, in handle
    self.handle_one_request()
  File "C:\Users\simip\AppData\Local\Programs\Python\Python39\lib\http\server.py", line 651, in __init__
    super().__init__(*args, **kwargs)
  File "C:\Users\simip\AppData\Local\Programs\Python\Python39\lib\socketserver.py", line 683, in process_request_thread
    self.finish_request(request, client_address)
----------------------------------------
ConnectionResetError: [WinError 10054] An existing connection was forcibly closed by the remote host
----------------------------------------
  File "C:\Users\simip\AppData\Local\Programs\Python\Python39\lib\http\server.py", line 393, in handle_one_request
    self.raw_requestline = self.rfile.readline(65537)
  File "C:\Users\simip\AppData\Local\Programs\Python\Python39\lib\socket.py", line 704, in readinto
    return self._sock.recv_into(b)
----------------------------------------
  File "C:\Users\simip\AppData\Local\Programs\Python\Python39\lib\socketserver.py", line 360, in finish_request
    self.RequestHandlerClass(request, client_address, self)
ConnectionResetError: [WinError 10054] An existing connection was forcibly closed by the remote host
  File "C:\Users\simip\AppData\Local\Programs\Python\Python39\lib\http\server.py", line 651, in __init__
    super().__init__(*args, **kwargs)
----------------------------------------
  File "C:\Users\simip\AppData\Local\Programs\Python\Python39\lib\socketserver.py", line 747, in __init__
    self.handle()
  File "C:\Users\simip\AppData\Local\Programs\Python\Python39\lib\http\server.py", line 427, in handle
    self.handle_one_request()
  File "C:\Users\simip\AppData\Local\Programs\Python\Python39\lib\socketserver.py", line 747, in __init__
    self.handle()
  File "C:\Users\simip\AppData\Local\Programs\Python\Python39\lib\http\server.py", line 393, in handle_one_request
    self.raw_requestline = self.rfile.readline(65537)
  File "C:\Users\simip\AppData\Local\Programs\Python\Python39\lib\http\server.py", line 427, in handle
    self.handle_one_request()
  File "C:\Users\simip\AppData\Local\Programs\Python\Python39\lib\socket.py", line 704, in readinto
    return self._sock.recv_into(b)
  File "C:\Users\simip\AppData\Local\Programs\Python\Python39\lib\http\server.py", line 393, in handle_one_request
    self.raw_requestline = self.rfile.readline(65537)
  File "C:\Users\simip\AppData\Local\Programs\Python\Python39\lib\socket.py", line 704, in readinto
    return self._sock.recv_into(b)
ConnectionResetError: [WinError 10054] An existing connection was forcibly closed by the remote host
ConnectionResetError: [WinError 10054] An existing connection was forcibly closed by the remote host
----------------------------------------
----------------------------------------
----------------------------------------
Exception occurred during processing of request from ('127.0.0.1', 54288)
Traceback (most recent call last):
----------------------------------------
  File "C:\Users\simip\AppData\Local\Programs\Python\Python39\lib\socketserver.py", line 683, in process_request_thread
    self.finish_request(request, client_address)
----------------------------------------
----------------------------------------
----------------------------------------
----------------------------------------
Exception occurred during processing of request from ('127.0.0.1', 53814)
  File "C:\Users\simip\AppData\Local\Programs\Python\Python39\lib\socketserver.py", line 360, in finish_request
    self.RequestHandlerClass(request, client_address, self)
  File "C:\Users\simip\AppData\Local\Programs\Python\Python39\lib\http\server.py", line 651, in __init__
    super().__init__(*args, **kwargs)
  File "C:\Users\simip\AppData\Local\Programs\Python\Python39\lib\socketserver.py", line 747, in __init__
    self.handle()
  File "C:\Users\simip\AppData\Local\Programs\Python\Python39\lib\http\server.py", line 427, in handle
    self.handle_one_request()
  File "C:\Users\simip\AppData\Local\Programs\Python\Python39\lib\http\server.py", line 393, in handle_one_request
    self.raw_requestline = self.rfile.readline(65537)
Exception occurred during processing of request from ('127.0.0.1', 50100)
Exception occurred during processing of request from ('127.0.0.1', 55251)
Exception occurred during processing of request from ('127.0.0.1', 51351)
Exception occurred during processing of request from ('127.0.0.1', 55589)
  File "C:\Users\simip\AppData\Local\Programs\Python\Python39\lib\socket.py", line 704, in readinto
    return self._sock.recv_into(b)
ConnectionResetError: [WinError 10054] An existing connection was forcibly closed by the remote host
----------------------------------------
Traceback (most recent call last):
  File "C:\Users\simip\AppData\Local\Programs\Python\Python39\lib\socketserver.py", line 683, in process_request_thread
    self.finish_request(request, client_address)
  File "C:\Users\simip\AppData\Local\Programs\Python\Python39\lib\socketserver.py", line 360, in finish_request
    self.RequestHandlerClass(request, client_address, self)
  File "C:\Users\simip\AppData\Local\Programs\Python\Python39\lib\http\server.py", line 651, in __init__
    super().__init__(*args, **kwargs)
  File "C:\Users\simip\AppData\Local\Programs\Python\Python39\lib\socketserver.py", line 747, in __init__
    self.handle()
  File "C:\Users\simip\AppData\Local\Programs\Python\Python39\lib\http\server.py", line 427, in handle
    self.handle_one_request()
  File "C:\Users\simip\AppData\Local\Programs\Python\Python39\lib\http\server.py", line 393, in handle_one_request
    self.raw_requestline = self.rfile.readline(65537)
  File "C:\Users\simip\AppData\Local\Programs\Python\Python39\lib\socket.py", line 704, in readinto
    return self._sock.recv_into(b)
ConnectionResetError: [WinError 10054] An existing connection was forcibly closed by the remote host
----------------------------------------
Traceback (most recent call last):
Traceback (most recent call last):
  File "C:\Users\simip\AppData\Local\Programs\Python\Python39\lib\socketserver.py", line 683, in process_request_thread
    self.finish_request(request, client_address)
  File "C:\Users\simip\AppData\Local\Programs\Python\Python39\lib\socketserver.py", line 683, in process_request_thread
    self.finish_request(request, client_address)
  File "C:\Users\simip\AppData\Local\Programs\Python\Python39\lib\socketserver.py", line 360, in finish_request
    self.RequestHandlerClass(request, client_address, self)
  File "C:\Users\simip\AppData\Local\Programs\Python\Python39\lib\http\server.py", line 651, in __init__
    super().__init__(*args, **kwargs)
  File "C:\Users\simip\AppData\Local\Programs\Python\Python39\lib\socketserver.py", line 747, in __init__
    self.handle()
  File "C:\Users\simip\AppData\Local\Programs\Python\Python39\lib\http\server.py", line 427, in handle
    self.handle_one_request()
  File "C:\Users\simip\AppData\Local\Programs\Python\Python39\lib\http\server.py", line 393, in handle_one_request
    self.raw_requestline = self.rfile.readline(65537)
  File "C:\Users\simip\AppData\Local\Programs\Python\Python39\lib\socket.py", line 704, in readinto
    return self._sock.recv_into(b)
  File "C:\Users\simip\AppData\Local\Programs\Python\Python39\lib\socketserver.py", line 360, in finish_request
    self.RequestHandlerClass(request, client_address, self)
  File "C:\Users\simip\AppData\Local\Programs\Python\Python39\lib\http\server.py", line 651, in __init__
    super().__init__(*args, **kwargs)
  File "C:\Users\simip\AppData\Local\Programs\Python\Python39\lib\socketserver.py", line 747, in __init__
    self.handle()
  File "C:\Users\simip\AppData\Local\Programs\Python\Python39\lib\http\server.py", line 427, in handle
    self.handle_one_request()
  File "C:\Users\simip\AppData\Local\Programs\Python\Python39\lib\http\server.py", line 393, in handle_one_request
    self.raw_requestline = self.rfile.readline(65537)
  File "C:\Users\simip\AppData\Local\Programs\Python\Python39\lib\socket.py", line 704, in readinto
    return self._sock.recv_into(b)
ConnectionResetError: [WinError 10054] An existing connection was forcibly closed by the remote host
ConnectionResetError: [WinError 10054] An existing connection was forcibly closed by the remote host
----------------------------------------
----------------------------------------
Traceback (most recent call last):
  File "C:\Users\simip\AppData\Local\Programs\Python\Python39\lib\socketserver.py", line 683, in process_request_thread
    self.finish_request(request, client_address)
  File "C:\Users\simip\AppData\Local\Programs\Python\Python39\lib\socketserver.py", line 360, in finish_request
    self.RequestHandlerClass(request, client_address, self)
  File "C:\Users\simip\AppData\Local\Programs\Python\Python39\lib\http\server.py", line 651, in __init__
    super().__init__(*args, **kwargs)
  File "C:\Users\simip\AppData\Local\Programs\Python\Python39\lib\socketserver.py", line 747, in __init__
    self.handle()
  File "C:\Users\simip\AppData\Local\Programs\Python\Python39\lib\http\server.py", line 427, in handle
    self.handle_one_request()
  File "C:\Users\simip\AppData\Local\Programs\Python\Python39\lib\http\server.py", line 393, in handle_one_request
    self.raw_requestline = self.rfile.readline(65537)
  File "C:\Users\simip\AppData\Local\Programs\Python\Python39\lib\socket.py", line 704, in readinto
    return self._sock.recv_into(b)
Traceback (most recent call last):
ConnectionResetError: [WinError 10054] An existing connection was forcibly closed by the remote host
  File "C:\Users\simip\AppData\Local\Programs\Python\Python39\lib\socketserver.py", line 683, in process_request_thread
    self.finish_request(request, client_address)
  File "C:\Users\simip\AppData\Local\Programs\Python\Python39\lib\socketserver.py", line 360, in finish_request
    self.RequestHandlerClass(request, client_address, self)
----------------------------------------
  File "C:\Users\simip\AppData\Local\Programs\Python\Python39\lib\http\server.py", line 651, in __init__
    super().__init__(*args, **kwargs)
  File "C:\Users\simip\AppData\Local\Programs\Python\Python39\lib\socketserver.py", line 747, in __init__
    self.handle()
  File "C:\Users\simip\AppData\Local\Programs\Python\Python39\lib\http\server.py", line 427, in handle
    self.handle_one_request()
  File "C:\Users\simip\AppData\Local\Programs\Python\Python39\lib\http\server.py", line 393, in handle_one_request
    self.raw_requestline = self.rfile.readline(65537)
  File "C:\Users\simip\AppData\Local\Programs\Python\Python39\lib\socket.py", line 704, in readinto
    return self._sock.recv_into(b)
ConnectionResetError: [WinError 10054] An existing connection was forcibly closed by the remote host
----------------------------------------
----------------------------------------
Exception occurred during processing of request from ('127.0.0.1', 51342)
Traceback (most recent call last):
  File "C:\Users\simip\AppData\Local\Programs\Python\Python39\lib\socketserver.py", line 683, in process_request_thread
    self.finish_request(request, client_address)
  File "C:\Users\simip\AppData\Local\Programs\Python\Python39\lib\socketserver.py", line 360, in finish_request
    self.RequestHandlerClass(request, client_address, self)
  File "C:\Users\simip\AppData\Local\Programs\Python\Python39\lib\http\server.py", line 651, in __init__
    super().__init__(*args, **kwargs)
  File "C:\Users\simip\AppData\Local\Programs\Python\Python39\lib\socketserver.py", line 747, in __init__
    self.handle()
  File "C:\Users\simip\AppData\Local\Programs\Python\Python39\lib\http\server.py", line 427, in handle
    self.handle_one_request()
  File "C:\Users\simip\AppData\Local\Programs\Python\Python39\lib\http\server.py", line 393, in handle_one_request
    self.raw_requestline = self.rfile.readline(65537)
  File "C:\Users\simip\AppData\Local\Programs\Python\Python39\lib\socket.py", line 704, in readinto
    return self._sock.recv_into(b)
ConnectionResetError: [WinError 10054] An existing connection was forcibly closed by the remote host
----------------------------------------
----------------------------------------
Exception occurred during processing of request from ('127.0.0.1', 59041)
----------------------------------------
Exception occurred during processing of request from ('127.0.0.1', 49923)
Traceback (most recent call last):
  File "C:\Users\simip\AppData\Local\Programs\Python\Python39\lib\socketserver.py", line 683, in process_request_thread
    self.finish_request(request, client_address)
  File "C:\Users\simip\AppData\Local\Programs\Python\Python39\lib\socketserver.py", line 360, in finish_request
    self.RequestHandlerClass(request, client_address, self)
  File "C:\Users\simip\AppData\Local\Programs\Python\Python39\lib\http\server.py", line 651, in __init__
    super().__init__(*args, **kwargs)
  File "C:\Users\simip\AppData\Local\Programs\Python\Python39\lib\socketserver.py", line 747, in __init__
    self.handle()
  File "C:\Users\simip\AppData\Local\Programs\Python\Python39\lib\http\server.py", line 427, in handle
    self.handle_one_request()
  File "C:\Users\simip\AppData\Local\Programs\Python\Python39\lib\http\server.py", line 393, in handle_one_request
    self.raw_requestline = self.rfile.readline(65537)
  File "C:\Users\simip\AppData\Local\Programs\Python\Python39\lib\socket.py", line 704, in readinto
    return self._sock.recv_into(b)
ConnectionResetError: [WinError 10054] An existing connection was forcibly closed by the remote host
----------------------------------------
----------------------------------------
Exception occurred during processing of request from ('127.0.0.1', 59590)
----------------------------------------
Exception occurred during processing of request from ('127.0.0.1', 53805)
----------------------------------------
Exception occurred during processing of request from ('127.0.0.1', 63955)
Traceback (most recent call last):
  File "C:\Users\simip\AppData\Local\Programs\Python\Python39\lib\socketserver.py", line 683, in process_request_thread
    self.finish_request(request, client_address)
  File "C:\Users\simip\AppData\Local\Programs\Python\Python39\lib\socketserver.py", line 360, in finish_request
    self.RequestHandlerClass(request, client_address, self)
  File "C:\Users\simip\AppData\Local\Programs\Python\Python39\lib\http\server.py", line 651, in __init__
    super().__init__(*args, **kwargs)
  File "C:\Users\simip\AppData\Local\Programs\Python\Python39\lib\socketserver.py", line 747, in __init__
    self.handle()
  File "C:\Users\simip\AppData\Local\Programs\Python\Python39\lib\http\server.py", line 427, in handle
    self.handle_one_request()
  File "C:\Users\simip\AppData\Local\Programs\Python\Python39\lib\http\server.py", line 393, in handle_one_request
    self.raw_requestline = self.rfile.readline(65537)
  File "C:\Users\simip\AppData\Local\Programs\Python\Python39\lib\socket.py", line 704, in readinto
    return self._sock.recv_into(b)
ConnectionResetError: [WinError 10054] An existing connection was forcibly closed by the remote host
----------------------------------------
Traceback (most recent call last):
  File "C:\Users\simip\AppData\Local\Programs\Python\Python39\lib\socketserver.py", line 683, in process_request_thread
    self.finish_request(request, client_address)
  File "C:\Users\simip\AppData\Local\Programs\Python\Python39\lib\socketserver.py", line 360, in finish_request
    self.RequestHandlerClass(request, client_address, self)
  File "C:\Users\simip\AppData\Local\Programs\Python\Python39\lib\http\server.py", line 651, in __init__
    super().__init__(*args, **kwargs)
  File "C:\Users\simip\AppData\Local\Programs\Python\Python39\lib\socketserver.py", line 747, in __init__
    self.handle()
  File "C:\Users\simip\AppData\Local\Programs\Python\Python39\lib\http\server.py", line 427, in handle
    self.handle_one_request()
  File "C:\Users\simip\AppData\Local\Programs\Python\Python39\lib\http\server.py", line 393, in handle_one_request
    self.raw_requestline = self.rfile.readline(65537)
  File "C:\Users\simip\AppData\Local\Programs\Python\Python39\lib\socket.py", line 704, in readinto
    return self._sock.recv_into(b)
ConnectionResetError: [WinError 10054] An existing connection was forcibly closed by the remote host
----------------------------------------
Traceback (most recent call last):
  File "C:\Users\simip\AppData\Local\Programs\Python\Python39\lib\socketserver.py", line 683, in process_request_thread
    self.finish_request(request, client_address)
  File "C:\Users\simip\AppData\Local\Programs\Python\Python39\lib\socketserver.py", line 360, in finish_request
    self.RequestHandlerClass(request, client_address, self)
  File "C:\Users\simip\AppData\Local\Programs\Python\Python39\lib\http\server.py", line 651, in __init__
    super().__init__(*args, **kwargs)
  File "C:\Users\simip\AppData\Local\Programs\Python\Python39\lib\socketserver.py", line 747, in __init__
    self.handle()
  File "C:\Users\simip\AppData\Local\Programs\Python\Python39\lib\http\server.py", line 427, in handle
    self.handle_one_request()
  File "C:\Users\simip\AppData\Local\Programs\Python\Python39\lib\http\server.py", line 393, in handle_one_request
    self.raw_requestline = self.rfile.readline(65537)
  File "C:\Users\simip\AppData\Local\Programs\Python\Python39\lib\socket.py", line 704, in readinto
    return self._sock.recv_into(b)
ConnectionResetError: [WinError 10054] An existing connection was forcibly closed by the remote host
----------------------------------------
Traceback (most recent call last):
  File "C:\Users\simip\AppData\Local\Programs\Python\Python39\lib\socketserver.py", line 683, in process_request_thread
    self.finish_request(request, client_address)
  File "C:\Users\simip\AppData\Local\Programs\Python\Python39\lib\socketserver.py", line 360, in finish_request
    self.RequestHandlerClass(request, client_address, self)
  File "C:\Users\simip\AppData\Local\Programs\Python\Python39\lib\http\server.py", line 651, in __init__
    super().__init__(*args, **kwargs)
  File "C:\Users\simip\AppData\Local\Programs\Python\Python39\lib\socketserver.py", line 747, in __init__
    self.handle()
  File "C:\Users\simip\AppData\Local\Programs\Python\Python39\lib\http\server.py", line 427, in handle
    self.handle_one_request()
  File "C:\Users\simip\AppData\Local\Programs\Python\Python39\lib\http\server.py", line 393, in handle_one_request
    self.raw_requestline = self.rfile.readline(65537)
  File "C:\Users\simip\AppData\Local\Programs\Python\Python39\lib\socket.py", line 704, in readinto
    return self._sock.recv_into(b)
ConnectionResetError: [WinError 10054] An existing connection was forcibly closed by the remote host
----------------------------------------
----------------------------------------
Exception occurred during processing of request from ('127.0.0.1', 52025)
----------------------------------------
----------------------------------------
----------------------------------------
----------------------------------------
Exception occurred during processing of request from ('127.0.0.1', 54321)
Exception occurred during processing of request from ('127.0.0.1', 59999)
Traceback (most recent call last):
Exception occurred during processing of request from ('127.0.0.1', 50238)
Exception occurred during processing of request from ('127.0.0.1', 54226)
----------------------------------------
  File "C:\Users\simip\AppData\Local\Programs\Python\Python39\lib\socketserver.py", line 683, in process_request_thread
    self.finish_request(request, client_address)
Exception occurred during processing of request from ('127.0.0.1', 61764)
  File "C:\Users\simip\AppData\Local\Programs\Python\Python39\lib\socketserver.py", line 360, in finish_request
    self.RequestHandlerClass(request, client_address, self)
  File "C:\Users\simip\AppData\Local\Programs\Python\Python39\lib\http\server.py", line 651, in __init__
    super().__init__(*args, **kwargs)
  File "C:\Users\simip\AppData\Local\Programs\Python\Python39\lib\socketserver.py", line 747, in __init__
    self.handle()
  File "C:\Users\simip\AppData\Local\Programs\Python\Python39\lib\http\server.py", line 427, in handle
    self.handle_one_request()
  File "C:\Users\simip\AppData\Local\Programs\Python\Python39\lib\http\server.py", line 393, in handle_one_request
    self.raw_requestline = self.rfile.readline(65537)
  File "C:\Users\simip\AppData\Local\Programs\Python\Python39\lib\socket.py", line 704, in readinto
    return self._sock.recv_into(b)
ConnectionResetError: [WinError 10054] An existing connection was forcibly closed by the remote host
----------------------------------------
Traceback (most recent call last):
Traceback (most recent call last):
  File "C:\Users\simip\AppData\Local\Programs\Python\Python39\lib\socketserver.py", line 683, in process_request_thread
    self.finish_request(request, client_address)
Traceback (most recent call last):
Traceback (most recent call last):
  File "C:\Users\simip\AppData\Local\Programs\Python\Python39\lib\socketserver.py", line 683, in process_request_thread
    self.finish_request(request, client_address)
  File "C:\Users\simip\AppData\Local\Programs\Python\Python39\lib\socketserver.py", line 360, in finish_request
    self.RequestHandlerClass(request, client_address, self)
Traceback (most recent call last):
  File "C:\Users\simip\AppData\Local\Programs\Python\Python39\lib\socketserver.py", line 360, in finish_request
    self.RequestHandlerClass(request, client_address, self)
  File "C:\Users\simip\AppData\Local\Programs\Python\Python39\lib\http\server.py", line 651, in __init__
    super().__init__(*args, **kwargs)
  File "C:\Users\simip\AppData\Local\Programs\Python\Python39\lib\socketserver.py", line 747, in __init__
    self.handle()
  File "C:\Users\simip\AppData\Local\Programs\Python\Python39\lib\socketserver.py", line 683, in process_request_thread
    self.finish_request(request, client_address)
  File "C:\Users\simip\AppData\Local\Programs\Python\Python39\lib\socketserver.py", line 683, in process_request_thread
    self.finish_request(request, client_address)
  File "C:\Users\simip\AppData\Local\Programs\Python\Python39\lib\http\server.py", line 651, in __init__
    super().__init__(*args, **kwargs)
  File "C:\Users\simip\AppData\Local\Programs\Python\Python39\lib\socketserver.py", line 747, in __init__
    self.handle()
  File "C:\Users\simip\AppData\Local\Programs\Python\Python39\lib\http\server.py", line 427, in handle
    self.handle_one_request()
  File "C:\Users\simip\AppData\Local\Programs\Python\Python39\lib\socketserver.py", line 360, in finish_request
    self.RequestHandlerClass(request, client_address, self)
  File "C:\Users\simip\AppData\Local\Programs\Python\Python39\lib\socketserver.py", line 683, in process_request_thread
    self.finish_request(request, client_address)
  File "C:\Users\simip\AppData\Local\Programs\Python\Python39\lib\socketserver.py", line 360, in finish_request
    self.RequestHandlerClass(request, client_address, self)
  File "C:\Users\simip\AppData\Local\Programs\Python\Python39\lib\http\server.py", line 651, in __init__
    super().__init__(*args, **kwargs)
  File "C:\Users\simip\AppData\Local\Programs\Python\Python39\lib\http\server.py", line 393, in handle_one_request
    self.raw_requestline = self.rfile.readline(65537)
  File "C:\Users\simip\AppData\Local\Programs\Python\Python39\lib\http\server.py", line 651, in __init__
    super().__init__(*args, **kwargs)
  File "C:\Users\simip\AppData\Local\Programs\Python\Python39\lib\socketserver.py", line 747, in __init__
    self.handle()
  File "C:\Users\simip\AppData\Local\Programs\Python\Python39\lib\socket.py", line 704, in readinto
    return self._sock.recv_into(b)
  File "C:\Users\simip\AppData\Local\Programs\Python\Python39\lib\socketserver.py", line 747, in __init__
    self.handle()
  File "C:\Users\simip\AppData\Local\Programs\Python\Python39\lib\http\server.py", line 427, in handle
    self.handle_one_request()
ConnectionResetError: [WinError 10054] An existing connection was forcibly closed by the remote host
  File "C:\Users\simip\AppData\Local\Programs\Python\Python39\lib\http\server.py", line 427, in handle
    self.handle_one_request()
  File "C:\Users\simip\AppData\Local\Programs\Python\Python39\lib\http\server.py", line 393, in handle_one_request
    self.raw_requestline = self.rfile.readline(65537)
----------------------------------------
  File "C:\Users\simip\AppData\Local\Programs\Python\Python39\lib\http\server.py", line 393, in handle_one_request
    self.raw_requestline = self.rfile.readline(65537)
  File "C:\Users\simip\AppData\Local\Programs\Python\Python39\lib\socket.py", line 704, in readinto
    return self._sock.recv_into(b)
  File "C:\Users\simip\AppData\Local\Programs\Python\Python39\lib\socketserver.py", line 360, in finish_request
    self.RequestHandlerClass(request, client_address, self)
  File "C:\Users\simip\AppData\Local\Programs\Python\Python39\lib\http\server.py", line 651, in __init__
    super().__init__(*args, **kwargs)
ConnectionResetError: [WinError 10054] An existing connection was forcibly closed by the remote host
  File "C:\Users\simip\AppData\Local\Programs\Python\Python39\lib\socket.py", line 704, in readinto
    return self._sock.recv_into(b)
  File "C:\Users\simip\AppData\Local\Programs\Python\Python39\lib\http\server.py", line 427, in handle
    self.handle_one_request()
  File "C:\Users\simip\AppData\Local\Programs\Python\Python39\lib\http\server.py", line 393, in handle_one_request
    self.raw_requestline = self.rfile.readline(65537)
  File "C:\Users\simip\AppData\Local\Programs\Python\Python39\lib\socketserver.py", line 747, in __init__
    self.handle()
ConnectionResetError: [WinError 10054] An existing connection was forcibly closed by the remote host
----------------------------------------
----------------------------------------
  File "C:\Users\simip\AppData\Local\Programs\Python\Python39\lib\socket.py", line 704, in readinto
    return self._sock.recv_into(b)
  File "C:\Users\simip\AppData\Local\Programs\Python\Python39\lib\http\server.py", line 427, in handle
    self.handle_one_request()
ConnectionResetError: [WinError 10054] An existing connection was forcibly closed by the remote host
  File "C:\Users\simip\AppData\Local\Programs\Python\Python39\lib\http\server.py", line 393, in handle_one_request
    self.raw_requestline = self.rfile.readline(65537)
----------------------------------------
  File "C:\Users\simip\AppData\Local\Programs\Python\Python39\lib\socket.py", line 704, in readinto
    return self._sock.recv_into(b)
ConnectionResetError: [WinError 10054] An existing connection was forcibly closed by the remote host
----------------------------------------
----------------------------------------
Exception occurred during processing of request from ('127.0.0.1', 56580)
----------------------------------------
Exception occurred during processing of request from ('127.0.0.1', 56331)
----------------------------------------
----------------------------------------
----------------------------------------
----------------------------------------
Exception occurred during processing of request from ('127.0.0.1', 61940)
Exception occurred during processing of request from ('127.0.0.1', 61952)
Exception occurred during processing of request from ('127.0.0.1', 65382)
Exception occurred during processing of request from ('127.0.0.1', 57258)
Traceback (most recent call last):
  File "C:\Users\simip\AppData\Local\Programs\Python\Python39\lib\socketserver.py", line 683, in process_request_thread
    self.finish_request(request, client_address)
  File "C:\Users\simip\AppData\Local\Programs\Python\Python39\lib\socketserver.py", line 360, in finish_request
    self.RequestHandlerClass(request, client_address, self)
  File "C:\Users\simip\AppData\Local\Programs\Python\Python39\lib\http\server.py", line 651, in __init__
    super().__init__(*args, **kwargs)
  File "C:\Users\simip\AppData\Local\Programs\Python\Python39\lib\socketserver.py", line 747, in __init__
    self.handle()
Traceback (most recent call last):
  File "C:\Users\simip\AppData\Local\Programs\Python\Python39\lib\http\server.py", line 427, in handle
    self.handle_one_request()
  File "C:\Users\simip\AppData\Local\Programs\Python\Python39\lib\http\server.py", line 393, in handle_one_request
    self.raw_requestline = self.rfile.readline(65537)
  File "C:\Users\simip\AppData\Local\Programs\Python\Python39\lib\socketserver.py", line 683, in process_request_thread
    self.finish_request(request, client_address)
Traceback (most recent call last):
  File "C:\Users\simip\AppData\Local\Programs\Python\Python39\lib\socketserver.py", line 360, in finish_request
    self.RequestHandlerClass(request, client_address, self)
  File "C:\Users\simip\AppData\Local\Programs\Python\Python39\lib\http\server.py", line 651, in __init__
    super().__init__(*args, **kwargs)
  File "C:\Users\simip\AppData\Local\Programs\Python\Python39\lib\socketserver.py", line 683, in process_request_thread
    self.finish_request(request, client_address)
  File "C:\Users\simip\AppData\Local\Programs\Python\Python39\lib\socketserver.py", line 747, in __init__
    self.handle()
  File "C:\Users\simip\AppData\Local\Programs\Python\Python39\lib\socket.py", line 704, in readinto
    return self._sock.recv_into(b)
Traceback (most recent call last):
Traceback (most recent call last):
ConnectionResetError: [WinError 10054] An existing connection was forcibly closed by the remote host
  File "C:\Users\simip\AppData\Local\Programs\Python\Python39\lib\socketserver.py", line 360, in finish_request
    self.RequestHandlerClass(request, client_address, self)
Traceback (most recent call last):
  File "C:\Users\simip\AppData\Local\Programs\Python\Python39\lib\http\server.py", line 427, in handle
    self.handle_one_request()
  File "C:\Users\simip\AppData\Local\Programs\Python\Python39\lib\socketserver.py", line 683, in process_request_thread
    self.finish_request(request, client_address)
  File "C:\Users\simip\AppData\Local\Programs\Python\Python39\lib\socketserver.py", line 683, in process_request_thread
    self.finish_request(request, client_address)
----------------------------------------
  File "C:\Users\simip\AppData\Local\Programs\Python\Python39\lib\http\server.py", line 651, in __init__
    super().__init__(*args, **kwargs)
  File "C:\Users\simip\AppData\Local\Programs\Python\Python39\lib\socketserver.py", line 683, in process_request_thread
    self.finish_request(request, client_address)
  File "C:\Users\simip\AppData\Local\Programs\Python\Python39\lib\http\server.py", line 393, in handle_one_request
    self.raw_requestline = self.rfile.readline(65537)
  File "C:\Users\simip\AppData\Local\Programs\Python\Python39\lib\socketserver.py", line 747, in __init__
    self.handle()
  File "C:\Users\simip\AppData\Local\Programs\Python\Python39\lib\socketserver.py", line 360, in finish_request
    self.RequestHandlerClass(request, client_address, self)
  File "C:\Users\simip\AppData\Local\Programs\Python\Python39\lib\http\server.py", line 651, in __init__
    super().__init__(*args, **kwargs)
  File "C:\Users\simip\AppData\Local\Programs\Python\Python39\lib\socketserver.py", line 747, in __init__
    self.handle()
  File "C:\Users\simip\AppData\Local\Programs\Python\Python39\lib\http\server.py", line 427, in handle
    self.handle_one_request()
  File "C:\Users\simip\AppData\Local\Programs\Python\Python39\lib\socketserver.py", line 360, in finish_request
    self.RequestHandlerClass(request, client_address, self)
  File "C:\Users\simip\AppData\Local\Programs\Python\Python39\lib\http\server.py", line 427, in handle
    self.handle_one_request()
  File "C:\Users\simip\AppData\Local\Programs\Python\Python39\lib\socketserver.py", line 360, in finish_request
    self.RequestHandlerClass(request, client_address, self)
  File "C:\Users\simip\AppData\Local\Programs\Python\Python39\lib\socket.py", line 704, in readinto
    return self._sock.recv_into(b)
  File "C:\Users\simip\AppData\Local\Programs\Python\Python39\lib\http\server.py", line 651, in __init__
    super().__init__(*args, **kwargs)
  File "C:\Users\simip\AppData\Local\Programs\Python\Python39\lib\http\server.py", line 393, in handle_one_request
    self.raw_requestline = self.rfile.readline(65537)
ConnectionResetError: [WinError 10054] An existing connection was forcibly closed by the remote host
  File "C:\Users\simip\AppData\Local\Programs\Python\Python39\lib\socketserver.py", line 747, in __init__
    self.handle()
  File "C:\Users\simip\AppData\Local\Programs\Python\Python39\lib\socket.py", line 704, in readinto
    return self._sock.recv_into(b)
----------------------------------------
  File "C:\Users\simip\AppData\Local\Programs\Python\Python39\lib\http\server.py", line 427, in handle
    self.handle_one_request()
ConnectionResetError: [WinError 10054] An existing connection was forcibly closed by the remote host
  File "C:\Users\simip\AppData\Local\Programs\Python\Python39\lib\http\server.py", line 651, in __init__
    super().__init__(*args, **kwargs)
  File "C:\Users\simip\AppData\Local\Programs\Python\Python39\lib\http\server.py", line 393, in handle_one_request
    self.raw_requestline = self.rfile.readline(65537)
  File "C:\Users\simip\AppData\Local\Programs\Python\Python39\lib\http\server.py", line 393, in handle_one_request
    self.raw_requestline = self.rfile.readline(65537)
----------------------------------------
  File "C:\Users\simip\AppData\Local\Programs\Python\Python39\lib\socketserver.py", line 747, in __init__
    self.handle()
  File "C:\Users\simip\AppData\Local\Programs\Python\Python39\lib\socket.py", line 704, in readinto
    return self._sock.recv_into(b)
  File "C:\Users\simip\AppData\Local\Programs\Python\Python39\lib\http\server.py", line 427, in handle
    self.handle_one_request()
ConnectionResetError: [WinError 10054] An existing connection was forcibly closed by the remote host
  File "C:\Users\simip\AppData\Local\Programs\Python\Python39\lib\http\server.py", line 393, in handle_one_request
    self.raw_requestline = self.rfile.readline(65537)
----------------------------------------
  File "C:\Users\simip\AppData\Local\Programs\Python\Python39\lib\socket.py", line 704, in readinto
    return self._sock.recv_into(b)
  File "C:\Users\simip\AppData\Local\Programs\Python\Python39\lib\socket.py", line 704, in readinto
    return self._sock.recv_into(b)
ConnectionResetError: [WinError 10054] An existing connection was forcibly closed by the remote host
ConnectionResetError: [WinError 10054] An existing connection was forcibly closed by the remote host
----------------------------------------
----------------------------------------
----------------------------------------
----------------------------------------
Exception occurred during processing of request from ('127.0.0.1', 59088)
----------------------------------------
Exception occurred during processing of request from ('127.0.0.1', 53232)
----------------------------------------
Exception occurred during processing of request from ('127.0.0.1', 56422)
----------------------------------------
----------------------------------------
Exception occurred during processing of request from ('127.0.0.1', 62067)
Exception occurred during processing of request from ('127.0.0.1', 52544)
Exception occurred during processing of request from ('127.0.0.1', 56253)
Traceback (most recent call last):
  File "C:\Users\simip\AppData\Local\Programs\Python\Python39\lib\socketserver.py", line 683, in process_request_thread
    self.finish_request(request, client_address)
Traceback (most recent call last):
  File "C:\Users\simip\AppData\Local\Programs\Python\Python39\lib\socketserver.py", line 360, in finish_request
    self.RequestHandlerClass(request, client_address, self)
  File "C:\Users\simip\AppData\Local\Programs\Python\Python39\lib\socketserver.py", line 683, in process_request_thread
    self.finish_request(request, client_address)
  File "C:\Users\simip\AppData\Local\Programs\Python\Python39\lib\socketserver.py", line 360, in finish_request
    self.RequestHandlerClass(request, client_address, self)
Traceback (most recent call last):
  File "C:\Users\simip\AppData\Local\Programs\Python\Python39\lib\http\server.py", line 651, in __init__
    super().__init__(*args, **kwargs)
  File "C:\Users\simip\AppData\Local\Programs\Python\Python39\lib\socketserver.py", line 747, in __init__
    self.handle()
  File "C:\Users\simip\AppData\Local\Programs\Python\Python39\lib\http\server.py", line 427, in handle
    self.handle_one_request()
  File "C:\Users\simip\AppData\Local\Programs\Python\Python39\lib\http\server.py", line 393, in handle_one_request
    self.raw_requestline = self.rfile.readline(65537)
  File "C:\Users\simip\AppData\Local\Programs\Python\Python39\lib\socket.py", line 704, in readinto
    return self._sock.recv_into(b)
ConnectionResetError: [WinError 10054] An existing connection was forcibly closed by the remote host
----------------------------------------
  File "C:\Users\simip\AppData\Local\Programs\Python\Python39\lib\http\server.py", line 651, in __init__
    super().__init__(*args, **kwargs)
  File "C:\Users\simip\AppData\Local\Programs\Python\Python39\lib\socketserver.py", line 747, in __init__
    self.handle()
  File "C:\Users\simip\AppData\Local\Programs\Python\Python39\lib\socketserver.py", line 683, in process_request_thread
    self.finish_request(request, client_address)
Traceback (most recent call last):
  File "C:\Users\simip\AppData\Local\Programs\Python\Python39\lib\http\server.py", line 427, in handle
    self.handle_one_request()
  File "C:\Users\simip\AppData\Local\Programs\Python\Python39\lib\socketserver.py", line 360, in finish_request
    self.RequestHandlerClass(request, client_address, self)
  File "C:\Users\simip\AppData\Local\Programs\Python\Python39\lib\socketserver.py", line 683, in process_request_thread
    self.finish_request(request, client_address)
  File "C:\Users\simip\AppData\Local\Programs\Python\Python39\lib\http\server.py", line 393, in handle_one_request
    self.raw_requestline = self.rfile.readline(65537)
  File "C:\Users\simip\AppData\Local\Programs\Python\Python39\lib\socket.py", line 704, in readinto
    return self._sock.recv_into(b)
ConnectionResetError: [WinError 10054] An existing connection was forcibly closed by the remote host
----------------------------------------
Traceback (most recent call last):
  File "C:\Users\simip\AppData\Local\Programs\Python\Python39\lib\http\server.py", line 651, in __init__
    super().__init__(*args, **kwargs)
  File "C:\Users\simip\AppData\Local\Programs\Python\Python39\lib\socketserver.py", line 747, in __init__
    self.handle()
  File "C:\Users\simip\AppData\Local\Programs\Python\Python39\lib\http\server.py", line 427, in handle
    self.handle_one_request()
  File "C:\Users\simip\AppData\Local\Programs\Python\Python39\lib\http\server.py", line 393, in handle_one_request
    self.raw_requestline = self.rfile.readline(65537)
  File "C:\Users\simip\AppData\Local\Programs\Python\Python39\lib\socket.py", line 704, in readinto
    return self._sock.recv_into(b)
ConnectionResetError: [WinError 10054] An existing connection was forcibly closed by the remote host
  File "C:\Users\simip\AppData\Local\Programs\Python\Python39\lib\socketserver.py", line 683, in process_request_thread
    self.finish_request(request, client_address)
  File "C:\Users\simip\AppData\Local\Programs\Python\Python39\lib\socketserver.py", line 360, in finish_request
    self.RequestHandlerClass(request, client_address, self)
  File "C:\Users\simip\AppData\Local\Programs\Python\Python39\lib\http\server.py", line 651, in __init__
    super().__init__(*args, **kwargs)
  File "C:\Users\simip\AppData\Local\Programs\Python\Python39\lib\socketserver.py", line 360, in finish_request
    self.RequestHandlerClass(request, client_address, self)
Traceback (most recent call last):
  File "C:\Users\simip\AppData\Local\Programs\Python\Python39\lib\socketserver.py", line 683, in process_request_thread
    self.finish_request(request, client_address)
  File "C:\Users\simip\AppData\Local\Programs\Python\Python39\lib\socketserver.py", line 360, in finish_request
    self.RequestHandlerClass(request, client_address, self)
----------------------------------------
  File "C:\Users\simip\AppData\Local\Programs\Python\Python39\lib\http\server.py", line 651, in __init__
    super().__init__(*args, **kwargs)
  File "C:\Users\simip\AppData\Local\Programs\Python\Python39\lib\socketserver.py", line 747, in __init__
    self.handle()
  File "C:\Users\simip\AppData\Local\Programs\Python\Python39\lib\http\server.py", line 427, in handle
    self.handle_one_request()
  File "C:\Users\simip\AppData\Local\Programs\Python\Python39\lib\socketserver.py", line 747, in __init__
    self.handle()
  File "C:\Users\simip\AppData\Local\Programs\Python\Python39\lib\http\server.py", line 651, in __init__
    super().__init__(*args, **kwargs)
  File "C:\Users\simip\AppData\Local\Programs\Python\Python39\lib\http\server.py", line 427, in handle
    self.handle_one_request()
  File "C:\Users\simip\AppData\Local\Programs\Python\Python39\lib\socketserver.py", line 747, in __init__
    self.handle()
  File "C:\Users\simip\AppData\Local\Programs\Python\Python39\lib\http\server.py", line 393, in handle_one_request
    self.raw_requestline = self.rfile.readline(65537)
  File "C:\Users\simip\AppData\Local\Programs\Python\Python39\lib\http\server.py", line 427, in handle
    self.handle_one_request()
  File "C:\Users\simip\AppData\Local\Programs\Python\Python39\lib\socket.py", line 704, in readinto
    return self._sock.recv_into(b)
ConnectionResetError: [WinError 10054] An existing connection was forcibly closed by the remote host
  File "C:\Users\simip\AppData\Local\Programs\Python\Python39\lib\http\server.py", line 393, in handle_one_request
    self.raw_requestline = self.rfile.readline(65537)
----------------------------------------
  File "C:\Users\simip\AppData\Local\Programs\Python\Python39\lib\http\server.py", line 393, in handle_one_request
    self.raw_requestline = self.rfile.readline(65537)
  File "C:\Users\simip\AppData\Local\Programs\Python\Python39\lib\socket.py", line 704, in readinto
    return self._sock.recv_into(b)
ConnectionResetError: [WinError 10054] An existing connection was forcibly closed by the remote host
  File "C:\Users\simip\AppData\Local\Programs\Python\Python39\lib\socket.py", line 704, in readinto
    return self._sock.recv_into(b)
----------------------------------------
ConnectionResetError: [WinError 10054] An existing connection was forcibly closed by the remote host
----------------------------------------
----------------------------------------
Exception occurred during processing of request from ('127.0.0.1', 65344)
Traceback (most recent call last):
  File "C:\Users\simip\AppData\Local\Programs\Python\Python39\lib\socketserver.py", line 683, in process_request_thread
    self.finish_request(request, client_address)
  File "C:\Users\simip\AppData\Local\Programs\Python\Python39\lib\socketserver.py", line 360, in finish_request
    self.RequestHandlerClass(request, client_address, self)
  File "C:\Users\simip\AppData\Local\Programs\Python\Python39\lib\http\server.py", line 651, in __init__
    super().__init__(*args, **kwargs)
  File "C:\Users\simip\AppData\Local\Programs\Python\Python39\lib\socketserver.py", line 747, in __init__
    self.handle()
  File "C:\Users\simip\AppData\Local\Programs\Python\Python39\lib\http\server.py", line 427, in handle
    self.handle_one_request()
  File "C:\Users\simip\AppData\Local\Programs\Python\Python39\lib\http\server.py", line 393, in handle_one_request
    self.raw_requestline = self.rfile.readline(65537)
  File "C:\Users\simip\AppData\Local\Programs\Python\Python39\lib\socket.py", line 704, in readinto
    return self._sock.recv_into(b)
ConnectionResetError: [WinError 10054] An existing connection was forcibly closed by the remote host
----------------------------------------
----------------------------------------
Exception occurred during processing of request from ('127.0.0.1', 59150)
Traceback (most recent call last):
  File "C:\Users\simip\AppData\Local\Programs\Python\Python39\lib\socketserver.py", line 683, in process_request_thread
    self.finish_request(request, client_address)
  File "C:\Users\simip\AppData\Local\Programs\Python\Python39\lib\socketserver.py", line 360, in finish_request
    self.RequestHandlerClass(request, client_address, self)
  File "C:\Users\simip\AppData\Local\Programs\Python\Python39\lib\http\server.py", line 651, in __init__
    super().__init__(*args, **kwargs)
  File "C:\Users\simip\AppData\Local\Programs\Python\Python39\lib\socketserver.py", line 747, in __init__
    self.handle()
  File "C:\Users\simip\AppData\Local\Programs\Python\Python39\lib\http\server.py", line 427, in handle
    self.handle_one_request()
  File "C:\Users\simip\AppData\Local\Programs\Python\Python39\lib\http\server.py", line 393, in handle_one_request
    self.raw_requestline = self.rfile.readline(65537)
  File "C:\Users\simip\AppData\Local\Programs\Python\Python39\lib\socket.py", line 704, in readinto
    return self._sock.recv_into(b)
ConnectionResetError: [WinError 10054] An existing connection was forcibly closed by the remote host
----------------------------------------
----------------------------------------
Exception occurred during processing of request from ('127.0.0.1', 50918)
----------------------------------------
Exception occurred during processing of request from ('127.0.0.1', 57767)
----------------------------------------
Exception occurred during processing of request from ('127.0.0.1', 49895)
Traceback (most recent call last):
  File "C:\Users\simip\AppData\Local\Programs\Python\Python39\lib\socketserver.py", line 683, in process_request_thread
    self.finish_request(request, client_address)
  File "C:\Users\simip\AppData\Local\Programs\Python\Python39\lib\socketserver.py", line 360, in finish_request
    self.RequestHandlerClass(request, client_address, self)
  File "C:\Users\simip\AppData\Local\Programs\Python\Python39\lib\http\server.py", line 651, in __init__
    super().__init__(*args, **kwargs)
  File "C:\Users\simip\AppData\Local\Programs\Python\Python39\lib\socketserver.py", line 747, in __init__
    self.handle()
  File "C:\Users\simip\AppData\Local\Programs\Python\Python39\lib\http\server.py", line 427, in handle
    self.handle_one_request()
  File "C:\Users\simip\AppData\Local\Programs\Python\Python39\lib\http\server.py", line 393, in handle_one_request
    self.raw_requestline = self.rfile.readline(65537)
  File "C:\Users\simip\AppData\Local\Programs\Python\Python39\lib\socket.py", line 704, in readinto
    return self._sock.recv_into(b)
ConnectionResetError: [WinError 10054] An existing connection was forcibly closed by the remote host
----------------------------------------
Traceback (most recent call last):
  File "C:\Users\simip\AppData\Local\Programs\Python\Python39\lib\socketserver.py", line 683, in process_request_thread
    self.finish_request(request, client_address)
  File "C:\Users\simip\AppData\Local\Programs\Python\Python39\lib\socketserver.py", line 360, in finish_request
    self.RequestHandlerClass(request, client_address, self)
  File "C:\Users\simip\AppData\Local\Programs\Python\Python39\lib\http\server.py", line 651, in __init__
    super().__init__(*args, **kwargs)
  File "C:\Users\simip\AppData\Local\Programs\Python\Python39\lib\socketserver.py", line 747, in __init__
    self.handle()
  File "C:\Users\simip\AppData\Local\Programs\Python\Python39\lib\http\server.py", line 427, in handle
    self.handle_one_request()
  File "C:\Users\simip\AppData\Local\Programs\Python\Python39\lib\http\server.py", line 393, in handle_one_request
    self.raw_requestline = self.rfile.readline(65537)
  File "C:\Users\simip\AppData\Local\Programs\Python\Python39\lib\socket.py", line 704, in readinto
    return self._sock.recv_into(b)
ConnectionResetError: [WinError 10054] An existing connection was forcibly closed by the remote host
----------------------------------------
Traceback (most recent call last):
  File "C:\Users\simip\AppData\Local\Programs\Python\Python39\lib\socketserver.py", line 683, in process_request_thread
    self.finish_request(request, client_address)
  File "C:\Users\simip\AppData\Local\Programs\Python\Python39\lib\socketserver.py", line 360, in finish_request
    self.RequestHandlerClass(request, client_address, self)
  File "C:\Users\simip\AppData\Local\Programs\Python\Python39\lib\http\server.py", line 651, in __init__
    super().__init__(*args, **kwargs)
  File "C:\Users\simip\AppData\Local\Programs\Python\Python39\lib\socketserver.py", line 747, in __init__
    self.handle()
  File "C:\Users\simip\AppData\Local\Programs\Python\Python39\lib\http\server.py", line 427, in handle
    self.handle_one_request()
  File "C:\Users\simip\AppData\Local\Programs\Python\Python39\lib\http\server.py", line 393, in handle_one_request
    self.raw_requestline = self.rfile.readline(65537)
  File "C:\Users\simip\AppData\Local\Programs\Python\Python39\lib\socket.py", line 704, in readinto
    return self._sock.recv_into(b)
ConnectionResetError: [WinError 10054] An existing connection was forcibly closed by the remote host
----------------------------------------
----------------------------------------
Exception occurred during processing of request from ('127.0.0.1', 61883)
Traceback (most recent call last):
  File "C:\Users\simip\AppData\Local\Programs\Python\Python39\lib\socketserver.py", line 683, in process_request_thread
    self.finish_request(request, client_address)
  File "C:\Users\simip\AppData\Local\Programs\Python\Python39\lib\socketserver.py", line 360, in finish_request
    self.RequestHandlerClass(request, client_address, self)
  File "C:\Users\simip\AppData\Local\Programs\Python\Python39\lib\http\server.py", line 651, in __init__
    super().__init__(*args, **kwargs)
  File "C:\Users\simip\AppData\Local\Programs\Python\Python39\lib\socketserver.py", line 747, in __init__
    self.handle()
  File "C:\Users\simip\AppData\Local\Programs\Python\Python39\lib\http\server.py", line 427, in handle
    self.handle_one_request()
  File "C:\Users\simip\AppData\Local\Programs\Python\Python39\lib\http\server.py", line 393, in handle_one_request
    self.raw_requestline = self.rfile.readline(65537)
  File "C:\Users\simip\AppData\Local\Programs\Python\Python39\lib\socket.py", line 704, in readinto
    return self._sock.recv_into(b)
ConnectionResetError: [WinError 10054] An existing connection was forcibly closed by the remote host
----------------------------------------
----------------------------------------
Exception occurred during processing of request from ('127.0.0.1', 65175)
Traceback (most recent call last):
  File "C:\Users\simip\AppData\Local\Programs\Python\Python39\lib\socketserver.py", line 683, in process_request_thread
    self.finish_request(request, client_address)
  File "C:\Users\simip\AppData\Local\Programs\Python\Python39\lib\socketserver.py", line 360, in finish_request
    self.RequestHandlerClass(request, client_address, self)
  File "C:\Users\simip\AppData\Local\Programs\Python\Python39\lib\http\server.py", line 651, in __init__
    super().__init__(*args, **kwargs)
  File "C:\Users\simip\AppData\Local\Programs\Python\Python39\lib\socketserver.py", line 747, in __init__
    self.handle()
  File "C:\Users\simip\AppData\Local\Programs\Python\Python39\lib\http\server.py", line 427, in handle
    self.handle_one_request()
  File "C:\Users\simip\AppData\Local\Programs\Python\Python39\lib\http\server.py", line 393, in handle_one_request
    self.raw_requestline = self.rfile.readline(65537)
  File "C:\Users\simip\AppData\Local\Programs\Python\Python39\lib\socket.py", line 704, in readinto
    return self._sock.recv_into(b)
ConnectionResetError: [WinError 10054] An existing connection was forcibly closed by the remote host
----------------------------------------
----------------------------------------
----------------------------------------
----------------------------------------
----------------------------------------
----------------------------------------
Exception occurred during processing of request from ('127.0.0.1', 52033)
Exception occurred during processing of request from ('127.0.0.1', 55159)
Exception occurred during processing of request from ('127.0.0.1', 64816)
Exception occurred during processing of request from ('127.0.0.1', 58009)
Exception occurred during processing of request from ('127.0.0.1', 57142)
Traceback (most recent call last):
  File "C:\Users\simip\AppData\Local\Programs\Python\Python39\lib\socketserver.py", line 683, in process_request_thread
    self.finish_request(request, client_address)
  File "C:\Users\simip\AppData\Local\Programs\Python\Python39\lib\socketserver.py", line 360, in finish_request
    self.RequestHandlerClass(request, client_address, self)
  File "C:\Users\simip\AppData\Local\Programs\Python\Python39\lib\http\server.py", line 651, in __init__
    super().__init__(*args, **kwargs)
  File "C:\Users\simip\AppData\Local\Programs\Python\Python39\lib\socketserver.py", line 747, in __init__
    self.handle()
  File "C:\Users\simip\AppData\Local\Programs\Python\Python39\lib\http\server.py", line 427, in handle
    self.handle_one_request()
  File "C:\Users\simip\AppData\Local\Programs\Python\Python39\lib\http\server.py", line 393, in handle_one_request
    self.raw_requestline = self.rfile.readline(65537)
  File "C:\Users\simip\AppData\Local\Programs\Python\Python39\lib\socket.py", line 704, in readinto
    return self._sock.recv_into(b)
ConnectionResetError: [WinError 10054] An existing connection was forcibly closed by the remote host
----------------------------------------
Traceback (most recent call last):
Traceback (most recent call last):
  File "C:\Users\simip\AppData\Local\Programs\Python\Python39\lib\socketserver.py", line 683, in process_request_thread
    self.finish_request(request, client_address)
  File "C:\Users\simip\AppData\Local\Programs\Python\Python39\lib\socketserver.py", line 683, in process_request_thread
    self.finish_request(request, client_address)
  File "C:\Users\simip\AppData\Local\Programs\Python\Python39\lib\socketserver.py", line 360, in finish_request
    self.RequestHandlerClass(request, client_address, self)
  File "C:\Users\simip\AppData\Local\Programs\Python\Python39\lib\http\server.py", line 651, in __init__
    super().__init__(*args, **kwargs)
Traceback (most recent call last):
  File "C:\Users\simip\AppData\Local\Programs\Python\Python39\lib\socketserver.py", line 360, in finish_request
    self.RequestHandlerClass(request, client_address, self)
  File "C:\Users\simip\AppData\Local\Programs\Python\Python39\lib\http\server.py", line 651, in __init__
    super().__init__(*args, **kwargs)
  File "C:\Users\simip\AppData\Local\Programs\Python\Python39\lib\socketserver.py", line 683, in process_request_thread
    self.finish_request(request, client_address)
  File "C:\Users\simip\AppData\Local\Programs\Python\Python39\lib\socketserver.py", line 747, in __init__
    self.handle()
Traceback (most recent call last):
  File "C:\Users\simip\AppData\Local\Programs\Python\Python39\lib\socketserver.py", line 360, in finish_request
    self.RequestHandlerClass(request, client_address, self)
  File "C:\Users\simip\AppData\Local\Programs\Python\Python39\lib\socketserver.py", line 683, in process_request_thread
    self.finish_request(request, client_address)
  File "C:\Users\simip\AppData\Local\Programs\Python\Python39\lib\socketserver.py", line 747, in __init__
    self.handle()
  File "C:\Users\simip\AppData\Local\Programs\Python\Python39\lib\http\server.py", line 427, in handle
    self.handle_one_request()
  File "C:\Users\simip\AppData\Local\Programs\Python\Python39\lib\http\server.py", line 427, in handle
    self.handle_one_request()
  File "C:\Users\simip\AppData\Local\Programs\Python\Python39\lib\socketserver.py", line 360, in finish_request
    self.RequestHandlerClass(request, client_address, self)
  File "C:\Users\simip\AppData\Local\Programs\Python\Python39\lib\http\server.py", line 651, in __init__
    super().__init__(*args, **kwargs)
  File "C:\Users\simip\AppData\Local\Programs\Python\Python39\lib\http\server.py", line 651, in __init__
    super().__init__(*args, **kwargs)
  File "C:\Users\simip\AppData\Local\Programs\Python\Python39\lib\socketserver.py", line 747, in __init__
    self.handle()
  File "C:\Users\simip\AppData\Local\Programs\Python\Python39\lib\socketserver.py", line 747, in __init__
    self.handle()
  File "C:\Users\simip\AppData\Local\Programs\Python\Python39\lib\http\server.py", line 427, in handle
    self.handle_one_request()
  File "C:\Users\simip\AppData\Local\Programs\Python\Python39\lib\http\server.py", line 393, in handle_one_request
    self.raw_requestline = self.rfile.readline(65537)
  File "C:\Users\simip\AppData\Local\Programs\Python\Python39\lib\http\server.py", line 427, in handle
    self.handle_one_request()
  File "C:\Users\simip\AppData\Local\Programs\Python\Python39\lib\http\server.py", line 393, in handle_one_request
    self.raw_requestline = self.rfile.readline(65537)
  File "C:\Users\simip\AppData\Local\Programs\Python\Python39\lib\socket.py", line 704, in readinto
    return self._sock.recv_into(b)
ConnectionResetError: [WinError 10054] An existing connection was forcibly closed by the remote host
  File "C:\Users\simip\AppData\Local\Programs\Python\Python39\lib\http\server.py", line 393, in handle_one_request
    self.raw_requestline = self.rfile.readline(65537)
  File "C:\Users\simip\AppData\Local\Programs\Python\Python39\lib\http\server.py", line 393, in handle_one_request
    self.raw_requestline = self.rfile.readline(65537)
  File "C:\Users\simip\AppData\Local\Programs\Python\Python39\lib\socket.py", line 704, in readinto
    return self._sock.recv_into(b)
----------------------------------------
  File "C:\Users\simip\AppData\Local\Programs\Python\Python39\lib\socket.py", line 704, in readinto
    return self._sock.recv_into(b)
  File "C:\Users\simip\AppData\Local\Programs\Python\Python39\lib\socket.py", line 704, in readinto
    return self._sock.recv_into(b)
ConnectionResetError: [WinError 10054] An existing connection was forcibly closed by the remote host
ConnectionResetError: [WinError 10054] An existing connection was forcibly closed by the remote host
----------------------------------------
----------------------------------------
ConnectionResetError: [WinError 10054] An existing connection was forcibly closed by the remote host
----------------------------------------
----------------------------------------
Exception occurred during processing of request from ('127.0.0.1', 63176)
----------------------------------------
Exception occurred during processing of request from ('127.0.0.1', 60018)
----------------------------------------
----------------------------------------
Exception occurred during processing of request from ('127.0.0.1', 56995)
Exception occurred during processing of request from ('127.0.0.1', 56138)
----------------------------------------
Exception occurred during processing of request from ('127.0.0.1', 61209)
Traceback (most recent call last):
Traceback (most recent call last):
  File "C:\Users\simip\AppData\Local\Programs\Python\Python39\lib\socketserver.py", line 683, in process_request_thread
    self.finish_request(request, client_address)
Traceback (most recent call last):
Traceback (most recent call last):
  File "C:\Users\simip\AppData\Local\Programs\Python\Python39\lib\socketserver.py", line 683, in process_request_thread
    self.finish_request(request, client_address)
  File "C:\Users\simip\AppData\Local\Programs\Python\Python39\lib\socketserver.py", line 360, in finish_request
    self.RequestHandlerClass(request, client_address, self)
  File "C:\Users\simip\AppData\Local\Programs\Python\Python39\lib\socketserver.py", line 683, in process_request_thread
    self.finish_request(request, client_address)
  File "C:\Users\simip\AppData\Local\Programs\Python\Python39\lib\socketserver.py", line 360, in finish_request
    self.RequestHandlerClass(request, client_address, self)
  File "C:\Users\simip\AppData\Local\Programs\Python\Python39\lib\http\server.py", line 651, in __init__
    super().__init__(*args, **kwargs)
  File "C:\Users\simip\AppData\Local\Programs\Python\Python39\lib\socketserver.py", line 747, in __init__
    self.handle()
  File "C:\Users\simip\AppData\Local\Programs\Python\Python39\lib\http\server.py", line 427, in handle
    self.handle_one_request()
  File "C:\Users\simip\AppData\Local\Programs\Python\Python39\lib\http\server.py", line 393, in handle_one_request
    self.raw_requestline = self.rfile.readline(65537)
  File "C:\Users\simip\AppData\Local\Programs\Python\Python39\lib\socket.py", line 704, in readinto
    return self._sock.recv_into(b)
----------------------------------------
ConnectionResetError: [WinError 10054] An existing connection was forcibly closed by the remote host
  File "C:\Users\simip\AppData\Local\Programs\Python\Python39\lib\http\server.py", line 651, in __init__
    super().__init__(*args, **kwargs)
Exception occurred during processing of request from ('127.0.0.1', 59670)
  File "C:\Users\simip\AppData\Local\Programs\Python\Python39\lib\socketserver.py", line 360, in finish_request
    self.RequestHandlerClass(request, client_address, self)
Traceback (most recent call last):
  File "C:\Users\simip\AppData\Local\Programs\Python\Python39\lib\socketserver.py", line 683, in process_request_thread
    self.finish_request(request, client_address)
  File "C:\Users\simip\AppData\Local\Programs\Python\Python39\lib\socketserver.py", line 360, in finish_request
    self.RequestHandlerClass(request, client_address, self)
  File "C:\Users\simip\AppData\Local\Programs\Python\Python39\lib\http\server.py", line 651, in __init__
    super().__init__(*args, **kwargs)
  File "C:\Users\simip\AppData\Local\Programs\Python\Python39\lib\socketserver.py", line 747, in __init__
    self.handle()
  File "C:\Users\simip\AppData\Local\Programs\Python\Python39\lib\http\server.py", line 427, in handle
    self.handle_one_request()
  File "C:\Users\simip\AppData\Local\Programs\Python\Python39\lib\http\server.py", line 393, in handle_one_request
    self.raw_requestline = self.rfile.readline(65537)
  File "C:\Users\simip\AppData\Local\Programs\Python\Python39\lib\socket.py", line 704, in readinto
    return self._sock.recv_into(b)
  File "C:\Users\simip\AppData\Local\Programs\Python\Python39\lib\socketserver.py", line 683, in process_request_thread
    self.finish_request(request, client_address)
  File "C:\Users\simip\AppData\Local\Programs\Python\Python39\lib\socketserver.py", line 747, in __init__
    self.handle()
  File "C:\Users\simip\AppData\Local\Programs\Python\Python39\lib\http\server.py", line 427, in handle
    self.handle_one_request()
  File "C:\Users\simip\AppData\Local\Programs\Python\Python39\lib\http\server.py", line 393, in handle_one_request
    self.raw_requestline = self.rfile.readline(65537)
  File "C:\Users\simip\AppData\Local\Programs\Python\Python39\lib\socket.py", line 704, in readinto
    return self._sock.recv_into(b)
  File "C:\Users\simip\AppData\Local\Programs\Python\Python39\lib\http\server.py", line 651, in __init__
    super().__init__(*args, **kwargs)
  File "C:\Users\simip\AppData\Local\Programs\Python\Python39\lib\socketserver.py", line 747, in __init__
    self.handle()
ConnectionResetError: [WinError 10054] An existing connection was forcibly closed by the remote host
  File "C:\Users\simip\AppData\Local\Programs\Python\Python39\lib\socketserver.py", line 360, in finish_request
    self.RequestHandlerClass(request, client_address, self)
  File "C:\Users\simip\AppData\Local\Programs\Python\Python39\lib\http\server.py", line 651, in __init__
    super().__init__(*args, **kwargs)
  File "C:\Users\simip\AppData\Local\Programs\Python\Python39\lib\socketserver.py", line 747, in __init__
    self.handle()
  File "C:\Users\simip\AppData\Local\Programs\Python\Python39\lib\http\server.py", line 427, in handle
    self.handle_one_request()
  File "C:\Users\simip\AppData\Local\Programs\Python\Python39\lib\http\server.py", line 393, in handle_one_request
    self.raw_requestline = self.rfile.readline(65537)
  File "C:\Users\simip\AppData\Local\Programs\Python\Python39\lib\socket.py", line 704, in readinto
    return self._sock.recv_into(b)
ConnectionResetError: [WinError 10054] An existing connection was forcibly closed by the remote host
----------------------------------------
Traceback (most recent call last):
----------------------------------------
----------------------------------------
  File "C:\Users\simip\AppData\Local\Programs\Python\Python39\lib\socketserver.py", line 683, in process_request_thread
    self.finish_request(request, client_address)
  File "C:\Users\simip\AppData\Local\Programs\Python\Python39\lib\socketserver.py", line 360, in finish_request
    self.RequestHandlerClass(request, client_address, self)
  File "C:\Users\simip\AppData\Local\Programs\Python\Python39\lib\http\server.py", line 651, in __init__
    super().__init__(*args, **kwargs)
  File "C:\Users\simip\AppData\Local\Programs\Python\Python39\lib\socketserver.py", line 747, in __init__
    self.handle()
  File "C:\Users\simip\AppData\Local\Programs\Python\Python39\lib\http\server.py", line 427, in handle
    self.handle_one_request()
ConnectionResetError: [WinError 10054] An existing connection was forcibly closed by the remote host
----------------------------------------
  File "C:\Users\simip\AppData\Local\Programs\Python\Python39\lib\http\server.py", line 393, in handle_one_request
    self.raw_requestline = self.rfile.readline(65537)
  File "C:\Users\simip\AppData\Local\Programs\Python\Python39\lib\socket.py", line 704, in readinto
    return self._sock.recv_into(b)
ConnectionResetError: [WinError 10054] An existing connection was forcibly closed by the remote host
----------------------------------------
  File "C:\Users\simip\AppData\Local\Programs\Python\Python39\lib\http\server.py", line 427, in handle
    self.handle_one_request()
  File "C:\Users\simip\AppData\Local\Programs\Python\Python39\lib\http\server.py", line 393, in handle_one_request
    self.raw_requestline = self.rfile.readline(65537)
  File "C:\Users\simip\AppData\Local\Programs\Python\Python39\lib\socket.py", line 704, in readinto
    return self._sock.recv_into(b)
ConnectionResetError: [WinError 10054] An existing connection was forcibly closed by the remote host
----------------------------------------
----------------------------------------
Exception occurred during processing of request from ('127.0.0.1', 57670)
----------------------------------------
Traceback (most recent call last):
----------------------------------------
----------------------------------------
Exception occurred during processing of request from ('127.0.0.1', 59619)
----------------------------------------
Exception occurred during processing of request from ('127.0.0.1', 61281)
Exception occurred during processing of request from ('127.0.0.1', 54582)
  File "C:\Users\simip\AppData\Local\Programs\Python\Python39\lib\socketserver.py", line 683, in process_request_thread
    self.finish_request(request, client_address)
  File "C:\Users\simip\AppData\Local\Programs\Python\Python39\lib\socketserver.py", line 360, in finish_request
    self.RequestHandlerClass(request, client_address, self)
  File "C:\Users\simip\AppData\Local\Programs\Python\Python39\lib\http\server.py", line 651, in __init__
    super().__init__(*args, **kwargs)
  File "C:\Users\simip\AppData\Local\Programs\Python\Python39\lib\socketserver.py", line 747, in __init__
    self.handle()
  File "C:\Users\simip\AppData\Local\Programs\Python\Python39\lib\http\server.py", line 427, in handle
    self.handle_one_request()
  File "C:\Users\simip\AppData\Local\Programs\Python\Python39\lib\http\server.py", line 393, in handle_one_request
    self.raw_requestline = self.rfile.readline(65537)
  File "C:\Users\simip\AppData\Local\Programs\Python\Python39\lib\socket.py", line 704, in readinto
    return self._sock.recv_into(b)
ConnectionResetError: [WinError 10054] An existing connection was forcibly closed by the remote host
----------------------------------------
Exception occurred during processing of request from ('127.0.0.1', 61437)
----------------------------------------
Exception occurred during processing of request from ('127.0.0.1', 64502)
Traceback (most recent call last):
  File "C:\Users\simip\AppData\Local\Programs\Python\Python39\lib\socketserver.py", line 683, in process_request_thread
    self.finish_request(request, client_address)
  File "C:\Users\simip\AppData\Local\Programs\Python\Python39\lib\socketserver.py", line 360, in finish_request
    self.RequestHandlerClass(request, client_address, self)
  File "C:\Users\simip\AppData\Local\Programs\Python\Python39\lib\http\server.py", line 651, in __init__
    super().__init__(*args, **kwargs)
  File "C:\Users\simip\AppData\Local\Programs\Python\Python39\lib\socketserver.py", line 747, in __init__
    self.handle()
Traceback (most recent call last):
  File "C:\Users\simip\AppData\Local\Programs\Python\Python39\lib\http\server.py", line 427, in handle
    self.handle_one_request()
Traceback (most recent call last):
  File "C:\Users\simip\AppData\Local\Programs\Python\Python39\lib\http\server.py", line 393, in handle_one_request
    self.raw_requestline = self.rfile.readline(65537)
  File "C:\Users\simip\AppData\Local\Programs\Python\Python39\lib\socketserver.py", line 683, in process_request_thread
    self.finish_request(request, client_address)
  File "C:\Users\simip\AppData\Local\Programs\Python\Python39\lib\socketserver.py", line 683, in process_request_thread
    self.finish_request(request, client_address)
  File "C:\Users\simip\AppData\Local\Programs\Python\Python39\lib\socket.py", line 704, in readinto
    return self._sock.recv_into(b)
ConnectionResetError: [WinError 10054] An existing connection was forcibly closed by the remote host
  File "C:\Users\simip\AppData\Local\Programs\Python\Python39\lib\socketserver.py", line 360, in finish_request
    self.RequestHandlerClass(request, client_address, self)
  File "C:\Users\simip\AppData\Local\Programs\Python\Python39\lib\socketserver.py", line 360, in finish_request
    self.RequestHandlerClass(request, client_address, self)
----------------------------------------
  File "C:\Users\simip\AppData\Local\Programs\Python\Python39\lib\http\server.py", line 651, in __init__
    super().__init__(*args, **kwargs)
  File "C:\Users\simip\AppData\Local\Programs\Python\Python39\lib\http\server.py", line 651, in __init__
    super().__init__(*args, **kwargs)
Traceback (most recent call last):
Traceback (most recent call last):
  File "C:\Users\simip\AppData\Local\Programs\Python\Python39\lib\socketserver.py", line 747, in __init__
    self.handle()
  File "C:\Users\simip\AppData\Local\Programs\Python\Python39\lib\socketserver.py", line 747, in __init__
    self.handle()
  File "C:\Users\simip\AppData\Local\Programs\Python\Python39\lib\socketserver.py", line 683, in process_request_thread
    self.finish_request(request, client_address)
  File "C:\Users\simip\AppData\Local\Programs\Python\Python39\lib\socketserver.py", line 683, in process_request_thread
    self.finish_request(request, client_address)
  File "C:\Users\simip\AppData\Local\Programs\Python\Python39\lib\http\server.py", line 427, in handle
    self.handle_one_request()
  File "C:\Users\simip\AppData\Local\Programs\Python\Python39\lib\http\server.py", line 427, in handle
    self.handle_one_request()
  File "C:\Users\simip\AppData\Local\Programs\Python\Python39\lib\socketserver.py", line 360, in finish_request
    self.RequestHandlerClass(request, client_address, self)
  File "C:\Users\simip\AppData\Local\Programs\Python\Python39\lib\socketserver.py", line 360, in finish_request
    self.RequestHandlerClass(request, client_address, self)
  File "C:\Users\simip\AppData\Local\Programs\Python\Python39\lib\http\server.py", line 393, in handle_one_request
    self.raw_requestline = self.rfile.readline(65537)
  File "C:\Users\simip\AppData\Local\Programs\Python\Python39\lib\http\server.py", line 393, in handle_one_request
    self.raw_requestline = self.rfile.readline(65537)
  File "C:\Users\simip\AppData\Local\Programs\Python\Python39\lib\http\server.py", line 651, in __init__
    super().__init__(*args, **kwargs)
  File "C:\Users\simip\AppData\Local\Programs\Python\Python39\lib\http\server.py", line 651, in __init__
    super().__init__(*args, **kwargs)
  File "C:\Users\simip\AppData\Local\Programs\Python\Python39\lib\socketserver.py", line 747, in __init__
    self.handle()
  File "C:\Users\simip\AppData\Local\Programs\Python\Python39\lib\socket.py", line 704, in readinto
    return self._sock.recv_into(b)
  File "C:\Users\simip\AppData\Local\Programs\Python\Python39\lib\socketserver.py", line 747, in __init__
    self.handle()
  File "C:\Users\simip\AppData\Local\Programs\Python\Python39\lib\socket.py", line 704, in readinto
    return self._sock.recv_into(b)
  File "C:\Users\simip\AppData\Local\Programs\Python\Python39\lib\http\server.py", line 427, in handle
    self.handle_one_request()
ConnectionResetError: [WinError 10054] An existing connection was forcibly closed by the remote host
  File "C:\Users\simip\AppData\Local\Programs\Python\Python39\lib\http\server.py", line 427, in handle
    self.handle_one_request()
  File "C:\Users\simip\AppData\Local\Programs\Python\Python39\lib\http\server.py", line 393, in handle_one_request
    self.raw_requestline = self.rfile.readline(65537)
ConnectionResetError: [WinError 10054] An existing connection was forcibly closed by the remote host
  File "C:\Users\simip\AppData\Local\Programs\Python\Python39\lib\http\server.py", line 393, in handle_one_request
    self.raw_requestline = self.rfile.readline(65537)
----------------------------------------
  File "C:\Users\simip\AppData\Local\Programs\Python\Python39\lib\socket.py", line 704, in readinto
    return self._sock.recv_into(b)
ConnectionResetError: [WinError 10054] An existing connection was forcibly closed by the remote host
----------------------------------------
  File "C:\Users\simip\AppData\Local\Programs\Python\Python39\lib\socket.py", line 704, in readinto
    return self._sock.recv_into(b)
ConnectionResetError: [WinError 10054] An existing connection was forcibly closed by the remote host
----------------------------------------
----------------------------------------
----------------------------------------
Exception occurred during processing of request from ('127.0.0.1', 60218)
Traceback (most recent call last):
  File "C:\Users\simip\AppData\Local\Programs\Python\Python39\lib\socketserver.py", line 683, in process_request_thread
    self.finish_request(request, client_address)
  File "C:\Users\simip\AppData\Local\Programs\Python\Python39\lib\socketserver.py", line 360, in finish_request
    self.RequestHandlerClass(request, client_address, self)
  File "C:\Users\simip\AppData\Local\Programs\Python\Python39\lib\http\server.py", line 651, in __init__
    super().__init__(*args, **kwargs)
  File "C:\Users\simip\AppData\Local\Programs\Python\Python39\lib\socketserver.py", line 747, in __init__
    self.handle()
  File "C:\Users\simip\AppData\Local\Programs\Python\Python39\lib\http\server.py", line 427, in handle
    self.handle_one_request()
  File "C:\Users\simip\AppData\Local\Programs\Python\Python39\lib\http\server.py", line 393, in handle_one_request
    self.raw_requestline = self.rfile.readline(65537)
  File "C:\Users\simip\AppData\Local\Programs\Python\Python39\lib\socket.py", line 704, in readinto
    return self._sock.recv_into(b)
ConnectionResetError: [WinError 10054] An existing connection was forcibly closed by the remote host
----------------------------------------
----------------------------------------
----------------------------------------
Exception occurred during processing of request from ('127.0.0.1', 54879)
----------------------------------------
----------------------------------------
Exception occurred during processing of request from ('127.0.0.1', 50060)
Exception occurred during processing of request from ('127.0.0.1', 60930)
Exception occurred during processing of request from ('127.0.0.1', 53401)
----------------------------------------
Exception occurred during processing of request from ('127.0.0.1', 56615)
Traceback (most recent call last):
  File "C:\Users\simip\AppData\Local\Programs\Python\Python39\lib\socketserver.py", line 683, in process_request_thread
    self.finish_request(request, client_address)
  File "C:\Users\simip\AppData\Local\Programs\Python\Python39\lib\socketserver.py", line 360, in finish_request
    self.RequestHandlerClass(request, client_address, self)
  File "C:\Users\simip\AppData\Local\Programs\Python\Python39\lib\http\server.py", line 651, in __init__
    super().__init__(*args, **kwargs)
Traceback (most recent call last):
Traceback (most recent call last):
Traceback (most recent call last):
  File "C:\Users\simip\AppData\Local\Programs\Python\Python39\lib\socketserver.py", line 747, in __init__
    self.handle()
  File "C:\Users\simip\AppData\Local\Programs\Python\Python39\lib\socketserver.py", line 683, in process_request_thread
    self.finish_request(request, client_address)
  File "C:\Users\simip\AppData\Local\Programs\Python\Python39\lib\socketserver.py", line 683, in process_request_thread
    self.finish_request(request, client_address)
  File "C:\Users\simip\AppData\Local\Programs\Python\Python39\lib\socketserver.py", line 683, in process_request_thread
    self.finish_request(request, client_address)
  File "C:\Users\simip\AppData\Local\Programs\Python\Python39\lib\http\server.py", line 427, in handle
    self.handle_one_request()
  File "C:\Users\simip\AppData\Local\Programs\Python\Python39\lib\socketserver.py", line 360, in finish_request
    self.RequestHandlerClass(request, client_address, self)
Traceback (most recent call last):
  File "C:\Users\simip\AppData\Local\Programs\Python\Python39\lib\socketserver.py", line 683, in process_request_thread
    self.finish_request(request, client_address)
  File "C:\Users\simip\AppData\Local\Programs\Python\Python39\lib\socketserver.py", line 360, in finish_request
    self.RequestHandlerClass(request, client_address, self)
  File "C:\Users\simip\AppData\Local\Programs\Python\Python39\lib\http\server.py", line 393, in handle_one_request
    self.raw_requestline = self.rfile.readline(65537)
  File "C:\Users\simip\AppData\Local\Programs\Python\Python39\lib\socket.py", line 704, in readinto
    return self._sock.recv_into(b)
  File "C:\Users\simip\AppData\Local\Programs\Python\Python39\lib\http\server.py", line 651, in __init__
    super().__init__(*args, **kwargs)
  File "C:\Users\simip\AppData\Local\Programs\Python\Python39\lib\http\server.py", line 651, in __init__
    super().__init__(*args, **kwargs)
  File "C:\Users\simip\AppData\Local\Programs\Python\Python39\lib\socketserver.py", line 747, in __init__
    self.handle()
  File "C:\Users\simip\AppData\Local\Programs\Python\Python39\lib\http\server.py", line 427, in handle
    self.handle_one_request()
ConnectionResetError: [WinError 10054] An existing connection was forcibly closed by the remote host
  File "C:\Users\simip\AppData\Local\Programs\Python\Python39\lib\socketserver.py", line 360, in finish_request
    self.RequestHandlerClass(request, client_address, self)
  File "C:\Users\simip\AppData\Local\Programs\Python\Python39\lib\socketserver.py", line 747, in __init__
    self.handle()
----------------------------------------
  File "C:\Users\simip\AppData\Local\Programs\Python\Python39\lib\http\server.py", line 651, in __init__
    super().__init__(*args, **kwargs)
  File "C:\Users\simip\AppData\Local\Programs\Python\Python39\lib\http\server.py", line 427, in handle
    self.handle_one_request()
  File "C:\Users\simip\AppData\Local\Programs\Python\Python39\lib\http\server.py", line 393, in handle_one_request
    self.raw_requestline = self.rfile.readline(65537)
  File "C:\Users\simip\AppData\Local\Programs\Python\Python39\lib\http\server.py", line 393, in handle_one_request
    self.raw_requestline = self.rfile.readline(65537)
  File "C:\Users\simip\AppData\Local\Programs\Python\Python39\lib\socket.py", line 704, in readinto
    return self._sock.recv_into(b)
  File "C:\Users\simip\AppData\Local\Programs\Python\Python39\lib\socketserver.py", line 747, in __init__
    self.handle()
  File "C:\Users\simip\AppData\Local\Programs\Python\Python39\lib\socketserver.py", line 360, in finish_request
    self.RequestHandlerClass(request, client_address, self)
  File "C:\Users\simip\AppData\Local\Programs\Python\Python39\lib\socket.py", line 704, in readinto
    return self._sock.recv_into(b)
ConnectionResetError: [WinError 10054] An existing connection was forcibly closed by the remote host
  File "C:\Users\simip\AppData\Local\Programs\Python\Python39\lib\http\server.py", line 427, in handle
    self.handle_one_request()
  File "C:\Users\simip\AppData\Local\Programs\Python\Python39\lib\http\server.py", line 393, in handle_one_request
    self.raw_requestline = self.rfile.readline(65537)
ConnectionResetError: [WinError 10054] An existing connection was forcibly closed by the remote host
  File "C:\Users\simip\AppData\Local\Programs\Python\Python39\lib\socket.py", line 704, in readinto
    return self._sock.recv_into(b)
----------------------------------------
ConnectionResetError: [WinError 10054] An existing connection was forcibly closed by the remote host
----------------------------------------
  File "C:\Users\simip\AppData\Local\Programs\Python\Python39\lib\http\server.py", line 651, in __init__
    super().__init__(*args, **kwargs)
----------------------------------------
  File "C:\Users\simip\AppData\Local\Programs\Python\Python39\lib\socketserver.py", line 747, in __init__
    self.handle()
  File "C:\Users\simip\AppData\Local\Programs\Python\Python39\lib\http\server.py", line 427, in handle
    self.handle_one_request()
  File "C:\Users\simip\AppData\Local\Programs\Python\Python39\lib\http\server.py", line 393, in handle_one_request
    self.raw_requestline = self.rfile.readline(65537)
  File "C:\Users\simip\AppData\Local\Programs\Python\Python39\lib\socket.py", line 704, in readinto
    return self._sock.recv_into(b)
ConnectionResetError: [WinError 10054] An existing connection was forcibly closed by the remote host
----------------------------------------
----------------------------------------
Exception occurred during processing of request from ('127.0.0.1', 52381)
----------------------------------------
Exception occurred during processing of request from ('127.0.0.1', 62424)
----------------------------------------
Exception occurred during processing of request from ('127.0.0.1', 55406)
----------------------------------------
----------------------------------------
Exception occurred during processing of request from ('127.0.0.1', 49293)
Traceback (most recent call last):
----------------------------------------
Traceback (most recent call last):
Exception occurred during processing of request from ('127.0.0.1', 64208)
  File "C:\Users\simip\AppData\Local\Programs\Python\Python39\lib\socketserver.py", line 683, in process_request_thread
    self.finish_request(request, client_address)
Exception occurred during processing of request from ('127.0.0.1', 62000)
  File "C:\Users\simip\AppData\Local\Programs\Python\Python39\lib\socketserver.py", line 360, in finish_request
    self.RequestHandlerClass(request, client_address, self)
  File "C:\Users\simip\AppData\Local\Programs\Python\Python39\lib\http\server.py", line 651, in __init__
    super().__init__(*args, **kwargs)
  File "C:\Users\simip\AppData\Local\Programs\Python\Python39\lib\socketserver.py", line 747, in __init__
    self.handle()
  File "C:\Users\simip\AppData\Local\Programs\Python\Python39\lib\http\server.py", line 427, in handle
    self.handle_one_request()
  File "C:\Users\simip\AppData\Local\Programs\Python\Python39\lib\http\server.py", line 393, in handle_one_request
    self.raw_requestline = self.rfile.readline(65537)
  File "C:\Users\simip\AppData\Local\Programs\Python\Python39\lib\socketserver.py", line 683, in process_request_thread
    self.finish_request(request, client_address)
  File "C:\Users\simip\AppData\Local\Programs\Python\Python39\lib\socket.py", line 704, in readinto
    return self._sock.recv_into(b)
Traceback (most recent call last):
ConnectionResetError: [WinError 10054] An existing connection was forcibly closed by the remote host
  File "C:\Users\simip\AppData\Local\Programs\Python\Python39\lib\socketserver.py", line 360, in finish_request
    self.RequestHandlerClass(request, client_address, self)
  File "C:\Users\simip\AppData\Local\Programs\Python\Python39\lib\http\server.py", line 651, in __init__
    super().__init__(*args, **kwargs)
Traceback (most recent call last):
----------------------------------------
  File "C:\Users\simip\AppData\Local\Programs\Python\Python39\lib\socketserver.py", line 683, in process_request_thread
    self.finish_request(request, client_address)
  File "C:\Users\simip\AppData\Local\Programs\Python\Python39\lib\socketserver.py", line 683, in process_request_thread
    self.finish_request(request, client_address)
  File "C:\Users\simip\AppData\Local\Programs\Python\Python39\lib\socketserver.py", line 360, in finish_request
    self.RequestHandlerClass(request, client_address, self)
  File "C:\Users\simip\AppData\Local\Programs\Python\Python39\lib\socketserver.py", line 360, in finish_request
    self.RequestHandlerClass(request, client_address, self)
  File "C:\Users\simip\AppData\Local\Programs\Python\Python39\lib\socketserver.py", line 747, in __init__
    self.handle()
  File "C:\Users\simip\AppData\Local\Programs\Python\Python39\lib\http\server.py", line 427, in handle
    self.handle_one_request()
Traceback (most recent call last):
  File "C:\Users\simip\AppData\Local\Programs\Python\Python39\lib\http\server.py", line 651, in __init__
    super().__init__(*args, **kwargs)
  File "C:\Users\simip\AppData\Local\Programs\Python\Python39\lib\http\server.py", line 393, in handle_one_request
    self.raw_requestline = self.rfile.readline(65537)
  File "C:\Users\simip\AppData\Local\Programs\Python\Python39\lib\socket.py", line 704, in readinto
    return self._sock.recv_into(b)
  File "C:\Users\simip\AppData\Local\Programs\Python\Python39\lib\socketserver.py", line 683, in process_request_thread
    self.finish_request(request, client_address)
  File "C:\Users\simip\AppData\Local\Programs\Python\Python39\lib\http\server.py", line 651, in __init__
    super().__init__(*args, **kwargs)
Traceback (most recent call last):
  File "C:\Users\simip\AppData\Local\Programs\Python\Python39\lib\socketserver.py", line 360, in finish_request
    self.RequestHandlerClass(request, client_address, self)
  File "C:\Users\simip\AppData\Local\Programs\Python\Python39\lib\socketserver.py", line 747, in __init__
    self.handle()
  File "C:\Users\simip\AppData\Local\Programs\Python\Python39\lib\http\server.py", line 427, in handle
    self.handle_one_request()
  File "C:\Users\simip\AppData\Local\Programs\Python\Python39\lib\http\server.py", line 393, in handle_one_request
    self.raw_requestline = self.rfile.readline(65537)
  File "C:\Users\simip\AppData\Local\Programs\Python\Python39\lib\socket.py", line 704, in readinto
    return self._sock.recv_into(b)
  File "C:\Users\simip\AppData\Local\Programs\Python\Python39\lib\socketserver.py", line 683, in process_request_thread
    self.finish_request(request, client_address)
  File "C:\Users\simip\AppData\Local\Programs\Python\Python39\lib\socketserver.py", line 747, in __init__
    self.handle()
  File "C:\Users\simip\AppData\Local\Programs\Python\Python39\lib\socketserver.py", line 360, in finish_request
    self.RequestHandlerClass(request, client_address, self)
  File "C:\Users\simip\AppData\Local\Programs\Python\Python39\lib\http\server.py", line 651, in __init__
    super().__init__(*args, **kwargs)
  File "C:\Users\simip\AppData\Local\Programs\Python\Python39\lib\http\server.py", line 651, in __init__
    super().__init__(*args, **kwargs)
ConnectionResetError: [WinError 10054] An existing connection was forcibly closed by the remote host
ConnectionResetError: [WinError 10054] An existing connection was forcibly closed by the remote host
  File "C:\Users\simip\AppData\Local\Programs\Python\Python39\lib\socketserver.py", line 747, in __init__
    self.handle()
----------------------------------------
----------------------------------------
  File "C:\Users\simip\AppData\Local\Programs\Python\Python39\lib\http\server.py", line 427, in handle
    self.handle_one_request()
  File "C:\Users\simip\AppData\Local\Programs\Python\Python39\lib\http\server.py", line 427, in handle
    self.handle_one_request()
  File "C:\Users\simip\AppData\Local\Programs\Python\Python39\lib\http\server.py", line 393, in handle_one_request
    self.raw_requestline = self.rfile.readline(65537)
  File "C:\Users\simip\AppData\Local\Programs\Python\Python39\lib\http\server.py", line 393, in handle_one_request
    self.raw_requestline = self.rfile.readline(65537)
  File "C:\Users\simip\AppData\Local\Programs\Python\Python39\lib\socket.py", line 704, in readinto
    return self._sock.recv_into(b)
  File "C:\Users\simip\AppData\Local\Programs\Python\Python39\lib\socketserver.py", line 747, in __init__
    self.handle()
ConnectionResetError: [WinError 10054] An existing connection was forcibly closed by the remote host
  File "C:\Users\simip\AppData\Local\Programs\Python\Python39\lib\http\server.py", line 425, in handle
    self.handle_one_request()
----------------------------------------
  File "C:\Users\simip\AppData\Local\Programs\Python\Python39\lib\http\server.py", line 393, in handle_one_request
    self.raw_requestline = self.rfile.readline(65537)
  File "C:\Users\simip\AppData\Local\Programs\Python\Python39\lib\socket.py", line 704, in readinto
    return self._sock.recv_into(b)
  File "C:\Users\simip\AppData\Local\Programs\Python\Python39\lib\socket.py", line 704, in readinto
    return self._sock.recv_into(b)
ConnectionResetError: [WinError 10054] An existing connection was forcibly closed by the remote host
ConnectionResetError: [WinError 10054] An existing connection was forcibly closed by the remote host
----------------------------------------
----------------------------------------
----------------------------------------
Exception occurred during processing of request from ('127.0.0.1', 50330)
----------------------------------------
Exception occurred during processing of request from ('127.0.0.1', 55435)
----------------------------------------
Exception occurred during processing of request from ('127.0.0.1', 49873)
Traceback (most recent call last):
  File "C:\Users\simip\AppData\Local\Programs\Python\Python39\lib\socketserver.py", line 683, in process_request_thread
    self.finish_request(request, client_address)
  File "C:\Users\simip\AppData\Local\Programs\Python\Python39\lib\socketserver.py", line 360, in finish_request
    self.RequestHandlerClass(request, client_address, self)
  File "C:\Users\simip\AppData\Local\Programs\Python\Python39\lib\http\server.py", line 651, in __init__
    super().__init__(*args, **kwargs)
  File "C:\Users\simip\AppData\Local\Programs\Python\Python39\lib\socketserver.py", line 747, in __init__
    self.handle()
  File "C:\Users\simip\AppData\Local\Programs\Python\Python39\lib\http\server.py", line 427, in handle
    self.handle_one_request()
  File "C:\Users\simip\AppData\Local\Programs\Python\Python39\lib\http\server.py", line 393, in handle_one_request
    self.raw_requestline = self.rfile.readline(65537)
  File "C:\Users\simip\AppData\Local\Programs\Python\Python39\lib\socket.py", line 704, in readinto
    return self._sock.recv_into(b)
ConnectionResetError: [WinError 10054] An existing connection was forcibly closed by the remote host
Traceback (most recent call last):
----------------------------------------
  File "C:\Users\simip\AppData\Local\Programs\Python\Python39\lib\socketserver.py", line 683, in process_request_thread
    self.finish_request(request, client_address)
  File "C:\Users\simip\AppData\Local\Programs\Python\Python39\lib\socketserver.py", line 360, in finish_request
    self.RequestHandlerClass(request, client_address, self)
  File "C:\Users\simip\AppData\Local\Programs\Python\Python39\lib\http\server.py", line 651, in __init__
    super().__init__(*args, **kwargs)
  File "C:\Users\simip\AppData\Local\Programs\Python\Python39\lib\socketserver.py", line 747, in __init__
    self.handle()
  File "C:\Users\simip\AppData\Local\Programs\Python\Python39\lib\http\server.py", line 427, in handle
    self.handle_one_request()
  File "C:\Users\simip\AppData\Local\Programs\Python\Python39\lib\http\server.py", line 393, in handle_one_request
    self.raw_requestline = self.rfile.readline(65537)
----------------------------------------
  File "C:\Users\simip\AppData\Local\Programs\Python\Python39\lib\socket.py", line 704, in readinto
    return self._sock.recv_into(b)
Exception occurred during processing of request from ('127.0.0.1', 62662)
Traceback (most recent call last):
----------------------------------------
ConnectionResetError: [WinError 10054] An existing connection was forcibly closed by the remote host
----------------------------------------
  File "C:\Users\simip\AppData\Local\Programs\Python\Python39\lib\socketserver.py", line 683, in process_request_thread
    self.finish_request(request, client_address)
Exception occurred during processing of request from ('127.0.0.1', 58769)
----------------------------------------
Exception occurred during processing of request from ('127.0.0.1', 60019)
  File "C:\Users\simip\AppData\Local\Programs\Python\Python39\lib\socketserver.py", line 360, in finish_request
    self.RequestHandlerClass(request, client_address, self)
  File "C:\Users\simip\AppData\Local\Programs\Python\Python39\lib\http\server.py", line 651, in __init__
    super().__init__(*args, **kwargs)
  File "C:\Users\simip\AppData\Local\Programs\Python\Python39\lib\socketserver.py", line 747, in __init__
    self.handle()
  File "C:\Users\simip\AppData\Local\Programs\Python\Python39\lib\http\server.py", line 427, in handle
    self.handle_one_request()
  File "C:\Users\simip\AppData\Local\Programs\Python\Python39\lib\http\server.py", line 393, in handle_one_request
    self.raw_requestline = self.rfile.readline(65537)
  File "C:\Users\simip\AppData\Local\Programs\Python\Python39\lib\socket.py", line 704, in readinto
    return self._sock.recv_into(b)
ConnectionResetError: [WinError 10054] An existing connection was forcibly closed by the remote host
----------------------------------------
Traceback (most recent call last):
  File "C:\Users\simip\AppData\Local\Programs\Python\Python39\lib\socketserver.py", line 683, in process_request_thread
    self.finish_request(request, client_address)
Traceback (most recent call last):
  File "C:\Users\simip\AppData\Local\Programs\Python\Python39\lib\socketserver.py", line 360, in finish_request
    self.RequestHandlerClass(request, client_address, self)
  File "C:\Users\simip\AppData\Local\Programs\Python\Python39\lib\http\server.py", line 651, in __init__
    super().__init__(*args, **kwargs)
  File "C:\Users\simip\AppData\Local\Programs\Python\Python39\lib\socketserver.py", line 747, in __init__
    self.handle()
  File "C:\Users\simip\AppData\Local\Programs\Python\Python39\lib\http\server.py", line 427, in handle
    self.handle_one_request()
  File "C:\Users\simip\AppData\Local\Programs\Python\Python39\lib\socketserver.py", line 683, in process_request_thread
    self.finish_request(request, client_address)
  File "C:\Users\simip\AppData\Local\Programs\Python\Python39\lib\http\server.py", line 393, in handle_one_request
    self.raw_requestline = self.rfile.readline(65537)
  File "C:\Users\simip\AppData\Local\Programs\Python\Python39\lib\socket.py", line 704, in readinto
    return self._sock.recv_into(b)
Traceback (most recent call last):
ConnectionResetError: [WinError 10054] An existing connection was forcibly closed by the remote host
  File "C:\Users\simip\AppData\Local\Programs\Python\Python39\lib\socketserver.py", line 683, in process_request_thread
    self.finish_request(request, client_address)
----------------------------------------
  File "C:\Users\simip\AppData\Local\Programs\Python\Python39\lib\socketserver.py", line 360, in finish_request
    self.RequestHandlerClass(request, client_address, self)
  File "C:\Users\simip\AppData\Local\Programs\Python\Python39\lib\socketserver.py", line 360, in finish_request
    self.RequestHandlerClass(request, client_address, self)
  File "C:\Users\simip\AppData\Local\Programs\Python\Python39\lib\http\server.py", line 651, in __init__
    super().__init__(*args, **kwargs)
  File "C:\Users\simip\AppData\Local\Programs\Python\Python39\lib\http\server.py", line 651, in __init__
    super().__init__(*args, **kwargs)
  File "C:\Users\simip\AppData\Local\Programs\Python\Python39\lib\socketserver.py", line 747, in __init__
    self.handle()
  File "C:\Users\simip\AppData\Local\Programs\Python\Python39\lib\http\server.py", line 427, in handle
    self.handle_one_request()
  File "C:\Users\simip\AppData\Local\Programs\Python\Python39\lib\socketserver.py", line 747, in __init__
    self.handle()
  File "C:\Users\simip\AppData\Local\Programs\Python\Python39\lib\http\server.py", line 393, in handle_one_request
    self.raw_requestline = self.rfile.readline(65537)
  File "C:\Users\simip\AppData\Local\Programs\Python\Python39\lib\http\server.py", line 427, in handle
    self.handle_one_request()
  File "C:\Users\simip\AppData\Local\Programs\Python\Python39\lib\socket.py", line 704, in readinto
    return self._sock.recv_into(b)
  File "C:\Users\simip\AppData\Local\Programs\Python\Python39\lib\http\server.py", line 393, in handle_one_request
    self.raw_requestline = self.rfile.readline(65537)
ConnectionResetError: [WinError 10054] An existing connection was forcibly closed by the remote host
  File "C:\Users\simip\AppData\Local\Programs\Python\Python39\lib\socket.py", line 704, in readinto
    return self._sock.recv_into(b)
----------------------------------------
ConnectionResetError: [WinError 10054] An existing connection was forcibly closed by the remote host
----------------------------------------
----------------------------------------
Exception occurred during processing of request from ('127.0.0.1', 57828)
Traceback (most recent call last):
  File "C:\Users\simip\AppData\Local\Programs\Python\Python39\lib\socketserver.py", line 683, in process_request_thread
    self.finish_request(request, client_address)
  File "C:\Users\simip\AppData\Local\Programs\Python\Python39\lib\socketserver.py", line 360, in finish_request
    self.RequestHandlerClass(request, client_address, self)
  File "C:\Users\simip\AppData\Local\Programs\Python\Python39\lib\http\server.py", line 651, in __init__
    super().__init__(*args, **kwargs)
  File "C:\Users\simip\AppData\Local\Programs\Python\Python39\lib\socketserver.py", line 747, in __init__
    self.handle()
  File "C:\Users\simip\AppData\Local\Programs\Python\Python39\lib\http\server.py", line 427, in handle
    self.handle_one_request()
  File "C:\Users\simip\AppData\Local\Programs\Python\Python39\lib\http\server.py", line 393, in handle_one_request
    self.raw_requestline = self.rfile.readline(65537)
  File "C:\Users\simip\AppData\Local\Programs\Python\Python39\lib\socket.py", line 704, in readinto
    return self._sock.recv_into(b)
ConnectionResetError: [WinError 10054] An existing connection was forcibly closed by the remote host
----------------------------------------
----------------------------------------
Exception occurred during processing of request from ('127.0.0.1', 52127)
Traceback (most recent call last):
  File "C:\Users\simip\AppData\Local\Programs\Python\Python39\lib\socketserver.py", line 683, in process_request_thread
    self.finish_request(request, client_address)
  File "C:\Users\simip\AppData\Local\Programs\Python\Python39\lib\socketserver.py", line 360, in finish_request
    self.RequestHandlerClass(request, client_address, self)
  File "C:\Users\simip\AppData\Local\Programs\Python\Python39\lib\http\server.py", line 651, in __init__
    super().__init__(*args, **kwargs)
  File "C:\Users\simip\AppData\Local\Programs\Python\Python39\lib\socketserver.py", line 747, in __init__
    self.handle()
  File "C:\Users\simip\AppData\Local\Programs\Python\Python39\lib\http\server.py", line 427, in handle
    self.handle_one_request()
  File "C:\Users\simip\AppData\Local\Programs\Python\Python39\lib\http\server.py", line 393, in handle_one_request
    self.raw_requestline = self.rfile.readline(65537)
  File "C:\Users\simip\AppData\Local\Programs\Python\Python39\lib\socket.py", line 704, in readinto
    return self._sock.recv_into(b)
ConnectionResetError: [WinError 10054] An existing connection was forcibly closed by the remote host
----------------------------------------
----------------------------------------
Exception occurred during processing of request from ('127.0.0.1', 62037)
----------------------------------------
Exception occurred during processing of request from ('127.0.0.1', 61116)
----------------------------------------
Exception occurred during processing of request from ('127.0.0.1', 63439)
----------------------------------------
Exception occurred during processing of request from ('127.0.0.1', 54299)
Traceback (most recent call last):
  File "C:\Users\simip\AppData\Local\Programs\Python\Python39\lib\socketserver.py", line 683, in process_request_thread
    self.finish_request(request, client_address)
  File "C:\Users\simip\AppData\Local\Programs\Python\Python39\lib\socketserver.py", line 360, in finish_request
    self.RequestHandlerClass(request, client_address, self)
  File "C:\Users\simip\AppData\Local\Programs\Python\Python39\lib\http\server.py", line 651, in __init__
    super().__init__(*args, **kwargs)
  File "C:\Users\simip\AppData\Local\Programs\Python\Python39\lib\socketserver.py", line 747, in __init__
    self.handle()
  File "C:\Users\simip\AppData\Local\Programs\Python\Python39\lib\http\server.py", line 427, in handle
    self.handle_one_request()
  File "C:\Users\simip\AppData\Local\Programs\Python\Python39\lib\http\server.py", line 393, in handle_one_request
    self.raw_requestline = self.rfile.readline(65537)
  File "C:\Users\simip\AppData\Local\Programs\Python\Python39\lib\socket.py", line 704, in readinto
    return self._sock.recv_into(b)
ConnectionResetError: [WinError 10054] An existing connection was forcibly closed by the remote host
----------------------------------------
Traceback (most recent call last):
Traceback (most recent call last):
  File "C:\Users\simip\AppData\Local\Programs\Python\Python39\lib\socketserver.py", line 683, in process_request_thread
    self.finish_request(request, client_address)
  File "C:\Users\simip\AppData\Local\Programs\Python\Python39\lib\socketserver.py", line 683, in process_request_thread
    self.finish_request(request, client_address)
  File "C:\Users\simip\AppData\Local\Programs\Python\Python39\lib\socketserver.py", line 360, in finish_request
    self.RequestHandlerClass(request, client_address, self)
  File "C:\Users\simip\AppData\Local\Programs\Python\Python39\lib\socketserver.py", line 360, in finish_request
    self.RequestHandlerClass(request, client_address, self)
  File "C:\Users\simip\AppData\Local\Programs\Python\Python39\lib\http\server.py", line 651, in __init__
    super().__init__(*args, **kwargs)
  File "C:\Users\simip\AppData\Local\Programs\Python\Python39\lib\socketserver.py", line 747, in __init__
    self.handle()
  File "C:\Users\simip\AppData\Local\Programs\Python\Python39\lib\http\server.py", line 651, in __init__
    super().__init__(*args, **kwargs)
Traceback (most recent call last):
  File "C:\Users\simip\AppData\Local\Programs\Python\Python39\lib\http\server.py", line 427, in handle
    self.handle_one_request()
  File "C:\Users\simip\AppData\Local\Programs\Python\Python39\lib\socketserver.py", line 683, in process_request_thread
    self.finish_request(request, client_address)
  File "C:\Users\simip\AppData\Local\Programs\Python\Python39\lib\socketserver.py", line 360, in finish_request
    self.RequestHandlerClass(request, client_address, self)
  File "C:\Users\simip\AppData\Local\Programs\Python\Python39\lib\socketserver.py", line 747, in __init__
    self.handle()
  File "C:\Users\simip\AppData\Local\Programs\Python\Python39\lib\http\server.py", line 393, in handle_one_request
    self.raw_requestline = self.rfile.readline(65537)
  File "C:\Users\simip\AppData\Local\Programs\Python\Python39\lib\http\server.py", line 427, in handle
    self.handle_one_request()
  File "C:\Users\simip\AppData\Local\Programs\Python\Python39\lib\http\server.py", line 393, in handle_one_request
    self.raw_requestline = self.rfile.readline(65537)
  File "C:\Users\simip\AppData\Local\Programs\Python\Python39\lib\socket.py", line 704, in readinto
    return self._sock.recv_into(b)
  File "C:\Users\simip\AppData\Local\Programs\Python\Python39\lib\http\server.py", line 651, in __init__
    super().__init__(*args, **kwargs)
  File "C:\Users\simip\AppData\Local\Programs\Python\Python39\lib\socketserver.py", line 747, in __init__
    self.handle()
  File "C:\Users\simip\AppData\Local\Programs\Python\Python39\lib\http\server.py", line 427, in handle
    self.handle_one_request()
  File "C:\Users\simip\AppData\Local\Programs\Python\Python39\lib\socket.py", line 704, in readinto
    return self._sock.recv_into(b)
ConnectionResetError: [WinError 10054] An existing connection was forcibly closed by the remote host
----------------------------------------
ConnectionResetError: [WinError 10054] An existing connection was forcibly closed by the remote host
  File "C:\Users\simip\AppData\Local\Programs\Python\Python39\lib\http\server.py", line 393, in handle_one_request
    self.raw_requestline = self.rfile.readline(65537)
----------------------------------------
  File "C:\Users\simip\AppData\Local\Programs\Python\Python39\lib\socket.py", line 704, in readinto
    return self._sock.recv_into(b)
ConnectionResetError: [WinError 10054] An existing connection was forcibly closed by the remote host
----------------------------------------
----------------------------------------
----------------------------------------
----------------------------------------
----------------------------------------
Exception occurred during processing of request from ('127.0.0.1', 57713)
----------------------------------------
----------------------------------------
Exception occurred during processing of request from ('127.0.0.1', 53093)
Exception occurred during processing of request from ('127.0.0.1', 51381)
Exception occurred during processing of request from ('127.0.0.1', 62480)
Exception occurred during processing of request from ('127.0.0.1', 55493)
Exception occurred during processing of request from ('127.0.0.1', 64823)
Traceback (most recent call last):
  File "C:\Users\simip\AppData\Local\Programs\Python\Python39\lib\socketserver.py", line 683, in process_request_thread
    self.finish_request(request, client_address)
  File "C:\Users\simip\AppData\Local\Programs\Python\Python39\lib\socketserver.py", line 360, in finish_request
    self.RequestHandlerClass(request, client_address, self)
Traceback (most recent call last):
  File "C:\Users\simip\AppData\Local\Programs\Python\Python39\lib\http\server.py", line 651, in __init__
    super().__init__(*args, **kwargs)
Traceback (most recent call last):
  File "C:\Users\simip\AppData\Local\Programs\Python\Python39\lib\socketserver.py", line 683, in process_request_thread
    self.finish_request(request, client_address)
  File "C:\Users\simip\AppData\Local\Programs\Python\Python39\lib\socketserver.py", line 747, in __init__
    self.handle()
Traceback (most recent call last):
Traceback (most recent call last):
Traceback (most recent call last):
  File "C:\Users\simip\AppData\Local\Programs\Python\Python39\lib\socketserver.py", line 683, in process_request_thread
    self.finish_request(request, client_address)
  File "C:\Users\simip\AppData\Local\Programs\Python\Python39\lib\socketserver.py", line 360, in finish_request
    self.RequestHandlerClass(request, client_address, self)
  File "C:\Users\simip\AppData\Local\Programs\Python\Python39\lib\http\server.py", line 427, in handle
    self.handle_one_request()
  File "C:\Users\simip\AppData\Local\Programs\Python\Python39\lib\socketserver.py", line 683, in process_request_thread
    self.finish_request(request, client_address)
  File "C:\Users\simip\AppData\Local\Programs\Python\Python39\lib\socketserver.py", line 360, in finish_request
    self.RequestHandlerClass(request, client_address, self)
  File "C:\Users\simip\AppData\Local\Programs\Python\Python39\lib\socketserver.py", line 683, in process_request_thread
    self.finish_request(request, client_address)
  File "C:\Users\simip\AppData\Local\Programs\Python\Python39\lib\http\server.py", line 651, in __init__
    super().__init__(*args, **kwargs)
  File "C:\Users\simip\AppData\Local\Programs\Python\Python39\lib\socketserver.py", line 360, in finish_request
    self.RequestHandlerClass(request, client_address, self)
  File "C:\Users\simip\AppData\Local\Programs\Python\Python39\lib\http\server.py", line 651, in __init__
    super().__init__(*args, **kwargs)
  File "C:\Users\simip\AppData\Local\Programs\Python\Python39\lib\socketserver.py", line 747, in __init__
    self.handle()
  File "C:\Users\simip\AppData\Local\Programs\Python\Python39\lib\http\server.py", line 427, in handle
    self.handle_one_request()
  File "C:\Users\simip\AppData\Local\Programs\Python\Python39\lib\http\server.py", line 393, in handle_one_request
    self.raw_requestline = self.rfile.readline(65537)
  File "C:\Users\simip\AppData\Local\Programs\Python\Python39\lib\http\server.py", line 393, in handle_one_request
    self.raw_requestline = self.rfile.readline(65537)
  File "C:\Users\simip\AppData\Local\Programs\Python\Python39\lib\socketserver.py", line 683, in process_request_thread
    self.finish_request(request, client_address)
  File "C:\Users\simip\AppData\Local\Programs\Python\Python39\lib\socket.py", line 704, in readinto
    return self._sock.recv_into(b)
  File "C:\Users\simip\AppData\Local\Programs\Python\Python39\lib\socket.py", line 704, in readinto
    return self._sock.recv_into(b)
  File "C:\Users\simip\AppData\Local\Programs\Python\Python39\lib\socketserver.py", line 747, in __init__
    self.handle()
ConnectionResetError: [WinError 10054] An existing connection was forcibly closed by the remote host
ConnectionResetError: [WinError 10054] An existing connection was forcibly closed by the remote host
  File "C:\Users\simip\AppData\Local\Programs\Python\Python39\lib\http\server.py", line 427, in handle
    self.handle_one_request()
  File "C:\Users\simip\AppData\Local\Programs\Python\Python39\lib\socketserver.py", line 360, in finish_request
    self.RequestHandlerClass(request, client_address, self)
  File "C:\Users\simip\AppData\Local\Programs\Python\Python39\lib\socketserver.py", line 360, in finish_request
    self.RequestHandlerClass(request, client_address, self)
  File "C:\Users\simip\AppData\Local\Programs\Python\Python39\lib\http\server.py", line 651, in __init__
    super().__init__(*args, **kwargs)
----------------------------------------
----------------------------------------
  File "C:\Users\simip\AppData\Local\Programs\Python\Python39\lib\http\server.py", line 393, in handle_one_request
    self.raw_requestline = self.rfile.readline(65537)
  File "C:\Users\simip\AppData\Local\Programs\Python\Python39\lib\http\server.py", line 651, in __init__
    super().__init__(*args, **kwargs)
  File "C:\Users\simip\AppData\Local\Programs\Python\Python39\lib\socketserver.py", line 747, in __init__
    self.handle()
  File "C:\Users\simip\AppData\Local\Programs\Python\Python39\lib\http\server.py", line 427, in handle
    self.handle_one_request()
  File "C:\Users\simip\AppData\Local\Programs\Python\Python39\lib\socket.py", line 704, in readinto
    return self._sock.recv_into(b)
  File "C:\Users\simip\AppData\Local\Programs\Python\Python39\lib\http\server.py", line 651, in __init__
    super().__init__(*args, **kwargs)
  File "C:\Users\simip\AppData\Local\Programs\Python\Python39\lib\socketserver.py", line 747, in __init__
    self.handle()
  File "C:\Users\simip\AppData\Local\Programs\Python\Python39\lib\http\server.py", line 393, in handle_one_request
    self.raw_requestline = self.rfile.readline(65537)
ConnectionResetError: [WinError 10054] An existing connection was forcibly closed by the remote host
  File "C:\Users\simip\AppData\Local\Programs\Python\Python39\lib\socketserver.py", line 747, in __init__
    self.handle()
  File "C:\Users\simip\AppData\Local\Programs\Python\Python39\lib\http\server.py", line 427, in handle
    self.handle_one_request()
  File "C:\Users\simip\AppData\Local\Programs\Python\Python39\lib\socket.py", line 704, in readinto
    return self._sock.recv_into(b)
----------------------------------------
  File "C:\Users\simip\AppData\Local\Programs\Python\Python39\lib\http\server.py", line 427, in handle
    self.handle_one_request()
  File "C:\Users\simip\AppData\Local\Programs\Python\Python39\lib\http\server.py", line 393, in handle_one_request
    self.raw_requestline = self.rfile.readline(65537)
  File "C:\Users\simip\AppData\Local\Programs\Python\Python39\lib\http\server.py", line 393, in handle_one_request
    self.raw_requestline = self.rfile.readline(65537)
ConnectionResetError: [WinError 10054] An existing connection was forcibly closed by the remote host
----------------------------------------
  File "C:\Users\simip\AppData\Local\Programs\Python\Python39\lib\socket.py", line 704, in readinto
    return self._sock.recv_into(b)
  File "C:\Users\simip\AppData\Local\Programs\Python\Python39\lib\socket.py", line 704, in readinto
    return self._sock.recv_into(b)
ConnectionResetError: [WinError 10054] An existing connection was forcibly closed by the remote host
ConnectionResetError: [WinError 10054] An existing connection was forcibly closed by the remote host
----------------------------------------
----------------------------------------
----------------------------------------
Exception occurred during processing of request from ('127.0.0.1', 64678)
Traceback (most recent call last):
  File "C:\Users\simip\AppData\Local\Programs\Python\Python39\lib\socketserver.py", line 683, in process_request_thread
    self.finish_request(request, client_address)
  File "C:\Users\simip\AppData\Local\Programs\Python\Python39\lib\socketserver.py", line 360, in finish_request
    self.RequestHandlerClass(request, client_address, self)
  File "C:\Users\simip\AppData\Local\Programs\Python\Python39\lib\http\server.py", line 651, in __init__
    super().__init__(*args, **kwargs)
  File "C:\Users\simip\AppData\Local\Programs\Python\Python39\lib\socketserver.py", line 747, in __init__
    self.handle()
  File "C:\Users\simip\AppData\Local\Programs\Python\Python39\lib\http\server.py", line 427, in handle
    self.handle_one_request()
  File "C:\Users\simip\AppData\Local\Programs\Python\Python39\lib\http\server.py", line 393, in handle_one_request
    self.raw_requestline = self.rfile.readline(65537)
  File "C:\Users\simip\AppData\Local\Programs\Python\Python39\lib\socket.py", line 704, in readinto
    return self._sock.recv_into(b)
ConnectionResetError: [WinError 10054] An existing connection was forcibly closed by the remote host
----------------------------------------
----------------------------------------
Exception occurred during processing of request from ('127.0.0.1', 51784)
----------------------------------------
----------------------------------------
Exception occurred during processing of request from ('127.0.0.1', 51412)
Exception occurred during processing of request from ('127.0.0.1', 63173)
----------------------------------------
----------------------------------------
Exception occurred during processing of request from ('127.0.0.1', 52971)
Exception occurred during processing of request from ('127.0.0.1', 65520)
Traceback (most recent call last):
  File "C:\Users\simip\AppData\Local\Programs\Python\Python39\lib\socketserver.py", line 683, in process_request_thread
    self.finish_request(request, client_address)
  File "C:\Users\simip\AppData\Local\Programs\Python\Python39\lib\socketserver.py", line 360, in finish_request
    self.RequestHandlerClass(request, client_address, self)
  File "C:\Users\simip\AppData\Local\Programs\Python\Python39\lib\http\server.py", line 651, in __init__
    super().__init__(*args, **kwargs)
  File "C:\Users\simip\AppData\Local\Programs\Python\Python39\lib\socketserver.py", line 747, in __init__
    self.handle()
  File "C:\Users\simip\AppData\Local\Programs\Python\Python39\lib\http\server.py", line 427, in handle
    self.handle_one_request()
  File "C:\Users\simip\AppData\Local\Programs\Python\Python39\lib\http\server.py", line 393, in handle_one_request
    self.raw_requestline = self.rfile.readline(65537)
  File "C:\Users\simip\AppData\Local\Programs\Python\Python39\lib\socket.py", line 704, in readinto
    return self._sock.recv_into(b)
ConnectionResetError: [WinError 10054] An existing connection was forcibly closed by the remote host
----------------------------------------
Traceback (most recent call last):
  File "C:\Users\simip\AppData\Local\Programs\Python\Python39\lib\socketserver.py", line 683, in process_request_thread
    self.finish_request(request, client_address)
  File "C:\Users\simip\AppData\Local\Programs\Python\Python39\lib\socketserver.py", line 360, in finish_request
    self.RequestHandlerClass(request, client_address, self)
  File "C:\Users\simip\AppData\Local\Programs\Python\Python39\lib\http\server.py", line 651, in __init__
    super().__init__(*args, **kwargs)
  File "C:\Users\simip\AppData\Local\Programs\Python\Python39\lib\socketserver.py", line 747, in __init__
    self.handle()
  File "C:\Users\simip\AppData\Local\Programs\Python\Python39\lib\http\server.py", line 427, in handle
    self.handle_one_request()
  File "C:\Users\simip\AppData\Local\Programs\Python\Python39\lib\http\server.py", line 393, in handle_one_request
    self.raw_requestline = self.rfile.readline(65537)
Traceback (most recent call last):
  File "C:\Users\simip\AppData\Local\Programs\Python\Python39\lib\socket.py", line 704, in readinto
    return self._sock.recv_into(b)
  File "C:\Users\simip\AppData\Local\Programs\Python\Python39\lib\socketserver.py", line 683, in process_request_thread
    self.finish_request(request, client_address)
Traceback (most recent call last):
Traceback (most recent call last):
ConnectionResetError: [WinError 10054] An existing connection was forcibly closed by the remote host
  File "C:\Users\simip\AppData\Local\Programs\Python\Python39\lib\socketserver.py", line 360, in finish_request
    self.RequestHandlerClass(request, client_address, self)
  File "C:\Users\simip\AppData\Local\Programs\Python\Python39\lib\socketserver.py", line 683, in process_request_thread
    self.finish_request(request, client_address)
  File "C:\Users\simip\AppData\Local\Programs\Python\Python39\lib\socketserver.py", line 683, in process_request_thread
    self.finish_request(request, client_address)
  File "C:\Users\simip\AppData\Local\Programs\Python\Python39\lib\socketserver.py", line 360, in finish_request
    self.RequestHandlerClass(request, client_address, self)
----------------------------------------
  File "C:\Users\simip\AppData\Local\Programs\Python\Python39\lib\http\server.py", line 651, in __init__
    super().__init__(*args, **kwargs)
  File "C:\Users\simip\AppData\Local\Programs\Python\Python39\lib\socketserver.py", line 360, in finish_request
    self.RequestHandlerClass(request, client_address, self)
  File "C:\Users\simip\AppData\Local\Programs\Python\Python39\lib\socketserver.py", line 747, in __init__
    self.handle()
  File "C:\Users\simip\AppData\Local\Programs\Python\Python39\lib\http\server.py", line 651, in __init__
    super().__init__(*args, **kwargs)
  File "C:\Users\simip\AppData\Local\Programs\Python\Python39\lib\http\server.py", line 427, in handle
    self.handle_one_request()
  File "C:\Users\simip\AppData\Local\Programs\Python\Python39\lib\socketserver.py", line 747, in __init__
    self.handle()
  File "C:\Users\simip\AppData\Local\Programs\Python\Python39\lib\http\server.py", line 427, in handle
    self.handle_one_request()
  File "C:\Users\simip\AppData\Local\Programs\Python\Python39\lib\http\server.py", line 393, in handle_one_request
    self.raw_requestline = self.rfile.readline(65537)
  File "C:\Users\simip\AppData\Local\Programs\Python\Python39\lib\socket.py", line 704, in readinto
    return self._sock.recv_into(b)
  File "C:\Users\simip\AppData\Local\Programs\Python\Python39\lib\http\server.py", line 651, in __init__
    super().__init__(*args, **kwargs)
ConnectionResetError: [WinError 10054] An existing connection was forcibly closed by the remote host
  File "C:\Users\simip\AppData\Local\Programs\Python\Python39\lib\http\server.py", line 393, in handle_one_request
    self.raw_requestline = self.rfile.readline(65537)
  File "C:\Users\simip\AppData\Local\Programs\Python\Python39\lib\socket.py", line 704, in readinto
    return self._sock.recv_into(b)
----------------------------------------
  File "C:\Users\simip\AppData\Local\Programs\Python\Python39\lib\socketserver.py", line 747, in __init__
    self.handle()
  File "C:\Users\simip\AppData\Local\Programs\Python\Python39\lib\http\server.py", line 427, in handle
    self.handle_one_request()
  File "C:\Users\simip\AppData\Local\Programs\Python\Python39\lib\http\server.py", line 393, in handle_one_request
    self.raw_requestline = self.rfile.readline(65537)
  File "C:\Users\simip\AppData\Local\Programs\Python\Python39\lib\socket.py", line 704, in readinto
    return self._sock.recv_into(b)
ConnectionResetError: [WinError 10054] An existing connection was forcibly closed by the remote host
ConnectionResetError: [WinError 10054] An existing connection was forcibly closed by the remote host
----------------------------------------
----------------------------------------
----------------------------------------
Exception occurred during processing of request from ('127.0.0.1', 61652)
----------------------------------------
----------------------------------------
----------------------------------------
Exception occurred during processing of request from ('127.0.0.1', 53751)
----------------------------------------
----------------------------------------
Exception occurred during processing of request from ('127.0.0.1', 52324)
Exception occurred during processing of request from ('127.0.0.1', 57902)
Exception occurred during processing of request from ('127.0.0.1', 63939)
Exception occurred during processing of request from ('127.0.0.1', 65037)
Traceback (most recent call last):
  File "C:\Users\simip\AppData\Local\Programs\Python\Python39\lib\socketserver.py", line 683, in process_request_thread
    self.finish_request(request, client_address)
  File "C:\Users\simip\AppData\Local\Programs\Python\Python39\lib\socketserver.py", line 360, in finish_request
    self.RequestHandlerClass(request, client_address, self)
  File "C:\Users\simip\AppData\Local\Programs\Python\Python39\lib\http\server.py", line 651, in __init__
    super().__init__(*args, **kwargs)
  File "C:\Users\simip\AppData\Local\Programs\Python\Python39\lib\socketserver.py", line 747, in __init__
    self.handle()
  File "C:\Users\simip\AppData\Local\Programs\Python\Python39\lib\http\server.py", line 427, in handle
    self.handle_one_request()
  File "C:\Users\simip\AppData\Local\Programs\Python\Python39\lib\http\server.py", line 393, in handle_one_request
    self.raw_requestline = self.rfile.readline(65537)
  File "C:\Users\simip\AppData\Local\Programs\Python\Python39\lib\socket.py", line 704, in readinto
    return self._sock.recv_into(b)
ConnectionResetError: [WinError 10054] An existing connection was forcibly closed by the remote host
----------------------------------------
Traceback (most recent call last):
  File "C:\Users\simip\AppData\Local\Programs\Python\Python39\lib\socketserver.py", line 683, in process_request_thread
    self.finish_request(request, client_address)
  File "C:\Users\simip\AppData\Local\Programs\Python\Python39\lib\socketserver.py", line 360, in finish_request
    self.RequestHandlerClass(request, client_address, self)
  File "C:\Users\simip\AppData\Local\Programs\Python\Python39\lib\http\server.py", line 651, in __init__
    super().__init__(*args, **kwargs)
  File "C:\Users\simip\AppData\Local\Programs\Python\Python39\lib\socketserver.py", line 747, in __init__
    self.handle()
  File "C:\Users\simip\AppData\Local\Programs\Python\Python39\lib\http\server.py", line 427, in handle
    self.handle_one_request()
  File "C:\Users\simip\AppData\Local\Programs\Python\Python39\lib\http\server.py", line 393, in handle_one_request
    self.raw_requestline = self.rfile.readline(65537)
  File "C:\Users\simip\AppData\Local\Programs\Python\Python39\lib\socket.py", line 704, in readinto
    return self._sock.recv_into(b)
ConnectionResetError: [WinError 10054] An existing connection was forcibly closed by the remote host
----------------------------------------
Traceback (most recent call last):
Traceback (most recent call last):
  File "C:\Users\simip\AppData\Local\Programs\Python\Python39\lib\socketserver.py", line 683, in process_request_thread
    self.finish_request(request, client_address)
  File "C:\Users\simip\AppData\Local\Programs\Python\Python39\lib\socketserver.py", line 360, in finish_request
    self.RequestHandlerClass(request, client_address, self)
  File "C:\Users\simip\AppData\Local\Programs\Python\Python39\lib\socketserver.py", line 683, in process_request_thread
    self.finish_request(request, client_address)
Traceback (most recent call last):
  File "C:\Users\simip\AppData\Local\Programs\Python\Python39\lib\socketserver.py", line 360, in finish_request
    self.RequestHandlerClass(request, client_address, self)
  File "C:\Users\simip\AppData\Local\Programs\Python\Python39\lib\socketserver.py", line 683, in process_request_thread
    self.finish_request(request, client_address)
  File "C:\Users\simip\AppData\Local\Programs\Python\Python39\lib\http\server.py", line 651, in __init__
    super().__init__(*args, **kwargs)
Traceback (most recent call last):
  File "C:\Users\simip\AppData\Local\Programs\Python\Python39\lib\socketserver.py", line 360, in finish_request
    self.RequestHandlerClass(request, client_address, self)
  File "C:\Users\simip\AppData\Local\Programs\Python\Python39\lib\http\server.py", line 651, in __init__
    super().__init__(*args, **kwargs)
  File "C:\Users\simip\AppData\Local\Programs\Python\Python39\lib\socketserver.py", line 747, in __init__
    self.handle()
  File "C:\Users\simip\AppData\Local\Programs\Python\Python39\lib\socketserver.py", line 747, in __init__
    self.handle()
  File "C:\Users\simip\AppData\Local\Programs\Python\Python39\lib\http\server.py", line 651, in __init__
    super().__init__(*args, **kwargs)
  File "C:\Users\simip\AppData\Local\Programs\Python\Python39\lib\socketserver.py", line 683, in process_request_thread
    self.finish_request(request, client_address)
  File "C:\Users\simip\AppData\Local\Programs\Python\Python39\lib\socketserver.py", line 360, in finish_request
    self.RequestHandlerClass(request, client_address, self)
  File "C:\Users\simip\AppData\Local\Programs\Python\Python39\lib\socketserver.py", line 747, in __init__
    self.handle()
  File "C:\Users\simip\AppData\Local\Programs\Python\Python39\lib\http\server.py", line 427, in handle
    self.handle_one_request()
  File "C:\Users\simip\AppData\Local\Programs\Python\Python39\lib\http\server.py", line 393, in handle_one_request
    self.raw_requestline = self.rfile.readline(65537)
  File "C:\Users\simip\AppData\Local\Programs\Python\Python39\lib\socket.py", line 704, in readinto
    return self._sock.recv_into(b)
  File "C:\Users\simip\AppData\Local\Programs\Python\Python39\lib\http\server.py", line 427, in handle
    self.handle_one_request()
  File "C:\Users\simip\AppData\Local\Programs\Python\Python39\lib\http\server.py", line 651, in __init__
    super().__init__(*args, **kwargs)
  File "C:\Users\simip\AppData\Local\Programs\Python\Python39\lib\socketserver.py", line 747, in __init__
    self.handle()
  File "C:\Users\simip\AppData\Local\Programs\Python\Python39\lib\http\server.py", line 427, in handle
    self.handle_one_request()
  File "C:\Users\simip\AppData\Local\Programs\Python\Python39\lib\http\server.py", line 393, in handle_one_request
    self.raw_requestline = self.rfile.readline(65537)
ConnectionResetError: [WinError 10054] An existing connection was forcibly closed by the remote host
  File "C:\Users\simip\AppData\Local\Programs\Python\Python39\lib\http\server.py", line 427, in handle
    self.handle_one_request()
  File "C:\Users\simip\AppData\Local\Programs\Python\Python39\lib\http\server.py", line 393, in handle_one_request
    self.raw_requestline = self.rfile.readline(65537)
  File "C:\Users\simip\AppData\Local\Programs\Python\Python39\lib\socket.py", line 704, in readinto
    return self._sock.recv_into(b)
----------------------------------------
  File "C:\Users\simip\AppData\Local\Programs\Python\Python39\lib\http\server.py", line 393, in handle_one_request
    self.raw_requestline = self.rfile.readline(65537)
  File "C:\Users\simip\AppData\Local\Programs\Python\Python39\lib\socket.py", line 704, in readinto
    return self._sock.recv_into(b)
  File "C:\Users\simip\AppData\Local\Programs\Python\Python39\lib\socket.py", line 704, in readinto
    return self._sock.recv_into(b)
ConnectionResetError: [WinError 10054] An existing connection was forcibly closed by the remote host
ConnectionResetError: [WinError 10054] An existing connection was forcibly closed by the remote host
----------------------------------------
----------------------------------------
ConnectionResetError: [WinError 10054] An existing connection was forcibly closed by the remote host
----------------------------------------
----------------------------------------
Exception occurred during processing of request from ('127.0.0.1', 61924)
Traceback (most recent call last):
  File "C:\Users\simip\AppData\Local\Programs\Python\Python39\lib\socketserver.py", line 683, in process_request_thread
    self.finish_request(request, client_address)
  File "C:\Users\simip\AppData\Local\Programs\Python\Python39\lib\socketserver.py", line 360, in finish_request
    self.RequestHandlerClass(request, client_address, self)
  File "C:\Users\simip\AppData\Local\Programs\Python\Python39\lib\http\server.py", line 651, in __init__
    super().__init__(*args, **kwargs)
----------------------------------------
  File "C:\Users\simip\AppData\Local\Programs\Python\Python39\lib\socketserver.py", line 747, in __init__
    self.handle()
Exception occurred during processing of request from ('127.0.0.1', 59458)
----------------------------------------
----------------------------------------
  File "C:\Users\simip\AppData\Local\Programs\Python\Python39\lib\http\server.py", line 427, in handle
    self.handle_one_request()
----------------------------------------
Exception occurred during processing of request from ('127.0.0.1', 51871)
  File "C:\Users\simip\AppData\Local\Programs\Python\Python39\lib\http\server.py", line 393, in handle_one_request
    self.raw_requestline = self.rfile.readline(65537)
Exception occurred during processing of request from ('127.0.0.1', 56319)
----------------------------------------
Exception occurred during processing of request from ('127.0.0.1', 52385)
Exception occurred during processing of request from ('127.0.0.1', 57865)
  File "C:\Users\simip\AppData\Local\Programs\Python\Python39\lib\socket.py", line 704, in readinto
    return self._sock.recv_into(b)
ConnectionResetError: [WinError 10054] An existing connection was forcibly closed by the remote host
----------------------------------------
Traceback (most recent call last):
  File "C:\Users\simip\AppData\Local\Programs\Python\Python39\lib\socketserver.py", line 683, in process_request_thread
    self.finish_request(request, client_address)
Traceback (most recent call last):
  File "C:\Users\simip\AppData\Local\Programs\Python\Python39\lib\socketserver.py", line 360, in finish_request
    self.RequestHandlerClass(request, client_address, self)
  File "C:\Users\simip\AppData\Local\Programs\Python\Python39\lib\socketserver.py", line 683, in process_request_thread
    self.finish_request(request, client_address)
  File "C:\Users\simip\AppData\Local\Programs\Python\Python39\lib\http\server.py", line 651, in __init__
    super().__init__(*args, **kwargs)
  File "C:\Users\simip\AppData\Local\Programs\Python\Python39\lib\socketserver.py", line 360, in finish_request
    self.RequestHandlerClass(request, client_address, self)
  File "C:\Users\simip\AppData\Local\Programs\Python\Python39\lib\socketserver.py", line 747, in __init__
    self.handle()
Traceback (most recent call last):
  File "C:\Users\simip\AppData\Local\Programs\Python\Python39\lib\http\server.py", line 651, in __init__
    super().__init__(*args, **kwargs)
  File "C:\Users\simip\AppData\Local\Programs\Python\Python39\lib\http\server.py", line 427, in handle
    self.handle_one_request()
  File "C:\Users\simip\AppData\Local\Programs\Python\Python39\lib\socketserver.py", line 683, in process_request_thread
    self.finish_request(request, client_address)
Traceback (most recent call last):
  File "C:\Users\simip\AppData\Local\Programs\Python\Python39\lib\http\server.py", line 393, in handle_one_request
    self.raw_requestline = self.rfile.readline(65537)
  File "C:\Users\simip\AppData\Local\Programs\Python\Python39\lib\socketserver.py", line 360, in finish_request
    self.RequestHandlerClass(request, client_address, self)
  File "C:\Users\simip\AppData\Local\Programs\Python\Python39\lib\socketserver.py", line 683, in process_request_thread
    self.finish_request(request, client_address)
  File "C:\Users\simip\AppData\Local\Programs\Python\Python39\lib\socket.py", line 704, in readinto
    return self._sock.recv_into(b)
  File "C:\Users\simip\AppData\Local\Programs\Python\Python39\lib\http\server.py", line 651, in __init__
    super().__init__(*args, **kwargs)
  File "C:\Users\simip\AppData\Local\Programs\Python\Python39\lib\socketserver.py", line 360, in finish_request
    self.RequestHandlerClass(request, client_address, self)
ConnectionResetError: [WinError 10054] An existing connection was forcibly closed by the remote host
  File "C:\Users\simip\AppData\Local\Programs\Python\Python39\lib\socketserver.py", line 747, in __init__
    self.handle()
  File "C:\Users\simip\AppData\Local\Programs\Python\Python39\lib\http\server.py", line 651, in __init__
    super().__init__(*args, **kwargs)
  File "C:\Users\simip\AppData\Local\Programs\Python\Python39\lib\socketserver.py", line 747, in __init__
    self.handle()
  File "C:\Users\simip\AppData\Local\Programs\Python\Python39\lib\http\server.py", line 427, in handle
    self.handle_one_request()
  File "C:\Users\simip\AppData\Local\Programs\Python\Python39\lib\http\server.py", line 393, in handle_one_request
    self.raw_requestline = self.rfile.readline(65537)
----------------------------------------
Traceback (most recent call last):
  File "C:\Users\simip\AppData\Local\Programs\Python\Python39\lib\socketserver.py", line 747, in __init__
    self.handle()
  File "C:\Users\simip\AppData\Local\Programs\Python\Python39\lib\http\server.py", line 427, in handle
    self.handle_one_request()
  File "C:\Users\simip\AppData\Local\Programs\Python\Python39\lib\http\server.py", line 393, in handle_one_request
    self.raw_requestline = self.rfile.readline(65537)
  File "C:\Users\simip\AppData\Local\Programs\Python\Python39\lib\socketserver.py", line 683, in process_request_thread
    self.finish_request(request, client_address)
  File "C:\Users\simip\AppData\Local\Programs\Python\Python39\lib\http\server.py", line 427, in handle
    self.handle_one_request()
  File "C:\Users\simip\AppData\Local\Programs\Python\Python39\lib\socket.py", line 704, in readinto
    return self._sock.recv_into(b)
  File "C:\Users\simip\AppData\Local\Programs\Python\Python39\lib\socketserver.py", line 360, in finish_request
    self.RequestHandlerClass(request, client_address, self)
  File "C:\Users\simip\AppData\Local\Programs\Python\Python39\lib\socket.py", line 704, in readinto
    return self._sock.recv_into(b)
  File "C:\Users\simip\AppData\Local\Programs\Python\Python39\lib\http\server.py", line 393, in handle_one_request
    self.raw_requestline = self.rfile.readline(65537)
ConnectionResetError: [WinError 10054] An existing connection was forcibly closed by the remote host
  File "C:\Users\simip\AppData\Local\Programs\Python\Python39\lib\http\server.py", line 651, in __init__
    super().__init__(*args, **kwargs)
  File "C:\Users\simip\AppData\Local\Programs\Python\Python39\lib\socketserver.py", line 747, in __init__
    self.handle()
----------------------------------------
  File "C:\Users\simip\AppData\Local\Programs\Python\Python39\lib\socket.py", line 704, in readinto
    return self._sock.recv_into(b)
ConnectionResetError: [WinError 10054] An existing connection was forcibly closed by the remote host
ConnectionResetError: [WinError 10054] An existing connection was forcibly closed by the remote host
----------------------------------------
----------------------------------------
  File "C:\Users\simip\AppData\Local\Programs\Python\Python39\lib\http\server.py", line 427, in handle
    self.handle_one_request()
  File "C:\Users\simip\AppData\Local\Programs\Python\Python39\lib\http\server.py", line 393, in handle_one_request
    self.raw_requestline = self.rfile.readline(65537)
  File "C:\Users\simip\AppData\Local\Programs\Python\Python39\lib\socket.py", line 704, in readinto
    return self._sock.recv_into(b)
ConnectionResetError: [WinError 10054] An existing connection was forcibly closed by the remote host
----------------------------------------
----------------------------------------
Exception occurred during processing of request from ('127.0.0.1', 60424)
----------------------------------------
Exception occurred during processing of request from ('127.0.0.1', 54978)
----------------------------------------
Exception occurred during processing of request from ('127.0.0.1', 62896)
----------------------------------------
Exception occurred during processing of request from ('127.0.0.1', 61109)
Traceback (most recent call last):
  File "C:\Users\simip\AppData\Local\Programs\Python\Python39\lib\socketserver.py", line 683, in process_request_thread
    self.finish_request(request, client_address)
  File "C:\Users\simip\AppData\Local\Programs\Python\Python39\lib\socketserver.py", line 360, in finish_request
    self.RequestHandlerClass(request, client_address, self)
  File "C:\Users\simip\AppData\Local\Programs\Python\Python39\lib\http\server.py", line 651, in __init__
    super().__init__(*args, **kwargs)
  File "C:\Users\simip\AppData\Local\Programs\Python\Python39\lib\socketserver.py", line 747, in __init__
    self.handle()
----------------------------------------
Exception occurred during processing of request from ('127.0.0.1', 64071)
Traceback (most recent call last):
  File "C:\Users\simip\AppData\Local\Programs\Python\Python39\lib\socketserver.py", line 683, in process_request_thread
    self.finish_request(request, client_address)
  File "C:\Users\simip\AppData\Local\Programs\Python\Python39\lib\socketserver.py", line 360, in finish_request
    self.RequestHandlerClass(request, client_address, self)
  File "C:\Users\simip\AppData\Local\Programs\Python\Python39\lib\http\server.py", line 651, in __init__
    super().__init__(*args, **kwargs)
  File "C:\Users\simip\AppData\Local\Programs\Python\Python39\lib\socketserver.py", line 747, in __init__
    self.handle()
  File "C:\Users\simip\AppData\Local\Programs\Python\Python39\lib\http\server.py", line 427, in handle
    self.handle_one_request()
  File "C:\Users\simip\AppData\Local\Programs\Python\Python39\lib\http\server.py", line 393, in handle_one_request
    self.raw_requestline = self.rfile.readline(65537)
  File "C:\Users\simip\AppData\Local\Programs\Python\Python39\lib\socket.py", line 704, in readinto
    return self._sock.recv_into(b)
ConnectionResetError: [WinError 10054] An existing connection was forcibly closed by the remote host
----------------------------------------
Traceback (most recent call last):
  File "C:\Users\simip\AppData\Local\Programs\Python\Python39\lib\socketserver.py", line 683, in process_request_thread
    self.finish_request(request, client_address)
  File "C:\Users\simip\AppData\Local\Programs\Python\Python39\lib\socketserver.py", line 360, in finish_request
    self.RequestHandlerClass(request, client_address, self)
  File "C:\Users\simip\AppData\Local\Programs\Python\Python39\lib\http\server.py", line 651, in __init__
    super().__init__(*args, **kwargs)
  File "C:\Users\simip\AppData\Local\Programs\Python\Python39\lib\socketserver.py", line 747, in __init__
    self.handle()
  File "C:\Users\simip\AppData\Local\Programs\Python\Python39\lib\http\server.py", line 427, in handle
    self.handle_one_request()
  File "C:\Users\simip\AppData\Local\Programs\Python\Python39\lib\http\server.py", line 393, in handle_one_request
    self.raw_requestline = self.rfile.readline(65537)
  File "C:\Users\simip\AppData\Local\Programs\Python\Python39\lib\socket.py", line 704, in readinto
    return self._sock.recv_into(b)
ConnectionResetError: [WinError 10054] An existing connection was forcibly closed by the remote host
----------------------------------------
----------------------------------------
Exception occurred during processing of request from ('127.0.0.1', 57668)
  File "C:\Users\simip\AppData\Local\Programs\Python\Python39\lib\http\server.py", line 427, in handle
    self.handle_one_request()
  File "C:\Users\simip\AppData\Local\Programs\Python\Python39\lib\http\server.py", line 393, in handle_one_request
    self.raw_requestline = self.rfile.readline(65537)
  File "C:\Users\simip\AppData\Local\Programs\Python\Python39\lib\socket.py", line 704, in readinto
    return self._sock.recv_into(b)
Traceback (most recent call last):
ConnectionResetError: [WinError 10054] An existing connection was forcibly closed by the remote host
----------------------------------------
  File "C:\Users\simip\AppData\Local\Programs\Python\Python39\lib\socketserver.py", line 683, in process_request_thread
    self.finish_request(request, client_address)
  File "C:\Users\simip\AppData\Local\Programs\Python\Python39\lib\socketserver.py", line 360, in finish_request
    self.RequestHandlerClass(request, client_address, self)
  File "C:\Users\simip\AppData\Local\Programs\Python\Python39\lib\http\server.py", line 651, in __init__
    super().__init__(*args, **kwargs)
  File "C:\Users\simip\AppData\Local\Programs\Python\Python39\lib\socketserver.py", line 747, in __init__
    self.handle()
  File "C:\Users\simip\AppData\Local\Programs\Python\Python39\lib\http\server.py", line 427, in handle
    self.handle_one_request()
  File "C:\Users\simip\AppData\Local\Programs\Python\Python39\lib\http\server.py", line 393, in handle_one_request
    self.raw_requestline = self.rfile.readline(65537)
  File "C:\Users\simip\AppData\Local\Programs\Python\Python39\lib\socket.py", line 704, in readinto
    return self._sock.recv_into(b)
ConnectionResetError: [WinError 10054] An existing connection was forcibly closed by the remote host
----------------------------------------
Traceback (most recent call last):
  File "C:\Users\simip\AppData\Local\Programs\Python\Python39\lib\socketserver.py", line 683, in process_request_thread
    self.finish_request(request, client_address)
  File "C:\Users\simip\AppData\Local\Programs\Python\Python39\lib\socketserver.py", line 360, in finish_request
    self.RequestHandlerClass(request, client_address, self)
Traceback (most recent call last):
  File "C:\Users\simip\AppData\Local\Programs\Python\Python39\lib\http\server.py", line 651, in __init__
    super().__init__(*args, **kwargs)
  File "C:\Users\simip\AppData\Local\Programs\Python\Python39\lib\socketserver.py", line 683, in process_request_thread
    self.finish_request(request, client_address)
  File "C:\Users\simip\AppData\Local\Programs\Python\Python39\lib\socketserver.py", line 747, in __init__
    self.handle()
  File "C:\Users\simip\AppData\Local\Programs\Python\Python39\lib\socketserver.py", line 360, in finish_request
    self.RequestHandlerClass(request, client_address, self)
  File "C:\Users\simip\AppData\Local\Programs\Python\Python39\lib\http\server.py", line 427, in handle
    self.handle_one_request()
  File "C:\Users\simip\AppData\Local\Programs\Python\Python39\lib\http\server.py", line 651, in __init__
    super().__init__(*args, **kwargs)
  File "C:\Users\simip\AppData\Local\Programs\Python\Python39\lib\http\server.py", line 393, in handle_one_request
    self.raw_requestline = self.rfile.readline(65537)
  File "C:\Users\simip\AppData\Local\Programs\Python\Python39\lib\socketserver.py", line 747, in __init__
    self.handle()
  File "C:\Users\simip\AppData\Local\Programs\Python\Python39\lib\socket.py", line 704, in readinto
    return self._sock.recv_into(b)
  File "C:\Users\simip\AppData\Local\Programs\Python\Python39\lib\http\server.py", line 427, in handle
    self.handle_one_request()
ConnectionResetError: [WinError 10054] An existing connection was forcibly closed by the remote host
  File "C:\Users\simip\AppData\Local\Programs\Python\Python39\lib\http\server.py", line 393, in handle_one_request
    self.raw_requestline = self.rfile.readline(65537)
----------------------------------------
  File "C:\Users\simip\AppData\Local\Programs\Python\Python39\lib\socket.py", line 704, in readinto
    return self._sock.recv_into(b)
ConnectionResetError: [WinError 10054] An existing connection was forcibly closed by the remote host
----------------------------------------
----------------------------------------
Exception occurred during processing of request from ('127.0.0.1', 57606)
----------------------------------------
Exception occurred during processing of request from ('127.0.0.1', 63178)
----------------------------------------
----------------------------------------
Exception occurred during processing of request from ('127.0.0.1', 50397)
----------------------------------------
----------------------------------------
Traceback (most recent call last):
Exception occurred during processing of request from ('127.0.0.1', 61424)
Exception occurred during processing of request from ('127.0.0.1', 58832)
Traceback (most recent call last):
  File "C:\Users\simip\AppData\Local\Programs\Python\Python39\lib\socketserver.py", line 683, in process_request_thread
    self.finish_request(request, client_address)
Traceback (most recent call last):
Exception occurred during processing of request from ('127.0.0.1', 49291)
  File "C:\Users\simip\AppData\Local\Programs\Python\Python39\lib\socketserver.py", line 683, in process_request_thread
    self.finish_request(request, client_address)
  File "C:\Users\simip\AppData\Local\Programs\Python\Python39\lib\socketserver.py", line 360, in finish_request
    self.RequestHandlerClass(request, client_address, self)
  File "C:\Users\simip\AppData\Local\Programs\Python\Python39\lib\socketserver.py", line 360, in finish_request
    self.RequestHandlerClass(request, client_address, self)
  File "C:\Users\simip\AppData\Local\Programs\Python\Python39\lib\http\server.py", line 651, in __init__
    super().__init__(*args, **kwargs)
  File "C:\Users\simip\AppData\Local\Programs\Python\Python39\lib\socketserver.py", line 683, in process_request_thread
    self.finish_request(request, client_address)
  File "C:\Users\simip\AppData\Local\Programs\Python\Python39\lib\socketserver.py", line 747, in __init__
    self.handle()
  File "C:\Users\simip\AppData\Local\Programs\Python\Python39\lib\http\server.py", line 651, in __init__
    super().__init__(*args, **kwargs)
  File "C:\Users\simip\AppData\Local\Programs\Python\Python39\lib\http\server.py", line 427, in handle
    self.handle_one_request()
  File "C:\Users\simip\AppData\Local\Programs\Python\Python39\lib\socketserver.py", line 747, in __init__
    self.handle()
  File "C:\Users\simip\AppData\Local\Programs\Python\Python39\lib\http\server.py", line 393, in handle_one_request
    self.raw_requestline = self.rfile.readline(65537)
  File "C:\Users\simip\AppData\Local\Programs\Python\Python39\lib\http\server.py", line 427, in handle
    self.handle_one_request()
  File "C:\Users\simip\AppData\Local\Programs\Python\Python39\lib\socket.py", line 704, in readinto
    return self._sock.recv_into(b)
  File "C:\Users\simip\AppData\Local\Programs\Python\Python39\lib\http\server.py", line 393, in handle_one_request
    self.raw_requestline = self.rfile.readline(65537)
ConnectionResetError: [WinError 10054] An existing connection was forcibly closed by the remote host
Traceback (most recent call last):
  File "C:\Users\simip\AppData\Local\Programs\Python\Python39\lib\socket.py", line 704, in readinto
    return self._sock.recv_into(b)
ConnectionResetError: [WinError 10054] An existing connection was forcibly closed by the remote host
  File "C:\Users\simip\AppData\Local\Programs\Python\Python39\lib\socketserver.py", line 683, in process_request_thread
    self.finish_request(request, client_address)
----------------------------------------
----------------------------------------
  File "C:\Users\simip\AppData\Local\Programs\Python\Python39\lib\socketserver.py", line 360, in finish_request
    self.RequestHandlerClass(request, client_address, self)
Traceback (most recent call last):
Traceback (most recent call last):
  File "C:\Users\simip\AppData\Local\Programs\Python\Python39\lib\socketserver.py", line 360, in finish_request
    self.RequestHandlerClass(request, client_address, self)
  File "C:\Users\simip\AppData\Local\Programs\Python\Python39\lib\http\server.py", line 651, in __init__
    super().__init__(*args, **kwargs)
  File "C:\Users\simip\AppData\Local\Programs\Python\Python39\lib\socketserver.py", line 683, in process_request_thread
    self.finish_request(request, client_address)
  File "C:\Users\simip\AppData\Local\Programs\Python\Python39\lib\socketserver.py", line 683, in process_request_thread
    self.finish_request(request, client_address)
  File "C:\Users\simip\AppData\Local\Programs\Python\Python39\lib\http\server.py", line 651, in __init__
    super().__init__(*args, **kwargs)
  File "C:\Users\simip\AppData\Local\Programs\Python\Python39\lib\socketserver.py", line 747, in __init__
    self.handle()
  File "C:\Users\simip\AppData\Local\Programs\Python\Python39\lib\socketserver.py", line 360, in finish_request
    self.RequestHandlerClass(request, client_address, self)
  File "C:\Users\simip\AppData\Local\Programs\Python\Python39\lib\socketserver.py", line 360, in finish_request
    self.RequestHandlerClass(request, client_address, self)
  File "C:\Users\simip\AppData\Local\Programs\Python\Python39\lib\socketserver.py", line 747, in __init__
    self.handle()
  File "C:\Users\simip\AppData\Local\Programs\Python\Python39\lib\http\server.py", line 427, in handle
    self.handle_one_request()
  File "C:\Users\simip\AppData\Local\Programs\Python\Python39\lib\http\server.py", line 651, in __init__
    super().__init__(*args, **kwargs)
  File "C:\Users\simip\AppData\Local\Programs\Python\Python39\lib\http\server.py", line 651, in __init__
    super().__init__(*args, **kwargs)
  File "C:\Users\simip\AppData\Local\Programs\Python\Python39\lib\http\server.py", line 427, in handle
    self.handle_one_request()
  File "C:\Users\simip\AppData\Local\Programs\Python\Python39\lib\http\server.py", line 393, in handle_one_request
    self.raw_requestline = self.rfile.readline(65537)
  File "C:\Users\simip\AppData\Local\Programs\Python\Python39\lib\socketserver.py", line 747, in __init__
    self.handle()
  File "C:\Users\simip\AppData\Local\Programs\Python\Python39\lib\socketserver.py", line 747, in __init__
    self.handle()
  File "C:\Users\simip\AppData\Local\Programs\Python\Python39\lib\http\server.py", line 393, in handle_one_request
    self.raw_requestline = self.rfile.readline(65537)
  File "C:\Users\simip\AppData\Local\Programs\Python\Python39\lib\socket.py", line 704, in readinto
    return self._sock.recv_into(b)
  File "C:\Users\simip\AppData\Local\Programs\Python\Python39\lib\http\server.py", line 427, in handle
    self.handle_one_request()
  File "C:\Users\simip\AppData\Local\Programs\Python\Python39\lib\http\server.py", line 427, in handle
    self.handle_one_request()
  File "C:\Users\simip\AppData\Local\Programs\Python\Python39\lib\http\server.py", line 393, in handle_one_request
    self.raw_requestline = self.rfile.readline(65537)
ConnectionResetError: [WinError 10054] An existing connection was forcibly closed by the remote host
  File "C:\Users\simip\AppData\Local\Programs\Python\Python39\lib\socket.py", line 704, in readinto
    return self._sock.recv_into(b)
  File "C:\Users\simip\AppData\Local\Programs\Python\Python39\lib\http\server.py", line 393, in handle_one_request
    self.raw_requestline = self.rfile.readline(65537)
ConnectionResetError: [WinError 10054] An existing connection was forcibly closed by the remote host
----------------------------------------
  File "C:\Users\simip\AppData\Local\Programs\Python\Python39\lib\socket.py", line 704, in readinto
    return self._sock.recv_into(b)
  File "C:\Users\simip\AppData\Local\Programs\Python\Python39\lib\socket.py", line 704, in readinto
    return self._sock.recv_into(b)
ConnectionResetError: [WinError 10054] An existing connection was forcibly closed by the remote host
----------------------------------------
----------------------------------------
ConnectionResetError: [WinError 10054] An existing connection was forcibly closed by the remote host
----------------------------------------
----------------------------------------
Exception occurred during processing of request from ('127.0.0.1', 60993)
Traceback (most recent call last):
  File "C:\Users\simip\AppData\Local\Programs\Python\Python39\lib\socketserver.py", line 683, in process_request_thread
    self.finish_request(request, client_address)
  File "C:\Users\simip\AppData\Local\Programs\Python\Python39\lib\socketserver.py", line 360, in finish_request
    self.RequestHandlerClass(request, client_address, self)
  File "C:\Users\simip\AppData\Local\Programs\Python\Python39\lib\http\server.py", line 651, in __init__
    super().__init__(*args, **kwargs)
  File "C:\Users\simip\AppData\Local\Programs\Python\Python39\lib\socketserver.py", line 747, in __init__
    self.handle()
  File "C:\Users\simip\AppData\Local\Programs\Python\Python39\lib\http\server.py", line 427, in handle
    self.handle_one_request()
  File "C:\Users\simip\AppData\Local\Programs\Python\Python39\lib\http\server.py", line 393, in handle_one_request
    self.raw_requestline = self.rfile.readline(65537)
  File "C:\Users\simip\AppData\Local\Programs\Python\Python39\lib\socket.py", line 704, in readinto
    return self._sock.recv_into(b)
ConnectionResetError: [WinError 10054] An existing connection was forcibly closed by the remote host
----------------------------------------
----------------------------------------
Exception occurred during processing of request from ('127.0.0.1', 57631)
----------------------------------------
Exception occurred during processing of request from ('127.0.0.1', 49671)
----------------------------------------
Exception occurred during processing of request from ('127.0.0.1', 56486)
Traceback (most recent call last):
  File "C:\Users\simip\AppData\Local\Programs\Python\Python39\lib\socketserver.py", line 683, in process_request_thread
    self.finish_request(request, client_address)
  File "C:\Users\simip\AppData\Local\Programs\Python\Python39\lib\socketserver.py", line 360, in finish_request
    self.RequestHandlerClass(request, client_address, self)
  File "C:\Users\simip\AppData\Local\Programs\Python\Python39\lib\http\server.py", line 651, in __init__
    super().__init__(*args, **kwargs)
----------------------------------------
Exception occurred during processing of request from ('127.0.0.1', 52600)
  File "C:\Users\simip\AppData\Local\Programs\Python\Python39\lib\socketserver.py", line 747, in __init__
    self.handle()
----------------------------------------
  File "C:\Users\simip\AppData\Local\Programs\Python\Python39\lib\http\server.py", line 427, in handle
    self.handle_one_request()
Traceback (most recent call last):
Traceback (most recent call last):
Exception occurred during processing of request from ('127.0.0.1', 49736)
  File "C:\Users\simip\AppData\Local\Programs\Python\Python39\lib\http\server.py", line 393, in handle_one_request
    self.raw_requestline = self.rfile.readline(65537)
  File "C:\Users\simip\AppData\Local\Programs\Python\Python39\lib\socketserver.py", line 683, in process_request_thread
    self.finish_request(request, client_address)
  File "C:\Users\simip\AppData\Local\Programs\Python\Python39\lib\socket.py", line 704, in readinto
    return self._sock.recv_into(b)
  File "C:\Users\simip\AppData\Local\Programs\Python\Python39\lib\socketserver.py", line 360, in finish_request
    self.RequestHandlerClass(request, client_address, self)
ConnectionResetError: [WinError 10054] An existing connection was forcibly closed by the remote host
  File "C:\Users\simip\AppData\Local\Programs\Python\Python39\lib\http\server.py", line 651, in __init__
    super().__init__(*args, **kwargs)
  File "C:\Users\simip\AppData\Local\Programs\Python\Python39\lib\socketserver.py", line 683, in process_request_thread
    self.finish_request(request, client_address)
----------------------------------------
  File "C:\Users\simip\AppData\Local\Programs\Python\Python39\lib\socketserver.py", line 360, in finish_request
    self.RequestHandlerClass(request, client_address, self)
  File "C:\Users\simip\AppData\Local\Programs\Python\Python39\lib\socketserver.py", line 747, in __init__
    self.handle()
  File "C:\Users\simip\AppData\Local\Programs\Python\Python39\lib\http\server.py", line 427, in handle
    self.handle_one_request()
Traceback (most recent call last):
  File "C:\Users\simip\AppData\Local\Programs\Python\Python39\lib\http\server.py", line 651, in __init__
    super().__init__(*args, **kwargs)
  File "C:\Users\simip\AppData\Local\Programs\Python\Python39\lib\socketserver.py", line 747, in __init__
    self.handle()
  File "C:\Users\simip\AppData\Local\Programs\Python\Python39\lib\http\server.py", line 393, in handle_one_request
    self.raw_requestline = self.rfile.readline(65537)
  File "C:\Users\simip\AppData\Local\Programs\Python\Python39\lib\http\server.py", line 427, in handle
    self.handle_one_request()
  File "C:\Users\simip\AppData\Local\Programs\Python\Python39\lib\socketserver.py", line 683, in process_request_thread
    self.finish_request(request, client_address)
  File "C:\Users\simip\AppData\Local\Programs\Python\Python39\lib\http\server.py", line 393, in handle_one_request
    self.raw_requestline = self.rfile.readline(65537)
Traceback (most recent call last):
  File "C:\Users\simip\AppData\Local\Programs\Python\Python39\lib\socket.py", line 704, in readinto
    return self._sock.recv_into(b)
  File "C:\Users\simip\AppData\Local\Programs\Python\Python39\lib\socketserver.py", line 360, in finish_request
    self.RequestHandlerClass(request, client_address, self)
  File "C:\Users\simip\AppData\Local\Programs\Python\Python39\lib\socket.py", line 704, in readinto
    return self._sock.recv_into(b)
  File "C:\Users\simip\AppData\Local\Programs\Python\Python39\lib\socketserver.py", line 683, in process_request_thread
    self.finish_request(request, client_address)
ConnectionResetError: [WinError 10054] An existing connection was forcibly closed by the remote host
  File "C:\Users\simip\AppData\Local\Programs\Python\Python39\lib\http\server.py", line 651, in __init__
    super().__init__(*args, **kwargs)
ConnectionResetError: [WinError 10054] An existing connection was forcibly closed by the remote host
  File "C:\Users\simip\AppData\Local\Programs\Python\Python39\lib\socketserver.py", line 360, in finish_request
    self.RequestHandlerClass(request, client_address, self)
  File "C:\Users\simip\AppData\Local\Programs\Python\Python39\lib\http\server.py", line 651, in __init__
    super().__init__(*args, **kwargs)
  File "C:\Users\simip\AppData\Local\Programs\Python\Python39\lib\socketserver.py", line 747, in __init__
    self.handle()
  File "C:\Users\simip\AppData\Local\Programs\Python\Python39\lib\socketserver.py", line 747, in __init__
    self.handle()
----------------------------------------
  File "C:\Users\simip\AppData\Local\Programs\Python\Python39\lib\http\server.py", line 427, in handle
    self.handle_one_request()
----------------------------------------
  File "C:\Users\simip\AppData\Local\Programs\Python\Python39\lib\http\server.py", line 393, in handle_one_request
    self.raw_requestline = self.rfile.readline(65537)
  File "C:\Users\simip\AppData\Local\Programs\Python\Python39\lib\http\server.py", line 427, in handle
    self.handle_one_request()
  File "C:\Users\simip\AppData\Local\Programs\Python\Python39\lib\socket.py", line 704, in readinto
    return self._sock.recv_into(b)
  File "C:\Users\simip\AppData\Local\Programs\Python\Python39\lib\http\server.py", line 393, in handle_one_request
    self.raw_requestline = self.rfile.readline(65537)
  File "C:\Users\simip\AppData\Local\Programs\Python\Python39\lib\socket.py", line 704, in readinto
    return self._sock.recv_into(b)
ConnectionResetError: [WinError 10054] An existing connection was forcibly closed by the remote host
ConnectionResetError: [WinError 10054] An existing connection was forcibly closed by the remote host
----------------------------------------
----------------------------------------
----------------------------------------
Exception occurred during processing of request from ('127.0.0.1', 60910)
Traceback (most recent call last):
  File "C:\Users\simip\AppData\Local\Programs\Python\Python39\lib\socketserver.py", line 683, in process_request_thread
    self.finish_request(request, client_address)
  File "C:\Users\simip\AppData\Local\Programs\Python\Python39\lib\socketserver.py", line 360, in finish_request
    self.RequestHandlerClass(request, client_address, self)
  File "C:\Users\simip\AppData\Local\Programs\Python\Python39\lib\http\server.py", line 651, in __init__
    super().__init__(*args, **kwargs)
  File "C:\Users\simip\AppData\Local\Programs\Python\Python39\lib\socketserver.py", line 747, in __init__
    self.handle()
  File "C:\Users\simip\AppData\Local\Programs\Python\Python39\lib\http\server.py", line 427, in handle
    self.handle_one_request()
  File "C:\Users\simip\AppData\Local\Programs\Python\Python39\lib\http\server.py", line 393, in handle_one_request
    self.raw_requestline = self.rfile.readline(65537)
  File "C:\Users\simip\AppData\Local\Programs\Python\Python39\lib\socket.py", line 704, in readinto
    return self._sock.recv_into(b)
ConnectionResetError: [WinError 10054] An existing connection was forcibly closed by the remote host
----------------------------------------
----------------------------------------
Exception occurred during processing of request from ('127.0.0.1', 51053)
----------------------------------------
Exception occurred during processing of request from ('127.0.0.1', 64056)
----------------------------------------
Exception occurred during processing of request from ('127.0.0.1', 64301)
Traceback (most recent call last):
  File "C:\Users\simip\AppData\Local\Programs\Python\Python39\lib\socketserver.py", line 683, in process_request_thread
    self.finish_request(request, client_address)
  File "C:\Users\simip\AppData\Local\Programs\Python\Python39\lib\socketserver.py", line 360, in finish_request
    self.RequestHandlerClass(request, client_address, self)
  File "C:\Users\simip\AppData\Local\Programs\Python\Python39\lib\http\server.py", line 651, in __init__
    super().__init__(*args, **kwargs)
  File "C:\Users\simip\AppData\Local\Programs\Python\Python39\lib\socketserver.py", line 747, in __init__
    self.handle()
----------------------------------------
  File "C:\Users\simip\AppData\Local\Programs\Python\Python39\lib\http\server.py", line 427, in handle
    self.handle_one_request()
  File "C:\Users\simip\AppData\Local\Programs\Python\Python39\lib\http\server.py", line 393, in handle_one_request
    self.raw_requestline = self.rfile.readline(65537)
  File "C:\Users\simip\AppData\Local\Programs\Python\Python39\lib\socket.py", line 704, in readinto
    return self._sock.recv_into(b)
Exception occurred during processing of request from ('127.0.0.1', 58070)
ConnectionResetError: [WinError 10054] An existing connection was forcibly closed by the remote host
Traceback (most recent call last):
----------------------------------------
Traceback (most recent call last):
  File "C:\Users\simip\AppData\Local\Programs\Python\Python39\lib\socketserver.py", line 683, in process_request_thread
    self.finish_request(request, client_address)
  File "C:\Users\simip\AppData\Local\Programs\Python\Python39\lib\socketserver.py", line 683, in process_request_thread
    self.finish_request(request, client_address)
  File "C:\Users\simip\AppData\Local\Programs\Python\Python39\lib\socketserver.py", line 360, in finish_request
    self.RequestHandlerClass(request, client_address, self)
  File "C:\Users\simip\AppData\Local\Programs\Python\Python39\lib\socketserver.py", line 360, in finish_request
    self.RequestHandlerClass(request, client_address, self)
  File "C:\Users\simip\AppData\Local\Programs\Python\Python39\lib\http\server.py", line 651, in __init__
    super().__init__(*args, **kwargs)
----------------------------------------
  File "C:\Users\simip\AppData\Local\Programs\Python\Python39\lib\http\server.py", line 651, in __init__
    super().__init__(*args, **kwargs)
  File "C:\Users\simip\AppData\Local\Programs\Python\Python39\lib\socketserver.py", line 747, in __init__
    self.handle()
  File "C:\Users\simip\AppData\Local\Programs\Python\Python39\lib\http\server.py", line 427, in handle
    self.handle_one_request()
  File "C:\Users\simip\AppData\Local\Programs\Python\Python39\lib\socketserver.py", line 747, in __init__
    self.handle()
Exception occurred during processing of request from ('127.0.0.1', 53557)
  File "C:\Users\simip\AppData\Local\Programs\Python\Python39\lib\http\server.py", line 427, in handle
    self.handle_one_request()
  File "C:\Users\simip\AppData\Local\Programs\Python\Python39\lib\http\server.py", line 393, in handle_one_request
    self.raw_requestline = self.rfile.readline(65537)
Traceback (most recent call last):
  File "C:\Users\simip\AppData\Local\Programs\Python\Python39\lib\socketserver.py", line 683, in process_request_thread
    self.finish_request(request, client_address)
  File "C:\Users\simip\AppData\Local\Programs\Python\Python39\lib\socket.py", line 704, in readinto
    return self._sock.recv_into(b)
  File "C:\Users\simip\AppData\Local\Programs\Python\Python39\lib\http\server.py", line 393, in handle_one_request
    self.raw_requestline = self.rfile.readline(65537)
ConnectionResetError: [WinError 10054] An existing connection was forcibly closed by the remote host
  File "C:\Users\simip\AppData\Local\Programs\Python\Python39\lib\socketserver.py", line 360, in finish_request
    self.RequestHandlerClass(request, client_address, self)
----------------------------------------
  File "C:\Users\simip\AppData\Local\Programs\Python\Python39\lib\http\server.py", line 651, in __init__
    super().__init__(*args, **kwargs)
  File "C:\Users\simip\AppData\Local\Programs\Python\Python39\lib\socketserver.py", line 747, in __init__
    self.handle()
  File "C:\Users\simip\AppData\Local\Programs\Python\Python39\lib\http\server.py", line 427, in handle
    self.handle_one_request()
  File "C:\Users\simip\AppData\Local\Programs\Python\Python39\lib\http\server.py", line 393, in handle_one_request
    self.raw_requestline = self.rfile.readline(65537)
  File "C:\Users\simip\AppData\Local\Programs\Python\Python39\lib\socket.py", line 704, in readinto
    return self._sock.recv_into(b)
ConnectionResetError: [WinError 10054] An existing connection was forcibly closed by the remote host
----------------------------------------
  File "C:\Users\simip\AppData\Local\Programs\Python\Python39\lib\socket.py", line 704, in readinto
    return self._sock.recv_into(b)
ConnectionResetError: [WinError 10054] An existing connection was forcibly closed by the remote host
----------------------------------------
Traceback (most recent call last):
  File "C:\Users\simip\AppData\Local\Programs\Python\Python39\lib\socketserver.py", line 683, in process_request_thread
    self.finish_request(request, client_address)
  File "C:\Users\simip\AppData\Local\Programs\Python\Python39\lib\socketserver.py", line 360, in finish_request
    self.RequestHandlerClass(request, client_address, self)
  File "C:\Users\simip\AppData\Local\Programs\Python\Python39\lib\http\server.py", line 651, in __init__
    super().__init__(*args, **kwargs)
  File "C:\Users\simip\AppData\Local\Programs\Python\Python39\lib\socketserver.py", line 747, in __init__
    self.handle()
  File "C:\Users\simip\AppData\Local\Programs\Python\Python39\lib\http\server.py", line 427, in handle
    self.handle_one_request()
  File "C:\Users\simip\AppData\Local\Programs\Python\Python39\lib\http\server.py", line 413, in handle_one_request
    method()
  File "C:\Users\simip\AppData\Local\Temp\claude\wt-n11\scripts\serve.py", line 56, in do_GET
    return super().do_GET()
  File "C:\Users\simip\AppData\Local\Programs\Python\Python39\lib\http\server.py", line 658, in do_GET
    self.copyfile(f, self.wfile)
  File "C:\Users\simip\AppData\Local\Programs\Python\Python39\lib\http\server.py", line 858, in copyfile
    shutil.copyfileobj(source, outputfile)
  File "C:\Users\simip\AppData\Local\Programs\Python\Python39\lib\shutil.py", line 208, in copyfileobj
    fdst_write(buf)
  File "C:\Users\simip\AppData\Local\Programs\Python\Python39\lib\socketserver.py", line 826, in write
    self._sock.sendall(b)
ConnectionResetError: [WinError 10054] An existing connection was forcibly closed by the remote host
----------------------------------------
----------------------------------------
Exception occurred during processing of request from ('127.0.0.1', 49671)
----------------------------------------
Exception occurred during processing of request from ('127.0.0.1', 57276)
----------------------------------------
Exception occurred during processing of request from ('127.0.0.1', 58296)
----------------------------------------
----------------------------------------
Exception occurred during processing of request from ('127.0.0.1', 50122)
Exception occurred during processing of request from ('127.0.0.1', 56295)
Traceback (most recent call last):
  File "C:\Users\simip\AppData\Local\Programs\Python\Python39\lib\socketserver.py", line 683, in process_request_thread
    self.finish_request(request, client_address)
  File "C:\Users\simip\AppData\Local\Programs\Python\Python39\lib\socketserver.py", line 360, in finish_request
    self.RequestHandlerClass(request, client_address, self)
  File "C:\Users\simip\AppData\Local\Programs\Python\Python39\lib\http\server.py", line 651, in __init__
    super().__init__(*args, **kwargs)
  File "C:\Users\simip\AppData\Local\Programs\Python\Python39\lib\socketserver.py", line 747, in __init__
    self.handle()
  File "C:\Users\simip\AppData\Local\Programs\Python\Python39\lib\http\server.py", line 427, in handle
    self.handle_one_request()
  File "C:\Users\simip\AppData\Local\Programs\Python\Python39\lib\http\server.py", line 393, in handle_one_request
    self.raw_requestline = self.rfile.readline(65537)
  File "C:\Users\simip\AppData\Local\Programs\Python\Python39\lib\socket.py", line 704, in readinto
    return self._sock.recv_into(b)
ConnectionResetError: [WinError 10054] An existing connection was forcibly closed by the remote host
----------------------------------------
Traceback (most recent call last):
  File "C:\Users\simip\AppData\Local\Programs\Python\Python39\lib\socketserver.py", line 683, in process_request_thread
    self.finish_request(request, client_address)
  File "C:\Users\simip\AppData\Local\Programs\Python\Python39\lib\socketserver.py", line 360, in finish_request
    self.RequestHandlerClass(request, client_address, self)
  File "C:\Users\simip\AppData\Local\Programs\Python\Python39\lib\http\server.py", line 651, in __init__
    super().__init__(*args, **kwargs)
  File "C:\Users\simip\AppData\Local\Programs\Python\Python39\lib\socketserver.py", line 747, in __init__
    self.handle()
  File "C:\Users\simip\AppData\Local\Programs\Python\Python39\lib\http\server.py", line 427, in handle
    self.handle_one_request()
  File "C:\Users\simip\AppData\Local\Programs\Python\Python39\lib\http\server.py", line 393, in handle_one_request
    self.raw_requestline = self.rfile.readline(65537)
  File "C:\Users\simip\AppData\Local\Programs\Python\Python39\lib\socket.py", line 704, in readinto
    return self._sock.recv_into(b)
ConnectionResetError: [WinError 10054] An existing connection was forcibly closed by the remote host
----------------------------------------
Traceback (most recent call last):
Traceback (most recent call last):
  File "C:\Users\simip\AppData\Local\Programs\Python\Python39\lib\socketserver.py", line 683, in process_request_thread
    self.finish_request(request, client_address)
  File "C:\Users\simip\AppData\Local\Programs\Python\Python39\lib\socketserver.py", line 683, in process_request_thread
    self.finish_request(request, client_address)
  File "C:\Users\simip\AppData\Local\Programs\Python\Python39\lib\socketserver.py", line 360, in finish_request
    self.RequestHandlerClass(request, client_address, self)
  File "C:\Users\simip\AppData\Local\Programs\Python\Python39\lib\socketserver.py", line 360, in finish_request
    self.RequestHandlerClass(request, client_address, self)
Traceback (most recent call last):
  File "C:\Users\simip\AppData\Local\Programs\Python\Python39\lib\http\server.py", line 651, in __init__
    super().__init__(*args, **kwargs)
  File "C:\Users\simip\AppData\Local\Programs\Python\Python39\lib\socketserver.py", line 747, in __init__
    self.handle()
  File "C:\Users\simip\AppData\Local\Programs\Python\Python39\lib\socketserver.py", line 683, in process_request_thread
    self.finish_request(request, client_address)
  File "C:\Users\simip\AppData\Local\Programs\Python\Python39\lib\http\server.py", line 427, in handle
    self.handle_one_request()
  File "C:\Users\simip\AppData\Local\Programs\Python\Python39\lib\http\server.py", line 651, in __init__
    super().__init__(*args, **kwargs)
  File "C:\Users\simip\AppData\Local\Programs\Python\Python39\lib\socketserver.py", line 360, in finish_request
    self.RequestHandlerClass(request, client_address, self)
  File "C:\Users\simip\AppData\Local\Programs\Python\Python39\lib\http\server.py", line 651, in __init__
    super().__init__(*args, **kwargs)
  File "C:\Users\simip\AppData\Local\Programs\Python\Python39\lib\http\server.py", line 393, in handle_one_request
    self.raw_requestline = self.rfile.readline(65537)
  File "C:\Users\simip\AppData\Local\Programs\Python\Python39\lib\socketserver.py", line 747, in __init__
    self.handle()
  File "C:\Users\simip\AppData\Local\Programs\Python\Python39\lib\socket.py", line 704, in readinto
    return self._sock.recv_into(b)
  File "C:\Users\simip\AppData\Local\Programs\Python\Python39\lib\http\server.py", line 427, in handle
    self.handle_one_request()
ConnectionResetError: [WinError 10054] An existing connection was forcibly closed by the remote host
----------------------------------------
  File "C:\Users\simip\AppData\Local\Programs\Python\Python39\lib\socketserver.py", line 747, in __init__
    self.handle()
  File "C:\Users\simip\AppData\Local\Programs\Python\Python39\lib\http\server.py", line 393, in handle_one_request
    self.raw_requestline = self.rfile.readline(65537)
----------------------------------------
Exception occurred during processing of request from ('127.0.0.1', 63343)
  File "C:\Users\simip\AppData\Local\Programs\Python\Python39\lib\http\server.py", line 427, in handle
    self.handle_one_request()
  File "C:\Users\simip\AppData\Local\Programs\Python\Python39\lib\socket.py", line 704, in readinto
    return self._sock.recv_into(b)
  File "C:\Users\simip\AppData\Local\Programs\Python\Python39\lib\http\server.py", line 393, in handle_one_request
    self.raw_requestline = self.rfile.readline(65537)
ConnectionResetError: [WinError 10054] An existing connection was forcibly closed by the remote host
  File "C:\Users\simip\AppData\Local\Programs\Python\Python39\lib\socket.py", line 704, in readinto
    return self._sock.recv_into(b)
----------------------------------------
ConnectionResetError: [WinError 10054] An existing connection was forcibly closed by the remote host
----------------------------------------
Traceback (most recent call last):
  File "C:\Users\simip\AppData\Local\Programs\Python\Python39\lib\socketserver.py", line 683, in process_request_thread
    self.finish_request(request, client_address)
  File "C:\Users\simip\AppData\Local\Programs\Python\Python39\lib\socketserver.py", line 360, in finish_request
    self.RequestHandlerClass(request, client_address, self)
  File "C:\Users\simip\AppData\Local\Programs\Python\Python39\lib\http\server.py", line 651, in __init__
    super().__init__(*args, **kwargs)
  File "C:\Users\simip\AppData\Local\Programs\Python\Python39\lib\socketserver.py", line 747, in __init__
    self.handle()
  File "C:\Users\simip\AppData\Local\Programs\Python\Python39\lib\http\server.py", line 427, in handle
    self.handle_one_request()
  File "C:\Users\simip\AppData\Local\Programs\Python\Python39\lib\http\server.py", line 393, in handle_one_request
    self.raw_requestline = self.rfile.readline(65537)
  File "C:\Users\simip\AppData\Local\Programs\Python\Python39\lib\socket.py", line 704, in readinto
    return self._sock.recv_into(b)
ConnectionResetError: [WinError 10054] An existing connection was forcibly closed by the remote host
----------------------------------------
----------------------------------------
----------------------------------------
Exception occurred during processing of request from ('127.0.0.1', 49159)
Exception occurred during processing of request from ('127.0.0.1', 55553)
----------------------------------------
----------------------------------------
----------------------------------------
----------------------------------------
Exception occurred during processing of request from ('127.0.0.1', 56767)
Exception occurred during processing of request from ('127.0.0.1', 58235)
Exception occurred during processing of request from ('127.0.0.1', 55152)
Exception occurred during processing of request from ('127.0.0.1', 65441)
Traceback (most recent call last):
Traceback (most recent call last):
Traceback (most recent call last):
  File "C:\Users\simip\AppData\Local\Programs\Python\Python39\lib\socketserver.py", line 683, in process_request_thread
    self.finish_request(request, client_address)
  File "C:\Users\simip\AppData\Local\Programs\Python\Python39\lib\socketserver.py", line 360, in finish_request
    self.RequestHandlerClass(request, client_address, self)
  File "C:\Users\simip\AppData\Local\Programs\Python\Python39\lib\socketserver.py", line 683, in process_request_thread
    self.finish_request(request, client_address)
Traceback (most recent call last):
  File "C:\Users\simip\AppData\Local\Programs\Python\Python39\lib\socketserver.py", line 683, in process_request_thread
    self.finish_request(request, client_address)
  File "C:\Users\simip\AppData\Local\Programs\Python\Python39\lib\socketserver.py", line 360, in finish_request
    self.RequestHandlerClass(request, client_address, self)
  File "C:\Users\simip\AppData\Local\Programs\Python\Python39\lib\http\server.py", line 651, in __init__
    super().__init__(*args, **kwargs)
  File "C:\Users\simip\AppData\Local\Programs\Python\Python39\lib\socketserver.py", line 360, in finish_request
    self.RequestHandlerClass(request, client_address, self)
Traceback (most recent call last):
  File "C:\Users\simip\AppData\Local\Programs\Python\Python39\lib\socketserver.py", line 683, in process_request_thread
    self.finish_request(request, client_address)
Traceback (most recent call last):
  File "C:\Users\simip\AppData\Local\Programs\Python\Python39\lib\http\server.py", line 651, in __init__
    super().__init__(*args, **kwargs)
  File "C:\Users\simip\AppData\Local\Programs\Python\Python39\lib\socketserver.py", line 747, in __init__
    self.handle()
  File "C:\Users\simip\AppData\Local\Programs\Python\Python39\lib\http\server.py", line 427, in handle
    self.handle_one_request()
  File "C:\Users\simip\AppData\Local\Programs\Python\Python39\lib\http\server.py", line 651, in __init__
    super().__init__(*args, **kwargs)
  File "C:\Users\simip\AppData\Local\Programs\Python\Python39\lib\socketserver.py", line 747, in __init__
    self.handle()
  File "C:\Users\simip\AppData\Local\Programs\Python\Python39\lib\socketserver.py", line 683, in process_request_thread
    self.finish_request(request, client_address)
  File "C:\Users\simip\AppData\Local\Programs\Python\Python39\lib\socketserver.py", line 360, in finish_request
    self.RequestHandlerClass(request, client_address, self)
  File "C:\Users\simip\AppData\Local\Programs\Python\Python39\lib\socketserver.py", line 747, in __init__
    self.handle()
  File "C:\Users\simip\AppData\Local\Programs\Python\Python39\lib\socketserver.py", line 360, in finish_request
    self.RequestHandlerClass(request, client_address, self)
  File "C:\Users\simip\AppData\Local\Programs\Python\Python39\lib\http\server.py", line 427, in handle
    self.handle_one_request()
  File "C:\Users\simip\AppData\Local\Programs\Python\Python39\lib\http\server.py", line 393, in handle_one_request
    self.raw_requestline = self.rfile.readline(65537)
  File "C:\Users\simip\AppData\Local\Programs\Python\Python39\lib\socketserver.py", line 683, in process_request_thread
    self.finish_request(request, client_address)
  File "C:\Users\simip\AppData\Local\Programs\Python\Python39\lib\socketserver.py", line 360, in finish_request
    self.RequestHandlerClass(request, client_address, self)
  File "C:\Users\simip\AppData\Local\Programs\Python\Python39\lib\http\server.py", line 651, in __init__
    super().__init__(*args, **kwargs)
  File "C:\Users\simip\AppData\Local\Programs\Python\Python39\lib\socketserver.py", line 747, in __init__
    self.handle()
  File "C:\Users\simip\AppData\Local\Programs\Python\Python39\lib\http\server.py", line 651, in __init__
    super().__init__(*args, **kwargs)
  File "C:\Users\simip\AppData\Local\Programs\Python\Python39\lib\http\server.py", line 393, in handle_one_request
    self.raw_requestline = self.rfile.readline(65537)
  File "C:\Users\simip\AppData\Local\Programs\Python\Python39\lib\http\server.py", line 427, in handle
    self.handle_one_request()
  File "C:\Users\simip\AppData\Local\Programs\Python\Python39\lib\socketserver.py", line 747, in __init__
    self.handle()
  File "C:\Users\simip\AppData\Local\Programs\Python\Python39\lib\socket.py", line 704, in readinto
    return self._sock.recv_into(b)
  File "C:\Users\simip\AppData\Local\Programs\Python\Python39\lib\http\server.py", line 651, in __init__
    super().__init__(*args, **kwargs)
  File "C:\Users\simip\AppData\Local\Programs\Python\Python39\lib\socketserver.py", line 747, in __init__
    self.handle()
  File "C:\Users\simip\AppData\Local\Programs\Python\Python39\lib\http\server.py", line 427, in handle
    self.handle_one_request()
  File "C:\Users\simip\AppData\Local\Programs\Python\Python39\lib\http\server.py", line 393, in handle_one_request
    self.raw_requestline = self.rfile.readline(65537)
  File "C:\Users\simip\AppData\Local\Programs\Python\Python39\lib\socket.py", line 704, in readinto
    return self._sock.recv_into(b)
  File "C:\Users\simip\AppData\Local\Programs\Python\Python39\lib\http\server.py", line 427, in handle
    self.handle_one_request()
  File "C:\Users\simip\AppData\Local\Programs\Python\Python39\lib\http\server.py", line 393, in handle_one_request
    self.raw_requestline = self.rfile.readline(65537)
  File "C:\Users\simip\AppData\Local\Programs\Python\Python39\lib\socket.py", line 704, in readinto
    return self._sock.recv_into(b)
ConnectionResetError: [WinError 10054] An existing connection was forcibly closed by the remote host
  File "C:\Users\simip\AppData\Local\Programs\Python\Python39\lib\http\server.py", line 393, in handle_one_request
    self.raw_requestline = self.rfile.readline(65537)
  File "C:\Users\simip\AppData\Local\Programs\Python\Python39\lib\http\server.py", line 427, in handle
    self.handle_one_request()
  File "C:\Users\simip\AppData\Local\Programs\Python\Python39\lib\socket.py", line 704, in readinto
    return self._sock.recv_into(b)
ConnectionResetError: [WinError 10054] An existing connection was forcibly closed by the remote host
  File "C:\Users\simip\AppData\Local\Programs\Python\Python39\lib\socket.py", line 704, in readinto
    return self._sock.recv_into(b)
ConnectionResetError: [WinError 10054] An existing connection was forcibly closed by the remote host
ConnectionResetError: [WinError 10054] An existing connection was forcibly closed by the remote host
  File "C:\Users\simip\AppData\Local\Programs\Python\Python39\lib\http\server.py", line 393, in handle_one_request
    self.raw_requestline = self.rfile.readline(65537)
----------------------------------------
----------------------------------------
  File "C:\Users\simip\AppData\Local\Programs\Python\Python39\lib\socket.py", line 704, in readinto
    return self._sock.recv_into(b)
----------------------------------------
----------------------------------------
ConnectionResetError: [WinError 10054] An existing connection was forcibly closed by the remote host
ConnectionResetError: [WinError 10054] An existing connection was forcibly closed by the remote host
----------------------------------------
----------------------------------------
----------------------------------------
Exception occurred during processing of request from ('127.0.0.1', 61616)
----------------------------------------
Exception occurred during processing of request from ('127.0.0.1', 55143)
----------------------------------------
Exception occurred during processing of request from ('127.0.0.1', 49393)
----------------------------------------
Exception occurred during processing of request from ('127.0.0.1', 63039)
Traceback (most recent call last):
  File "C:\Users\simip\AppData\Local\Programs\Python\Python39\lib\socketserver.py", line 683, in process_request_thread
    self.finish_request(request, client_address)
  File "C:\Users\simip\AppData\Local\Programs\Python\Python39\lib\socketserver.py", line 360, in finish_request
    self.RequestHandlerClass(request, client_address, self)
  File "C:\Users\simip\AppData\Local\Programs\Python\Python39\lib\http\server.py", line 651, in __init__
    super().__init__(*args, **kwargs)
  File "C:\Users\simip\AppData\Local\Programs\Python\Python39\lib\socketserver.py", line 747, in __init__
    self.handle()
  File "C:\Users\simip\AppData\Local\Programs\Python\Python39\lib\http\server.py", line 427, in handle
    self.handle_one_request()
  File "C:\Users\simip\AppData\Local\Programs\Python\Python39\lib\http\server.py", line 393, in handle_one_request
    self.raw_requestline = self.rfile.readline(65537)
  File "C:\Users\simip\AppData\Local\Programs\Python\Python39\lib\socket.py", line 704, in readinto
    return self._sock.recv_into(b)
ConnectionResetError: [WinError 10054] An existing connection was forcibly closed by the remote host
----------------------------------------
Traceback (most recent call last):
  File "C:\Users\simip\AppData\Local\Programs\Python\Python39\lib\socketserver.py", line 683, in process_request_thread
    self.finish_request(request, client_address)
  File "C:\Users\simip\AppData\Local\Programs\Python\Python39\lib\socketserver.py", line 360, in finish_request
    self.RequestHandlerClass(request, client_address, self)
  File "C:\Users\simip\AppData\Local\Programs\Python\Python39\lib\http\server.py", line 651, in __init__
    super().__init__(*args, **kwargs)
  File "C:\Users\simip\AppData\Local\Programs\Python\Python39\lib\socketserver.py", line 747, in __init__
    self.handle()
  File "C:\Users\simip\AppData\Local\Programs\Python\Python39\lib\http\server.py", line 427, in handle
    self.handle_one_request()
  File "C:\Users\simip\AppData\Local\Programs\Python\Python39\lib\http\server.py", line 393, in handle_one_request
    self.raw_requestline = self.rfile.readline(65537)
  File "C:\Users\simip\AppData\Local\Programs\Python\Python39\lib\socket.py", line 704, in readinto
    return self._sock.recv_into(b)
Traceback (most recent call last):
----------------------------------------
Traceback (most recent call last):
----------------------------------------
Exception occurred during processing of request from ('127.0.0.1', 49919)
  File "C:\Users\simip\AppData\Local\Programs\Python\Python39\lib\socketserver.py", line 683, in process_request_thread
    self.finish_request(request, client_address)
Exception occurred during processing of request from ('127.0.0.1', 57924)
ConnectionResetError: [WinError 10054] An existing connection was forcibly closed by the remote host
  File "C:\Users\simip\AppData\Local\Programs\Python\Python39\lib\socketserver.py", line 683, in process_request_thread
    self.finish_request(request, client_address)
----------------------------------------
  File "C:\Users\simip\AppData\Local\Programs\Python\Python39\lib\socketserver.py", line 360, in finish_request
    self.RequestHandlerClass(request, client_address, self)
  File "C:\Users\simip\AppData\Local\Programs\Python\Python39\lib\http\server.py", line 651, in __init__
    super().__init__(*args, **kwargs)
  File "C:\Users\simip\AppData\Local\Programs\Python\Python39\lib\socketserver.py", line 360, in finish_request
    self.RequestHandlerClass(request, client_address, self)
  File "C:\Users\simip\AppData\Local\Programs\Python\Python39\lib\socketserver.py", line 747, in __init__
    self.handle()
  File "C:\Users\simip\AppData\Local\Programs\Python\Python39\lib\http\server.py", line 651, in __init__
    super().__init__(*args, **kwargs)
  File "C:\Users\simip\AppData\Local\Programs\Python\Python39\lib\http\server.py", line 427, in handle
    self.handle_one_request()
  File "C:\Users\simip\AppData\Local\Programs\Python\Python39\lib\socketserver.py", line 747, in __init__
    self.handle()
  File "C:\Users\simip\AppData\Local\Programs\Python\Python39\lib\http\server.py", line 393, in handle_one_request
    self.raw_requestline = self.rfile.readline(65537)
  File "C:\Users\simip\AppData\Local\Programs\Python\Python39\lib\socket.py", line 704, in readinto
    return self._sock.recv_into(b)
  File "C:\Users\simip\AppData\Local\Programs\Python\Python39\lib\http\server.py", line 427, in handle
    self.handle_one_request()
ConnectionResetError: [WinError 10054] An existing connection was forcibly closed by the remote host
  File "C:\Users\simip\AppData\Local\Programs\Python\Python39\lib\http\server.py", line 393, in handle_one_request
    self.raw_requestline = self.rfile.readline(65537)
----------------------------------------
Traceback (most recent call last):
Traceback (most recent call last):
  File "C:\Users\simip\AppData\Local\Programs\Python\Python39\lib\socketserver.py", line 683, in process_request_thread
    self.finish_request(request, client_address)
  File "C:\Users\simip\AppData\Local\Programs\Python\Python39\lib\socketserver.py", line 683, in process_request_thread
    self.finish_request(request, client_address)
  File "C:\Users\simip\AppData\Local\Programs\Python\Python39\lib\socketserver.py", line 360, in finish_request
    self.RequestHandlerClass(request, client_address, self)
  File "C:\Users\simip\AppData\Local\Programs\Python\Python39\lib\socketserver.py", line 360, in finish_request
    self.RequestHandlerClass(request, client_address, self)
  File "C:\Users\simip\AppData\Local\Programs\Python\Python39\lib\http\server.py", line 651, in __init__
    super().__init__(*args, **kwargs)
  File "C:\Users\simip\AppData\Local\Programs\Python\Python39\lib\socket.py", line 704, in readinto
    return self._sock.recv_into(b)
  File "C:\Users\simip\AppData\Local\Programs\Python\Python39\lib\http\server.py", line 651, in __init__
    super().__init__(*args, **kwargs)
ConnectionResetError: [WinError 10054] An existing connection was forcibly closed by the remote host
  File "C:\Users\simip\AppData\Local\Programs\Python\Python39\lib\socketserver.py", line 747, in __init__
    self.handle()
  File "C:\Users\simip\AppData\Local\Programs\Python\Python39\lib\http\server.py", line 427, in handle
    self.handle_one_request()
----------------------------------------
  File "C:\Users\simip\AppData\Local\Programs\Python\Python39\lib\socketserver.py", line 747, in __init__
    self.handle()
  File "C:\Users\simip\AppData\Local\Programs\Python\Python39\lib\http\server.py", line 427, in handle
    self.handle_one_request()
  File "C:\Users\simip\AppData\Local\Programs\Python\Python39\lib\http\server.py", line 393, in handle_one_request
    self.raw_requestline = self.rfile.readline(65537)
  File "C:\Users\simip\AppData\Local\Programs\Python\Python39\lib\socket.py", line 704, in readinto
    return self._sock.recv_into(b)
  File "C:\Users\simip\AppData\Local\Programs\Python\Python39\lib\http\server.py", line 393, in handle_one_request
    self.raw_requestline = self.rfile.readline(65537)
ConnectionResetError: [WinError 10054] An existing connection was forcibly closed by the remote host
  File "C:\Users\simip\AppData\Local\Programs\Python\Python39\lib\socket.py", line 704, in readinto
    return self._sock.recv_into(b)
----------------------------------------
ConnectionResetError: [WinError 10054] An existing connection was forcibly closed by the remote host
----------------------------------------
----------------------------------------
Exception occurred during processing of request from ('127.0.0.1', 61456)
Traceback (most recent call last):
  File "C:\Users\simip\AppData\Local\Programs\Python\Python39\lib\socketserver.py", line 683, in process_request_thread
    self.finish_request(request, client_address)
  File "C:\Users\simip\AppData\Local\Programs\Python\Python39\lib\socketserver.py", line 360, in finish_request
    self.RequestHandlerClass(request, client_address, self)
  File "C:\Users\simip\AppData\Local\Programs\Python\Python39\lib\http\server.py", line 651, in __init__
    super().__init__(*args, **kwargs)
  File "C:\Users\simip\AppData\Local\Programs\Python\Python39\lib\socketserver.py", line 747, in __init__
    self.handle()
  File "C:\Users\simip\AppData\Local\Programs\Python\Python39\lib\http\server.py", line 427, in handle
    self.handle_one_request()
  File "C:\Users\simip\AppData\Local\Programs\Python\Python39\lib\http\server.py", line 393, in handle_one_request
    self.raw_requestline = self.rfile.readline(65537)
  File "C:\Users\simip\AppData\Local\Programs\Python\Python39\lib\socket.py", line 704, in readinto
    return self._sock.recv_into(b)
ConnectionResetError: [WinError 10054] An existing connection was forcibly closed by the remote host
----------------------------------------
----------------------------------------
Exception occurred during processing of request from ('127.0.0.1', 59130)
Traceback (most recent call last):
  File "C:\Users\simip\AppData\Local\Programs\Python\Python39\lib\socketserver.py", line 683, in process_request_thread
    self.finish_request(request, client_address)
  File "C:\Users\simip\AppData\Local\Programs\Python\Python39\lib\socketserver.py", line 360, in finish_request
    self.RequestHandlerClass(request, client_address, self)
  File "C:\Users\simip\AppData\Local\Programs\Python\Python39\lib\http\server.py", line 651, in __init__
    super().__init__(*args, **kwargs)
  File "C:\Users\simip\AppData\Local\Programs\Python\Python39\lib\socketserver.py", line 747, in __init__
    self.handle()
  File "C:\Users\simip\AppData\Local\Programs\Python\Python39\lib\http\server.py", line 427, in handle
    self.handle_one_request()
  File "C:\Users\simip\AppData\Local\Programs\Python\Python39\lib\http\server.py", line 393, in handle_one_request
    self.raw_requestline = self.rfile.readline(65537)
  File "C:\Users\simip\AppData\Local\Programs\Python\Python39\lib\socket.py", line 704, in readinto
    return self._sock.recv_into(b)
ConnectionResetError: [WinError 10054] An existing connection was forcibly closed by the remote host
----------------------------------------
----------------------------------------
Exception occurred during processing of request from ('127.0.0.1', 49951)
Traceback (most recent call last):
  File "C:\Users\simip\AppData\Local\Programs\Python\Python39\lib\socketserver.py", line 683, in process_request_thread
    self.finish_request(request, client_address)
  File "C:\Users\simip\AppData\Local\Programs\Python\Python39\lib\socketserver.py", line 360, in finish_request
    self.RequestHandlerClass(request, client_address, self)
  File "C:\Users\simip\AppData\Local\Programs\Python\Python39\lib\http\server.py", line 651, in __init__
    super().__init__(*args, **kwargs)
  File "C:\Users\simip\AppData\Local\Programs\Python\Python39\lib\socketserver.py", line 747, in __init__
    self.handle()
  File "C:\Users\simip\AppData\Local\Programs\Python\Python39\lib\http\server.py", line 427, in handle
    self.handle_one_request()
  File "C:\Users\simip\AppData\Local\Programs\Python\Python39\lib\http\server.py", line 393, in handle_one_request
    self.raw_requestline = self.rfile.readline(65537)
  File "C:\Users\simip\AppData\Local\Programs\Python\Python39\lib\socket.py", line 704, in readinto
    return self._sock.recv_into(b)
ConnectionResetError: [WinError 10054] An existing connection was forcibly closed by the remote host
----------------------------------------
----------------------------------------
Exception occurred during processing of request from ('127.0.0.1', 62404)
----------------------------------------
Exception occurred during processing of request from ('127.0.0.1', 60467)
----------------------------------------
Exception occurred during processing of request from ('127.0.0.1', 62527)
Traceback (most recent call last):
Traceback (most recent call last):
  File "C:\Users\simip\AppData\Local\Programs\Python\Python39\lib\socketserver.py", line 683, in process_request_thread
    self.finish_request(request, client_address)
  File "C:\Users\simip\AppData\Local\Programs\Python\Python39\lib\socketserver.py", line 683, in process_request_thread
    self.finish_request(request, client_address)
  File "C:\Users\simip\AppData\Local\Programs\Python\Python39\lib\socketserver.py", line 360, in finish_request
    self.RequestHandlerClass(request, client_address, self)
  File "C:\Users\simip\AppData\Local\Programs\Python\Python39\lib\socketserver.py", line 360, in finish_request
    self.RequestHandlerClass(request, client_address, self)
  File "C:\Users\simip\AppData\Local\Programs\Python\Python39\lib\http\server.py", line 651, in __init__
    super().__init__(*args, **kwargs)
  File "C:\Users\simip\AppData\Local\Programs\Python\Python39\lib\socketserver.py", line 747, in __init__
    self.handle()
  File "C:\Users\simip\AppData\Local\Programs\Python\Python39\lib\http\server.py", line 427, in handle
    self.handle_one_request()
Traceback (most recent call last):
  File "C:\Users\simip\AppData\Local\Programs\Python\Python39\lib\http\server.py", line 651, in __init__
    super().__init__(*args, **kwargs)
  File "C:\Users\simip\AppData\Local\Programs\Python\Python39\lib\socketserver.py", line 747, in __init__
    self.handle()
  File "C:\Users\simip\AppData\Local\Programs\Python\Python39\lib\socketserver.py", line 683, in process_request_thread
    self.finish_request(request, client_address)
  File "C:\Users\simip\AppData\Local\Programs\Python\Python39\lib\socketserver.py", line 360, in finish_request
    self.RequestHandlerClass(request, client_address, self)
  File "C:\Users\simip\AppData\Local\Programs\Python\Python39\lib\http\server.py", line 651, in __init__
    super().__init__(*args, **kwargs)
  File "C:\Users\simip\AppData\Local\Programs\Python\Python39\lib\socketserver.py", line 747, in __init__
    self.handle()
  File "C:\Users\simip\AppData\Local\Programs\Python\Python39\lib\http\server.py", line 427, in handle
    self.handle_one_request()
  File "C:\Users\simip\AppData\Local\Programs\Python\Python39\lib\http\server.py", line 393, in handle_one_request
    self.raw_requestline = self.rfile.readline(65537)
  File "C:\Users\simip\AppData\Local\Programs\Python\Python39\lib\socket.py", line 704, in readinto
    return self._sock.recv_into(b)
  File "C:\Users\simip\AppData\Local\Programs\Python\Python39\lib\http\server.py", line 393, in handle_one_request
    self.raw_requestline = self.rfile.readline(65537)
ConnectionResetError: [WinError 10054] An existing connection was forcibly closed by the remote host
  File "C:\Users\simip\AppData\Local\Programs\Python\Python39\lib\socket.py", line 704, in readinto
    return self._sock.recv_into(b)
  File "C:\Users\simip\AppData\Local\Programs\Python\Python39\lib\http\server.py", line 427, in handle
    self.handle_one_request()
ConnectionResetError: [WinError 10054] An existing connection was forcibly closed by the remote host
  File "C:\Users\simip\AppData\Local\Programs\Python\Python39\lib\http\server.py", line 393, in handle_one_request
    self.raw_requestline = self.rfile.readline(65537)
  File "C:\Users\simip\AppData\Local\Programs\Python\Python39\lib\socket.py", line 704, in readinto
    return self._sock.recv_into(b)
----------------------------------------
ConnectionResetError: [WinError 10054] An existing connection was forcibly closed by the remote host
----------------------------------------
----------------------------------------
----------------------------------------
Exception occurred during processing of request from ('127.0.0.1', 53964)
----------------------------------------
Exception occurred during processing of request from ('127.0.0.1', 61663)
----------------------------------------
Exception occurred during processing of request from ('127.0.0.1', 64983)
----------------------------------------
----------------------------------------
Exception occurred during processing of request from ('127.0.0.1', 50327)
Exception occurred during processing of request from ('127.0.0.1', 52464)
----------------------------------------
Exception occurred during processing of request from ('127.0.0.1', 54665)
Traceback (most recent call last):
  File "C:\Users\simip\AppData\Local\Programs\Python\Python39\lib\socketserver.py", line 683, in process_request_thread
    self.finish_request(request, client_address)
Traceback (most recent call last):
  File "C:\Users\simip\AppData\Local\Programs\Python\Python39\lib\socketserver.py", line 360, in finish_request
    self.RequestHandlerClass(request, client_address, self)
  File "C:\Users\simip\AppData\Local\Programs\Python\Python39\lib\socketserver.py", line 683, in process_request_thread
    self.finish_request(request, client_address)
  File "C:\Users\simip\AppData\Local\Programs\Python\Python39\lib\http\server.py", line 651, in __init__
    super().__init__(*args, **kwargs)
  File "C:\Users\simip\AppData\Local\Programs\Python\Python39\lib\socketserver.py", line 360, in finish_request
    self.RequestHandlerClass(request, client_address, self)
  File "C:\Users\simip\AppData\Local\Programs\Python\Python39\lib\socketserver.py", line 747, in __init__
    self.handle()
Traceback (most recent call last):
Traceback (most recent call last):
  File "C:\Users\simip\AppData\Local\Programs\Python\Python39\lib\http\server.py", line 651, in __init__
    super().__init__(*args, **kwargs)
  File "C:\Users\simip\AppData\Local\Programs\Python\Python39\lib\http\server.py", line 427, in handle
    self.handle_one_request()
  File "C:\Users\simip\AppData\Local\Programs\Python\Python39\lib\socketserver.py", line 683, in process_request_thread
    self.finish_request(request, client_address)
  File "C:\Users\simip\AppData\Local\Programs\Python\Python39\lib\socketserver.py", line 683, in process_request_thread
    self.finish_request(request, client_address)
Traceback (most recent call last):
Traceback (most recent call last):
  File "C:\Users\simip\AppData\Local\Programs\Python\Python39\lib\socketserver.py", line 747, in __init__
    self.handle()
  File "C:\Users\simip\AppData\Local\Programs\Python\Python39\lib\http\server.py", line 393, in handle_one_request
    self.raw_requestline = self.rfile.readline(65537)
  File "C:\Users\simip\AppData\Local\Programs\Python\Python39\lib\socket.py", line 704, in readinto
    return self._sock.recv_into(b)
  File "C:\Users\simip\AppData\Local\Programs\Python\Python39\lib\socketserver.py", line 360, in finish_request
    self.RequestHandlerClass(request, client_address, self)
  File "C:\Users\simip\AppData\Local\Programs\Python\Python39\lib\socketserver.py", line 683, in process_request_thread
    self.finish_request(request, client_address)
  File "C:\Users\simip\AppData\Local\Programs\Python\Python39\lib\socketserver.py", line 683, in process_request_thread
    self.finish_request(request, client_address)
  File "C:\Users\simip\AppData\Local\Programs\Python\Python39\lib\http\server.py", line 427, in handle
    self.handle_one_request()
  File "C:\Users\simip\AppData\Local\Programs\Python\Python39\lib\socketserver.py", line 360, in finish_request
    self.RequestHandlerClass(request, client_address, self)
  File "C:\Users\simip\AppData\Local\Programs\Python\Python39\lib\http\server.py", line 651, in __init__
    super().__init__(*args, **kwargs)
ConnectionResetError: [WinError 10054] An existing connection was forcibly closed by the remote host
  File "C:\Users\simip\AppData\Local\Programs\Python\Python39\lib\socketserver.py", line 360, in finish_request
    self.RequestHandlerClass(request, client_address, self)
  File "C:\Users\simip\AppData\Local\Programs\Python\Python39\lib\http\server.py", line 651, in __init__
    super().__init__(*args, **kwargs)
  File "C:\Users\simip\AppData\Local\Programs\Python\Python39\lib\http\server.py", line 393, in handle_one_request
    self.raw_requestline = self.rfile.readline(65537)
  File "C:\Users\simip\AppData\Local\Programs\Python\Python39\lib\socketserver.py", line 360, in finish_request
    self.RequestHandlerClass(request, client_address, self)
  File "C:\Users\simip\AppData\Local\Programs\Python\Python39\lib\socketserver.py", line 747, in __init__
    self.handle()
----------------------------------------
  File "C:\Users\simip\AppData\Local\Programs\Python\Python39\lib\http\server.py", line 651, in __init__
    super().__init__(*args, **kwargs)
  File "C:\Users\simip\AppData\Local\Programs\Python\Python39\lib\socketserver.py", line 747, in __init__
    self.handle()
  File "C:\Users\simip\AppData\Local\Programs\Python\Python39\lib\http\server.py", line 427, in handle
    self.handle_one_request()
  File "C:\Users\simip\AppData\Local\Programs\Python\Python39\lib\socket.py", line 704, in readinto
    return self._sock.recv_into(b)
  File "C:\Users\simip\AppData\Local\Programs\Python\Python39\lib\http\server.py", line 651, in __init__
    super().__init__(*args, **kwargs)
  File "C:\Users\simip\AppData\Local\Programs\Python\Python39\lib\socketserver.py", line 747, in __init__
    self.handle()
  File "C:\Users\simip\AppData\Local\Programs\Python\Python39\lib\socketserver.py", line 747, in __init__
    self.handle()
ConnectionResetError: [WinError 10054] An existing connection was forcibly closed by the remote host
  File "C:\Users\simip\AppData\Local\Programs\Python\Python39\lib\http\server.py", line 427, in handle
    self.handle_one_request()
  File "C:\Users\simip\AppData\Local\Programs\Python\Python39\lib\http\server.py", line 427, in handle
    self.handle_one_request()
----------------------------------------
  File "C:\Users\simip\AppData\Local\Programs\Python\Python39\lib\http\server.py", line 393, in handle_one_request
    self.raw_requestline = self.rfile.readline(65537)
  File "C:\Users\simip\AppData\Local\Programs\Python\Python39\lib\socket.py", line 704, in readinto
    return self._sock.recv_into(b)
  File "C:\Users\simip\AppData\Local\Programs\Python\Python39\lib\http\server.py", line 393, in handle_one_request
    self.raw_requestline = self.rfile.readline(65537)
  File "C:\Users\simip\AppData\Local\Programs\Python\Python39\lib\http\server.py", line 393, in handle_one_request
    self.raw_requestline = self.rfile.readline(65537)
  File "C:\Users\simip\AppData\Local\Programs\Python\Python39\lib\http\server.py", line 427, in handle
    self.handle_one_request()
  File "C:\Users\simip\AppData\Local\Programs\Python\Python39\lib\socket.py", line 704, in readinto
    return self._sock.recv_into(b)
ConnectionResetError: [WinError 10054] An existing connection was forcibly closed by the remote host
  File "C:\Users\simip\AppData\Local\Programs\Python\Python39\lib\socket.py", line 704, in readinto
    return self._sock.recv_into(b)
  File "C:\Users\simip\AppData\Local\Programs\Python\Python39\lib\http\server.py", line 393, in handle_one_request
    self.raw_requestline = self.rfile.readline(65537)
ConnectionResetError: [WinError 10054] An existing connection was forcibly closed by the remote host
ConnectionResetError: [WinError 10054] An existing connection was forcibly closed by the remote host
----------------------------------------
  File "C:\Users\simip\AppData\Local\Programs\Python\Python39\lib\socket.py", line 704, in readinto
    return self._sock.recv_into(b)
----------------------------------------
ConnectionResetError: [WinError 10054] An existing connection was forcibly closed by the remote host
----------------------------------------
----------------------------------------
----------------------------------------
----------------------------------------
----------------------------------------
----------------------------------------
Exception occurred during processing of request from ('127.0.0.1', 53758)
Exception occurred during processing of request from ('127.0.0.1', 52264)
----------------------------------------
Exception occurred during processing of request from ('127.0.0.1', 51908)
Exception occurred during processing of request from ('127.0.0.1', 50614)
----------------------------------------
Exception occurred during processing of request from ('127.0.0.1', 49671)
Exception occurred during processing of request from ('127.0.0.1', 59941)
Traceback (most recent call last):
  File "C:\Users\simip\AppData\Local\Programs\Python\Python39\lib\socketserver.py", line 683, in process_request_thread
    self.finish_request(request, client_address)
  File "C:\Users\simip\AppData\Local\Programs\Python\Python39\lib\socketserver.py", line 360, in finish_request
    self.RequestHandlerClass(request, client_address, self)
Traceback (most recent call last):
  File "C:\Users\simip\AppData\Local\Programs\Python\Python39\lib\http\server.py", line 651, in __init__
    super().__init__(*args, **kwargs)
  File "C:\Users\simip\AppData\Local\Programs\Python\Python39\lib\socketserver.py", line 747, in __init__
    self.handle()
  File "C:\Users\simip\AppData\Local\Programs\Python\Python39\lib\http\server.py", line 427, in handle
    self.handle_one_request()
  File "C:\Users\simip\AppData\Local\Programs\Python\Python39\lib\http\server.py", line 393, in handle_one_request
    self.raw_requestline = self.rfile.readline(65537)
  File "C:\Users\simip\AppData\Local\Programs\Python\Python39\lib\socket.py", line 704, in readinto
    return self._sock.recv_into(b)
ConnectionResetError: [WinError 10054] An existing connection was forcibly closed by the remote host
  File "C:\Users\simip\AppData\Local\Programs\Python\Python39\lib\socketserver.py", line 683, in process_request_thread
    self.finish_request(request, client_address)
  File "C:\Users\simip\AppData\Local\Programs\Python\Python39\lib\socketserver.py", line 360, in finish_request
    self.RequestHandlerClass(request, client_address, self)
  File "C:\Users\simip\AppData\Local\Programs\Python\Python39\lib\http\server.py", line 651, in __init__
    super().__init__(*args, **kwargs)
  File "C:\Users\simip\AppData\Local\Programs\Python\Python39\lib\socketserver.py", line 747, in __init__
    self.handle()
  File "C:\Users\simip\AppData\Local\Programs\Python\Python39\lib\http\server.py", line 427, in handle
    self.handle_one_request()
  File "C:\Users\simip\AppData\Local\Programs\Python\Python39\lib\http\server.py", line 393, in handle_one_request
    self.raw_requestline = self.rfile.readline(65537)
  File "C:\Users\simip\AppData\Local\Programs\Python\Python39\lib\socket.py", line 704, in readinto
    return self._sock.recv_into(b)
ConnectionResetError: [WinError 10054] An existing connection was forcibly closed by the remote host
----------------------------------------
Traceback (most recent call last):
  File "C:\Users\simip\AppData\Local\Programs\Python\Python39\lib\socketserver.py", line 683, in process_request_thread
    self.finish_request(request, client_address)
  File "C:\Users\simip\AppData\Local\Programs\Python\Python39\lib\socketserver.py", line 360, in finish_request
    self.RequestHandlerClass(request, client_address, self)
  File "C:\Users\simip\AppData\Local\Programs\Python\Python39\lib\http\server.py", line 651, in __init__
    super().__init__(*args, **kwargs)
  File "C:\Users\simip\AppData\Local\Programs\Python\Python39\lib\socketserver.py", line 747, in __init__
    self.handle()
Traceback (most recent call last):
----------------------------------------
  File "C:\Users\simip\AppData\Local\Programs\Python\Python39\lib\http\server.py", line 427, in handle
    self.handle_one_request()
Traceback (most recent call last):
  File "C:\Users\simip\AppData\Local\Programs\Python\Python39\lib\http\server.py", line 393, in handle_one_request
    self.raw_requestline = self.rfile.readline(65537)
  File "C:\Users\simip\AppData\Local\Programs\Python\Python39\lib\socketserver.py", line 683, in process_request_thread
    self.finish_request(request, client_address)
  File "C:\Users\simip\AppData\Local\Programs\Python\Python39\lib\socket.py", line 704, in readinto
    return self._sock.recv_into(b)
  File "C:\Users\simip\AppData\Local\Programs\Python\Python39\lib\socketserver.py", line 360, in finish_request
    self.RequestHandlerClass(request, client_address, self)
  File "C:\Users\simip\AppData\Local\Programs\Python\Python39\lib\http\server.py", line 651, in __init__
    super().__init__(*args, **kwargs)
  File "C:\Users\simip\AppData\Local\Programs\Python\Python39\lib\socketserver.py", line 747, in __init__
    self.handle()
  File "C:\Users\simip\AppData\Local\Programs\Python\Python39\lib\http\server.py", line 427, in handle
    self.handle_one_request()
  File "C:\Users\simip\AppData\Local\Programs\Python\Python39\lib\http\server.py", line 393, in handle_one_request
    self.raw_requestline = self.rfile.readline(65537)
  File "C:\Users\simip\AppData\Local\Programs\Python\Python39\lib\socket.py", line 704, in readinto
    return self._sock.recv_into(b)
ConnectionResetError: [WinError 10054] An existing connection was forcibly closed by the remote host
----------------------------------------
ConnectionResetError: [WinError 10054] An existing connection was forcibly closed by the remote host
----------------------------------------
  File "C:\Users\simip\AppData\Local\Programs\Python\Python39\lib\socketserver.py", line 683, in process_request_thread
    self.finish_request(request, client_address)
  File "C:\Users\simip\AppData\Local\Programs\Python\Python39\lib\socketserver.py", line 360, in finish_request
    self.RequestHandlerClass(request, client_address, self)
  File "C:\Users\simip\AppData\Local\Programs\Python\Python39\lib\http\server.py", line 651, in __init__
    super().__init__(*args, **kwargs)
  File "C:\Users\simip\AppData\Local\Programs\Python\Python39\lib\socketserver.py", line 747, in __init__
    self.handle()
  File "C:\Users\simip\AppData\Local\Programs\Python\Python39\lib\http\server.py", line 427, in handle
    self.handle_one_request()
Traceback (most recent call last):
  File "C:\Users\simip\AppData\Local\Programs\Python\Python39\lib\socketserver.py", line 683, in process_request_thread
    self.finish_request(request, client_address)
  File "C:\Users\simip\AppData\Local\Programs\Python\Python39\lib\socketserver.py", line 360, in finish_request
    self.RequestHandlerClass(request, client_address, self)
  File "C:\Users\simip\AppData\Local\Programs\Python\Python39\lib\http\server.py", line 651, in __init__
    super().__init__(*args, **kwargs)
  File "C:\Users\simip\AppData\Local\Programs\Python\Python39\lib\socketserver.py", line 747, in __init__
    self.handle()
  File "C:\Users\simip\AppData\Local\Programs\Python\Python39\lib\http\server.py", line 427, in handle
    self.handle_one_request()
  File "C:\Users\simip\AppData\Local\Programs\Python\Python39\lib\http\server.py", line 393, in handle_one_request
    self.raw_requestline = self.rfile.readline(65537)
  File "C:\Users\simip\AppData\Local\Programs\Python\Python39\lib\socket.py", line 704, in readinto
    return self._sock.recv_into(b)
ConnectionResetError: [WinError 10054] An existing connection was forcibly closed by the remote host
----------------------------------------
  File "C:\Users\simip\AppData\Local\Programs\Python\Python39\lib\http\server.py", line 413, in handle_one_request
    method()
  File "C:\Users\simip\AppData\Local\Temp\claude\wt-n11\scripts\serve.py", line 56, in do_GET
    return super().do_GET()
  File "C:\Users\simip\AppData\Local\Programs\Python\Python39\lib\http\server.py", line 658, in do_GET
    self.copyfile(f, self.wfile)
  File "C:\Users\simip\AppData\Local\Programs\Python\Python39\lib\http\server.py", line 858, in copyfile
    shutil.copyfileobj(source, outputfile)
  File "C:\Users\simip\AppData\Local\Programs\Python\Python39\lib\shutil.py", line 208, in copyfileobj
    fdst_write(buf)
  File "C:\Users\simip\AppData\Local\Programs\Python\Python39\lib\socketserver.py", line 826, in write
    self._sock.sendall(b)
ConnectionResetError: [WinError 10054] An existing connection was forcibly closed by the remote host
----------------------------------------
----------------------------------------
Exception occurred during processing of request from ('127.0.0.1', 51998)
----------------------------------------
----------------------------------------
Exception occurred during processing of request from ('127.0.0.1', 54625)
----------------------------------------
Exception occurred during processing of request from ('127.0.0.1', 58302)
----------------------------------------
----------------------------------------
Exception occurred during processing of request from ('127.0.0.1', 59142)
Exception occurred during processing of request from ('127.0.0.1', 49783)
Exception occurred during processing of request from ('127.0.0.1', 62219)
Traceback (most recent call last):
  File "C:\Users\simip\AppData\Local\Programs\Python\Python39\lib\socketserver.py", line 683, in process_request_thread
    self.finish_request(request, client_address)
  File "C:\Users\simip\AppData\Local\Programs\Python\Python39\lib\socketserver.py", line 360, in finish_request
    self.RequestHandlerClass(request, client_address, self)
  File "C:\Users\simip\AppData\Local\Programs\Python\Python39\lib\http\server.py", line 651, in __init__
    super().__init__(*args, **kwargs)
  File "C:\Users\simip\AppData\Local\Programs\Python\Python39\lib\socketserver.py", line 747, in __init__
    self.handle()
  File "C:\Users\simip\AppData\Local\Programs\Python\Python39\lib\http\server.py", line 427, in handle
    self.handle_one_request()
  File "C:\Users\simip\AppData\Local\Programs\Python\Python39\lib\http\server.py", line 393, in handle_one_request
    self.raw_requestline = self.rfile.readline(65537)
  File "C:\Users\simip\AppData\Local\Programs\Python\Python39\lib\socket.py", line 704, in readinto
    return self._sock.recv_into(b)
ConnectionResetError: [WinError 10054] An existing connection was forcibly closed by the remote host
----------------------------------------
Traceback (most recent call last):
  File "C:\Users\simip\AppData\Local\Programs\Python\Python39\lib\socketserver.py", line 683, in process_request_thread
    self.finish_request(request, client_address)
  File "C:\Users\simip\AppData\Local\Programs\Python\Python39\lib\socketserver.py", line 360, in finish_request
    self.RequestHandlerClass(request, client_address, self)
  File "C:\Users\simip\AppData\Local\Programs\Python\Python39\lib\http\server.py", line 651, in __init__
    super().__init__(*args, **kwargs)
  File "C:\Users\simip\AppData\Local\Programs\Python\Python39\lib\socketserver.py", line 747, in __init__
    self.handle()
  File "C:\Users\simip\AppData\Local\Programs\Python\Python39\lib\http\server.py", line 427, in handle
    self.handle_one_request()
  File "C:\Users\simip\AppData\Local\Programs\Python\Python39\lib\http\server.py", line 393, in handle_one_request
    self.raw_requestline = self.rfile.readline(65537)
  File "C:\Users\simip\AppData\Local\Programs\Python\Python39\lib\socket.py", line 704, in readinto
    return self._sock.recv_into(b)
Traceback (most recent call last):
ConnectionResetError: [WinError 10054] An existing connection was forcibly closed by the remote host
  File "C:\Users\simip\AppData\Local\Programs\Python\Python39\lib\socketserver.py", line 683, in process_request_thread
    self.finish_request(request, client_address)
----------------------------------------
Traceback (most recent call last):
Traceback (most recent call last):
  File "C:\Users\simip\AppData\Local\Programs\Python\Python39\lib\socketserver.py", line 360, in finish_request
    self.RequestHandlerClass(request, client_address, self)
  File "C:\Users\simip\AppData\Local\Programs\Python\Python39\lib\http\server.py", line 651, in __init__
    super().__init__(*args, **kwargs)
Traceback (most recent call last):
  File "C:\Users\simip\AppData\Local\Programs\Python\Python39\lib\socketserver.py", line 747, in __init__
    self.handle()
  File "C:\Users\simip\AppData\Local\Programs\Python\Python39\lib\http\server.py", line 427, in handle
    self.handle_one_request()
  File "C:\Users\simip\AppData\Local\Programs\Python\Python39\lib\socketserver.py", line 683, in process_request_thread
    self.finish_request(request, client_address)
  File "C:\Users\simip\AppData\Local\Programs\Python\Python39\lib\socketserver.py", line 683, in process_request_thread
    self.finish_request(request, client_address)
  File "C:\Users\simip\AppData\Local\Programs\Python\Python39\lib\socketserver.py", line 683, in process_request_thread
    self.finish_request(request, client_address)
  File "C:\Users\simip\AppData\Local\Programs\Python\Python39\lib\socketserver.py", line 360, in finish_request
    self.RequestHandlerClass(request, client_address, self)
  File "C:\Users\simip\AppData\Local\Programs\Python\Python39\lib\http\server.py", line 651, in __init__
    super().__init__(*args, **kwargs)
  File "C:\Users\simip\AppData\Local\Programs\Python\Python39\lib\socketserver.py", line 747, in __init__
    self.handle()
  File "C:\Users\simip\AppData\Local\Programs\Python\Python39\lib\http\server.py", line 427, in handle
    self.handle_one_request()
  File "C:\Users\simip\AppData\Local\Programs\Python\Python39\lib\http\server.py", line 393, in handle_one_request
    self.raw_requestline = self.rfile.readline(65537)
  File "C:\Users\simip\AppData\Local\Programs\Python\Python39\lib\socket.py", line 704, in readinto
    return self._sock.recv_into(b)
  File "C:\Users\simip\AppData\Local\Programs\Python\Python39\lib\socketserver.py", line 360, in finish_request
    self.RequestHandlerClass(request, client_address, self)
  File "C:\Users\simip\AppData\Local\Programs\Python\Python39\lib\http\server.py", line 393, in handle_one_request
    self.raw_requestline = self.rfile.readline(65537)
  File "C:\Users\simip\AppData\Local\Programs\Python\Python39\lib\socket.py", line 704, in readinto
    return self._sock.recv_into(b)
ConnectionResetError: [WinError 10054] An existing connection was forcibly closed by the remote host
  File "C:\Users\simip\AppData\Local\Programs\Python\Python39\lib\http\server.py", line 651, in __init__
    super().__init__(*args, **kwargs)
  File "C:\Users\simip\AppData\Local\Programs\Python\Python39\lib\socketserver.py", line 360, in finish_request
    self.RequestHandlerClass(request, client_address, self)
----------------------------------------
ConnectionResetError: [WinError 10054] An existing connection was forcibly closed by the remote host
  File "C:\Users\simip\AppData\Local\Programs\Python\Python39\lib\socketserver.py", line 747, in __init__
    self.handle()
  File "C:\Users\simip\AppData\Local\Programs\Python\Python39\lib\http\server.py", line 427, in handle
    self.handle_one_request()
----------------------------------------
  File "C:\Users\simip\AppData\Local\Programs\Python\Python39\lib\http\server.py", line 651, in __init__
    super().__init__(*args, **kwargs)
  File "C:\Users\simip\AppData\Local\Programs\Python\Python39\lib\socketserver.py", line 747, in __init__
    self.handle()
  File "C:\Users\simip\AppData\Local\Programs\Python\Python39\lib\http\server.py", line 393, in handle_one_request
    self.raw_requestline = self.rfile.readline(65537)
  File "C:\Users\simip\AppData\Local\Programs\Python\Python39\lib\http\server.py", line 427, in handle
    self.handle_one_request()
  File "C:\Users\simip\AppData\Local\Programs\Python\Python39\lib\socket.py", line 704, in readinto
    return self._sock.recv_into(b)
  File "C:\Users\simip\AppData\Local\Programs\Python\Python39\lib\http\server.py", line 393, in handle_one_request
    self.raw_requestline = self.rfile.readline(65537)
  File "C:\Users\simip\AppData\Local\Programs\Python\Python39\lib\socket.py", line 704, in readinto
    return self._sock.recv_into(b)
ConnectionResetError: [WinError 10054] An existing connection was forcibly closed by the remote host
ConnectionResetError: [WinError 10054] An existing connection was forcibly closed by the remote host
----------------------------------------
----------------------------------------
----------------------------------------
Exception occurred during processing of request from ('127.0.0.1', 55639)
Traceback (most recent call last):
  File "C:\Users\simip\AppData\Local\Programs\Python\Python39\lib\socketserver.py", line 683, in process_request_thread
    self.finish_request(request, client_address)
  File "C:\Users\simip\AppData\Local\Programs\Python\Python39\lib\socketserver.py", line 360, in finish_request
    self.RequestHandlerClass(request, client_address, self)
  File "C:\Users\simip\AppData\Local\Programs\Python\Python39\lib\http\server.py", line 651, in __init__
    super().__init__(*args, **kwargs)
  File "C:\Users\simip\AppData\Local\Programs\Python\Python39\lib\socketserver.py", line 747, in __init__
    self.handle()
  File "C:\Users\simip\AppData\Local\Programs\Python\Python39\lib\http\server.py", line 427, in handle
    self.handle_one_request()
  File "C:\Users\simip\AppData\Local\Programs\Python\Python39\lib\http\server.py", line 393, in handle_one_request
    self.raw_requestline = self.rfile.readline(65537)
  File "C:\Users\simip\AppData\Local\Programs\Python\Python39\lib\socket.py", line 704, in readinto
    return self._sock.recv_into(b)
ConnectionResetError: [WinError 10054] An existing connection was forcibly closed by the remote host
----------------------------------------
----------------------------------------
Exception occurred during processing of request from ('127.0.0.1', 55157)
----------------------------------------
Exception occurred during processing of request from ('127.0.0.1', 60254)
----------------------------------------
----------------------------------------
Exception occurred during processing of request from ('127.0.0.1', 57830)
Exception occurred during processing of request from ('127.0.0.1', 64437)
----------------------------------------
Exception occurred during processing of request from ('127.0.0.1', 59381)
Traceback (most recent call last):
  File "C:\Users\simip\AppData\Local\Programs\Python\Python39\lib\socketserver.py", line 683, in process_request_thread
    self.finish_request(request, client_address)
  File "C:\Users\simip\AppData\Local\Programs\Python\Python39\lib\socketserver.py", line 360, in finish_request
    self.RequestHandlerClass(request, client_address, self)
  File "C:\Users\simip\AppData\Local\Programs\Python\Python39\lib\http\server.py", line 651, in __init__
    super().__init__(*args, **kwargs)
  File "C:\Users\simip\AppData\Local\Programs\Python\Python39\lib\socketserver.py", line 747, in __init__
    self.handle()
  File "C:\Users\simip\AppData\Local\Programs\Python\Python39\lib\http\server.py", line 427, in handle
    self.handle_one_request()
  File "C:\Users\simip\AppData\Local\Programs\Python\Python39\lib\http\server.py", line 393, in handle_one_request
    self.raw_requestline = self.rfile.readline(65537)
  File "C:\Users\simip\AppData\Local\Programs\Python\Python39\lib\socket.py", line 704, in readinto
    return self._sock.recv_into(b)
ConnectionResetError: [WinError 10054] An existing connection was forcibly closed by the remote host
----------------------------------------
Traceback (most recent call last):
  File "C:\Users\simip\AppData\Local\Programs\Python\Python39\lib\socketserver.py", line 683, in process_request_thread
    self.finish_request(request, client_address)
  File "C:\Users\simip\AppData\Local\Programs\Python\Python39\lib\socketserver.py", line 360, in finish_request
    self.RequestHandlerClass(request, client_address, self)
  File "C:\Users\simip\AppData\Local\Programs\Python\Python39\lib\http\server.py", line 651, in __init__
    super().__init__(*args, **kwargs)
  File "C:\Users\simip\AppData\Local\Programs\Python\Python39\lib\socketserver.py", line 747, in __init__
    self.handle()
  File "C:\Users\simip\AppData\Local\Programs\Python\Python39\lib\http\server.py", line 427, in handle
    self.handle_one_request()
Traceback (most recent call last):
  File "C:\Users\simip\AppData\Local\Programs\Python\Python39\lib\http\server.py", line 393, in handle_one_request
    self.raw_requestline = self.rfile.readline(65537)
  File "C:\Users\simip\AppData\Local\Programs\Python\Python39\lib\socketserver.py", line 683, in process_request_thread
    self.finish_request(request, client_address)
  File "C:\Users\simip\AppData\Local\Programs\Python\Python39\lib\socket.py", line 704, in readinto
    return self._sock.recv_into(b)
  File "C:\Users\simip\AppData\Local\Programs\Python\Python39\lib\socketserver.py", line 360, in finish_request
    self.RequestHandlerClass(request, client_address, self)
ConnectionResetError: [WinError 10054] An existing connection was forcibly closed by the remote host
Traceback (most recent call last):
Traceback (most recent call last):
  File "C:\Users\simip\AppData\Local\Programs\Python\Python39\lib\http\server.py", line 651, in __init__
    super().__init__(*args, **kwargs)
----------------------------------------
  File "C:\Users\simip\AppData\Local\Programs\Python\Python39\lib\socketserver.py", line 683, in process_request_thread
    self.finish_request(request, client_address)
  File "C:\Users\simip\AppData\Local\Programs\Python\Python39\lib\socketserver.py", line 683, in process_request_thread
    self.finish_request(request, client_address)
  File "C:\Users\simip\AppData\Local\Programs\Python\Python39\lib\socketserver.py", line 360, in finish_request
    self.RequestHandlerClass(request, client_address, self)
  File "C:\Users\simip\AppData\Local\Programs\Python\Python39\lib\socketserver.py", line 360, in finish_request
    self.RequestHandlerClass(request, client_address, self)
  File "C:\Users\simip\AppData\Local\Programs\Python\Python39\lib\http\server.py", line 651, in __init__
    super().__init__(*args, **kwargs)
  File "C:\Users\simip\AppData\Local\Programs\Python\Python39\lib\http\server.py", line 651, in __init__
    super().__init__(*args, **kwargs)
  File "C:\Users\simip\AppData\Local\Programs\Python\Python39\lib\socketserver.py", line 747, in __init__
    self.handle()
  File "C:\Users\simip\AppData\Local\Programs\Python\Python39\lib\socketserver.py", line 747, in __init__
    self.handle()
  File "C:\Users\simip\AppData\Local\Programs\Python\Python39\lib\http\server.py", line 427, in handle
    self.handle_one_request()
  File "C:\Users\simip\AppData\Local\Programs\Python\Python39\lib\http\server.py", line 393, in handle_one_request
    self.raw_requestline = self.rfile.readline(65537)
  File "C:\Users\simip\AppData\Local\Programs\Python\Python39\lib\http\server.py", line 427, in handle
    self.handle_one_request()
  File "C:\Users\simip\AppData\Local\Programs\Python\Python39\lib\socket.py", line 704, in readinto
    return self._sock.recv_into(b)
  File "C:\Users\simip\AppData\Local\Programs\Python\Python39\lib\http\server.py", line 393, in handle_one_request
    self.raw_requestline = self.rfile.readline(65537)
ConnectionResetError: [WinError 10054] An existing connection was forcibly closed by the remote host
  File "C:\Users\simip\AppData\Local\Programs\Python\Python39\lib\socket.py", line 704, in readinto
    return self._sock.recv_into(b)
----------------------------------------
ConnectionResetError: [WinError 10054] An existing connection was forcibly closed by the remote host
----------------------------------------
  File "C:\Users\simip\AppData\Local\Programs\Python\Python39\lib\socketserver.py", line 747, in __init__
    self.handle()
  File "C:\Users\simip\AppData\Local\Programs\Python\Python39\lib\http\server.py", line 427, in handle
    self.handle_one_request()
  File "C:\Users\simip\AppData\Local\Programs\Python\Python39\lib\http\server.py", line 393, in handle_one_request
    self.raw_requestline = self.rfile.readline(65537)
  File "C:\Users\simip\AppData\Local\Programs\Python\Python39\lib\socket.py", line 704, in readinto
    return self._sock.recv_into(b)
ConnectionResetError: [WinError 10054] An existing connection was forcibly closed by the remote host
----------------------------------------
----------------------------------------
Exception occurred during processing of request from ('127.0.0.1', 59391)
Traceback (most recent call last):
  File "C:\Users\simip\AppData\Local\Programs\Python\Python39\lib\socketserver.py", line 683, in process_request_thread
    self.finish_request(request, client_address)
  File "C:\Users\simip\AppData\Local\Programs\Python\Python39\lib\socketserver.py", line 360, in finish_request
    self.RequestHandlerClass(request, client_address, self)
  File "C:\Users\simip\AppData\Local\Programs\Python\Python39\lib\http\server.py", line 651, in __init__
    super().__init__(*args, **kwargs)
  File "C:\Users\simip\AppData\Local\Programs\Python\Python39\lib\socketserver.py", line 747, in __init__
    self.handle()
  File "C:\Users\simip\AppData\Local\Programs\Python\Python39\lib\http\server.py", line 427, in handle
    self.handle_one_request()
  File "C:\Users\simip\AppData\Local\Programs\Python\Python39\lib\http\server.py", line 393, in handle_one_request
    self.raw_requestline = self.rfile.readline(65537)
  File "C:\Users\simip\AppData\Local\Programs\Python\Python39\lib\socket.py", line 704, in readinto
    return self._sock.recv_into(b)
ConnectionResetError: [WinError 10054] An existing connection was forcibly closed by the remote host
----------------------------------------
----------------------------------------
----------------------------------------
Exception occurred during processing of request from ('127.0.0.1', 59744)
Exception occurred during processing of request from ('127.0.0.1', 62082)
----------------------------------------
----------------------------------------
Exception occurred during processing of request from ('127.0.0.1', 51195)
Exception occurred during processing of request from ('127.0.0.1', 57616)
----------------------------------------
Exception occurred during processing of request from ('127.0.0.1', 55952)
Traceback (most recent call last):
Traceback (most recent call last):
Traceback (most recent call last):
Traceback (most recent call last):
  File "C:\Users\simip\AppData\Local\Programs\Python\Python39\lib\socketserver.py", line 683, in process_request_thread
    self.finish_request(request, client_address)
  File "C:\Users\simip\AppData\Local\Programs\Python\Python39\lib\socketserver.py", line 683, in process_request_thread
    self.finish_request(request, client_address)
  File "C:\Users\simip\AppData\Local\Programs\Python\Python39\lib\socketserver.py", line 360, in finish_request
    self.RequestHandlerClass(request, client_address, self)
  File "C:\Users\simip\AppData\Local\Programs\Python\Python39\lib\socketserver.py", line 683, in process_request_thread
    self.finish_request(request, client_address)
Traceback (most recent call last):
  File "C:\Users\simip\AppData\Local\Programs\Python\Python39\lib\socketserver.py", line 360, in finish_request
    self.RequestHandlerClass(request, client_address, self)
  File "C:\Users\simip\AppData\Local\Programs\Python\Python39\lib\socketserver.py", line 683, in process_request_thread
    self.finish_request(request, client_address)
  File "C:\Users\simip\AppData\Local\Programs\Python\Python39\lib\http\server.py", line 651, in __init__
    super().__init__(*args, **kwargs)
  File "C:\Users\simip\AppData\Local\Programs\Python\Python39\lib\http\server.py", line 651, in __init__
    super().__init__(*args, **kwargs)
  File "C:\Users\simip\AppData\Local\Programs\Python\Python39\lib\socketserver.py", line 360, in finish_request
    self.RequestHandlerClass(request, client_address, self)
  File "C:\Users\simip\AppData\Local\Programs\Python\Python39\lib\socketserver.py", line 747, in __init__
    self.handle()
  File "C:\Users\simip\AppData\Local\Programs\Python\Python39\lib\socketserver.py", line 747, in __init__
    self.handle()
  File "C:\Users\simip\AppData\Local\Programs\Python\Python39\lib\http\server.py", line 651, in __init__
    super().__init__(*args, **kwargs)
  File "C:\Users\simip\AppData\Local\Programs\Python\Python39\lib\socketserver.py", line 747, in __init__
    self.handle()
  File "C:\Users\simip\AppData\Local\Programs\Python\Python39\lib\http\server.py", line 427, in handle
    self.handle_one_request()
  File "C:\Users\simip\AppData\Local\Programs\Python\Python39\lib\http\server.py", line 427, in handle
    self.handle_one_request()
  File "C:\Users\simip\AppData\Local\Programs\Python\Python39\lib\socketserver.py", line 360, in finish_request
    self.RequestHandlerClass(request, client_address, self)
  File "C:\Users\simip\AppData\Local\Programs\Python\Python39\lib\http\server.py", line 427, in handle
    self.handle_one_request()
  File "C:\Users\simip\AppData\Local\Programs\Python\Python39\lib\socketserver.py", line 683, in process_request_thread
    self.finish_request(request, client_address)
  File "C:\Users\simip\AppData\Local\Programs\Python\Python39\lib\http\server.py", line 393, in handle_one_request
    self.raw_requestline = self.rfile.readline(65537)
  File "C:\Users\simip\AppData\Local\Programs\Python\Python39\lib\http\server.py", line 393, in handle_one_request
    self.raw_requestline = self.rfile.readline(65537)
  File "C:\Users\simip\AppData\Local\Programs\Python\Python39\lib\socket.py", line 704, in readinto
    return self._sock.recv_into(b)
  File "C:\Users\simip\AppData\Local\Programs\Python\Python39\lib\socketserver.py", line 360, in finish_request
    self.RequestHandlerClass(request, client_address, self)
  File "C:\Users\simip\AppData\Local\Programs\Python\Python39\lib\http\server.py", line 651, in __init__
    super().__init__(*args, **kwargs)
  File "C:\Users\simip\AppData\Local\Programs\Python\Python39\lib\socketserver.py", line 747, in __init__
    self.handle()
  File "C:\Users\simip\AppData\Local\Programs\Python\Python39\lib\http\server.py", line 393, in handle_one_request
    self.raw_requestline = self.rfile.readline(65537)
  File "C:\Users\simip\AppData\Local\Programs\Python\Python39\lib\socket.py", line 704, in readinto
    return self._sock.recv_into(b)
  File "C:\Users\simip\AppData\Local\Programs\Python\Python39\lib\socket.py", line 704, in readinto
    return self._sock.recv_into(b)
  File "C:\Users\simip\AppData\Local\Programs\Python\Python39\lib\http\server.py", line 427, in handle
    self.handle_one_request()
ConnectionResetError: [WinError 10054] An existing connection was forcibly closed by the remote host
ConnectionResetError: [WinError 10054] An existing connection was forcibly closed by the remote host
  File "C:\Users\simip\AppData\Local\Programs\Python\Python39\lib\http\server.py", line 393, in handle_one_request
    self.raw_requestline = self.rfile.readline(65537)
  File "C:\Users\simip\AppData\Local\Programs\Python\Python39\lib\socket.py", line 704, in readinto
    return self._sock.recv_into(b)
----------------------------------------
ConnectionResetError: [WinError 10054] An existing connection was forcibly closed by the remote host
  File "C:\Users\simip\AppData\Local\Programs\Python\Python39\lib\http\server.py", line 651, in __init__
    super().__init__(*args, **kwargs)
----------------------------------------
  File "C:\Users\simip\AppData\Local\Programs\Python\Python39\lib\socketserver.py", line 747, in __init__
    self.handle()
----------------------------------------
  File "C:\Users\simip\AppData\Local\Programs\Python\Python39\lib\http\server.py", line 427, in handle
    self.handle_one_request()
ConnectionResetError: [WinError 10054] An existing connection was forcibly closed by the remote host
  File "C:\Users\simip\AppData\Local\Programs\Python\Python39\lib\http\server.py", line 393, in handle_one_request
    self.raw_requestline = self.rfile.readline(65537)
----------------------------------------
  File "C:\Users\simip\AppData\Local\Programs\Python\Python39\lib\socket.py", line 704, in readinto
    return self._sock.recv_into(b)
ConnectionResetError: [WinError 10054] An existing connection was forcibly closed by the remote host
----------------------------------------
----------------------------------------
Exception occurred during processing of request from ('127.0.0.1', 56011)
----------------------------------------
Exception occurred during processing of request from ('127.0.0.1', 62466)
Traceback (most recent call last):
  File "C:\Users\simip\AppData\Local\Programs\Python\Python39\lib\socketserver.py", line 683, in process_request_thread
    self.finish_request(request, client_address)
  File "C:\Users\simip\AppData\Local\Programs\Python\Python39\lib\socketserver.py", line 360, in finish_request
    self.RequestHandlerClass(request, client_address, self)
  File "C:\Users\simip\AppData\Local\Programs\Python\Python39\lib\http\server.py", line 651, in __init__
    super().__init__(*args, **kwargs)
  File "C:\Users\simip\AppData\Local\Programs\Python\Python39\lib\socketserver.py", line 747, in __init__
    self.handle()
  File "C:\Users\simip\AppData\Local\Programs\Python\Python39\lib\http\server.py", line 427, in handle
    self.handle_one_request()
  File "C:\Users\simip\AppData\Local\Programs\Python\Python39\lib\http\server.py", line 393, in handle_one_request
    self.raw_requestline = self.rfile.readline(65537)
  File "C:\Users\simip\AppData\Local\Programs\Python\Python39\lib\socket.py", line 704, in readinto
    return self._sock.recv_into(b)
ConnectionResetError: [WinError 10054] An existing connection was forcibly closed by the remote host
----------------------------------------
----------------------------------------
Exception occurred during processing of request from ('127.0.0.1', 57279)
Traceback (most recent call last):
----------------------------------------
  File "C:\Users\simip\AppData\Local\Programs\Python\Python39\lib\socketserver.py", line 683, in process_request_thread
    self.finish_request(request, client_address)
Exception occurred during processing of request from ('127.0.0.1', 61370)
  File "C:\Users\simip\AppData\Local\Programs\Python\Python39\lib\socketserver.py", line 360, in finish_request
    self.RequestHandlerClass(request, client_address, self)
Traceback (most recent call last):
  File "C:\Users\simip\AppData\Local\Programs\Python\Python39\lib\socketserver.py", line 683, in process_request_thread
    self.finish_request(request, client_address)
  File "C:\Users\simip\AppData\Local\Programs\Python\Python39\lib\socketserver.py", line 360, in finish_request
    self.RequestHandlerClass(request, client_address, self)
  File "C:\Users\simip\AppData\Local\Programs\Python\Python39\lib\http\server.py", line 651, in __init__
    super().__init__(*args, **kwargs)
  File "C:\Users\simip\AppData\Local\Programs\Python\Python39\lib\socketserver.py", line 747, in __init__
    self.handle()
  File "C:\Users\simip\AppData\Local\Programs\Python\Python39\lib\http\server.py", line 427, in handle
    self.handle_one_request()
  File "C:\Users\simip\AppData\Local\Programs\Python\Python39\lib\http\server.py", line 393, in handle_one_request
    self.raw_requestline = self.rfile.readline(65537)
  File "C:\Users\simip\AppData\Local\Programs\Python\Python39\lib\socket.py", line 704, in readinto
    return self._sock.recv_into(b)
ConnectionResetError: [WinError 10054] An existing connection was forcibly closed by the remote host
----------------------------------------
  File "C:\Users\simip\AppData\Local\Programs\Python\Python39\lib\http\server.py", line 651, in __init__
    super().__init__(*args, **kwargs)
  File "C:\Users\simip\AppData\Local\Programs\Python\Python39\lib\socketserver.py", line 747, in __init__
    self.handle()
  File "C:\Users\simip\AppData\Local\Programs\Python\Python39\lib\http\server.py", line 427, in handle
    self.handle_one_request()
  File "C:\Users\simip\AppData\Local\Programs\Python\Python39\lib\http\server.py", line 393, in handle_one_request
    self.raw_requestline = self.rfile.readline(65537)
  File "C:\Users\simip\AppData\Local\Programs\Python\Python39\lib\socket.py", line 704, in readinto
    return self._sock.recv_into(b)
ConnectionResetError: [WinError 10054] An existing connection was forcibly closed by the remote host
----------------------------------------
Traceback (most recent call last):
  File "C:\Users\simip\AppData\Local\Programs\Python\Python39\lib\socketserver.py", line 683, in process_request_thread
    self.finish_request(request, client_address)
  File "C:\Users\simip\AppData\Local\Programs\Python\Python39\lib\socketserver.py", line 360, in finish_request
    self.RequestHandlerClass(request, client_address, self)
  File "C:\Users\simip\AppData\Local\Programs\Python\Python39\lib\http\server.py", line 651, in __init__
    super().__init__(*args, **kwargs)
  File "C:\Users\simip\AppData\Local\Programs\Python\Python39\lib\socketserver.py", line 747, in __init__
    self.handle()
  File "C:\Users\simip\AppData\Local\Programs\Python\Python39\lib\http\server.py", line 427, in handle
    self.handle_one_request()
  File "C:\Users\simip\AppData\Local\Programs\Python\Python39\lib\http\server.py", line 413, in handle_one_request
    method()
  File "C:\Users\simip\AppData\Local\Temp\claude\wt-n11\scripts\serve.py", line 56, in do_GET
    return super().do_GET()
  File "C:\Users\simip\AppData\Local\Programs\Python\Python39\lib\http\server.py", line 658, in do_GET
    self.copyfile(f, self.wfile)
  File "C:\Users\simip\AppData\Local\Programs\Python\Python39\lib\http\server.py", line 858, in copyfile
    shutil.copyfileobj(source, outputfile)
  File "C:\Users\simip\AppData\Local\Programs\Python\Python39\lib\shutil.py", line 208, in copyfileobj
    fdst_write(buf)
  File "C:\Users\simip\AppData\Local\Programs\Python\Python39\lib\socketserver.py", line 826, in write
    self._sock.sendall(b)
ConnectionResetError: [WinError 10054] An existing connection was forcibly closed by the remote host
----------------------------------------
----------------------------------------
Exception occurred during processing of request from ('127.0.0.1', 50131)
----------------------------------------
Exception occurred during processing of request from ('127.0.0.1', 63532)
Traceback (most recent call last):
  File "C:\Users\simip\AppData\Local\Programs\Python\Python39\lib\socketserver.py", line 683, in process_request_thread
    self.finish_request(request, client_address)
  File "C:\Users\simip\AppData\Local\Programs\Python\Python39\lib\socketserver.py", line 360, in finish_request
    self.RequestHandlerClass(request, client_address, self)
  File "C:\Users\simip\AppData\Local\Programs\Python\Python39\lib\http\server.py", line 651, in __init__
    super().__init__(*args, **kwargs)
  File "C:\Users\simip\AppData\Local\Programs\Python\Python39\lib\socketserver.py", line 747, in __init__
    self.handle()
  File "C:\Users\simip\AppData\Local\Programs\Python\Python39\lib\http\server.py", line 427, in handle
    self.handle_one_request()
  File "C:\Users\simip\AppData\Local\Programs\Python\Python39\lib\http\server.py", line 393, in handle_one_request
    self.raw_requestline = self.rfile.readline(65537)
  File "C:\Users\simip\AppData\Local\Programs\Python\Python39\lib\socket.py", line 704, in readinto
    return self._sock.recv_into(b)
ConnectionResetError: [WinError 10054] An existing connection was forcibly closed by the remote host
----------------------------------------
Traceback (most recent call last):
  File "C:\Users\simip\AppData\Local\Programs\Python\Python39\lib\socketserver.py", line 683, in process_request_thread
    self.finish_request(request, client_address)
  File "C:\Users\simip\AppData\Local\Programs\Python\Python39\lib\socketserver.py", line 360, in finish_request
    self.RequestHandlerClass(request, client_address, self)
  File "C:\Users\simip\AppData\Local\Programs\Python\Python39\lib\http\server.py", line 651, in __init__
    super().__init__(*args, **kwargs)
  File "C:\Users\simip\AppData\Local\Programs\Python\Python39\lib\socketserver.py", line 747, in __init__
    self.handle()
  File "C:\Users\simip\AppData\Local\Programs\Python\Python39\lib\http\server.py", line 427, in handle
    self.handle_one_request()
  File "C:\Users\simip\AppData\Local\Programs\Python\Python39\lib\http\server.py", line 393, in handle_one_request
    self.raw_requestline = self.rfile.readline(65537)
  File "C:\Users\simip\AppData\Local\Programs\Python\Python39\lib\socket.py", line 704, in readinto
    return self._sock.recv_into(b)
ConnectionResetError: [WinError 10054] An existing connection was forcibly closed by the remote host
----------------------------------------
----------------------------------------
Exception occurred during processing of request from ('127.0.0.1', 63127)
----------------------------------------
----------------------------------------
Traceback (most recent call last):
Exception occurred during processing of request from ('127.0.0.1', 55567)
----------------------------------------
----------------------------------------
----------------------------------------
Exception occurred during processing of request from ('127.0.0.1', 51339)
Exception occurred during processing of request from ('127.0.0.1', 55948)
Exception occurred during processing of request from ('127.0.0.1', 62452)
Exception occurred during processing of request from ('127.0.0.1', 52941)
  File "C:\Users\simip\AppData\Local\Programs\Python\Python39\lib\socketserver.py", line 683, in process_request_thread
    self.finish_request(request, client_address)
  File "C:\Users\simip\AppData\Local\Programs\Python\Python39\lib\socketserver.py", line 360, in finish_request
    self.RequestHandlerClass(request, client_address, self)
  File "C:\Users\simip\AppData\Local\Programs\Python\Python39\lib\http\server.py", line 651, in __init__
    super().__init__(*args, **kwargs)
  File "C:\Users\simip\AppData\Local\Programs\Python\Python39\lib\socketserver.py", line 747, in __init__
    self.handle()
  File "C:\Users\simip\AppData\Local\Programs\Python\Python39\lib\http\server.py", line 427, in handle
    self.handle_one_request()
  File "C:\Users\simip\AppData\Local\Programs\Python\Python39\lib\http\server.py", line 393, in handle_one_request
    self.raw_requestline = self.rfile.readline(65537)
  File "C:\Users\simip\AppData\Local\Programs\Python\Python39\lib\socket.py", line 704, in readinto
    return self._sock.recv_into(b)
ConnectionResetError: [WinError 10054] An existing connection was forcibly closed by the remote host
----------------------------------------
Traceback (most recent call last):
  File "C:\Users\simip\AppData\Local\Programs\Python\Python39\lib\socketserver.py", line 683, in process_request_thread
    self.finish_request(request, client_address)
  File "C:\Users\simip\AppData\Local\Programs\Python\Python39\lib\socketserver.py", line 360, in finish_request
    self.RequestHandlerClass(request, client_address, self)
  File "C:\Users\simip\AppData\Local\Programs\Python\Python39\lib\http\server.py", line 651, in __init__
    super().__init__(*args, **kwargs)
  File "C:\Users\simip\AppData\Local\Programs\Python\Python39\lib\socketserver.py", line 747, in __init__
    self.handle()
  File "C:\Users\simip\AppData\Local\Programs\Python\Python39\lib\http\server.py", line 427, in handle
    self.handle_one_request()
  File "C:\Users\simip\AppData\Local\Programs\Python\Python39\lib\http\server.py", line 393, in handle_one_request
    self.raw_requestline = self.rfile.readline(65537)
  File "C:\Users\simip\AppData\Local\Programs\Python\Python39\lib\socket.py", line 704, in readinto
    return self._sock.recv_into(b)
ConnectionResetError: [WinError 10054] An existing connection was forcibly closed by the remote host
----------------------------------------
Traceback (most recent call last):
Traceback (most recent call last):
  File "C:\Users\simip\AppData\Local\Programs\Python\Python39\lib\socketserver.py", line 683, in process_request_thread
    self.finish_request(request, client_address)
Traceback (most recent call last):
Traceback (most recent call last):
  File "C:\Users\simip\AppData\Local\Programs\Python\Python39\lib\socketserver.py", line 683, in process_request_thread
    self.finish_request(request, client_address)
  File "C:\Users\simip\AppData\Local\Programs\Python\Python39\lib\socketserver.py", line 360, in finish_request
    self.RequestHandlerClass(request, client_address, self)
  File "C:\Users\simip\AppData\Local\Programs\Python\Python39\lib\socketserver.py", line 683, in process_request_thread
    self.finish_request(request, client_address)
  File "C:\Users\simip\AppData\Local\Programs\Python\Python39\lib\socketserver.py", line 683, in process_request_thread
    self.finish_request(request, client_address)
  File "C:\Users\simip\AppData\Local\Programs\Python\Python39\lib\socketserver.py", line 360, in finish_request
    self.RequestHandlerClass(request, client_address, self)
  File "C:\Users\simip\AppData\Local\Programs\Python\Python39\lib\http\server.py", line 651, in __init__
    super().__init__(*args, **kwargs)
  File "C:\Users\simip\AppData\Local\Programs\Python\Python39\lib\socketserver.py", line 747, in __init__
    self.handle()
  File "C:\Users\simip\AppData\Local\Programs\Python\Python39\lib\socketserver.py", line 360, in finish_request
    self.RequestHandlerClass(request, client_address, self)
  File "C:\Users\simip\AppData\Local\Programs\Python\Python39\lib\http\server.py", line 651, in __init__
    super().__init__(*args, **kwargs)
  File "C:\Users\simip\AppData\Local\Programs\Python\Python39\lib\socketserver.py", line 360, in finish_request
    self.RequestHandlerClass(request, client_address, self)
  File "C:\Users\simip\AppData\Local\Programs\Python\Python39\lib\socketserver.py", line 747, in __init__
    self.handle()
  File "C:\Users\simip\AppData\Local\Programs\Python\Python39\lib\http\server.py", line 427, in handle
    self.handle_one_request()
  File "C:\Users\simip\AppData\Local\Programs\Python\Python39\lib\http\server.py", line 427, in handle
    self.handle_one_request()
  File "C:\Users\simip\AppData\Local\Programs\Python\Python39\lib\http\server.py", line 651, in __init__
    super().__init__(*args, **kwargs)
  File "C:\Users\simip\AppData\Local\Programs\Python\Python39\lib\socketserver.py", line 747, in __init__
    self.handle()
  File "C:\Users\simip\AppData\Local\Programs\Python\Python39\lib\http\server.py", line 651, in __init__
    super().__init__(*args, **kwargs)
  File "C:\Users\simip\AppData\Local\Programs\Python\Python39\lib\http\server.py", line 393, in handle_one_request
    self.raw_requestline = self.rfile.readline(65537)
  File "C:\Users\simip\AppData\Local\Programs\Python\Python39\lib\http\server.py", line 393, in handle_one_request
    self.raw_requestline = self.rfile.readline(65537)
  File "C:\Users\simip\AppData\Local\Programs\Python\Python39\lib\socket.py", line 704, in readinto
    return self._sock.recv_into(b)
  File "C:\Users\simip\AppData\Local\Programs\Python\Python39\lib\http\server.py", line 427, in handle
    self.handle_one_request()
  File "C:\Users\simip\AppData\Local\Programs\Python\Python39\lib\socket.py", line 704, in readinto
    return self._sock.recv_into(b)
ConnectionResetError: [WinError 10054] An existing connection was forcibly closed by the remote host
  File "C:\Users\simip\AppData\Local\Programs\Python\Python39\lib\socketserver.py", line 747, in __init__
    self.handle()
  File "C:\Users\simip\AppData\Local\Programs\Python\Python39\lib\http\server.py", line 427, in handle
    self.handle_one_request()
----------------------------------------
ConnectionResetError: [WinError 10054] An existing connection was forcibly closed by the remote host
  File "C:\Users\simip\AppData\Local\Programs\Python\Python39\lib\http\server.py", line 393, in handle_one_request
    self.raw_requestline = self.rfile.readline(65537)
  File "C:\Users\simip\AppData\Local\Programs\Python\Python39\lib\socket.py", line 704, in readinto
    return self._sock.recv_into(b)
----------------------------------------
  File "C:\Users\simip\AppData\Local\Programs\Python\Python39\lib\http\server.py", line 393, in handle_one_request
    self.raw_requestline = self.rfile.readline(65537)
  File "C:\Users\simip\AppData\Local\Programs\Python\Python39\lib\socket.py", line 704, in readinto
    return self._sock.recv_into(b)
ConnectionResetError: [WinError 10054] An existing connection was forcibly closed by the remote host
ConnectionResetError: [WinError 10054] An existing connection was forcibly closed by the remote host
----------------------------------------
----------------------------------------
----------------------------------------
Exception occurred during processing of request from ('127.0.0.1', 55691)
----------------------------------------
Exception occurred during processing of request from ('127.0.0.1', 61785)
----------------------------------------
----------------------------------------
Exception occurred during processing of request from ('127.0.0.1', 61005)
----------------------------------------
----------------------------------------
Exception occurred during processing of request from ('127.0.0.1', 57122)
Exception occurred during processing of request from ('127.0.0.1', 53712)
Exception occurred during processing of request from ('127.0.0.1', 55857)
Traceback (most recent call last):
  File "C:\Users\simip\AppData\Local\Programs\Python\Python39\lib\socketserver.py", line 683, in process_request_thread
    self.finish_request(request, client_address)
  File "C:\Users\simip\AppData\Local\Programs\Python\Python39\lib\socketserver.py", line 360, in finish_request
    self.RequestHandlerClass(request, client_address, self)
  File "C:\Users\simip\AppData\Local\Programs\Python\Python39\lib\http\server.py", line 651, in __init__
    super().__init__(*args, **kwargs)
  File "C:\Users\simip\AppData\Local\Programs\Python\Python39\lib\socketserver.py", line 747, in __init__
    self.handle()
  File "C:\Users\simip\AppData\Local\Programs\Python\Python39\lib\http\server.py", line 427, in handle
    self.handle_one_request()
  File "C:\Users\simip\AppData\Local\Programs\Python\Python39\lib\http\server.py", line 393, in handle_one_request
    self.raw_requestline = self.rfile.readline(65537)
  File "C:\Users\simip\AppData\Local\Programs\Python\Python39\lib\socket.py", line 704, in readinto
    return self._sock.recv_into(b)
ConnectionResetError: [WinError 10054] An existing connection was forcibly closed by the remote host
----------------------------------------
Traceback (most recent call last):
  File "C:\Users\simip\AppData\Local\Programs\Python\Python39\lib\socketserver.py", line 683, in process_request_thread
    self.finish_request(request, client_address)
  File "C:\Users\simip\AppData\Local\Programs\Python\Python39\lib\socketserver.py", line 360, in finish_request
    self.RequestHandlerClass(request, client_address, self)
  File "C:\Users\simip\AppData\Local\Programs\Python\Python39\lib\http\server.py", line 651, in __init__
    super().__init__(*args, **kwargs)
Traceback (most recent call last):
  File "C:\Users\simip\AppData\Local\Programs\Python\Python39\lib\socketserver.py", line 747, in __init__
    self.handle()
  File "C:\Users\simip\AppData\Local\Programs\Python\Python39\lib\socketserver.py", line 683, in process_request_thread
    self.finish_request(request, client_address)
  File "C:\Users\simip\AppData\Local\Programs\Python\Python39\lib\socketserver.py", line 360, in finish_request
    self.RequestHandlerClass(request, client_address, self)
  File "C:\Users\simip\AppData\Local\Programs\Python\Python39\lib\http\server.py", line 651, in __init__
    super().__init__(*args, **kwargs)
  File "C:\Users\simip\AppData\Local\Programs\Python\Python39\lib\socketserver.py", line 747, in __init__
    self.handle()
Traceback (most recent call last):
Traceback (most recent call last):
  File "C:\Users\simip\AppData\Local\Programs\Python\Python39\lib\http\server.py", line 427, in handle
    self.handle_one_request()
  File "C:\Users\simip\AppData\Local\Programs\Python\Python39\lib\http\server.py", line 393, in handle_one_request
    self.raw_requestline = self.rfile.readline(65537)
  File "C:\Users\simip\AppData\Local\Programs\Python\Python39\lib\socket.py", line 704, in readinto
    return self._sock.recv_into(b)
  File "C:\Users\simip\AppData\Local\Programs\Python\Python39\lib\socketserver.py", line 683, in process_request_thread
    self.finish_request(request, client_address)
  File "C:\Users\simip\AppData\Local\Programs\Python\Python39\lib\socketserver.py", line 360, in finish_request
    self.RequestHandlerClass(request, client_address, self)
  File "C:\Users\simip\AppData\Local\Programs\Python\Python39\lib\http\server.py", line 651, in __init__
    super().__init__(*args, **kwargs)
ConnectionResetError: [WinError 10054] An existing connection was forcibly closed by the remote host
  File "C:\Users\simip\AppData\Local\Programs\Python\Python39\lib\http\server.py", line 427, in handle
    self.handle_one_request()
  File "C:\Users\simip\AppData\Local\Programs\Python\Python39\lib\socketserver.py", line 683, in process_request_thread
    self.finish_request(request, client_address)
Traceback (most recent call last):
  File "C:\Users\simip\AppData\Local\Programs\Python\Python39\lib\socketserver.py", line 360, in finish_request
    self.RequestHandlerClass(request, client_address, self)
  File "C:\Users\simip\AppData\Local\Programs\Python\Python39\lib\socketserver.py", line 747, in __init__
    self.handle()
  File "C:\Users\simip\AppData\Local\Programs\Python\Python39\lib\socketserver.py", line 683, in process_request_thread
    self.finish_request(request, client_address)
  File "C:\Users\simip\AppData\Local\Programs\Python\Python39\lib\http\server.py", line 393, in handle_one_request
    self.raw_requestline = self.rfile.readline(65537)
  File "C:\Users\simip\AppData\Local\Programs\Python\Python39\lib\http\server.py", line 651, in __init__
    super().__init__(*args, **kwargs)
  File "C:\Users\simip\AppData\Local\Programs\Python\Python39\lib\socket.py", line 704, in readinto
    return self._sock.recv_into(b)
  File "C:\Users\simip\AppData\Local\Programs\Python\Python39\lib\http\server.py", line 427, in handle
    self.handle_one_request()
  File "C:\Users\simip\AppData\Local\Programs\Python\Python39\lib\socketserver.py", line 360, in finish_request
    self.RequestHandlerClass(request, client_address, self)
  File "C:\Users\simip\AppData\Local\Programs\Python\Python39\lib\http\server.py", line 393, in handle_one_request
    self.raw_requestline = self.rfile.readline(65537)
  File "C:\Users\simip\AppData\Local\Programs\Python\Python39\lib\socketserver.py", line 747, in __init__
    self.handle()
  File "C:\Users\simip\AppData\Local\Programs\Python\Python39\lib\http\server.py", line 651, in __init__
    super().__init__(*args, **kwargs)
  File "C:\Users\simip\AppData\Local\Programs\Python\Python39\lib\socket.py", line 704, in readinto
    return self._sock.recv_into(b)
  File "C:\Users\simip\AppData\Local\Programs\Python\Python39\lib\http\server.py", line 427, in handle
    self.handle_one_request()
  File "C:\Users\simip\AppData\Local\Programs\Python\Python39\lib\socketserver.py", line 747, in __init__
    self.handle()
  File "C:\Users\simip\AppData\Local\Programs\Python\Python39\lib\http\server.py", line 427, in handle
    self.handle_one_request()
ConnectionResetError: [WinError 10054] An existing connection was forcibly closed by the remote host
ConnectionResetError: [WinError 10054] An existing connection was forcibly closed by the remote host
  File "C:\Users\simip\AppData\Local\Programs\Python\Python39\lib\http\server.py", line 393, in handle_one_request
    self.raw_requestline = self.rfile.readline(65537)
----------------------------------------
----------------------------------------
  File "C:\Users\simip\AppData\Local\Programs\Python\Python39\lib\socket.py", line 704, in readinto
    return self._sock.recv_into(b)
----------------------------------------
ConnectionResetError: [WinError 10054] An existing connection was forcibly closed by the remote host
  File "C:\Users\simip\AppData\Local\Programs\Python\Python39\lib\http\server.py", line 393, in handle_one_request
    self.raw_requestline = self.rfile.readline(65537)
----------------------------------------
  File "C:\Users\simip\AppData\Local\Programs\Python\Python39\lib\socket.py", line 704, in readinto
    return self._sock.recv_into(b)
ConnectionResetError: [WinError 10054] An existing connection was forcibly closed by the remote host
----------------------------------------
----------------------------------------
Exception occurred during processing of request from ('127.0.0.1', 49765)
----------------------------------------
----------------------------------------
----------------------------------------
----------------------------------------
Exception occurred during processing of request from ('127.0.0.1', 61261)
Exception occurred during processing of request from ('127.0.0.1', 52643)
Exception occurred during processing of request from ('127.0.0.1', 55955)
Exception occurred during processing of request from ('127.0.0.1', 53421)
----------------------------------------
Exception occurred during processing of request from ('127.0.0.1', 54552)
Traceback (most recent call last):
  File "C:\Users\simip\AppData\Local\Programs\Python\Python39\lib\socketserver.py", line 683, in process_request_thread
    self.finish_request(request, client_address)
  File "C:\Users\simip\AppData\Local\Programs\Python\Python39\lib\socketserver.py", line 360, in finish_request
    self.RequestHandlerClass(request, client_address, self)
  File "C:\Users\simip\AppData\Local\Programs\Python\Python39\lib\http\server.py", line 651, in __init__
    super().__init__(*args, **kwargs)
  File "C:\Users\simip\AppData\Local\Programs\Python\Python39\lib\socketserver.py", line 747, in __init__
    self.handle()
  File "C:\Users\simip\AppData\Local\Programs\Python\Python39\lib\http\server.py", line 427, in handle
    self.handle_one_request()
  File "C:\Users\simip\AppData\Local\Programs\Python\Python39\lib\http\server.py", line 393, in handle_one_request
    self.raw_requestline = self.rfile.readline(65537)
  File "C:\Users\simip\AppData\Local\Programs\Python\Python39\lib\socket.py", line 704, in readinto
    return self._sock.recv_into(b)
ConnectionResetError: [WinError 10054] An existing connection was forcibly closed by the remote host
----------------------------------------
Traceback (most recent call last):
  File "C:\Users\simip\AppData\Local\Programs\Python\Python39\lib\socketserver.py", line 683, in process_request_thread
    self.finish_request(request, client_address)
  File "C:\Users\simip\AppData\Local\Programs\Python\Python39\lib\socketserver.py", line 360, in finish_request
    self.RequestHandlerClass(request, client_address, self)
  File "C:\Users\simip\AppData\Local\Programs\Python\Python39\lib\http\server.py", line 651, in __init__
    super().__init__(*args, **kwargs)
  File "C:\Users\simip\AppData\Local\Programs\Python\Python39\lib\socketserver.py", line 747, in __init__
    self.handle()
  File "C:\Users\simip\AppData\Local\Programs\Python\Python39\lib\http\server.py", line 427, in handle
    self.handle_one_request()
  File "C:\Users\simip\AppData\Local\Programs\Python\Python39\lib\http\server.py", line 393, in handle_one_request
    self.raw_requestline = self.rfile.readline(65537)
  File "C:\Users\simip\AppData\Local\Programs\Python\Python39\lib\socket.py", line 704, in readinto
    return self._sock.recv_into(b)
ConnectionResetError: [WinError 10054] An existing connection was forcibly closed by the remote host
----------------------------------------
Traceback (most recent call last):
Traceback (most recent call last):
  File "C:\Users\simip\AppData\Local\Programs\Python\Python39\lib\socketserver.py", line 683, in process_request_thread
    self.finish_request(request, client_address)
Traceback (most recent call last):
Traceback (most recent call last):
  File "C:\Users\simip\AppData\Local\Programs\Python\Python39\lib\socketserver.py", line 683, in process_request_thread
    self.finish_request(request, client_address)
  File "C:\Users\simip\AppData\Local\Programs\Python\Python39\lib\socketserver.py", line 360, in finish_request
    self.RequestHandlerClass(request, client_address, self)
  File "C:\Users\simip\AppData\Local\Programs\Python\Python39\lib\socketserver.py", line 683, in process_request_thread
    self.finish_request(request, client_address)
  File "C:\Users\simip\AppData\Local\Programs\Python\Python39\lib\socketserver.py", line 683, in process_request_thread
    self.finish_request(request, client_address)
  File "C:\Users\simip\AppData\Local\Programs\Python\Python39\lib\socketserver.py", line 360, in finish_request
    self.RequestHandlerClass(request, client_address, self)
  File "C:\Users\simip\AppData\Local\Programs\Python\Python39\lib\http\server.py", line 651, in __init__
    super().__init__(*args, **kwargs)
  File "C:\Users\simip\AppData\Local\Programs\Python\Python39\lib\socketserver.py", line 360, in finish_request
    self.RequestHandlerClass(request, client_address, self)
  File "C:\Users\simip\AppData\Local\Programs\Python\Python39\lib\http\server.py", line 651, in __init__
    super().__init__(*args, **kwargs)
  File "C:\Users\simip\AppData\Local\Programs\Python\Python39\lib\socketserver.py", line 360, in finish_request
    self.RequestHandlerClass(request, client_address, self)
  File "C:\Users\simip\AppData\Local\Programs\Python\Python39\lib\socketserver.py", line 747, in __init__
    self.handle()
  File "C:\Users\simip\AppData\Local\Programs\Python\Python39\lib\http\server.py", line 651, in __init__
    super().__init__(*args, **kwargs)
  File "C:\Users\simip\AppData\Local\Programs\Python\Python39\lib\http\server.py", line 427, in handle
    self.handle_one_request()
  File "C:\Users\simip\AppData\Local\Programs\Python\Python39\lib\socketserver.py", line 747, in __init__
    self.handle()
  File "C:\Users\simip\AppData\Local\Programs\Python\Python39\lib\http\server.py", line 393, in handle_one_request
    self.raw_requestline = self.rfile.readline(65537)
  File "C:\Users\simip\AppData\Local\Programs\Python\Python39\lib\http\server.py", line 651, in __init__
    super().__init__(*args, **kwargs)
  File "C:\Users\simip\AppData\Local\Programs\Python\Python39\lib\http\server.py", line 427, in handle
    self.handle_one_request()
  File "C:\Users\simip\AppData\Local\Programs\Python\Python39\lib\socketserver.py", line 747, in __init__
    self.handle()
  File "C:\Users\simip\AppData\Local\Programs\Python\Python39\lib\http\server.py", line 427, in handle
    self.handle_one_request()
  File "C:\Users\simip\AppData\Local\Programs\Python\Python39\lib\socket.py", line 704, in readinto
    return self._sock.recv_into(b)
  File "C:\Users\simip\AppData\Local\Programs\Python\Python39\lib\http\server.py", line 393, in handle_one_request
    self.raw_requestline = self.rfile.readline(65537)
  File "C:\Users\simip\AppData\Local\Programs\Python\Python39\lib\socket.py", line 704, in readinto
    return self._sock.recv_into(b)
  File "C:\Users\simip\AppData\Local\Programs\Python\Python39\lib\socketserver.py", line 747, in __init__
    self.handle()
  File "C:\Users\simip\AppData\Local\Programs\Python\Python39\lib\http\server.py", line 393, in handle_one_request
    self.raw_requestline = self.rfile.readline(65537)
  File "C:\Users\simip\AppData\Local\Programs\Python\Python39\lib\http\server.py", line 427, in handle
    self.handle_one_request()
ConnectionResetError: [WinError 10054] An existing connection was forcibly closed by the remote host
  File "C:\Users\simip\AppData\Local\Programs\Python\Python39\lib\socket.py", line 704, in readinto
    return self._sock.recv_into(b)
ConnectionResetError: [WinError 10054] An existing connection was forcibly closed by the remote host
----------------------------------------
  File "C:\Users\simip\AppData\Local\Programs\Python\Python39\lib\http\server.py", line 393, in handle_one_request
    self.raw_requestline = self.rfile.readline(65537)
ConnectionResetError: [WinError 10054] An existing connection was forcibly closed by the remote host
  File "C:\Users\simip\AppData\Local\Programs\Python\Python39\lib\socket.py", line 704, in readinto
    return self._sock.recv_into(b)
----------------------------------------
ConnectionResetError: [WinError 10054] An existing connection was forcibly closed by the remote host
----------------------------------------
----------------------------------------
----------------------------------------
Exception occurred during processing of request from ('127.0.0.1', 59488)
Traceback (most recent call last):
  File "C:\Users\simip\AppData\Local\Programs\Python\Python39\lib\socketserver.py", line 683, in process_request_thread
    self.finish_request(request, client_address)
  File "C:\Users\simip\AppData\Local\Programs\Python\Python39\lib\socketserver.py", line 360, in finish_request
    self.RequestHandlerClass(request, client_address, self)
  File "C:\Users\simip\AppData\Local\Programs\Python\Python39\lib\http\server.py", line 651, in __init__
    super().__init__(*args, **kwargs)
  File "C:\Users\simip\AppData\Local\Programs\Python\Python39\lib\socketserver.py", line 747, in __init__
    self.handle()
  File "C:\Users\simip\AppData\Local\Programs\Python\Python39\lib\http\server.py", line 427, in handle
    self.handle_one_request()
  File "C:\Users\simip\AppData\Local\Programs\Python\Python39\lib\http\server.py", line 393, in handle_one_request
    self.raw_requestline = self.rfile.readline(65537)
  File "C:\Users\simip\AppData\Local\Programs\Python\Python39\lib\socket.py", line 704, in readinto
    return self._sock.recv_into(b)
ConnectionResetError: [WinError 10054] An existing connection was forcibly closed by the remote host
----------------------------------------
----------------------------------------
----------------------------------------
Exception occurred during processing of request from ('127.0.0.1', 58255)
----------------------------------------
Exception occurred during processing of request from ('127.0.0.1', 53255)
Exception occurred during processing of request from ('127.0.0.1', 64807)
----------------------------------------
Exception occurred during processing of request from ('127.0.0.1', 49302)
Traceback (most recent call last):
  File "C:\Users\simip\AppData\Local\Programs\Python\Python39\lib\socketserver.py", line 683, in process_request_thread
    self.finish_request(request, client_address)
  File "C:\Users\simip\AppData\Local\Programs\Python\Python39\lib\socketserver.py", line 360, in finish_request
    self.RequestHandlerClass(request, client_address, self)
  File "C:\Users\simip\AppData\Local\Programs\Python\Python39\lib\http\server.py", line 651, in __init__
    super().__init__(*args, **kwargs)
  File "C:\Users\simip\AppData\Local\Programs\Python\Python39\lib\socketserver.py", line 747, in __init__
    self.handle()
  File "C:\Users\simip\AppData\Local\Programs\Python\Python39\lib\http\server.py", line 427, in handle
    self.handle_one_request()
  File "C:\Users\simip\AppData\Local\Programs\Python\Python39\lib\http\server.py", line 393, in handle_one_request
    self.raw_requestline = self.rfile.readline(65537)
  File "C:\Users\simip\AppData\Local\Programs\Python\Python39\lib\socket.py", line 704, in readinto
    return self._sock.recv_into(b)
ConnectionResetError: [WinError 10054] An existing connection was forcibly closed by the remote host
----------------------------------------
Traceback (most recent call last):
  File "C:\Users\simip\AppData\Local\Programs\Python\Python39\lib\socketserver.py", line 683, in process_request_thread
    self.finish_request(request, client_address)
  File "C:\Users\simip\AppData\Local\Programs\Python\Python39\lib\socketserver.py", line 360, in finish_request
    self.RequestHandlerClass(request, client_address, self)
  File "C:\Users\simip\AppData\Local\Programs\Python\Python39\lib\http\server.py", line 651, in __init__
    super().__init__(*args, **kwargs)
  File "C:\Users\simip\AppData\Local\Programs\Python\Python39\lib\socketserver.py", line 747, in __init__
    self.handle()
  File "C:\Users\simip\AppData\Local\Programs\Python\Python39\lib\http\server.py", line 427, in handle
    self.handle_one_request()
  File "C:\Users\simip\AppData\Local\Programs\Python\Python39\lib\http\server.py", line 393, in handle_one_request
    self.raw_requestline = self.rfile.readline(65537)
  File "C:\Users\simip\AppData\Local\Programs\Python\Python39\lib\socket.py", line 704, in readinto
    return self._sock.recv_into(b)
ConnectionResetError: [WinError 10054] An existing connection was forcibly closed by the remote host
----------------------------------------
Traceback (most recent call last):
  File "C:\Users\simip\AppData\Local\Programs\Python\Python39\lib\socketserver.py", line 683, in process_request_thread
    self.finish_request(request, client_address)
  File "C:\Users\simip\AppData\Local\Programs\Python\Python39\lib\socketserver.py", line 360, in finish_request
    self.RequestHandlerClass(request, client_address, self)
  File "C:\Users\simip\AppData\Local\Programs\Python\Python39\lib\http\server.py", line 651, in __init__
    super().__init__(*args, **kwargs)
  File "C:\Users\simip\AppData\Local\Programs\Python\Python39\lib\socketserver.py", line 747, in __init__
    self.handle()
  File "C:\Users\simip\AppData\Local\Programs\Python\Python39\lib\http\server.py", line 427, in handle
    self.handle_one_request()
  File "C:\Users\simip\AppData\Local\Programs\Python\Python39\lib\http\server.py", line 393, in handle_one_request
    self.raw_requestline = self.rfile.readline(65537)
  File "C:\Users\simip\AppData\Local\Programs\Python\Python39\lib\socket.py", line 704, in readinto
    return self._sock.recv_into(b)
ConnectionResetError: [WinError 10054] An existing connection was forcibly closed by the remote host
----------------------------------------
Traceback (most recent call last):
  File "C:\Users\simip\AppData\Local\Programs\Python\Python39\lib\socketserver.py", line 683, in process_request_thread
    self.finish_request(request, client_address)
  File "C:\Users\simip\AppData\Local\Programs\Python\Python39\lib\socketserver.py", line 360, in finish_request
    self.RequestHandlerClass(request, client_address, self)
  File "C:\Users\simip\AppData\Local\Programs\Python\Python39\lib\http\server.py", line 651, in __init__
    super().__init__(*args, **kwargs)
  File "C:\Users\simip\AppData\Local\Programs\Python\Python39\lib\socketserver.py", line 747, in __init__
    self.handle()
  File "C:\Users\simip\AppData\Local\Programs\Python\Python39\lib\http\server.py", line 427, in handle
    self.handle_one_request()
  File "C:\Users\simip\AppData\Local\Programs\Python\Python39\lib\http\server.py", line 393, in handle_one_request
    self.raw_requestline = self.rfile.readline(65537)
  File "C:\Users\simip\AppData\Local\Programs\Python\Python39\lib\socket.py", line 704, in readinto
    return self._sock.recv_into(b)
ConnectionResetError: [WinError 10054] An existing connection was forcibly closed by the remote host
----------------------------------------
----------------------------------------
Exception occurred during processing of request from ('127.0.0.1', 60037)
Traceback (most recent call last):
  File "C:\Users\simip\AppData\Local\Programs\Python\Python39\lib\socketserver.py", line 683, in process_request_thread
    self.finish_request(request, client_address)
  File "C:\Users\simip\AppData\Local\Programs\Python\Python39\lib\socketserver.py", line 360, in finish_request
    self.RequestHandlerClass(request, client_address, self)
  File "C:\Users\simip\AppData\Local\Programs\Python\Python39\lib\http\server.py", line 651, in __init__
    super().__init__(*args, **kwargs)
  File "C:\Users\simip\AppData\Local\Programs\Python\Python39\lib\socketserver.py", line 747, in __init__
    self.handle()
  File "C:\Users\simip\AppData\Local\Programs\Python\Python39\lib\http\server.py", line 427, in handle
    self.handle_one_request()
  File "C:\Users\simip\AppData\Local\Programs\Python\Python39\lib\http\server.py", line 393, in handle_one_request
    self.raw_requestline = self.rfile.readline(65537)
  File "C:\Users\simip\AppData\Local\Programs\Python\Python39\lib\socket.py", line 704, in readinto
    return self._sock.recv_into(b)
ConnectionResetError: [WinError 10054] An existing connection was forcibly closed by the remote host
----------------------------------------
----------------------------------------
Exception occurred during processing of request from ('127.0.0.1', 56823)
----------------------------------------
Exception occurred during processing of request from ('127.0.0.1', 61946)
----------------------------------------
----------------------------------------
----------------------------------------
----------------------------------------
Exception occurred during processing of request from ('127.0.0.1', 60438)
Exception occurred during processing of request from ('127.0.0.1', 54122)
Exception occurred during processing of request from ('127.0.0.1', 51745)
Traceback (most recent call last):
Exception occurred during processing of request from ('127.0.0.1', 54486)
  File "C:\Users\simip\AppData\Local\Programs\Python\Python39\lib\socketserver.py", line 683, in process_request_thread
    self.finish_request(request, client_address)
  File "C:\Users\simip\AppData\Local\Programs\Python\Python39\lib\socketserver.py", line 360, in finish_request
    self.RequestHandlerClass(request, client_address, self)
  File "C:\Users\simip\AppData\Local\Programs\Python\Python39\lib\http\server.py", line 651, in __init__
    super().__init__(*args, **kwargs)
Traceback (most recent call last):
  File "C:\Users\simip\AppData\Local\Programs\Python\Python39\lib\socketserver.py", line 747, in __init__
    self.handle()
  File "C:\Users\simip\AppData\Local\Programs\Python\Python39\lib\socketserver.py", line 683, in process_request_thread
    self.finish_request(request, client_address)
  File "C:\Users\simip\AppData\Local\Programs\Python\Python39\lib\http\server.py", line 427, in handle
    self.handle_one_request()
  File "C:\Users\simip\AppData\Local\Programs\Python\Python39\lib\socketserver.py", line 360, in finish_request
    self.RequestHandlerClass(request, client_address, self)
Traceback (most recent call last):
  File "C:\Users\simip\AppData\Local\Programs\Python\Python39\lib\http\server.py", line 651, in __init__
    super().__init__(*args, **kwargs)
  File "C:\Users\simip\AppData\Local\Programs\Python\Python39\lib\socketserver.py", line 683, in process_request_thread
    self.finish_request(request, client_address)
  File "C:\Users\simip\AppData\Local\Programs\Python\Python39\lib\socketserver.py", line 747, in __init__
    self.handle()
  File "C:\Users\simip\AppData\Local\Programs\Python\Python39\lib\http\server.py", line 427, in handle
    self.handle_one_request()
  File "C:\Users\simip\AppData\Local\Programs\Python\Python39\lib\socketserver.py", line 360, in finish_request
    self.RequestHandlerClass(request, client_address, self)
  File "C:\Users\simip\AppData\Local\Programs\Python\Python39\lib\http\server.py", line 393, in handle_one_request
    self.raw_requestline = self.rfile.readline(65537)
  File "C:\Users\simip\AppData\Local\Programs\Python\Python39\lib\http\server.py", line 393, in handle_one_request
    self.raw_requestline = self.rfile.readline(65537)
Traceback (most recent call last):
Traceback (most recent call last):
Traceback (most recent call last):
  File "C:\Users\simip\AppData\Local\Programs\Python\Python39\lib\socketserver.py", line 683, in process_request_thread
    self.finish_request(request, client_address)
  File "C:\Users\simip\AppData\Local\Programs\Python\Python39\lib\socketserver.py", line 683, in process_request_thread
    self.finish_request(request, client_address)
  File "C:\Users\simip\AppData\Local\Programs\Python\Python39\lib\socketserver.py", line 683, in process_request_thread
    self.finish_request(request, client_address)
  File "C:\Users\simip\AppData\Local\Programs\Python\Python39\lib\socketserver.py", line 360, in finish_request
    self.RequestHandlerClass(request, client_address, self)
  File "C:\Users\simip\AppData\Local\Programs\Python\Python39\lib\socket.py", line 704, in readinto
    return self._sock.recv_into(b)
  File "C:\Users\simip\AppData\Local\Programs\Python\Python39\lib\socketserver.py", line 360, in finish_request
    self.RequestHandlerClass(request, client_address, self)
  File "C:\Users\simip\AppData\Local\Programs\Python\Python39\lib\http\server.py", line 651, in __init__
    super().__init__(*args, **kwargs)
  File "C:\Users\simip\AppData\Local\Programs\Python\Python39\lib\socketserver.py", line 747, in __init__
    self.handle()
  File "C:\Users\simip\AppData\Local\Programs\Python\Python39\lib\socketserver.py", line 360, in finish_request
    self.RequestHandlerClass(request, client_address, self)
  File "C:\Users\simip\AppData\Local\Programs\Python\Python39\lib\http\server.py", line 651, in __init__
    super().__init__(*args, **kwargs)
  File "C:\Users\simip\AppData\Local\Programs\Python\Python39\lib\socket.py", line 704, in readinto
    return self._sock.recv_into(b)
  File "C:\Users\simip\AppData\Local\Programs\Python\Python39\lib\http\server.py", line 651, in __init__
    super().__init__(*args, **kwargs)
  File "C:\Users\simip\AppData\Local\Programs\Python\Python39\lib\socketserver.py", line 747, in __init__
    self.handle()
  File "C:\Users\simip\AppData\Local\Programs\Python\Python39\lib\socketserver.py", line 747, in __init__
    self.handle()
ConnectionResetError: [WinError 10054] An existing connection was forcibly closed by the remote host
ConnectionResetError: [WinError 10054] An existing connection was forcibly closed by the remote host
----------------------------------------
  File "C:\Users\simip\AppData\Local\Programs\Python\Python39\lib\http\server.py", line 427, in handle
    self.handle_one_request()
  File "C:\Users\simip\AppData\Local\Programs\Python\Python39\lib\http\server.py", line 651, in __init__
    super().__init__(*args, **kwargs)
  File "C:\Users\simip\AppData\Local\Programs\Python\Python39\lib\socketserver.py", line 747, in __init__
    self.handle()
  File "C:\Users\simip\AppData\Local\Programs\Python\Python39\lib\http\server.py", line 427, in handle
    self.handle_one_request()
  File "C:\Users\simip\AppData\Local\Programs\Python\Python39\lib\http\server.py", line 427, in handle
    self.handle_one_request()
  File "C:\Users\simip\AppData\Local\Programs\Python\Python39\lib\http\server.py", line 393, in handle_one_request
    self.raw_requestline = self.rfile.readline(65537)
  File "C:\Users\simip\AppData\Local\Programs\Python\Python39\lib\http\server.py", line 393, in handle_one_request
    self.raw_requestline = self.rfile.readline(65537)
  File "C:\Users\simip\AppData\Local\Programs\Python\Python39\lib\http\server.py", line 393, in handle_one_request
    self.raw_requestline = self.rfile.readline(65537)
  File "C:\Users\simip\AppData\Local\Programs\Python\Python39\lib\socket.py", line 704, in readinto
    return self._sock.recv_into(b)
  File "C:\Users\simip\AppData\Local\Programs\Python\Python39\lib\socket.py", line 704, in readinto
    return self._sock.recv_into(b)
ConnectionResetError: [WinError 10054] An existing connection was forcibly closed by the remote host
----------------------------------------
  File "C:\Users\simip\AppData\Local\Programs\Python\Python39\lib\socket.py", line 704, in readinto
    return self._sock.recv_into(b)
ConnectionResetError: [WinError 10054] An existing connection was forcibly closed by the remote host
  File "C:\Users\simip\AppData\Local\Programs\Python\Python39\lib\http\server.py", line 427, in handle
    self.handle_one_request()
  File "C:\Users\simip\AppData\Local\Programs\Python\Python39\lib\http\server.py", line 393, in handle_one_request
    self.raw_requestline = self.rfile.readline(65537)
  File "C:\Users\simip\AppData\Local\Programs\Python\Python39\lib\socket.py", line 704, in readinto
    return self._sock.recv_into(b)
----------------------------------------
----------------------------------------
ConnectionResetError: [WinError 10054] An existing connection was forcibly closed by the remote host
ConnectionResetError: [WinError 10054] An existing connection was forcibly closed by the remote host
----------------------------------------
----------------------------------------
----------------------------------------
Exception occurred during processing of request from ('127.0.0.1', 65460)
Traceback (most recent call last):
  File "C:\Users\simip\AppData\Local\Programs\Python\Python39\lib\socketserver.py", line 683, in process_request_thread
    self.finish_request(request, client_address)
  File "C:\Users\simip\AppData\Local\Programs\Python\Python39\lib\socketserver.py", line 360, in finish_request
    self.RequestHandlerClass(request, client_address, self)
----------------------------------------
Exception occurred during processing of request from ('127.0.0.1', 51177)
  File "C:\Users\simip\AppData\Local\Programs\Python\Python39\lib\http\server.py", line 651, in __init__
    super().__init__(*args, **kwargs)
  File "C:\Users\simip\AppData\Local\Programs\Python\Python39\lib\socketserver.py", line 747, in __init__
    self.handle()
  File "C:\Users\simip\AppData\Local\Programs\Python\Python39\lib\http\server.py", line 427, in handle
    self.handle_one_request()
  File "C:\Users\simip\AppData\Local\Programs\Python\Python39\lib\http\server.py", line 393, in handle_one_request
    self.raw_requestline = self.rfile.readline(65537)
  File "C:\Users\simip\AppData\Local\Programs\Python\Python39\lib\socket.py", line 704, in readinto
    return self._sock.recv_into(b)
ConnectionResetError: [WinError 10054] An existing connection was forcibly closed by the remote host
----------------------------------------
Traceback (most recent call last):
  File "C:\Users\simip\AppData\Local\Programs\Python\Python39\lib\socketserver.py", line 683, in process_request_thread
    self.finish_request(request, client_address)
  File "C:\Users\simip\AppData\Local\Programs\Python\Python39\lib\socketserver.py", line 360, in finish_request
    self.RequestHandlerClass(request, client_address, self)
  File "C:\Users\simip\AppData\Local\Programs\Python\Python39\lib\http\server.py", line 651, in __init__
    super().__init__(*args, **kwargs)
  File "C:\Users\simip\AppData\Local\Programs\Python\Python39\lib\socketserver.py", line 747, in __init__
    self.handle()
  File "C:\Users\simip\AppData\Local\Programs\Python\Python39\lib\http\server.py", line 427, in handle
    self.handle_one_request()
  File "C:\Users\simip\AppData\Local\Programs\Python\Python39\lib\http\server.py", line 393, in handle_one_request
    self.raw_requestline = self.rfile.readline(65537)
  File "C:\Users\simip\AppData\Local\Programs\Python\Python39\lib\socket.py", line 704, in readinto
    return self._sock.recv_into(b)
ConnectionResetError: [WinError 10054] An existing connection was forcibly closed by the remote host
----------------------------------------
----------------------------------------
Exception occurred during processing of request from ('127.0.0.1', 59517)
----------------------------------------
Exception occurred during processing of request from ('127.0.0.1', 65040)
Traceback (most recent call last):
  File "C:\Users\simip\AppData\Local\Programs\Python\Python39\lib\socketserver.py", line 683, in process_request_thread
    self.finish_request(request, client_address)
  File "C:\Users\simip\AppData\Local\Programs\Python\Python39\lib\socketserver.py", line 360, in finish_request
    self.RequestHandlerClass(request, client_address, self)
  File "C:\Users\simip\AppData\Local\Programs\Python\Python39\lib\http\server.py", line 651, in __init__
    super().__init__(*args, **kwargs)
  File "C:\Users\simip\AppData\Local\Programs\Python\Python39\lib\socketserver.py", line 747, in __init__
    self.handle()
  File "C:\Users\simip\AppData\Local\Programs\Python\Python39\lib\http\server.py", line 427, in handle
    self.handle_one_request()
  File "C:\Users\simip\AppData\Local\Programs\Python\Python39\lib\http\server.py", line 393, in handle_one_request
    self.raw_requestline = self.rfile.readline(65537)
  File "C:\Users\simip\AppData\Local\Programs\Python\Python39\lib\socket.py", line 704, in readinto
    return self._sock.recv_into(b)
ConnectionResetError: [WinError 10054] An existing connection was forcibly closed by the remote host
----------------------------------------
Traceback (most recent call last):
  File "C:\Users\simip\AppData\Local\Programs\Python\Python39\lib\socketserver.py", line 683, in process_request_thread
    self.finish_request(request, client_address)
  File "C:\Users\simip\AppData\Local\Programs\Python\Python39\lib\socketserver.py", line 360, in finish_request
    self.RequestHandlerClass(request, client_address, self)
  File "C:\Users\simip\AppData\Local\Programs\Python\Python39\lib\http\server.py", line 651, in __init__
    super().__init__(*args, **kwargs)
  File "C:\Users\simip\AppData\Local\Programs\Python\Python39\lib\socketserver.py", line 747, in __init__
    self.handle()
  File "C:\Users\simip\AppData\Local\Programs\Python\Python39\lib\http\server.py", line 427, in handle
    self.handle_one_request()
  File "C:\Users\simip\AppData\Local\Programs\Python\Python39\lib\http\server.py", line 393, in handle_one_request
    self.raw_requestline = self.rfile.readline(65537)
  File "C:\Users\simip\AppData\Local\Programs\Python\Python39\lib\socket.py", line 704, in readinto
    return self._sock.recv_into(b)
ConnectionResetError: [WinError 10054] An existing connection was forcibly closed by the remote host
----------------------------------------
----------------------------------------
Exception occurred during processing of request from ('127.0.0.1', 64403)
----------------------------------------
Exception occurred during processing of request from ('127.0.0.1', 53134)
Traceback (most recent call last):
  File "C:\Users\simip\AppData\Local\Programs\Python\Python39\lib\socketserver.py", line 683, in process_request_thread
    self.finish_request(request, client_address)
  File "C:\Users\simip\AppData\Local\Programs\Python\Python39\lib\socketserver.py", line 360, in finish_request
    self.RequestHandlerClass(request, client_address, self)
  File "C:\Users\simip\AppData\Local\Programs\Python\Python39\lib\http\server.py", line 651, in __init__
    super().__init__(*args, **kwargs)
  File "C:\Users\simip\AppData\Local\Programs\Python\Python39\lib\socketserver.py", line 747, in __init__
    self.handle()
  File "C:\Users\simip\AppData\Local\Programs\Python\Python39\lib\http\server.py", line 427, in handle
    self.handle_one_request()
  File "C:\Users\simip\AppData\Local\Programs\Python\Python39\lib\http\server.py", line 393, in handle_one_request
    self.raw_requestline = self.rfile.readline(65537)
  File "C:\Users\simip\AppData\Local\Programs\Python\Python39\lib\socket.py", line 704, in readinto
    return self._sock.recv_into(b)
ConnectionResetError: [WinError 10054] An existing connection was forcibly closed by the remote host
----------------------------------------
Traceback (most recent call last):
  File "C:\Users\simip\AppData\Local\Programs\Python\Python39\lib\socketserver.py", line 683, in process_request_thread
    self.finish_request(request, client_address)
  File "C:\Users\simip\AppData\Local\Programs\Python\Python39\lib\socketserver.py", line 360, in finish_request
    self.RequestHandlerClass(request, client_address, self)
  File "C:\Users\simip\AppData\Local\Programs\Python\Python39\lib\http\server.py", line 651, in __init__
    super().__init__(*args, **kwargs)
  File "C:\Users\simip\AppData\Local\Programs\Python\Python39\lib\socketserver.py", line 747, in __init__
    self.handle()
  File "C:\Users\simip\AppData\Local\Programs\Python\Python39\lib\http\server.py", line 427, in handle
    self.handle_one_request()
  File "C:\Users\simip\AppData\Local\Programs\Python\Python39\lib\http\server.py", line 393, in handle_one_request
    self.raw_requestline = self.rfile.readline(65537)
  File "C:\Users\simip\AppData\Local\Programs\Python\Python39\lib\socket.py", line 704, in readinto
    return self._sock.recv_into(b)
ConnectionResetError: [WinError 10054] An existing connection was forcibly closed by the remote host
----------------------------------------
----------------------------------------
----------------------------------------
----------------------------------------
----------------------------------------
----------------------------------------
Exception occurred during processing of request from ('127.0.0.1', 62311)
----------------------------------------
Exception occurred during processing of request from ('127.0.0.1', 59523)
Exception occurred during processing of request from ('127.0.0.1', 65475)
Exception occurred during processing of request from ('127.0.0.1', 49673)
Exception occurred during processing of request from ('127.0.0.1', 55580)
Exception occurred during processing of request from ('127.0.0.1', 49671)
Traceback (most recent call last):
  File "C:\Users\simip\AppData\Local\Programs\Python\Python39\lib\socketserver.py", line 683, in process_request_thread
    self.finish_request(request, client_address)
  File "C:\Users\simip\AppData\Local\Programs\Python\Python39\lib\socketserver.py", line 360, in finish_request
    self.RequestHandlerClass(request, client_address, self)
  File "C:\Users\simip\AppData\Local\Programs\Python\Python39\lib\http\server.py", line 651, in __init__
    super().__init__(*args, **kwargs)
  File "C:\Users\simip\AppData\Local\Programs\Python\Python39\lib\socketserver.py", line 747, in __init__
    self.handle()
  File "C:\Users\simip\AppData\Local\Programs\Python\Python39\lib\http\server.py", line 427, in handle
    self.handle_one_request()
  File "C:\Users\simip\AppData\Local\Programs\Python\Python39\lib\http\server.py", line 393, in handle_one_request
    self.raw_requestline = self.rfile.readline(65537)
  File "C:\Users\simip\AppData\Local\Programs\Python\Python39\lib\socket.py", line 704, in readinto
    return self._sock.recv_into(b)
ConnectionResetError: [WinError 10054] An existing connection was forcibly closed by the remote host
----------------------------------------
Traceback (most recent call last):
  File "C:\Users\simip\AppData\Local\Programs\Python\Python39\lib\socketserver.py", line 683, in process_request_thread
    self.finish_request(request, client_address)
Traceback (most recent call last):
Traceback (most recent call last):
Traceback (most recent call last):
  File "C:\Users\simip\AppData\Local\Programs\Python\Python39\lib\socketserver.py", line 683, in process_request_thread
    self.finish_request(request, client_address)
  File "C:\Users\simip\AppData\Local\Programs\Python\Python39\lib\socketserver.py", line 683, in process_request_thread
    self.finish_request(request, client_address)
  File "C:\Users\simip\AppData\Local\Programs\Python\Python39\lib\socketserver.py", line 683, in process_request_thread
    self.finish_request(request, client_address)
  File "C:\Users\simip\AppData\Local\Programs\Python\Python39\lib\socketserver.py", line 360, in finish_request
    self.RequestHandlerClass(request, client_address, self)
  File "C:\Users\simip\AppData\Local\Programs\Python\Python39\lib\socketserver.py", line 360, in finish_request
    self.RequestHandlerClass(request, client_address, self)
  File "C:\Users\simip\AppData\Local\Programs\Python\Python39\lib\http\server.py", line 651, in __init__
    super().__init__(*args, **kwargs)
  File "C:\Users\simip\AppData\Local\Programs\Python\Python39\lib\socketserver.py", line 360, in finish_request
    self.RequestHandlerClass(request, client_address, self)
  File "C:\Users\simip\AppData\Local\Programs\Python\Python39\lib\socketserver.py", line 360, in finish_request
    self.RequestHandlerClass(request, client_address, self)
  File "C:\Users\simip\AppData\Local\Programs\Python\Python39\lib\http\server.py", line 651, in __init__
    super().__init__(*args, **kwargs)
Traceback (most recent call last):
  File "C:\Users\simip\AppData\Local\Programs\Python\Python39\lib\socketserver.py", line 747, in __init__
    self.handle()
  File "C:\Users\simip\AppData\Local\Programs\Python\Python39\lib\socketserver.py", line 747, in __init__
    self.handle()
  File "C:\Users\simip\AppData\Local\Programs\Python\Python39\lib\socketserver.py", line 683, in process_request_thread
    self.finish_request(request, client_address)
  File "C:\Users\simip\AppData\Local\Programs\Python\Python39\lib\socketserver.py", line 360, in finish_request
    self.RequestHandlerClass(request, client_address, self)
  File "C:\Users\simip\AppData\Local\Programs\Python\Python39\lib\http\server.py", line 651, in __init__
    super().__init__(*args, **kwargs)
  File "C:\Users\simip\AppData\Local\Programs\Python\Python39\lib\socketserver.py", line 747, in __init__
    self.handle()
  File "C:\Users\simip\AppData\Local\Programs\Python\Python39\lib\http\server.py", line 427, in handle
    self.handle_one_request()
  File "C:\Users\simip\AppData\Local\Programs\Python\Python39\lib\http\server.py", line 427, in handle
    self.handle_one_request()
  File "C:\Users\simip\AppData\Local\Programs\Python\Python39\lib\http\server.py", line 651, in __init__
    super().__init__(*args, **kwargs)
  File "C:\Users\simip\AppData\Local\Programs\Python\Python39\lib\socketserver.py", line 747, in __init__
    self.handle()
  File "C:\Users\simip\AppData\Local\Programs\Python\Python39\lib\http\server.py", line 427, in handle
    self.handle_one_request()
  File "C:\Users\simip\AppData\Local\Programs\Python\Python39\lib\http\server.py", line 393, in handle_one_request
    self.raw_requestline = self.rfile.readline(65537)
  File "C:\Users\simip\AppData\Local\Programs\Python\Python39\lib\http\server.py", line 427, in handle
    self.handle_one_request()
  File "C:\Users\simip\AppData\Local\Programs\Python\Python39\lib\http\server.py", line 393, in handle_one_request
    self.raw_requestline = self.rfile.readline(65537)
  File "C:\Users\simip\AppData\Local\Programs\Python\Python39\lib\socket.py", line 704, in readinto
    return self._sock.recv_into(b)
  File "C:\Users\simip\AppData\Local\Programs\Python\Python39\lib\socket.py", line 704, in readinto
    return self._sock.recv_into(b)
  File "C:\Users\simip\AppData\Local\Programs\Python\Python39\lib\http\server.py", line 651, in __init__
    super().__init__(*args, **kwargs)
ConnectionResetError: [WinError 10054] An existing connection was forcibly closed by the remote host
  File "C:\Users\simip\AppData\Local\Programs\Python\Python39\lib\http\server.py", line 393, in handle_one_request
    self.raw_requestline = self.rfile.readline(65537)
  File "C:\Users\simip\AppData\Local\Programs\Python\Python39\lib\http\server.py", line 393, in handle_one_request
    self.raw_requestline = self.rfile.readline(65537)
  File "C:\Users\simip\AppData\Local\Programs\Python\Python39\lib\socket.py", line 704, in readinto
    return self._sock.recv_into(b)
ConnectionResetError: [WinError 10054] An existing connection was forcibly closed by the remote host
----------------------------------------
  File "C:\Users\simip\AppData\Local\Programs\Python\Python39\lib\socket.py", line 704, in readinto
    return self._sock.recv_into(b)
----------------------------------------
ConnectionResetError: [WinError 10054] An existing connection was forcibly closed by the remote host
ConnectionResetError: [WinError 10054] An existing connection was forcibly closed by the remote host
----------------------------------------
----------------------------------------
  File "C:\Users\simip\AppData\Local\Programs\Python\Python39\lib\socketserver.py", line 747, in __init__
    self.handle()
  File "C:\Users\simip\AppData\Local\Programs\Python\Python39\lib\http\server.py", line 427, in handle
    self.handle_one_request()
  File "C:\Users\simip\AppData\Local\Programs\Python\Python39\lib\http\server.py", line 393, in handle_one_request
    self.raw_requestline = self.rfile.readline(65537)
  File "C:\Users\simip\AppData\Local\Programs\Python\Python39\lib\socket.py", line 704, in readinto
    return self._sock.recv_into(b)
ConnectionResetError: [WinError 10054] An existing connection was forcibly closed by the remote host
----------------------------------------
----------------------------------------
Exception occurred during processing of request from ('127.0.0.1', 57826)
----------------------------------------
----------------------------------------
Exception occurred during processing of request from ('127.0.0.1', 50069)
----------------------------------------
Exception occurred during processing of request from ('127.0.0.1', 63272)
Traceback (most recent call last):
Exception occurred during processing of request from ('127.0.0.1', 52326)
----------------------------------------
----------------------------------------
Exception occurred during processing of request from ('127.0.0.1', 50398)
Exception occurred during processing of request from ('127.0.0.1', 51314)
  File "C:\Users\simip\AppData\Local\Programs\Python\Python39\lib\socketserver.py", line 683, in process_request_thread
    self.finish_request(request, client_address)
  File "C:\Users\simip\AppData\Local\Programs\Python\Python39\lib\socketserver.py", line 360, in finish_request
    self.RequestHandlerClass(request, client_address, self)
  File "C:\Users\simip\AppData\Local\Programs\Python\Python39\lib\http\server.py", line 651, in __init__
    super().__init__(*args, **kwargs)
  File "C:\Users\simip\AppData\Local\Programs\Python\Python39\lib\socketserver.py", line 747, in __init__
    self.handle()
  File "C:\Users\simip\AppData\Local\Programs\Python\Python39\lib\http\server.py", line 427, in handle
    self.handle_one_request()
  File "C:\Users\simip\AppData\Local\Programs\Python\Python39\lib\http\server.py", line 393, in handle_one_request
    self.raw_requestline = self.rfile.readline(65537)
  File "C:\Users\simip\AppData\Local\Programs\Python\Python39\lib\socket.py", line 704, in readinto
    return self._sock.recv_into(b)
ConnectionResetError: [WinError 10054] An existing connection was forcibly closed by the remote host
Traceback (most recent call last):
  File "C:\Users\simip\AppData\Local\Programs\Python\Python39\lib\socketserver.py", line 683, in process_request_thread
    self.finish_request(request, client_address)
  File "C:\Users\simip\AppData\Local\Programs\Python\Python39\lib\socketserver.py", line 360, in finish_request
    self.RequestHandlerClass(request, client_address, self)
----------------------------------------
  File "C:\Users\simip\AppData\Local\Programs\Python\Python39\lib\http\server.py", line 651, in __init__
    super().__init__(*args, **kwargs)
Traceback (most recent call last):
Traceback (most recent call last):
  File "C:\Users\simip\AppData\Local\Programs\Python\Python39\lib\socketserver.py", line 747, in __init__
    self.handle()
Traceback (most recent call last):
  File "C:\Users\simip\AppData\Local\Programs\Python\Python39\lib\socketserver.py", line 683, in process_request_thread
    self.finish_request(request, client_address)
  File "C:\Users\simip\AppData\Local\Programs\Python\Python39\lib\socketserver.py", line 360, in finish_request
    self.RequestHandlerClass(request, client_address, self)
  File "C:\Users\simip\AppData\Local\Programs\Python\Python39\lib\socketserver.py", line 683, in process_request_thread
    self.finish_request(request, client_address)
Traceback (most recent call last):
  File "C:\Users\simip\AppData\Local\Programs\Python\Python39\lib\socketserver.py", line 683, in process_request_thread
    self.finish_request(request, client_address)
  File "C:\Users\simip\AppData\Local\Programs\Python\Python39\lib\socketserver.py", line 360, in finish_request
    self.RequestHandlerClass(request, client_address, self)
  File "C:\Users\simip\AppData\Local\Programs\Python\Python39\lib\http\server.py", line 651, in __init__
    super().__init__(*args, **kwargs)
  File "C:\Users\simip\AppData\Local\Programs\Python\Python39\lib\http\server.py", line 427, in handle
    self.handle_one_request()
  File "C:\Users\simip\AppData\Local\Programs\Python\Python39\lib\socketserver.py", line 683, in process_request_thread
    self.finish_request(request, client_address)
  File "C:\Users\simip\AppData\Local\Programs\Python\Python39\lib\socketserver.py", line 747, in __init__
    self.handle()
  File "C:\Users\simip\AppData\Local\Programs\Python\Python39\lib\http\server.py", line 393, in handle_one_request
    self.raw_requestline = self.rfile.readline(65537)
  File "C:\Users\simip\AppData\Local\Programs\Python\Python39\lib\socketserver.py", line 360, in finish_request
    self.RequestHandlerClass(request, client_address, self)
  File "C:\Users\simip\AppData\Local\Programs\Python\Python39\lib\http\server.py", line 651, in __init__
    super().__init__(*args, **kwargs)
  File "C:\Users\simip\AppData\Local\Programs\Python\Python39\lib\socketserver.py", line 747, in __init__
    self.handle()
  File "C:\Users\simip\AppData\Local\Programs\Python\Python39\lib\socket.py", line 704, in readinto
    return self._sock.recv_into(b)
  File "C:\Users\simip\AppData\Local\Programs\Python\Python39\lib\socketserver.py", line 360, in finish_request
    self.RequestHandlerClass(request, client_address, self)
  File "C:\Users\simip\AppData\Local\Programs\Python\Python39\lib\http\server.py", line 651, in __init__
    super().__init__(*args, **kwargs)
  File "C:\Users\simip\AppData\Local\Programs\Python\Python39\lib\http\server.py", line 651, in __init__
    super().__init__(*args, **kwargs)
  File "C:\Users\simip\AppData\Local\Programs\Python\Python39\lib\http\server.py", line 427, in handle
    self.handle_one_request()
  File "C:\Users\simip\AppData\Local\Programs\Python\Python39\lib\http\server.py", line 427, in handle
    self.handle_one_request()
  File "C:\Users\simip\AppData\Local\Programs\Python\Python39\lib\socketserver.py", line 747, in __init__
    self.handle()
  File "C:\Users\simip\AppData\Local\Programs\Python\Python39\lib\socketserver.py", line 747, in __init__
    self.handle()
ConnectionResetError: [WinError 10054] An existing connection was forcibly closed by the remote host
  File "C:\Users\simip\AppData\Local\Programs\Python\Python39\lib\http\server.py", line 393, in handle_one_request
    self.raw_requestline = self.rfile.readline(65537)
  File "C:\Users\simip\AppData\Local\Programs\Python\Python39\lib\socket.py", line 704, in readinto
    return self._sock.recv_into(b)
----------------------------------------
  File "C:\Users\simip\AppData\Local\Programs\Python\Python39\lib\http\server.py", line 427, in handle
    self.handle_one_request()
ConnectionResetError: [WinError 10054] An existing connection was forcibly closed by the remote host
  File "C:\Users\simip\AppData\Local\Programs\Python\Python39\lib\http\server.py", line 427, in handle
    self.handle_one_request()
  File "C:\Users\simip\AppData\Local\Programs\Python\Python39\lib\http\server.py", line 393, in handle_one_request
    self.raw_requestline = self.rfile.readline(65537)
  File "C:\Users\simip\AppData\Local\Programs\Python\Python39\lib\http\server.py", line 393, in handle_one_request
    self.raw_requestline = self.rfile.readline(65537)
  File "C:\Users\simip\AppData\Local\Programs\Python\Python39\lib\socket.py", line 704, in readinto
    return self._sock.recv_into(b)
----------------------------------------
  File "C:\Users\simip\AppData\Local\Programs\Python\Python39\lib\socket.py", line 704, in readinto
    return self._sock.recv_into(b)
ConnectionResetError: [WinError 10054] An existing connection was forcibly closed by the remote host
ConnectionResetError: [WinError 10054] An existing connection was forcibly closed by the remote host
----------------------------------------
----------------------------------------
  File "C:\Users\simip\AppData\Local\Programs\Python\Python39\lib\http\server.py", line 393, in handle_one_request
    self.raw_requestline = self.rfile.readline(65537)
  File "C:\Users\simip\AppData\Local\Programs\Python\Python39\lib\socket.py", line 704, in readinto
    return self._sock.recv_into(b)
ConnectionResetError: [WinError 10054] An existing connection was forcibly closed by the remote host
----------------------------------------
----------------------------------------
----------------------------------------
Exception occurred during processing of request from ('127.0.0.1', 63657)
Exception occurred during processing of request from ('127.0.0.1', 54836)
----------------------------------------
Exception occurred during processing of request from ('127.0.0.1', 61131)
----------------------------------------
Exception occurred during processing of request from ('127.0.0.1', 58491)
----------------------------------------
Exception occurred during processing of request from ('127.0.0.1', 59092)
Traceback (most recent call last):
Traceback (most recent call last):
Traceback (most recent call last):
Traceback (most recent call last):
----------------------------------------
Traceback (most recent call last):
  File "C:\Users\simip\AppData\Local\Programs\Python\Python39\lib\socketserver.py", line 683, in process_request_thread
    self.finish_request(request, client_address)
  File "C:\Users\simip\AppData\Local\Programs\Python\Python39\lib\socketserver.py", line 683, in process_request_thread
    self.finish_request(request, client_address)
  File "C:\Users\simip\AppData\Local\Programs\Python\Python39\lib\socketserver.py", line 683, in process_request_thread
    self.finish_request(request, client_address)
  File "C:\Users\simip\AppData\Local\Programs\Python\Python39\lib\socketserver.py", line 683, in process_request_thread
    self.finish_request(request, client_address)
  File "C:\Users\simip\AppData\Local\Programs\Python\Python39\lib\socketserver.py", line 360, in finish_request
    self.RequestHandlerClass(request, client_address, self)
  File "C:\Users\simip\AppData\Local\Programs\Python\Python39\lib\socketserver.py", line 360, in finish_request
    self.RequestHandlerClass(request, client_address, self)
  File "C:\Users\simip\AppData\Local\Programs\Python\Python39\lib\http\server.py", line 651, in __init__
    super().__init__(*args, **kwargs)
  File "C:\Users\simip\AppData\Local\Programs\Python\Python39\lib\socketserver.py", line 360, in finish_request
    self.RequestHandlerClass(request, client_address, self)
  File "C:\Users\simip\AppData\Local\Programs\Python\Python39\lib\http\server.py", line 651, in __init__
    super().__init__(*args, **kwargs)
  File "C:\Users\simip\AppData\Local\Programs\Python\Python39\lib\socketserver.py", line 747, in __init__
    self.handle()
Exception occurred during processing of request from ('127.0.0.1', 54325)
  File "C:\Users\simip\AppData\Local\Programs\Python\Python39\lib\socketserver.py", line 683, in process_request_thread
    self.finish_request(request, client_address)
  File "C:\Users\simip\AppData\Local\Programs\Python\Python39\lib\socketserver.py", line 747, in __init__
    self.handle()
  File "C:\Users\simip\AppData\Local\Programs\Python\Python39\lib\socketserver.py", line 360, in finish_request
    self.RequestHandlerClass(request, client_address, self)
  File "C:\Users\simip\AppData\Local\Programs\Python\Python39\lib\http\server.py", line 651, in __init__
    super().__init__(*args, **kwargs)
  File "C:\Users\simip\AppData\Local\Programs\Python\Python39\lib\http\server.py", line 427, in handle
    self.handle_one_request()
  File "C:\Users\simip\AppData\Local\Programs\Python\Python39\lib\http\server.py", line 651, in __init__
    super().__init__(*args, **kwargs)
  File "C:\Users\simip\AppData\Local\Programs\Python\Python39\lib\socketserver.py", line 747, in __init__
    self.handle()
  File "C:\Users\simip\AppData\Local\Programs\Python\Python39\lib\http\server.py", line 393, in handle_one_request
    self.raw_requestline = self.rfile.readline(65537)
  File "C:\Users\simip\AppData\Local\Programs\Python\Python39\lib\socketserver.py", line 747, in __init__
    self.handle()
  File "C:\Users\simip\AppData\Local\Programs\Python\Python39\lib\http\server.py", line 427, in handle
    self.handle_one_request()
  File "C:\Users\simip\AppData\Local\Programs\Python\Python39\lib\socket.py", line 704, in readinto
    return self._sock.recv_into(b)
  File "C:\Users\simip\AppData\Local\Programs\Python\Python39\lib\http\server.py", line 427, in handle
    self.handle_one_request()
  File "C:\Users\simip\AppData\Local\Programs\Python\Python39\lib\http\server.py", line 393, in handle_one_request
    self.raw_requestline = self.rfile.readline(65537)
ConnectionResetError: [WinError 10054] An existing connection was forcibly closed by the remote host
  File "C:\Users\simip\AppData\Local\Programs\Python\Python39\lib\http\server.py", line 393, in handle_one_request
    self.raw_requestline = self.rfile.readline(65537)
  File "C:\Users\simip\AppData\Local\Programs\Python\Python39\lib\socket.py", line 704, in readinto
    return self._sock.recv_into(b)
----------------------------------------
  File "C:\Users\simip\AppData\Local\Programs\Python\Python39\lib\socket.py", line 704, in readinto
    return self._sock.recv_into(b)
ConnectionResetError: [WinError 10054] An existing connection was forcibly closed by the remote host
Traceback (most recent call last):
ConnectionResetError: [WinError 10054] An existing connection was forcibly closed by the remote host
----------------------------------------
  File "C:\Users\simip\AppData\Local\Programs\Python\Python39\lib\socketserver.py", line 683, in process_request_thread
    self.finish_request(request, client_address)
----------------------------------------
  File "C:\Users\simip\AppData\Local\Programs\Python\Python39\lib\socketserver.py", line 360, in finish_request
    self.RequestHandlerClass(request, client_address, self)
  File "C:\Users\simip\AppData\Local\Programs\Python\Python39\lib\http\server.py", line 427, in handle
    self.handle_one_request()
  File "C:\Users\simip\AppData\Local\Programs\Python\Python39\lib\http\server.py", line 393, in handle_one_request
    self.raw_requestline = self.rfile.readline(65537)
  File "C:\Users\simip\AppData\Local\Programs\Python\Python39\lib\socket.py", line 704, in readinto
    return self._sock.recv_into(b)
  File "C:\Users\simip\AppData\Local\Programs\Python\Python39\lib\socketserver.py", line 360, in finish_request
    self.RequestHandlerClass(request, client_address, self)
  File "C:\Users\simip\AppData\Local\Programs\Python\Python39\lib\http\server.py", line 651, in __init__
    super().__init__(*args, **kwargs)
  File "C:\Users\simip\AppData\Local\Programs\Python\Python39\lib\http\server.py", line 651, in __init__
    super().__init__(*args, **kwargs)
  File "C:\Users\simip\AppData\Local\Programs\Python\Python39\lib\socketserver.py", line 747, in __init__
    self.handle()
  File "C:\Users\simip\AppData\Local\Programs\Python\Python39\lib\socketserver.py", line 747, in __init__
    self.handle()
  File "C:\Users\simip\AppData\Local\Programs\Python\Python39\lib\http\server.py", line 427, in handle
    self.handle_one_request()
ConnectionResetError: [WinError 10054] An existing connection was forcibly closed by the remote host
  File "C:\Users\simip\AppData\Local\Programs\Python\Python39\lib\http\server.py", line 393, in handle_one_request
    self.raw_requestline = self.rfile.readline(65537)
  File "C:\Users\simip\AppData\Local\Programs\Python\Python39\lib\socket.py", line 704, in readinto
    return self._sock.recv_into(b)
----------------------------------------
  File "C:\Users\simip\AppData\Local\Programs\Python\Python39\lib\http\server.py", line 427, in handle
    self.handle_one_request()
  File "C:\Users\simip\AppData\Local\Programs\Python\Python39\lib\http\server.py", line 393, in handle_one_request
    self.raw_requestline = self.rfile.readline(65537)
  File "C:\Users\simip\AppData\Local\Programs\Python\Python39\lib\socket.py", line 704, in readinto
    return self._sock.recv_into(b)
ConnectionResetError: [WinError 10054] An existing connection was forcibly closed by the remote host
ConnectionResetError: [WinError 10054] An existing connection was forcibly closed by the remote host
----------------------------------------
----------------------------------------
----------------------------------------
----------------------------------------
Exception occurred during processing of request from ('127.0.0.1', 57681)
----------------------------------------
----------------------------------------
Exception occurred during processing of request from ('127.0.0.1', 56543)
Exception occurred during processing of request from ('127.0.0.1', 50158)
Exception occurred during processing of request from ('127.0.0.1', 64069)
----------------------------------------
----------------------------------------
Exception occurred during processing of request from ('127.0.0.1', 62619)
Exception occurred during processing of request from ('127.0.0.1', 62014)
Traceback (most recent call last):
Traceback (most recent call last):
  File "C:\Users\simip\AppData\Local\Programs\Python\Python39\lib\socketserver.py", line 683, in process_request_thread
    self.finish_request(request, client_address)
Traceback (most recent call last):
Traceback (most recent call last):
  File "C:\Users\simip\AppData\Local\Programs\Python\Python39\lib\socketserver.py", line 360, in finish_request
    self.RequestHandlerClass(request, client_address, self)
  File "C:\Users\simip\AppData\Local\Programs\Python\Python39\lib\socketserver.py", line 683, in process_request_thread
    self.finish_request(request, client_address)
  File "C:\Users\simip\AppData\Local\Programs\Python\Python39\lib\socketserver.py", line 683, in process_request_thread
    self.finish_request(request, client_address)
  File "C:\Users\simip\AppData\Local\Programs\Python\Python39\lib\socketserver.py", line 360, in finish_request
    self.RequestHandlerClass(request, client_address, self)
Traceback (most recent call last):
  File "C:\Users\simip\AppData\Local\Programs\Python\Python39\lib\socketserver.py", line 360, in finish_request
    self.RequestHandlerClass(request, client_address, self)
  File "C:\Users\simip\AppData\Local\Programs\Python\Python39\lib\http\server.py", line 651, in __init__
    super().__init__(*args, **kwargs)
Traceback (most recent call last):
  File "C:\Users\simip\AppData\Local\Programs\Python\Python39\lib\http\server.py", line 651, in __init__
    super().__init__(*args, **kwargs)
  File "C:\Users\simip\AppData\Local\Programs\Python\Python39\lib\socketserver.py", line 683, in process_request_thread
    self.finish_request(request, client_address)
  File "C:\Users\simip\AppData\Local\Programs\Python\Python39\lib\socketserver.py", line 360, in finish_request
    self.RequestHandlerClass(request, client_address, self)
  File "C:\Users\simip\AppData\Local\Programs\Python\Python39\lib\http\server.py", line 651, in __init__
    super().__init__(*args, **kwargs)
  File "C:\Users\simip\AppData\Local\Programs\Python\Python39\lib\socketserver.py", line 747, in __init__
    self.handle()
  File "C:\Users\simip\AppData\Local\Programs\Python\Python39\lib\http\server.py", line 427, in handle
    self.handle_one_request()
  File "C:\Users\simip\AppData\Local\Programs\Python\Python39\lib\socketserver.py", line 683, in process_request_thread
    self.finish_request(request, client_address)
  File "C:\Users\simip\AppData\Local\Programs\Python\Python39\lib\socketserver.py", line 683, in process_request_thread
    self.finish_request(request, client_address)
  File "C:\Users\simip\AppData\Local\Programs\Python\Python39\lib\http\server.py", line 651, in __init__
    super().__init__(*args, **kwargs)
  File "C:\Users\simip\AppData\Local\Programs\Python\Python39\lib\socketserver.py", line 747, in __init__
    self.handle()
  File "C:\Users\simip\AppData\Local\Programs\Python\Python39\lib\socketserver.py", line 747, in __init__
    self.handle()
  File "C:\Users\simip\AppData\Local\Programs\Python\Python39\lib\http\server.py", line 393, in handle_one_request
    self.raw_requestline = self.rfile.readline(65537)
  File "C:\Users\simip\AppData\Local\Programs\Python\Python39\lib\socketserver.py", line 747, in __init__
    self.handle()
  File "C:\Users\simip\AppData\Local\Programs\Python\Python39\lib\socketserver.py", line 360, in finish_request
    self.RequestHandlerClass(request, client_address, self)
  File "C:\Users\simip\AppData\Local\Programs\Python\Python39\lib\http\server.py", line 651, in __init__
    super().__init__(*args, **kwargs)
  File "C:\Users\simip\AppData\Local\Programs\Python\Python39\lib\http\server.py", line 427, in handle
    self.handle_one_request()
  File "C:\Users\simip\AppData\Local\Programs\Python\Python39\lib\http\server.py", line 427, in handle
    self.handle_one_request()
  File "C:\Users\simip\AppData\Local\Programs\Python\Python39\lib\socketserver.py", line 360, in finish_request
    self.RequestHandlerClass(request, client_address, self)
  File "C:\Users\simip\AppData\Local\Programs\Python\Python39\lib\socket.py", line 704, in readinto
    return self._sock.recv_into(b)
  File "C:\Users\simip\AppData\Local\Programs\Python\Python39\lib\http\server.py", line 651, in __init__
    super().__init__(*args, **kwargs)
ConnectionResetError: [WinError 10054] An existing connection was forcibly closed by the remote host
  File "C:\Users\simip\AppData\Local\Programs\Python\Python39\lib\socketserver.py", line 747, in __init__
    self.handle()
  File "C:\Users\simip\AppData\Local\Programs\Python\Python39\lib\http\server.py", line 393, in handle_one_request
    self.raw_requestline = self.rfile.readline(65537)
  File "C:\Users\simip\AppData\Local\Programs\Python\Python39\lib\socket.py", line 704, in readinto
    return self._sock.recv_into(b)
ConnectionResetError: [WinError 10054] An existing connection was forcibly closed by the remote host
  File "C:\Users\simip\AppData\Local\Programs\Python\Python39\lib\socketserver.py", line 747, in __init__
    self.handle()
----------------------------------------
  File "C:\Users\simip\AppData\Local\Programs\Python\Python39\lib\http\server.py", line 427, in handle
    self.handle_one_request()
  File "C:\Users\simip\AppData\Local\Programs\Python\Python39\lib\http\server.py", line 393, in handle_one_request
    self.raw_requestline = self.rfile.readline(65537)
  File "C:\Users\simip\AppData\Local\Programs\Python\Python39\lib\http\server.py", line 427, in handle
    self.handle_one_request()
  File "C:\Users\simip\AppData\Local\Programs\Python\Python39\lib\http\server.py", line 393, in handle_one_request
    self.raw_requestline = self.rfile.readline(65537)
  File "C:\Users\simip\AppData\Local\Programs\Python\Python39\lib\socket.py", line 704, in readinto
    return self._sock.recv_into(b)
----------------------------------------
  File "C:\Users\simip\AppData\Local\Programs\Python\Python39\lib\socket.py", line 704, in readinto
    return self._sock.recv_into(b)
ConnectionResetError: [WinError 10054] An existing connection was forcibly closed by the remote host
  File "C:\Users\simip\AppData\Local\Programs\Python\Python39\lib\http\server.py", line 393, in handle_one_request
    self.raw_requestline = self.rfile.readline(65537)
  File "C:\Users\simip\AppData\Local\Programs\Python\Python39\lib\http\server.py", line 427, in handle
    self.handle_one_request()
  File "C:\Users\simip\AppData\Local\Programs\Python\Python39\lib\http\server.py", line 393, in handle_one_request
    self.raw_requestline = self.rfile.readline(65537)
  File "C:\Users\simip\AppData\Local\Programs\Python\Python39\lib\socket.py", line 704, in readinto
    return self._sock.recv_into(b)
  File "C:\Users\simip\AppData\Local\Programs\Python\Python39\lib\socket.py", line 704, in readinto
    return self._sock.recv_into(b)
ConnectionResetError: [WinError 10054] An existing connection was forcibly closed by the remote host
----------------------------------------
ConnectionResetError: [WinError 10054] An existing connection was forcibly closed by the remote host
ConnectionResetError: [WinError 10054] An existing connection was forcibly closed by the remote host
----------------------------------------
----------------------------------------
----------------------------------------
----------------------------------------
Exception occurred during processing of request from ('127.0.0.1', 56947)
Traceback (most recent call last):
  File "C:\Users\simip\AppData\Local\Programs\Python\Python39\lib\socketserver.py", line 683, in process_request_thread
    self.finish_request(request, client_address)
  File "C:\Users\simip\AppData\Local\Programs\Python\Python39\lib\socketserver.py", line 360, in finish_request
    self.RequestHandlerClass(request, client_address, self)
  File "C:\Users\simip\AppData\Local\Programs\Python\Python39\lib\http\server.py", line 651, in __init__
    super().__init__(*args, **kwargs)
  File "C:\Users\simip\AppData\Local\Programs\Python\Python39\lib\socketserver.py", line 747, in __init__
    self.handle()
  File "C:\Users\simip\AppData\Local\Programs\Python\Python39\lib\http\server.py", line 427, in handle
    self.handle_one_request()
  File "C:\Users\simip\AppData\Local\Programs\Python\Python39\lib\http\server.py", line 413, in handle_one_request
    method()
  File "C:\Users\simip\AppData\Local\Temp\claude\wt-n11\scripts\serve.py", line 56, in do_GET
    return super().do_GET()
  File "C:\Users\simip\AppData\Local\Programs\Python\Python39\lib\http\server.py", line 658, in do_GET
    self.copyfile(f, self.wfile)
  File "C:\Users\simip\AppData\Local\Programs\Python\Python39\lib\http\server.py", line 858, in copyfile
    shutil.copyfileobj(source, outputfile)
  File "C:\Users\simip\AppData\Local\Programs\Python\Python39\lib\shutil.py", line 208, in copyfileobj
    fdst_write(buf)
  File "C:\Users\simip\AppData\Local\Programs\Python\Python39\lib\socketserver.py", line 826, in write
    self._sock.sendall(b)
ConnectionResetError: [WinError 10054] An existing connection was forcibly closed by the remote host
----------------------------------------
----------------------------------------
Exception occurred during processing of request from ('127.0.0.1', 60666)
----------------------------------------
Exception occurred during processing of request from ('127.0.0.1', 65336)
----------------------------------------
Exception occurred during processing of request from ('127.0.0.1', 56099)
----------------------------------------
----------------------------------------
Exception occurred during processing of request from ('127.0.0.1', 50429)
Exception occurred during processing of request from ('127.0.0.1', 50383)
----------------------------------------
Traceback (most recent call last):
Exception occurred during processing of request from ('127.0.0.1', 60751)
  File "C:\Users\simip\AppData\Local\Programs\Python\Python39\lib\socketserver.py", line 683, in process_request_thread
    self.finish_request(request, client_address)
  File "C:\Users\simip\AppData\Local\Programs\Python\Python39\lib\socketserver.py", line 360, in finish_request
    self.RequestHandlerClass(request, client_address, self)
  File "C:\Users\simip\AppData\Local\Programs\Python\Python39\lib\http\server.py", line 651, in __init__
    super().__init__(*args, **kwargs)
  File "C:\Users\simip\AppData\Local\Programs\Python\Python39\lib\socketserver.py", line 747, in __init__
    self.handle()
  File "C:\Users\simip\AppData\Local\Programs\Python\Python39\lib\http\server.py", line 427, in handle
    self.handle_one_request()
  File "C:\Users\simip\AppData\Local\Programs\Python\Python39\lib\http\server.py", line 393, in handle_one_request
    self.raw_requestline = self.rfile.readline(65537)
Traceback (most recent call last):
  File "C:\Users\simip\AppData\Local\Programs\Python\Python39\lib\socket.py", line 704, in readinto
    return self._sock.recv_into(b)
  File "C:\Users\simip\AppData\Local\Programs\Python\Python39\lib\socketserver.py", line 683, in process_request_thread
    self.finish_request(request, client_address)
ConnectionResetError: [WinError 10054] An existing connection was forcibly closed by the remote host
  File "C:\Users\simip\AppData\Local\Programs\Python\Python39\lib\socketserver.py", line 360, in finish_request
    self.RequestHandlerClass(request, client_address, self)
----------------------------------------
  File "C:\Users\simip\AppData\Local\Programs\Python\Python39\lib\http\server.py", line 651, in __init__
    super().__init__(*args, **kwargs)
  File "C:\Users\simip\AppData\Local\Programs\Python\Python39\lib\socketserver.py", line 747, in __init__
    self.handle()
  File "C:\Users\simip\AppData\Local\Programs\Python\Python39\lib\http\server.py", line 427, in handle
    self.handle_one_request()
Traceback (most recent call last):
Traceback (most recent call last):
Traceback (most recent call last):
  File "C:\Users\simip\AppData\Local\Programs\Python\Python39\lib\http\server.py", line 393, in handle_one_request
    self.raw_requestline = self.rfile.readline(65537)
  File "C:\Users\simip\AppData\Local\Programs\Python\Python39\lib\socketserver.py", line 683, in process_request_thread
    self.finish_request(request, client_address)
  File "C:\Users\simip\AppData\Local\Programs\Python\Python39\lib\socketserver.py", line 683, in process_request_thread
    self.finish_request(request, client_address)
  File "C:\Users\simip\AppData\Local\Programs\Python\Python39\lib\socket.py", line 704, in readinto
    return self._sock.recv_into(b)
  File "C:\Users\simip\AppData\Local\Programs\Python\Python39\lib\socketserver.py", line 360, in finish_request
    self.RequestHandlerClass(request, client_address, self)
  File "C:\Users\simip\AppData\Local\Programs\Python\Python39\lib\socketserver.py", line 360, in finish_request
    self.RequestHandlerClass(request, client_address, self)
ConnectionResetError: [WinError 10054] An existing connection was forcibly closed by the remote host
  File "C:\Users\simip\AppData\Local\Programs\Python\Python39\lib\http\server.py", line 651, in __init__
    super().__init__(*args, **kwargs)
  File "C:\Users\simip\AppData\Local\Programs\Python\Python39\lib\http\server.py", line 651, in __init__
    super().__init__(*args, **kwargs)
----------------------------------------
  File "C:\Users\simip\AppData\Local\Programs\Python\Python39\lib\socketserver.py", line 747, in __init__
    self.handle()
  File "C:\Users\simip\AppData\Local\Programs\Python\Python39\lib\socketserver.py", line 747, in __init__
    self.handle()
  File "C:\Users\simip\AppData\Local\Programs\Python\Python39\lib\socketserver.py", line 683, in process_request_thread
    self.finish_request(request, client_address)
Traceback (most recent call last):
  File "C:\Users\simip\AppData\Local\Programs\Python\Python39\lib\http\server.py", line 427, in handle
    self.handle_one_request()
  File "C:\Users\simip\AppData\Local\Programs\Python\Python39\lib\socketserver.py", line 360, in finish_request
    self.RequestHandlerClass(request, client_address, self)
  File "C:\Users\simip\AppData\Local\Programs\Python\Python39\lib\http\server.py", line 427, in handle
    self.handle_one_request()
  File "C:\Users\simip\AppData\Local\Programs\Python\Python39\lib\http\server.py", line 393, in handle_one_request
    self.raw_requestline = self.rfile.readline(65537)
  File "C:\Users\simip\AppData\Local\Programs\Python\Python39\lib\http\server.py", line 651, in __init__
    super().__init__(*args, **kwargs)
  File "C:\Users\simip\AppData\Local\Programs\Python\Python39\lib\http\server.py", line 393, in handle_one_request
    self.raw_requestline = self.rfile.readline(65537)
  File "C:\Users\simip\AppData\Local\Programs\Python\Python39\lib\socketserver.py", line 683, in process_request_thread
    self.finish_request(request, client_address)
  File "C:\Users\simip\AppData\Local\Programs\Python\Python39\lib\socket.py", line 704, in readinto
    return self._sock.recv_into(b)
  File "C:\Users\simip\AppData\Local\Programs\Python\Python39\lib\socketserver.py", line 747, in __init__
    self.handle()
  File "C:\Users\simip\AppData\Local\Programs\Python\Python39\lib\socket.py", line 704, in readinto
    return self._sock.recv_into(b)
  File "C:\Users\simip\AppData\Local\Programs\Python\Python39\lib\socketserver.py", line 360, in finish_request
    self.RequestHandlerClass(request, client_address, self)
ConnectionResetError: [WinError 10054] An existing connection was forcibly closed by the remote host
  File "C:\Users\simip\AppData\Local\Programs\Python\Python39\lib\http\server.py", line 427, in handle
    self.handle_one_request()
ConnectionResetError: [WinError 10054] An existing connection was forcibly closed by the remote host
  File "C:\Users\simip\AppData\Local\Programs\Python\Python39\lib\http\server.py", line 651, in __init__
    super().__init__(*args, **kwargs)
----------------------------------------
  File "C:\Users\simip\AppData\Local\Programs\Python\Python39\lib\http\server.py", line 393, in handle_one_request
    self.raw_requestline = self.rfile.readline(65537)
----------------------------------------
  File "C:\Users\simip\AppData\Local\Programs\Python\Python39\lib\socket.py", line 704, in readinto
    return self._sock.recv_into(b)
  File "C:\Users\simip\AppData\Local\Programs\Python\Python39\lib\socketserver.py", line 747, in __init__
    self.handle()
ConnectionResetError: [WinError 10054] An existing connection was forcibly closed by the remote host
  File "C:\Users\simip\AppData\Local\Programs\Python\Python39\lib\http\server.py", line 427, in handle
    self.handle_one_request()
----------------------------------------
  File "C:\Users\simip\AppData\Local\Programs\Python\Python39\lib\http\server.py", line 393, in handle_one_request
    self.raw_requestline = self.rfile.readline(65537)
  File "C:\Users\simip\AppData\Local\Programs\Python\Python39\lib\socket.py", line 704, in readinto
    return self._sock.recv_into(b)
ConnectionResetError: [WinError 10054] An existing connection was forcibly closed by the remote host
----------------------------------------
----------------------------------------
Exception occurred during processing of request from ('127.0.0.1', 63046)
Traceback (most recent call last):
  File "C:\Users\simip\AppData\Local\Programs\Python\Python39\lib\socketserver.py", line 683, in process_request_thread
    self.finish_request(request, client_address)
  File "C:\Users\simip\AppData\Local\Programs\Python\Python39\lib\socketserver.py", line 360, in finish_request
    self.RequestHandlerClass(request, client_address, self)
  File "C:\Users\simip\AppData\Local\Programs\Python\Python39\lib\http\server.py", line 651, in __init__
    super().__init__(*args, **kwargs)
  File "C:\Users\simip\AppData\Local\Programs\Python\Python39\lib\socketserver.py", line 747, in __init__
    self.handle()
  File "C:\Users\simip\AppData\Local\Programs\Python\Python39\lib\http\server.py", line 427, in handle
    self.handle_one_request()
  File "C:\Users\simip\AppData\Local\Programs\Python\Python39\lib\http\server.py", line 393, in handle_one_request
    self.raw_requestline = self.rfile.readline(65537)
  File "C:\Users\simip\AppData\Local\Programs\Python\Python39\lib\socket.py", line 704, in readinto
    return self._sock.recv_into(b)
ConnectionResetError: [WinError 10054] An existing connection was forcibly closed by the remote host
----------------------------------------
----------------------------------------
----------------------------------------
Exception occurred during processing of request from ('127.0.0.1', 60166)
Exception occurred during processing of request from ('127.0.0.1', 54916)
----------------------------------------
----------------------------------------
Exception occurred during processing of request from ('127.0.0.1', 51971)
Exception occurred during processing of request from ('127.0.0.1', 55065)
----------------------------------------
Exception occurred during processing of request from ('127.0.0.1', 49775)
Traceback (most recent call last):
  File "C:\Users\simip\AppData\Local\Programs\Python\Python39\lib\socketserver.py", line 683, in process_request_thread
    self.finish_request(request, client_address)
Traceback (most recent call last):
  File "C:\Users\simip\AppData\Local\Programs\Python\Python39\lib\socketserver.py", line 360, in finish_request
    self.RequestHandlerClass(request, client_address, self)
  File "C:\Users\simip\AppData\Local\Programs\Python\Python39\lib\socketserver.py", line 683, in process_request_thread
    self.finish_request(request, client_address)
  File "C:\Users\simip\AppData\Local\Programs\Python\Python39\lib\http\server.py", line 651, in __init__
    super().__init__(*args, **kwargs)
  File "C:\Users\simip\AppData\Local\Programs\Python\Python39\lib\socketserver.py", line 360, in finish_request
    self.RequestHandlerClass(request, client_address, self)
  File "C:\Users\simip\AppData\Local\Programs\Python\Python39\lib\socketserver.py", line 747, in __init__
    self.handle()
  File "C:\Users\simip\AppData\Local\Programs\Python\Python39\lib\http\server.py", line 651, in __init__
    super().__init__(*args, **kwargs)
  File "C:\Users\simip\AppData\Local\Programs\Python\Python39\lib\socketserver.py", line 747, in __init__
    self.handle()
Traceback (most recent call last):
  File "C:\Users\simip\AppData\Local\Programs\Python\Python39\lib\http\server.py", line 427, in handle
    self.handle_one_request()
  File "C:\Users\simip\AppData\Local\Programs\Python\Python39\lib\http\server.py", line 427, in handle
    self.handle_one_request()
  File "C:\Users\simip\AppData\Local\Programs\Python\Python39\lib\http\server.py", line 393, in handle_one_request
    self.raw_requestline = self.rfile.readline(65537)
  File "C:\Users\simip\AppData\Local\Programs\Python\Python39\lib\socketserver.py", line 683, in process_request_thread
    self.finish_request(request, client_address)
Traceback (most recent call last):
  File "C:\Users\simip\AppData\Local\Programs\Python\Python39\lib\http\server.py", line 393, in handle_one_request
    self.raw_requestline = self.rfile.readline(65537)
  File "C:\Users\simip\AppData\Local\Programs\Python\Python39\lib\socketserver.py", line 683, in process_request_thread
    self.finish_request(request, client_address)
  File "C:\Users\simip\AppData\Local\Programs\Python\Python39\lib\socketserver.py", line 360, in finish_request
    self.RequestHandlerClass(request, client_address, self)
  File "C:\Users\simip\AppData\Local\Programs\Python\Python39\lib\socket.py", line 704, in readinto
    return self._sock.recv_into(b)
  File "C:\Users\simip\AppData\Local\Programs\Python\Python39\lib\socketserver.py", line 360, in finish_request
    self.RequestHandlerClass(request, client_address, self)
  File "C:\Users\simip\AppData\Local\Programs\Python\Python39\lib\http\server.py", line 651, in __init__
    super().__init__(*args, **kwargs)
ConnectionResetError: [WinError 10054] An existing connection was forcibly closed by the remote host
  File "C:\Users\simip\AppData\Local\Programs\Python\Python39\lib\http\server.py", line 651, in __init__
    super().__init__(*args, **kwargs)
  File "C:\Users\simip\AppData\Local\Programs\Python\Python39\lib\socket.py", line 704, in readinto
    return self._sock.recv_into(b)
----------------------------------------
  File "C:\Users\simip\AppData\Local\Programs\Python\Python39\lib\socketserver.py", line 747, in __init__
    self.handle()
  File "C:\Users\simip\AppData\Local\Programs\Python\Python39\lib\http\server.py", line 427, in handle
    self.handle_one_request()
ConnectionResetError: [WinError 10054] An existing connection was forcibly closed by the remote host
  File "C:\Users\simip\AppData\Local\Programs\Python\Python39\lib\socketserver.py", line 747, in __init__
    self.handle()
Traceback (most recent call last):
  File "C:\Users\simip\AppData\Local\Programs\Python\Python39\lib\http\server.py", line 427, in handle
    self.handle_one_request()
  File "C:\Users\simip\AppData\Local\Programs\Python\Python39\lib\socketserver.py", line 683, in process_request_thread
    self.finish_request(request, client_address)
  File "C:\Users\simip\AppData\Local\Programs\Python\Python39\lib\http\server.py", line 393, in handle_one_request
    self.raw_requestline = self.rfile.readline(65537)
----------------------------------------
  File "C:\Users\simip\AppData\Local\Programs\Python\Python39\lib\http\server.py", line 393, in handle_one_request
    self.raw_requestline = self.rfile.readline(65537)
  File "C:\Users\simip\AppData\Local\Programs\Python\Python39\lib\socketserver.py", line 360, in finish_request
    self.RequestHandlerClass(request, client_address, self)
  File "C:\Users\simip\AppData\Local\Programs\Python\Python39\lib\socket.py", line 704, in readinto
    return self._sock.recv_into(b)
  File "C:\Users\simip\AppData\Local\Programs\Python\Python39\lib\http\server.py", line 651, in __init__
    super().__init__(*args, **kwargs)
  File "C:\Users\simip\AppData\Local\Programs\Python\Python39\lib\socketserver.py", line 747, in __init__
    self.handle()
ConnectionResetError: [WinError 10054] An existing connection was forcibly closed by the remote host
  File "C:\Users\simip\AppData\Local\Programs\Python\Python39\lib\socket.py", line 704, in readinto
    return self._sock.recv_into(b)
  File "C:\Users\simip\AppData\Local\Programs\Python\Python39\lib\http\server.py", line 427, in handle
    self.handle_one_request()
ConnectionResetError: [WinError 10054] An existing connection was forcibly closed by the remote host
  File "C:\Users\simip\AppData\Local\Programs\Python\Python39\lib\http\server.py", line 393, in handle_one_request
    self.raw_requestline = self.rfile.readline(65537)
----------------------------------------
  File "C:\Users\simip\AppData\Local\Programs\Python\Python39\lib\socket.py", line 704, in readinto
    return self._sock.recv_into(b)
----------------------------------------
ConnectionResetError: [WinError 10054] An existing connection was forcibly closed by the remote host
----------------------------------------
----------------------------------------
Exception occurred during processing of request from ('127.0.0.1', 51153)
----------------------------------------
Exception occurred during processing of request from ('127.0.0.1', 52761)
Traceback (most recent call last):
  File "C:\Users\simip\AppData\Local\Programs\Python\Python39\lib\socketserver.py", line 683, in process_request_thread
    self.finish_request(request, client_address)
  File "C:\Users\simip\AppData\Local\Programs\Python\Python39\lib\socketserver.py", line 360, in finish_request
    self.RequestHandlerClass(request, client_address, self)
  File "C:\Users\simip\AppData\Local\Programs\Python\Python39\lib\http\server.py", line 651, in __init__
    super().__init__(*args, **kwargs)
  File "C:\Users\simip\AppData\Local\Programs\Python\Python39\lib\socketserver.py", line 747, in __init__
    self.handle()
  File "C:\Users\simip\AppData\Local\Programs\Python\Python39\lib\http\server.py", line 427, in handle
    self.handle_one_request()
  File "C:\Users\simip\AppData\Local\Programs\Python\Python39\lib\http\server.py", line 393, in handle_one_request
    self.raw_requestline = self.rfile.readline(65537)
  File "C:\Users\simip\AppData\Local\Programs\Python\Python39\lib\socket.py", line 704, in readinto
    return self._sock.recv_into(b)
ConnectionResetError: [WinError 10054] An existing connection was forcibly closed by the remote host
----------------------------------------
----------------------------------------
Exception occurred during processing of request from ('127.0.0.1', 60667)
Traceback (most recent call last):
----------------------------------------
----------------------------------------
----------------------------------------
  File "C:\Users\simip\AppData\Local\Programs\Python\Python39\lib\socketserver.py", line 683, in process_request_thread
    self.finish_request(request, client_address)
Exception occurred during processing of request from ('127.0.0.1', 64132)
Exception occurred during processing of request from ('127.0.0.1', 53759)
Exception occurred during processing of request from ('127.0.0.1', 55462)
  File "C:\Users\simip\AppData\Local\Programs\Python\Python39\lib\socketserver.py", line 360, in finish_request
    self.RequestHandlerClass(request, client_address, self)
Traceback (most recent call last):
  File "C:\Users\simip\AppData\Local\Programs\Python\Python39\lib\http\server.py", line 651, in __init__
    super().__init__(*args, **kwargs)
  File "C:\Users\simip\AppData\Local\Programs\Python\Python39\lib\socketserver.py", line 683, in process_request_thread
    self.finish_request(request, client_address)
  File "C:\Users\simip\AppData\Local\Programs\Python\Python39\lib\socketserver.py", line 747, in __init__
    self.handle()
  File "C:\Users\simip\AppData\Local\Programs\Python\Python39\lib\socketserver.py", line 360, in finish_request
    self.RequestHandlerClass(request, client_address, self)
  File "C:\Users\simip\AppData\Local\Programs\Python\Python39\lib\http\server.py", line 427, in handle
    self.handle_one_request()
  File "C:\Users\simip\AppData\Local\Programs\Python\Python39\lib\http\server.py", line 651, in __init__
    super().__init__(*args, **kwargs)
  File "C:\Users\simip\AppData\Local\Programs\Python\Python39\lib\http\server.py", line 393, in handle_one_request
    self.raw_requestline = self.rfile.readline(65537)
  File "C:\Users\simip\AppData\Local\Programs\Python\Python39\lib\socketserver.py", line 747, in __init__
    self.handle()
  File "C:\Users\simip\AppData\Local\Programs\Python\Python39\lib\socket.py", line 704, in readinto
    return self._sock.recv_into(b)
  File "C:\Users\simip\AppData\Local\Programs\Python\Python39\lib\http\server.py", line 427, in handle
    self.handle_one_request()
ConnectionResetError: [WinError 10054] An existing connection was forcibly closed by the remote host
  File "C:\Users\simip\AppData\Local\Programs\Python\Python39\lib\http\server.py", line 393, in handle_one_request
    self.raw_requestline = self.rfile.readline(65537)
----------------------------------------
  File "C:\Users\simip\AppData\Local\Programs\Python\Python39\lib\socket.py", line 704, in readinto
    return self._sock.recv_into(b)
ConnectionResetError: [WinError 10054] An existing connection was forcibly closed by the remote host
----------------------------------------
Traceback (most recent call last):
Traceback (most recent call last):
  File "C:\Users\simip\AppData\Local\Programs\Python\Python39\lib\socketserver.py", line 683, in process_request_thread
    self.finish_request(request, client_address)
  File "C:\Users\simip\AppData\Local\Programs\Python\Python39\lib\socketserver.py", line 683, in process_request_thread
    self.finish_request(request, client_address)
  File "C:\Users\simip\AppData\Local\Programs\Python\Python39\lib\socketserver.py", line 360, in finish_request
    self.RequestHandlerClass(request, client_address, self)
  File "C:\Users\simip\AppData\Local\Programs\Python\Python39\lib\socketserver.py", line 360, in finish_request
    self.RequestHandlerClass(request, client_address, self)
  File "C:\Users\simip\AppData\Local\Programs\Python\Python39\lib\http\server.py", line 651, in __init__
    super().__init__(*args, **kwargs)
  File "C:\Users\simip\AppData\Local\Programs\Python\Python39\lib\http\server.py", line 651, in __init__
    super().__init__(*args, **kwargs)
Traceback (most recent call last):
  File "C:\Users\simip\AppData\Local\Programs\Python\Python39\lib\socketserver.py", line 683, in process_request_thread
    self.finish_request(request, client_address)
  File "C:\Users\simip\AppData\Local\Programs\Python\Python39\lib\socketserver.py", line 360, in finish_request
    self.RequestHandlerClass(request, client_address, self)
  File "C:\Users\simip\AppData\Local\Programs\Python\Python39\lib\socketserver.py", line 747, in __init__
    self.handle()
  File "C:\Users\simip\AppData\Local\Programs\Python\Python39\lib\http\server.py", line 427, in handle
    self.handle_one_request()
  File "C:\Users\simip\AppData\Local\Programs\Python\Python39\lib\http\server.py", line 393, in handle_one_request
    self.raw_requestline = self.rfile.readline(65537)
  File "C:\Users\simip\AppData\Local\Programs\Python\Python39\lib\socket.py", line 704, in readinto
    return self._sock.recv_into(b)
  File "C:\Users\simip\AppData\Local\Programs\Python\Python39\lib\socketserver.py", line 747, in __init__
    self.handle()
ConnectionResetError: [WinError 10054] An existing connection was forcibly closed by the remote host
  File "C:\Users\simip\AppData\Local\Programs\Python\Python39\lib\http\server.py", line 427, in handle
    self.handle_one_request()
----------------------------------------
  File "C:\Users\simip\AppData\Local\Programs\Python\Python39\lib\http\server.py", line 393, in handle_one_request
    self.raw_requestline = self.rfile.readline(65537)
  File "C:\Users\simip\AppData\Local\Programs\Python\Python39\lib\socket.py", line 704, in readinto
    return self._sock.recv_into(b)
  File "C:\Users\simip\AppData\Local\Programs\Python\Python39\lib\http\server.py", line 651, in __init__
    super().__init__(*args, **kwargs)
ConnectionResetError: [WinError 10054] An existing connection was forcibly closed by the remote host
  File "C:\Users\simip\AppData\Local\Programs\Python\Python39\lib\socketserver.py", line 747, in __init__
    self.handle()
  File "C:\Users\simip\AppData\Local\Programs\Python\Python39\lib\http\server.py", line 427, in handle
    self.handle_one_request()
  File "C:\Users\simip\AppData\Local\Programs\Python\Python39\lib\http\server.py", line 393, in handle_one_request
    self.raw_requestline = self.rfile.readline(65537)
  File "C:\Users\simip\AppData\Local\Programs\Python\Python39\lib\socket.py", line 704, in readinto
    return self._sock.recv_into(b)
----------------------------------------
ConnectionResetError: [WinError 10054] An existing connection was forcibly closed by the remote host
----------------------------------------
----------------------------------------
Exception occurred during processing of request from ('127.0.0.1', 58563)
Traceback (most recent call last):
  File "C:\Users\simip\AppData\Local\Programs\Python\Python39\lib\socketserver.py", line 683, in process_request_thread
    self.finish_request(request, client_address)
  File "C:\Users\simip\AppData\Local\Programs\Python\Python39\lib\socketserver.py", line 360, in finish_request
    self.RequestHandlerClass(request, client_address, self)
  File "C:\Users\simip\AppData\Local\Programs\Python\Python39\lib\http\server.py", line 651, in __init__
    super().__init__(*args, **kwargs)
  File "C:\Users\simip\AppData\Local\Programs\Python\Python39\lib\socketserver.py", line 747, in __init__
    self.handle()
  File "C:\Users\simip\AppData\Local\Programs\Python\Python39\lib\http\server.py", line 427, in handle
    self.handle_one_request()
  File "C:\Users\simip\AppData\Local\Programs\Python\Python39\lib\http\server.py", line 393, in handle_one_request
    self.raw_requestline = self.rfile.readline(65537)
  File "C:\Users\simip\AppData\Local\Programs\Python\Python39\lib\socket.py", line 704, in readinto
    return self._sock.recv_into(b)
ConnectionResetError: [WinError 10054] An existing connection was forcibly closed by the remote host
----------------------------------------
----------------------------------------
----------------------------------------
Exception occurred during processing of request from ('127.0.0.1', 49673)
----------------------------------------
Exception occurred during processing of request from ('127.0.0.1', 53072)
----------------------------------------
----------------------------------------
Exception occurred during processing of request from ('127.0.0.1', 55568)
Exception occurred during processing of request from ('127.0.0.1', 63838)
Exception occurred during processing of request from ('127.0.0.1', 56955)
Traceback (most recent call last):
  File "C:\Users\simip\AppData\Local\Programs\Python\Python39\lib\socketserver.py", line 683, in process_request_thread
    self.finish_request(request, client_address)
  File "C:\Users\simip\AppData\Local\Programs\Python\Python39\lib\socketserver.py", line 360, in finish_request
    self.RequestHandlerClass(request, client_address, self)
  File "C:\Users\simip\AppData\Local\Programs\Python\Python39\lib\http\server.py", line 651, in __init__
    super().__init__(*args, **kwargs)
  File "C:\Users\simip\AppData\Local\Programs\Python\Python39\lib\socketserver.py", line 747, in __init__
    self.handle()
  File "C:\Users\simip\AppData\Local\Programs\Python\Python39\lib\http\server.py", line 427, in handle
    self.handle_one_request()
  File "C:\Users\simip\AppData\Local\Programs\Python\Python39\lib\http\server.py", line 393, in handle_one_request
    self.raw_requestline = self.rfile.readline(65537)
  File "C:\Users\simip\AppData\Local\Programs\Python\Python39\lib\socket.py", line 704, in readinto
    return self._sock.recv_into(b)
ConnectionResetError: [WinError 10054] An existing connection was forcibly closed by the remote host
Traceback (most recent call last):
Traceback (most recent call last):
  File "C:\Users\simip\AppData\Local\Programs\Python\Python39\lib\socketserver.py", line 683, in process_request_thread
    self.finish_request(request, client_address)
Traceback (most recent call last):
  File "C:\Users\simip\AppData\Local\Programs\Python\Python39\lib\socketserver.py", line 683, in process_request_thread
    self.finish_request(request, client_address)
  File "C:\Users\simip\AppData\Local\Programs\Python\Python39\lib\socketserver.py", line 360, in finish_request
    self.RequestHandlerClass(request, client_address, self)
  File "C:\Users\simip\AppData\Local\Programs\Python\Python39\lib\http\server.py", line 651, in __init__
    super().__init__(*args, **kwargs)
  File "C:\Users\simip\AppData\Local\Programs\Python\Python39\lib\socketserver.py", line 683, in process_request_thread
    self.finish_request(request, client_address)
----------------------------------------
Traceback (most recent call last):
  File "C:\Users\simip\AppData\Local\Programs\Python\Python39\lib\socketserver.py", line 360, in finish_request
    self.RequestHandlerClass(request, client_address, self)
  File "C:\Users\simip\AppData\Local\Programs\Python\Python39\lib\socketserver.py", line 360, in finish_request
    self.RequestHandlerClass(request, client_address, self)
  File "C:\Users\simip\AppData\Local\Programs\Python\Python39\lib\http\server.py", line 651, in __init__
    super().__init__(*args, **kwargs)
  File "C:\Users\simip\AppData\Local\Programs\Python\Python39\lib\socketserver.py", line 683, in process_request_thread
    self.finish_request(request, client_address)
  File "C:\Users\simip\AppData\Local\Programs\Python\Python39\lib\http\server.py", line 651, in __init__
    super().__init__(*args, **kwargs)
  File "C:\Users\simip\AppData\Local\Programs\Python\Python39\lib\socketserver.py", line 747, in __init__
    self.handle()
  File "C:\Users\simip\AppData\Local\Programs\Python\Python39\lib\socketserver.py", line 747, in __init__
    self.handle()
  File "C:\Users\simip\AppData\Local\Programs\Python\Python39\lib\http\server.py", line 427, in handle
    self.handle_one_request()
  File "C:\Users\simip\AppData\Local\Programs\Python\Python39\lib\http\server.py", line 393, in handle_one_request
    self.raw_requestline = self.rfile.readline(65537)
  File "C:\Users\simip\AppData\Local\Programs\Python\Python39\lib\socketserver.py", line 360, in finish_request
    self.RequestHandlerClass(request, client_address, self)
  File "C:\Users\simip\AppData\Local\Programs\Python\Python39\lib\http\server.py", line 427, in handle
    self.handle_one_request()
  File "C:\Users\simip\AppData\Local\Programs\Python\Python39\lib\http\server.py", line 393, in handle_one_request
    self.raw_requestline = self.rfile.readline(65537)
  File "C:\Users\simip\AppData\Local\Programs\Python\Python39\lib\socket.py", line 704, in readinto
    return self._sock.recv_into(b)
  File "C:\Users\simip\AppData\Local\Programs\Python\Python39\lib\socketserver.py", line 747, in __init__
    self.handle()
  File "C:\Users\simip\AppData\Local\Programs\Python\Python39\lib\http\server.py", line 651, in __init__
    super().__init__(*args, **kwargs)
  File "C:\Users\simip\AppData\Local\Programs\Python\Python39\lib\socketserver.py", line 747, in __init__
    self.handle()
  File "C:\Users\simip\AppData\Local\Programs\Python\Python39\lib\http\server.py", line 427, in handle
    self.handle_one_request()
  File "C:\Users\simip\AppData\Local\Programs\Python\Python39\lib\socket.py", line 704, in readinto
    return self._sock.recv_into(b)
  File "C:\Users\simip\AppData\Local\Programs\Python\Python39\lib\http\server.py", line 393, in handle_one_request
    self.raw_requestline = self.rfile.readline(65537)
  File "C:\Users\simip\AppData\Local\Programs\Python\Python39\lib\http\server.py", line 427, in handle
    self.handle_one_request()
  File "C:\Users\simip\AppData\Local\Programs\Python\Python39\lib\socket.py", line 704, in readinto
    return self._sock.recv_into(b)
ConnectionResetError: [WinError 10054] An existing connection was forcibly closed by the remote host
ConnectionResetError: [WinError 10054] An existing connection was forcibly closed by the remote host
  File "C:\Users\simip\AppData\Local\Programs\Python\Python39\lib\http\server.py", line 393, in handle_one_request
    self.raw_requestline = self.rfile.readline(65537)
----------------------------------------
  File "C:\Users\simip\AppData\Local\Programs\Python\Python39\lib\socket.py", line 704, in readinto
    return self._sock.recv_into(b)
ConnectionResetError: [WinError 10054] An existing connection was forcibly closed by the remote host
----------------------------------------
----------------------------------------
ConnectionResetError: [WinError 10054] An existing connection was forcibly closed by the remote host
----------------------------------------
----------------------------------------
Exception occurred during processing of request from ('127.0.0.1', 51679)
----------------------------------------
----------------------------------------
Exception occurred during processing of request from ('127.0.0.1', 53063)
----------------------------------------
----------------------------------------
Exception occurred during processing of request from ('127.0.0.1', 59724)
----------------------------------------
Exception occurred during processing of request from ('127.0.0.1', 64539)
Exception occurred during processing of request from ('127.0.0.1', 52342)
Exception occurred during processing of request from ('127.0.0.1', 50734)
Traceback (most recent call last):
  File "C:\Users\simip\AppData\Local\Programs\Python\Python39\lib\socketserver.py", line 683, in process_request_thread
    self.finish_request(request, client_address)
  File "C:\Users\simip\AppData\Local\Programs\Python\Python39\lib\socketserver.py", line 360, in finish_request
    self.RequestHandlerClass(request, client_address, self)
  File "C:\Users\simip\AppData\Local\Programs\Python\Python39\lib\http\server.py", line 651, in __init__
    super().__init__(*args, **kwargs)
  File "C:\Users\simip\AppData\Local\Programs\Python\Python39\lib\socketserver.py", line 747, in __init__
    self.handle()
  File "C:\Users\simip\AppData\Local\Programs\Python\Python39\lib\http\server.py", line 427, in handle
    self.handle_one_request()
  File "C:\Users\simip\AppData\Local\Programs\Python\Python39\lib\http\server.py", line 393, in handle_one_request
    self.raw_requestline = self.rfile.readline(65537)
  File "C:\Users\simip\AppData\Local\Programs\Python\Python39\lib\socket.py", line 704, in readinto
    return self._sock.recv_into(b)
ConnectionResetError: [WinError 10054] An existing connection was forcibly closed by the remote host
----------------------------------------
Traceback (most recent call last):
  File "C:\Users\simip\AppData\Local\Programs\Python\Python39\lib\socketserver.py", line 683, in process_request_thread
    self.finish_request(request, client_address)
  File "C:\Users\simip\AppData\Local\Programs\Python\Python39\lib\socketserver.py", line 360, in finish_request
    self.RequestHandlerClass(request, client_address, self)
  File "C:\Users\simip\AppData\Local\Programs\Python\Python39\lib\http\server.py", line 651, in __init__
    super().__init__(*args, **kwargs)
  File "C:\Users\simip\AppData\Local\Programs\Python\Python39\lib\socketserver.py", line 747, in __init__
    self.handle()
  File "C:\Users\simip\AppData\Local\Programs\Python\Python39\lib\http\server.py", line 427, in handle
    self.handle_one_request()
  File "C:\Users\simip\AppData\Local\Programs\Python\Python39\lib\http\server.py", line 413, in handle_one_request
    method()
  File "C:\Users\simip\AppData\Local\Temp\claude\wt-n11\scripts\serve.py", line 56, in do_GET
    return super().do_GET()
  File "C:\Users\simip\AppData\Local\Programs\Python\Python39\lib\http\server.py", line 658, in do_GET
    self.copyfile(f, self.wfile)
  File "C:\Users\simip\AppData\Local\Programs\Python\Python39\lib\http\server.py", line 858, in copyfile
    shutil.copyfileobj(source, outputfile)
  File "C:\Users\simip\AppData\Local\Programs\Python\Python39\lib\shutil.py", line 208, in copyfileobj
    fdst_write(buf)
  File "C:\Users\simip\AppData\Local\Programs\Python\Python39\lib\socketserver.py", line 826, in write
    self._sock.sendall(b)
ConnectionResetError: [WinError 10054] An existing connection was forcibly closed by the remote host
Traceback (most recent call last):
  File "C:\Users\simip\AppData\Local\Programs\Python\Python39\lib\socketserver.py", line 683, in process_request_thread
    self.finish_request(request, client_address)
  File "C:\Users\simip\AppData\Local\Programs\Python\Python39\lib\socketserver.py", line 360, in finish_request
    self.RequestHandlerClass(request, client_address, self)
  File "C:\Users\simip\AppData\Local\Programs\Python\Python39\lib\http\server.py", line 651, in __init__
    super().__init__(*args, **kwargs)
  File "C:\Users\simip\AppData\Local\Programs\Python\Python39\lib\socketserver.py", line 747, in __init__
    self.handle()
  File "C:\Users\simip\AppData\Local\Programs\Python\Python39\lib\http\server.py", line 427, in handle
    self.handle_one_request()
  File "C:\Users\simip\AppData\Local\Programs\Python\Python39\lib\http\server.py", line 393, in handle_one_request
    self.raw_requestline = self.rfile.readline(65537)
  File "C:\Users\simip\AppData\Local\Programs\Python\Python39\lib\socket.py", line 704, in readinto
    return self._sock.recv_into(b)
Traceback (most recent call last):
  File "C:\Users\simip\AppData\Local\Programs\Python\Python39\lib\socketserver.py", line 683, in process_request_thread
    self.finish_request(request, client_address)
  File "C:\Users\simip\AppData\Local\Programs\Python\Python39\lib\socketserver.py", line 360, in finish_request
    self.RequestHandlerClass(request, client_address, self)
  File "C:\Users\simip\AppData\Local\Programs\Python\Python39\lib\http\server.py", line 651, in __init__
    super().__init__(*args, **kwargs)
  File "C:\Users\simip\AppData\Local\Programs\Python\Python39\lib\socketserver.py", line 747, in __init__
    self.handle()
  File "C:\Users\simip\AppData\Local\Programs\Python\Python39\lib\http\server.py", line 427, in handle
    self.handle_one_request()
Traceback (most recent call last):
Traceback (most recent call last):
ConnectionResetError: [WinError 10054] An existing connection was forcibly closed by the remote host
----------------------------------------
----------------------------------------
  File "C:\Users\simip\AppData\Local\Programs\Python\Python39\lib\socketserver.py", line 683, in process_request_thread
    self.finish_request(request, client_address)
  File "C:\Users\simip\AppData\Local\Programs\Python\Python39\lib\http\server.py", line 393, in handle_one_request
    self.raw_requestline = self.rfile.readline(65537)
  File "C:\Users\simip\AppData\Local\Programs\Python\Python39\lib\socketserver.py", line 683, in process_request_thread
    self.finish_request(request, client_address)
  File "C:\Users\simip\AppData\Local\Programs\Python\Python39\lib\socketserver.py", line 360, in finish_request
    self.RequestHandlerClass(request, client_address, self)
  File "C:\Users\simip\AppData\Local\Programs\Python\Python39\lib\socketserver.py", line 360, in finish_request
    self.RequestHandlerClass(request, client_address, self)
  File "C:\Users\simip\AppData\Local\Programs\Python\Python39\lib\http\server.py", line 651, in __init__
    super().__init__(*args, **kwargs)
  File "C:\Users\simip\AppData\Local\Programs\Python\Python39\lib\socketserver.py", line 747, in __init__
    self.handle()
  File "C:\Users\simip\AppData\Local\Programs\Python\Python39\lib\http\server.py", line 427, in handle
    self.handle_one_request()
  File "C:\Users\simip\AppData\Local\Programs\Python\Python39\lib\http\server.py", line 393, in handle_one_request
    self.raw_requestline = self.rfile.readline(65537)
  File "C:\Users\simip\AppData\Local\Programs\Python\Python39\lib\socket.py", line 704, in readinto
    return self._sock.recv_into(b)
  File "C:\Users\simip\AppData\Local\Programs\Python\Python39\lib\http\server.py", line 651, in __init__
    super().__init__(*args, **kwargs)
ConnectionResetError: [WinError 10054] An existing connection was forcibly closed by the remote host
  File "C:\Users\simip\AppData\Local\Programs\Python\Python39\lib\socket.py", line 704, in readinto
    return self._sock.recv_into(b)
ConnectionResetError: [WinError 10054] An existing connection was forcibly closed by the remote host
  File "C:\Users\simip\AppData\Local\Programs\Python\Python39\lib\socketserver.py", line 747, in __init__
    self.handle()
----------------------------------------
  File "C:\Users\simip\AppData\Local\Programs\Python\Python39\lib\http\server.py", line 427, in handle
    self.handle_one_request()
----------------------------------------
  File "C:\Users\simip\AppData\Local\Programs\Python\Python39\lib\http\server.py", line 393, in handle_one_request
    self.raw_requestline = self.rfile.readline(65537)
  File "C:\Users\simip\AppData\Local\Programs\Python\Python39\lib\socket.py", line 704, in readinto
    return self._sock.recv_into(b)
ConnectionResetError: [WinError 10054] An existing connection was forcibly closed by the remote host
----------------------------------------
----------------------------------------
Exception occurred during processing of request from ('127.0.0.1', 50385)
----------------------------------------
----------------------------------------
Exception occurred during processing of request from ('127.0.0.1', 53993)
----------------------------------------
Exception occurred during processing of request from ('127.0.0.1', 56671)
----------------------------------------
----------------------------------------
Exception occurred during processing of request from ('127.0.0.1', 59906)
Traceback (most recent call last):
Exception occurred during processing of request from ('127.0.0.1', 52836)
  File "C:\Users\simip\AppData\Local\Programs\Python\Python39\lib\socketserver.py", line 683, in process_request_thread
    self.finish_request(request, client_address)
Exception occurred during processing of request from ('127.0.0.1', 52181)
  File "C:\Users\simip\AppData\Local\Programs\Python\Python39\lib\socketserver.py", line 360, in finish_request
    self.RequestHandlerClass(request, client_address, self)
  File "C:\Users\simip\AppData\Local\Programs\Python\Python39\lib\http\server.py", line 651, in __init__
    super().__init__(*args, **kwargs)
  File "C:\Users\simip\AppData\Local\Programs\Python\Python39\lib\socketserver.py", line 747, in __init__
    self.handle()
  File "C:\Users\simip\AppData\Local\Programs\Python\Python39\lib\http\server.py", line 427, in handle
    self.handle_one_request()
  File "C:\Users\simip\AppData\Local\Programs\Python\Python39\lib\http\server.py", line 393, in handle_one_request
    self.raw_requestline = self.rfile.readline(65537)
  File "C:\Users\simip\AppData\Local\Programs\Python\Python39\lib\socket.py", line 704, in readinto
    return self._sock.recv_into(b)
ConnectionResetError: [WinError 10054] An existing connection was forcibly closed by the remote host
----------------------------------------
Traceback (most recent call last):
  File "C:\Users\simip\AppData\Local\Programs\Python\Python39\lib\socketserver.py", line 683, in process_request_thread
    self.finish_request(request, client_address)
  File "C:\Users\simip\AppData\Local\Programs\Python\Python39\lib\socketserver.py", line 360, in finish_request
    self.RequestHandlerClass(request, client_address, self)
  File "C:\Users\simip\AppData\Local\Programs\Python\Python39\lib\http\server.py", line 651, in __init__
    super().__init__(*args, **kwargs)
  File "C:\Users\simip\AppData\Local\Programs\Python\Python39\lib\socketserver.py", line 747, in __init__
    self.handle()
Traceback (most recent call last):
  File "C:\Users\simip\AppData\Local\Programs\Python\Python39\lib\http\server.py", line 427, in handle
    self.handle_one_request()
  File "C:\Users\simip\AppData\Local\Programs\Python\Python39\lib\socketserver.py", line 683, in process_request_thread
    self.finish_request(request, client_address)
  File "C:\Users\simip\AppData\Local\Programs\Python\Python39\lib\http\server.py", line 393, in handle_one_request
    self.raw_requestline = self.rfile.readline(65537)
Traceback (most recent call last):
  File "C:\Users\simip\AppData\Local\Programs\Python\Python39\lib\socket.py", line 704, in readinto
    return self._sock.recv_into(b)
  File "C:\Users\simip\AppData\Local\Programs\Python\Python39\lib\socketserver.py", line 360, in finish_request
    self.RequestHandlerClass(request, client_address, self)
Traceback (most recent call last):
  File "C:\Users\simip\AppData\Local\Programs\Python\Python39\lib\socketserver.py", line 683, in process_request_thread
    self.finish_request(request, client_address)
ConnectionResetError: [WinError 10054] An existing connection was forcibly closed by the remote host
  File "C:\Users\simip\AppData\Local\Programs\Python\Python39\lib\socketserver.py", line 683, in process_request_thread
    self.finish_request(request, client_address)
  File "C:\Users\simip\AppData\Local\Programs\Python\Python39\lib\socketserver.py", line 360, in finish_request
    self.RequestHandlerClass(request, client_address, self)
----------------------------------------
  File "C:\Users\simip\AppData\Local\Programs\Python\Python39\lib\socketserver.py", line 360, in finish_request
    self.RequestHandlerClass(request, client_address, self)
  File "C:\Users\simip\AppData\Local\Programs\Python\Python39\lib\http\server.py", line 651, in __init__
    super().__init__(*args, **kwargs)
Traceback (most recent call last):
  File "C:\Users\simip\AppData\Local\Programs\Python\Python39\lib\http\server.py", line 651, in __init__
    super().__init__(*args, **kwargs)
  File "C:\Users\simip\AppData\Local\Programs\Python\Python39\lib\http\server.py", line 651, in __init__
    super().__init__(*args, **kwargs)
  File "C:\Users\simip\AppData\Local\Programs\Python\Python39\lib\socketserver.py", line 747, in __init__
    self.handle()
  File "C:\Users\simip\AppData\Local\Programs\Python\Python39\lib\socketserver.py", line 683, in process_request_thread
    self.finish_request(request, client_address)
  File "C:\Users\simip\AppData\Local\Programs\Python\Python39\lib\socketserver.py", line 360, in finish_request
    self.RequestHandlerClass(request, client_address, self)
  File "C:\Users\simip\AppData\Local\Programs\Python\Python39\lib\http\server.py", line 427, in handle
    self.handle_one_request()
  File "C:\Users\simip\AppData\Local\Programs\Python\Python39\lib\http\server.py", line 651, in __init__
    super().__init__(*args, **kwargs)
  File "C:\Users\simip\AppData\Local\Programs\Python\Python39\lib\socketserver.py", line 747, in __init__
    self.handle()
  File "C:\Users\simip\AppData\Local\Programs\Python\Python39\lib\socketserver.py", line 747, in __init__
    self.handle()
  File "C:\Users\simip\AppData\Local\Programs\Python\Python39\lib\http\server.py", line 393, in handle_one_request
    self.raw_requestline = self.rfile.readline(65537)
  File "C:\Users\simip\AppData\Local\Programs\Python\Python39\lib\socketserver.py", line 747, in __init__
    self.handle()
  File "C:\Users\simip\AppData\Local\Programs\Python\Python39\lib\http\server.py", line 427, in handle
    self.handle_one_request()
  File "C:\Users\simip\AppData\Local\Programs\Python\Python39\lib\http\server.py", line 427, in handle
    self.handle_one_request()
  File "C:\Users\simip\AppData\Local\Programs\Python\Python39\lib\socket.py", line 704, in readinto
    return self._sock.recv_into(b)
  File "C:\Users\simip\AppData\Local\Programs\Python\Python39\lib\http\server.py", line 427, in handle
    self.handle_one_request()
  File "C:\Users\simip\AppData\Local\Programs\Python\Python39\lib\http\server.py", line 393, in handle_one_request
    self.raw_requestline = self.rfile.readline(65537)
  File "C:\Users\simip\AppData\Local\Programs\Python\Python39\lib\http\server.py", line 393, in handle_one_request
    self.raw_requestline = self.rfile.readline(65537)
ConnectionResetError: [WinError 10054] An existing connection was forcibly closed by the remote host
  File "C:\Users\simip\AppData\Local\Programs\Python\Python39\lib\http\server.py", line 393, in handle_one_request
    self.raw_requestline = self.rfile.readline(65537)
  File "C:\Users\simip\AppData\Local\Programs\Python\Python39\lib\socket.py", line 704, in readinto
    return self._sock.recv_into(b)
  File "C:\Users\simip\AppData\Local\Programs\Python\Python39\lib\socket.py", line 704, in readinto
    return self._sock.recv_into(b)
----------------------------------------
  File "C:\Users\simip\AppData\Local\Programs\Python\Python39\lib\socket.py", line 704, in readinto
    return self._sock.recv_into(b)
ConnectionResetError: [WinError 10054] An existing connection was forcibly closed by the remote host
ConnectionResetError: [WinError 10054] An existing connection was forcibly closed by the remote host
----------------------------------------
----------------------------------------
ConnectionResetError: [WinError 10054] An existing connection was forcibly closed by the remote host
----------------------------------------
----------------------------------------
Exception occurred during processing of request from ('127.0.0.1', 63246)
Traceback (most recent call last):
  File "C:\Users\simip\AppData\Local\Programs\Python\Python39\lib\socketserver.py", line 683, in process_request_thread
    self.finish_request(request, client_address)
  File "C:\Users\simip\AppData\Local\Programs\Python\Python39\lib\socketserver.py", line 360, in finish_request
    self.RequestHandlerClass(request, client_address, self)
  File "C:\Users\simip\AppData\Local\Programs\Python\Python39\lib\http\server.py", line 651, in __init__
    super().__init__(*args, **kwargs)
----------------------------------------
----------------------------------------
Exception occurred during processing of request from ('127.0.0.1', 62038)
Exception occurred during processing of request from ('127.0.0.1', 59623)
----------------------------------------
  File "C:\Users\simip\AppData\Local\Programs\Python\Python39\lib\socketserver.py", line 747, in __init__
    self.handle()
Exception occurred during processing of request from ('127.0.0.1', 60639)
----------------------------------------
----------------------------------------
Exception occurred during processing of request from ('127.0.0.1', 64143)
Exception occurred during processing of request from ('127.0.0.1', 62967)
  File "C:\Users\simip\AppData\Local\Programs\Python\Python39\lib\http\server.py", line 427, in handle
    self.handle_one_request()
  File "C:\Users\simip\AppData\Local\Programs\Python\Python39\lib\http\server.py", line 393, in handle_one_request
    self.raw_requestline = self.rfile.readline(65537)
  File "C:\Users\simip\AppData\Local\Programs\Python\Python39\lib\socket.py", line 704, in readinto
    return self._sock.recv_into(b)
ConnectionResetError: [WinError 10054] An existing connection was forcibly closed by the remote host
----------------------------------------
Traceback (most recent call last):
  File "C:\Users\simip\AppData\Local\Programs\Python\Python39\lib\socketserver.py", line 683, in process_request_thread
    self.finish_request(request, client_address)
  File "C:\Users\simip\AppData\Local\Programs\Python\Python39\lib\socketserver.py", line 360, in finish_request
    self.RequestHandlerClass(request, client_address, self)
  File "C:\Users\simip\AppData\Local\Programs\Python\Python39\lib\http\server.py", line 651, in __init__
    super().__init__(*args, **kwargs)
  File "C:\Users\simip\AppData\Local\Programs\Python\Python39\lib\socketserver.py", line 747, in __init__
    self.handle()
Traceback (most recent call last):
  File "C:\Users\simip\AppData\Local\Programs\Python\Python39\lib\socketserver.py", line 683, in process_request_thread
    self.finish_request(request, client_address)
  File "C:\Users\simip\AppData\Local\Programs\Python\Python39\lib\http\server.py", line 427, in handle
    self.handle_one_request()
Traceback (most recent call last):
  File "C:\Users\simip\AppData\Local\Programs\Python\Python39\lib\http\server.py", line 393, in handle_one_request
    self.raw_requestline = self.rfile.readline(65537)
  File "C:\Users\simip\AppData\Local\Programs\Python\Python39\lib\socketserver.py", line 360, in finish_request
    self.RequestHandlerClass(request, client_address, self)
  File "C:\Users\simip\AppData\Local\Programs\Python\Python39\lib\socket.py", line 704, in readinto
    return self._sock.recv_into(b)
  File "C:\Users\simip\AppData\Local\Programs\Python\Python39\lib\socketserver.py", line 683, in process_request_thread
    self.finish_request(request, client_address)
ConnectionResetError: [WinError 10054] An existing connection was forcibly closed by the remote host
  File "C:\Users\simip\AppData\Local\Programs\Python\Python39\lib\http\server.py", line 651, in __init__
    super().__init__(*args, **kwargs)
----------------------------------------
  File "C:\Users\simip\AppData\Local\Programs\Python\Python39\lib\socketserver.py", line 360, in finish_request
    self.RequestHandlerClass(request, client_address, self)
  File "C:\Users\simip\AppData\Local\Programs\Python\Python39\lib\http\server.py", line 651, in __init__
    super().__init__(*args, **kwargs)
  File "C:\Users\simip\AppData\Local\Programs\Python\Python39\lib\socketserver.py", line 747, in __init__
    self.handle()
  File "C:\Users\simip\AppData\Local\Programs\Python\Python39\lib\http\server.py", line 427, in handle
    self.handle_one_request()
  File "C:\Users\simip\AppData\Local\Programs\Python\Python39\lib\http\server.py", line 393, in handle_one_request
    self.raw_requestline = self.rfile.readline(65537)
  File "C:\Users\simip\AppData\Local\Programs\Python\Python39\lib\socket.py", line 704, in readinto
    return self._sock.recv_into(b)
ConnectionResetError: [WinError 10054] An existing connection was forcibly closed by the remote host
----------------------------------------
Traceback (most recent call last):
  File "C:\Users\simip\AppData\Local\Programs\Python\Python39\lib\socketserver.py", line 747, in __init__
    self.handle()
Traceback (most recent call last):
  File "C:\Users\simip\AppData\Local\Programs\Python\Python39\lib\http\server.py", line 427, in handle
    self.handle_one_request()
  File "C:\Users\simip\AppData\Local\Programs\Python\Python39\lib\socketserver.py", line 683, in process_request_thread
    self.finish_request(request, client_address)
  File "C:\Users\simip\AppData\Local\Programs\Python\Python39\lib\http\server.py", line 393, in handle_one_request
    self.raw_requestline = self.rfile.readline(65537)
  File "C:\Users\simip\AppData\Local\Programs\Python\Python39\lib\socketserver.py", line 683, in process_request_thread
    self.finish_request(request, client_address)
  File "C:\Users\simip\AppData\Local\Programs\Python\Python39\lib\socket.py", line 704, in readinto
    return self._sock.recv_into(b)
  File "C:\Users\simip\AppData\Local\Programs\Python\Python39\lib\socketserver.py", line 360, in finish_request
    self.RequestHandlerClass(request, client_address, self)
ConnectionResetError: [WinError 10054] An existing connection was forcibly closed by the remote host
  File "C:\Users\simip\AppData\Local\Programs\Python\Python39\lib\socketserver.py", line 360, in finish_request
    self.RequestHandlerClass(request, client_address, self)
  File "C:\Users\simip\AppData\Local\Programs\Python\Python39\lib\http\server.py", line 651, in __init__
    super().__init__(*args, **kwargs)
  File "C:\Users\simip\AppData\Local\Programs\Python\Python39\lib\socketserver.py", line 747, in __init__
    self.handle()
----------------------------------------
  File "C:\Users\simip\AppData\Local\Programs\Python\Python39\lib\http\server.py", line 651, in __init__
    super().__init__(*args, **kwargs)
  File "C:\Users\simip\AppData\Local\Programs\Python\Python39\lib\socketserver.py", line 747, in __init__
    self.handle()
  File "C:\Users\simip\AppData\Local\Programs\Python\Python39\lib\http\server.py", line 427, in handle
    self.handle_one_request()
  File "C:\Users\simip\AppData\Local\Programs\Python\Python39\lib\http\server.py", line 393, in handle_one_request
    self.raw_requestline = self.rfile.readline(65537)
  File "C:\Users\simip\AppData\Local\Programs\Python\Python39\lib\socket.py", line 704, in readinto
    return self._sock.recv_into(b)
ConnectionResetError: [WinError 10054] An existing connection was forcibly closed by the remote host
----------------------------------------
  File "C:\Users\simip\AppData\Local\Programs\Python\Python39\lib\http\server.py", line 427, in handle
    self.handle_one_request()
  File "C:\Users\simip\AppData\Local\Programs\Python\Python39\lib\http\server.py", line 393, in handle_one_request
    self.raw_requestline = self.rfile.readline(65537)
  File "C:\Users\simip\AppData\Local\Programs\Python\Python39\lib\socket.py", line 704, in readinto
    return self._sock.recv_into(b)
ConnectionResetError: [WinError 10054] An existing connection was forcibly closed by the remote host
----------------------------------------
----------------------------------------
Exception occurred during processing of request from ('127.0.0.1', 54431)
----------------------------------------
----------------------------------------
Exception occurred during processing of request from ('127.0.0.1', 53150)
----------------------------------------
----------------------------------------
Exception occurred during processing of request from ('127.0.0.1', 63227)
----------------------------------------
Exception occurred during processing of request from ('127.0.0.1', 59374)
Exception occurred during processing of request from ('127.0.0.1', 57540)
Traceback (most recent call last):
Exception occurred during processing of request from ('127.0.0.1', 61414)
  File "C:\Users\simip\AppData\Local\Programs\Python\Python39\lib\socketserver.py", line 683, in process_request_thread
    self.finish_request(request, client_address)
  File "C:\Users\simip\AppData\Local\Programs\Python\Python39\lib\socketserver.py", line 360, in finish_request
    self.RequestHandlerClass(request, client_address, self)
  File "C:\Users\simip\AppData\Local\Programs\Python\Python39\lib\http\server.py", line 651, in __init__
    super().__init__(*args, **kwargs)
  File "C:\Users\simip\AppData\Local\Programs\Python\Python39\lib\socketserver.py", line 747, in __init__
    self.handle()
  File "C:\Users\simip\AppData\Local\Programs\Python\Python39\lib\http\server.py", line 427, in handle
    self.handle_one_request()
  File "C:\Users\simip\AppData\Local\Programs\Python\Python39\lib\http\server.py", line 393, in handle_one_request
    self.raw_requestline = self.rfile.readline(65537)
  File "C:\Users\simip\AppData\Local\Programs\Python\Python39\lib\socket.py", line 704, in readinto
    return self._sock.recv_into(b)
ConnectionResetError: [WinError 10054] An existing connection was forcibly closed by the remote host
----------------------------------------
Traceback (most recent call last):
  File "C:\Users\simip\AppData\Local\Programs\Python\Python39\lib\socketserver.py", line 683, in process_request_thread
    self.finish_request(request, client_address)
  File "C:\Users\simip\AppData\Local\Programs\Python\Python39\lib\socketserver.py", line 360, in finish_request
    self.RequestHandlerClass(request, client_address, self)
  File "C:\Users\simip\AppData\Local\Programs\Python\Python39\lib\http\server.py", line 651, in __init__
    super().__init__(*args, **kwargs)
  File "C:\Users\simip\AppData\Local\Programs\Python\Python39\lib\socketserver.py", line 747, in __init__
    self.handle()
  File "C:\Users\simip\AppData\Local\Programs\Python\Python39\lib\http\server.py", line 427, in handle
    self.handle_one_request()
Traceback (most recent call last):
  File "C:\Users\simip\AppData\Local\Programs\Python\Python39\lib\http\server.py", line 393, in handle_one_request
    self.raw_requestline = self.rfile.readline(65537)
  File "C:\Users\simip\AppData\Local\Programs\Python\Python39\lib\socket.py", line 704, in readinto
    return self._sock.recv_into(b)
Traceback (most recent call last):
Traceback (most recent call last):
Traceback (most recent call last):
ConnectionResetError: [WinError 10054] An existing connection was forcibly closed by the remote host
  File "C:\Users\simip\AppData\Local\Programs\Python\Python39\lib\socketserver.py", line 683, in process_request_thread
    self.finish_request(request, client_address)
  File "C:\Users\simip\AppData\Local\Programs\Python\Python39\lib\socketserver.py", line 360, in finish_request
    self.RequestHandlerClass(request, client_address, self)
  File "C:\Users\simip\AppData\Local\Programs\Python\Python39\lib\http\server.py", line 651, in __init__
    super().__init__(*args, **kwargs)
  File "C:\Users\simip\AppData\Local\Programs\Python\Python39\lib\socketserver.py", line 747, in __init__
    self.handle()
  File "C:\Users\simip\AppData\Local\Programs\Python\Python39\lib\http\server.py", line 427, in handle
    self.handle_one_request()
----------------------------------------
  File "C:\Users\simip\AppData\Local\Programs\Python\Python39\lib\socketserver.py", line 683, in process_request_thread
    self.finish_request(request, client_address)
  File "C:\Users\simip\AppData\Local\Programs\Python\Python39\lib\socketserver.py", line 360, in finish_request
    self.RequestHandlerClass(request, client_address, self)
  File "C:\Users\simip\AppData\Local\Programs\Python\Python39\lib\http\server.py", line 651, in __init__
    super().__init__(*args, **kwargs)
  File "C:\Users\simip\AppData\Local\Programs\Python\Python39\lib\socketserver.py", line 683, in process_request_thread
    self.finish_request(request, client_address)
  File "C:\Users\simip\AppData\Local\Programs\Python\Python39\lib\socketserver.py", line 360, in finish_request
    self.RequestHandlerClass(request, client_address, self)
  File "C:\Users\simip\AppData\Local\Programs\Python\Python39\lib\http\server.py", line 393, in handle_one_request
    self.raw_requestline = self.rfile.readline(65537)
  File "C:\Users\simip\AppData\Local\Programs\Python\Python39\lib\socketserver.py", line 747, in __init__
    self.handle()
  File "C:\Users\simip\AppData\Local\Programs\Python\Python39\lib\http\server.py", line 651, in __init__
    super().__init__(*args, **kwargs)
  File "C:\Users\simip\AppData\Local\Programs\Python\Python39\lib\socketserver.py", line 683, in process_request_thread
    self.finish_request(request, client_address)
  File "C:\Users\simip\AppData\Local\Programs\Python\Python39\lib\socketserver.py", line 360, in finish_request
    self.RequestHandlerClass(request, client_address, self)
  File "C:\Users\simip\AppData\Local\Programs\Python\Python39\lib\socketserver.py", line 747, in __init__
    self.handle()
  File "C:\Users\simip\AppData\Local\Programs\Python\Python39\lib\socket.py", line 704, in readinto
    return self._sock.recv_into(b)
  File "C:\Users\simip\AppData\Local\Programs\Python\Python39\lib\http\server.py", line 427, in handle
    self.handle_one_request()
ConnectionResetError: [WinError 10054] An existing connection was forcibly closed by the remote host
  File "C:\Users\simip\AppData\Local\Programs\Python\Python39\lib\http\server.py", line 413, in handle_one_request
    method()
  File "C:\Users\simip\AppData\Local\Temp\claude\wt-n11\scripts\serve.py", line 56, in do_GET
    return super().do_GET()
  File "C:\Users\simip\AppData\Local\Programs\Python\Python39\lib\http\server.py", line 658, in do_GET
    self.copyfile(f, self.wfile)
  File "C:\Users\simip\AppData\Local\Programs\Python\Python39\lib\http\server.py", line 858, in copyfile
    shutil.copyfileobj(source, outputfile)
  File "C:\Users\simip\AppData\Local\Programs\Python\Python39\lib\shutil.py", line 208, in copyfileobj
    fdst_write(buf)
  File "C:\Users\simip\AppData\Local\Programs\Python\Python39\lib\socketserver.py", line 826, in write
    self._sock.sendall(b)
ConnectionResetError: [WinError 10054] An existing connection was forcibly closed by the remote host
----------------------------------------
  File "C:\Users\simip\AppData\Local\Programs\Python\Python39\lib\http\server.py", line 427, in handle
    self.handle_one_request()
  File "C:\Users\simip\AppData\Local\Programs\Python\Python39\lib\http\server.py", line 651, in __init__
    super().__init__(*args, **kwargs)
  File "C:\Users\simip\AppData\Local\Programs\Python\Python39\lib\http\server.py", line 393, in handle_one_request
    self.raw_requestline = self.rfile.readline(65537)
  File "C:\Users\simip\AppData\Local\Programs\Python\Python39\lib\socket.py", line 704, in readinto
    return self._sock.recv_into(b)
  File "C:\Users\simip\AppData\Local\Programs\Python\Python39\lib\socketserver.py", line 747, in __init__
    self.handle()
  File "C:\Users\simip\AppData\Local\Programs\Python\Python39\lib\http\server.py", line 427, in handle
    self.handle_one_request()
  File "C:\Users\simip\AppData\Local\Programs\Python\Python39\lib\http\server.py", line 393, in handle_one_request
    self.raw_requestline = self.rfile.readline(65537)
  File "C:\Users\simip\AppData\Local\Programs\Python\Python39\lib\socket.py", line 704, in readinto
    return self._sock.recv_into(b)
ConnectionResetError: [WinError 10054] An existing connection was forcibly closed by the remote host
----------------------------------------
ConnectionResetError: [WinError 10054] An existing connection was forcibly closed by the remote host
----------------------------------------
----------------------------------------
----------------------------------------
Exception occurred during processing of request from ('127.0.0.1', 54306)
Traceback (most recent call last):
  File "C:\Users\simip\AppData\Local\Programs\Python\Python39\lib\socketserver.py", line 683, in process_request_thread
    self.finish_request(request, client_address)
  File "C:\Users\simip\AppData\Local\Programs\Python\Python39\lib\socketserver.py", line 360, in finish_request
    self.RequestHandlerClass(request, client_address, self)
  File "C:\Users\simip\AppData\Local\Programs\Python\Python39\lib\http\server.py", line 651, in __init__
    super().__init__(*args, **kwargs)
  File "C:\Users\simip\AppData\Local\Programs\Python\Python39\lib\socketserver.py", line 747, in __init__
    self.handle()
  File "C:\Users\simip\AppData\Local\Programs\Python\Python39\lib\http\server.py", line 427, in handle
    self.handle_one_request()
  File "C:\Users\simip\AppData\Local\Programs\Python\Python39\lib\http\server.py", line 393, in handle_one_request
    self.raw_requestline = self.rfile.readline(65537)
  File "C:\Users\simip\AppData\Local\Programs\Python\Python39\lib\socket.py", line 704, in readinto
    return self._sock.recv_into(b)
ConnectionResetError: [WinError 10054] An existing connection was forcibly closed by the remote host
----------------------------------------
----------------------------------------
Exception occurred during processing of request from ('127.0.0.1', 59571)
----------------------------------------
----------------------------------------
----------------------------------------
Exception occurred during processing of request from ('127.0.0.1', 54524)
Exception occurred during processing of request from ('127.0.0.1', 54032)
Exception occurred during processing of request from ('127.0.0.1', 57912)
----------------------------------------
Exception occurred during processing of request from ('127.0.0.1', 52422)
Traceback (most recent call last):
  File "C:\Users\simip\AppData\Local\Programs\Python\Python39\lib\socketserver.py", line 683, in process_request_thread
    self.finish_request(request, client_address)
  File "C:\Users\simip\AppData\Local\Programs\Python\Python39\lib\socketserver.py", line 360, in finish_request
    self.RequestHandlerClass(request, client_address, self)
  File "C:\Users\simip\AppData\Local\Programs\Python\Python39\lib\http\server.py", line 651, in __init__
    super().__init__(*args, **kwargs)
  File "C:\Users\simip\AppData\Local\Programs\Python\Python39\lib\socketserver.py", line 747, in __init__
    self.handle()
  File "C:\Users\simip\AppData\Local\Programs\Python\Python39\lib\http\server.py", line 427, in handle
    self.handle_one_request()
  File "C:\Users\simip\AppData\Local\Programs\Python\Python39\lib\http\server.py", line 393, in handle_one_request
    self.raw_requestline = self.rfile.readline(65537)
  File "C:\Users\simip\AppData\Local\Programs\Python\Python39\lib\socket.py", line 704, in readinto
    return self._sock.recv_into(b)
ConnectionResetError: [WinError 10054] An existing connection was forcibly closed by the remote host
----------------------------------------
Traceback (most recent call last):
  File "C:\Users\simip\AppData\Local\Programs\Python\Python39\lib\socketserver.py", line 683, in process_request_thread
    self.finish_request(request, client_address)
  File "C:\Users\simip\AppData\Local\Programs\Python\Python39\lib\socketserver.py", line 360, in finish_request
    self.RequestHandlerClass(request, client_address, self)
  File "C:\Users\simip\AppData\Local\Programs\Python\Python39\lib\http\server.py", line 651, in __init__
    super().__init__(*args, **kwargs)
  File "C:\Users\simip\AppData\Local\Programs\Python\Python39\lib\socketserver.py", line 747, in __init__
    self.handle()
  File "C:\Users\simip\AppData\Local\Programs\Python\Python39\lib\http\server.py", line 427, in handle
    self.handle_one_request()
  File "C:\Users\simip\AppData\Local\Programs\Python\Python39\lib\http\server.py", line 393, in handle_one_request
    self.raw_requestline = self.rfile.readline(65537)
  File "C:\Users\simip\AppData\Local\Programs\Python\Python39\lib\socket.py", line 704, in readinto
    return self._sock.recv_into(b)
ConnectionResetError: [WinError 10054] An existing connection was forcibly closed by the remote host
----------------------------------------
Traceback (most recent call last):
Traceback (most recent call last):
  File "C:\Users\simip\AppData\Local\Programs\Python\Python39\lib\socketserver.py", line 683, in process_request_thread
    self.finish_request(request, client_address)
  File "C:\Users\simip\AppData\Local\Programs\Python\Python39\lib\socketserver.py", line 683, in process_request_thread
    self.finish_request(request, client_address)
  File "C:\Users\simip\AppData\Local\Programs\Python\Python39\lib\socketserver.py", line 360, in finish_request
    self.RequestHandlerClass(request, client_address, self)
  File "C:\Users\simip\AppData\Local\Programs\Python\Python39\lib\http\server.py", line 651, in __init__
    super().__init__(*args, **kwargs)
  File "C:\Users\simip\AppData\Local\Programs\Python\Python39\lib\socketserver.py", line 360, in finish_request
    self.RequestHandlerClass(request, client_address, self)
  File "C:\Users\simip\AppData\Local\Programs\Python\Python39\lib\socketserver.py", line 747, in __init__
    self.handle()
  File "C:\Users\simip\AppData\Local\Programs\Python\Python39\lib\http\server.py", line 651, in __init__
    super().__init__(*args, **kwargs)
  File "C:\Users\simip\AppData\Local\Programs\Python\Python39\lib\http\server.py", line 427, in handle
    self.handle_one_request()
Traceback (most recent call last):
  File "C:\Users\simip\AppData\Local\Programs\Python\Python39\lib\socketserver.py", line 747, in __init__
    self.handle()
  File "C:\Users\simip\AppData\Local\Programs\Python\Python39\lib\http\server.py", line 393, in handle_one_request
    self.raw_requestline = self.rfile.readline(65537)
  File "C:\Users\simip\AppData\Local\Programs\Python\Python39\lib\http\server.py", line 427, in handle
    self.handle_one_request()
  File "C:\Users\simip\AppData\Local\Programs\Python\Python39\lib\http\server.py", line 393, in handle_one_request
    self.raw_requestline = self.rfile.readline(65537)
  File "C:\Users\simip\AppData\Local\Programs\Python\Python39\lib\socketserver.py", line 683, in process_request_thread
    self.finish_request(request, client_address)
  File "C:\Users\simip\AppData\Local\Programs\Python\Python39\lib\socketserver.py", line 360, in finish_request
    self.RequestHandlerClass(request, client_address, self)
  File "C:\Users\simip\AppData\Local\Programs\Python\Python39\lib\socket.py", line 704, in readinto
    return self._sock.recv_into(b)
  File "C:\Users\simip\AppData\Local\Programs\Python\Python39\lib\socket.py", line 704, in readinto
    return self._sock.recv_into(b)
ConnectionResetError: [WinError 10054] An existing connection was forcibly closed by the remote host
----------------------------------------
  File "C:\Users\simip\AppData\Local\Programs\Python\Python39\lib\http\server.py", line 651, in __init__
    super().__init__(*args, **kwargs)
  File "C:\Users\simip\AppData\Local\Programs\Python\Python39\lib\socketserver.py", line 747, in __init__
    self.handle()
  File "C:\Users\simip\AppData\Local\Programs\Python\Python39\lib\http\server.py", line 427, in handle
    self.handle_one_request()
  File "C:\Users\simip\AppData\Local\Programs\Python\Python39\lib\http\server.py", line 393, in handle_one_request
    self.raw_requestline = self.rfile.readline(65537)
  File "C:\Users\simip\AppData\Local\Programs\Python\Python39\lib\socket.py", line 704, in readinto
    return self._sock.recv_into(b)
ConnectionResetError: [WinError 10054] An existing connection was forcibly closed by the remote host
----------------------------------------
ConnectionResetError: [WinError 10054] An existing connection was forcibly closed by the remote host
----------------------------------------
----------------------------------------
Exception occurred during processing of request from ('127.0.0.1', 62251)
----------------------------------------
Exception occurred during processing of request from ('127.0.0.1', 60346)
----------------------------------------
Exception occurred during processing of request from ('127.0.0.1', 56247)
Traceback (most recent call last):
  File "C:\Users\simip\AppData\Local\Programs\Python\Python39\lib\socketserver.py", line 683, in process_request_thread
    self.finish_request(request, client_address)
  File "C:\Users\simip\AppData\Local\Programs\Python\Python39\lib\socketserver.py", line 360, in finish_request
    self.RequestHandlerClass(request, client_address, self)
  File "C:\Users\simip\AppData\Local\Programs\Python\Python39\lib\http\server.py", line 651, in __init__
    super().__init__(*args, **kwargs)
  File "C:\Users\simip\AppData\Local\Programs\Python\Python39\lib\socketserver.py", line 747, in __init__
    self.handle()
  File "C:\Users\simip\AppData\Local\Programs\Python\Python39\lib\http\server.py", line 427, in handle
    self.handle_one_request()
  File "C:\Users\simip\AppData\Local\Programs\Python\Python39\lib\http\server.py", line 393, in handle_one_request
    self.raw_requestline = self.rfile.readline(65537)
  File "C:\Users\simip\AppData\Local\Programs\Python\Python39\lib\socket.py", line 704, in readinto
    return self._sock.recv_into(b)
ConnectionResetError: [WinError 10054] An existing connection was forcibly closed by the remote host
----------------------------------------
Traceback (most recent call last):
  File "C:\Users\simip\AppData\Local\Programs\Python\Python39\lib\socketserver.py", line 683, in process_request_thread
    self.finish_request(request, client_address)
  File "C:\Users\simip\AppData\Local\Programs\Python\Python39\lib\socketserver.py", line 360, in finish_request
    self.RequestHandlerClass(request, client_address, self)
  File "C:\Users\simip\AppData\Local\Programs\Python\Python39\lib\http\server.py", line 651, in __init__
    super().__init__(*args, **kwargs)
  File "C:\Users\simip\AppData\Local\Programs\Python\Python39\lib\socketserver.py", line 747, in __init__
    self.handle()
  File "C:\Users\simip\AppData\Local\Programs\Python\Python39\lib\http\server.py", line 427, in handle
    self.handle_one_request()
  File "C:\Users\simip\AppData\Local\Programs\Python\Python39\lib\http\server.py", line 393, in handle_one_request
    self.raw_requestline = self.rfile.readline(65537)
  File "C:\Users\simip\AppData\Local\Programs\Python\Python39\lib\socket.py", line 704, in readinto
    return self._sock.recv_into(b)
ConnectionResetError: [WinError 10054] An existing connection was forcibly closed by the remote host
----------------------------------------
Traceback (most recent call last):
  File "C:\Users\simip\AppData\Local\Programs\Python\Python39\lib\socketserver.py", line 683, in process_request_thread
    self.finish_request(request, client_address)
  File "C:\Users\simip\AppData\Local\Programs\Python\Python39\lib\socketserver.py", line 360, in finish_request
    self.RequestHandlerClass(request, client_address, self)
  File "C:\Users\simip\AppData\Local\Programs\Python\Python39\lib\http\server.py", line 651, in __init__
    super().__init__(*args, **kwargs)
  File "C:\Users\simip\AppData\Local\Programs\Python\Python39\lib\socketserver.py", line 747, in __init__
    self.handle()
  File "C:\Users\simip\AppData\Local\Programs\Python\Python39\lib\http\server.py", line 427, in handle
    self.handle_one_request()
  File "C:\Users\simip\AppData\Local\Programs\Python\Python39\lib\http\server.py", line 413, in handle_one_request
    method()
  File "C:\Users\simip\AppData\Local\Temp\claude\wt-n11\scripts\serve.py", line 56, in do_GET
    return super().do_GET()
  File "C:\Users\simip\AppData\Local\Programs\Python\Python39\lib\http\server.py", line 658, in do_GET
    self.copyfile(f, self.wfile)
  File "C:\Users\simip\AppData\Local\Programs\Python\Python39\lib\http\server.py", line 858, in copyfile
    shutil.copyfileobj(source, outputfile)
  File "C:\Users\simip\AppData\Local\Programs\Python\Python39\lib\shutil.py", line 208, in copyfileobj
    fdst_write(buf)
  File "C:\Users\simip\AppData\Local\Programs\Python\Python39\lib\socketserver.py", line 826, in write
    self._sock.sendall(b)
ConnectionResetError: [WinError 10054] An existing connection was forcibly closed by the remote host
----------------------------------------
----------------------------------------
Exception occurred during processing of request from ('127.0.0.1', 63193)
----------------------------------------
----------------------------------------
Exception occurred during processing of request from ('127.0.0.1', 56822)
Exception occurred during processing of request from ('127.0.0.1', 51692)
Traceback (most recent call last):
  File "C:\Users\simip\AppData\Local\Programs\Python\Python39\lib\socketserver.py", line 683, in process_request_thread
    self.finish_request(request, client_address)
  File "C:\Users\simip\AppData\Local\Programs\Python\Python39\lib\socketserver.py", line 360, in finish_request
    self.RequestHandlerClass(request, client_address, self)
  File "C:\Users\simip\AppData\Local\Programs\Python\Python39\lib\http\server.py", line 651, in __init__
    super().__init__(*args, **kwargs)
  File "C:\Users\simip\AppData\Local\Programs\Python\Python39\lib\socketserver.py", line 747, in __init__
    self.handle()
  File "C:\Users\simip\AppData\Local\Programs\Python\Python39\lib\http\server.py", line 427, in handle
    self.handle_one_request()
  File "C:\Users\simip\AppData\Local\Programs\Python\Python39\lib\http\server.py", line 393, in handle_one_request
    self.raw_requestline = self.rfile.readline(65537)
  File "C:\Users\simip\AppData\Local\Programs\Python\Python39\lib\socket.py", line 704, in readinto
    return self._sock.recv_into(b)
ConnectionResetError: [WinError 10054] An existing connection was forcibly closed by the remote host
----------------------------------------
Traceback (most recent call last):
  File "C:\Users\simip\AppData\Local\Programs\Python\Python39\lib\socketserver.py", line 683, in process_request_thread
    self.finish_request(request, client_address)
  File "C:\Users\simip\AppData\Local\Programs\Python\Python39\lib\socketserver.py", line 360, in finish_request
    self.RequestHandlerClass(request, client_address, self)
  File "C:\Users\simip\AppData\Local\Programs\Python\Python39\lib\http\server.py", line 651, in __init__
    super().__init__(*args, **kwargs)
  File "C:\Users\simip\AppData\Local\Programs\Python\Python39\lib\socketserver.py", line 747, in __init__
    self.handle()
  File "C:\Users\simip\AppData\Local\Programs\Python\Python39\lib\http\server.py", line 427, in handle
    self.handle_one_request()
  File "C:\Users\simip\AppData\Local\Programs\Python\Python39\lib\http\server.py", line 393, in handle_one_request
    self.raw_requestline = self.rfile.readline(65537)
Traceback (most recent call last):
  File "C:\Users\simip\AppData\Local\Programs\Python\Python39\lib\socket.py", line 704, in readinto
    return self._sock.recv_into(b)
  File "C:\Users\simip\AppData\Local\Programs\Python\Python39\lib\socketserver.py", line 683, in process_request_thread
    self.finish_request(request, client_address)
ConnectionResetError: [WinError 10054] An existing connection was forcibly closed by the remote host
----------------------------------------
  File "C:\Users\simip\AppData\Local\Programs\Python\Python39\lib\socketserver.py", line 360, in finish_request
    self.RequestHandlerClass(request, client_address, self)
  File "C:\Users\simip\AppData\Local\Programs\Python\Python39\lib\http\server.py", line 651, in __init__
    super().__init__(*args, **kwargs)
  File "C:\Users\simip\AppData\Local\Programs\Python\Python39\lib\socketserver.py", line 747, in __init__
    self.handle()
  File "C:\Users\simip\AppData\Local\Programs\Python\Python39\lib\http\server.py", line 427, in handle
    self.handle_one_request()
  File "C:\Users\simip\AppData\Local\Programs\Python\Python39\lib\http\server.py", line 393, in handle_one_request
    self.raw_requestline = self.rfile.readline(65537)
  File "C:\Users\simip\AppData\Local\Programs\Python\Python39\lib\socket.py", line 704, in readinto
    return self._sock.recv_into(b)
ConnectionResetError: [WinError 10054] An existing connection was forcibly closed by the remote host
----------------------------------------
----------------------------------------
----------------------------------------
Exception occurred during processing of request from ('127.0.0.1', 52025)
Exception occurred during processing of request from ('127.0.0.1', 50453)
----------------------------------------
Exception occurred during processing of request from ('127.0.0.1', 57142)
----------------------------------------
----------------------------------------
----------------------------------------
Exception occurred during processing of request from ('127.0.0.1', 58447)
Exception occurred during processing of request from ('127.0.0.1', 57424)
Exception occurred during processing of request from ('127.0.0.1', 54665)
Traceback (most recent call last):
Traceback (most recent call last):
  File "C:\Users\simip\AppData\Local\Programs\Python\Python39\lib\socketserver.py", line 683, in process_request_thread
    self.finish_request(request, client_address)
  File "C:\Users\simip\AppData\Local\Programs\Python\Python39\lib\socketserver.py", line 683, in process_request_thread
    self.finish_request(request, client_address)
  File "C:\Users\simip\AppData\Local\Programs\Python\Python39\lib\socketserver.py", line 360, in finish_request
    self.RequestHandlerClass(request, client_address, self)
  File "C:\Users\simip\AppData\Local\Programs\Python\Python39\lib\http\server.py", line 651, in __init__
    super().__init__(*args, **kwargs)
  File "C:\Users\simip\AppData\Local\Programs\Python\Python39\lib\socketserver.py", line 360, in finish_request
    self.RequestHandlerClass(request, client_address, self)
  File "C:\Users\simip\AppData\Local\Programs\Python\Python39\lib\socketserver.py", line 747, in __init__
    self.handle()
  File "C:\Users\simip\AppData\Local\Programs\Python\Python39\lib\http\server.py", line 651, in __init__
    super().__init__(*args, **kwargs)
Traceback (most recent call last):
Traceback (most recent call last):
  File "C:\Users\simip\AppData\Local\Programs\Python\Python39\lib\socketserver.py", line 747, in __init__
    self.handle()
Traceback (most recent call last):
Traceback (most recent call last):
  File "C:\Users\simip\AppData\Local\Programs\Python\Python39\lib\http\server.py", line 427, in handle
    self.handle_one_request()
  File "C:\Users\simip\AppData\Local\Programs\Python\Python39\lib\socketserver.py", line 683, in process_request_thread
    self.finish_request(request, client_address)
  File "C:\Users\simip\AppData\Local\Programs\Python\Python39\lib\socketserver.py", line 683, in process_request_thread
    self.finish_request(request, client_address)
  File "C:\Users\simip\AppData\Local\Programs\Python\Python39\lib\http\server.py", line 427, in handle
    self.handle_one_request()
  File "C:\Users\simip\AppData\Local\Programs\Python\Python39\lib\socketserver.py", line 683, in process_request_thread
    self.finish_request(request, client_address)
  File "C:\Users\simip\AppData\Local\Programs\Python\Python39\lib\socketserver.py", line 683, in process_request_thread
    self.finish_request(request, client_address)
  File "C:\Users\simip\AppData\Local\Programs\Python\Python39\lib\socketserver.py", line 360, in finish_request
    self.RequestHandlerClass(request, client_address, self)
  File "C:\Users\simip\AppData\Local\Programs\Python\Python39\lib\http\server.py", line 651, in __init__
    super().__init__(*args, **kwargs)
  File "C:\Users\simip\AppData\Local\Programs\Python\Python39\lib\socketserver.py", line 360, in finish_request
    self.RequestHandlerClass(request, client_address, self)
  File "C:\Users\simip\AppData\Local\Programs\Python\Python39\lib\http\server.py", line 393, in handle_one_request
    self.raw_requestline = self.rfile.readline(65537)
  File "C:\Users\simip\AppData\Local\Programs\Python\Python39\lib\socketserver.py", line 360, in finish_request
    self.RequestHandlerClass(request, client_address, self)
  File "C:\Users\simip\AppData\Local\Programs\Python\Python39\lib\http\server.py", line 393, in handle_one_request
    self.raw_requestline = self.rfile.readline(65537)
  File "C:\Users\simip\AppData\Local\Programs\Python\Python39\lib\socketserver.py", line 360, in finish_request
    self.RequestHandlerClass(request, client_address, self)
  File "C:\Users\simip\AppData\Local\Programs\Python\Python39\lib\socketserver.py", line 747, in __init__
    self.handle()
  File "C:\Users\simip\AppData\Local\Programs\Python\Python39\lib\http\server.py", line 651, in __init__
    super().__init__(*args, **kwargs)
  File "C:\Users\simip\AppData\Local\Programs\Python\Python39\lib\socket.py", line 704, in readinto
    return self._sock.recv_into(b)
  File "C:\Users\simip\AppData\Local\Programs\Python\Python39\lib\http\server.py", line 651, in __init__
    super().__init__(*args, **kwargs)
  File "C:\Users\simip\AppData\Local\Programs\Python\Python39\lib\socket.py", line 704, in readinto
    return self._sock.recv_into(b)
  File "C:\Users\simip\AppData\Local\Programs\Python\Python39\lib\http\server.py", line 651, in __init__
    super().__init__(*args, **kwargs)
  File "C:\Users\simip\AppData\Local\Programs\Python\Python39\lib\http\server.py", line 427, in handle
    self.handle_one_request()
  File "C:\Users\simip\AppData\Local\Programs\Python\Python39\lib\socketserver.py", line 747, in __init__
    self.handle()
ConnectionResetError: [WinError 10054] An existing connection was forcibly closed by the remote host
  File "C:\Users\simip\AppData\Local\Programs\Python\Python39\lib\socketserver.py", line 747, in __init__
    self.handle()
ConnectionResetError: [WinError 10054] An existing connection was forcibly closed by the remote host
  File "C:\Users\simip\AppData\Local\Programs\Python\Python39\lib\socketserver.py", line 747, in __init__
    self.handle()
  File "C:\Users\simip\AppData\Local\Programs\Python\Python39\lib\http\server.py", line 393, in handle_one_request
    self.raw_requestline = self.rfile.readline(65537)
  File "C:\Users\simip\AppData\Local\Programs\Python\Python39\lib\http\server.py", line 427, in handle
    self.handle_one_request()
----------------------------------------
  File "C:\Users\simip\AppData\Local\Programs\Python\Python39\lib\http\server.py", line 427, in handle
    self.handle_one_request()
----------------------------------------
  File "C:\Users\simip\AppData\Local\Programs\Python\Python39\lib\http\server.py", line 427, in handle
    self.handle_one_request()
  File "C:\Users\simip\AppData\Local\Programs\Python\Python39\lib\http\server.py", line 393, in handle_one_request
    self.raw_requestline = self.rfile.readline(65537)
  File "C:\Users\simip\AppData\Local\Programs\Python\Python39\lib\socket.py", line 704, in readinto
    return self._sock.recv_into(b)
  File "C:\Users\simip\AppData\Local\Programs\Python\Python39\lib\http\server.py", line 393, in handle_one_request
    self.raw_requestline = self.rfile.readline(65537)
  File "C:\Users\simip\AppData\Local\Programs\Python\Python39\lib\http\server.py", line 393, in handle_one_request
    self.raw_requestline = self.rfile.readline(65537)
  File "C:\Users\simip\AppData\Local\Programs\Python\Python39\lib\socket.py", line 704, in readinto
    return self._sock.recv_into(b)
ConnectionResetError: [WinError 10054] An existing connection was forcibly closed by the remote host
  File "C:\Users\simip\AppData\Local\Programs\Python\Python39\lib\socket.py", line 704, in readinto
    return self._sock.recv_into(b)
  File "C:\Users\simip\AppData\Local\Programs\Python\Python39\lib\socket.py", line 704, in readinto
    return self._sock.recv_into(b)
ConnectionResetError: [WinError 10054] An existing connection was forcibly closed by the remote host
----------------------------------------
ConnectionResetError: [WinError 10054] An existing connection was forcibly closed by the remote host
ConnectionResetError: [WinError 10054] An existing connection was forcibly closed by the remote host
----------------------------------------
----------------------------------------
----------------------------------------
----------------------------------------
Exception occurred during processing of request from ('127.0.0.1', 62009)
----------------------------------------
----------------------------------------
Exception occurred during processing of request from ('127.0.0.1', 59790)
Exception occurred during processing of request from ('127.0.0.1', 58801)
Traceback (most recent call last):
  File "C:\Users\simip\AppData\Local\Programs\Python\Python39\lib\socketserver.py", line 683, in process_request_thread
    self.finish_request(request, client_address)
----------------------------------------
  File "C:\Users\simip\AppData\Local\Programs\Python\Python39\lib\socketserver.py", line 360, in finish_request
    self.RequestHandlerClass(request, client_address, self)
----------------------------------------
Traceback (most recent call last):
  File "C:\Users\simip\AppData\Local\Programs\Python\Python39\lib\http\server.py", line 651, in __init__
    super().__init__(*args, **kwargs)
  File "C:\Users\simip\AppData\Local\Programs\Python\Python39\lib\socketserver.py", line 747, in __init__
    self.handle()
  File "C:\Users\simip\AppData\Local\Programs\Python\Python39\lib\http\server.py", line 427, in handle
    self.handle_one_request()
Traceback (most recent call last):
----------------------------------------
Exception occurred during processing of request from ('127.0.0.1', 64113)
Exception occurred during processing of request from ('127.0.0.1', 65015)
  File "C:\Users\simip\AppData\Local\Programs\Python\Python39\lib\socketserver.py", line 683, in process_request_thread
    self.finish_request(request, client_address)
  File "C:\Users\simip\AppData\Local\Programs\Python\Python39\lib\http\server.py", line 393, in handle_one_request
    self.raw_requestline = self.rfile.readline(65537)
Exception occurred during processing of request from ('127.0.0.1', 52974)
  File "C:\Users\simip\AppData\Local\Programs\Python\Python39\lib\socketserver.py", line 683, in process_request_thread
    self.finish_request(request, client_address)
  File "C:\Users\simip\AppData\Local\Programs\Python\Python39\lib\socketserver.py", line 360, in finish_request
    self.RequestHandlerClass(request, client_address, self)
  File "C:\Users\simip\AppData\Local\Programs\Python\Python39\lib\socketserver.py", line 360, in finish_request
    self.RequestHandlerClass(request, client_address, self)
  File "C:\Users\simip\AppData\Local\Programs\Python\Python39\lib\http\server.py", line 651, in __init__
    super().__init__(*args, **kwargs)
  File "C:\Users\simip\AppData\Local\Programs\Python\Python39\lib\http\server.py", line 651, in __init__
    super().__init__(*args, **kwargs)
  File "C:\Users\simip\AppData\Local\Programs\Python\Python39\lib\socketserver.py", line 747, in __init__
    self.handle()
  File "C:\Users\simip\AppData\Local\Programs\Python\Python39\lib\socketserver.py", line 747, in __init__
    self.handle()
  File "C:\Users\simip\AppData\Local\Programs\Python\Python39\lib\socket.py", line 704, in readinto
    return self._sock.recv_into(b)
  File "C:\Users\simip\AppData\Local\Programs\Python\Python39\lib\http\server.py", line 427, in handle
    self.handle_one_request()
  File "C:\Users\simip\AppData\Local\Programs\Python\Python39\lib\http\server.py", line 393, in handle_one_request
    self.raw_requestline = self.rfile.readline(65537)
  File "C:\Users\simip\AppData\Local\Programs\Python\Python39\lib\http\server.py", line 427, in handle
    self.handle_one_request()
ConnectionResetError: [WinError 10054] An existing connection was forcibly closed by the remote host
----------------------------------------
  File "C:\Users\simip\AppData\Local\Programs\Python\Python39\lib\http\server.py", line 393, in handle_one_request
    self.raw_requestline = self.rfile.readline(65537)
  File "C:\Users\simip\AppData\Local\Programs\Python\Python39\lib\socket.py", line 704, in readinto
    return self._sock.recv_into(b)
  File "C:\Users\simip\AppData\Local\Programs\Python\Python39\lib\socket.py", line 704, in readinto
    return self._sock.recv_into(b)
ConnectionResetError: [WinError 10054] An existing connection was forcibly closed by the remote host
Traceback (most recent call last):
Traceback (most recent call last):
ConnectionResetError: [WinError 10054] An existing connection was forcibly closed by the remote host
  File "C:\Users\simip\AppData\Local\Programs\Python\Python39\lib\socketserver.py", line 683, in process_request_thread
    self.finish_request(request, client_address)
  File "C:\Users\simip\AppData\Local\Programs\Python\Python39\lib\socketserver.py", line 360, in finish_request
    self.RequestHandlerClass(request, client_address, self)
  File "C:\Users\simip\AppData\Local\Programs\Python\Python39\lib\http\server.py", line 651, in __init__
    super().__init__(*args, **kwargs)
----------------------------------------
Traceback (most recent call last):
  File "C:\Users\simip\AppData\Local\Programs\Python\Python39\lib\socketserver.py", line 683, in process_request_thread
    self.finish_request(request, client_address)
  File "C:\Users\simip\AppData\Local\Programs\Python\Python39\lib\socketserver.py", line 683, in process_request_thread
    self.finish_request(request, client_address)
  File "C:\Users\simip\AppData\Local\Programs\Python\Python39\lib\socketserver.py", line 360, in finish_request
    self.RequestHandlerClass(request, client_address, self)
----------------------------------------
  File "C:\Users\simip\AppData\Local\Programs\Python\Python39\lib\socketserver.py", line 747, in __init__
    self.handle()
  File "C:\Users\simip\AppData\Local\Programs\Python\Python39\lib\socketserver.py", line 360, in finish_request
    self.RequestHandlerClass(request, client_address, self)
  File "C:\Users\simip\AppData\Local\Programs\Python\Python39\lib\http\server.py", line 427, in handle
    self.handle_one_request()
  File "C:\Users\simip\AppData\Local\Programs\Python\Python39\lib\http\server.py", line 651, in __init__
    super().__init__(*args, **kwargs)
  File "C:\Users\simip\AppData\Local\Programs\Python\Python39\lib\http\server.py", line 393, in handle_one_request
    self.raw_requestline = self.rfile.readline(65537)
  File "C:\Users\simip\AppData\Local\Programs\Python\Python39\lib\socketserver.py", line 747, in __init__
    self.handle()
  File "C:\Users\simip\AppData\Local\Programs\Python\Python39\lib\http\server.py", line 427, in handle
    self.handle_one_request()
  File "C:\Users\simip\AppData\Local\Programs\Python\Python39\lib\http\server.py", line 651, in __init__
    super().__init__(*args, **kwargs)
  File "C:\Users\simip\AppData\Local\Programs\Python\Python39\lib\http\server.py", line 393, in handle_one_request
    self.raw_requestline = self.rfile.readline(65537)
  File "C:\Users\simip\AppData\Local\Programs\Python\Python39\lib\socketserver.py", line 747, in __init__
    self.handle()
  File "C:\Users\simip\AppData\Local\Programs\Python\Python39\lib\socket.py", line 704, in readinto
    return self._sock.recv_into(b)
  File "C:\Users\simip\AppData\Local\Programs\Python\Python39\lib\http\server.py", line 427, in handle
    self.handle_one_request()
ConnectionResetError: [WinError 10054] An existing connection was forcibly closed by the remote host
  File "C:\Users\simip\AppData\Local\Programs\Python\Python39\lib\http\server.py", line 393, in handle_one_request
    self.raw_requestline = self.rfile.readline(65537)
----------------------------------------
  File "C:\Users\simip\AppData\Local\Programs\Python\Python39\lib\socket.py", line 704, in readinto
    return self._sock.recv_into(b)
  File "C:\Users\simip\AppData\Local\Programs\Python\Python39\lib\socket.py", line 704, in readinto
    return self._sock.recv_into(b)
ConnectionResetError: [WinError 10054] An existing connection was forcibly closed by the remote host
ConnectionResetError: [WinError 10054] An existing connection was forcibly closed by the remote host
----------------------------------------
----------------------------------------
----------------------------------------
----------------------------------------
----------------------------------------
----------------------------------------
Exception occurred during processing of request from ('127.0.0.1', 64889)
----------------------------------------
Exception occurred during processing of request from ('127.0.0.1', 62631)
----------------------------------------
Exception occurred during processing of request from ('127.0.0.1', 56256)
Exception occurred during processing of request from ('127.0.0.1', 60531)
Exception occurred during processing of request from ('127.0.0.1', 51502)
Exception occurred during processing of request from ('127.0.0.1', 64748)
Traceback (most recent call last):
  File "C:\Users\simip\AppData\Local\Programs\Python\Python39\lib\socketserver.py", line 683, in process_request_thread
    self.finish_request(request, client_address)
  File "C:\Users\simip\AppData\Local\Programs\Python\Python39\lib\socketserver.py", line 360, in finish_request
    self.RequestHandlerClass(request, client_address, self)
  File "C:\Users\simip\AppData\Local\Programs\Python\Python39\lib\http\server.py", line 651, in __init__
    super().__init__(*args, **kwargs)
Traceback (most recent call last):
  File "C:\Users\simip\AppData\Local\Programs\Python\Python39\lib\socketserver.py", line 747, in __init__
    self.handle()
  File "C:\Users\simip\AppData\Local\Programs\Python\Python39\lib\http\server.py", line 427, in handle
    self.handle_one_request()
Traceback (most recent call last):
  File "C:\Users\simip\AppData\Local\Programs\Python\Python39\lib\socketserver.py", line 683, in process_request_thread
    self.finish_request(request, client_address)
  File "C:\Users\simip\AppData\Local\Programs\Python\Python39\lib\http\server.py", line 393, in handle_one_request
    self.raw_requestline = self.rfile.readline(65537)
  File "C:\Users\simip\AppData\Local\Programs\Python\Python39\lib\socket.py", line 704, in readinto
    return self._sock.recv_into(b)
ConnectionResetError: [WinError 10054] An existing connection was forcibly closed by the remote host
Traceback (most recent call last):
  File "C:\Users\simip\AppData\Local\Programs\Python\Python39\lib\socketserver.py", line 683, in process_request_thread
    self.finish_request(request, client_address)
Traceback (most recent call last):
  File "C:\Users\simip\AppData\Local\Programs\Python\Python39\lib\socketserver.py", line 683, in process_request_thread
    self.finish_request(request, client_address)
  File "C:\Users\simip\AppData\Local\Programs\Python\Python39\lib\socketserver.py", line 360, in finish_request
    self.RequestHandlerClass(request, client_address, self)
Traceback (most recent call last):
  File "C:\Users\simip\AppData\Local\Programs\Python\Python39\lib\socketserver.py", line 683, in process_request_thread
    self.finish_request(request, client_address)
----------------------------------------
  File "C:\Users\simip\AppData\Local\Programs\Python\Python39\lib\socketserver.py", line 360, in finish_request
    self.RequestHandlerClass(request, client_address, self)
  File "C:\Users\simip\AppData\Local\Programs\Python\Python39\lib\socketserver.py", line 360, in finish_request
    self.RequestHandlerClass(request, client_address, self)
  File "C:\Users\simip\AppData\Local\Programs\Python\Python39\lib\http\server.py", line 651, in __init__
    super().__init__(*args, **kwargs)
  File "C:\Users\simip\AppData\Local\Programs\Python\Python39\lib\socketserver.py", line 747, in __init__
    self.handle()
  File "C:\Users\simip\AppData\Local\Programs\Python\Python39\lib\http\server.py", line 427, in handle
    self.handle_one_request()
  File "C:\Users\simip\AppData\Local\Programs\Python\Python39\lib\http\server.py", line 393, in handle_one_request
    self.raw_requestline = self.rfile.readline(65537)
  File "C:\Users\simip\AppData\Local\Programs\Python\Python39\lib\socket.py", line 704, in readinto
    return self._sock.recv_into(b)
ConnectionResetError: [WinError 10054] An existing connection was forcibly closed by the remote host
----------------------------------------
  File "C:\Users\simip\AppData\Local\Programs\Python\Python39\lib\http\server.py", line 651, in __init__
    super().__init__(*args, **kwargs)
  File "C:\Users\simip\AppData\Local\Programs\Python\Python39\lib\socketserver.py", line 747, in __init__
    self.handle()
  File "C:\Users\simip\AppData\Local\Programs\Python\Python39\lib\http\server.py", line 427, in handle
    self.handle_one_request()
  File "C:\Users\simip\AppData\Local\Programs\Python\Python39\lib\http\server.py", line 393, in handle_one_request
    self.raw_requestline = self.rfile.readline(65537)
  File "C:\Users\simip\AppData\Local\Programs\Python\Python39\lib\socket.py", line 704, in readinto
    return self._sock.recv_into(b)
ConnectionResetError: [WinError 10054] An existing connection was forcibly closed by the remote host
----------------------------------------
  File "C:\Users\simip\AppData\Local\Programs\Python\Python39\lib\socketserver.py", line 360, in finish_request
    self.RequestHandlerClass(request, client_address, self)
  File "C:\Users\simip\AppData\Local\Programs\Python\Python39\lib\http\server.py", line 651, in __init__
    super().__init__(*args, **kwargs)
  File "C:\Users\simip\AppData\Local\Programs\Python\Python39\lib\socketserver.py", line 747, in __init__
    self.handle()
  File "C:\Users\simip\AppData\Local\Programs\Python\Python39\lib\http\server.py", line 427, in handle
    self.handle_one_request()
  File "C:\Users\simip\AppData\Local\Programs\Python\Python39\lib\socketserver.py", line 683, in process_request_thread
    self.finish_request(request, client_address)
  File "C:\Users\simip\AppData\Local\Programs\Python\Python39\lib\socketserver.py", line 360, in finish_request
    self.RequestHandlerClass(request, client_address, self)
  File "C:\Users\simip\AppData\Local\Programs\Python\Python39\lib\http\server.py", line 651, in __init__
    super().__init__(*args, **kwargs)
  File "C:\Users\simip\AppData\Local\Programs\Python\Python39\lib\socketserver.py", line 747, in __init__
    self.handle()
  File "C:\Users\simip\AppData\Local\Programs\Python\Python39\lib\http\server.py", line 427, in handle
    self.handle_one_request()
  File "C:\Users\simip\AppData\Local\Programs\Python\Python39\lib\http\server.py", line 393, in handle_one_request
    self.raw_requestline = self.rfile.readline(65537)
  File "C:\Users\simip\AppData\Local\Programs\Python\Python39\lib\socket.py", line 704, in readinto
    return self._sock.recv_into(b)
ConnectionResetError: [WinError 10054] An existing connection was forcibly closed by the remote host
  File "C:\Users\simip\AppData\Local\Programs\Python\Python39\lib\http\server.py", line 651, in __init__
    super().__init__(*args, **kwargs)
  File "C:\Users\simip\AppData\Local\Programs\Python\Python39\lib\socketserver.py", line 747, in __init__
    self.handle()
  File "C:\Users\simip\AppData\Local\Programs\Python\Python39\lib\http\server.py", line 427, in handle
    self.handle_one_request()
  File "C:\Users\simip\AppData\Local\Programs\Python\Python39\lib\http\server.py", line 393, in handle_one_request
    self.raw_requestline = self.rfile.readline(65537)
  File "C:\Users\simip\AppData\Local\Programs\Python\Python39\lib\socket.py", line 704, in readinto
    return self._sock.recv_into(b)
ConnectionResetError: [WinError 10054] An existing connection was forcibly closed by the remote host
----------------------------------------
  File "C:\Users\simip\AppData\Local\Programs\Python\Python39\lib\http\server.py", line 393, in handle_one_request
    self.raw_requestline = self.rfile.readline(65537)
  File "C:\Users\simip\AppData\Local\Programs\Python\Python39\lib\socket.py", line 704, in readinto
    return self._sock.recv_into(b)
ConnectionResetError: [WinError 10054] An existing connection was forcibly closed by the remote host
----------------------------------------
----------------------------------------
----------------------------------------
----------------------------------------
Exception occurred during processing of request from ('127.0.0.1', 53361)
Exception occurred during processing of request from ('127.0.0.1', 62047)
Traceback (most recent call last):
Traceback (most recent call last):
  File "C:\Users\simip\AppData\Local\Programs\Python\Python39\lib\socketserver.py", line 683, in process_request_thread
    self.finish_request(request, client_address)
  File "C:\Users\simip\AppData\Local\Programs\Python\Python39\lib\socketserver.py", line 683, in process_request_thread
    self.finish_request(request, client_address)
  File "C:\Users\simip\AppData\Local\Programs\Python\Python39\lib\socketserver.py", line 360, in finish_request
    self.RequestHandlerClass(request, client_address, self)
  File "C:\Users\simip\AppData\Local\Programs\Python\Python39\lib\socketserver.py", line 360, in finish_request
    self.RequestHandlerClass(request, client_address, self)
  File "C:\Users\simip\AppData\Local\Programs\Python\Python39\lib\http\server.py", line 651, in __init__
    super().__init__(*args, **kwargs)
  File "C:\Users\simip\AppData\Local\Programs\Python\Python39\lib\http\server.py", line 651, in __init__
    super().__init__(*args, **kwargs)
  File "C:\Users\simip\AppData\Local\Programs\Python\Python39\lib\socketserver.py", line 747, in __init__
    self.handle()
  File "C:\Users\simip\AppData\Local\Programs\Python\Python39\lib\socketserver.py", line 747, in __init__
    self.handle()
  File "C:\Users\simip\AppData\Local\Programs\Python\Python39\lib\http\server.py", line 427, in handle
    self.handle_one_request()
  File "C:\Users\simip\AppData\Local\Programs\Python\Python39\lib\http\server.py", line 427, in handle
    self.handle_one_request()
  File "C:\Users\simip\AppData\Local\Programs\Python\Python39\lib\http\server.py", line 393, in handle_one_request
    self.raw_requestline = self.rfile.readline(65537)
  File "C:\Users\simip\AppData\Local\Programs\Python\Python39\lib\http\server.py", line 393, in handle_one_request
    self.raw_requestline = self.rfile.readline(65537)
  File "C:\Users\simip\AppData\Local\Programs\Python\Python39\lib\socket.py", line 704, in readinto
    return self._sock.recv_into(b)
  File "C:\Users\simip\AppData\Local\Programs\Python\Python39\lib\socket.py", line 704, in readinto
    return self._sock.recv_into(b)
ConnectionResetError: [WinError 10054] An existing connection was forcibly closed by the remote host
ConnectionResetError: [WinError 10054] An existing connection was forcibly closed by the remote host
----------------------------------------
----------------------------------------
----------------------------------------
Exception occurred during processing of request from ('127.0.0.1', 59836)
Traceback (most recent call last):
  File "C:\Users\simip\AppData\Local\Programs\Python\Python39\lib\socketserver.py", line 683, in process_request_thread
    self.finish_request(request, client_address)
  File "C:\Users\simip\AppData\Local\Programs\Python\Python39\lib\socketserver.py", line 360, in finish_request
    self.RequestHandlerClass(request, client_address, self)
  File "C:\Users\simip\AppData\Local\Programs\Python\Python39\lib\http\server.py", line 651, in __init__
    super().__init__(*args, **kwargs)
  File "C:\Users\simip\AppData\Local\Programs\Python\Python39\lib\socketserver.py", line 747, in __init__
    self.handle()
  File "C:\Users\simip\AppData\Local\Programs\Python\Python39\lib\http\server.py", line 427, in handle
    self.handle_one_request()
  File "C:\Users\simip\AppData\Local\Programs\Python\Python39\lib\http\server.py", line 393, in handle_one_request
    self.raw_requestline = self.rfile.readline(65537)
  File "C:\Users\simip\AppData\Local\Programs\Python\Python39\lib\socket.py", line 704, in readinto
    return self._sock.recv_into(b)
ConnectionResetError: [WinError 10054] An existing connection was forcibly closed by the remote host
----------------------------------------
----------------------------------------
Exception occurred during processing of request from ('127.0.0.1', 64196)
----------------------------------------
----------------------------------------
Exception occurred during processing of request from ('127.0.0.1', 56236)
Exception occurred during processing of request from ('127.0.0.1', 50845)
Traceback (most recent call last):
  File "C:\Users\simip\AppData\Local\Programs\Python\Python39\lib\socketserver.py", line 683, in process_request_thread
    self.finish_request(request, client_address)
  File "C:\Users\simip\AppData\Local\Programs\Python\Python39\lib\socketserver.py", line 360, in finish_request
    self.RequestHandlerClass(request, client_address, self)
  File "C:\Users\simip\AppData\Local\Programs\Python\Python39\lib\http\server.py", line 651, in __init__
    super().__init__(*args, **kwargs)
  File "C:\Users\simip\AppData\Local\Programs\Python\Python39\lib\socketserver.py", line 747, in __init__
    self.handle()
  File "C:\Users\simip\AppData\Local\Programs\Python\Python39\lib\http\server.py", line 427, in handle
    self.handle_one_request()
  File "C:\Users\simip\AppData\Local\Programs\Python\Python39\lib\http\server.py", line 393, in handle_one_request
    self.raw_requestline = self.rfile.readline(65537)
  File "C:\Users\simip\AppData\Local\Programs\Python\Python39\lib\socket.py", line 704, in readinto
    return self._sock.recv_into(b)
ConnectionResetError: [WinError 10054] An existing connection was forcibly closed by the remote host
----------------------------------------
Traceback (most recent call last):
  File "C:\Users\simip\AppData\Local\Programs\Python\Python39\lib\socketserver.py", line 683, in process_request_thread
    self.finish_request(request, client_address)
  File "C:\Users\simip\AppData\Local\Programs\Python\Python39\lib\socketserver.py", line 360, in finish_request
    self.RequestHandlerClass(request, client_address, self)
  File "C:\Users\simip\AppData\Local\Programs\Python\Python39\lib\http\server.py", line 651, in __init__
    super().__init__(*args, **kwargs)
  File "C:\Users\simip\AppData\Local\Programs\Python\Python39\lib\socketserver.py", line 747, in __init__
    self.handle()
  File "C:\Users\simip\AppData\Local\Programs\Python\Python39\lib\http\server.py", line 427, in handle
    self.handle_one_request()
  File "C:\Users\simip\AppData\Local\Programs\Python\Python39\lib\http\server.py", line 393, in handle_one_request
    self.raw_requestline = self.rfile.readline(65537)
  File "C:\Users\simip\AppData\Local\Programs\Python\Python39\lib\socket.py", line 704, in readinto
    return self._sock.recv_into(b)
Traceback (most recent call last):
ConnectionResetError: [WinError 10054] An existing connection was forcibly closed by the remote host
----------------------------------------
  File "C:\Users\simip\AppData\Local\Programs\Python\Python39\lib\socketserver.py", line 683, in process_request_thread
    self.finish_request(request, client_address)
  File "C:\Users\simip\AppData\Local\Programs\Python\Python39\lib\socketserver.py", line 360, in finish_request
    self.RequestHandlerClass(request, client_address, self)
  File "C:\Users\simip\AppData\Local\Programs\Python\Python39\lib\http\server.py", line 651, in __init__
    super().__init__(*args, **kwargs)
  File "C:\Users\simip\AppData\Local\Programs\Python\Python39\lib\socketserver.py", line 747, in __init__
    self.handle()
  File "C:\Users\simip\AppData\Local\Programs\Python\Python39\lib\http\server.py", line 427, in handle
    self.handle_one_request()
  File "C:\Users\simip\AppData\Local\Programs\Python\Python39\lib\http\server.py", line 393, in handle_one_request
    self.raw_requestline = self.rfile.readline(65537)
  File "C:\Users\simip\AppData\Local\Programs\Python\Python39\lib\socket.py", line 704, in readinto
    return self._sock.recv_into(b)
ConnectionResetError: [WinError 10054] An existing connection was forcibly closed by the remote host
----------------------------------------
----------------------------------------
----------------------------------------
Exception occurred during processing of request from ('127.0.0.1', 57860)
----------------------------------------
----------------------------------------
----------------------------------------
Exception occurred during processing of request from ('127.0.0.1', 53363)
Exception occurred during processing of request from ('127.0.0.1', 61868)
Exception occurred during processing of request from ('127.0.0.1', 49278)
Exception occurred during processing of request from ('127.0.0.1', 52478)
----------------------------------------
Exception occurred during processing of request from ('127.0.0.1', 51913)
Traceback (most recent call last):
Traceback (most recent call last):
Traceback (most recent call last):
  File "C:\Users\simip\AppData\Local\Programs\Python\Python39\lib\socketserver.py", line 683, in process_request_thread
    self.finish_request(request, client_address)
Traceback (most recent call last):
  File "C:\Users\simip\AppData\Local\Programs\Python\Python39\lib\socketserver.py", line 683, in process_request_thread
    self.finish_request(request, client_address)
  File "C:\Users\simip\AppData\Local\Programs\Python\Python39\lib\socketserver.py", line 683, in process_request_thread
    self.finish_request(request, client_address)
  File "C:\Users\simip\AppData\Local\Programs\Python\Python39\lib\socketserver.py", line 360, in finish_request
    self.RequestHandlerClass(request, client_address, self)
  File "C:\Users\simip\AppData\Local\Programs\Python\Python39\lib\http\server.py", line 651, in __init__
    super().__init__(*args, **kwargs)
  File "C:\Users\simip\AppData\Local\Programs\Python\Python39\lib\socketserver.py", line 360, in finish_request
    self.RequestHandlerClass(request, client_address, self)
  File "C:\Users\simip\AppData\Local\Programs\Python\Python39\lib\socketserver.py", line 683, in process_request_thread
    self.finish_request(request, client_address)
  File "C:\Users\simip\AppData\Local\Programs\Python\Python39\lib\socketserver.py", line 360, in finish_request
    self.RequestHandlerClass(request, client_address, self)
  File "C:\Users\simip\AppData\Local\Programs\Python\Python39\lib\http\server.py", line 651, in __init__
    super().__init__(*args, **kwargs)
  File "C:\Users\simip\AppData\Local\Programs\Python\Python39\lib\socketserver.py", line 747, in __init__
    self.handle()
  File "C:\Users\simip\AppData\Local\Programs\Python\Python39\lib\http\server.py", line 427, in handle
    self.handle_one_request()
  File "C:\Users\simip\AppData\Local\Programs\Python\Python39\lib\http\server.py", line 393, in handle_one_request
    self.raw_requestline = self.rfile.readline(65537)
  File "C:\Users\simip\AppData\Local\Programs\Python\Python39\lib\socket.py", line 704, in readinto
    return self._sock.recv_into(b)
ConnectionResetError: [WinError 10054] An existing connection was forcibly closed by the remote host
  File "C:\Users\simip\AppData\Local\Programs\Python\Python39\lib\socketserver.py", line 360, in finish_request
    self.RequestHandlerClass(request, client_address, self)
  File "C:\Users\simip\AppData\Local\Programs\Python\Python39\lib\socketserver.py", line 747, in __init__
    self.handle()
Traceback (most recent call last):
  File "C:\Users\simip\AppData\Local\Programs\Python\Python39\lib\http\server.py", line 651, in __init__
    super().__init__(*args, **kwargs)
Traceback (most recent call last):
----------------------------------------
  File "C:\Users\simip\AppData\Local\Programs\Python\Python39\lib\socketserver.py", line 747, in __init__
    self.handle()
  File "C:\Users\simip\AppData\Local\Programs\Python\Python39\lib\socketserver.py", line 683, in process_request_thread
    self.finish_request(request, client_address)
  File "C:\Users\simip\AppData\Local\Programs\Python\Python39\lib\socketserver.py", line 683, in process_request_thread
    self.finish_request(request, client_address)
  File "C:\Users\simip\AppData\Local\Programs\Python\Python39\lib\socketserver.py", line 360, in finish_request
    self.RequestHandlerClass(request, client_address, self)
  File "C:\Users\simip\AppData\Local\Programs\Python\Python39\lib\socketserver.py", line 360, in finish_request
    self.RequestHandlerClass(request, client_address, self)
  File "C:\Users\simip\AppData\Local\Programs\Python\Python39\lib\http\server.py", line 651, in __init__
    super().__init__(*args, **kwargs)
  File "C:\Users\simip\AppData\Local\Programs\Python\Python39\lib\socketserver.py", line 747, in __init__
    self.handle()
  File "C:\Users\simip\AppData\Local\Programs\Python\Python39\lib\http\server.py", line 651, in __init__
    super().__init__(*args, **kwargs)
  File "C:\Users\simip\AppData\Local\Programs\Python\Python39\lib\http\server.py", line 427, in handle
    self.handle_one_request()
  File "C:\Users\simip\AppData\Local\Programs\Python\Python39\lib\http\server.py", line 393, in handle_one_request
    self.raw_requestline = self.rfile.readline(65537)
  File "C:\Users\simip\AppData\Local\Programs\Python\Python39\lib\socket.py", line 704, in readinto
    return self._sock.recv_into(b)
ConnectionResetError: [WinError 10054] An existing connection was forcibly closed by the remote host
----------------------------------------
  File "C:\Users\simip\AppData\Local\Programs\Python\Python39\lib\socketserver.py", line 747, in __init__
    self.handle()
  File "C:\Users\simip\AppData\Local\Programs\Python\Python39\lib\http\server.py", line 427, in handle
    self.handle_one_request()
  File "C:\Users\simip\AppData\Local\Programs\Python\Python39\lib\http\server.py", line 393, in handle_one_request
    self.raw_requestline = self.rfile.readline(65537)
  File "C:\Users\simip\AppData\Local\Programs\Python\Python39\lib\socket.py", line 704, in readinto
    return self._sock.recv_into(b)
ConnectionResetError: [WinError 10054] An existing connection was forcibly closed by the remote host
----------------------------------------
  File "C:\Users\simip\AppData\Local\Programs\Python\Python39\lib\http\server.py", line 651, in __init__
    super().__init__(*args, **kwargs)
  File "C:\Users\simip\AppData\Local\Programs\Python\Python39\lib\http\server.py", line 427, in handle
    self.handle_one_request()
  File "C:\Users\simip\AppData\Local\Programs\Python\Python39\lib\socketserver.py", line 747, in __init__
    self.handle()
  File "C:\Users\simip\AppData\Local\Programs\Python\Python39\lib\http\server.py", line 393, in handle_one_request
    self.raw_requestline = self.rfile.readline(65537)
  File "C:\Users\simip\AppData\Local\Programs\Python\Python39\lib\http\server.py", line 427, in handle
    self.handle_one_request()
  File "C:\Users\simip\AppData\Local\Programs\Python\Python39\lib\socket.py", line 704, in readinto
    return self._sock.recv_into(b)
  File "C:\Users\simip\AppData\Local\Programs\Python\Python39\lib\http\server.py", line 393, in handle_one_request
    self.raw_requestline = self.rfile.readline(65537)
ConnectionResetError: [WinError 10054] An existing connection was forcibly closed by the remote host
  File "C:\Users\simip\AppData\Local\Programs\Python\Python39\lib\socket.py", line 704, in readinto
    return self._sock.recv_into(b)
----------------------------------------
ConnectionResetError: [WinError 10054] An existing connection was forcibly closed by the remote host
  File "C:\Users\simip\AppData\Local\Programs\Python\Python39\lib\http\server.py", line 427, in handle
    self.handle_one_request()
----------------------------------------
  File "C:\Users\simip\AppData\Local\Programs\Python\Python39\lib\http\server.py", line 393, in handle_one_request
    self.raw_requestline = self.rfile.readline(65537)
  File "C:\Users\simip\AppData\Local\Programs\Python\Python39\lib\socket.py", line 704, in readinto
    return self._sock.recv_into(b)
ConnectionResetError: [WinError 10054] An existing connection was forcibly closed by the remote host
----------------------------------------
----------------------------------------
Exception occurred during processing of request from ('127.0.0.1', 49671)
Traceback (most recent call last):
  File "C:\Users\simip\AppData\Local\Programs\Python\Python39\lib\socketserver.py", line 683, in process_request_thread
    self.finish_request(request, client_address)
  File "C:\Users\simip\AppData\Local\Programs\Python\Python39\lib\socketserver.py", line 360, in finish_request
    self.RequestHandlerClass(request, client_address, self)
  File "C:\Users\simip\AppData\Local\Programs\Python\Python39\lib\http\server.py", line 651, in __init__
    super().__init__(*args, **kwargs)
  File "C:\Users\simip\AppData\Local\Programs\Python\Python39\lib\socketserver.py", line 747, in __init__
    self.handle()
  File "C:\Users\simip\AppData\Local\Programs\Python\Python39\lib\http\server.py", line 427, in handle
    self.handle_one_request()
  File "C:\Users\simip\AppData\Local\Programs\Python\Python39\lib\http\server.py", line 393, in handle_one_request
    self.raw_requestline = self.rfile.readline(65537)
  File "C:\Users\simip\AppData\Local\Programs\Python\Python39\lib\socket.py", line 704, in readinto
    return self._sock.recv_into(b)
ConnectionResetError: [WinError 10054] An existing connection was forcibly closed by the remote host
----------------------------------------
----------------------------------------
----------------------------------------
Exception occurred during processing of request from ('127.0.0.1', 52935)
Exception occurred during processing of request from ('127.0.0.1', 57417)
----------------------------------------
----------------------------------------
Exception occurred during processing of request from ('127.0.0.1', 59275)
Exception occurred during processing of request from ('127.0.0.1', 59723)
----------------------------------------
Exception occurred during processing of request from ('127.0.0.1', 61021)
Traceback (most recent call last):
  File "C:\Users\simip\AppData\Local\Programs\Python\Python39\lib\socketserver.py", line 683, in process_request_thread
    self.finish_request(request, client_address)
Traceback (most recent call last):
  File "C:\Users\simip\AppData\Local\Programs\Python\Python39\lib\socketserver.py", line 360, in finish_request
    self.RequestHandlerClass(request, client_address, self)
  File "C:\Users\simip\AppData\Local\Programs\Python\Python39\lib\socketserver.py", line 683, in process_request_thread
    self.finish_request(request, client_address)
  File "C:\Users\simip\AppData\Local\Programs\Python\Python39\lib\http\server.py", line 651, in __init__
    super().__init__(*args, **kwargs)
  File "C:\Users\simip\AppData\Local\Programs\Python\Python39\lib\socketserver.py", line 360, in finish_request
    self.RequestHandlerClass(request, client_address, self)
  File "C:\Users\simip\AppData\Local\Programs\Python\Python39\lib\socketserver.py", line 747, in __init__
    self.handle()
  File "C:\Users\simip\AppData\Local\Programs\Python\Python39\lib\http\server.py", line 651, in __init__
    super().__init__(*args, **kwargs)
Traceback (most recent call last):
  File "C:\Users\simip\AppData\Local\Programs\Python\Python39\lib\http\server.py", line 427, in handle
    self.handle_one_request()
  File "C:\Users\simip\AppData\Local\Programs\Python\Python39\lib\http\server.py", line 393, in handle_one_request
    self.raw_requestline = self.rfile.readline(65537)
  File "C:\Users\simip\AppData\Local\Programs\Python\Python39\lib\socketserver.py", line 683, in process_request_thread
    self.finish_request(request, client_address)
Traceback (most recent call last):
  File "C:\Users\simip\AppData\Local\Programs\Python\Python39\lib\socket.py", line 704, in readinto
    return self._sock.recv_into(b)
  File "C:\Users\simip\AppData\Local\Programs\Python\Python39\lib\socketserver.py", line 360, in finish_request
    self.RequestHandlerClass(request, client_address, self)
  File "C:\Users\simip\AppData\Local\Programs\Python\Python39\lib\socketserver.py", line 683, in process_request_thread
    self.finish_request(request, client_address)
  File "C:\Users\simip\AppData\Local\Programs\Python\Python39\lib\socketserver.py", line 360, in finish_request
    self.RequestHandlerClass(request, client_address, self)
  File "C:\Users\simip\AppData\Local\Programs\Python\Python39\lib\http\server.py", line 651, in __init__
    super().__init__(*args, **kwargs)
  File "C:\Users\simip\AppData\Local\Programs\Python\Python39\lib\socketserver.py", line 747, in __init__
    self.handle()
ConnectionResetError: [WinError 10054] An existing connection was forcibly closed by the remote host
  File "C:\Users\simip\AppData\Local\Programs\Python\Python39\lib\socketserver.py", line 747, in __init__
    self.handle()
  File "C:\Users\simip\AppData\Local\Programs\Python\Python39\lib\http\server.py", line 651, in __init__
    super().__init__(*args, **kwargs)
  File "C:\Users\simip\AppData\Local\Programs\Python\Python39\lib\socketserver.py", line 747, in __init__
    self.handle()
----------------------------------------
  File "C:\Users\simip\AppData\Local\Programs\Python\Python39\lib\http\server.py", line 427, in handle
    self.handle_one_request()
  File "C:\Users\simip\AppData\Local\Programs\Python\Python39\lib\http\server.py", line 393, in handle_one_request
    self.raw_requestline = self.rfile.readline(65537)
  File "C:\Users\simip\AppData\Local\Programs\Python\Python39\lib\http\server.py", line 427, in handle
    self.handle_one_request()
  File "C:\Users\simip\AppData\Local\Programs\Python\Python39\lib\socket.py", line 704, in readinto
    return self._sock.recv_into(b)
  File "C:\Users\simip\AppData\Local\Programs\Python\Python39\lib\http\server.py", line 393, in handle_one_request
    self.raw_requestline = self.rfile.readline(65537)
  File "C:\Users\simip\AppData\Local\Programs\Python\Python39\lib\socket.py", line 704, in readinto
    return self._sock.recv_into(b)
  File "C:\Users\simip\AppData\Local\Programs\Python\Python39\lib\http\server.py", line 427, in handle
    self.handle_one_request()
  File "C:\Users\simip\AppData\Local\Programs\Python\Python39\lib\http\server.py", line 393, in handle_one_request
    self.raw_requestline = self.rfile.readline(65537)
ConnectionResetError: [WinError 10054] An existing connection was forcibly closed by the remote host
ConnectionResetError: [WinError 10054] An existing connection was forcibly closed by the remote host
----------------------------------------
  File "C:\Users\simip\AppData\Local\Programs\Python\Python39\lib\socket.py", line 704, in readinto
    return self._sock.recv_into(b)
ConnectionResetError: [WinError 10054] An existing connection was forcibly closed by the remote host
----------------------------------------
----------------------------------------
Traceback (most recent call last):
  File "C:\Users\simip\AppData\Local\Programs\Python\Python39\lib\socketserver.py", line 683, in process_request_thread
    self.finish_request(request, client_address)
  File "C:\Users\simip\AppData\Local\Programs\Python\Python39\lib\socketserver.py", line 360, in finish_request
    self.RequestHandlerClass(request, client_address, self)
  File "C:\Users\simip\AppData\Local\Programs\Python\Python39\lib\http\server.py", line 651, in __init__
    super().__init__(*args, **kwargs)
  File "C:\Users\simip\AppData\Local\Programs\Python\Python39\lib\socketserver.py", line 747, in __init__
    self.handle()
  File "C:\Users\simip\AppData\Local\Programs\Python\Python39\lib\http\server.py", line 427, in handle
    self.handle_one_request()
  File "C:\Users\simip\AppData\Local\Programs\Python\Python39\lib\http\server.py", line 393, in handle_one_request
    self.raw_requestline = self.rfile.readline(65537)
  File "C:\Users\simip\AppData\Local\Programs\Python\Python39\lib\socket.py", line 704, in readinto
    return self._sock.recv_into(b)
ConnectionResetError: [WinError 10054] An existing connection was forcibly closed by the remote host
----------------------------------------
----------------------------------------
Exception occurred during processing of request from ('127.0.0.1', 62100)
Traceback (most recent call last):
  File "C:\Users\simip\AppData\Local\Programs\Python\Python39\lib\socketserver.py", line 683, in process_request_thread
    self.finish_request(request, client_address)
  File "C:\Users\simip\AppData\Local\Programs\Python\Python39\lib\socketserver.py", line 360, in finish_request
    self.RequestHandlerClass(request, client_address, self)
  File "C:\Users\simip\AppData\Local\Programs\Python\Python39\lib\http\server.py", line 651, in __init__
    super().__init__(*args, **kwargs)
  File "C:\Users\simip\AppData\Local\Programs\Python\Python39\lib\socketserver.py", line 747, in __init__
    self.handle()
  File "C:\Users\simip\AppData\Local\Programs\Python\Python39\lib\http\server.py", line 427, in handle
    self.handle_one_request()
  File "C:\Users\simip\AppData\Local\Programs\Python\Python39\lib\http\server.py", line 393, in handle_one_request
    self.raw_requestline = self.rfile.readline(65537)
  File "C:\Users\simip\AppData\Local\Programs\Python\Python39\lib\socket.py", line 704, in readinto
    return self._sock.recv_into(b)
ConnectionResetError: [WinError 10054] An existing connection was forcibly closed by the remote host
----------------------------------------
----------------------------------------
Exception occurred during processing of request from ('127.0.0.1', 49671)
Traceback (most recent call last):
  File "C:\Users\simip\AppData\Local\Programs\Python\Python39\lib\socketserver.py", line 683, in process_request_thread
    self.finish_request(request, client_address)
  File "C:\Users\simip\AppData\Local\Programs\Python\Python39\lib\socketserver.py", line 360, in finish_request
    self.RequestHandlerClass(request, client_address, self)
  File "C:\Users\simip\AppData\Local\Programs\Python\Python39\lib\http\server.py", line 651, in __init__
    super().__init__(*args, **kwargs)
  File "C:\Users\simip\AppData\Local\Programs\Python\Python39\lib\socketserver.py", line 747, in __init__
    self.handle()
  File "C:\Users\simip\AppData\Local\Programs\Python\Python39\lib\http\server.py", line 427, in handle
    self.handle_one_request()
----------------------------------------
Exception occurred during processing of request from ('127.0.0.1', 58570)
  File "C:\Users\simip\AppData\Local\Programs\Python\Python39\lib\http\server.py", line 393, in handle_one_request
    self.raw_requestline = self.rfile.readline(65537)
  File "C:\Users\simip\AppData\Local\Programs\Python\Python39\lib\socket.py", line 704, in readinto
    return self._sock.recv_into(b)
ConnectionResetError: [WinError 10054] An existing connection was forcibly closed by the remote host
----------------------------------------
----------------------------------------
Exception occurred during processing of request from ('127.0.0.1', 54297)
----------------------------------------
Exception occurred during processing of request from ('127.0.0.1', 50907)
----------------------------------------
Exception occurred during processing of request from ('127.0.0.1', 60139)
Traceback (most recent call last):
  File "C:\Users\simip\AppData\Local\Programs\Python\Python39\lib\socketserver.py", line 683, in process_request_thread
    self.finish_request(request, client_address)
  File "C:\Users\simip\AppData\Local\Programs\Python\Python39\lib\socketserver.py", line 360, in finish_request
    self.RequestHandlerClass(request, client_address, self)
  File "C:\Users\simip\AppData\Local\Programs\Python\Python39\lib\http\server.py", line 651, in __init__
    super().__init__(*args, **kwargs)
  File "C:\Users\simip\AppData\Local\Programs\Python\Python39\lib\socketserver.py", line 747, in __init__
    self.handle()
  File "C:\Users\simip\AppData\Local\Programs\Python\Python39\lib\http\server.py", line 427, in handle
    self.handle_one_request()
  File "C:\Users\simip\AppData\Local\Programs\Python\Python39\lib\http\server.py", line 393, in handle_one_request
    self.raw_requestline = self.rfile.readline(65537)
  File "C:\Users\simip\AppData\Local\Programs\Python\Python39\lib\socket.py", line 704, in readinto
    return self._sock.recv_into(b)
ConnectionResetError: [WinError 10054] An existing connection was forcibly closed by the remote host
----------------------------------------
Traceback (most recent call last):
  File "C:\Users\simip\AppData\Local\Programs\Python\Python39\lib\socketserver.py", line 683, in process_request_thread
    self.finish_request(request, client_address)
  File "C:\Users\simip\AppData\Local\Programs\Python\Python39\lib\socketserver.py", line 360, in finish_request
    self.RequestHandlerClass(request, client_address, self)
  File "C:\Users\simip\AppData\Local\Programs\Python\Python39\lib\http\server.py", line 651, in __init__
    super().__init__(*args, **kwargs)
  File "C:\Users\simip\AppData\Local\Programs\Python\Python39\lib\socketserver.py", line 747, in __init__
    self.handle()
Traceback (most recent call last):
  File "C:\Users\simip\AppData\Local\Programs\Python\Python39\lib\socketserver.py", line 683, in process_request_thread
    self.finish_request(request, client_address)
  File "C:\Users\simip\AppData\Local\Programs\Python\Python39\lib\socketserver.py", line 360, in finish_request
    self.RequestHandlerClass(request, client_address, self)
  File "C:\Users\simip\AppData\Local\Programs\Python\Python39\lib\http\server.py", line 651, in __init__
    super().__init__(*args, **kwargs)
  File "C:\Users\simip\AppData\Local\Programs\Python\Python39\lib\socketserver.py", line 747, in __init__
    self.handle()
  File "C:\Users\simip\AppData\Local\Programs\Python\Python39\lib\http\server.py", line 427, in handle
    self.handle_one_request()
  File "C:\Users\simip\AppData\Local\Programs\Python\Python39\lib\http\server.py", line 393, in handle_one_request
    self.raw_requestline = self.rfile.readline(65537)
  File "C:\Users\simip\AppData\Local\Programs\Python\Python39\lib\socket.py", line 704, in readinto
    return self._sock.recv_into(b)
ConnectionResetError: [WinError 10054] An existing connection was forcibly closed by the remote host
----------------------------------------
  File "C:\Users\simip\AppData\Local\Programs\Python\Python39\lib\http\server.py", line 427, in handle
    self.handle_one_request()
  File "C:\Users\simip\AppData\Local\Programs\Python\Python39\lib\http\server.py", line 393, in handle_one_request
    self.raw_requestline = self.rfile.readline(65537)
  File "C:\Users\simip\AppData\Local\Programs\Python\Python39\lib\socket.py", line 704, in readinto
    return self._sock.recv_into(b)
Traceback (most recent call last):
  File "C:\Users\simip\AppData\Local\Programs\Python\Python39\lib\socketserver.py", line 683, in process_request_thread
    self.finish_request(request, client_address)
  File "C:\Users\simip\AppData\Local\Programs\Python\Python39\lib\socketserver.py", line 360, in finish_request
    self.RequestHandlerClass(request, client_address, self)
  File "C:\Users\simip\AppData\Local\Programs\Python\Python39\lib\http\server.py", line 651, in __init__
    super().__init__(*args, **kwargs)
  File "C:\Users\simip\AppData\Local\Programs\Python\Python39\lib\socketserver.py", line 747, in __init__
    self.handle()
  File "C:\Users\simip\AppData\Local\Programs\Python\Python39\lib\http\server.py", line 427, in handle
    self.handle_one_request()
  File "C:\Users\simip\AppData\Local\Programs\Python\Python39\lib\http\server.py", line 393, in handle_one_request
    self.raw_requestline = self.rfile.readline(65537)
  File "C:\Users\simip\AppData\Local\Programs\Python\Python39\lib\socket.py", line 704, in readinto
    return self._sock.recv_into(b)
ConnectionResetError: [WinError 10054] An existing connection was forcibly closed by the remote host
----------------------------------------
ConnectionResetError: [WinError 10054] An existing connection was forcibly closed by the remote host
----------------------------------------
----------------------------------------
Exception occurred during processing of request from ('127.0.0.1', 57158)
Traceback (most recent call last):
  File "C:\Users\simip\AppData\Local\Programs\Python\Python39\lib\socketserver.py", line 683, in process_request_thread
    self.finish_request(request, client_address)
  File "C:\Users\simip\AppData\Local\Programs\Python\Python39\lib\socketserver.py", line 360, in finish_request
    self.RequestHandlerClass(request, client_address, self)
  File "C:\Users\simip\AppData\Local\Programs\Python\Python39\lib\http\server.py", line 651, in __init__
    super().__init__(*args, **kwargs)
  File "C:\Users\simip\AppData\Local\Programs\Python\Python39\lib\socketserver.py", line 747, in __init__
    self.handle()
  File "C:\Users\simip\AppData\Local\Programs\Python\Python39\lib\http\server.py", line 427, in handle
    self.handle_one_request()
  File "C:\Users\simip\AppData\Local\Programs\Python\Python39\lib\http\server.py", line 393, in handle_one_request
    self.raw_requestline = self.rfile.readline(65537)
  File "C:\Users\simip\AppData\Local\Programs\Python\Python39\lib\socket.py", line 704, in readinto
    return self._sock.recv_into(b)
ConnectionResetError: [WinError 10054] An existing connection was forcibly closed by the remote host
----------------------------------------
----------------------------------------
Exception occurred during processing of request from ('127.0.0.1', 54725)
----------------------------------------
Exception occurred during processing of request from ('127.0.0.1', 60744)
----------------------------------------
Exception occurred during processing of request from ('127.0.0.1', 49385)
----------------------------------------
----------------------------------------
Exception occurred during processing of request from ('127.0.0.1', 59636)
Exception occurred during processing of request from ('127.0.0.1', 60788)
Traceback (most recent call last):
Traceback (most recent call last):
  File "C:\Users\simip\AppData\Local\Programs\Python\Python39\lib\socketserver.py", line 683, in process_request_thread
    self.finish_request(request, client_address)
  File "C:\Users\simip\AppData\Local\Programs\Python\Python39\lib\socketserver.py", line 683, in process_request_thread
    self.finish_request(request, client_address)
  File "C:\Users\simip\AppData\Local\Programs\Python\Python39\lib\socketserver.py", line 360, in finish_request
    self.RequestHandlerClass(request, client_address, self)
Traceback (most recent call last):
Traceback (most recent call last):
  File "C:\Users\simip\AppData\Local\Programs\Python\Python39\lib\http\server.py", line 651, in __init__
    super().__init__(*args, **kwargs)
  File "C:\Users\simip\AppData\Local\Programs\Python\Python39\lib\socketserver.py", line 683, in process_request_thread
    self.finish_request(request, client_address)
  File "C:\Users\simip\AppData\Local\Programs\Python\Python39\lib\socketserver.py", line 683, in process_request_thread
    self.finish_request(request, client_address)
  File "C:\Users\simip\AppData\Local\Programs\Python\Python39\lib\socketserver.py", line 747, in __init__
    self.handle()
  File "C:\Users\simip\AppData\Local\Programs\Python\Python39\lib\socketserver.py", line 360, in finish_request
    self.RequestHandlerClass(request, client_address, self)
  File "C:\Users\simip\AppData\Local\Programs\Python\Python39\lib\socketserver.py", line 360, in finish_request
    self.RequestHandlerClass(request, client_address, self)
  File "C:\Users\simip\AppData\Local\Programs\Python\Python39\lib\http\server.py", line 427, in handle
    self.handle_one_request()
  File "C:\Users\simip\AppData\Local\Programs\Python\Python39\lib\http\server.py", line 651, in __init__
    super().__init__(*args, **kwargs)
  File "C:\Users\simip\AppData\Local\Programs\Python\Python39\lib\http\server.py", line 651, in __init__
    super().__init__(*args, **kwargs)
  File "C:\Users\simip\AppData\Local\Programs\Python\Python39\lib\http\server.py", line 393, in handle_one_request
    self.raw_requestline = self.rfile.readline(65537)
  File "C:\Users\simip\AppData\Local\Programs\Python\Python39\lib\socketserver.py", line 747, in __init__
    self.handle()
  File "C:\Users\simip\AppData\Local\Programs\Python\Python39\lib\socketserver.py", line 747, in __init__
    self.handle()
  File "C:\Users\simip\AppData\Local\Programs\Python\Python39\lib\socket.py", line 704, in readinto
    return self._sock.recv_into(b)
  File "C:\Users\simip\AppData\Local\Programs\Python\Python39\lib\http\server.py", line 427, in handle
    self.handle_one_request()
  File "C:\Users\simip\AppData\Local\Programs\Python\Python39\lib\http\server.py", line 427, in handle
    self.handle_one_request()
ConnectionResetError: [WinError 10054] An existing connection was forcibly closed by the remote host
  File "C:\Users\simip\AppData\Local\Programs\Python\Python39\lib\http\server.py", line 393, in handle_one_request
    self.raw_requestline = self.rfile.readline(65537)
  File "C:\Users\simip\AppData\Local\Programs\Python\Python39\lib\http\server.py", line 393, in handle_one_request
    self.raw_requestline = self.rfile.readline(65537)
----------------------------------------
  File "C:\Users\simip\AppData\Local\Programs\Python\Python39\lib\socket.py", line 704, in readinto
    return self._sock.recv_into(b)
  File "C:\Users\simip\AppData\Local\Programs\Python\Python39\lib\socket.py", line 704, in readinto
    return self._sock.recv_into(b)
Traceback (most recent call last):
  File "C:\Users\simip\AppData\Local\Programs\Python\Python39\lib\socketserver.py", line 360, in finish_request
    self.RequestHandlerClass(request, client_address, self)
ConnectionResetError: [WinError 10054] An existing connection was forcibly closed by the remote host
ConnectionResetError: [WinError 10054] An existing connection was forcibly closed by the remote host
  File "C:\Users\simip\AppData\Local\Programs\Python\Python39\lib\socketserver.py", line 683, in process_request_thread
    self.finish_request(request, client_address)
  File "C:\Users\simip\AppData\Local\Programs\Python\Python39\lib\http\server.py", line 651, in __init__
    super().__init__(*args, **kwargs)
----------------------------------------
----------------------------------------
  File "C:\Users\simip\AppData\Local\Programs\Python\Python39\lib\socketserver.py", line 360, in finish_request
    self.RequestHandlerClass(request, client_address, self)
  File "C:\Users\simip\AppData\Local\Programs\Python\Python39\lib\socketserver.py", line 747, in __init__
    self.handle()
  File "C:\Users\simip\AppData\Local\Programs\Python\Python39\lib\http\server.py", line 651, in __init__
    super().__init__(*args, **kwargs)
  File "C:\Users\simip\AppData\Local\Programs\Python\Python39\lib\http\server.py", line 427, in handle
    self.handle_one_request()
  File "C:\Users\simip\AppData\Local\Programs\Python\Python39\lib\socketserver.py", line 747, in __init__
    self.handle()
  File "C:\Users\simip\AppData\Local\Programs\Python\Python39\lib\http\server.py", line 427, in handle
    self.handle_one_request()
  File "C:\Users\simip\AppData\Local\Programs\Python\Python39\lib\http\server.py", line 393, in handle_one_request
    self.raw_requestline = self.rfile.readline(65537)
  File "C:\Users\simip\AppData\Local\Programs\Python\Python39\lib\http\server.py", line 393, in handle_one_request
    self.raw_requestline = self.rfile.readline(65537)
  File "C:\Users\simip\AppData\Local\Programs\Python\Python39\lib\socket.py", line 704, in readinto
    return self._sock.recv_into(b)
  File "C:\Users\simip\AppData\Local\Programs\Python\Python39\lib\socket.py", line 704, in readinto
    return self._sock.recv_into(b)
ConnectionResetError: [WinError 10054] An existing connection was forcibly closed by the remote host
ConnectionResetError: [WinError 10054] An existing connection was forcibly closed by the remote host
----------------------------------------
----------------------------------------
----------------------------------------
Exception occurred during processing of request from ('127.0.0.1', 54277)
Traceback (most recent call last):
  File "C:\Users\simip\AppData\Local\Programs\Python\Python39\lib\socketserver.py", line 683, in process_request_thread
    self.finish_request(request, client_address)
  File "C:\Users\simip\AppData\Local\Programs\Python\Python39\lib\socketserver.py", line 360, in finish_request
    self.RequestHandlerClass(request, client_address, self)
  File "C:\Users\simip\AppData\Local\Programs\Python\Python39\lib\http\server.py", line 651, in __init__
    super().__init__(*args, **kwargs)
  File "C:\Users\simip\AppData\Local\Programs\Python\Python39\lib\socketserver.py", line 747, in __init__
    self.handle()
  File "C:\Users\simip\AppData\Local\Programs\Python\Python39\lib\http\server.py", line 427, in handle
    self.handle_one_request()
  File "C:\Users\simip\AppData\Local\Programs\Python\Python39\lib\http\server.py", line 393, in handle_one_request
    self.raw_requestline = self.rfile.readline(65537)
  File "C:\Users\simip\AppData\Local\Programs\Python\Python39\lib\socket.py", line 704, in readinto
    return self._sock.recv_into(b)
ConnectionResetError: [WinError 10054] An existing connection was forcibly closed by the remote host
----------------------------------------
----------------------------------------
Exception occurred during processing of request from ('127.0.0.1', 63534)
----------------------------------------
----------------------------------------
Exception occurred during processing of request from ('127.0.0.1', 56119)
----------------------------------------
----------------------------------------
Exception occurred during processing of request from ('127.0.0.1', 51108)
Exception occurred during processing of request from ('127.0.0.1', 64531)
Exception occurred during processing of request from ('127.0.0.1', 58122)
Traceback (most recent call last):
  File "C:\Users\simip\AppData\Local\Programs\Python\Python39\lib\socketserver.py", line 683, in process_request_thread
    self.finish_request(request, client_address)
  File "C:\Users\simip\AppData\Local\Programs\Python\Python39\lib\socketserver.py", line 360, in finish_request
    self.RequestHandlerClass(request, client_address, self)
  File "C:\Users\simip\AppData\Local\Programs\Python\Python39\lib\http\server.py", line 651, in __init__
    super().__init__(*args, **kwargs)
  File "C:\Users\simip\AppData\Local\Programs\Python\Python39\lib\socketserver.py", line 747, in __init__
    self.handle()
  File "C:\Users\simip\AppData\Local\Programs\Python\Python39\lib\http\server.py", line 427, in handle
    self.handle_one_request()
  File "C:\Users\simip\AppData\Local\Programs\Python\Python39\lib\http\server.py", line 393, in handle_one_request
    self.raw_requestline = self.rfile.readline(65537)
  File "C:\Users\simip\AppData\Local\Programs\Python\Python39\lib\socket.py", line 704, in readinto
    return self._sock.recv_into(b)
ConnectionResetError: [WinError 10054] An existing connection was forcibly closed by the remote host
----------------------------------------
Traceback (most recent call last):
  File "C:\Users\simip\AppData\Local\Programs\Python\Python39\lib\socketserver.py", line 683, in process_request_thread
    self.finish_request(request, client_address)
  File "C:\Users\simip\AppData\Local\Programs\Python\Python39\lib\socketserver.py", line 360, in finish_request
    self.RequestHandlerClass(request, client_address, self)
  File "C:\Users\simip\AppData\Local\Programs\Python\Python39\lib\http\server.py", line 651, in __init__
    super().__init__(*args, **kwargs)
  File "C:\Users\simip\AppData\Local\Programs\Python\Python39\lib\socketserver.py", line 747, in __init__
    self.handle()
  File "C:\Users\simip\AppData\Local\Programs\Python\Python39\lib\http\server.py", line 427, in handle
    self.handle_one_request()
  File "C:\Users\simip\AppData\Local\Programs\Python\Python39\lib\http\server.py", line 413, in handle_one_request
    method()
  File "C:\Users\simip\AppData\Local\Temp\claude\wt-n11\scripts\serve.py", line 56, in do_GET
    return super().do_GET()
  File "C:\Users\simip\AppData\Local\Programs\Python\Python39\lib\http\server.py", line 658, in do_GET
    self.copyfile(f, self.wfile)
  File "C:\Users\simip\AppData\Local\Programs\Python\Python39\lib\http\server.py", line 858, in copyfile
    shutil.copyfileobj(source, outputfile)
  File "C:\Users\simip\AppData\Local\Programs\Python\Python39\lib\shutil.py", line 208, in copyfileobj
    fdst_write(buf)
Traceback (most recent call last):
  File "C:\Users\simip\AppData\Local\Programs\Python\Python39\lib\socketserver.py", line 826, in write
    self._sock.sendall(b)
Traceback (most recent call last):
Traceback (most recent call last):
  File "C:\Users\simip\AppData\Local\Programs\Python\Python39\lib\socketserver.py", line 683, in process_request_thread
    self.finish_request(request, client_address)
ConnectionResetError: [WinError 10054] An existing connection was forcibly closed by the remote host
  File "C:\Users\simip\AppData\Local\Programs\Python\Python39\lib\socketserver.py", line 683, in process_request_thread
    self.finish_request(request, client_address)
  File "C:\Users\simip\AppData\Local\Programs\Python\Python39\lib\socketserver.py", line 683, in process_request_thread
    self.finish_request(request, client_address)
  File "C:\Users\simip\AppData\Local\Programs\Python\Python39\lib\socketserver.py", line 360, in finish_request
    self.RequestHandlerClass(request, client_address, self)
  File "C:\Users\simip\AppData\Local\Programs\Python\Python39\lib\http\server.py", line 651, in __init__
    super().__init__(*args, **kwargs)
  File "C:\Users\simip\AppData\Local\Programs\Python\Python39\lib\socketserver.py", line 747, in __init__
    self.handle()
  File "C:\Users\simip\AppData\Local\Programs\Python\Python39\lib\http\server.py", line 427, in handle
    self.handle_one_request()
  File "C:\Users\simip\AppData\Local\Programs\Python\Python39\lib\socketserver.py", line 360, in finish_request
    self.RequestHandlerClass(request, client_address, self)
  File "C:\Users\simip\AppData\Local\Programs\Python\Python39\lib\socketserver.py", line 360, in finish_request
    self.RequestHandlerClass(request, client_address, self)
----------------------------------------
  File "C:\Users\simip\AppData\Local\Programs\Python\Python39\lib\http\server.py", line 651, in __init__
    super().__init__(*args, **kwargs)
  File "C:\Users\simip\AppData\Local\Programs\Python\Python39\lib\http\server.py", line 393, in handle_one_request
    self.raw_requestline = self.rfile.readline(65537)
  File "C:\Users\simip\AppData\Local\Programs\Python\Python39\lib\socket.py", line 704, in readinto
    return self._sock.recv_into(b)
  File "C:\Users\simip\AppData\Local\Programs\Python\Python39\lib\socketserver.py", line 747, in __init__
    self.handle()
ConnectionResetError: [WinError 10054] An existing connection was forcibly closed by the remote host
----------------------------------------
  File "C:\Users\simip\AppData\Local\Programs\Python\Python39\lib\http\server.py", line 427, in handle
    self.handle_one_request()
  File "C:\Users\simip\AppData\Local\Programs\Python\Python39\lib\http\server.py", line 651, in __init__
    super().__init__(*args, **kwargs)
  File "C:\Users\simip\AppData\Local\Programs\Python\Python39\lib\http\server.py", line 393, in handle_one_request
    self.raw_requestline = self.rfile.readline(65537)
  File "C:\Users\simip\AppData\Local\Programs\Python\Python39\lib\socketserver.py", line 747, in __init__
    self.handle()
  File "C:\Users\simip\AppData\Local\Programs\Python\Python39\lib\socket.py", line 704, in readinto
    return self._sock.recv_into(b)
  File "C:\Users\simip\AppData\Local\Programs\Python\Python39\lib\http\server.py", line 427, in handle
    self.handle_one_request()
ConnectionResetError: [WinError 10054] An existing connection was forcibly closed by the remote host
  File "C:\Users\simip\AppData\Local\Programs\Python\Python39\lib\http\server.py", line 393, in handle_one_request
    self.raw_requestline = self.rfile.readline(65537)
----------------------------------------
  File "C:\Users\simip\AppData\Local\Programs\Python\Python39\lib\socket.py", line 704, in readinto
    return self._sock.recv_into(b)
ConnectionResetError: [WinError 10054] An existing connection was forcibly closed by the remote host
----------------------------------------
----------------------------------------
Exception occurred during processing of request from ('127.0.0.1', 60533)
Traceback (most recent call last):
  File "C:\Users\simip\AppData\Local\Programs\Python\Python39\lib\socketserver.py", line 683, in process_request_thread
    self.finish_request(request, client_address)
  File "C:\Users\simip\AppData\Local\Programs\Python\Python39\lib\socketserver.py", line 360, in finish_request
    self.RequestHandlerClass(request, client_address, self)
  File "C:\Users\simip\AppData\Local\Programs\Python\Python39\lib\http\server.py", line 651, in __init__
    super().__init__(*args, **kwargs)
  File "C:\Users\simip\AppData\Local\Programs\Python\Python39\lib\socketserver.py", line 747, in __init__
    self.handle()
  File "C:\Users\simip\AppData\Local\Programs\Python\Python39\lib\http\server.py", line 427, in handle
    self.handle_one_request()
  File "C:\Users\simip\AppData\Local\Programs\Python\Python39\lib\http\server.py", line 393, in handle_one_request
    self.raw_requestline = self.rfile.readline(65537)
  File "C:\Users\simip\AppData\Local\Programs\Python\Python39\lib\socket.py", line 704, in readinto
    return self._sock.recv_into(b)
ConnectionResetError: [WinError 10054] An existing connection was forcibly closed by the remote host
----------------------------------------
----------------------------------------
Exception occurred during processing of request from ('127.0.0.1', 61246)
----------------------------------------
----------------------------------------
----------------------------------------
----------------------------------------
Exception occurred during processing of request from ('127.0.0.1', 54839)
Exception occurred during processing of request from ('127.0.0.1', 58269)
Exception occurred during processing of request from ('127.0.0.1', 52912)
Exception occurred during processing of request from ('127.0.0.1', 51350)
Traceback (most recent call last):
  File "C:\Users\simip\AppData\Local\Programs\Python\Python39\lib\socketserver.py", line 683, in process_request_thread
    self.finish_request(request, client_address)
  File "C:\Users\simip\AppData\Local\Programs\Python\Python39\lib\socketserver.py", line 360, in finish_request
    self.RequestHandlerClass(request, client_address, self)
  File "C:\Users\simip\AppData\Local\Programs\Python\Python39\lib\http\server.py", line 651, in __init__
    super().__init__(*args, **kwargs)
  File "C:\Users\simip\AppData\Local\Programs\Python\Python39\lib\socketserver.py", line 747, in __init__
    self.handle()
  File "C:\Users\simip\AppData\Local\Programs\Python\Python39\lib\http\server.py", line 427, in handle
    self.handle_one_request()
  File "C:\Users\simip\AppData\Local\Programs\Python\Python39\lib\http\server.py", line 393, in handle_one_request
    self.raw_requestline = self.rfile.readline(65537)
  File "C:\Users\simip\AppData\Local\Programs\Python\Python39\lib\socket.py", line 704, in readinto
    return self._sock.recv_into(b)
ConnectionResetError: [WinError 10054] An existing connection was forcibly closed by the remote host
----------------------------------------
Traceback (most recent call last):
  File "C:\Users\simip\AppData\Local\Programs\Python\Python39\lib\socketserver.py", line 683, in process_request_thread
    self.finish_request(request, client_address)
  File "C:\Users\simip\AppData\Local\Programs\Python\Python39\lib\socketserver.py", line 360, in finish_request
    self.RequestHandlerClass(request, client_address, self)
Traceback (most recent call last):
  File "C:\Users\simip\AppData\Local\Programs\Python\Python39\lib\http\server.py", line 651, in __init__
    super().__init__(*args, **kwargs)
Traceback (most recent call last):
Traceback (most recent call last):
  File "C:\Users\simip\AppData\Local\Programs\Python\Python39\lib\socketserver.py", line 683, in process_request_thread
    self.finish_request(request, client_address)
  File "C:\Users\simip\AppData\Local\Programs\Python\Python39\lib\socketserver.py", line 747, in __init__
    self.handle()
  File "C:\Users\simip\AppData\Local\Programs\Python\Python39\lib\http\server.py", line 427, in handle
    self.handle_one_request()
  File "C:\Users\simip\AppData\Local\Programs\Python\Python39\lib\socketserver.py", line 683, in process_request_thread
    self.finish_request(request, client_address)
  File "C:\Users\simip\AppData\Local\Programs\Python\Python39\lib\socketserver.py", line 360, in finish_request
    self.RequestHandlerClass(request, client_address, self)
  File "C:\Users\simip\AppData\Local\Programs\Python\Python39\lib\http\server.py", line 393, in handle_one_request
    self.raw_requestline = self.rfile.readline(65537)
  File "C:\Users\simip\AppData\Local\Programs\Python\Python39\lib\socketserver.py", line 683, in process_request_thread
    self.finish_request(request, client_address)
  File "C:\Users\simip\AppData\Local\Programs\Python\Python39\lib\socket.py", line 704, in readinto
    return self._sock.recv_into(b)
  File "C:\Users\simip\AppData\Local\Programs\Python\Python39\lib\http\server.py", line 651, in __init__
    super().__init__(*args, **kwargs)
  File "C:\Users\simip\AppData\Local\Programs\Python\Python39\lib\socketserver.py", line 360, in finish_request
    self.RequestHandlerClass(request, client_address, self)
ConnectionResetError: [WinError 10054] An existing connection was forcibly closed by the remote host
  File "C:\Users\simip\AppData\Local\Programs\Python\Python39\lib\http\server.py", line 651, in __init__
    super().__init__(*args, **kwargs)
  File "C:\Users\simip\AppData\Local\Programs\Python\Python39\lib\socketserver.py", line 747, in __init__
    self.handle()
  File "C:\Users\simip\AppData\Local\Programs\Python\Python39\lib\socketserver.py", line 360, in finish_request
    self.RequestHandlerClass(request, client_address, self)
----------------------------------------
  File "C:\Users\simip\AppData\Local\Programs\Python\Python39\lib\socketserver.py", line 747, in __init__
    self.handle()
  File "C:\Users\simip\AppData\Local\Programs\Python\Python39\lib\http\server.py", line 427, in handle
    self.handle_one_request()
  File "C:\Users\simip\AppData\Local\Programs\Python\Python39\lib\http\server.py", line 651, in __init__
    super().__init__(*args, **kwargs)
  File "C:\Users\simip\AppData\Local\Programs\Python\Python39\lib\http\server.py", line 393, in handle_one_request
    self.raw_requestline = self.rfile.readline(65537)
  File "C:\Users\simip\AppData\Local\Programs\Python\Python39\lib\http\server.py", line 427, in handle
    self.handle_one_request()
  File "C:\Users\simip\AppData\Local\Programs\Python\Python39\lib\socket.py", line 704, in readinto
    return self._sock.recv_into(b)
ConnectionResetError: [WinError 10054] An existing connection was forcibly closed by the remote host
  File "C:\Users\simip\AppData\Local\Programs\Python\Python39\lib\socketserver.py", line 747, in __init__
    self.handle()
----------------------------------------
  File "C:\Users\simip\AppData\Local\Programs\Python\Python39\lib\http\server.py", line 427, in handle
    self.handle_one_request()
  File "C:\Users\simip\AppData\Local\Programs\Python\Python39\lib\http\server.py", line 393, in handle_one_request
    self.raw_requestline = self.rfile.readline(65537)
  File "C:\Users\simip\AppData\Local\Programs\Python\Python39\lib\http\server.py", line 393, in handle_one_request
    self.raw_requestline = self.rfile.readline(65537)
  File "C:\Users\simip\AppData\Local\Programs\Python\Python39\lib\socket.py", line 704, in readinto
    return self._sock.recv_into(b)
  File "C:\Users\simip\AppData\Local\Programs\Python\Python39\lib\socket.py", line 704, in readinto
    return self._sock.recv_into(b)
ConnectionResetError: [WinError 10054] An existing connection was forcibly closed by the remote host
ConnectionResetError: [WinError 10054] An existing connection was forcibly closed by the remote host
----------------------------------------
----------------------------------------
----------------------------------------
Exception occurred during processing of request from ('127.0.0.1', 56859)
----------------------------------------
Exception occurred during processing of request from ('127.0.0.1', 63868)
----------------------------------------
----------------------------------------
Exception occurred during processing of request from ('127.0.0.1', 64380)
----------------------------------------
----------------------------------------
Exception occurred during processing of request from ('127.0.0.1', 60045)
Traceback (most recent call last):
Exception occurred during processing of request from ('127.0.0.1', 57899)
  File "C:\Users\simip\AppData\Local\Programs\Python\Python39\lib\socketserver.py", line 683, in process_request_thread
    self.finish_request(request, client_address)
Exception occurred during processing of request from ('127.0.0.1', 50513)
Traceback (most recent call last):
  File "C:\Users\simip\AppData\Local\Programs\Python\Python39\lib\socketserver.py", line 360, in finish_request
    self.RequestHandlerClass(request, client_address, self)
  File "C:\Users\simip\AppData\Local\Programs\Python\Python39\lib\socketserver.py", line 683, in process_request_thread
    self.finish_request(request, client_address)
Traceback (most recent call last):
  File "C:\Users\simip\AppData\Local\Programs\Python\Python39\lib\socketserver.py", line 360, in finish_request
    self.RequestHandlerClass(request, client_address, self)
  File "C:\Users\simip\AppData\Local\Programs\Python\Python39\lib\socketserver.py", line 683, in process_request_thread
    self.finish_request(request, client_address)
  File "C:\Users\simip\AppData\Local\Programs\Python\Python39\lib\http\server.py", line 651, in __init__
    super().__init__(*args, **kwargs)
  File "C:\Users\simip\AppData\Local\Programs\Python\Python39\lib\socketserver.py", line 747, in __init__
    self.handle()
  File "C:\Users\simip\AppData\Local\Programs\Python\Python39\lib\http\server.py", line 651, in __init__
    super().__init__(*args, **kwargs)
  File "C:\Users\simip\AppData\Local\Programs\Python\Python39\lib\http\server.py", line 427, in handle
    self.handle_one_request()
  File "C:\Users\simip\AppData\Local\Programs\Python\Python39\lib\http\server.py", line 393, in handle_one_request
    self.raw_requestline = self.rfile.readline(65537)
  File "C:\Users\simip\AppData\Local\Programs\Python\Python39\lib\socketserver.py", line 747, in __init__
    self.handle()
  File "C:\Users\simip\AppData\Local\Programs\Python\Python39\lib\socketserver.py", line 360, in finish_request
    self.RequestHandlerClass(request, client_address, self)
Traceback (most recent call last):
  File "C:\Users\simip\AppData\Local\Programs\Python\Python39\lib\http\server.py", line 651, in __init__
    super().__init__(*args, **kwargs)
Traceback (most recent call last):
  File "C:\Users\simip\AppData\Local\Programs\Python\Python39\lib\http\server.py", line 427, in handle
    self.handle_one_request()
  File "C:\Users\simip\AppData\Local\Programs\Python\Python39\lib\http\server.py", line 393, in handle_one_request
    self.raw_requestline = self.rfile.readline(65537)
  File "C:\Users\simip\AppData\Local\Programs\Python\Python39\lib\socket.py", line 704, in readinto
    return self._sock.recv_into(b)
  File "C:\Users\simip\AppData\Local\Programs\Python\Python39\lib\socketserver.py", line 683, in process_request_thread
    self.finish_request(request, client_address)
  File "C:\Users\simip\AppData\Local\Programs\Python\Python39\lib\socket.py", line 704, in readinto
    return self._sock.recv_into(b)
  File "C:\Users\simip\AppData\Local\Programs\Python\Python39\lib\socketserver.py", line 747, in __init__
    self.handle()
  File "C:\Users\simip\AppData\Local\Programs\Python\Python39\lib\socketserver.py", line 360, in finish_request
    self.RequestHandlerClass(request, client_address, self)
  File "C:\Users\simip\AppData\Local\Programs\Python\Python39\lib\http\server.py", line 651, in __init__
    super().__init__(*args, **kwargs)
ConnectionResetError: [WinError 10054] An existing connection was forcibly closed by the remote host
Traceback (most recent call last):
  File "C:\Users\simip\AppData\Local\Programs\Python\Python39\lib\socketserver.py", line 683, in process_request_thread
    self.finish_request(request, client_address)
  File "C:\Users\simip\AppData\Local\Programs\Python\Python39\lib\socketserver.py", line 360, in finish_request
    self.RequestHandlerClass(request, client_address, self)
  File "C:\Users\simip\AppData\Local\Programs\Python\Python39\lib\http\server.py", line 651, in __init__
    super().__init__(*args, **kwargs)
ConnectionResetError: [WinError 10054] An existing connection was forcibly closed by the remote host
  File "C:\Users\simip\AppData\Local\Programs\Python\Python39\lib\http\server.py", line 427, in handle
    self.handle_one_request()
  File "C:\Users\simip\AppData\Local\Programs\Python\Python39\lib\socketserver.py", line 683, in process_request_thread
    self.finish_request(request, client_address)
----------------------------------------
  File "C:\Users\simip\AppData\Local\Programs\Python\Python39\lib\http\server.py", line 393, in handle_one_request
    self.raw_requestline = self.rfile.readline(65537)
  File "C:\Users\simip\AppData\Local\Programs\Python\Python39\lib\socket.py", line 704, in readinto
    return self._sock.recv_into(b)
  File "C:\Users\simip\AppData\Local\Programs\Python\Python39\lib\socketserver.py", line 747, in __init__
    self.handle()
  File "C:\Users\simip\AppData\Local\Programs\Python\Python39\lib\socketserver.py", line 360, in finish_request
    self.RequestHandlerClass(request, client_address, self)
----------------------------------------
  File "C:\Users\simip\AppData\Local\Programs\Python\Python39\lib\http\server.py", line 651, in __init__
    super().__init__(*args, **kwargs)
  File "C:\Users\simip\AppData\Local\Programs\Python\Python39\lib\http\server.py", line 427, in handle
    self.handle_one_request()
ConnectionResetError: [WinError 10054] An existing connection was forcibly closed by the remote host
  File "C:\Users\simip\AppData\Local\Programs\Python\Python39\lib\socketserver.py", line 747, in __init__
    self.handle()
  File "C:\Users\simip\AppData\Local\Programs\Python\Python39\lib\socketserver.py", line 747, in __init__
    self.handle()
  File "C:\Users\simip\AppData\Local\Programs\Python\Python39\lib\http\server.py", line 393, in handle_one_request
    self.raw_requestline = self.rfile.readline(65537)
  File "C:\Users\simip\AppData\Local\Programs\Python\Python39\lib\socket.py", line 704, in readinto
    return self._sock.recv_into(b)
----------------------------------------
  File "C:\Users\simip\AppData\Local\Programs\Python\Python39\lib\http\server.py", line 427, in handle
    self.handle_one_request()
ConnectionResetError: [WinError 10054] An existing connection was forcibly closed by the remote host
  File "C:\Users\simip\AppData\Local\Programs\Python\Python39\lib\http\server.py", line 393, in handle_one_request
    self.raw_requestline = self.rfile.readline(65537)
----------------------------------------
  File "C:\Users\simip\AppData\Local\Programs\Python\Python39\lib\socket.py", line 704, in readinto
    return self._sock.recv_into(b)
  File "C:\Users\simip\AppData\Local\Programs\Python\Python39\lib\http\server.py", line 427, in handle
    self.handle_one_request()
  File "C:\Users\simip\AppData\Local\Programs\Python\Python39\lib\http\server.py", line 393, in handle_one_request
    self.raw_requestline = self.rfile.readline(65537)
  File "C:\Users\simip\AppData\Local\Programs\Python\Python39\lib\socket.py", line 704, in readinto
    return self._sock.recv_into(b)
ConnectionResetError: [WinError 10054] An existing connection was forcibly closed by the remote host
ConnectionResetError: [WinError 10054] An existing connection was forcibly closed by the remote host
----------------------------------------
----------------------------------------
----------------------------------------
Exception occurred during processing of request from ('127.0.0.1', 49823)
----------------------------------------
----------------------------------------
----------------------------------------
Exception occurred during processing of request from ('127.0.0.1', 56805)
Exception occurred during processing of request from ('127.0.0.1', 52514)
Exception occurred during processing of request from ('127.0.0.1', 65130)
----------------------------------------
----------------------------------------
Exception occurred during processing of request from ('127.0.0.1', 63101)
Exception occurred during processing of request from ('127.0.0.1', 64028)
Traceback (most recent call last):
  File "C:\Users\simip\AppData\Local\Programs\Python\Python39\lib\socketserver.py", line 683, in process_request_thread
    self.finish_request(request, client_address)
  File "C:\Users\simip\AppData\Local\Programs\Python\Python39\lib\socketserver.py", line 360, in finish_request
    self.RequestHandlerClass(request, client_address, self)
  File "C:\Users\simip\AppData\Local\Programs\Python\Python39\lib\http\server.py", line 651, in __init__
    super().__init__(*args, **kwargs)
  File "C:\Users\simip\AppData\Local\Programs\Python\Python39\lib\socketserver.py", line 747, in __init__
    self.handle()
  File "C:\Users\simip\AppData\Local\Programs\Python\Python39\lib\http\server.py", line 427, in handle
    self.handle_one_request()
  File "C:\Users\simip\AppData\Local\Programs\Python\Python39\lib\http\server.py", line 393, in handle_one_request
    self.raw_requestline = self.rfile.readline(65537)
  File "C:\Users\simip\AppData\Local\Programs\Python\Python39\lib\socket.py", line 704, in readinto
    return self._sock.recv_into(b)
ConnectionResetError: [WinError 10054] An existing connection was forcibly closed by the remote host
----------------------------------------
Traceback (most recent call last):
  File "C:\Users\simip\AppData\Local\Programs\Python\Python39\lib\socketserver.py", line 683, in process_request_thread
    self.finish_request(request, client_address)
  File "C:\Users\simip\AppData\Local\Programs\Python\Python39\lib\socketserver.py", line 360, in finish_request
    self.RequestHandlerClass(request, client_address, self)
  File "C:\Users\simip\AppData\Local\Programs\Python\Python39\lib\http\server.py", line 651, in __init__
    super().__init__(*args, **kwargs)
Traceback (most recent call last):
Traceback (most recent call last):
  File "C:\Users\simip\AppData\Local\Programs\Python\Python39\lib\socketserver.py", line 683, in process_request_thread
    self.finish_request(request, client_address)
  File "C:\Users\simip\AppData\Local\Programs\Python\Python39\lib\socketserver.py", line 683, in process_request_thread
    self.finish_request(request, client_address)
  File "C:\Users\simip\AppData\Local\Programs\Python\Python39\lib\socketserver.py", line 360, in finish_request
    self.RequestHandlerClass(request, client_address, self)
Traceback (most recent call last):
  File "C:\Users\simip\AppData\Local\Programs\Python\Python39\lib\socketserver.py", line 360, in finish_request
    self.RequestHandlerClass(request, client_address, self)
  File "C:\Users\simip\AppData\Local\Programs\Python\Python39\lib\http\server.py", line 651, in __init__
    super().__init__(*args, **kwargs)
  File "C:\Users\simip\AppData\Local\Programs\Python\Python39\lib\socketserver.py", line 747, in __init__
    self.handle()
  File "C:\Users\simip\AppData\Local\Programs\Python\Python39\lib\http\server.py", line 427, in handle
    self.handle_one_request()
  File "C:\Users\simip\AppData\Local\Programs\Python\Python39\lib\http\server.py", line 393, in handle_one_request
    self.raw_requestline = self.rfile.readline(65537)
  File "C:\Users\simip\AppData\Local\Programs\Python\Python39\lib\socket.py", line 704, in readinto
    return self._sock.recv_into(b)
  File "C:\Users\simip\AppData\Local\Programs\Python\Python39\lib\http\server.py", line 651, in __init__
    super().__init__(*args, **kwargs)
Traceback (most recent call last):
  File "C:\Users\simip\AppData\Local\Programs\Python\Python39\lib\socketserver.py", line 683, in process_request_thread
    self.finish_request(request, client_address)
  File "C:\Users\simip\AppData\Local\Programs\Python\Python39\lib\socketserver.py", line 360, in finish_request
    self.RequestHandlerClass(request, client_address, self)
ConnectionResetError: [WinError 10054] An existing connection was forcibly closed by the remote host
  File "C:\Users\simip\AppData\Local\Programs\Python\Python39\lib\socketserver.py", line 747, in __init__
    self.handle()
  File "C:\Users\simip\AppData\Local\Programs\Python\Python39\lib\http\server.py", line 651, in __init__
    super().__init__(*args, **kwargs)
----------------------------------------
  File "C:\Users\simip\AppData\Local\Programs\Python\Python39\lib\http\server.py", line 427, in handle
    self.handle_one_request()
  File "C:\Users\simip\AppData\Local\Programs\Python\Python39\lib\socketserver.py", line 747, in __init__
    self.handle()
  File "C:\Users\simip\AppData\Local\Programs\Python\Python39\lib\http\server.py", line 427, in handle
    self.handle_one_request()
  File "C:\Users\simip\AppData\Local\Programs\Python\Python39\lib\socketserver.py", line 747, in __init__
    self.handle()
  File "C:\Users\simip\AppData\Local\Programs\Python\Python39\lib\socketserver.py", line 683, in process_request_thread
    self.finish_request(request, client_address)
  File "C:\Users\simip\AppData\Local\Programs\Python\Python39\lib\http\server.py", line 393, in handle_one_request
    self.raw_requestline = self.rfile.readline(65537)
  File "C:\Users\simip\AppData\Local\Programs\Python\Python39\lib\http\server.py", line 393, in handle_one_request
    self.raw_requestline = self.rfile.readline(65537)
  File "C:\Users\simip\AppData\Local\Programs\Python\Python39\lib\socket.py", line 704, in readinto
    return self._sock.recv_into(b)
  File "C:\Users\simip\AppData\Local\Programs\Python\Python39\lib\http\server.py", line 427, in handle
    self.handle_one_request()
  File "C:\Users\simip\AppData\Local\Programs\Python\Python39\lib\socket.py", line 704, in readinto
    return self._sock.recv_into(b)
ConnectionResetError: [WinError 10054] An existing connection was forcibly closed by the remote host
ConnectionResetError: [WinError 10054] An existing connection was forcibly closed by the remote host
----------------------------------------
  File "C:\Users\simip\AppData\Local\Programs\Python\Python39\lib\http\server.py", line 393, in handle_one_request
    self.raw_requestline = self.rfile.readline(65537)
  File "C:\Users\simip\AppData\Local\Programs\Python\Python39\lib\socketserver.py", line 360, in finish_request
    self.RequestHandlerClass(request, client_address, self)
  File "C:\Users\simip\AppData\Local\Programs\Python\Python39\lib\socket.py", line 704, in readinto
    return self._sock.recv_into(b)
  File "C:\Users\simip\AppData\Local\Programs\Python\Python39\lib\http\server.py", line 651, in __init__
    super().__init__(*args, **kwargs)
ConnectionResetError: [WinError 10054] An existing connection was forcibly closed by the remote host
  File "C:\Users\simip\AppData\Local\Programs\Python\Python39\lib\socketserver.py", line 747, in __init__
    self.handle()
----------------------------------------
  File "C:\Users\simip\AppData\Local\Programs\Python\Python39\lib\http\server.py", line 427, in handle
    self.handle_one_request()
----------------------------------------
  File "C:\Users\simip\AppData\Local\Programs\Python\Python39\lib\http\server.py", line 393, in handle_one_request
    self.raw_requestline = self.rfile.readline(65537)
  File "C:\Users\simip\AppData\Local\Programs\Python\Python39\lib\socket.py", line 704, in readinto
    return self._sock.recv_into(b)
ConnectionResetError: [WinError 10054] An existing connection was forcibly closed by the remote host
----------------------------------------
----------------------------------------
Exception occurred during processing of request from ('127.0.0.1', 64246)
Traceback (most recent call last):
  File "C:\Users\simip\AppData\Local\Programs\Python\Python39\lib\socketserver.py", line 683, in process_request_thread
    self.finish_request(request, client_address)
----------------------------------------
----------------------------------------
----------------------------------------
----------------------------------------
  File "C:\Users\simip\AppData\Local\Programs\Python\Python39\lib\socketserver.py", line 360, in finish_request
    self.RequestHandlerClass(request, client_address, self)
----------------------------------------
Exception occurred during processing of request from ('127.0.0.1', 52998)
Exception occurred during processing of request from ('127.0.0.1', 52199)
Exception occurred during processing of request from ('127.0.0.1', 65522)
Exception occurred during processing of request from ('127.0.0.1', 61215)
Exception occurred during processing of request from ('127.0.0.1', 58349)
  File "C:\Users\simip\AppData\Local\Programs\Python\Python39\lib\http\server.py", line 651, in __init__
    super().__init__(*args, **kwargs)
  File "C:\Users\simip\AppData\Local\Programs\Python\Python39\lib\socketserver.py", line 747, in __init__
    self.handle()
  File "C:\Users\simip\AppData\Local\Programs\Python\Python39\lib\http\server.py", line 427, in handle
    self.handle_one_request()
  File "C:\Users\simip\AppData\Local\Programs\Python\Python39\lib\http\server.py", line 393, in handle_one_request
    self.raw_requestline = self.rfile.readline(65537)
  File "C:\Users\simip\AppData\Local\Programs\Python\Python39\lib\socket.py", line 704, in readinto
    return self._sock.recv_into(b)
ConnectionResetError: [WinError 10054] An existing connection was forcibly closed by the remote host
----------------------------------------
Traceback (most recent call last):
  File "C:\Users\simip\AppData\Local\Programs\Python\Python39\lib\socketserver.py", line 683, in process_request_thread
    self.finish_request(request, client_address)
  File "C:\Users\simip\AppData\Local\Programs\Python\Python39\lib\socketserver.py", line 360, in finish_request
    self.RequestHandlerClass(request, client_address, self)
Traceback (most recent call last):
  File "C:\Users\simip\AppData\Local\Programs\Python\Python39\lib\http\server.py", line 651, in __init__
    super().__init__(*args, **kwargs)
  File "C:\Users\simip\AppData\Local\Programs\Python\Python39\lib\socketserver.py", line 683, in process_request_thread
    self.finish_request(request, client_address)
Traceback (most recent call last):
  File "C:\Users\simip\AppData\Local\Programs\Python\Python39\lib\socketserver.py", line 747, in __init__
    self.handle()
  File "C:\Users\simip\AppData\Local\Programs\Python\Python39\lib\socketserver.py", line 360, in finish_request
    self.RequestHandlerClass(request, client_address, self)
  File "C:\Users\simip\AppData\Local\Programs\Python\Python39\lib\socketserver.py", line 683, in process_request_thread
    self.finish_request(request, client_address)
  File "C:\Users\simip\AppData\Local\Programs\Python\Python39\lib\http\server.py", line 427, in handle
    self.handle_one_request()
  File "C:\Users\simip\AppData\Local\Programs\Python\Python39\lib\http\server.py", line 651, in __init__
    super().__init__(*args, **kwargs)
  File "C:\Users\simip\AppData\Local\Programs\Python\Python39\lib\socketserver.py", line 747, in __init__
    self.handle()
  File "C:\Users\simip\AppData\Local\Programs\Python\Python39\lib\http\server.py", line 393, in handle_one_request
    self.raw_requestline = self.rfile.readline(65537)
Traceback (most recent call last):
  File "C:\Users\simip\AppData\Local\Programs\Python\Python39\lib\http\server.py", line 427, in handle
    self.handle_one_request()
  File "C:\Users\simip\AppData\Local\Programs\Python\Python39\lib\socket.py", line 704, in readinto
    return self._sock.recv_into(b)
  File "C:\Users\simip\AppData\Local\Programs\Python\Python39\lib\socketserver.py", line 683, in process_request_thread
    self.finish_request(request, client_address)
  File "C:\Users\simip\AppData\Local\Programs\Python\Python39\lib\http\server.py", line 393, in handle_one_request
    self.raw_requestline = self.rfile.readline(65537)
ConnectionResetError: [WinError 10054] An existing connection was forcibly closed by the remote host
  File "C:\Users\simip\AppData\Local\Programs\Python\Python39\lib\socketserver.py", line 360, in finish_request
    self.RequestHandlerClass(request, client_address, self)
  File "C:\Users\simip\AppData\Local\Programs\Python\Python39\lib\socket.py", line 704, in readinto
    return self._sock.recv_into(b)
----------------------------------------
  File "C:\Users\simip\AppData\Local\Programs\Python\Python39\lib\http\server.py", line 651, in __init__
    super().__init__(*args, **kwargs)
ConnectionResetError: [WinError 10054] An existing connection was forcibly closed by the remote host
Traceback (most recent call last):
  File "C:\Users\simip\AppData\Local\Programs\Python\Python39\lib\socketserver.py", line 360, in finish_request
    self.RequestHandlerClass(request, client_address, self)
  File "C:\Users\simip\AppData\Local\Programs\Python\Python39\lib\socketserver.py", line 747, in __init__
    self.handle()
  File "C:\Users\simip\AppData\Local\Programs\Python\Python39\lib\socketserver.py", line 683, in process_request_thread
    self.finish_request(request, client_address)
----------------------------------------
  File "C:\Users\simip\AppData\Local\Programs\Python\Python39\lib\http\server.py", line 651, in __init__
    super().__init__(*args, **kwargs)
  File "C:\Users\simip\AppData\Local\Programs\Python\Python39\lib\http\server.py", line 427, in handle
    self.handle_one_request()
  File "C:\Users\simip\AppData\Local\Programs\Python\Python39\lib\socketserver.py", line 747, in __init__
    self.handle()
  File "C:\Users\simip\AppData\Local\Programs\Python\Python39\lib\http\server.py", line 393, in handle_one_request
    self.raw_requestline = self.rfile.readline(65537)
  File "C:\Users\simip\AppData\Local\Programs\Python\Python39\lib\socket.py", line 704, in readinto
    return self._sock.recv_into(b)
  File "C:\Users\simip\AppData\Local\Programs\Python\Python39\lib\http\server.py", line 427, in handle
    self.handle_one_request()
ConnectionResetError: [WinError 10054] An existing connection was forcibly closed by the remote host
  File "C:\Users\simip\AppData\Local\Programs\Python\Python39\lib\http\server.py", line 393, in handle_one_request
    self.raw_requestline = self.rfile.readline(65537)
  File "C:\Users\simip\AppData\Local\Programs\Python\Python39\lib\socket.py", line 704, in readinto
    return self._sock.recv_into(b)
----------------------------------------
  File "C:\Users\simip\AppData\Local\Programs\Python\Python39\lib\socketserver.py", line 360, in finish_request
    self.RequestHandlerClass(request, client_address, self)
ConnectionResetError: [WinError 10054] An existing connection was forcibly closed by the remote host
  File "C:\Users\simip\AppData\Local\Programs\Python\Python39\lib\http\server.py", line 651, in __init__
    super().__init__(*args, **kwargs)
----------------------------------------
  File "C:\Users\simip\AppData\Local\Programs\Python\Python39\lib\socketserver.py", line 747, in __init__
    self.handle()
  File "C:\Users\simip\AppData\Local\Programs\Python\Python39\lib\http\server.py", line 427, in handle
    self.handle_one_request()
  File "C:\Users\simip\AppData\Local\Programs\Python\Python39\lib\http\server.py", line 393, in handle_one_request
    self.raw_requestline = self.rfile.readline(65537)
  File "C:\Users\simip\AppData\Local\Programs\Python\Python39\lib\socket.py", line 704, in readinto
    return self._sock.recv_into(b)
ConnectionResetError: [WinError 10054] An existing connection was forcibly closed by the remote host
----------------------------------------
----------------------------------------
Exception occurred during processing of request from ('127.0.0.1', 62244)
----------------------------------------
Exception occurred during processing of request from ('127.0.0.1', 53704)
----------------------------------------
Exception occurred during processing of request from ('127.0.0.1', 50834)
Traceback (most recent call last):
----------------------------------------
----------------------------------------
Exception occurred during processing of request from ('127.0.0.1', 57270)
  File "C:\Users\simip\AppData\Local\Programs\Python\Python39\lib\socketserver.py", line 683, in process_request_thread
    self.finish_request(request, client_address)
----------------------------------------
  File "C:\Users\simip\AppData\Local\Programs\Python\Python39\lib\socketserver.py", line 360, in finish_request
    self.RequestHandlerClass(request, client_address, self)
Exception occurred during processing of request from ('127.0.0.1', 56889)
  File "C:\Users\simip\AppData\Local\Programs\Python\Python39\lib\http\server.py", line 651, in __init__
    super().__init__(*args, **kwargs)
Traceback (most recent call last):
  File "C:\Users\simip\AppData\Local\Programs\Python\Python39\lib\socketserver.py", line 747, in __init__
    self.handle()
  File "C:\Users\simip\AppData\Local\Programs\Python\Python39\lib\socketserver.py", line 683, in process_request_thread
    self.finish_request(request, client_address)
  File "C:\Users\simip\AppData\Local\Programs\Python\Python39\lib\http\server.py", line 427, in handle
    self.handle_one_request()
  File "C:\Users\simip\AppData\Local\Programs\Python\Python39\lib\socketserver.py", line 360, in finish_request
    self.RequestHandlerClass(request, client_address, self)
  File "C:\Users\simip\AppData\Local\Programs\Python\Python39\lib\http\server.py", line 651, in __init__
    super().__init__(*args, **kwargs)
  File "C:\Users\simip\AppData\Local\Programs\Python\Python39\lib\http\server.py", line 393, in handle_one_request
    self.raw_requestline = self.rfile.readline(65537)
Exception occurred during processing of request from ('127.0.0.1', 52770)
Traceback (most recent call last):
  File "C:\Users\simip\AppData\Local\Programs\Python\Python39\lib\socket.py", line 704, in readinto
    return self._sock.recv_into(b)
  File "C:\Users\simip\AppData\Local\Programs\Python\Python39\lib\socketserver.py", line 747, in __init__
    self.handle()
Traceback (most recent call last):
Traceback (most recent call last):
  File "C:\Users\simip\AppData\Local\Programs\Python\Python39\lib\http\server.py", line 427, in handle
    self.handle_one_request()
  File "C:\Users\simip\AppData\Local\Programs\Python\Python39\lib\socketserver.py", line 683, in process_request_thread
    self.finish_request(request, client_address)
  File "C:\Users\simip\AppData\Local\Programs\Python\Python39\lib\socketserver.py", line 683, in process_request_thread
    self.finish_request(request, client_address)
  File "C:\Users\simip\AppData\Local\Programs\Python\Python39\lib\http\server.py", line 393, in handle_one_request
    self.raw_requestline = self.rfile.readline(65537)
  File "C:\Users\simip\AppData\Local\Programs\Python\Python39\lib\socketserver.py", line 360, in finish_request
    self.RequestHandlerClass(request, client_address, self)
  File "C:\Users\simip\AppData\Local\Programs\Python\Python39\lib\socketserver.py", line 360, in finish_request
    self.RequestHandlerClass(request, client_address, self)
  File "C:\Users\simip\AppData\Local\Programs\Python\Python39\lib\socket.py", line 704, in readinto
    return self._sock.recv_into(b)
  File "C:\Users\simip\AppData\Local\Programs\Python\Python39\lib\http\server.py", line 651, in __init__
    super().__init__(*args, **kwargs)
  File "C:\Users\simip\AppData\Local\Programs\Python\Python39\lib\http\server.py", line 651, in __init__
    super().__init__(*args, **kwargs)
ConnectionResetError: [WinError 10054] An existing connection was forcibly closed by the remote host
  File "C:\Users\simip\AppData\Local\Programs\Python\Python39\lib\socketserver.py", line 747, in __init__
    self.handle()
  File "C:\Users\simip\AppData\Local\Programs\Python\Python39\lib\http\server.py", line 427, in handle
    self.handle_one_request()
  File "C:\Users\simip\AppData\Local\Programs\Python\Python39\lib\socketserver.py", line 747, in __init__
    self.handle()
  File "C:\Users\simip\AppData\Local\Programs\Python\Python39\lib\socketserver.py", line 683, in process_request_thread
    self.finish_request(request, client_address)
  File "C:\Users\simip\AppData\Local\Programs\Python\Python39\lib\socketserver.py", line 360, in finish_request
    self.RequestHandlerClass(request, client_address, self)
Traceback (most recent call last):
----------------------------------------
  File "C:\Users\simip\AppData\Local\Programs\Python\Python39\lib\http\server.py", line 651, in __init__
    super().__init__(*args, **kwargs)
  File "C:\Users\simip\AppData\Local\Programs\Python\Python39\lib\socketserver.py", line 683, in process_request_thread
    self.finish_request(request, client_address)
  File "C:\Users\simip\AppData\Local\Programs\Python\Python39\lib\http\server.py", line 393, in handle_one_request
    self.raw_requestline = self.rfile.readline(65537)
  File "C:\Users\simip\AppData\Local\Programs\Python\Python39\lib\socket.py", line 704, in readinto
    return self._sock.recv_into(b)
  File "C:\Users\simip\AppData\Local\Programs\Python\Python39\lib\socketserver.py", line 747, in __init__
    self.handle()
ConnectionResetError: [WinError 10054] An existing connection was forcibly closed by the remote host
  File "C:\Users\simip\AppData\Local\Programs\Python\Python39\lib\http\server.py", line 427, in handle
    self.handle_one_request()
  File "C:\Users\simip\AppData\Local\Programs\Python\Python39\lib\socketserver.py", line 360, in finish_request
    self.RequestHandlerClass(request, client_address, self)
ConnectionResetError: [WinError 10054] An existing connection was forcibly closed by the remote host
----------------------------------------
  File "C:\Users\simip\AppData\Local\Programs\Python\Python39\lib\http\server.py", line 393, in handle_one_request
    self.raw_requestline = self.rfile.readline(65537)
----------------------------------------
  File "C:\Users\simip\AppData\Local\Programs\Python\Python39\lib\http\server.py", line 651, in __init__
    super().__init__(*args, **kwargs)
  File "C:\Users\simip\AppData\Local\Programs\Python\Python39\lib\http\server.py", line 427, in handle
    self.handle_one_request()
  File "C:\Users\simip\AppData\Local\Programs\Python\Python39\lib\socketserver.py", line 747, in __init__
    self.handle()
  File "C:\Users\simip\AppData\Local\Programs\Python\Python39\lib\http\server.py", line 427, in handle
    self.handle_one_request()
  File "C:\Users\simip\AppData\Local\Programs\Python\Python39\lib\http\server.py", line 393, in handle_one_request
    self.raw_requestline = self.rfile.readline(65537)
  File "C:\Users\simip\AppData\Local\Programs\Python\Python39\lib\socket.py", line 704, in readinto
    return self._sock.recv_into(b)
  File "C:\Users\simip\AppData\Local\Programs\Python\Python39\lib\http\server.py", line 393, in handle_one_request
    self.raw_requestline = self.rfile.readline(65537)
  File "C:\Users\simip\AppData\Local\Programs\Python\Python39\lib\socket.py", line 704, in readinto
    return self._sock.recv_into(b)
  File "C:\Users\simip\AppData\Local\Programs\Python\Python39\lib\socket.py", line 704, in readinto
    return self._sock.recv_into(b)
ConnectionResetError: [WinError 10054] An existing connection was forcibly closed by the remote host
ConnectionResetError: [WinError 10054] An existing connection was forcibly closed by the remote host
----------------------------------------
----------------------------------------
ConnectionResetError: [WinError 10054] An existing connection was forcibly closed by the remote host
----------------------------------------
----------------------------------------
Exception occurred during processing of request from ('127.0.0.1', 60897)
----------------------------------------
Exception occurred during processing of request from ('127.0.0.1', 52088)
----------------------------------------
Exception occurred during processing of request from ('127.0.0.1', 52438)
----------------------------------------
Exception occurred during processing of request from ('127.0.0.1', 61740)
----------------------------------------
Exception occurred during processing of request from ('127.0.0.1', 63978)
----------------------------------------
Exception occurred during processing of request from ('127.0.0.1', 60068)
Traceback (most recent call last):
  File "C:\Users\simip\AppData\Local\Programs\Python\Python39\lib\socketserver.py", line 683, in process_request_thread
    self.finish_request(request, client_address)
  File "C:\Users\simip\AppData\Local\Programs\Python\Python39\lib\socketserver.py", line 360, in finish_request
    self.RequestHandlerClass(request, client_address, self)
  File "C:\Users\simip\AppData\Local\Programs\Python\Python39\lib\http\server.py", line 651, in __init__
    super().__init__(*args, **kwargs)
  File "C:\Users\simip\AppData\Local\Programs\Python\Python39\lib\socketserver.py", line 747, in __init__
    self.handle()
  File "C:\Users\simip\AppData\Local\Programs\Python\Python39\lib\http\server.py", line 427, in handle
    self.handle_one_request()
  File "C:\Users\simip\AppData\Local\Programs\Python\Python39\lib\http\server.py", line 393, in handle_one_request
    self.raw_requestline = self.rfile.readline(65537)
  File "C:\Users\simip\AppData\Local\Programs\Python\Python39\lib\socket.py", line 704, in readinto
    return self._sock.recv_into(b)
Traceback (most recent call last):
  File "C:\Users\simip\AppData\Local\Programs\Python\Python39\lib\socketserver.py", line 683, in process_request_thread
    self.finish_request(request, client_address)
Traceback (most recent call last):
  File "C:\Users\simip\AppData\Local\Programs\Python\Python39\lib\socketserver.py", line 360, in finish_request
    self.RequestHandlerClass(request, client_address, self)
Traceback (most recent call last):
ConnectionResetError: [WinError 10054] An existing connection was forcibly closed by the remote host
  File "C:\Users\simip\AppData\Local\Programs\Python\Python39\lib\socketserver.py", line 683, in process_request_thread
    self.finish_request(request, client_address)
  File "C:\Users\simip\AppData\Local\Programs\Python\Python39\lib\http\server.py", line 651, in __init__
    super().__init__(*args, **kwargs)
Traceback (most recent call last):
  File "C:\Users\simip\AppData\Local\Programs\Python\Python39\lib\socketserver.py", line 360, in finish_request
    self.RequestHandlerClass(request, client_address, self)
  File "C:\Users\simip\AppData\Local\Programs\Python\Python39\lib\socketserver.py", line 747, in __init__
    self.handle()
  File "C:\Users\simip\AppData\Local\Programs\Python\Python39\lib\socketserver.py", line 683, in process_request_thread
    self.finish_request(request, client_address)
  File "C:\Users\simip\AppData\Local\Programs\Python\Python39\lib\http\server.py", line 651, in __init__
    super().__init__(*args, **kwargs)
  File "C:\Users\simip\AppData\Local\Programs\Python\Python39\lib\http\server.py", line 427, in handle
    self.handle_one_request()
  File "C:\Users\simip\AppData\Local\Programs\Python\Python39\lib\socketserver.py", line 360, in finish_request
    self.RequestHandlerClass(request, client_address, self)
  File "C:\Users\simip\AppData\Local\Programs\Python\Python39\lib\socketserver.py", line 747, in __init__
    self.handle()
  File "C:\Users\simip\AppData\Local\Programs\Python\Python39\lib\http\server.py", line 393, in handle_one_request
    self.raw_requestline = self.rfile.readline(65537)
  File "C:\Users\simip\AppData\Local\Programs\Python\Python39\lib\http\server.py", line 651, in __init__
    super().__init__(*args, **kwargs)
  File "C:\Users\simip\AppData\Local\Programs\Python\Python39\lib\http\server.py", line 427, in handle
    self.handle_one_request()
  File "C:\Users\simip\AppData\Local\Programs\Python\Python39\lib\socket.py", line 704, in readinto
    return self._sock.recv_into(b)
  File "C:\Users\simip\AppData\Local\Programs\Python\Python39\lib\socketserver.py", line 747, in __init__
    self.handle()
  File "C:\Users\simip\AppData\Local\Programs\Python\Python39\lib\http\server.py", line 393, in handle_one_request
    self.raw_requestline = self.rfile.readline(65537)
ConnectionResetError: [WinError 10054] An existing connection was forcibly closed by the remote host
  File "C:\Users\simip\AppData\Local\Programs\Python\Python39\lib\http\server.py", line 427, in handle
    self.handle_one_request()
  File "C:\Users\simip\AppData\Local\Programs\Python\Python39\lib\socket.py", line 704, in readinto
    return self._sock.recv_into(b)
----------------------------------------
  File "C:\Users\simip\AppData\Local\Programs\Python\Python39\lib\http\server.py", line 393, in handle_one_request
    self.raw_requestline = self.rfile.readline(65537)
ConnectionResetError: [WinError 10054] An existing connection was forcibly closed by the remote host
  File "C:\Users\simip\AppData\Local\Programs\Python\Python39\lib\socketserver.py", line 683, in process_request_thread
    self.finish_request(request, client_address)
----------------------------------------
  File "C:\Users\simip\AppData\Local\Programs\Python\Python39\lib\socket.py", line 704, in readinto
    return self._sock.recv_into(b)
  File "C:\Users\simip\AppData\Local\Programs\Python\Python39\lib\socketserver.py", line 360, in finish_request
    self.RequestHandlerClass(request, client_address, self)
Traceback (most recent call last):
----------------------------------------
ConnectionResetError: [WinError 10054] An existing connection was forcibly closed by the remote host
  File "C:\Users\simip\AppData\Local\Programs\Python\Python39\lib\http\server.py", line 651, in __init__
    super().__init__(*args, **kwargs)
----------------------------------------
  File "C:\Users\simip\AppData\Local\Programs\Python\Python39\lib\socketserver.py", line 747, in __init__
    self.handle()
  File "C:\Users\simip\AppData\Local\Programs\Python\Python39\lib\socketserver.py", line 683, in process_request_thread
    self.finish_request(request, client_address)
  File "C:\Users\simip\AppData\Local\Programs\Python\Python39\lib\http\server.py", line 427, in handle
    self.handle_one_request()
  File "C:\Users\simip\AppData\Local\Programs\Python\Python39\lib\socketserver.py", line 360, in finish_request
    self.RequestHandlerClass(request, client_address, self)
  File "C:\Users\simip\AppData\Local\Programs\Python\Python39\lib\http\server.py", line 651, in __init__
    super().__init__(*args, **kwargs)
  File "C:\Users\simip\AppData\Local\Programs\Python\Python39\lib\socketserver.py", line 747, in __init__
    self.handle()
  File "C:\Users\simip\AppData\Local\Programs\Python\Python39\lib\http\server.py", line 427, in handle
    self.handle_one_request()
  File "C:\Users\simip\AppData\Local\Programs\Python\Python39\lib\http\server.py", line 393, in handle_one_request
    self.raw_requestline = self.rfile.readline(65537)
  File "C:\Users\simip\AppData\Local\Programs\Python\Python39\lib\http\server.py", line 393, in handle_one_request
    self.raw_requestline = self.rfile.readline(65537)
  File "C:\Users\simip\AppData\Local\Programs\Python\Python39\lib\socket.py", line 704, in readinto
    return self._sock.recv_into(b)
  File "C:\Users\simip\AppData\Local\Programs\Python\Python39\lib\socket.py", line 704, in readinto
    return self._sock.recv_into(b)
ConnectionResetError: [WinError 10054] An existing connection was forcibly closed by the remote host
ConnectionResetError: [WinError 10054] An existing connection was forcibly closed by the remote host
----------------------------------------
----------------------------------------
----------------------------------------
Exception occurred during processing of request from ('127.0.0.1', 54598)
----------------------------------------
Exception occurred during processing of request from ('127.0.0.1', 58612)
Traceback (most recent call last):
  File "C:\Users\simip\AppData\Local\Programs\Python\Python39\lib\socketserver.py", line 683, in process_request_thread
    self.finish_request(request, client_address)
Traceback (most recent call last):
  File "C:\Users\simip\AppData\Local\Programs\Python\Python39\lib\socketserver.py", line 360, in finish_request
    self.RequestHandlerClass(request, client_address, self)
  File "C:\Users\simip\AppData\Local\Programs\Python\Python39\lib\socketserver.py", line 683, in process_request_thread
    self.finish_request(request, client_address)
  File "C:\Users\simip\AppData\Local\Programs\Python\Python39\lib\http\server.py", line 651, in __init__
    super().__init__(*args, **kwargs)
  File "C:\Users\simip\AppData\Local\Programs\Python\Python39\lib\socketserver.py", line 360, in finish_request
    self.RequestHandlerClass(request, client_address, self)
  File "C:\Users\simip\AppData\Local\Programs\Python\Python39\lib\socketserver.py", line 747, in __init__
    self.handle()
  File "C:\Users\simip\AppData\Local\Programs\Python\Python39\lib\http\server.py", line 651, in __init__
    super().__init__(*args, **kwargs)
  File "C:\Users\simip\AppData\Local\Programs\Python\Python39\lib\http\server.py", line 427, in handle
    self.handle_one_request()
  File "C:\Users\simip\AppData\Local\Programs\Python\Python39\lib\socketserver.py", line 747, in __init__
    self.handle()
  File "C:\Users\simip\AppData\Local\Programs\Python\Python39\lib\http\server.py", line 393, in handle_one_request
    self.raw_requestline = self.rfile.readline(65537)
  File "C:\Users\simip\AppData\Local\Programs\Python\Python39\lib\http\server.py", line 427, in handle
    self.handle_one_request()
  File "C:\Users\simip\AppData\Local\Programs\Python\Python39\lib\socket.py", line 704, in readinto
    return self._sock.recv_into(b)
  File "C:\Users\simip\AppData\Local\Programs\Python\Python39\lib\http\server.py", line 393, in handle_one_request
    self.raw_requestline = self.rfile.readline(65537)
ConnectionResetError: [WinError 10054] An existing connection was forcibly closed by the remote host
  File "C:\Users\simip\AppData\Local\Programs\Python\Python39\lib\socket.py", line 704, in readinto
    return self._sock.recv_into(b)
----------------------------------------
ConnectionResetError: [WinError 10054] An existing connection was forcibly closed by the remote host
----------------------------------------
----------------------------------------
Exception occurred during processing of request from ('127.0.0.1', 59158)
----------------------------------------
Exception occurred during processing of request from ('127.0.0.1', 52176)
----------------------------------------
Exception occurred during processing of request from ('127.0.0.1', 53527)
----------------------------------------
Exception occurred during processing of request from ('127.0.0.1', 52006)
Traceback (most recent call last):
  File "C:\Users\simip\AppData\Local\Programs\Python\Python39\lib\socketserver.py", line 683, in process_request_thread
    self.finish_request(request, client_address)
  File "C:\Users\simip\AppData\Local\Programs\Python\Python39\lib\socketserver.py", line 360, in finish_request
    self.RequestHandlerClass(request, client_address, self)
  File "C:\Users\simip\AppData\Local\Programs\Python\Python39\lib\http\server.py", line 651, in __init__
    super().__init__(*args, **kwargs)
  File "C:\Users\simip\AppData\Local\Programs\Python\Python39\lib\socketserver.py", line 747, in __init__
    self.handle()
  File "C:\Users\simip\AppData\Local\Programs\Python\Python39\lib\http\server.py", line 427, in handle
    self.handle_one_request()
  File "C:\Users\simip\AppData\Local\Programs\Python\Python39\lib\http\server.py", line 393, in handle_one_request
    self.raw_requestline = self.rfile.readline(65537)
Traceback (most recent call last):
  File "C:\Users\simip\AppData\Local\Programs\Python\Python39\lib\socket.py", line 704, in readinto
    return self._sock.recv_into(b)
  File "C:\Users\simip\AppData\Local\Programs\Python\Python39\lib\socketserver.py", line 683, in process_request_thread
    self.finish_request(request, client_address)
ConnectionResetError: [WinError 10054] An existing connection was forcibly closed by the remote host
  File "C:\Users\simip\AppData\Local\Programs\Python\Python39\lib\socketserver.py", line 360, in finish_request
    self.RequestHandlerClass(request, client_address, self)
----------------------------------------
  File "C:\Users\simip\AppData\Local\Programs\Python\Python39\lib\http\server.py", line 651, in __init__
    super().__init__(*args, **kwargs)
Traceback (most recent call last):
  File "C:\Users\simip\AppData\Local\Programs\Python\Python39\lib\socketserver.py", line 747, in __init__
    self.handle()
  File "C:\Users\simip\AppData\Local\Programs\Python\Python39\lib\socketserver.py", line 683, in process_request_thread
    self.finish_request(request, client_address)
  File "C:\Users\simip\AppData\Local\Programs\Python\Python39\lib\socketserver.py", line 360, in finish_request
    self.RequestHandlerClass(request, client_address, self)
  File "C:\Users\simip\AppData\Local\Programs\Python\Python39\lib\http\server.py", line 427, in handle
    self.handle_one_request()
  File "C:\Users\simip\AppData\Local\Programs\Python\Python39\lib\http\server.py", line 393, in handle_one_request
    self.raw_requestline = self.rfile.readline(65537)
  File "C:\Users\simip\AppData\Local\Programs\Python\Python39\lib\http\server.py", line 651, in __init__
    super().__init__(*args, **kwargs)
  File "C:\Users\simip\AppData\Local\Programs\Python\Python39\lib\socket.py", line 704, in readinto
    return self._sock.recv_into(b)
ConnectionResetError: [WinError 10054] An existing connection was forcibly closed by the remote host
  File "C:\Users\simip\AppData\Local\Programs\Python\Python39\lib\socketserver.py", line 747, in __init__
    self.handle()
  File "C:\Users\simip\AppData\Local\Programs\Python\Python39\lib\http\server.py", line 427, in handle
    self.handle_one_request()
----------------------------------------
Traceback (most recent call last):
  File "C:\Users\simip\AppData\Local\Programs\Python\Python39\lib\socketserver.py", line 683, in process_request_thread
    self.finish_request(request, client_address)
  File "C:\Users\simip\AppData\Local\Programs\Python\Python39\lib\socketserver.py", line 360, in finish_request
    self.RequestHandlerClass(request, client_address, self)
  File "C:\Users\simip\AppData\Local\Programs\Python\Python39\lib\http\server.py", line 651, in __init__
    super().__init__(*args, **kwargs)
  File "C:\Users\simip\AppData\Local\Programs\Python\Python39\lib\socketserver.py", line 747, in __init__
    self.handle()
  File "C:\Users\simip\AppData\Local\Programs\Python\Python39\lib\http\server.py", line 427, in handle
    self.handle_one_request()
  File "C:\Users\simip\AppData\Local\Programs\Python\Python39\lib\http\server.py", line 393, in handle_one_request
    self.raw_requestline = self.rfile.readline(65537)
  File "C:\Users\simip\AppData\Local\Programs\Python\Python39\lib\socket.py", line 704, in readinto
    return self._sock.recv_into(b)
ConnectionResetError: [WinError 10054] An existing connection was forcibly closed by the remote host
  File "C:\Users\simip\AppData\Local\Programs\Python\Python39\lib\http\server.py", line 393, in handle_one_request
    self.raw_requestline = self.rfile.readline(65537)
----------------------------------------
  File "C:\Users\simip\AppData\Local\Programs\Python\Python39\lib\socket.py", line 704, in readinto
    return self._sock.recv_into(b)
ConnectionResetError: [WinError 10054] An existing connection was forcibly closed by the remote host
----------------------------------------
----------------------------------------
Exception occurred during processing of request from ('127.0.0.1', 63361)
----------------------------------------
----------------------------------------
Exception occurred during processing of request from ('127.0.0.1', 58962)
----------------------------------------
Exception occurred during processing of request from ('127.0.0.1', 62627)
Exception occurred during processing of request from ('127.0.0.1', 58269)
----------------------------------------
Exception occurred during processing of request from ('127.0.0.1', 57802)
----------------------------------------
Exception occurred during processing of request from ('127.0.0.1', 59991)
Traceback (most recent call last):
Traceback (most recent call last):
  File "C:\Users\simip\AppData\Local\Programs\Python\Python39\lib\socketserver.py", line 683, in process_request_thread
    self.finish_request(request, client_address)
  File "C:\Users\simip\AppData\Local\Programs\Python\Python39\lib\socketserver.py", line 683, in process_request_thread
    self.finish_request(request, client_address)
Traceback (most recent call last):
Traceback (most recent call last):
  File "C:\Users\simip\AppData\Local\Programs\Python\Python39\lib\socketserver.py", line 360, in finish_request
    self.RequestHandlerClass(request, client_address, self)
  File "C:\Users\simip\AppData\Local\Programs\Python\Python39\lib\socketserver.py", line 360, in finish_request
    self.RequestHandlerClass(request, client_address, self)
  File "C:\Users\simip\AppData\Local\Programs\Python\Python39\lib\socketserver.py", line 683, in process_request_thread
    self.finish_request(request, client_address)
  File "C:\Users\simip\AppData\Local\Programs\Python\Python39\lib\http\server.py", line 651, in __init__
    super().__init__(*args, **kwargs)
  File "C:\Users\simip\AppData\Local\Programs\Python\Python39\lib\socketserver.py", line 747, in __init__
    self.handle()
  File "C:\Users\simip\AppData\Local\Programs\Python\Python39\lib\socketserver.py", line 360, in finish_request
    self.RequestHandlerClass(request, client_address, self)
  File "C:\Users\simip\AppData\Local\Programs\Python\Python39\lib\http\server.py", line 651, in __init__
    super().__init__(*args, **kwargs)
Traceback (most recent call last):
  File "C:\Users\simip\AppData\Local\Programs\Python\Python39\lib\http\server.py", line 427, in handle
    self.handle_one_request()
  File "C:\Users\simip\AppData\Local\Programs\Python\Python39\lib\socketserver.py", line 747, in __init__
    self.handle()
  File "C:\Users\simip\AppData\Local\Programs\Python\Python39\lib\socketserver.py", line 683, in process_request_thread
    self.finish_request(request, client_address)
Traceback (most recent call last):
  File "C:\Users\simip\AppData\Local\Programs\Python\Python39\lib\http\server.py", line 427, in handle
    self.handle_one_request()
  File "C:\Users\simip\AppData\Local\Programs\Python\Python39\lib\http\server.py", line 651, in __init__
    super().__init__(*args, **kwargs)
  File "C:\Users\simip\AppData\Local\Programs\Python\Python39\lib\http\server.py", line 393, in handle_one_request
    self.raw_requestline = self.rfile.readline(65537)
  File "C:\Users\simip\AppData\Local\Programs\Python\Python39\lib\socket.py", line 704, in readinto
    return self._sock.recv_into(b)
  File "C:\Users\simip\AppData\Local\Programs\Python\Python39\lib\socketserver.py", line 360, in finish_request
    self.RequestHandlerClass(request, client_address, self)
  File "C:\Users\simip\AppData\Local\Programs\Python\Python39\lib\socketserver.py", line 683, in process_request_thread
    self.finish_request(request, client_address)
  File "C:\Users\simip\AppData\Local\Programs\Python\Python39\lib\socketserver.py", line 683, in process_request_thread
    self.finish_request(request, client_address)
  File "C:\Users\simip\AppData\Local\Programs\Python\Python39\lib\socketserver.py", line 747, in __init__
    self.handle()
  File "C:\Users\simip\AppData\Local\Programs\Python\Python39\lib\socketserver.py", line 360, in finish_request
    self.RequestHandlerClass(request, client_address, self)
  File "C:\Users\simip\AppData\Local\Programs\Python\Python39\lib\socketserver.py", line 360, in finish_request
    self.RequestHandlerClass(request, client_address, self)
  File "C:\Users\simip\AppData\Local\Programs\Python\Python39\lib\http\server.py", line 427, in handle
    self.handle_one_request()
  File "C:\Users\simip\AppData\Local\Programs\Python\Python39\lib\http\server.py", line 393, in handle_one_request
    self.raw_requestline = self.rfile.readline(65537)
  File "C:\Users\simip\AppData\Local\Programs\Python\Python39\lib\http\server.py", line 651, in __init__
    super().__init__(*args, **kwargs)
  File "C:\Users\simip\AppData\Local\Programs\Python\Python39\lib\http\server.py", line 393, in handle_one_request
    self.raw_requestline = self.rfile.readline(65537)
  File "C:\Users\simip\AppData\Local\Programs\Python\Python39\lib\http\server.py", line 651, in __init__
    super().__init__(*args, **kwargs)
  File "C:\Users\simip\AppData\Local\Programs\Python\Python39\lib\http\server.py", line 651, in __init__
    super().__init__(*args, **kwargs)
  File "C:\Users\simip\AppData\Local\Programs\Python\Python39\lib\socketserver.py", line 747, in __init__
    self.handle()
  File "C:\Users\simip\AppData\Local\Programs\Python\Python39\lib\socket.py", line 704, in readinto
    return self._sock.recv_into(b)
  File "C:\Users\simip\AppData\Local\Programs\Python\Python39\lib\socketserver.py", line 747, in __init__
    self.handle()
  File "C:\Users\simip\AppData\Local\Programs\Python\Python39\lib\socket.py", line 704, in readinto
    return self._sock.recv_into(b)
  File "C:\Users\simip\AppData\Local\Programs\Python\Python39\lib\socketserver.py", line 747, in __init__
    self.handle()
  File "C:\Users\simip\AppData\Local\Programs\Python\Python39\lib\http\server.py", line 427, in handle
    self.handle_one_request()
  File "C:\Users\simip\AppData\Local\Programs\Python\Python39\lib\http\server.py", line 427, in handle
    self.handle_one_request()
ConnectionResetError: [WinError 10054] An existing connection was forcibly closed by the remote host
ConnectionResetError: [WinError 10054] An existing connection was forcibly closed by the remote host
  File "C:\Users\simip\AppData\Local\Programs\Python\Python39\lib\http\server.py", line 427, in handle
    self.handle_one_request()
  File "C:\Users\simip\AppData\Local\Programs\Python\Python39\lib\http\server.py", line 393, in handle_one_request
    self.raw_requestline = self.rfile.readline(65537)
  File "C:\Users\simip\AppData\Local\Programs\Python\Python39\lib\http\server.py", line 393, in handle_one_request
    self.raw_requestline = self.rfile.readline(65537)
ConnectionResetError: [WinError 10054] An existing connection was forcibly closed by the remote host
----------------------------------------
----------------------------------------
  File "C:\Users\simip\AppData\Local\Programs\Python\Python39\lib\socket.py", line 704, in readinto
    return self._sock.recv_into(b)
ConnectionResetError: [WinError 10054] An existing connection was forcibly closed by the remote host
  File "C:\Users\simip\AppData\Local\Programs\Python\Python39\lib\socket.py", line 704, in readinto
    return self._sock.recv_into(b)
----------------------------------------
ConnectionResetError: [WinError 10054] An existing connection was forcibly closed by the remote host
----------------------------------------
----------------------------------------
  File "C:\Users\simip\AppData\Local\Programs\Python\Python39\lib\http\server.py", line 393, in handle_one_request
    self.raw_requestline = self.rfile.readline(65537)
  File "C:\Users\simip\AppData\Local\Programs\Python\Python39\lib\socket.py", line 704, in readinto
    return self._sock.recv_into(b)
ConnectionResetError: [WinError 10054] An existing connection was forcibly closed by the remote host
----------------------------------------
----------------------------------------
Exception occurred during processing of request from ('127.0.0.1', 54906)
----------------------------------------
----------------------------------------
Exception occurred during processing of request from ('127.0.0.1', 63430)
----------------------------------------
Exception occurred during processing of request from ('127.0.0.1', 50167)
Exception occurred during processing of request from ('127.0.0.1', 57727)
----------------------------------------
Exception occurred during processing of request from ('127.0.0.1', 57820)
Traceback (most recent call last):
  File "C:\Users\simip\AppData\Local\Programs\Python\Python39\lib\socketserver.py", line 683, in process_request_thread
    self.finish_request(request, client_address)
  File "C:\Users\simip\AppData\Local\Programs\Python\Python39\lib\socketserver.py", line 360, in finish_request
    self.RequestHandlerClass(request, client_address, self)
  File "C:\Users\simip\AppData\Local\Programs\Python\Python39\lib\http\server.py", line 651, in __init__
    super().__init__(*args, **kwargs)
  File "C:\Users\simip\AppData\Local\Programs\Python\Python39\lib\socketserver.py", line 747, in __init__
    self.handle()
  File "C:\Users\simip\AppData\Local\Programs\Python\Python39\lib\http\server.py", line 427, in handle
    self.handle_one_request()
  File "C:\Users\simip\AppData\Local\Programs\Python\Python39\lib\http\server.py", line 393, in handle_one_request
    self.raw_requestline = self.rfile.readline(65537)
  File "C:\Users\simip\AppData\Local\Programs\Python\Python39\lib\socket.py", line 704, in readinto
    return self._sock.recv_into(b)
ConnectionResetError: [WinError 10054] An existing connection was forcibly closed by the remote host
----------------------------------------
Traceback (most recent call last):
Traceback (most recent call last):
  File "C:\Users\simip\AppData\Local\Programs\Python\Python39\lib\socketserver.py", line 683, in process_request_thread
    self.finish_request(request, client_address)
  File "C:\Users\simip\AppData\Local\Programs\Python\Python39\lib\socketserver.py", line 360, in finish_request
    self.RequestHandlerClass(request, client_address, self)
  File "C:\Users\simip\AppData\Local\Programs\Python\Python39\lib\http\server.py", line 651, in __init__
    super().__init__(*args, **kwargs)
  File "C:\Users\simip\AppData\Local\Programs\Python\Python39\lib\socketserver.py", line 683, in process_request_thread
    self.finish_request(request, client_address)
Traceback (most recent call last):
  File "C:\Users\simip\AppData\Local\Programs\Python\Python39\lib\socketserver.py", line 747, in __init__
    self.handle()
  File "C:\Users\simip\AppData\Local\Programs\Python\Python39\lib\http\server.py", line 427, in handle
    self.handle_one_request()
  File "C:\Users\simip\AppData\Local\Programs\Python\Python39\lib\socketserver.py", line 360, in finish_request
    self.RequestHandlerClass(request, client_address, self)
  File "C:\Users\simip\AppData\Local\Programs\Python\Python39\lib\http\server.py", line 393, in handle_one_request
    self.raw_requestline = self.rfile.readline(65537)
  File "C:\Users\simip\AppData\Local\Programs\Python\Python39\lib\http\server.py", line 651, in __init__
    super().__init__(*args, **kwargs)
  File "C:\Users\simip\AppData\Local\Programs\Python\Python39\lib\socket.py", line 704, in readinto
    return self._sock.recv_into(b)
  File "C:\Users\simip\AppData\Local\Programs\Python\Python39\lib\socketserver.py", line 747, in __init__
    self.handle()
ConnectionResetError: [WinError 10054] An existing connection was forcibly closed by the remote host
  File "C:\Users\simip\AppData\Local\Programs\Python\Python39\lib\http\server.py", line 427, in handle
    self.handle_one_request()
----------------------------------------
  File "C:\Users\simip\AppData\Local\Programs\Python\Python39\lib\socketserver.py", line 683, in process_request_thread
    self.finish_request(request, client_address)
  File "C:\Users\simip\AppData\Local\Programs\Python\Python39\lib\http\server.py", line 393, in handle_one_request
    self.raw_requestline = self.rfile.readline(65537)
Traceback (most recent call last):
  File "C:\Users\simip\AppData\Local\Programs\Python\Python39\lib\socket.py", line 704, in readinto
    return self._sock.recv_into(b)
  File "C:\Users\simip\AppData\Local\Programs\Python\Python39\lib\socketserver.py", line 683, in process_request_thread
    self.finish_request(request, client_address)
ConnectionResetError: [WinError 10054] An existing connection was forcibly closed by the remote host
  File "C:\Users\simip\AppData\Local\Programs\Python\Python39\lib\socketserver.py", line 360, in finish_request
    self.RequestHandlerClass(request, client_address, self)
----------------------------------------
  File "C:\Users\simip\AppData\Local\Programs\Python\Python39\lib\http\server.py", line 651, in __init__
    super().__init__(*args, **kwargs)
  File "C:\Users\simip\AppData\Local\Programs\Python\Python39\lib\socketserver.py", line 360, in finish_request
    self.RequestHandlerClass(request, client_address, self)
  File "C:\Users\simip\AppData\Local\Programs\Python\Python39\lib\socketserver.py", line 747, in __init__
    self.handle()
  File "C:\Users\simip\AppData\Local\Programs\Python\Python39\lib\http\server.py", line 427, in handle
    self.handle_one_request()
  File "C:\Users\simip\AppData\Local\Programs\Python\Python39\lib\http\server.py", line 393, in handle_one_request
    self.raw_requestline = self.rfile.readline(65537)
  File "C:\Users\simip\AppData\Local\Programs\Python\Python39\lib\socket.py", line 704, in readinto
    return self._sock.recv_into(b)
ConnectionResetError: [WinError 10054] An existing connection was forcibly closed by the remote host
----------------------------------------
  File "C:\Users\simip\AppData\Local\Programs\Python\Python39\lib\http\server.py", line 651, in __init__
    super().__init__(*args, **kwargs)
  File "C:\Users\simip\AppData\Local\Programs\Python\Python39\lib\socketserver.py", line 747, in __init__
    self.handle()
  File "C:\Users\simip\AppData\Local\Programs\Python\Python39\lib\http\server.py", line 427, in handle
    self.handle_one_request()
  File "C:\Users\simip\AppData\Local\Programs\Python\Python39\lib\http\server.py", line 393, in handle_one_request
    self.raw_requestline = self.rfile.readline(65537)
  File "C:\Users\simip\AppData\Local\Programs\Python\Python39\lib\socket.py", line 704, in readinto
    return self._sock.recv_into(b)
ConnectionResetError: [WinError 10054] An existing connection was forcibly closed by the remote host
----------------------------------------
----------------------------------------
Exception occurred during processing of request from ('127.0.0.1', 62243)
Traceback (most recent call last):
  File "C:\Users\simip\AppData\Local\Programs\Python\Python39\lib\socketserver.py", line 683, in process_request_thread
    self.finish_request(request, client_address)
  File "C:\Users\simip\AppData\Local\Programs\Python\Python39\lib\socketserver.py", line 360, in finish_request
    self.RequestHandlerClass(request, client_address, self)
  File "C:\Users\simip\AppData\Local\Programs\Python\Python39\lib\http\server.py", line 651, in __init__
    super().__init__(*args, **kwargs)
  File "C:\Users\simip\AppData\Local\Programs\Python\Python39\lib\socketserver.py", line 747, in __init__
    self.handle()
  File "C:\Users\simip\AppData\Local\Programs\Python\Python39\lib\http\server.py", line 427, in handle
    self.handle_one_request()
  File "C:\Users\simip\AppData\Local\Programs\Python\Python39\lib\http\server.py", line 393, in handle_one_request
    self.raw_requestline = self.rfile.readline(65537)
  File "C:\Users\simip\AppData\Local\Programs\Python\Python39\lib\socket.py", line 704, in readinto
    return self._sock.recv_into(b)
ConnectionResetError: [WinError 10054] An existing connection was forcibly closed by the remote host
----------------------------------------
----------------------------------------
----------------------------------------
Exception occurred during processing of request from ('127.0.0.1', 61546)
Exception occurred during processing of request from ('127.0.0.1', 53164)
----------------------------------------
----------------------------------------
----------------------------------------
----------------------------------------
Exception occurred during processing of request from ('127.0.0.1', 54712)
Exception occurred during processing of request from ('127.0.0.1', 53860)
Exception occurred during processing of request from ('127.0.0.1', 56527)
Exception occurred during processing of request from ('127.0.0.1', 54520)
Traceback (most recent call last):
  File "C:\Users\simip\AppData\Local\Programs\Python\Python39\lib\socketserver.py", line 683, in process_request_thread
    self.finish_request(request, client_address)
  File "C:\Users\simip\AppData\Local\Programs\Python\Python39\lib\socketserver.py", line 360, in finish_request
    self.RequestHandlerClass(request, client_address, self)
Traceback (most recent call last):
  File "C:\Users\simip\AppData\Local\Programs\Python\Python39\lib\http\server.py", line 651, in __init__
    super().__init__(*args, **kwargs)
  File "C:\Users\simip\AppData\Local\Programs\Python\Python39\lib\socketserver.py", line 683, in process_request_thread
    self.finish_request(request, client_address)
  File "C:\Users\simip\AppData\Local\Programs\Python\Python39\lib\socketserver.py", line 360, in finish_request
    self.RequestHandlerClass(request, client_address, self)
  File "C:\Users\simip\AppData\Local\Programs\Python\Python39\lib\socketserver.py", line 747, in __init__
    self.handle()
  File "C:\Users\simip\AppData\Local\Programs\Python\Python39\lib\http\server.py", line 651, in __init__
    super().__init__(*args, **kwargs)
  File "C:\Users\simip\AppData\Local\Programs\Python\Python39\lib\http\server.py", line 427, in handle
    self.handle_one_request()
  File "C:\Users\simip\AppData\Local\Programs\Python\Python39\lib\socketserver.py", line 747, in __init__
    self.handle()
Traceback (most recent call last):
Traceback (most recent call last):
  File "C:\Users\simip\AppData\Local\Programs\Python\Python39\lib\http\server.py", line 393, in handle_one_request
    self.raw_requestline = self.rfile.readline(65537)
  File "C:\Users\simip\AppData\Local\Programs\Python\Python39\lib\http\server.py", line 427, in handle
    self.handle_one_request()
Traceback (most recent call last):
  File "C:\Users\simip\AppData\Local\Programs\Python\Python39\lib\socketserver.py", line 683, in process_request_thread
    self.finish_request(request, client_address)
Traceback (most recent call last):
  File "C:\Users\simip\AppData\Local\Programs\Python\Python39\lib\socketserver.py", line 683, in process_request_thread
    self.finish_request(request, client_address)
  File "C:\Users\simip\AppData\Local\Programs\Python\Python39\lib\socketserver.py", line 683, in process_request_thread
    self.finish_request(request, client_address)
  File "C:\Users\simip\AppData\Local\Programs\Python\Python39\lib\http\server.py", line 393, in handle_one_request
    self.raw_requestline = self.rfile.readline(65537)
  File "C:\Users\simip\AppData\Local\Programs\Python\Python39\lib\socket.py", line 704, in readinto
    return self._sock.recv_into(b)
  File "C:\Users\simip\AppData\Local\Programs\Python\Python39\lib\socketserver.py", line 360, in finish_request
    self.RequestHandlerClass(request, client_address, self)
  File "C:\Users\simip\AppData\Local\Programs\Python\Python39\lib\socketserver.py", line 683, in process_request_thread
    self.finish_request(request, client_address)
  File "C:\Users\simip\AppData\Local\Programs\Python\Python39\lib\socketserver.py", line 360, in finish_request
    self.RequestHandlerClass(request, client_address, self)
  File "C:\Users\simip\AppData\Local\Programs\Python\Python39\lib\socketserver.py", line 360, in finish_request
    self.RequestHandlerClass(request, client_address, self)
  File "C:\Users\simip\AppData\Local\Programs\Python\Python39\lib\socket.py", line 704, in readinto
    return self._sock.recv_into(b)
ConnectionResetError: [WinError 10054] An existing connection was forcibly closed by the remote host
  File "C:\Users\simip\AppData\Local\Programs\Python\Python39\lib\http\server.py", line 651, in __init__
    super().__init__(*args, **kwargs)
  File "C:\Users\simip\AppData\Local\Programs\Python\Python39\lib\socketserver.py", line 360, in finish_request
    self.RequestHandlerClass(request, client_address, self)
  File "C:\Users\simip\AppData\Local\Programs\Python\Python39\lib\http\server.py", line 651, in __init__
    super().__init__(*args, **kwargs)
  File "C:\Users\simip\AppData\Local\Programs\Python\Python39\lib\http\server.py", line 651, in __init__
    super().__init__(*args, **kwargs)
ConnectionResetError: [WinError 10054] An existing connection was forcibly closed by the remote host
----------------------------------------
  File "C:\Users\simip\AppData\Local\Programs\Python\Python39\lib\socketserver.py", line 747, in __init__
    self.handle()
  File "C:\Users\simip\AppData\Local\Programs\Python\Python39\lib\http\server.py", line 651, in __init__
    super().__init__(*args, **kwargs)
  File "C:\Users\simip\AppData\Local\Programs\Python\Python39\lib\socketserver.py", line 747, in __init__
    self.handle()
  File "C:\Users\simip\AppData\Local\Programs\Python\Python39\lib\http\server.py", line 427, in handle
    self.handle_one_request()
  File "C:\Users\simip\AppData\Local\Programs\Python\Python39\lib\socketserver.py", line 747, in __init__
    self.handle()
  File "C:\Users\simip\AppData\Local\Programs\Python\Python39\lib\http\server.py", line 427, in handle
    self.handle_one_request()
  File "C:\Users\simip\AppData\Local\Programs\Python\Python39\lib\http\server.py", line 393, in handle_one_request
    self.raw_requestline = self.rfile.readline(65537)
  File "C:\Users\simip\AppData\Local\Programs\Python\Python39\lib\http\server.py", line 427, in handle
    self.handle_one_request()
  File "C:\Users\simip\AppData\Local\Programs\Python\Python39\lib\http\server.py", line 393, in handle_one_request
    self.raw_requestline = self.rfile.readline(65537)
  File "C:\Users\simip\AppData\Local\Programs\Python\Python39\lib\socket.py", line 704, in readinto
    return self._sock.recv_into(b)
  File "C:\Users\simip\AppData\Local\Programs\Python\Python39\lib\http\server.py", line 393, in handle_one_request
    self.raw_requestline = self.rfile.readline(65537)
  File "C:\Users\simip\AppData\Local\Programs\Python\Python39\lib\socket.py", line 704, in readinto
    return self._sock.recv_into(b)
ConnectionResetError: [WinError 10054] An existing connection was forcibly closed by the remote host
  File "C:\Users\simip\AppData\Local\Programs\Python\Python39\lib\socket.py", line 704, in readinto
    return self._sock.recv_into(b)
ConnectionResetError: [WinError 10054] An existing connection was forcibly closed by the remote host
----------------------------------------
ConnectionResetError: [WinError 10054] An existing connection was forcibly closed by the remote host
----------------------------------------
  File "C:\Users\simip\AppData\Local\Programs\Python\Python39\lib\socketserver.py", line 747, in __init__
    self.handle()
----------------------------------------
  File "C:\Users\simip\AppData\Local\Programs\Python\Python39\lib\http\server.py", line 427, in handle
    self.handle_one_request()
----------------------------------------
  File "C:\Users\simip\AppData\Local\Programs\Python\Python39\lib\http\server.py", line 393, in handle_one_request
    self.raw_requestline = self.rfile.readline(65537)
  File "C:\Users\simip\AppData\Local\Programs\Python\Python39\lib\socket.py", line 704, in readinto
    return self._sock.recv_into(b)
ConnectionResetError: [WinError 10054] An existing connection was forcibly closed by the remote host
----------------------------------------
----------------------------------------
Exception occurred during processing of request from ('127.0.0.1', 54889)
----------------------------------------
Exception occurred during processing of request from ('127.0.0.1', 49295)
Traceback (most recent call last):
  File "C:\Users\simip\AppData\Local\Programs\Python\Python39\lib\socketserver.py", line 683, in process_request_thread
    self.finish_request(request, client_address)
  File "C:\Users\simip\AppData\Local\Programs\Python\Python39\lib\socketserver.py", line 360, in finish_request
    self.RequestHandlerClass(request, client_address, self)
  File "C:\Users\simip\AppData\Local\Programs\Python\Python39\lib\http\server.py", line 651, in __init__
    super().__init__(*args, **kwargs)
  File "C:\Users\simip\AppData\Local\Programs\Python\Python39\lib\socketserver.py", line 747, in __init__
    self.handle()
  File "C:\Users\simip\AppData\Local\Programs\Python\Python39\lib\http\server.py", line 427, in handle
    self.handle_one_request()
  File "C:\Users\simip\AppData\Local\Programs\Python\Python39\lib\http\server.py", line 393, in handle_one_request
    self.raw_requestline = self.rfile.readline(65537)
  File "C:\Users\simip\AppData\Local\Programs\Python\Python39\lib\socket.py", line 704, in readinto
    return self._sock.recv_into(b)
ConnectionResetError: [WinError 10054] An existing connection was forcibly closed by the remote host
----------------------------------------
Traceback (most recent call last):
  File "C:\Users\simip\AppData\Local\Programs\Python\Python39\lib\socketserver.py", line 683, in process_request_thread
    self.finish_request(request, client_address)
  File "C:\Users\simip\AppData\Local\Programs\Python\Python39\lib\socketserver.py", line 360, in finish_request
    self.RequestHandlerClass(request, client_address, self)
  File "C:\Users\simip\AppData\Local\Programs\Python\Python39\lib\http\server.py", line 651, in __init__
    super().__init__(*args, **kwargs)
  File "C:\Users\simip\AppData\Local\Programs\Python\Python39\lib\socketserver.py", line 747, in __init__
    self.handle()
  File "C:\Users\simip\AppData\Local\Programs\Python\Python39\lib\http\server.py", line 427, in handle
    self.handle_one_request()
  File "C:\Users\simip\AppData\Local\Programs\Python\Python39\lib\http\server.py", line 393, in handle_one_request
    self.raw_requestline = self.rfile.readline(65537)
  File "C:\Users\simip\AppData\Local\Programs\Python\Python39\lib\socket.py", line 704, in readinto
    return self._sock.recv_into(b)
ConnectionResetError: [WinError 10054] An existing connection was forcibly closed by the remote host
----------------------------------------
----------------------------------------
Exception occurred during processing of request from ('127.0.0.1', 59459)
Traceback (most recent call last):
  File "C:\Users\simip\AppData\Local\Programs\Python\Python39\lib\socketserver.py", line 683, in process_request_thread
    self.finish_request(request, client_address)
  File "C:\Users\simip\AppData\Local\Programs\Python\Python39\lib\socketserver.py", line 360, in finish_request
    self.RequestHandlerClass(request, client_address, self)
  File "C:\Users\simip\AppData\Local\Programs\Python\Python39\lib\http\server.py", line 651, in __init__
    super().__init__(*args, **kwargs)
  File "C:\Users\simip\AppData\Local\Programs\Python\Python39\lib\socketserver.py", line 747, in __init__
    self.handle()
  File "C:\Users\simip\AppData\Local\Programs\Python\Python39\lib\http\server.py", line 427, in handle
    self.handle_one_request()
  File "C:\Users\simip\AppData\Local\Programs\Python\Python39\lib\http\server.py", line 393, in handle_one_request
    self.raw_requestline = self.rfile.readline(65537)
  File "C:\Users\simip\AppData\Local\Programs\Python\Python39\lib\socket.py", line 704, in readinto
    return self._sock.recv_into(b)
ConnectionResetError: [WinError 10054] An existing connection was forcibly closed by the remote host
----------------------------------------
----------------------------------------
Exception occurred during processing of request from ('127.0.0.1', 52198)
Traceback (most recent call last):
  File "C:\Users\simip\AppData\Local\Programs\Python\Python39\lib\socketserver.py", line 683, in process_request_thread
    self.finish_request(request, client_address)
  File "C:\Users\simip\AppData\Local\Programs\Python\Python39\lib\socketserver.py", line 360, in finish_request
    self.RequestHandlerClass(request, client_address, self)
  File "C:\Users\simip\AppData\Local\Programs\Python\Python39\lib\http\server.py", line 651, in __init__
    super().__init__(*args, **kwargs)
  File "C:\Users\simip\AppData\Local\Programs\Python\Python39\lib\socketserver.py", line 747, in __init__
    self.handle()
  File "C:\Users\simip\AppData\Local\Programs\Python\Python39\lib\http\server.py", line 427, in handle
    self.handle_one_request()
  File "C:\Users\simip\AppData\Local\Programs\Python\Python39\lib\http\server.py", line 393, in handle_one_request
    self.raw_requestline = self.rfile.readline(65537)
  File "C:\Users\simip\AppData\Local\Programs\Python\Python39\lib\socket.py", line 704, in readinto
    return self._sock.recv_into(b)
ConnectionResetError: [WinError 10054] An existing connection was forcibly closed by the remote host
----------------------------------------
----------------------------------------
Exception occurred during processing of request from ('127.0.0.1', 53866)
----------------------------------------
Exception occurred during processing of request from ('127.0.0.1', 64028)
Traceback (most recent call last):
  File "C:\Users\simip\AppData\Local\Programs\Python\Python39\lib\socketserver.py", line 683, in process_request_thread
    self.finish_request(request, client_address)
  File "C:\Users\simip\AppData\Local\Programs\Python\Python39\lib\socketserver.py", line 360, in finish_request
    self.RequestHandlerClass(request, client_address, self)
  File "C:\Users\simip\AppData\Local\Programs\Python\Python39\lib\http\server.py", line 651, in __init__
    super().__init__(*args, **kwargs)
  File "C:\Users\simip\AppData\Local\Programs\Python\Python39\lib\socketserver.py", line 747, in __init__
    self.handle()
  File "C:\Users\simip\AppData\Local\Programs\Python\Python39\lib\http\server.py", line 427, in handle
    self.handle_one_request()
  File "C:\Users\simip\AppData\Local\Programs\Python\Python39\lib\http\server.py", line 393, in handle_one_request
    self.raw_requestline = self.rfile.readline(65537)
  File "C:\Users\simip\AppData\Local\Programs\Python\Python39\lib\socket.py", line 704, in readinto
    return self._sock.recv_into(b)
ConnectionResetError: [WinError 10054] An existing connection was forcibly closed by the remote host
----------------------------------------
Traceback (most recent call last):
  File "C:\Users\simip\AppData\Local\Programs\Python\Python39\lib\socketserver.py", line 683, in process_request_thread
    self.finish_request(request, client_address)
  File "C:\Users\simip\AppData\Local\Programs\Python\Python39\lib\socketserver.py", line 360, in finish_request
    self.RequestHandlerClass(request, client_address, self)
  File "C:\Users\simip\AppData\Local\Programs\Python\Python39\lib\http\server.py", line 651, in __init__
    super().__init__(*args, **kwargs)
  File "C:\Users\simip\AppData\Local\Programs\Python\Python39\lib\socketserver.py", line 747, in __init__
    self.handle()
  File "C:\Users\simip\AppData\Local\Programs\Python\Python39\lib\http\server.py", line 427, in handle
    self.handle_one_request()
  File "C:\Users\simip\AppData\Local\Programs\Python\Python39\lib\http\server.py", line 393, in handle_one_request
    self.raw_requestline = self.rfile.readline(65537)
  File "C:\Users\simip\AppData\Local\Programs\Python\Python39\lib\socket.py", line 704, in readinto
    return self._sock.recv_into(b)
ConnectionResetError: [WinError 10054] An existing connection was forcibly closed by the remote host
----------------------------------------
----------------------------------------
Exception occurred during processing of request from ('127.0.0.1', 59182)
----------------------------------------
Traceback (most recent call last):
----------------------------------------
Exception occurred during processing of request from ('127.0.0.1', 65524)
----------------------------------------
----------------------------------------
----------------------------------------
Exception occurred during processing of request from ('127.0.0.1', 56283)
Exception occurred during processing of request from ('127.0.0.1', 49938)
Exception occurred during processing of request from ('127.0.0.1', 64065)
  File "C:\Users\simip\AppData\Local\Programs\Python\Python39\lib\socketserver.py", line 683, in process_request_thread
    self.finish_request(request, client_address)
  File "C:\Users\simip\AppData\Local\Programs\Python\Python39\lib\socketserver.py", line 360, in finish_request
    self.RequestHandlerClass(request, client_address, self)
  File "C:\Users\simip\AppData\Local\Programs\Python\Python39\lib\http\server.py", line 651, in __init__
    super().__init__(*args, **kwargs)
Exception occurred during processing of request from ('127.0.0.1', 64496)
  File "C:\Users\simip\AppData\Local\Programs\Python\Python39\lib\socketserver.py", line 747, in __init__
    self.handle()
  File "C:\Users\simip\AppData\Local\Programs\Python\Python39\lib\http\server.py", line 427, in handle
    self.handle_one_request()
  File "C:\Users\simip\AppData\Local\Programs\Python\Python39\lib\http\server.py", line 393, in handle_one_request
    self.raw_requestline = self.rfile.readline(65537)
  File "C:\Users\simip\AppData\Local\Programs\Python\Python39\lib\socket.py", line 704, in readinto
    return self._sock.recv_into(b)
ConnectionResetError: [WinError 10054] An existing connection was forcibly closed by the remote host
----------------------------------------
Traceback (most recent call last):
  File "C:\Users\simip\AppData\Local\Programs\Python\Python39\lib\socketserver.py", line 683, in process_request_thread
    self.finish_request(request, client_address)
  File "C:\Users\simip\AppData\Local\Programs\Python\Python39\lib\socketserver.py", line 360, in finish_request
    self.RequestHandlerClass(request, client_address, self)
  File "C:\Users\simip\AppData\Local\Programs\Python\Python39\lib\http\server.py", line 651, in __init__
    super().__init__(*args, **kwargs)
  File "C:\Users\simip\AppData\Local\Programs\Python\Python39\lib\socketserver.py", line 747, in __init__
    self.handle()
  File "C:\Users\simip\AppData\Local\Programs\Python\Python39\lib\http\server.py", line 427, in handle
    self.handle_one_request()
  File "C:\Users\simip\AppData\Local\Programs\Python\Python39\lib\http\server.py", line 393, in handle_one_request
    self.raw_requestline = self.rfile.readline(65537)
  File "C:\Users\simip\AppData\Local\Programs\Python\Python39\lib\socket.py", line 704, in readinto
    return self._sock.recv_into(b)
ConnectionResetError: [WinError 10054] An existing connection was forcibly closed by the remote host
----------------------------------------
Traceback (most recent call last):
  File "C:\Users\simip\AppData\Local\Programs\Python\Python39\lib\socketserver.py", line 683, in process_request_thread
    self.finish_request(request, client_address)
  File "C:\Users\simip\AppData\Local\Programs\Python\Python39\lib\socketserver.py", line 360, in finish_request
    self.RequestHandlerClass(request, client_address, self)
  File "C:\Users\simip\AppData\Local\Programs\Python\Python39\lib\http\server.py", line 651, in __init__
    super().__init__(*args, **kwargs)
  File "C:\Users\simip\AppData\Local\Programs\Python\Python39\lib\socketserver.py", line 747, in __init__
    self.handle()
  File "C:\Users\simip\AppData\Local\Programs\Python\Python39\lib\http\server.py", line 427, in handle
    self.handle_one_request()
Traceback (most recent call last):
  File "C:\Users\simip\AppData\Local\Programs\Python\Python39\lib\http\server.py", line 393, in handle_one_request
    self.raw_requestline = self.rfile.readline(65537)
Traceback (most recent call last):
  File "C:\Users\simip\AppData\Local\Programs\Python\Python39\lib\socket.py", line 704, in readinto
    return self._sock.recv_into(b)
  File "C:\Users\simip\AppData\Local\Programs\Python\Python39\lib\socketserver.py", line 683, in process_request_thread
    self.finish_request(request, client_address)
  File "C:\Users\simip\AppData\Local\Programs\Python\Python39\lib\socketserver.py", line 360, in finish_request
    self.RequestHandlerClass(request, client_address, self)
  File "C:\Users\simip\AppData\Local\Programs\Python\Python39\lib\http\server.py", line 651, in __init__
    super().__init__(*args, **kwargs)
  File "C:\Users\simip\AppData\Local\Programs\Python\Python39\lib\socketserver.py", line 747, in __init__
    self.handle()
  File "C:\Users\simip\AppData\Local\Programs\Python\Python39\lib\http\server.py", line 427, in handle
    self.handle_one_request()
Traceback (most recent call last):
ConnectionResetError: [WinError 10054] An existing connection was forcibly closed by the remote host
  File "C:\Users\simip\AppData\Local\Programs\Python\Python39\lib\socketserver.py", line 683, in process_request_thread
    self.finish_request(request, client_address)
  File "C:\Users\simip\AppData\Local\Programs\Python\Python39\lib\http\server.py", line 393, in handle_one_request
    self.raw_requestline = self.rfile.readline(65537)
  File "C:\Users\simip\AppData\Local\Programs\Python\Python39\lib\socket.py", line 704, in readinto
    return self._sock.recv_into(b)
  File "C:\Users\simip\AppData\Local\Programs\Python\Python39\lib\socketserver.py", line 360, in finish_request
    self.RequestHandlerClass(request, client_address, self)
  File "C:\Users\simip\AppData\Local\Programs\Python\Python39\lib\http\server.py", line 651, in __init__
    super().__init__(*args, **kwargs)
ConnectionResetError: [WinError 10054] An existing connection was forcibly closed by the remote host
  File "C:\Users\simip\AppData\Local\Programs\Python\Python39\lib\socketserver.py", line 683, in process_request_thread
    self.finish_request(request, client_address)
----------------------------------------
  File "C:\Users\simip\AppData\Local\Programs\Python\Python39\lib\socketserver.py", line 360, in finish_request
    self.RequestHandlerClass(request, client_address, self)
  File "C:\Users\simip\AppData\Local\Programs\Python\Python39\lib\socketserver.py", line 747, in __init__
    self.handle()
  File "C:\Users\simip\AppData\Local\Programs\Python\Python39\lib\http\server.py", line 651, in __init__
    super().__init__(*args, **kwargs)
  File "C:\Users\simip\AppData\Local\Programs\Python\Python39\lib\socketserver.py", line 747, in __init__
    self.handle()
  File "C:\Users\simip\AppData\Local\Programs\Python\Python39\lib\http\server.py", line 427, in handle
    self.handle_one_request()
  File "C:\Users\simip\AppData\Local\Programs\Python\Python39\lib\http\server.py", line 393, in handle_one_request
    self.raw_requestline = self.rfile.readline(65537)
----------------------------------------
  File "C:\Users\simip\AppData\Local\Programs\Python\Python39\lib\http\server.py", line 427, in handle
    self.handle_one_request()
  File "C:\Users\simip\AppData\Local\Programs\Python\Python39\lib\http\server.py", line 393, in handle_one_request
    self.raw_requestline = self.rfile.readline(65537)
  File "C:\Users\simip\AppData\Local\Programs\Python\Python39\lib\socket.py", line 704, in readinto
    return self._sock.recv_into(b)
  File "C:\Users\simip\AppData\Local\Programs\Python\Python39\lib\socket.py", line 704, in readinto
    return self._sock.recv_into(b)
ConnectionResetError: [WinError 10054] An existing connection was forcibly closed by the remote host
ConnectionResetError: [WinError 10054] An existing connection was forcibly closed by the remote host
----------------------------------------
----------------------------------------
----------------------------------------
Exception occurred during processing of request from ('127.0.0.1', 52585)
Traceback (most recent call last):
  File "C:\Users\simip\AppData\Local\Programs\Python\Python39\lib\socketserver.py", line 683, in process_request_thread
    self.finish_request(request, client_address)
  File "C:\Users\simip\AppData\Local\Programs\Python\Python39\lib\socketserver.py", line 360, in finish_request
    self.RequestHandlerClass(request, client_address, self)
  File "C:\Users\simip\AppData\Local\Programs\Python\Python39\lib\http\server.py", line 651, in __init__
    super().__init__(*args, **kwargs)
  File "C:\Users\simip\AppData\Local\Programs\Python\Python39\lib\socketserver.py", line 747, in __init__
    self.handle()
  File "C:\Users\simip\AppData\Local\Programs\Python\Python39\lib\http\server.py", line 427, in handle
    self.handle_one_request()
  File "C:\Users\simip\AppData\Local\Programs\Python\Python39\lib\http\server.py", line 393, in handle_one_request
    self.raw_requestline = self.rfile.readline(65537)
  File "C:\Users\simip\AppData\Local\Programs\Python\Python39\lib\socket.py", line 704, in readinto
    return self._sock.recv_into(b)
ConnectionResetError: [WinError 10054] An existing connection was forcibly closed by the remote host
----------------------------------------
----------------------------------------
----------------------------------------
----------------------------------------
Exception occurred during processing of request from ('127.0.0.1', 52280)
----------------------------------------
Exception occurred during processing of request from ('127.0.0.1', 59957)
----------------------------------------
Exception occurred during processing of request from ('127.0.0.1', 54310)
Exception occurred during processing of request from ('127.0.0.1', 60055)
Exception occurred during processing of request from ('127.0.0.1', 55775)
Traceback (most recent call last):
  File "C:\Users\simip\AppData\Local\Programs\Python\Python39\lib\socketserver.py", line 683, in process_request_thread
    self.finish_request(request, client_address)
  File "C:\Users\simip\AppData\Local\Programs\Python\Python39\lib\socketserver.py", line 360, in finish_request
    self.RequestHandlerClass(request, client_address, self)
  File "C:\Users\simip\AppData\Local\Programs\Python\Python39\lib\http\server.py", line 651, in __init__
    super().__init__(*args, **kwargs)
  File "C:\Users\simip\AppData\Local\Programs\Python\Python39\lib\socketserver.py", line 747, in __init__
    self.handle()
  File "C:\Users\simip\AppData\Local\Programs\Python\Python39\lib\http\server.py", line 427, in handle
    self.handle_one_request()
  File "C:\Users\simip\AppData\Local\Programs\Python\Python39\lib\http\server.py", line 393, in handle_one_request
    self.raw_requestline = self.rfile.readline(65537)
  File "C:\Users\simip\AppData\Local\Programs\Python\Python39\lib\socket.py", line 704, in readinto
    return self._sock.recv_into(b)
ConnectionResetError: [WinError 10054] An existing connection was forcibly closed by the remote host
----------------------------------------
Traceback (most recent call last):
Traceback (most recent call last):
Traceback (most recent call last):
  File "C:\Users\simip\AppData\Local\Programs\Python\Python39\lib\socketserver.py", line 683, in process_request_thread
    self.finish_request(request, client_address)
  File "C:\Users\simip\AppData\Local\Programs\Python\Python39\lib\socketserver.py", line 683, in process_request_thread
    self.finish_request(request, client_address)
  File "C:\Users\simip\AppData\Local\Programs\Python\Python39\lib\socketserver.py", line 360, in finish_request
    self.RequestHandlerClass(request, client_address, self)
  File "C:\Users\simip\AppData\Local\Programs\Python\Python39\lib\socketserver.py", line 360, in finish_request
    self.RequestHandlerClass(request, client_address, self)
  File "C:\Users\simip\AppData\Local\Programs\Python\Python39\lib\socketserver.py", line 683, in process_request_thread
    self.finish_request(request, client_address)
  File "C:\Users\simip\AppData\Local\Programs\Python\Python39\lib\http\server.py", line 651, in __init__
    super().__init__(*args, **kwargs)
Traceback (most recent call last):
  File "C:\Users\simip\AppData\Local\Programs\Python\Python39\lib\http\server.py", line 651, in __init__
    super().__init__(*args, **kwargs)
  File "C:\Users\simip\AppData\Local\Programs\Python\Python39\lib\socketserver.py", line 747, in __init__
    self.handle()
  File "C:\Users\simip\AppData\Local\Programs\Python\Python39\lib\socketserver.py", line 360, in finish_request
    self.RequestHandlerClass(request, client_address, self)
  File "C:\Users\simip\AppData\Local\Programs\Python\Python39\lib\socketserver.py", line 683, in process_request_thread
    self.finish_request(request, client_address)
  File "C:\Users\simip\AppData\Local\Programs\Python\Python39\lib\socketserver.py", line 747, in __init__
    self.handle()
  File "C:\Users\simip\AppData\Local\Programs\Python\Python39\lib\socketserver.py", line 360, in finish_request
    self.RequestHandlerClass(request, client_address, self)
  File "C:\Users\simip\AppData\Local\Programs\Python\Python39\lib\http\server.py", line 427, in handle
    self.handle_one_request()
  File "C:\Users\simip\AppData\Local\Programs\Python\Python39\lib\http\server.py", line 393, in handle_one_request
    self.raw_requestline = self.rfile.readline(65537)
  File "C:\Users\simip\AppData\Local\Programs\Python\Python39\lib\http\server.py", line 651, in __init__
    super().__init__(*args, **kwargs)
  File "C:\Users\simip\AppData\Local\Programs\Python\Python39\lib\http\server.py", line 427, in handle
    self.handle_one_request()
  File "C:\Users\simip\AppData\Local\Programs\Python\Python39\lib\http\server.py", line 393, in handle_one_request
    self.raw_requestline = self.rfile.readline(65537)
  File "C:\Users\simip\AppData\Local\Programs\Python\Python39\lib\http\server.py", line 651, in __init__
    super().__init__(*args, **kwargs)
  File "C:\Users\simip\AppData\Local\Programs\Python\Python39\lib\socket.py", line 704, in readinto
    return self._sock.recv_into(b)
  File "C:\Users\simip\AppData\Local\Programs\Python\Python39\lib\socketserver.py", line 747, in __init__
    self.handle()
  File "C:\Users\simip\AppData\Local\Programs\Python\Python39\lib\http\server.py", line 427, in handle
    self.handle_one_request()
  File "C:\Users\simip\AppData\Local\Programs\Python\Python39\lib\http\server.py", line 393, in handle_one_request
    self.raw_requestline = self.rfile.readline(65537)
  File "C:\Users\simip\AppData\Local\Programs\Python\Python39\lib\socket.py", line 704, in readinto
    return self._sock.recv_into(b)
  File "C:\Users\simip\AppData\Local\Programs\Python\Python39\lib\socketserver.py", line 747, in __init__
    self.handle()
ConnectionResetError: [WinError 10054] An existing connection was forcibly closed by the remote host
  File "C:\Users\simip\AppData\Local\Programs\Python\Python39\lib\socket.py", line 704, in readinto
    return self._sock.recv_into(b)
----------------------------------------
ConnectionResetError: [WinError 10054] An existing connection was forcibly closed by the remote host
ConnectionResetError: [WinError 10054] An existing connection was forcibly closed by the remote host
----------------------------------------
----------------------------------------
  File "C:\Users\simip\AppData\Local\Programs\Python\Python39\lib\http\server.py", line 427, in handle
    self.handle_one_request()
  File "C:\Users\simip\AppData\Local\Programs\Python\Python39\lib\http\server.py", line 393, in handle_one_request
    self.raw_requestline = self.rfile.readline(65537)
  File "C:\Users\simip\AppData\Local\Programs\Python\Python39\lib\socket.py", line 704, in readinto
    return self._sock.recv_into(b)
ConnectionResetError: [WinError 10054] An existing connection was forcibly closed by the remote host
----------------------------------------
----------------------------------------
----------------------------------------
Exception occurred during processing of request from ('127.0.0.1', 58714)
Exception occurred during processing of request from ('127.0.0.1', 57384)
----------------------------------------
----------------------------------------
----------------------------------------
----------------------------------------
Exception occurred during processing of request from ('127.0.0.1', 54679)
Exception occurred during processing of request from ('127.0.0.1', 61825)
Exception occurred during processing of request from ('127.0.0.1', 60706)
Exception occurred during processing of request from ('127.0.0.1', 51648)
Traceback (most recent call last):
  File "C:\Users\simip\AppData\Local\Programs\Python\Python39\lib\socketserver.py", line 683, in process_request_thread
    self.finish_request(request, client_address)
  File "C:\Users\simip\AppData\Local\Programs\Python\Python39\lib\socketserver.py", line 360, in finish_request
    self.RequestHandlerClass(request, client_address, self)
  File "C:\Users\simip\AppData\Local\Programs\Python\Python39\lib\http\server.py", line 651, in __init__
    super().__init__(*args, **kwargs)
  File "C:\Users\simip\AppData\Local\Programs\Python\Python39\lib\socketserver.py", line 747, in __init__
    self.handle()
  File "C:\Users\simip\AppData\Local\Programs\Python\Python39\lib\http\server.py", line 427, in handle
    self.handle_one_request()
  File "C:\Users\simip\AppData\Local\Programs\Python\Python39\lib\http\server.py", line 393, in handle_one_request
    self.raw_requestline = self.rfile.readline(65537)
  File "C:\Users\simip\AppData\Local\Programs\Python\Python39\lib\socket.py", line 704, in readinto
    return self._sock.recv_into(b)
ConnectionResetError: [WinError 10054] An existing connection was forcibly closed by the remote host
----------------------------------------
Traceback (most recent call last):
  File "C:\Users\simip\AppData\Local\Programs\Python\Python39\lib\socketserver.py", line 683, in process_request_thread
    self.finish_request(request, client_address)
  File "C:\Users\simip\AppData\Local\Programs\Python\Python39\lib\socketserver.py", line 360, in finish_request
    self.RequestHandlerClass(request, client_address, self)
  File "C:\Users\simip\AppData\Local\Programs\Python\Python39\lib\http\server.py", line 651, in __init__
    super().__init__(*args, **kwargs)
  File "C:\Users\simip\AppData\Local\Programs\Python\Python39\lib\socketserver.py", line 747, in __init__
    self.handle()
  File "C:\Users\simip\AppData\Local\Programs\Python\Python39\lib\http\server.py", line 427, in handle
    self.handle_one_request()
  File "C:\Users\simip\AppData\Local\Programs\Python\Python39\lib\http\server.py", line 393, in handle_one_request
    self.raw_requestline = self.rfile.readline(65537)
  File "C:\Users\simip\AppData\Local\Programs\Python\Python39\lib\socket.py", line 704, in readinto
    return self._sock.recv_into(b)
ConnectionResetError: [WinError 10054] An existing connection was forcibly closed by the remote host
----------------------------------------
Traceback (most recent call last):
  File "C:\Users\simip\AppData\Local\Programs\Python\Python39\lib\socketserver.py", line 683, in process_request_thread
    self.finish_request(request, client_address)
Traceback (most recent call last):
  File "C:\Users\simip\AppData\Local\Programs\Python\Python39\lib\socketserver.py", line 360, in finish_request
    self.RequestHandlerClass(request, client_address, self)
Traceback (most recent call last):
Traceback (most recent call last):
  File "C:\Users\simip\AppData\Local\Programs\Python\Python39\lib\http\server.py", line 651, in __init__
    super().__init__(*args, **kwargs)
  File "C:\Users\simip\AppData\Local\Programs\Python\Python39\lib\socketserver.py", line 683, in process_request_thread
    self.finish_request(request, client_address)
  File "C:\Users\simip\AppData\Local\Programs\Python\Python39\lib\socketserver.py", line 360, in finish_request
    self.RequestHandlerClass(request, client_address, self)
  File "C:\Users\simip\AppData\Local\Programs\Python\Python39\lib\socketserver.py", line 683, in process_request_thread
    self.finish_request(request, client_address)
  File "C:\Users\simip\AppData\Local\Programs\Python\Python39\lib\socketserver.py", line 747, in __init__
    self.handle()
  File "C:\Users\simip\AppData\Local\Programs\Python\Python39\lib\socketserver.py", line 683, in process_request_thread
    self.finish_request(request, client_address)
  File "C:\Users\simip\AppData\Local\Programs\Python\Python39\lib\http\server.py", line 427, in handle
    self.handle_one_request()
  File "C:\Users\simip\AppData\Local\Programs\Python\Python39\lib\http\server.py", line 393, in handle_one_request
    self.raw_requestline = self.rfile.readline(65537)
  File "C:\Users\simip\AppData\Local\Programs\Python\Python39\lib\http\server.py", line 651, in __init__
    super().__init__(*args, **kwargs)
  File "C:\Users\simip\AppData\Local\Programs\Python\Python39\lib\socket.py", line 704, in readinto
    return self._sock.recv_into(b)
  File "C:\Users\simip\AppData\Local\Programs\Python\Python39\lib\socketserver.py", line 360, in finish_request
    self.RequestHandlerClass(request, client_address, self)
  File "C:\Users\simip\AppData\Local\Programs\Python\Python39\lib\http\server.py", line 651, in __init__
    super().__init__(*args, **kwargs)
ConnectionResetError: [WinError 10054] An existing connection was forcibly closed by the remote host
  File "C:\Users\simip\AppData\Local\Programs\Python\Python39\lib\socketserver.py", line 747, in __init__
    self.handle()
  File "C:\Users\simip\AppData\Local\Programs\Python\Python39\lib\socketserver.py", line 360, in finish_request
    self.RequestHandlerClass(request, client_address, self)
  File "C:\Users\simip\AppData\Local\Programs\Python\Python39\lib\http\server.py", line 651, in __init__
    super().__init__(*args, **kwargs)
  File "C:\Users\simip\AppData\Local\Programs\Python\Python39\lib\socketserver.py", line 747, in __init__
    self.handle()
  File "C:\Users\simip\AppData\Local\Programs\Python\Python39\lib\http\server.py", line 427, in handle
    self.handle_one_request()
  File "C:\Users\simip\AppData\Local\Programs\Python\Python39\lib\socketserver.py", line 747, in __init__
    self.handle()
----------------------------------------
  File "C:\Users\simip\AppData\Local\Programs\Python\Python39\lib\http\server.py", line 393, in handle_one_request
    self.raw_requestline = self.rfile.readline(65537)
  File "C:\Users\simip\AppData\Local\Programs\Python\Python39\lib\http\server.py", line 427, in handle
    self.handle_one_request()
  File "C:\Users\simip\AppData\Local\Programs\Python\Python39\lib\socket.py", line 704, in readinto
    return self._sock.recv_into(b)
  File "C:\Users\simip\AppData\Local\Programs\Python\Python39\lib\http\server.py", line 393, in handle_one_request
    self.raw_requestline = self.rfile.readline(65537)
ConnectionResetError: [WinError 10054] An existing connection was forcibly closed by the remote host
  File "C:\Users\simip\AppData\Local\Programs\Python\Python39\lib\http\server.py", line 427, in handle
    self.handle_one_request()
----------------------------------------
  File "C:\Users\simip\AppData\Local\Programs\Python\Python39\lib\http\server.py", line 393, in handle_one_request
    self.raw_requestline = self.rfile.readline(65537)
  File "C:\Users\simip\AppData\Local\Programs\Python\Python39\lib\socket.py", line 704, in readinto
    return self._sock.recv_into(b)
  File "C:\Users\simip\AppData\Local\Programs\Python\Python39\lib\socket.py", line 704, in readinto
    return self._sock.recv_into(b)
ConnectionResetError: [WinError 10054] An existing connection was forcibly closed by the remote host
ConnectionResetError: [WinError 10054] An existing connection was forcibly closed by the remote host
----------------------------------------
----------------------------------------
----------------------------------------
----------------------------------------
----------------------------------------
Exception occurred during processing of request from ('127.0.0.1', 62201)
Exception occurred during processing of request from ('127.0.0.1', 61466)
----------------------------------------
----------------------------------------
----------------------------------------
Exception occurred during processing of request from ('127.0.0.1', 57351)
Exception occurred during processing of request from ('127.0.0.1', 59692)
Exception occurred during processing of request from ('127.0.0.1', 61475)
Exception occurred during processing of request from ('127.0.0.1', 56524)
Traceback (most recent call last):
  File "C:\Users\simip\AppData\Local\Programs\Python\Python39\lib\socketserver.py", line 683, in process_request_thread
    self.finish_request(request, client_address)
Traceback (most recent call last):
Traceback (most recent call last):
  File "C:\Users\simip\AppData\Local\Programs\Python\Python39\lib\socketserver.py", line 683, in process_request_thread
    self.finish_request(request, client_address)
Traceback (most recent call last):
Traceback (most recent call last):
  File "C:\Users\simip\AppData\Local\Programs\Python\Python39\lib\socketserver.py", line 360, in finish_request
    self.RequestHandlerClass(request, client_address, self)
  File "C:\Users\simip\AppData\Local\Programs\Python\Python39\lib\socketserver.py", line 683, in process_request_thread
    self.finish_request(request, client_address)
Traceback (most recent call last):
  File "C:\Users\simip\AppData\Local\Programs\Python\Python39\lib\socketserver.py", line 683, in process_request_thread
    self.finish_request(request, client_address)
  File "C:\Users\simip\AppData\Local\Programs\Python\Python39\lib\socketserver.py", line 360, in finish_request
    self.RequestHandlerClass(request, client_address, self)
  File "C:\Users\simip\AppData\Local\Programs\Python\Python39\lib\socketserver.py", line 683, in process_request_thread
    self.finish_request(request, client_address)
  File "C:\Users\simip\AppData\Local\Programs\Python\Python39\lib\socketserver.py", line 360, in finish_request
    self.RequestHandlerClass(request, client_address, self)
  File "C:\Users\simip\AppData\Local\Programs\Python\Python39\lib\http\server.py", line 651, in __init__
    super().__init__(*args, **kwargs)
  File "C:\Users\simip\AppData\Local\Programs\Python\Python39\lib\socketserver.py", line 360, in finish_request
    self.RequestHandlerClass(request, client_address, self)
  File "C:\Users\simip\AppData\Local\Programs\Python\Python39\lib\socketserver.py", line 360, in finish_request
    self.RequestHandlerClass(request, client_address, self)
  File "C:\Users\simip\AppData\Local\Programs\Python\Python39\lib\http\server.py", line 651, in __init__
    super().__init__(*args, **kwargs)
  File "C:\Users\simip\AppData\Local\Programs\Python\Python39\lib\socketserver.py", line 683, in process_request_thread
    self.finish_request(request, client_address)
  File "C:\Users\simip\AppData\Local\Programs\Python\Python39\lib\socketserver.py", line 360, in finish_request
    self.RequestHandlerClass(request, client_address, self)
  File "C:\Users\simip\AppData\Local\Programs\Python\Python39\lib\socketserver.py", line 747, in __init__
    self.handle()
  File "C:\Users\simip\AppData\Local\Programs\Python\Python39\lib\http\server.py", line 651, in __init__
    super().__init__(*args, **kwargs)
  File "C:\Users\simip\AppData\Local\Programs\Python\Python39\lib\http\server.py", line 651, in __init__
    super().__init__(*args, **kwargs)
  File "C:\Users\simip\AppData\Local\Programs\Python\Python39\lib\socketserver.py", line 747, in __init__
    self.handle()
  File "C:\Users\simip\AppData\Local\Programs\Python\Python39\lib\http\server.py", line 427, in handle
    self.handle_one_request()
  File "C:\Users\simip\AppData\Local\Programs\Python\Python39\lib\http\server.py", line 393, in handle_one_request
    self.raw_requestline = self.rfile.readline(65537)
  File "C:\Users\simip\AppData\Local\Programs\Python\Python39\lib\socket.py", line 704, in readinto
    return self._sock.recv_into(b)
  File "C:\Users\simip\AppData\Local\Programs\Python\Python39\lib\http\server.py", line 651, in __init__
    super().__init__(*args, **kwargs)
ConnectionResetError: [WinError 10054] An existing connection was forcibly closed by the remote host
  File "C:\Users\simip\AppData\Local\Programs\Python\Python39\lib\socketserver.py", line 747, in __init__
    self.handle()
  File "C:\Users\simip\AppData\Local\Programs\Python\Python39\lib\http\server.py", line 427, in handle
    self.handle_one_request()
  File "C:\Users\simip\AppData\Local\Programs\Python\Python39\lib\socketserver.py", line 747, in __init__
    self.handle()
  File "C:\Users\simip\AppData\Local\Programs\Python\Python39\lib\http\server.py", line 393, in handle_one_request
    self.raw_requestline = self.rfile.readline(65537)
  File "C:\Users\simip\AppData\Local\Programs\Python\Python39\lib\http\server.py", line 427, in handle
    self.handle_one_request()
  File "C:\Users\simip\AppData\Local\Programs\Python\Python39\lib\socket.py", line 704, in readinto
    return self._sock.recv_into(b)
ConnectionResetError: [WinError 10054] An existing connection was forcibly closed by the remote host
  File "C:\Users\simip\AppData\Local\Programs\Python\Python39\lib\socketserver.py", line 747, in __init__
    self.handle()
  File "C:\Users\simip\AppData\Local\Programs\Python\Python39\lib\http\server.py", line 427, in handle
    self.handle_one_request()
----------------------------------------
----------------------------------------
  File "C:\Users\simip\AppData\Local\Programs\Python\Python39\lib\http\server.py", line 427, in handle
    self.handle_one_request()
  File "C:\Users\simip\AppData\Local\Programs\Python\Python39\lib\http\server.py", line 393, in handle_one_request
    self.raw_requestline = self.rfile.readline(65537)
  File "C:\Users\simip\AppData\Local\Programs\Python\Python39\lib\socket.py", line 704, in readinto
    return self._sock.recv_into(b)
ConnectionResetError: [WinError 10054] An existing connection was forcibly closed by the remote host
----------------------------------------
  File "C:\Users\simip\AppData\Local\Programs\Python\Python39\lib\http\server.py", line 651, in __init__
    super().__init__(*args, **kwargs)
  File "C:\Users\simip\AppData\Local\Programs\Python\Python39\lib\socketserver.py", line 747, in __init__
    self.handle()
  File "C:\Users\simip\AppData\Local\Programs\Python\Python39\lib\http\server.py", line 427, in handle
    self.handle_one_request()
  File "C:\Users\simip\AppData\Local\Programs\Python\Python39\lib\http\server.py", line 393, in handle_one_request
    self.raw_requestline = self.rfile.readline(65537)
  File "C:\Users\simip\AppData\Local\Programs\Python\Python39\lib\socket.py", line 704, in readinto
    return self._sock.recv_into(b)
ConnectionResetError: [WinError 10054] An existing connection was forcibly closed by the remote host
----------------------------------------
  File "C:\Users\simip\AppData\Local\Programs\Python\Python39\lib\http\server.py", line 393, in handle_one_request
    self.raw_requestline = self.rfile.readline(65537)
  File "C:\Users\simip\AppData\Local\Programs\Python\Python39\lib\socket.py", line 704, in readinto
    return self._sock.recv_into(b)
ConnectionResetError: [WinError 10054] An existing connection was forcibly closed by the remote host
----------------------------------------
  File "C:\Users\simip\AppData\Local\Programs\Python\Python39\lib\http\server.py", line 393, in handle_one_request
    self.raw_requestline = self.rfile.readline(65537)
  File "C:\Users\simip\AppData\Local\Programs\Python\Python39\lib\socket.py", line 704, in readinto
    return self._sock.recv_into(b)
ConnectionResetError: [WinError 10054] An existing connection was forcibly closed by the remote host
----------------------------------------
----------------------------------------
----------------------------------------
Exception occurred during processing of request from ('127.0.0.1', 54116)
Exception occurred during processing of request from ('127.0.0.1', 65033)
----------------------------------------
Exception occurred during processing of request from ('127.0.0.1', 60316)
Traceback (most recent call last):
  File "C:\Users\simip\AppData\Local\Programs\Python\Python39\lib\socketserver.py", line 683, in process_request_thread
    self.finish_request(request, client_address)
  File "C:\Users\simip\AppData\Local\Programs\Python\Python39\lib\socketserver.py", line 360, in finish_request
    self.RequestHandlerClass(request, client_address, self)
  File "C:\Users\simip\AppData\Local\Programs\Python\Python39\lib\http\server.py", line 651, in __init__
    super().__init__(*args, **kwargs)
  File "C:\Users\simip\AppData\Local\Programs\Python\Python39\lib\socketserver.py", line 747, in __init__
    self.handle()
  File "C:\Users\simip\AppData\Local\Programs\Python\Python39\lib\http\server.py", line 427, in handle
    self.handle_one_request()
  File "C:\Users\simip\AppData\Local\Programs\Python\Python39\lib\http\server.py", line 393, in handle_one_request
    self.raw_requestline = self.rfile.readline(65537)
  File "C:\Users\simip\AppData\Local\Programs\Python\Python39\lib\socket.py", line 704, in readinto
    return self._sock.recv_into(b)
ConnectionResetError: [WinError 10054] An existing connection was forcibly closed by the remote host
----------------------------------------
Traceback (most recent call last):
  File "C:\Users\simip\AppData\Local\Programs\Python\Python39\lib\socketserver.py", line 683, in process_request_thread
    self.finish_request(request, client_address)
  File "C:\Users\simip\AppData\Local\Programs\Python\Python39\lib\socketserver.py", line 360, in finish_request
    self.RequestHandlerClass(request, client_address, self)
  File "C:\Users\simip\AppData\Local\Programs\Python\Python39\lib\http\server.py", line 651, in __init__
    super().__init__(*args, **kwargs)
  File "C:\Users\simip\AppData\Local\Programs\Python\Python39\lib\socketserver.py", line 747, in __init__
    self.handle()
  File "C:\Users\simip\AppData\Local\Programs\Python\Python39\lib\http\server.py", line 427, in handle
    self.handle_one_request()
  File "C:\Users\simip\AppData\Local\Programs\Python\Python39\lib\http\server.py", line 393, in handle_one_request
    self.raw_requestline = self.rfile.readline(65537)
  File "C:\Users\simip\AppData\Local\Programs\Python\Python39\lib\socket.py", line 704, in readinto
    return self._sock.recv_into(b)
ConnectionResetError: [WinError 10054] An existing connection was forcibly closed by the remote host
----------------------------------------
Traceback (most recent call last):
  File "C:\Users\simip\AppData\Local\Programs\Python\Python39\lib\socketserver.py", line 683, in process_request_thread
    self.finish_request(request, client_address)
  File "C:\Users\simip\AppData\Local\Programs\Python\Python39\lib\socketserver.py", line 360, in finish_request
    self.RequestHandlerClass(request, client_address, self)
  File "C:\Users\simip\AppData\Local\Programs\Python\Python39\lib\http\server.py", line 651, in __init__
    super().__init__(*args, **kwargs)
  File "C:\Users\simip\AppData\Local\Programs\Python\Python39\lib\socketserver.py", line 747, in __init__
    self.handle()
  File "C:\Users\simip\AppData\Local\Programs\Python\Python39\lib\http\server.py", line 427, in handle
    self.handle_one_request()
  File "C:\Users\simip\AppData\Local\Programs\Python\Python39\lib\http\server.py", line 413, in handle_one_request
    method()
  File "C:\Users\simip\AppData\Local\Temp\claude\wt-n11\scripts\serve.py", line 56, in do_GET
    return super().do_GET()
  File "C:\Users\simip\AppData\Local\Programs\Python\Python39\lib\http\server.py", line 658, in do_GET
    self.copyfile(f, self.wfile)
  File "C:\Users\simip\AppData\Local\Programs\Python\Python39\lib\http\server.py", line 858, in copyfile
    shutil.copyfileobj(source, outputfile)
  File "C:\Users\simip\AppData\Local\Programs\Python\Python39\lib\shutil.py", line 208, in copyfileobj
    fdst_write(buf)
  File "C:\Users\simip\AppData\Local\Programs\Python\Python39\lib\socketserver.py", line 826, in write
    self._sock.sendall(b)
ConnectionResetError: [WinError 10054] An existing connection was forcibly closed by the remote host
----------------------------------------
----------------------------------------
----------------------------------------
Exception occurred during processing of request from ('127.0.0.1', 57584)
Exception occurred during processing of request from ('127.0.0.1', 62267)
----------------------------------------
Exception occurred during processing of request from ('127.0.0.1', 63767)
Traceback (most recent call last):
  File "C:\Users\simip\AppData\Local\Programs\Python\Python39\lib\socketserver.py", line 683, in process_request_thread
    self.finish_request(request, client_address)
  File "C:\Users\simip\AppData\Local\Programs\Python\Python39\lib\socketserver.py", line 360, in finish_request
    self.RequestHandlerClass(request, client_address, self)
  File "C:\Users\simip\AppData\Local\Programs\Python\Python39\lib\http\server.py", line 651, in __init__
    super().__init__(*args, **kwargs)
  File "C:\Users\simip\AppData\Local\Programs\Python\Python39\lib\socketserver.py", line 747, in __init__
    self.handle()
  File "C:\Users\simip\AppData\Local\Programs\Python\Python39\lib\http\server.py", line 427, in handle
    self.handle_one_request()
  File "C:\Users\simip\AppData\Local\Programs\Python\Python39\lib\http\server.py", line 393, in handle_one_request
    self.raw_requestline = self.rfile.readline(65537)
  File "C:\Users\simip\AppData\Local\Programs\Python\Python39\lib\socket.py", line 704, in readinto
    return self._sock.recv_into(b)
ConnectionResetError: [WinError 10054] An existing connection was forcibly closed by the remote host
----------------------------------------
Traceback (most recent call last):
Traceback (most recent call last):
  File "C:\Users\simip\AppData\Local\Programs\Python\Python39\lib\socketserver.py", line 683, in process_request_thread
    self.finish_request(request, client_address)
  File "C:\Users\simip\AppData\Local\Programs\Python\Python39\lib\socketserver.py", line 683, in process_request_thread
    self.finish_request(request, client_address)
  File "C:\Users\simip\AppData\Local\Programs\Python\Python39\lib\socketserver.py", line 360, in finish_request
    self.RequestHandlerClass(request, client_address, self)
  File "C:\Users\simip\AppData\Local\Programs\Python\Python39\lib\socketserver.py", line 360, in finish_request
    self.RequestHandlerClass(request, client_address, self)
  File "C:\Users\simip\AppData\Local\Programs\Python\Python39\lib\http\server.py", line 651, in __init__
    super().__init__(*args, **kwargs)
  File "C:\Users\simip\AppData\Local\Programs\Python\Python39\lib\http\server.py", line 651, in __init__
    super().__init__(*args, **kwargs)
  File "C:\Users\simip\AppData\Local\Programs\Python\Python39\lib\socketserver.py", line 747, in __init__
    self.handle()
  File "C:\Users\simip\AppData\Local\Programs\Python\Python39\lib\socketserver.py", line 747, in __init__
    self.handle()
  File "C:\Users\simip\AppData\Local\Programs\Python\Python39\lib\http\server.py", line 427, in handle
    self.handle_one_request()
  File "C:\Users\simip\AppData\Local\Programs\Python\Python39\lib\http\server.py", line 427, in handle
    self.handle_one_request()
  File "C:\Users\simip\AppData\Local\Programs\Python\Python39\lib\http\server.py", line 393, in handle_one_request
    self.raw_requestline = self.rfile.readline(65537)
  File "C:\Users\simip\AppData\Local\Programs\Python\Python39\lib\socket.py", line 704, in readinto
    return self._sock.recv_into(b)
ConnectionResetError: [WinError 10054] An existing connection was forcibly closed by the remote host
----------------------------------------
  File "C:\Users\simip\AppData\Local\Programs\Python\Python39\lib\http\server.py", line 393, in handle_one_request
    self.raw_requestline = self.rfile.readline(65537)
  File "C:\Users\simip\AppData\Local\Programs\Python\Python39\lib\socket.py", line 704, in readinto
    return self._sock.recv_into(b)
ConnectionResetError: [WinError 10054] An existing connection was forcibly closed by the remote host
----------------------------------------
----------------------------------------
Exception occurred during processing of request from ('127.0.0.1', 60150)
Traceback (most recent call last):
  File "C:\Users\simip\AppData\Local\Programs\Python\Python39\lib\socketserver.py", line 683, in process_request_thread
    self.finish_request(request, client_address)
  File "C:\Users\simip\AppData\Local\Programs\Python\Python39\lib\socketserver.py", line 360, in finish_request
    self.RequestHandlerClass(request, client_address, self)
  File "C:\Users\simip\AppData\Local\Programs\Python\Python39\lib\http\server.py", line 651, in __init__
    super().__init__(*args, **kwargs)
  File "C:\Users\simip\AppData\Local\Programs\Python\Python39\lib\socketserver.py", line 747, in __init__
    self.handle()
  File "C:\Users\simip\AppData\Local\Programs\Python\Python39\lib\http\server.py", line 427, in handle
    self.handle_one_request()
  File "C:\Users\simip\AppData\Local\Programs\Python\Python39\lib\http\server.py", line 393, in handle_one_request
    self.raw_requestline = self.rfile.readline(65537)
  File "C:\Users\simip\AppData\Local\Programs\Python\Python39\lib\socket.py", line 704, in readinto
    return self._sock.recv_into(b)
ConnectionResetError: [WinError 10054] An existing connection was forcibly closed by the remote host
----------------------------------------
----------------------------------------
Exception occurred during processing of request from ('127.0.0.1', 50967)
----------------------------------------
Exception occurred during processing of request from ('127.0.0.1', 52535)
Traceback (most recent call last):
  File "C:\Users\simip\AppData\Local\Programs\Python\Python39\lib\socketserver.py", line 683, in process_request_thread
    self.finish_request(request, client_address)
  File "C:\Users\simip\AppData\Local\Programs\Python\Python39\lib\socketserver.py", line 360, in finish_request
    self.RequestHandlerClass(request, client_address, self)
  File "C:\Users\simip\AppData\Local\Programs\Python\Python39\lib\http\server.py", line 651, in __init__
    super().__init__(*args, **kwargs)
  File "C:\Users\simip\AppData\Local\Programs\Python\Python39\lib\socketserver.py", line 747, in __init__
    self.handle()
  File "C:\Users\simip\AppData\Local\Programs\Python\Python39\lib\http\server.py", line 427, in handle
    self.handle_one_request()
  File "C:\Users\simip\AppData\Local\Programs\Python\Python39\lib\http\server.py", line 393, in handle_one_request
    self.raw_requestline = self.rfile.readline(65537)
  File "C:\Users\simip\AppData\Local\Programs\Python\Python39\lib\socket.py", line 704, in readinto
    return self._sock.recv_into(b)
ConnectionResetError: [WinError 10054] An existing connection was forcibly closed by the remote host
----------------------------------------
Traceback (most recent call last):
  File "C:\Users\simip\AppData\Local\Programs\Python\Python39\lib\socketserver.py", line 683, in process_request_thread
    self.finish_request(request, client_address)
  File "C:\Users\simip\AppData\Local\Programs\Python\Python39\lib\socketserver.py", line 360, in finish_request
    self.RequestHandlerClass(request, client_address, self)
  File "C:\Users\simip\AppData\Local\Programs\Python\Python39\lib\http\server.py", line 651, in __init__
    super().__init__(*args, **kwargs)
  File "C:\Users\simip\AppData\Local\Programs\Python\Python39\lib\socketserver.py", line 747, in __init__
    self.handle()
  File "C:\Users\simip\AppData\Local\Programs\Python\Python39\lib\http\server.py", line 427, in handle
    self.handle_one_request()
  File "C:\Users\simip\AppData\Local\Programs\Python\Python39\lib\http\server.py", line 393, in handle_one_request
    self.raw_requestline = self.rfile.readline(65537)
  File "C:\Users\simip\AppData\Local\Programs\Python\Python39\lib\socket.py", line 704, in readinto
    return self._sock.recv_into(b)
ConnectionResetError: [WinError 10054] An existing connection was forcibly closed by the remote host
----------------------------------------
----------------------------------------
Exception occurred during processing of request from ('127.0.0.1', 64643)
----------------------------------------
Exception occurred during processing of request from ('127.0.0.1', 55629)
----------------------------------------
Exception occurred during processing of request from ('127.0.0.1', 60745)
Traceback (most recent call last):
  File "C:\Users\simip\AppData\Local\Programs\Python\Python39\lib\socketserver.py", line 683, in process_request_thread
    self.finish_request(request, client_address)
  File "C:\Users\simip\AppData\Local\Programs\Python\Python39\lib\socketserver.py", line 360, in finish_request
    self.RequestHandlerClass(request, client_address, self)
  File "C:\Users\simip\AppData\Local\Programs\Python\Python39\lib\http\server.py", line 651, in __init__
    super().__init__(*args, **kwargs)
  File "C:\Users\simip\AppData\Local\Programs\Python\Python39\lib\socketserver.py", line 747, in __init__
    self.handle()
Traceback (most recent call last):
Traceback (most recent call last):
  File "C:\Users\simip\AppData\Local\Programs\Python\Python39\lib\socketserver.py", line 683, in process_request_thread
    self.finish_request(request, client_address)
  File "C:\Users\simip\AppData\Local\Programs\Python\Python39\lib\socketserver.py", line 683, in process_request_thread
    self.finish_request(request, client_address)
  File "C:\Users\simip\AppData\Local\Programs\Python\Python39\lib\socketserver.py", line 360, in finish_request
    self.RequestHandlerClass(request, client_address, self)
  File "C:\Users\simip\AppData\Local\Programs\Python\Python39\lib\socketserver.py", line 360, in finish_request
    self.RequestHandlerClass(request, client_address, self)
  File "C:\Users\simip\AppData\Local\Programs\Python\Python39\lib\http\server.py", line 651, in __init__
    super().__init__(*args, **kwargs)
  File "C:\Users\simip\AppData\Local\Programs\Python\Python39\lib\http\server.py", line 651, in __init__
    super().__init__(*args, **kwargs)
  File "C:\Users\simip\AppData\Local\Programs\Python\Python39\lib\socketserver.py", line 747, in __init__
    self.handle()
  File "C:\Users\simip\AppData\Local\Programs\Python\Python39\lib\socketserver.py", line 747, in __init__
    self.handle()
  File "C:\Users\simip\AppData\Local\Programs\Python\Python39\lib\http\server.py", line 427, in handle
    self.handle_one_request()
  File "C:\Users\simip\AppData\Local\Programs\Python\Python39\lib\http\server.py", line 427, in handle
    self.handle_one_request()
  File "C:\Users\simip\AppData\Local\Programs\Python\Python39\lib\http\server.py", line 393, in handle_one_request
    self.raw_requestline = self.rfile.readline(65537)
  File "C:\Users\simip\AppData\Local\Programs\Python\Python39\lib\http\server.py", line 393, in handle_one_request
    self.raw_requestline = self.rfile.readline(65537)
  File "C:\Users\simip\AppData\Local\Programs\Python\Python39\lib\socket.py", line 704, in readinto
    return self._sock.recv_into(b)
  File "C:\Users\simip\AppData\Local\Programs\Python\Python39\lib\socket.py", line 704, in readinto
    return self._sock.recv_into(b)
ConnectionResetError: [WinError 10054] An existing connection was forcibly closed by the remote host
ConnectionResetError: [WinError 10054] An existing connection was forcibly closed by the remote host
----------------------------------------
----------------------------------------
  File "C:\Users\simip\AppData\Local\Programs\Python\Python39\lib\http\server.py", line 427, in handle
    self.handle_one_request()
  File "C:\Users\simip\AppData\Local\Programs\Python\Python39\lib\http\server.py", line 393, in handle_one_request
    self.raw_requestline = self.rfile.readline(65537)
  File "C:\Users\simip\AppData\Local\Programs\Python\Python39\lib\socket.py", line 704, in readinto
    return self._sock.recv_into(b)
ConnectionResetError: [WinError 10054] An existing connection was forcibly closed by the remote host
----------------------------------------
----------------------------------------
----------------------------------------
Exception occurred during processing of request from ('127.0.0.1', 52535)
----------------------------------------
----------------------------------------
----------------------------------------
Exception occurred during processing of request from ('127.0.0.1', 62481)
Exception occurred during processing of request from ('127.0.0.1', 49755)
Exception occurred during processing of request from ('127.0.0.1', 58693)
----------------------------------------
Exception occurred during processing of request from ('127.0.0.1', 57039)
Exception occurred during processing of request from ('127.0.0.1', 62151)
Traceback (most recent call last):
  File "C:\Users\simip\AppData\Local\Programs\Python\Python39\lib\socketserver.py", line 683, in process_request_thread
    self.finish_request(request, client_address)
  File "C:\Users\simip\AppData\Local\Programs\Python\Python39\lib\socketserver.py", line 360, in finish_request
    self.RequestHandlerClass(request, client_address, self)
  File "C:\Users\simip\AppData\Local\Programs\Python\Python39\lib\http\server.py", line 651, in __init__
    super().__init__(*args, **kwargs)
  File "C:\Users\simip\AppData\Local\Programs\Python\Python39\lib\socketserver.py", line 747, in __init__
    self.handle()
  File "C:\Users\simip\AppData\Local\Programs\Python\Python39\lib\http\server.py", line 427, in handle
    self.handle_one_request()
  File "C:\Users\simip\AppData\Local\Programs\Python\Python39\lib\http\server.py", line 393, in handle_one_request
    self.raw_requestline = self.rfile.readline(65537)
  File "C:\Users\simip\AppData\Local\Programs\Python\Python39\lib\socket.py", line 704, in readinto
    return self._sock.recv_into(b)
ConnectionResetError: [WinError 10054] An existing connection was forcibly closed by the remote host
----------------------------------------
Traceback (most recent call last):
  File "C:\Users\simip\AppData\Local\Programs\Python\Python39\lib\socketserver.py", line 683, in process_request_thread
    self.finish_request(request, client_address)
  File "C:\Users\simip\AppData\Local\Programs\Python\Python39\lib\socketserver.py", line 360, in finish_request
    self.RequestHandlerClass(request, client_address, self)
  File "C:\Users\simip\AppData\Local\Programs\Python\Python39\lib\http\server.py", line 651, in __init__
    super().__init__(*args, **kwargs)
  File "C:\Users\simip\AppData\Local\Programs\Python\Python39\lib\socketserver.py", line 747, in __init__
    self.handle()
  File "C:\Users\simip\AppData\Local\Programs\Python\Python39\lib\http\server.py", line 427, in handle
    self.handle_one_request()
  File "C:\Users\simip\AppData\Local\Programs\Python\Python39\lib\http\server.py", line 393, in handle_one_request
    self.raw_requestline = self.rfile.readline(65537)
  File "C:\Users\simip\AppData\Local\Programs\Python\Python39\lib\socket.py", line 704, in readinto
    return self._sock.recv_into(b)
ConnectionResetError: [WinError 10054] An existing connection was forcibly closed by the remote host
----------------------------------------
Traceback (most recent call last):
Traceback (most recent call last):
  File "C:\Users\simip\AppData\Local\Programs\Python\Python39\lib\socketserver.py", line 683, in process_request_thread
    self.finish_request(request, client_address)
Traceback (most recent call last):
Traceback (most recent call last):
  File "C:\Users\simip\AppData\Local\Programs\Python\Python39\lib\socketserver.py", line 683, in process_request_thread
    self.finish_request(request, client_address)
  File "C:\Users\simip\AppData\Local\Programs\Python\Python39\lib\socketserver.py", line 360, in finish_request
    self.RequestHandlerClass(request, client_address, self)
  File "C:\Users\simip\AppData\Local\Programs\Python\Python39\lib\socketserver.py", line 683, in process_request_thread
    self.finish_request(request, client_address)
  File "C:\Users\simip\AppData\Local\Programs\Python\Python39\lib\socketserver.py", line 683, in process_request_thread
    self.finish_request(request, client_address)
  File "C:\Users\simip\AppData\Local\Programs\Python\Python39\lib\socketserver.py", line 360, in finish_request
    self.RequestHandlerClass(request, client_address, self)
  File "C:\Users\simip\AppData\Local\Programs\Python\Python39\lib\socketserver.py", line 360, in finish_request
    self.RequestHandlerClass(request, client_address, self)
  File "C:\Users\simip\AppData\Local\Programs\Python\Python39\lib\http\server.py", line 651, in __init__
    super().__init__(*args, **kwargs)
  File "C:\Users\simip\AppData\Local\Programs\Python\Python39\lib\socketserver.py", line 747, in __init__
    self.handle()
  File "C:\Users\simip\AppData\Local\Programs\Python\Python39\lib\socketserver.py", line 360, in finish_request
    self.RequestHandlerClass(request, client_address, self)
  File "C:\Users\simip\AppData\Local\Programs\Python\Python39\lib\http\server.py", line 427, in handle
    self.handle_one_request()
  File "C:\Users\simip\AppData\Local\Programs\Python\Python39\lib\http\server.py", line 393, in handle_one_request
    self.raw_requestline = self.rfile.readline(65537)
  File "C:\Users\simip\AppData\Local\Programs\Python\Python39\lib\socket.py", line 704, in readinto
    return self._sock.recv_into(b)
  File "C:\Users\simip\AppData\Local\Programs\Python\Python39\lib\http\server.py", line 651, in __init__
    super().__init__(*args, **kwargs)
  File "C:\Users\simip\AppData\Local\Programs\Python\Python39\lib\http\server.py", line 651, in __init__
    super().__init__(*args, **kwargs)
  File "C:\Users\simip\AppData\Local\Programs\Python\Python39\lib\socketserver.py", line 747, in __init__
    self.handle()
  File "C:\Users\simip\AppData\Local\Programs\Python\Python39\lib\http\server.py", line 651, in __init__
    super().__init__(*args, **kwargs)
ConnectionResetError: [WinError 10054] An existing connection was forcibly closed by the remote host
  File "C:\Users\simip\AppData\Local\Programs\Python\Python39\lib\socketserver.py", line 747, in __init__
    self.handle()
  File "C:\Users\simip\AppData\Local\Programs\Python\Python39\lib\http\server.py", line 427, in handle
    self.handle_one_request()
  File "C:\Users\simip\AppData\Local\Programs\Python\Python39\lib\socketserver.py", line 747, in __init__
    self.handle()
  File "C:\Users\simip\AppData\Local\Programs\Python\Python39\lib\http\server.py", line 427, in handle
    self.handle_one_request()
  File "C:\Users\simip\AppData\Local\Programs\Python\Python39\lib\http\server.py", line 393, in handle_one_request
    self.raw_requestline = self.rfile.readline(65537)
  File "C:\Users\simip\AppData\Local\Programs\Python\Python39\lib\http\server.py", line 427, in handle
    self.handle_one_request()
----------------------------------------
  File "C:\Users\simip\AppData\Local\Programs\Python\Python39\lib\http\server.py", line 393, in handle_one_request
    self.raw_requestline = self.rfile.readline(65537)
  File "C:\Users\simip\AppData\Local\Programs\Python\Python39\lib\socket.py", line 704, in readinto
    return self._sock.recv_into(b)
  File "C:\Users\simip\AppData\Local\Programs\Python\Python39\lib\http\server.py", line 393, in handle_one_request
    self.raw_requestline = self.rfile.readline(65537)
ConnectionResetError: [WinError 10054] An existing connection was forcibly closed by the remote host
  File "C:\Users\simip\AppData\Local\Programs\Python\Python39\lib\socket.py", line 704, in readinto
    return self._sock.recv_into(b)
----------------------------------------
ConnectionResetError: [WinError 10054] An existing connection was forcibly closed by the remote host
  File "C:\Users\simip\AppData\Local\Programs\Python\Python39\lib\socket.py", line 704, in readinto
    return self._sock.recv_into(b)
----------------------------------------
ConnectionResetError: [WinError 10054] An existing connection was forcibly closed by the remote host
----------------------------------------
----------------------------------------
Exception occurred during processing of request from ('127.0.0.1', 58508)
----------------------------------------
----------------------------------------
----------------------------------------
----------------------------------------
Exception occurred during processing of request from ('127.0.0.1', 61059)
Exception occurred during processing of request from ('127.0.0.1', 61942)
Exception occurred during processing of request from ('127.0.0.1', 65533)
Exception occurred during processing of request from ('127.0.0.1', 56687)
----------------------------------------
Traceback (most recent call last):
Exception occurred during processing of request from ('127.0.0.1', 59697)
  File "C:\Users\simip\AppData\Local\Programs\Python\Python39\lib\socketserver.py", line 683, in process_request_thread
    self.finish_request(request, client_address)
  File "C:\Users\simip\AppData\Local\Programs\Python\Python39\lib\socketserver.py", line 360, in finish_request
    self.RequestHandlerClass(request, client_address, self)
  File "C:\Users\simip\AppData\Local\Programs\Python\Python39\lib\http\server.py", line 651, in __init__
    super().__init__(*args, **kwargs)
  File "C:\Users\simip\AppData\Local\Programs\Python\Python39\lib\socketserver.py", line 747, in __init__
    self.handle()
  File "C:\Users\simip\AppData\Local\Programs\Python\Python39\lib\http\server.py", line 427, in handle
    self.handle_one_request()
  File "C:\Users\simip\AppData\Local\Programs\Python\Python39\lib\http\server.py", line 393, in handle_one_request
    self.raw_requestline = self.rfile.readline(65537)
  File "C:\Users\simip\AppData\Local\Programs\Python\Python39\lib\socket.py", line 704, in readinto
    return self._sock.recv_into(b)
ConnectionResetError: [WinError 10054] An existing connection was forcibly closed by the remote host
----------------------------------------
Traceback (most recent call last):
  File "C:\Users\simip\AppData\Local\Programs\Python\Python39\lib\socketserver.py", line 683, in process_request_thread
    self.finish_request(request, client_address)
  File "C:\Users\simip\AppData\Local\Programs\Python\Python39\lib\socketserver.py", line 360, in finish_request
    self.RequestHandlerClass(request, client_address, self)
  File "C:\Users\simip\AppData\Local\Programs\Python\Python39\lib\http\server.py", line 651, in __init__
    super().__init__(*args, **kwargs)
Traceback (most recent call last):
  File "C:\Users\simip\AppData\Local\Programs\Python\Python39\lib\socketserver.py", line 683, in process_request_thread
    self.finish_request(request, client_address)
Traceback (most recent call last):
  File "C:\Users\simip\AppData\Local\Programs\Python\Python39\lib\socketserver.py", line 360, in finish_request
    self.RequestHandlerClass(request, client_address, self)
  File "C:\Users\simip\AppData\Local\Programs\Python\Python39\lib\http\server.py", line 651, in __init__
    super().__init__(*args, **kwargs)
Traceback (most recent call last):
  File "C:\Users\simip\AppData\Local\Programs\Python\Python39\lib\socketserver.py", line 747, in __init__
    self.handle()
  File "C:\Users\simip\AppData\Local\Programs\Python\Python39\lib\socketserver.py", line 683, in process_request_thread
    self.finish_request(request, client_address)
  File "C:\Users\simip\AppData\Local\Programs\Python\Python39\lib\socketserver.py", line 683, in process_request_thread
    self.finish_request(request, client_address)
  File "C:\Users\simip\AppData\Local\Programs\Python\Python39\lib\socketserver.py", line 360, in finish_request
    self.RequestHandlerClass(request, client_address, self)
  File "C:\Users\simip\AppData\Local\Programs\Python\Python39\lib\http\server.py", line 427, in handle
    self.handle_one_request()
Traceback (most recent call last):
  File "C:\Users\simip\AppData\Local\Programs\Python\Python39\lib\socketserver.py", line 360, in finish_request
    self.RequestHandlerClass(request, client_address, self)
  File "C:\Users\simip\AppData\Local\Programs\Python\Python39\lib\http\server.py", line 393, in handle_one_request
    self.raw_requestline = self.rfile.readline(65537)
  File "C:\Users\simip\AppData\Local\Programs\Python\Python39\lib\http\server.py", line 651, in __init__
    super().__init__(*args, **kwargs)
  File "C:\Users\simip\AppData\Local\Programs\Python\Python39\lib\http\server.py", line 651, in __init__
    super().__init__(*args, **kwargs)
  File "C:\Users\simip\AppData\Local\Programs\Python\Python39\lib\socket.py", line 704, in readinto
    return self._sock.recv_into(b)
  File "C:\Users\simip\AppData\Local\Programs\Python\Python39\lib\socketserver.py", line 747, in __init__
    self.handle()
  File "C:\Users\simip\AppData\Local\Programs\Python\Python39\lib\http\server.py", line 427, in handle
    self.handle_one_request()
  File "C:\Users\simip\AppData\Local\Programs\Python\Python39\lib\http\server.py", line 393, in handle_one_request
    self.raw_requestline = self.rfile.readline(65537)
  File "C:\Users\simip\AppData\Local\Programs\Python\Python39\lib\socket.py", line 704, in readinto
    return self._sock.recv_into(b)
  File "C:\Users\simip\AppData\Local\Programs\Python\Python39\lib\socketserver.py", line 747, in __init__
    self.handle()
  File "C:\Users\simip\AppData\Local\Programs\Python\Python39\lib\socketserver.py", line 747, in __init__
    self.handle()
ConnectionResetError: [WinError 10054] An existing connection was forcibly closed by the remote host
  File "C:\Users\simip\AppData\Local\Programs\Python\Python39\lib\http\server.py", line 427, in handle
    self.handle_one_request()
  File "C:\Users\simip\AppData\Local\Programs\Python\Python39\lib\http\server.py", line 393, in handle_one_request
    self.raw_requestline = self.rfile.readline(65537)
  File "C:\Users\simip\AppData\Local\Programs\Python\Python39\lib\http\server.py", line 427, in handle
    self.handle_one_request()
  File "C:\Users\simip\AppData\Local\Programs\Python\Python39\lib\socketserver.py", line 683, in process_request_thread
    self.finish_request(request, client_address)
  File "C:\Users\simip\AppData\Local\Programs\Python\Python39\lib\http\server.py", line 393, in handle_one_request
    self.raw_requestline = self.rfile.readline(65537)
----------------------------------------
  File "C:\Users\simip\AppData\Local\Programs\Python\Python39\lib\socket.py", line 704, in readinto
    return self._sock.recv_into(b)
ConnectionResetError: [WinError 10054] An existing connection was forcibly closed by the remote host
  File "C:\Users\simip\AppData\Local\Programs\Python\Python39\lib\socketserver.py", line 360, in finish_request
    self.RequestHandlerClass(request, client_address, self)
----------------------------------------
  File "C:\Users\simip\AppData\Local\Programs\Python\Python39\lib\http\server.py", line 651, in __init__
    super().__init__(*args, **kwargs)
ConnectionResetError: [WinError 10054] An existing connection was forcibly closed by the remote host
  File "C:\Users\simip\AppData\Local\Programs\Python\Python39\lib\socketserver.py", line 747, in __init__
    self.handle()
----------------------------------------
  File "C:\Users\simip\AppData\Local\Programs\Python\Python39\lib\http\server.py", line 427, in handle
    self.handle_one_request()
  File "C:\Users\simip\AppData\Local\Programs\Python\Python39\lib\socket.py", line 704, in readinto
    return self._sock.recv_into(b)
  File "C:\Users\simip\AppData\Local\Programs\Python\Python39\lib\http\server.py", line 393, in handle_one_request
    self.raw_requestline = self.rfile.readline(65537)
ConnectionResetError: [WinError 10054] An existing connection was forcibly closed by the remote host
  File "C:\Users\simip\AppData\Local\Programs\Python\Python39\lib\socket.py", line 704, in readinto
    return self._sock.recv_into(b)
----------------------------------------
ConnectionResetError: [WinError 10054] An existing connection was forcibly closed by the remote host
----------------------------------------
