{
 "type": "FeatureCollection",
 "features": [
  {
   "type": "Feature",
   "properties": {
    "id": "0a6d10a2-a664-4049-9ea2-83ce692103ef",
    "name": "Union on 24th",
    "overture_height": 97.536,
    "num_floors": 29,
    "building_class": "apartments",
    "final_height": 97.5,
    "source_height": "overture",
    "dist_m": 0,
    "centroid": [
     -97.745162,
     30.287679
    ]
   },
   "geometry": {
    "type": "Polygon",
    "coordinates": [
     [
      [
       -97.7448101,
       30.2878516
      ],
      [
       -97.7456388,
       30.2879164
      ],
      [
       -97.7456908,
       30.2874208
      ],
      [
       -97.744862,
       30.287356
      ],
      [
       -97.7448101,
       30.2878516
      ]
     ]
    ]
   }
  },
  {
   "type": "Feature",
   "properties": {
    "id": "24a17560-08d3-4a08-8f7f-bc0d5c0c382e",
    "name": "Shell",
    "overture_height": 5.4,
    "num_floors": null,
    "building_class": "roof",
    "final_height": 5.4,
    "source_height": "overture",
    "dist_m": 48,
    "centroid": [
     -97.744935,
     30.288062
    ]
   },
   "geometry": {
    "type": "Polygon",
    "coordinates": [
     [
      [
       -97.7449688,
       30.2880638
      ],
      [
       -97.744973,
       30.288033
      ],
      [
       -97.744895,
       30.288025
      ],
      [
       -97.7448906,
       30.2880575
      ],
      [
       -97.744886,
       30.288091
      ],
      [
       -97.744964,
       30.288099
      ],
      [
       -97.7449688,
       30.2880638
      ]
     ]
    ]
   }
  },
  {
   "type": "Feature",
   "properties": {
    "id": "ebb80e49-2486-4ea8-84f3-4756ab6d98bc",
    "name": null,
    "overture_height": 10.8,
    "num_floors": null,
    "building_class": "retail",
    "final_height": 10.8,
    "source_height": "overture",
    "dist_m": 61,
    "centroid": [
     -97.744987,
     30.288202
    ]
   },
   "geometry": {
    "type": "Polygon",
    "coordinates": [
     [
      [
       -97.744886,
       30.288134
      ],
      [
       -97.744872,
       30.288285
      ],
      [
       -97.745139,
       30.288303
      ],
      [
       -97.745154,
       30.288154
      ],
      [
       -97.744886,
       30.288134
      ]
     ]
    ]
   }
  },
  {
   "type": "Feature",
   "properties": {
    "id": "562fa17a-9fe7-418a-876f-4f1cd9c8c9c2",
    "name": null,
    "overture_height": 4.2,
    "num_floors": null,
    "building_class": null,
    "final_height": 4.2,
    "source_height": "overture",
    "dist_m": 66,
    "centroid": [
     -97.745232,
     30.288264
    ]
   },
   "geometry": {
    "type": "Polygon",
    "coordinates": [
     [
      [
       -97.74517,
       30.288227
      ],
      [
       -97.745163,
       30.288309
      ],
      [
       -97.745324,
       30.28832
      ],
      [
       -97.745332,
       30.288239
      ],
      [
       -97.74517,
       30.288227
      ]
     ]
    ]
   }
  },
  {
   "type": "Feature",
   "properties": {
    "id": "0c7d0d77-5728-4a92-88fe-2839e82ef3df",
    "name": null,
    "overture_height": 9.7,
    "num_floors": null,
    "building_class": null,
    "final_height": 9.7,
    "source_height": "overture",
    "dist_m": 74,
    "centroid": [
     -97.744449,
     30.287426
    ]
   },
   "geometry": {
    "type": "Polygon",
    "coordinates": [
     [
      [
       -97.744396,
       30.2874
      ],
      [
       -97.744388,
       30.28749
      ],
      [
       -97.744544,
       30.287501
      ],
      [
       -97.744553,
       30.2874
      ],
      [
       -97.744434,
       30.287392
      ],
      [
       -97.744433,
       30.287402
      ],
      [
       -97.744396,
       30.2874
      ]
     ]
    ]
   }
  },
  {
   "type": "Feature",
   "properties": {
    "id": "5bceae4e-c4ac-4c87-87f4-f2ff547de3a4",
    "name": "\u03a6\u039a\u03a3",
    "overture_height": 9.4,
    "num_floors": null,
    "building_class": null,
    "final_height": 9.4,
    "source_height": "overture",
    "dist_m": 78,
    "centroid": [
     -97.745024,
     30.288367
    ]
   },
   "geometry": {
    "type": "Polygon",
    "coordinates": [
     [
      [
       -97.744865,
       30.288316
      ],
      [
       -97.744854,
       30.288424
      ],
      [
       -97.745313,
       30.288459
      ],
      [
       -97.74532,
       30.288386
      ],
      [
       -97.745016,
       30.288365
      ],
      [
       -97.745017,
       30.288358
      ],
      [
       -97.74498,
       30.288356
      ],
      [
       -97.744983,
       30.288325
      ],
      [
       -97.744865,
       30.288316
      ]
     ]
    ]
   }
  },
  {
   "type": "Feature",
   "properties": {
    "id": "2fe7032f-c824-42a2-b02c-ecf9ac5392ee",
    "name": null,
    "overture_height": 7.6,
    "num_floors": null,
    "building_class": null,
    "final_height": 7.6,
    "source_height": "overture",
    "dist_m": 78,
    "centroid": [
     -97.74448,
     30.287299
    ]
   },
   "geometry": {
    "type": "Polygon",
    "coordinates": [
     [
      [
       -97.744373,
       30.287237
      ],
      [
       -97.744363,
       30.287356
      ],
      [
       -97.744553,
       30.287369
      ],
      [
       -97.744557,
       30.287323
      ],
      [
       -97.744568,
       30.287324
      ],
      [
       -97.744574,
       30.28725
      ],
      [
       -97.744373,
       30.287237
      ]
     ]
    ]
   }
  },
  {
   "type": "Feature",
   "properties": {
    "id": "4e5f2b29-dd92-4232-82c9-fa8ef81c6e77",
    "name": "Villas on 24th",
    "overture_height": null,
    "num_floors": null,
    "building_class": null,
    "final_height": 8.0,
    "source_height": "class_default",
    "dist_m": 79,
    "centroid": [
     -97.744343,
     30.287648
    ]
   },
   "geometry": {
    "type": "Polygon",
    "coordinates": [
     [
      [
       -97.744202,
       30.2878109
      ],
      [
       -97.7445923,
       30.2878421
      ],
      [
       -97.7446272,
       30.2875179
      ],
      [
       -97.7442753,
       30.2874897
      ],
      [
       -97.7442707,
       30.2875328
      ],
      [
       -97.7442322,
       30.2875297
      ],
      [
       -97.744202,
       30.2878109
      ]
     ]
    ]
   }
  },
  {
   "type": "Feature",
   "properties": {
    "id": "c5da59d4-a265-460f-aab9-07ea2fa346e8",
    "name": null,
    "overture_height": 7.8,
    "num_floors": null,
    "building_class": null,
    "final_height": 7.8,
    "source_height": "overture",
    "dist_m": 84,
    "centroid": [
     -97.744515,
     30.287169
    ]
   },
   "geometry": {
    "type": "Polygon",
    "coordinates": [
     [
      [
       -97.744576,
       30.287125
      ],
      [
       -97.744435,
       30.287115
      ],
      [
       -97.744423,
       30.287234
      ],
      [
       -97.744564,
       30.287244
      ],
      [
       -97.744576,
       30.287125
      ]
     ]
    ]
   }
  },
  {
   "type": "Feature",
   "properties": {
    "id": "6dfb0958-b416-416a-868d-e45f2bd4e703",
    "name": "The Mark Austin",
    "overture_height": null,
    "num_floors": null,
    "building_class": "apartments",
    "final_height": 18.0,
    "source_height": "class_default",
    "dist_m": 86,
    "centroid": [
     -97.746051,
     30.287755
    ]
   },
   "geometry": {
    "type": "Polygon",
    "coordinates": [
     [
      [
       -97.7457515,
       30.2875563
      ],
      [
       -97.7457427,
       30.2876531
      ],
      [
       -97.7457551,
       30.2876539
      ],
      [
       -97.7457329,
       30.2878975
      ],
      [
       -97.745753,
       30.2878988
      ],
      [
       -97.7457513,
       30.287918
      ],
      [
       -97.746423,
       30.2879639
      ],
      [
       -97.746424,
       30.2879534
      ],
      [
       -97.746532,
       30.2879607
      ],
      [
       -97.7465341,
       30.287938
      ],
      [
       -97.746558,
       30.2879396
      ],
      [
       -97.7466003,
       30.28747
      ],
      [
       -97.7457353,
       30.2874119
      ],
      [
       -97.7457225,
       30.2875543
      ],
      [
       -97.7457515,
       30.2875563
      ]
     ],
     [
      [
       -97.7459277,
       30.2876527
      ],
      [
       -97.7463761,
       30.2876845
      ],
      [
       -97.7463639,
       30.2878122
      ],
      [
       -97.7459155,
       30.2877803
      ],
      [
       -97.7459277,
       30.2876527
      ]
     ]
    ]
   }
  },
  {
   "type": "Feature",
   "properties": {
    "id": "13cf60be-4c1a-4592-91d7-dea429f66927",
    "name": null,
    "overture_height": 13.2,
    "num_floors": null,
    "building_class": null,
    "final_height": 13.2,
    "source_height": "overture",
    "dist_m": 90,
    "centroid": [
     -97.745469,
     30.288438
    ]
   },
   "geometry": {
    "type": "Polygon",
    "coordinates": [
     [
      [
       -97.745336,
       30.288665
      ],
      [
       -97.745332,
       30.288701
      ],
      [
       -97.745382,
       30.288705
      ],
      [
       -97.745381,
       30.288712
      ],
      [
       -97.745417,
       30.288715
      ],
      [
       -97.745417,
       30.288709
      ],
      [
       -97.745484,
       30.288714
      ],
      [
       -97.745483,
       30.288721
      ],
      [
       -97.745523,
       30.288723
      ],
      [
       -97.745524,
       30.288719
      ],
      [
       -97.745573,
       30.288723
      ],
      [
       -97.745577,
       30.288687
      ],
      [
       -97.74557,
       30.288687
      ],
      [
       -97.745572,
       30.288673
      ],
      [
       -97.745584,
       30.288674
      ],
      [
       -97.745586,
       30.288658
      ],
      [
       -97.745576,
       30.288657
      ],
      [
       -97.745584,
       30.28858
      ],
      [
       -97.745594,
       30.288581
      ],
      [
       -97.745596,
       30.288564
      ],
      [
       -97.745588,
       30.288563
      ],
      [
       -97.745603,
       30.288401
      ],
      [
       -97.745478,
       30.288392
      ],
      [
       -97.745467,
       30.288508
      ],
      [
       -97.745476,
       30.288509
      ],
      [
       -97.745471,
       30.288562
      ],
      [
       -97.745502,
       30.288565
      ],
      [
       -97.745494,
       30.288654
      ],
      [
       -97.74542,
       30.288649
      ],
      [
       -97.745424,
       30.288605
      ],
      [
       -97.745383,
       30.288603
      ],
      [
       -97.745388,
       30.288556
      ],
      [
       -97.745421,
       30.288558
      ],
      [
       -97.745427,
       30.288499
      ],
      [
       -97.745438,
       30.2885
      ],
      [
       -97.74544,
       30.288484
      ],
      [
       -97.745436,
       30.288484
      ],
      [
       -97.745439,
       30.288453
      ],
      [
       -97.745436,
       30.288453
      ],
      [
       -97.745439,
       30.288412
      ],
      [
       -97.745448,
       30.288412
      ],
      [
       -97.74545,
       30.288398
      ],
      [
       -97.745442,
       30.288397
      ],
      [
       -97.745452,
       30.288296
      ],
      [
       -97.745463,
       30.288297
      ],
      [
       -97.745465,
       30.288281
      ],
      [
       -97.745455,
       30.28828
      ],
      [
       -97.745459,
       30.288242
      ],
      [
       -97.745464,
       30.288242
      ],
      [
       -97.745465,
       30.288222
      ],
      [
       -97.745477,
       30.288222
      ],
      [
       -97.745478,
       30.288209
      ],
      [
       -97.745467,
       30.288209
      ],
      [
       -97.745468,
       30.288193
      ],
      [
       -97.745504,
       30.288196
      ],
      [
       -97.745494,
       30.288309
      ],
      [
       -97.745614,
       30.288318
      ],
      [
       -97.745625,
       30.288204
      ],
      [
       -97.74558,
       30.288201
      ],
      [
       -97.745583,
       30.288175
      ],
      [
       -97.745625,
       30.288178
      ],
      [
       -97.745629,
       30.288141
      ],
      [
       -97.745572,
       30.288137
      ],
      [
       -97.745571,
       30.288144
      ],
      [
       -97.745548,
       30.288142
      ],
      [
       -97.745549,
       30.288134
      ],
      [
       -97.745507,
       30.288131
      ],
      [
       -97.745506,
       30.288141
      ],
      [
       -97.74549,
       30.288139
      ],
      [
       -97.745488,
       30.288161
      ],
      [
       -97.745474,
       30.28816
      ],
      [
       -97.745476,
       30.288138
      ],
      [
       -97.745403,
       30.288132
      ],
      [
       -97.745397,
       30.288197
      ],
      [
       -97.745406,
       30.288197
      ],
      [
       -97.745402,
       30.288235
      ],
      [
       -97.745388,
       30.288234
      ],
      [
       -97.745366,
       30.288464
      ],
      [
       -97.745369,
       30.288464
      ],
      [
       -97.745366,
       30.288499
      ],
      [
       -97.745359,
       30.288499
      ],
      [
       -97.745354,
       30.288555
      ],
      [
       -97.745358,
       30.288556
      ],
      [
       -97.74535,
       30.288639
      ],
      [
       -97.745344,
       30.288638
      ],
      [
       -97.745342,
       30.288654
      ],
      [
       -97.745347,
       30.288654
      ],
      [
       -97.745346,
       30.288666
      ],
      [
       -97.745336,
       30.288665
      ]
     ]
    ]
   }
  },
  {
   "type": "Feature",
   "properties": {
    "id": "94b1c16b-0646-48cc-b9b4-6e41e305addc",
    "name": null,
    "overture_height": 7.2,
    "num_floors": null,
    "building_class": null,
    "final_height": 7.2,
    "source_height": "overture",
    "dist_m": 92,
    "centroid": [
     -97.744305,
     30.28732
    ]
   },
   "geometry": {
    "type": "Polygon",
    "coordinates": [
     [
      [
       -97.74433,
       30.287354
      ],
      [
       -97.744337,
       30.287273
      ],
      [
       -97.744267,
       30.287268
      ],
      [
       -97.744259,
       30.287349
      ],
      [
       -97.74433,
       30.287354
      ]
     ]
    ]
   }
  },
  {
   "type": "Feature",
   "properties": {
    "id": "36365d18-2eb6-43c5-b042-6197e7767e17",
    "name": "The Standard",
    "overture_height": 20.5,
    "num_floors": null,
    "building_class": "apartments",
    "final_height": 20.5,
    "source_height": "overture",
    "dist_m": 92,
    "centroid": [
     -97.745708,
     30.286997
    ]
   },
   "geometry": {
    "type": "Polygon",
    "coordinates": [
     [
      [
       -97.7462389,
       30.2871858
      ],
      [
       -97.7462534,
       30.2871868
      ],
      [
       -97.7462847,
       30.2868579
      ],
      [
       -97.7462439,
       30.286855
      ],
      [
       -97.7462484,
       30.2868082
      ],
      [
       -97.7454802,
       30.2867537
      ],
      [
       -97.7454762,
       30.2867961
      ],
      [
       -97.7454325,
       30.286793
      ],
      [
       -97.7454249,
       30.2868722
      ],
      [
       -97.7452941,
       30.286863
      ],
      [
       -97.7452817,
       30.2869931
      ],
      [
       -97.7454088,
       30.2870021
      ],
      [
       -97.7454013,
       30.2870809
      ],
      [
       -97.7453126,
       30.2870746
      ],
      [
       -97.7453086,
       30.2871166
      ],
      [
       -97.7454429,
       30.2871262
      ],
      [
       -97.7454385,
       30.2871723
      ],
      [
       -97.7462348,
       30.2872288
      ],
      [
       -97.7462389,
       30.2871858
      ]
     ]
    ]
   }
  },
  {
   "type": "Feature",
   "properties": {
    "id": "762122e3-8b0c-4bd5-9795-dcf61325b854",
    "name": "Yugo Austin Rio",
    "overture_height": 11.9,
    "num_floors": null,
    "building_class": "apartments",
    "final_height": 11.9,
    "source_height": "overture",
    "dist_m": 94,
    "centroid": [
     -97.744396,
     30.288207
    ]
   },
   "geometry": {
    "type": "Polygon",
    "coordinates": [
     [
      [
       -97.7443044,
       30.2879929
      ],
      [
       -97.7442529,
       30.2885082
      ],
      [
       -97.7445338,
       30.2885291
      ],
      [
       -97.7445854,
       30.2880139
      ],
      [
       -97.7443044,
       30.2879929
      ]
     ]
    ]
   }
  },
  {
   "type": "Feature",
   "properties": {
    "id": "aa4e407e-1ded-49af-882c-0ea22d6d5759",
    "name": null,
    "overture_height": 17.1,
    "num_floors": null,
    "building_class": "commercial",
    "final_height": 17.1,
    "source_height": "overture",
    "dist_m": 98,
    "centroid": [
     -97.745017,
     30.28681
    ]
   },
   "geometry": {
    "type": "Polygon",
    "coordinates": [
     [
      [
       -97.7450539,
       30.2866288
      ],
      [
       -97.7450591,
       30.2865649
      ],
      [
       -97.7449093,
       30.2866114
      ],
      [
       -97.7448608,
       30.2871126
      ],
      [
       -97.7449309,
       30.287143
      ],
      [
       -97.7451117,
       30.287155
      ],
      [
       -97.7451579,
       30.2866371
      ],
      [
       -97.7450539,
       30.2866288
      ]
     ]
    ]
   }
  },
  {
   "type": "Feature",
   "properties": {
    "id": "58853890-3a0d-4879-9d92-bd47e6090cd1",
    "name": null,
    "overture_height": 11.7,
    "num_floors": null,
    "building_class": null,
    "final_height": 11.7,
    "source_height": "overture",
    "dist_m": 100,
    "centroid": [
     -97.744987,
     30.288566
    ]
   },
   "geometry": {
    "type": "Polygon",
    "coordinates": [
     [
      [
       -97.745068,
       30.288526
      ],
      [
       -97.744876,
       30.288514
      ],
      [
       -97.744867,
       30.288625
      ],
      [
       -97.745058,
       30.288637
      ],
      [
       -97.745068,
       30.288526
      ]
     ]
    ]
   }
  },
  {
   "type": "Feature",
   "properties": {
    "id": "a88b0416-c7d5-49a1-a485-613c176d8ecd",
    "name": null,
    "overture_height": 6.7,
    "num_floors": null,
    "building_class": null,
    "final_height": 6.7,
    "source_height": "overture",
    "dist_m": 101,
    "centroid": [
     -97.74521,
     30.28859
    ]
   },
   "geometry": {
    "type": "Polygon",
    "coordinates": [
     [
      [
       -97.745165,
       30.288555
      ],
      [
       -97.745159,
       30.288635
      ],
      [
       -97.745277,
       30.288642
      ],
      [
       -97.745283,
       30.288561
      ],
      [
       -97.745165,
       30.288555
      ]
     ]
    ]
   }
  },
  {
   "type": "Feature",
   "properties": {
    "id": "c41e1099-b109-4e64-a8d4-5e6c5d975528",
    "name": null,
    "overture_height": 8.5,
    "num_floors": null,
    "building_class": null,
    "final_height": 8.5,
    "source_height": "overture",
    "dist_m": 102,
    "centroid": [
     -97.744455,
     30.286991
    ]
   },
   "geometry": {
    "type": "Polygon",
    "coordinates": [
     [
      [
       -97.744388,
       30.286989
      ],
      [
       -97.744374,
       30.286988
      ],
      [
       -97.744372,
       30.287017
      ],
      [
       -97.744382,
       30.287017
      ],
      [
       -97.744379,
       30.287049
      ],
      [
       -97.744587,
       30.287063
      ],
      [
       -97.74459,
       30.287031
      ],
      [
       -97.744606,
       30.287032
      ],
      [
       -97.744615,
       30.286933
      ],
      [
       -97.744452,
       30.286921
      ],
      [
       -97.744449,
       30.286949
      ],
      [
       -97.744428,
       30.286948
      ],
      [
       -97.744426,
       30.286967
      ],
      [
       -97.74439,
       30.286965
      ],
      [
       -97.744388,
       30.286989
      ]
     ]
    ]
   }
  },
  {
   "type": "Feature",
   "properties": {
    "id": "4a1a178f-a7ad-46ef-9276-51450f1ce5e9",
    "name": null,
    "overture_height": 10.0,
    "num_floors": null,
    "building_class": null,
    "final_height": 10.0,
    "source_height": "overture",
    "dist_m": 112,
    "centroid": [
     -97.744527,
     30.286833
    ]
   },
   "geometry": {
    "type": "Polygon",
    "coordinates": [
     [
      [
       -97.744485,
       30.286863
      ],
      [
       -97.744481,
       30.286904
      ],
      [
       -97.7446,
       30.286913
      ],
      [
       -97.744611,
       30.286803
      ],
      [
       -97.744605,
       30.286803
      ],
      [
       -97.744608,
       30.286776
      ],
      [
       -97.744519,
       30.28677
      ],
      [
       -97.744516,
       30.286797
      ],
      [
       -97.744492,
       30.286795
      ],
      [
       -97.744487,
       30.286838
      ],
      [
       -97.744483,
       30.286838
      ],
      [
       -97.74448,
       30.286863
      ],
      [
       -97.744485,
       30.286863
      ]
     ]
    ]
   }
  },
  {
   "type": "Feature",
   "properties": {
    "id": "dfd6b9a8-388b-4760-922c-bc8a7631e450",
    "name": null,
    "overture_height": 8.7,
    "num_floors": null,
    "building_class": null,
    "final_height": 8.7,
    "source_height": "overture",
    "dist_m": 124,
    "centroid": [
     -97.744391,
     30.286785
    ]
   },
   "geometry": {
    "type": "Polygon",
    "coordinates": [
     [
      [
       -97.7443396,
       30.2867935
      ],
      [
       -97.7443136,
       30.2867905
      ],
      [
       -97.7443106,
       30.2868225
      ],
      [
       -97.7443986,
       30.2868315
      ],
      [
       -97.7443996,
       30.2868255
      ],
      [
       -97.7444556,
       30.2868305
      ],
      [
       -97.7444626,
       30.2867745
      ],
      [
       -97.7444476,
       30.2867735
      ],
      [
       -97.7444486,
       30.2867585
      ],
      [
       -97.7444096,
       30.2867555
      ],
      [
       -97.7444086,
       30.2867665
      ],
      [
       -97.7443926,
       30.2867655
      ],
      [
       -97.7443946,
       30.2867465
      ],
      [
       -97.7443456,
       30.2867415
      ],
      [
       -97.7443396,
       30.2867935
      ]
     ]
    ]
   }
  },
  {
   "type": "Feature",
   "properties": {
    "id": "57d4d01d-0a57-4b46-b2a8-02fcaf77f81a",
    "name": "Yugo Austin Waterloo",
    "overture_height": 8.4,
    "num_floors": null,
    "building_class": "apartments",
    "final_height": 8.4,
    "source_height": "overture",
    "dist_m": 124,
    "centroid": [
     -97.744087,
     30.288294
    ]
   },
   "geometry": {
    "type": "Polygon",
    "coordinates": [
     [
      [
       -97.7439516,
       30.2884911
      ],
      [
       -97.7442372,
       30.2885129
      ],
      [
       -97.7442901,
       30.2879976
      ],
      [
       -97.7440044,
       30.2879758
      ],
      [
       -97.7439516,
       30.2884911
      ]
     ]
    ]
   }
  },
  {
   "type": "Feature",
   "properties": {
    "id": "5e94c2db-4245-4db3-b5c0-9ed631bcd658",
    "name": null,
    "overture_height": 16.135541915893555,
    "num_floors": null,
    "building_class": "apartments",
    "final_height": 16.1,
    "source_height": "overture",
    "dist_m": 128,
    "centroid": [
     -97.743932,
     30.287243
    ]
   },
   "geometry": {
    "type": "Polygon",
    "coordinates": [
     [
      [
       -97.7439572,
       30.2875771
      ],
      [
       -97.7437879,
       30.2875646
      ],
      [
       -97.7437705,
       30.2877393
      ],
      [
       -97.7441367,
       30.2877665
      ],
      [
       -97.744241,
       30.2867179
      ],
      [
       -97.7438749,
       30.2866907
      ],
      [
       -97.7438573,
       30.2868671
      ],
      [
       -97.7440265,
       30.2868796
      ],
      [
       -97.7440169,
       30.2869758
      ],
      [
       -97.7438478,
       30.2869633
      ],
      [
       -97.7438301,
       30.2871405
      ],
      [
       -97.7439856,
       30.2871521
      ],
      [
       -97.7439709,
       30.2872996
      ],
      [
       -97.7438154,
       30.2872881
      ],
      [
       -97.7437981,
       30.2874621
      ],
      [
       -97.7439674,
       30.2874747
      ],
      [
       -97.7439572,
       30.2875771
      ]
     ]
    ]
   }
  },
  {
   "type": "Feature",
   "properties": {
    "id": "28ae6756-4057-4ddc-850c-04d2d65e7885",
    "name": null,
    "overture_height": 14.9,
    "num_floors": null,
    "building_class": null,
    "final_height": 14.9,
    "source_height": "overture",
    "dist_m": 135,
    "centroid": [
     -97.745372,
     30.288881
    ]
   },
   "geometry": {
    "type": "Polygon",
    "coordinates": [
     [
      [
       -97.744831,
       30.288937
      ],
      [
       -97.744856,
       30.288938
      ],
      [
       -97.744857,
       30.288927
      ],
      [
       -97.744919,
       30.288931
      ],
      [
       -97.744918,
       30.288943
      ],
      [
       -97.745005,
       30.288948
      ],
      [
       -97.745005,
       30.288937
      ],
      [
       -97.745043,
       30.288939
      ],
      [
       -97.745044,
       30.288921
      ],
      [
       -97.745116,
       30.288925
      ],
      [
       -97.745113,
       30.288956
      ],
      [
       -97.745105,
       30.288956
      ],
      [
       -97.7451,
       30.289014
      ],
      [
       -97.745093,
       30.289014
      ],
      [
       -97.745091,
       30.289037
      ],
      [
       -97.745043,
       30.289034
      ],
      [
       -97.745035,
       30.289145
      ],
      [
       -97.745128,
       30.28915
      ],
      [
       -97.745127,
       30.289163
      ],
      [
       -97.745255,
       30.28917
      ],
      [
       -97.745255,
       30.28916
      ],
      [
       -97.745454,
       30.289171
      ],
      [
       -97.745453,
       30.289185
      ],
      [
       -97.74558,
       30.289192
      ],
      [
       -97.74558,
       30.289181
      ],
      [
       -97.745674,
       30.289186
      ],
      [
       -97.745681,
       30.289087
      ],
      [
       -97.745673,
       30.289087
      ],
      [
       -97.745674,
       30.289068
      ],
      [
       -97.745665,
       30.289067
      ],
      [
       -97.745667,
       30.289045
      ],
      [
       -97.745641,
       30.289044
      ],
      [
       -97.745647,
       30.28896
      ],
      [
       -97.745695,
       30.288963
      ],
      [
       -97.7457,
       30.28889
      ],
      [
       -97.745758,
       30.288894
      ],
      [
       -97.745762,
       30.288838
      ],
      [
       -97.746074,
       30.288855
      ],
      [
       -97.74608,
       30.288775
      ],
      [
       -97.746096,
       30.288776
      ],
      [
       -97.746104,
       30.288665
      ],
      [
       -97.746091,
       30.288665
      ],
      [
       -97.746104,
       30.288494
      ],
      [
       -97.746121,
       30.288495
      ],
      [
       -97.746129,
       30.288384
      ],
      [
       -97.746116,
       30.288383
      ],
      [
       -97.746119,
       30.288336
      ],
      [
       -97.746125,
       30.288336
      ],
      [
       -97.746128,
       30.288297
      ],
      [
       -97.74572,
       30.288274
      ],
      [
       -97.745711,
       30.288356
      ],
      [
       -97.745729,
       30.288357
      ],
      [
       -97.745719,
       30.288467
      ],
      [
       -97.745733,
       30.288468
      ],
      [
       -97.745717,
       30.288639
      ],
      [
       -97.745705,
       30.288639
      ],
      [
       -97.745695,
       30.288749
      ],
      [
       -97.745678,
       30.288748
      ],
      [
       -97.74567,
       30.288845
      ],
      [
       -97.744742,
       30.288783
      ],
      [
       -97.744732,
       30.288917
      ],
      [
       -97.744768,
       30.288919
      ],
      [
       -97.744767,
       30.288932
      ],
      [
       -97.744792,
       30.288934
      ],
      [
       -97.744786,
       30.289019
      ],
      [
       -97.744803,
       30.28902
      ],
      [
       -97.744801,
       30.28904
      ],
      [
       -97.744784,
       30.289039
      ],
      [
       -97.74478,
       30.289099
      ],
      [
       -97.74493,
       30.289108
      ],
      [
       -97.744932,
       30.289076
      ],
      [
       -97.74495,
       30.289077
      ],
      [
       -97.744956,
       30.289
      ],
      [
       -97.744941,
       30.288999
      ],
      [
       -97.744943,
       30.288967
      ],
      [
       -97.744829,
       30.28896
      ],
      [
       -97.744831,
       30.288937
      ]
     ],
     [
      [
       -97.745976,
       30.288394
      ],
      [
       -97.74597,
       30.288464
      ],
      [
       -97.745951,
       30.288463
      ],
      [
       -97.745948,
       30.288496
      ],
      [
       -97.745879,
       30.288492
      ],
      [
       -97.745882,
       30.288457
      ],
      [
       -97.745863,
       30.288456
      ],
      [
       -97.745869,
       30.288387
      ],
      [
       -97.745976,
       30.288394
      ]
     ],
     [
      [
       -97.745966,
       30.288572
      ],
      [
       -97.745961,
       30.288628
      ],
      [
       -97.745852,
       30.288621
      ],
      [
       -97.745862,
       30.288514
      ],
      [
       -97.745967,
       30.288522
      ],
      [
       -97.745963,
       30.288572
      ],
      [
       -97.745966,
       30.288572
      ]
     ],
     [
      [
       -97.74595,
       30.288684
      ],
      [
       -97.745945,
       30.288754
      ],
      [
       -97.745839,
       30.288748
      ],
      [
       -97.745844,
       30.288677
      ],
      [
       -97.745863,
       30.288678
      ],
      [
       -97.745865,
       30.288642
      ],
      [
       -97.745931,
       30.288645
      ],
      [
       -97.745928,
       30.288683
      ],
      [
       -97.74595,
       30.288684
      ]
     ],
     [
      [
       -97.745168,
       30.289027
      ],
      [
       -97.745173,
       30.289027
      ],
      [
       -97.745179,
       30.288961
      ],
      [
       -97.745174,
       30.288961
      ],
      [
       -97.745175,
       30.288948
      ],
      [
       -97.745251,
       30.288954
      ],
      [
       -97.745249,
       30.28897
      ],
      [
       -97.745278,
       30.288972
      ],
      [
       -97.745275,
       30.289028
      ],
      [
       -97.745246,
       30.289027
      ],
      [
       -97.745244,
       30.289046
      ],
      [
       -97.745167,
       30.28904
      ],
      [
       -97.745168,
       30.289027
      ]
     ],
     [
      [
       -97.745292,
       30.289049
      ],
      [
       -97.745293,
       30.289031
      ],
      [
       -97.745288,
       30.289031
      ],
      [
       -97.745291,
       30.288974
      ],
      [
       -97.745298,
       30.288974
      ],
      [
       -97.745299,
       30.288956
      ],
      [
       -97.745436,
       30.288962
      ],
      [
       -97.745431,
       30.289055
      ],
      [
       -97.745292,
       30.289049
      ]
     ],
     [
      [
       -97.745585,
       30.288975
      ],
      [
       -97.745578,
       30.289054
      ],
      [
       -97.745491,
       30.289047
      ],
      [
       -97.745492,
       30.289045
      ],
      [
       -97.745458,
       30.289042
      ],
      [
       -97.745464,
       30.288983
      ],
      [
       -97.745507,
       30.288986
      ],
      [
       -97.745509,
       30.288969
      ],
      [
       -97.745585,
       30.288975
      ]
     ]
    ]
   }
  },
  {
   "type": "Feature",
   "properties": {
    "id": "59948b7e-4da6-4f97-ab48-bf86d4444ea8",
    "name": null,
    "overture_height": 14.38965892791748,
    "num_floors": 10,
    "building_class": "parking",
    "final_height": 14.4,
    "source_height": "overture",
    "dist_m": 135,
    "centroid": [
     -97.745388,
     30.286487
    ]
   },
   "geometry": {
    "type": "Polygon",
    "coordinates": [
     [
      [
       -97.7450606,
       30.2865225
      ],
      [
       -97.7450591,
       30.2865649
      ],
      [
       -97.7450539,
       30.2866288
      ],
      [
       -97.7451579,
       30.2866371
      ],
      [
       -97.7453427,
       30.2866481
      ],
      [
       -97.746295,
       30.2867115
      ],
      [
       -97.7463222,
       30.2864046
      ],
      [
       -97.7454725,
       30.2863454
      ],
      [
       -97.7454348,
       30.2863428
      ],
      [
       -97.7453772,
       30.2863391
      ],
      [
       -97.7453325,
       30.286337
      ],
      [
       -97.7450775,
       30.2863211
      ],
      [
       -97.7450606,
       30.2865225
      ]
     ]
    ]
   }
  },
  {
   "type": "Feature",
   "properties": {
    "id": "24e04326-a7f3-42cc-bad0-76c3427e389c",
    "name": null,
    "overture_height": 36.6,
    "num_floors": null,
    "building_class": "apartments",
    "final_height": 36.6,
    "source_height": "overture",
    "dist_m": 149,
    "centroid": [
     -97.745136,
     30.28634
    ]
   },
   "geometry": {
    "type": "Polygon",
    "coordinates": [
     [
      [
       -97.7450775,
       30.2863211
      ],
      [
       -97.7453325,
       30.286337
      ],
      [
       -97.745337,
       30.2862833
      ],
      [
       -97.7452737,
       30.2862793
      ],
      [
       -97.7452751,
       30.2862618
      ],
      [
       -97.7452444,
       30.2862599
      ],
      [
       -97.745245,
       30.2862529
      ],
      [
       -97.7451116,
       30.2862445
      ],
      [
       -97.7451112,
       30.2862489
      ],
      [
       -97.7449559,
       30.2862391
      ],
      [
       -97.7449334,
       30.2865048
      ],
      [
       -97.7450019,
       30.2865092
      ],
      [
       -97.7450011,
       30.2865188
      ],
      [
       -97.7450606,
       30.2865225
      ],
      [
       -97.7450775,
       30.2863211
      ]
     ]
    ]
   }
  },
  {
   "type": "Feature",
   "properties": {
    "id": "12d10e75-54ac-4f1e-81b3-f8a9c59acb51",
    "name": null,
    "overture_height": 9.9,
    "num_floors": null,
    "building_class": null,
    "final_height": 9.9,
    "source_height": "overture",
    "dist_m": 151,
    "centroid": [
     -97.746419,
     30.288487
    ]
   },
   "geometry": {
    "type": "Polygon",
    "coordinates": [
     [
      [
       -97.746214,
       30.288574
      ],
      [
       -97.7462,
       30.28874
      ],
      [
       -97.74632,
       30.288748
      ],
      [
       -97.746319,
       30.288757
      ],
      [
       -97.746458,
       30.288766
      ],
      [
       -97.746459,
       30.288756
      ],
      [
       -97.746531,
       30.288761
      ],
      [
       -97.74654,
       30.288656
      ],
      [
       -97.746469,
       30.288651
      ],
      [
       -97.746477,
       30.288555
      ],
      [
       -97.746504,
       30.288556
      ],
      [
       -97.746515,
       30.288431
      ],
      [
       -97.746547,
       30.288433
      ],
      [
       -97.746553,
       30.288355
      ],
      [
       -97.746504,
       30.288352
      ],
      [
       -97.746507,
       30.288316
      ],
      [
       -97.74655,
       30.288319
      ],
      [
       -97.746558,
       30.288227
      ],
      [
       -97.746523,
       30.288225
      ],
      [
       -97.746522,
       30.288238
      ],
      [
       -97.746499,
       30.288237
      ],
      [
       -97.746499,
       30.288232
      ],
      [
       -97.746413,
       30.288227
      ],
      [
       -97.746411,
       30.288252
      ],
      [
       -97.746317,
       30.288246
      ],
      [
       -97.746288,
       30.288585
      ],
      [
       -97.746291,
       30.288586
      ],
      [
       -97.74629,
       30.288592
      ],
      [
       -97.746244,
       30.288589
      ],
      [
       -97.746245,
       30.288576
      ],
      [
       -97.746214,
       30.288574
      ]
     ]
    ]
   }
  },
  {
   "type": "Feature",
   "properties": {
    "id": "8f3cb88c-26fa-42be-941e-7aa999cf452f",
    "name": null,
    "overture_height": 21.7,
    "num_floors": null,
    "building_class": null,
    "final_height": 21.7,
    "source_height": "overture",
    "dist_m": 157,
    "centroid": [
     -97.746797,
     30.287716
    ]
   },
   "geometry": {
    "type": "Polygon",
    "coordinates": [
     [
      [
       -97.7468298,
       30.2875127
      ],
      [
       -97.7466359,
       30.2874978
      ],
      [
       -97.7466009,
       30.2878376
      ],
      [
       -97.7465945,
       30.2878371
      ],
      [
       -97.7465777,
       30.2879927
      ],
      [
       -97.7468638,
       30.2880158
      ],
      [
       -97.7468802,
       30.287865
      ],
      [
       -97.7468691,
       30.2878641
      ],
      [
       -97.7468749,
       30.2878096
      ],
      [
       -97.7468593,
       30.2878084
      ],
      [
       -97.7468823,
       30.2875872
      ],
      [
       -97.7469061,
       30.2875891
      ],
      [
       -97.7469146,
       30.2875074
      ],
      [
       -97.746831,
       30.2875009
      ],
      [
       -97.7468298,
       30.2875127
      ]
     ]
    ]
   }
  },
  {
   "type": "Feature",
   "properties": {
    "id": "7a5984d8-919c-405c-afe5-cd31ba969b63",
    "name": "Twenty Two 15",
    "overture_height": 27.3,
    "num_floors": 8,
    "building_class": "apartments",
    "final_height": 27.3,
    "source_height": "overture",
    "dist_m": 161,
    "centroid": [
     -97.744563,
     30.286325
    ]
   },
   "geometry": {
    "type": "Polygon",
    "coordinates": [
     [
      [
       -97.744623,
       30.286243
      ],
      [
       -97.744725,
       30.286251
      ],
      [
       -97.744747,
       30.286035
      ],
      [
       -97.744393,
       30.286009
      ],
      [
       -97.74434,
       30.286535
      ],
      [
       -97.744328,
       30.286534
      ],
      [
       -97.744326,
       30.286558
      ],
      [
       -97.744696,
       30.286586
      ],
      [
       -97.74472,
       30.286351
      ],
      [
       -97.744615,
       30.286343
      ],
      [
       -97.744608,
       30.28641
      ],
      [
       -97.744525,
       30.286404
      ],
      [
       -97.744547,
       30.286184
      ],
      [
       -97.744629,
       30.286191
      ],
      [
       -97.744623,
       30.286243
      ]
     ]
    ]
   }
  },
  {
   "type": "Feature",
   "properties": {
    "id": "8d78646f-e415-40fa-9fc7-4501bdd3933b",
    "name": null,
    "overture_height": 30.2,
    "num_floors": null,
    "building_class": "apartments",
    "final_height": 30.2,
    "source_height": "overture",
    "dist_m": 162,
    "centroid": [
     -97.745815,
     30.28634
    ]
   },
   "geometry": {
    "type": "Polygon",
    "coordinates": [
     [
      [
       -97.7454725,
       30.2863454
      ],
      [
       -97.7463222,
       30.2864046
      ],
      [
       -97.7463283,
       30.2863306
      ],
      [
       -97.7454784,
       30.2862726
      ],
      [
       -97.7454725,
       30.2863454
      ]
     ]
    ]
   }
  },
  {
   "type": "Feature",
   "properties": {
    "id": "3741a735-eb19-4356-a691-e8181eaf2f3f",
    "name": null,
    "overture_height": 3.9,
    "num_floors": null,
    "building_class": null,
    "final_height": 3.9,
    "source_height": "overture",
    "dist_m": 164,
    "centroid": [
     -97.746189,
     30.288854
    ]
   },
   "geometry": {
    "type": "Polygon",
    "coordinates": [
     [
      [
       -97.746212,
       30.288876
      ],
      [
       -97.746217,
       30.288826
      ],
      [
       -97.746154,
       30.288821
      ],
      [
       -97.746149,
       30.288872
      ],
      [
       -97.746212,
       30.288876
      ]
     ]
    ]
   }
  },
  {
   "type": "Feature",
   "properties": {
    "id": "814e59c4-530f-4bf2-836e-2d1d01814027",
    "name": "Delta Gamma",
    "overture_height": 12.5,
    "num_floors": null,
    "building_class": null,
    "final_height": 12.5,
    "source_height": "overture",
    "dist_m": 165,
    "centroid": [
     -97.744287,
     30.288955
    ]
   },
   "geometry": {
    "type": "Polygon",
    "coordinates": [
     [
      [
       -97.7444217,
       30.2887131
      ],
      [
       -97.7443034,
       30.2887039
      ],
      [
       -97.7442796,
       30.2889327
      ],
      [
       -97.7440885,
       30.2889178
      ],
      [
       -97.7440782,
       30.2890167
      ],
      [
       -97.7440637,
       30.2890156
      ],
      [
       -97.7440603,
       30.2890489
      ],
      [
       -97.7440332,
       30.2890468
      ],
      [
       -97.7440225,
       30.2891501
      ],
      [
       -97.7443804,
       30.2891779
      ],
      [
       -97.744395,
       30.2890375
      ],
      [
       -97.744424,
       30.2890397
      ],
      [
       -97.7444278,
       30.2890028
      ],
      [
       -97.744398,
       30.2890004
      ],
      [
       -97.7444039,
       30.2889436
      ],
      [
       -97.7444213,
       30.288945
      ],
      [
       -97.7444295,
       30.2888662
      ],
      [
       -97.744406,
       30.2888644
      ],
      [
       -97.7444217,
       30.2887131
      ]
     ]
    ]
   }
  },
  {
   "type": "Feature",
   "properties": {
    "id": "a1f38532-8da5-4e45-b2bf-d0dba397e61d",
    "name": null,
    "overture_height": 5.8,
    "num_floors": null,
    "building_class": null,
    "final_height": 5.8,
    "source_height": "overture",
    "dist_m": 165,
    "centroid": [
     -97.744215,
     30.286446
    ]
   },
   "geometry": {
    "type": "Polygon",
    "coordinates": [
     [
      [
       -97.744178,
       30.286484
      ],
      [
       -97.744263,
       30.286488
      ],
      [
       -97.744269,
       30.28639
      ],
      [
       -97.744185,
       30.286386
      ],
      [
       -97.744178,
       30.286484
      ]
     ]
    ]
   }
  },
  {
   "type": "Feature",
   "properties": {
    "id": "df278986-012c-47f9-850c-c4aab874ac91",
    "name": null,
    "overture_height": 25.3,
    "num_floors": null,
    "building_class": null,
    "final_height": 25.3,
    "source_height": "overture",
    "dist_m": 167,
    "centroid": [
     -97.746745,
     30.28706
    ]
   },
   "geometry": {
    "type": "Polygon",
    "coordinates": [
     [
      [
       -97.7464795,
       30.287002
      ],
      [
       -97.7464765,
       30.287035
      ],
      [
       -97.7464695,
       30.287034
      ],
      [
       -97.7464615,
       30.287107
      ],
      [
       -97.7464665,
       30.287108
      ],
      [
       -97.7464525,
       30.287239
      ],
      [
       -97.7465955,
       30.28725
      ],
      [
       -97.7465965,
       30.287236
      ],
      [
       -97.7466195,
       30.287238
      ],
      [
       -97.7466185,
       30.287247
      ],
      [
       -97.7466265,
       30.287248
      ],
      [
       -97.7466265,
       30.28725
      ],
      [
       -97.7466555,
       30.287253
      ],
      [
       -97.7466565,
       30.28725
      ],
      [
       -97.7466705,
       30.287251
      ],
      [
       -97.7466715,
       30.287247
      ],
      [
       -97.7467305,
       30.287252
      ],
      [
       -97.7467305,
       30.287254
      ],
      [
       -97.7467365,
       30.287255
      ],
      [
       -97.7467365,
       30.287258
      ],
      [
       -97.7467675,
       30.28726
      ],
      [
       -97.7467675,
       30.287257
      ],
      [
       -97.7467825,
       30.287258
      ],
      [
       -97.7467835,
       30.287248
      ],
      [
       -97.7468025,
       30.28725
      ],
      [
       -97.7468005,
       30.287263
      ],
      [
       -97.7469565,
       30.287276
      ],
      [
       -97.7469655,
       30.287191
      ],
      [
       -97.7469465,
       30.287189
      ],
      [
       -97.7469505,
       30.287154
      ],
      [
       -97.7469615,
       30.287155
      ],
      [
       -97.7469665,
       30.28711
      ],
      [
       -97.7469615,
       30.287109
      ],
      [
       -97.7469645,
       30.287088
      ],
      [
       -97.7469695,
       30.287089
      ],
      [
       -97.7469835,
       30.286962
      ],
      [
       -97.7469765,
       30.286962
      ],
      [
       -97.7469785,
       30.286943
      ],
      [
       -97.7469825,
       30.286943
      ],
      [
       -97.7469875,
       30.286897
      ],
      [
       -97.7469745,
       30.286896
      ],
      [
       -97.7469785,
       30.286857
      ],
      [
       -97.7470125,
       30.28686
      ],
      [
       -97.7470195,
       30.286792
      ],
      [
       -97.7469745,
       30.286789
      ],
      [
       -97.7469725,
       30.286805
      ],
      [
       -97.7469375,
       30.286802
      ],
      [
       -97.7469395,
       30.286783
      ],
      [
       -97.7468585,
       30.286776
      ],
      [
       -97.7468585,
       30.286771
      ],
      [
       -97.7465655,
       30.286749
      ],
      [
       -97.7465595,
       30.2868
      ],
      [
       -97.7465025,
       30.286796
      ],
      [
       -97.7464945,
       30.28687
      ],
      [
       -97.7465055,
       30.286871
      ],
      [
       -97.7465005,
       30.286918
      ],
      [
       -97.7464905,
       30.286917
      ],
      [
       -97.7464825,
       30.286987
      ],
      [
       -97.7464965,
       30.286988
      ],
      [
       -97.7464945,
       30.287004
      ],
      [
       -97.7464795,
       30.287002
      ]
     ],
     [
      [
       -97.7466695,
       30.287016
      ],
      [
       -97.7466755,
       30.287016
      ],
      [
       -97.7466805,
       30.286964
      ],
      [
       -97.7468705,
       30.286975
      ],
      [
       -97.7468615,
       30.28709
      ],
      [
       -97.7466765,
       30.28708
      ],
      [
       -97.7466655,
       30.287067
      ],
      [
       -97.7466695,
       30.287016
      ]
     ]
    ]
   }
  },
  {
   "type": "Feature",
   "properties": {
    "id": "464ea7e5-3515-421e-9947-68a62168a5ce",
    "name": "Seneca Falls Cooperative",
    "overture_height": 9.4,
    "num_floors": null,
    "building_class": null,
    "final_height": 9.4,
    "source_height": "overture",
    "dist_m": 169,
    "centroid": [
     -97.74351,
     30.287164
    ]
   },
   "geometry": {
    "type": "Polygon",
    "coordinates": [
     [
      [
       -97.7435863,
       30.2872201
      ],
      [
       -97.7436031,
       30.287101
      ],
      [
       -97.7433954,
       30.2870792
      ],
      [
       -97.7433786,
       30.2871983
      ],
      [
       -97.7435863,
       30.2872201
      ]
     ]
    ]
   }
  },
  {
   "type": "Feature",
   "properties": {
    "id": "01b885c4-03ff-45d4-b394-707735cb6958",
    "name": "2400 Nueces",
    "overture_height": 21.172273635864258,
    "num_floors": 16,
    "building_class": "apartments",
    "final_height": 21.2,
    "source_height": "overture",
    "dist_m": 170,
    "centroid": [
     -97.743505,
     30.288211
    ]
   },
   "geometry": {
    "type": "Polygon",
    "coordinates": [
     [
      [
       -97.7437393,
       30.2880715
      ],
      [
       -97.7437492,
       30.2879797
      ],
      [
       -97.7432616,
       30.2879402
      ],
      [
       -97.7432518,
       30.2880299
      ],
      [
       -97.7432033,
       30.288026
      ],
      [
       -97.7431161,
       30.2888269
      ],
      [
       -97.7436967,
       30.288874
      ],
      [
       -97.7437836,
       30.2880751
      ],
      [
       -97.7437393,
       30.2880715
      ]
     ]
    ]
   }
  },
  {
   "type": "Feature",
   "properties": {
    "id": "8bae3823-e8ee-4653-bc86-c99d234da230",
    "name": null,
    "overture_height": 11.9,
    "num_floors": 2,
    "building_class": "apartments",
    "final_height": 11.9,
    "source_height": "overture",
    "dist_m": 171,
    "centroid": [
     -97.744849,
     30.28919
    ]
   },
   "geometry": {
    "type": "Polygon",
    "coordinates": [
     [
      [
       -97.744834,
       30.289122
      ],
      [
       -97.744749,
       30.289118
      ],
      [
       -97.744742,
       30.289231
      ],
      [
       -97.744823,
       30.289234
      ],
      [
       -97.744822,
       30.289249
      ],
      [
       -97.74486,
       30.289251
      ],
      [
       -97.744859,
       30.289243
      ],
      [
       -97.744986,
       30.289249
      ],
      [
       -97.744993,
       30.289141
      ],
      [
       -97.744834,
       30.289133
      ],
      [
       -97.744834,
       30.289122
      ]
     ]
    ]
   }
  },
  {
   "type": "Feature",
   "properties": {
    "id": "aa46eb11-85ba-45d3-be5f-c6da1b33dbd4",
    "name": null,
    "overture_height": 13.5,
    "num_floors": null,
    "building_class": null,
    "final_height": 13.5,
    "source_height": "overture",
    "dist_m": 171,
    "centroid": [
     -97.743433,
     30.287325
    ]
   },
   "geometry": {
    "type": "Polygon",
    "coordinates": [
     [
      [
       -97.7434463,
       30.2872539
      ],
      [
       -97.743445,
       30.2872654
      ],
      [
       -97.7433906,
       30.2872609
      ],
      [
       -97.7433918,
       30.2872497
      ],
      [
       -97.7432691,
       30.2872396
      ],
      [
       -97.7432521,
       30.2873934
      ],
      [
       -97.743378,
       30.2874038
      ],
      [
       -97.7433793,
       30.2873924
      ],
      [
       -97.7434322,
       30.2873968
      ],
      [
       -97.7434311,
       30.287407
      ],
      [
       -97.7435192,
       30.2874142
      ],
      [
       -97.7435241,
       30.28737
      ],
      [
       -97.7434913,
       30.2873673
      ],
      [
       -97.743499,
       30.2872973
      ],
      [
       -97.743531,
       30.2872999
      ],
      [
       -97.7435353,
       30.2872613
      ],
      [
       -97.7434463,
       30.2872539
      ]
     ],
     [
      [
       -97.7433699,
       30.2873051
      ],
      [
       -97.7434274,
       30.2873091
      ],
      [
       -97.7434239,
       30.2873481
      ],
      [
       -97.7433664,
       30.2873441
      ],
      [
       -97.7433699,
       30.2873051
      ]
     ]
    ]
   }
  },
  {
   "type": "Feature",
   "properties": {
    "id": "779d7a4b-4576-4c40-b929-78c3981647b6",
    "name": "Kappa Delta",
    "overture_height": 8.2,
    "num_floors": null,
    "building_class": null,
    "final_height": 8.2,
    "source_height": "overture",
    "dist_m": 171,
    "centroid": [
     -97.743383,
     30.287627
    ]
   },
   "geometry": {
    "type": "Polygon",
    "coordinates": [
     [
      [
       -97.7431981,
       30.2877135
      ],
      [
       -97.7434996,
       30.2877359
      ],
      [
       -97.7435056,
       30.2876762
      ],
      [
       -97.7435146,
       30.2876769
      ],
      [
       -97.7435372,
       30.2874494
      ],
      [
       -97.7432266,
       30.2874264
      ],
      [
       -97.7431981,
       30.2877135
      ]
     ]
    ]
   }
  },
  {
   "type": "Feature",
   "properties": {
    "id": "c6b9e147-4461-40da-9ca4-40c6ff14ec11",
    "name": null,
    "overture_height": 11.7,
    "num_floors": null,
    "building_class": null,
    "final_height": 11.7,
    "source_height": "overture",
    "dist_m": 176,
    "centroid": [
     -97.744006,
     30.28645
    ]
   },
   "geometry": {
    "type": "Polygon",
    "coordinates": [
     [
      [
       -97.74409,
       30.286379
      ],
      [
       -97.743971,
       30.286372
      ],
      [
       -97.743971,
       30.286375
      ],
      [
       -97.743949,
       30.286373
      ],
      [
       -97.743944,
       30.286437
      ],
      [
       -97.743941,
       30.286436
      ],
      [
       -97.743936,
       30.286492
      ],
      [
       -97.743953,
       30.286493
      ],
      [
       -97.743953,
       30.286489
      ],
      [
       -97.74398,
       30.286491
      ],
      [
       -97.743979,
       30.286495
      ],
      [
       -97.744008,
       30.286497
      ],
      [
       -97.744009,
       30.286494
      ],
      [
       -97.744033,
       30.286495
      ],
      [
       -97.744033,
       30.286498
      ],
      [
       -97.744092,
       30.286501
      ],
      [
       -97.744098,
       30.286428
      ],
      [
       -97.744086,
       30.286427
      ],
      [
       -97.74409,
       30.286379
      ]
     ]
    ]
   }
  },
  {
   "type": "Feature",
   "properties": {
    "id": "6d8f3d61-7cd5-49a8-b3f5-4cf05af07fd3",
    "name": "Arab Cowboy",
    "overture_height": 8.0,
    "num_floors": null,
    "building_class": null,
    "final_height": 8.0,
    "source_height": "overture",
    "dist_m": 177,
    "centroid": [
     -97.746983,
     30.287884
    ]
   },
   "geometry": {
    "type": "Polygon",
    "coordinates": [
     [
      [
       -97.7470235,
       30.287856
      ],
      [
       -97.7470255,
       30.287827
      ],
      [
       -97.7469235,
       30.287821
      ],
      [
       -97.7469205,
       30.28785
      ],
      [
       -97.7469295,
       30.287851
      ],
      [
       -97.7469155,
       30.288016
      ],
      [
       -97.7470365,
       30.288024
      ],
      [
       -97.7470485,
       30.287858
      ],
      [
       -97.7470235,
       30.287856
      ]
     ]
    ]
   }
  },
  {
   "type": "Feature",
   "properties": {
    "id": "33a0d12c-34be-406e-92f6-ea197fd7f5f3",
    "name": null,
    "overture_height": 7.4,
    "num_floors": null,
    "building_class": null,
    "final_height": 7.4,
    "source_height": "overture",
    "dist_m": 182,
    "centroid": [
     -97.744237,
     30.286249
    ]
   },
   "geometry": {
    "type": "Polygon",
    "coordinates": [
     [
      [
       -97.744265,
       30.286299
      ],
      [
       -97.744277,
       30.28618
      ],
      [
       -97.744195,
       30.286176
      ],
      [
       -97.744182,
       30.286293
      ],
      [
       -97.744265,
       30.286299
      ]
     ]
    ]
   }
  },
  {
   "type": "Feature",
   "properties": {
    "id": "45f31ee0-4d80-494c-a7e6-24a933ea51f0",
    "name": "New Guild Cooperative",
    "overture_height": 12.3,
    "num_floors": null,
    "building_class": null,
    "final_height": 12.3,
    "source_height": "overture",
    "dist_m": 184,
    "centroid": [
     -97.743494,
     30.286863
    ]
   },
   "geometry": {
    "type": "Polygon",
    "coordinates": [
     [
      [
       -97.743404,
       30.286939
      ],
      [
       -97.743386,
       30.286938
      ],
      [
       -97.743382,
       30.286937
      ],
      [
       -97.743376,
       30.287006
      ],
      [
       -97.743429,
       30.287009
      ],
      [
       -97.743428,
       30.287014
      ],
      [
       -97.743575,
       30.287023
      ],
      [
       -97.743582,
       30.286945
      ],
      [
       -97.743436,
       30.286936
      ],
      [
       -97.743441,
       30.286873
      ],
      [
       -97.743486,
       30.286876
      ],
      [
       -97.743487,
       30.286865
      ],
      [
       -97.743513,
       30.286867
      ],
      [
       -97.743512,
       30.286877
      ],
      [
       -97.743567,
       30.28688
      ],
      [
       -97.743565,
       30.286897
      ],
      [
       -97.743616,
       30.2869
      ],
      [
       -97.743621,
       30.286839
      ],
      [
       -97.743569,
       30.286836
      ],
      [
       -97.743573,
       30.28679
      ],
      [
       -97.743586,
       30.286791
      ],
      [
       -97.743591,
       30.286724
      ],
      [
       -97.743577,
       30.286724
      ],
      [
       -97.74358,
       30.286697
      ],
      [
       -97.743497,
       30.286692
      ],
      [
       -97.743496,
       30.286704
      ],
      [
       -97.743443,
       30.286701
      ],
      [
       -97.743431,
       30.286843
      ],
      [
       -97.74342,
       30.286842
      ],
      [
       -97.743419,
       30.286854
      ],
      [
       -97.743412,
       30.286853
      ],
      [
       -97.743404,
       30.286939
      ]
     ]
    ]
   }
  },
  {
   "type": "Feature",
   "properties": {
    "id": "56c489d8-7d07-4c8f-8883-f297b2c91f67",
    "name": null,
    "overture_height": 10.8,
    "num_floors": null,
    "building_class": null,
    "final_height": 10.8,
    "source_height": "overture",
    "dist_m": 188,
    "centroid": [
     -97.746688,
     30.286625
    ]
   },
   "geometry": {
    "type": "Polygon",
    "coordinates": [
     [
      [
       -97.7467285,
       30.286578
      ],
      [
       -97.7465565,
       30.286566
      ],
      [
       -97.7465535,
       30.286601
      ],
      [
       -97.7465275,
       30.286599
      ],
      [
       -97.7465245,
       30.286634
      ],
      [
       -97.7465495,
       30.286636
      ],
      [
       -97.7465465,
       30.28667
      ],
      [
       -97.7466705,
       30.286679
      ],
      [
       -97.7466715,
       30.286669
      ],
      [
       -97.7467175,
       30.286672
      ],
      [
       -97.7467165,
       30.286681
      ],
      [
       -97.7467975,
       30.286687
      ],
      [
       -97.7468015,
       30.286646
      ],
      [
       -97.7468255,
       30.286648
      ],
      [
       -97.7468315,
       30.28659
      ],
      [
       -97.7467985,
       30.286588
      ],
      [
       -97.7467995,
       30.286575
      ],
      [
       -97.7467295,
       30.28657
      ],
      [
       -97.7467285,
       30.286578
      ]
     ]
    ]
   }
  },
  {
   "type": "Feature",
   "properties": {
    "id": "619cb351-eb5c-493b-ae46-815a07a95537",
    "name": null,
    "overture_height": 14.3,
    "num_floors": null,
    "building_class": "apartments",
    "final_height": 14.3,
    "source_height": "overture",
    "dist_m": 189,
    "centroid": [
     -97.74615,
     30.289151
    ]
   },
   "geometry": {
    "type": "Polygon",
    "coordinates": [
     [
      [
       -97.745916,
       30.289253
      ],
      [
       -97.745917,
       30.289235
      ],
      [
       -97.745937,
       30.289236
      ],
      [
       -97.74594,
       30.289186
      ],
      [
       -97.746039,
       30.289191
      ],
      [
       -97.746035,
       30.28925
      ],
      [
       -97.746054,
       30.289251
      ],
      [
       -97.746054,
       30.289265
      ],
      [
       -97.746227,
       30.289273
      ],
      [
       -97.746228,
       30.289255
      ],
      [
       -97.746246,
       30.289256
      ],
      [
       -97.746249,
       30.289206
      ],
      [
       -97.746272,
       30.289207
      ],
      [
       -97.74627,
       30.289233
      ],
      [
       -97.746328,
       30.289236
      ],
      [
       -97.74633,
       30.289211
      ],
      [
       -97.746343,
       30.289211
      ],
      [
       -97.746339,
       30.28927
      ],
      [
       -97.746356,
       30.289271
      ],
      [
       -97.746355,
       30.289284
      ],
      [
       -97.746529,
       30.289293
      ],
      [
       -97.74653,
       30.289272
      ],
      [
       -97.746552,
       30.289273
      ],
      [
       -97.746562,
       30.289114
      ],
      [
       -97.746524,
       30.289112
      ],
      [
       -97.746525,
       30.289087
      ],
      [
       -97.746567,
       30.289089
      ],
      [
       -97.746578,
       30.288921
      ],
      [
       -97.74656,
       30.28892
      ],
      [
       -97.746561,
       30.288909
      ],
      [
       -97.746545,
       30.288909
      ],
      [
       -97.746545,
       30.288902
      ],
      [
       -97.746169,
       30.288883
      ],
      [
       -97.746157,
       30.289075
      ],
      [
       -97.746089,
       30.289072
      ],
      [
       -97.746088,
       30.289083
      ],
      [
       -97.746049,
       30.289081
      ],
      [
       -97.746043,
       30.289162
      ],
      [
       -97.746022,
       30.289161
      ],
      [
       -97.746023,
       30.289152
      ],
      [
       -97.745964,
       30.289149
      ],
      [
       -97.745963,
       30.289156
      ],
      [
       -97.745945,
       30.289155
      ],
      [
       -97.74595,
       30.289074
      ],
      [
       -97.745932,
       30.289074
      ],
      [
       -97.745933,
       30.289061
      ],
      [
       -97.745878,
       30.289058
      ],
      [
       -97.745879,
       30.289044
      ],
      [
       -97.745841,
       30.289042
      ],
      [
       -97.745835,
       30.289137
      ],
      [
       -97.745812,
       30.289136
      ],
      [
       -97.745809,
       30.289186
      ],
      [
       -97.745831,
       30.289187
      ],
      [
       -97.745829,
       30.289207
      ],
      [
       -97.745801,
       30.289205
      ],
      [
       -97.745798,
       30.289247
      ],
      [
       -97.745916,
       30.289253
      ]
     ],
     [
      [
       -97.746361,
       30.288964
      ],
      [
       -97.746262,
       30.288958
      ],
      [
       -97.746263,
       30.288949
      ],
      [
       -97.746272,
       30.288949
      ],
      [
       -97.746276,
       30.288902
      ],
      [
       -97.746365,
       30.288908
      ],
      [
       -97.746361,
       30.288964
      ]
     ],
     [
      [
       -97.746217,
       30.289093
      ],
      [
       -97.746219,
       30.289069
      ],
      [
       -97.746259,
       30.289072
      ],
      [
       -97.746265,
       30.288992
      ],
      [
       -97.74628,
       30.288993
      ],
      [
       -97.74628,
       30.288999
      ],
      [
       -97.746341,
       30.289003
      ],
      [
       -97.746341,
       30.288995
      ],
      [
       -97.746356,
       30.288996
      ],
      [
       -97.74635,
       30.289076
      ],
      [
       -97.746388,
       30.289078
      ],
      [
       -97.746387,
       30.289104
      ],
      [
       -97.746349,
       30.289102
      ],
      [
       -97.746343,
       30.28918
      ],
      [
       -97.746327,
       30.28918
      ],
      [
       -97.746327,
       30.289173
      ],
      [
       -97.746267,
       30.28917
      ],
      [
       -97.746267,
       30.289176
      ],
      [
       -97.746243,
       30.289175
      ],
      [
       -97.746244,
       30.289164
      ],
      [
       -97.74625,
       30.289164
      ],
      [
       -97.746255,
       30.289095
      ],
      [
       -97.746217,
       30.289093
      ]
     ]
    ]
   }
  },
  {
   "type": "Feature",
   "properties": {
    "id": "6b028101-05ea-4b94-9384-86a2815c3c10",
    "name": null,
    "overture_height": 8.2,
    "num_floors": null,
    "building_class": null,
    "final_height": 8.2,
    "source_height": "overture",
    "dist_m": 192,
    "centroid": [
     -97.743311,
     30.287028
    ]
   },
   "geometry": {
    "type": "Polygon",
    "coordinates": [
     [
      [
       -97.7432674,
       30.2870843
      ],
      [
       -97.7433874,
       30.2870913
      ],
      [
       -97.7433924,
       30.2870303
      ],
      [
       -97.7433424,
       30.2870273
      ],
      [
       -97.7433484,
       30.2869543
      ],
      [
       -97.7432624,
       30.2869483
      ],
      [
       -97.7432554,
       30.2870163
      ],
      [
       -97.7432734,
       30.2870173
      ],
      [
       -97.7432674,
       30.2870843
      ]
     ]
    ]
   }
  },
  {
   "type": "Feature",
   "properties": {
    "id": "5d1ff797-9f58-4cfb-a489-ffe6f0a81814",
    "name": null,
    "overture_height": 9.1,
    "num_floors": null,
    "building_class": null,
    "final_height": 9.1,
    "source_height": "overture",
    "dist_m": 194,
    "centroid": [
     -97.744019,
     30.286238
    ]
   },
   "geometry": {
    "type": "Polygon",
    "coordinates": [
     [
      [
       -97.744061,
       30.286283
      ],
      [
       -97.744073,
       30.286179
      ],
      [
       -97.743956,
       30.28617
      ],
      [
       -97.743945,
       30.286274
      ],
      [
       -97.744061,
       30.286283
      ]
     ]
    ]
   }
  },
  {
   "type": "Feature",
   "properties": {
    "id": "1abc43a3-18a3-44b4-b34f-149b9ddb8422",
    "name": null,
    "overture_height": 13.0,
    "num_floors": null,
    "building_class": null,
    "final_height": 13.0,
    "source_height": "overture",
    "dist_m": 196,
    "centroid": [
     -97.745279,
     30.285921
    ]
   },
   "geometry": {
    "type": "Polygon",
    "coordinates": [
     [
      [
       -97.7451885,
       30.285736
      ],
      [
       -97.7451265,
       30.285733
      ],
      [
       -97.7451265,
       30.285738
      ],
      [
       -97.7450445,
       30.285733
      ],
      [
       -97.7450255,
       30.285998
      ],
      [
       -97.7451075,
       30.286002
      ],
      [
       -97.7451065,
       30.28602
      ],
      [
       -97.7451165,
       30.28602
      ],
      [
       -97.7451155,
       30.286027
      ],
      [
       -97.7453355,
       30.286039
      ],
      [
       -97.7453365,
       30.286034
      ],
      [
       -97.7453465,
       30.286034
      ],
      [
       -97.7453475,
       30.286016
      ],
      [
       -97.7453895,
       30.286018
      ],
      [
       -97.7453885,
       30.286036
      ],
      [
       -97.7454755,
       30.286041
      ],
      [
       -97.7454765,
       30.286032
      ],
      [
       -97.7454845,
       30.286032
      ],
      [
       -97.7454995,
       30.285827
      ],
      [
       -97.7454945,
       30.285827
      ],
      [
       -97.7454995,
       30.285759
      ],
      [
       -97.7451875,
       30.285742
      ],
      [
       -97.7451885,
       30.285736
      ]
     ],
     [
      [
       -97.7451715,
       30.28587
      ],
      [
       -97.7453215,
       30.285882
      ],
      [
       -97.7453145,
       30.285952
      ],
      [
       -97.7451725,
       30.285943
      ],
      [
       -97.7451735,
       30.285929
      ],
      [
       -97.7451655,
       30.285928
      ],
      [
       -97.7451715,
       30.28587
      ]
     ]
    ]
   }
  },
  {
   "type": "Feature",
   "properties": {
    "id": "36cd7e38-032c-4643-b014-040caf29e871",
    "name": null,
    "overture_height": 6.4,
    "num_floors": null,
    "building_class": null,
    "final_height": 6.4,
    "source_height": "overture",
    "dist_m": 198,
    "centroid": [
     -97.743294,
     30.286921
    ]
   },
   "geometry": {
    "type": "Polygon",
    "coordinates": [
     [
      [
       -97.7432678,
       30.2869424
      ],
      [
       -97.7433378,
       30.2869454
      ],
      [
       -97.7433408,
       30.2868934
      ],
      [
       -97.7432888,
       30.2868914
      ],
      [
       -97.7432868,
       30.2869174
      ],
      [
       -97.7432688,
       30.2869164
      ],
      [
       -97.7432678,
       30.2869424
      ]
     ]
    ]
   }
  },
  {
   "type": "Feature",
   "properties": {
    "id": "0c30d8a9-e251-4095-85ca-815300e0a28c",
    "name": null,
    "overture_height": 7.0,
    "num_floors": null,
    "building_class": null,
    "final_height": 7.0,
    "source_height": "overture",
    "dist_m": 199,
    "centroid": [
     -97.747073,
     30.286986
    ]
   },
   "geometry": {
    "type": "Polygon",
    "coordinates": [
     [
      [
       -97.7470325,
       30.287015
      ],
      [
       -97.7471215,
       30.28702
      ],
      [
       -97.7471255,
       30.286952
      ],
      [
       -97.7470825,
       30.28695
      ],
      [
       -97.7470815,
       30.286976
      ],
      [
       -97.7470355,
       30.286974
      ],
      [
       -97.7470325,
       30.287015
      ]
     ]
    ]
   }
  },
  {
   "type": "Feature",
   "properties": {
    "id": "9fe2b064-9efd-43b9-8a84-62c0d6fcd50e",
    "name": null,
    "overture_height": 8.1,
    "num_floors": null,
    "building_class": null,
    "final_height": 8.1,
    "source_height": "overture",
    "dist_m": 199,
    "centroid": [
     -97.745563,
     30.285928
    ]
   },
   "geometry": {
    "type": "Polygon",
    "coordinates": [
     [
      [
       -97.7455635,
       30.285964
      ],
      [
       -97.7455565,
       30.286051
      ],
      [
       -97.7456715,
       30.286059
      ],
      [
       -97.7456915,
       30.285832
      ],
      [
       -97.7455205,
       30.285821
      ],
      [
       -97.7455165,
       30.285874
      ],
      [
       -97.7455295,
       30.285875
      ],
      [
       -97.7455285,
       30.285888
      ],
      [
       -97.7455715,
       30.285891
      ],
      [
       -97.7455665,
       30.285943
      ],
      [
       -97.7455215,
       30.28594
      ],
      [
       -97.7455205,
       30.285961
      ],
      [
       -97.7455635,
       30.285964
      ]
     ]
    ]
   }
  },
  {
   "type": "Feature",
   "properties": {
    "id": "2606254f-17e3-416f-90af-29c91547d14d",
    "name": null,
    "overture_height": 8.7,
    "num_floors": null,
    "building_class": null,
    "final_height": 8.7,
    "source_height": "overture",
    "dist_m": 202,
    "centroid": [
     -97.747018,
     30.288524
    ]
   },
   "geometry": {
    "type": "Polygon",
    "coordinates": [
     [
      [
       -97.7469072,
       30.2885274
      ],
      [
       -97.7469012,
       30.2885884
      ],
      [
       -97.7468462,
       30.2885844
      ],
      [
       -97.7468282,
       30.2887564
      ],
      [
       -97.7469412,
       30.2887654
      ],
      [
       -97.7469422,
       30.2887564
      ],
      [
       -97.7471012,
       30.2887694
      ],
      [
       -97.7471072,
       30.2887124
      ],
      [
       -97.7471182,
       30.2887134
      ],
      [
       -97.7471202,
       30.2886914
      ],
      [
       -97.7469392,
       30.2886774
      ],
      [
       -97.7469452,
       30.2886244
      ],
      [
       -97.7469772,
       30.2886274
      ],
      [
       -97.7469812,
       30.2885934
      ],
      [
       -97.7471342,
       30.2886054
      ],
      [
       -97.7471342,
       30.2886114
      ],
      [
       -97.7472302,
       30.2886194
      ],
      [
       -97.7472382,
       30.2885444
      ],
      [
       -97.7471352,
       30.2885364
      ],
      [
       -97.7471392,
       30.2885034
      ],
      [
       -97.7472082,
       30.2885084
      ],
      [
       -97.7472282,
       30.2883234
      ],
      [
       -97.7471202,
       30.2883144
      ],
      [
       -97.7471152,
       30.2883624
      ],
      [
       -97.7470372,
       30.2883564
      ],
      [
       -97.7470422,
       30.2883104
      ],
      [
       -97.7469752,
       30.2883054
      ],
      [
       -97.7469852,
       30.2882124
      ],
      [
       -97.7469342,
       30.2882084
      ],
      [
       -97.7469192,
       30.2883474
      ],
      [
       -97.7468772,
       30.2883444
      ],
      [
       -97.7468662,
       30.2884514
      ],
      [
       -97.7468782,
       30.2884524
      ],
      [
       -97.7468712,
       30.2885244
      ],
      [
       -97.7469072,
       30.2885274
      ]
     ],
     [
      [
       -97.7470074,
       30.2884493
      ],
      [
       -97.7470984,
       30.2884553
      ],
      [
       -97.7470944,
       30.2884933
      ],
      [
       -97.7470044,
       30.2884873
      ],
      [
       -97.7470074,
       30.2884493
      ]
     ]
    ]
   }
  },
  {
   "type": "Feature",
   "properties": {
    "id": "fdf9a2fc-e58d-4534-8fab-92417a9093eb",
    "name": null,
    "overture_height": 8.0,
    "num_floors": null,
    "building_class": null,
    "final_height": 8.0,
    "source_height": "overture",
    "dist_m": 202,
    "centroid": [
     -97.745864,
     30.285969
    ]
   },
   "geometry": {
    "type": "Polygon",
    "coordinates": [
     [
      [
       -97.7457635,
       30.286076
      ],
      [
       -97.7457635,
       30.286068
      ],
      [
       -97.7459745,
       30.28608
      ],
      [
       -97.7459825,
       30.285981
      ],
      [
       -97.7458295,
       30.285972
      ],
      [
       -97.7458335,
       30.285927
      ],
      [
       -97.7459925,
       30.285936
      ],
      [
       -97.7459945,
       30.28592
      ],
      [
       -97.7460145,
       30.285921
      ],
      [
       -97.7460205,
       30.285854
      ],
      [
       -97.7460015,
       30.285853
      ],
      [
       -97.7460025,
       30.285832
      ],
      [
       -97.7457095,
       30.285815
      ],
      [
       -97.7456905,
       30.286049
      ],
      [
       -97.7456785,
       30.286048
      ],
      [
       -97.7456765,
       30.28607
      ],
      [
       -97.7457635,
       30.286076
      ]
     ]
    ]
   }
  },
  {
   "type": "Feature",
   "properties": {
    "id": "fe3d6d22-26b3-479a-90dc-856f03398d23",
    "name": "The Quarters at Hardin House",
    "overture_height": 12.2,
    "num_floors": null,
    "building_class": null,
    "final_height": 12.2,
    "source_height": "overture",
    "dist_m": 205,
    "centroid": [
     -97.74457,
     30.28591
    ]
   },
   "geometry": {
    "type": "Polygon",
    "coordinates": [
     [
      [
       -97.744381,
       30.285964
      ],
      [
       -97.744577,
       30.285978
      ],
      [
       -97.744579,
       30.285966
      ],
      [
       -97.744613,
       30.285969
      ],
      [
       -97.744612,
       30.28598
      ],
      [
       -97.744666,
       30.285985
      ],
      [
       -97.744667,
       30.285974
      ],
      [
       -97.744718,
       30.285979
      ],
      [
       -97.744736,
       30.285798
      ],
      [
       -97.744596,
       30.285786
      ],
      [
       -97.744589,
       30.285851
      ],
      [
       -97.744581,
       30.28585
      ],
      [
       -97.744576,
       30.285894
      ],
      [
       -97.74451,
       30.285888
      ],
      [
       -97.744516,
       30.285827
      ],
      [
       -97.744397,
       30.285817
      ],
      [
       -97.744381,
       30.285964
      ]
     ]
    ]
   }
  },
  {
   "type": "Feature",
   "properties": {
    "id": "08a7959e-6fa6-40ea-b89d-5d5d2b478970",
    "name": null,
    "overture_height": 13.6,
    "num_floors": null,
    "building_class": null,
    "final_height": 13.6,
    "source_height": "overture",
    "dist_m": 206,
    "centroid": [
     -97.746723,
     30.286415
    ]
   },
   "geometry": {
    "type": "Polygon",
    "coordinates": [
     [
      [
       -97.7466135,
       30.286379
      ],
      [
       -97.7466035,
       30.286492
      ],
      [
       -97.7468545,
       30.28651
      ],
      [
       -97.7468645,
       30.286398
      ],
      [
       -97.7468095,
       30.286394
      ],
      [
       -97.7468075,
       30.286406
      ],
      [
       -97.7466705,
       30.286396
      ],
      [
       -97.7466715,
       30.286383
      ],
      [
       -97.7466135,
       30.286379
      ]
     ]
    ]
   }
  },
  {
   "type": "Feature",
   "properties": {
    "id": "66d719c5-f838-4711-8f41-c7d177281f68",
    "name": null,
    "overture_height": 20.4,
    "num_floors": null,
    "building_class": null,
    "final_height": 20.4,
    "source_height": "overture",
    "dist_m": 207,
    "centroid": [
     -97.747311,
     30.287643
    ]
   },
   "geometry": {
    "type": "Polygon",
    "coordinates": [
     [
      [
       -97.7474565,
       30.28774
      ],
      [
       -97.7475335,
       30.287746
      ],
      [
       -97.7475255,
       30.287833
      ],
      [
       -97.7477535,
       30.287849
      ],
      [
       -97.7477755,
       30.28761
      ],
      [
       -97.7475525,
       30.287594
      ],
      [
       -97.7475555,
       30.287554
      ],
      [
       -97.7474815,
       30.287549
      ],
      [
       -97.7474805,
       30.287555
      ],
      [
       -97.7474545,
       30.287553
      ],
      [
       -97.7474555,
       30.287547
      ],
      [
       -97.7473215,
       30.287538
      ],
      [
       -97.7473205,
       30.287545
      ],
      [
       -97.7472125,
       30.287537
      ],
      [
       -97.7472125,
       30.28753
      ],
      [
       -97.7470765,
       30.287521
      ],
      [
       -97.7470755,
       30.287527
      ],
      [
       -97.7470165,
       30.287523
      ],
      [
       -97.7470175,
       30.287516
      ],
      [
       -97.7469555,
       30.287512
      ],
      [
       -97.7469375,
       30.287708
      ],
      [
       -97.7470315,
       30.287714
      ],
      [
       -97.7470305,
       30.287724
      ],
      [
       -97.7471065,
       30.28773
      ],
      [
       -97.7471075,
       30.287721
      ],
      [
       -97.7472815,
       30.287733
      ],
      [
       -97.7472815,
       30.287743
      ],
      [
       -97.7473575,
       30.287748
      ],
      [
       -97.7473575,
       30.287739
      ],
      [
       -97.7474565,
       30.287746
      ],
      [
       -97.7474565,
       30.28774
      ]
     ]
    ]
   }
  },
  {
   "type": "Feature",
   "properties": {
    "id": "d6b65a67-6ad9-475f-b9f8-504cfdf0c69c",
    "name": null,
    "overture_height": 10.7,
    "num_floors": null,
    "building_class": null,
    "final_height": 10.7,
    "source_height": "overture",
    "dist_m": 207,
    "centroid": [
     -97.747195,
     30.287068
    ]
   },
   "geometry": {
    "type": "Polygon",
    "coordinates": [
     [
      [
       -97.7472355,
       30.287172
      ],
      [
       -97.7472345,
       30.287191
      ],
      [
       -97.7473045,
       30.287195
      ],
      [
       -97.7473045,
       30.287199
      ],
      [
       -97.7473615,
       30.287203
      ],
      [
       -97.7473695,
       30.287098
      ],
      [
       -97.7471705,
       30.287087
      ],
      [
       -97.7471765,
       30.287007
      ],
      [
       -97.7472615,
       30.287012
      ],
      [
       -97.7472635,
       30.286982
      ],
      [
       -97.7473035,
       30.286984
      ],
      [
       -97.7473055,
       30.286953
      ],
      [
       -97.7473295,
       30.286955
      ],
      [
       -97.7473355,
       30.286876
      ],
      [
       -97.7472115,
       30.28687
      ],
      [
       -97.7472085,
       30.286906
      ],
      [
       -97.7472215,
       30.286907
      ],
      [
       -97.7472175,
       30.286954
      ],
      [
       -97.7471645,
       30.286951
      ],
      [
       -97.7471605,
       30.287007
      ],
      [
       -97.7471365,
       30.287006
      ],
      [
       -97.7471345,
       30.287041
      ],
      [
       -97.7470705,
       30.287038
      ],
      [
       -97.7470665,
       30.287087
      ],
      [
       -97.7470535,
       30.287103
      ],
      [
       -97.7470175,
       30.287101
      ],
      [
       -97.7470125,
       30.287171
      ],
      [
       -97.7470445,
       30.287173
      ],
      [
       -97.7470435,
       30.28719
      ],
      [
       -97.7471545,
       30.287196
      ],
      [
       -97.7471585,
       30.287133
      ],
      [
       -97.7471755,
       30.287134
      ],
      [
       -97.7471765,
       30.28711
      ],
      [
       -97.7472035,
       30.287111
      ],
      [
       -97.7471995,
       30.28717
      ],
      [
       -97.7472355,
       30.287172
      ]
     ]
    ]
   }
  },
  {
   "type": "Feature",
   "properties": {
    "id": "c3bb4b12-e212-48e1-881d-e7ceb12afa8c",
    "name": null,
    "overture_height": 13.7,
    "num_floors": null,
    "building_class": null,
    "final_height": 13.7,
    "source_height": "overture",
    "dist_m": 211,
    "centroid": [
     -97.746241,
     30.286028
    ]
   },
   "geometry": {
    "type": "Polygon",
    "coordinates": [
     [
      [
       -97.7462065,
       30.286086
      ],
      [
       -97.7462065,
       30.286092
      ],
      [
       -97.7462375,
       30.286094
      ],
      [
       -97.7462375,
       30.286088
      ],
      [
       -97.7462505,
       30.286089
      ],
      [
       -97.7462505,
       30.286095
      ],
      [
       -97.7462915,
       30.286098
      ],
      [
       -97.7462925,
       30.286086
      ],
      [
       -97.7463525,
       30.28609
      ],
      [
       -97.7463585,
       30.286025
      ],
      [
       -97.7463405,
       30.286023
      ],
      [
       -97.7463425,
       30.285998
      ],
      [
       -97.7462975,
       30.285995
      ],
      [
       -97.7462965,
       30.286005
      ],
      [
       -97.7462465,
       30.286001
      ],
      [
       -97.7462535,
       30.285922
      ],
      [
       -97.7463025,
       30.285926
      ],
      [
       -97.7463015,
       30.285937
      ],
      [
       -97.7463515,
       30.285941
      ],
      [
       -97.7463545,
       30.285914
      ],
      [
       -97.7463675,
       30.285915
      ],
      [
       -97.7463745,
       30.285841
      ],
      [
       -97.7461085,
       30.285822
      ],
      [
       -97.7460845,
       30.286077
      ],
      [
       -97.7460975,
       30.286078
      ],
      [
       -97.7460975,
       30.286083
      ],
      [
       -97.7461265,
       30.286085
      ],
      [
       -97.7461275,
       30.286081
      ],
      [
       -97.7461355,
       30.286081
      ],
      [
       -97.7461345,
       30.286086
      ],
      [
       -97.7461655,
       30.286089
      ],
      [
       -97.7461665,
       30.286083
      ],
      [
       -97.7462065,
       30.286086
      ]
     ]
    ]
   }
  },
  {
   "type": "Feature",
   "properties": {
    "id": "e8e6c013-0abe-4ed9-9648-788685463c75",
    "name": "Cain & Abel's",
    "overture_height": 6.3,
    "num_floors": null,
    "building_class": null,
    "final_height": 6.3,
    "source_height": "overture",
    "dist_m": 212,
    "centroid": [
     -97.747356,
     30.287888
    ]
   },
   "geometry": {
    "type": "Polygon",
    "coordinates": [
     [
      [
       -97.7472875,
       30.2879
      ],
      [
       -97.7472945,
       30.2879
      ],
      [
       -97.7473205,
       30.288009
      ],
      [
       -97.7473735,
       30.288012
      ],
      [
       -97.7474185,
       30.28791
      ],
      [
       -97.7474475,
       30.287911
      ],
      [
       -97.7474545,
       30.287808
      ],
      [
       -97.7473705,
       30.287804
      ],
      [
       -97.7473695,
       30.28781
      ],
      [
       -97.7472925,
       30.287807
      ],
      [
       -97.7472875,
       30.2879
      ]
     ]
    ]
   }
  },
  {
   "type": "Feature",
   "properties": {
    "id": "c219a2ca-f3aa-44be-9841-7994e02984fa",
    "name": null,
    "overture_height": 6.5,
    "num_floors": null,
    "building_class": null,
    "final_height": 6.5,
    "source_height": "overture",
    "dist_m": 217,
    "centroid": [
     -97.745754,
     30.285794
    ]
   },
   "geometry": {
    "type": "Polygon",
    "coordinates": [
     [
      [
       -97.7457745,
       30.285781
      ],
      [
       -97.7457265,
       30.285778
      ],
      [
       -97.7457245,
       30.285814
      ],
      [
       -97.7457715,
       30.285817
      ],
      [
       -97.7457745,
       30.285781
      ]
     ]
    ]
   }
  },
  {
   "type": "Feature",
   "properties": {
    "id": "c039e065-3c15-4a26-a402-4589f1c7857d",
    "name": "Block on 25th East",
    "overture_height": 28.1,
    "num_floors": null,
    "building_class": "apartments",
    "final_height": 28.1,
    "source_height": "overture",
    "dist_m": 219,
    "centroid": [
     -97.745572,
     30.289617
    ]
   },
   "geometry": {
    "type": "Polygon",
    "coordinates": [
     [
      [
       -97.7451929,
       30.2896808
      ],
      [
       -97.7451889,
       30.2897328
      ],
      [
       -97.7453489,
       30.2897428
      ],
      [
       -97.7453499,
       30.2897318
      ],
      [
       -97.7453889,
       30.2897338
      ],
      [
       -97.7453899,
       30.2897248
      ],
      [
       -97.7454229,
       30.2897268
      ],
      [
       -97.7454219,
       30.2897328
      ],
      [
       -97.7454589,
       30.2897358
      ],
      [
       -97.7454579,
       30.2897498
      ],
      [
       -97.7455549,
       30.2897558
      ],
      [
       -97.7455559,
       30.2897418
      ],
      [
       -97.7456249,
       30.2897458
      ],
      [
       -97.7456239,
       30.2897598
      ],
      [
       -97.7457199,
       30.2897658
      ],
      [
       -97.7457209,
       30.2897548
      ],
      [
       -97.7457589,
       30.2897568
      ],
      [
       -97.7457599,
       30.2897468
      ],
      [
       -97.7457959,
       30.2897488
      ],
      [
       -97.7457949,
       30.2897578
      ],
      [
       -97.7458289,
       30.2897598
      ],
      [
       -97.7458279,
       30.2897728
      ],
      [
       -97.7459239,
       30.2897788
      ],
      [
       -97.7459259,
       30.2897598
      ],
      [
       -97.7459559,
       30.2897608
      ],
      [
       -97.7459539,
       30.2897798
      ],
      [
       -97.7460119,
       30.2897838
      ],
      [
       -97.7460119,
       30.2897778
      ],
      [
       -97.7460369,
       30.2897788
      ],
      [
       -97.7460419,
       30.2897138
      ],
      [
       -97.7460129,
       30.2897118
      ],
      [
       -97.7460289,
       30.2895018
      ],
      [
       -97.7459929,
       30.2895008
      ],
      [
       -97.7459949,
       30.2894808
      ],
      [
       -97.7458999,
       30.2894748
      ],
      [
       -97.7458999,
       30.2894818
      ],
      [
       -97.7457379,
       30.2894718
      ],
      [
       -97.7457389,
       30.2894648
      ],
      [
       -97.7456539,
       30.2894598
      ],
      [
       -97.7456539,
       30.2894668
      ],
      [
       -97.7454979,
       30.2894578
      ],
      [
       -97.7454989,
       30.2894488
      ],
      [
       -97.7454549,
       30.2894468
      ],
      [
       -97.7454539,
       30.2894538
      ],
      [
       -97.7453729,
       30.2894488
      ],
      [
       -97.7453739,
       30.2894418
      ],
      [
       -97.7452899,
       30.2894368
      ],
      [
       -97.7452889,
       30.2894468
      ],
      [
       -97.7452489,
       30.2894448
      ],
      [
       -97.7452499,
       30.2894328
      ],
      [
       -97.7452089,
       30.2894298
      ],
      [
       -97.7452079,
       30.2894378
      ],
      [
       -97.7451589,
       30.2894348
      ],
      [
       -97.7451589,
       30.2894278
      ],
      [
       -97.7451179,
       30.2894248
      ],
      [
       -97.7451159,
       30.2894518
      ],
      [
       -97.7451119,
       30.2894518
      ],
      [
       -97.7450929,
       30.2896748
      ],
      [
       -97.7451929,
       30.2896808
      ]
     ]
    ]
   }
  },
  {
   "type": "Feature",
   "properties": {
    "id": "ecb747cd-ec32-4061-9ac5-5d19417c106c",
    "name": "The Diner at Victory Lap",
    "overture_height": 8.8,
    "num_floors": null,
    "building_class": null,
    "final_height": 8.8,
    "source_height": "overture",
    "dist_m": 223,
    "centroid": [
     -97.74293,
     30.288231
    ]
   },
   "geometry": {
    "type": "Polygon",
    "coordinates": [
     [
      [
       -97.7429162,
       30.2881883
      ],
      [
       -97.7429183,
       30.2881704
      ],
      [
       -97.7428376,
       30.2881645
      ],
      [
       -97.7428312,
       30.2882534
      ],
      [
       -97.7429322,
       30.2882574
      ],
      [
       -97.7429325,
       30.2882482
      ],
      [
       -97.7429327,
       30.2882504
      ],
      [
       -97.7429336,
       30.2882524
      ],
      [
       -97.7429353,
       30.2882541
      ],
      [
       -97.7429375,
       30.2882552
      ],
      [
       -97.74294,
       30.2882557
      ],
      [
       -97.7429427,
       30.2882555
      ],
      [
       -97.7429452,
       30.2882545
      ],
      [
       -97.7429471,
       30.2882527
      ],
      [
       -97.7429483,
       30.2882506
      ],
      [
       -97.7429485,
       30.2882482
      ],
      [
       -97.7429478,
       30.2882459
      ],
      [
       -97.7429462,
       30.2882439
      ],
      [
       -97.742944,
       30.2882425
      ],
      [
       -97.7429413,
       30.2882419
      ],
      [
       -97.7429522,
       30.288242
      ],
      [
       -97.7429548,
       30.2882062
      ],
      [
       -97.7429311,
       30.2882052
      ],
      [
       -97.7429462,
       30.2881923
      ],
      [
       -97.7429279,
       30.2881779
      ],
      [
       -97.7429162,
       30.2881883
      ]
     ]
    ]
   }
  },
  {
   "type": "Feature",
   "properties": {
    "id": "b2d104e9-00dc-4d24-ae0c-ee9ed3321279",
    "name": null,
    "overture_height": 3.2,
    "num_floors": null,
    "building_class": null,
    "final_height": 3.2,
    "source_height": "overture",
    "dist_m": 223,
    "centroid": [
     -97.746026,
     30.285816
    ]
   },
   "geometry": {
    "type": "Polygon",
    "coordinates": [
     [
      [
       -97.7460125,
       30.285798
      ],
      [
       -97.7460075,
       30.28584
      ],
      [
       -97.7460455,
       30.285844
      ],
      [
       -97.7460505,
       30.285801
      ],
      [
       -97.7460125,
       30.285798
      ]
     ]
    ]
   }
  },
  {
   "type": "Feature",
   "properties": {
    "id": "e0386418-48f8-48b8-87e2-bc94fd013ed0",
    "name": null,
    "overture_height": 7.0,
    "num_floors": null,
    "building_class": "apartments",
    "final_height": 7.0,
    "source_height": "overture",
    "dist_m": 225,
    "centroid": [
     -97.744883,
     30.289687
    ]
   },
   "geometry": {
    "type": "Polygon",
    "coordinates": [
     [
      [
       -97.744843,
       30.2898349
      ],
      [
       -97.7448592,
       30.2898359
      ],
      [
       -97.7448533,
       30.2898831
      ],
      [
       -97.744839,
       30.2898853
      ],
      [
       -97.7448354,
       30.2899302
      ],
      [
       -97.744836,
       30.28994
      ],
      [
       -97.744953,
       30.289947
      ],
      [
       -97.74497,
       30.289731
      ],
      [
       -97.745037,
       30.289735
      ],
      [
       -97.745046,
       30.289615
      ],
      [
       -97.745029,
       30.289614
      ],
      [
       -97.745034,
       30.289548
      ],
      [
       -97.745053,
       30.289549
      ],
      [
       -97.745059,
       30.289463
      ],
      [
       -97.74503,
       30.289461
      ],
      [
       -97.745031,
       30.28944
      ],
      [
       -97.744884,
       30.289432
      ],
      [
       -97.744883,
       30.28945
      ],
      [
       -97.744697,
       30.289439
      ],
      [
       -97.744679,
       30.289673
      ],
      [
       -97.744686,
       30.289674
      ],
      [
       -97.744682,
       30.289723
      ],
      [
       -97.744735,
       30.289726
      ],
      [
       -97.744736,
       30.289714
      ],
      [
       -97.744852,
       30.289721
      ],
      [
       -97.7448493,
       30.2897565
      ],
      [
       -97.744843,
       30.2898349
      ]
     ],
     [
      [
       -97.744881,
       30.289551
      ],
      [
       -97.744876,
       30.28961
      ],
      [
       -97.744803,
       30.289605
      ],
      [
       -97.744808,
       30.289546
      ],
      [
       -97.744881,
       30.289551
      ]
     ]
    ]
   }
  },
  {
   "type": "Feature",
   "properties": {
    "id": "b2942a04-74c8-4d2a-9fea-d3f7aa0cb34d",
    "name": "Pi Beta Phi",
    "overture_height": 12.0,
    "num_floors": null,
    "building_class": null,
    "final_height": 12.0,
    "source_height": "overture",
    "dist_m": 227,
    "centroid": [
     -97.742991,
     30.286879
    ]
   },
   "geometry": {
    "type": "Polygon",
    "coordinates": [
     [
      [
       -97.7429194,
       30.2869293
      ],
      [
       -97.742901,
       30.2871139
      ],
      [
       -97.7431783,
       30.2871345
      ],
      [
       -97.7431999,
       30.2869175
      ],
      [
       -97.7430546,
       30.2869067
      ],
      [
       -97.7430769,
       30.2866822
      ],
      [
       -97.7429419,
       30.2866722
      ],
      [
       -97.7429364,
       30.2867281
      ],
      [
       -97.7428993,
       30.2867254
      ],
      [
       -97.7428793,
       30.2869263
      ],
      [
       -97.7429194,
       30.2869293
      ]
     ]
    ]
   }
  },
  {
   "type": "Feature",
   "properties": {
    "id": "c84206c0-f45b-4a00-ad28-62b5a09595ea",
    "name": null,
    "overture_height": 22.7,
    "num_floors": null,
    "building_class": null,
    "final_height": 22.7,
    "source_height": "overture",
    "dist_m": 227,
    "centroid": [
     -97.747141,
     30.286559
    ]
   },
   "geometry": {
    "type": "Polygon",
    "coordinates": [
     [
      [
       -97.7470679,
       30.2864021
      ],
      [
       -97.7470669,
       30.2864051
      ],
      [
       -97.7470059,
       30.2864011
      ],
      [
       -97.7470069,
       30.2863941
      ],
      [
       -97.7469469,
       30.2863891
      ],
      [
       -97.7469469,
       30.2863961
      ],
      [
       -97.7469109,
       30.2863941
      ],
      [
       -97.7468779,
       30.2867351
      ],
      [
       -97.7470489,
       30.2867471
      ],
      [
       -97.7470479,
       30.2867521
      ],
      [
       -97.7470869,
       30.2867551
      ],
      [
       -97.7470879,
       30.2867501
      ],
      [
       -97.7471159,
       30.2867521
      ],
      [
       -97.7471159,
       30.2867551
      ],
      [
       -97.7472359,
       30.2867631
      ],
      [
       -97.7472369,
       30.2867601
      ],
      [
       -97.7473439,
       30.2867671
      ],
      [
       -97.7473559,
       30.2866401
      ],
      [
       -97.7473649,
       30.2866411
      ],
      [
       -97.7473759,
       30.2865241
      ],
      [
       -97.7473679,
       30.2865241
      ],
      [
       -97.7473789,
       30.2864251
      ],
      [
       -97.7472059,
       30.2864131
      ],
      [
       -97.7472079,
       30.2864001
      ],
      [
       -97.7471639,
       30.2863971
      ],
      [
       -97.7471629,
       30.2864091
      ],
      [
       -97.7470679,
       30.2864021
      ]
     ],
     [
      [
       -97.7471699,
       30.2865351
      ],
      [
       -97.7471729,
       30.2865021
      ],
      [
       -97.7472639,
       30.2865081
      ],
      [
       -97.7472539,
       30.2866061
      ],
      [
       -97.7471069,
       30.2865951
      ],
      [
       -97.7471049,
       30.2866121
      ],
      [
       -97.7470759,
       30.2866091
      ],
      [
       -97.7470819,
       30.2865551
      ],
      [
       -97.7471229,
       30.2865581
      ],
      [
       -97.7471229,
       30.2865621
      ],
      [
       -97.7471429,
       30.2865631
      ],
      [
       -97.7471419,
       30.2865671
      ],
      [
       -97.7471869,
       30.2865711
      ],
      [
       -97.7471909,
       30.2865361
      ],
      [
       -97.7471699,
       30.2865351
      ]
     ]
    ]
   }
  },
  {
   "type": "Feature",
   "properties": {
    "id": "7f8c845f-9f8c-45e3-b0d8-3b825cfd9157",
    "name": null,
    "overture_height": 10.6,
    "num_floors": null,
    "building_class": null,
    "final_height": 10.6,
    "source_height": "overture",
    "dist_m": 227,
    "centroid": [
     -97.747377,
     30.286972
    ]
   },
   "geometry": {
    "type": "Polygon",
    "coordinates": [
     [
      [
       -97.7473395,
       30.287019
      ],
      [
       -97.7474085,
       30.287022
      ],
      [
       -97.7474135,
       30.286956
      ],
      [
       -97.7474035,
       30.286956
      ],
      [
       -97.7474045,
       30.286938
      ],
      [
       -97.7473685,
       30.286936
      ],
      [
       -97.7473675,
       30.286952
      ],
      [
       -97.7473435,
       30.286951
      ],
      [
       -97.7473395,
       30.287019
      ]
     ]
    ]
   }
  },
  {
   "type": "Feature",
   "properties": {
    "id": "3a79e736-06b5-4399-81fd-476d694c232b",
    "name": null,
    "overture_height": 10.2,
    "num_floors": null,
    "building_class": null,
    "final_height": 10.2,
    "source_height": "overture",
    "dist_m": 227,
    "centroid": [
     -97.745079,
     30.285642
    ]
   },
   "geometry": {
    "type": "Polygon",
    "coordinates": [
     [
      [
       -97.7450135,
       30.28565
      ],
      [
       -97.7450675,
       30.285656
      ],
      [
       -97.7450655,
       30.28567
      ],
      [
       -97.7451085,
       30.285674
      ],
      [
       -97.7451105,
       30.285659
      ],
      [
       -97.7451475,
       30.285662
      ],
      [
       -97.7451575,
       30.285584
      ],
      [
       -97.7450235,
       30.285571
      ],
      [
       -97.7450135,
       30.28565
      ]
     ]
    ]
   }
  },
  {
   "type": "Feature",
   "properties": {
    "id": "65e5a9ce-377b-4eac-928e-c9634ce2c4da",
    "name": "Rise at West Campus",
    "overture_height": null,
    "num_floors": null,
    "building_class": "apartments",
    "final_height": 18.0,
    "source_height": "class_default",
    "dist_m": 228,
    "centroid": [
     -97.744094,
     30.285855
    ]
   },
   "geometry": {
    "type": "Polygon",
    "coordinates": [
     [
      [
       -97.743968,
       30.2861251
      ],
      [
       -97.7443024,
       30.2861475
      ],
      [
       -97.7443391,
       30.2857403
      ],
      [
       -97.7443512,
       30.2856063
      ],
      [
       -97.7440051,
       30.2855831
      ],
      [
       -97.7440016,
       30.2856222
      ],
      [
       -97.7439771,
       30.2856206
      ],
      [
       -97.743932,
       30.2861227
      ],
      [
       -97.743968,
       30.2861251
      ]
     ]
    ]
   }
  },
  {
   "type": "Feature",
   "properties": {
    "id": "4c485eb1-3a42-4633-9f67-df5e1c155b5a",
    "name": "Skyloft Austin",
    "overture_height": 57.912,
    "num_floors": 18,
    "building_class": "apartments",
    "final_height": 57.9,
    "source_height": "overture",
    "dist_m": 229,
    "centroid": [
     -97.74356,
     30.286151
    ]
   },
   "geometry": {
    "type": "Polygon",
    "coordinates": [
     [
      [
       -97.7437291,
       30.2859359
      ],
      [
       -97.7433579,
       30.2859107
      ],
      [
       -97.7433068,
       30.2864745
      ],
      [
       -97.7436779,
       30.2864996
      ],
      [
       -97.7437291,
       30.2859359
      ]
     ],
     [
      [
       -97.7435485,
       30.2861748
      ],
      [
       -97.7434866,
       30.28617
      ],
      [
       -97.7434964,
       30.2860756
      ],
      [
       -97.7435583,
       30.2860804
      ],
      [
       -97.7435485,
       30.2861748
      ]
     ],
     [
      [
       -97.7434787,
       30.2862731
      ],
      [
       -97.7435406,
       30.2862778
      ],
      [
       -97.7435308,
       30.2863722
      ],
      [
       -97.7434689,
       30.2863674
      ],
      [
       -97.7434787,
       30.2862731
      ]
     ]
    ]
   }
  },
  {
   "type": "Feature",
   "properties": {
    "id": "cbb0287b-4ed5-4320-80ff-975a2f89da96",
    "name": null,
    "overture_height": 6.7,
    "num_floors": null,
    "building_class": null,
    "final_height": 6.7,
    "source_height": "overture",
    "dist_m": 233,
    "centroid": [
     -97.745204,
     30.289776
    ]
   },
   "geometry": {
    "type": "Polygon",
    "coordinates": [
     [
      [
       -97.745229,
       30.289758
      ],
      [
       -97.745169,
       30.289755
      ],
      [
       -97.745166,
       30.289802
      ],
      [
       -97.745225,
       30.289806
      ],
      [
       -97.745229,
       30.289758
      ]
     ]
    ]
   }
  },
  {
   "type": "Feature",
   "properties": {
    "id": "5eae3fec-f1ce-4adc-85d5-1f0c1aef2631",
    "name": null,
    "overture_height": 12.7,
    "num_floors": 3,
    "building_class": "apartments",
    "final_height": 12.7,
    "source_height": "overture",
    "dist_m": 234,
    "centroid": [
     -97.746974,
     30.289085
    ]
   },
   "geometry": {
    "type": "Polygon",
    "coordinates": [
     [
      [
       -97.7469347,
       30.2892669
      ],
      [
       -97.747103,
       30.2892776
      ],
      [
       -97.7471123,
       30.2891688
      ],
      [
       -97.7470469,
       30.2891646
      ],
      [
       -97.7470524,
       30.2890997
      ],
      [
       -97.7471143,
       30.2891036
      ],
      [
       -97.7471242,
       30.2889866
      ],
      [
       -97.7470735,
       30.2889834
      ],
      [
       -97.7470814,
       30.2888905
      ],
      [
       -97.7470061,
       30.2888858
      ],
      [
       -97.7470069,
       30.2888761
      ],
      [
       -97.7469471,
       30.2888724
      ],
      [
       -97.7469402,
       30.2889535
      ],
      [
       -97.7469178,
       30.2889521
      ],
      [
       -97.7469175,
       30.2889558
      ],
      [
       -97.7468823,
       30.2889536
      ],
      [
       -97.746868,
       30.2891223
      ],
      [
       -97.7468413,
       30.2891206
      ],
      [
       -97.7468341,
       30.2892058
      ],
      [
       -97.746866,
       30.2892078
      ],
      [
       -97.7468571,
       30.289313
      ],
      [
       -97.7469304,
       30.2893176
      ],
      [
       -97.7469347,
       30.2892669
      ]
     ]
    ]
   }
  },
  {
   "type": "Feature",
   "properties": {
    "id": "a6a72e6c-f754-4107-9ad2-28ad6f6aa931",
    "name": "Alpha Chi Omega",
    "overture_height": 8.7,
    "num_floors": null,
    "building_class": "detached",
    "final_height": 8.7,
    "source_height": "overture",
    "dist_m": 234,
    "centroid": [
     -97.743325,
     30.289053
    ]
   },
   "geometry": {
    "type": "Polygon",
    "coordinates": [
     [
      [
       -97.743397,
       30.2890958
      ],
      [
       -97.7433975,
       30.2890874
      ],
      [
       -97.7434157,
       30.2890888
      ],
      [
       -97.7434132,
       30.2891129
      ],
      [
       -97.7435456,
       30.2891231
      ],
      [
       -97.7435663,
       30.2889229
      ],
      [
       -97.7434177,
       30.2889114
      ],
      [
       -97.7434215,
       30.2888746
      ],
      [
       -97.7432146,
       30.2888587
      ],
      [
       -97.7432099,
       30.2889038
      ],
      [
       -97.7431458,
       30.2888988
      ],
      [
       -97.7431278,
       30.2890724
      ],
      [
       -97.7431803,
       30.2890765
      ],
      [
       -97.7431785,
       30.2890947
      ],
      [
       -97.7432174,
       30.2890977
      ],
      [
       -97.7432169,
       30.2891023
      ],
      [
       -97.7432495,
       30.2891048
      ],
      [
       -97.7432499,
       30.2891004
      ],
      [
       -97.7432927,
       30.2891037
      ],
      [
       -97.7432943,
       30.2890889
      ],
      [
       -97.7433561,
       30.2890936
      ],
      [
       -97.7433597,
       30.2891012
      ],
      [
       -97.7433666,
       30.2891066
      ],
      [
       -97.7433756,
       30.2891089
      ],
      [
       -97.7433848,
       30.2891075
      ],
      [
       -97.7433925,
       30.2891028
      ],
      [
       -97.743397,
       30.2890958
      ]
     ]
    ]
   }
  },
  {
   "type": "Feature",
   "properties": {
    "id": "9f015be5-556a-40f7-aff9-00528806da2b",
    "name": null,
    "overture_height": 4.8,
    "num_floors": null,
    "building_class": null,
    "final_height": 4.8,
    "source_height": "overture",
    "dist_m": 235,
    "centroid": [
     -97.747587,
     30.287916
    ]
   },
   "geometry": {
    "type": "Polygon",
    "coordinates": [
     [
      [
       -97.7474965,
       30.287871
      ],
      [
       -97.7474875,
       30.287966
      ],
      [
       -97.7477215,
       30.287983
      ],
      [
       -97.7477315,
       30.287889
      ],
      [
       -97.7474965,
       30.287871
      ]
     ]
    ]
   }
  },
  {
   "type": "Feature",
   "properties": {
    "id": "768972b8-ff41-47c8-91c2-9be92cab9f2a",
    "name": null,
    "overture_height": 9.8,
    "num_floors": null,
    "building_class": null,
    "final_height": 9.8,
    "source_height": "overture",
    "dist_m": 236,
    "centroid": [
     -97.744482,
     30.285643
    ]
   },
   "geometry": {
    "type": "Polygon",
    "coordinates": [
     [
      [
       -97.7444179,
       30.2856006
      ],
      [
       -97.7444079,
       30.2856926
      ],
      [
       -97.7445779,
       30.2857066
      ],
      [
       -97.7445879,
       30.2856146
      ],
      [
       -97.7444179,
       30.2856006
      ]
     ]
    ]
   }
  },
  {
   "type": "Feature",
   "properties": {
    "id": "65048a64-f61a-4ca8-9edb-6757fd64e880",
    "name": null,
    "overture_height": 6.4,
    "num_floors": null,
    "building_class": null,
    "final_height": 6.4,
    "source_height": "overture",
    "dist_m": 236,
    "centroid": [
     -97.745282,
     30.285562
    ]
   },
   "geometry": {
    "type": "Polygon",
    "coordinates": [
     [
      [
       -97.7452415,
       30.285529
      ],
      [
       -97.7452335,
       30.285602
      ],
      [
       -97.7453435,
       30.28561
      ],
      [
       -97.7453515,
       30.285538
      ],
      [
       -97.7452415,
       30.285529
      ]
     ]
    ]
   }
  },
  {
   "type": "Feature",
   "properties": {
    "id": "70dcc366-e0b1-482d-aadf-937cbe06724e",
    "name": null,
    "overture_height": 24.9,
    "num_floors": null,
    "building_class": "residential",
    "final_height": 24.9,
    "source_height": "overture",
    "dist_m": 237,
    "centroid": [
     -97.747454,
     30.288464
    ]
   },
   "geometry": {
    "type": "Polygon",
    "coordinates": [
     [
      [
       -97.7477199,
       30.2882585
      ],
      [
       -97.7472678,
       30.2882265
      ],
      [
       -97.7472464,
       30.2884518
      ],
      [
       -97.7472939,
       30.2884552
      ],
      [
       -97.7472625,
       30.2887859
      ],
      [
       -97.7476671,
       30.2888146
      ],
      [
       -97.7477199,
       30.2882585
      ]
     ],
     [
      [
       -97.7474134,
       30.2884348
      ],
      [
       -97.7474158,
       30.2884115
      ],
      [
       -97.7475033,
       30.2884182
      ],
      [
       -97.747482,
       30.2886262
      ],
      [
       -97.7474197,
       30.2886215
      ],
      [
       -97.7474386,
       30.2884368
      ],
      [
       -97.7474134,
       30.2884348
      ]
     ]
    ]
   }
  },
  {
   "type": "Feature",
   "properties": {
    "id": "f3697fd4-d68c-490c-a7cc-f9a8db5e59ad",
    "name": "Victory Lap",
    "overture_height": null,
    "num_floors": null,
    "building_class": null,
    "final_height": 8.0,
    "source_height": "class_default",
    "dist_m": 237,
    "centroid": [
     -97.742713,
     30.287933
    ]
   },
   "geometry": {
    "type": "Polygon",
    "coordinates": [
     [
      [
       -97.7426606,
       30.2878399
      ],
      [
       -97.7426358,
       30.2880759
      ],
      [
       -97.7427133,
       30.2880816
      ],
      [
       -97.7427145,
       30.288071
      ],
      [
       -97.7427346,
       30.2880725
      ],
      [
       -97.7427545,
       30.2878721
      ],
      [
       -97.7427528,
       30.2878632
      ],
      [
       -97.7427468,
       30.2878545
      ],
      [
       -97.7427381,
       30.2878481
      ],
      [
       -97.7427263,
       30.2878448
      ],
      [
       -97.7426606,
       30.2878399
      ]
     ]
    ]
   }
  },
  {
   "type": "Feature",
   "properties": {
    "id": "064e7194-b486-44f4-a1a4-f786fb3d61ea",
    "name": null,
    "overture_height": 27.4,
    "num_floors": null,
    "building_class": null,
    "final_height": 27.4,
    "source_height": "overture",
    "dist_m": 240,
    "centroid": [
     -97.746774,
     30.286032
    ]
   },
   "geometry": {
    "type": "Polygon",
    "coordinates": [
     [
      [
       -97.7465585,
       30.286101
      ],
      [
       -97.7465495,
       30.286188
      ],
      [
       -97.7466945,
       30.286202
      ],
      [
       -97.7466965,
       30.286183
      ],
      [
       -97.7467995,
       30.286191
      ],
      [
       -97.7467975,
       30.286211
      ],
      [
       -97.7468885,
       30.286218
      ],
      [
       -97.7468915,
       30.286196
      ],
      [
       -97.7469195,
       30.286198
      ],
      [
       -97.7469255,
       30.286135
      ],
      [
       -97.7469185,
       30.286135
      ],
      [
       -97.7469215,
       30.286107
      ],
      [
       -97.7468945,
       30.286105
      ],
      [
       -97.7469025,
       30.286028
      ],
      [
       -97.7468215,
       30.286021
      ],
      [
       -97.7468195,
       30.286044
      ],
      [
       -97.7467675,
       30.286039
      ],
      [
       -97.7467775,
       30.285944
      ],
      [
       -97.7468015,
       30.285945
      ],
      [
       -97.7467995,
       30.285968
      ],
      [
       -97.7469265,
       30.28598
      ],
      [
       -97.7469315,
       30.285937
      ],
      [
       -97.7469345,
       30.285937
      ],
      [
       -97.7469385,
       30.285896
      ],
      [
       -97.7469325,
       30.285896
      ],
      [
       -97.7469355,
       30.285866
      ],
      [
       -97.7468745,
       30.285862
      ],
      [
       -97.7468745,
       30.285858
      ],
      [
       -97.7465835,
       30.285835
      ],
      [
       -97.7465765,
       30.285907
      ],
      [
       -97.7465815,
       30.285907
      ],
      [
       -97.7465785,
       30.285933
      ],
      [
       -97.7465755,
       30.285933
      ],
      [
       -97.7465635,
       30.286046
      ],
      [
       -97.7465585,
       30.286045
      ],
      [
       -97.7465525,
       30.286101
      ],
      [
       -97.7465585,
       30.286101
      ]
     ]
    ]
   }
  },
  {
   "type": "Feature",
   "properties": {
    "id": "54f7c7a4-1f0d-4011-a1c7-9d98882013a5",
    "name": null,
    "overture_height": 3.6,
    "num_floors": null,
    "building_class": null,
    "final_height": 3.6,
    "source_height": "overture",
    "dist_m": 244,
    "centroid": [
     -97.74743,
     30.286686
    ]
   },
   "geometry": {
    "type": "Polygon",
    "coordinates": [
     [
      [
       -97.7474435,
       30.286709
      ],
      [
       -97.7474475,
       30.286653
      ],
      [
       -97.7474105,
       30.286651
      ],
      [
       -97.7474065,
       30.286708
      ],
      [
       -97.7474435,
       30.286709
      ]
     ]
    ]
   }
  },
  {
   "type": "Feature",
   "properties": {
    "id": "36af60b6-a361-49af-ab8a-468f946736fa",
    "name": null,
    "overture_height": 15.1,
    "num_floors": null,
    "building_class": null,
    "final_height": 15.1,
    "source_height": "overture",
    "dist_m": 244,
    "centroid": [
     -97.745719,
     30.285543
    ]
   },
   "geometry": {
    "type": "Polygon",
    "coordinates": [
     [
      [
       -97.7455875,
       30.285493
      ],
      [
       -97.7455745,
       30.285493
      ],
      [
       -97.7455595,
       30.285712
      ],
      [
       -97.7456475,
       30.285717
      ],
      [
       -97.7456495,
       30.285688
      ],
      [
       -97.7457745,
       30.285694
      ],
      [
       -97.7457725,
       30.285726
      ],
      [
       -97.7458695,
       30.285731
      ],
      [
       -97.7458835,
       30.285516
      ],
      [
       -97.7458715,
       30.285515
      ],
      [
       -97.7458705,
       30.285486
      ],
      [
       -97.7458045,
       30.285482
      ],
      [
       -97.7457895,
       30.285466
      ],
      [
       -97.7457675,
       30.285465
      ],
      [
       -97.7457565,
       30.285479
      ],
      [
       -97.7457505,
       30.285479
      ],
      [
       -97.7457465,
       30.285535
      ],
      [
       -97.7457855,
       30.285537
      ],
      [
       -97.7457815,
       30.285594
      ],
      [
       -97.7456625,
       30.285588
      ],
      [
       -97.7456665,
       30.285528
      ],
      [
       -97.7457035,
       30.28553
      ],
      [
       -97.7457075,
       30.285474
      ],
      [
       -97.7456975,
       30.285474
      ],
      [
       -97.7456855,
       30.285458
      ],
      [
       -97.7456585,
       30.285456
      ],
      [
       -97.7456465,
       30.285467
      ],
      [
       -97.7455895,
       30.285465
      ],
      [
       -97.7455875,
       30.285493
      ]
     ]
    ]
   }
  },
  {
   "type": "Feature",
   "properties": {
    "id": "ecdd47c9-0cc8-490d-90cb-09d2ebbec47e",
    "name": null,
    "overture_height": 6.0,
    "num_floors": null,
    "building_class": "detached",
    "final_height": 6.0,
    "source_height": "overture",
    "dist_m": 245,
    "centroid": [
     -97.743579,
     30.289404
    ]
   },
   "geometry": {
    "type": "Polygon",
    "coordinates": [
     [
      [
       -97.743504,
       30.289462
      ],
      [
       -97.743606,
       30.28947
      ],
      [
       -97.743638,
       30.289473
      ],
      [
       -97.743649,
       30.289385
      ],
      [
       -97.743642,
       30.289384
      ],
      [
       -97.74365,
       30.289317
      ],
      [
       -97.743545,
       30.289308
      ],
      [
       -97.743535,
       30.289393
      ],
      [
       -97.743513,
       30.289391
      ],
      [
       -97.743504,
       30.289462
      ]
     ]
    ]
   }
  },
  {
   "type": "Feature",
   "properties": {
    "id": "ca18018b-067f-405e-9c70-431f795af73a",
    "name": null,
    "overture_height": null,
    "num_floors": null,
    "building_class": null,
    "final_height": 8.0,
    "source_height": "class_default",
    "dist_m": 245,
    "centroid": [
     -97.744786,
     30.289858
    ]
   },
   "geometry": {
    "type": "Polygon",
    "coordinates": [
     [
      [
       -97.7448268,
       30.2899297
      ],
      [
       -97.7448354,
       30.2899302
      ],
      [
       -97.744839,
       30.2898853
      ],
      [
       -97.744843,
       30.2898349
      ],
      [
       -97.7448493,
       30.2897565
      ],
      [
       -97.7447247,
       30.2897491
      ],
      [
       -97.7447223,
       30.289779
      ],
      [
       -97.7446814,
       30.2897766
      ],
      [
       -97.7446692,
       30.2899288
      ],
      [
       -97.7448261,
       30.2899382
      ],
      [
       -97.7448268,
       30.2899297
      ]
     ]
    ]
   }
  },
  {
   "type": "Feature",
   "properties": {
    "id": "fc9822f0-3b45-477d-9680-f1fee3005a9b",
    "name": null,
    "overture_height": 9.0,
    "num_floors": null,
    "building_class": null,
    "final_height": 9.0,
    "source_height": "overture",
    "dist_m": 246,
    "centroid": [
     -97.745267,
     30.289888
    ]
   },
   "geometry": {
    "type": "Polygon",
    "coordinates": [
     [
      [
       -97.745218,
       30.289843
      ],
      [
       -97.74521,
       30.289962
      ],
      [
       -97.745264,
       30.289965
      ],
      [
       -97.745265,
       30.289952
      ],
      [
       -97.745306,
       30.289954
      ],
      [
       -97.745312,
       30.28985
      ],
      [
       -97.745312,
       30.289834
      ],
      [
       -97.745281,
       30.289832
      ],
      [
       -97.74528,
       30.289847
      ],
      [
       -97.745218,
       30.289843
      ]
     ]
    ]
   }
  },
  {
   "type": "Feature",
   "properties": {
    "id": "83386ad4-8311-4ef9-99f6-968618e3b8f4",
    "name": null,
    "overture_height": 5.6,
    "num_floors": null,
    "building_class": null,
    "final_height": 5.6,
    "source_height": "overture",
    "dist_m": 246,
    "centroid": [
     -97.745388,
     30.289882
    ]
   },
   "geometry": {
    "type": "Polygon",
    "coordinates": [
     [
      [
       -97.745356,
       30.289795
      ],
      [
       -97.745341,
       30.289948
      ],
      [
       -97.745379,
       30.289951
      ],
      [
       -97.74538,
       30.289939
      ],
      [
       -97.745444,
       30.289944
      ],
      [
       -97.745457,
       30.289803
      ],
      [
       -97.745356,
       30.289795
      ]
     ]
    ]
   }
  },
  {
   "type": "Feature",
   "properties": {
    "id": "dbf85734-673a-4de9-b881-d9344e3d5552",
    "name": null,
    "overture_height": 7.0,
    "num_floors": null,
    "building_class": null,
    "final_height": 7.0,
    "source_height": "overture",
    "dist_m": 246,
    "centroid": [
     -97.745444,
     30.285483
    ]
   },
   "geometry": {
    "type": "Polygon",
    "coordinates": [
     [
      [
       -97.7454095,
       30.285519
      ],
      [
       -97.7453815,
       30.285517
      ],
      [
       -97.7453775,
       30.285598
      ],
      [
       -97.7454985,
       30.285602
      ],
      [
       -97.7455085,
       30.285494
      ],
      [
       -97.7455175,
       30.285495
      ],
      [
       -97.7455185,
       30.28548
      ],
      [
       -97.7455095,
       30.285479
      ],
      [
       -97.7455205,
       30.285382
      ],
      [
       -97.7454145,
       30.285375
      ],
      [
       -97.7454125,
       30.285409
      ],
      [
       -97.7453985,
       30.285408
      ],
      [
       -97.7453925,
       30.285457
      ],
      [
       -97.7454345,
       30.28546
      ],
      [
       -97.7454295,
       30.285509
      ],
      [
       -97.7454105,
       30.285508
      ],
      [
       -97.7454095,
       30.285519
      ]
     ]
    ]
   }
  },
  {
   "type": "Feature",
   "properties": {
    "id": "faaff75b-fbd0-4ac1-a46a-bc078a6cc433",
    "name": null,
    "overture_height": 8.5,
    "num_floors": null,
    "building_class": null,
    "final_height": 8.5,
    "source_height": "overture",
    "dist_m": 247,
    "centroid": [
     -97.74513,
     30.289899
    ]
   },
   "geometry": {
    "type": "Polygon",
    "coordinates": [
     [
      [
       -97.745175,
       30.289836
      ],
      [
       -97.745075,
       30.289831
      ],
      [
       -97.745067,
       30.289952
      ],
      [
       -97.745124,
       30.289955
      ],
      [
       -97.745125,
       30.289942
      ],
      [
       -97.745167,
       30.289944
      ],
      [
       -97.745175,
       30.289836
      ]
     ]
    ]
   }
  },
  {
   "type": "Feature",
   "properties": {
    "id": "b3c9b903-4f3e-4975-b9ef-072adc2333e7",
    "name": "Starbucks",
    "overture_height": 9.0,
    "num_floors": null,
    "building_class": null,
    "final_height": 9.0,
    "source_height": "overture",
    "dist_m": 248,
    "centroid": [
     -97.742593,
     30.287894
    ]
   },
   "geometry": {
    "type": "Polygon",
    "coordinates": [
     [
      [
       -97.7426606,
       30.2878399
      ],
      [
       -97.7425887,
       30.2878346
      ],
      [
       -97.7425748,
       30.2878362
      ],
      [
       -97.7425653,
       30.2878407
      ],
      [
       -97.742558,
       30.2878502
      ],
      [
       -97.7425552,
       30.287861
      ],
      [
       -97.7425345,
       30.2880684
      ],
      [
       -97.7426358,
       30.2880759
      ],
      [
       -97.7426606,
       30.2878399
      ]
     ]
    ]
   }
  },
  {
   "type": "Feature",
   "properties": {
    "id": "6f594f04-042f-44fd-ba20-6aab354f0616",
    "name": null,
    "overture_height": 8.6,
    "num_floors": null,
    "building_class": null,
    "final_height": 8.6,
    "source_height": "overture",
    "dist_m": 248,
    "centroid": [
     -97.745318,
     30.285453
    ]
   },
   "geometry": {
    "type": "Polygon",
    "coordinates": [
     [
      [
       -97.7453515,
       30.285392
      ],
      [
       -97.7452645,
       30.285387
      ],
      [
       -97.7452535,
       30.28552
      ],
      [
       -97.7453045,
       30.285523
      ],
      [
       -97.7453065,
       30.285505
      ],
      [
       -97.7453265,
       30.285506
      ],
      [
       -97.7453305,
       30.28546
      ],
      [
       -97.7453255,
       30.28546
      ],
      [
       -97.7453285,
       30.285419
      ],
      [
       -97.7453495,
       30.28542
      ],
      [
       -97.7453515,
       30.285392
      ]
     ]
    ]
   }
  },
  {
   "type": "Feature",
   "properties": {
    "id": "4d3f3f7c-32d0-4d7e-aedd-40d73b6d732a",
    "name": null,
    "overture_height": 7.6,
    "num_floors": null,
    "building_class": "commercial",
    "final_height": 7.6,
    "source_height": "overture",
    "dist_m": 251,
    "centroid": [
     -97.742612,
     30.288168
    ]
   },
   "geometry": {
    "type": "Polygon",
    "coordinates": [
     [
      [
       -97.7427082,
       30.2881095
      ],
      [
       -97.7424828,
       30.2880928
      ],
      [
       -97.7424667,
       30.288255
      ],
      [
       -97.742692,
       30.2882718
      ],
      [
       -97.7427082,
       30.2881095
      ]
     ]
    ]
   }
  },
  {
   "type": "Feature",
   "properties": {
    "id": "bcc5437a-3f9a-4eda-b7cc-a5993b630800",
    "name": null,
    "overture_height": 11.2,
    "num_floors": null,
    "building_class": null,
    "final_height": 11.2,
    "source_height": "overture",
    "dist_m": 251,
    "centroid": [
     -97.744766,
     30.285452
    ]
   },
   "geometry": {
    "type": "Polygon",
    "coordinates": [
     [
      [
       -97.744817,
       30.285342
      ],
      [
       -97.744679,
       30.285331
      ],
      [
       -97.74466,
       30.285512
      ],
      [
       -97.744764,
       30.285521
      ],
      [
       -97.744765,
       30.285516
      ],
      [
       -97.744795,
       30.285519
      ],
      [
       -97.744798,
       30.28549
      ],
      [
       -97.744801,
       30.285491
      ],
      [
       -97.744817,
       30.285342
      ]
     ]
    ]
   }
  },
  {
   "type": "Feature",
   "properties": {
    "id": "b265be54-dc32-4313-bbd1-d1fe9bb60e24",
    "name": null,
    "overture_height": 7.5,
    "num_floors": null,
    "building_class": null,
    "final_height": 7.5,
    "source_height": "overture",
    "dist_m": 252,
    "centroid": [
     -97.745533,
     30.289917
    ]
   },
   "geometry": {
    "type": "Polygon",
    "coordinates": [
     [
      [
       -97.745493,
       30.289841
      ],
      [
       -97.745483,
       30.289943
      ],
      [
       -97.745514,
       30.289945
      ],
      [
       -97.745512,
       30.289964
      ],
      [
       -97.745553,
       30.289967
      ],
      [
       -97.745555,
       30.289949
      ],
      [
       -97.745591,
       30.289951
      ],
      [
       -97.745601,
       30.289849
      ],
      [
       -97.745493,
       30.289841
      ]
     ]
    ]
   }
  },
  {
   "type": "Feature",
   "properties": {
    "id": "944d806a-16cf-4a49-bc5f-2fbf5aa08091",
    "name": null,
    "overture_height": 15.8,
    "num_floors": null,
    "building_class": null,
    "final_height": 15.8,
    "source_height": "overture",
    "dist_m": 253,
    "centroid": [
     -97.747683,
     30.287031
    ]
   },
   "geometry": {
    "type": "Polygon",
    "coordinates": [
     [
      [
       -97.7475335,
       30.287245
      ],
      [
       -97.7475345,
       30.287234
      ],
      [
       -97.7476285,
       30.28724
      ],
      [
       -97.7476425,
       30.287259
      ],
      [
       -97.7476715,
       30.28726
      ],
      [
       -97.7476695,
       30.287274
      ],
      [
       -97.7477375,
       30.287278
      ],
      [
       -97.7477385,
       30.287267
      ],
      [
       -97.7477615,
       30.287269
      ],
      [
       -97.7477755,
       30.287258
      ],
      [
       -97.7477775,
       30.287243
      ],
      [
       -97.7477825,
       30.287243
      ],
      [
       -97.7477845,
       30.287226
      ],
      [
       -97.7477785,
       30.287226
      ],
      [
       -97.7477795,
       30.28722
      ],
      [
       -97.7477905,
       30.287221
      ],
      [
       -97.7477965,
       30.287169
      ],
      [
       -97.7477085,
       30.287161
      ],
      [
       -97.7477115,
       30.287138
      ],
      [
       -97.7476615,
       30.287134
      ],
      [
       -97.7476655,
       30.2871
      ],
      [
       -97.7477895,
       30.287112
      ],
      [
       -97.7478005,
       30.287016
      ],
      [
       -97.7478105,
       30.287008
      ],
      [
       -97.7478105,
       30.286996
      ],
      [
       -97.7478015,
       30.286986
      ],
      [
       -97.7478015,
       30.286983
      ],
      [
       -97.7478065,
       30.286983
      ],
      [
       -97.7478165,
       30.286863
      ],
      [
       -97.7478085,
       30.286862
      ],
      [
       -97.7478025,
       30.286853
      ],
      [
       -97.7477865,
       30.286852
      ],
      [
       -97.7477785,
       30.286859
      ],
      [
       -97.7477665,
       30.286858
      ],
      [
       -97.7477625,
       30.286849
      ],
      [
       -97.7477475,
       30.286848
      ],
      [
       -97.7477405,
       30.286856
      ],
      [
       -97.7477335,
       30.286856
      ],
      [
       -97.7477265,
       30.286848
      ],
      [
       -97.7477125,
       30.286846
      ],
      [
       -97.7477025,
       30.286854
      ],
      [
       -97.7476915,
       30.286853
      ],
      [
       -97.7476875,
       30.286843
      ],
      [
       -97.7476695,
       30.286842
      ],
      [
       -97.7476625,
       30.286849
      ],
      [
       -97.7476565,
       30.286849
      ],
      [
       -97.7476485,
       30.286839
      ],
      [
       -97.7476375,
       30.286838
      ],
      [
       -97.7476285,
       30.286846
      ],
      [
       -97.7476135,
       30.286844
      ],
      [
       -97.7476075,
       30.286837
      ],
      [
       -97.7475915,
       30.286837
      ],
      [
       -97.7475845,
       30.286844
      ],
      [
       -97.7475785,
       30.286835
      ],
      [
       -97.7475545,
       30.286834
      ],
      [
       -97.7475495,
       30.286841
      ],
      [
       -97.7474455,
       30.286833
      ],
      [
       -97.7474045,
       30.287224
      ],
      [
       -97.7474995,
       30.287231
      ],
      [
       -97.7474995,
       30.28724
      ],
      [
       -97.7475115,
       30.28725
      ],
      [
       -97.7475205,
       30.28725
      ],
      [
       -97.7475295,
       30.287245
      ],
      [
       -97.7475335,
       30.287245
      ]
     ],
     [
      [
       -97.7476655,
       30.287024
      ],
      [
       -97.7476545,
       30.287118
      ],
      [
       -97.7475735,
       30.287112
      ],
      [
       -97.7475885,
       30.286971
      ],
      [
       -97.7476715,
       30.286976
      ],
      [
       -97.7476695,
       30.287007
      ],
      [
       -97.7476925,
       30.287008
      ],
      [
       -97.7476915,
       30.287025
      ],
      [
       -97.7476655,
       30.287024
      ]
     ]
    ]
   }
  },
  {
   "type": "Feature",
   "properties": {
    "id": "57076b23-b4a0-4eaa-a1e2-4d2d54910498",
    "name": null,
    "overture_height": 10.0,
    "num_floors": null,
    "building_class": null,
    "final_height": 10.0,
    "source_height": "overture",
    "dist_m": 254,
    "centroid": [
     -97.745123,
     30.2854
    ]
   },
   "geometry": {
    "type": "Polygon",
    "coordinates": [
     [
      [
       -97.7450815,
       30.285387
      ],
      [
       -97.7451015,
       30.285389
      ],
      [
       -97.7450915,
       30.285473
      ],
      [
       -97.7452025,
       30.285479
      ],
      [
       -97.7452125,
       30.285349
      ],
      [
       -97.7450875,
       30.285339
      ],
      [
       -97.7450815,
       30.285387
      ]
     ]
    ]
   }
  },
  {
   "type": "Feature",
   "properties": {
    "id": "069e3a86-45b3-447b-a398-75e9abac2fdb",
    "name": null,
    "overture_height": 9.6,
    "num_floors": null,
    "building_class": null,
    "final_height": 9.6,
    "source_height": "overture",
    "dist_m": 255,
    "centroid": [
     -97.747473,
     30.286557
    ]
   },
   "geometry": {
    "type": "Polygon",
    "coordinates": [
     [
      [
       -97.7474215,
       30.286608
      ],
      [
       -97.7475375,
       30.286616
      ],
      [
       -97.7475495,
       30.286481
      ],
      [
       -97.7474335,
       30.286473
      ],
      [
       -97.7474215,
       30.286608
      ]
     ]
    ]
   }
  },
  {
   "type": "Feature",
   "properties": {
    "id": "c6723b6d-3e8d-4b2a-9e51-385a41450c2d",
    "name": null,
    "overture_height": 6.4,
    "num_floors": null,
    "building_class": null,
    "final_height": 6.4,
    "source_height": "overture",
    "dist_m": 256,
    "centroid": [
     -97.745738,
     30.289925
    ]
   },
   "geometry": {
    "type": "Polygon",
    "coordinates": [
     [
      [
       -97.745693,
       30.28995
      ],
      [
       -97.745692,
       30.28997
      ],
      [
       -97.745763,
       30.289972
      ],
      [
       -97.745764,
       30.289955
      ],
      [
       -97.745812,
       30.289956
      ],
      [
       -97.745816,
       30.289867
      ],
      [
       -97.745788,
       30.289866
      ],
      [
       -97.745788,
       30.289871
      ],
      [
       -97.745658,
       30.289867
      ],
      [
       -97.745654,
       30.289949
      ],
      [
       -97.745693,
       30.28995
      ]
     ]
    ]
   }
  },
  {
   "type": "Feature",
   "properties": {
    "id": "08200b6f-76a3-451c-8006-fc9762c655f6",
    "name": null,
    "overture_height": 7.3,
    "num_floors": null,
    "building_class": null,
    "final_height": 7.3,
    "source_height": "overture",
    "dist_m": 256,
    "centroid": [
     -97.747603,
     30.286754
    ]
   },
   "geometry": {
    "type": "Polygon",
    "coordinates": [
     [
      [
       -97.7475545,
       30.286776
      ],
      [
       -97.7476705,
       30.286785
      ],
      [
       -97.7476765,
       30.286721
      ],
      [
       -97.7475605,
       30.286713
      ],
      [
       -97.7475545,
       30.286776
      ]
     ]
    ]
   }
  },
  {
   "type": "Feature",
   "properties": {
    "id": "824f8ca8-9557-4e80-a3da-9f07098d713d",
    "name": null,
    "overture_height": 9.3,
    "num_floors": null,
    "building_class": null,
    "final_height": 9.3,
    "source_height": "overture",
    "dist_m": 257,
    "centroid": [
     -97.744545,
     30.28543
    ]
   },
   "geometry": {
    "type": "Polygon",
    "coordinates": [
     [
      [
       -97.744471,
       30.285319
      ],
      [
       -97.744458,
       30.285473
      ],
      [
       -97.744525,
       30.285478
      ],
      [
       -97.744524,
       30.285492
      ],
      [
       -97.744606,
       30.285497
      ],
      [
       -97.744607,
       30.285483
      ],
      [
       -97.744615,
       30.285483
      ],
      [
       -97.744628,
       30.285329
      ],
      [
       -97.744471,
       30.285319
      ]
     ]
    ]
   }
  },
  {
   "type": "Feature",
   "properties": {
    "id": "521ab442-c773-4f9c-bdfd-f64a4135c620",
    "name": null,
    "overture_height": 13.6,
    "num_floors": null,
    "building_class": null,
    "final_height": 13.6,
    "source_height": "overture",
    "dist_m": 259,
    "centroid": [
     -97.747016,
     30.285996
    ]
   },
   "geometry": {
    "type": "Polygon",
    "coordinates": [
     [
      [
       -97.7469395,
       30.286038
      ],
      [
       -97.7469285,
       30.286148
      ],
      [
       -97.7471505,
       30.286165
      ],
      [
       -97.7471755,
       30.285924
      ],
      [
       -97.7471125,
       30.28592
      ],
      [
       -97.7471115,
       30.285938
      ],
      [
       -97.7470125,
       30.285931
      ],
      [
       -97.7470135,
       30.285913
      ],
      [
       -97.7469565,
       30.285909
      ],
      [
       -97.7469485,
       30.285989
      ],
      [
       -97.7469625,
       30.28599
      ],
      [
       -97.7469585,
       30.28604
      ],
      [
       -97.7469395,
       30.286038
      ]
     ]
    ]
   }
  },
  {
   "type": "Feature",
   "properties": {
    "id": "41627514-f0ac-4268-8e08-b123aec9cac1",
    "name": "The Quarters Grayson House",
    "overture_height": 28.4,
    "num_floors": null,
    "building_class": "apartments",
    "final_height": 28.4,
    "source_height": "overture",
    "dist_m": 259,
    "centroid": [
     -97.746147,
     30.285514
    ]
   },
   "geometry": {
    "type": "Polygon",
    "coordinates": [
     [
      [
       -97.7459599,
       30.2853923
      ],
      [
       -97.7459322,
       30.2857152
      ],
      [
       -97.7463808,
       30.2857438
      ],
      [
       -97.7464081,
       30.2854248
      ],
      [
       -97.7462683,
       30.2854159
      ],
      [
       -97.7462686,
       30.2854127
      ],
      [
       -97.7462237,
       30.2854098
      ],
      [
       -97.74621,
       30.2855692
      ],
      [
       -97.7462192,
       30.2855698
      ],
      [
       -97.7462036,
       30.285587
      ],
      [
       -97.7461856,
       30.2855865
      ],
      [
       -97.7461869,
       30.2855551
      ],
      [
       -97.7461099,
       30.2855528
      ],
      [
       -97.7461087,
       30.2855797
      ],
      [
       -97.7460919,
       30.2855792
      ],
      [
       -97.7460764,
       30.285558
      ],
      [
       -97.7460864,
       30.2855586
      ],
      [
       -97.7461004,
       30.2853948
      ],
      [
       -97.7460555,
       30.285392
      ],
      [
       -97.7460549,
       30.2853984
      ],
      [
       -97.7459599,
       30.2853923
      ]
     ]
    ]
   }
  },
  {
   "type": "Feature",
   "properties": {
    "id": "3d9f61df-03ab-4b6f-8f47-8cd7463827be",
    "name": "Block on 25th West",
    "overture_height": 26.8,
    "num_floors": null,
    "building_class": "apartments",
    "final_height": 26.8,
    "source_height": "overture",
    "dist_m": 260,
    "centroid": [
     -97.74635,
     30.289773
    ]
   },
   "geometry": {
    "type": "Polygon",
    "coordinates": [
     [
      [
       -97.7464052,
       30.2894976
      ],
      [
       -97.7464032,
       30.2895276
      ],
      [
       -97.7463042,
       30.2895216
      ],
      [
       -97.7463052,
       30.2895026
      ],
      [
       -97.7462652,
       30.2895006
      ],
      [
       -97.7462652,
       30.2894966
      ],
      [
       -97.7461542,
       30.2894896
      ],
      [
       -97.7461512,
       30.2895256
      ],
      [
       -97.7461612,
       30.2895266
      ],
      [
       -97.7461522,
       30.2896396
      ],
      [
       -97.7461432,
       30.2896386
      ],
      [
       -97.7461372,
       30.2897226
      ],
      [
       -97.7461462,
       30.2897226
      ],
      [
       -97.7461442,
       30.2897556
      ],
      [
       -97.7461352,
       30.2897556
      ],
      [
       -97.7461322,
       30.2897926
      ],
      [
       -97.7461432,
       30.2897936
      ],
      [
       -97.7461332,
       30.2899196
      ],
      [
       -97.7461412,
       30.2899196
      ],
      [
       -97.7461362,
       30.2899766
      ],
      [
       -97.7461452,
       30.2899776
      ],
      [
       -97.7461442,
       30.2899896
      ],
      [
       -97.7462502,
       30.2899966
      ],
      [
       -97.7462502,
       30.2899926
      ],
      [
       -97.7463002,
       30.2899956
      ],
      [
       -97.7462992,
       30.2899996
      ],
      [
       -97.7463912,
       30.2900046
      ],
      [
       -97.7463912,
       30.2900016
      ],
      [
       -97.7464482,
       30.2900056
      ],
      [
       -97.7464482,
       30.2900086
      ],
      [
       -97.7464802,
       30.2900096
      ],
      [
       -97.7464802,
       30.2900026
      ],
      [
       -97.7465132,
       30.2900046
      ],
      [
       -97.7465212,
       30.2899016
      ],
      [
       -97.7465252,
       30.2899016
      ],
      [
       -97.7465282,
       30.2898726
      ],
      [
       -97.7465362,
       30.2898726
      ],
      [
       -97.7465392,
       30.2898316
      ],
      [
       -97.7465332,
       30.2898306
      ],
      [
       -97.7465352,
       30.2898056
      ],
      [
       -97.7465412,
       30.2898066
      ],
      [
       -97.7465432,
       30.2897796
      ],
      [
       -97.7465372,
       30.2897786
      ],
      [
       -97.7465422,
       30.2897156
      ],
      [
       -97.7465372,
       30.2897156
      ],
      [
       -97.7465392,
       30.2896876
      ],
      [
       -97.7465462,
       30.2896886
      ],
      [
       -97.7465592,
       30.2895266
      ],
      [
       -97.7464502,
       30.2895206
      ],
      [
       -97.7464522,
       30.2895006
      ],
      [
       -97.7464052,
       30.2894976
      ]
     ],
     [
      [
       -97.7463242,
       30.2898596
      ],
      [
       -97.7463252,
       30.2898466
      ],
      [
       -97.7462562,
       30.2898396
      ],
      [
       -97.7462732,
       30.2896466
      ],
      [
       -97.7463532,
       30.2896516
      ],
      [
       -97.7463562,
       30.2896186
      ],
      [
       -97.7463812,
       30.2896196
      ],
      [
       -97.7463762,
       30.2896716
      ],
      [
       -97.7463872,
       30.2896716
      ],
      [
       -97.7463852,
       30.2896926
      ],
      [
       -97.7463602,
       30.2896916
      ],
      [
       -97.7463552,
       30.2897556
      ],
      [
       -97.7463612,
       30.2897556
      ],
      [
       -97.7463582,
       30.2897906
      ],
      [
       -97.7463532,
       30.2897906
      ],
      [
       -97.7463502,
       30.2898296
      ],
      [
       -97.7463682,
       30.2898306
      ],
      [
       -97.7463662,
       30.2898456
      ],
      [
       -97.7463612,
       30.2898446
      ],
      [
       -97.7463602,
       30.2898626
      ],
      [
       -97.7463242,
       30.2898596
      ]
     ]
    ]
   }
  },
  {
   "type": "Feature",
   "properties": {
    "id": "e3b220df-3318-454a-aa3c-8182d5fbcf5b",
    "name": null,
    "overture_height": 25.5,
    "num_floors": null,
    "building_class": "parking",
    "final_height": 25.5,
    "source_height": "overture",
    "dist_m": 260,
    "centroid": [
     -97.743071,
     30.286196
    ]
   },
   "geometry": {
    "type": "Polygon",
    "coordinates": [
     [
      [
       -97.743051,
       30.28645
      ],
      [
       -97.743052,
       30.286455
      ],
      [
       -97.743252,
       30.286468
      ],
      [
       -97.743308,
       30.285888
      ],
      [
       -97.743063,
       30.28587
      ],
      [
       -97.743062,
       30.285877
      ],
      [
       -97.742926,
       30.285866
      ],
      [
       -97.74287,
       30.286438
      ],
      [
       -97.743051,
       30.28645
      ]
     ]
    ]
   }
  },
  {
   "type": "Feature",
   "properties": {
    "id": "b8fbe4a8-3131-4679-8468-28e0d0d97f77",
    "name": null,
    "overture_height": 5.1,
    "num_floors": null,
    "building_class": null,
    "final_height": 5.1,
    "source_height": "overture",
    "dist_m": 262,
    "centroid": [
     -97.747369,
     30.289068
    ]
   },
   "geometry": {
    "type": "Polygon",
    "coordinates": [
     [
      [
       -97.7473072,
       30.2890146
      ],
      [
       -97.7472982,
       30.2891386
      ],
      [
       -97.7474612,
       30.2891476
      ],
      [
       -97.7474702,
       30.2890236
      ],
      [
       -97.7473072,
       30.2890146
      ]
     ]
    ]
   }
  },
  {
   "type": "Feature",
   "properties": {
    "id": "024cf922-3858-4bfc-9161-8c15903a4917",
    "name": "Whitehall Cooperative",
    "overture_height": 12.8,
    "num_floors": 2,
    "building_class": "house",
    "final_height": 12.8,
    "source_height": "overture",
    "dist_m": 262,
    "centroid": [
     -97.743301,
     30.289399
    ]
   },
   "geometry": {
    "type": "Polygon",
    "coordinates": [
     [
      [
       -97.743356,
       30.289458
      ],
      [
       -97.743366,
       30.289458
      ],
      [
       -97.743438,
       30.289463
      ],
      [
       -97.743448,
       30.289337
      ],
      [
       -97.743378,
       30.289333
      ],
      [
       -97.743381,
       30.289296
      ],
      [
       -97.743248,
       30.289287
      ],
      [
       -97.743239,
       30.289385
      ],
      [
       -97.743216,
       30.289383
      ],
      [
       -97.743215,
       30.289396
      ],
      [
       -97.743203,
       30.289395
      ],
      [
       -97.7432,
       30.289423
      ],
      [
       -97.743211,
       30.289424
      ],
      [
       -97.74321,
       30.289436
      ],
      [
       -97.743357,
       30.289445
      ],
      [
       -97.743356,
       30.289458
      ]
     ]
    ]
   }
  },
  {
   "type": "Feature",
   "properties": {
    "id": "89fb8296-bdd2-44ca-87b5-11f4c01af242",
    "name": null,
    "overture_height": 8.4,
    "num_floors": null,
    "building_class": null,
    "final_height": 8.4,
    "source_height": "overture",
    "dist_m": 263,
    "centroid": [
     -97.745963,
     30.289935
    ]
   },
   "geometry": {
    "type": "Polygon",
    "coordinates": [
     [
      [
       -97.745918,
       30.289987
      ],
      [
       -97.74602,
       30.289993
      ],
      [
       -97.746032,
       30.289856
      ],
      [
       -97.745929,
       30.28985
      ],
      [
       -97.745918,
       30.289987
      ]
     ]
    ]
   }
  },
  {
   "type": "Feature",
   "properties": {
    "id": "7777ec34-eaf3-48ff-851c-679aa6d788b5",
    "name": null,
    "overture_height": 10.5,
    "num_floors": null,
    "building_class": null,
    "final_height": 10.5,
    "source_height": "overture",
    "dist_m": 266,
    "centroid": [
     -97.747613,
     30.286578
    ]
   },
   "geometry": {
    "type": "Polygon",
    "coordinates": [
     [
      [
       -97.7476945,
       30.286497
      ],
      [
       -97.7475725,
       30.286487
      ],
      [
       -97.7475665,
       30.286548
      ],
      [
       -97.7475545,
       30.286547
      ],
      [
       -97.7475515,
       30.286578
      ],
      [
       -97.7475585,
       30.286579
      ],
      [
       -97.7475455,
       30.286699
      ],
      [
       -97.7476125,
       30.286704
      ],
      [
       -97.7476145,
       30.286684
      ],
      [
       -97.7476085,
       30.286684
      ],
      [
       -97.7476155,
       30.286616
      ],
      [
       -97.7476085,
       30.286615
      ],
      [
       -97.7476125,
       30.286581
      ],
      [
       -97.7475735,
       30.286578
      ],
      [
       -97.7475765,
       30.286554
      ],
      [
       -97.7476055,
       30.286556
      ],
      [
       -97.7476055,
       30.286558
      ],
      [
       -97.7476985,
       30.286566
      ],
      [
       -97.7477045,
       30.286509
      ],
      [
       -97.7476935,
       30.286508
      ],
      [
       -97.7476945,
       30.286497
      ]
     ]
    ]
   }
  },
  {
   "type": "Feature",
   "properties": {
    "id": "e6dd1619-e34a-4906-9d17-561ffb2ad955",
    "name": "San Antonio Garage",
    "overture_height": 23.0,
    "num_floors": 7,
    "building_class": "parking",
    "final_height": 23.0,
    "source_height": "overture",
    "dist_m": 268,
    "centroid": [
     -97.742584,
     30.288588
    ]
   },
   "geometry": {
    "type": "Polygon",
    "coordinates": [
     [
      [
       -97.7424058,
       30.2890541
      ],
      [
       -97.7428946,
       30.2890901
      ],
      [
       -97.742903,
       30.2890051
      ],
      [
       -97.7429626,
       30.288405
      ],
      [
       -97.742966,
       30.2883682
      ],
      [
       -97.74291,
       30.2883641
      ],
      [
       -97.7429149,
       30.2883146
      ],
      [
       -97.7424821,
       30.2882826
      ],
      [
       -97.742477,
       30.2883347
      ],
      [
       -97.7424693,
       30.2883341
      ],
      [
       -97.7424738,
       30.2882887
      ],
      [
       -97.7424324,
       30.2882856
      ],
      [
       -97.7424279,
       30.2883311
      ],
      [
       -97.7424218,
       30.2883307
      ],
      [
       -97.7424187,
       30.2883627
      ],
      [
       -97.7423594,
       30.2889636
      ],
      [
       -97.7423558,
       30.2890002
      ],
      [
       -97.7424108,
       30.2890042
      ],
      [
       -97.7424058,
       30.2890541
      ]
     ]
    ]
   }
  },
  {
   "type": "Feature",
   "properties": {
    "id": "5d0ef5c4-280a-449d-b028-ae7abd1fd33f",
    "name": null,
    "overture_height": null,
    "num_floors": null,
    "building_class": null,
    "final_height": 8.0,
    "source_height": "class_default",
    "dist_m": 270,
    "centroid": [
     -97.747294,
     30.289253
    ]
   },
   "geometry": {
    "type": "Polygon",
    "coordinates": [
     [
      [
       -97.7472618,
       30.2891731
      ],
      [
       -97.7471316,
       30.2891639
      ],
      [
       -97.7471149,
       30.2893391
      ],
      [
       -97.7472031,
       30.2893454
      ],
      [
       -97.7472042,
       30.2893335
      ],
      [
       -97.7473698,
       30.2893452
      ],
      [
       -97.7473688,
       30.2893562
      ],
      [
       -97.7474647,
       30.289363
      ],
      [
       -97.7474813,
       30.2891879
      ],
      [
       -97.7473506,
       30.2891787
      ],
      [
       -97.7473517,
       30.2891666
      ],
      [
       -97.747263,
       30.2891603
      ],
      [
       -97.7472618,
       30.2891731
      ]
     ]
    ]
   }
  },
  {
   "type": "Feature",
   "properties": {
    "id": "ebb4403e-5abd-4284-808b-f25fb8d310d3",
    "name": "Inspire on 22nd",
    "overture_height": 56.388,
    "num_floors": 18,
    "building_class": "apartments",
    "final_height": 56.4,
    "source_height": "overture",
    "dist_m": 270,
    "centroid": [
     -97.744121,
     30.285427
    ]
   },
   "geometry": {
    "type": "Polygon",
    "coordinates": [
     [
      [
       -97.7439936,
       30.2854561
      ],
      [
       -97.7439852,
       30.2855538
      ],
      [
       -97.7443576,
       30.2855777
      ],
      [
       -97.7443841,
       30.28527
      ],
      [
       -97.7440116,
       30.2852462
      ],
      [
       -97.7439936,
       30.2854561
      ]
     ]
    ]
   }
  },
  {
   "type": "Feature",
   "properties": {
    "id": "307878e3-63d2-471c-83d1-6b405de9e7b7",
    "name": "The Castilian",
    "overture_height": 11.33427906036377,
    "num_floors": 22,
    "building_class": "apartments",
    "final_height": 60.0,
    "source_height": "hero_override",
    "dist_m": 271,
    "centroid": [
     -97.742365,
     30.28738
    ]
   },
   "geometry": {
    "type": "Polygon",
    "coordinates": [
     [
      [
       -97.7421846,
       30.2876457
      ],
      [
       -97.7425667,
       30.287674
      ],
      [
       -97.7426357,
       30.2869808
      ],
      [
       -97.7422536,
       30.2869525
      ],
      [
       -97.7421846,
       30.2876457
      ]
     ]
    ]
   }
  },
  {
   "type": "Feature",
   "properties": {
    "id": "5453ffd2-7119-4e67-ba04-603bde7f10b4",
    "name": null,
    "overture_height": 25.0,
    "num_floors": null,
    "building_class": null,
    "final_height": 25.0,
    "source_height": "overture",
    "dist_m": 272,
    "centroid": [
     -97.743395,
     30.289584
    ]
   },
   "geometry": {
    "type": "Polygon",
    "coordinates": [
     [
      [
       -97.743633,
       30.289528
      ],
      [
       -97.7430564,
       30.2894847
      ],
      [
       -97.7430379,
       30.2896684
      ],
      [
       -97.7436145,
       30.2897118
      ],
      [
       -97.743633,
       30.289528
      ]
     ]
    ]
   }
  },
  {
   "type": "Feature",
   "properties": {
    "id": "5b06ffd9-f59d-4db1-afc5-10301b5bd737",
    "name": null,
    "overture_height": 3.6,
    "num_floors": null,
    "building_class": null,
    "final_height": 3.6,
    "source_height": "overture",
    "dist_m": 272,
    "centroid": [
     -97.747218,
     30.286006
    ]
   },
   "geometry": {
    "type": "Polygon",
    "coordinates": [
     [
      [
       -97.7472335,
       30.286033
      ],
      [
       -97.7472385,
       30.285968
      ],
      [
       -97.7471935,
       30.285966
      ],
      [
       -97.7471895,
       30.286031
      ],
      [
       -97.7472335,
       30.286033
      ]
     ]
    ]
   }
  },
  {
   "type": "Feature",
   "properties": {
    "id": "5f1f22b5-158e-4bbd-87cd-697b94f06122",
    "name": null,
    "overture_height": 14.1,
    "num_floors": null,
    "building_class": null,
    "final_height": 14.1,
    "source_height": "overture",
    "dist_m": 273,
    "centroid": [
     -97.744117,
     30.28996
    ]
   },
   "geometry": {
    "type": "Polygon",
    "coordinates": [
     [
      [
       -97.744081,
       30.290177
      ],
      [
       -97.743773,
       30.290153
      ],
      [
       -97.74377,
       30.290188
      ],
      [
       -97.743759,
       30.290188
      ],
      [
       -97.743759,
       30.290198
      ],
      [
       -97.743768,
       30.290198
      ],
      [
       -97.743764,
       30.29024
      ],
      [
       -97.743752,
       30.290239
      ],
      [
       -97.743746,
       30.290325
      ],
      [
       -97.743754,
       30.290325
      ],
      [
       -97.743751,
       30.290373
      ],
      [
       -97.743739,
       30.290373
      ],
      [
       -97.743736,
       30.290419
      ],
      [
       -97.743742,
       30.29042
      ],
      [
       -97.743739,
       30.290465
      ],
      [
       -97.743729,
       30.290464
      ],
      [
       -97.743728,
       30.290477
      ],
      [
       -97.743737,
       30.290477
      ],
      [
       -97.743733,
       30.290527
      ],
      [
       -97.743764,
       30.290529
      ],
      [
       -97.743765,
       30.290521
      ],
      [
       -97.743867,
       30.290527
      ],
      [
       -97.743866,
       30.290541
      ],
      [
       -97.743977,
       30.290548
      ],
      [
       -97.743978,
       30.29054
      ],
      [
       -97.744066,
       30.290545
      ],
      [
       -97.744065,
       30.290557
      ],
      [
       -97.744177,
       30.290563
      ],
      [
       -97.744178,
       30.290552
      ],
      [
       -97.744279,
       30.290558
      ],
      [
       -97.744278,
       30.290569
      ],
      [
       -97.744313,
       30.290571
      ],
      [
       -97.744317,
       30.290521
      ],
      [
       -97.744325,
       30.290521
      ],
      [
       -97.744326,
       30.290515
      ],
      [
       -97.744316,
       30.290514
      ],
      [
       -97.74432,
       30.290471
      ],
      [
       -97.744332,
       30.290472
      ],
      [
       -97.744338,
       30.290389
      ],
      [
       -97.744329,
       30.290388
      ],
      [
       -97.744331,
       30.290369
      ],
      [
       -97.744341,
       30.29037
      ],
      [
       -97.744347,
       30.290288
      ],
      [
       -97.744341,
       30.290288
      ],
      [
       -97.744344,
       30.290245
      ],
      [
       -97.744355,
       30.290246
      ],
      [
       -97.744356,
       30.290235
      ],
      [
       -97.744348,
       30.290235
      ],
      [
       -97.744351,
       30.290193
      ],
      [
       -97.744099,
       30.290179
      ],
      [
       -97.744103,
       30.290129
      ],
      [
       -97.744192,
       30.290135
      ],
      [
       -97.744192,
       30.290142
      ],
      [
       -97.744201,
       30.290142
      ],
      [
       -97.744201,
       30.290139
      ],
      [
       -97.744293,
       30.290144
      ],
      [
       -97.744294,
       30.290135
      ],
      [
       -97.744347,
       30.290138
      ],
      [
       -97.744351,
       30.290084
      ],
      [
       -97.744361,
       30.290084
      ],
      [
       -97.744361,
       30.290078
      ],
      [
       -97.74435,
       30.290078
      ],
      [
       -97.744352,
       30.290053
      ],
      [
       -97.74436,
       30.290054
      ],
      [
       -97.744363,
       30.290012
      ],
      [
       -97.744357,
       30.290011
      ],
      [
       -97.744361,
       30.289967
      ],
      [
       -97.744368,
       30.289968
      ],
      [
       -97.744368,
       30.28996
      ],
      [
       -97.744361,
       30.289959
      ],
      [
       -97.744364,
       30.289928
      ],
      [
       -97.744351,
       30.289927
      ],
      [
       -97.744352,
       30.289922
      ],
      [
       -97.744342,
       30.289921
      ],
      [
       -97.744342,
       30.289912
      ],
      [
       -97.744373,
       30.289914
      ],
      [
       -97.744378,
       30.289846
      ],
      [
       -97.744386,
       30.289847
      ],
      [
       -97.744387,
       30.289839
      ],
      [
       -97.744379,
       30.289839
      ],
      [
       -97.744383,
       30.289788
      ],
      [
       -97.744341,
       30.289786
      ],
      [
       -97.744342,
       30.289775
      ],
      [
       -97.744292,
       30.289772
      ],
      [
       -97.744294,
       30.289747
      ],
      [
       -97.744303,
       30.289748
      ],
      [
       -97.744304,
       30.289744
      ],
      [
       -97.744385,
       30.289748
      ],
      [
       -97.744386,
       30.289736
      ],
      [
       -97.744391,
       30.289736
      ],
      [
       -97.744393,
       30.289709
      ],
      [
       -97.744402,
       30.289709
      ],
      [
       -97.744403,
       30.289698
      ],
      [
       -97.744394,
       30.289698
      ],
      [
       -97.744397,
       30.289657
      ],
      [
       -97.744407,
       30.289658
      ],
      [
       -97.744414,
       30.289574
      ],
      [
       -97.744407,
       30.289574
      ],
      [
       -97.744408,
       30.289558
      ],
      [
       -97.744419,
       30.289559
      ],
      [
       -97.744426,
       30.289472
      ],
      [
       -97.744418,
       30.289471
      ],
      [
       -97.744421,
       30.289431
      ],
      [
       -97.74443,
       30.289432
      ],
      [
       -97.744431,
       30.28942
      ],
      [
       -97.744423,
       30.28942
      ],
      [
       -97.744427,
       30.289373
      ],
      [
       -97.744392,
       30.289371
      ],
      [
       -97.744392,
       30.289376
      ],
      [
       -97.744262,
       30.289368
      ],
      [
       -97.744263,
       30.289354
      ],
      [
       -97.744176,
       30.289349
      ],
      [
       -97.744175,
       30.289359
      ],
      [
       -97.744107,
       30.289355
      ],
      [
       -97.744108,
       30.289341
      ],
      [
       -97.74398,
       30.289334
      ],
      [
       -97.743979,
       30.289346
      ],
      [
       -97.743879,
       30.28934
      ],
      [
       -97.743879,
       30.289331
      ],
      [
       -97.743849,
       30.289329
      ],
      [
       -97.743845,
       30.289377
      ],
      [
       -97.743835,
       30.289377
      ],
      [
       -97.743834,
       30.289391
      ],
      [
       -97.743846,
       30.289392
      ],
      [
       -97.743843,
       30.28943
      ],
      [
       -97.743828,
       30.289429
      ],
      [
       -97.743822,
       30.289509
      ],
      [
       -97.743834,
       30.28951
      ],
      [
       -97.743832,
       30.289532
      ],
      [
       -97.74382,
       30.289531
      ],
      [
       -97.743814,
       30.289611
      ],
      [
       -97.74382,
       30.289611
      ],
      [
       -97.743812,
       30.289707
      ],
      [
       -97.743901,
       30.289712
      ],
      [
       -97.7439,
       30.289718
      ],
      [
       -97.743912,
       30.289719
      ],
      [
       -97.743911,
       30.289731
      ],
      [
       -97.743873,
       30.289729
      ],
      [
       -97.743873,
       30.28974
      ],
      [
       -97.743814,
       30.289736
      ],
      [
       -97.743798,
       30.28994
      ],
      [
       -97.743812,
       30.289941
      ],
      [
       -97.743812,
       30.289948
      ],
      [
       -97.743828,
       30.289949
      ],
      [
       -97.743827,
       30.289963
      ],
      [
       -97.743803,
       30.289962
      ],
      [
       -97.743802,
       30.289968
      ],
      [
       -97.743784,
       30.289967
      ],
      [
       -97.743775,
       30.290085
      ],
      [
       -97.743835,
       30.290089
      ],
      [
       -97.743834,
       30.290098
      ],
      [
       -97.743875,
       30.290101
      ],
      [
       -97.743875,
       30.290097
      ],
      [
       -97.744,
       30.290105
      ],
      [
       -97.743998,
       30.290123
      ],
      [
       -97.744086,
       30.290128
      ],
      [
       -97.744081,
       30.290177
      ]
     ]
    ]
   }
  },
  {
   "type": "Feature",
   "properties": {
    "id": "37047c0a-3bc1-488f-9fc5-e92ada59608c",
    "name": null,
    "overture_height": 6.9,
    "num_floors": null,
    "building_class": null,
    "final_height": 6.9,
    "source_height": "overture",
    "dist_m": 273,
    "centroid": [
     -97.747305,
     30.28607
    ]
   },
   "geometry": {
    "type": "Polygon",
    "coordinates": [
     [
      [
       -97.7473565,
       30.286041
      ],
      [
       -97.7473705,
       30.285914
      ],
      [
       -97.7473125,
       30.28591
      ],
      [
       -97.7473085,
       30.285953
      ],
      [
       -97.7472935,
       30.285952
      ],
      [
       -97.7472905,
       30.285979
      ],
      [
       -97.7473065,
       30.28598
      ],
      [
       -97.7473005,
       30.286041
      ],
      [
       -97.7472575,
       30.286038
      ],
      [
       -97.7472505,
       30.286097
      ],
      [
       -97.7472405,
       30.286097
      ],
      [
       -97.7472355,
       30.286146
      ],
      [
       -97.7472475,
       30.286147
      ],
      [
       -97.7472415,
       30.286207
      ],
      [
       -97.7473165,
       30.286213
      ],
      [
       -97.7473185,
       30.286194
      ],
      [
       -97.7473495,
       30.286196
      ],
      [
       -97.7473555,
       30.286143
      ],
      [
       -97.7473415,
       30.286142
      ],
      [
       -97.7473515,
       30.286041
      ],
      [
       -97.7473565,
       30.286041
      ]
     ]
    ]
   }
  },
  {
   "type": "Feature",
   "properties": {
    "id": "991230f7-9c2c-4a8e-bc6a-d32eb60d8f00",
    "name": null,
    "overture_height": 8.4,
    "num_floors": null,
    "building_class": "apartments",
    "final_height": 8.4,
    "source_height": "overture",
    "dist_m": 280,
    "centroid": [
     -97.744926,
     30.290185
    ]
   },
   "geometry": {
    "type": "Polygon",
    "coordinates": [
     [
      [
       -97.744963,
       30.290084
      ],
      [
       -97.744653,
       30.290066
      ],
      [
       -97.744639,
       30.290254
      ],
      [
       -97.744864,
       30.290267
      ],
      [
       -97.744863,
       30.290283
      ],
      [
       -97.745212,
       30.290302
      ],
      [
       -97.745222,
       30.290168
      ],
      [
       -97.744958,
       30.290153
      ],
      [
       -97.744963,
       30.290084
      ]
     ]
    ]
   }
  },
  {
   "type": "Feature",
   "properties": {
    "id": "5bf5b8fc-4683-429b-95fd-e520fb409387",
    "name": null,
    "overture_height": 11.4,
    "num_floors": null,
    "building_class": null,
    "final_height": 11.4,
    "source_height": "overture",
    "dist_m": 281,
    "centroid": [
     -97.747811,
     30.286613
    ]
   },
   "geometry": {
    "type": "Polygon",
    "coordinates": [
     [
      [
       -97.7477305,
       30.286498
      ],
      [
       -97.7477135,
       30.286687
      ],
      [
       -97.7477295,
       30.286688
      ],
      [
       -97.7477205,
       30.286784
      ],
      [
       -97.7478495,
       30.286793
      ],
      [
       -97.7478585,
       30.286698
      ],
      [
       -97.7478805,
       30.286699
      ],
      [
       -97.7478835,
       30.286665
      ],
      [
       -97.7478225,
       30.28666
      ],
      [
       -97.7478285,
       30.286601
      ],
      [
       -97.7478885,
       30.286605
      ],
      [
       -97.7478965,
       30.28651
      ],
      [
       -97.7478255,
       30.286506
      ],
      [
       -97.7478245,
       30.286518
      ],
      [
       -97.7478005,
       30.286516
      ],
      [
       -97.7478015,
       30.286503
      ],
      [
       -97.7477305,
       30.286498
      ]
     ]
    ]
   }
  },
  {
   "type": "Feature",
   "properties": {
    "id": "044b203e-2d36-4321-adc9-eea56d0ddc4e",
    "name": null,
    "overture_height": 27.9,
    "num_floors": null,
    "building_class": null,
    "final_height": 27.9,
    "source_height": "overture",
    "dist_m": 281,
    "centroid": [
     -97.746855,
     30.285619
    ]
   },
   "geometry": {
    "type": "Polygon",
    "coordinates": [
     [
      [
       -97.7466236,
       30.2857913
      ],
      [
       -97.7468126,
       30.2858043
      ],
      [
       -97.7468126,
       30.2858013
      ],
      [
       -97.7469596,
       30.2858113
      ],
      [
       -97.7469656,
       30.2857433
      ],
      [
       -97.7469536,
       30.2857433
      ],
      [
       -97.7469576,
       30.2856943
      ],
      [
       -97.7468656,
       30.2856883
      ],
      [
       -97.7468656,
       30.2856903
      ],
      [
       -97.7468316,
       30.2856883
      ],
      [
       -97.7468296,
       30.2857123
      ],
      [
       -97.7468016,
       30.2857103
      ],
      [
       -97.7468096,
       30.2856133
      ],
      [
       -97.7468626,
       30.2856173
      ],
      [
       -97.7468616,
       30.2856363
      ],
      [
       -97.7469426,
       30.2856413
      ],
      [
       -97.7469486,
       30.2855793
      ],
      [
       -97.7469926,
       30.2855823
      ],
      [
       -97.7469866,
       30.2856483
      ],
      [
       -97.7469646,
       30.2856463
      ],
      [
       -97.7469616,
       30.2856843
      ],
      [
       -97.7470736,
       30.2856903
      ],
      [
       -97.7470886,
       30.2855253
      ],
      [
       -97.7470806,
       30.2855243
      ],
      [
       -97.7470816,
       30.2855153
      ],
      [
       -97.7470096,
       30.2855103
      ],
      [
       -97.7470096,
       30.2855133
      ],
      [
       -97.7469856,
       30.2855113
      ],
      [
       -97.7469886,
       30.2854783
      ],
      [
       -97.7469646,
       30.2854763
      ],
      [
       -97.7469676,
       30.2854423
      ],
      [
       -97.7468946,
       30.2854373
      ],
      [
       -97.7468936,
       30.2854463
      ],
      [
       -97.7467676,
       30.2854373
      ],
      [
       -97.7467686,
       30.2854303
      ],
      [
       -97.7467046,
       30.2854263
      ],
      [
       -97.7467036,
       30.2854343
      ],
      [
       -97.7466226,
       30.2854283
      ],
      [
       -97.7465996,
       30.2856793
      ],
      [
       -97.7466036,
       30.2856793
      ],
      [
       -97.7466016,
       30.2857083
      ],
      [
       -97.7465986,
       30.2857073
      ],
      [
       -97.7465926,
       30.2857763
      ],
      [
       -97.7466246,
       30.2857783
      ],
      [
       -97.7466236,
       30.2857913
      ]
     ]
    ]
   }
  },
  {
   "type": "Feature",
   "properties": {
    "id": "d0eec9b3-c666-4874-abd8-8f66a54c8468",
    "name": null,
    "overture_height": 2.6,
    "num_floors": null,
    "building_class": null,
    "final_height": 2.6,
    "source_height": "overture",
    "dist_m": 282,
    "centroid": [
     -97.745258,
     30.290212
    ]
   },
   "geometry": {
    "type": "Polygon",
    "coordinates": [
     [
      [
       -97.745246,
       30.290222
      ],
      [
       -97.745275,
       30.290223
      ],
      [
       -97.745276,
       30.290197
      ],
      [
       -97.745247,
       30.290196
      ],
      [
       -97.745246,
       30.290222
      ]
     ]
    ]
   }
  },
  {
   "type": "Feature",
   "properties": {
    "id": "02bbe7f3-6d8e-404d-beff-1f9b6fc92807",
    "name": "Villas on Nueces",
    "overture_height": 14.7,
    "num_floors": null,
    "building_class": "apartments",
    "final_height": 14.7,
    "source_height": "overture",
    "dist_m": 283,
    "centroid": [
     -97.743618,
     30.285511
    ]
   },
   "geometry": {
    "type": "Polygon",
    "coordinates": [
     [
      [
       -97.7437861,
       30.2854612
      ],
      [
       -97.7436007,
       30.2854478
      ],
      [
       -97.7436234,
       30.2852119
      ],
      [
       -97.7434274,
       30.2851978
      ],
      [
       -97.7433611,
       30.2858846
      ],
      [
       -97.7437426,
       30.285912
      ],
      [
       -97.7437861,
       30.2854612
      ]
     ],
     [
      [
       -97.7436614,
       30.2857127
      ],
      [
       -97.743621,
       30.2857099
      ],
      [
       -97.7436187,
       30.2857358
      ],
      [
       -97.7435726,
       30.2857327
      ],
      [
       -97.7435828,
       30.2856189
      ],
      [
       -97.7436267,
       30.2856218
      ],
      [
       -97.7436244,
       30.285647
      ],
      [
       -97.7436671,
       30.2856498
      ],
      [
       -97.7436614,
       30.2857127
      ]
     ]
    ]
   }
  },
  {
   "type": "Feature",
   "properties": {
    "id": "d46f21ff-a43c-46b7-be1d-677e8c20f455",
    "name": null,
    "overture_height": 11.3,
    "num_floors": null,
    "building_class": null,
    "final_height": 11.3,
    "source_height": "overture",
    "dist_m": 286,
    "centroid": [
     -97.74551,
     30.290228
    ]
   },
   "geometry": {
    "type": "Polygon",
    "coordinates": [
     [
      [
       -97.745315,
       30.290219
      ],
      [
       -97.745309,
       30.290304
      ],
      [
       -97.745631,
       30.290322
      ],
      [
       -97.745637,
       30.290239
      ],
      [
       -97.745644,
       30.290239
      ],
      [
       -97.745651,
       30.290144
      ],
      [
       -97.745549,
       30.290138
      ],
      [
       -97.745542,
       30.290232
      ],
      [
       -97.745315,
       30.290219
      ]
     ]
    ]
   }
  },
  {
   "type": "Feature",
   "properties": {
    "id": "e26d4260-98ee-461b-bc0c-6ddd1a5a9d42",
    "name": null,
    "overture_height": 12.4,
    "num_floors": null,
    "building_class": null,
    "final_height": 12.4,
    "source_height": "overture",
    "dist_m": 286,
    "centroid": [
     -97.747526,
     30.286112
    ]
   },
   "geometry": {
    "type": "Polygon",
    "coordinates": [
     [
      [
       -97.7475045,
       30.286065
      ],
      [
       -97.7474655,
       30.286062
      ],
      [
       -97.7474575,
       30.286179
      ],
      [
       -97.7474785,
       30.286206
      ],
      [
       -97.7475045,
       30.286191
      ],
      [
       -97.7475545,
       30.286194
      ],
      [
       -97.7475575,
       30.286153
      ],
      [
       -97.7475685,
       30.286154
      ],
      [
       -97.7475725,
       30.286104
      ],
      [
       -97.7475605,
       30.286103
      ],
      [
       -97.7475635,
       30.286066
      ],
      [
       -97.7475475,
       30.286065
      ],
      [
       -97.7475495,
       30.286039
      ],
      [
       -97.7475065,
       30.286037
      ],
      [
       -97.7475045,
       30.286065
      ]
     ]
    ]
   }
  },
  {
   "type": "Feature",
   "properties": {
    "id": "820573af-d7fa-450c-b94a-88d98d497b1b",
    "name": "Congregational Church of Austin",
    "overture_height": 14.9,
    "num_floors": null,
    "building_class": null,
    "final_height": 14.9,
    "source_height": "overture",
    "dist_m": 287,
    "centroid": [
     -97.74241,
     30.286677
    ]
   },
   "geometry": {
    "type": "Polygon",
    "coordinates": [
     [
      [
       -97.742274,
       30.286583
      ],
      [
       -97.742259,
       30.286752
      ],
      [
       -97.742443,
       30.286764
      ],
      [
       -97.742444,
       30.286752
      ],
      [
       -97.742573,
       30.28676
      ],
      [
       -97.742582,
       30.286662
      ],
      [
       -97.742456,
       30.286654
      ],
      [
       -97.742454,
       30.286677
      ],
      [
       -97.742372,
       30.286672
      ],
      [
       -97.742379,
       30.28659
      ],
      [
       -97.742274,
       30.286583
      ]
     ]
    ]
   }
  },
  {
   "type": "Feature",
   "properties": {
    "id": "c50bba3f-e0c5-47be-8bc8-d9890ba32748",
    "name": null,
    "overture_height": 9.945174217224121,
    "num_floors": null,
    "building_class": null,
    "final_height": 9.9,
    "source_height": "overture",
    "dist_m": 288,
    "centroid": [
     -97.748031,
     30.288434
    ]
   },
   "geometry": {
    "type": "Polygon",
    "coordinates": [
     [
      [
       -97.7481083,
       30.2884579
      ],
      [
       -97.7481097,
       30.2884023
      ],
      [
       -97.747914,
       30.2883985
      ],
      [
       -97.7479126,
       30.288454
      ],
      [
       -97.7481083,
       30.2884579
      ]
     ]
    ]
   }
  },
  {
   "type": "Feature",
   "properties": {
    "id": "bdf88cf4-b61a-4248-8f1a-0886f13cd83a",
    "name": null,
    "overture_height": 7.8,
    "num_floors": null,
    "building_class": null,
    "final_height": 7.8,
    "source_height": "overture",
    "dist_m": 289,
    "centroid": [
     -97.74721,
     30.285772
    ]
   },
   "geometry": {
    "type": "Polygon",
    "coordinates": [
     [
      [
       -97.7472545,
       30.285745
      ],
      [
       -97.7471485,
       30.285739
      ],
      [
       -97.7471425,
       30.285813
      ],
      [
       -97.7472485,
       30.285819
      ],
      [
       -97.7472545,
       30.285745
      ]
     ]
    ]
   }
  },
  {
   "type": "Feature",
   "properties": {
    "id": "cc6a8e51-738c-411a-831c-5dca17b76a12",
    "name": null,
    "overture_height": 13.1,
    "num_floors": null,
    "building_class": null,
    "final_height": 13.1,
    "source_height": "overture",
    "dist_m": 291,
    "centroid": [
     -97.74583,
     30.290227
    ]
   },
   "geometry": {
    "type": "Polygon",
    "coordinates": [
     [
      [
       -97.74576,
       30.290171
      ],
      [
       -97.745686,
       30.290167
      ],
      [
       -97.745675,
       30.290321
      ],
      [
       -97.745988,
       30.290339
      ],
      [
       -97.746,
       30.290184
      ],
      [
       -97.745928,
       30.29018
      ],
      [
       -97.745922,
       30.290259
      ],
      [
       -97.745754,
       30.29025
      ],
      [
       -97.74576,
       30.290171
      ]
     ]
    ]
   }
  },
  {
   "type": "Feature",
   "properties": {
    "id": "958be88f-1bf8-471d-a3fd-c131169015c2",
    "name": null,
    "overture_height": 15.4,
    "num_floors": null,
    "building_class": null,
    "final_height": 15.4,
    "source_height": "overture",
    "dist_m": 296,
    "centroid": [
     -97.746252,
     30.29017
    ]
   },
   "geometry": {
    "type": "Polygon",
    "coordinates": [
     [
      [
       -97.746185,
       30.290131
      ],
      [
       -97.746103,
       30.290125
      ],
      [
       -97.746094,
       30.290237
      ],
      [
       -97.746189,
       30.290244
      ],
      [
       -97.74619,
       30.290231
      ],
      [
       -97.746312,
       30.290239
      ],
      [
       -97.746311,
       30.29025
      ],
      [
       -97.746404,
       30.290257
      ],
      [
       -97.746414,
       30.290144
      ],
      [
       -97.746333,
       30.290138
      ],
      [
       -97.746335,
       30.29012
      ],
      [
       -97.746303,
       30.290118
      ],
      [
       -97.746299,
       30.290157
      ],
      [
       -97.746215,
       30.290151
      ],
      [
       -97.746217,
       30.290113
      ],
      [
       -97.746187,
       30.290112
      ],
      [
       -97.746185,
       30.290131
      ]
     ]
    ]
   }
  },
  {
   "type": "Feature",
   "properties": {
    "id": "f03edb39-5634-497c-a347-d95938d54c1d",
    "name": null,
    "overture_height": 3.6,
    "num_floors": null,
    "building_class": null,
    "final_height": 3.6,
    "source_height": "overture",
    "dist_m": 296,
    "centroid": [
     -97.747318,
     30.285777
    ]
   },
   "geometry": {
    "type": "Polygon",
    "coordinates": [
     [
      [
       -97.7472805,
       30.285744
      ],
      [
       -97.7472725,
       30.285826
      ],
      [
       -97.7473595,
       30.285833
      ],
      [
       -97.7473655,
       30.285773
      ],
      [
       -97.7473315,
       30.285771
      ],
      [
       -97.7473335,
       30.285748
      ],
      [
       -97.7472805,
       30.285744
      ]
     ]
    ]
   }
  },
  {
   "type": "Feature",
   "properties": {
    "id": "37f3b827-dbc1-4cf9-bd0c-01c123db9f1f",
    "name": null,
    "overture_height": 13.1,
    "num_floors": null,
    "building_class": null,
    "final_height": 13.1,
    "source_height": "overture",
    "dist_m": 296,
    "centroid": [
     -97.745376,
     30.285024
    ]
   },
   "geometry": {
    "type": "Polygon",
    "coordinates": [
     [
      [
       -97.745336,
       30.2850925
      ],
      [
       -97.745335,
       30.2851039
      ],
      [
       -97.7454007,
       30.2851081
      ],
      [
       -97.7454013,
       30.2850999
      ],
      [
       -97.7454689,
       30.2851041
      ],
      [
       -97.745478,
       30.2849964
      ],
      [
       -97.7454343,
       30.2849936
      ],
      [
       -97.7454378,
       30.2849516
      ],
      [
       -97.7454177,
       30.2849504
      ],
      [
       -97.7454183,
       30.2849431
      ],
      [
       -97.7453524,
       30.2849389
      ],
      [
       -97.7453515,
       30.2849495
      ],
      [
       -97.7452395,
       30.2849425
      ],
      [
       -97.7452275,
       30.2850856
      ],
      [
       -97.745336,
       30.2850925
      ]
     ]
    ]
   }
  },
  {
   "type": "Feature",
   "properties": {
    "id": "b423d7a9-4059-44b3-8fed-3d088563c870",
    "name": "Moontower",
    "overture_height": 57.3024,
    "num_floors": 18,
    "building_class": "apartments",
    "final_height": 57.3,
    "source_height": "overture",
    "dist_m": 297,
    "centroid": [
     -97.743187,
     30.285627
    ]
   },
   "geometry": {
    "type": "Polygon",
    "coordinates": [
     [
      [
       -97.7433434,
       30.2854742
      ],
      [
       -97.7429929,
       30.2854491
      ],
      [
       -97.7429536,
       30.285857
      ],
      [
       -97.7433041,
       30.2858822
      ],
      [
       -97.7433434,
       30.2854742
      ]
     ]
    ]
   }
  },
  {
   "type": "Feature",
   "properties": {
    "id": "4fe52d88-e63b-49d8-8032-350db80c3b50",
    "name": "Kenney\u2013Lomax House",
    "overture_height": 10.9,
    "num_floors": 2,
    "building_class": null,
    "final_height": 10.9,
    "source_height": "overture",
    "dist_m": 297,
    "centroid": [
     -97.744735,
     30.285037
    ]
   },
   "geometry": {
    "type": "Polygon",
    "coordinates": [
     [
      [
       -97.7447583,
       30.2850853
      ],
      [
       -97.7447878,
       30.2850877
      ],
      [
       -97.7447909,
       30.285059
      ],
      [
       -97.7447975,
       30.2850595
      ],
      [
       -97.7448069,
       30.2849877
      ],
      [
       -97.7447712,
       30.2849846
      ],
      [
       -97.7447751,
       30.2849497
      ],
      [
       -97.7446502,
       30.2849397
      ],
      [
       -97.7446449,
       30.2849893
      ],
      [
       -97.7446535,
       30.28499
      ],
      [
       -97.7446443,
       30.2850756
      ],
      [
       -97.7447127,
       30.2850811
      ],
      [
       -97.7447119,
       30.2850883
      ],
      [
       -97.7447576,
       30.2850919
      ],
      [
       -97.7447583,
       30.2850853
      ]
     ]
    ]
   }
  },
  {
   "type": "Feature",
   "properties": {
    "id": "e111b1d3-f149-4caf-bc09-af11872628bf",
    "name": "Austin Folk House",
    "overture_height": 10.3,
    "num_floors": null,
    "building_class": null,
    "final_height": 10.3,
    "source_height": "overture",
    "dist_m": 298,
    "centroid": [
     -97.743693,
     30.285322
    ]
   },
   "geometry": {
    "type": "Polygon",
    "coordinates": [
     [
      [
       -97.743771,
       30.285396
      ],
      [
       -97.74379,
       30.285248
      ],
      [
       -97.743662,
       30.285236
      ],
      [
       -97.743656,
       30.285283
      ],
      [
       -97.743646,
       30.285282
      ],
      [
       -97.743639,
       30.285336
      ],
      [
       -97.743653,
       30.285337
      ],
      [
       -97.743647,
       30.285384
      ],
      [
       -97.743771,
       30.285396
      ]
     ]
    ]
   }
  }
 ]
}