{"type":"FeatureCollection","authored":["Amphora","And He Was Sad","Armadillo","Austin","Barbara Jordan Statue","Bat","Bluebonnet","Butler Sound Gallery","Circle with Towers","Clock Knot","Diana the Huntress","Figure on a Trunk","George Washington","Hi, How Are You","History of Black Bronze I","Horned Lizard","Lone Star","Merlin the Magical Sage","Monochrome for Austin","Mustangs","Pedogna","Prickly Pear","Prometheus and Vulture","Sea Turtle","Square Tilt","The Color Inside","The Doughboy","The Swan's Dream of Leda","The Torchbearers","The West","Trilobite Shade","Vermillion","Wall Drawing #520","Winged Victory"],"features":[{"type":"Feature","geometry":{"type":"Polygon","coordinates":[[[-97.740652,30.2874714],[-97.740641,30.2874714],[-97.740641,30.2874806],[-97.740652,30.2874806],[-97.740652,30.2874714]]]},"properties":{"k":"artpart","name":"Barbara Jordan Statue","m":"granite","b":0.0,"h":1.88}},{"type":"Feature","geometry":{"type":"Polygon","coordinates":[[[-97.7406526,30.2874708],[-97.7406404,30.2874708],[-97.7406404,30.2874812],[-97.7406526,30.2874812],[-97.7406526,30.2874708]]]},"properties":{"k":"artpart","name":"Barbara Jordan Statue","m":"granite","b":0.0,"h":0.41}},{"type":"Feature","geometry":{"type":"Polygon","coordinates":[[[-97.7406495,30.287474],[-97.7406435,30.287474],[-97.7406435,30.287478],[-97.7406495,30.287478],[-97.7406495,30.287474]]]},"properties":{"k":"artpart","name":"Barbara Jordan Statue","m":"bronze","b":1.88,"h":2.95}},{"type":"Feature","geometry":{"type":"Polygon","coordinates":[[[-97.7406499,30.2874737],[-97.7406431,30.2874737],[-97.7406431,30.2874783],[-97.7406499,30.2874783],[-97.7406499,30.2874737]]]},"properties":{"k":"artpart","name":"Barbara Jordan Statue","m":"bronze","b":2.95,"h":3.18}},{"type":"Feature","geometry":{"type":"Polygon","coordinates":[[[-97.7406503,30.2874736],[-97.7406427,30.2874736],[-97.7406427,30.2874784],[-97.7406503,30.2874784],[-97.7406503,30.2874736]]]},"properties":{"k":"artpart","name":"Barbara Jordan Statue","m":"bronze","b":3.18,"h":3.74}},{"type":"Feature","geometry":{"type":"Polygon","coordinates":[[[-97.7406513,30.2874737],[-97.7406417,30.2874737],[-97.7406417,30.2874783],[-97.7406513,30.2874783],[-97.7406513,30.2874737]]]},"properties":{"k":"artpart","name":"Barbara Jordan Statue","m":"bronze","b":3.74,"h":3.88}},{"type":"Feature","geometry":{"type":"Polygon","coordinates":[[[-97.7406437,30.287476],[-97.7406446,30.2874777],[-97.7406465,30.2874784],[-97.7406484,30.2874777],[-97.7406493,30.287476],[-97.7406484,30.2874743],[-97.7406465,30.2874736],[-97.7406446,30.2874743],[-97.7406437,30.287476]]]},"properties":{"k":"artpart","name":"Barbara Jordan Statue","m":"bronze","b":3.92,"h":4.2}},{"type":"Feature","geometry":{"type":"Polygon","coordinates":[[[-97.739518,30.2849154],[-97.739507,30.2849154],[-97.739507,30.2849246],[-97.739518,30.2849246],[-97.739518,30.2849154]]]},"properties":{"k":"artpart","name":"George Washington","m":"granite","b":0.0,"h":2.0}},{"type":"Feature","geometry":{"type":"Polygon","coordinates":[[[-97.7395186,30.2849148],[-97.7395064,30.2849148],[-97.7395064,30.2849252],[-97.7395186,30.2849252],[-97.7395186,30.2849148]]]},"properties":{"k":"artpart","name":"George Washington","m":"granite","b":0.0,"h":0.44}},{"type":"Feature","geometry":{"type":"Polygon","coordinates":[[[-97.7395153,30.2849181],[-97.7395097,30.2849181],[-97.7395097,30.2849219],[-97.7395153,30.2849219],[-97.7395153,30.2849181]]]},"properties":{"k":"artpart","name":"George Washington","m":"bronze","b":2.0,"h":3.01}},{"type":"Feature","geometry":{"type":"Polygon","coordinates":[[[-97.7395157,30.2849179],[-97.7395093,30.2849179],[-97.7395093,30.2849221],[-97.7395157,30.2849221],[-97.7395157,30.2849179]]]},"properties":{"k":"artpart","name":"George Washington","m":"bronze","b":3.01,"h":3.23}},{"type":"Feature","geometry":{"type":"Polygon","coordinates":[[[-97.739516,30.2849177],[-97.739509,30.2849177],[-97.739509,30.2849223],[-97.739516,30.2849223],[-97.739516,30.2849177]]]},"properties":{"k":"artpart","name":"George Washington","m":"bronze","b":3.23,"h":3.76}},{"type":"Feature","geometry":{"type":"Polygon","coordinates":[[[-97.739517,30.2849179],[-97.739508,30.2849179],[-97.739508,30.2849221],[-97.739517,30.2849221],[-97.739517,30.2849179]]]},"properties":{"k":"artpart","name":"George Washington","m":"bronze","b":3.76,"h":3.89}},{"type":"Feature","geometry":{"type":"Polygon","coordinates":[[[-97.7395099,30.28492],[-97.7395107,30.2849216],[-97.7395125,30.2849222],[-97.7395143,30.2849216],[-97.7395151,30.28492],[-97.7395143,30.2849184],[-97.7395125,30.2849178],[-97.7395107,30.2849184],[-97.7395099,30.28492]]]},"properties":{"k":"artpart","name":"George Washington","m":"bronze","b":3.94,"h":4.2}},{"type":"Feature","geometry":{"type":"Polygon","coordinates":[[[-97.7403698,30.2859142],[-97.7403292,30.2859142],[-97.7403292,30.2859358],[-97.7403698,30.2859358],[-97.7403698,30.2859142]]]},"properties":{"k":"artpart","name":"The Torchbearers","m":"granite","b":0.0,"h":1.35}},{"type":"Feature","geometry":{"type":"Polygon","coordinates":[[[-97.7403716,30.2859126],[-97.7403274,30.2859126],[-97.7403274,30.2859374],[-97.7403716,30.2859374],[-97.7403716,30.2859126]]]},"properties":{"k":"artpart","name":"The Torchbearers","m":"granite","b":0.0,"h":0.24}},{"type":"Feature","geometry":{"type":"Polygon","coordinates":[[[-97.7403664,30.2859218],[-97.7403607,30.2859218],[-97.7403607,30.2859255],[-97.7403664,30.2859255],[-97.7403664,30.2859218]]]},"properties":{"k":"artpart","name":"The Torchbearers","m":"bronze","b":1.35,"h":2.68}},{"type":"Feature","geometry":{"type":"Polygon","coordinates":[[[-97.7403668,30.2859215],[-97.7403603,30.2859215],[-97.7403603,30.2859258],[-97.7403668,30.2859258],[-97.7403668,30.2859215]]]},"properties":{"k":"artpart","name":"The Torchbearers","m":"bronze","b":2.68,"h":2.97}},{"type":"Feature","geometry":{"type":"Polygon","coordinates":[[[-97.7403671,30.2859214],[-97.74036,30.2859214],[-97.74036,30.2859259],[-97.7403671,30.2859259],[-97.7403671,30.2859214]]]},"properties":{"k":"artpart","name":"The Torchbearers","m":"bronze","b":2.97,"h":3.67}},{"type":"Feature","geometry":{"type":"Polygon","coordinates":[[[-97.7403681,30.2859215],[-97.740359,30.2859215],[-97.740359,30.2859258],[-97.7403681,30.2859258],[-97.7403681,30.2859215]]]},"properties":{"k":"artpart","name":"The Torchbearers","m":"bronze","b":3.67,"h":3.84}},{"type":"Feature","geometry":{"type":"Polygon","coordinates":[[[-97.7403609,30.2859237],[-97.7403617,30.2859253],[-97.7403635,30.2859259],[-97.7403654,30.2859253],[-97.7403662,30.2859237],[-97.7403654,30.2859221],[-97.7403635,30.2859214],[-97.7403617,30.2859221],[-97.7403609,30.2859237]]]},"properties":{"k":"artpart","name":"The Torchbearers","m":"bronze","b":3.9,"h":4.25}},{"type":"Feature","geometry":{"type":"Polygon","coordinates":[[[-97.7403382,30.285925],[-97.7403327,30.285925],[-97.7403327,30.2859286],[-97.7403382,30.2859286],[-97.7403382,30.285925]]]},"properties":{"k":"artpart","name":"The Torchbearers","m":"bronze","b":1.35,"h":2.62}},{"type":"Feature","geometry":{"type":"Polygon","coordinates":[[[-97.7403386,30.2859247],[-97.7403323,30.2859247],[-97.7403323,30.2859289],[-97.7403386,30.2859289],[-97.7403386,30.2859247]]]},"properties":{"k":"artpart","name":"The Torchbearers","m":"bronze","b":2.62,"h":2.89}},{"type":"Feature","geometry":{"type":"Polygon","coordinates":[[[-97.7403389,30.2859246],[-97.740332,30.2859246],[-97.740332,30.285929],[-97.7403389,30.285929],[-97.7403389,30.2859246]]]},"properties":{"k":"artpart","name":"The Torchbearers","m":"bronze","b":2.89,"h":3.55}},{"type":"Feature","geometry":{"type":"Polygon","coordinates":[[[-97.7403398,30.2859247],[-97.7403311,30.2859247],[-97.7403311,30.2859289],[-97.7403398,30.2859289],[-97.7403398,30.2859247]]]},"properties":{"k":"artpart","name":"The Torchbearers","m":"bronze","b":3.55,"h":3.71}},{"type":"Feature","geometry":{"type":"Polygon","coordinates":[[[-97.7403329,30.2859268],[-97.7403337,30.2859283],[-97.7403355,30.285929],[-97.7403372,30.2859283],[-97.740338,30.2859268],[-97.7403372,30.2859252],[-97.7403355,30.2859246],[-97.7403337,30.2859252],[-97.7403329,30.2859268]]]},"properties":{"k":"artpart","name":"The Torchbearers","m":"bronze","b":3.77,"h":4.1}},{"type":"Feature","geometry":{"type":"Polygon","coordinates":[[[-97.7403643,30.2859226],[-97.7403614,30.285923],[-97.7403617,30.2859248],[-97.7403646,30.2859244],[-97.7403643,30.2859226]]]},"properties":{"k":"artpart","name":"The Torchbearers","m":"bronze","b":3.46,"h":3.68}},{"type":"Feature","geometry":{"type":"Polygon","coordinates":[[[-97.7403632,30.2859228],[-97.7403603,30.2859231],[-97.7403606,30.2859249],[-97.7403635,30.2859246],[-97.7403632,30.2859228]]]},"properties":{"k":"artpart","name":"The Torchbearers","m":"bronze","b":3.51,"h":3.72}},{"type":"Feature","geometry":{"type":"Polygon","coordinates":[[[-97.7403621,30.2859229],[-97.7403592,30.2859233],[-97.7403595,30.2859251],[-97.7403624,30.2859247],[-97.7403621,30.2859229]]]},"properties":{"k":"artpart","name":"The Torchbearers","m":"bronze","b":3.55,"h":3.76}},{"type":"Feature","geometry":{"type":"Polygon","coordinates":[[[-97.740361,30.2859231],[-97.7403581,30.2859234],[-97.7403584,30.2859252],[-97.7403613,30.2859248],[-97.740361,30.2859231]]]},"properties":{"k":"artpart","name":"The Torchbearers","m":"bronze","b":3.59,"h":3.8}},{"type":"Feature","geometry":{"type":"Polygon","coordinates":[[[-97.74036,30.2859232],[-97.740357,30.2859236],[-97.7403573,30.2859253],[-97.7403602,30.285925],[-97.74036,30.2859232]]]},"properties":{"k":"artpart","name":"The Torchbearers","m":"bronze","b":3.63,"h":3.85}},{"type":"Feature","geometry":{"type":"Polygon","coordinates":[[[-97.7403589,30.2859233],[-97.7403559,30.2859237],[-97.7403562,30.2859255],[-97.7403592,30.2859251],[-97.7403589,30.2859233]]]},"properties":{"k":"artpart","name":"The Torchbearers","m":"bronze","b":3.67,"h":3.89}},{"type":"Feature","geometry":{"type":"Polygon","coordinates":[[[-97.7403578,30.2859235],[-97.7403548,30.2859238],[-97.7403551,30.2859256],[-97.7403581,30.2859252],[-97.7403578,30.2859235]]]},"properties":{"k":"artpart","name":"The Torchbearers","m":"bronze","b":3.72,"h":3.93}},{"type":"Feature","geometry":{"type":"Polygon","coordinates":[[[-97.7403567,30.2859236],[-97.7403537,30.285924],[-97.740354,30.2859257],[-97.740357,30.2859254],[-97.7403567,30.2859236]]]},"properties":{"k":"artpart","name":"The Torchbearers","m":"bronze","b":3.76,"h":3.97}},{"type":"Feature","geometry":{"type":"Polygon","coordinates":[[[-97.7403556,30.2859237],[-97.7403526,30.2859241],[-97.7403529,30.2859259],[-97.7403559,30.2859255],[-97.7403556,30.2859237]]]},"properties":{"k":"artpart","name":"The Torchbearers","m":"bronze","b":3.8,"h":4.01}},{"type":"Feature","geometry":{"type":"Polygon","coordinates":[[[-97.7403545,30.2859239],[-97.7403515,30.2859242],[-97.7403518,30.285926],[-97.7403548,30.2859256],[-97.7403545,30.2859239]]]},"properties":{"k":"artpart","name":"The Torchbearers","m":"bronze","b":3.84,"h":4.06}},{"type":"Feature","geometry":{"type":"Polygon","coordinates":[[[-97.7403347,30.2859278],[-97.7403375,30.2859275],[-97.7403373,30.2859257],[-97.7403344,30.285926],[-97.7403347,30.2859278]]]},"properties":{"k":"artpart","name":"The Torchbearers","m":"bronze","b":3.36,"h":3.58}},{"type":"Feature","geometry":{"type":"Polygon","coordinates":[[[-97.7403357,30.2859277],[-97.7403386,30.2859273],[-97.7403383,30.2859255],[-97.7403354,30.2859259],[-97.7403357,30.2859277]]]},"properties":{"k":"artpart","name":"The Torchbearers","m":"bronze","b":3.4,"h":3.62}},{"type":"Feature","geometry":{"type":"Polygon","coordinates":[[[-97.7403367,30.2859276],[-97.7403396,30.2859272],[-97.7403393,30.2859254],[-97.7403364,30.2859258],[-97.7403367,30.2859276]]]},"properties":{"k":"artpart","name":"The Torchbearers","m":"bronze","b":3.44,"h":3.66}},{"type":"Feature","geometry":{"type":"Polygon","coordinates":[[[-97.7403377,30.2859274],[-97.7403406,30.2859271],[-97.7403403,30.2859253],[-97.7403374,30.2859257],[-97.7403377,30.2859274]]]},"properties":{"k":"artpart","name":"The Torchbearers","m":"bronze","b":3.48,"h":3.7}},{"type":"Feature","geometry":{"type":"Polygon","coordinates":[[[-97.7403387,30.2859273],[-97.7403416,30.285927],[-97.7403413,30.2859252],[-97.7403384,30.2859255],[-97.7403387,30.2859273]]]},"properties":{"k":"artpart","name":"The Torchbearers","m":"bronze","b":3.53,"h":3.74}},{"type":"Feature","geometry":{"type":"Polygon","coordinates":[[[-97.7403397,30.2859272],[-97.7403426,30.2859268],[-97.7403423,30.2859251],[-97.7403394,30.2859254],[-97.7403397,30.2859272]]]},"properties":{"k":"artpart","name":"The Torchbearers","m":"bronze","b":3.57,"h":3.78}},{"type":"Feature","geometry":{"type":"Polygon","coordinates":[[[-97.7403407,30.2859271],[-97.7403436,30.2859267],[-97.7403433,30.2859249],[-97.7403405,30.2859253],[-97.7403407,30.2859271]]]},"properties":{"k":"artpart","name":"The Torchbearers","m":"bronze","b":3.61,"h":3.82}},{"type":"Feature","geometry":{"type":"Polygon","coordinates":[[[-97.7403418,30.2859269],[-97.7403446,30.2859266],[-97.7403443,30.2859248],[-97.7403415,30.2859252],[-97.7403418,30.2859269]]]},"properties":{"k":"artpart","name":"The Torchbearers","m":"bronze","b":3.65,"h":3.87}},{"type":"Feature","geometry":{"type":"Polygon","coordinates":[[[-97.7403428,30.2859268],[-97.7403456,30.2859265],[-97.7403453,30.2859247],[-97.7403425,30.285925],[-97.7403428,30.2859268]]]},"properties":{"k":"artpart","name":"The Torchbearers","m":"bronze","b":3.69,"h":3.91}},{"type":"Feature","geometry":{"type":"Polygon","coordinates":[[[-97.7403438,30.2859267],[-97.7403466,30.2859263],[-97.7403464,30.2859246],[-97.7403435,30.2859249],[-97.7403438,30.2859267]]]},"properties":{"k":"artpart","name":"The Torchbearers","m":"bronze","b":3.73,"h":3.95}},{"type":"Feature","geometry":{"type":"Polygon","coordinates":[[[-97.7403448,30.2859266],[-97.7403477,30.2859262],[-97.7403474,30.2859244],[-97.7403445,30.2859248],[-97.7403448,30.2859266]]]},"properties":{"k":"artpart","name":"The Torchbearers","m":"bronze","b":3.77,"h":3.99}},{"type":"Feature","geometry":{"type":"Polygon","coordinates":[[[-97.7403506,30.2859242],[-97.7403484,30.2859242],[-97.7403484,30.2859262],[-97.7403506,30.2859262],[-97.7403506,30.2859242]]]},"properties":{"k":"artpart","name":"The Torchbearers","m":"bronze","b":3.9,"h":4.4}},{"type":"Feature","geometry":{"type":"Polygon","coordinates":[[[-97.7403464,30.2859252],[-97.7403473,30.2859271],[-97.7403495,30.2859279],[-97.7403517,30.2859271],[-97.7403526,30.2859252],[-97.7403517,30.2859233],[-97.7403495,30.2859225],[-97.7403473,30.2859233],[-97.7403464,30.2859252]]]},"properties":{"k":"artpart","name":"The Torchbearers","m":"bronze","b":4.4,"h":4.6}},{"type":"Feature","geometry":{"type":"Polygon","coordinates":[[[-97.7398088,30.2886727],[-97.7397952,30.2886727],[-97.7397952,30.2886843],[-97.7398088,30.2886843],[-97.7398088,30.2886727]]]},"properties":{"k":"artpart","name":"Diana the Huntress","m":"granite","b":0.0,"h":1.5}},{"type":"Feature","geometry":{"type":"Polygon","coordinates":[[[-97.7398101,30.2886715],[-97.7397939,30.2886715],[-97.7397939,30.2886855],[-97.7398101,30.2886855],[-97.7398101,30.2886715]]]},"properties":{"k":"artpart","name":"Diana the Huntress","m":"granite","b":0.0,"h":0.22}},{"type":"Feature","geometry":{"type":"Polygon","coordinates":[[[-97.7397996,30.2886785],[-97.7397999,30.2886795],[-97.7398008,30.2886803],[-97.739802,30.2886806],[-97.7398032,30.2886803],[-97.7398041,30.2886795],[-97.7398044,30.2886785],[-97.7398041,30.2886775],[-97.7398032,30.2886767],[-97.739802,30.2886764],[-97.7398008,30.2886767],[-97.7397999,30.2886775],[-97.7397996,30.2886785]]]},"properties":{"k":"artpart","name":"Diana the Huntress","m":"bronze","b":1.5,"h":1.64}},{"type":"Feature","geometry":{"type":"Polygon","coordinates":[[[-97.7397982,30.2886785],[-97.7397987,30.2886801],[-97.7398001,30.2886813],[-97.739802,30.2886818],[-97.7398039,30.2886813],[-97.7398053,30.2886801],[-97.7398058,30.2886785],[-97.7398053,30.2886769],[-97.7398039,30.2886757],[-97.739802,30.2886752],[-97.7398001,30.2886757],[-97.7397987,30.2886769],[-97.7397982,30.2886785]]]},"properties":{"k":"artpart","name":"Diana the Huntress","m":"bronze","b":1.64,"h":1.78}},{"type":"Feature","geometry":{"type":"Polygon","coordinates":[[[-97.7397977,30.2886785],[-97.7397983,30.2886804],[-97.7397998,30.2886817],[-97.739802,30.2886822],[-97.7398042,30.2886817],[-97.7398057,30.2886804],[-97.7398063,30.2886785],[-97.7398057,30.2886766],[-97.7398042,30.2886753],[-97.739802,30.2886748],[-97.7397998,30.2886753],[-97.7397983,30.2886766],[-97.7397977,30.2886785]]]},"properties":{"k":"artpart","name":"Diana the Huntress","m":"bronze","b":1.78,"h":1.92}},{"type":"Feature","geometry":{"type":"Polygon","coordinates":[[[-97.7397977,30.2886785],[-97.7397983,30.2886804],[-97.7397998,30.2886817],[-97.739802,30.2886822],[-97.7398042,30.2886817],[-97.7398057,30.2886804],[-97.7398063,30.2886785],[-97.7398057,30.2886766],[-97.7398042,30.2886753],[-97.739802,30.2886748],[-97.7397998,30.2886753],[-97.7397983,30.2886766],[-97.7397977,30.2886785]]]},"properties":{"k":"artpart","name":"Diana the Huntress","m":"bronze","b":1.92,"h":2.06}},{"type":"Feature","geometry":{"type":"Polygon","coordinates":[[[-97.7397982,30.2886785],[-97.7397987,30.2886801],[-97.7398001,30.2886813],[-97.739802,30.2886818],[-97.7398039,30.2886813],[-97.7398053,30.2886801],[-97.7398058,30.2886785],[-97.7398053,30.2886769],[-97.7398039,30.2886757],[-97.739802,30.2886752],[-97.7398001,30.2886757],[-97.7397987,30.2886769],[-97.7397982,30.2886785]]]},"properties":{"k":"artpart","name":"Diana the Huntress","m":"bronze","b":2.06,"h":2.2}},{"type":"Feature","geometry":{"type":"Polygon","coordinates":[[[-97.7397996,30.2886785],[-97.7397999,30.2886795],[-97.7398008,30.2886803],[-97.739802,30.2886806],[-97.7398032,30.2886803],[-97.7398041,30.2886795],[-97.7398044,30.2886785],[-97.7398041,30.2886775],[-97.7398032,30.2886767],[-97.739802,30.2886764],[-97.7398008,30.2886767],[-97.7397999,30.2886775],[-97.7397996,30.2886785]]]},"properties":{"k":"artpart","name":"Diana the Huntress","m":"bronze","b":2.2,"h":2.34}},{"type":"Feature","geometry":{"type":"Polygon","coordinates":[[[-97.7398044,30.2886769],[-97.7397996,30.2886769],[-97.7397996,30.2886801],[-97.7398044,30.2886801],[-97.7398044,30.2886769]]]},"properties":{"k":"artpart","name":"Diana the Huntress","m":"bronze","b":2.34,"h":3.13}},{"type":"Feature","geometry":{"type":"Polygon","coordinates":[[[-97.7398048,30.2886766],[-97.7397992,30.2886766],[-97.7397992,30.2886804],[-97.7398048,30.2886804],[-97.7398048,30.2886766]]]},"properties":{"k":"artpart","name":"Diana the Huntress","m":"bronze","b":3.13,"h":3.3}},{"type":"Feature","geometry":{"type":"Polygon","coordinates":[[[-97.7398051,30.2886765],[-97.7397989,30.2886765],[-97.7397989,30.2886805],[-97.7398051,30.2886805],[-97.7398051,30.2886765]]]},"properties":{"k":"artpart","name":"Diana the Huntress","m":"bronze","b":3.3,"h":3.72}},{"type":"Feature","geometry":{"type":"Polygon","coordinates":[[[-97.7398059,30.2886766],[-97.7397981,30.2886766],[-97.7397981,30.2886804],[-97.7398059,30.2886804],[-97.7398059,30.2886766]]]},"properties":{"k":"artpart","name":"Diana the Huntress","m":"bronze","b":3.72,"h":3.82}},{"type":"Feature","geometry":{"type":"Polygon","coordinates":[[[-97.7397997,30.2886785],[-97.7398004,30.2886799],[-97.739802,30.2886805],[-97.7398036,30.2886799],[-97.7398043,30.2886785],[-97.7398036,30.2886771],[-97.739802,30.2886765],[-97.7398004,30.2886771],[-97.7397997,30.2886785]]]},"properties":{"k":"artpart","name":"Diana the Huntress","m":"bronze","b":3.85,"h":4.06}},{"type":"Feature","geometry":{"type":"Polygon","coordinates":[[[-97.7398074,30.2886779],[-97.7398057,30.2886779],[-97.7398057,30.2886791],[-97.7398074,30.2886791],[-97.7398074,30.2886779]]]},"properties":{"k":"artpart","name":"Diana the Huntress","m":"bronze","b":3.29,"h":3.51}},{"type":"Feature","geometry":{"type":"Polygon","coordinates":[[[-97.7398079,30.2886779],[-97.7398062,30.2886779],[-97.7398062,30.2886791],[-97.7398079,30.2886791],[-97.7398079,30.2886779]]]},"properties":{"k":"artpart","name":"Diana the Huntress","m":"bronze","b":3.51,"h":3.73}},{"type":"Feature","geometry":{"type":"Polygon","coordinates":[[[-97.739808,30.2886779],[-97.7398064,30.2886779],[-97.7398064,30.2886791],[-97.739808,30.2886791],[-97.739808,30.2886779]]]},"properties":{"k":"artpart","name":"Diana the Huntress","m":"bronze","b":3.73,"h":3.95}},{"type":"Feature","geometry":{"type":"Polygon","coordinates":[[[-97.7398079,30.2886779],[-97.7398062,30.2886779],[-97.7398062,30.2886791],[-97.7398079,30.2886791],[-97.7398079,30.2886779]]]},"properties":{"k":"artpart","name":"Diana the Huntress","m":"bronze","b":3.95,"h":4.17}},{"type":"Feature","geometry":{"type":"Polygon","coordinates":[[[-97.7398074,30.2886779],[-97.7398057,30.2886779],[-97.7398057,30.2886791],[-97.7398074,30.2886791],[-97.7398074,30.2886779]]]},"properties":{"k":"artpart","name":"Diana the Huntress","m":"bronze","b":4.17,"h":4.39}},{"type":"Feature","geometry":{"type":"Polygon","coordinates":[[[-97.7398012,30.2886793],[-97.7398035,30.2886793],[-97.7398035,30.2886777],[-97.7398012,30.2886777],[-97.7398012,30.2886793]]]},"properties":{"k":"artpart","name":"Diana the Huntress","m":"bronze","b":3.48,"h":3.67}},{"type":"Feature","geometry":{"type":"Polygon","coordinates":[[[-97.739802,30.2886793],[-97.7398043,30.2886793],[-97.7398043,30.2886777],[-97.739802,30.2886777],[-97.739802,30.2886793]]]},"properties":{"k":"artpart","name":"Diana the Huntress","m":"bronze","b":3.51,"h":3.7}},{"type":"Feature","geometry":{"type":"Polygon","coordinates":[[[-97.7398027,30.2886793],[-97.739805,30.2886793],[-97.739805,30.2886777],[-97.7398027,30.2886777],[-97.7398027,30.2886793]]]},"properties":{"k":"artpart","name":"Diana the Huntress","m":"bronze","b":3.55,"h":3.73}},{"type":"Feature","geometry":{"type":"Polygon","coordinates":[[[-97.7398035,30.2886793],[-97.7398058,30.2886793],[-97.7398058,30.2886777],[-97.7398035,30.2886777],[-97.7398035,30.2886793]]]},"properties":{"k":"artpart","name":"Diana the Huntress","m":"bronze","b":3.58,"h":3.77}},{"type":"Feature","geometry":{"type":"Polygon","coordinates":[[[-97.7398042,30.2886793],[-97.7398065,30.2886793],[-97.7398065,30.2886777],[-97.7398042,30.2886777],[-97.7398042,30.2886793]]]},"properties":{"k":"artpart","name":"Diana the Huntress","m":"bronze","b":3.61,"h":3.8}},{"type":"Feature","geometry":{"type":"Polygon","coordinates":[[[-97.7397935,30.2886757],[-97.7397956,30.288678],[-97.7397981,30.2886764],[-97.7397959,30.288674],[-97.7397935,30.2886757]]]},"properties":{"k":"artpart","name":"Diana the Huntress","m":"bronze","b":0.19,"h":0.83}},{"type":"Feature","geometry":{"type":"Polygon","coordinates":[[[-97.7397939,30.2886761],[-97.739796,30.2886785],[-97.7397985,30.2886768],[-97.7397963,30.2886745],[-97.7397939,30.2886761]]]},"properties":{"k":"artpart","name":"Diana the Huntress","m":"bronze","b":0.31,"h":0.94}},{"type":"Feature","geometry":{"type":"Polygon","coordinates":[[[-97.7397943,30.2886766],[-97.7397965,30.2886789],[-97.7397989,30.2886773],[-97.7397967,30.2886749],[-97.7397943,30.2886766]]]},"properties":{"k":"artpart","name":"Diana the Huntress","m":"bronze","b":0.43,"h":1.06}},{"type":"Feature","geometry":{"type":"Polygon","coordinates":[[[-97.7397947,30.288677],[-97.7397969,30.2886794],[-97.7397993,30.2886777],[-97.7397971,30.2886754],[-97.7397947,30.288677]]]},"properties":{"k":"artpart","name":"Diana the Huntress","m":"bronze","b":0.55,"h":1.18}},{"type":"Feature","geometry":{"type":"Polygon","coordinates":[[[-97.7397951,30.2886775],[-97.7397973,30.2886798],[-97.7397997,30.2886782],[-97.7397976,30.2886758],[-97.7397951,30.2886775]]]},"properties":{"k":"artpart","name":"Diana the Huntress","m":"bronze","b":0.67,"h":1.3}},{"type":"Feature","geometry":{"type":"Polygon","coordinates":[[[-97.7397955,30.2886779],[-97.7397977,30.2886803],[-97.7398001,30.2886786],[-97.739798,30.2886763],[-97.7397955,30.2886779]]]},"properties":{"k":"artpart","name":"Diana the Huntress","m":"bronze","b":0.79,"h":1.42}},{"type":"Feature","geometry":{"type":"Polygon","coordinates":[[[-97.739796,30.2886784],[-97.7397981,30.2886807],[-97.7398006,30.2886791],[-97.7397984,30.2886767],[-97.739796,30.2886784]]]},"properties":{"k":"artpart","name":"Diana the Huntress","m":"bronze","b":0.91,"h":1.54}},{"type":"Feature","geometry":{"type":"Polygon","coordinates":[[[-97.7397964,30.2886788],[-97.7397985,30.2886812],[-97.739801,30.2886795],[-97.7397988,30.2886772],[-97.7397964,30.2886788]]]},"properties":{"k":"artpart","name":"Diana the Huntress","m":"bronze","b":1.02,"h":1.66}},{"type":"Feature","geometry":{"type":"Polygon","coordinates":[[[-97.7397961,30.2886736],[-97.7397929,30.2886736],[-97.7397929,30.2886759],[-97.7397961,30.2886759],[-97.7397961,30.2886736]]]},"properties":{"k":"artpart","name":"Diana the Huntress","m":"bronze","b":0.0,"h":0.48}},{"type":"Feature","geometry":{"type":"Polygon","coordinates":[[[-97.7334097,30.2870477],[-97.7332953,30.2870477],[-97.7332953,30.2870873],[-97.7334097,30.2870873],[-97.7334097,30.2870477]]]},"properties":{"k":"artpart","name":"Mustangs","m":"granite","b":0.0,"h":1.05}},{"type":"Feature","geometry":{"type":"Polygon","coordinates":[[[-97.7334118,30.2870462],[-97.7332932,30.2870462],[-97.7332932,30.2870888],[-97.7334118,30.2870888],[-97.7334118,30.2870462]]]},"properties":{"k":"artpart","name":"Mustangs","m":"granite","b":0.0,"h":0.22}},{"type":"Feature","geometry":{"type":"Polygon","coordinates":[[[-97.7333906,30.287065],[-97.733388,30.2870654],[-97.7333884,30.2870677],[-97.7333911,30.2870673],[-97.7333906,30.287065]]]},"properties":{"k":"artpart","name":"Mustangs","m":"bronze","b":1.05,"h":2.35}},{"type":"Feature","geometry":{"type":"Polygon","coordinates":[[[-97.7333896,30.2870597],[-97.733387,30.2870601],[-97.7333874,30.2870624],[-97.7333901,30.287062],[-97.7333896,30.2870597]]]},"properties":{"k":"artpart","name":"Mustangs","m":"bronze","b":1.05,"h":2.35}},{"type":"Feature","geometry":{"type":"Polygon","coordinates":[[[-97.7334064,30.2870628],[-97.7334038,30.2870632],[-97.7334042,30.2870655],[-97.7334069,30.2870651],[-97.7334064,30.2870628]]]},"properties":{"k":"artpart","name":"Mustangs","m":"bronze","b":1.05,"h":2.35}},{"type":"Feature","geometry":{"type":"Polygon","coordinates":[[[-97.7334055,30.2870575],[-97.7334028,30.2870579],[-97.7334032,30.2870602],[-97.7334059,30.2870598],[-97.7334055,30.2870575]]]},"properties":{"k":"artpart","name":"Mustangs","m":"bronze","b":1.05,"h":2.35}},{"type":"Feature","geometry":{"type":"Polygon","coordinates":[[[-97.7334077,30.2870577],[-97.7333856,30.2870608],[-97.7333868,30.2870674],[-97.7334089,30.2870643],[-97.7334077,30.2870577]]]},"properties":{"k":"artpart","name":"Mustangs","m":"bronze","b":2.35,"h":3.3}},{"type":"Feature","geometry":{"type":"Polygon","coordinates":[[[-97.7333961,30.2870607],[-97.7333909,30.2870614],[-97.7333916,30.2870653],[-97.7333969,30.2870646],[-97.7333961,30.2870607]]]},"properties":{"k":"artpart","name":"Mustangs","m":"bronze","b":2.77,"h":3.41}},{"type":"Feature","geometry":{"type":"Polygon","coordinates":[[[-97.7333949,30.2870609],[-97.7333897,30.2870616],[-97.7333904,30.2870655],[-97.7333957,30.2870648],[-97.7333949,30.2870609]]]},"properties":{"k":"artpart","name":"Mustangs","m":"bronze","b":2.89,"h":3.53}},{"type":"Feature","geometry":{"type":"Polygon","coordinates":[[[-97.7333938,30.287061],[-97.7333885,30.2870618],[-97.7333892,30.2870657],[-97.7333945,30.2870649],[-97.7333938,30.287061]]]},"properties":{"k":"artpart","name":"Mustangs","m":"bronze","b":3.01,"h":3.65}},{"type":"Feature","geometry":{"type":"Polygon","coordinates":[[[-97.7333926,30.2870612],[-97.7333873,30.2870619],[-97.733388,30.2870658],[-97.7333933,30.2870651],[-97.7333926,30.2870612]]]},"properties":{"k":"artpart","name":"Mustangs","m":"bronze","b":3.13,"h":3.77}},{"type":"Feature","geometry":{"type":"Polygon","coordinates":[[[-97.7333914,30.2870614],[-97.7333861,30.2870621],[-97.7333868,30.287066],[-97.7333921,30.2870653],[-97.7333914,30.2870614]]]},"properties":{"k":"artpart","name":"Mustangs","m":"bronze","b":3.25,"h":3.89}},{"type":"Feature","geometry":{"type":"Polygon","coordinates":[[[-97.7333902,30.2870615],[-97.7333849,30.2870623],[-97.7333857,30.2870662],[-97.7333909,30.2870654],[-97.7333902,30.2870615]]]},"properties":{"k":"artpart","name":"Mustangs","m":"bronze","b":3.37,"h":4.01}},{"type":"Feature","geometry":{"type":"Polygon","coordinates":[[[-97.733389,30.2870617],[-97.7333837,30.2870624],[-97.7333845,30.2870663],[-97.7333897,30.2870656],[-97.733389,30.2870617]]]},"properties":{"k":"artpart","name":"Mustangs","m":"bronze","b":3.49,"h":4.13}},{"type":"Feature","geometry":{"type":"Polygon","coordinates":[[[-97.7333863,30.2870626],[-97.7333797,30.2870635],[-97.7333802,30.2870664],[-97.7333868,30.2870655],[-97.7333863,30.2870626]]]},"properties":{"k":"artpart","name":"Mustangs","m":"bronze","b":3.75,"h":4.13}},{"type":"Feature","geometry":{"type":"Polygon","coordinates":[[[-97.7334112,30.2870595],[-97.7334079,30.28706],[-97.7334083,30.2870621],[-97.7334116,30.2870616],[-97.7334112,30.2870595]]]},"properties":{"k":"artpart","name":"Mustangs","m":"bronze","b":2.63,"h":3.3}},{"type":"Feature","geometry":{"type":"Polygon","coordinates":[[[-97.7333726,30.287074],[-97.7333698,30.2870738],[-97.7333695,30.2870762],[-97.7333723,30.2870765],[-97.7333726,30.287074]]]},"properties":{"k":"artpart","name":"Mustangs","m":"bronze","b":1.05,"h":2.42}},{"type":"Feature","geometry":{"type":"Polygon","coordinates":[[[-97.7333733,30.2870684],[-97.7333704,30.2870682],[-97.7333701,30.2870706],[-97.733373,30.2870708],[-97.7333733,30.2870684]]]},"properties":{"k":"artpart","name":"Mustangs","m":"bronze","b":1.05,"h":2.42}},{"type":"Feature","geometry":{"type":"Polygon","coordinates":[[[-97.7333893,30.2870755],[-97.7333865,30.2870752],[-97.7333862,30.2870777],[-97.7333891,30.2870779],[-97.7333893,30.2870755]]]},"properties":{"k":"artpart","name":"Mustangs","m":"bronze","b":1.05,"h":2.42}},{"type":"Feature","geometry":{"type":"Polygon","coordinates":[[[-97.73339,30.2870699],[-97.7333872,30.2870696],[-97.7333869,30.287072],[-97.7333897,30.2870723],[-97.73339,30.2870699]]]},"properties":{"k":"artpart","name":"Mustangs","m":"bronze","b":1.05,"h":2.42}},{"type":"Feature","geometry":{"type":"Polygon","coordinates":[[[-97.7333922,30.2870706],[-97.7333688,30.2870686],[-97.733368,30.2870755],[-97.7333913,30.2870776],[-97.7333922,30.2870706]]]},"properties":{"k":"artpart","name":"Mustangs","m":"bronze","b":2.42,"h":3.41}},{"type":"Feature","geometry":{"type":"Polygon","coordinates":[[[-97.7333795,30.2870709],[-97.733374,30.2870705],[-97.7333735,30.2870746],[-97.733379,30.2870751],[-97.7333795,30.2870709]]]},"properties":{"k":"artpart","name":"Mustangs","m":"bronze","b":2.86,"h":3.52}},{"type":"Feature","geometry":{"type":"Polygon","coordinates":[[[-97.7333783,30.2870708],[-97.7333727,30.2870703],[-97.7333722,30.2870745],[-97.7333778,30.287075],[-97.7333783,30.2870708]]]},"properties":{"k":"artpart","name":"Mustangs","m":"bronze","b":2.99,"h":3.65}},{"type":"Feature","geometry":{"type":"Polygon","coordinates":[[[-97.733377,30.2870707],[-97.7333714,30.2870702],[-97.733371,30.2870744],[-97.7333765,30.2870748],[-97.733377,30.2870707]]]},"properties":{"k":"artpart","name":"Mustangs","m":"bronze","b":3.11,"h":3.78}},{"type":"Feature","geometry":{"type":"Polygon","coordinates":[[[-97.7333758,30.2870706],[-97.7333702,30.2870701],[-97.7333697,30.2870743],[-97.7333753,30.2870747],[-97.7333758,30.2870706]]]},"properties":{"k":"artpart","name":"Mustangs","m":"bronze","b":3.24,"h":3.9}},{"type":"Feature","geometry":{"type":"Polygon","coordinates":[[[-97.7333745,30.2870705],[-97.7333689,30.28707],[-97.7333685,30.2870741],[-97.733374,30.2870746],[-97.7333745,30.2870705]]]},"properties":{"k":"artpart","name":"Mustangs","m":"bronze","b":3.36,"h":4.03}},{"type":"Feature","geometry":{"type":"Polygon","coordinates":[[[-97.7333732,30.2870704],[-97.7333677,30.2870699],[-97.7333672,30.287074],[-97.7333728,30.2870745],[-97.7333732,30.2870704]]]},"properties":{"k":"artpart","name":"Mustangs","m":"bronze","b":3.49,"h":4.15}},{"type":"Feature","geometry":{"type":"Polygon","coordinates":[[[-97.733372,30.2870703],[-97.7333664,30.2870698],[-97.7333659,30.2870739],[-97.7333715,30.2870744],[-97.733372,30.2870703]]]},"properties":{"k":"artpart","name":"Mustangs","m":"bronze","b":3.62,"h":4.28}},{"type":"Feature","geometry":{"type":"Polygon","coordinates":[[[-97.7333689,30.2870706],[-97.733362,30.28707],[-97.7333616,30.287073],[-97.7333686,30.2870736],[-97.7333689,30.2870706]]]},"properties":{"k":"artpart","name":"Mustangs","m":"bronze","b":3.88,"h":4.28}},{"type":"Feature","geometry":{"type":"Polygon","coordinates":[[[-97.7333952,30.2870732],[-97.7333917,30.2870729],[-97.7333915,30.2870752],[-97.7333949,30.2870755],[-97.7333952,30.2870732]]]},"properties":{"k":"artpart","name":"Mustangs","m":"bronze","b":2.71,"h":3.41}},{"type":"Feature","geometry":{"type":"Polygon","coordinates":[[[-97.7333562,30.2870663],[-97.7333536,30.2870669],[-97.7333542,30.2870691],[-97.7333568,30.2870685],[-97.7333562,30.2870663]]]},"properties":{"k":"artpart","name":"Mustangs","m":"bronze","b":1.05,"h":2.32}},{"type":"Feature","geometry":{"type":"Polygon","coordinates":[[[-97.7333547,30.2870612],[-97.7333521,30.2870617],[-97.7333528,30.287064],[-97.7333553,30.2870634],[-97.7333547,30.2870612]]]},"properties":{"k":"artpart","name":"Mustangs","m":"bronze","b":1.05,"h":2.32}},{"type":"Feature","geometry":{"type":"Polygon","coordinates":[[[-97.7333714,30.2870631],[-97.7333688,30.2870636],[-97.7333695,30.2870659],[-97.733372,30.2870653],[-97.7333714,30.2870631]]]},"properties":{"k":"artpart","name":"Mustangs","m":"bronze","b":1.05,"h":2.32}},{"type":"Feature","geometry":{"type":"Polygon","coordinates":[[[-97.73337,30.287058],[-97.7333674,30.2870585],[-97.733368,30.2870607],[-97.7333706,30.2870602],[-97.73337,30.287058]]]},"properties":{"k":"artpart","name":"Mustangs","m":"bronze","b":1.05,"h":2.32}},{"type":"Feature","geometry":{"type":"Polygon","coordinates":[[[-97.7333721,30.287058],[-97.7333508,30.2870625],[-97.7333526,30.2870689],[-97.7333739,30.2870644],[-97.7333721,30.287058]]]},"properties":{"k":"artpart","name":"Mustangs","m":"bronze","b":2.32,"h":3.25}},{"type":"Feature","geometry":{"type":"Polygon","coordinates":[[[-97.7333611,30.2870617],[-97.7333561,30.2870628],[-97.7333571,30.2870666],[-97.7333622,30.2870655],[-97.7333611,30.2870617]]]},"properties":{"k":"artpart","name":"Mustangs","m":"bronze","b":2.74,"h":3.36}},{"type":"Feature","geometry":{"type":"Polygon","coordinates":[[[-97.73336,30.287062],[-97.7333549,30.287063],[-97.733356,30.2870668],[-97.7333611,30.2870657],[-97.73336,30.287062]]]},"properties":{"k":"artpart","name":"Mustangs","m":"bronze","b":2.86,"h":3.48}},{"type":"Feature","geometry":{"type":"Polygon","coordinates":[[[-97.7333588,30.2870622],[-97.7333538,30.2870633],[-97.7333548,30.287067],[-97.7333599,30.287066],[-97.7333588,30.2870622]]]},"properties":{"k":"artpart","name":"Mustangs","m":"bronze","b":2.97,"h":3.6}},{"type":"Feature","geometry":{"type":"Polygon","coordinates":[[[-97.7333577,30.2870625],[-97.7333526,30.2870635],[-97.7333537,30.2870673],[-97.7333588,30.2870662],[-97.7333577,30.2870625]]]},"properties":{"k":"artpart","name":"Mustangs","m":"bronze","b":3.09,"h":3.71}},{"type":"Feature","geometry":{"type":"Polygon","coordinates":[[[-97.7333566,30.2870627],[-97.7333515,30.2870638],[-97.7333526,30.2870675],[-97.7333576,30.2870665],[-97.7333566,30.2870627]]]},"properties":{"k":"artpart","name":"Mustangs","m":"bronze","b":3.21,"h":3.83}},{"type":"Feature","geometry":{"type":"Polygon","coordinates":[[[-97.7333554,30.2870629],[-97.7333503,30.287064],[-97.7333514,30.2870678],[-97.7333565,30.2870667],[-97.7333554,30.2870629]]]},"properties":{"k":"artpart","name":"Mustangs","m":"bronze","b":3.33,"h":3.95}},{"type":"Feature","geometry":{"type":"Polygon","coordinates":[[[-97.7333543,30.2870632],[-97.7333492,30.2870643],[-97.7333503,30.287068],[-97.7333553,30.2870669],[-97.7333543,30.2870632]]]},"properties":{"k":"artpart","name":"Mustangs","m":"bronze","b":3.44,"h":4.07}},{"type":"Feature","geometry":{"type":"Polygon","coordinates":[[[-97.7333517,30.2870643],[-97.7333454,30.2870656],[-97.7333461,30.2870683],[-97.7333525,30.287067],[-97.7333517,30.2870643]]]},"properties":{"k":"artpart","name":"Mustangs","m":"bronze","b":3.7,"h":4.07}},{"type":"Feature","geometry":{"type":"Polygon","coordinates":[[[-97.7333758,30.2870595],[-97.7333726,30.2870602],[-97.7333732,30.2870623],[-97.7333763,30.2870616],[-97.7333758,30.2870595]]]},"properties":{"k":"artpart","name":"Mustangs","m":"bronze","b":2.6,"h":3.25}},{"type":"Feature","geometry":{"type":"Polygon","coordinates":[[[-97.7333393,30.287075],[-97.7333364,30.2870749],[-97.7333363,30.2870773],[-97.7333391,30.2870775],[-97.7333393,30.287075]]]},"properties":{"k":"artpart","name":"Mustangs","m":"bronze","b":1.05,"h":2.43}},{"type":"Feature","geometry":{"type":"Polygon","coordinates":[[[-97.7333397,30.2870693],[-97.7333368,30.2870692],[-97.7333367,30.2870716],[-97.7333395,30.2870718],[-97.7333397,30.2870693]]]},"properties":{"k":"artpart","name":"Mustangs","m":"bronze","b":1.05,"h":2.43}},{"type":"Feature","geometry":{"type":"Polygon","coordinates":[[[-97.7333562,30.2870759],[-97.7333534,30.2870758],[-97.7333532,30.2870782],[-97.7333561,30.2870784],[-97.7333562,30.2870759]]]},"properties":{"k":"artpart","name":"Mustangs","m":"bronze","b":1.05,"h":2.43}},{"type":"Feature","geometry":{"type":"Polygon","coordinates":[[[-97.7333566,30.2870702],[-97.7333538,30.28707],[-97.7333536,30.2870725],[-97.7333565,30.2870727],[-97.7333566,30.2870702]]]},"properties":{"k":"artpart","name":"Mustangs","m":"bronze","b":1.05,"h":2.43}},{"type":"Feature","geometry":{"type":"Polygon","coordinates":[[[-97.7333589,30.2870709],[-97.7333352,30.2870697],[-97.7333347,30.2870767],[-97.7333584,30.2870779],[-97.7333589,30.2870709]]]},"properties":{"k":"artpart","name":"Mustangs","m":"bronze","b":2.43,"h":3.43}},{"type":"Feature","geometry":{"type":"Polygon","coordinates":[[[-97.7333461,30.2870717],[-97.7333405,30.2870714],[-97.7333402,30.2870755],[-97.7333458,30.2870758],[-97.7333461,30.2870717]]]},"properties":{"k":"artpart","name":"Mustangs","m":"bronze","b":2.88,"h":3.55}},{"type":"Feature","geometry":{"type":"Polygon","coordinates":[[[-97.7333449,30.2870716],[-97.7333392,30.2870713],[-97.7333389,30.2870755],[-97.7333446,30.2870758],[-97.7333449,30.2870716]]]},"properties":{"k":"artpart","name":"Mustangs","m":"bronze","b":3.0,"h":3.68}},{"type":"Feature","geometry":{"type":"Polygon","coordinates":[[[-97.7333436,30.2870715],[-97.733338,30.2870712],[-97.7333377,30.2870754],[-97.7333433,30.2870757],[-97.7333436,30.2870715]]]},"properties":{"k":"artpart","name":"Mustangs","m":"bronze","b":3.13,"h":3.8}},{"type":"Feature","geometry":{"type":"Polygon","coordinates":[[[-97.7333423,30.2870715],[-97.7333367,30.2870712],[-97.7333364,30.2870753],[-97.733342,30.2870756],[-97.7333423,30.2870715]]]},"properties":{"k":"artpart","name":"Mustangs","m":"bronze","b":3.26,"h":3.93}},{"type":"Feature","geometry":{"type":"Polygon","coordinates":[[[-97.733341,30.2870714],[-97.7333354,30.2870711],[-97.7333351,30.2870753],[-97.7333407,30.2870756],[-97.733341,30.2870714]]]},"properties":{"k":"artpart","name":"Mustangs","m":"bronze","b":3.39,"h":4.06}},{"type":"Feature","geometry":{"type":"Polygon","coordinates":[[[-97.7333398,30.2870713],[-97.7333341,30.287071],[-97.7333338,30.2870752],[-97.7333395,30.2870755],[-97.7333398,30.2870713]]]},"properties":{"k":"artpart","name":"Mustangs","m":"bronze","b":3.51,"h":4.18}},{"type":"Feature","geometry":{"type":"Polygon","coordinates":[[[-97.7333385,30.2870713],[-97.7333329,30.287071],[-97.7333326,30.2870751],[-97.7333382,30.2870754],[-97.7333385,30.2870713]]]},"properties":{"k":"artpart","name":"Mustangs","m":"bronze","b":3.64,"h":4.31}},{"type":"Feature","geometry":{"type":"Polygon","coordinates":[[[-97.7333354,30.2870717],[-97.7333284,30.2870713],[-97.7333282,30.2870743],[-97.7333352,30.2870747],[-97.7333354,30.2870717]]]},"properties":{"k":"artpart","name":"Mustangs","m":"bronze","b":3.91,"h":4.31}},{"type":"Feature","geometry":{"type":"Polygon","coordinates":[[[-97.733362,30.2870734],[-97.7333585,30.2870733],[-97.7333584,30.2870755],[-97.7333619,30.2870757],[-97.733362,30.2870734]]]},"properties":{"k":"artpart","name":"Mustangs","m":"bronze","b":2.72,"h":3.43}},{"type":"Feature","geometry":{"type":"Polygon","coordinates":[[[-97.7333246,30.2870647],[-97.733322,30.2870651],[-97.7333225,30.2870674],[-97.7333251,30.287067],[-97.7333246,30.2870647]]]},"properties":{"k":"artpart","name":"Mustangs","m":"bronze","b":1.05,"h":2.35}},{"type":"Feature","geometry":{"type":"Polygon","coordinates":[[[-97.7333235,30.2870594],[-97.7333209,30.2870598],[-97.7333213,30.2870621],[-97.733324,30.2870617],[-97.7333235,30.2870594]]]},"properties":{"k":"artpart","name":"Mustangs","m":"bronze","b":1.05,"h":2.35}},{"type":"Feature","geometry":{"type":"Polygon","coordinates":[[[-97.7333404,30.2870622],[-97.7333377,30.2870626],[-97.7333382,30.2870649],[-97.7333409,30.2870645],[-97.7333404,30.2870622]]]},"properties":{"k":"artpart","name":"Mustangs","m":"bronze","b":1.05,"h":2.35}},{"type":"Feature","geometry":{"type":"Polygon","coordinates":[[[-97.7333393,30.2870569],[-97.7333366,30.2870573],[-97.7333371,30.2870596],[-97.7333398,30.2870592],[-97.7333393,30.2870569]]]},"properties":{"k":"artpart","name":"Mustangs","m":"bronze","b":1.05,"h":2.35}},{"type":"Feature","geometry":{"type":"Polygon","coordinates":[[[-97.7333415,30.2870571],[-97.7333195,30.2870606],[-97.7333209,30.2870671],[-97.7333429,30.2870637],[-97.7333415,30.2870571]]]},"properties":{"k":"artpart","name":"Mustangs","m":"bronze","b":2.35,"h":3.3}},{"type":"Feature","geometry":{"type":"Polygon","coordinates":[[[-97.73333,30.2870603],[-97.7333248,30.2870611],[-97.7333256,30.287065],[-97.7333308,30.2870642],[-97.73333,30.2870603]]]},"properties":{"k":"artpart","name":"Mustangs","m":"bronze","b":2.77,"h":3.41}},{"type":"Feature","geometry":{"type":"Polygon","coordinates":[[[-97.7333288,30.2870605],[-97.7333236,30.2870613],[-97.7333244,30.2870652],[-97.7333297,30.2870644],[-97.7333288,30.2870605]]]},"properties":{"k":"artpart","name":"Mustangs","m":"bronze","b":2.89,"h":3.53}},{"type":"Feature","geometry":{"type":"Polygon","coordinates":[[[-97.7333277,30.2870607],[-97.7333224,30.2870615],[-97.7333232,30.2870654],[-97.7333285,30.2870645],[-97.7333277,30.2870607]]]},"properties":{"k":"artpart","name":"Mustangs","m":"bronze","b":3.01,"h":3.65}},{"type":"Feature","geometry":{"type":"Polygon","coordinates":[[[-97.7333265,30.2870608],[-97.7333212,30.2870617],[-97.7333221,30.2870656],[-97.7333273,30.2870647],[-97.7333265,30.2870608]]]},"properties":{"k":"artpart","name":"Mustangs","m":"bronze","b":3.13,"h":3.77}},{"type":"Feature","geometry":{"type":"Polygon","coordinates":[[[-97.7333253,30.287061],[-97.7333201,30.2870618],[-97.7333209,30.2870657],[-97.7333261,30.2870649],[-97.7333253,30.287061]]]},"properties":{"k":"artpart","name":"Mustangs","m":"bronze","b":3.25,"h":3.89}},{"type":"Feature","geometry":{"type":"Polygon","coordinates":[[[-97.7333241,30.2870612],[-97.7333189,30.287062],[-97.7333197,30.2870659],[-97.7333249,30.2870651],[-97.7333241,30.2870612]]]},"properties":{"k":"artpart","name":"Mustangs","m":"bronze","b":3.37,"h":4.01}},{"type":"Feature","geometry":{"type":"Polygon","coordinates":[[[-97.7333229,30.2870614],[-97.7333177,30.2870622],[-97.7333185,30.2870661],[-97.7333237,30.2870653],[-97.7333229,30.2870614]]]},"properties":{"k":"artpart","name":"Mustangs","m":"bronze","b":3.49,"h":4.13}},{"type":"Feature","geometry":{"type":"Polygon","coordinates":[[[-97.7333202,30.2870624],[-97.7333137,30.2870634],[-97.7333143,30.2870662],[-97.7333208,30.2870652],[-97.7333202,30.2870624]]]},"properties":{"k":"artpart","name":"Mustangs","m":"bronze","b":3.75,"h":4.13}},{"type":"Feature","geometry":{"type":"Polygon","coordinates":[[[-97.7333451,30.2870588],[-97.7333418,30.2870593],[-97.7333422,30.2870615],[-97.7333455,30.287061],[-97.7333451,30.2870588]]]},"properties":{"k":"artpart","name":"Mustangs","m":"bronze","b":2.63,"h":3.3}},{"type":"Feature","geometry":{"type":"Polygon","coordinates":[[[-97.7333087,30.2870722],[-97.7333061,30.2870719],[-97.7333058,30.2870741],[-97.7333083,30.2870744],[-97.7333087,30.2870722]]]},"properties":{"k":"artpart","name":"Mustangs","m":"bronze","b":1.05,"h":2.3}},{"type":"Feature","geometry":{"type":"Polygon","coordinates":[[[-97.7333095,30.2870671],[-97.733307,30.2870668],[-97.7333066,30.287069],[-97.7333092,30.2870693],[-97.7333095,30.2870671]]]},"properties":{"k":"artpart","name":"Mustangs","m":"bronze","b":1.05,"h":2.3}},{"type":"Feature","geometry":{"type":"Polygon","coordinates":[[[-97.7333239,30.287074],[-97.7333214,30.2870737],[-97.733321,30.2870759],[-97.7333236,30.2870763],[-97.7333239,30.287074]]]},"properties":{"k":"artpart","name":"Mustangs","m":"bronze","b":1.05,"h":2.3}},{"type":"Feature","geometry":{"type":"Polygon","coordinates":[[[-97.7333248,30.2870689],[-97.7333222,30.2870686],[-97.7333218,30.2870708],[-97.7333244,30.2870711],[-97.7333248,30.2870689]]]},"properties":{"k":"artpart","name":"Mustangs","m":"bronze","b":1.05,"h":2.3}},{"type":"Feature","geometry":{"type":"Polygon","coordinates":[[[-97.7333267,30.2870697],[-97.7333055,30.2870671],[-97.7333044,30.2870734],[-97.7333257,30.287076],[-97.7333267,30.2870697]]]},"properties":{"k":"artpart","name":"Mustangs","m":"bronze","b":2.3,"h":3.21}},{"type":"Feature","geometry":{"type":"Polygon","coordinates":[[[-97.7333152,30.2870696],[-97.7333101,30.287069],[-97.7333095,30.2870727],[-97.7333146,30.2870733],[-97.7333152,30.2870696]]]},"properties":{"k":"artpart","name":"Mustangs","m":"bronze","b":2.7,"h":3.31}},{"type":"Feature","geometry":{"type":"Polygon","coordinates":[[[-97.733314,30.2870694],[-97.733309,30.2870688],[-97.7333083,30.2870726],[-97.7333134,30.2870732],[-97.733314,30.2870694]]]},"properties":{"k":"artpart","name":"Mustangs","m":"bronze","b":2.82,"h":3.43}},{"type":"Feature","geometry":{"type":"Polygon","coordinates":[[[-97.7333129,30.2870693],[-97.7333078,30.2870687],[-97.7333072,30.2870724],[-97.7333123,30.2870731],[-97.7333129,30.2870693]]]},"properties":{"k":"artpart","name":"Mustangs","m":"bronze","b":2.93,"h":3.54}},{"type":"Feature","geometry":{"type":"Polygon","coordinates":[[[-97.7333117,30.2870692],[-97.7333067,30.2870685],[-97.7333061,30.2870723],[-97.7333111,30.2870729],[-97.7333117,30.2870692]]]},"properties":{"k":"artpart","name":"Mustangs","m":"bronze","b":3.05,"h":3.66}},{"type":"Feature","geometry":{"type":"Polygon","coordinates":[[[-97.7333106,30.287069],[-97.7333055,30.2870684],[-97.7333049,30.2870722],[-97.73331,30.2870728],[-97.7333106,30.287069]]]},"properties":{"k":"artpart","name":"Mustangs","m":"bronze","b":3.16,"h":3.77}},{"type":"Feature","geometry":{"type":"Polygon","coordinates":[[[-97.7333094,30.2870689],[-97.7333044,30.2870683],[-97.7333038,30.287072],[-97.7333088,30.2870726],[-97.7333094,30.2870689]]]},"properties":{"k":"artpart","name":"Mustangs","m":"bronze","b":3.28,"h":3.89}},{"type":"Feature","geometry":{"type":"Polygon","coordinates":[[[-97.7333083,30.2870687],[-97.7333032,30.2870681],[-97.7333026,30.2870719],[-97.7333077,30.2870725],[-97.7333083,30.2870687]]]},"properties":{"k":"artpart","name":"Mustangs","m":"bronze","b":3.4,"h":4.0}},{"type":"Feature","geometry":{"type":"Polygon","coordinates":[[[-97.7333055,30.2870689],[-97.7332992,30.2870682],[-97.7332987,30.2870709],[-97.7333051,30.2870717],[-97.7333055,30.2870689]]]},"properties":{"k":"artpart","name":"Mustangs","m":"bronze","b":3.64,"h":4.01}},{"type":"Feature","geometry":{"type":"Polygon","coordinates":[[[-97.7333294,30.2870722],[-97.7333262,30.2870718],[-97.7333259,30.2870738],[-97.733329,30.2870742],[-97.7333294,30.2870722]]]},"properties":{"k":"artpart","name":"Mustangs","m":"bronze","b":2.57,"h":3.21}},{"type":"Feature","geometry":{"type":"Polygon","coordinates":[[[-97.7332987,30.2870631],[-97.7332968,30.2870636],[-97.7332974,30.2870652],[-97.7332992,30.2870647],[-97.7332987,30.2870631]]]},"properties":{"k":"artpart","name":"Mustangs","m":"bronze","b":1.05,"h":1.99}},{"type":"Feature","geometry":{"type":"Polygon","coordinates":[[[-97.7332973,30.2870594],[-97.7332955,30.2870599],[-97.7332961,30.2870615],[-97.7332979,30.287061],[-97.7332973,30.2870594]]]},"properties":{"k":"artpart","name":"Mustangs","m":"bronze","b":1.05,"h":1.99}},{"type":"Feature","geometry":{"type":"Polygon","coordinates":[[[-97.7333097,30.2870602],[-97.7333078,30.2870606],[-97.7333084,30.2870623],[-97.7333103,30.2870618],[-97.7333097,30.2870602]]]},"properties":{"k":"artpart","name":"Mustangs","m":"bronze","b":1.05,"h":1.99}},{"type":"Feature","geometry":{"type":"Polygon","coordinates":[[[-97.7333084,30.2870564],[-97.7333065,30.2870569],[-97.7333071,30.2870585],[-97.7333089,30.287058],[-97.7333084,30.2870564]]]},"properties":{"k":"artpart","name":"Mustangs","m":"bronze","b":1.05,"h":1.99}},{"type":"Feature","geometry":{"type":"Polygon","coordinates":[[[-97.73331,30.2870564],[-97.7332946,30.2870605],[-97.7332962,30.2870651],[-97.7333116,30.287061],[-97.73331,30.2870564]]]},"properties":{"k":"artpart","name":"Mustangs","m":"bronze","b":1.99,"h":2.67}},{"type":"Feature","geometry":{"type":"Polygon","coordinates":[[[-97.7333021,30.2870595],[-97.7332984,30.2870605],[-97.7332994,30.2870632],[-97.7333031,30.2870623],[-97.7333021,30.2870595]]]},"properties":{"k":"artpart","name":"Mustangs","m":"bronze","b":2.29,"h":2.75}},{"type":"Feature","geometry":{"type":"Polygon","coordinates":[[[-97.7333013,30.2870598],[-97.7332976,30.2870607],[-97.7332986,30.2870635],[-97.7333022,30.2870625],[-97.7333013,30.2870598]]]},"properties":{"k":"artpart","name":"Mustangs","m":"bronze","b":2.38,"h":2.83}},{"type":"Feature","geometry":{"type":"Polygon","coordinates":[[[-97.7333004,30.28706],[-97.7332968,30.287061],[-97.7332977,30.2870637],[-97.7333014,30.2870627],[-97.7333004,30.28706]]]},"properties":{"k":"artpart","name":"Mustangs","m":"bronze","b":2.46,"h":2.92}},{"type":"Feature","geometry":{"type":"Polygon","coordinates":[[[-97.7332996,30.2870602],[-97.7332959,30.2870612],[-97.7332969,30.2870639],[-97.7333006,30.2870629],[-97.7332996,30.2870602]]]},"properties":{"k":"artpart","name":"Mustangs","m":"bronze","b":2.55,"h":3.01}},{"type":"Feature","geometry":{"type":"Polygon","coordinates":[[[-97.7332988,30.2870604],[-97.7332951,30.2870614],[-97.7332961,30.2870641],[-97.7332997,30.2870631],[-97.7332988,30.2870604]]]},"properties":{"k":"artpart","name":"Mustangs","m":"bronze","b":2.64,"h":3.09}},{"type":"Feature","geometry":{"type":"Polygon","coordinates":[[[-97.7332979,30.2870606],[-97.7332943,30.2870616],[-97.7332953,30.2870643],[-97.7332989,30.2870634],[-97.7332979,30.2870606]]]},"properties":{"k":"artpart","name":"Mustangs","m":"bronze","b":2.72,"h":3.18}},{"type":"Feature","geometry":{"type":"Polygon","coordinates":[[[-97.7332971,30.2870609],[-97.7332935,30.2870618],[-97.7332944,30.2870646],[-97.7332981,30.2870636],[-97.7332971,30.2870609]]]},"properties":{"k":"artpart","name":"Mustangs","m":"bronze","b":2.81,"h":3.27}},{"type":"Feature","geometry":{"type":"Polygon","coordinates":[[[-97.7332953,30.2870618],[-97.7332907,30.287063],[-97.7332914,30.287065],[-97.733296,30.2870637],[-97.7332953,30.2870618]]]},"properties":{"k":"artpart","name":"Mustangs","m":"bronze","b":2.99,"h":3.27}},{"type":"Feature","geometry":{"type":"Polygon","coordinates":[[[-97.7333127,30.2870574],[-97.7333104,30.287058],[-97.7333109,30.2870595],[-97.7333132,30.2870589],[-97.7333127,30.2870574]]]},"properties":{"k":"artpart","name":"Mustangs","m":"bronze","b":2.19,"h":2.67}},{"type":"Feature","geometry":{"type":"Polygon","coordinates":[[[-97.7360802,30.2897524],[-97.7360826,30.2897432],[-97.736072,30.2897411],[-97.7360695,30.2897503],[-97.7360802,30.2897524]]]},"properties":{"k":"artpart","name":"Clock Knot","m":"granite","b":0.0,"h":0.28}},{"type":"Feature","geometry":{"type":"Polygon","coordinates":[[[-97.7360795,30.2897496],[-97.7360798,30.2897428],[-97.7360727,30.2897426],[-97.7360725,30.2897494],[-97.7360795,30.2897496]]]},"properties":{"k":"artpart","name":"Clock Knot","m":"steelred","b":-0.62,"h":1.43}},{"type":"Feature","geometry":{"type":"Polygon","coordinates":[[[-97.7360796,30.2897483],[-97.7360798,30.2897415],[-97.7360727,30.2897413],[-97.7360725,30.2897481],[-97.7360796,30.2897483]]]},"properties":{"k":"artpart","name":"Clock Knot","m":"steelred","b":-0.22,"h":1.84}},{"type":"Feature","geometry":{"type":"Polygon","coordinates":[[[-97.7360796,30.289747],[-97.7360799,30.2897402],[-97.7360728,30.28974],[-97.7360725,30.2897468],[-97.7360796,30.289747]]]},"properties":{"k":"artpart","name":"Clock Knot","m":"steelred","b":0.19,"h":2.24}},{"type":"Feature","geometry":{"type":"Polygon","coordinates":[[[-97.7360797,30.2897457],[-97.7360799,30.2897389],[-97.7360728,30.2897388],[-97.7360726,30.2897455],[-97.7360797,30.2897457]]]},"properties":{"k":"artpart","name":"Clock Knot","m":"steelred","b":0.6,"h":2.65}},{"type":"Feature","geometry":{"type":"Polygon","coordinates":[[[-97.7360797,30.2897444],[-97.7360799,30.2897377],[-97.7360729,30.2897375],[-97.7360726,30.2897443],[-97.7360797,30.2897444]]]},"properties":{"k":"artpart","name":"Clock Knot","m":"steelred","b":1.0,"h":3.06}},{"type":"Feature","geometry":{"type":"Polygon","coordinates":[[[-97.7360798,30.2897432],[-97.73608,30.2897364],[-97.7360729,30.2897362],[-97.7360727,30.289743],[-97.7360798,30.2897432]]]},"properties":{"k":"artpart","name":"Clock Knot","m":"steelred","b":1.41,"h":3.46}},{"type":"Feature","geometry":{"type":"Polygon","coordinates":[[[-97.7360798,30.2897419],[-97.73608,30.2897351],[-97.736073,30.2897349],[-97.7360727,30.2897417],[-97.7360798,30.2897419]]]},"properties":{"k":"artpart","name":"Clock Knot","m":"steelred","b":1.82,"h":3.87}},{"type":"Feature","geometry":{"type":"Polygon","coordinates":[[[-97.7360798,30.2897406],[-97.7360801,30.2897338],[-97.736073,30.2897336],[-97.7360728,30.2897404],[-97.7360798,30.2897406]]]},"properties":{"k":"artpart","name":"Clock Knot","m":"steelred","b":2.23,"h":4.28}},{"type":"Feature","geometry":{"type":"Polygon","coordinates":[[[-97.7360799,30.2897393],[-97.7360801,30.2897325],[-97.736073,30.2897324],[-97.7360728,30.2897391],[-97.7360799,30.2897393]]]},"properties":{"k":"artpart","name":"Clock Knot","m":"steelred","b":2.63,"h":4.69}},{"type":"Feature","geometry":{"type":"Polygon","coordinates":[[[-97.7360799,30.289738],[-97.7360802,30.2897312],[-97.7360731,30.2897311],[-97.7360729,30.2897378],[-97.7360799,30.289738]]]},"properties":{"k":"artpart","name":"Clock Knot","m":"steelred","b":3.04,"h":5.09}},{"type":"Feature","geometry":{"type":"Polygon","coordinates":[[[-97.73608,30.2897367],[-97.7360802,30.28973],[-97.7360731,30.2897298],[-97.7360729,30.2897366],[-97.73608,30.2897367]]]},"properties":{"k":"artpart","name":"Clock Knot","m":"steelred","b":3.45,"h":5.5}},{"type":"Feature","geometry":{"type":"Polygon","coordinates":[[[-97.73608,30.2897355],[-97.7360802,30.2897287],[-97.7360732,30.2897285],[-97.7360729,30.2897353],[-97.73608,30.2897355]]]},"properties":{"k":"artpart","name":"Clock Knot","m":"steelred","b":3.85,"h":5.91}},{"type":"Feature","geometry":{"type":"Polygon","coordinates":[[[-97.7360801,30.2897342],[-97.7360803,30.2897274],[-97.7360732,30.2897272],[-97.736073,30.289734],[-97.7360801,30.2897342]]]},"properties":{"k":"artpart","name":"Clock Knot","m":"steelred","b":4.26,"h":6.31}},{"type":"Feature","geometry":{"type":"Polygon","coordinates":[[[-97.7360801,30.2897329],[-97.7360803,30.2897261],[-97.7360733,30.2897259],[-97.736073,30.2897327],[-97.7360801,30.2897329]]]},"properties":{"k":"artpart","name":"Clock Knot","m":"steelred","b":4.67,"h":6.72}},{"type":"Feature","geometry":{"type":"Polygon","coordinates":[[[-97.7360801,30.2897316],[-97.7360804,30.2897248],[-97.7360733,30.2897247],[-97.7360731,30.2897314],[-97.7360801,30.2897316]]]},"properties":{"k":"artpart","name":"Clock Knot","m":"steelred","b":5.07,"h":7.13}},{"type":"Feature","geometry":{"type":"Polygon","coordinates":[[[-97.7360802,30.2897303],[-97.7360804,30.2897236],[-97.7360734,30.2897234],[-97.7360731,30.2897302],[-97.7360802,30.2897303]]]},"properties":{"k":"artpart","name":"Clock Knot","m":"steelred","b":5.48,"h":7.53}},{"type":"Feature","geometry":{"type":"Polygon","coordinates":[[[-97.7360802,30.2897291],[-97.7360805,30.2897223],[-97.7360734,30.2897221],[-97.7360732,30.2897289],[-97.7360802,30.2897291]]]},"properties":{"k":"artpart","name":"Clock Knot","m":"steelred","b":5.89,"h":7.94}},{"type":"Feature","geometry":{"type":"Polygon","coordinates":[[[-97.7360803,30.2897278],[-97.7360805,30.289721],[-97.7360734,30.2897208],[-97.7360732,30.2897276],[-97.7360803,30.2897278]]]},"properties":{"k":"artpart","name":"Clock Knot","m":"steelred","b":6.29,"h":8.35}},{"type":"Feature","geometry":{"type":"Polygon","coordinates":[[[-97.7360803,30.2897265],[-97.7360806,30.2897197],[-97.7360735,30.2897195],[-97.7360733,30.2897263],[-97.7360803,30.2897265]]]},"properties":{"k":"artpart","name":"Clock Knot","m":"steelred","b":6.7,"h":8.75}},{"type":"Feature","geometry":{"type":"Polygon","coordinates":[[[-97.7360804,30.2897252],[-97.7360806,30.2897184],[-97.7360735,30.2897182],[-97.7360733,30.289725],[-97.7360804,30.2897252]]]},"properties":{"k":"artpart","name":"Clock Knot","m":"steelred","b":7.11,"h":9.16}},{"type":"Feature","geometry":{"type":"Polygon","coordinates":[[[-97.7360804,30.2897239],[-97.7360806,30.2897171],[-97.7360736,30.289717],[-97.7360733,30.2897237],[-97.7360804,30.2897239]]]},"properties":{"k":"artpart","name":"Clock Knot","m":"steelred","b":7.52,"h":9.57}},{"type":"Feature","geometry":{"type":"Polygon","coordinates":[[[-97.7360805,30.2897226],[-97.7360807,30.2897159],[-97.7360736,30.2897157],[-97.7360734,30.2897225],[-97.7360805,30.2897226]]]},"properties":{"k":"artpart","name":"Clock Knot","m":"steelred","b":7.92,"h":9.98}},{"type":"Feature","geometry":{"type":"Polygon","coordinates":[[[-97.7360805,30.2897214],[-97.7360807,30.2897146],[-97.7360737,30.2897144],[-97.7360734,30.2897212],[-97.7360805,30.2897214]]]},"properties":{"k":"artpart","name":"Clock Knot","m":"steelred","b":8.33,"h":10.38}},{"type":"Feature","geometry":{"type":"Polygon","coordinates":[[[-97.7360805,30.2897201],[-97.7360808,30.2897133],[-97.7360737,30.2897131],[-97.7360735,30.2897199],[-97.7360805,30.2897201]]]},"properties":{"k":"artpart","name":"Clock Knot","m":"steelred","b":8.74,"h":10.79}},{"type":"Feature","geometry":{"type":"Polygon","coordinates":[[[-97.7360806,30.2897188],[-97.7360808,30.289712],[-97.7360737,30.2897118],[-97.7360735,30.2897186],[-97.7360806,30.2897188]]]},"properties":{"k":"artpart","name":"Clock Knot","m":"steelred","b":9.14,"h":11.2}},{"type":"Feature","geometry":{"type":"Polygon","coordinates":[[[-97.7360813,30.2896942],[-97.7360838,30.289685],[-97.7360731,30.2896829],[-97.7360707,30.2896921],[-97.7360813,30.2896942]]]},"properties":{"k":"artpart","name":"Clock Knot","m":"granite","b":0.0,"h":0.28}},{"type":"Feature","geometry":{"type":"Polygon","coordinates":[[[-97.7360737,30.2896858],[-97.7360737,30.2896925],[-97.7360808,30.2896925],[-97.7360808,30.2896858],[-97.7360737,30.2896858]]]},"properties":{"k":"artpart","name":"Clock Knot","m":"steelred","b":-0.79,"h":1.68}},{"type":"Feature","geometry":{"type":"Polygon","coordinates":[[[-97.7360737,30.289687],[-97.7360737,30.2896938],[-97.7360808,30.2896938],[-97.7360808,30.289687],[-97.7360737,30.289687]]]},"properties":{"k":"artpart","name":"Clock Knot","m":"steelred","b":-0.31,"h":2.16}},{"type":"Feature","geometry":{"type":"Polygon","coordinates":[[[-97.7360737,30.2896883],[-97.7360737,30.289695],[-97.7360808,30.289695],[-97.7360808,30.2896883],[-97.7360737,30.2896883]]]},"properties":{"k":"artpart","name":"Clock Knot","m":"steelred","b":0.17,"h":2.65}},{"type":"Feature","geometry":{"type":"Polygon","coordinates":[[[-97.7360737,30.2896895],[-97.7360737,30.2896963],[-97.7360808,30.2896963],[-97.7360808,30.2896895],[-97.7360737,30.2896895]]]},"properties":{"k":"artpart","name":"Clock Knot","m":"steelred","b":0.66,"h":3.13}},{"type":"Feature","geometry":{"type":"Polygon","coordinates":[[[-97.7360737,30.2896908],[-97.7360737,30.2896975],[-97.7360808,30.2896975],[-97.7360808,30.2896908],[-97.7360737,30.2896908]]]},"properties":{"k":"artpart","name":"Clock Knot","m":"steelred","b":1.14,"h":3.62}},{"type":"Feature","geometry":{"type":"Polygon","coordinates":[[[-97.7360737,30.289692],[-97.7360737,30.2896988],[-97.7360808,30.2896988],[-97.7360808,30.289692],[-97.7360737,30.289692]]]},"properties":{"k":"artpart","name":"Clock Knot","m":"steelred","b":1.63,"h":4.1}},{"type":"Feature","geometry":{"type":"Polygon","coordinates":[[[-97.7360737,30.2896933],[-97.7360737,30.2897],[-97.7360808,30.2897],[-97.7360808,30.2896933],[-97.7360737,30.2896933]]]},"properties":{"k":"artpart","name":"Clock Knot","m":"steelred","b":2.11,"h":4.59}},{"type":"Feature","geometry":{"type":"Polygon","coordinates":[[[-97.7360737,30.2896945],[-97.7360737,30.2897012],[-97.7360807,30.2897013],[-97.7360808,30.2896945],[-97.7360737,30.2896945]]]},"properties":{"k":"artpart","name":"Clock Knot","m":"steelred","b":2.6,"h":5.07}},{"type":"Feature","geometry":{"type":"Polygon","coordinates":[[[-97.7360737,30.2896957],[-97.7360737,30.2897025],[-97.7360807,30.2897025],[-97.7360808,30.2896958],[-97.7360737,30.2896957]]]},"properties":{"k":"artpart","name":"Clock Knot","m":"steelred","b":3.08,"h":5.55}},{"type":"Feature","geometry":{"type":"Polygon","coordinates":[[[-97.7360737,30.289697],[-97.7360737,30.2897037],[-97.7360807,30.2897037],[-97.7360808,30.289697],[-97.7360737,30.289697]]]},"properties":{"k":"artpart","name":"Clock Knot","m":"steelred","b":3.57,"h":6.04}},{"type":"Feature","geometry":{"type":"Polygon","coordinates":[[[-97.7360737,30.2896982],[-97.7360737,30.289705],[-97.7360807,30.289705],[-97.7360808,30.2896982],[-97.7360737,30.2896982]]]},"properties":{"k":"artpart","name":"Clock Knot","m":"steelred","b":4.05,"h":6.52}},{"type":"Feature","geometry":{"type":"Polygon","coordinates":[[[-97.7360737,30.2896995],[-97.7360737,30.2897062],[-97.7360807,30.2897062],[-97.7360808,30.2896995],[-97.7360737,30.2896995]]]},"properties":{"k":"artpart","name":"Clock Knot","m":"steelred","b":4.53,"h":7.01}},{"type":"Feature","geometry":{"type":"Polygon","coordinates":[[[-97.7360737,30.2897007],[-97.7360737,30.2897075],[-97.7360807,30.2897075],[-97.7360807,30.2897007],[-97.7360737,30.2897007]]]},"properties":{"k":"artpart","name":"Clock Knot","m":"steelred","b":5.02,"h":7.49}},{"type":"Feature","geometry":{"type":"Polygon","coordinates":[[[-97.7360737,30.289702],[-97.7360737,30.2897087],[-97.7360807,30.2897087],[-97.7360807,30.289702],[-97.7360737,30.289702]]]},"properties":{"k":"artpart","name":"Clock Knot","m":"steelred","b":5.5,"h":7.98}},{"type":"Feature","geometry":{"type":"Polygon","coordinates":[[[-97.7360737,30.2897032],[-97.7360737,30.28971],[-97.7360807,30.28971],[-97.7360807,30.2897032],[-97.7360737,30.2897032]]]},"properties":{"k":"artpart","name":"Clock Knot","m":"steelred","b":5.99,"h":8.46}},{"type":"Feature","geometry":{"type":"Polygon","coordinates":[[[-97.7360737,30.2897045],[-97.7360737,30.2897112],[-97.7360807,30.2897112],[-97.7360807,30.2897045],[-97.7360737,30.2897045]]]},"properties":{"k":"artpart","name":"Clock Knot","m":"steelred","b":6.47,"h":8.95}},{"type":"Feature","geometry":{"type":"Polygon","coordinates":[[[-97.7360737,30.2897057],[-97.7360737,30.2897124],[-97.7360807,30.2897124],[-97.7360807,30.2897057],[-97.7360737,30.2897057]]]},"properties":{"k":"artpart","name":"Clock Knot","m":"steelred","b":6.96,"h":9.43}},{"type":"Feature","geometry":{"type":"Polygon","coordinates":[[[-97.7360737,30.2897069],[-97.7360737,30.2897137],[-97.7360807,30.2897137],[-97.7360807,30.289707],[-97.7360737,30.2897069]]]},"properties":{"k":"artpart","name":"Clock Knot","m":"steelred","b":7.44,"h":9.91}},{"type":"Feature","geometry":{"type":"Polygon","coordinates":[[[-97.7360737,30.2897082],[-97.7360737,30.2897149],[-97.7360807,30.2897149],[-97.7360807,30.2897082],[-97.7360737,30.2897082]]]},"properties":{"k":"artpart","name":"Clock Knot","m":"steelred","b":7.93,"h":10.4}},{"type":"Feature","geometry":{"type":"Polygon","coordinates":[[[-97.7360737,30.2897094],[-97.7360736,30.2897162],[-97.7360807,30.2897162],[-97.7360807,30.2897094],[-97.7360737,30.2897094]]]},"properties":{"k":"artpart","name":"Clock Knot","m":"steelred","b":8.41,"h":10.88}},{"type":"Feature","geometry":{"type":"Polygon","coordinates":[[[-97.7360737,30.2897107],[-97.7360736,30.2897174],[-97.7360807,30.2897174],[-97.7360807,30.2897107],[-97.7360737,30.2897107]]]},"properties":{"k":"artpart","name":"Clock Knot","m":"steelred","b":8.89,"h":11.37}},{"type":"Feature","geometry":{"type":"Polygon","coordinates":[[[-97.7361245,30.2897308],[-97.736127,30.2897216],[-97.7361164,30.2897195],[-97.7361139,30.2897287],[-97.7361245,30.2897308]]]},"properties":{"k":"artpart","name":"Clock Knot","m":"granite","b":0.0,"h":0.28}},{"type":"Feature","geometry":{"type":"Polygon","coordinates":[[[-97.736124,30.2897232],[-97.7361173,30.2897216],[-97.7361156,30.2897268],[-97.7361223,30.2897284],[-97.736124,30.2897232]]]},"properties":{"k":"artpart","name":"Clock Knot","m":"steelred","b":-0.42,"h":1.12}},{"type":"Feature","geometry":{"type":"Polygon","coordinates":[[[-97.7361227,30.2897229],[-97.736116,30.2897213],[-97.7361144,30.2897265],[-97.736121,30.2897281],[-97.7361227,30.2897229]]]},"properties":{"k":"artpart","name":"Clock Knot","m":"steelred","b":-0.12,"h":1.42}},{"type":"Feature","geometry":{"type":"Polygon","coordinates":[[[-97.7361215,30.2897226],[-97.7361148,30.289721],[-97.7361131,30.2897262],[-97.7361198,30.2897278],[-97.7361215,30.2897226]]]},"properties":{"k":"artpart","name":"Clock Knot","m":"steelred","b":0.18,"h":1.72}},{"type":"Feature","geometry":{"type":"Polygon","coordinates":[[[-97.7361202,30.2897223],[-97.7361135,30.2897207],[-97.7361118,30.2897259],[-97.7361185,30.2897275],[-97.7361202,30.2897223]]]},"properties":{"k":"artpart","name":"Clock Knot","m":"steelred","b":0.48,"h":2.01}},{"type":"Feature","geometry":{"type":"Polygon","coordinates":[[[-97.7361189,30.289722],[-97.7361122,30.2897204],[-97.7361105,30.2897255],[-97.7361172,30.2897272],[-97.7361189,30.289722]]]},"properties":{"k":"artpart","name":"Clock Knot","m":"steelred","b":0.78,"h":2.31}},{"type":"Feature","geometry":{"type":"Polygon","coordinates":[[[-97.7361176,30.2897217],[-97.736111,30.28972],[-97.7361093,30.2897252],[-97.736116,30.2897269],[-97.7361176,30.2897217]]]},"properties":{"k":"artpart","name":"Clock Knot","m":"steelred","b":1.08,"h":2.61}},{"type":"Feature","geometry":{"type":"Polygon","coordinates":[[[-97.7361164,30.2897214],[-97.7361097,30.2897197],[-97.736108,30.2897249],[-97.7361147,30.2897265],[-97.7361164,30.2897214]]]},"properties":{"k":"artpart","name":"Clock Knot","m":"steelred","b":1.38,"h":2.91}},{"type":"Feature","geometry":{"type":"Polygon","coordinates":[[[-97.7361151,30.289721],[-97.7361084,30.2897194],[-97.7361067,30.2897246],[-97.7361134,30.2897262],[-97.7361151,30.289721]]]},"properties":{"k":"artpart","name":"Clock Knot","m":"steelred","b":1.68,"h":3.21}},{"type":"Feature","geometry":{"type":"Polygon","coordinates":[[[-97.7361138,30.2897207],[-97.7361071,30.2897191],[-97.7361055,30.2897243],[-97.7361121,30.2897259],[-97.7361138,30.2897207]]]},"properties":{"k":"artpart","name":"Clock Knot","m":"steelred","b":1.98,"h":3.51}},{"type":"Feature","geometry":{"type":"Polygon","coordinates":[[[-97.7361126,30.2897204],[-97.7361059,30.2897188],[-97.7361042,30.289724],[-97.7361109,30.2897256],[-97.7361126,30.2897204]]]},"properties":{"k":"artpart","name":"Clock Knot","m":"steelred","b":2.27,"h":3.81}},{"type":"Feature","geometry":{"type":"Polygon","coordinates":[[[-97.7361113,30.2897201],[-97.7361046,30.2897185],[-97.7361029,30.2897237],[-97.7361096,30.2897253],[-97.7361113,30.2897201]]]},"properties":{"k":"artpart","name":"Clock Knot","m":"steelred","b":2.57,"h":4.11}},{"type":"Feature","geometry":{"type":"Polygon","coordinates":[[[-97.73611,30.2897198],[-97.7361033,30.2897182],[-97.7361016,30.2897234],[-97.7361083,30.289725],[-97.73611,30.2897198]]]},"properties":{"k":"artpart","name":"Clock Knot","m":"steelred","b":2.87,"h":4.41}},{"type":"Feature","geometry":{"type":"Polygon","coordinates":[[[-97.7361087,30.2897195],[-97.7361021,30.2897179],[-97.7361004,30.2897231],[-97.736107,30.2897247],[-97.7361087,30.2897195]]]},"properties":{"k":"artpart","name":"Clock Knot","m":"steelred","b":3.17,"h":4.71}},{"type":"Feature","geometry":{"type":"Polygon","coordinates":[[[-97.7361075,30.2897192],[-97.7361008,30.2897176],[-97.7360991,30.2897228],[-97.7361058,30.2897244],[-97.7361075,30.2897192]]]},"properties":{"k":"artpart","name":"Clock Knot","m":"steelred","b":3.47,"h":5.01}},{"type":"Feature","geometry":{"type":"Polygon","coordinates":[[[-97.7361062,30.2897189],[-97.7360995,30.2897173],[-97.7360978,30.2897225],[-97.7361045,30.2897241],[-97.7361062,30.2897189]]]},"properties":{"k":"artpart","name":"Clock Knot","m":"steelred","b":3.77,"h":5.31}},{"type":"Feature","geometry":{"type":"Polygon","coordinates":[[[-97.7361049,30.2897186],[-97.7360982,30.289717],[-97.7360965,30.2897222],[-97.7361032,30.2897238],[-97.7361049,30.2897186]]]},"properties":{"k":"artpart","name":"Clock Knot","m":"steelred","b":4.07,"h":5.61}},{"type":"Feature","geometry":{"type":"Polygon","coordinates":[[[-97.7361036,30.2897183],[-97.736097,30.2897167],[-97.7360953,30.2897218],[-97.736102,30.2897235],[-97.7361036,30.2897183]]]},"properties":{"k":"artpart","name":"Clock Knot","m":"steelred","b":4.37,"h":5.9}},{"type":"Feature","geometry":{"type":"Polygon","coordinates":[[[-97.7361024,30.289718],[-97.7360957,30.2897163],[-97.736094,30.2897215],[-97.7361007,30.2897232],[-97.7361024,30.289718]]]},"properties":{"k":"artpart","name":"Clock Knot","m":"steelred","b":4.67,"h":6.2}},{"type":"Feature","geometry":{"type":"Polygon","coordinates":[[[-97.7361011,30.2897177],[-97.7360944,30.289716],[-97.7360927,30.2897212],[-97.7360994,30.2897228],[-97.7361011,30.2897177]]]},"properties":{"k":"artpart","name":"Clock Knot","m":"steelred","b":4.97,"h":6.5}},{"type":"Feature","geometry":{"type":"Polygon","coordinates":[[[-97.7360998,30.2897174],[-97.7360931,30.2897157],[-97.7360915,30.2897209],[-97.7360981,30.2897225],[-97.7360998,30.2897174]]]},"properties":{"k":"artpart","name":"Clock Knot","m":"steelred","b":5.27,"h":6.8}},{"type":"Feature","geometry":{"type":"Polygon","coordinates":[[[-97.7360986,30.289717],[-97.7360919,30.2897154],[-97.7360902,30.2897206],[-97.7360969,30.2897222],[-97.7360986,30.289717]]]},"properties":{"k":"artpart","name":"Clock Knot","m":"steelred","b":5.57,"h":7.1}},{"type":"Feature","geometry":{"type":"Polygon","coordinates":[[[-97.7360973,30.2897167],[-97.7360906,30.2897151],[-97.7360889,30.2897203],[-97.7360956,30.2897219],[-97.7360973,30.2897167]]]},"properties":{"k":"artpart","name":"Clock Knot","m":"steelred","b":5.87,"h":7.4}},{"type":"Feature","geometry":{"type":"Polygon","coordinates":[[[-97.736096,30.2897164],[-97.7360893,30.2897148],[-97.7360876,30.28972],[-97.7360943,30.2897216],[-97.736096,30.2897164]]]},"properties":{"k":"artpart","name":"Clock Knot","m":"steelred","b":6.16,"h":7.7}},{"type":"Feature","geometry":{"type":"Polygon","coordinates":[[[-97.7360947,30.2897161],[-97.7360881,30.2897145],[-97.7360864,30.2897197],[-97.736093,30.2897213],[-97.7360947,30.2897161]]]},"properties":{"k":"artpart","name":"Clock Knot","m":"steelred","b":6.46,"h":8.0}},{"type":"Feature","geometry":{"type":"Polygon","coordinates":[[[-97.7360935,30.2897158],[-97.7360868,30.2897142],[-97.7360851,30.2897194],[-97.7360918,30.289721],[-97.7360935,30.2897158]]]},"properties":{"k":"artpart","name":"Clock Knot","m":"steelred","b":6.76,"h":8.3}},{"type":"Feature","geometry":{"type":"Polygon","coordinates":[[[-97.7360922,30.2897155],[-97.7360855,30.2897139],[-97.7360838,30.2897191],[-97.7360905,30.2897207],[-97.7360922,30.2897155]]]},"properties":{"k":"artpart","name":"Clock Knot","m":"steelred","b":7.06,"h":8.6}},{"type":"Feature","geometry":{"type":"Polygon","coordinates":[[[-97.7360909,30.2897152],[-97.7360842,30.2897136],[-97.7360825,30.2897188],[-97.7360892,30.2897204],[-97.7360909,30.2897152]]]},"properties":{"k":"artpart","name":"Clock Knot","m":"steelred","b":7.36,"h":8.9}},{"type":"Feature","geometry":{"type":"Polygon","coordinates":[[[-97.7360896,30.2897149],[-97.736083,30.2897133],[-97.7360813,30.2897185],[-97.736088,30.2897201],[-97.7360896,30.2897149]]]},"properties":{"k":"artpart","name":"Clock Knot","m":"steelred","b":7.66,"h":9.2}},{"type":"Feature","geometry":{"type":"Polygon","coordinates":[[[-97.7360884,30.2897146],[-97.7360817,30.289713],[-97.73608,30.2897182],[-97.7360867,30.2897198],[-97.7360884,30.2897146]]]},"properties":{"k":"artpart","name":"Clock Knot","m":"steelred","b":7.96,"h":9.49}},{"type":"Feature","geometry":{"type":"Polygon","coordinates":[[[-97.7360871,30.2897143],[-97.7360804,30.2897127],[-97.7360787,30.2897178],[-97.7360854,30.2897195],[-97.7360871,30.2897143]]]},"properties":{"k":"artpart","name":"Clock Knot","m":"steelred","b":8.26,"h":9.79}},{"type":"Feature","geometry":{"type":"Polygon","coordinates":[[[-97.7360858,30.289714],[-97.7360791,30.2897123],[-97.7360775,30.2897175],[-97.7360841,30.2897192],[-97.7360858,30.289714]]]},"properties":{"k":"artpart","name":"Clock Knot","m":"steelred","b":8.56,"h":10.09}},{"type":"Feature","geometry":{"type":"Polygon","coordinates":[[[-97.7360846,30.2897137],[-97.7360779,30.289712],[-97.7360762,30.2897172],[-97.7360829,30.2897188],[-97.7360846,30.2897137]]]},"properties":{"k":"artpart","name":"Clock Knot","m":"steelred","b":8.86,"h":10.39}},{"type":"Feature","geometry":{"type":"Polygon","coordinates":[[[-97.7360833,30.2897133],[-97.7360766,30.2897117],[-97.7360749,30.2897169],[-97.7360816,30.2897185],[-97.7360833,30.2897133]]]},"properties":{"k":"artpart","name":"Clock Knot","m":"steelred","b":9.16,"h":10.69}},{"type":"Feature","geometry":{"type":"Polygon","coordinates":[[[-97.736082,30.289713],[-97.7360753,30.2897114],[-97.7360736,30.2897166],[-97.7360803,30.2897182],[-97.736082,30.289713]]]},"properties":{"k":"artpart","name":"Clock Knot","m":"steelred","b":9.46,"h":10.99}},{"type":"Feature","geometry":{"type":"Polygon","coordinates":[[[-97.7360769,30.2897112],[-97.7360722,30.2897154],[-97.7360765,30.289719],[-97.7360812,30.2897148],[-97.7360769,30.2897112]]]},"properties":{"k":"artpart","name":"Clock Knot","m":"steelred","b":9.92,"h":11.06}},{"type":"Feature","geometry":{"type":"Polygon","coordinates":[[[-97.7360759,30.289712],[-97.7360712,30.2897163],[-97.7360755,30.2897199],[-97.7360803,30.2897157],[-97.7360759,30.289712]]]},"properties":{"k":"artpart","name":"Clock Knot","m":"steelred","b":10.14,"h":11.28}},{"type":"Feature","geometry":{"type":"Polygon","coordinates":[[[-97.736075,30.2897129],[-97.7360702,30.2897171],[-97.7360745,30.2897208],[-97.7360793,30.2897165],[-97.736075,30.2897129]]]},"properties":{"k":"artpart","name":"Clock Knot","m":"steelred","b":10.37,"h":11.51}},{"type":"Feature","geometry":{"type":"Polygon","coordinates":[[[-97.736074,30.2897138],[-97.7360692,30.289718],[-97.7360735,30.2897216],[-97.7360783,30.2897174],[-97.736074,30.2897138]]]},"properties":{"k":"artpart","name":"Clock Knot","m":"steelred","b":10.6,"h":11.74}},{"type":"Feature","geometry":{"type":"Polygon","coordinates":[[[-97.736073,30.2897146],[-97.7360682,30.2897189],[-97.7360726,30.2897225],[-97.7360773,30.2897183],[-97.736073,30.2897146]]]},"properties":{"k":"artpart","name":"Clock Knot","m":"steelred","b":10.83,"h":11.97}},{"type":"Feature","geometry":{"type":"Polygon","coordinates":[[[-97.736072,30.2897155],[-97.7360673,30.2897197],[-97.7360716,30.2897234],[-97.7360764,30.2897191],[-97.736072,30.2897155]]]},"properties":{"k":"artpart","name":"Clock Knot","m":"steelred","b":11.06,"h":12.2}},{"type":"Feature","geometry":{"type":"Polygon","coordinates":[[[-97.7360711,30.2897164],[-97.7360663,30.2897206],[-97.7360706,30.2897242],[-97.7360754,30.28972],[-97.7360711,30.2897164]]]},"properties":{"k":"artpart","name":"Clock Knot","m":"steelred","b":11.28,"h":12.42}},{"type":"Feature","geometry":{"type":"Polygon","coordinates":[[[-97.7360701,30.2897172],[-97.7360653,30.2897214],[-97.7360696,30.2897251],[-97.7360744,30.2897209],[-97.7360701,30.2897172]]]},"properties":{"k":"artpart","name":"Clock Knot","m":"steelred","b":11.51,"h":12.65}},{"type":"Feature","geometry":{"type":"Polygon","coordinates":[[[-97.7360691,30.2897181],[-97.7360643,30.2897223],[-97.7360686,30.289726],[-97.7360734,30.2897217],[-97.7360691,30.2897181]]]},"properties":{"k":"artpart","name":"Clock Knot","m":"steelred","b":11.74,"h":12.88}},{"type":"Feature","geometry":{"type":"Polygon","coordinates":[[[-97.7360681,30.289719],[-97.7360633,30.2897232],[-97.7360677,30.2897268],[-97.7360724,30.2897226],[-97.7360681,30.289719]]]},"properties":{"k":"artpart","name":"Clock Knot","m":"steelred","b":11.97,"h":13.11}},{"type":"Feature","geometry":{"type":"Polygon","coordinates":[[[-97.7360756,30.2897302],[-97.736077,30.2897249],[-97.7360722,30.2897239],[-97.7360707,30.2897292],[-97.7360756,30.2897302]]]},"properties":{"k":"artpart","name":"Clock Knot","m":"steelred","b":9.25,"h":9.81}},{"type":"Feature","geometry":{"type":"Polygon","coordinates":[[[-97.736076,30.2897286],[-97.7360774,30.2897233],[-97.7360726,30.2897223],[-97.7360712,30.2897277],[-97.736076,30.2897286]]]},"properties":{"k":"artpart","name":"Clock Knot","m":"steelred","b":9.35,"h":9.91}},{"type":"Feature","geometry":{"type":"Polygon","coordinates":[[[-97.7360764,30.2897271],[-97.7360779,30.2897218],[-97.736073,30.2897208],[-97.7360716,30.2897261],[-97.7360764,30.2897271]]]},"properties":{"k":"artpart","name":"Clock Knot","m":"steelred","b":9.46,"h":10.02}},{"type":"Feature","geometry":{"type":"Polygon","coordinates":[[[-97.7360768,30.2897255],[-97.7360783,30.2897202],[-97.7360734,30.2897192],[-97.736072,30.2897246],[-97.7360768,30.2897255]]]},"properties":{"k":"artpart","name":"Clock Knot","m":"steelred","b":9.56,"h":10.12}},{"type":"Feature","geometry":{"type":"Polygon","coordinates":[[[-97.7360773,30.289724],[-97.7360787,30.2897187],[-97.7360738,30.2897177],[-97.7360724,30.289723],[-97.7360773,30.289724]]]},"properties":{"k":"artpart","name":"Clock Knot","m":"steelred","b":9.67,"h":10.23}},{"type":"Feature","geometry":{"type":"Polygon","coordinates":[[[-97.7360777,30.2897225],[-97.7360791,30.2897171],[-97.7360742,30.2897162],[-97.7360728,30.2897215],[-97.7360777,30.2897225]]]},"properties":{"k":"artpart","name":"Clock Knot","m":"steelred","b":9.78,"h":10.34}},{"type":"Feature","geometry":{"type":"Polygon","coordinates":[[[-97.7360781,30.2897209],[-97.7360795,30.2897156],[-97.7360746,30.2897146],[-97.7360732,30.2897199],[-97.7360781,30.2897209]]]},"properties":{"k":"artpart","name":"Clock Knot","m":"steelred","b":9.88,"h":10.44}},{"type":"Feature","geometry":{"type":"Polygon","coordinates":[[[-97.7360785,30.2897194],[-97.7360799,30.289714],[-97.7360751,30.2897131],[-97.7360736,30.2897184],[-97.7360785,30.2897194]]]},"properties":{"k":"artpart","name":"Clock Knot","m":"steelred","b":9.99,"h":10.55}},{"type":"Feature","geometry":{"type":"Polygon","coordinates":[[[-97.7360789,30.2897178],[-97.7360803,30.2897125],[-97.7360755,30.2897115],[-97.736074,30.2897169],[-97.7360789,30.2897178]]]},"properties":{"k":"artpart","name":"Clock Knot","m":"steelred","b":10.09,"h":10.65}},{"type":"Feature","geometry":{"type":"Polygon","coordinates":[[[-97.7360793,30.2897163],[-97.7360807,30.2897109],[-97.7360759,30.28971],[-97.7360745,30.2897153],[-97.7360793,30.2897163]]]},"properties":{"k":"artpart","name":"Clock Knot","m":"steelred","b":10.2,"h":10.76}},{"type":"Feature","geometry":{"type":"Polygon","coordinates":[[[-97.7360797,30.2897147],[-97.7360812,30.2897094],[-97.7360763,30.2897084],[-97.7360749,30.2897138],[-97.7360797,30.2897147]]]},"properties":{"k":"artpart","name":"Clock Knot","m":"steelred","b":10.3,"h":10.86}},{"type":"Feature","geometry":{"type":"Polygon","coordinates":[[[-97.7360801,30.2897132],[-97.7360816,30.2897079],[-97.7360767,30.2897069],[-97.7360753,30.2897122],[-97.7360801,30.2897132]]]},"properties":{"k":"artpart","name":"Clock Knot","m":"steelred","b":10.41,"h":10.97}},{"type":"Feature","geometry":{"type":"Polygon","coordinates":[[[-97.7360806,30.2897116],[-97.736082,30.2897063],[-97.7360771,30.2897053],[-97.7360757,30.2897107],[-97.7360806,30.2897116]]]},"properties":{"k":"artpart","name":"Clock Knot","m":"steelred","b":10.52,"h":11.08}},{"type":"Feature","geometry":{"type":"Polygon","coordinates":[[[-97.736081,30.2897101],[-97.7360824,30.2897048],[-97.7360775,30.2897038],[-97.7360761,30.2897091],[-97.736081,30.2897101]]]},"properties":{"k":"artpart","name":"Clock Knot","m":"steelred","b":10.62,"h":11.18}},{"type":"Feature","geometry":{"type":"Polygon","coordinates":[[[-97.7360814,30.2897086],[-97.7360828,30.2897032],[-97.7360779,30.2897023],[-97.7360765,30.2897076],[-97.7360814,30.2897086]]]},"properties":{"k":"artpart","name":"Clock Knot","m":"steelred","b":10.73,"h":11.29}},{"type":"Feature","geometry":{"type":"Polygon","coordinates":[[[-97.7360818,30.289707],[-97.7360832,30.2897017],[-97.7360784,30.2897007],[-97.7360769,30.289706],[-97.7360818,30.289707]]]},"properties":{"k":"artpart","name":"Clock Knot","m":"steelred","b":10.83,"h":11.39}},{"type":"Feature","geometry":{"type":"Polygon","coordinates":[[[-97.7360822,30.2897055],[-97.7360836,30.2897001],[-97.7360788,30.2896992],[-97.7360773,30.2897045],[-97.7360822,30.2897055]]]},"properties":{"k":"artpart","name":"Clock Knot","m":"steelred","b":10.94,"h":11.5}},{"type":"Feature","geometry":{"type":"Polygon","coordinates":[[[-97.7360919,30.2897236],[-97.7360873,30.2897199],[-97.7360839,30.289723],[-97.7360885,30.2897268],[-97.7360919,30.2897236]]]},"properties":{"k":"artpart","name":"Clock Knot","m":"steelred","b":9.25,"h":9.81}},{"type":"Feature","geometry":{"type":"Polygon","coordinates":[[[-97.7360906,30.2897225],[-97.736086,30.2897188],[-97.7360826,30.289722],[-97.7360872,30.2897257],[-97.7360906,30.2897225]]]},"properties":{"k":"artpart","name":"Clock Knot","m":"steelred","b":9.35,"h":9.91}},{"type":"Feature","geometry":{"type":"Polygon","coordinates":[[[-97.7360893,30.2897214],[-97.7360846,30.2897177],[-97.7360812,30.2897209],[-97.7360859,30.2897246],[-97.7360893,30.2897214]]]},"properties":{"k":"artpart","name":"Clock Knot","m":"steelred","b":9.46,"h":10.02}},{"type":"Feature","geometry":{"type":"Polygon","coordinates":[[[-97.7360879,30.2897204],[-97.7360833,30.2897166],[-97.7360799,30.2897198],[-97.7360845,30.2897235],[-97.7360879,30.2897204]]]},"properties":{"k":"artpart","name":"Clock Knot","m":"steelred","b":9.56,"h":10.12}},{"type":"Feature","geometry":{"type":"Polygon","coordinates":[[[-97.7360866,30.2897193],[-97.7360819,30.2897156],[-97.7360785,30.2897187],[-97.7360832,30.2897224],[-97.7360866,30.2897193]]]},"properties":{"k":"artpart","name":"Clock Knot","m":"steelred","b":9.67,"h":10.23}},{"type":"Feature","geometry":{"type":"Polygon","coordinates":[[[-97.7360852,30.2897182],[-97.7360806,30.2897145],[-97.7360772,30.2897176],[-97.7360818,30.2897214],[-97.7360852,30.2897182]]]},"properties":{"k":"artpart","name":"Clock Knot","m":"steelred","b":9.78,"h":10.34}},{"type":"Feature","geometry":{"type":"Polygon","coordinates":[[[-97.7360839,30.2897171],[-97.7360793,30.2897134],[-97.7360759,30.2897165],[-97.7360805,30.2897203],[-97.7360839,30.2897171]]]},"properties":{"k":"artpart","name":"Clock Knot","m":"steelred","b":9.88,"h":10.44}},{"type":"Feature","geometry":{"type":"Polygon","coordinates":[[[-97.7360825,30.289716],[-97.7360779,30.2897123],[-97.7360745,30.2897155],[-97.7360791,30.2897192],[-97.7360825,30.289716]]]},"properties":{"k":"artpart","name":"Clock Knot","m":"steelred","b":9.99,"h":10.55}},{"type":"Feature","geometry":{"type":"Polygon","coordinates":[[[-97.7360812,30.289715],[-97.7360766,30.2897112],[-97.7360732,30.2897144],[-97.7360778,30.2897181],[-97.7360812,30.289715]]]},"properties":{"k":"artpart","name":"Clock Knot","m":"steelred","b":10.09,"h":10.65}},{"type":"Feature","geometry":{"type":"Polygon","coordinates":[[[-97.7360799,30.2897139],[-97.7360752,30.2897102],[-97.7360718,30.2897133],[-97.7360765,30.289717],[-97.7360799,30.2897139]]]},"properties":{"k":"artpart","name":"Clock Knot","m":"steelred","b":10.2,"h":10.76}},{"type":"Feature","geometry":{"type":"Polygon","coordinates":[[[-97.7360785,30.2897128],[-97.7360739,30.2897091],[-97.7360705,30.2897122],[-97.7360751,30.289716],[-97.7360785,30.2897128]]]},"properties":{"k":"artpart","name":"Clock Knot","m":"steelred","b":10.3,"h":10.86}},{"type":"Feature","geometry":{"type":"Polygon","coordinates":[[[-97.7360772,30.2897117],[-97.7360725,30.289708],[-97.7360691,30.2897111],[-97.7360738,30.2897149],[-97.7360772,30.2897117]]]},"properties":{"k":"artpart","name":"Clock Knot","m":"steelred","b":10.41,"h":10.97}},{"type":"Feature","geometry":{"type":"Polygon","coordinates":[[[-97.7360758,30.2897106],[-97.7360712,30.2897069],[-97.7360678,30.2897101],[-97.7360724,30.2897138],[-97.7360758,30.2897106]]]},"properties":{"k":"artpart","name":"Clock Knot","m":"steelred","b":10.52,"h":11.08}},{"type":"Feature","geometry":{"type":"Polygon","coordinates":[[[-97.7360745,30.2897096],[-97.7360699,30.2897058],[-97.7360665,30.289709],[-97.7360711,30.2897127],[-97.7360745,30.2897096]]]},"properties":{"k":"artpart","name":"Clock Knot","m":"steelred","b":10.62,"h":11.18}},{"type":"Feature","geometry":{"type":"Polygon","coordinates":[[[-97.7360731,30.2897085],[-97.7360685,30.2897047],[-97.7360651,30.2897079],[-97.7360697,30.2897116],[-97.7360731,30.2897085]]]},"properties":{"k":"artpart","name":"Clock Knot","m":"steelred","b":10.73,"h":11.29}},{"type":"Feature","geometry":{"type":"Polygon","coordinates":[[[-97.7360718,30.2897074],[-97.7360672,30.2897037],[-97.7360638,30.2897068],[-97.7360684,30.2897105],[-97.7360718,30.2897074]]]},"properties":{"k":"artpart","name":"Clock Knot","m":"steelred","b":10.83,"h":11.39}},{"type":"Feature","geometry":{"type":"Polygon","coordinates":[[[-97.7360705,30.2897063],[-97.7360658,30.2897026],[-97.7360624,30.2897057],[-97.7360671,30.2897095],[-97.7360705,30.2897063]]]},"properties":{"k":"artpart","name":"Clock Knot","m":"steelred","b":10.94,"h":11.5}},{"type":"Feature","geometry":{"type":"Polygon","coordinates":[[[-97.7360935,30.2897081],[-97.7360875,30.2897097],[-97.7360889,30.2897138],[-97.736095,30.2897122],[-97.7360935,30.2897081]]]},"properties":{"k":"artpart","name":"Clock Knot","m":"steelred","b":9.25,"h":9.81}},{"type":"Feature","geometry":{"type":"Polygon","coordinates":[[[-97.7360918,30.2897086],[-97.7360857,30.2897102],[-97.7360872,30.2897143],[-97.7360932,30.2897127],[-97.7360918,30.2897086]]]},"properties":{"k":"artpart","name":"Clock Knot","m":"steelred","b":9.35,"h":9.91}},{"type":"Feature","geometry":{"type":"Polygon","coordinates":[[[-97.73609,30.289709],[-97.736084,30.2897106],[-97.7360854,30.2897148],[-97.7360915,30.2897132],[-97.73609,30.289709]]]},"properties":{"k":"artpart","name":"Clock Knot","m":"steelred","b":9.46,"h":10.02}},{"type":"Feature","geometry":{"type":"Polygon","coordinates":[[[-97.7360883,30.2897095],[-97.7360822,30.2897111],[-97.7360837,30.2897152],[-97.7360897,30.2897136],[-97.7360883,30.2897095]]]},"properties":{"k":"artpart","name":"Clock Knot","m":"steelred","b":9.56,"h":10.12}},{"type":"Feature","geometry":{"type":"Polygon","coordinates":[[[-97.7360865,30.28971],[-97.7360805,30.2897116],[-97.7360819,30.2897157],[-97.736088,30.2897141],[-97.7360865,30.28971]]]},"properties":{"k":"artpart","name":"Clock Knot","m":"steelred","b":9.67,"h":10.23}},{"type":"Feature","geometry":{"type":"Polygon","coordinates":[[[-97.7360848,30.2897104],[-97.7360787,30.289712],[-97.7360802,30.2897161],[-97.7360862,30.2897145],[-97.7360848,30.2897104]]]},"properties":{"k":"artpart","name":"Clock Knot","m":"steelred","b":9.78,"h":10.34}},{"type":"Feature","geometry":{"type":"Polygon","coordinates":[[[-97.736083,30.2897109],[-97.7360769,30.2897125],[-97.7360784,30.2897166],[-97.7360845,30.289715],[-97.736083,30.2897109]]]},"properties":{"k":"artpart","name":"Clock Knot","m":"steelred","b":9.88,"h":10.44}},{"type":"Feature","geometry":{"type":"Polygon","coordinates":[[[-97.7360812,30.2897113],[-97.7360752,30.2897129],[-97.7360766,30.2897171],[-97.7360827,30.2897155],[-97.7360812,30.2897113]]]},"properties":{"k":"artpart","name":"Clock Knot","m":"steelred","b":9.99,"h":10.55}},{"type":"Feature","geometry":{"type":"Polygon","coordinates":[[[-97.7360795,30.2897118],[-97.7360734,30.2897134],[-97.7360749,30.2897175],[-97.7360809,30.2897159],[-97.7360795,30.2897118]]]},"properties":{"k":"artpart","name":"Clock Knot","m":"steelred","b":10.09,"h":10.65}},{"type":"Feature","geometry":{"type":"Polygon","coordinates":[[[-97.7360777,30.2897123],[-97.7360717,30.2897139],[-97.7360731,30.289718],[-97.7360792,30.2897164],[-97.7360777,30.2897123]]]},"properties":{"k":"artpart","name":"Clock Knot","m":"steelred","b":10.2,"h":10.76}},{"type":"Feature","geometry":{"type":"Polygon","coordinates":[[[-97.736076,30.2897127],[-97.7360699,30.2897143],[-97.7360714,30.2897185],[-97.7360774,30.2897169],[-97.736076,30.2897127]]]},"properties":{"k":"artpart","name":"Clock Knot","m":"steelred","b":10.3,"h":10.86}},{"type":"Feature","geometry":{"type":"Polygon","coordinates":[[[-97.7360742,30.2897132],[-97.7360682,30.2897148],[-97.7360696,30.2897189],[-97.7360757,30.2897173],[-97.7360742,30.2897132]]]},"properties":{"k":"artpart","name":"Clock Knot","m":"steelred","b":10.41,"h":10.97}},{"type":"Feature","geometry":{"type":"Polygon","coordinates":[[[-97.7360725,30.2897137],[-97.7360664,30.2897153],[-97.7360679,30.2897194],[-97.7360739,30.2897178],[-97.7360725,30.2897137]]]},"properties":{"k":"artpart","name":"Clock Knot","m":"steelred","b":10.52,"h":11.08}},{"type":"Feature","geometry":{"type":"Polygon","coordinates":[[[-97.7360707,30.2897141],[-97.7360647,30.2897157],[-97.7360661,30.2897199],[-97.7360722,30.2897183],[-97.7360707,30.2897141]]]},"properties":{"k":"artpart","name":"Clock Knot","m":"steelred","b":10.62,"h":11.18}},{"type":"Feature","geometry":{"type":"Polygon","coordinates":[[[-97.736069,30.2897146],[-97.7360629,30.2897162],[-97.7360644,30.2897203],[-97.7360704,30.2897187],[-97.736069,30.2897146]]]},"properties":{"k":"artpart","name":"Clock Knot","m":"steelred","b":10.73,"h":11.29}},{"type":"Feature","geometry":{"type":"Polygon","coordinates":[[[-97.7360672,30.2897151],[-97.7360611,30.2897167],[-97.7360626,30.2897208],[-97.7360687,30.2897192],[-97.7360672,30.2897151]]]},"properties":{"k":"artpart","name":"Clock Knot","m":"steelred","b":10.83,"h":11.39}},{"type":"Feature","geometry":{"type":"Polygon","coordinates":[[[-97.7360654,30.2897155],[-97.7360594,30.2897171],[-97.7360608,30.2897212],[-97.7360669,30.2897196],[-97.7360654,30.2897155]]]},"properties":{"k":"artpart","name":"Clock Knot","m":"steelred","b":10.94,"h":11.5}},{"type":"Feature","geometry":{"type":"Polygon","coordinates":[[[-97.7360824,30.2896976],[-97.7360732,30.2896973],[-97.736073,30.2897004],[-97.7360823,30.2897006],[-97.7360824,30.2896976]]]},"properties":{"k":"artpart","name":"Clock Knot","m":"steelred","b":9.75,"h":10.99}},{"type":"Feature","geometry":{"type":"Polygon","coordinates":[[[-97.7360745,30.2896971],[-97.7360658,30.2897],[-97.736067,30.2897028],[-97.7360757,30.2897],[-97.7360745,30.2896971]]]},"properties":{"k":"artpart","name":"Clock Knot","m":"steelred","b":9.75,"h":10.99}},{"type":"Feature","geometry":{"type":"Polygon","coordinates":[[[-97.7360669,30.2896994],[-97.7360601,30.2897049],[-97.7360625,30.2897071],[-97.7360693,30.2897016],[-97.7360669,30.2896994]]]},"properties":{"k":"artpart","name":"Clock Knot","m":"steelred","b":9.75,"h":10.99}},{"type":"Feature","geometry":{"type":"Polygon","coordinates":[[[-97.7360609,30.2897039],[-97.7360571,30.2897112],[-97.7360603,30.2897125],[-97.7360641,30.2897052],[-97.7360609,30.2897039]]]},"properties":{"k":"artpart","name":"Clock Knot","m":"steelred","b":9.75,"h":10.99}},{"type":"Feature","geometry":{"type":"Polygon","coordinates":[[[-97.7360574,30.2897101],[-97.7360571,30.2897182],[-97.7360606,30.2897182],[-97.7360609,30.2897102],[-97.7360574,30.2897101]]]},"properties":{"k":"artpart","name":"Clock Knot","m":"steelred","b":9.75,"h":10.99}},{"type":"Feature","geometry":{"type":"Polygon","coordinates":[[[-97.7360569,30.289717],[-97.7360602,30.2897245],[-97.7360635,30.2897235],[-97.7360602,30.2897159],[-97.7360569,30.289717]]]},"properties":{"k":"artpart","name":"Clock Knot","m":"steelred","b":9.75,"h":10.99}},{"type":"Feature","geometry":{"type":"Polygon","coordinates":[[[-97.7360595,30.2897236],[-97.7360658,30.2897294],[-97.7360684,30.2897273],[-97.736062,30.2897215],[-97.7360595,30.2897236]]]},"properties":{"k":"artpart","name":"Clock Knot","m":"steelred","b":9.75,"h":10.99}},{"type":"Feature","geometry":{"type":"Polygon","coordinates":[[[-97.7360647,30.2897287],[-97.7360732,30.289732],[-97.7360747,30.2897293],[-97.7360662,30.289726],[-97.7360647,30.2897287]]]},"properties":{"k":"artpart","name":"Clock Knot","m":"steelred","b":9.75,"h":10.99}},{"type":"Feature","geometry":{"type":"Polygon","coordinates":[[[-97.7360719,30.2897318],[-97.7360812,30.289732],[-97.7360813,30.289729],[-97.736072,30.2897287],[-97.7360719,30.2897318]]]},"properties":{"k":"artpart","name":"Clock Knot","m":"steelred","b":9.75,"h":10.99}},{"type":"Feature","geometry":{"type":"Polygon","coordinates":[[[-97.7360799,30.2897322],[-97.7360886,30.2897294],[-97.7360874,30.2897265],[-97.7360787,30.2897294],[-97.7360799,30.2897322]]]},"properties":{"k":"artpart","name":"Clock Knot","m":"steelred","b":9.75,"h":10.99}},{"type":"Feature","geometry":{"type":"Polygon","coordinates":[[[-97.7360875,30.28973],[-97.7360943,30.2897245],[-97.7360918,30.2897223],[-97.7360851,30.2897278],[-97.7360875,30.28973]]]},"properties":{"k":"artpart","name":"Clock Knot","m":"steelred","b":9.75,"h":10.99}},{"type":"Feature","geometry":{"type":"Polygon","coordinates":[[[-97.7360935,30.2897254],[-97.7360973,30.2897181],[-97.7360941,30.2897168],[-97.7360903,30.2897242],[-97.7360935,30.2897254]]]},"properties":{"k":"artpart","name":"Clock Knot","m":"steelred","b":9.75,"h":10.99}},{"type":"Feature","geometry":{"type":"Polygon","coordinates":[[[-97.736097,30.2897192],[-97.7360973,30.2897112],[-97.7360938,30.2897111],[-97.7360935,30.2897191],[-97.736097,30.2897192]]]},"properties":{"k":"artpart","name":"Clock Knot","m":"steelred","b":9.75,"h":10.99}},{"type":"Feature","geometry":{"type":"Polygon","coordinates":[[[-97.7360975,30.2897123],[-97.7360942,30.2897048],[-97.7360909,30.2897059],[-97.7360942,30.2897134],[-97.7360975,30.2897123]]]},"properties":{"k":"artpart","name":"Clock Knot","m":"steelred","b":9.75,"h":10.99}},{"type":"Feature","geometry":{"type":"Polygon","coordinates":[[[-97.7360949,30.2897058],[-97.7360886,30.2896999],[-97.736086,30.289702],[-97.7360923,30.2897079],[-97.7360949,30.2897058]]]},"properties":{"k":"artpart","name":"Clock Knot","m":"steelred","b":9.75,"h":10.99}},{"type":"Feature","geometry":{"type":"Polygon","coordinates":[[[-97.7360896,30.2897006],[-97.7360812,30.2896973],[-97.7360797,30.2897001],[-97.7360882,30.2897034],[-97.7360896,30.2897006]]]},"properties":{"k":"artpart","name":"Clock Knot","m":"steelred","b":9.75,"h":10.99}},{"type":"Feature","geometry":{"type":"Polygon","coordinates":[[[-97.7360218,30.2897073],[-97.7360318,30.2897089],[-97.7360329,30.2897037],[-97.7360228,30.2897022],[-97.7360218,30.2897073]]]},"properties":{"k":"artpart","name":"Clock Knot","m":"steelred","b":7.58,"h":8.18}},{"type":"Feature","geometry":{"type":"Polygon","coordinates":[[[-97.7360265,30.2897081],[-97.7360365,30.2897096],[-97.7360376,30.2897044],[-97.7360275,30.2897029],[-97.7360265,30.2897081]]]},"properties":{"k":"artpart","name":"Clock Knot","m":"steelred","b":7.69,"h":8.29}},{"type":"Feature","geometry":{"type":"Polygon","coordinates":[[[-97.7360312,30.2897088],[-97.7360412,30.2897103],[-97.7360423,30.2897051],[-97.7360322,30.2897036],[-97.7360312,30.2897088]]]},"properties":{"k":"artpart","name":"Clock Knot","m":"steelred","b":7.8,"h":8.4}},{"type":"Feature","geometry":{"type":"Polygon","coordinates":[[[-97.7360359,30.2897095],[-97.7360459,30.289711],[-97.736047,30.2897058],[-97.7360369,30.2897043],[-97.7360359,30.2897095]]]},"properties":{"k":"artpart","name":"Clock Knot","m":"steelred","b":7.91,"h":8.51}},{"type":"Feature","geometry":{"type":"Polygon","coordinates":[[[-97.7360406,30.2897102],[-97.7360506,30.2897117],[-97.7360517,30.2897066],[-97.7360416,30.289705],[-97.7360406,30.2897102]]]},"properties":{"k":"artpart","name":"Clock Knot","m":"steelred","b":8.02,"h":8.62}},{"type":"Feature","geometry":{"type":"Polygon","coordinates":[[[-97.7360453,30.2897109],[-97.7360553,30.2897124],[-97.7360564,30.2897073],[-97.7360463,30.2897057],[-97.7360453,30.2897109]]]},"properties":{"k":"artpart","name":"Clock Knot","m":"steelred","b":8.13,"h":8.73}},{"type":"Feature","geometry":{"type":"Polygon","coordinates":[[[-97.73605,30.2897116],[-97.73606,30.2897131],[-97.7360611,30.289708],[-97.736051,30.2897065],[-97.73605,30.2897116]]]},"properties":{"k":"artpart","name":"Clock Knot","m":"steelred","b":8.24,"h":8.84}},{"type":"Feature","geometry":{"type":"Polygon","coordinates":[[[-97.7360547,30.2897123],[-97.7360647,30.2897138],[-97.7360658,30.2897087],[-97.7360557,30.2897072],[-97.7360547,30.2897123]]]},"properties":{"k":"artpart","name":"Clock Knot","m":"steelred","b":8.35,"h":8.95}},{"type":"Feature","geometry":{"type":"Polygon","coordinates":[[[-97.7360594,30.289713],[-97.7360694,30.2897145],[-97.7360705,30.2897094],[-97.7360604,30.2897079],[-97.7360594,30.289713]]]},"properties":{"k":"artpart","name":"Clock Knot","m":"steelred","b":8.46,"h":9.06}},{"type":"Feature","geometry":{"type":"Polygon","coordinates":[[[-97.7360641,30.2897137],[-97.7360741,30.2897152],[-97.7360752,30.2897101],[-97.7360651,30.2897086],[-97.7360641,30.2897137]]]},"properties":{"k":"artpart","name":"Clock Knot","m":"steelred","b":8.57,"h":9.17}},{"type":"Feature","geometry":{"type":"Polygon","coordinates":[[[-97.7421894,30.2839034],[-97.7421656,30.2839034],[-97.7421656,30.2839066],[-97.7421894,30.2839066],[-97.7421894,30.2839034]]]},"properties":{"k":"artpart","name":"Hi, How Are You","m":"limest","b":0.0,"h":3.0}},{"type":"Feature","geometry":{"type":"Polygon","coordinates":[[[-97.7369014,30.2862727],[-97.7369025,30.2862816],[-97.7369066,30.2862812],[-97.7369056,30.2862723],[-97.7369014,30.2862727]]]},"properties":{"k":"artpart","name":"Circle with Towers","m":"granite","b":0.0,"h":1.35}},{"type":"Feature","geometry":{"type":"Polygon","coordinates":[[[-97.7369021,30.2862799],[-97.7369051,30.2862885],[-97.7369091,30.2862875],[-97.7369061,30.2862789],[-97.7369021,30.2862799]]]},"properties":{"k":"artpart","name":"Circle with Towers","m":"granite","b":0.0,"h":1.35}},{"type":"Feature","geometry":{"type":"Polygon","coordinates":[[[-97.7369043,30.286287],[-97.7369092,30.2862949],[-97.7369129,30.2862932],[-97.736908,30.2862853],[-97.7369043,30.286287]]]},"properties":{"k":"artpart","name":"Circle with Towers","m":"granite","b":0.0,"h":1.35}},{"type":"Feature","geometry":{"type":"Polygon","coordinates":[[[-97.7369082,30.2862935],[-97.7369147,30.2863004],[-97.736918,30.2862981],[-97.7369114,30.2862912],[-97.7369082,30.2862935]]]},"properties":{"k":"artpart","name":"Circle with Towers","m":"granite","b":0.0,"h":1.35}},{"type":"Feature","geometry":{"type":"Polygon","coordinates":[[[-97.7369134,30.2862992],[-97.7369214,30.2863049],[-97.736924,30.2863021],[-97.736916,30.2862964],[-97.7369134,30.2862992]]]},"properties":{"k":"artpart","name":"Circle with Towers","m":"granite","b":0.0,"h":1.35}},{"type":"Feature","geometry":{"type":"Polygon","coordinates":[[[-97.7369198,30.2863039],[-97.7369289,30.2863082],[-97.7369309,30.286305],[-97.7369217,30.2863008],[-97.7369198,30.2863039]]]},"properties":{"k":"artpart","name":"Circle with Towers","m":"granite","b":0.0,"h":1.35}},{"type":"Feature","geometry":{"type":"Polygon","coordinates":[[[-97.7369271,30.2863075],[-97.7369371,30.2863101],[-97.7369383,30.2863067],[-97.7369283,30.2863041],[-97.7369271,30.2863075]]]},"properties":{"k":"artpart","name":"Circle with Towers","m":"granite","b":0.0,"h":1.35}},{"type":"Feature","geometry":{"type":"Polygon","coordinates":[[[-97.7369351,30.2863098],[-97.7369455,30.2863107],[-97.7369459,30.2863071],[-97.7369356,30.2863062],[-97.7369351,30.2863098]]]},"properties":{"k":"artpart","name":"Circle with Towers","m":"granite","b":0.0,"h":1.35}},{"type":"Feature","geometry":{"type":"Polygon","coordinates":[[[-97.7369435,30.2863107],[-97.7369539,30.2863098],[-97.7369534,30.2863062],[-97.7369431,30.2863071],[-97.7369435,30.2863107]]]},"properties":{"k":"artpart","name":"Circle with Towers","m":"granite","b":0.0,"h":1.35}},{"type":"Feature","geometry":{"type":"Polygon","coordinates":[[[-97.7369519,30.2863101],[-97.7369619,30.2863075],[-97.7369607,30.2863041],[-97.7369507,30.2863067],[-97.7369519,30.2863101]]]},"properties":{"k":"artpart","name":"Circle with Towers","m":"granite","b":0.0,"h":1.35}},{"type":"Feature","geometry":{"type":"Polygon","coordinates":[[[-97.7369601,30.2863082],[-97.7369692,30.2863039],[-97.7369673,30.2863008],[-97.7369581,30.286305],[-97.7369601,30.2863082]]]},"properties":{"k":"artpart","name":"Circle with Towers","m":"granite","b":0.0,"h":1.35}},{"type":"Feature","geometry":{"type":"Polygon","coordinates":[[[-97.7369676,30.2863049],[-97.7369756,30.2862992],[-97.736973,30.2862964],[-97.736965,30.2863021],[-97.7369676,30.2863049]]]},"properties":{"k":"artpart","name":"Circle with Towers","m":"granite","b":0.0,"h":1.35}},{"type":"Feature","geometry":{"type":"Polygon","coordinates":[[[-97.7369743,30.2863004],[-97.7369808,30.2862935],[-97.7369776,30.2862912],[-97.736971,30.2862981],[-97.7369743,30.2863004]]]},"properties":{"k":"artpart","name":"Circle with Towers","m":"granite","b":0.0,"h":1.35}},{"type":"Feature","geometry":{"type":"Polygon","coordinates":[[[-97.7369798,30.2862949],[-97.7369847,30.286287],[-97.736981,30.2862853],[-97.7369761,30.2862932],[-97.7369798,30.2862949]]]},"properties":{"k":"artpart","name":"Circle with Towers","m":"granite","b":0.0,"h":1.35}},{"type":"Feature","geometry":{"type":"Polygon","coordinates":[[[-97.7369839,30.2862885],[-97.7369869,30.2862799],[-97.7369829,30.2862789],[-97.7369799,30.2862875],[-97.7369839,30.2862885]]]},"properties":{"k":"artpart","name":"Circle with Towers","m":"granite","b":0.0,"h":1.35}},{"type":"Feature","geometry":{"type":"Polygon","coordinates":[[[-97.7369865,30.2862816],[-97.7369876,30.2862727],[-97.7369834,30.2862723],[-97.7369824,30.2862812],[-97.7369865,30.2862816]]]},"properties":{"k":"artpart","name":"Circle with Towers","m":"granite","b":0.0,"h":1.35}},{"type":"Feature","geometry":{"type":"Polygon","coordinates":[[[-97.7369876,30.2862743],[-97.7369865,30.2862654],[-97.7369824,30.2862658],[-97.7369834,30.2862747],[-97.7369876,30.2862743]]]},"properties":{"k":"artpart","name":"Circle with Towers","m":"granite","b":0.0,"h":1.35}},{"type":"Feature","geometry":{"type":"Polygon","coordinates":[[[-97.7369869,30.2862671],[-97.7369839,30.2862585],[-97.7369799,30.2862595],[-97.7369829,30.2862681],[-97.7369869,30.2862671]]]},"properties":{"k":"artpart","name":"Circle with Towers","m":"granite","b":0.0,"h":1.35}},{"type":"Feature","geometry":{"type":"Polygon","coordinates":[[[-97.7369847,30.28626],[-97.7369798,30.2862521],[-97.7369761,30.2862538],[-97.736981,30.2862617],[-97.7369847,30.28626]]]},"properties":{"k":"artpart","name":"Circle with Towers","m":"granite","b":0.0,"h":1.35}},{"type":"Feature","geometry":{"type":"Polygon","coordinates":[[[-97.7369808,30.2862535],[-97.7369743,30.2862466],[-97.736971,30.2862489],[-97.7369776,30.2862558],[-97.7369808,30.2862535]]]},"properties":{"k":"artpart","name":"Circle with Towers","m":"granite","b":0.0,"h":1.35}},{"type":"Feature","geometry":{"type":"Polygon","coordinates":[[[-97.7369756,30.2862478],[-97.7369676,30.2862421],[-97.736965,30.2862449],[-97.736973,30.2862506],[-97.7369756,30.2862478]]]},"properties":{"k":"artpart","name":"Circle with Towers","m":"granite","b":0.0,"h":1.35}},{"type":"Feature","geometry":{"type":"Polygon","coordinates":[[[-97.7369692,30.2862431],[-97.7369601,30.2862388],[-97.7369581,30.286242],[-97.7369673,30.2862462],[-97.7369692,30.2862431]]]},"properties":{"k":"artpart","name":"Circle with Towers","m":"granite","b":0.0,"h":1.35}},{"type":"Feature","geometry":{"type":"Polygon","coordinates":[[[-97.7369619,30.2862395],[-97.7369519,30.2862369],[-97.7369507,30.2862403],[-97.7369607,30.2862429],[-97.7369619,30.2862395]]]},"properties":{"k":"artpart","name":"Circle with Towers","m":"granite","b":0.0,"h":1.35}},{"type":"Feature","geometry":{"type":"Polygon","coordinates":[[[-97.7369539,30.2862372],[-97.7369435,30.2862363],[-97.7369431,30.2862399],[-97.7369534,30.2862408],[-97.7369539,30.2862372]]]},"properties":{"k":"artpart","name":"Circle with Towers","m":"granite","b":0.0,"h":1.35}},{"type":"Feature","geometry":{"type":"Polygon","coordinates":[[[-97.7369455,30.2862363],[-97.7369351,30.2862372],[-97.7369356,30.2862408],[-97.7369459,30.2862399],[-97.7369455,30.2862363]]]},"properties":{"k":"artpart","name":"Circle with Towers","m":"granite","b":0.0,"h":1.35}},{"type":"Feature","geometry":{"type":"Polygon","coordinates":[[[-97.7369371,30.2862369],[-97.7369271,30.2862395],[-97.7369283,30.2862429],[-97.7369383,30.2862403],[-97.7369371,30.2862369]]]},"properties":{"k":"artpart","name":"Circle with Towers","m":"granite","b":0.0,"h":1.35}},{"type":"Feature","geometry":{"type":"Polygon","coordinates":[[[-97.7369289,30.2862388],[-97.7369198,30.2862431],[-97.7369217,30.2862462],[-97.7369309,30.286242],[-97.7369289,30.2862388]]]},"properties":{"k":"artpart","name":"Circle with Towers","m":"granite","b":0.0,"h":1.35}},{"type":"Feature","geometry":{"type":"Polygon","coordinates":[[[-97.7369214,30.2862421],[-97.7369134,30.2862478],[-97.736916,30.2862506],[-97.736924,30.2862449],[-97.7369214,30.2862421]]]},"properties":{"k":"artpart","name":"Circle with Towers","m":"granite","b":0.0,"h":1.35}},{"type":"Feature","geometry":{"type":"Polygon","coordinates":[[[-97.7369147,30.2862466],[-97.7369082,30.2862535],[-97.7369114,30.2862558],[-97.736918,30.2862489],[-97.7369147,30.2862466]]]},"properties":{"k":"artpart","name":"Circle with Towers","m":"granite","b":0.0,"h":1.35}},{"type":"Feature","geometry":{"type":"Polygon","coordinates":[[[-97.7369092,30.2862521],[-97.7369043,30.28626],[-97.736908,30.2862617],[-97.7369129,30.2862538],[-97.7369092,30.2862521]]]},"properties":{"k":"artpart","name":"Circle with Towers","m":"granite","b":0.0,"h":1.35}},{"type":"Feature","geometry":{"type":"Polygon","coordinates":[[[-97.7369051,30.2862585],[-97.7369021,30.2862671],[-97.7369061,30.2862681],[-97.7369091,30.2862595],[-97.7369051,30.2862585]]]},"properties":{"k":"artpart","name":"Circle with Towers","m":"granite","b":0.0,"h":1.35}},{"type":"Feature","geometry":{"type":"Polygon","coordinates":[[[-97.7369025,30.2862654],[-97.7369014,30.2862743],[-97.7369056,30.2862747],[-97.7369066,30.2862658],[-97.7369025,30.2862654]]]},"properties":{"k":"artpart","name":"Circle with Towers","m":"granite","b":0.0,"h":1.35}},{"type":"Feature","geometry":{"type":"Polygon","coordinates":[[[-97.7369082,30.2862697],[-97.7368995,30.2862697],[-97.7368995,30.2862773],[-97.7369082,30.2862773],[-97.7369082,30.2862697]]]},"properties":{"k":"artpart","name":"Circle with Towers","m":"granite","b":0.0,"h":4.27}},{"type":"Feature","geometry":{"type":"Polygon","coordinates":[[[-97.7369157,30.286293],[-97.7369096,30.2862983],[-97.7369157,30.2863037],[-97.7369219,30.2862983],[-97.7369157,30.286293]]]},"properties":{"k":"artpart","name":"Circle with Towers","m":"granite","b":0.0,"h":4.27}},{"type":"Feature","geometry":{"type":"Polygon","coordinates":[[[-97.7369401,30.2863049],[-97.7369401,30.2863124],[-97.7369489,30.2863124],[-97.7369489,30.2863049],[-97.7369401,30.2863049]]]},"properties":{"k":"artpart","name":"Circle with Towers","m":"granite","b":0.0,"h":4.27}},{"type":"Feature","geometry":{"type":"Polygon","coordinates":[[[-97.7369671,30.2862983],[-97.7369733,30.2863037],[-97.7369794,30.2862983],[-97.7369733,30.286293],[-97.7369671,30.2862983]]]},"properties":{"k":"artpart","name":"Circle with Towers","m":"granite","b":0.0,"h":4.27}},{"type":"Feature","geometry":{"type":"Polygon","coordinates":[[[-97.7369808,30.2862773],[-97.7369895,30.2862773],[-97.7369895,30.2862697],[-97.7369808,30.2862697],[-97.7369808,30.2862773]]]},"properties":{"k":"artpart","name":"Circle with Towers","m":"granite","b":0.0,"h":4.27}},{"type":"Feature","geometry":{"type":"Polygon","coordinates":[[[-97.7369733,30.286254],[-97.7369794,30.2862487],[-97.7369733,30.2862433],[-97.7369671,30.2862487],[-97.7369733,30.286254]]]},"properties":{"k":"artpart","name":"Circle with Towers","m":"granite","b":0.0,"h":4.27}},{"type":"Feature","geometry":{"type":"Polygon","coordinates":[[[-97.7369489,30.2862421],[-97.7369489,30.2862346],[-97.7369401,30.2862346],[-97.7369401,30.2862421],[-97.7369489,30.2862421]]]},"properties":{"k":"artpart","name":"Circle with Towers","m":"granite","b":0.0,"h":4.27}},{"type":"Feature","geometry":{"type":"Polygon","coordinates":[[[-97.7369219,30.2862487],[-97.7369157,30.2862433],[-97.7369096,30.2862487],[-97.7369157,30.286254],[-97.7369219,30.2862487]]]},"properties":{"k":"artpart","name":"Circle with Towers","m":"granite","b":0.0,"h":4.27}},{"type":"Feature","geometry":{"type":"Polygon","coordinates":[[[-97.7366372,30.2865739],[-97.7366198,30.2865739],[-97.7366198,30.2865891],[-97.7366372,30.2865891],[-97.7366372,30.2865739]]]},"properties":{"k":"artpart","name":"Vermillion","m":"granite","b":0.0,"h":0.72}},{"type":"Feature","geometry":{"type":"Polygon","coordinates":[[[-97.7366382,30.286573],[-97.7366188,30.286573],[-97.7366188,30.28659],[-97.7366382,30.28659],[-97.7366382,30.286573]]]},"properties":{"k":"artpart","name":"Vermillion","m":"granite","b":0.0,"h":0.16}},{"type":"Feature","geometry":{"type":"Polygon","coordinates":[[[-97.7366375,30.2865775],[-97.7366195,30.2865775],[-97.7366195,30.2865855],[-97.7366375,30.2865855],[-97.7366375,30.2865775]]]},"properties":{"k":"artpart","name":"Vermillion","m":"steel","b":0.72,"h":3.35}},{"type":"Feature","geometry":{"type":"Polygon","coordinates":[[[-97.7366361,30.2865802],[-97.736626,30.2865802],[-97.736626,30.2865863],[-97.7366361,30.2865863],[-97.7366361,30.2865802]]]},"properties":{"k":"artpart","name":"Vermillion","m":"steel","b":3.35,"h":5.02}},{"type":"Feature","geometry":{"type":"Polygon","coordinates":[[[-97.7366276,30.2865844],[-97.7366289,30.2865872],[-97.7366321,30.2865883],[-97.7366352,30.2865872],[-97.7366366,30.2865844],[-97.7366352,30.2865816],[-97.7366321,30.2865805],[-97.7366289,30.2865816],[-97.7366276,30.2865844]]]},"properties":{"k":"artpart","name":"Vermillion","m":"steel","b":5.02,"h":5.5}},{"type":"Feature","geometry":{"type":"Polygon","coordinates":[[[-97.7371075,30.2874655],[-97.7371101,30.2874724],[-97.7371168,30.2874766],[-97.7371252,30.2874766],[-97.7371319,30.2874724],[-97.7371345,30.2874655],[-97.7371319,30.2874586],[-97.7371252,30.2874544],[-97.7371168,30.2874544],[-97.7371101,30.2874586],[-97.7371075,30.2874655]]]},"properties":{"k":"artpart","name":"Monochrome for Austin","m":"granite","b":0.0,"h":0.55}},{"type":"Feature","geometry":{"type":"Polygon","coordinates":[[[-97.7371254,30.2874617],[-97.7371166,30.2874617],[-97.7371166,30.2874693],[-97.7371254,30.2874693],[-97.7371254,30.2874617]]]},"properties":{"k":"artpart","name":"Monochrome for Austin","m":"steel","b":0.0,"h":7.01}},{"type":"Feature","geometry":{"type":"Polygon","coordinates":[[[-97.7371206,30.2874679],[-97.7371247,30.2874655],[-97.7371224,30.2874625],[-97.7371183,30.2874649],[-97.7371206,30.2874679]]]},"properties":{"k":"artpart","name":"Monochrome for Austin","m":"steel","b":3.64,"h":4.18}},{"type":"Feature","geometry":{"type":"Polygon","coordinates":[[[-97.7371216,30.2874673],[-97.7371257,30.2874649],[-97.7371234,30.287462],[-97.7371193,30.2874643],[-97.7371216,30.2874673]]]},"properties":{"k":"artpart","name":"Monochrome for Austin","m":"steel","b":3.74,"h":4.29}},{"type":"Feature","geometry":{"type":"Polygon","coordinates":[[[-97.7371226,30.2874667],[-97.7371267,30.2874644],[-97.7371244,30.2874614],[-97.7371203,30.2874638],[-97.7371226,30.2874667]]]},"properties":{"k":"artpart","name":"Monochrome for Austin","m":"steel","b":3.85,"h":4.39}},{"type":"Feature","geometry":{"type":"Polygon","coordinates":[[[-97.7371236,30.2874662],[-97.7371277,30.2874638],[-97.7371254,30.2874608],[-97.7371213,30.2874632],[-97.7371236,30.2874662]]]},"properties":{"k":"artpart","name":"Monochrome for Austin","m":"steel","b":3.96,"h":4.5}},{"type":"Feature","geometry":{"type":"Polygon","coordinates":[[[-97.7371246,30.2874656],[-97.7371287,30.2874632],[-97.7371264,30.2874602],[-97.7371223,30.2874626],[-97.7371246,30.2874656]]]},"properties":{"k":"artpart","name":"Monochrome for Austin","m":"steel","b":4.06,"h":4.61}},{"type":"Feature","geometry":{"type":"Polygon","coordinates":[[[-97.7371256,30.287465],[-97.7371297,30.2874626],[-97.7371274,30.2874596],[-97.7371233,30.287462],[-97.7371256,30.287465]]]},"properties":{"k":"artpart","name":"Monochrome for Austin","m":"steel","b":4.17,"h":4.71}},{"type":"Feature","geometry":{"type":"Polygon","coordinates":[[[-97.7371266,30.2874644],[-97.7371307,30.287462],[-97.7371284,30.2874591],[-97.7371243,30.2874614],[-97.7371266,30.2874644]]]},"properties":{"k":"artpart","name":"Monochrome for Austin","m":"steel","b":4.27,"h":4.82}},{"type":"Feature","geometry":{"type":"Polygon","coordinates":[[[-97.7371276,30.2874638],[-97.7371317,30.2874615],[-97.7371294,30.2874585],[-97.7371253,30.2874609],[-97.7371276,30.2874638]]]},"properties":{"k":"artpart","name":"Monochrome for Austin","m":"steel","b":4.38,"h":4.92}},{"type":"Feature","geometry":{"type":"Polygon","coordinates":[[[-97.7371286,30.2874633],[-97.7371327,30.2874609],[-97.7371304,30.2874579],[-97.7371263,30.2874603],[-97.7371286,30.2874633]]]},"properties":{"k":"artpart","name":"Monochrome for Austin","m":"steel","b":4.49,"h":5.03}},{"type":"Feature","geometry":{"type":"Polygon","coordinates":[[[-97.7371296,30.2874627],[-97.7371337,30.2874603],[-97.7371314,30.2874573],[-97.7371273,30.2874597],[-97.7371296,30.2874627]]]},"properties":{"k":"artpart","name":"Monochrome for Austin","m":"steel","b":4.59,"h":5.14}},{"type":"Feature","geometry":{"type":"Polygon","coordinates":[[[-97.7371306,30.2874621],[-97.7371347,30.2874597],[-97.7371324,30.2874567],[-97.7371283,30.2874591],[-97.7371306,30.2874621]]]},"properties":{"k":"artpart","name":"Monochrome for Austin","m":"steel","b":4.7,"h":5.24}},{"type":"Feature","geometry":{"type":"Polygon","coordinates":[[[-97.7371316,30.2874615],[-97.7371357,30.2874592],[-97.7371334,30.2874562],[-97.7371293,30.2874585],[-97.7371316,30.2874615]]]},"properties":{"k":"artpart","name":"Monochrome for Austin","m":"steel","b":4.81,"h":5.35}},{"type":"Feature","geometry":{"type":"Polygon","coordinates":[[[-97.7371326,30.287461],[-97.7371367,30.2874586],[-97.7371344,30.2874556],[-97.7371303,30.287458],[-97.7371326,30.287461]]]},"properties":{"k":"artpart","name":"Monochrome for Austin","m":"steel","b":4.91,"h":5.46}},{"type":"Feature","geometry":{"type":"Polygon","coordinates":[[[-97.7371336,30.2874604],[-97.7371377,30.287458],[-97.7371354,30.287455],[-97.7371313,30.2874574],[-97.7371336,30.2874604]]]},"properties":{"k":"artpart","name":"Monochrome for Austin","m":"steel","b":5.02,"h":5.56}},{"type":"Feature","geometry":{"type":"Polygon","coordinates":[[[-97.7371346,30.2874598],[-97.7371387,30.2874574],[-97.7371364,30.2874544],[-97.7371323,30.2874568],[-97.7371346,30.2874598]]]},"properties":{"k":"artpart","name":"Monochrome for Austin","m":"steel","b":5.12,"h":5.67}},{"type":"Feature","geometry":{"type":"Polygon","coordinates":[[[-97.7371356,30.2874592],[-97.7371397,30.2874568],[-97.7371374,30.2874539],[-97.7371333,30.2874562],[-97.7371356,30.2874592]]]},"properties":{"k":"artpart","name":"Monochrome for Austin","m":"steel","b":5.23,"h":5.77}},{"type":"Feature","geometry":{"type":"Polygon","coordinates":[[[-97.7371366,30.2874586],[-97.7371407,30.2874563],[-97.7371384,30.2874533],[-97.7371343,30.2874557],[-97.7371366,30.2874586]]]},"properties":{"k":"artpart","name":"Monochrome for Austin","m":"steel","b":5.34,"h":5.88}},{"type":"Feature","geometry":{"type":"Polygon","coordinates":[[[-97.7371376,30.2874581],[-97.7371417,30.2874557],[-97.7371394,30.2874527],[-97.7371353,30.2874551],[-97.7371376,30.2874581]]]},"properties":{"k":"artpart","name":"Monochrome for Austin","m":"steel","b":5.44,"h":5.99}},{"type":"Feature","geometry":{"type":"Polygon","coordinates":[[[-97.7371386,30.2874575],[-97.7371427,30.2874551],[-97.7371404,30.2874521],[-97.7371363,30.2874545],[-97.7371386,30.2874575]]]},"properties":{"k":"artpart","name":"Monochrome for Austin","m":"steel","b":5.55,"h":6.09}},{"type":"Feature","geometry":{"type":"Polygon","coordinates":[[[-97.7371396,30.2874569],[-97.7371437,30.2874545],[-97.7371414,30.2874515],[-97.7371373,30.2874539],[-97.7371396,30.2874569]]]},"properties":{"k":"artpart","name":"Monochrome for Austin","m":"steel","b":5.66,"h":6.2}},{"type":"Feature","geometry":{"type":"Polygon","coordinates":[[[-97.7371406,30.2874563],[-97.7371447,30.2874539],[-97.7371424,30.287451],[-97.7371383,30.2874533],[-97.7371406,30.2874563]]]},"properties":{"k":"artpart","name":"Monochrome for Austin","m":"steel","b":5.76,"h":6.3}},{"type":"Feature","geometry":{"type":"Polygon","coordinates":[[[-97.7371416,30.2874557],[-97.7371457,30.2874534],[-97.7371434,30.2874504],[-97.7371393,30.2874528],[-97.7371416,30.2874557]]]},"properties":{"k":"artpart","name":"Monochrome for Austin","m":"steel","b":5.87,"h":6.41}},{"type":"Feature","geometry":{"type":"Polygon","coordinates":[[[-97.7371426,30.2874552],[-97.7371467,30.2874528],[-97.7371444,30.2874498],[-97.7371403,30.2874522],[-97.7371426,30.2874552]]]},"properties":{"k":"artpart","name":"Monochrome for Austin","m":"steel","b":5.97,"h":6.52}},{"type":"Feature","geometry":{"type":"Polygon","coordinates":[[[-97.7371436,30.2874546],[-97.7371477,30.2874522],[-97.7371454,30.2874492],[-97.7371413,30.2874516],[-97.7371436,30.2874546]]]},"properties":{"k":"artpart","name":"Monochrome for Austin","m":"steel","b":6.08,"h":6.62}},{"type":"Feature","geometry":{"type":"Polygon","coordinates":[[[-97.7371446,30.287454],[-97.7371487,30.2874516],[-97.7371464,30.2874486],[-97.7371423,30.287451],[-97.7371446,30.287454]]]},"properties":{"k":"artpart","name":"Monochrome for Austin","m":"steel","b":6.19,"h":6.73}},{"type":"Feature","geometry":{"type":"Polygon","coordinates":[[[-97.7371456,30.2874534],[-97.7371497,30.2874511],[-97.7371474,30.2874481],[-97.7371433,30.2874504],[-97.7371456,30.2874534]]]},"properties":{"k":"artpart","name":"Monochrome for Austin","m":"steel","b":6.29,"h":6.84}},{"type":"Feature","geometry":{"type":"Polygon","coordinates":[[[-97.7371466,30.2874529],[-97.7371507,30.2874505],[-97.7371484,30.2874475],[-97.7371443,30.2874499],[-97.7371466,30.2874529]]]},"properties":{"k":"artpart","name":"Monochrome for Austin","m":"steel","b":6.4,"h":6.94}},{"type":"Feature","geometry":{"type":"Polygon","coordinates":[[[-97.7371476,30.2874523],[-97.7371517,30.2874499],[-97.7371494,30.2874469],[-97.7371453,30.2874493],[-97.7371476,30.2874523]]]},"properties":{"k":"artpart","name":"Monochrome for Austin","m":"steel","b":6.51,"h":7.05}},{"type":"Feature","geometry":{"type":"Polygon","coordinates":[[[-97.7371486,30.2874517],[-97.7371527,30.2874493],[-97.7371504,30.2874463],[-97.7371463,30.2874487],[-97.7371486,30.2874517]]]},"properties":{"k":"artpart","name":"Monochrome for Austin","m":"steel","b":6.61,"h":7.15}},{"type":"Feature","geometry":{"type":"Polygon","coordinates":[[[-97.7371496,30.2874511],[-97.7371537,30.2874487],[-97.7371514,30.2874458],[-97.7371473,30.2874481],[-97.7371496,30.2874511]]]},"properties":{"k":"artpart","name":"Monochrome for Austin","m":"steel","b":6.72,"h":7.26}},{"type":"Feature","geometry":{"type":"Polygon","coordinates":[[[-97.7371506,30.2874505],[-97.7371547,30.2874482],[-97.7371524,30.2874452],[-97.7371483,30.2874476],[-97.7371506,30.2874505]]]},"properties":{"k":"artpart","name":"Monochrome for Austin","m":"steel","b":6.82,"h":7.37}},{"type":"Feature","geometry":{"type":"Polygon","coordinates":[[[-97.7371516,30.28745],[-97.7371557,30.2874476],[-97.7371534,30.2874446],[-97.7371493,30.287447],[-97.7371516,30.28745]]]},"properties":{"k":"artpart","name":"Monochrome for Austin","m":"steel","b":6.93,"h":7.47}},{"type":"Feature","geometry":{"type":"Polygon","coordinates":[[[-97.7371526,30.2874494],[-97.7371567,30.287447],[-97.7371544,30.287444],[-97.7371503,30.2874464],[-97.7371526,30.2874494]]]},"properties":{"k":"artpart","name":"Monochrome for Austin","m":"steel","b":7.04,"h":7.58}},{"type":"Feature","geometry":{"type":"Polygon","coordinates":[[[-97.7371225,30.2874631],[-97.7371173,30.2874641],[-97.7371185,30.2874682],[-97.7371237,30.2874671],[-97.7371225,30.2874631]]]},"properties":{"k":"artpart","name":"Monochrome for Austin","m":"steel","b":6.6,"h":7.63}},{"type":"Feature","geometry":{"type":"Polygon","coordinates":[[[-97.7371215,30.2874633],[-97.7371163,30.2874644],[-97.7371174,30.2874684],[-97.7371226,30.2874673],[-97.7371215,30.2874633]]]},"properties":{"k":"artpart","name":"Monochrome for Austin","m":"steel","b":6.8,"h":7.83}},{"type":"Feature","geometry":{"type":"Polygon","coordinates":[[[-97.7371205,30.2874635],[-97.7371153,30.2874646],[-97.7371164,30.2874686],[-97.7371216,30.2874675],[-97.7371205,30.2874635]]]},"properties":{"k":"artpart","name":"Monochrome for Austin","m":"steel","b":7.0,"h":8.04}},{"type":"Feature","geometry":{"type":"Polygon","coordinates":[[[-97.7371195,30.2874637],[-97.7371143,30.2874648],[-97.7371154,30.2874688],[-97.7371206,30.2874677],[-97.7371195,30.2874637]]]},"properties":{"k":"artpart","name":"Monochrome for Austin","m":"steel","b":7.2,"h":8.24}},{"type":"Feature","geometry":{"type":"Polygon","coordinates":[[[-97.7371184,30.2874639],[-97.7371132,30.287465],[-97.7371144,30.287469],[-97.7371196,30.2874679],[-97.7371184,30.2874639]]]},"properties":{"k":"artpart","name":"Monochrome for Austin","m":"steel","b":7.41,"h":8.44}},{"type":"Feature","geometry":{"type":"Polygon","coordinates":[[[-97.7371174,30.2874641],[-97.7371122,30.2874652],[-97.7371133,30.2874692],[-97.7371186,30.2874681],[-97.7371174,30.2874641]]]},"properties":{"k":"artpart","name":"Monochrome for Austin","m":"steel","b":7.61,"h":8.64}},{"type":"Feature","geometry":{"type":"Polygon","coordinates":[[[-97.7371164,30.2874643],[-97.7371112,30.2874654],[-97.7371123,30.2874694],[-97.7371175,30.2874684],[-97.7371164,30.2874643]]]},"properties":{"k":"artpart","name":"Monochrome for Austin","m":"steel","b":7.81,"h":8.85}},{"type":"Feature","geometry":{"type":"Polygon","coordinates":[[[-97.7371154,30.2874646],[-97.7371102,30.2874656],[-97.7371113,30.2874697],[-97.7371165,30.2874686],[-97.7371154,30.2874646]]]},"properties":{"k":"artpart","name":"Monochrome for Austin","m":"steel","b":8.02,"h":9.05}},{"type":"Feature","geometry":{"type":"Polygon","coordinates":[[[-97.7371144,30.2874648],[-97.7371092,30.2874659],[-97.7371103,30.2874699],[-97.7371155,30.2874688],[-97.7371144,30.2874648]]]},"properties":{"k":"artpart","name":"Monochrome for Austin","m":"steel","b":8.22,"h":9.25}},{"type":"Feature","geometry":{"type":"Polygon","coordinates":[[[-97.7371133,30.287465],[-97.7371081,30.2874661],[-97.7371093,30.2874701],[-97.7371145,30.287469],[-97.7371133,30.287465]]]},"properties":{"k":"artpart","name":"Monochrome for Austin","m":"steel","b":8.42,"h":9.46}},{"type":"Feature","geometry":{"type":"Polygon","coordinates":[[[-97.7371123,30.2874652],[-97.7371071,30.2874663],[-97.7371082,30.2874703],[-97.7371134,30.2874692],[-97.7371123,30.2874652]]]},"properties":{"k":"artpart","name":"Monochrome for Austin","m":"steel","b":8.63,"h":9.66}},{"type":"Feature","geometry":{"type":"Polygon","coordinates":[[[-97.7371113,30.2874654],[-97.7371061,30.2874665],[-97.7371072,30.2874705],[-97.7371124,30.2874694],[-97.7371113,30.2874654]]]},"properties":{"k":"artpart","name":"Monochrome for Austin","m":"steel","b":8.83,"h":9.86}},{"type":"Feature","geometry":{"type":"Polygon","coordinates":[[[-97.7371103,30.2874656],[-97.7371051,30.2874667],[-97.7371062,30.2874707],[-97.7371114,30.2874696],[-97.7371103,30.2874656]]]},"properties":{"k":"artpart","name":"Monochrome for Austin","m":"steel","b":9.03,"h":10.07}},{"type":"Feature","geometry":{"type":"Polygon","coordinates":[[[-97.7371093,30.2874658],[-97.7371041,30.2874669],[-97.7371052,30.2874709],[-97.7371104,30.2874698],[-97.7371093,30.2874658]]]},"properties":{"k":"artpart","name":"Monochrome for Austin","m":"steel","b":9.24,"h":10.27}},{"type":"Feature","geometry":{"type":"Polygon","coordinates":[[[-97.7371082,30.287466],[-97.737103,30.2874671],[-97.7371042,30.2874712],[-97.7371094,30.2874701],[-97.7371082,30.287466]]]},"properties":{"k":"artpart","name":"Monochrome for Austin","m":"steel","b":9.44,"h":10.47}},{"type":"Feature","geometry":{"type":"Polygon","coordinates":[[[-97.7371072,30.2874663],[-97.737102,30.2874674],[-97.7371031,30.2874714],[-97.7371083,30.2874703],[-97.7371072,30.2874663]]]},"properties":{"k":"artpart","name":"Monochrome for Austin","m":"steel","b":9.64,"h":10.68}},{"type":"Feature","geometry":{"type":"Polygon","coordinates":[[[-97.7371062,30.2874665],[-97.737101,30.2874676],[-97.7371021,30.2874716],[-97.7371073,30.2874705],[-97.7371062,30.2874665]]]},"properties":{"k":"artpart","name":"Monochrome for Austin","m":"steel","b":9.85,"h":10.88}},{"type":"Feature","geometry":{"type":"Polygon","coordinates":[[[-97.7371052,30.2874667],[-97.7371,30.2874678],[-97.7371011,30.2874718],[-97.7371063,30.2874707],[-97.7371052,30.2874667]]]},"properties":{"k":"artpart","name":"Monochrome for Austin","m":"steel","b":10.05,"h":11.08}},{"type":"Feature","geometry":{"type":"Polygon","coordinates":[[[-97.7371042,30.2874669],[-97.7370989,30.287468],[-97.7371001,30.287472],[-97.7371053,30.2874709],[-97.7371042,30.2874669]]]},"properties":{"k":"artpart","name":"Monochrome for Austin","m":"steel","b":10.25,"h":11.29}},{"type":"Feature","geometry":{"type":"Polygon","coordinates":[[[-97.7371031,30.2874671],[-97.7370979,30.2874682],[-97.7370991,30.2874722],[-97.7371043,30.2874711],[-97.7371031,30.2874671]]]},"properties":{"k":"artpart","name":"Monochrome for Austin","m":"steel","b":10.46,"h":11.49}},{"type":"Feature","geometry":{"type":"Polygon","coordinates":[[[-97.7371021,30.2874673],[-97.7370969,30.2874684],[-97.737098,30.2874724],[-97.7371032,30.2874713],[-97.7371021,30.2874673]]]},"properties":{"k":"artpart","name":"Monochrome for Austin","m":"steel","b":10.66,"h":11.69}},{"type":"Feature","geometry":{"type":"Polygon","coordinates":[[[-97.7370891,30.2874675],[-97.7370996,30.2874723],[-97.7371016,30.2874691],[-97.737091,30.2874643],[-97.7370891,30.2874675]]]},"properties":{"k":"artpart","name":"Monochrome for Austin","m":"mirror","b":5.23,"h":5.75}},{"type":"Feature","geometry":{"type":"Polygon","coordinates":[[[-97.7370928,30.2874696],[-97.7371033,30.2874745],[-97.7371057,30.2874706],[-97.7370952,30.2874657],[-97.7370928,30.2874696]]]},"properties":{"k":"artpart","name":"Monochrome for Austin","m":"mirror","b":5.33,"h":5.85}},{"type":"Feature","geometry":{"type":"Polygon","coordinates":[[[-97.7370965,30.2874718],[-97.737107,30.2874767],[-97.7371098,30.2874721],[-97.7370993,30.2874672],[-97.7370965,30.2874718]]]},"properties":{"k":"artpart","name":"Monochrome for Austin","m":"mirror","b":5.44,"h":5.95}},{"type":"Feature","geometry":{"type":"Polygon","coordinates":[[[-97.7371002,30.287474],[-97.7371107,30.2874788],[-97.737114,30.2874736],[-97.7371035,30.2874687],[-97.7371002,30.287474]]]},"properties":{"k":"artpart","name":"Monochrome for Austin","m":"mirror","b":5.54,"h":6.05}},{"type":"Feature","geometry":{"type":"Polygon","coordinates":[[[-97.7371039,30.2874761],[-97.7371144,30.287481],[-97.7371181,30.287475],[-97.7371076,30.2874702],[-97.7371039,30.2874761]]]},"properties":{"k":"artpart","name":"Monochrome for Austin","m":"mirror","b":5.64,"h":6.15}},{"type":"Feature","geometry":{"type":"Polygon","coordinates":[[[-97.7371078,30.287478],[-97.7371183,30.2874828],[-97.7371221,30.2874769],[-97.7371115,30.287472],[-97.7371078,30.287478]]]},"properties":{"k":"artpart","name":"Monochrome for Austin","m":"mirror","b":5.74,"h":6.25}},{"type":"Feature","geometry":{"type":"Polygon","coordinates":[[[-97.737112,30.2874794],[-97.7371225,30.2874843],[-97.7371258,30.287479],[-97.7371152,30.2874741],[-97.737112,30.2874794]]]},"properties":{"k":"artpart","name":"Monochrome for Austin","m":"mirror","b":5.84,"h":6.36}},{"type":"Feature","geometry":{"type":"Polygon","coordinates":[[[-97.7371161,30.2874809],[-97.7371266,30.2874858],[-97.7371295,30.2874812],[-97.7371189,30.2874763],[-97.7371161,30.2874809]]]},"properties":{"k":"artpart","name":"Monochrome for Austin","m":"mirror","b":5.94,"h":6.46}},{"type":"Feature","geometry":{"type":"Polygon","coordinates":[[[-97.7371202,30.2874824],[-97.7371308,30.2874872],[-97.7371332,30.2874834],[-97.7371227,30.2874785],[-97.7371202,30.2874824]]]},"properties":{"k":"artpart","name":"Monochrome for Austin","m":"mirror","b":6.05,"h":6.56}},{"type":"Feature","geometry":{"type":"Polygon","coordinates":[[[-97.7371244,30.2874838],[-97.7371349,30.2874887],[-97.7371369,30.2874855],[-97.7371264,30.2874806],[-97.7371244,30.2874838]]]},"properties":{"k":"artpart","name":"Monochrome for Austin","m":"mirror","b":6.15,"h":6.66}},{"type":"Feature","geometry":{"type":"Polygon","coordinates":[[[-97.737088,30.2874514],[-97.7370802,30.2874456],[-97.7370776,30.2874483],[-97.7370854,30.287454],[-97.737088,30.2874514]]]},"properties":{"k":"artpart","name":"Monochrome for Austin","m":"alum","b":7.79,"h":8.33}},{"type":"Feature","geometry":{"type":"Polygon","coordinates":[[[-97.7370861,30.2874496],[-97.7370783,30.2874439],[-97.7370754,30.287447],[-97.7370832,30.2874527],[-97.7370861,30.2874496]]]},"properties":{"k":"artpart","name":"Monochrome for Austin","m":"alum","b":7.89,"h":8.43}},{"type":"Feature","geometry":{"type":"Polygon","coordinates":[[[-97.7370842,30.2874479],[-97.7370764,30.2874422],[-97.7370731,30.2874456],[-97.7370809,30.2874513],[-97.7370842,30.2874479]]]},"properties":{"k":"artpart","name":"Monochrome for Austin","m":"alum","b":8.0,"h":8.54}},{"type":"Feature","geometry":{"type":"Polygon","coordinates":[[[-97.7370823,30.2874462],[-97.7370745,30.2874405],[-97.7370708,30.2874443],[-97.7370786,30.28745],[-97.7370823,30.2874462]]]},"properties":{"k":"artpart","name":"Monochrome for Austin","m":"alum","b":8.1,"h":8.64}},{"type":"Feature","geometry":{"type":"Polygon","coordinates":[[[-97.7370804,30.2874445],[-97.7370726,30.2874388],[-97.7370686,30.287443],[-97.7370764,30.2874487],[-97.7370804,30.2874445]]]},"properties":{"k":"artpart","name":"Monochrome for Austin","m":"alum","b":8.21,"h":8.75}},{"type":"Feature","geometry":{"type":"Polygon","coordinates":[[[-97.7370785,30.2874428],[-97.7370707,30.2874371],[-97.7370663,30.2874416],[-97.7370741,30.2874473],[-97.7370785,30.2874428]]]},"properties":{"k":"artpart","name":"Monochrome for Austin","m":"alum","b":8.31,"h":8.85}},{"type":"Feature","geometry":{"type":"Polygon","coordinates":[[[-97.7370766,30.2874411],[-97.7370688,30.2874354],[-97.737064,30.2874403],[-97.7370718,30.287446],[-97.7370766,30.2874411]]]},"properties":{"k":"artpart","name":"Monochrome for Austin","m":"alum","b":8.42,"h":8.96}},{"type":"Feature","geometry":{"type":"Polygon","coordinates":[[[-97.7370747,30.2874394],[-97.7370669,30.2874337],[-97.7370617,30.287439],[-97.7370695,30.2874447],[-97.7370747,30.2874394]]]},"properties":{"k":"artpart","name":"Monochrome for Austin","m":"alum","b":8.52,"h":9.06}},{"type":"Feature","geometry":{"type":"Polygon","coordinates":[[[-97.7370727,30.2874378],[-97.7370649,30.2874321],[-97.7370597,30.2874374],[-97.7370675,30.2874431],[-97.7370727,30.2874378]]]},"properties":{"k":"artpart","name":"Monochrome for Austin","m":"alum","b":8.63,"h":9.17}},{"type":"Feature","geometry":{"type":"Polygon","coordinates":[[[-97.7370704,30.2874365],[-97.7370626,30.2874308],[-97.7370578,30.2874357],[-97.7370656,30.2874414],[-97.7370704,30.2874365]]]},"properties":{"k":"artpart","name":"Monochrome for Austin","m":"alum","b":8.73,"h":9.27}},{"type":"Feature","geometry":{"type":"Polygon","coordinates":[[[-97.7370681,30.2874352],[-97.7370603,30.2874295],[-97.7370559,30.287434],[-97.7370637,30.2874397],[-97.7370681,30.2874352]]]},"properties":{"k":"artpart","name":"Monochrome for Austin","m":"alum","b":8.84,"h":9.37}},{"type":"Feature","geometry":{"type":"Polygon","coordinates":[[[-97.7370658,30.2874338],[-97.737058,30.2874281],[-97.737054,30.2874323],[-97.7370618,30.287438],[-97.7370658,30.2874338]]]},"properties":{"k":"artpart","name":"Monochrome for Austin","m":"alum","b":8.94,"h":9.48}},{"type":"Feature","geometry":{"type":"Polygon","coordinates":[[[-97.7370636,30.2874325],[-97.7370558,30.2874268],[-97.7370521,30.2874306],[-97.7370599,30.2874363],[-97.7370636,30.2874325]]]},"properties":{"k":"artpart","name":"Monochrome for Austin","m":"alum","b":9.05,"h":9.58}},{"type":"Feature","geometry":{"type":"Polygon","coordinates":[[[-97.7370613,30.2874312],[-97.7370535,30.2874255],[-97.7370502,30.2874289],[-97.737058,30.2874346],[-97.7370613,30.2874312]]]},"properties":{"k":"artpart","name":"Monochrome for Austin","m":"alum","b":9.15,"h":9.69}},{"type":"Feature","geometry":{"type":"Polygon","coordinates":[[[-97.737059,30.2874298],[-97.7370512,30.2874241],[-97.7370483,30.2874272],[-97.7370561,30.2874329],[-97.737059,30.2874298]]]},"properties":{"k":"artpart","name":"Monochrome for Austin","m":"alum","b":9.25,"h":9.79}},{"type":"Feature","geometry":{"type":"Polygon","coordinates":[[[-97.7370568,30.2874285],[-97.737049,30.2874228],[-97.7370464,30.2874254],[-97.7370542,30.2874311],[-97.7370568,30.2874285]]]},"properties":{"k":"artpart","name":"Monochrome for Austin","m":"alum","b":9.36,"h":9.9}},{"type":"Feature","geometry":{"type":"Polygon","coordinates":[[[-97.7371268,30.2874842],[-97.7371196,30.2874796],[-97.7371172,30.2874823],[-97.7371244,30.2874869],[-97.7371268,30.2874842]]]},"properties":{"k":"artpart","name":"Monochrome for Austin","m":"alum","b":8.56,"h":9.25}},{"type":"Feature","geometry":{"type":"Polygon","coordinates":[[[-97.7371257,30.2874833],[-97.7371185,30.2874786],[-97.7371159,30.2874817],[-97.7371231,30.2874863],[-97.7371257,30.2874833]]]},"properties":{"k":"artpart","name":"Monochrome for Austin","m":"alum","b":8.7,"h":9.38}},{"type":"Feature","geometry":{"type":"Polygon","coordinates":[[[-97.7371246,30.2874823],[-97.7371174,30.2874777],[-97.7371145,30.2874811],[-97.7371218,30.2874857],[-97.7371246,30.2874823]]]},"properties":{"k":"artpart","name":"Monochrome for Austin","m":"alum","b":8.83,"h":9.52}},{"type":"Feature","geometry":{"type":"Polygon","coordinates":[[[-97.7371235,30.2874814],[-97.7371163,30.2874768],[-97.7371132,30.2874804],[-97.7371204,30.2874851],[-97.7371235,30.2874814]]]},"properties":{"k":"artpart","name":"Monochrome for Austin","m":"alum","b":8.97,"h":9.65}},{"type":"Feature","geometry":{"type":"Polygon","coordinates":[[[-97.7371225,30.2874805],[-97.7371152,30.2874759],[-97.7371118,30.2874798],[-97.7371191,30.2874844],[-97.7371225,30.2874805]]]},"properties":{"k":"artpart","name":"Monochrome for Austin","m":"alum","b":9.11,"h":9.79}},{"type":"Feature","geometry":{"type":"Polygon","coordinates":[[[-97.7371214,30.2874796],[-97.7371141,30.2874749],[-97.7371105,30.2874792],[-97.7371177,30.2874838],[-97.7371214,30.2874796]]]},"properties":{"k":"artpart","name":"Monochrome for Austin","m":"alum","b":9.24,"h":9.93}},{"type":"Feature","geometry":{"type":"Polygon","coordinates":[[[-97.7371203,30.2874786],[-97.737113,30.287474],[-97.7371091,30.2874786],[-97.7371164,30.2874832],[-97.7371203,30.2874786]]]},"properties":{"k":"artpart","name":"Monochrome for Austin","m":"alum","b":9.38,"h":10.06}},{"type":"Feature","geometry":{"type":"Polygon","coordinates":[[[-97.7371192,30.2874777],[-97.737112,30.2874731],[-97.7371078,30.2874779],[-97.737115,30.2874826],[-97.7371192,30.2874777]]]},"properties":{"k":"artpart","name":"Monochrome for Austin","m":"alum","b":9.51,"h":10.2}},{"type":"Feature","geometry":{"type":"Polygon","coordinates":[[[-97.7371181,30.2874768],[-97.7371109,30.2874721],[-97.7371064,30.2874773],[-97.7371137,30.2874819],[-97.7371181,30.2874768]]]},"properties":{"k":"artpart","name":"Monochrome for Austin","m":"alum","b":9.65,"h":10.33}},{"type":"Feature","geometry":{"type":"Polygon","coordinates":[[[-97.737117,30.2874758],[-97.7371098,30.2874712],[-97.7371051,30.2874767],[-97.7371123,30.2874813],[-97.737117,30.2874758]]]},"properties":{"k":"artpart","name":"Monochrome for Austin","m":"alum","b":9.79,"h":10.47}},{"type":"Feature","geometry":{"type":"Polygon","coordinates":[[[-97.7371159,30.2874749],[-97.7371087,30.2874703],[-97.7371037,30.2874761],[-97.737111,30.2874807],[-97.7371159,30.2874749]]]},"properties":{"k":"artpart","name":"Monochrome for Austin","m":"alum","b":9.92,"h":10.6}},{"type":"Feature","geometry":{"type":"Polygon","coordinates":[[[-97.7371146,30.2874743],[-97.7371074,30.2874697],[-97.7371027,30.2874751],[-97.7371099,30.2874798],[-97.7371146,30.2874743]]]},"properties":{"k":"artpart","name":"Monochrome for Austin","m":"alum","b":10.06,"h":10.74}},{"type":"Feature","geometry":{"type":"Polygon","coordinates":[[[-97.7371132,30.2874737],[-97.737106,30.287469],[-97.7371016,30.2874742],[-97.7371088,30.2874788],[-97.7371132,30.2874737]]]},"properties":{"k":"artpart","name":"Monochrome for Austin","m":"alum","b":10.19,"h":10.88}},{"type":"Feature","geometry":{"type":"Polygon","coordinates":[[[-97.7371119,30.287473],[-97.7371047,30.2874684],[-97.7371005,30.2874733],[-97.7371077,30.2874779],[-97.7371119,30.287473]]]},"properties":{"k":"artpart","name":"Monochrome for Austin","m":"alum","b":10.33,"h":11.01}},{"type":"Feature","geometry":{"type":"Polygon","coordinates":[[[-97.7371106,30.2874724],[-97.7371033,30.2874678],[-97.7370994,30.2874724],[-97.7371066,30.287477],[-97.7371106,30.2874724]]]},"properties":{"k":"artpart","name":"Monochrome for Austin","m":"alum","b":10.46,"h":11.15}},{"type":"Feature","geometry":{"type":"Polygon","coordinates":[[[-97.7371092,30.2874718],[-97.737102,30.2874672],[-97.7370983,30.2874714],[-97.7371056,30.2874761],[-97.7371092,30.2874718]]]},"properties":{"k":"artpart","name":"Monochrome for Austin","m":"alum","b":10.6,"h":11.28}},{"type":"Feature","geometry":{"type":"Polygon","coordinates":[[[-97.7371079,30.2874712],[-97.7371006,30.2874665],[-97.7370972,30.2874705],[-97.7371045,30.2874751],[-97.7371079,30.2874712]]]},"properties":{"k":"artpart","name":"Monochrome for Austin","m":"alum","b":10.74,"h":11.42}},{"type":"Feature","geometry":{"type":"Polygon","coordinates":[[[-97.7371065,30.2874705],[-97.7370993,30.2874659],[-97.7370961,30.2874696],[-97.7371034,30.2874742],[-97.7371065,30.2874705]]]},"properties":{"k":"artpart","name":"Monochrome for Austin","m":"alum","b":10.87,"h":11.56}},{"type":"Feature","geometry":{"type":"Polygon","coordinates":[[[-97.7371052,30.2874699],[-97.7370979,30.2874653],[-97.7370951,30.2874686],[-97.7371023,30.2874733],[-97.7371052,30.2874699]]]},"properties":{"k":"artpart","name":"Monochrome for Austin","m":"alum","b":11.01,"h":11.69}},{"type":"Feature","geometry":{"type":"Polygon","coordinates":[[[-97.7371038,30.2874693],[-97.7370966,30.2874647],[-97.737094,30.2874677],[-97.7371012,30.2874723],[-97.7371038,30.2874693]]]},"properties":{"k":"artpart","name":"Monochrome for Austin","m":"alum","b":11.14,"h":11.83}},{"type":"Feature","geometry":{"type":"Polygon","coordinates":[[[-97.7371025,30.2874687],[-97.7370952,30.287464],[-97.7370929,30.2874668],[-97.7371001,30.2874714],[-97.7371025,30.2874687]]]},"properties":{"k":"artpart","name":"Monochrome for Austin","m":"alum","b":11.28,"h":11.96}},{"type":"Feature","geometry":{"type":"Polygon","coordinates":[[[-97.7370593,30.2874076],[-97.7370622,30.2874213],[-97.7370666,30.2874206],[-97.7370638,30.287407],[-97.7370593,30.2874076]]]},"properties":{"k":"artpart","name":"Monochrome for Austin","m":"alum","b":7.22,"h":7.72}},{"type":"Feature","geometry":{"type":"Polygon","coordinates":[[[-97.7370601,30.287415],[-97.7370629,30.2874286],[-97.7370688,30.2874277],[-97.737066,30.2874141],[-97.7370601,30.287415]]]},"properties":{"k":"artpart","name":"Monochrome for Austin","m":"alum","b":7.31,"h":7.81}},{"type":"Feature","geometry":{"type":"Polygon","coordinates":[[[-97.7370608,30.2874224],[-97.7370637,30.287436],[-97.7370711,30.2874348],[-97.7370683,30.2874212],[-97.7370608,30.2874224]]]},"properties":{"k":"artpart","name":"Monochrome for Austin","m":"alum","b":7.4,"h":7.91}},{"type":"Feature","geometry":{"type":"Polygon","coordinates":[[[-97.7370623,30.2874296],[-97.7370652,30.2874432],[-97.7370726,30.2874421],[-97.7370698,30.2874285],[-97.7370623,30.2874296]]]},"properties":{"k":"artpart","name":"Monochrome for Austin","m":"alum","b":7.5,"h":8.0}},{"type":"Feature","geometry":{"type":"Polygon","coordinates":[[[-97.7370646,30.2874368],[-97.7370674,30.2874504],[-97.7370733,30.2874495],[-97.7370705,30.2874358],[-97.7370646,30.2874368]]]},"properties":{"k":"artpart","name":"Monochrome for Austin","m":"alum","b":7.59,"h":8.09}},{"type":"Feature","geometry":{"type":"Polygon","coordinates":[[[-97.7370668,30.2874439],[-97.7370697,30.2874575],[-97.7370741,30.2874568],[-97.7370713,30.2874432],[-97.7370668,30.2874439]]]},"properties":{"k":"artpart","name":"Monochrome for Austin","m":"alum","b":7.68,"h":8.19}},{"type":"Feature","geometry":{"type":"Polygon","coordinates":[[[-97.7370788,30.2874777],[-97.7370879,30.2874814],[-97.7370896,30.2874783],[-97.7370805,30.2874746],[-97.7370788,30.2874777]]]},"properties":{"k":"artpart","name":"Monochrome for Austin","m":"mirror","b":9.57,"h":10.11}},{"type":"Feature","geometry":{"type":"Polygon","coordinates":[[[-97.737081,30.2874788],[-97.7370901,30.2874825],[-97.737092,30.287479],[-97.737083,30.2874753],[-97.737081,30.2874788]]]},"properties":{"k":"artpart","name":"Monochrome for Austin","m":"mirror","b":9.67,"h":10.21}},{"type":"Feature","geometry":{"type":"Polygon","coordinates":[[[-97.7370833,30.2874799],[-97.7370924,30.2874837],[-97.7370945,30.2874798],[-97.7370854,30.2874761],[-97.7370833,30.2874799]]]},"properties":{"k":"artpart","name":"Monochrome for Austin","m":"mirror","b":9.77,"h":10.31}},{"type":"Feature","geometry":{"type":"Polygon","coordinates":[[[-97.7370855,30.2874811],[-97.7370946,30.2874848],[-97.7370969,30.2874806],[-97.7370878,30.2874768],[-97.7370855,30.2874811]]]},"properties":{"k":"artpart","name":"Monochrome for Austin","m":"mirror","b":9.88,"h":10.42}},{"type":"Feature","geometry":{"type":"Polygon","coordinates":[[[-97.7370877,30.2874822],[-97.7370968,30.287486],[-97.7370993,30.2874813],[-97.7370902,30.2874776],[-97.7370877,30.2874822]]]},"properties":{"k":"artpart","name":"Monochrome for Austin","m":"mirror","b":9.98,"h":10.52}},{"type":"Feature","geometry":{"type":"Polygon","coordinates":[[[-97.7370899,30.2874834],[-97.737099,30.2874871],[-97.7371018,30.2874821],[-97.7370927,30.2874784],[-97.7370899,30.2874834]]]},"properties":{"k":"artpart","name":"Monochrome for Austin","m":"mirror","b":10.08,"h":10.62}},{"type":"Feature","geometry":{"type":"Polygon","coordinates":[[[-97.7370922,30.2874845],[-97.7371012,30.2874882],[-97.7371042,30.2874829],[-97.7370951,30.2874791],[-97.7370922,30.2874845]]]},"properties":{"k":"artpart","name":"Monochrome for Austin","m":"mirror","b":10.18,"h":10.73}},{"type":"Feature","geometry":{"type":"Polygon","coordinates":[[[-97.7370944,30.2874856],[-97.7371035,30.2874894],[-97.7371066,30.2874836],[-97.7370975,30.2874799],[-97.7370944,30.2874856]]]},"properties":{"k":"artpart","name":"Monochrome for Austin","m":"mirror","b":10.29,"h":10.83}},{"type":"Feature","geometry":{"type":"Polygon","coordinates":[[[-97.7370966,30.2874868],[-97.7371057,30.2874905],[-97.7371091,30.2874844],[-97.7371,30.2874807],[-97.7370966,30.2874868]]]},"properties":{"k":"artpart","name":"Monochrome for Austin","m":"mirror","b":10.39,"h":10.93}},{"type":"Feature","geometry":{"type":"Polygon","coordinates":[[[-97.7370988,30.2874879],[-97.7371079,30.2874917],[-97.7371115,30.2874852],[-97.7371024,30.2874814],[-97.7370988,30.2874879]]]},"properties":{"k":"artpart","name":"Monochrome for Austin","m":"mirror","b":10.49,"h":11.04}},{"type":"Feature","geometry":{"type":"Polygon","coordinates":[[[-97.7371013,30.2874887],[-97.7371103,30.2874924],[-97.7371137,30.2874863],[-97.7371046,30.2874826],[-97.7371013,30.2874887]]]},"properties":{"k":"artpart","name":"Monochrome for Austin","m":"mirror","b":10.6,"h":11.14}},{"type":"Feature","geometry":{"type":"Polygon","coordinates":[[[-97.7371037,30.2874895],[-97.7371128,30.2874932],[-97.7371159,30.2874874],[-97.7371068,30.2874837],[-97.7371037,30.2874895]]]},"properties":{"k":"artpart","name":"Monochrome for Austin","m":"mirror","b":10.7,"h":11.24}},{"type":"Feature","geometry":{"type":"Polygon","coordinates":[[[-97.7371061,30.2874902],[-97.7371152,30.2874939],[-97.7371182,30.2874886],[-97.7371091,30.2874849],[-97.7371061,30.2874902]]]},"properties":{"k":"artpart","name":"Monochrome for Austin","m":"mirror","b":10.8,"h":11.35}},{"type":"Feature","geometry":{"type":"Polygon","coordinates":[[[-97.7371085,30.287491],[-97.7371176,30.2874947],[-97.7371204,30.2874897],[-97.7371113,30.287486],[-97.7371085,30.287491]]]},"properties":{"k":"artpart","name":"Monochrome for Austin","m":"mirror","b":10.91,"h":11.45}},{"type":"Feature","geometry":{"type":"Polygon","coordinates":[[[-97.737111,30.2874918],[-97.7371201,30.2874955],[-97.7371226,30.2874909],[-97.7371135,30.2874871],[-97.737111,30.2874918]]]},"properties":{"k":"artpart","name":"Monochrome for Austin","m":"mirror","b":11.01,"h":11.55}},{"type":"Feature","geometry":{"type":"Polygon","coordinates":[[[-97.7371134,30.2874925],[-97.7371225,30.2874962],[-97.7371248,30.287492],[-97.7371157,30.2874883],[-97.7371134,30.2874925]]]},"properties":{"k":"artpart","name":"Monochrome for Austin","m":"mirror","b":11.11,"h":11.65}},{"type":"Feature","geometry":{"type":"Polygon","coordinates":[[[-97.7371158,30.2874933],[-97.7371249,30.287497],[-97.737127,30.2874931],[-97.737118,30.2874894],[-97.7371158,30.2874933]]]},"properties":{"k":"artpart","name":"Monochrome for Austin","m":"mirror","b":11.22,"h":11.76}},{"type":"Feature","geometry":{"type":"Polygon","coordinates":[[[-97.7371183,30.287494],[-97.7371274,30.2874978],[-97.7371293,30.2874943],[-97.7371202,30.2874906],[-97.7371183,30.287494]]]},"properties":{"k":"artpart","name":"Monochrome for Austin","m":"mirror","b":11.32,"h":11.86}},{"type":"Feature","geometry":{"type":"Polygon","coordinates":[[[-97.7371207,30.2874948],[-97.7371298,30.2874985],[-97.7371315,30.2874954],[-97.7371224,30.2874917],[-97.7371207,30.2874948]]]},"properties":{"k":"artpart","name":"Monochrome for Austin","m":"mirror","b":11.42,"h":11.96}},{"type":"Feature","geometry":{"type":"Polygon","coordinates":[[[-97.7370668,30.28747],[-97.7370593,30.2874651],[-97.7370569,30.2874678],[-97.7370643,30.2874727],[-97.7370668,30.28747]]]},"properties":{"k":"artpart","name":"Monochrome for Austin","m":"alum","b":6.6,"h":7.2}},{"type":"Feature","geometry":{"type":"Polygon","coordinates":[[[-97.7370654,30.2874688],[-97.737058,30.2874639],[-97.7370552,30.287467],[-97.7370627,30.2874719],[-97.7370654,30.2874688]]]},"properties":{"k":"artpart","name":"Monochrome for Austin","m":"alum","b":6.72,"h":7.32}},{"type":"Feature","geometry":{"type":"Polygon","coordinates":[[[-97.7370641,30.2874676],[-97.7370566,30.2874627],[-97.7370536,30.2874662],[-97.737061,30.2874711],[-97.7370641,30.2874676]]]},"properties":{"k":"artpart","name":"Monochrome for Austin","m":"alum","b":6.84,"h":7.43}},{"type":"Feature","geometry":{"type":"Polygon","coordinates":[[[-97.7370628,30.2874665],[-97.7370553,30.2874616],[-97.7370519,30.2874654],[-97.7370594,30.2874703],[-97.7370628,30.2874665]]]},"properties":{"k":"artpart","name":"Monochrome for Austin","m":"alum","b":6.95,"h":7.55}},{"type":"Feature","geometry":{"type":"Polygon","coordinates":[[[-97.7370614,30.2874653],[-97.737054,30.2874604],[-97.7370502,30.2874646],[-97.7370577,30.2874695],[-97.7370614,30.2874653]]]},"properties":{"k":"artpart","name":"Monochrome for Austin","m":"alum","b":7.07,"h":7.67}},{"type":"Feature","geometry":{"type":"Polygon","coordinates":[[[-97.7370601,30.2874641],[-97.7370526,30.2874592],[-97.7370486,30.2874638],[-97.737056,30.2874687],[-97.7370601,30.2874641]]]},"properties":{"k":"artpart","name":"Monochrome for Austin","m":"alum","b":7.19,"h":7.78}},{"type":"Feature","geometry":{"type":"Polygon","coordinates":[[[-97.7370588,30.287463],[-97.7370513,30.2874581],[-97.7370469,30.287463],[-97.7370544,30.2874679],[-97.7370588,30.287463]]]},"properties":{"k":"artpart","name":"Monochrome for Austin","m":"alum","b":7.3,"h":7.9}},{"type":"Feature","geometry":{"type":"Polygon","coordinates":[[[-97.7370574,30.2874618],[-97.73705,30.2874569],[-97.7370453,30.2874622],[-97.7370527,30.2874671],[-97.7370574,30.2874618]]]},"properties":{"k":"artpart","name":"Monochrome for Austin","m":"alum","b":7.42,"h":8.02}},{"type":"Feature","geometry":{"type":"Polygon","coordinates":[[[-97.7370561,30.2874606],[-97.7370486,30.2874557],[-97.7370436,30.2874614],[-97.7370511,30.2874663],[-97.7370561,30.2874606]]]},"properties":{"k":"artpart","name":"Monochrome for Austin","m":"alum","b":7.54,"h":8.13}},{"type":"Feature","geometry":{"type":"Polygon","coordinates":[[[-97.7370544,30.2874598],[-97.737047,30.2874549],[-97.7370423,30.2874603],[-97.7370497,30.2874652],[-97.7370544,30.2874598]]]},"properties":{"k":"artpart","name":"Monochrome for Austin","m":"alum","b":7.65,"h":8.25}},{"type":"Feature","geometry":{"type":"Polygon","coordinates":[[[-97.7370528,30.287459],[-97.7370453,30.2874541],[-97.7370409,30.2874591],[-97.7370484,30.287464],[-97.7370528,30.287459]]]},"properties":{"k":"artpart","name":"Monochrome for Austin","m":"alum","b":7.77,"h":8.36}},{"type":"Feature","geometry":{"type":"Polygon","coordinates":[[[-97.7370511,30.2874582],[-97.7370437,30.2874533],[-97.7370396,30.2874579],[-97.7370471,30.2874628],[-97.7370511,30.2874582]]]},"properties":{"k":"artpart","name":"Monochrome for Austin","m":"alum","b":7.89,"h":8.48}},{"type":"Feature","geometry":{"type":"Polygon","coordinates":[[[-97.7370495,30.2874574],[-97.737042,30.2874525],[-97.7370383,30.2874568],[-97.7370457,30.2874617],[-97.7370495,30.2874574]]]},"properties":{"k":"artpart","name":"Monochrome for Austin","m":"alum","b":8.0,"h":8.6}},{"type":"Feature","geometry":{"type":"Polygon","coordinates":[[[-97.7370478,30.2874566],[-97.7370403,30.2874517],[-97.7370369,30.2874556],[-97.7370444,30.2874605],[-97.7370478,30.2874566]]]},"properties":{"k":"artpart","name":"Monochrome for Austin","m":"alum","b":8.12,"h":8.71}},{"type":"Feature","geometry":{"type":"Polygon","coordinates":[[[-97.7370461,30.2874558],[-97.7370387,30.2874509],[-97.7370356,30.2874544],[-97.7370431,30.2874593],[-97.7370461,30.2874558]]]},"properties":{"k":"artpart","name":"Monochrome for Austin","m":"alum","b":8.24,"h":8.83}},{"type":"Feature","geometry":{"type":"Polygon","coordinates":[[[-97.7370445,30.287455],[-97.737037,30.2874502],[-97.7370343,30.2874533],[-97.7370417,30.2874582],[-97.7370445,30.287455]]]},"properties":{"k":"artpart","name":"Monochrome for Austin","m":"alum","b":8.35,"h":8.95}},{"type":"Feature","geometry":{"type":"Polygon","coordinates":[[[-97.7370428,30.2874542],[-97.7370354,30.2874494],[-97.7370329,30.2874521],[-97.7370404,30.287457],[-97.7370428,30.2874542]]]},"properties":{"k":"artpart","name":"Monochrome for Austin","m":"alum","b":8.47,"h":9.06}},{"type":"Feature","geometry":{"type":"Polygon","coordinates":[[[-97.7370716,30.2874475],[-97.7370792,30.2874524],[-97.7370816,30.2874496],[-97.7370741,30.2874447],[-97.7370716,30.2874475]]]},"properties":{"k":"artpart","name":"Monochrome for Austin","m":"alum","b":4.23,"h":4.82}},{"type":"Feature","geometry":{"type":"Polygon","coordinates":[[[-97.737073,30.2874487],[-97.7370806,30.2874536],[-97.7370833,30.2874505],[-97.7370758,30.2874456],[-97.737073,30.2874487]]]},"properties":{"k":"artpart","name":"Monochrome for Austin","m":"alum","b":4.35,"h":4.94}},{"type":"Feature","geometry":{"type":"Polygon","coordinates":[[[-97.7370744,30.2874499],[-97.737082,30.2874548],[-97.737085,30.2874513],[-97.7370775,30.2874464],[-97.7370744,30.2874499]]]},"properties":{"k":"artpart","name":"Monochrome for Austin","m":"alum","b":4.47,"h":5.06}},{"type":"Feature","geometry":{"type":"Polygon","coordinates":[[[-97.7370758,30.2874511],[-97.7370833,30.287456],[-97.7370867,30.2874521],[-97.7370792,30.2874472],[-97.7370758,30.2874511]]]},"properties":{"k":"artpart","name":"Monochrome for Austin","m":"alum","b":4.59,"h":5.18}},{"type":"Feature","geometry":{"type":"Polygon","coordinates":[[[-97.7370772,30.2874523],[-97.7370847,30.2874572],[-97.7370884,30.2874529],[-97.7370809,30.287448],[-97.7370772,30.2874523]]]},"properties":{"k":"artpart","name":"Monochrome for Austin","m":"alum","b":4.71,"h":5.3}},{"type":"Feature","geometry":{"type":"Polygon","coordinates":[[[-97.7370786,30.2874535],[-97.7370861,30.2874584],[-97.7370902,30.2874538],[-97.7370826,30.2874489],[-97.7370786,30.2874535]]]},"properties":{"k":"artpart","name":"Monochrome for Austin","m":"alum","b":4.82,"h":5.42}},{"type":"Feature","geometry":{"type":"Polygon","coordinates":[[[-97.73708,30.2874547],[-97.7370875,30.2874596],[-97.7370919,30.2874546],[-97.7370843,30.2874497],[-97.73708,30.2874547]]]},"properties":{"k":"artpart","name":"Monochrome for Austin","m":"alum","b":4.94,"h":5.53}},{"type":"Feature","geometry":{"type":"Polygon","coordinates":[[[-97.7370814,30.2874559],[-97.7370889,30.2874608],[-97.7370936,30.2874554],[-97.737086,30.2874505],[-97.7370814,30.2874559]]]},"properties":{"k":"artpart","name":"Monochrome for Austin","m":"alum","b":5.06,"h":5.65}},{"type":"Feature","geometry":{"type":"Polygon","coordinates":[[[-97.7370828,30.2874571],[-97.7370903,30.287462],[-97.7370953,30.2874562],[-97.7370878,30.2874513],[-97.7370828,30.2874571]]]},"properties":{"k":"artpart","name":"Monochrome for Austin","m":"alum","b":5.18,"h":5.77}},{"type":"Feature","geometry":{"type":"Polygon","coordinates":[[[-97.7370845,30.2874579],[-97.737092,30.2874628],[-97.7370967,30.2874574],[-97.7370891,30.2874525],[-97.7370845,30.2874579]]]},"properties":{"k":"artpart","name":"Monochrome for Austin","m":"alum","b":5.3,"h":5.89}},{"type":"Feature","geometry":{"type":"Polygon","coordinates":[[[-97.7370862,30.2874587],[-97.7370937,30.2874636],[-97.7370981,30.2874586],[-97.7370905,30.2874537],[-97.7370862,30.2874587]]]},"properties":{"k":"artpart","name":"Monochrome for Austin","m":"alum","b":5.41,"h":6.01}},{"type":"Feature","geometry":{"type":"Polygon","coordinates":[[[-97.7370879,30.2874595],[-97.7370954,30.2874644],[-97.7370995,30.2874598],[-97.7370919,30.2874549],[-97.7370879,30.2874595]]]},"properties":{"k":"artpart","name":"Monochrome for Austin","m":"alum","b":5.53,"h":6.12}},{"type":"Feature","geometry":{"type":"Polygon","coordinates":[[[-97.7370896,30.2874604],[-97.7370971,30.2874653],[-97.7371009,30.287461],[-97.7370933,30.2874561],[-97.7370896,30.2874604]]]},"properties":{"k":"artpart","name":"Monochrome for Austin","m":"alum","b":5.65,"h":6.24}},{"type":"Feature","geometry":{"type":"Polygon","coordinates":[[[-97.7370913,30.2874612],[-97.7370989,30.2874661],[-97.7371022,30.2874622],[-97.7370947,30.2874573],[-97.7370913,30.2874612]]]},"properties":{"k":"artpart","name":"Monochrome for Austin","m":"alum","b":5.77,"h":6.36}},{"type":"Feature","geometry":{"type":"Polygon","coordinates":[[[-97.737093,30.287462],[-97.7371006,30.2874669],[-97.7371036,30.2874634],[-97.7370961,30.2874585],[-97.737093,30.287462]]]},"properties":{"k":"artpart","name":"Monochrome for Austin","m":"alum","b":5.89,"h":6.48}},{"type":"Feature","geometry":{"type":"Polygon","coordinates":[[[-97.7370947,30.2874628],[-97.7371023,30.2874677],[-97.737105,30.2874646],[-97.7370975,30.2874597],[-97.7370947,30.2874628]]]},"properties":{"k":"artpart","name":"Monochrome for Austin","m":"alum","b":6.01,"h":6.6}},{"type":"Feature","geometry":{"type":"Polygon","coordinates":[[[-97.7370965,30.2874636],[-97.737104,30.2874685],[-97.7371064,30.2874658],[-97.7370989,30.2874609],[-97.7370965,30.2874636]]]},"properties":{"k":"artpart","name":"Monochrome for Austin","m":"alum","b":6.12,"h":6.72}},{"type":"Feature","geometry":{"type":"Polygon","coordinates":[[[-97.7371016,30.2874273],[-97.7371044,30.2874354],[-97.7371083,30.2874344],[-97.7371054,30.2874263],[-97.7371016,30.2874273]]]},"properties":{"k":"artpart","name":"Monochrome for Austin","m":"alum","b":6.34,"h":6.89}},{"type":"Feature","geometry":{"type":"Polygon","coordinates":[[[-97.737102,30.2874293],[-97.7371048,30.2874374],[-97.7371092,30.2874363],[-97.7371064,30.2874281],[-97.737102,30.2874293]]]},"properties":{"k":"artpart","name":"Monochrome for Austin","m":"alum","b":6.44,"h":6.99}},{"type":"Feature","geometry":{"type":"Polygon","coordinates":[[[-97.7371024,30.2874313],[-97.7371052,30.2874394],[-97.7371101,30.2874381],[-97.7371073,30.28743],[-97.7371024,30.2874313]]]},"properties":{"k":"artpart","name":"Monochrome for Austin","m":"alum","b":6.55,"h":7.1}},{"type":"Feature","geometry":{"type":"Polygon","coordinates":[[[-97.7371028,30.2874333],[-97.7371057,30.2874414],[-97.7371111,30.28744],[-97.7371082,30.2874319],[-97.7371028,30.2874333]]]},"properties":{"k":"artpart","name":"Monochrome for Austin","m":"alum","b":6.65,"h":7.2}},{"type":"Feature","geometry":{"type":"Polygon","coordinates":[[[-97.7371032,30.2874353],[-97.7371061,30.2874434],[-97.737112,30.2874419],[-97.7371092,30.2874338],[-97.7371032,30.2874353]]]},"properties":{"k":"artpart","name":"Monochrome for Austin","m":"alum","b":6.75,"h":7.3}},{"type":"Feature","geometry":{"type":"Polygon","coordinates":[[[-97.7371037,30.2874373],[-97.7371065,30.2874454],[-97.7371129,30.2874438],[-97.7371101,30.2874356],[-97.7371037,30.2874373]]]},"properties":{"k":"artpart","name":"Monochrome for Austin","m":"alum","b":6.86,"h":7.41}},{"type":"Feature","geometry":{"type":"Polygon","coordinates":[[[-97.7371041,30.2874393],[-97.7371069,30.2874474],[-97.7371138,30.2874456],[-97.737111,30.2874375],[-97.7371041,30.2874393]]]},"properties":{"k":"artpart","name":"Monochrome for Austin","m":"alum","b":6.96,"h":7.51}},{"type":"Feature","geometry":{"type":"Polygon","coordinates":[[[-97.7371045,30.2874413],[-97.7371073,30.2874494],[-97.7371148,30.2874475],[-97.737112,30.2874394],[-97.7371045,30.2874413]]]},"properties":{"k":"artpart","name":"Monochrome for Austin","m":"alum","b":7.07,"h":7.62}},{"type":"Feature","geometry":{"type":"Polygon","coordinates":[[[-97.7371049,30.2874433],[-97.7371077,30.2874514],[-97.7371157,30.2874494],[-97.7371129,30.2874412],[-97.7371049,30.2874433]]]},"properties":{"k":"artpart","name":"Monochrome for Austin","m":"alum","b":7.17,"h":7.72}},{"type":"Feature","geometry":{"type":"Polygon","coordinates":[[[-97.7371058,30.2874452],[-97.7371087,30.2874533],[-97.7371161,30.2874514],[-97.7371133,30.2874432],[-97.7371058,30.2874452]]]},"properties":{"k":"artpart","name":"Monochrome for Austin","m":"alum","b":7.27,"h":7.83}},{"type":"Feature","geometry":{"type":"Polygon","coordinates":[[[-97.7371068,30.287447],[-97.7371096,30.2874552],[-97.7371165,30.2874534],[-97.7371137,30.2874452],[-97.7371068,30.287447]]]},"properties":{"k":"artpart","name":"Monochrome for Austin","m":"alum","b":7.38,"h":7.93}},{"type":"Feature","geometry":{"type":"Polygon","coordinates":[[[-97.7371077,30.2874489],[-97.7371105,30.287457],[-97.737117,30.2874554],[-97.7371141,30.2874472],[-97.7371077,30.2874489]]]},"properties":{"k":"artpart","name":"Monochrome for Austin","m":"alum","b":7.48,"h":8.03}},{"type":"Feature","geometry":{"type":"Polygon","coordinates":[[[-97.7371086,30.2874508],[-97.7371115,30.2874589],[-97.7371174,30.2874574],[-97.7371145,30.2874492],[-97.7371086,30.2874508]]]},"properties":{"k":"artpart","name":"Monochrome for Austin","m":"alum","b":7.59,"h":8.14}},{"type":"Feature","geometry":{"type":"Polygon","coordinates":[[[-97.7371096,30.2874526],[-97.7371124,30.2874608],[-97.7371178,30.2874594],[-97.737115,30.2874513],[-97.7371096,30.2874526]]]},"properties":{"k":"artpart","name":"Monochrome for Austin","m":"alum","b":7.69,"h":8.24}},{"type":"Feature","geometry":{"type":"Polygon","coordinates":[[[-97.7371105,30.2874545],[-97.7371133,30.2874627],[-97.7371182,30.2874614],[-97.7371154,30.2874533],[-97.7371105,30.2874545]]]},"properties":{"k":"artpart","name":"Monochrome for Austin","m":"alum","b":7.8,"h":8.35}},{"type":"Feature","geometry":{"type":"Polygon","coordinates":[[[-97.7371114,30.2874564],[-97.7371143,30.2874645],[-97.7371186,30.2874634],[-97.7371158,30.2874553],[-97.7371114,30.2874564]]]},"properties":{"k":"artpart","name":"Monochrome for Austin","m":"alum","b":7.9,"h":8.45}},{"type":"Feature","geometry":{"type":"Polygon","coordinates":[[[-97.7371124,30.2874583],[-97.7371152,30.2874664],[-97.737119,30.2874654],[-97.7371162,30.2874573],[-97.7371124,30.2874583]]]},"properties":{"k":"artpart","name":"Monochrome for Austin","m":"alum","b":8.0,"h":8.56}},{"type":"Feature","geometry":{"type":"Polygon","coordinates":[[[-97.7370806,30.2874724],[-97.7370877,30.2874673],[-97.7370852,30.2874647],[-97.7370781,30.2874697],[-97.7370806,30.2874724]]]},"properties":{"k":"artpart","name":"Monochrome for Austin","m":"mirror","b":3.88,"h":4.5}},{"type":"Feature","geometry":{"type":"Polygon","coordinates":[[[-97.7370821,30.2874715],[-97.7370892,30.2874665],[-97.7370864,30.2874636],[-97.7370793,30.2874686],[-97.7370821,30.2874715]]]},"properties":{"k":"artpart","name":"Monochrome for Austin","m":"mirror","b":4.01,"h":4.62}},{"type":"Feature","geometry":{"type":"Polygon","coordinates":[[[-97.7370836,30.2874707],[-97.7370907,30.2874657],[-97.7370877,30.2874625],[-97.7370805,30.2874675],[-97.7370836,30.2874707]]]},"properties":{"k":"artpart","name":"Monochrome for Austin","m":"mirror","b":4.13,"h":4.74}},{"type":"Feature","geometry":{"type":"Polygon","coordinates":[[[-97.737085,30.2874699],[-97.7370922,30.2874649],[-97.7370889,30.2874614],[-97.7370817,30.2874664],[-97.737085,30.2874699]]]},"properties":{"k":"artpart","name":"Monochrome for Austin","m":"mirror","b":4.25,"h":4.86}},{"type":"Feature","geometry":{"type":"Polygon","coordinates":[[[-97.7370865,30.2874691],[-97.7370936,30.287464],[-97.7370901,30.2874603],[-97.737083,30.2874654],[-97.7370865,30.2874691]]]},"properties":{"k":"artpart","name":"Monochrome for Austin","m":"mirror","b":4.37,"h":4.99}},{"type":"Feature","geometry":{"type":"Polygon","coordinates":[[[-97.737088,30.2874683],[-97.7370951,30.2874632],[-97.7370913,30.2874592],[-97.7370842,30.2874643],[-97.737088,30.2874683]]]},"properties":{"k":"artpart","name":"Monochrome for Austin","m":"mirror","b":4.49,"h":5.11}},{"type":"Feature","geometry":{"type":"Polygon","coordinates":[[[-97.7370895,30.2874675],[-97.7370966,30.2874624],[-97.7370925,30.2874581],[-97.7370854,30.2874632],[-97.7370895,30.2874675]]]},"properties":{"k":"artpart","name":"Monochrome for Austin","m":"mirror","b":4.61,"h":5.23}},{"type":"Feature","geometry":{"type":"Polygon","coordinates":[[[-97.7370909,30.2874667],[-97.7370981,30.2874616],[-97.7370937,30.287457],[-97.7370866,30.2874621],[-97.7370909,30.2874667]]]},"properties":{"k":"artpart","name":"Monochrome for Austin","m":"mirror","b":4.73,"h":5.35}},{"type":"Feature","geometry":{"type":"Polygon","coordinates":[[[-97.7370924,30.2874658],[-97.7370995,30.2874608],[-97.7370949,30.2874559],[-97.7370878,30.287461],[-97.7370924,30.2874658]]]},"properties":{"k":"artpart","name":"Monochrome for Austin","m":"mirror","b":4.85,"h":5.47}},{"type":"Feature","geometry":{"type":"Polygon","coordinates":[[[-97.7370939,30.287465],[-97.737101,30.28746],[-97.7370961,30.2874548],[-97.737089,30.2874599],[-97.7370939,30.287465]]]},"properties":{"k":"artpart","name":"Monochrome for Austin","m":"mirror","b":4.97,"h":5.59}},{"type":"Feature","geometry":{"type":"Polygon","coordinates":[[[-97.7370954,30.2874642],[-97.7371025,30.2874591],[-97.7370973,30.2874537],[-97.7370902,30.2874588],[-97.7370954,30.2874642]]]},"properties":{"k":"artpart","name":"Monochrome for Austin","m":"mirror","b":5.09,"h":5.71}},{"type":"Feature","geometry":{"type":"Polygon","coordinates":[[[-97.7370967,30.2874633],[-97.7371038,30.2874582],[-97.7370987,30.2874528],[-97.7370916,30.2874578],[-97.7370967,30.2874633]]]},"properties":{"k":"artpart","name":"Monochrome for Austin","m":"mirror","b":5.22,"h":5.83}},{"type":"Feature","geometry":{"type":"Polygon","coordinates":[[[-97.7370979,30.2874622],[-97.7371051,30.2874571],[-97.7371002,30.287452],[-97.737093,30.287457],[-97.7370979,30.2874622]]]},"properties":{"k":"artpart","name":"Monochrome for Austin","m":"mirror","b":5.34,"h":5.95}},{"type":"Feature","geometry":{"type":"Polygon","coordinates":[[[-97.7370991,30.2874611],[-97.7371063,30.287456],[-97.7371016,30.2874512],[-97.7370945,30.2874562],[-97.7370991,30.2874611]]]},"properties":{"k":"artpart","name":"Monochrome for Austin","m":"mirror","b":5.46,"h":6.08}},{"type":"Feature","geometry":{"type":"Polygon","coordinates":[[[-97.7371003,30.28746],[-97.7371075,30.2874549],[-97.7371031,30.2874503],[-97.737096,30.2874554],[-97.7371003,30.28746]]]},"properties":{"k":"artpart","name":"Monochrome for Austin","m":"mirror","b":5.58,"h":6.2}},{"type":"Feature","geometry":{"type":"Polygon","coordinates":[[[-97.7371016,30.2874589],[-97.7371087,30.2874538],[-97.7371046,30.2874495],[-97.7370975,30.2874546],[-97.7371016,30.2874589]]]},"properties":{"k":"artpart","name":"Monochrome for Austin","m":"mirror","b":5.7,"h":6.32}},{"type":"Feature","geometry":{"type":"Polygon","coordinates":[[[-97.7371028,30.2874578],[-97.7371099,30.2874527],[-97.7371061,30.2874487],[-97.7370989,30.2874538],[-97.7371028,30.2874578]]]},"properties":{"k":"artpart","name":"Monochrome for Austin","m":"mirror","b":5.82,"h":6.44}},{"type":"Feature","geometry":{"type":"Polygon","coordinates":[[[-97.737104,30.2874567],[-97.7371111,30.2874516],[-97.7371075,30.2874479],[-97.7371004,30.287453],[-97.737104,30.2874567]]]},"properties":{"k":"artpart","name":"Monochrome for Austin","m":"mirror","b":5.94,"h":6.56}},{"type":"Feature","geometry":{"type":"Polygon","coordinates":[[[-97.7371052,30.2874556],[-97.7371123,30.2874505],[-97.737109,30.2874471],[-97.7371019,30.2874521],[-97.7371052,30.2874556]]]},"properties":{"k":"artpart","name":"Monochrome for Austin","m":"mirror","b":6.06,"h":6.68}},{"type":"Feature","geometry":{"type":"Polygon","coordinates":[[[-97.7371064,30.2874545],[-97.7371135,30.2874495],[-97.7371105,30.2874463],[-97.7371034,30.2874513],[-97.7371064,30.2874545]]]},"properties":{"k":"artpart","name":"Monochrome for Austin","m":"mirror","b":6.18,"h":6.8}},{"type":"Feature","geometry":{"type":"Polygon","coordinates":[[[-97.7371076,30.2874534],[-97.7371147,30.2874484],[-97.737112,30.2874455],[-97.7371048,30.2874505],[-97.7371076,30.2874534]]]},"properties":{"k":"artpart","name":"Monochrome for Austin","m":"mirror","b":6.3,"h":6.92}},{"type":"Feature","geometry":{"type":"Polygon","coordinates":[[[-97.7371088,30.2874523],[-97.7371159,30.2874473],[-97.7371134,30.2874446],[-97.7371063,30.2874497],[-97.7371088,30.2874523]]]},"properties":{"k":"artpart","name":"Monochrome for Austin","m":"mirror","b":6.43,"h":7.04}},{"type":"Feature","geometry":{"type":"Polygon","coordinates":[[[-97.7370899,30.2874786],[-97.7370823,30.2874741],[-97.7370801,30.2874769],[-97.7370876,30.2874815],[-97.7370899,30.2874786]]]},"properties":{"k":"artpart","name":"Monochrome for Austin","m":"alum","b":3.76,"h":4.37}},{"type":"Feature","geometry":{"type":"Polygon","coordinates":[[[-97.7370886,30.2874776],[-97.7370811,30.2874731],[-97.7370785,30.2874762],[-97.7370861,30.2874808],[-97.7370886,30.2874776]]]},"properties":{"k":"artpart","name":"Monochrome for Austin","m":"alum","b":3.87,"h":4.49}},{"type":"Feature","geometry":{"type":"Polygon","coordinates":[[[-97.7370874,30.2874766],[-97.7370798,30.287472],[-97.737077,30.2874755],[-97.7370845,30.2874801],[-97.7370874,30.2874766]]]},"properties":{"k":"artpart","name":"Monochrome for Austin","m":"alum","b":3.99,"h":4.6}},{"type":"Feature","geometry":{"type":"Polygon","coordinates":[[[-97.7370861,30.2874756],[-97.7370785,30.287471],[-97.7370754,30.2874749],[-97.737083,30.2874794],[-97.7370861,30.2874756]]]},"properties":{"k":"artpart","name":"Monochrome for Austin","m":"alum","b":4.11,"h":4.72}},{"type":"Feature","geometry":{"type":"Polygon","coordinates":[[[-97.7370848,30.2874745],[-97.7370772,30.28747],[-97.7370738,30.2874742],[-97.7370814,30.2874787],[-97.7370848,30.2874745]]]},"properties":{"k":"artpart","name":"Monochrome for Austin","m":"alum","b":4.23,"h":4.84}},{"type":"Feature","geometry":{"type":"Polygon","coordinates":[[[-97.7370835,30.2874735],[-97.7370759,30.287469],[-97.7370723,30.2874735],[-97.7370799,30.287478],[-97.7370835,30.2874735]]]},"properties":{"k":"artpart","name":"Monochrome for Austin","m":"alum","b":4.34,"h":4.95}},{"type":"Feature","geometry":{"type":"Polygon","coordinates":[[[-97.7370822,30.2874725],[-97.7370746,30.2874679],[-97.7370707,30.2874728],[-97.7370783,30.2874774],[-97.7370822,30.2874725]]]},"properties":{"k":"artpart","name":"Monochrome for Austin","m":"alum","b":4.46,"h":5.07}},{"type":"Feature","geometry":{"type":"Polygon","coordinates":[[[-97.7370809,30.2874715],[-97.7370734,30.2874669],[-97.7370692,30.2874721],[-97.7370767,30.2874767],[-97.7370809,30.2874715]]]},"properties":{"k":"artpart","name":"Monochrome for Austin","m":"alum","b":4.58,"h":5.19}},{"type":"Feature","geometry":{"type":"Polygon","coordinates":[[[-97.7370796,30.2874704],[-97.7370721,30.2874659],[-97.7370676,30.2874715],[-97.7370752,30.287476],[-97.7370796,30.2874704]]]},"properties":{"k":"artpart","name":"Monochrome for Austin","m":"alum","b":4.7,"h":5.31}},{"type":"Feature","geometry":{"type":"Polygon","coordinates":[[[-97.7370784,30.2874694],[-97.7370708,30.2874649],[-97.737066,30.2874708],[-97.7370736,30.2874753],[-97.7370784,30.2874694]]]},"properties":{"k":"artpart","name":"Monochrome for Austin","m":"alum","b":4.81,"h":5.42}},{"type":"Feature","geometry":{"type":"Polygon","coordinates":[[[-97.7370768,30.2874687],[-97.7370692,30.2874642],[-97.7370648,30.2874697],[-97.7370723,30.2874743],[-97.7370768,30.2874687]]]},"properties":{"k":"artpart","name":"Monochrome for Austin","m":"alum","b":4.93,"h":5.54}},{"type":"Feature","geometry":{"type":"Polygon","coordinates":[[[-97.7370752,30.2874681],[-97.7370677,30.2874635],[-97.7370635,30.2874687],[-97.737071,30.2874733],[-97.7370752,30.2874681]]]},"properties":{"k":"artpart","name":"Monochrome for Austin","m":"alum","b":5.05,"h":5.66}},{"type":"Feature","geometry":{"type":"Polygon","coordinates":[[[-97.7370737,30.2874674],[-97.7370661,30.2874628],[-97.7370622,30.2874677],[-97.7370698,30.2874722],[-97.7370737,30.2874674]]]},"properties":{"k":"artpart","name":"Monochrome for Austin","m":"alum","b":5.16,"h":5.78}},{"type":"Feature","geometry":{"type":"Polygon","coordinates":[[[-97.7370721,30.2874667],[-97.7370646,30.2874621],[-97.7370609,30.2874667],[-97.7370685,30.2874712],[-97.7370721,30.2874667]]]},"properties":{"k":"artpart","name":"Monochrome for Austin","m":"alum","b":5.28,"h":5.89}},{"type":"Feature","geometry":{"type":"Polygon","coordinates":[[[-97.7370706,30.287466],[-97.737063,30.2874615],[-97.7370596,30.2874657],[-97.7370672,30.2874702],[-97.7370706,30.287466]]]},"properties":{"k":"artpart","name":"Monochrome for Austin","m":"alum","b":5.4,"h":6.01}},{"type":"Feature","geometry":{"type":"Polygon","coordinates":[[[-97.737069,30.2874653],[-97.7370614,30.2874608],[-97.7370583,30.2874646],[-97.7370659,30.2874692],[-97.737069,30.2874653]]]},"properties":{"k":"artpart","name":"Monochrome for Austin","m":"alum","b":5.52,"h":6.13}},{"type":"Feature","geometry":{"type":"Polygon","coordinates":[[[-97.7370675,30.2874646],[-97.7370599,30.2874601],[-97.7370571,30.2874636],[-97.7370646,30.2874681],[-97.7370675,30.2874646]]]},"properties":{"k":"artpart","name":"Monochrome for Austin","m":"alum","b":5.63,"h":6.25}},{"type":"Feature","geometry":{"type":"Polygon","coordinates":[[[-97.7370659,30.287464],[-97.7370583,30.2874594],[-97.7370558,30.2874626],[-97.7370633,30.2874671],[-97.7370659,30.287464]]]},"properties":{"k":"artpart","name":"Monochrome for Austin","m":"alum","b":5.75,"h":6.36}},{"type":"Feature","geometry":{"type":"Polygon","coordinates":[[[-97.7370643,30.2874633],[-97.7370568,30.2874587],[-97.7370545,30.2874616],[-97.7370621,30.2874661],[-97.7370643,30.2874633]]]},"properties":{"k":"artpart","name":"Monochrome for Austin","m":"alum","b":5.87,"h":6.48}},{"type":"Feature","geometry":{"type":"Polygon","coordinates":[[[-97.73711,30.2875031],[-97.7371019,30.2874989],[-97.7370998,30.2875018],[-97.737108,30.2875061],[-97.73711,30.2875031]]]},"properties":{"k":"artpart","name":"Monochrome for Austin","m":"alum","b":7.41,"h":7.98}},{"type":"Feature","geometry":{"type":"Polygon","coordinates":[[[-97.7371084,30.2875021],[-97.7371003,30.2874979],[-97.737098,30.2875011],[-97.7371062,30.2875053],[-97.7371084,30.2875021]]]},"properties":{"k":"artpart","name":"Monochrome for Austin","m":"alum","b":7.52,"h":8.09}},{"type":"Feature","geometry":{"type":"Polygon","coordinates":[[[-97.7371068,30.287501],[-97.7370987,30.2874968],[-97.7370962,30.2875004],[-97.7371043,30.2875046],[-97.7371068,30.287501]]]},"properties":{"k":"artpart","name":"Monochrome for Austin","m":"alum","b":7.63,"h":8.2}},{"type":"Feature","geometry":{"type":"Polygon","coordinates":[[[-97.7371052,30.2875],[-97.737097,30.2874958],[-97.7370944,30.2874996],[-97.7371025,30.2875038],[-97.7371052,30.2875]]]},"properties":{"k":"artpart","name":"Monochrome for Austin","m":"alum","b":7.74,"h":8.31}},{"type":"Feature","geometry":{"type":"Polygon","coordinates":[[[-97.7371036,30.287499],[-97.7370954,30.2874947],[-97.7370925,30.2874989],[-97.7371007,30.2875031],[-97.7371036,30.287499]]]},"properties":{"k":"artpart","name":"Monochrome for Austin","m":"alum","b":7.85,"h":8.42}},{"type":"Feature","geometry":{"type":"Polygon","coordinates":[[[-97.737102,30.2874979],[-97.7370938,30.2874937],[-97.7370907,30.2874981],[-97.7370988,30.2875024],[-97.737102,30.2874979]]]},"properties":{"k":"artpart","name":"Monochrome for Austin","m":"alum","b":7.96,"h":8.54}},{"type":"Feature","geometry":{"type":"Polygon","coordinates":[[[-97.7371003,30.2874969],[-97.7370922,30.2874926],[-97.7370889,30.2874974],[-97.737097,30.2875016],[-97.7371003,30.2874969]]]},"properties":{"k":"artpart","name":"Monochrome for Austin","m":"alum","b":8.07,"h":8.65}},{"type":"Feature","geometry":{"type":"Polygon","coordinates":[[[-97.7370987,30.2874958],[-97.7370906,30.2874916],[-97.7370871,30.2874967],[-97.7370952,30.2875009],[-97.7370987,30.2874958]]]},"properties":{"k":"artpart","name":"Monochrome for Austin","m":"alum","b":8.18,"h":8.76}},{"type":"Feature","geometry":{"type":"Polygon","coordinates":[[[-97.7370971,30.2874948],[-97.737089,30.2874905],[-97.7370852,30.2874959],[-97.7370934,30.2875001],[-97.7370971,30.2874948]]]},"properties":{"k":"artpart","name":"Monochrome for Austin","m":"alum","b":8.29,"h":8.87}},{"type":"Feature","geometry":{"type":"Polygon","coordinates":[[[-97.7370955,30.2874937],[-97.7370874,30.2874895],[-97.7370834,30.2874952],[-97.7370915,30.2874994],[-97.7370955,30.2874937]]]},"properties":{"k":"artpart","name":"Monochrome for Austin","m":"alum","b":8.4,"h":8.98}},{"type":"Feature","geometry":{"type":"Polygon","coordinates":[[[-97.7370939,30.2874927],[-97.7370858,30.2874884],[-97.7370816,30.2874944],[-97.7370897,30.2874987],[-97.7370939,30.2874927]]]},"properties":{"k":"artpart","name":"Monochrome for Austin","m":"alum","b":8.51,"h":9.09}},{"type":"Feature","geometry":{"type":"Polygon","coordinates":[[[-97.7370922,30.2874918],[-97.737084,30.2874875],[-97.7370799,30.2874935],[-97.737088,30.2874978],[-97.7370922,30.2874918]]]},"properties":{"k":"artpart","name":"Monochrome for Austin","m":"alum","b":8.62,"h":9.2}},{"type":"Feature","geometry":{"type":"Polygon","coordinates":[[[-97.7370904,30.287491],[-97.7370822,30.2874868],[-97.7370782,30.2874925],[-97.7370864,30.2874967],[-97.7370904,30.287491]]]},"properties":{"k":"artpart","name":"Monochrome for Austin","m":"alum","b":8.73,"h":9.31}},{"type":"Feature","geometry":{"type":"Polygon","coordinates":[[[-97.7370885,30.2874903],[-97.7370804,30.2874861],[-97.7370766,30.2874914],[-97.7370848,30.2874957],[-97.7370885,30.2874903]]]},"properties":{"k":"artpart","name":"Monochrome for Austin","m":"alum","b":8.84,"h":9.42}},{"type":"Feature","geometry":{"type":"Polygon","coordinates":[[[-97.7370867,30.2874895],[-97.7370786,30.2874853],[-97.737075,30.2874904],[-97.7370832,30.2874946],[-97.7370867,30.2874895]]]},"properties":{"k":"artpart","name":"Monochrome for Austin","m":"alum","b":8.95,"h":9.53}},{"type":"Feature","geometry":{"type":"Polygon","coordinates":[[[-97.7370849,30.2874888],[-97.7370767,30.2874846],[-97.7370734,30.2874893],[-97.7370815,30.2874936],[-97.7370849,30.2874888]]]},"properties":{"k":"artpart","name":"Monochrome for Austin","m":"alum","b":9.06,"h":9.64}},{"type":"Feature","geometry":{"type":"Polygon","coordinates":[[[-97.737083,30.2874881],[-97.7370749,30.2874838],[-97.7370718,30.2874883],[-97.7370799,30.2874925],[-97.737083,30.2874881]]]},"properties":{"k":"artpart","name":"Monochrome for Austin","m":"alum","b":9.17,"h":9.75}},{"type":"Feature","geometry":{"type":"Polygon","coordinates":[[[-97.7370812,30.2874873],[-97.7370731,30.2874831],[-97.7370702,30.2874873],[-97.7370783,30.2874915],[-97.7370812,30.2874873]]]},"properties":{"k":"artpart","name":"Monochrome for Austin","m":"alum","b":9.28,"h":9.86}},{"type":"Feature","geometry":{"type":"Polygon","coordinates":[[[-97.7370794,30.2874866],[-97.7370713,30.2874824],[-97.7370686,30.2874862],[-97.7370767,30.2874904],[-97.7370794,30.2874866]]]},"properties":{"k":"artpart","name":"Monochrome for Austin","m":"alum","b":9.39,"h":9.97}},{"type":"Feature","geometry":{"type":"Polygon","coordinates":[[[-97.7370776,30.2874858],[-97.7370694,30.2874816],[-97.737067,30.2874852],[-97.7370751,30.2874894],[-97.7370776,30.2874858]]]},"properties":{"k":"artpart","name":"Monochrome for Austin","m":"alum","b":9.5,"h":10.08}},{"type":"Feature","geometry":{"type":"Polygon","coordinates":[[[-97.7370757,30.2874851],[-97.7370676,30.2874809],[-97.7370653,30.2874841],[-97.7370735,30.2874883],[-97.7370757,30.2874851]]]},"properties":{"k":"artpart","name":"Monochrome for Austin","m":"alum","b":9.61,"h":10.19}},{"type":"Feature","geometry":{"type":"Polygon","coordinates":[[[-97.7370739,30.2874844],[-97.7370658,30.2874801],[-97.7370637,30.2874831],[-97.7370719,30.2874873],[-97.7370739,30.2874844]]]},"properties":{"k":"artpart","name":"Monochrome for Austin","m":"alum","b":9.73,"h":10.3}},{"type":"Feature","geometry":{"type":"Polygon","coordinates":[[[-97.7371118,30.2874624],[-97.7371143,30.2874718],[-97.7371183,30.287471],[-97.7371158,30.2874616],[-97.7371118,30.2874624]]]},"properties":{"k":"artpart","name":"Monochrome for Austin","m":"alum","b":5.04,"h":5.56}},{"type":"Feature","geometry":{"type":"Polygon","coordinates":[[[-97.7371123,30.2874655],[-97.7371148,30.2874749],[-97.7371194,30.287474],[-97.7371169,30.2874646],[-97.7371123,30.2874655]]]},"properties":{"k":"artpart","name":"Monochrome for Austin","m":"alum","b":5.14,"h":5.66}},{"type":"Feature","geometry":{"type":"Polygon","coordinates":[[[-97.7371127,30.2874687],[-97.7371152,30.287478],[-97.7371206,30.287477],[-97.7371181,30.2874676],[-97.7371127,30.2874687]]]},"properties":{"k":"artpart","name":"Monochrome for Austin","m":"alum","b":5.24,"h":5.76}},{"type":"Feature","geometry":{"type":"Polygon","coordinates":[[[-97.7371132,30.2874718],[-97.7371157,30.2874812],[-97.7371218,30.28748],[-97.7371193,30.2874706],[-97.7371132,30.2874718]]]},"properties":{"k":"artpart","name":"Monochrome for Austin","m":"alum","b":5.34,"h":5.86}},{"type":"Feature","geometry":{"type":"Polygon","coordinates":[[[-97.7371137,30.2874749],[-97.7371162,30.2874843],[-97.7371229,30.287483],[-97.7371204,30.2874736],[-97.7371137,30.2874749]]]},"properties":{"k":"artpart","name":"Monochrome for Austin","m":"alum","b":5.44,"h":5.96}},{"type":"Feature","geometry":{"type":"Polygon","coordinates":[[[-97.7371142,30.2874781],[-97.7371167,30.2874875],[-97.7371241,30.287486],[-97.7371216,30.2874766],[-97.7371142,30.2874781]]]},"properties":{"k":"artpart","name":"Monochrome for Austin","m":"alum","b":5.54,"h":6.06}},{"type":"Feature","geometry":{"type":"Polygon","coordinates":[[[-97.7371146,30.2874812],[-97.7371171,30.2874906],[-97.7371252,30.287489],[-97.7371227,30.2874796],[-97.7371146,30.2874812]]]},"properties":{"k":"artpart","name":"Monochrome for Austin","m":"alum","b":5.65,"h":6.17}},{"type":"Feature","geometry":{"type":"Polygon","coordinates":[[[-97.7371158,30.2874842],[-97.7371183,30.2874936],[-97.7371257,30.2874921],[-97.7371232,30.2874827],[-97.7371158,30.2874842]]]},"properties":{"k":"artpart","name":"Monochrome for Austin","m":"alum","b":5.75,"h":6.27}},{"type":"Feature","geometry":{"type":"Polygon","coordinates":[[[-97.737117,30.2874872],[-97.7371195,30.2874966],[-97.7371262,30.2874953],[-97.7371237,30.2874859],[-97.737117,30.2874872]]]},"properties":{"k":"artpart","name":"Monochrome for Austin","m":"alum","b":5.85,"h":6.37}},{"type":"Feature","geometry":{"type":"Polygon","coordinates":[[[-97.7371181,30.2874902],[-97.7371206,30.2874996],[-97.7371267,30.2874984],[-97.7371242,30.287489],[-97.7371181,30.2874902]]]},"properties":{"k":"artpart","name":"Monochrome for Austin","m":"alum","b":5.95,"h":6.47}},{"type":"Feature","geometry":{"type":"Polygon","coordinates":[[[-97.7371193,30.2874932],[-97.7371218,30.2875026],[-97.7371272,30.2875015],[-97.7371247,30.2874922],[-97.7371193,30.2874932]]]},"properties":{"k":"artpart","name":"Monochrome for Austin","m":"alum","b":6.05,"h":6.57}},{"type":"Feature","geometry":{"type":"Polygon","coordinates":[[[-97.7371204,30.2874962],[-97.737123,30.2875056],[-97.7371276,30.2875047],[-97.7371251,30.2874953],[-97.7371204,30.2874962]]]},"properties":{"k":"artpart","name":"Monochrome for Austin","m":"alum","b":6.15,"h":6.67}},{"type":"Feature","geometry":{"type":"Polygon","coordinates":[[[-97.7371216,30.2874992],[-97.7371241,30.2875086],[-97.7371281,30.2875078],[-97.7371256,30.2874984],[-97.7371216,30.2874992]]]},"properties":{"k":"artpart","name":"Monochrome for Austin","m":"alum","b":6.25,"h":6.77}},{"type":"Feature","geometry":{"type":"Polygon","coordinates":[[[-97.7370859,30.2874427],[-97.7370949,30.2874513],[-97.7370981,30.2874488],[-97.7370891,30.2874402],[-97.7370859,30.2874427]]]},"properties":{"k":"artpart","name":"Monochrome for Austin","m":"mirror","b":7.03,"h":7.53}},{"type":"Feature","geometry":{"type":"Polygon","coordinates":[[[-97.7370895,30.2874469],[-97.7370985,30.2874555],[-97.7371026,30.2874523],[-97.7370935,30.2874437],[-97.7370895,30.2874469]]]},"properties":{"k":"artpart","name":"Monochrome for Austin","m":"mirror","b":7.12,"h":7.62}},{"type":"Feature","geometry":{"type":"Polygon","coordinates":[[[-97.7370931,30.287451],[-97.7371021,30.2874596],[-97.737107,30.2874558],[-97.737098,30.2874472],[-97.7370931,30.287451]]]},"properties":{"k":"artpart","name":"Monochrome for Austin","m":"mirror","b":7.21,"h":7.72}},{"type":"Feature","geometry":{"type":"Polygon","coordinates":[[[-97.7370967,30.2874552],[-97.7371057,30.2874638],[-97.7371115,30.2874593],[-97.7371024,30.2874507],[-97.7370967,30.2874552]]]},"properties":{"k":"artpart","name":"Monochrome for Austin","m":"mirror","b":7.3,"h":7.81}},{"type":"Feature","geometry":{"type":"Polygon","coordinates":[[[-97.7371007,30.287459],[-97.7371098,30.2874676],[-97.7371155,30.2874631],[-97.7371064,30.2874545],[-97.7371007,30.287459]]]},"properties":{"k":"artpart","name":"Monochrome for Austin","m":"mirror","b":7.4,"h":7.9}},{"type":"Feature","geometry":{"type":"Polygon","coordinates":[[[-97.7371052,30.2874625],[-97.7371142,30.2874711],[-97.7371191,30.2874673],[-97.73711,30.2874587],[-97.7371052,30.2874625]]]},"properties":{"k":"artpart","name":"Monochrome for Austin","m":"mirror","b":7.49,"h":7.99}},{"type":"Feature","geometry":{"type":"Polygon","coordinates":[[[-97.7371096,30.287466],[-97.7371187,30.2874746],[-97.7371227,30.2874714],[-97.7371136,30.2874628],[-97.7371096,30.287466]]]},"properties":{"k":"artpart","name":"Monochrome for Austin","m":"mirror","b":7.58,"h":8.09}},{"type":"Feature","geometry":{"type":"Polygon","coordinates":[[[-97.7371141,30.2874695],[-97.7371231,30.2874781],[-97.7371263,30.2874756],[-97.7371173,30.287467],[-97.7371141,30.2874695]]]},"properties":{"k":"artpart","name":"Monochrome for Austin","m":"mirror","b":7.67,"h":8.18}},{"type":"Feature","geometry":{"type":"Polygon","coordinates":[[[-97.7371127,30.2874308],[-97.7371002,30.2874307],[-97.7371002,30.2874345],[-97.7371127,30.2874345],[-97.7371127,30.2874308]]]},"properties":{"k":"artpart","name":"Monochrome for Austin","m":"alum","b":5.02,"h":5.53}},{"type":"Feature","geometry":{"type":"Polygon","coordinates":[[[-97.7371077,30.2874303],[-97.7370952,30.2874302],[-97.7370952,30.2874349],[-97.7371077,30.287435],[-97.7371077,30.2874303]]]},"properties":{"k":"artpart","name":"Monochrome for Austin","m":"alum","b":5.11,"h":5.62}},{"type":"Feature","geometry":{"type":"Polygon","coordinates":[[[-97.7371027,30.2874298],[-97.7370903,30.2874297],[-97.7370902,30.2874354],[-97.7371027,30.2874355],[-97.7371027,30.2874298]]]},"properties":{"k":"artpart","name":"Monochrome for Austin","m":"alum","b":5.2,"h":5.71}},{"type":"Feature","geometry":{"type":"Polygon","coordinates":[[[-97.7370978,30.2874293],[-97.7370853,30.2874292],[-97.7370853,30.2874359],[-97.7370977,30.2874359],[-97.7370978,30.2874293]]]},"properties":{"k":"artpart","name":"Monochrome for Austin","m":"alum","b":5.29,"h":5.8}},{"type":"Feature","geometry":{"type":"Polygon","coordinates":[[[-97.7370928,30.2874292],[-97.7370803,30.2874292],[-97.7370803,30.2874359],[-97.7370927,30.2874359],[-97.7370928,30.2874292]]]},"properties":{"k":"artpart","name":"Monochrome for Austin","m":"alum","b":5.38,"h":5.89}},{"type":"Feature","geometry":{"type":"Polygon","coordinates":[[[-97.7370878,30.2874297],[-97.7370753,30.2874297],[-97.7370753,30.2874354],[-97.7370878,30.2874354],[-97.7370878,30.2874297]]]},"properties":{"k":"artpart","name":"Monochrome for Austin","m":"alum","b":5.47,"h":5.98}},{"type":"Feature","geometry":{"type":"Polygon","coordinates":[[[-97.7370828,30.2874302],[-97.7370703,30.2874302],[-97.7370703,30.2874349],[-97.7370828,30.2874349],[-97.7370828,30.2874302]]]},"properties":{"k":"artpart","name":"Monochrome for Austin","m":"alum","b":5.56,"h":6.07}},{"type":"Feature","geometry":{"type":"Polygon","coordinates":[[[-97.7370778,30.2874307],[-97.7370654,30.2874306],[-97.7370653,30.2874344],[-97.7370778,30.2874344],[-97.7370778,30.2874307]]]},"properties":{"k":"artpart","name":"Monochrome for Austin","m":"alum","b":5.65,"h":6.16}},{"type":"Feature","geometry":{"type":"Polygon","coordinates":[[[-97.7370478,30.287485],[-97.7370571,30.287485],[-97.7370571,30.2874816],[-97.7370478,30.2874816],[-97.7370478,30.287485]]]},"properties":{"k":"artpart","name":"Monochrome for Austin","m":"alum","b":11.41,"h":12.02}},{"type":"Feature","geometry":{"type":"Polygon","coordinates":[[[-97.7370496,30.2874852],[-97.7370588,30.2874852],[-97.7370588,30.2874814],[-97.7370496,30.2874814],[-97.7370496,30.2874852]]]},"properties":{"k":"artpart","name":"Monochrome for Austin","m":"alum","b":11.53,"h":12.14}},{"type":"Feature","geometry":{"type":"Polygon","coordinates":[[[-97.7370514,30.2874853],[-97.7370606,30.2874853],[-97.7370606,30.2874812],[-97.7370513,30.2874812],[-97.7370514,30.2874853]]]},"properties":{"k":"artpart","name":"Monochrome for Austin","m":"alum","b":11.65,"h":12.26}},{"type":"Feature","geometry":{"type":"Polygon","coordinates":[[[-97.7370531,30.2874855],[-97.7370624,30.2874855],[-97.7370624,30.2874811],[-97.7370531,30.2874811],[-97.7370531,30.2874855]]]},"properties":{"k":"artpart","name":"Monochrome for Austin","m":"alum","b":11.77,"h":12.38}},{"type":"Feature","geometry":{"type":"Polygon","coordinates":[[[-97.7370549,30.2874857],[-97.7370642,30.2874857],[-97.7370642,30.2874809],[-97.7370549,30.2874809],[-97.7370549,30.2874857]]]},"properties":{"k":"artpart","name":"Monochrome for Austin","m":"alum","b":11.89,"h":12.49}},{"type":"Feature","geometry":{"type":"Polygon","coordinates":[[[-97.7370567,30.2874859],[-97.7370659,30.2874858],[-97.7370659,30.2874807],[-97.7370567,30.2874807],[-97.7370567,30.2874859]]]},"properties":{"k":"artpart","name":"Monochrome for Austin","m":"alum","b":12.0,"h":12.61}},{"type":"Feature","geometry":{"type":"Polygon","coordinates":[[[-97.7370585,30.287486],[-97.7370677,30.287486],[-97.7370677,30.2874805],[-97.7370584,30.2874806],[-97.7370585,30.287486]]]},"properties":{"k":"artpart","name":"Monochrome for Austin","m":"alum","b":12.12,"h":12.73}},{"type":"Feature","geometry":{"type":"Polygon","coordinates":[[[-97.7370602,30.2874862],[-97.7370695,30.2874862],[-97.7370695,30.2874804],[-97.7370602,30.2874804],[-97.7370602,30.2874862]]]},"properties":{"k":"artpart","name":"Monochrome for Austin","m":"alum","b":12.24,"h":12.85}},{"type":"Feature","geometry":{"type":"Polygon","coordinates":[[[-97.737062,30.2874864],[-97.7370713,30.2874864],[-97.7370713,30.2874802],[-97.737062,30.2874802],[-97.737062,30.2874864]]]},"properties":{"k":"artpart","name":"Monochrome for Austin","m":"alum","b":12.36,"h":12.97}},{"type":"Feature","geometry":{"type":"Polygon","coordinates":[[[-97.7370638,30.2874865],[-97.737073,30.2874865],[-97.737073,30.28748],[-97.7370638,30.28748],[-97.7370638,30.2874865]]]},"properties":{"k":"artpart","name":"Monochrome for Austin","m":"alum","b":12.48,"h":13.09}},{"type":"Feature","geometry":{"type":"Polygon","coordinates":[[[-97.7370656,30.2874867],[-97.7370748,30.2874867],[-97.7370748,30.2874799],[-97.7370655,30.2874799],[-97.7370656,30.2874867]]]},"properties":{"k":"artpart","name":"Monochrome for Austin","m":"alum","b":12.6,"h":13.21}},{"type":"Feature","geometry":{"type":"Polygon","coordinates":[[[-97.7370673,30.2874869],[-97.7370766,30.2874869],[-97.7370766,30.2874797],[-97.7370673,30.2874797],[-97.7370673,30.2874869]]]},"properties":{"k":"artpart","name":"Monochrome for Austin","m":"alum","b":12.72,"h":13.33}},{"type":"Feature","geometry":{"type":"Polygon","coordinates":[[[-97.7370691,30.2874867],[-97.7370784,30.2874867],[-97.7370784,30.2874798],[-97.7370691,30.2874799],[-97.7370691,30.2874867]]]},"properties":{"k":"artpart","name":"Monochrome for Austin","m":"alum","b":12.84,"h":13.45}},{"type":"Feature","geometry":{"type":"Polygon","coordinates":[[[-97.7370709,30.2874865],[-97.7370801,30.2874865],[-97.7370801,30.28748],[-97.7370709,30.28748],[-97.7370709,30.2874865]]]},"properties":{"k":"artpart","name":"Monochrome for Austin","m":"alum","b":12.95,"h":13.56}},{"type":"Feature","geometry":{"type":"Polygon","coordinates":[[[-97.7370727,30.2874864],[-97.7370819,30.2874863],[-97.7370819,30.2874802],[-97.7370727,30.2874802],[-97.7370727,30.2874864]]]},"properties":{"k":"artpart","name":"Monochrome for Austin","m":"alum","b":13.07,"h":13.68}},{"type":"Feature","geometry":{"type":"Polygon","coordinates":[[[-97.7370744,30.2874862],[-97.7370837,30.2874862],[-97.7370837,30.2874804],[-97.7370744,30.2874804],[-97.7370744,30.2874862]]]},"properties":{"k":"artpart","name":"Monochrome for Austin","m":"alum","b":13.19,"h":13.8}},{"type":"Feature","geometry":{"type":"Polygon","coordinates":[[[-97.7370762,30.287486],[-97.7370855,30.287486],[-97.7370855,30.2874805],[-97.7370762,30.2874805],[-97.7370762,30.287486]]]},"properties":{"k":"artpart","name":"Monochrome for Austin","m":"alum","b":13.31,"h":13.92}},{"type":"Feature","geometry":{"type":"Polygon","coordinates":[[[-97.737078,30.2874858],[-97.7370872,30.2874858],[-97.7370872,30.2874807],[-97.737078,30.2874807],[-97.737078,30.2874858]]]},"properties":{"k":"artpart","name":"Monochrome for Austin","m":"alum","b":13.43,"h":14.04}},{"type":"Feature","geometry":{"type":"Polygon","coordinates":[[[-97.7370798,30.2874857],[-97.737089,30.2874857],[-97.737089,30.2874809],[-97.7370798,30.2874809],[-97.7370798,30.2874857]]]},"properties":{"k":"artpart","name":"Monochrome for Austin","m":"alum","b":13.55,"h":14.16}},{"type":"Feature","geometry":{"type":"Polygon","coordinates":[[[-97.7370815,30.2874855],[-97.7370908,30.2874855],[-97.7370908,30.287481],[-97.7370815,30.287481],[-97.7370815,30.2874855]]]},"properties":{"k":"artpart","name":"Monochrome for Austin","m":"alum","b":13.67,"h":14.28}},{"type":"Feature","geometry":{"type":"Polygon","coordinates":[[[-97.7370833,30.2874853],[-97.7370926,30.2874853],[-97.7370926,30.2874812],[-97.7370833,30.2874812],[-97.7370833,30.2874853]]]},"properties":{"k":"artpart","name":"Monochrome for Austin","m":"alum","b":13.79,"h":14.4}},{"type":"Feature","geometry":{"type":"Polygon","coordinates":[[[-97.7370851,30.2874851],[-97.7370943,30.2874851],[-97.7370943,30.2874814],[-97.7370851,30.2874814],[-97.7370851,30.2874851]]]},"properties":{"k":"artpart","name":"Monochrome for Austin","m":"alum","b":13.9,"h":14.51}},{"type":"Feature","geometry":{"type":"Polygon","coordinates":[[[-97.7370869,30.287485],[-97.7370961,30.287485],[-97.7370961,30.2874816],[-97.7370869,30.2874816],[-97.7370869,30.287485]]]},"properties":{"k":"artpart","name":"Monochrome for Austin","m":"alum","b":14.02,"h":14.63}},{"type":"Feature","geometry":{"type":"Polygon","coordinates":[[[-97.7371072,30.287476],[-97.7371,30.2874838],[-97.7371033,30.2874861],[-97.7371105,30.2874783],[-97.7371072,30.287476]]]},"properties":{"k":"artpart","name":"Monochrome for Austin","m":"alum","b":8.37,"h":8.89}},{"type":"Feature","geometry":{"type":"Polygon","coordinates":[[[-97.7371043,30.2874784],[-97.737097,30.2874862],[-97.7371011,30.287489],[-97.7371084,30.2874813],[-97.7371043,30.2874784]]]},"properties":{"k":"artpart","name":"Monochrome for Austin","m":"alum","b":8.47,"h":8.99}},{"type":"Feature","geometry":{"type":"Polygon","coordinates":[[[-97.7371013,30.2874809],[-97.7370941,30.2874886],[-97.737099,30.287492],[-97.7371062,30.2874843],[-97.7371013,30.2874809]]]},"properties":{"k":"artpart","name":"Monochrome for Austin","m":"alum","b":8.57,"h":9.09}},{"type":"Feature","geometry":{"type":"Polygon","coordinates":[[[-97.7370984,30.2874833],[-97.7370912,30.2874911],[-97.7370969,30.287495],[-97.7371041,30.2874873],[-97.7370984,30.2874833]]]},"properties":{"k":"artpart","name":"Monochrome for Austin","m":"alum","b":8.67,"h":9.19}},{"type":"Feature","geometry":{"type":"Polygon","coordinates":[[[-97.7370955,30.2874858],[-97.7370882,30.2874935],[-97.7370947,30.287498],[-97.737102,30.2874903],[-97.7370955,30.2874858]]]},"properties":{"k":"artpart","name":"Monochrome for Austin","m":"alum","b":8.77,"h":9.29}},{"type":"Feature","geometry":{"type":"Polygon","coordinates":[[[-97.7370933,30.2874888],[-97.7370861,30.2874965],[-97.7370918,30.2875005],[-97.737099,30.2874927],[-97.7370933,30.2874888]]]},"properties":{"k":"artpart","name":"Monochrome for Austin","m":"alum","b":8.87,"h":9.39}},{"type":"Feature","geometry":{"type":"Polygon","coordinates":[[[-97.7370912,30.2874918],[-97.737084,30.2874995],[-97.7370889,30.2875029],[-97.7370961,30.2874952],[-97.7370912,30.2874918]]]},"properties":{"k":"artpart","name":"Monochrome for Austin","m":"alum","b":8.97,"h":9.49}},{"type":"Feature","geometry":{"type":"Polygon","coordinates":[[[-97.7370891,30.2874948],[-97.7370818,30.2875025],[-97.7370859,30.2875054],[-97.7370932,30.2874976],[-97.7370891,30.2874948]]]},"properties":{"k":"artpart","name":"Monochrome for Austin","m":"alum","b":9.07,"h":9.59}},{"type":"Feature","geometry":{"type":"Polygon","coordinates":[[[-97.7370869,30.2874978],[-97.7370797,30.2875055],[-97.737083,30.2875078],[-97.7370902,30.2875001],[-97.7370869,30.2874978]]]},"properties":{"k":"artpart","name":"Monochrome for Austin","m":"alum","b":9.17,"h":9.69}},{"type":"Feature","geometry":{"type":"Polygon","coordinates":[[[-97.7370501,30.2874648],[-97.7370595,30.2874671],[-97.7370606,30.2874638],[-97.7370512,30.2874615],[-97.7370501,30.2874648]]]},"properties":{"k":"artpart","name":"Monochrome for Austin","m":"mirror","b":11.56,"h":12.11}},{"type":"Feature","geometry":{"type":"Polygon","coordinates":[[[-97.7370522,30.2874655],[-97.7370617,30.2874679],[-97.7370629,30.2874642],[-97.7370534,30.2874619],[-97.7370522,30.2874655]]]},"properties":{"k":"artpart","name":"Monochrome for Austin","m":"mirror","b":11.67,"h":12.22}},{"type":"Feature","geometry":{"type":"Polygon","coordinates":[[[-97.7370544,30.2874662],[-97.7370638,30.2874686],[-97.7370652,30.2874646],[-97.7370557,30.2874622],[-97.7370544,30.2874662]]]},"properties":{"k":"artpart","name":"Monochrome for Austin","m":"mirror","b":11.77,"h":12.33}},{"type":"Feature","geometry":{"type":"Polygon","coordinates":[[[-97.7370566,30.287467],[-97.737066,30.2874693],[-97.7370675,30.287465],[-97.737058,30.2874626],[-97.7370566,30.287467]]]},"properties":{"k":"artpart","name":"Monochrome for Austin","m":"mirror","b":11.88,"h":12.43}},{"type":"Feature","geometry":{"type":"Polygon","coordinates":[[[-97.7370587,30.2874677],[-97.7370682,30.2874701],[-97.7370698,30.2874653],[-97.7370603,30.287463],[-97.7370587,30.2874677]]]},"properties":{"k":"artpart","name":"Monochrome for Austin","m":"mirror","b":11.98,"h":12.54}},{"type":"Feature","geometry":{"type":"Polygon","coordinates":[[[-97.7370609,30.2874685],[-97.7370703,30.2874708],[-97.7370721,30.2874657],[-97.7370626,30.2874634],[-97.7370609,30.2874685]]]},"properties":{"k":"artpart","name":"Monochrome for Austin","m":"mirror","b":12.09,"h":12.64}},{"type":"Feature","geometry":{"type":"Polygon","coordinates":[[[-97.7370631,30.2874692],[-97.7370725,30.2874716],[-97.7370743,30.2874661],[-97.7370649,30.2874637],[-97.7370631,30.2874692]]]},"properties":{"k":"artpart","name":"Monochrome for Austin","m":"mirror","b":12.19,"h":12.75}},{"type":"Feature","geometry":{"type":"Polygon","coordinates":[[[-97.7370653,30.2874699],[-97.7370747,30.2874723],[-97.7370766,30.2874665],[-97.7370672,30.2874641],[-97.7370653,30.2874699]]]},"properties":{"k":"artpart","name":"Monochrome for Austin","m":"mirror","b":12.3,"h":12.85}},{"type":"Feature","geometry":{"type":"Polygon","coordinates":[[[-97.7370674,30.2874707],[-97.7370769,30.287473],[-97.7370789,30.2874669],[-97.7370695,30.2874645],[-97.7370674,30.2874707]]]},"properties":{"k":"artpart","name":"Monochrome for Austin","m":"mirror","b":12.4,"h":12.96}},{"type":"Feature","geometry":{"type":"Polygon","coordinates":[[[-97.7370696,30.2874714],[-97.737079,30.2874738],[-97.7370812,30.2874672],[-97.7370718,30.2874649],[-97.7370696,30.2874714]]]},"properties":{"k":"artpart","name":"Monochrome for Austin","m":"mirror","b":12.51,"h":13.06}},{"type":"Feature","geometry":{"type":"Polygon","coordinates":[[[-97.7370718,30.2874722],[-97.7370812,30.2874745],[-97.7370835,30.2874676],[-97.7370741,30.2874653],[-97.7370718,30.2874722]]]},"properties":{"k":"artpart","name":"Monochrome for Austin","m":"mirror","b":12.62,"h":13.17}},{"type":"Feature","geometry":{"type":"Polygon","coordinates":[[[-97.7370741,30.2874725],[-97.7370835,30.2874749],[-97.7370857,30.2874684],[-97.7370763,30.287466],[-97.7370741,30.2874725]]]},"properties":{"k":"artpart","name":"Monochrome for Austin","m":"mirror","b":12.72,"h":13.27}},{"type":"Feature","geometry":{"type":"Polygon","coordinates":[[[-97.7370764,30.2874729],[-97.7370858,30.2874753],[-97.7370879,30.2874691],[-97.7370784,30.2874667],[-97.7370764,30.2874729]]]},"properties":{"k":"artpart","name":"Monochrome for Austin","m":"mirror","b":12.83,"h":13.38}},{"type":"Feature","geometry":{"type":"Polygon","coordinates":[[[-97.7370787,30.2874733],[-97.7370881,30.2874757],[-97.73709,30.2874698],[-97.7370806,30.2874675],[-97.7370787,30.2874733]]]},"properties":{"k":"artpart","name":"Monochrome for Austin","m":"mirror","b":12.93,"h":13.48}},{"type":"Feature","geometry":{"type":"Polygon","coordinates":[[[-97.737081,30.2874737],[-97.7370904,30.287476],[-97.7370922,30.2874706],[-97.7370828,30.2874682],[-97.737081,30.2874737]]]},"properties":{"k":"artpart","name":"Monochrome for Austin","m":"mirror","b":13.04,"h":13.59}},{"type":"Feature","geometry":{"type":"Polygon","coordinates":[[[-97.7370833,30.287474],[-97.7370927,30.2874764],[-97.7370944,30.2874713],[-97.737085,30.287469],[-97.7370833,30.287474]]]},"properties":{"k":"artpart","name":"Monochrome for Austin","m":"mirror","b":13.14,"h":13.7}},{"type":"Feature","geometry":{"type":"Polygon","coordinates":[[[-97.7370855,30.2874744],[-97.737095,30.2874768],[-97.7370966,30.2874721],[-97.7370871,30.2874697],[-97.7370855,30.2874744]]]},"properties":{"k":"artpart","name":"Monochrome for Austin","m":"mirror","b":13.25,"h":13.8}},{"type":"Feature","geometry":{"type":"Polygon","coordinates":[[[-97.7370878,30.2874748],[-97.7370973,30.2874772],[-97.7370987,30.2874728],[-97.7370893,30.2874704],[-97.7370878,30.2874748]]]},"properties":{"k":"artpart","name":"Monochrome for Austin","m":"mirror","b":13.35,"h":13.91}},{"type":"Feature","geometry":{"type":"Polygon","coordinates":[[[-97.7370901,30.2874752],[-97.7370996,30.2874775],[-97.7371009,30.2874735],[-97.7370915,30.2874712],[-97.7370901,30.2874752]]]},"properties":{"k":"artpart","name":"Monochrome for Austin","m":"mirror","b":13.46,"h":14.01}},{"type":"Feature","geometry":{"type":"Polygon","coordinates":[[[-97.7370924,30.2874756],[-97.7371019,30.2874779],[-97.7371031,30.2874743],[-97.7370937,30.2874719],[-97.7370924,30.2874756]]]},"properties":{"k":"artpart","name":"Monochrome for Austin","m":"mirror","b":13.56,"h":14.12}},{"type":"Feature","geometry":{"type":"Polygon","coordinates":[[[-97.7370947,30.2874759],[-97.7371042,30.2874783],[-97.7371053,30.287475],[-97.7370958,30.2874727],[-97.7370947,30.2874759]]]},"properties":{"k":"artpart","name":"Monochrome for Austin","m":"mirror","b":13.67,"h":14.22}},{"type":"Feature","geometry":{"type":"Polygon","coordinates":[[[-97.7371147,30.2874552],[-97.7371142,30.2874472],[-97.7371102,30.2874473],[-97.7371107,30.2874553],[-97.7371147,30.2874552]]]},"properties":{"k":"artpart","name":"Monochrome for Austin","m":"alum","b":7.07,"h":7.67}},{"type":"Feature","geometry":{"type":"Polygon","coordinates":[[[-97.7371148,30.2874536],[-97.7371143,30.2874456],[-97.7371099,30.2874458],[-97.7371104,30.2874538],[-97.7371148,30.2874536]]]},"properties":{"k":"artpart","name":"Monochrome for Austin","m":"alum","b":7.18,"h":7.79}},{"type":"Feature","geometry":{"type":"Polygon","coordinates":[[[-97.7371149,30.2874521],[-97.7371144,30.2874441],[-97.7371096,30.2874443],[-97.7371101,30.2874523],[-97.7371149,30.2874521]]]},"properties":{"k":"artpart","name":"Monochrome for Austin","m":"alum","b":7.3,"h":7.91}},{"type":"Feature","geometry":{"type":"Polygon","coordinates":[[[-97.7371151,30.2874505],[-97.7371146,30.2874425],[-97.7371092,30.2874428],[-97.7371097,30.2874508],[-97.7371151,30.2874505]]]},"properties":{"k":"artpart","name":"Monochrome for Austin","m":"alum","b":7.42,"h":8.03}},{"type":"Feature","geometry":{"type":"Polygon","coordinates":[[[-97.7371152,30.287449],[-97.7371147,30.287441],[-97.7371089,30.2874412],[-97.7371094,30.2874492],[-97.7371152,30.287449]]]},"properties":{"k":"artpart","name":"Monochrome for Austin","m":"alum","b":7.54,"h":8.14}},{"type":"Feature","geometry":{"type":"Polygon","coordinates":[[[-97.7371153,30.2874474],[-97.7371148,30.2874394],[-97.7371086,30.2874397],[-97.7371091,30.2874477],[-97.7371153,30.2874474]]]},"properties":{"k":"artpart","name":"Monochrome for Austin","m":"alum","b":7.66,"h":8.26}},{"type":"Feature","geometry":{"type":"Polygon","coordinates":[[[-97.7371155,30.2874458],[-97.737115,30.2874379],[-97.7371082,30.2874382],[-97.7371088,30.2874462],[-97.7371155,30.2874458]]]},"properties":{"k":"artpart","name":"Monochrome for Austin","m":"alum","b":7.77,"h":8.38}},{"type":"Feature","geometry":{"type":"Polygon","coordinates":[[[-97.7371156,30.2874443],[-97.7371151,30.2874363],[-97.7371079,30.2874366],[-97.7371084,30.2874446],[-97.7371156,30.2874443]]]},"properties":{"k":"artpart","name":"Monochrome for Austin","m":"alum","b":7.89,"h":8.5}},{"type":"Feature","geometry":{"type":"Polygon","coordinates":[[[-97.7371157,30.2874427],[-97.7371152,30.2874347],[-97.7371076,30.2874351],[-97.7371081,30.2874431],[-97.7371157,30.2874427]]]},"properties":{"k":"artpart","name":"Monochrome for Austin","m":"alum","b":8.01,"h":8.62}},{"type":"Feature","geometry":{"type":"Polygon","coordinates":[[[-97.7371159,30.2874412],[-97.7371154,30.2874332],[-97.7371073,30.2874336],[-97.7371078,30.2874416],[-97.7371159,30.2874412]]]},"properties":{"k":"artpart","name":"Monochrome for Austin","m":"alum","b":8.13,"h":8.73}},{"type":"Feature","geometry":{"type":"Polygon","coordinates":[[[-97.7371158,30.2874397],[-97.7371153,30.2874317],[-97.7371072,30.287432],[-97.7371077,30.28744],[-97.7371158,30.2874397]]]},"properties":{"k":"artpart","name":"Monochrome for Austin","m":"alum","b":8.25,"h":8.85}},{"type":"Feature","geometry":{"type":"Polygon","coordinates":[[[-97.7371154,30.2874381],[-97.7371149,30.2874301],[-97.7371073,30.2874305],[-97.7371078,30.2874385],[-97.7371154,30.2874381]]]},"properties":{"k":"artpart","name":"Monochrome for Austin","m":"alum","b":8.36,"h":8.97}},{"type":"Feature","geometry":{"type":"Polygon","coordinates":[[[-97.7371151,30.2874366],[-97.7371146,30.2874286],[-97.7371074,30.2874289],[-97.7371079,30.2874369],[-97.7371151,30.2874366]]]},"properties":{"k":"artpart","name":"Monochrome for Austin","m":"alum","b":8.48,"h":9.09}},{"type":"Feature","geometry":{"type":"Polygon","coordinates":[[[-97.7371148,30.2874351],[-97.7371143,30.2874271],[-97.7371076,30.2874274],[-97.7371081,30.2874354],[-97.7371148,30.2874351]]]},"properties":{"k":"artpart","name":"Monochrome for Austin","m":"alum","b":8.6,"h":9.21}},{"type":"Feature","geometry":{"type":"Polygon","coordinates":[[[-97.7371145,30.2874335],[-97.737114,30.2874255],[-97.7371077,30.2874258],[-97.7371082,30.2874338],[-97.7371145,30.2874335]]]},"properties":{"k":"artpart","name":"Monochrome for Austin","m":"alum","b":8.72,"h":9.32}},{"type":"Feature","geometry":{"type":"Polygon","coordinates":[[[-97.7371141,30.287432],[-97.7371136,30.287424],[-97.7371078,30.2874243],[-97.7371083,30.2874323],[-97.7371141,30.287432]]]},"properties":{"k":"artpart","name":"Monochrome for Austin","m":"alum","b":8.84,"h":9.44}},{"type":"Feature","geometry":{"type":"Polygon","coordinates":[[[-97.7371138,30.2874305],[-97.7371133,30.2874225],[-97.737108,30.2874227],[-97.7371085,30.2874307],[-97.7371138,30.2874305]]]},"properties":{"k":"artpart","name":"Monochrome for Austin","m":"alum","b":8.95,"h":9.56}},{"type":"Feature","geometry":{"type":"Polygon","coordinates":[[[-97.7371135,30.2874289],[-97.737113,30.2874209],[-97.7371081,30.2874212],[-97.7371086,30.2874292],[-97.7371135,30.2874289]]]},"properties":{"k":"artpart","name":"Monochrome for Austin","m":"alum","b":9.07,"h":9.68}},{"type":"Feature","geometry":{"type":"Polygon","coordinates":[[[-97.7371132,30.2874274],[-97.7371127,30.2874194],[-97.7371082,30.2874196],[-97.7371087,30.2874276],[-97.7371132,30.2874274]]]},"properties":{"k":"artpart","name":"Monochrome for Austin","m":"alum","b":9.19,"h":9.8}},{"type":"Feature","geometry":{"type":"Polygon","coordinates":[[[-97.7371128,30.2874259],[-97.7371123,30.2874179],[-97.7371084,30.2874181],[-97.7371089,30.2874261],[-97.7371128,30.2874259]]]},"properties":{"k":"artpart","name":"Monochrome for Austin","m":"alum","b":9.31,"h":9.91}},{"type":"Feature","geometry":{"type":"Polygon","coordinates":[[[-97.7370688,30.2874663],[-97.7370683,30.2874586],[-97.7370643,30.2874588],[-97.7370648,30.2874665],[-97.7370688,30.2874663]]]},"properties":{"k":"artpart","name":"Monochrome for Austin","m":"alum","b":11.22,"h":11.94}},{"type":"Feature","geometry":{"type":"Polygon","coordinates":[[[-97.7370689,30.2874651],[-97.7370684,30.2874574],[-97.737064,30.2874576],[-97.7370645,30.2874653],[-97.7370689,30.2874651]]]},"properties":{"k":"artpart","name":"Monochrome for Austin","m":"alum","b":11.37,"h":12.09}},{"type":"Feature","geometry":{"type":"Polygon","coordinates":[[[-97.7370691,30.2874638],[-97.7370686,30.2874561],[-97.7370636,30.2874564],[-97.7370642,30.2874641],[-97.7370691,30.2874638]]]},"properties":{"k":"artpart","name":"Monochrome for Austin","m":"alum","b":11.51,"h":12.23}},{"type":"Feature","geometry":{"type":"Polygon","coordinates":[[[-97.7370693,30.2874626],[-97.7370687,30.2874549],[-97.7370633,30.2874552],[-97.7370638,30.2874629],[-97.7370693,30.2874626]]]},"properties":{"k":"artpart","name":"Monochrome for Austin","m":"alum","b":11.65,"h":12.37}},{"type":"Feature","geometry":{"type":"Polygon","coordinates":[[[-97.7370694,30.2874613],[-97.7370689,30.2874536],[-97.737063,30.2874539],[-97.7370635,30.2874616],[-97.7370694,30.2874613]]]},"properties":{"k":"artpart","name":"Monochrome for Austin","m":"alum","b":11.8,"h":12.52}},{"type":"Feature","geometry":{"type":"Polygon","coordinates":[[[-97.7370696,30.2874601],[-97.737069,30.2874524],[-97.7370627,30.2874527],[-97.7370632,30.2874604],[-97.7370696,30.2874601]]]},"properties":{"k":"artpart","name":"Monochrome for Austin","m":"alum","b":11.94,"h":12.66}},{"type":"Feature","geometry":{"type":"Polygon","coordinates":[[[-97.7370697,30.2874588],[-97.7370692,30.2874511],[-97.7370623,30.2874515],[-97.7370629,30.2874592],[-97.7370697,30.2874588]]]},"properties":{"k":"artpart","name":"Monochrome for Austin","m":"alum","b":12.08,"h":12.81}},{"type":"Feature","geometry":{"type":"Polygon","coordinates":[[[-97.7370699,30.2874576],[-97.7370694,30.2874499],[-97.737062,30.2874503],[-97.7370625,30.287458],[-97.7370699,30.2874576]]]},"properties":{"k":"artpart","name":"Monochrome for Austin","m":"alum","b":12.23,"h":12.95}},{"type":"Feature","geometry":{"type":"Polygon","coordinates":[[[-97.73707,30.2874563],[-97.7370695,30.2874486],[-97.7370617,30.287449],[-97.7370622,30.2874567],[-97.73707,30.2874563]]]},"properties":{"k":"artpart","name":"Monochrome for Austin","m":"alum","b":12.37,"h":13.09}},{"type":"Feature","geometry":{"type":"Polygon","coordinates":[[[-97.7370702,30.2874551],[-97.7370697,30.2874474],[-97.7370614,30.2874478],[-97.7370619,30.2874555],[-97.7370702,30.2874551]]]},"properties":{"k":"artpart","name":"Monochrome for Austin","m":"alum","b":12.52,"h":13.24}},{"type":"Feature","geometry":{"type":"Polygon","coordinates":[[[-97.7370699,30.2874539],[-97.7370693,30.2874462],[-97.7370615,30.2874466],[-97.737062,30.2874542],[-97.7370699,30.2874539]]]},"properties":{"k":"artpart","name":"Monochrome for Austin","m":"alum","b":12.66,"h":13.38}},{"type":"Feature","geometry":{"type":"Polygon","coordinates":[[[-97.7370695,30.2874526],[-97.737069,30.2874449],[-97.7370617,30.2874453],[-97.7370622,30.287453],[-97.7370695,30.2874526]]]},"properties":{"k":"artpart","name":"Monochrome for Austin","m":"alum","b":12.8,"h":13.52}},{"type":"Feature","geometry":{"type":"Polygon","coordinates":[[[-97.7370692,30.2874514],[-97.7370687,30.2874437],[-97.7370618,30.2874441],[-97.7370624,30.2874517],[-97.7370692,30.2874514]]]},"properties":{"k":"artpart","name":"Monochrome for Austin","m":"alum","b":12.95,"h":13.67}},{"type":"Feature","geometry":{"type":"Polygon","coordinates":[[[-97.7370689,30.2874502],[-97.7370684,30.2874425],[-97.737062,30.2874428],[-97.7370625,30.2874505],[-97.7370689,30.2874502]]]},"properties":{"k":"artpart","name":"Monochrome for Austin","m":"alum","b":13.09,"h":13.81}},{"type":"Feature","geometry":{"type":"Polygon","coordinates":[[[-97.7370686,30.2874489],[-97.737068,30.2874413],[-97.7370621,30.2874416],[-97.7370627,30.2874492],[-97.7370686,30.2874489]]]},"properties":{"k":"artpart","name":"Monochrome for Austin","m":"alum","b":13.23,"h":13.95}},{"type":"Feature","geometry":{"type":"Polygon","coordinates":[[[-97.7370682,30.2874477],[-97.7370677,30.28744],[-97.7370623,30.2874403],[-97.7370628,30.287448],[-97.7370682,30.2874477]]]},"properties":{"k":"artpart","name":"Monochrome for Austin","m":"alum","b":13.38,"h":14.1}},{"type":"Feature","geometry":{"type":"Polygon","coordinates":[[[-97.7370679,30.2874465],[-97.7370674,30.2874388],[-97.7370625,30.2874391],[-97.737063,30.2874467],[-97.7370679,30.2874465]]]},"properties":{"k":"artpart","name":"Monochrome for Austin","m":"alum","b":13.52,"h":14.24}},{"type":"Feature","geometry":{"type":"Polygon","coordinates":[[[-97.7370676,30.2874453],[-97.7370671,30.2874376],[-97.7370626,30.2874378],[-97.7370631,30.2874455],[-97.7370676,30.2874453]]]},"properties":{"k":"artpart","name":"Monochrome for Austin","m":"alum","b":13.66,"h":14.39}},{"type":"Feature","geometry":{"type":"Polygon","coordinates":[[[-97.7370673,30.287444],[-97.7370667,30.2874363],[-97.7370628,30.2874366],[-97.7370633,30.2874442],[-97.7370673,30.287444]]]},"properties":{"k":"artpart","name":"Monochrome for Austin","m":"alum","b":13.81,"h":14.53}},{"type":"Feature","geometry":{"type":"Polygon","coordinates":[[[-97.7370918,30.2874342],[-97.7370844,30.2874419],[-97.7370876,30.2874442],[-97.737095,30.2874365],[-97.7370918,30.2874342]]]},"properties":{"k":"artpart","name":"Monochrome for Austin","m":"alum","b":11.01,"h":11.52}},{"type":"Feature","geometry":{"type":"Polygon","coordinates":[[[-97.7370889,30.2874367],[-97.7370815,30.2874443],[-97.7370853,30.2874471],[-97.7370927,30.2874394],[-97.7370889,30.2874367]]]},"properties":{"k":"artpart","name":"Monochrome for Austin","m":"alum","b":11.11,"h":11.62}},{"type":"Feature","geometry":{"type":"Polygon","coordinates":[[[-97.737086,30.2874391],[-97.7370786,30.2874467],[-97.7370831,30.28745],[-97.7370905,30.2874423],[-97.737086,30.2874391]]]},"properties":{"k":"artpart","name":"Monochrome for Austin","m":"alum","b":11.21,"h":11.72}},{"type":"Feature","geometry":{"type":"Polygon","coordinates":[[[-97.7370831,30.2874415],[-97.7370757,30.2874492],[-97.7370808,30.2874529],[-97.7370882,30.2874452],[-97.7370831,30.2874415]]]},"properties":{"k":"artpart","name":"Monochrome for Austin","m":"alum","b":11.31,"h":11.82}},{"type":"Feature","geometry":{"type":"Polygon","coordinates":[[[-97.7370802,30.287444],[-97.7370728,30.2874516],[-97.7370785,30.2874558],[-97.7370859,30.2874481],[-97.7370802,30.287444]]]},"properties":{"k":"artpart","name":"Monochrome for Austin","m":"alum","b":11.41,"h":11.92}},{"type":"Feature","geometry":{"type":"Polygon","coordinates":[[[-97.7370773,30.2874464],[-97.7370699,30.2874541],[-97.7370762,30.2874587],[-97.7370836,30.287451],[-97.7370773,30.2874464]]]},"properties":{"k":"artpart","name":"Monochrome for Austin","m":"alum","b":11.51,"h":12.02}},{"type":"Feature","geometry":{"type":"Polygon","coordinates":[[[-97.737075,30.2874493],[-97.7370676,30.287457],[-97.7370733,30.2874611],[-97.7370807,30.2874535],[-97.737075,30.2874493]]]},"properties":{"k":"artpart","name":"Monochrome for Austin","m":"alum","b":11.61,"h":12.12}},{"type":"Feature","geometry":{"type":"Polygon","coordinates":[[[-97.7370727,30.2874522],[-97.7370653,30.2874599],[-97.7370704,30.2874635],[-97.7370778,30.2874559],[-97.7370727,30.2874522]]]},"properties":{"k":"artpart","name":"Monochrome for Austin","m":"alum","b":11.71,"h":12.23}},{"type":"Feature","geometry":{"type":"Polygon","coordinates":[[[-97.7370704,30.2874551],[-97.737063,30.2874628],[-97.7370675,30.287466],[-97.7370749,30.2874584],[-97.7370704,30.2874551]]]},"properties":{"k":"artpart","name":"Monochrome for Austin","m":"alum","b":11.81,"h":12.33}},{"type":"Feature","geometry":{"type":"Polygon","coordinates":[[[-97.7370682,30.287458],[-97.7370607,30.2874657],[-97.7370646,30.2874684],[-97.737072,30.2874608],[-97.7370682,30.287458]]]},"properties":{"k":"artpart","name":"Monochrome for Austin","m":"alum","b":11.91,"h":12.43}},{"type":"Feature","geometry":{"type":"Polygon","coordinates":[[[-97.7370659,30.2874609],[-97.7370585,30.2874686],[-97.7370617,30.2874709],[-97.7370691,30.2874632],[-97.7370659,30.2874609]]]},"properties":{"k":"artpart","name":"Monochrome for Austin","m":"alum","b":12.01,"h":12.53}},{"type":"Feature","geometry":{"type":"Polygon","coordinates":[[[-97.7370382,30.287486],[-97.7370514,30.287488],[-97.7370521,30.2874842],[-97.7370389,30.2874823],[-97.7370382,30.287486]]]},"properties":{"k":"artpart","name":"Monochrome for Austin","m":"mirror","b":8.06,"h":8.57}},{"type":"Feature","geometry":{"type":"Polygon","coordinates":[[[-97.7370439,30.2874874],[-97.7370571,30.2874894],[-97.7370581,30.2874846],[-97.7370449,30.2874826],[-97.7370439,30.2874874]]]},"properties":{"k":"artpart","name":"Monochrome for Austin","m":"mirror","b":8.16,"h":8.66}},{"type":"Feature","geometry":{"type":"Polygon","coordinates":[[[-97.7370496,30.2874889],[-97.7370628,30.2874908],[-97.737064,30.2874849],[-97.7370508,30.2874829],[-97.7370496,30.2874889]]]},"properties":{"k":"artpart","name":"Monochrome for Austin","m":"mirror","b":8.26,"h":8.76}},{"type":"Feature","geometry":{"type":"Polygon","coordinates":[[[-97.7370553,30.2874903],[-97.7370685,30.2874923],[-97.7370699,30.2874852],[-97.7370567,30.2874832],[-97.7370553,30.2874903]]]},"properties":{"k":"artpart","name":"Monochrome for Austin","m":"mirror","b":8.35,"h":8.86}},{"type":"Feature","geometry":{"type":"Polygon","coordinates":[[[-97.7370612,30.2874906],[-97.7370744,30.2874926],[-97.7370756,30.2874866],[-97.7370624,30.2874846],[-97.7370612,30.2874906]]]},"properties":{"k":"artpart","name":"Monochrome for Austin","m":"mirror","b":8.45,"h":8.96}},{"type":"Feature","geometry":{"type":"Polygon","coordinates":[[[-97.7370672,30.2874909],[-97.7370804,30.2874929],[-97.7370813,30.287488],[-97.7370681,30.2874861],[-97.7370672,30.2874909]]]},"properties":{"k":"artpart","name":"Monochrome for Austin","m":"mirror","b":8.55,"h":9.06}},{"type":"Feature","geometry":{"type":"Polygon","coordinates":[[[-97.7370731,30.2874912],[-97.7370863,30.2874932],[-97.737087,30.2874894],[-97.7370738,30.2874875],[-97.7370731,30.2874912]]]},"properties":{"k":"artpart","name":"Monochrome for Austin","m":"mirror","b":8.65,"h":9.16}},{"type":"Feature","geometry":{"type":"Polygon","coordinates":[[[-97.7371139,30.2874584],[-97.7371022,30.2874537],[-97.7371004,30.287457],[-97.7371121,30.2874617],[-97.7371139,30.2874584]]]},"properties":{"k":"artpart","name":"Monochrome for Austin","m":"alum","b":10.16,"h":10.67}},{"type":"Feature","geometry":{"type":"Polygon","coordinates":[[[-97.7371092,30.287456],[-97.7370975,30.2874513],[-97.7370953,30.2874554],[-97.737107,30.2874601],[-97.7371092,30.287456]]]},"properties":{"k":"artpart","name":"Monochrome for Austin","m":"alum","b":10.26,"h":10.77}},{"type":"Feature","geometry":{"type":"Polygon","coordinates":[[[-97.7371045,30.2874536],[-97.7370929,30.2874489],[-97.7370902,30.2874538],[-97.7371019,30.2874586],[-97.7371045,30.2874536]]]},"properties":{"k":"artpart","name":"Monochrome for Austin","m":"alum","b":10.36,"h":10.87}},{"type":"Feature","geometry":{"type":"Polygon","coordinates":[[[-97.7370999,30.2874513],[-97.7370882,30.2874465],[-97.7370851,30.2874523],[-97.7370968,30.287457],[-97.7370999,30.2874513]]]},"properties":{"k":"artpart","name":"Monochrome for Austin","m":"alum","b":10.46,"h":10.97}},{"type":"Feature","geometry":{"type":"Polygon","coordinates":[[[-97.7370952,30.2874489],[-97.7370835,30.2874442],[-97.73708,30.2874507],[-97.7370917,30.2874554],[-97.7370952,30.2874489]]]},"properties":{"k":"artpart","name":"Monochrome for Austin","m":"alum","b":10.56,"h":11.07}},{"type":"Feature","geometry":{"type":"Polygon","coordinates":[[[-97.7370901,30.2874473],[-97.7370784,30.2874426],[-97.7370753,30.2874483],[-97.737087,30.287453],[-97.7370901,30.2874473]]]},"properties":{"k":"artpart","name":"Monochrome for Austin","m":"alum","b":10.66,"h":11.17}},{"type":"Feature","geometry":{"type":"Polygon","coordinates":[[[-97.737085,30.2874457],[-97.7370733,30.287441],[-97.7370707,30.2874459],[-97.7370823,30.2874506],[-97.737085,30.2874457]]]},"properties":{"k":"artpart","name":"Monochrome for Austin","m":"alum","b":10.76,"h":11.27}},{"type":"Feature","geometry":{"type":"Polygon","coordinates":[[[-97.7370799,30.2874442],[-97.7370683,30.2874394],[-97.737066,30.2874435],[-97.7370777,30.2874483],[-97.7370799,30.2874442]]]},"properties":{"k":"artpart","name":"Monochrome for Austin","m":"alum","b":10.86,"h":11.37}},{"type":"Feature","geometry":{"type":"Polygon","coordinates":[[[-97.7370748,30.2874426],[-97.7370632,30.2874378],[-97.7370613,30.2874412],[-97.737073,30.2874459],[-97.7370748,30.2874426]]]},"properties":{"k":"artpart","name":"Monochrome for Austin","m":"alum","b":10.96,"h":11.47}},{"type":"Feature","geometry":{"type":"Polygon","coordinates":[[[-97.7370877,30.2874777],[-97.7370887,30.2874856],[-97.7370927,30.2874853],[-97.7370917,30.2874773],[-97.7370877,30.2874777]]]},"properties":{"k":"artpart","name":"Monochrome for Austin","m":"alum","b":7.5,"h":8.12}},{"type":"Feature","geometry":{"type":"Polygon","coordinates":[[[-97.7370877,30.2874792],[-97.7370887,30.2874872],[-97.7370932,30.2874867],[-97.7370921,30.2874788],[-97.7370877,30.2874792]]]},"properties":{"k":"artpart","name":"Monochrome for Austin","m":"alum","b":7.62,"h":8.24}},{"type":"Feature","geometry":{"type":"Polygon","coordinates":[[[-97.7370876,30.2874808],[-97.7370886,30.2874887],[-97.7370936,30.2874882],[-97.7370926,30.2874803],[-97.7370876,30.2874808]]]},"properties":{"k":"artpart","name":"Monochrome for Austin","m":"alum","b":7.74,"h":8.36}},{"type":"Feature","geometry":{"type":"Polygon","coordinates":[[[-97.7370875,30.2874823],[-97.7370886,30.2874902],[-97.7370941,30.2874897],[-97.737093,30.2874818],[-97.7370875,30.2874823]]]},"properties":{"k":"artpart","name":"Monochrome for Austin","m":"alum","b":7.86,"h":8.48}},{"type":"Feature","geometry":{"type":"Polygon","coordinates":[[[-97.7370875,30.2874838],[-97.7370885,30.2874917],[-97.7370945,30.2874912],[-97.7370935,30.2874832],[-97.7370875,30.2874838]]]},"properties":{"k":"artpart","name":"Monochrome for Austin","m":"alum","b":7.98,"h":8.6}},{"type":"Feature","geometry":{"type":"Polygon","coordinates":[[[-97.7370874,30.2874853],[-97.7370885,30.2874933],[-97.737095,30.2874926],[-97.7370939,30.2874847],[-97.7370874,30.2874853]]]},"properties":{"k":"artpart","name":"Monochrome for Austin","m":"alum","b":8.1,"h":8.72}},{"type":"Feature","geometry":{"type":"Polygon","coordinates":[[[-97.7370874,30.2874869],[-97.7370884,30.2874948],[-97.7370954,30.2874941],[-97.7370944,30.2874862],[-97.7370874,30.2874869]]]},"properties":{"k":"artpart","name":"Monochrome for Austin","m":"alum","b":8.22,"h":8.84}},{"type":"Feature","geometry":{"type":"Polygon","coordinates":[[[-97.7370873,30.2874884],[-97.7370883,30.2874963],[-97.7370959,30.2874956],[-97.7370948,30.2874877],[-97.7370873,30.2874884]]]},"properties":{"k":"artpart","name":"Monochrome for Austin","m":"alum","b":8.34,"h":8.96}},{"type":"Feature","geometry":{"type":"Polygon","coordinates":[[[-97.7370873,30.2874899],[-97.7370883,30.2874979],[-97.7370963,30.2874971],[-97.7370953,30.2874891],[-97.7370873,30.2874899]]]},"properties":{"k":"artpart","name":"Monochrome for Austin","m":"alum","b":8.46,"h":9.08}},{"type":"Feature","geometry":{"type":"Polygon","coordinates":[[[-97.7370874,30.2874914],[-97.7370885,30.2874994],[-97.7370965,30.2874986],[-97.7370955,30.2874907],[-97.7370874,30.2874914]]]},"properties":{"k":"artpart","name":"Monochrome for Austin","m":"alum","b":8.58,"h":9.2}},{"type":"Feature","geometry":{"type":"Polygon","coordinates":[[[-97.7370879,30.2874929],[-97.7370889,30.2875008],[-97.7370964,30.2875001],[-97.7370954,30.2874922],[-97.7370879,30.2874929]]]},"properties":{"k":"artpart","name":"Monochrome for Austin","m":"alum","b":8.7,"h":9.32}},{"type":"Feature","geometry":{"type":"Polygon","coordinates":[[[-97.7370883,30.2874944],[-97.7370894,30.2875023],[-97.7370964,30.2875016],[-97.7370954,30.2874937],[-97.7370883,30.2874944]]]},"properties":{"k":"artpart","name":"Monochrome for Austin","m":"alum","b":8.82,"h":9.44}},{"type":"Feature","geometry":{"type":"Polygon","coordinates":[[[-97.7370888,30.2874959],[-97.7370898,30.2875038],[-97.7370963,30.2875032],[-97.7370953,30.2874952],[-97.7370888,30.2874959]]]},"properties":{"k":"artpart","name":"Monochrome for Austin","m":"alum","b":8.94,"h":9.56}},{"type":"Feature","geometry":{"type":"Polygon","coordinates":[[[-97.7370892,30.2874973],[-97.7370903,30.2875053],[-97.7370963,30.2875047],[-97.7370952,30.2874968],[-97.7370892,30.2874973]]]},"properties":{"k":"artpart","name":"Monochrome for Austin","m":"alum","b":9.06,"h":9.68}},{"type":"Feature","geometry":{"type":"Polygon","coordinates":[[[-97.7370897,30.2874988],[-97.7370907,30.2875067],[-97.7370962,30.2875062],[-97.7370952,30.2874983],[-97.7370897,30.2874988]]]},"properties":{"k":"artpart","name":"Monochrome for Austin","m":"alum","b":9.18,"h":9.8}},{"type":"Feature","geometry":{"type":"Polygon","coordinates":[[[-97.7370901,30.2875003],[-97.7370912,30.2875082],[-97.7370961,30.2875077],[-97.7370951,30.2874998],[-97.7370901,30.2875003]]]},"properties":{"k":"artpart","name":"Monochrome for Austin","m":"alum","b":9.3,"h":9.91}},{"type":"Feature","geometry":{"type":"Polygon","coordinates":[[[-97.7370906,30.2875018],[-97.7370916,30.2875097],[-97.7370961,30.2875093],[-97.7370951,30.2875013],[-97.7370906,30.2875018]]]},"properties":{"k":"artpart","name":"Monochrome for Austin","m":"alum","b":9.42,"h":10.03}},{"type":"Feature","geometry":{"type":"Polygon","coordinates":[[[-97.737091,30.2875032],[-97.7370921,30.2875112],[-97.737096,30.2875108],[-97.737095,30.2875029],[-97.737091,30.2875032]]]},"properties":{"k":"artpart","name":"Monochrome for Austin","m":"alum","b":9.54,"h":10.15}},{"type":"Feature","geometry":{"type":"Polygon","coordinates":[[[-97.7370932,30.287489],[-97.7370882,30.2874956],[-97.7370915,30.2874975],[-97.7370965,30.2874909],[-97.7370932,30.287489]]]},"properties":{"k":"artpart","name":"Monochrome for Austin","m":"alum","b":5.85,"h":6.48}},{"type":"Feature","geometry":{"type":"Polygon","coordinates":[[[-97.7370921,30.2874901],[-97.7370871,30.2874967],[-97.7370907,30.2874988],[-97.7370958,30.2874922],[-97.7370921,30.2874901]]]},"properties":{"k":"artpart","name":"Monochrome for Austin","m":"alum","b":5.97,"h":6.6}},{"type":"Feature","geometry":{"type":"Polygon","coordinates":[[[-97.737091,30.2874912],[-97.737086,30.2874978],[-97.73709,30.2875001],[-97.737095,30.2874935],[-97.737091,30.2874912]]]},"properties":{"k":"artpart","name":"Monochrome for Austin","m":"alum","b":6.09,"h":6.72}},{"type":"Feature","geometry":{"type":"Polygon","coordinates":[[[-97.73709,30.2874923],[-97.7370849,30.2874989],[-97.7370893,30.2875014],[-97.7370943,30.2874948],[-97.73709,30.2874923]]]},"properties":{"k":"artpart","name":"Monochrome for Austin","m":"alum","b":6.21,"h":6.84}},{"type":"Feature","geometry":{"type":"Polygon","coordinates":[[[-97.7370889,30.2874934],[-97.7370838,30.2875],[-97.7370885,30.2875027],[-97.7370935,30.2874961],[-97.7370889,30.2874934]]]},"properties":{"k":"artpart","name":"Monochrome for Austin","m":"alum","b":6.33,"h":6.96}},{"type":"Feature","geometry":{"type":"Polygon","coordinates":[[[-97.7370878,30.2874945],[-97.7370827,30.2875011],[-97.7370878,30.287504],[-97.7370928,30.2874974],[-97.7370878,30.2874945]]]},"properties":{"k":"artpart","name":"Monochrome for Austin","m":"alum","b":6.45,"h":7.08}},{"type":"Feature","geometry":{"type":"Polygon","coordinates":[[[-97.7370867,30.2874956],[-97.7370816,30.2875022],[-97.737087,30.2875053],[-97.7370921,30.2874987],[-97.7370867,30.2874956]]]},"properties":{"k":"artpart","name":"Monochrome for Austin","m":"alum","b":6.57,"h":7.2}},{"type":"Feature","geometry":{"type":"Polygon","coordinates":[[[-97.7370856,30.2874967],[-97.7370805,30.2875033],[-97.7370863,30.2875066],[-97.7370913,30.2875],[-97.7370856,30.2874967]]]},"properties":{"k":"artpart","name":"Monochrome for Austin","m":"alum","b":6.69,"h":7.32}},{"type":"Feature","geometry":{"type":"Polygon","coordinates":[[[-97.7370845,30.2874978],[-97.7370794,30.2875044],[-97.7370855,30.2875079],[-97.7370906,30.2875013],[-97.7370845,30.2874978]]]},"properties":{"k":"artpart","name":"Monochrome for Austin","m":"alum","b":6.81,"h":7.44}},{"type":"Feature","geometry":{"type":"Polygon","coordinates":[[[-97.7370834,30.2874989],[-97.7370783,30.2875056],[-97.7370848,30.2875092],[-97.7370898,30.2875026],[-97.7370834,30.2874989]]]},"properties":{"k":"artpart","name":"Monochrome for Austin","m":"alum","b":6.93,"h":7.56}},{"type":"Feature","geometry":{"type":"Polygon","coordinates":[[[-97.7370823,30.2875001],[-97.7370773,30.2875067],[-97.737084,30.2875105],[-97.7370891,30.2875039],[-97.7370823,30.2875001]]]},"properties":{"k":"artpart","name":"Monochrome for Austin","m":"alum","b":7.05,"h":7.68}},{"type":"Feature","geometry":{"type":"Polygon","coordinates":[[[-97.7370814,30.2875013],[-97.7370763,30.2875079],[-97.7370831,30.2875117],[-97.7370882,30.2875051],[-97.7370814,30.2875013]]]},"properties":{"k":"artpart","name":"Monochrome for Austin","m":"alum","b":7.17,"h":7.8}},{"type":"Feature","geometry":{"type":"Polygon","coordinates":[[[-97.7370806,30.2875026],[-97.7370756,30.2875092],[-97.737082,30.2875128],[-97.7370871,30.2875062],[-97.7370806,30.2875026]]]},"properties":{"k":"artpart","name":"Monochrome for Austin","m":"alum","b":7.29,"h":7.92}},{"type":"Feature","geometry":{"type":"Polygon","coordinates":[[[-97.7370799,30.2875039],[-97.7370748,30.2875105],[-97.7370809,30.2875139],[-97.737086,30.2875073],[-97.7370799,30.2875039]]]},"properties":{"k":"artpart","name":"Monochrome for Austin","m":"alum","b":7.41,"h":8.04}},{"type":"Feature","geometry":{"type":"Polygon","coordinates":[[[-97.7370791,30.2875052],[-97.7370741,30.2875118],[-97.7370798,30.287515],[-97.7370849,30.2875084],[-97.7370791,30.2875052]]]},"properties":{"k":"artpart","name":"Monochrome for Austin","m":"alum","b":7.53,"h":8.16}},{"type":"Feature","geometry":{"type":"Polygon","coordinates":[[[-97.7370784,30.2875065],[-97.7370734,30.2875131],[-97.7370787,30.2875161],[-97.7370838,30.2875095],[-97.7370784,30.2875065]]]},"properties":{"k":"artpart","name":"Monochrome for Austin","m":"alum","b":7.65,"h":8.28}},{"type":"Feature","geometry":{"type":"Polygon","coordinates":[[[-97.7370776,30.2875078],[-97.7370726,30.2875144],[-97.7370776,30.2875172],[-97.7370827,30.2875106],[-97.7370776,30.2875078]]]},"properties":{"k":"artpart","name":"Monochrome for Austin","m":"alum","b":7.77,"h":8.4}},{"type":"Feature","geometry":{"type":"Polygon","coordinates":[[[-97.7370769,30.2875091],[-97.7370719,30.2875157],[-97.7370765,30.2875183],[-97.7370816,30.2875117],[-97.7370769,30.2875091]]]},"properties":{"k":"artpart","name":"Monochrome for Austin","m":"alum","b":7.89,"h":8.52}},{"type":"Feature","geometry":{"type":"Polygon","coordinates":[[[-97.7370762,30.2875104],[-97.7370711,30.287517],[-97.7370755,30.2875195],[-97.7370805,30.2875129],[-97.7370762,30.2875104]]]},"properties":{"k":"artpart","name":"Monochrome for Austin","m":"alum","b":8.01,"h":8.63}},{"type":"Feature","geometry":{"type":"Polygon","coordinates":[[[-97.7370754,30.2875117],[-97.7370704,30.2875183],[-97.7370744,30.2875206],[-97.7370794,30.287514],[-97.7370754,30.2875117]]]},"properties":{"k":"artpart","name":"Monochrome for Austin","m":"alum","b":8.13,"h":8.75}},{"type":"Feature","geometry":{"type":"Polygon","coordinates":[[[-97.7370747,30.287513],[-97.7370696,30.2875196],[-97.7370733,30.2875217],[-97.7370783,30.2875151],[-97.7370747,30.287513]]]},"properties":{"k":"artpart","name":"Monochrome for Austin","m":"alum","b":8.25,"h":8.87}},{"type":"Feature","geometry":{"type":"Polygon","coordinates":[[[-97.7370739,30.2875143],[-97.7370689,30.2875209],[-97.7370722,30.2875228],[-97.7370772,30.2875162],[-97.7370739,30.2875143]]]},"properties":{"k":"artpart","name":"Monochrome for Austin","m":"alum","b":8.37,"h":8.99}},{"type":"Feature","geometry":{"type":"Polygon","coordinates":[[[-97.7371222,30.2874828],[-97.7371135,30.2874814],[-97.7371127,30.2874848],[-97.7371215,30.2874862],[-97.7371222,30.2874828]]]},"properties":{"k":"artpart","name":"Monochrome for Austin","m":"mirror","b":5.51,"h":6.2}},{"type":"Feature","geometry":{"type":"Polygon","coordinates":[[[-97.7371209,30.2874824],[-97.7371121,30.2874809],[-97.7371113,30.2874848],[-97.73712,30.2874862],[-97.7371209,30.2874824]]]},"properties":{"k":"artpart","name":"Monochrome for Austin","m":"mirror","b":5.64,"h":6.34}},{"type":"Feature","geometry":{"type":"Polygon","coordinates":[[[-97.7371195,30.2874819],[-97.7371107,30.2874805],[-97.7371098,30.2874847],[-97.7371186,30.2874862],[-97.7371195,30.2874819]]]},"properties":{"k":"artpart","name":"Monochrome for Austin","m":"mirror","b":5.78,"h":6.47}},{"type":"Feature","geometry":{"type":"Polygon","coordinates":[[[-97.7371181,30.2874815],[-97.7371094,30.28748],[-97.7371083,30.2874847],[-97.7371171,30.2874862],[-97.7371181,30.2874815]]]},"properties":{"k":"artpart","name":"Monochrome for Austin","m":"mirror","b":5.91,"h":6.6}},{"type":"Feature","geometry":{"type":"Polygon","coordinates":[[[-97.7371168,30.287481],[-97.737108,30.2874796],[-97.7371069,30.2874847],[-97.7371157,30.2874861],[-97.7371168,30.287481]]]},"properties":{"k":"artpart","name":"Monochrome for Austin","m":"mirror","b":6.04,"h":6.74}},{"type":"Feature","geometry":{"type":"Polygon","coordinates":[[[-97.7371154,30.2874806],[-97.7371066,30.2874791],[-97.7371054,30.2874847],[-97.7371142,30.2874861],[-97.7371154,30.2874806]]]},"properties":{"k":"artpart","name":"Monochrome for Austin","m":"mirror","b":6.17,"h":6.87}},{"type":"Feature","geometry":{"type":"Polygon","coordinates":[[[-97.737114,30.2874801],[-97.7371053,30.2874787],[-97.737104,30.2874847],[-97.7371127,30.2874861],[-97.737114,30.2874801]]]},"properties":{"k":"artpart","name":"Monochrome for Austin","m":"mirror","b":6.31,"h":7.0}},{"type":"Feature","geometry":{"type":"Polygon","coordinates":[[[-97.7371127,30.2874797],[-97.7371039,30.2874782],[-97.7371025,30.2874847],[-97.7371113,30.2874861],[-97.7371127,30.2874797]]]},"properties":{"k":"artpart","name":"Monochrome for Austin","m":"mirror","b":6.44,"h":7.13}},{"type":"Feature","geometry":{"type":"Polygon","coordinates":[[[-97.7371113,30.2874792],[-97.7371025,30.2874778],[-97.737101,30.2874846],[-97.7371098,30.2874861],[-97.7371113,30.2874792]]]},"properties":{"k":"artpart","name":"Monochrome for Austin","m":"mirror","b":6.57,"h":7.27}},{"type":"Feature","geometry":{"type":"Polygon","coordinates":[[[-97.7371099,30.287479],[-97.7371011,30.2874776],[-97.7370996,30.2874844],[-97.7371084,30.2874858],[-97.7371099,30.287479]]]},"properties":{"k":"artpart","name":"Monochrome for Austin","m":"mirror","b":6.71,"h":7.4}},{"type":"Feature","geometry":{"type":"Polygon","coordinates":[[[-97.7371084,30.287479],[-97.7370996,30.2874776],[-97.7370982,30.287484],[-97.737107,30.2874854],[-97.7371084,30.287479]]]},"properties":{"k":"artpart","name":"Monochrome for Austin","m":"mirror","b":6.84,"h":7.53}},{"type":"Feature","geometry":{"type":"Polygon","coordinates":[[[-97.737107,30.287479],[-97.7370982,30.2874775],[-97.7370969,30.2874835],[-97.7371057,30.287485],[-97.737107,30.287479]]]},"properties":{"k":"artpart","name":"Monochrome for Austin","m":"mirror","b":6.97,"h":7.67}},{"type":"Feature","geometry":{"type":"Polygon","coordinates":[[[-97.7371055,30.287479],[-97.7370967,30.2874775],[-97.7370955,30.2874831],[-97.7371043,30.2874845],[-97.7371055,30.287479]]]},"properties":{"k":"artpart","name":"Monochrome for Austin","m":"mirror","b":7.11,"h":7.8}},{"type":"Feature","geometry":{"type":"Polygon","coordinates":[[[-97.737104,30.2874789],[-97.7370953,30.2874775],[-97.7370941,30.2874826],[-97.7371029,30.2874841],[-97.737104,30.2874789]]]},"properties":{"k":"artpart","name":"Monochrome for Austin","m":"mirror","b":7.24,"h":7.93}},{"type":"Feature","geometry":{"type":"Polygon","coordinates":[[[-97.7371026,30.2874789],[-97.7370938,30.2874775],[-97.7370928,30.2874822],[-97.7371015,30.2874836],[-97.7371026,30.2874789]]]},"properties":{"k":"artpart","name":"Monochrome for Austin","m":"mirror","b":7.37,"h":8.07}},{"type":"Feature","geometry":{"type":"Polygon","coordinates":[[[-97.7371011,30.2874789],[-97.7370923,30.2874775],[-97.7370914,30.2874817],[-97.7371002,30.2874832],[-97.7371011,30.2874789]]]},"properties":{"k":"artpart","name":"Monochrome for Austin","m":"mirror","b":7.51,"h":8.2}},{"type":"Feature","geometry":{"type":"Polygon","coordinates":[[[-97.7370996,30.2874789],[-97.7370909,30.2874775],[-97.73709,30.2874813],[-97.7370988,30.2874827],[-97.7370996,30.2874789]]]},"properties":{"k":"artpart","name":"Monochrome for Austin","m":"mirror","b":7.64,"h":8.33}},{"type":"Feature","geometry":{"type":"Polygon","coordinates":[[[-97.7370982,30.2874789],[-97.7370894,30.2874774],[-97.7370887,30.2874808],[-97.7370974,30.2874823],[-97.7370982,30.2874789]]]},"properties":{"k":"artpart","name":"Monochrome for Austin","m":"mirror","b":7.77,"h":8.47}},{"type":"Feature","geometry":{"type":"Polygon","coordinates":[[[-97.7370348,30.2874445],[-97.7370433,30.2874476],[-97.7370449,30.2874444],[-97.7370363,30.2874413],[-97.7370348,30.2874445]]]},"properties":{"k":"artpart","name":"Monochrome for Austin","m":"alum","b":7.04,"h":7.65}},{"type":"Feature","geometry":{"type":"Polygon","coordinates":[[[-97.7370363,30.2874453],[-97.7370449,30.2874484],[-97.7370466,30.2874447],[-97.7370381,30.2874416],[-97.7370363,30.2874453]]]},"properties":{"k":"artpart","name":"Monochrome for Austin","m":"alum","b":7.16,"h":7.77}},{"type":"Feature","geometry":{"type":"Polygon","coordinates":[[[-97.7370379,30.2874461],[-97.7370464,30.2874492],[-97.7370484,30.2874451],[-97.7370398,30.287442],[-97.7370379,30.2874461]]]},"properties":{"k":"artpart","name":"Monochrome for Austin","m":"alum","b":7.28,"h":7.89}},{"type":"Feature","geometry":{"type":"Polygon","coordinates":[[[-97.7370394,30.2874469],[-97.7370479,30.28745],[-97.7370501,30.2874455],[-97.7370416,30.2874424],[-97.7370394,30.2874469]]]},"properties":{"k":"artpart","name":"Monochrome for Austin","m":"alum","b":7.4,"h":8.01}},{"type":"Feature","geometry":{"type":"Polygon","coordinates":[[[-97.7370409,30.2874477],[-97.7370495,30.2874508],[-97.7370519,30.2874459],[-97.7370433,30.2874428],[-97.7370409,30.2874477]]]},"properties":{"k":"artpart","name":"Monochrome for Austin","m":"alum","b":7.52,"h":8.12}},{"type":"Feature","geometry":{"type":"Polygon","coordinates":[[[-97.7370425,30.2874485],[-97.737051,30.2874516],[-97.7370536,30.2874462],[-97.737045,30.2874432],[-97.7370425,30.2874485]]]},"properties":{"k":"artpart","name":"Monochrome for Austin","m":"alum","b":7.63,"h":8.24}},{"type":"Feature","geometry":{"type":"Polygon","coordinates":[[[-97.737044,30.2874493],[-97.7370525,30.2874524],[-97.7370553,30.2874466],[-97.7370468,30.2874435],[-97.737044,30.2874493]]]},"properties":{"k":"artpart","name":"Monochrome for Austin","m":"alum","b":7.75,"h":8.36}},{"type":"Feature","geometry":{"type":"Polygon","coordinates":[[[-97.7370455,30.2874501],[-97.7370541,30.2874532],[-97.7370571,30.287447],[-97.7370485,30.2874439],[-97.7370455,30.2874501]]]},"properties":{"k":"artpart","name":"Monochrome for Austin","m":"alum","b":7.87,"h":8.48}},{"type":"Feature","geometry":{"type":"Polygon","coordinates":[[[-97.7370471,30.2874509],[-97.7370556,30.287454],[-97.7370588,30.2874474],[-97.7370503,30.2874443],[-97.7370471,30.2874509]]]},"properties":{"k":"artpart","name":"Monochrome for Austin","m":"alum","b":7.99,"h":8.6}},{"type":"Feature","geometry":{"type":"Polygon","coordinates":[[[-97.7370488,30.2874513],[-97.7370574,30.2874544],[-97.7370604,30.2874482],[-97.7370518,30.2874451],[-97.7370488,30.2874513]]]},"properties":{"k":"artpart","name":"Monochrome for Austin","m":"alum","b":8.11,"h":8.71}},{"type":"Feature","geometry":{"type":"Polygon","coordinates":[[[-97.7370505,30.2874517],[-97.7370591,30.2874548],[-97.7370619,30.287449],[-97.7370533,30.2874459],[-97.7370505,30.2874517]]]},"properties":{"k":"artpart","name":"Monochrome for Austin","m":"alum","b":8.22,"h":8.83}},{"type":"Feature","geometry":{"type":"Polygon","coordinates":[[[-97.7370523,30.2874521],[-97.7370608,30.2874551],[-97.7370634,30.2874498],[-97.7370549,30.2874467],[-97.7370523,30.2874521]]]},"properties":{"k":"artpart","name":"Monochrome for Austin","m":"alum","b":8.34,"h":8.95}},{"type":"Feature","geometry":{"type":"Polygon","coordinates":[[[-97.737054,30.2874524],[-97.7370626,30.2874555],[-97.737065,30.2874506],[-97.7370564,30.2874475],[-97.737054,30.2874524]]]},"properties":{"k":"artpart","name":"Monochrome for Austin","m":"alum","b":8.46,"h":9.07}},{"type":"Feature","geometry":{"type":"Polygon","coordinates":[[[-97.7370558,30.2874528],[-97.7370643,30.2874559],[-97.7370665,30.2874514],[-97.737058,30.2874483],[-97.7370558,30.2874528]]]},"properties":{"k":"artpart","name":"Monochrome for Austin","m":"alum","b":8.58,"h":9.19}},{"type":"Feature","geometry":{"type":"Polygon","coordinates":[[[-97.7370575,30.2874532],[-97.7370661,30.2874563],[-97.737068,30.2874522],[-97.7370595,30.2874491],[-97.7370575,30.2874532]]]},"properties":{"k":"artpart","name":"Monochrome for Austin","m":"alum","b":8.7,"h":9.3}},{"type":"Feature","geometry":{"type":"Polygon","coordinates":[[[-97.7370593,30.2874536],[-97.7370678,30.2874567],[-97.7370696,30.287453],[-97.737061,30.2874499],[-97.7370593,30.2874536]]]},"properties":{"k":"artpart","name":"Monochrome for Austin","m":"alum","b":8.81,"h":9.42}},{"type":"Feature","geometry":{"type":"Polygon","coordinates":[[[-97.737061,30.2874539],[-97.7370696,30.287457],[-97.7370711,30.2874538],[-97.7370626,30.2874507],[-97.737061,30.2874539]]]},"properties":{"k":"artpart","name":"Monochrome for Austin","m":"alum","b":8.93,"h":9.54}},{"type":"Feature","geometry":{"type":"Polygon","coordinates":[[[-97.7371086,30.2875128],[-97.737107,30.2875043],[-97.7371031,30.2875048],[-97.7371046,30.2875134],[-97.7371086,30.2875128]]]},"properties":{"k":"artpart","name":"Monochrome for Austin","m":"alum","b":11.57,"h":12.11}},{"type":"Feature","geometry":{"type":"Polygon","coordinates":[[[-97.7371085,30.2875106],[-97.7371069,30.287502],[-97.7371024,30.2875026],[-97.7371039,30.2875112],[-97.7371085,30.2875106]]]},"properties":{"k":"artpart","name":"Monochrome for Austin","m":"alum","b":11.67,"h":12.22}},{"type":"Feature","geometry":{"type":"Polygon","coordinates":[[[-97.7371084,30.2875084],[-97.7371068,30.2874998],[-97.7371017,30.2875005],[-97.7371033,30.2875091],[-97.7371084,30.2875084]]]},"properties":{"k":"artpart","name":"Monochrome for Austin","m":"alum","b":11.78,"h":12.33}},{"type":"Feature","geometry":{"type":"Polygon","coordinates":[[[-97.7371083,30.2875062],[-97.7371067,30.2874976],[-97.737101,30.2874984],[-97.7371026,30.2875069],[-97.7371083,30.2875062]]]},"properties":{"k":"artpart","name":"Monochrome for Austin","m":"alum","b":11.89,"h":12.44}},{"type":"Feature","geometry":{"type":"Polygon","coordinates":[[[-97.7371081,30.287504],[-97.7371066,30.2874954],[-97.7371004,30.2874962],[-97.7371019,30.2875048],[-97.7371081,30.287504]]]},"properties":{"k":"artpart","name":"Monochrome for Austin","m":"alum","b":12.0,"h":12.55}},{"type":"Feature","geometry":{"type":"Polygon","coordinates":[[[-97.737108,30.2875017],[-97.7371065,30.2874932],[-97.7370997,30.2874941],[-97.7371012,30.2875026],[-97.737108,30.2875017]]]},"properties":{"k":"artpart","name":"Monochrome for Austin","m":"alum","b":12.11,"h":12.65}},{"type":"Feature","geometry":{"type":"Polygon","coordinates":[[[-97.7371079,30.2874995],[-97.7371064,30.2874909],[-97.737099,30.2874919],[-97.7371006,30.2875005],[-97.7371079,30.2874995]]]},"properties":{"k":"artpart","name":"Monochrome for Austin","m":"alum","b":12.22,"h":12.76}},{"type":"Feature","geometry":{"type":"Polygon","coordinates":[[[-97.7371078,30.2874973],[-97.7371063,30.2874887],[-97.7370983,30.2874898],[-97.7370999,30.2874983],[-97.7371078,30.2874973]]]},"properties":{"k":"artpart","name":"Monochrome for Austin","m":"alum","b":12.33,"h":12.87}},{"type":"Feature","geometry":{"type":"Polygon","coordinates":[[[-97.7371074,30.2874951],[-97.7371059,30.2874865],[-97.737098,30.2874876],[-97.7370995,30.2874962],[-97.7371074,30.2874951]]]},"properties":{"k":"artpart","name":"Monochrome for Austin","m":"alum","b":12.43,"h":12.98}},{"type":"Feature","geometry":{"type":"Polygon","coordinates":[[[-97.7371068,30.287493],[-97.7371052,30.2874844],[-97.7370978,30.2874854],[-97.7370994,30.2874939],[-97.7371068,30.287493]]]},"properties":{"k":"artpart","name":"Monochrome for Austin","m":"alum","b":12.54,"h":13.09}},{"type":"Feature","geometry":{"type":"Polygon","coordinates":[[[-97.7371061,30.2874908],[-97.7371045,30.2874822],[-97.7370977,30.2874831],[-97.7370993,30.2874917],[-97.7371061,30.2874908]]]},"properties":{"k":"artpart","name":"Monochrome for Austin","m":"alum","b":12.65,"h":13.2}},{"type":"Feature","geometry":{"type":"Polygon","coordinates":[[[-97.7371054,30.2874887],[-97.7371039,30.2874801],[-97.7370976,30.2874809],[-97.7370992,30.2874895],[-97.7371054,30.2874887]]]},"properties":{"k":"artpart","name":"Monochrome for Austin","m":"alum","b":12.76,"h":13.31}},{"type":"Feature","geometry":{"type":"Polygon","coordinates":[[[-97.7371047,30.2874865],[-97.7371032,30.2874779],[-97.7370975,30.2874787],[-97.7370991,30.2874873],[-97.7371047,30.2874865]]]},"properties":{"k":"artpart","name":"Monochrome for Austin","m":"alum","b":12.87,"h":13.41}},{"type":"Feature","geometry":{"type":"Polygon","coordinates":[[[-97.7371041,30.2874844],[-97.7371025,30.2874758],[-97.7370974,30.2874765],[-97.7370989,30.2874851],[-97.7371041,30.2874844]]]},"properties":{"k":"artpart","name":"Monochrome for Austin","m":"alum","b":12.98,"h":13.52}},{"type":"Feature","geometry":{"type":"Polygon","coordinates":[[[-97.7371034,30.2874822],[-97.7371018,30.2874737],[-97.7370973,30.2874743],[-97.7370988,30.2874828],[-97.7371034,30.2874822]]]},"properties":{"k":"artpart","name":"Monochrome for Austin","m":"alum","b":13.08,"h":13.63}},{"type":"Feature","geometry":{"type":"Polygon","coordinates":[[[-97.7371027,30.2874801],[-97.7371012,30.2874715],[-97.7370972,30.287472],[-97.7370987,30.2874806],[-97.7371027,30.2874801]]]},"properties":{"k":"artpart","name":"Monochrome for Austin","m":"alum","b":13.19,"h":13.74}},{"type":"Feature","geometry":{"type":"Polygon","coordinates":[[[-97.7371329,30.2874719],[-97.7371278,30.2874785],[-97.7371311,30.2874804],[-97.7371362,30.2874738],[-97.7371329,30.2874719]]]},"properties":{"k":"artpart","name":"Monochrome for Austin","m":"alum","b":8.34,"h":8.97}},{"type":"Feature","geometry":{"type":"Polygon","coordinates":[[[-97.7371318,30.2874731],[-97.7371267,30.2874796],[-97.7371303,30.2874817],[-97.7371354,30.2874751],[-97.7371318,30.2874731]]]},"properties":{"k":"artpart","name":"Monochrome for Austin","m":"alum","b":8.46,"h":9.09}},{"type":"Feature","geometry":{"type":"Polygon","coordinates":[[[-97.7371307,30.2874742],[-97.7371257,30.2874808],[-97.7371295,30.287483],[-97.7371346,30.2874764],[-97.7371307,30.2874742]]]},"properties":{"k":"artpart","name":"Monochrome for Austin","m":"alum","b":8.59,"h":9.21}},{"type":"Feature","geometry":{"type":"Polygon","coordinates":[[[-97.7371297,30.2874753],[-97.7371246,30.2874819],[-97.7371287,30.2874843],[-97.7371338,30.2874777],[-97.7371297,30.2874753]]]},"properties":{"k":"artpart","name":"Monochrome for Austin","m":"alum","b":8.71,"h":9.34}},{"type":"Feature","geometry":{"type":"Polygon","coordinates":[[[-97.7371286,30.2874764],[-97.7371235,30.287483],[-97.7371279,30.2874856],[-97.737133,30.287479],[-97.7371286,30.2874764]]]},"properties":{"k":"artpart","name":"Monochrome for Austin","m":"alum","b":8.83,"h":9.46}},{"type":"Feature","geometry":{"type":"Polygon","coordinates":[[[-97.7371275,30.2874776],[-97.7371224,30.2874842],[-97.7371271,30.2874869],[-97.7371322,30.2874803],[-97.7371275,30.2874776]]]},"properties":{"k":"artpart","name":"Monochrome for Austin","m":"alum","b":8.95,"h":9.58}},{"type":"Feature","geometry":{"type":"Polygon","coordinates":[[[-97.7371264,30.2874787],[-97.7371213,30.2874853],[-97.7371263,30.2874882],[-97.7371314,30.2874816],[-97.7371264,30.2874787]]]},"properties":{"k":"artpart","name":"Monochrome for Austin","m":"alum","b":9.08,"h":9.7}},{"type":"Feature","geometry":{"type":"Polygon","coordinates":[[[-97.7371253,30.2874798],[-97.7371202,30.2874864],[-97.7371255,30.2874895],[-97.7371306,30.2874829],[-97.7371253,30.2874798]]]},"properties":{"k":"artpart","name":"Monochrome for Austin","m":"alum","b":9.2,"h":9.83}},{"type":"Feature","geometry":{"type":"Polygon","coordinates":[[[-97.7371242,30.287481],[-97.7371191,30.2874876],[-97.7371248,30.2874908],[-97.7371298,30.2874842],[-97.7371242,30.287481]]]},"properties":{"k":"artpart","name":"Monochrome for Austin","m":"alum","b":9.32,"h":9.95}},{"type":"Feature","geometry":{"type":"Polygon","coordinates":[[[-97.7371232,30.2874821],[-97.7371181,30.2874887],[-97.737124,30.2874921],[-97.7371291,30.2874855],[-97.7371232,30.2874821]]]},"properties":{"k":"artpart","name":"Monochrome for Austin","m":"alum","b":9.44,"h":10.07}},{"type":"Feature","geometry":{"type":"Polygon","coordinates":[[[-97.7371221,30.2874832],[-97.737117,30.2874898],[-97.7371232,30.2874934],[-97.7371283,30.2874868],[-97.7371221,30.2874832]]]},"properties":{"k":"artpart","name":"Monochrome for Austin","m":"alum","b":9.57,"h":10.19}},{"type":"Feature","geometry":{"type":"Polygon","coordinates":[[[-97.737121,30.2874843],[-97.7371159,30.2874909],[-97.7371224,30.2874947],[-97.7371275,30.2874881],[-97.737121,30.2874843]]]},"properties":{"k":"artpart","name":"Monochrome for Austin","m":"alum","b":9.69,"h":10.32}},{"type":"Feature","geometry":{"type":"Polygon","coordinates":[[[-97.7371199,30.2874855],[-97.7371148,30.2874921],[-97.7371216,30.287496],[-97.7371267,30.2874894],[-97.7371199,30.2874855]]]},"properties":{"k":"artpart","name":"Monochrome for Austin","m":"alum","b":9.81,"h":10.44}},{"type":"Feature","geometry":{"type":"Polygon","coordinates":[[[-97.737119,30.2874867],[-97.7371139,30.2874933],[-97.7371207,30.2874972],[-97.7371257,30.2874906],[-97.737119,30.2874867]]]},"properties":{"k":"artpart","name":"Monochrome for Austin","m":"alum","b":9.93,"h":10.56}},{"type":"Feature","geometry":{"type":"Polygon","coordinates":[[[-97.7371182,30.287488],[-97.7371131,30.2874946],[-97.7371196,30.2874983],[-97.7371247,30.2874917],[-97.7371182,30.287488]]]},"properties":{"k":"artpart","name":"Monochrome for Austin","m":"alum","b":10.06,"h":10.68}},{"type":"Feature","geometry":{"type":"Polygon","coordinates":[[[-97.7371174,30.2874893],[-97.7371123,30.2874959],[-97.7371185,30.2874994],[-97.7371236,30.2874929],[-97.7371174,30.2874893]]]},"properties":{"k":"artpart","name":"Monochrome for Austin","m":"alum","b":10.18,"h":10.81}},{"type":"Feature","geometry":{"type":"Polygon","coordinates":[[[-97.7371166,30.2874906],[-97.7371115,30.2874972],[-97.7371174,30.2875006],[-97.7371225,30.287494],[-97.7371166,30.2874906]]]},"properties":{"k":"artpart","name":"Monochrome for Austin","m":"alum","b":10.3,"h":10.93}},{"type":"Feature","geometry":{"type":"Polygon","coordinates":[[[-97.7371158,30.2874919],[-97.7371107,30.2874985],[-97.7371163,30.2875017],[-97.7371214,30.2874951],[-97.7371158,30.2874919]]]},"properties":{"k":"artpart","name":"Monochrome for Austin","m":"alum","b":10.42,"h":11.05}},{"type":"Feature","geometry":{"type":"Polygon","coordinates":[[[-97.737115,30.2874932],[-97.7371099,30.2874998],[-97.7371152,30.2875028],[-97.7371203,30.2874962],[-97.737115,30.2874932]]]},"properties":{"k":"artpart","name":"Monochrome for Austin","m":"alum","b":10.55,"h":11.17}},{"type":"Feature","geometry":{"type":"Polygon","coordinates":[[[-97.7371142,30.2874945],[-97.7371091,30.2875011],[-97.7371142,30.287504],[-97.7371192,30.2874974],[-97.7371142,30.2874945]]]},"properties":{"k":"artpart","name":"Monochrome for Austin","m":"alum","b":10.67,"h":11.3}},{"type":"Feature","geometry":{"type":"Polygon","coordinates":[[[-97.7371134,30.2874958],[-97.7371083,30.2875024],[-97.7371131,30.2875051],[-97.7371182,30.2874985],[-97.7371134,30.2874958]]]},"properties":{"k":"artpart","name":"Monochrome for Austin","m":"alum","b":10.79,"h":11.42}},{"type":"Feature","geometry":{"type":"Polygon","coordinates":[[[-97.7371126,30.2874971],[-97.7371076,30.2875037],[-97.737112,30.2875062],[-97.7371171,30.2874996],[-97.7371126,30.2874971]]]},"properties":{"k":"artpart","name":"Monochrome for Austin","m":"alum","b":10.91,"h":11.54}},{"type":"Feature","geometry":{"type":"Polygon","coordinates":[[[-97.7371119,30.2874984],[-97.7371068,30.287505],[-97.7371109,30.2875074],[-97.737116,30.2875008],[-97.7371119,30.2874984]]]},"properties":{"k":"artpart","name":"Monochrome for Austin","m":"alum","b":11.04,"h":11.66}},{"type":"Feature","geometry":{"type":"Polygon","coordinates":[[[-97.7371111,30.2874997],[-97.737106,30.2875063],[-97.7371098,30.2875085],[-97.7371149,30.2875019],[-97.7371111,30.2874997]]]},"properties":{"k":"artpart","name":"Monochrome for Austin","m":"alum","b":11.16,"h":11.79}},{"type":"Feature","geometry":{"type":"Polygon","coordinates":[[[-97.7371103,30.287501],[-97.7371052,30.2875076],[-97.7371087,30.2875096],[-97.7371138,30.287503],[-97.7371103,30.287501]]]},"properties":{"k":"artpart","name":"Monochrome for Austin","m":"alum","b":11.28,"h":11.91}},{"type":"Feature","geometry":{"type":"Polygon","coordinates":[[[-97.7371095,30.2875023],[-97.7371044,30.2875089],[-97.7371077,30.2875107],[-97.7371127,30.2875041],[-97.7371095,30.2875023]]]},"properties":{"k":"artpart","name":"Monochrome for Austin","m":"alum","b":11.4,"h":12.03}},{"type":"Feature","geometry":{"type":"Polygon","coordinates":[[[-97.7370536,30.287484],[-97.7370553,30.2874738],[-97.737051,30.2874733],[-97.7370494,30.2874835],[-97.7370536,30.287484]]]},"properties":{"k":"artpart","name":"Monochrome for Austin","m":"mirror","b":10.78,"h":11.29}},{"type":"Feature","geometry":{"type":"Polygon","coordinates":[[[-97.7370547,30.2874803],[-97.7370564,30.2874701],[-97.7370511,30.2874695],[-97.7370495,30.2874797],[-97.7370547,30.2874803]]]},"properties":{"k":"artpart","name":"Monochrome for Austin","m":"mirror","b":10.88,"h":11.39}},{"type":"Feature","geometry":{"type":"Polygon","coordinates":[[[-97.7370558,30.2874766],[-97.7370575,30.2874664],[-97.7370512,30.2874656],[-97.7370496,30.2874758],[-97.7370558,30.2874766]]]},"properties":{"k":"artpart","name":"Monochrome for Austin","m":"mirror","b":10.97,"h":11.48}},{"type":"Feature","geometry":{"type":"Polygon","coordinates":[[[-97.737057,30.2874728],[-97.7370586,30.2874627],[-97.7370513,30.2874618],[-97.7370497,30.287472],[-97.737057,30.2874728]]]},"properties":{"k":"artpart","name":"Monochrome for Austin","m":"mirror","b":11.07,"h":11.58}},{"type":"Feature","geometry":{"type":"Polygon","coordinates":[[[-97.7370581,30.2874691],[-97.7370597,30.2874589],[-97.7370514,30.287458],[-97.7370498,30.2874681],[-97.7370581,30.2874691]]]},"properties":{"k":"artpart","name":"Monochrome for Austin","m":"mirror","b":11.16,"h":11.68}},{"type":"Feature","geometry":{"type":"Polygon","coordinates":[[[-97.7370582,30.2874653],[-97.7370598,30.2874551],[-97.7370525,30.2874542],[-97.7370509,30.2874644],[-97.7370582,30.2874653]]]},"properties":{"k":"artpart","name":"Monochrome for Austin","m":"mirror","b":11.26,"h":11.77}},{"type":"Feature","geometry":{"type":"Polygon","coordinates":[[[-97.7370583,30.2874614],[-97.7370599,30.2874512],[-97.7370537,30.2874505],[-97.737052,30.2874607],[-97.7370583,30.2874614]]]},"properties":{"k":"artpart","name":"Monochrome for Austin","m":"mirror","b":11.35,"h":11.87}},{"type":"Feature","geometry":{"type":"Polygon","coordinates":[[[-97.7370584,30.2874576],[-97.73706,30.2874474],[-97.7370548,30.2874468],[-97.7370531,30.287457],[-97.7370584,30.2874576]]]},"properties":{"k":"artpart","name":"Monochrome for Austin","m":"mirror","b":11.45,"h":11.96}},{"type":"Feature","geometry":{"type":"Polygon","coordinates":[[[-97.7370585,30.2874537],[-97.7370601,30.2874436],[-97.7370559,30.2874431],[-97.7370542,30.2874532],[-97.7370585,30.2874537]]]},"properties":{"k":"artpart","name":"Monochrome for Austin","m":"mirror","b":11.55,"h":12.06}},{"type":"Feature","geometry":{"type":"Polygon","coordinates":[[[-97.737056,30.2874359],[-97.7370682,30.2874336],[-97.7370673,30.28743],[-97.7370551,30.2874323],[-97.737056,30.2874359]]]},"properties":{"k":"artpart","name":"Monochrome for Austin","m":"alum","b":7.0,"h":7.51}},{"type":"Feature","geometry":{"type":"Polygon","coordinates":[[[-97.737061,30.2874354],[-97.7370733,30.2874332],[-97.7370722,30.2874287],[-97.7370599,30.2874309],[-97.737061,30.2874354]]]},"properties":{"k":"artpart","name":"Monochrome for Austin","m":"alum","b":7.09,"h":7.6}},{"type":"Feature","geometry":{"type":"Polygon","coordinates":[[[-97.737066,30.2874349],[-97.7370783,30.2874327],[-97.737077,30.2874274],[-97.7370647,30.2874296],[-97.737066,30.2874349]]]},"properties":{"k":"artpart","name":"Monochrome for Austin","m":"alum","b":7.19,"h":7.7}},{"type":"Feature","geometry":{"type":"Polygon","coordinates":[[[-97.7370711,30.2874345],[-97.7370833,30.2874322],[-97.7370818,30.2874261],[-97.7370696,30.2874283],[-97.7370711,30.2874345]]]},"properties":{"k":"artpart","name":"Monochrome for Austin","m":"alum","b":7.28,"h":7.79}},{"type":"Feature","geometry":{"type":"Polygon","coordinates":[[[-97.7370761,30.287434],[-97.7370883,30.2874318],[-97.7370866,30.2874247],[-97.7370744,30.287427],[-97.7370761,30.287434]]]},"properties":{"k":"artpart","name":"Monochrome for Austin","m":"alum","b":7.38,"h":7.89}},{"type":"Feature","geometry":{"type":"Polygon","coordinates":[[[-97.7370809,30.2874327],[-97.7370932,30.2874304],[-97.7370917,30.2874243],[-97.7370794,30.2874265],[-97.7370809,30.2874327]]]},"properties":{"k":"artpart","name":"Monochrome for Austin","m":"alum","b":7.47,"h":7.98}},{"type":"Feature","geometry":{"type":"Polygon","coordinates":[[[-97.7370857,30.2874313],[-97.737098,30.2874291],[-97.7370967,30.2874238],[-97.7370844,30.287426],[-97.7370857,30.2874313]]]},"properties":{"k":"artpart","name":"Monochrome for Austin","m":"alum","b":7.57,"h":8.08}},{"type":"Feature","geometry":{"type":"Polygon","coordinates":[[[-97.7370906,30.28743],[-97.7371028,30.2874278],[-97.7371017,30.2874233],[-97.7370895,30.2874256],[-97.7370906,30.28743]]]},"properties":{"k":"artpart","name":"Monochrome for Austin","m":"alum","b":7.67,"h":8.18}},{"type":"Feature","geometry":{"type":"Polygon","coordinates":[[[-97.7370954,30.2874287],[-97.7371076,30.2874265],[-97.7371068,30.2874229],[-97.7370945,30.2874251],[-97.7370954,30.2874287]]]},"properties":{"k":"artpart","name":"Monochrome for Austin","m":"alum","b":7.76,"h":8.27}},{"type":"Feature","geometry":{"type":"Polygon","coordinates":[[[-97.7370612,30.2874407],[-97.7370695,30.2874482],[-97.7370726,30.2874457],[-97.7370643,30.2874382],[-97.7370612,30.2874407]]]},"properties":{"k":"artpart","name":"Monochrome for Austin","m":"alum","b":11.39,"h":11.9}},{"type":"Feature","geometry":{"type":"Polygon","coordinates":[[[-97.737064,30.2874438],[-97.7370723,30.2874514],[-97.737076,30.2874483],[-97.7370677,30.2874408],[-97.737064,30.2874438]]]},"properties":{"k":"artpart","name":"Monochrome for Austin","m":"alum","b":11.49,"h":12.01}},{"type":"Feature","geometry":{"type":"Polygon","coordinates":[[[-97.7370668,30.2874469],[-97.7370751,30.2874545],[-97.7370794,30.2874509],[-97.7370712,30.2874433],[-97.7370668,30.2874469]]]},"properties":{"k":"artpart","name":"Monochrome for Austin","m":"alum","b":11.59,"h":12.11}},{"type":"Feature","geometry":{"type":"Polygon","coordinates":[[[-97.7370696,30.28745],[-97.7370778,30.2874576],[-97.7370829,30.2874535],[-97.7370746,30.2874459],[-97.7370696,30.28745]]]},"properties":{"k":"artpart","name":"Monochrome for Austin","m":"alum","b":11.69,"h":12.21}},{"type":"Feature","geometry":{"type":"Polygon","coordinates":[[[-97.7370724,30.2874532],[-97.7370806,30.2874607],[-97.7370863,30.287456],[-97.7370781,30.2874485],[-97.7370724,30.2874532]]]},"properties":{"k":"artpart","name":"Monochrome for Austin","m":"alum","b":11.79,"h":12.31}},{"type":"Feature","geometry":{"type":"Polygon","coordinates":[[[-97.7370755,30.287456],[-97.7370837,30.2874635],[-97.7370894,30.2874589],[-97.7370812,30.2874513],[-97.7370755,30.287456]]]},"properties":{"k":"artpart","name":"Monochrome for Austin","m":"alum","b":11.89,"h":12.41}},{"type":"Feature","geometry":{"type":"Polygon","coordinates":[[[-97.7370789,30.2874586],[-97.7370872,30.2874661],[-97.7370922,30.287462],[-97.737084,30.2874544],[-97.7370789,30.2874586]]]},"properties":{"k":"artpart","name":"Monochrome for Austin","m":"alum","b":12.0,"h":12.51}},{"type":"Feature","geometry":{"type":"Polygon","coordinates":[[[-97.7370824,30.2874611],[-97.7370906,30.2874687],[-97.737095,30.2874651],[-97.7370867,30.2874575],[-97.7370824,30.2874611]]]},"properties":{"k":"artpart","name":"Monochrome for Austin","m":"alum","b":12.1,"h":12.61}},{"type":"Feature","geometry":{"type":"Polygon","coordinates":[[[-97.7370858,30.2874637],[-97.7370941,30.2874712],[-97.7370978,30.2874682],[-97.7370895,30.2874607],[-97.7370858,30.2874637]]]},"properties":{"k":"artpart","name":"Monochrome for Austin","m":"alum","b":12.2,"h":12.71}},{"type":"Feature","geometry":{"type":"Polygon","coordinates":[[[-97.7370893,30.2874663],[-97.7370975,30.2874738],[-97.7371006,30.2874713],[-97.7370923,30.2874638],[-97.7370893,30.2874663]]]},"properties":{"k":"artpart","name":"Monochrome for Austin","m":"alum","b":12.3,"h":12.81}},{"type":"Feature","geometry":{"type":"Polygon","coordinates":[[[-97.7371115,30.2874937],[-97.7371011,30.2874944],[-97.7371014,30.2874979],[-97.7371118,30.2874972],[-97.7371115,30.2874937]]]},"properties":{"k":"artpart","name":"Monochrome for Austin","m":"alum","b":5.77,"h":6.31}},{"type":"Feature","geometry":{"type":"Polygon","coordinates":[[[-97.7371085,30.2874937],[-97.7370981,30.2874944],[-97.7370985,30.2874983],[-97.7371089,30.2874976],[-97.7371085,30.2874937]]]},"properties":{"k":"artpart","name":"Monochrome for Austin","m":"alum","b":5.88,"h":6.41}},{"type":"Feature","geometry":{"type":"Polygon","coordinates":[[[-97.7371055,30.2874936],[-97.7370951,30.2874943],[-97.7370955,30.2874988],[-97.7371059,30.2874981],[-97.7371055,30.2874936]]]},"properties":{"k":"artpart","name":"Monochrome for Austin","m":"alum","b":5.98,"h":6.52}},{"type":"Feature","geometry":{"type":"Polygon","coordinates":[[[-97.7371026,30.2874936],[-97.7370921,30.2874943],[-97.7370926,30.2874992],[-97.737103,30.2874985],[-97.7371026,30.2874936]]]},"properties":{"k":"artpart","name":"Monochrome for Austin","m":"alum","b":6.09,"h":6.62}},{"type":"Feature","geometry":{"type":"Polygon","coordinates":[[[-97.7370996,30.2874935],[-97.7370892,30.2874942],[-97.7370897,30.2874997],[-97.7371001,30.287499],[-97.7370996,30.2874935]]]},"properties":{"k":"artpart","name":"Monochrome for Austin","m":"alum","b":6.2,"h":6.73}},{"type":"Feature","geometry":{"type":"Polygon","coordinates":[[[-97.7370966,30.2874935],[-97.7370862,30.2874942],[-97.7370867,30.2875001],[-97.7370972,30.2874994],[-97.7370966,30.2874935]]]},"properties":{"k":"artpart","name":"Monochrome for Austin","m":"alum","b":6.3,"h":6.83}},{"type":"Feature","geometry":{"type":"Polygon","coordinates":[[[-97.7370936,30.2874934],[-97.7370832,30.2874941],[-97.7370838,30.2875006],[-97.7370942,30.2874999],[-97.7370936,30.2874934]]]},"properties":{"k":"artpart","name":"Monochrome for Austin","m":"alum","b":6.41,"h":6.94}},{"type":"Feature","geometry":{"type":"Polygon","coordinates":[[[-97.7370907,30.2874934],[-97.7370802,30.2874941],[-97.7370809,30.287501],[-97.7370913,30.2875003],[-97.7370907,30.2874934]]]},"properties":{"k":"artpart","name":"Monochrome for Austin","m":"alum","b":6.51,"h":7.05}},{"type":"Feature","geometry":{"type":"Polygon","coordinates":[[[-97.7370877,30.2874936],[-97.7370773,30.2874943],[-97.7370779,30.2875012],[-97.7370883,30.2875005],[-97.7370877,30.2874936]]]},"properties":{"k":"artpart","name":"Monochrome for Austin","m":"alum","b":6.62,"h":7.15}},{"type":"Feature","geometry":{"type":"Polygon","coordinates":[[[-97.7370848,30.287494],[-97.7370744,30.2874947],[-97.7370749,30.2875012],[-97.7370854,30.2875005],[-97.7370848,30.287494]]]},"properties":{"k":"artpart","name":"Monochrome for Austin","m":"alum","b":6.72,"h":7.26}},{"type":"Feature","geometry":{"type":"Polygon","coordinates":[[[-97.7370818,30.2874945],[-97.7370714,30.2874952],[-97.737072,30.2875011],[-97.7370824,30.2875004],[-97.7370818,30.2874945]]]},"properties":{"k":"artpart","name":"Monochrome for Austin","m":"alum","b":6.83,"h":7.36}},{"type":"Feature","geometry":{"type":"Polygon","coordinates":[[[-97.7370789,30.2874949],[-97.7370685,30.2874956],[-97.737069,30.2875011],[-97.7370794,30.2875004],[-97.7370789,30.2874949]]]},"properties":{"k":"artpart","name":"Monochrome for Austin","m":"alum","b":6.94,"h":7.47}},{"type":"Feature","geometry":{"type":"Polygon","coordinates":[[[-97.737076,30.2874954],[-97.7370656,30.2874961],[-97.737066,30.287501],[-97.7370764,30.2875003],[-97.737076,30.2874954]]]},"properties":{"k":"artpart","name":"Monochrome for Austin","m":"alum","b":7.04,"h":7.57}},{"type":"Feature","geometry":{"type":"Polygon","coordinates":[[[-97.7370731,30.2874958],[-97.7370626,30.2874965],[-97.737063,30.287501],[-97.7370735,30.2875003],[-97.7370731,30.2874958]]]},"properties":{"k":"artpart","name":"Monochrome for Austin","m":"alum","b":7.15,"h":7.68}},{"type":"Feature","geometry":{"type":"Polygon","coordinates":[[[-97.7370701,30.2874963],[-97.7370597,30.287497],[-97.7370601,30.2875009],[-97.7370705,30.2875002],[-97.7370701,30.2874963]]]},"properties":{"k":"artpart","name":"Monochrome for Austin","m":"alum","b":7.25,"h":7.79}},{"type":"Feature","geometry":{"type":"Polygon","coordinates":[[[-97.7370672,30.2874967],[-97.7370568,30.2874974],[-97.7370571,30.2875009],[-97.7370675,30.2875002],[-97.7370672,30.2874967]]]},"properties":{"k":"artpart","name":"Monochrome for Austin","m":"alum","b":7.36,"h":7.89}},{"type":"Feature","geometry":{"type":"Polygon","coordinates":[[[-97.7370711,30.2874589],[-97.7370634,30.2874551],[-97.7370614,30.287458],[-97.7370691,30.2874618],[-97.7370711,30.2874589]]]},"properties":{"k":"artpart","name":"Monochrome for Austin","m":"alum","b":7.45,"h":8.17}},{"type":"Feature","geometry":{"type":"Polygon","coordinates":[[[-97.73707,30.2874582],[-97.7370623,30.2874543],[-97.7370601,30.2874575],[-97.7370678,30.2874614],[-97.73707,30.2874582]]]},"properties":{"k":"artpart","name":"Monochrome for Austin","m":"alum","b":7.59,"h":8.31}},{"type":"Feature","geometry":{"type":"Polygon","coordinates":[[[-97.7370688,30.2874574],[-97.7370611,30.2874536],[-97.7370588,30.2874571],[-97.7370665,30.2874609],[-97.7370688,30.2874574]]]},"properties":{"k":"artpart","name":"Monochrome for Austin","m":"alum","b":7.73,"h":8.45}},{"type":"Feature","geometry":{"type":"Polygon","coordinates":[[[-97.7370677,30.2874567],[-97.73706,30.2874529],[-97.7370575,30.2874566],[-97.7370652,30.2874604],[-97.7370677,30.2874567]]]},"properties":{"k":"artpart","name":"Monochrome for Austin","m":"alum","b":7.87,"h":8.59}},{"type":"Feature","geometry":{"type":"Polygon","coordinates":[[[-97.7370666,30.287456],[-97.7370589,30.2874521],[-97.7370562,30.2874561],[-97.7370639,30.28746],[-97.7370666,30.287456]]]},"properties":{"k":"artpart","name":"Monochrome for Austin","m":"alum","b":8.01,"h":8.73}},{"type":"Feature","geometry":{"type":"Polygon","coordinates":[[[-97.7370654,30.2874552],[-97.7370577,30.2874514],[-97.7370549,30.2874556],[-97.7370626,30.2874595],[-97.7370654,30.2874552]]]},"properties":{"k":"artpart","name":"Monochrome for Austin","m":"alum","b":8.15,"h":8.86}},{"type":"Feature","geometry":{"type":"Polygon","coordinates":[[[-97.7370643,30.2874545],[-97.7370566,30.2874507],[-97.7370536,30.2874552],[-97.7370613,30.287459],[-97.7370643,30.2874545]]]},"properties":{"k":"artpart","name":"Monochrome for Austin","m":"alum","b":8.29,"h":9.0}},{"type":"Feature","geometry":{"type":"Polygon","coordinates":[[[-97.7370632,30.2874538],[-97.7370555,30.2874499],[-97.7370523,30.2874547],[-97.73706,30.2874585],[-97.7370632,30.2874538]]]},"properties":{"k":"artpart","name":"Monochrome for Austin","m":"alum","b":8.42,"h":9.14}},{"type":"Feature","geometry":{"type":"Polygon","coordinates":[[[-97.7370621,30.287453],[-97.7370544,30.2874492],[-97.737051,30.2874542],[-97.7370587,30.2874581],[-97.7370621,30.287453]]]},"properties":{"k":"artpart","name":"Monochrome for Austin","m":"alum","b":8.56,"h":9.28}},{"type":"Feature","geometry":{"type":"Polygon","coordinates":[[[-97.7370609,30.2874523],[-97.7370532,30.2874484],[-97.7370497,30.2874538],[-97.7370574,30.2874576],[-97.7370609,30.2874523]]]},"properties":{"k":"artpart","name":"Monochrome for Austin","m":"alum","b":8.7,"h":9.42}},{"type":"Feature","geometry":{"type":"Polygon","coordinates":[[[-97.7370598,30.2874515],[-97.7370521,30.2874477],[-97.7370484,30.2874533],[-97.7370561,30.2874571],[-97.7370598,30.2874515]]]},"properties":{"k":"artpart","name":"Monochrome for Austin","m":"alum","b":8.84,"h":9.56}},{"type":"Feature","geometry":{"type":"Polygon","coordinates":[[[-97.7370587,30.2874508],[-97.737051,30.287447],[-97.7370471,30.2874528],[-97.7370548,30.2874566],[-97.7370587,30.2874508]]]},"properties":{"k":"artpart","name":"Monochrome for Austin","m":"alum","b":8.98,"h":9.69}},{"type":"Feature","geometry":{"type":"Polygon","coordinates":[[[-97.7370576,30.2874501],[-97.7370498,30.2874462],[-97.7370458,30.2874523],[-97.7370535,30.2874562],[-97.7370576,30.2874501]]]},"properties":{"k":"artpart","name":"Monochrome for Austin","m":"alum","b":9.12,"h":9.83}},{"type":"Feature","geometry":{"type":"Polygon","coordinates":[[[-97.7370563,30.2874495],[-97.7370486,30.2874456],[-97.7370446,30.2874517],[-97.7370523,30.2874556],[-97.7370563,30.2874495]]]},"properties":{"k":"artpart","name":"Monochrome for Austin","m":"alum","b":9.25,"h":9.97}},{"type":"Feature","geometry":{"type":"Polygon","coordinates":[[[-97.737055,30.287449],[-97.7370473,30.2874452],[-97.7370434,30.287451],[-97.7370511,30.2874548],[-97.737055,30.287449]]]},"properties":{"k":"artpart","name":"Monochrome for Austin","m":"alum","b":9.39,"h":10.11}},{"type":"Feature","geometry":{"type":"Polygon","coordinates":[[[-97.7370537,30.2874485],[-97.737046,30.2874447],[-97.7370423,30.2874503],[-97.73705,30.2874541],[-97.7370537,30.2874485]]]},"properties":{"k":"artpart","name":"Monochrome for Austin","m":"alum","b":9.53,"h":10.25}},{"type":"Feature","geometry":{"type":"Polygon","coordinates":[[[-97.7370524,30.2874481],[-97.7370447,30.2874442],[-97.7370412,30.2874495],[-97.7370489,30.2874534],[-97.7370524,30.2874481]]]},"properties":{"k":"artpart","name":"Monochrome for Austin","m":"alum","b":9.67,"h":10.39}},{"type":"Feature","geometry":{"type":"Polygon","coordinates":[[[-97.7370511,30.2874476],[-97.7370434,30.2874437],[-97.7370401,30.2874488],[-97.7370478,30.2874526],[-97.7370511,30.2874476]]]},"properties":{"k":"artpart","name":"Monochrome for Austin","m":"alum","b":9.81,"h":10.53}},{"type":"Feature","geometry":{"type":"Polygon","coordinates":[[[-97.7370498,30.2874471],[-97.7370421,30.2874433],[-97.7370389,30.287448],[-97.7370466,30.2874519],[-97.7370498,30.2874471]]]},"properties":{"k":"artpart","name":"Monochrome for Austin","m":"alum","b":9.95,"h":10.66}},{"type":"Feature","geometry":{"type":"Polygon","coordinates":[[[-97.7370485,30.2874466],[-97.7370408,30.2874428],[-97.7370378,30.2874473],[-97.7370455,30.2874511],[-97.7370485,30.2874466]]]},"properties":{"k":"artpart","name":"Monochrome for Austin","m":"alum","b":10.09,"h":10.8}},{"type":"Feature","geometry":{"type":"Polygon","coordinates":[[[-97.7370472,30.2874462],[-97.7370395,30.2874423],[-97.7370367,30.2874466],[-97.7370444,30.2874504],[-97.7370472,30.2874462]]]},"properties":{"k":"artpart","name":"Monochrome for Austin","m":"alum","b":10.22,"h":10.94}},{"type":"Feature","geometry":{"type":"Polygon","coordinates":[[[-97.7370459,30.2874457],[-97.7370382,30.2874419],[-97.7370355,30.2874458],[-97.7370433,30.2874497],[-97.7370459,30.2874457]]]},"properties":{"k":"artpart","name":"Monochrome for Austin","m":"alum","b":10.36,"h":11.08}},{"type":"Feature","geometry":{"type":"Polygon","coordinates":[[[-97.7370446,30.2874452],[-97.7370369,30.2874414],[-97.7370344,30.2874451],[-97.7370421,30.2874489],[-97.7370446,30.2874452]]]},"properties":{"k":"artpart","name":"Monochrome for Austin","m":"alum","b":10.5,"h":11.22}},{"type":"Feature","geometry":{"type":"Polygon","coordinates":[[[-97.7370433,30.2874447],[-97.7370356,30.2874409],[-97.7370333,30.2874444],[-97.737041,30.2874482],[-97.7370433,30.2874447]]]},"properties":{"k":"artpart","name":"Monochrome for Austin","m":"alum","b":10.64,"h":11.36}},{"type":"Feature","geometry":{"type":"Polygon","coordinates":[[[-97.737042,30.2874443],[-97.7370343,30.2874404],[-97.7370322,30.2874436],[-97.7370399,30.2874475],[-97.737042,30.2874443]]]},"properties":{"k":"artpart","name":"Monochrome for Austin","m":"alum","b":10.78,"h":11.49}},{"type":"Feature","geometry":{"type":"Polygon","coordinates":[[[-97.7370407,30.2874438],[-97.737033,30.28744],[-97.737031,30.2874429],[-97.7370387,30.2874467],[-97.7370407,30.2874438]]]},"properties":{"k":"artpart","name":"Monochrome for Austin","m":"alum","b":10.92,"h":11.63}},{"type":"Feature","geometry":{"type":"Polygon","coordinates":[[[-97.7370876,30.2874747],[-97.7370961,30.2874791],[-97.7370981,30.2874762],[-97.7370896,30.2874718],[-97.7370876,30.2874747]]]},"properties":{"k":"artpart","name":"Monochrome for Austin","m":"alum","b":8.32,"h":8.88}},{"type":"Feature","geometry":{"type":"Polygon","coordinates":[[[-97.7370896,30.2874759],[-97.737098,30.2874802],[-97.7371002,30.2874771],[-97.7370917,30.2874728],[-97.7370896,30.2874759]]]},"properties":{"k":"artpart","name":"Monochrome for Austin","m":"alum","b":8.43,"h":8.98}},{"type":"Feature","geometry":{"type":"Polygon","coordinates":[[[-97.7370915,30.287477],[-97.7371,30.2874814],[-97.7371022,30.2874781],[-97.7370938,30.2874737],[-97.7370915,30.287477]]]},"properties":{"k":"artpart","name":"Monochrome for Austin","m":"alum","b":8.54,"h":9.09}},{"type":"Feature","geometry":{"type":"Polygon","coordinates":[[[-97.7370935,30.2874781],[-97.7371019,30.2874825],[-97.7371043,30.287479],[-97.7370959,30.2874747],[-97.7370935,30.2874781]]]},"properties":{"k":"artpart","name":"Monochrome for Austin","m":"alum","b":8.65,"h":9.2}},{"type":"Feature","geometry":{"type":"Polygon","coordinates":[[[-97.7370954,30.2874793],[-97.7371039,30.2874836],[-97.7371064,30.28748],[-97.737098,30.2874756],[-97.7370954,30.2874793]]]},"properties":{"k":"artpart","name":"Monochrome for Austin","m":"alum","b":8.76,"h":9.31}},{"type":"Feature","geometry":{"type":"Polygon","coordinates":[[[-97.7370974,30.2874804],[-97.7371058,30.2874848],[-97.7371085,30.2874809],[-97.7371001,30.2874766],[-97.7370974,30.2874804]]]},"properties":{"k":"artpart","name":"Monochrome for Austin","m":"alum","b":8.87,"h":9.42}},{"type":"Feature","geometry":{"type":"Polygon","coordinates":[[[-97.7370993,30.2874816],[-97.7371078,30.2874859],[-97.7371106,30.2874819],[-97.7371022,30.2874775],[-97.7370993,30.2874816]]]},"properties":{"k":"artpart","name":"Monochrome for Austin","m":"alum","b":8.97,"h":9.53}},{"type":"Feature","geometry":{"type":"Polygon","coordinates":[[[-97.7371013,30.2874827],[-97.7371097,30.2874871],[-97.7371127,30.2874828],[-97.7371042,30.2874784],[-97.7371013,30.2874827]]]},"properties":{"k":"artpart","name":"Monochrome for Austin","m":"alum","b":9.08,"h":9.64}},{"type":"Feature","geometry":{"type":"Polygon","coordinates":[[[-97.7371032,30.2874839],[-97.7371117,30.2874882],[-97.7371148,30.2874837],[-97.7371063,30.2874794],[-97.7371032,30.2874839]]]},"properties":{"k":"artpart","name":"Monochrome for Austin","m":"alum","b":9.19,"h":9.75}},{"type":"Feature","geometry":{"type":"Polygon","coordinates":[[[-97.7371052,30.287485],[-97.7371136,30.2874894],[-97.7371169,30.2874847],[-97.7371084,30.2874803],[-97.7371052,30.287485]]]},"properties":{"k":"artpart","name":"Monochrome for Austin","m":"alum","b":9.3,"h":9.86}},{"type":"Feature","geometry":{"type":"Polygon","coordinates":[[[-97.7371071,30.2874861],[-97.7371156,30.2874905],[-97.737119,30.2874856],[-97.7371105,30.2874813],[-97.7371071,30.2874861]]]},"properties":{"k":"artpart","name":"Monochrome for Austin","m":"alum","b":9.41,"h":9.96}},{"type":"Feature","geometry":{"type":"Polygon","coordinates":[[[-97.7371091,30.2874873],[-97.7371176,30.2874917],[-97.7371211,30.2874866],[-97.7371126,30.2874822],[-97.7371091,30.2874873]]]},"properties":{"k":"artpart","name":"Monochrome for Austin","m":"alum","b":9.52,"h":10.07}},{"type":"Feature","geometry":{"type":"Polygon","coordinates":[[[-97.7371111,30.2874884],[-97.7371195,30.2874928],[-97.7371232,30.2874875],[-97.7371147,30.2874832],[-97.7371111,30.2874884]]]},"properties":{"k":"artpart","name":"Monochrome for Austin","m":"alum","b":9.63,"h":10.18}},{"type":"Feature","geometry":{"type":"Polygon","coordinates":[[[-97.737113,30.2874896],[-97.7371215,30.2874939],[-97.7371252,30.2874885],[-97.7371168,30.2874841],[-97.737113,30.2874896]]]},"properties":{"k":"artpart","name":"Monochrome for Austin","m":"alum","b":9.74,"h":10.29}},{"type":"Feature","geometry":{"type":"Polygon","coordinates":[[[-97.737115,30.2874907],[-97.7371234,30.2874951],[-97.7371273,30.2874894],[-97.7371189,30.287485],[-97.737115,30.2874907]]]},"properties":{"k":"artpart","name":"Monochrome for Austin","m":"alum","b":9.84,"h":10.4}},{"type":"Feature","geometry":{"type":"Polygon","coordinates":[[[-97.7371169,30.2874919],[-97.7371254,30.2874962],[-97.7371294,30.2874904],[-97.737121,30.287486],[-97.7371169,30.2874919]]]},"properties":{"k":"artpart","name":"Monochrome for Austin","m":"alum","b":9.95,"h":10.51}},{"type":"Feature","geometry":{"type":"Polygon","coordinates":[[[-97.7371189,30.287493],[-97.7371273,30.2874974],[-97.7371315,30.2874913],[-97.7371231,30.2874869],[-97.7371189,30.287493]]]},"properties":{"k":"artpart","name":"Monochrome for Austin","m":"alum","b":10.06,"h":10.62}},{"type":"Feature","geometry":{"type":"Polygon","coordinates":[[[-97.7371209,30.287494],[-97.7371293,30.2874984],[-97.7371335,30.2874923],[-97.7371251,30.287488],[-97.7371209,30.287494]]]},"properties":{"k":"artpart","name":"Monochrome for Austin","m":"alum","b":10.17,"h":10.73}},{"type":"Feature","geometry":{"type":"Polygon","coordinates":[[[-97.737123,30.287495],[-97.7371314,30.2874994],[-97.7371355,30.2874935],[-97.737127,30.2874891],[-97.737123,30.287495]]]},"properties":{"k":"artpart","name":"Monochrome for Austin","m":"alum","b":10.28,"h":10.83}},{"type":"Feature","geometry":{"type":"Polygon","coordinates":[[[-97.7371251,30.2874959],[-97.7371335,30.2875003],[-97.7371374,30.2874946],[-97.737129,30.2874903],[-97.7371251,30.2874959]]]},"properties":{"k":"artpart","name":"Monochrome for Austin","m":"alum","b":10.39,"h":10.94}},{"type":"Feature","geometry":{"type":"Polygon","coordinates":[[[-97.7371272,30.2874969],[-97.7371356,30.2875012],[-97.7371394,30.2874958],[-97.7371309,30.2874914],[-97.7371272,30.2874969]]]},"properties":{"k":"artpart","name":"Monochrome for Austin","m":"alum","b":10.5,"h":11.05}},{"type":"Feature","geometry":{"type":"Polygon","coordinates":[[[-97.7371293,30.2874978],[-97.7371377,30.2875022],[-97.7371413,30.2874969],[-97.7371329,30.2874926],[-97.7371293,30.2874978]]]},"properties":{"k":"artpart","name":"Monochrome for Austin","m":"alum","b":10.61,"h":11.16}},{"type":"Feature","geometry":{"type":"Polygon","coordinates":[[[-97.7371313,30.2874988],[-97.7371398,30.2875031],[-97.7371433,30.2874981],[-97.7371349,30.2874937],[-97.7371313,30.2874988]]]},"properties":{"k":"artpart","name":"Monochrome for Austin","m":"alum","b":10.72,"h":11.27}},{"type":"Feature","geometry":{"type":"Polygon","coordinates":[[[-97.7371334,30.2874997],[-97.7371419,30.2875041],[-97.7371453,30.2874992],[-97.7371368,30.2874948],[-97.7371334,30.2874997]]]},"properties":{"k":"artpart","name":"Monochrome for Austin","m":"alum","b":10.82,"h":11.38}},{"type":"Feature","geometry":{"type":"Polygon","coordinates":[[[-97.7371355,30.2875007],[-97.737144,30.287505],[-97.7371472,30.2875003],[-97.7371388,30.287496],[-97.7371355,30.2875007]]]},"properties":{"k":"artpart","name":"Monochrome for Austin","m":"alum","b":10.93,"h":11.49}},{"type":"Feature","geometry":{"type":"Polygon","coordinates":[[[-97.7371376,30.2875016],[-97.7371461,30.287506],[-97.7371492,30.2875015],[-97.7371407,30.2874971],[-97.7371376,30.2875016]]]},"properties":{"k":"artpart","name":"Monochrome for Austin","m":"alum","b":11.04,"h":11.6}},{"type":"Feature","geometry":{"type":"Polygon","coordinates":[[[-97.7371397,30.2875025],[-97.7371482,30.2875069],[-97.7371511,30.2875026],[-97.7371427,30.2874983],[-97.7371397,30.2875025]]]},"properties":{"k":"artpart","name":"Monochrome for Austin","m":"alum","b":11.15,"h":11.71}},{"type":"Feature","geometry":{"type":"Polygon","coordinates":[[[-97.7371418,30.2875035],[-97.7371502,30.2875078],[-97.7371531,30.2875038],[-97.7371446,30.2874994],[-97.7371418,30.2875035]]]},"properties":{"k":"artpart","name":"Monochrome for Austin","m":"alum","b":11.26,"h":11.81}},{"type":"Feature","geometry":{"type":"Polygon","coordinates":[[[-97.7371439,30.2875044],[-97.7371523,30.2875088],[-97.737155,30.2875049],[-97.7371466,30.2875006],[-97.7371439,30.2875044]]]},"properties":{"k":"artpart","name":"Monochrome for Austin","m":"alum","b":11.37,"h":11.92}},{"type":"Feature","geometry":{"type":"Polygon","coordinates":[[[-97.737146,30.2875054],[-97.7371544,30.2875097],[-97.737157,30.2875061],[-97.7371485,30.2875017],[-97.737146,30.2875054]]]},"properties":{"k":"artpart","name":"Monochrome for Austin","m":"alum","b":11.48,"h":12.03}},{"type":"Feature","geometry":{"type":"Polygon","coordinates":[[[-97.7371481,30.2875063],[-97.7371565,30.2875107],[-97.7371589,30.2875072],[-97.7371505,30.2875028],[-97.7371481,30.2875063]]]},"properties":{"k":"artpart","name":"Monochrome for Austin","m":"alum","b":11.59,"h":12.14}},{"type":"Feature","geometry":{"type":"Polygon","coordinates":[[[-97.7371502,30.2875073],[-97.7371586,30.2875116],[-97.7371609,30.2875084],[-97.7371524,30.287504],[-97.7371502,30.2875073]]]},"properties":{"k":"artpart","name":"Monochrome for Austin","m":"alum","b":11.69,"h":12.25}},{"type":"Feature","geometry":{"type":"Polygon","coordinates":[[[-97.7371523,30.2875082],[-97.7371607,30.2875126],[-97.7371628,30.2875095],[-97.7371544,30.2875051],[-97.7371523,30.2875082]]]},"properties":{"k":"artpart","name":"Monochrome for Austin","m":"alum","b":11.8,"h":12.36}},{"type":"Feature","geometry":{"type":"Polygon","coordinates":[[[-97.7371543,30.2875092],[-97.7371628,30.2875135],[-97.7371648,30.2875106],[-97.7371563,30.2875063],[-97.7371543,30.2875092]]]},"properties":{"k":"artpart","name":"Monochrome for Austin","m":"alum","b":11.91,"h":12.47}},{"type":"Feature","geometry":{"type":"Polygon","coordinates":[[[-97.7370805,30.2874647],[-97.7370769,30.2874571],[-97.7370733,30.2874583],[-97.7370769,30.287466],[-97.7370805,30.2874647]]]},"properties":{"k":"artpart","name":"Monochrome for Austin","m":"alum","b":9.91,"h":10.49}},{"type":"Feature","geometry":{"type":"Polygon","coordinates":[[[-97.7370798,30.287463],[-97.7370762,30.2874553],[-97.7370723,30.2874567],[-97.7370759,30.2874644],[-97.7370798,30.287463]]]},"properties":{"k":"artpart","name":"Monochrome for Austin","m":"alum","b":10.03,"h":10.6}},{"type":"Feature","geometry":{"type":"Polygon","coordinates":[[[-97.7370792,30.2874613],[-97.7370756,30.2874536],[-97.7370714,30.2874551],[-97.737075,30.2874627],[-97.7370792,30.2874613]]]},"properties":{"k":"artpart","name":"Monochrome for Austin","m":"alum","b":10.14,"h":10.72}},{"type":"Feature","geometry":{"type":"Polygon","coordinates":[[[-97.7370786,30.2874595],[-97.7370749,30.2874519],[-97.7370704,30.2874535],[-97.7370741,30.2874611],[-97.7370786,30.2874595]]]},"properties":{"k":"artpart","name":"Monochrome for Austin","m":"alum","b":10.26,"h":10.83}},{"type":"Feature","geometry":{"type":"Polygon","coordinates":[[[-97.7370779,30.2874578],[-97.7370743,30.2874502],[-97.7370695,30.2874518],[-97.7370731,30.2874595],[-97.7370779,30.2874578]]]},"properties":{"k":"artpart","name":"Monochrome for Austin","m":"alum","b":10.37,"h":10.94}},{"type":"Feature","geometry":{"type":"Polygon","coordinates":[[[-97.7370773,30.2874561],[-97.7370737,30.2874484],[-97.7370686,30.2874502],[-97.7370722,30.2874579],[-97.7370773,30.2874561]]]},"properties":{"k":"artpart","name":"Monochrome for Austin","m":"alum","b":10.48,"h":11.06}},{"type":"Feature","geometry":{"type":"Polygon","coordinates":[[[-97.7370766,30.2874544],[-97.737073,30.2874467],[-97.7370676,30.2874486],[-97.7370713,30.2874563],[-97.7370766,30.2874544]]]},"properties":{"k":"artpart","name":"Monochrome for Austin","m":"alum","b":10.6,"h":11.17}},{"type":"Feature","geometry":{"type":"Polygon","coordinates":[[[-97.737076,30.2874526],[-97.7370724,30.287445],[-97.7370667,30.287447],[-97.7370703,30.2874546],[-97.737076,30.2874526]]]},"properties":{"k":"artpart","name":"Monochrome for Austin","m":"alum","b":10.71,"h":11.28}},{"type":"Feature","geometry":{"type":"Polygon","coordinates":[[[-97.7370753,30.2874509],[-97.7370717,30.2874433],[-97.7370658,30.2874454],[-97.7370694,30.287453],[-97.7370753,30.2874509]]]},"properties":{"k":"artpart","name":"Monochrome for Austin","m":"alum","b":10.82,"h":11.4}},{"type":"Feature","geometry":{"type":"Polygon","coordinates":[[[-97.7370747,30.2874492],[-97.7370711,30.2874415],[-97.7370648,30.2874437],[-97.7370685,30.2874514],[-97.7370747,30.2874492]]]},"properties":{"k":"artpart","name":"Monochrome for Austin","m":"alum","b":10.94,"h":11.51}},{"type":"Feature","geometry":{"type":"Polygon","coordinates":[[[-97.7370741,30.2874475],[-97.7370704,30.2874398],[-97.7370639,30.2874421],[-97.7370675,30.2874498],[-97.7370741,30.2874475]]]},"properties":{"k":"artpart","name":"Monochrome for Austin","m":"alum","b":11.05,"h":11.63}},{"type":"Feature","geometry":{"type":"Polygon","coordinates":[[[-97.7370734,30.2874457],[-97.7370698,30.2874381],[-97.737063,30.2874405],[-97.7370666,30.2874482],[-97.7370734,30.2874457]]]},"properties":{"k":"artpart","name":"Monochrome for Austin","m":"alum","b":11.17,"h":11.74}},{"type":"Feature","geometry":{"type":"Polygon","coordinates":[[[-97.7370728,30.287444],[-97.7370692,30.2874364],[-97.737062,30.2874389],[-97.7370656,30.2874465],[-97.7370728,30.287444]]]},"properties":{"k":"artpart","name":"Monochrome for Austin","m":"alum","b":11.28,"h":11.85}},{"type":"Feature","geometry":{"type":"Polygon","coordinates":[[[-97.7370721,30.2874423],[-97.7370685,30.2874346],[-97.7370611,30.2874372],[-97.7370647,30.2874449],[-97.7370721,30.2874423]]]},"properties":{"k":"artpart","name":"Monochrome for Austin","m":"alum","b":11.39,"h":11.97}},{"type":"Feature","geometry":{"type":"Polygon","coordinates":[[[-97.7370715,30.2874406],[-97.7370679,30.2874329],[-97.7370602,30.2874356],[-97.7370638,30.2874433],[-97.7370715,30.2874406]]]},"properties":{"k":"artpart","name":"Monochrome for Austin","m":"alum","b":11.51,"h":12.08}},{"type":"Feature","geometry":{"type":"Polygon","coordinates":[[[-97.7370705,30.287439],[-97.7370669,30.2874313],[-97.7370595,30.2874339],[-97.7370631,30.2874416],[-97.7370705,30.287439]]]},"properties":{"k":"artpart","name":"Monochrome for Austin","m":"alum","b":11.62,"h":12.2}},{"type":"Feature","geometry":{"type":"Polygon","coordinates":[[[-97.7370696,30.2874373],[-97.737066,30.2874297],[-97.7370589,30.2874322],[-97.7370625,30.2874398],[-97.7370696,30.2874373]]]},"properties":{"k":"artpart","name":"Monochrome for Austin","m":"alum","b":11.73,"h":12.31}},{"type":"Feature","geometry":{"type":"Polygon","coordinates":[[[-97.7370687,30.2874357],[-97.7370651,30.2874281],[-97.7370582,30.2874305],[-97.7370618,30.2874381],[-97.7370687,30.2874357]]]},"properties":{"k":"artpart","name":"Monochrome for Austin","m":"alum","b":11.85,"h":12.42}},{"type":"Feature","geometry":{"type":"Polygon","coordinates":[[[-97.7370677,30.2874341],[-97.7370641,30.2874264],[-97.7370576,30.2874287],[-97.7370612,30.2874364],[-97.7370677,30.2874341]]]},"properties":{"k":"artpart","name":"Monochrome for Austin","m":"alum","b":11.96,"h":12.54}},{"type":"Feature","geometry":{"type":"Polygon","coordinates":[[[-97.7370668,30.2874325],[-97.7370632,30.2874248],[-97.7370569,30.287427],[-97.7370606,30.2874347],[-97.7370668,30.2874325]]]},"properties":{"k":"artpart","name":"Monochrome for Austin","m":"alum","b":12.08,"h":12.65}},{"type":"Feature","geometry":{"type":"Polygon","coordinates":[[[-97.7370659,30.2874308],[-97.7370623,30.2874232],[-97.7370563,30.2874253],[-97.7370599,30.2874329],[-97.7370659,30.2874308]]]},"properties":{"k":"artpart","name":"Monochrome for Austin","m":"alum","b":12.19,"h":12.76}},{"type":"Feature","geometry":{"type":"Polygon","coordinates":[[[-97.7370649,30.2874292],[-97.7370613,30.2874216],[-97.7370557,30.2874236],[-97.7370593,30.2874312],[-97.7370649,30.2874292]]]},"properties":{"k":"artpart","name":"Monochrome for Austin","m":"alum","b":12.3,"h":12.88}},{"type":"Feature","geometry":{"type":"Polygon","coordinates":[[[-97.737064,30.2874276],[-97.7370604,30.2874199],[-97.737055,30.2874218],[-97.7370586,30.2874295],[-97.737064,30.2874276]]]},"properties":{"k":"artpart","name":"Monochrome for Austin","m":"alum","b":12.42,"h":12.99}},{"type":"Feature","geometry":{"type":"Polygon","coordinates":[[[-97.7370631,30.287426],[-97.7370594,30.2874183],[-97.7370544,30.2874201],[-97.737058,30.2874278],[-97.7370631,30.287426]]]},"properties":{"k":"artpart","name":"Monochrome for Austin","m":"alum","b":12.53,"h":13.11}},{"type":"Feature","geometry":{"type":"Polygon","coordinates":[[[-97.7370621,30.2874244],[-97.7370585,30.2874167],[-97.7370537,30.2874184],[-97.7370573,30.287426],[-97.7370621,30.2874244]]]},"properties":{"k":"artpart","name":"Monochrome for Austin","m":"alum","b":12.64,"h":13.22}},{"type":"Feature","geometry":{"type":"Polygon","coordinates":[[[-97.7370612,30.2874227],[-97.7370576,30.2874151],[-97.7370531,30.2874167],[-97.7370567,30.2874243],[-97.7370612,30.2874227]]]},"properties":{"k":"artpart","name":"Monochrome for Austin","m":"alum","b":12.76,"h":13.33}},{"type":"Feature","geometry":{"type":"Polygon","coordinates":[[[-97.7370603,30.2874211],[-97.7370566,30.2874135],[-97.7370524,30.2874149],[-97.7370561,30.2874226],[-97.7370603,30.2874211]]]},"properties":{"k":"artpart","name":"Monochrome for Austin","m":"alum","b":12.87,"h":13.45}},{"type":"Feature","geometry":{"type":"Polygon","coordinates":[[[-97.7370593,30.2874195],[-97.7370557,30.2874118],[-97.7370518,30.2874132],[-97.7370554,30.2874209],[-97.7370593,30.2874195]]]},"properties":{"k":"artpart","name":"Monochrome for Austin","m":"alum","b":12.99,"h":13.56}},{"type":"Feature","geometry":{"type":"Polygon","coordinates":[[[-97.7370584,30.2874179],[-97.7370548,30.2874102],[-97.7370512,30.2874115],[-97.7370548,30.2874192],[-97.7370584,30.2874179]]]},"properties":{"k":"artpart","name":"Monochrome for Austin","m":"alum","b":13.1,"h":13.67}},{"type":"Feature","geometry":{"type":"Polygon","coordinates":[[[-97.7370826,30.2874687],[-97.7370802,30.2874762],[-97.737084,30.2874771],[-97.7370864,30.2874696],[-97.7370826,30.2874687]]]},"properties":{"k":"artpart","name":"Monochrome for Austin","m":"alum","b":10.48,"h":11.14}},{"type":"Feature","geometry":{"type":"Polygon","coordinates":[[[-97.7370821,30.2874699],[-97.7370797,30.2874775],[-97.7370837,30.2874784],[-97.7370861,30.2874709],[-97.7370821,30.2874699]]]},"properties":{"k":"artpart","name":"Monochrome for Austin","m":"alum","b":10.61,"h":11.27}},{"type":"Feature","geometry":{"type":"Polygon","coordinates":[[[-97.7370815,30.2874712],[-97.7370791,30.2874787],[-97.7370834,30.2874797],[-97.7370858,30.2874722],[-97.7370815,30.2874712]]]},"properties":{"k":"artpart","name":"Monochrome for Austin","m":"alum","b":10.74,"h":11.4}},{"type":"Feature","geometry":{"type":"Polygon","coordinates":[[[-97.737081,30.2874725],[-97.7370786,30.28748],[-97.7370832,30.2874811],[-97.7370855,30.2874735],[-97.737081,30.2874725]]]},"properties":{"k":"artpart","name":"Monochrome for Austin","m":"alum","b":10.86,"h":11.52}},{"type":"Feature","geometry":{"type":"Polygon","coordinates":[[[-97.7370804,30.2874737],[-97.7370781,30.2874813],[-97.7370829,30.2874824],[-97.7370853,30.2874749],[-97.7370804,30.2874737]]]},"properties":{"k":"artpart","name":"Monochrome for Austin","m":"alum","b":10.99,"h":11.65}},{"type":"Feature","geometry":{"type":"Polygon","coordinates":[[[-97.7370799,30.287475],[-97.7370775,30.2874825],[-97.7370826,30.2874837],[-97.737085,30.2874762],[-97.7370799,30.287475]]]},"properties":{"k":"artpart","name":"Monochrome for Austin","m":"alum","b":11.12,"h":11.78}},{"type":"Feature","geometry":{"type":"Polygon","coordinates":[[[-97.7370794,30.2874762],[-97.737077,30.2874838],[-97.7370823,30.287485],[-97.7370847,30.2874775],[-97.7370794,30.2874762]]]},"properties":{"k":"artpart","name":"Monochrome for Austin","m":"alum","b":11.25,"h":11.91}},{"type":"Feature","geometry":{"type":"Polygon","coordinates":[[[-97.7370788,30.2874775],[-97.7370764,30.287485],[-97.737082,30.2874864],[-97.7370844,30.2874788],[-97.7370788,30.2874775]]]},"properties":{"k":"artpart","name":"Monochrome for Austin","m":"alum","b":11.38,"h":12.04}},{"type":"Feature","geometry":{"type":"Polygon","coordinates":[[[-97.7370783,30.2874788],[-97.7370759,30.2874863],[-97.7370818,30.2874877],[-97.7370842,30.2874802],[-97.7370783,30.2874788]]]},"properties":{"k":"artpart","name":"Monochrome for Austin","m":"alum","b":11.51,"h":12.17}},{"type":"Feature","geometry":{"type":"Polygon","coordinates":[[[-97.7370777,30.28748],[-97.7370753,30.2874876],[-97.7370815,30.287489],[-97.7370839,30.2874815],[-97.7370777,30.28748]]]},"properties":{"k":"artpart","name":"Monochrome for Austin","m":"alum","b":11.64,"h":12.3}},{"type":"Feature","geometry":{"type":"Polygon","coordinates":[[[-97.7370772,30.2874813],[-97.7370748,30.2874888],[-97.7370812,30.2874903],[-97.7370836,30.2874828],[-97.7370772,30.2874813]]]},"properties":{"k":"artpart","name":"Monochrome for Austin","m":"alum","b":11.76,"h":12.43}},{"type":"Feature","geometry":{"type":"Polygon","coordinates":[[[-97.7370766,30.2874826],[-97.7370743,30.2874901],[-97.7370809,30.2874917],[-97.7370833,30.2874841],[-97.7370766,30.2874826]]]},"properties":{"k":"artpart","name":"Monochrome for Austin","m":"alum","b":11.89,"h":12.55}},{"type":"Feature","geometry":{"type":"Polygon","coordinates":[[[-97.7370761,30.2874838],[-97.7370737,30.2874913],[-97.7370807,30.287493],[-97.7370831,30.2874855],[-97.7370761,30.2874838]]]},"properties":{"k":"artpart","name":"Monochrome for Austin","m":"alum","b":12.02,"h":12.68}},{"type":"Feature","geometry":{"type":"Polygon","coordinates":[[[-97.7370756,30.2874851],[-97.7370732,30.2874926],[-97.7370804,30.2874943],[-97.7370828,30.2874868],[-97.7370756,30.2874851]]]},"properties":{"k":"artpart","name":"Monochrome for Austin","m":"alum","b":12.15,"h":12.81}},{"type":"Feature","geometry":{"type":"Polygon","coordinates":[[[-97.737075,30.2874863],[-97.7370726,30.2874939],[-97.7370801,30.2874956],[-97.7370825,30.2874881],[-97.737075,30.2874863]]]},"properties":{"k":"artpart","name":"Monochrome for Austin","m":"alum","b":12.28,"h":12.94}},{"type":"Feature","geometry":{"type":"Polygon","coordinates":[[[-97.7370745,30.2874876],[-97.7370721,30.2874951],[-97.7370798,30.287497],[-97.7370822,30.2874894],[-97.7370745,30.2874876]]]},"properties":{"k":"artpart","name":"Monochrome for Austin","m":"alum","b":12.41,"h":13.07}},{"type":"Feature","geometry":{"type":"Polygon","coordinates":[[[-97.7370739,30.2874889],[-97.7370715,30.2874964],[-97.7370796,30.2874983],[-97.737082,30.2874908],[-97.7370739,30.2874889]]]},"properties":{"k":"artpart","name":"Monochrome for Austin","m":"alum","b":12.54,"h":13.2}},{"type":"Feature","geometry":{"type":"Polygon","coordinates":[[[-97.7370736,30.2874902],[-97.7370713,30.2874977],[-97.737079,30.2874995],[-97.7370814,30.287492],[-97.7370736,30.2874902]]]},"properties":{"k":"artpart","name":"Monochrome for Austin","m":"alum","b":12.67,"h":13.33}},{"type":"Feature","geometry":{"type":"Polygon","coordinates":[[[-97.7370734,30.2874915],[-97.737071,30.287499],[-97.7370785,30.2875008],[-97.7370809,30.2874933],[-97.7370734,30.2874915]]]},"properties":{"k":"artpart","name":"Monochrome for Austin","m":"alum","b":12.79,"h":13.45}},{"type":"Feature","geometry":{"type":"Polygon","coordinates":[[[-97.7370731,30.2874928],[-97.7370707,30.2875004],[-97.7370779,30.2875021],[-97.7370803,30.2874945],[-97.7370731,30.2874928]]]},"properties":{"k":"artpart","name":"Monochrome for Austin","m":"alum","b":12.92,"h":13.58}},{"type":"Feature","geometry":{"type":"Polygon","coordinates":[[[-97.7370728,30.2874942],[-97.7370704,30.2875017],[-97.7370774,30.2875033],[-97.7370798,30.2874958],[-97.7370728,30.2874942]]]},"properties":{"k":"artpart","name":"Monochrome for Austin","m":"alum","b":13.05,"h":13.71}},{"type":"Feature","geometry":{"type":"Polygon","coordinates":[[[-97.7370725,30.2874955],[-97.7370702,30.287503],[-97.7370768,30.2875046],[-97.7370792,30.2874971],[-97.7370725,30.2874955]]]},"properties":{"k":"artpart","name":"Monochrome for Austin","m":"alum","b":13.18,"h":13.84}},{"type":"Feature","geometry":{"type":"Polygon","coordinates":[[[-97.7370723,30.2874968],[-97.7370699,30.2875043],[-97.7370763,30.2875059],[-97.7370787,30.2874983],[-97.7370723,30.2874968]]]},"properties":{"k":"artpart","name":"Monochrome for Austin","m":"alum","b":13.31,"h":13.97}},{"type":"Feature","geometry":{"type":"Polygon","coordinates":[[[-97.737072,30.2874981],[-97.7370696,30.2875057],[-97.7370758,30.2875071],[-97.7370781,30.2874996],[-97.737072,30.2874981]]]},"properties":{"k":"artpart","name":"Monochrome for Austin","m":"alum","b":13.44,"h":14.1}},{"type":"Feature","geometry":{"type":"Polygon","coordinates":[[[-97.7370717,30.2874995],[-97.7370693,30.287507],[-97.7370752,30.2875084],[-97.7370776,30.2875008],[-97.7370717,30.2874995]]]},"properties":{"k":"artpart","name":"Monochrome for Austin","m":"alum","b":13.57,"h":14.23}},{"type":"Feature","geometry":{"type":"Polygon","coordinates":[[[-97.7370714,30.2875008],[-97.7370691,30.2875083],[-97.7370747,30.2875096],[-97.7370771,30.2875021],[-97.7370714,30.2875008]]]},"properties":{"k":"artpart","name":"Monochrome for Austin","m":"alum","b":13.69,"h":14.36}},{"type":"Feature","geometry":{"type":"Polygon","coordinates":[[[-97.7370712,30.2875021],[-97.7370688,30.2875096],[-97.7370741,30.2875109],[-97.7370765,30.2875034],[-97.7370712,30.2875021]]]},"properties":{"k":"artpart","name":"Monochrome for Austin","m":"alum","b":13.82,"h":14.48}},{"type":"Feature","geometry":{"type":"Polygon","coordinates":[[[-97.7370709,30.2875034],[-97.7370685,30.287511],[-97.7370736,30.2875122],[-97.737076,30.2875046],[-97.7370709,30.2875034]]]},"properties":{"k":"artpart","name":"Monochrome for Austin","m":"alum","b":13.95,"h":14.61}},{"type":"Feature","geometry":{"type":"Polygon","coordinates":[[[-97.7370706,30.2875048],[-97.7370682,30.2875123],[-97.737073,30.2875134],[-97.7370754,30.2875059],[-97.7370706,30.2875048]]]},"properties":{"k":"artpart","name":"Monochrome for Austin","m":"alum","b":14.08,"h":14.74}},{"type":"Feature","geometry":{"type":"Polygon","coordinates":[[[-97.7370703,30.2875061],[-97.7370679,30.2875136],[-97.7370725,30.2875147],[-97.7370749,30.2875072],[-97.7370703,30.2875061]]]},"properties":{"k":"artpart","name":"Monochrome for Austin","m":"alum","b":14.21,"h":14.87}},{"type":"Feature","geometry":{"type":"Polygon","coordinates":[[[-97.7370701,30.2875074],[-97.7370677,30.2875149],[-97.737072,30.2875159],[-97.7370743,30.2875084],[-97.7370701,30.2875074]]]},"properties":{"k":"artpart","name":"Monochrome for Austin","m":"alum","b":14.34,"h":15.0}},{"type":"Feature","geometry":{"type":"Polygon","coordinates":[[[-97.7370698,30.2875087],[-97.7370674,30.2875163],[-97.7370714,30.2875172],[-97.7370738,30.2875097],[-97.7370698,30.2875087]]]},"properties":{"k":"artpart","name":"Monochrome for Austin","m":"alum","b":14.47,"h":15.13}},{"type":"Feature","geometry":{"type":"Polygon","coordinates":[[[-97.7370695,30.2875101],[-97.7370671,30.2875176],[-97.7370709,30.2875185],[-97.7370733,30.2875109],[-97.7370695,30.2875101]]]},"properties":{"k":"artpart","name":"Monochrome for Austin","m":"alum","b":14.6,"h":15.26}},{"type":"Feature","geometry":{"type":"Polygon","coordinates":[[[-97.7370667,30.2874708],[-97.7370608,30.2874651],[-97.7370578,30.2874674],[-97.7370637,30.2874731],[-97.7370667,30.2874708]]]},"properties":{"k":"artpart","name":"Monochrome for Austin","m":"alum","b":6.22,"h":7.02}},{"type":"Feature","geometry":{"type":"Polygon","coordinates":[[[-97.737066,30.2874698],[-97.7370601,30.2874641],[-97.7370568,30.2874667],[-97.7370626,30.2874724],[-97.737066,30.2874698]]]},"properties":{"k":"artpart","name":"Monochrome for Austin","m":"alum","b":6.38,"h":7.18}},{"type":"Feature","geometry":{"type":"Polygon","coordinates":[[[-97.7370653,30.2874688],[-97.7370594,30.2874632],[-97.7370557,30.287466],[-97.7370616,30.2874717],[-97.7370653,30.2874688]]]},"properties":{"k":"artpart","name":"Monochrome for Austin","m":"alum","b":6.54,"h":7.34}},{"type":"Feature","geometry":{"type":"Polygon","coordinates":[[[-97.7370646,30.2874678],[-97.7370587,30.2874622],[-97.7370547,30.2874653],[-97.7370605,30.287471],[-97.7370646,30.2874678]]]},"properties":{"k":"artpart","name":"Monochrome for Austin","m":"alum","b":6.7,"h":7.5}},{"type":"Feature","geometry":{"type":"Polygon","coordinates":[[[-97.7370639,30.2874669],[-97.737058,30.2874612],[-97.7370536,30.2874646],[-97.7370595,30.2874703],[-97.7370639,30.2874669]]]},"properties":{"k":"artpart","name":"Monochrome for Austin","m":"alum","b":6.86,"h":7.65}},{"type":"Feature","geometry":{"type":"Polygon","coordinates":[[[-97.7370632,30.2874659],[-97.7370573,30.2874602],[-97.7370526,30.2874639],[-97.7370584,30.2874695],[-97.7370632,30.2874659]]]},"properties":{"k":"artpart","name":"Monochrome for Austin","m":"alum","b":7.01,"h":7.81}},{"type":"Feature","geometry":{"type":"Polygon","coordinates":[[[-97.7370625,30.2874649],[-97.7370567,30.2874592],[-97.7370515,30.2874631],[-97.7370574,30.2874688],[-97.7370625,30.2874649]]]},"properties":{"k":"artpart","name":"Monochrome for Austin","m":"alum","b":7.17,"h":7.97}},{"type":"Feature","geometry":{"type":"Polygon","coordinates":[[[-97.7370618,30.2874639],[-97.737056,30.2874582],[-97.7370505,30.2874624],[-97.7370563,30.2874681],[-97.7370618,30.2874639]]]},"properties":{"k":"artpart","name":"Monochrome for Austin","m":"alum","b":7.33,"h":8.13}},{"type":"Feature","geometry":{"type":"Polygon","coordinates":[[[-97.7370611,30.2874629],[-97.7370553,30.2874572],[-97.7370494,30.2874617],[-97.7370553,30.2874674],[-97.7370611,30.2874629]]]},"properties":{"k":"artpart","name":"Monochrome for Austin","m":"alum","b":7.49,"h":8.29}},{"type":"Feature","geometry":{"type":"Polygon","coordinates":[[[-97.7370604,30.2874619],[-97.7370546,30.2874562],[-97.7370483,30.287461],[-97.7370542,30.2874667],[-97.7370604,30.2874619]]]},"properties":{"k":"artpart","name":"Monochrome for Austin","m":"alum","b":7.64,"h":8.44}},{"type":"Feature","geometry":{"type":"Polygon","coordinates":[[[-97.7370594,30.2874612],[-97.7370535,30.2874555],[-97.7370476,30.28746],[-97.7370535,30.2874657],[-97.7370594,30.2874612]]]},"properties":{"k":"artpart","name":"Monochrome for Austin","m":"alum","b":7.8,"h":8.6}},{"type":"Feature","geometry":{"type":"Polygon","coordinates":[[[-97.7370583,30.2874605],[-97.7370525,30.2874548],[-97.737047,30.287459],[-97.7370528,30.2874647],[-97.7370583,30.2874605]]]},"properties":{"k":"artpart","name":"Monochrome for Austin","m":"alum","b":7.96,"h":8.76}},{"type":"Feature","geometry":{"type":"Polygon","coordinates":[[[-97.7370572,30.2874598],[-97.7370514,30.2874541],[-97.7370463,30.287458],[-97.7370521,30.2874637],[-97.7370572,30.2874598]]]},"properties":{"k":"artpart","name":"Monochrome for Austin","m":"alum","b":8.12,"h":8.92}},{"type":"Feature","geometry":{"type":"Polygon","coordinates":[[[-97.7370562,30.2874591],[-97.7370503,30.2874534],[-97.7370456,30.287457],[-97.7370514,30.2874627],[-97.7370562,30.2874591]]]},"properties":{"k":"artpart","name":"Monochrome for Austin","m":"alum","b":8.28,"h":9.07}},{"type":"Feature","geometry":{"type":"Polygon","coordinates":[[[-97.7370551,30.2874583],[-97.7370493,30.2874527],[-97.7370449,30.2874561],[-97.7370507,30.2874617],[-97.7370551,30.2874583]]]},"properties":{"k":"artpart","name":"Monochrome for Austin","m":"alum","b":8.43,"h":9.23}},{"type":"Feature","geometry":{"type":"Polygon","coordinates":[[[-97.7370541,30.2874576],[-97.7370482,30.287452],[-97.7370442,30.2874551],[-97.73705,30.2874608],[-97.7370541,30.2874576]]]},"properties":{"k":"artpart","name":"Monochrome for Austin","m":"alum","b":8.59,"h":9.39}},{"type":"Feature","geometry":{"type":"Polygon","coordinates":[[[-97.737053,30.2874569],[-97.7370472,30.2874512],[-97.7370435,30.2874541],[-97.7370493,30.2874598],[-97.737053,30.2874569]]]},"properties":{"k":"artpart","name":"Monochrome for Austin","m":"alum","b":8.75,"h":9.55}},{"type":"Feature","geometry":{"type":"Polygon","coordinates":[[[-97.737052,30.2874562],[-97.7370461,30.2874505],[-97.7370428,30.2874531],[-97.7370486,30.2874588],[-97.737052,30.2874562]]]},"properties":{"k":"artpart","name":"Monochrome for Austin","m":"alum","b":8.91,"h":9.71}},{"type":"Feature","geometry":{"type":"Polygon","coordinates":[[[-97.7370509,30.2874555],[-97.7370451,30.2874498],[-97.7370421,30.2874521],[-97.7370479,30.2874578],[-97.7370509,30.2874555]]]},"properties":{"k":"artpart","name":"Monochrome for Austin","m":"alum","b":9.07,"h":9.86}},{"type":"Feature","geometry":{"type":"Polygon","coordinates":[[[-97.731359,30.2854974],[-97.731348,30.2854974],[-97.731348,30.2855066],[-97.731359,30.2855066],[-97.731359,30.2854974]]]},"properties":{"k":"artpart","name":"Figure on a Trunk","m":"granite","b":0.0,"h":2.22}},{"type":"Feature","geometry":{"type":"Polygon","coordinates":[[[-97.7313596,30.2854968],[-97.7313474,30.2854968],[-97.7313474,30.2855072],[-97.7313596,30.2855072],[-97.7313596,30.2854968]]]},"properties":{"k":"artpart","name":"Figure on a Trunk","m":"granite","b":0.0,"h":0.49}},{"type":"Feature","geometry":{"type":"Polygon","coordinates":[[[-97.7313559,30.2855004],[-97.7313511,30.2855004],[-97.7313511,30.2855036],[-97.7313559,30.2855036],[-97.7313559,30.2855004]]]},"properties":{"k":"artpart","name":"Figure on a Trunk","m":"bronze","b":2.22,"h":3.13}},{"type":"Feature","geometry":{"type":"Polygon","coordinates":[[[-97.7313563,30.2855001],[-97.7313507,30.2855001],[-97.7313507,30.2855039],[-97.7313563,30.2855039],[-97.7313563,30.2855001]]]},"properties":{"k":"artpart","name":"Figure on a Trunk","m":"bronze","b":3.13,"h":3.33}},{"type":"Feature","geometry":{"type":"Polygon","coordinates":[[[-97.7313566,30.2855],[-97.7313504,30.2855],[-97.7313504,30.285504],[-97.7313566,30.285504],[-97.7313566,30.2855]]]},"properties":{"k":"artpart","name":"Figure on a Trunk","m":"bronze","b":3.33,"h":3.8}},{"type":"Feature","geometry":{"type":"Polygon","coordinates":[[[-97.7313574,30.2855001],[-97.7313496,30.2855001],[-97.7313496,30.2855039],[-97.7313574,30.2855039],[-97.7313574,30.2855001]]]},"properties":{"k":"artpart","name":"Figure on a Trunk","m":"bronze","b":3.8,"h":3.92}},{"type":"Feature","geometry":{"type":"Polygon","coordinates":[[[-97.7313512,30.285502],[-97.7313519,30.2855034],[-97.7313535,30.285504],[-97.7313551,30.2855034],[-97.7313558,30.285502],[-97.7313551,30.2855006],[-97.7313535,30.2855],[-97.7313519,30.2855006],[-97.7313512,30.285502]]]},"properties":{"k":"artpart","name":"Figure on a Trunk","m":"bronze","b":3.96,"h":4.2}},{"type":"Feature","geometry":{"type":"Polygon","coordinates":[[[-97.7312502,30.2860027],[-97.7312328,30.2860027],[-97.7312328,30.2860174],[-97.7312502,30.2860174],[-97.7312502,30.2860027]]]},"properties":{"k":"artpart","name":"Prometheus and Vulture","m":"granite","b":0.0,"h":0.7}},{"type":"Feature","geometry":{"type":"Polygon","coordinates":[[[-97.7312512,30.2860018],[-97.7312318,30.2860018],[-97.7312318,30.2860182],[-97.7312512,30.2860182],[-97.7312512,30.2860018]]]},"properties":{"k":"artpart","name":"Prometheus and Vulture","m":"granite","b":0.0,"h":0.16}},{"type":"Feature","geometry":{"type":"Polygon","coordinates":[[[-97.7312504,30.2860062],[-97.7312326,30.2860062],[-97.7312326,30.2860138],[-97.7312504,30.2860138],[-97.7312504,30.2860062]]]},"properties":{"k":"artpart","name":"Prometheus and Vulture","m":"bronzed","b":0.7,"h":3.34}},{"type":"Feature","geometry":{"type":"Polygon","coordinates":[[[-97.7312495,30.2860087],[-97.7312398,30.2860087],[-97.7312398,30.2860146],[-97.7312495,30.2860146],[-97.7312495,30.2860087]]]},"properties":{"k":"artpart","name":"Prometheus and Vulture","m":"bronzed","b":3.34,"h":5.02}},{"type":"Feature","geometry":{"type":"Polygon","coordinates":[[[-97.7312405,30.2860128],[-97.7312421,30.2860161],[-97.7312459,30.2860175],[-97.7312497,30.2860161],[-97.7312513,30.2860128],[-97.7312497,30.2860095],[-97.7312459,30.2860081],[-97.7312421,30.2860095],[-97.7312405,30.2860128]]]},"properties":{"k":"artpart","name":"Prometheus and Vulture","m":"bronzed","b":5.02,"h":5.5}},{"type":"Feature","geometry":{"type":"Polygon","coordinates":[[[-97.7311811,30.286077],[-97.7311679,30.286077],[-97.7311679,30.286088],[-97.7311811,30.286088],[-97.7311811,30.286077]]]},"properties":{"k":"artpart","name":"History of Black Bronze I","m":"granite","b":0.0,"h":0.69}},{"type":"Feature","geometry":{"type":"Polygon","coordinates":[[[-97.7311819,30.2860763],[-97.7311672,30.2860763],[-97.7311672,30.2860887],[-97.7311819,30.2860887],[-97.7311819,30.2860763]]]},"properties":{"k":"artpart","name":"History of Black Bronze I","m":"granite","b":0.0,"h":0.15}},{"type":"Feature","geometry":{"type":"Polygon","coordinates":[[[-97.7311811,30.2860796],[-97.7311679,30.2860796],[-97.7311679,30.2860854],[-97.7311811,30.2860854],[-97.7311811,30.2860796]]]},"properties":{"k":"artpart","name":"History of Black Bronze I","m":"steel","b":0.69,"h":2.79}},{"type":"Feature","geometry":{"type":"Polygon","coordinates":[[[-97.7311789,30.2860816],[-97.7311701,30.2860816],[-97.7311701,30.286086],[-97.7311789,30.286086],[-97.7311789,30.2860816]]]},"properties":{"k":"artpart","name":"History of Black Bronze I","m":"steel","b":2.79,"h":4.12}},{"type":"Feature","geometry":{"type":"Polygon","coordinates":[[[-97.7311709,30.2860846],[-97.7311719,30.2860868],[-97.7311745,30.2860877],[-97.7311771,30.2860868],[-97.7311781,30.2860846],[-97.7311771,30.2860824],[-97.7311745,30.2860815],[-97.7311719,30.2860824],[-97.7311709,30.2860846]]]},"properties":{"k":"artpart","name":"History of Black Bronze I","m":"steel","b":4.12,"h":4.5}},{"type":"Feature","geometry":{"type":"Polygon","coordinates":[[[-97.7396701,30.2861472],[-97.7396569,30.2861472],[-97.7396569,30.2861588],[-97.7396701,30.2861588],[-97.7396701,30.2861472]]]},"properties":{"k":"artpart","name":"Pedogna","m":"granite","b":0.0,"h":0.54}},{"type":"Feature","geometry":{"type":"Polygon","coordinates":[[[-97.7396709,30.2861465],[-97.7396562,30.2861465],[-97.7396562,30.2861595],[-97.7396709,30.2861595],[-97.7396709,30.2861465]]]},"properties":{"k":"artpart","name":"Pedogna","m":"granite","b":0.0,"h":0.12}},{"type":"Feature","geometry":{"type":"Polygon","coordinates":[[[-97.7396693,30.28615],[-97.7396577,30.28615],[-97.7396577,30.286156],[-97.7396693,30.286156],[-97.7396693,30.28615]]]},"properties":{"k":"artpart","name":"Pedogna","m":"alum","b":0.54,"h":2.72}},{"type":"Feature","geometry":{"type":"Polygon","coordinates":[[[-97.7396661,30.286152],[-97.7396559,30.286152],[-97.7396559,30.2861566],[-97.7396661,30.2861566],[-97.7396661,30.286152]]]},"properties":{"k":"artpart","name":"Pedogna","m":"alum","b":2.72,"h":4.1}},{"type":"Feature","geometry":{"type":"Polygon","coordinates":[[[-97.7396555,30.2861552],[-97.7396568,30.2861579],[-97.73966,30.286159],[-97.7396631,30.2861579],[-97.7396644,30.2861552],[-97.7396631,30.2861525],[-97.73966,30.2861514],[-97.7396568,30.2861525],[-97.7396555,30.2861552]]]},"properties":{"k":"artpart","name":"Pedogna","m":"alum","b":4.1,"h":4.5}},{"type":"Feature","geometry":{"type":"Polygon","coordinates":[[[-97.7313741,30.286163],[-97.7313609,30.286163],[-97.7313609,30.286174],[-97.7313741,30.286174],[-97.7313741,30.286163]]]},"properties":{"k":"artpart","name":"The Swan's Dream of Leda","m":"granite","b":0.0,"h":0.67}},{"type":"Feature","geometry":{"type":"Polygon","coordinates":[[[-97.7313749,30.2861623],[-97.7313602,30.2861623],[-97.7313602,30.2861747],[-97.7313749,30.2861747],[-97.7313749,30.2861623]]]},"properties":{"k":"artpart","name":"The Swan's Dream of Leda","m":"granite","b":0.0,"h":0.15}},{"type":"Feature","geometry":{"type":"Polygon","coordinates":[[[-97.731374,30.2861656],[-97.731361,30.2861656],[-97.731361,30.2861714],[-97.731374,30.2861714],[-97.731374,30.2861656]]]},"properties":{"k":"artpart","name":"The Swan's Dream of Leda","m":"corten","b":0.67,"h":2.78}},{"type":"Feature","geometry":{"type":"Polygon","coordinates":[[[-97.7313703,30.2861676],[-97.7313602,30.2861676],[-97.7313602,30.286172],[-97.7313703,30.286172],[-97.7313703,30.2861676]]]},"properties":{"k":"artpart","name":"The Swan's Dream of Leda","m":"corten","b":2.78,"h":4.12}},{"type":"Feature","geometry":{"type":"Polygon","coordinates":[[[-97.7313614,30.2861706],[-97.7313623,30.2861724],[-97.7313644,30.2861732],[-97.7313665,30.2861724],[-97.7313674,30.2861706],[-97.7313665,30.2861688],[-97.7313644,30.286168],[-97.7313623,30.2861688],[-97.7313614,30.2861706]]]},"properties":{"k":"artpart","name":"The Swan's Dream of Leda","m":"corten","b":4.12,"h":4.5}},{"type":"Feature","geometry":{"type":"Polygon","coordinates":[[[-97.7311111,30.286022],[-97.7310979,30.286022],[-97.7310979,30.286033],[-97.7311111,30.286033],[-97.7311111,30.286022]]]},"properties":{"k":"artpart","name":"Amphora","m":"granite","b":0.0,"h":0.57}},{"type":"Feature","geometry":{"type":"Polygon","coordinates":[[[-97.7311119,30.2860213],[-97.7310971,30.2860213],[-97.7310971,30.2860337],[-97.7311119,30.2860337],[-97.7311119,30.2860213]]]},"properties":{"k":"artpart","name":"Amphora","m":"granite","b":0.0,"h":0.12}},{"type":"Feature","geometry":{"type":"Polygon","coordinates":[[[-97.7311105,30.2860246],[-97.7310985,30.2860246],[-97.7310985,30.2860304],[-97.7311105,30.2860304],[-97.7311105,30.2860246]]]},"properties":{"k":"artpart","name":"Amphora","m":"alum","b":0.57,"h":2.73}},{"type":"Feature","geometry":{"type":"Polygon","coordinates":[[[-97.7311077,30.2860266],[-97.7310979,30.2860266],[-97.7310979,30.286031],[-97.7311077,30.286031],[-97.7311077,30.2860266]]]},"properties":{"k":"artpart","name":"Amphora","m":"alum","b":2.73,"h":4.11}},{"type":"Feature","geometry":{"type":"Polygon","coordinates":[[[-97.7310977,30.2860296],[-97.731099,30.2860323],[-97.7311021,30.2860334],[-97.7311052,30.2860323],[-97.7311065,30.2860296],[-97.7311052,30.2860269],[-97.7311021,30.2860258],[-97.731099,30.2860269],[-97.7310977,30.2860296]]]},"properties":{"k":"artpart","name":"Amphora","m":"alum","b":4.11,"h":4.5}},{"type":"Feature","geometry":{"type":"Polygon","coordinates":[[[-97.7313271,30.2860312],[-97.7313139,30.2860312],[-97.7313139,30.2860428],[-97.7313271,30.2860428],[-97.7313271,30.2860312]]]},"properties":{"k":"artpart","name":"Winged Victory","m":"granite","b":0.0,"h":0.74}},{"type":"Feature","geometry":{"type":"Polygon","coordinates":[[[-97.7313279,30.2860305],[-97.7313132,30.2860305],[-97.7313132,30.2860435],[-97.7313279,30.2860435],[-97.7313279,30.2860305]]]},"properties":{"k":"artpart","name":"Winged Victory","m":"granite","b":0.0,"h":0.16}},{"type":"Feature","geometry":{"type":"Polygon","coordinates":[[[-97.7313274,30.286034],[-97.7313136,30.286034],[-97.7313136,30.28604],[-97.7313274,30.28604],[-97.7313274,30.286034]]]},"properties":{"k":"artpart","name":"Winged Victory","m":"bronzed","b":0.74,"h":2.81}},{"type":"Feature","geometry":{"type":"Polygon","coordinates":[[[-97.7313269,30.286036],[-97.7313199,30.286036],[-97.7313199,30.2860406],[-97.7313269,30.2860406],[-97.7313269,30.286036]]]},"properties":{"k":"artpart","name":"Winged Victory","m":"bronzed","b":2.81,"h":4.12}},{"type":"Feature","geometry":{"type":"Polygon","coordinates":[[[-97.7313204,30.2860392],[-97.7313216,30.2860417],[-97.7313245,30.2860427],[-97.7313274,30.2860417],[-97.7313286,30.2860392],[-97.7313274,30.2860367],[-97.7313245,30.2860357],[-97.7313216,30.2860367],[-97.7313204,30.2860392]]]},"properties":{"k":"artpart","name":"Winged Victory","m":"bronzed","b":4.12,"h":4.5}},{"type":"Feature","geometry":{"type":"Polygon","coordinates":[[[-97.7364334,30.2863209],[-97.7364096,30.2863209],[-97.7364096,30.2863241],[-97.7364334,30.2863241],[-97.7364334,30.2863209]]]},"properties":{"k":"artpart","name":"Wall Drawing #520","m":"limest","b":0.0,"h":3.0}},{"type":"Feature","geometry":{"type":"Polygon","coordinates":[[[-97.737764,30.2855493],[-97.7377404,30.2855893],[-97.737771,30.2856027],[-97.7377946,30.2855627],[-97.737764,30.2855493]]]},"properties":{"k":"artpart","name":"The West","m":"granite","b":0.0,"h":0.34}},{"type":"Feature","geometry":{"type":"Polygon","coordinates":[[[-97.7377632,30.2855466],[-97.7377375,30.2855903],[-97.7377718,30.2856054],[-97.7377975,30.2855617],[-97.7377632,30.2855466]]]},"properties":{"k":"artpart","name":"The West","m":"granite","b":0.0,"h":0.14}},{"type":"Feature","geometry":{"type":"Polygon","coordinates":[[[-97.7377711,30.285561],[-97.7377706,30.2855618],[-97.737779,30.2855655],[-97.7377794,30.2855647],[-97.7377711,30.285561]]]},"properties":{"k":"artpart","name":"The West","m":"steel","b":0.34,"h":0.54}},{"type":"Feature","geometry":{"type":"Polygon","coordinates":[[[-97.7377671,30.2855677],[-97.7377667,30.2855685],[-97.737775,30.2855722],[-97.7377755,30.2855714],[-97.7377671,30.2855677]]]},"properties":{"k":"artpart","name":"The West","m":"steel","b":0.34,"h":0.54}},{"type":"Feature","geometry":{"type":"Polygon","coordinates":[[[-97.7377716,30.285569],[-97.7377728,30.2855693],[-97.737774,30.2855692],[-97.7377751,30.2855687],[-97.7377759,30.2855678],[-97.7377762,30.2855668],[-97.7377761,30.2855658],[-97.7377755,30.2855648],[-97.7377745,30.2855642],[-97.7377733,30.2855639],[-97.7377721,30.285564],[-97.737771,30.2855645],[-97.7377702,30.2855654],[-97.7377699,30.2855664],[-97.73777,30.2855675],[-97.7377706,30.2855684],[-97.7377716,30.285569]]]},"properties":{"k":"artpart","name":"The West","m":"alum","b":0.54,"h":0.67}},{"type":"Feature","geometry":{"type":"Polygon","coordinates":[[[-97.7377707,30.2855706],[-97.7377726,30.2855711],[-97.7377747,30.2855709],[-97.7377764,30.2855701],[-97.7377777,30.2855687],[-97.7377783,30.285567],[-97.737778,30.2855652],[-97.737777,30.2855637],[-97.7377754,30.2855626],[-97.7377735,30.2855621],[-97.7377714,30.2855623],[-97.7377696,30.2855632],[-97.7377684,30.2855646],[-97.7377678,30.2855663],[-97.7377681,30.285568],[-97.7377691,30.2855695],[-97.7377707,30.2855706]]]},"properties":{"k":"artpart","name":"The West","m":"alum","b":0.67,"h":0.79}},{"type":"Feature","geometry":{"type":"Polygon","coordinates":[[[-97.7377701,30.2855716],[-97.7377725,30.2855721],[-97.737775,30.2855719],[-97.7377772,30.2855708],[-97.7377788,30.2855691],[-97.7377795,30.285567],[-97.7377792,30.2855649],[-97.7377779,30.285563],[-97.737776,30.2855617],[-97.7377735,30.2855611],[-97.7377711,30.2855613],[-97.7377689,30.2855624],[-97.7377673,30.2855641],[-97.7377666,30.2855662],[-97.7377669,30.2855683],[-97.7377681,30.2855702],[-97.7377701,30.2855716]]]},"properties":{"k":"artpart","name":"The West","m":"alum","b":0.79,"h":0.92}},{"type":"Feature","geometry":{"type":"Polygon","coordinates":[[[-97.7377698,30.2855722],[-97.7377725,30.2855728],[-97.7377753,30.2855725],[-97.7377777,30.2855713],[-97.7377795,30.2855694],[-97.7377802,30.2855671],[-97.7377799,30.2855647],[-97.7377785,30.2855626],[-97.7377763,30.2855611],[-97.7377736,30.2855604],[-97.7377708,30.2855607],[-97.7377684,30.2855619],[-97.7377666,30.2855638],[-97.7377659,30.2855661],[-97.7377662,30.2855685],[-97.7377676,30.2855706],[-97.7377698,30.2855722]]]},"properties":{"k":"artpart","name":"The West","m":"alum","b":0.92,"h":1.05}},{"type":"Feature","geometry":{"type":"Polygon","coordinates":[[[-97.7377696,30.2855725],[-97.7377724,30.2855732],[-97.7377754,30.2855729],[-97.737778,30.2855716],[-97.7377799,30.2855696],[-97.7377807,30.2855671],[-97.7377803,30.2855646],[-97.7377789,30.2855623],[-97.7377765,30.2855607],[-97.7377736,30.28556],[-97.7377707,30.2855603],[-97.7377681,30.2855616],[-97.7377662,30.2855636],[-97.7377654,30.2855661],[-97.7377657,30.2855687],[-97.7377672,30.2855709],[-97.7377696,30.2855725]]]},"properties":{"k":"artpart","name":"The West","m":"alum","b":1.05,"h":1.18}},{"type":"Feature","geometry":{"type":"Polygon","coordinates":[[[-97.7377695,30.2855727],[-97.7377724,30.2855734],[-97.7377755,30.2855731],[-97.7377782,30.2855718],[-97.7377801,30.2855697],[-97.7377809,30.2855671],[-97.7377806,30.2855645],[-97.737779,30.2855622],[-97.7377766,30.2855605],[-97.7377737,30.2855598],[-97.7377706,30.2855601],[-97.7377679,30.2855614],[-97.737766,30.2855635],[-97.7377652,30.2855661],[-97.7377655,30.2855687],[-97.737767,30.285571],[-97.7377695,30.2855727]]]},"properties":{"k":"artpart","name":"The West","m":"alum","b":1.18,"h":1.3}},{"type":"Feature","geometry":{"type":"Polygon","coordinates":[[[-97.7377695,30.2855727],[-97.7377724,30.2855734],[-97.7377755,30.2855731],[-97.7377782,30.2855718],[-97.7377801,30.2855697],[-97.7377809,30.2855671],[-97.7377806,30.2855645],[-97.737779,30.2855622],[-97.7377766,30.2855605],[-97.7377737,30.2855598],[-97.7377706,30.2855601],[-97.7377679,30.2855614],[-97.737766,30.2855635],[-97.7377652,30.2855661],[-97.7377655,30.2855687],[-97.737767,30.285571],[-97.7377695,30.2855727]]]},"properties":{"k":"artpart","name":"The West","m":"alum","b":1.3,"h":1.43}},{"type":"Feature","geometry":{"type":"Polygon","coordinates":[[[-97.7377696,30.2855725],[-97.7377724,30.2855732],[-97.7377754,30.2855729],[-97.737778,30.2855716],[-97.7377799,30.2855696],[-97.7377807,30.2855671],[-97.7377803,30.2855646],[-97.7377789,30.2855623],[-97.7377765,30.2855607],[-97.7377736,30.28556],[-97.7377707,30.2855603],[-97.7377681,30.2855616],[-97.7377662,30.2855636],[-97.7377654,30.2855661],[-97.7377657,30.2855687],[-97.7377672,30.2855709],[-97.7377696,30.2855725]]]},"properties":{"k":"artpart","name":"The West","m":"alum","b":1.43,"h":1.56}},{"type":"Feature","geometry":{"type":"Polygon","coordinates":[[[-97.7377698,30.2855722],[-97.7377725,30.2855728],[-97.7377753,30.2855725],[-97.7377777,30.2855713],[-97.7377795,30.2855694],[-97.7377802,30.2855671],[-97.7377799,30.2855647],[-97.7377785,30.2855626],[-97.7377763,30.2855611],[-97.7377736,30.2855604],[-97.7377708,30.2855607],[-97.7377684,30.2855619],[-97.7377666,30.2855638],[-97.7377659,30.2855661],[-97.7377662,30.2855685],[-97.7377676,30.2855706],[-97.7377698,30.2855722]]]},"properties":{"k":"artpart","name":"The West","m":"alum","b":1.56,"h":1.68}},{"type":"Feature","geometry":{"type":"Polygon","coordinates":[[[-97.7377701,30.2855716],[-97.7377725,30.2855721],[-97.737775,30.2855719],[-97.7377772,30.2855708],[-97.7377788,30.2855691],[-97.7377795,30.285567],[-97.7377792,30.2855649],[-97.7377779,30.285563],[-97.737776,30.2855617],[-97.7377735,30.2855611],[-97.7377711,30.2855613],[-97.7377689,30.2855624],[-97.7377673,30.2855641],[-97.7377666,30.2855662],[-97.7377669,30.2855683],[-97.7377681,30.2855702],[-97.7377701,30.2855716]]]},"properties":{"k":"artpart","name":"The West","m":"alum","b":1.68,"h":1.81}},{"type":"Feature","geometry":{"type":"Polygon","coordinates":[[[-97.7377707,30.2855706],[-97.7377726,30.2855711],[-97.7377747,30.2855709],[-97.7377764,30.2855701],[-97.7377777,30.2855687],[-97.7377783,30.285567],[-97.737778,30.2855652],[-97.737777,30.2855637],[-97.7377754,30.2855626],[-97.7377735,30.2855621],[-97.7377714,30.2855623],[-97.7377696,30.2855632],[-97.7377684,30.2855646],[-97.7377678,30.2855663],[-97.7377681,30.285568],[-97.7377691,30.2855695],[-97.7377707,30.2855706]]]},"properties":{"k":"artpart","name":"The West","m":"alum","b":1.81,"h":1.94}},{"type":"Feature","geometry":{"type":"Polygon","coordinates":[[[-97.7377716,30.285569],[-97.7377728,30.2855693],[-97.737774,30.2855692],[-97.7377751,30.2855687],[-97.7377759,30.2855678],[-97.7377762,30.2855668],[-97.7377761,30.2855658],[-97.7377755,30.2855648],[-97.7377745,30.2855642],[-97.7377733,30.2855639],[-97.7377721,30.285564],[-97.737771,30.2855645],[-97.7377702,30.2855654],[-97.7377699,30.2855664],[-97.73777,30.2855675],[-97.7377706,30.2855684],[-97.7377716,30.285569]]]},"properties":{"k":"artpart","name":"The West","m":"alum","b":1.94,"h":2.06}},{"type":"Feature","geometry":{"type":"Polygon","coordinates":[[[-97.7377776,30.2855576],[-97.737776,30.2855603],[-97.7377771,30.2855608],[-97.7377788,30.2855581],[-97.7377776,30.2855576]]]},"properties":{"k":"artpart","name":"The West","m":"corten","b":1.13,"h":1.47}},{"type":"Feature","geometry":{"type":"Polygon","coordinates":[[[-97.73776,30.2855798],[-97.7377595,30.2855806],[-97.7377679,30.2855843],[-97.7377683,30.2855835],[-97.73776,30.2855798]]]},"properties":{"k":"artpart","name":"The West","m":"steel","b":0.34,"h":0.54}},{"type":"Feature","geometry":{"type":"Polygon","coordinates":[[[-97.737756,30.2855865],[-97.7377556,30.2855873],[-97.7377639,30.285591],[-97.7377644,30.2855902],[-97.737756,30.2855865]]]},"properties":{"k":"artpart","name":"The West","m":"steel","b":0.34,"h":0.54}},{"type":"Feature","geometry":{"type":"Polygon","coordinates":[[[-97.7377605,30.2855878],[-97.7377617,30.2855881],[-97.7377629,30.285588],[-97.737764,30.2855875],[-97.7377648,30.2855866],[-97.7377651,30.2855856],[-97.737765,30.2855845],[-97.7377644,30.2855836],[-97.7377634,30.285583],[-97.7377622,30.2855827],[-97.737761,30.2855828],[-97.7377599,30.2855833],[-97.7377591,30.2855842],[-97.7377588,30.2855852],[-97.7377589,30.2855862],[-97.7377595,30.2855872],[-97.7377605,30.2855878]]]},"properties":{"k":"artpart","name":"The West","m":"alum","b":0.54,"h":0.67}},{"type":"Feature","geometry":{"type":"Polygon","coordinates":[[[-97.7377596,30.2855894],[-97.7377615,30.2855899],[-97.7377636,30.2855897],[-97.7377654,30.2855888],[-97.7377666,30.2855874],[-97.7377672,30.2855857],[-97.7377669,30.285584],[-97.7377659,30.2855825],[-97.7377643,30.2855814],[-97.7377624,30.2855809],[-97.7377603,30.2855811],[-97.7377586,30.2855819],[-97.7377573,30.2855833],[-97.7377567,30.285585],[-97.737757,30.2855868],[-97.737758,30.2855883],[-97.7377596,30.2855894]]]},"properties":{"k":"artpart","name":"The West","m":"alum","b":0.67,"h":0.79}},{"type":"Feature","geometry":{"type":"Polygon","coordinates":[[[-97.737759,30.2855903],[-97.7377615,30.2855909],[-97.7377639,30.2855907],[-97.7377661,30.2855896],[-97.7377677,30.2855879],[-97.7377684,30.2855858],[-97.7377681,30.2855837],[-97.7377669,30.2855818],[-97.7377649,30.2855804],[-97.7377625,30.2855799],[-97.73776,30.2855801],[-97.7377578,30.2855812],[-97.7377562,30.2855829],[-97.7377555,30.285585],[-97.7377558,30.2855871],[-97.7377571,30.285589],[-97.737759,30.2855903]]]},"properties":{"k":"artpart","name":"The West","m":"alum","b":0.79,"h":0.92}},{"type":"Feature","geometry":{"type":"Polygon","coordinates":[[[-97.7377587,30.2855909],[-97.7377614,30.2855916],[-97.7377642,30.2855913],[-97.7377666,30.2855901],[-97.7377684,30.2855882],[-97.7377691,30.2855859],[-97.7377688,30.2855835],[-97.7377674,30.2855814],[-97.7377652,30.2855798],[-97.7377625,30.2855792],[-97.7377597,30.2855795],[-97.7377573,30.2855807],[-97.7377555,30.2855826],[-97.7377548,30.2855849],[-97.7377551,30.2855873],[-97.7377565,30.2855894],[-97.7377587,30.2855909]]]},"properties":{"k":"artpart","name":"The West","m":"alum","b":0.92,"h":1.05}},{"type":"Feature","geometry":{"type":"Polygon","coordinates":[[[-97.7377585,30.2855913],[-97.7377614,30.285592],[-97.7377643,30.2855917],[-97.7377669,30.2855904],[-97.7377688,30.2855884],[-97.7377696,30.2855859],[-97.7377693,30.2855833],[-97.7377678,30.2855811],[-97.7377654,30.2855795],[-97.7377626,30.2855788],[-97.7377596,30.2855791],[-97.737757,30.2855804],[-97.7377551,30.2855824],[-97.7377543,30.2855849],[-97.7377547,30.2855874],[-97.7377561,30.2855897],[-97.7377585,30.2855913]]]},"properties":{"k":"artpart","name":"The West","m":"alum","b":1.05,"h":1.18}},{"type":"Feature","geometry":{"type":"Polygon","coordinates":[[[-97.7377584,30.2855915],[-97.7377613,30.2855922],[-97.7377644,30.2855919],[-97.7377671,30.2855906],[-97.737769,30.2855885],[-97.7377698,30.2855859],[-97.7377695,30.2855833],[-97.737768,30.285581],[-97.7377655,30.2855793],[-97.7377626,30.2855786],[-97.7377595,30.2855789],[-97.7377568,30.2855802],[-97.7377549,30.2855823],[-97.7377541,30.2855849],[-97.7377544,30.2855875],[-97.737756,30.2855898],[-97.7377584,30.2855915]]]},"properties":{"k":"artpart","name":"The West","m":"alum","b":1.18,"h":1.3}},{"type":"Feature","geometry":{"type":"Polygon","coordinates":[[[-97.7377584,30.2855915],[-97.7377613,30.2855922],[-97.7377644,30.2855919],[-97.7377671,30.2855906],[-97.737769,30.2855885],[-97.7377698,30.2855859],[-97.7377695,30.2855833],[-97.737768,30.285581],[-97.7377655,30.2855793],[-97.7377626,30.2855786],[-97.7377595,30.2855789],[-97.7377568,30.2855802],[-97.7377549,30.2855823],[-97.7377541,30.2855849],[-97.7377544,30.2855875],[-97.737756,30.2855898],[-97.7377584,30.2855915]]]},"properties":{"k":"artpart","name":"The West","m":"alum","b":1.3,"h":1.43}},{"type":"Feature","geometry":{"type":"Polygon","coordinates":[[[-97.7377585,30.2855913],[-97.7377614,30.285592],[-97.7377643,30.2855917],[-97.7377669,30.2855904],[-97.7377688,30.2855884],[-97.7377696,30.2855859],[-97.7377693,30.2855833],[-97.7377678,30.2855811],[-97.7377654,30.2855795],[-97.7377626,30.2855788],[-97.7377596,30.2855791],[-97.737757,30.2855804],[-97.7377551,30.2855824],[-97.7377543,30.2855849],[-97.7377547,30.2855874],[-97.7377561,30.2855897],[-97.7377585,30.2855913]]]},"properties":{"k":"artpart","name":"The West","m":"alum","b":1.43,"h":1.56}},{"type":"Feature","geometry":{"type":"Polygon","coordinates":[[[-97.7377587,30.2855909],[-97.7377614,30.2855916],[-97.7377642,30.2855913],[-97.7377666,30.2855901],[-97.7377684,30.2855882],[-97.7377691,30.2855859],[-97.7377688,30.2855835],[-97.7377674,30.2855814],[-97.7377652,30.2855798],[-97.7377625,30.2855792],[-97.7377597,30.2855795],[-97.7377573,30.2855807],[-97.7377555,30.2855826],[-97.7377548,30.2855849],[-97.7377551,30.2855873],[-97.7377565,30.2855894],[-97.7377587,30.2855909]]]},"properties":{"k":"artpart","name":"The West","m":"alum","b":1.56,"h":1.68}},{"type":"Feature","geometry":{"type":"Polygon","coordinates":[[[-97.737759,30.2855903],[-97.7377615,30.2855909],[-97.7377639,30.2855907],[-97.7377661,30.2855896],[-97.7377677,30.2855879],[-97.7377684,30.2855858],[-97.7377681,30.2855837],[-97.7377669,30.2855818],[-97.7377649,30.2855804],[-97.7377625,30.2855799],[-97.73776,30.2855801],[-97.7377578,30.2855812],[-97.7377562,30.2855829],[-97.7377555,30.285585],[-97.7377558,30.2855871],[-97.7377571,30.285589],[-97.737759,30.2855903]]]},"properties":{"k":"artpart","name":"The West","m":"alum","b":1.68,"h":1.81}},{"type":"Feature","geometry":{"type":"Polygon","coordinates":[[[-97.7377596,30.2855894],[-97.7377615,30.2855899],[-97.7377636,30.2855897],[-97.7377654,30.2855888],[-97.7377666,30.2855874],[-97.7377672,30.2855857],[-97.7377669,30.285584],[-97.7377659,30.2855825],[-97.7377643,30.2855814],[-97.7377624,30.2855809],[-97.7377603,30.2855811],[-97.7377586,30.2855819],[-97.7377573,30.2855833],[-97.7377567,30.285585],[-97.737757,30.2855868],[-97.737758,30.2855883],[-97.7377596,30.2855894]]]},"properties":{"k":"artpart","name":"The West","m":"alum","b":1.81,"h":1.94}},{"type":"Feature","geometry":{"type":"Polygon","coordinates":[[[-97.7377605,30.2855878],[-97.7377617,30.2855881],[-97.7377629,30.285588],[-97.737764,30.2855875],[-97.7377648,30.2855866],[-97.7377651,30.2855856],[-97.737765,30.2855845],[-97.7377644,30.2855836],[-97.7377634,30.285583],[-97.7377622,30.2855827],[-97.737761,30.2855828],[-97.7377599,30.2855833],[-97.7377591,30.2855842],[-97.7377588,30.2855852],[-97.7377589,30.2855862],[-97.7377595,30.2855872],[-97.7377605,30.2855878]]]},"properties":{"k":"artpart","name":"The West","m":"alum","b":1.94,"h":2.06}},{"type":"Feature","geometry":{"type":"Polygon","coordinates":[[[-97.7377579,30.2855912],[-97.7377562,30.2855939],[-97.7377574,30.2855944],[-97.737759,30.2855917],[-97.7377579,30.2855912]]]},"properties":{"k":"artpart","name":"The West","m":"corten","b":1.13,"h":1.47}},{"type":"Feature","geometry":{"type":"Polygon","coordinates":[[[-97.7377694,30.2855712],[-97.7377641,30.2855802],[-97.7377656,30.2855808],[-97.7377709,30.2855718],[-97.7377694,30.2855712]]]},"properties":{"k":"artpart","name":"The West","m":"corten","b":1.17,"h":1.43}},{"type":"Feature","geometry":{"type":"Polygon","coordinates":[[[-97.7379431,30.2831242],[-97.7379299,30.2831242],[-97.7379299,30.2831358],[-97.7379431,30.2831358],[-97.7379431,30.2831242]]]},"properties":{"k":"artpart","name":"Square Tilt","m":"granite","b":0.0,"h":0.64}},{"type":"Feature","geometry":{"type":"Polygon","coordinates":[[[-97.7379439,30.2831235],[-97.7379291,30.2831235],[-97.7379291,30.2831365],[-97.7379439,30.2831365],[-97.7379439,30.2831235]]]},"properties":{"k":"artpart","name":"Square Tilt","m":"granite","b":0.0,"h":0.14}},{"type":"Feature","geometry":{"type":"Polygon","coordinates":[[[-97.7379429,30.283127],[-97.7379301,30.283127],[-97.7379301,30.283133],[-97.7379429,30.283133],[-97.7379429,30.283127]]]},"properties":{"k":"artpart","name":"Square Tilt","m":"steel","b":0.64,"h":2.76}},{"type":"Feature","geometry":{"type":"Polygon","coordinates":[[[-97.7379397,30.283129],[-97.7379299,30.283129],[-97.7379299,30.2831336],[-97.7379397,30.2831336],[-97.7379397,30.283129]]]},"properties":{"k":"artpart","name":"Square Tilt","m":"steel","b":2.76,"h":4.11}},{"type":"Feature","geometry":{"type":"Polygon","coordinates":[[[-97.7379307,30.2831322],[-97.7379317,30.2831343],[-97.7379341,30.2831351],[-97.7379365,30.2831343],[-97.7379375,30.2831322],[-97.7379365,30.2831301],[-97.7379341,30.2831293],[-97.7379317,30.2831301],[-97.7379307,30.2831322]]]},"properties":{"k":"artpart","name":"Square Tilt","m":"steel","b":4.11,"h":4.5}},{"type":"Feature","geometry":{"type":"Polygon","coordinates":[[[-97.7363441,30.2848082],[-97.7363309,30.2848082],[-97.7363309,30.2848198],[-97.7363441,30.2848198],[-97.7363441,30.2848082]]]},"properties":{"k":"artpart","name":"The Color Inside","m":"granite","b":0.0,"h":0.82}},{"type":"Feature","geometry":{"type":"Polygon","coordinates":[[[-97.7363448,30.2848075],[-97.7363301,30.2848075],[-97.7363301,30.2848205],[-97.7363448,30.2848205],[-97.7363448,30.2848075]]]},"properties":{"k":"artpart","name":"The Color Inside","m":"granite","b":0.0,"h":0.18}},{"type":"Feature","geometry":{"type":"Polygon","coordinates":[[[-97.7363448,30.284811],[-97.7363302,30.284811],[-97.7363302,30.284817],[-97.7363448,30.284817],[-97.7363448,30.284811]]]},"properties":{"k":"artpart","name":"The Color Inside","m":"bronzed","b":0.82,"h":2.84}},{"type":"Feature","geometry":{"type":"Polygon","coordinates":[[[-97.7363427,30.284813],[-97.7363347,30.284813],[-97.7363347,30.2848176],[-97.7363427,30.2848176],[-97.7363427,30.284813]]]},"properties":{"k":"artpart","name":"The Color Inside","m":"bronzed","b":2.84,"h":4.13}},{"type":"Feature","geometry":{"type":"Polygon","coordinates":[[[-97.7363354,30.2848162],[-97.7363365,30.2848185],[-97.7363392,30.2848195],[-97.7363419,30.2848185],[-97.7363431,30.2848162],[-97.7363419,30.2848139],[-97.7363392,30.2848129],[-97.7363365,30.2848139],[-97.7363354,30.2848162]]]},"properties":{"k":"artpart","name":"The Color Inside","m":"bronzed","b":4.13,"h":4.5}},{"type":"Feature","geometry":{"type":"Polygon","coordinates":[[[-97.7385625,30.2802046],[-97.7385485,30.2802046],[-97.7385485,30.2802144],[-97.7385625,30.2802144],[-97.7385625,30.2802046]]]},"properties":{"k":"artpart","name":"Lone Star","m":"granite","b":0.0,"h":0.95}},{"type":"Feature","geometry":{"type":"Polygon","coordinates":[[[-97.7385501,30.2802095],[-97.7385511,30.2802122],[-97.7385538,30.2802139],[-97.7385572,30.2802139],[-97.7385599,30.2802122],[-97.7385609,30.2802095],[-97.7385599,30.2802068],[-97.7385572,30.2802051],[-97.7385538,30.2802051],[-97.7385511,30.2802068],[-97.7385501,30.2802095]]]},"properties":{"k":"artpart","name":"Lone Star","m":"bronze","b":1.73,"h":2.77}},{"type":"Feature","geometry":{"type":"Polygon","coordinates":[[[-97.7385583,30.280208],[-97.7385527,30.280208],[-97.7385527,30.280211],[-97.7385583,30.280211],[-97.7385583,30.280208]]]},"properties":{"k":"artpart","name":"Lone Star","m":"bronze","b":2.11,"h":2.82}},{"type":"Feature","geometry":{"type":"Polygon","coordinates":[[[-97.7385575,30.280208],[-97.7385535,30.280208],[-97.7385535,30.280211],[-97.7385575,30.280211],[-97.7385575,30.280208]]]},"properties":{"k":"artpart","name":"Lone Star","m":"bronze","b":2.59,"h":3.21}},{"type":"Feature","geometry":{"type":"Polygon","coordinates":[[[-97.7385567,30.280208],[-97.7385543,30.280208],[-97.7385543,30.280211],[-97.7385567,30.280211],[-97.7385567,30.280208]]]},"properties":{"k":"artpart","name":"Lone Star","m":"bronze","b":3.06,"h":3.61}},{"type":"Feature","geometry":{"type":"Polygon","coordinates":[[[-97.7385612,30.280208],[-97.7385541,30.280208],[-97.7385541,30.280211],[-97.7385612,30.280211],[-97.7385612,30.280208]]]},"properties":{"k":"artpart","name":"Lone Star","m":"bronze","b":2.05,"h":2.59}},{"type":"Feature","geometry":{"type":"Polygon","coordinates":[[[-97.7385651,30.280208],[-97.7385588,30.280208],[-97.7385588,30.280211],[-97.7385651,30.280211],[-97.7385651,30.280208]]]},"properties":{"k":"artpart","name":"Lone Star","m":"bronze","b":2.26,"h":2.64}},{"type":"Feature","geometry":{"type":"Polygon","coordinates":[[[-97.738569,30.280208],[-97.7385635,30.280208],[-97.7385635,30.280211],[-97.738569,30.280211],[-97.738569,30.280208]]]},"properties":{"k":"artpart","name":"Lone Star","m":"bronze","b":2.46,"h":2.71}},{"type":"Feature","geometry":{"type":"Polygon","coordinates":[[[-97.7385596,30.280208],[-97.738554,30.280208],[-97.738554,30.280211],[-97.7385596,30.280211],[-97.7385596,30.280208]]]},"properties":{"k":"artpart","name":"Lone Star","m":"bronze","b":1.76,"h":2.39}},{"type":"Feature","geometry":{"type":"Polygon","coordinates":[[[-97.7385618,30.280208],[-97.7385571,30.280208],[-97.7385571,30.280211],[-97.7385618,30.280211],[-97.7385618,30.280208]]]},"properties":{"k":"artpart","name":"Lone Star","m":"bronze","b":1.45,"h":2.0}},{"type":"Feature","geometry":{"type":"Polygon","coordinates":[[[-97.7385641,30.280208],[-97.7385602,30.280208],[-97.7385602,30.280211],[-97.7385641,30.280211],[-97.7385641,30.280208]]]},"properties":{"k":"artpart","name":"Lone Star","m":"bronze","b":1.14,"h":1.61}},{"type":"Feature","geometry":{"type":"Polygon","coordinates":[[[-97.738557,30.280208],[-97.7385514,30.280208],[-97.7385514,30.280211],[-97.738557,30.280211],[-97.738557,30.280208]]]},"properties":{"k":"artpart","name":"Lone Star","m":"bronze","b":1.76,"h":2.39}},{"type":"Feature","geometry":{"type":"Polygon","coordinates":[[[-97.7385539,30.280208],[-97.7385492,30.280208],[-97.7385492,30.280211],[-97.7385539,30.280211],[-97.7385539,30.280208]]]},"properties":{"k":"artpart","name":"Lone Star","m":"bronze","b":1.45,"h":2.0}},{"type":"Feature","geometry":{"type":"Polygon","coordinates":[[[-97.7385508,30.280208],[-97.7385469,30.280208],[-97.7385469,30.280211],[-97.7385508,30.280211],[-97.7385508,30.280208]]]},"properties":{"k":"artpart","name":"Lone Star","m":"bronze","b":1.14,"h":1.61}},{"type":"Feature","geometry":{"type":"Polygon","coordinates":[[[-97.7385569,30.280208],[-97.7385498,30.280208],[-97.7385498,30.280211],[-97.7385569,30.280211],[-97.7385569,30.280208]]]},"properties":{"k":"artpart","name":"Lone Star","m":"bronze","b":2.05,"h":2.59}},{"type":"Feature","geometry":{"type":"Polygon","coordinates":[[[-97.7385522,30.280208],[-97.7385459,30.280208],[-97.7385459,30.280211],[-97.7385522,30.280211],[-97.7385522,30.280208]]]},"properties":{"k":"artpart","name":"Lone Star","m":"bronze","b":2.26,"h":2.64}},{"type":"Feature","geometry":{"type":"Polygon","coordinates":[[[-97.7385475,30.280208],[-97.738542,30.280208],[-97.738542,30.280211],[-97.7385475,30.280211],[-97.7385475,30.280208]]]},"properties":{"k":"artpart","name":"Lone Star","m":"bronze","b":2.46,"h":2.71}},{"type":"Feature","geometry":{"type":"Polygon","coordinates":[[[-97.7381636,30.280178],[-97.7381645,30.2801798],[-97.7381665,30.2801805],[-97.7381685,30.2801798],[-97.7381694,30.280178],[-97.7381685,30.2801762],[-97.7381665,30.2801755],[-97.7381645,30.2801762],[-97.7381636,30.280178]]]},"properties":{"k":"artpart","name":"Bluebonnet","m":"limest","b":0.0,"h":0.18}},{"type":"Feature","geometry":{"type":"Polygon","coordinates":[[[-97.7381646,30.2801783],[-97.7381651,30.280179],[-97.7381661,30.280179],[-97.7381666,30.2801783],[-97.7381661,30.2801775],[-97.7381651,30.2801775],[-97.7381646,30.2801783]]]},"properties":{"k":"artpart","name":"Bluebonnet","m":"bronze","b":0.18,"h":0.88}},{"type":"Feature","geometry":{"type":"Polygon","coordinates":[[[-97.738166,30.2801791],[-97.7381664,30.2801798],[-97.7381674,30.2801798],[-97.7381679,30.2801791],[-97.7381674,30.2801784],[-97.7381664,30.2801784],[-97.738166,30.2801791]]]},"properties":{"k":"artpart","name":"Bluebonnet","m":"bronze","b":0.18,"h":0.6}},{"type":"Feature","geometry":{"type":"Polygon","coordinates":[[[-97.7381664,30.2801777],[-97.738167,30.2801785],[-97.7381681,30.2801785],[-97.7381686,30.2801777],[-97.7381681,30.2801769],[-97.738167,30.2801769],[-97.7381664,30.2801777]]]},"properties":{"k":"artpart","name":"Bluebonnet","m":"bronze","b":0.18,"h":0.61}},{"type":"Feature","geometry":{"type":"Polygon","coordinates":[[[-97.7381652,30.2801769],[-97.7381657,30.2801776],[-97.7381665,30.2801776],[-97.738167,30.2801769],[-97.7381665,30.2801763],[-97.7381657,30.2801763],[-97.7381652,30.2801769]]]},"properties":{"k":"artpart","name":"Bluebonnet","m":"bronze","b":0.18,"h":0.6}},{"type":"Feature","geometry":{"type":"Polygon","coordinates":[[[-97.7381653,30.280178],[-97.7381659,30.2801789],[-97.7381671,30.2801789],[-97.7381677,30.280178],[-97.7381671,30.2801771],[-97.7381659,30.2801771],[-97.7381653,30.280178]]]},"properties":{"k":"artpart","name":"Bluebonnet","m":"bronze","b":0.65,"h":0.77}},{"type":"Feature","geometry":{"type":"Polygon","coordinates":[[[-97.7381657,30.280178],[-97.7381661,30.2801786],[-97.7381669,30.2801786],[-97.7381673,30.280178],[-97.7381669,30.2801774],[-97.7381661,30.2801774],[-97.7381657,30.280178]]]},"properties":{"k":"artpart","name":"Bluebonnet","m":"bronze","b":0.77,"h":0.9}},{"type":"Feature","geometry":{"type":"Polygon","coordinates":[[[-97.7383071,30.2797986],[-97.7382999,30.2797986],[-97.7382999,30.2798034],[-97.7383071,30.2798034],[-97.7383071,30.2797986]]]},"properties":{"k":"artpart","name":"Horned Lizard","m":"limest","b":0.0,"h":0.2}},{"type":"Feature","geometry":{"type":"Polygon","coordinates":[[[-97.7383012,30.279801],[-97.7383016,30.2798022],[-97.7383028,30.2798029],[-97.7383042,30.2798029],[-97.7383054,30.2798022],[-97.7383058,30.279801],[-97.7383054,30.2797998],[-97.7383042,30.2797991],[-97.7383028,30.2797991],[-97.7383016,30.2797998],[-97.7383012,30.279801]]]},"properties":{"k":"artpart","name":"Horned Lizard","m":"bronze","b":0.2,"h":0.3}},{"type":"Feature","geometry":{"type":"Polygon","coordinates":[[[-97.7383015,30.279801],[-97.7383019,30.279802],[-97.7383029,30.2798027],[-97.7383041,30.2798027],[-97.7383051,30.279802],[-97.7383055,30.279801],[-97.7383051,30.2798],[-97.7383041,30.2797993],[-97.7383029,30.2797993],[-97.7383019,30.2798],[-97.7383015,30.279801]]]},"properties":{"k":"artpart","name":"Horned Lizard","m":"bronze","b":0.3,"h":0.4}},{"type":"Feature","geometry":{"type":"Polygon","coordinates":[[[-97.7383022,30.279801],[-97.7383025,30.2798017],[-97.7383031,30.2798021],[-97.7383039,30.2798021],[-97.7383045,30.2798017],[-97.7383048,30.279801],[-97.7383045,30.2798003],[-97.7383039,30.2797999],[-97.7383031,30.2797999],[-97.7383025,30.2798003],[-97.7383022,30.279801]]]},"properties":{"k":"artpart","name":"Horned Lizard","m":"bronze","b":0.4,"h":0.5}},{"type":"Feature","geometry":{"type":"Polygon","coordinates":[[[-97.7383025,30.2798027],[-97.7383028,30.2798034],[-97.7383035,30.2798036],[-97.7383042,30.2798034],[-97.7383045,30.2798027],[-97.7383042,30.2798021],[-97.7383035,30.2798018],[-97.7383028,30.2798021],[-97.7383025,30.2798027]]]},"properties":{"k":"artpart","name":"Horned Lizard","m":"bronze","b":0.27,"h":0.5}},{"type":"Feature","geometry":{"type":"Polygon","coordinates":[[[-97.7383028,30.2798033],[-97.7383032,30.2798038],[-97.7383038,30.2798038],[-97.7383042,30.2798033],[-97.7383038,30.2798028],[-97.7383032,30.2798028],[-97.7383028,30.2798033]]]},"properties":{"k":"artpart","name":"Horned Lizard","m":"bronze","b":0.43,"h":0.58}},{"type":"Feature","geometry":{"type":"Polygon","coordinates":[[[-97.7383022,30.2798015],[-97.7383015,30.2798015],[-97.7383015,30.2798021],[-97.7383022,30.2798021],[-97.7383022,30.2798015]]]},"properties":{"k":"artpart","name":"Horned Lizard","m":"bronze","b":0.2,"h":0.34}},{"type":"Feature","geometry":{"type":"Polygon","coordinates":[[[-97.7383022,30.2797999],[-97.7383015,30.2797999],[-97.7383015,30.2798005],[-97.7383022,30.2798005],[-97.7383022,30.2797999]]]},"properties":{"k":"artpart","name":"Horned Lizard","m":"bronze","b":0.2,"h":0.34}},{"type":"Feature","geometry":{"type":"Polygon","coordinates":[[[-97.7383055,30.2798015],[-97.7383048,30.2798015],[-97.7383048,30.2798021],[-97.7383055,30.2798021],[-97.7383055,30.2798015]]]},"properties":{"k":"artpart","name":"Horned Lizard","m":"bronze","b":0.2,"h":0.34}},{"type":"Feature","geometry":{"type":"Polygon","coordinates":[[[-97.7383055,30.2797999],[-97.7383048,30.2797999],[-97.7383048,30.2798005],[-97.7383055,30.2798005],[-97.7383055,30.2797999]]]},"properties":{"k":"artpart","name":"Horned Lizard","m":"bronze","b":0.2,"h":0.34}},{"type":"Feature","geometry":{"type":"Polygon","coordinates":[[[-97.7383038,30.2797998],[-97.7383038,30.279799],[-97.7383032,30.279799],[-97.7383032,30.2797998],[-97.7383038,30.2797998]]]},"properties":{"k":"artpart","name":"Horned Lizard","m":"bronze","b":0.21,"h":0.28}},{"type":"Feature","geometry":{"type":"Polygon","coordinates":[[[-97.7383038,30.2797995],[-97.7383038,30.2797986],[-97.7383032,30.2797986],[-97.7383032,30.2797995],[-97.7383038,30.2797995]]]},"properties":{"k":"artpart","name":"Horned Lizard","m":"bronze","b":0.23,"h":0.3}},{"type":"Feature","geometry":{"type":"Polygon","coordinates":[[[-97.7383038,30.2797991],[-97.7383038,30.2797983],[-97.7383032,30.2797983],[-97.7383032,30.2797991],[-97.7383038,30.2797991]]]},"properties":{"k":"artpart","name":"Horned Lizard","m":"bronze","b":0.26,"h":0.33}},{"type":"Feature","geometry":{"type":"Polygon","coordinates":[[[-97.7383038,30.2797987],[-97.7383038,30.2797979],[-97.7383032,30.2797979],[-97.7383032,30.2797987],[-97.7383038,30.2797987]]]},"properties":{"k":"artpart","name":"Horned Lizard","m":"bronze","b":0.29,"h":0.36}},{"type":"Feature","geometry":{"type":"Polygon","coordinates":[[[-97.7383038,30.2797984],[-97.7383038,30.2797975],[-97.7383032,30.2797975],[-97.7383032,30.2797984],[-97.7383038,30.2797984]]]},"properties":{"k":"artpart","name":"Horned Lizard","m":"bronze","b":0.32,"h":0.39}},{"type":"Feature","geometry":{"type":"Polygon","coordinates":[[[-97.7387638,30.279302],[-97.7387646,30.2793037],[-97.7387665,30.2793043],[-97.7387684,30.2793037],[-97.7387692,30.279302],[-97.7387684,30.2793003],[-97.7387665,30.2792997],[-97.7387646,30.2793003],[-97.7387638,30.279302]]]},"properties":{"k":"artpart","name":"Bat","m":"limest","b":0.0,"h":0.16}},{"type":"Feature","geometry":{"type":"Polygon","coordinates":[[[-97.7387655,30.279302],[-97.738766,30.2793028],[-97.738767,30.2793028],[-97.7387675,30.279302],[-97.738767,30.2793012],[-97.738766,30.2793012],[-97.7387655,30.279302]]]},"properties":{"k":"artpart","name":"Bat","m":"steel","b":0.0,"h":0.87}},{"type":"Feature","geometry":{"type":"Polygon","coordinates":[[[-97.7387676,30.2793007],[-97.7387654,30.2793007],[-97.7387654,30.2793033],[-97.7387676,30.2793033],[-97.7387676,30.2793007]]]},"properties":{"k":"artpart","name":"Bat","m":"bronze","b":0.87,"h":1.29}},{"type":"Feature","geometry":{"type":"Polygon","coordinates":[[[-97.7387656,30.2793032],[-97.738766,30.2793039],[-97.738767,30.2793039],[-97.7387674,30.2793032],[-97.738767,30.2793025],[-97.738766,30.2793025],[-97.7387656,30.2793032]]]},"properties":{"k":"artpart","name":"Bat","m":"bronze","b":1.2,"h":1.4}},{"type":"Feature","geometry":{"type":"Polygon","coordinates":[[[-97.7387668,30.2793015],[-97.7387649,30.279301],[-97.7387645,30.2793024],[-97.7387664,30.2793029],[-97.7387668,30.2793015]]]},"properties":{"k":"artpart","name":"Bat","m":"bronze","b":0.82,"h":1.03}},{"type":"Feature","geometry":{"type":"Polygon","coordinates":[[[-97.7387664,30.2793014],[-97.7387645,30.2793009],[-97.738764,30.2793023],[-97.7387659,30.2793028],[-97.7387664,30.2793014]]]},"properties":{"k":"artpart","name":"Bat","m":"bronze","b":0.86,"h":1.07}},{"type":"Feature","geometry":{"type":"Polygon","coordinates":[[[-97.7387659,30.2793013],[-97.738764,30.2793008],[-97.7387636,30.2793022],[-97.7387655,30.2793027],[-97.7387659,30.2793013]]]},"properties":{"k":"artpart","name":"Bat","m":"bronze","b":0.9,"h":1.11}},{"type":"Feature","geometry":{"type":"Polygon","coordinates":[[[-97.7387655,30.2793012],[-97.7387636,30.2793007],[-97.7387631,30.2793021],[-97.738765,30.2793026],[-97.7387655,30.2793012]]]},"properties":{"k":"artpart","name":"Bat","m":"bronze","b":0.94,"h":1.15}},{"type":"Feature","geometry":{"type":"Polygon","coordinates":[[[-97.738765,30.2793011],[-97.7387631,30.2793006],[-97.7387627,30.279302],[-97.7387646,30.2793025],[-97.738765,30.2793011]]]},"properties":{"k":"artpart","name":"Bat","m":"bronze","b":0.98,"h":1.19}},{"type":"Feature","geometry":{"type":"Polygon","coordinates":[[[-97.7387646,30.279301],[-97.7387627,30.2793005],[-97.7387622,30.2793019],[-97.7387641,30.2793024],[-97.7387646,30.279301]]]},"properties":{"k":"artpart","name":"Bat","m":"bronze","b":1.02,"h":1.23}},{"type":"Feature","geometry":{"type":"Polygon","coordinates":[[[-97.7387641,30.2793009],[-97.7387622,30.2793004],[-97.7387618,30.2793018],[-97.7387637,30.2793023],[-97.7387641,30.2793009]]]},"properties":{"k":"artpart","name":"Bat","m":"bronze","b":1.06,"h":1.27}},{"type":"Feature","geometry":{"type":"Polygon","coordinates":[[[-97.7387637,30.2793008],[-97.7387618,30.2793003],[-97.7387613,30.2793017],[-97.7387632,30.2793022],[-97.7387637,30.2793008]]]},"properties":{"k":"artpart","name":"Bat","m":"bronze","b":1.1,"h":1.31}},{"type":"Feature","geometry":{"type":"Polygon","coordinates":[[[-97.7387632,30.2793007],[-97.7387613,30.2793002],[-97.7387609,30.2793016],[-97.7387628,30.2793021],[-97.7387632,30.2793007]]]},"properties":{"k":"artpart","name":"Bat","m":"bronze","b":1.13,"h":1.35}},{"type":"Feature","geometry":{"type":"Polygon","coordinates":[[[-97.7387666,30.2793029],[-97.7387685,30.2793024],[-97.7387681,30.279301],[-97.7387662,30.2793015],[-97.7387666,30.2793029]]]},"properties":{"k":"artpart","name":"Bat","m":"bronze","b":0.82,"h":1.03}},{"type":"Feature","geometry":{"type":"Polygon","coordinates":[[[-97.7387671,30.2793028],[-97.738769,30.2793023],[-97.7387685,30.2793009],[-97.7387666,30.2793014],[-97.7387671,30.2793028]]]},"properties":{"k":"artpart","name":"Bat","m":"bronze","b":0.86,"h":1.07}},{"type":"Feature","geometry":{"type":"Polygon","coordinates":[[[-97.7387675,30.2793027],[-97.7387694,30.2793022],[-97.738769,30.2793008],[-97.7387671,30.2793013],[-97.7387675,30.2793027]]]},"properties":{"k":"artpart","name":"Bat","m":"bronze","b":0.9,"h":1.11}},{"type":"Feature","geometry":{"type":"Polygon","coordinates":[[[-97.738768,30.2793026],[-97.7387699,30.2793021],[-97.7387694,30.2793007],[-97.7387675,30.2793012],[-97.738768,30.2793026]]]},"properties":{"k":"artpart","name":"Bat","m":"bronze","b":0.94,"h":1.15}},{"type":"Feature","geometry":{"type":"Polygon","coordinates":[[[-97.7387684,30.2793025],[-97.7387703,30.279302],[-97.7387699,30.2793006],[-97.738768,30.2793011],[-97.7387684,30.2793025]]]},"properties":{"k":"artpart","name":"Bat","m":"bronze","b":0.98,"h":1.19}},{"type":"Feature","geometry":{"type":"Polygon","coordinates":[[[-97.7387689,30.2793024],[-97.7387708,30.2793019],[-97.7387703,30.2793005],[-97.7387684,30.279301],[-97.7387689,30.2793024]]]},"properties":{"k":"artpart","name":"Bat","m":"bronze","b":1.02,"h":1.23}},{"type":"Feature","geometry":{"type":"Polygon","coordinates":[[[-97.7387693,30.2793023],[-97.7387712,30.2793018],[-97.7387708,30.2793004],[-97.7387689,30.2793009],[-97.7387693,30.2793023]]]},"properties":{"k":"artpart","name":"Bat","m":"bronze","b":1.06,"h":1.27}},{"type":"Feature","geometry":{"type":"Polygon","coordinates":[[[-97.7387698,30.2793022],[-97.7387717,30.2793017],[-97.7387712,30.2793003],[-97.7387693,30.2793008],[-97.7387698,30.2793022]]]},"properties":{"k":"artpart","name":"Bat","m":"bronze","b":1.1,"h":1.31}},{"type":"Feature","geometry":{"type":"Polygon","coordinates":[[[-97.7387702,30.2793021],[-97.7387721,30.2793016],[-97.7387717,30.2793002],[-97.7387698,30.2793007],[-97.7387702,30.2793021]]]},"properties":{"k":"artpart","name":"Bat","m":"bronze","b":1.13,"h":1.35}},{"type":"Feature","geometry":{"type":"Polygon","coordinates":[[[-97.738635,30.278918],[-97.7386366,30.2789214],[-97.7386405,30.2789228],[-97.7386444,30.2789214],[-97.738646,30.278918],[-97.7386444,30.2789146],[-97.7386405,30.2789132],[-97.7386366,30.2789146],[-97.738635,30.278918]]]},"properties":{"k":"artpart","name":"Prickly Pear","m":"limest","b":0.0,"h":0.22}},{"type":"Feature","geometry":{"type":"Polygon","coordinates":[[[-97.7386368,30.2789185],[-97.7386378,30.2789199],[-97.7386397,30.2789199],[-97.7386406,30.2789185],[-97.7386397,30.2789171],[-97.7386378,30.2789171],[-97.7386368,30.2789185]]]},"properties":{"k":"artpart","name":"Prickly Pear","m":"bronze","b":0.22,"h":1.41}},{"type":"Feature","geometry":{"type":"Polygon","coordinates":[[[-97.7386395,30.2789201],[-97.7386404,30.2789214],[-97.7386422,30.2789214],[-97.7386431,30.2789201],[-97.7386422,30.2789187],[-97.7386404,30.2789187],[-97.7386395,30.2789201]]]},"properties":{"k":"artpart","name":"Prickly Pear","m":"bronze","b":0.22,"h":0.94}},{"type":"Feature","geometry":{"type":"Polygon","coordinates":[[[-97.7386403,30.2789175],[-97.7386414,30.278919],[-97.7386435,30.278919],[-97.7386445,30.2789175],[-97.7386435,30.2789159],[-97.7386414,30.2789159],[-97.7386403,30.2789175]]]},"properties":{"k":"artpart","name":"Prickly Pear","m":"bronze","b":0.22,"h":0.95}},{"type":"Feature","geometry":{"type":"Polygon","coordinates":[[[-97.7386381,30.278916],[-97.7386389,30.2789172],[-97.7386406,30.2789172],[-97.7386414,30.278916],[-97.7386406,30.2789147],[-97.7386389,30.2789147],[-97.7386381,30.278916]]]},"properties":{"k":"artpart","name":"Prickly Pear","m":"bronze","b":0.22,"h":0.94}},{"type":"Feature","geometry":{"type":"Polygon","coordinates":[[[-97.7386382,30.278918],[-97.7386393,30.2789197],[-97.7386417,30.2789197],[-97.7386428,30.278918],[-97.7386417,30.2789163],[-97.7386393,30.2789163],[-97.7386382,30.278918]]]},"properties":{"k":"artpart","name":"Prickly Pear","m":"bronze","b":1.04,"h":1.25}},{"type":"Feature","geometry":{"type":"Polygon","coordinates":[[[-97.7386389,30.278918],[-97.7386397,30.2789192],[-97.7386413,30.2789192],[-97.7386421,30.278918],[-97.7386413,30.2789168],[-97.7386397,30.2789168],[-97.7386389,30.278918]]]},"properties":{"k":"artpart","name":"Prickly Pear","m":"bronze","b":1.25,"h":1.45}},{"type":"Feature","geometry":{"type":"Polygon","coordinates":[[[-97.7390857,30.2785032],[-97.7390753,30.2785032],[-97.7390753,30.2785088],[-97.7390857,30.2785088],[-97.7390857,30.2785032]]]},"properties":{"k":"artpart","name":"Armadillo","m":"limest","b":0.0,"h":0.26}},{"type":"Feature","geometry":{"type":"Polygon","coordinates":[[[-97.7390772,30.278506],[-97.7390778,30.2785077],[-97.7390795,30.2785087],[-97.7390815,30.2785087],[-97.7390832,30.2785077],[-97.7390838,30.278506],[-97.7390832,30.2785043],[-97.7390815,30.2785033],[-97.7390795,30.2785033],[-97.7390778,30.2785043],[-97.7390772,30.278506]]]},"properties":{"k":"artpart","name":"Armadillo","m":"bronze","b":0.26,"h":0.4}},{"type":"Feature","geometry":{"type":"Polygon","coordinates":[[[-97.7390776,30.278506],[-97.7390781,30.2785075],[-97.7390796,30.2785084],[-97.7390814,30.2785084],[-97.7390829,30.2785075],[-97.7390834,30.278506],[-97.7390829,30.2785045],[-97.7390814,30.2785036],[-97.7390796,30.2785036],[-97.7390781,30.2785045],[-97.7390776,30.278506]]]},"properties":{"k":"artpart","name":"Armadillo","m":"bronze","b":0.4,"h":0.55}},{"type":"Feature","geometry":{"type":"Polygon","coordinates":[[[-97.7390786,30.278506],[-97.739079,30.2785069],[-97.7390799,30.2785075],[-97.7390811,30.2785075],[-97.739082,30.2785069],[-97.7390824,30.278506],[-97.739082,30.2785051],[-97.7390811,30.2785045],[-97.7390799,30.2785045],[-97.739079,30.2785051],[-97.7390786,30.278506]]]},"properties":{"k":"artpart","name":"Armadillo","m":"bronze","b":0.55,"h":0.69}},{"type":"Feature","geometry":{"type":"Polygon","coordinates":[[[-97.739079,30.2785081],[-97.7390795,30.278509],[-97.7390805,30.2785094],[-97.7390815,30.278509],[-97.739082,30.2785081],[-97.7390815,30.2785072],[-97.7390805,30.2785068],[-97.7390795,30.2785072],[-97.739079,30.2785081]]]},"properties":{"k":"artpart","name":"Armadillo","m":"bronze","b":0.37,"h":0.69}},{"type":"Feature","geometry":{"type":"Polygon","coordinates":[[[-97.7390795,30.2785088],[-97.73908,30.2785095],[-97.739081,30.2785095],[-97.7390815,30.2785088],[-97.739081,30.278508],[-97.73908,30.278508],[-97.7390795,30.2785088]]]},"properties":{"k":"artpart","name":"Armadillo","m":"bronze","b":0.6,"h":0.8}},{"type":"Feature","geometry":{"type":"Polygon","coordinates":[[[-97.7390786,30.2785065],[-97.7390776,30.2785065],[-97.7390776,30.2785073],[-97.7390786,30.2785073],[-97.7390786,30.2785065]]]},"properties":{"k":"artpart","name":"Armadillo","m":"bronze","b":0.26,"h":0.45}},{"type":"Feature","geometry":{"type":"Polygon","coordinates":[[[-97.7390786,30.2785047],[-97.7390776,30.2785047],[-97.7390776,30.2785055],[-97.7390786,30.2785055],[-97.7390786,30.2785047]]]},"properties":{"k":"artpart","name":"Armadillo","m":"bronze","b":0.26,"h":0.45}},{"type":"Feature","geometry":{"type":"Polygon","coordinates":[[[-97.7390834,30.2785065],[-97.7390824,30.2785065],[-97.7390824,30.2785073],[-97.7390834,30.2785073],[-97.7390834,30.2785065]]]},"properties":{"k":"artpart","name":"Armadillo","m":"bronze","b":0.26,"h":0.45}},{"type":"Feature","geometry":{"type":"Polygon","coordinates":[[[-97.7390834,30.2785047],[-97.7390824,30.2785047],[-97.7390824,30.2785055],[-97.7390834,30.2785055],[-97.7390834,30.2785047]]]},"properties":{"k":"artpart","name":"Armadillo","m":"bronze","b":0.26,"h":0.45}},{"type":"Feature","geometry":{"type":"Polygon","coordinates":[[[-97.7390809,30.2785047],[-97.7390809,30.2785037],[-97.7390801,30.2785037],[-97.7390801,30.2785047],[-97.7390809,30.2785047]]]},"properties":{"k":"artpart","name":"Armadillo","m":"bronze","b":0.25,"h":0.36}},{"type":"Feature","geometry":{"type":"Polygon","coordinates":[[[-97.7390809,30.2785044],[-97.7390809,30.2785034],[-97.7390801,30.2785034],[-97.7390801,30.2785044],[-97.7390809,30.2785044]]]},"properties":{"k":"artpart","name":"Armadillo","m":"bronze","b":0.28,"h":0.39}},{"type":"Feature","geometry":{"type":"Polygon","coordinates":[[[-97.7390809,30.278504],[-97.7390809,30.278503],[-97.7390801,30.278503],[-97.7390801,30.278504],[-97.7390809,30.278504]]]},"properties":{"k":"artpart","name":"Armadillo","m":"bronze","b":0.31,"h":0.42}},{"type":"Feature","geometry":{"type":"Polygon","coordinates":[[[-97.7390809,30.2785037],[-97.7390809,30.2785027],[-97.7390801,30.2785027],[-97.7390801,30.2785037],[-97.7390809,30.2785037]]]},"properties":{"k":"artpart","name":"Armadillo","m":"bronze","b":0.34,"h":0.45}},{"type":"Feature","geometry":{"type":"Polygon","coordinates":[[[-97.7390809,30.2785034],[-97.7390809,30.2785024],[-97.7390801,30.2785024],[-97.7390801,30.2785034],[-97.7390809,30.2785034]]]},"properties":{"k":"artpart","name":"Armadillo","m":"bronze","b":0.37,"h":0.48}},{"type":"Feature","geometry":{"type":"Polygon","coordinates":[[[-97.7390809,30.2785031],[-97.7390809,30.2785021],[-97.7390801,30.2785021],[-97.7390801,30.2785031],[-97.7390809,30.2785031]]]},"properties":{"k":"artpart","name":"Armadillo","m":"bronze","b":0.4,"h":0.51}},{"type":"Feature","geometry":{"type":"Polygon","coordinates":[[[-97.7390809,30.2785028],[-97.7390809,30.2785018],[-97.7390801,30.2785018],[-97.7390801,30.2785028],[-97.7390809,30.2785028]]]},"properties":{"k":"artpart","name":"Armadillo","m":"bronze","b":0.43,"h":0.54}},{"type":"Feature","geometry":{"type":"Polygon","coordinates":[[[-97.7389983,30.2779792],[-97.7389827,30.2779792],[-97.7389827,30.2779908],[-97.7389983,30.2779908],[-97.7389983,30.2779792]]]},"properties":{"k":"artpart","name":"Sea Turtle","m":"limest","b":0.0,"h":0.4}},{"type":"Feature","geometry":{"type":"Polygon","coordinates":[[[-97.7389993,30.2779783],[-97.7389817,30.2779783],[-97.7389817,30.2779917],[-97.7389993,30.2779917],[-97.7389993,30.2779783]]]},"properties":{"k":"artpart","name":"Sea Turtle","m":"limest","b":0.0,"h":0.12}},{"type":"Feature","geometry":{"type":"Polygon","coordinates":[[[-97.7389837,30.277985],[-97.7389846,30.2779879],[-97.7389871,30.2779901],[-97.7389905,30.2779908],[-97.7389939,30.2779901],[-97.7389964,30.2779879],[-97.7389973,30.277985],[-97.7389964,30.2779821],[-97.7389939,30.2779799],[-97.7389905,30.2779792],[-97.7389871,30.2779799],[-97.7389846,30.2779821],[-97.7389837,30.277985]]]},"properties":{"k":"artpart","name":"Sea Turtle","m":"bronze","b":0.4,"h":0.6}},{"type":"Feature","geometry":{"type":"Polygon","coordinates":[[[-97.7389846,30.277985],[-97.7389854,30.2779876],[-97.7389875,30.2779894],[-97.7389905,30.2779901],[-97.7389935,30.2779894],[-97.7389956,30.2779876],[-97.7389964,30.277985],[-97.7389956,30.2779824],[-97.7389935,30.2779806],[-97.7389905,30.2779799],[-97.7389875,30.2779806],[-97.7389854,30.2779824],[-97.7389846,30.277985]]]},"properties":{"k":"artpart","name":"Sea Turtle","m":"bronze","b":0.6,"h":0.8}},{"type":"Feature","geometry":{"type":"Polygon","coordinates":[[[-97.7389867,30.277985],[-97.7389872,30.2779866],[-97.7389886,30.2779878],[-97.7389905,30.2779883],[-97.7389924,30.2779878],[-97.7389938,30.2779866],[-97.7389943,30.277985],[-97.7389938,30.2779834],[-97.7389924,30.2779822],[-97.7389905,30.2779817],[-97.7389886,30.2779822],[-97.7389872,30.2779834],[-97.7389867,30.277985]]]},"properties":{"k":"artpart","name":"Sea Turtle","m":"bronze","b":0.8,"h":1.0}},{"type":"Feature","geometry":{"type":"Polygon","coordinates":[[[-97.7389884,30.2779906],[-97.738989,30.2779919],[-97.7389905,30.2779924],[-97.738992,30.2779919],[-97.7389926,30.2779906],[-97.738992,30.2779894],[-97.7389905,30.2779889],[-97.738989,30.2779894],[-97.7389884,30.2779906]]]},"properties":{"k":"artpart","name":"Sea Turtle","m":"bronze","b":0.46,"h":0.74}},{"type":"Feature","geometry":{"type":"Polygon","coordinates":[[[-97.7389867,30.2779852],[-97.7389812,30.2779896],[-97.7389831,30.2779913],[-97.7389885,30.2779869],[-97.7389867,30.2779852]]]},"properties":{"k":"artpart","name":"Sea Turtle","m":"bronze","b":0.42,"h":0.58}},{"type":"Feature","geometry":{"type":"Polygon","coordinates":[[[-97.7389979,30.2779852],[-97.7389925,30.2779896],[-97.7389943,30.2779913],[-97.7389998,30.2779869],[-97.7389979,30.2779852]]]},"properties":{"k":"artpart","name":"Sea Turtle","m":"bronze","b":0.42,"h":0.58}},{"type":"Feature","geometry":{"type":"Polygon","coordinates":[[[-97.7389886,30.2779825],[-97.7389829,30.2779783],[-97.7389811,30.2779801],[-97.7389869,30.2779843],[-97.7389886,30.2779825]]]},"properties":{"k":"artpart","name":"Sea Turtle","m":"bronze","b":0.42,"h":0.58}},{"type":"Feature","geometry":{"type":"Polygon","coordinates":[[[-97.7389999,30.2779825],[-97.7389941,30.2779783],[-97.7389924,30.2779801],[-97.7389981,30.2779843],[-97.7389999,30.2779825]]]},"properties":{"k":"artpart","name":"Sea Turtle","m":"bronze","b":0.42,"h":0.58}},{"type":"Feature","geometry":{"type":"Polygon","coordinates":[[[-97.733545,30.2850014],[-97.733534,30.2850014],[-97.733534,30.2850106],[-97.733545,30.2850106],[-97.733545,30.2850014]]]},"properties":{"k":"artpart","name":"The Doughboy","m":"granite","b":0.0,"h":2.18}},{"type":"Feature","geometry":{"type":"Polygon","coordinates":[[[-97.7335456,30.2850008],[-97.7335334,30.2850008],[-97.7335334,30.2850112],[-97.7335456,30.2850112],[-97.7335456,30.2850008]]]},"properties":{"k":"artpart","name":"The Doughboy","m":"granite","b":0.0,"h":0.48}},{"type":"Feature","geometry":{"type":"Polygon","coordinates":[[[-97.733542,30.2850043],[-97.733537,30.2850043],[-97.733537,30.2850077],[-97.733542,30.2850077],[-97.733542,30.2850043]]]},"properties":{"k":"artpart","name":"The Doughboy","m":"bronze","b":2.18,"h":3.11}},{"type":"Feature","geometry":{"type":"Polygon","coordinates":[[[-97.7335424,30.2850041],[-97.7335366,30.2850041],[-97.7335366,30.2850079],[-97.7335424,30.2850079],[-97.7335424,30.2850041]]]},"properties":{"k":"artpart","name":"The Doughboy","m":"bronze","b":3.11,"h":3.31}},{"type":"Feature","geometry":{"type":"Polygon","coordinates":[[[-97.7335427,30.285004],[-97.7335363,30.285004],[-97.7335363,30.285008],[-97.7335427,30.285008],[-97.7335427,30.285004]]]},"properties":{"k":"artpart","name":"The Doughboy","m":"bronze","b":3.31,"h":3.8}},{"type":"Feature","geometry":{"type":"Polygon","coordinates":[[[-97.7335435,30.2850041],[-97.7335355,30.2850041],[-97.7335355,30.2850079],[-97.7335435,30.2850079],[-97.7335435,30.2850041]]]},"properties":{"k":"artpart","name":"The Doughboy","m":"bronze","b":3.8,"h":3.92}},{"type":"Feature","geometry":{"type":"Polygon","coordinates":[[[-97.7335372,30.285006],[-97.7335379,30.2850074],[-97.7335395,30.285008],[-97.7335411,30.2850074],[-97.7335418,30.285006],[-97.7335411,30.2850046],[-97.7335395,30.285004],[-97.7335379,30.2850046],[-97.7335372,30.285006]]]},"properties":{"k":"artpart","name":"The Doughboy","m":"bronze","b":3.96,"h":4.2}},{"type":"Feature","geometry":{"type":"Polygon","coordinates":[[[-97.7378692,30.2815691],[-97.7377888,30.2815691],[-97.7377888,30.2817689],[-97.7378692,30.2817689],[-97.7378692,30.2815691]]]},"properties":{"k":"artpart","name":"Austin","m":"white","b":0.0,"h":5.35}},{"type":"Feature","geometry":{"type":"Polygon","coordinates":[[[-97.7379241,30.2816613],[-97.7377339,30.2816613],[-97.7377339,30.2817306],[-97.7379241,30.2817306],[-97.7379241,30.2816613]]]},"properties":{"k":"artpart","name":"Austin","m":"white","b":0.0,"h":5.35}},{"type":"Feature","geometry":{"type":"Polygon","coordinates":[[[-97.7378691,30.2815691],[-97.7377889,30.2815691],[-97.7377889,30.2817689],[-97.7378691,30.2817689],[-97.7378691,30.2815691]]]},"properties":{"k":"artpart","name":"Austin","m":"white","b":5.35,"h":5.47}},{"type":"Feature","geometry":{"type":"Polygon","coordinates":[[[-97.7379241,30.2816613],[-97.7377339,30.2816613],[-97.7377339,30.2817306],[-97.7379241,30.2817306],[-97.7379241,30.2816613]]]},"properties":{"k":"artpart","name":"Austin","m":"white","b":5.35,"h":5.47}},{"type":"Feature","geometry":{"type":"Polygon","coordinates":[[[-97.7378691,30.2815691],[-97.7377889,30.2815691],[-97.7377889,30.2817689],[-97.7378691,30.2817689],[-97.7378691,30.2815691]]]},"properties":{"k":"artpart","name":"Austin","m":"white","b":5.47,"h":5.59}},{"type":"Feature","geometry":{"type":"Polygon","coordinates":[[[-97.7379241,30.2816614],[-97.7377339,30.2816614],[-97.7377339,30.2817305],[-97.7379241,30.2817305],[-97.7379241,30.2816614]]]},"properties":{"k":"artpart","name":"Austin","m":"white","b":5.47,"h":5.59}},{"type":"Feature","geometry":{"type":"Polygon","coordinates":[[[-97.7378689,30.2815691],[-97.7377891,30.2815691],[-97.7377891,30.2817689],[-97.7378689,30.2817689],[-97.7378689,30.2815691]]]},"properties":{"k":"artpart","name":"Austin","m":"white","b":5.59,"h":5.72}},{"type":"Feature","geometry":{"type":"Polygon","coordinates":[[[-97.7379241,30.2816615],[-97.7377339,30.2816615],[-97.7377339,30.2817304],[-97.7379241,30.2817304],[-97.7379241,30.2816615]]]},"properties":{"k":"artpart","name":"Austin","m":"white","b":5.59,"h":5.72}},{"type":"Feature","geometry":{"type":"Polygon","coordinates":[[[-97.7378686,30.2815691],[-97.7377894,30.2815691],[-97.7377894,30.2817689],[-97.7378686,30.2817689],[-97.7378686,30.2815691]]]},"properties":{"k":"artpart","name":"Austin","m":"white","b":5.72,"h":5.84}},{"type":"Feature","geometry":{"type":"Polygon","coordinates":[[[-97.7379241,30.2816617],[-97.7377339,30.2816617],[-97.7377339,30.2817302],[-97.7379241,30.2817302],[-97.7379241,30.2816617]]]},"properties":{"k":"artpart","name":"Austin","m":"white","b":5.72,"h":5.84}},{"type":"Feature","geometry":{"type":"Polygon","coordinates":[[[-97.7378683,30.2815691],[-97.7377897,30.2815691],[-97.7377897,30.2817689],[-97.7378683,30.2817689],[-97.7378683,30.2815691]]]},"properties":{"k":"artpart","name":"Austin","m":"white","b":5.84,"h":5.96}},{"type":"Feature","geometry":{"type":"Polygon","coordinates":[[[-97.7379241,30.281662],[-97.7377339,30.281662],[-97.7377339,30.2817299],[-97.7379241,30.2817299],[-97.7379241,30.281662]]]},"properties":{"k":"artpart","name":"Austin","m":"white","b":5.84,"h":5.96}},{"type":"Feature","geometry":{"type":"Polygon","coordinates":[[[-97.7378679,30.2815691],[-97.7377901,30.2815691],[-97.7377901,30.2817689],[-97.7378679,30.2817689],[-97.7378679,30.2815691]]]},"properties":{"k":"artpart","name":"Austin","m":"white","b":5.96,"h":6.08}},{"type":"Feature","geometry":{"type":"Polygon","coordinates":[[[-97.7379241,30.2816624],[-97.7377339,30.2816624],[-97.7377339,30.2817295],[-97.7379241,30.2817295],[-97.7379241,30.2816624]]]},"properties":{"k":"artpart","name":"Austin","m":"white","b":5.96,"h":6.08}},{"type":"Feature","geometry":{"type":"Polygon","coordinates":[[[-97.7378674,30.2815691],[-97.7377906,30.2815691],[-97.7377906,30.2817689],[-97.7378674,30.2817689],[-97.7378674,30.2815691]]]},"properties":{"k":"artpart","name":"Austin","m":"white","b":6.08,"h":6.2}},{"type":"Feature","geometry":{"type":"Polygon","coordinates":[[[-97.7379241,30.2816628],[-97.7377339,30.2816628],[-97.7377339,30.2817291],[-97.7379241,30.2817291],[-97.7379241,30.2816628]]]},"properties":{"k":"artpart","name":"Austin","m":"white","b":6.08,"h":6.2}},{"type":"Feature","geometry":{"type":"Polygon","coordinates":[[[-97.7378667,30.2815691],[-97.7377913,30.2815691],[-97.7377913,30.2817689],[-97.7378667,30.2817689],[-97.7378667,30.2815691]]]},"properties":{"k":"artpart","name":"Austin","m":"white","b":6.2,"h":6.32}},{"type":"Feature","geometry":{"type":"Polygon","coordinates":[[[-97.7379241,30.2816634],[-97.7377339,30.2816634],[-97.7377339,30.2817285],[-97.7379241,30.2817285],[-97.7379241,30.2816634]]]},"properties":{"k":"artpart","name":"Austin","m":"white","b":6.2,"h":6.32}},{"type":"Feature","geometry":{"type":"Polygon","coordinates":[[[-97.737866,30.2815691],[-97.737792,30.2815691],[-97.737792,30.2817689],[-97.737866,30.2817689],[-97.737866,30.2815691]]]},"properties":{"k":"artpart","name":"Austin","m":"white","b":6.32,"h":6.45}},{"type":"Feature","geometry":{"type":"Polygon","coordinates":[[[-97.7379241,30.281664],[-97.7377339,30.281664],[-97.7377339,30.2817279],[-97.7379241,30.2817279],[-97.7379241,30.281664]]]},"properties":{"k":"artpart","name":"Austin","m":"white","b":6.32,"h":6.45}},{"type":"Feature","geometry":{"type":"Polygon","coordinates":[[[-97.7378652,30.2815691],[-97.7377928,30.2815691],[-97.7377928,30.2817689],[-97.7378652,30.2817689],[-97.7378652,30.2815691]]]},"properties":{"k":"artpart","name":"Austin","m":"white","b":6.45,"h":6.57}},{"type":"Feature","geometry":{"type":"Polygon","coordinates":[[[-97.7379241,30.2816647],[-97.7377339,30.2816647],[-97.7377339,30.2817272],[-97.7379241,30.2817272],[-97.7379241,30.2816647]]]},"properties":{"k":"artpart","name":"Austin","m":"white","b":6.45,"h":6.57}},{"type":"Feature","geometry":{"type":"Polygon","coordinates":[[[-97.7378643,30.2815691],[-97.7377937,30.2815691],[-97.7377937,30.2817689],[-97.7378643,30.2817689],[-97.7378643,30.2815691]]]},"properties":{"k":"artpart","name":"Austin","m":"white","b":6.57,"h":6.69}},{"type":"Feature","geometry":{"type":"Polygon","coordinates":[[[-97.7379241,30.2816655],[-97.7377339,30.2816655],[-97.7377339,30.2817264],[-97.7379241,30.2817264],[-97.7379241,30.2816655]]]},"properties":{"k":"artpart","name":"Austin","m":"white","b":6.57,"h":6.69}},{"type":"Feature","geometry":{"type":"Polygon","coordinates":[[[-97.7378632,30.2815691],[-97.7377948,30.2815691],[-97.7377948,30.2817689],[-97.7378632,30.2817689],[-97.7378632,30.2815691]]]},"properties":{"k":"artpart","name":"Austin","m":"white","b":6.69,"h":6.81}},{"type":"Feature","geometry":{"type":"Polygon","coordinates":[[[-97.7379241,30.2816664],[-97.7377339,30.2816664],[-97.7377339,30.2817255],[-97.7379241,30.2817255],[-97.7379241,30.2816664]]]},"properties":{"k":"artpart","name":"Austin","m":"white","b":6.69,"h":6.81}},{"type":"Feature","geometry":{"type":"Polygon","coordinates":[[[-97.737862,30.2815691],[-97.737796,30.2815691],[-97.737796,30.2817689],[-97.737862,30.2817689],[-97.737862,30.2815691]]]},"properties":{"k":"artpart","name":"Austin","m":"white","b":6.81,"h":6.93}},{"type":"Feature","geometry":{"type":"Polygon","coordinates":[[[-97.7379241,30.2816674],[-97.7377339,30.2816674],[-97.7377339,30.2817245],[-97.7379241,30.2817245],[-97.7379241,30.2816674]]]},"properties":{"k":"artpart","name":"Austin","m":"white","b":6.81,"h":6.93}},{"type":"Feature","geometry":{"type":"Polygon","coordinates":[[[-97.7378607,30.2815691],[-97.7377973,30.2815691],[-97.7377973,30.2817689],[-97.7378607,30.2817689],[-97.7378607,30.2815691]]]},"properties":{"k":"artpart","name":"Austin","m":"white","b":6.93,"h":7.06}},{"type":"Feature","geometry":{"type":"Polygon","coordinates":[[[-97.7379241,30.2816686],[-97.7377339,30.2816686],[-97.7377339,30.2817233],[-97.7379241,30.2817233],[-97.7379241,30.2816686]]]},"properties":{"k":"artpart","name":"Austin","m":"white","b":6.93,"h":7.06}},{"type":"Feature","geometry":{"type":"Polygon","coordinates":[[[-97.7378592,30.2815691],[-97.7377988,30.2815691],[-97.7377988,30.2817689],[-97.7378592,30.2817689],[-97.7378592,30.2815691]]]},"properties":{"k":"artpart","name":"Austin","m":"white","b":7.06,"h":7.18}},{"type":"Feature","geometry":{"type":"Polygon","coordinates":[[[-97.7379241,30.2816699],[-97.7377339,30.2816699],[-97.7377339,30.281722],[-97.7379241,30.281722],[-97.7379241,30.2816699]]]},"properties":{"k":"artpart","name":"Austin","m":"white","b":7.06,"h":7.18}},{"type":"Feature","geometry":{"type":"Polygon","coordinates":[[[-97.7378575,30.2815691],[-97.7378005,30.2815691],[-97.7378005,30.2817689],[-97.7378575,30.2817689],[-97.7378575,30.2815691]]]},"properties":{"k":"artpart","name":"Austin","m":"white","b":7.18,"h":7.3}},{"type":"Feature","geometry":{"type":"Polygon","coordinates":[[[-97.7379241,30.2816713],[-97.7377339,30.2816713],[-97.7377339,30.2817206],[-97.7379241,30.2817206],[-97.7379241,30.2816713]]]},"properties":{"k":"artpart","name":"Austin","m":"white","b":7.18,"h":7.3}},{"type":"Feature","geometry":{"type":"Polygon","coordinates":[[[-97.7378556,30.2815691],[-97.7378024,30.2815691],[-97.7378024,30.2817689],[-97.7378556,30.2817689],[-97.7378556,30.2815691]]]},"properties":{"k":"artpart","name":"Austin","m":"white","b":7.3,"h":7.42}},{"type":"Feature","geometry":{"type":"Polygon","coordinates":[[[-97.7379241,30.281673],[-97.7377339,30.281673],[-97.7377339,30.2817189],[-97.7379241,30.2817189],[-97.7379241,30.281673]]]},"properties":{"k":"artpart","name":"Austin","m":"white","b":7.3,"h":7.42}},{"type":"Feature","geometry":{"type":"Polygon","coordinates":[[[-97.7378533,30.2815691],[-97.7378047,30.2815691],[-97.7378047,30.2817689],[-97.7378533,30.2817689],[-97.7378533,30.2815691]]]},"properties":{"k":"artpart","name":"Austin","m":"white","b":7.42,"h":7.54}},{"type":"Feature","geometry":{"type":"Polygon","coordinates":[[[-97.7379241,30.2816749],[-97.7377339,30.2816749],[-97.7377339,30.281717],[-97.7379241,30.281717],[-97.7379241,30.2816749]]]},"properties":{"k":"artpart","name":"Austin","m":"white","b":7.42,"h":7.54}},{"type":"Feature","geometry":{"type":"Polygon","coordinates":[[[-97.7378507,30.2815691],[-97.7378073,30.2815691],[-97.7378073,30.2817689],[-97.7378507,30.2817689],[-97.7378507,30.2815691]]]},"properties":{"k":"artpart","name":"Austin","m":"white","b":7.54,"h":7.66}},{"type":"Feature","geometry":{"type":"Polygon","coordinates":[[[-97.7379241,30.2816772],[-97.7377339,30.2816772],[-97.7377339,30.2817147],[-97.7379241,30.2817147],[-97.7379241,30.2816772]]]},"properties":{"k":"artpart","name":"Austin","m":"white","b":7.54,"h":7.66}},{"type":"Feature","geometry":{"type":"Polygon","coordinates":[[[-97.7378476,30.2815691],[-97.7378104,30.2815691],[-97.7378104,30.2817689],[-97.7378476,30.2817689],[-97.7378476,30.2815691]]]},"properties":{"k":"artpart","name":"Austin","m":"white","b":7.66,"h":7.79}},{"type":"Feature","geometry":{"type":"Polygon","coordinates":[[[-97.7379241,30.2816799],[-97.7377339,30.2816799],[-97.7377339,30.281712],[-97.7379241,30.281712],[-97.7379241,30.2816799]]]},"properties":{"k":"artpart","name":"Austin","m":"white","b":7.66,"h":7.79}},{"type":"Feature","geometry":{"type":"Polygon","coordinates":[[[-97.7378436,30.2815691],[-97.7378144,30.2815691],[-97.7378144,30.2817689],[-97.7378436,30.2817689],[-97.7378436,30.2815691]]]},"properties":{"k":"artpart","name":"Austin","m":"white","b":7.79,"h":7.91}},{"type":"Feature","geometry":{"type":"Polygon","coordinates":[[[-97.7379241,30.2816834],[-97.7377339,30.2816834],[-97.7377339,30.2817085],[-97.7379241,30.2817085],[-97.7379241,30.2816834]]]},"properties":{"k":"artpart","name":"Austin","m":"white","b":7.79,"h":7.91}},{"type":"Feature","geometry":{"type":"Polygon","coordinates":[[[-97.7378375,30.2815691],[-97.7378205,30.2815691],[-97.7378205,30.2817689],[-97.7378375,30.2817689],[-97.7378375,30.2815691]]]},"properties":{"k":"artpart","name":"Austin","m":"white","b":7.91,"h":8.03}},{"type":"Feature","geometry":{"type":"Polygon","coordinates":[[[-97.7379241,30.2816886],[-97.7377339,30.2816886],[-97.7377339,30.2817033],[-97.7379241,30.2817033],[-97.7379241,30.2816886]]]},"properties":{"k":"artpart","name":"Austin","m":"white","b":7.91,"h":8.03}},{"type":"Feature","geometry":{"type":"Polygon","coordinates":[[[-97.7378482,30.2815664],[-97.7378399,30.2815664],[-97.7378399,30.2815691],[-97.7378482,30.2815691],[-97.7378482,30.2815664]]]},"properties":{"k":"artpart","name":"Austin","m":"gviolet","b":3.0,"h":3.8}},{"type":"Feature","geometry":{"type":"Polygon","coordinates":[[[-97.7378332,30.2815664],[-97.7378248,30.2815664],[-97.7378248,30.2815691],[-97.7378332,30.2815691],[-97.7378332,30.2815664]]]},"properties":{"k":"artpart","name":"Austin","m":"gblue","b":3.0,"h":3.8}},{"type":"Feature","geometry":{"type":"Polygon","coordinates":[[[-97.7378181,30.2815664],[-97.7378098,30.2815664],[-97.7378098,30.2815691],[-97.7378181,30.2815691],[-97.7378181,30.2815664]]]},"properties":{"k":"artpart","name":"Austin","m":"ggreen","b":3.0,"h":3.8}},{"type":"Feature","geometry":{"type":"Polygon","coordinates":[[[-97.7378482,30.2815664],[-97.7378399,30.2815664],[-97.7378399,30.2815691],[-97.7378482,30.2815691],[-97.7378482,30.2815664]]]},"properties":{"k":"artpart","name":"Austin","m":"gyellow","b":4.45,"h":5.25}},{"type":"Feature","geometry":{"type":"Polygon","coordinates":[[[-97.7378332,30.2815664],[-97.7378248,30.2815664],[-97.7378248,30.2815691],[-97.7378332,30.2815691],[-97.7378332,30.2815664]]]},"properties":{"k":"artpart","name":"Austin","m":"gorange","b":4.45,"h":5.25}},{"type":"Feature","geometry":{"type":"Polygon","coordinates":[[[-97.7378181,30.2815664],[-97.7378098,30.2815664],[-97.7378098,30.2815691],[-97.7378181,30.2815691],[-97.7378181,30.2815664]]]},"properties":{"k":"artpart","name":"Austin","m":"gred","b":4.45,"h":5.25}},{"type":"Feature","geometry":{"type":"Polygon","coordinates":[[[-97.7378482,30.2815664],[-97.7378399,30.2815664],[-97.7378399,30.2815691],[-97.7378482,30.2815691],[-97.7378482,30.2815664]]]},"properties":{"k":"artpart","name":"Austin","m":"gviolet","b":5.9,"h":6.7}},{"type":"Feature","geometry":{"type":"Polygon","coordinates":[[[-97.7378332,30.2815664],[-97.7378248,30.2815664],[-97.7378248,30.2815691],[-97.7378332,30.2815691],[-97.7378332,30.2815664]]]},"properties":{"k":"artpart","name":"Austin","m":"gblue","b":5.9,"h":6.7}},{"type":"Feature","geometry":{"type":"Polygon","coordinates":[[[-97.7378181,30.2815664],[-97.7378098,30.2815664],[-97.7378098,30.2815691],[-97.7378181,30.2815691],[-97.7378181,30.2815664]]]},"properties":{"k":"artpart","name":"Austin","m":"ggreen","b":5.9,"h":6.7}},{"type":"Feature","geometry":{"type":"Polygon","coordinates":[[[-97.7378448,30.2815671],[-97.7378132,30.2815671],[-97.7378132,30.2815701],[-97.7378448,30.2815701],[-97.7378448,30.2815671]]]},"properties":{"k":"artpart","name":"Austin","m":"granite","b":0.0,"h":2.9}},{"type":"Feature","geometry":{"type":"Polygon","coordinates":[[[-97.737843,30.2815669],[-97.737815,30.2815669],[-97.737815,30.2815683],[-97.737843,30.2815683],[-97.737843,30.2815669]]]},"properties":{"k":"artpart","name":"Austin","m":"wood","b":0.0,"h":2.6}},{"type":"Feature","geometry":{"type":"Polygon","coordinates":[[[-97.7377339,30.2816957],[-97.7377307,30.2816957],[-97.7377307,30.2816962],[-97.7377339,30.2816962],[-97.7377339,30.2816957]]]},"properties":{"k":"artpart","name":"Austin","m":"gviolet","b":6.69,"h":6.74}},{"type":"Feature","geometry":{"type":"Polygon","coordinates":[[[-97.7377339,30.2816952],[-97.7377307,30.2816952],[-97.7377307,30.2816967],[-97.7377339,30.2816967],[-97.7377339,30.2816952]]]},"properties":{"k":"artpart","name":"Austin","m":"gviolet","b":6.74,"h":6.8}},{"type":"Feature","geometry":{"type":"Polygon","coordinates":[[[-97.7377339,30.2816948],[-97.7377307,30.2816948],[-97.7377307,30.2816971],[-97.7377339,30.2816971],[-97.7377339,30.2816948]]]},"properties":{"k":"artpart","name":"Austin","m":"gviolet","b":6.8,"h":6.85}},{"type":"Feature","geometry":{"type":"Polygon","coordinates":[[[-97.7377339,30.2816943],[-97.7377307,30.2816943],[-97.7377307,30.2816976],[-97.7377339,30.2816976],[-97.7377339,30.2816943]]]},"properties":{"k":"artpart","name":"Austin","m":"gviolet","b":6.85,"h":6.9}},{"type":"Feature","geometry":{"type":"Polygon","coordinates":[[[-97.7377339,30.2816938],[-97.7377307,30.2816938],[-97.7377307,30.2816981],[-97.7377339,30.2816981],[-97.7377339,30.2816938]]]},"properties":{"k":"artpart","name":"Austin","m":"gviolet","b":6.9,"h":6.95}},{"type":"Feature","geometry":{"type":"Polygon","coordinates":[[[-97.7377339,30.2816933],[-97.7377307,30.2816933],[-97.7377307,30.2816986],[-97.7377339,30.2816986],[-97.7377339,30.2816933]]]},"properties":{"k":"artpart","name":"Austin","m":"gviolet","b":6.95,"h":7.01}},{"type":"Feature","geometry":{"type":"Polygon","coordinates":[[[-97.7377339,30.2816929],[-97.7377307,30.2816929],[-97.7377307,30.281699],[-97.7377339,30.281699],[-97.7377339,30.2816929]]]},"properties":{"k":"artpart","name":"Austin","m":"gviolet","b":7.01,"h":7.06}},{"type":"Feature","geometry":{"type":"Polygon","coordinates":[[[-97.7377339,30.2816924],[-97.7377307,30.2816924],[-97.7377307,30.2816995],[-97.7377339,30.2816995],[-97.7377339,30.2816924]]]},"properties":{"k":"artpart","name":"Austin","m":"gviolet","b":7.06,"h":7.11}},{"type":"Feature","geometry":{"type":"Polygon","coordinates":[[[-97.7377339,30.2816919],[-97.7377307,30.2816919],[-97.7377307,30.2817],[-97.7377339,30.2817],[-97.7377339,30.2816919]]]},"properties":{"k":"artpart","name":"Austin","m":"gviolet","b":7.11,"h":7.16}},{"type":"Feature","geometry":{"type":"Polygon","coordinates":[[[-97.7377339,30.2816915],[-97.7377307,30.2816915],[-97.7377307,30.2817004],[-97.7377339,30.2817004],[-97.7377339,30.2816915]]]},"properties":{"k":"artpart","name":"Austin","m":"gviolet","b":7.16,"h":7.22}},{"type":"Feature","geometry":{"type":"Polygon","coordinates":[[[-97.7377339,30.281691],[-97.7377307,30.281691],[-97.7377307,30.2817009],[-97.7377339,30.2817009],[-97.7377339,30.281691]]]},"properties":{"k":"artpart","name":"Austin","m":"gviolet","b":7.22,"h":7.32}},{"type":"Feature","geometry":{"type":"Polygon","coordinates":[[[-97.7377339,30.2816915],[-97.7377307,30.2816915],[-97.7377307,30.2817004],[-97.7377339,30.2817004],[-97.7377339,30.2816915]]]},"properties":{"k":"artpart","name":"Austin","m":"gviolet","b":7.32,"h":7.38}},{"type":"Feature","geometry":{"type":"Polygon","coordinates":[[[-97.7377339,30.2816919],[-97.7377307,30.2816919],[-97.7377307,30.2817],[-97.7377339,30.2817],[-97.7377339,30.2816919]]]},"properties":{"k":"artpart","name":"Austin","m":"gviolet","b":7.38,"h":7.43}},{"type":"Feature","geometry":{"type":"Polygon","coordinates":[[[-97.7377339,30.2816924],[-97.7377307,30.2816924],[-97.7377307,30.2816995],[-97.7377339,30.2816995],[-97.7377339,30.2816924]]]},"properties":{"k":"artpart","name":"Austin","m":"gviolet","b":7.43,"h":7.48}},{"type":"Feature","geometry":{"type":"Polygon","coordinates":[[[-97.7377339,30.2816929],[-97.7377307,30.2816929],[-97.7377307,30.281699],[-97.7377339,30.281699],[-97.7377339,30.2816929]]]},"properties":{"k":"artpart","name":"Austin","m":"gviolet","b":7.48,"h":7.53}},{"type":"Feature","geometry":{"type":"Polygon","coordinates":[[[-97.7377339,30.2816933],[-97.7377307,30.2816933],[-97.7377307,30.2816986],[-97.7377339,30.2816986],[-97.7377339,30.2816933]]]},"properties":{"k":"artpart","name":"Austin","m":"gviolet","b":7.53,"h":7.59}},{"type":"Feature","geometry":{"type":"Polygon","coordinates":[[[-97.7377339,30.2816938],[-97.7377307,30.2816938],[-97.7377307,30.2816981],[-97.7377339,30.2816981],[-97.7377339,30.2816938]]]},"properties":{"k":"artpart","name":"Austin","m":"gviolet","b":7.59,"h":7.64}},{"type":"Feature","geometry":{"type":"Polygon","coordinates":[[[-97.7377339,30.2816943],[-97.7377307,30.2816943],[-97.7377307,30.2816976],[-97.7377339,30.2816976],[-97.7377339,30.2816943]]]},"properties":{"k":"artpart","name":"Austin","m":"gviolet","b":7.64,"h":7.69}},{"type":"Feature","geometry":{"type":"Polygon","coordinates":[[[-97.7377339,30.2816948],[-97.7377307,30.2816948],[-97.7377307,30.2816971],[-97.7377339,30.2816971],[-97.7377339,30.2816948]]]},"properties":{"k":"artpart","name":"Austin","m":"gviolet","b":7.69,"h":7.74}},{"type":"Feature","geometry":{"type":"Polygon","coordinates":[[[-97.7377339,30.2816952],[-97.7377307,30.2816952],[-97.7377307,30.2816967],[-97.7377339,30.2816967],[-97.7377339,30.2816952]]]},"properties":{"k":"artpart","name":"Austin","m":"gviolet","b":7.74,"h":7.8}},{"type":"Feature","geometry":{"type":"Polygon","coordinates":[[[-97.7377339,30.2816957],[-97.7377307,30.2816957],[-97.7377307,30.2816962],[-97.7377339,30.2816962],[-97.7377339,30.2816957]]]},"properties":{"k":"artpart","name":"Austin","m":"gviolet","b":7.8,"h":7.85}},{"type":"Feature","geometry":{"type":"Polygon","coordinates":[[[-97.7377339,30.281686],[-97.7377307,30.281686],[-97.7377307,30.2816869],[-97.7377339,30.2816869],[-97.7377339,30.281686]]]},"properties":{"k":"artpart","name":"Austin","m":"gblue","b":6.42,"h":6.47}},{"type":"Feature","geometry":{"type":"Polygon","coordinates":[[[-97.7377339,30.2816842],[-97.7377307,30.2816842],[-97.7377307,30.2816871],[-97.7377339,30.2816871],[-97.7377339,30.2816842]]]},"properties":{"k":"artpart","name":"Austin","m":"gblue","b":6.47,"h":6.53}},{"type":"Feature","geometry":{"type":"Polygon","coordinates":[[[-97.7377339,30.2816824],[-97.7377307,30.2816824],[-97.7377307,30.2816872],[-97.7377339,30.2816872],[-97.7377339,30.2816824]]]},"properties":{"k":"artpart","name":"Austin","m":"gblue","b":6.53,"h":6.58}},{"type":"Feature","geometry":{"type":"Polygon","coordinates":[[[-97.7377339,30.2816807],[-97.7377307,30.2816807],[-97.7377307,30.2816873],[-97.7377339,30.2816873],[-97.7377339,30.2816807]]]},"properties":{"k":"artpart","name":"Austin","m":"gblue","b":6.58,"h":6.63}},{"type":"Feature","geometry":{"type":"Polygon","coordinates":[[[-97.7377339,30.2816798],[-97.7377307,30.2816798],[-97.7377307,30.2816874],[-97.7377339,30.2816874],[-97.7377339,30.2816798]]]},"properties":{"k":"artpart","name":"Austin","m":"gblue","b":6.63,"h":6.74}},{"type":"Feature","geometry":{"type":"Polygon","coordinates":[[[-97.7377339,30.2816801],[-97.7377307,30.2816801],[-97.7377307,30.2816877],[-97.7377339,30.2816877],[-97.7377339,30.2816801]]]},"properties":{"k":"artpart","name":"Austin","m":"gblue","b":6.74,"h":6.84}},{"type":"Feature","geometry":{"type":"Polygon","coordinates":[[[-97.7377339,30.2816803],[-97.7377307,30.2816803],[-97.7377307,30.281688],[-97.7377339,30.281688],[-97.7377339,30.2816803]]]},"properties":{"k":"artpart","name":"Austin","m":"gblue","b":6.84,"h":6.95}},{"type":"Feature","geometry":{"type":"Polygon","coordinates":[[[-97.7377339,30.2816806],[-97.7377307,30.2816806],[-97.7377307,30.2816882],[-97.7377339,30.2816882],[-97.7377339,30.2816806]]]},"properties":{"k":"artpart","name":"Austin","m":"gblue","b":6.95,"h":7.05}},{"type":"Feature","geometry":{"type":"Polygon","coordinates":[[[-97.7377339,30.2816808],[-97.7377307,30.2816808],[-97.7377307,30.2816885],[-97.7377339,30.2816885],[-97.7377339,30.2816808]]]},"properties":{"k":"artpart","name":"Austin","m":"gblue","b":7.05,"h":7.16}},{"type":"Feature","geometry":{"type":"Polygon","coordinates":[[[-97.7377339,30.2816811],[-97.7377307,30.2816811],[-97.7377307,30.2816887],[-97.7377339,30.2816887],[-97.7377339,30.2816811]]]},"properties":{"k":"artpart","name":"Austin","m":"gblue","b":7.16,"h":7.21}},{"type":"Feature","geometry":{"type":"Polygon","coordinates":[[[-97.7377339,30.2816812],[-97.7377307,30.2816812],[-97.7377307,30.2816879],[-97.7377339,30.2816879],[-97.7377339,30.2816812]]]},"properties":{"k":"artpart","name":"Austin","m":"gblue","b":7.21,"h":7.27}},{"type":"Feature","geometry":{"type":"Polygon","coordinates":[[[-97.7377339,30.2816813],[-97.7377307,30.2816813],[-97.7377307,30.2816861],[-97.7377339,30.2816861],[-97.7377339,30.2816813]]]},"properties":{"k":"artpart","name":"Austin","m":"gblue","b":7.27,"h":7.32}},{"type":"Feature","geometry":{"type":"Polygon","coordinates":[[[-97.7377339,30.2816815],[-97.7377307,30.2816815],[-97.7377307,30.2816843],[-97.7377339,30.2816843],[-97.7377339,30.2816815]]]},"properties":{"k":"artpart","name":"Austin","m":"gblue","b":7.32,"h":7.37}},{"type":"Feature","geometry":{"type":"Polygon","coordinates":[[[-97.7377339,30.2816816],[-97.7377307,30.2816816],[-97.7377307,30.2816826],[-97.7377339,30.2816826],[-97.7377339,30.2816816]]]},"properties":{"k":"artpart","name":"Austin","m":"gblue","b":7.37,"h":7.42}},{"type":"Feature","geometry":{"type":"Polygon","coordinates":[[[-97.7377339,30.2816731],[-97.7377307,30.2816731],[-97.7377307,30.281674],[-97.7377339,30.281674],[-97.7377339,30.2816731]]]},"properties":{"k":"artpart","name":"Austin","m":"ggreen","b":5.47,"h":5.52}},{"type":"Feature","geometry":{"type":"Polygon","coordinates":[[[-97.7377339,30.2816729],[-97.7377307,30.2816729],[-97.7377307,30.2816758],[-97.7377339,30.2816758],[-97.7377339,30.2816729]]]},"properties":{"k":"artpart","name":"Austin","m":"ggreen","b":5.52,"h":5.57}},{"type":"Feature","geometry":{"type":"Polygon","coordinates":[[[-97.7377339,30.2816728],[-97.7377307,30.2816728],[-97.7377307,30.2816775],[-97.7377339,30.2816775],[-97.7377339,30.2816728]]]},"properties":{"k":"artpart","name":"Austin","m":"ggreen","b":5.57,"h":5.63}},{"type":"Feature","geometry":{"type":"Polygon","coordinates":[[[-97.7377339,30.2816727],[-97.7377307,30.2816727],[-97.7377307,30.2816793],[-97.7377339,30.2816793],[-97.7377339,30.2816727]]]},"properties":{"k":"artpart","name":"Austin","m":"ggreen","b":5.63,"h":5.68}},{"type":"Feature","geometry":{"type":"Polygon","coordinates":[[[-97.7377339,30.2816725],[-97.7377307,30.2816725],[-97.7377307,30.2816802],[-97.7377339,30.2816802],[-97.7377339,30.2816725]]]},"properties":{"k":"artpart","name":"Austin","m":"ggreen","b":5.68,"h":5.78}},{"type":"Feature","geometry":{"type":"Polygon","coordinates":[[[-97.7377339,30.2816723],[-97.7377307,30.2816723],[-97.7377307,30.2816799],[-97.7377339,30.2816799],[-97.7377339,30.2816723]]]},"properties":{"k":"artpart","name":"Austin","m":"ggreen","b":5.78,"h":5.89}},{"type":"Feature","geometry":{"type":"Polygon","coordinates":[[[-97.7377339,30.281672],[-97.7377307,30.281672],[-97.7377307,30.2816797],[-97.7377339,30.2816797],[-97.7377339,30.281672]]]},"properties":{"k":"artpart","name":"Austin","m":"ggreen","b":5.89,"h":6.0}},{"type":"Feature","geometry":{"type":"Polygon","coordinates":[[[-97.7377339,30.2816718],[-97.7377307,30.2816718],[-97.7377307,30.2816794],[-97.7377339,30.2816794],[-97.7377339,30.2816718]]]},"properties":{"k":"artpart","name":"Austin","m":"ggreen","b":6.0,"h":6.1}},{"type":"Feature","geometry":{"type":"Polygon","coordinates":[[[-97.7377339,30.2816715],[-97.7377307,30.2816715],[-97.7377307,30.2816792],[-97.7377339,30.2816792],[-97.7377339,30.2816715]]]},"properties":{"k":"artpart","name":"Austin","m":"ggreen","b":6.1,"h":6.21}},{"type":"Feature","geometry":{"type":"Polygon","coordinates":[[[-97.7377339,30.2816713],[-97.7377307,30.2816713],[-97.7377307,30.2816789],[-97.7377339,30.2816789],[-97.7377339,30.2816713]]]},"properties":{"k":"artpart","name":"Austin","m":"ggreen","b":6.21,"h":6.26}},{"type":"Feature","geometry":{"type":"Polygon","coordinates":[[[-97.7377339,30.2816721],[-97.7377307,30.2816721],[-97.7377307,30.2816788],[-97.7377339,30.2816788],[-97.7377339,30.2816721]]]},"properties":{"k":"artpart","name":"Austin","m":"ggreen","b":6.26,"h":6.31}},{"type":"Feature","geometry":{"type":"Polygon","coordinates":[[[-97.7377339,30.2816739],[-97.7377307,30.2816739],[-97.7377307,30.2816786],[-97.7377339,30.2816786],[-97.7377339,30.2816739]]]},"properties":{"k":"artpart","name":"Austin","m":"ggreen","b":6.31,"h":6.37}},{"type":"Feature","geometry":{"type":"Polygon","coordinates":[[[-97.7377339,30.2816757],[-97.7377307,30.2816757],[-97.7377307,30.2816785],[-97.7377339,30.2816785],[-97.7377339,30.2816757]]]},"properties":{"k":"artpart","name":"Austin","m":"ggreen","b":6.37,"h":6.42}},{"type":"Feature","geometry":{"type":"Polygon","coordinates":[[[-97.7377339,30.2816774],[-97.7377307,30.2816774],[-97.7377307,30.2816784],[-97.7377339,30.2816784],[-97.7377339,30.2816774]]]},"properties":{"k":"artpart","name":"Austin","m":"ggreen","b":6.42,"h":6.47}},{"type":"Feature","geometry":{"type":"Polygon","coordinates":[[[-97.7377339,30.2816724],[-97.7377307,30.2816724],[-97.7377307,30.2816728],[-97.7377339,30.2816728],[-97.7377339,30.2816724]]]},"properties":{"k":"artpart","name":"Austin","m":"gyellow","b":4.09,"h":4.14}},{"type":"Feature","geometry":{"type":"Polygon","coordinates":[[[-97.7377339,30.2816719],[-97.7377307,30.2816719],[-97.7377307,30.2816733],[-97.7377339,30.2816733],[-97.7377339,30.2816719]]]},"properties":{"k":"artpart","name":"Austin","m":"gyellow","b":4.14,"h":4.2}},{"type":"Feature","geometry":{"type":"Polygon","coordinates":[[[-97.7377339,30.2816714],[-97.7377307,30.2816714],[-97.7377307,30.2816738],[-97.7377339,30.2816738],[-97.7377339,30.2816714]]]},"properties":{"k":"artpart","name":"Austin","m":"gyellow","b":4.2,"h":4.25}},{"type":"Feature","geometry":{"type":"Polygon","coordinates":[[[-97.7377339,30.2816709],[-97.7377307,30.2816709],[-97.7377307,30.2816743],[-97.7377339,30.2816743],[-97.7377339,30.2816709]]]},"properties":{"k":"artpart","name":"Austin","m":"gyellow","b":4.25,"h":4.3}},{"type":"Feature","geometry":{"type":"Polygon","coordinates":[[[-97.7377339,30.2816705],[-97.7377307,30.2816705],[-97.7377307,30.2816747],[-97.7377339,30.2816747],[-97.7377339,30.2816705]]]},"properties":{"k":"artpart","name":"Austin","m":"gyellow","b":4.3,"h":4.35}},{"type":"Feature","geometry":{"type":"Polygon","coordinates":[[[-97.7377339,30.28167],[-97.7377307,30.28167],[-97.7377307,30.2816752],[-97.7377339,30.2816752],[-97.7377339,30.28167]]]},"properties":{"k":"artpart","name":"Austin","m":"gyellow","b":4.35,"h":4.41}},{"type":"Feature","geometry":{"type":"Polygon","coordinates":[[[-97.7377339,30.2816695],[-97.7377307,30.2816695],[-97.7377307,30.2816757],[-97.7377339,30.2816757],[-97.7377339,30.2816695]]]},"properties":{"k":"artpart","name":"Austin","m":"gyellow","b":4.41,"h":4.46}},{"type":"Feature","geometry":{"type":"Polygon","coordinates":[[[-97.7377339,30.281669],[-97.7377307,30.281669],[-97.7377307,30.2816761],[-97.7377339,30.2816761],[-97.7377339,30.281669]]]},"properties":{"k":"artpart","name":"Austin","m":"gyellow","b":4.46,"h":4.51}},{"type":"Feature","geometry":{"type":"Polygon","coordinates":[[[-97.7377339,30.2816686],[-97.7377307,30.2816686],[-97.7377307,30.2816766],[-97.7377339,30.2816766],[-97.7377339,30.2816686]]]},"properties":{"k":"artpart","name":"Austin","m":"gyellow","b":4.51,"h":4.56}},{"type":"Feature","geometry":{"type":"Polygon","coordinates":[[[-97.7377339,30.2816681],[-97.7377307,30.2816681],[-97.7377307,30.2816771],[-97.7377339,30.2816771],[-97.7377339,30.2816681]]]},"properties":{"k":"artpart","name":"Austin","m":"gyellow","b":4.56,"h":4.62}},{"type":"Feature","geometry":{"type":"Polygon","coordinates":[[[-97.7377339,30.2816676],[-97.7377307,30.2816676],[-97.7377307,30.2816776],[-97.7377339,30.2816776],[-97.7377339,30.2816676]]]},"properties":{"k":"artpart","name":"Austin","m":"gyellow","b":4.62,"h":4.72}},{"type":"Feature","geometry":{"type":"Polygon","coordinates":[[[-97.7377339,30.2816681],[-97.7377307,30.2816681],[-97.7377307,30.2816771],[-97.7377339,30.2816771],[-97.7377339,30.2816681]]]},"properties":{"k":"artpart","name":"Austin","m":"gyellow","b":4.72,"h":4.78}},{"type":"Feature","geometry":{"type":"Polygon","coordinates":[[[-97.7377339,30.2816686],[-97.7377307,30.2816686],[-97.7377307,30.2816766],[-97.7377339,30.2816766],[-97.7377339,30.2816686]]]},"properties":{"k":"artpart","name":"Austin","m":"gyellow","b":4.78,"h":4.83}},{"type":"Feature","geometry":{"type":"Polygon","coordinates":[[[-97.7377339,30.281669],[-97.7377307,30.281669],[-97.7377307,30.2816761],[-97.7377339,30.2816761],[-97.7377339,30.281669]]]},"properties":{"k":"artpart","name":"Austin","m":"gyellow","b":4.83,"h":4.88}},{"type":"Feature","geometry":{"type":"Polygon","coordinates":[[[-97.7377339,30.2816695],[-97.7377307,30.2816695],[-97.7377307,30.2816757],[-97.7377339,30.2816757],[-97.7377339,30.2816695]]]},"properties":{"k":"artpart","name":"Austin","m":"gyellow","b":4.88,"h":4.93}},{"type":"Feature","geometry":{"type":"Polygon","coordinates":[[[-97.7377339,30.28167],[-97.7377307,30.28167],[-97.7377307,30.2816752],[-97.7377339,30.2816752],[-97.7377339,30.28167]]]},"properties":{"k":"artpart","name":"Austin","m":"gyellow","b":4.93,"h":4.99}},{"type":"Feature","geometry":{"type":"Polygon","coordinates":[[[-97.7377339,30.2816705],[-97.7377307,30.2816705],[-97.7377307,30.2816747],[-97.7377339,30.2816747],[-97.7377339,30.2816705]]]},"properties":{"k":"artpart","name":"Austin","m":"gyellow","b":4.99,"h":5.04}},{"type":"Feature","geometry":{"type":"Polygon","coordinates":[[[-97.7377339,30.2816709],[-97.7377307,30.2816709],[-97.7377307,30.2816743],[-97.7377339,30.2816743],[-97.7377339,30.2816709]]]},"properties":{"k":"artpart","name":"Austin","m":"gyellow","b":5.04,"h":5.09}},{"type":"Feature","geometry":{"type":"Polygon","coordinates":[[[-97.7377339,30.2816714],[-97.7377307,30.2816714],[-97.7377307,30.2816738],[-97.7377339,30.2816738],[-97.7377339,30.2816714]]]},"properties":{"k":"artpart","name":"Austin","m":"gyellow","b":5.09,"h":5.14}},{"type":"Feature","geometry":{"type":"Polygon","coordinates":[[[-97.7377339,30.2816719],[-97.7377307,30.2816719],[-97.7377307,30.2816733],[-97.7377339,30.2816733],[-97.7377339,30.2816719]]]},"properties":{"k":"artpart","name":"Austin","m":"gyellow","b":5.14,"h":5.2}},{"type":"Feature","geometry":{"type":"Polygon","coordinates":[[[-97.7377339,30.2816724],[-97.7377307,30.2816724],[-97.7377307,30.2816728],[-97.7377339,30.2816728],[-97.7377339,30.2816724]]]},"properties":{"k":"artpart","name":"Austin","m":"gyellow","b":5.2,"h":5.25}},{"type":"Feature","geometry":{"type":"Polygon","coordinates":[[[-97.7377339,30.2816774],[-97.7377307,30.2816774],[-97.7377307,30.2816784],[-97.7377339,30.2816784],[-97.7377339,30.2816774]]]},"properties":{"k":"artpart","name":"Austin","m":"gorange","b":2.87,"h":2.92}},{"type":"Feature","geometry":{"type":"Polygon","coordinates":[[[-97.7377339,30.2816757],[-97.7377307,30.2816757],[-97.7377307,30.2816785],[-97.7377339,30.2816785],[-97.7377339,30.2816757]]]},"properties":{"k":"artpart","name":"Austin","m":"gorange","b":2.92,"h":2.97}},{"type":"Feature","geometry":{"type":"Polygon","coordinates":[[[-97.7377339,30.2816739],[-97.7377307,30.2816739],[-97.7377307,30.2816786],[-97.7377339,30.2816786],[-97.7377339,30.2816739]]]},"properties":{"k":"artpart","name":"Austin","m":"gorange","b":2.97,"h":3.03}},{"type":"Feature","geometry":{"type":"Polygon","coordinates":[[[-97.7377339,30.2816721],[-97.7377307,30.2816721],[-97.7377307,30.2816788],[-97.7377339,30.2816788],[-97.7377339,30.2816721]]]},"properties":{"k":"artpart","name":"Austin","m":"gorange","b":3.03,"h":3.08}},{"type":"Feature","geometry":{"type":"Polygon","coordinates":[[[-97.7377339,30.2816713],[-97.7377307,30.2816713],[-97.7377307,30.2816789],[-97.7377339,30.2816789],[-97.7377339,30.2816713]]]},"properties":{"k":"artpart","name":"Austin","m":"gorange","b":3.08,"h":3.18}},{"type":"Feature","geometry":{"type":"Polygon","coordinates":[[[-97.7377339,30.2816715],[-97.7377307,30.2816715],[-97.7377307,30.2816792],[-97.7377339,30.2816792],[-97.7377339,30.2816715]]]},"properties":{"k":"artpart","name":"Austin","m":"gorange","b":3.18,"h":3.29}},{"type":"Feature","geometry":{"type":"Polygon","coordinates":[[[-97.7377339,30.2816718],[-97.7377307,30.2816718],[-97.7377307,30.2816794],[-97.7377339,30.2816794],[-97.7377339,30.2816718]]]},"properties":{"k":"artpart","name":"Austin","m":"gorange","b":3.29,"h":3.4}},{"type":"Feature","geometry":{"type":"Polygon","coordinates":[[[-97.7377339,30.281672],[-97.7377307,30.281672],[-97.7377307,30.2816797],[-97.7377339,30.2816797],[-97.7377339,30.281672]]]},"properties":{"k":"artpart","name":"Austin","m":"gorange","b":3.4,"h":3.5}},{"type":"Feature","geometry":{"type":"Polygon","coordinates":[[[-97.7377339,30.2816723],[-97.7377307,30.2816723],[-97.7377307,30.2816799],[-97.7377339,30.2816799],[-97.7377339,30.2816723]]]},"properties":{"k":"artpart","name":"Austin","m":"gorange","b":3.5,"h":3.61}},{"type":"Feature","geometry":{"type":"Polygon","coordinates":[[[-97.7377339,30.2816725],[-97.7377307,30.2816725],[-97.7377307,30.2816802],[-97.7377339,30.2816802],[-97.7377339,30.2816725]]]},"properties":{"k":"artpart","name":"Austin","m":"gorange","b":3.61,"h":3.66}},{"type":"Feature","geometry":{"type":"Polygon","coordinates":[[[-97.7377339,30.2816727],[-97.7377307,30.2816727],[-97.7377307,30.2816793],[-97.7377339,30.2816793],[-97.7377339,30.2816727]]]},"properties":{"k":"artpart","name":"Austin","m":"gorange","b":3.66,"h":3.71}},{"type":"Feature","geometry":{"type":"Polygon","coordinates":[[[-97.7377339,30.2816728],[-97.7377307,30.2816728],[-97.7377307,30.2816775],[-97.7377339,30.2816775],[-97.7377339,30.2816728]]]},"properties":{"k":"artpart","name":"Austin","m":"gorange","b":3.71,"h":3.77}},{"type":"Feature","geometry":{"type":"Polygon","coordinates":[[[-97.7377339,30.2816729],[-97.7377307,30.2816729],[-97.7377307,30.2816758],[-97.7377339,30.2816758],[-97.7377339,30.2816729]]]},"properties":{"k":"artpart","name":"Austin","m":"gorange","b":3.77,"h":3.82}},{"type":"Feature","geometry":{"type":"Polygon","coordinates":[[[-97.7377339,30.2816731],[-97.7377307,30.2816731],[-97.7377307,30.281674],[-97.7377339,30.281674],[-97.7377339,30.2816731]]]},"properties":{"k":"artpart","name":"Austin","m":"gorange","b":3.82,"h":3.87}},{"type":"Feature","geometry":{"type":"Polygon","coordinates":[[[-97.7377339,30.2816816],[-97.7377307,30.2816816],[-97.7377307,30.2816826],[-97.7377339,30.2816826],[-97.7377339,30.2816816]]]},"properties":{"k":"artpart","name":"Austin","m":"gred","b":1.92,"h":1.97}},{"type":"Feature","geometry":{"type":"Polygon","coordinates":[[[-97.7377339,30.2816815],[-97.7377307,30.2816815],[-97.7377307,30.2816843],[-97.7377339,30.2816843],[-97.7377339,30.2816815]]]},"properties":{"k":"artpart","name":"Austin","m":"gred","b":1.97,"h":2.02}},{"type":"Feature","geometry":{"type":"Polygon","coordinates":[[[-97.7377339,30.2816813],[-97.7377307,30.2816813],[-97.7377307,30.2816861],[-97.7377339,30.2816861],[-97.7377339,30.2816813]]]},"properties":{"k":"artpart","name":"Austin","m":"gred","b":2.02,"h":2.07}},{"type":"Feature","geometry":{"type":"Polygon","coordinates":[[[-97.7377339,30.2816812],[-97.7377307,30.2816812],[-97.7377307,30.2816879],[-97.7377339,30.2816879],[-97.7377339,30.2816812]]]},"properties":{"k":"artpart","name":"Austin","m":"gred","b":2.07,"h":2.13}},{"type":"Feature","geometry":{"type":"Polygon","coordinates":[[[-97.7377339,30.2816811],[-97.7377307,30.2816811],[-97.7377307,30.2816887],[-97.7377339,30.2816887],[-97.7377339,30.2816811]]]},"properties":{"k":"artpart","name":"Austin","m":"gred","b":2.13,"h":2.23}},{"type":"Feature","geometry":{"type":"Polygon","coordinates":[[[-97.7377339,30.2816808],[-97.7377307,30.2816808],[-97.7377307,30.2816885],[-97.7377339,30.2816885],[-97.7377339,30.2816808]]]},"properties":{"k":"artpart","name":"Austin","m":"gred","b":2.23,"h":2.34}},{"type":"Feature","geometry":{"type":"Polygon","coordinates":[[[-97.7377339,30.2816806],[-97.7377307,30.2816806],[-97.7377307,30.2816882],[-97.7377339,30.2816882],[-97.7377339,30.2816806]]]},"properties":{"k":"artpart","name":"Austin","m":"gred","b":2.34,"h":2.44}},{"type":"Feature","geometry":{"type":"Polygon","coordinates":[[[-97.7377339,30.2816803],[-97.7377307,30.2816803],[-97.7377307,30.281688],[-97.7377339,30.281688],[-97.7377339,30.2816803]]]},"properties":{"k":"artpart","name":"Austin","m":"gred","b":2.44,"h":2.55}},{"type":"Feature","geometry":{"type":"Polygon","coordinates":[[[-97.7377339,30.2816801],[-97.7377307,30.2816801],[-97.7377307,30.2816877],[-97.7377339,30.2816877],[-97.7377339,30.2816801]]]},"properties":{"k":"artpart","name":"Austin","m":"gred","b":2.55,"h":2.66}},{"type":"Feature","geometry":{"type":"Polygon","coordinates":[[[-97.7377339,30.2816798],[-97.7377307,30.2816798],[-97.7377307,30.2816874],[-97.7377339,30.2816874],[-97.7377339,30.2816798]]]},"properties":{"k":"artpart","name":"Austin","m":"gred","b":2.66,"h":2.71}},{"type":"Feature","geometry":{"type":"Polygon","coordinates":[[[-97.7377339,30.2816807],[-97.7377307,30.2816807],[-97.7377307,30.2816873],[-97.7377339,30.2816873],[-97.7377339,30.2816807]]]},"properties":{"k":"artpart","name":"Austin","m":"gred","b":2.71,"h":2.76}},{"type":"Feature","geometry":{"type":"Polygon","coordinates":[[[-97.7377339,30.2816824],[-97.7377307,30.2816824],[-97.7377307,30.2816872],[-97.7377339,30.2816872],[-97.7377339,30.2816824]]]},"properties":{"k":"artpart","name":"Austin","m":"gred","b":2.76,"h":2.81}},{"type":"Feature","geometry":{"type":"Polygon","coordinates":[[[-97.7377339,30.2816842],[-97.7377307,30.2816842],[-97.7377307,30.2816871],[-97.7377339,30.2816871],[-97.7377339,30.2816842]]]},"properties":{"k":"artpart","name":"Austin","m":"gred","b":2.81,"h":2.87}},{"type":"Feature","geometry":{"type":"Polygon","coordinates":[[[-97.7377339,30.281686],[-97.7377307,30.281686],[-97.7377307,30.2816869],[-97.7377339,30.2816869],[-97.7377339,30.281686]]]},"properties":{"k":"artpart","name":"Austin","m":"gred","b":2.87,"h":2.92}},{"type":"Feature","geometry":{"type":"Polygon","coordinates":[[[-97.7377339,30.2816957],[-97.7377307,30.2816957],[-97.7377307,30.2816962],[-97.7377339,30.2816962],[-97.7377339,30.2816957]]]},"properties":{"k":"artpart","name":"Austin","m":"gviolet","b":1.49,"h":1.54}},{"type":"Feature","geometry":{"type":"Polygon","coordinates":[[[-97.7377339,30.2816952],[-97.7377307,30.2816952],[-97.7377307,30.2816967],[-97.7377339,30.2816967],[-97.7377339,30.2816952]]]},"properties":{"k":"artpart","name":"Austin","m":"gviolet","b":1.54,"h":1.6}},{"type":"Feature","geometry":{"type":"Polygon","coordinates":[[[-97.7377339,30.2816948],[-97.7377307,30.2816948],[-97.7377307,30.2816971],[-97.7377339,30.2816971],[-97.7377339,30.2816948]]]},"properties":{"k":"artpart","name":"Austin","m":"gviolet","b":1.6,"h":1.65}},{"type":"Feature","geometry":{"type":"Polygon","coordinates":[[[-97.7377339,30.2816943],[-97.7377307,30.2816943],[-97.7377307,30.2816976],[-97.7377339,30.2816976],[-97.7377339,30.2816943]]]},"properties":{"k":"artpart","name":"Austin","m":"gviolet","b":1.65,"h":1.7}},{"type":"Feature","geometry":{"type":"Polygon","coordinates":[[[-97.7377339,30.2816938],[-97.7377307,30.2816938],[-97.7377307,30.2816981],[-97.7377339,30.2816981],[-97.7377339,30.2816938]]]},"properties":{"k":"artpart","name":"Austin","m":"gviolet","b":1.7,"h":1.75}},{"type":"Feature","geometry":{"type":"Polygon","coordinates":[[[-97.7377339,30.2816933],[-97.7377307,30.2816933],[-97.7377307,30.2816986],[-97.7377339,30.2816986],[-97.7377339,30.2816933]]]},"properties":{"k":"artpart","name":"Austin","m":"gviolet","b":1.75,"h":1.81}},{"type":"Feature","geometry":{"type":"Polygon","coordinates":[[[-97.7377339,30.2816929],[-97.7377307,30.2816929],[-97.7377307,30.281699],[-97.7377339,30.281699],[-97.7377339,30.2816929]]]},"properties":{"k":"artpart","name":"Austin","m":"gviolet","b":1.81,"h":1.86}},{"type":"Feature","geometry":{"type":"Polygon","coordinates":[[[-97.7377339,30.2816924],[-97.7377307,30.2816924],[-97.7377307,30.2816995],[-97.7377339,30.2816995],[-97.7377339,30.2816924]]]},"properties":{"k":"artpart","name":"Austin","m":"gviolet","b":1.86,"h":1.91}},{"type":"Feature","geometry":{"type":"Polygon","coordinates":[[[-97.7377339,30.2816919],[-97.7377307,30.2816919],[-97.7377307,30.2817],[-97.7377339,30.2817],[-97.7377339,30.2816919]]]},"properties":{"k":"artpart","name":"Austin","m":"gviolet","b":1.91,"h":1.96}},{"type":"Feature","geometry":{"type":"Polygon","coordinates":[[[-97.7377339,30.2816915],[-97.7377307,30.2816915],[-97.7377307,30.2817004],[-97.7377339,30.2817004],[-97.7377339,30.2816915]]]},"properties":{"k":"artpart","name":"Austin","m":"gviolet","b":1.96,"h":2.02}},{"type":"Feature","geometry":{"type":"Polygon","coordinates":[[[-97.7377339,30.281691],[-97.7377307,30.281691],[-97.7377307,30.2817009],[-97.7377339,30.2817009],[-97.7377339,30.281691]]]},"properties":{"k":"artpart","name":"Austin","m":"gviolet","b":2.02,"h":2.12}},{"type":"Feature","geometry":{"type":"Polygon","coordinates":[[[-97.7377339,30.2816915],[-97.7377307,30.2816915],[-97.7377307,30.2817004],[-97.7377339,30.2817004],[-97.7377339,30.2816915]]]},"properties":{"k":"artpart","name":"Austin","m":"gviolet","b":2.12,"h":2.18}},{"type":"Feature","geometry":{"type":"Polygon","coordinates":[[[-97.7377339,30.2816919],[-97.7377307,30.2816919],[-97.7377307,30.2817],[-97.7377339,30.2817],[-97.7377339,30.2816919]]]},"properties":{"k":"artpart","name":"Austin","m":"gviolet","b":2.18,"h":2.23}},{"type":"Feature","geometry":{"type":"Polygon","coordinates":[[[-97.7377339,30.2816924],[-97.7377307,30.2816924],[-97.7377307,30.2816995],[-97.7377339,30.2816995],[-97.7377339,30.2816924]]]},"properties":{"k":"artpart","name":"Austin","m":"gviolet","b":2.23,"h":2.28}},{"type":"Feature","geometry":{"type":"Polygon","coordinates":[[[-97.7377339,30.2816929],[-97.7377307,30.2816929],[-97.7377307,30.281699],[-97.7377339,30.281699],[-97.7377339,30.2816929]]]},"properties":{"k":"artpart","name":"Austin","m":"gviolet","b":2.28,"h":2.33}},{"type":"Feature","geometry":{"type":"Polygon","coordinates":[[[-97.7377339,30.2816933],[-97.7377307,30.2816933],[-97.7377307,30.2816986],[-97.7377339,30.2816986],[-97.7377339,30.2816933]]]},"properties":{"k":"artpart","name":"Austin","m":"gviolet","b":2.33,"h":2.39}},{"type":"Feature","geometry":{"type":"Polygon","coordinates":[[[-97.7377339,30.2816938],[-97.7377307,30.2816938],[-97.7377307,30.2816981],[-97.7377339,30.2816981],[-97.7377339,30.2816938]]]},"properties":{"k":"artpart","name":"Austin","m":"gviolet","b":2.39,"h":2.44}},{"type":"Feature","geometry":{"type":"Polygon","coordinates":[[[-97.7377339,30.2816943],[-97.7377307,30.2816943],[-97.7377307,30.2816976],[-97.7377339,30.2816976],[-97.7377339,30.2816943]]]},"properties":{"k":"artpart","name":"Austin","m":"gviolet","b":2.44,"h":2.49}},{"type":"Feature","geometry":{"type":"Polygon","coordinates":[[[-97.7377339,30.2816948],[-97.7377307,30.2816948],[-97.7377307,30.2816971],[-97.7377339,30.2816971],[-97.7377339,30.2816948]]]},"properties":{"k":"artpart","name":"Austin","m":"gviolet","b":2.49,"h":2.54}},{"type":"Feature","geometry":{"type":"Polygon","coordinates":[[[-97.7377339,30.2816952],[-97.7377307,30.2816952],[-97.7377307,30.2816967],[-97.7377339,30.2816967],[-97.7377339,30.2816952]]]},"properties":{"k":"artpart","name":"Austin","m":"gviolet","b":2.54,"h":2.6}},{"type":"Feature","geometry":{"type":"Polygon","coordinates":[[[-97.7377339,30.2816957],[-97.7377307,30.2816957],[-97.7377307,30.2816962],[-97.7377339,30.2816962],[-97.7377339,30.2816957]]]},"properties":{"k":"artpart","name":"Austin","m":"gviolet","b":2.6,"h":2.65}},{"type":"Feature","geometry":{"type":"Polygon","coordinates":[[[-97.7377339,30.2817093],[-97.7377307,30.2817093],[-97.7377307,30.2817103],[-97.7377339,30.2817103],[-97.7377339,30.2817093]]]},"properties":{"k":"artpart","name":"Austin","m":"gblue","b":1.92,"h":1.97}},{"type":"Feature","geometry":{"type":"Polygon","coordinates":[[[-97.7377339,30.2817076],[-97.7377307,30.2817076],[-97.7377307,30.2817104],[-97.7377339,30.2817104],[-97.7377339,30.2817076]]]},"properties":{"k":"artpart","name":"Austin","m":"gblue","b":1.97,"h":2.02}},{"type":"Feature","geometry":{"type":"Polygon","coordinates":[[[-97.7377339,30.2817058],[-97.7377307,30.2817058],[-97.7377307,30.2817105],[-97.7377339,30.2817105],[-97.7377339,30.2817058]]]},"properties":{"k":"artpart","name":"Austin","m":"gblue","b":2.02,"h":2.07}},{"type":"Feature","geometry":{"type":"Polygon","coordinates":[[[-97.7377339,30.281704],[-97.7377307,30.281704],[-97.7377307,30.2817107],[-97.7377339,30.2817107],[-97.7377339,30.281704]]]},"properties":{"k":"artpart","name":"Austin","m":"gblue","b":2.07,"h":2.13}},{"type":"Feature","geometry":{"type":"Polygon","coordinates":[[[-97.7377339,30.2817032],[-97.7377307,30.2817032],[-97.7377307,30.2817108],[-97.7377339,30.2817108],[-97.7377339,30.2817032]]]},"properties":{"k":"artpart","name":"Austin","m":"gblue","b":2.13,"h":2.23}},{"type":"Feature","geometry":{"type":"Polygon","coordinates":[[[-97.7377339,30.2817034],[-97.7377307,30.2817034],[-97.7377307,30.2817111],[-97.7377339,30.2817111],[-97.7377339,30.2817034]]]},"properties":{"k":"artpart","name":"Austin","m":"gblue","b":2.23,"h":2.34}},{"type":"Feature","geometry":{"type":"Polygon","coordinates":[[[-97.7377339,30.2817037],[-97.7377307,30.2817037],[-97.7377307,30.2817113],[-97.7377339,30.2817113],[-97.7377339,30.2817037]]]},"properties":{"k":"artpart","name":"Austin","m":"gblue","b":2.34,"h":2.44}},{"type":"Feature","geometry":{"type":"Polygon","coordinates":[[[-97.7377339,30.2817039],[-97.7377307,30.2817039],[-97.7377307,30.2817116],[-97.7377339,30.2817116],[-97.7377339,30.2817039]]]},"properties":{"k":"artpart","name":"Austin","m":"gblue","b":2.44,"h":2.55}},{"type":"Feature","geometry":{"type":"Polygon","coordinates":[[[-97.7377339,30.2817042],[-97.7377307,30.2817042],[-97.7377307,30.2817118],[-97.7377339,30.2817118],[-97.7377339,30.2817042]]]},"properties":{"k":"artpart","name":"Austin","m":"gblue","b":2.55,"h":2.66}},{"type":"Feature","geometry":{"type":"Polygon","coordinates":[[[-97.7377339,30.2817045],[-97.7377307,30.2817045],[-97.7377307,30.2817121],[-97.7377339,30.2817121],[-97.7377339,30.2817045]]]},"properties":{"k":"artpart","name":"Austin","m":"gblue","b":2.66,"h":2.71}},{"type":"Feature","geometry":{"type":"Polygon","coordinates":[[[-97.7377339,30.2817046],[-97.7377307,30.2817046],[-97.7377307,30.2817112],[-97.7377339,30.2817112],[-97.7377339,30.2817046]]]},"properties":{"k":"artpart","name":"Austin","m":"gblue","b":2.71,"h":2.76}},{"type":"Feature","geometry":{"type":"Polygon","coordinates":[[[-97.7377339,30.2817047],[-97.7377307,30.2817047],[-97.7377307,30.2817095],[-97.7377339,30.2817095],[-97.7377339,30.2817047]]]},"properties":{"k":"artpart","name":"Austin","m":"gblue","b":2.76,"h":2.81}},{"type":"Feature","geometry":{"type":"Polygon","coordinates":[[[-97.7377339,30.2817048],[-97.7377307,30.2817048],[-97.7377307,30.2817077],[-97.7377339,30.2817077],[-97.7377339,30.2817048]]]},"properties":{"k":"artpart","name":"Austin","m":"gblue","b":2.81,"h":2.87}},{"type":"Feature","geometry":{"type":"Polygon","coordinates":[[[-97.7377339,30.281705],[-97.7377307,30.281705],[-97.7377307,30.2817059],[-97.7377339,30.2817059],[-97.7377339,30.281705]]]},"properties":{"k":"artpart","name":"Austin","m":"gblue","b":2.87,"h":2.92}},{"type":"Feature","geometry":{"type":"Polygon","coordinates":[[[-97.7377339,30.2817135],[-97.7377307,30.2817135],[-97.7377307,30.2817145],[-97.7377339,30.2817145],[-97.7377339,30.2817135]]]},"properties":{"k":"artpart","name":"Austin","m":"ggreen","b":2.87,"h":2.92}},{"type":"Feature","geometry":{"type":"Polygon","coordinates":[[[-97.7377339,30.2817134],[-97.7377307,30.2817134],[-97.7377307,30.2817162],[-97.7377339,30.2817162],[-97.7377339,30.2817134]]]},"properties":{"k":"artpart","name":"Austin","m":"ggreen","b":2.92,"h":2.97}},{"type":"Feature","geometry":{"type":"Polygon","coordinates":[[[-97.7377339,30.2817133],[-97.7377307,30.2817133],[-97.7377307,30.281718],[-97.7377339,30.281718],[-97.7377339,30.2817133]]]},"properties":{"k":"artpart","name":"Austin","m":"ggreen","b":2.97,"h":3.03}},{"type":"Feature","geometry":{"type":"Polygon","coordinates":[[[-97.7377339,30.2817131],[-97.7377307,30.2817131],[-97.7377307,30.2817198],[-97.7377339,30.2817198],[-97.7377339,30.2817131]]]},"properties":{"k":"artpart","name":"Austin","m":"ggreen","b":3.03,"h":3.08}},{"type":"Feature","geometry":{"type":"Polygon","coordinates":[[[-97.7377339,30.281713],[-97.7377307,30.281713],[-97.7377307,30.2817206],[-97.7377339,30.2817206],[-97.7377339,30.281713]]]},"properties":{"k":"artpart","name":"Austin","m":"ggreen","b":3.08,"h":3.18}},{"type":"Feature","geometry":{"type":"Polygon","coordinates":[[[-97.7377339,30.2817127],[-97.7377307,30.2817127],[-97.7377307,30.2817204],[-97.7377339,30.2817204],[-97.7377339,30.2817127]]]},"properties":{"k":"artpart","name":"Austin","m":"ggreen","b":3.18,"h":3.29}},{"type":"Feature","geometry":{"type":"Polygon","coordinates":[[[-97.7377339,30.2817125],[-97.7377307,30.2817125],[-97.7377307,30.2817201],[-97.7377339,30.2817201],[-97.7377339,30.2817125]]]},"properties":{"k":"artpart","name":"Austin","m":"ggreen","b":3.29,"h":3.4}},{"type":"Feature","geometry":{"type":"Polygon","coordinates":[[[-97.7377339,30.2817122],[-97.7377307,30.2817122],[-97.7377307,30.2817199],[-97.7377339,30.2817199],[-97.7377339,30.2817122]]]},"properties":{"k":"artpart","name":"Austin","m":"ggreen","b":3.4,"h":3.5}},{"type":"Feature","geometry":{"type":"Polygon","coordinates":[[[-97.7377339,30.281712],[-97.7377307,30.281712],[-97.7377307,30.2817196],[-97.7377339,30.2817196],[-97.7377339,30.281712]]]},"properties":{"k":"artpart","name":"Austin","m":"ggreen","b":3.5,"h":3.61}},{"type":"Feature","geometry":{"type":"Polygon","coordinates":[[[-97.7377339,30.2817117],[-97.7377307,30.2817117],[-97.7377307,30.2817194],[-97.7377339,30.2817194],[-97.7377339,30.2817117]]]},"properties":{"k":"artpart","name":"Austin","m":"ggreen","b":3.61,"h":3.66}},{"type":"Feature","geometry":{"type":"Polygon","coordinates":[[[-97.7377339,30.2817126],[-97.7377307,30.2817126],[-97.7377307,30.2817192],[-97.7377339,30.2817192],[-97.7377339,30.2817126]]]},"properties":{"k":"artpart","name":"Austin","m":"ggreen","b":3.66,"h":3.71}},{"type":"Feature","geometry":{"type":"Polygon","coordinates":[[[-97.7377339,30.2817144],[-97.7377307,30.2817144],[-97.7377307,30.2817191],[-97.7377339,30.2817191],[-97.7377339,30.2817144]]]},"properties":{"k":"artpart","name":"Austin","m":"ggreen","b":3.71,"h":3.77}},{"type":"Feature","geometry":{"type":"Polygon","coordinates":[[[-97.7377339,30.2817161],[-97.7377307,30.2817161],[-97.7377307,30.281719],[-97.7377339,30.281719],[-97.7377339,30.2817161]]]},"properties":{"k":"artpart","name":"Austin","m":"ggreen","b":3.77,"h":3.82}},{"type":"Feature","geometry":{"type":"Polygon","coordinates":[[[-97.7377339,30.2817179],[-97.7377307,30.2817179],[-97.7377307,30.2817188],[-97.7377339,30.2817188],[-97.7377339,30.2817179]]]},"properties":{"k":"artpart","name":"Austin","m":"ggreen","b":3.82,"h":3.87}},{"type":"Feature","geometry":{"type":"Polygon","coordinates":[[[-97.7377339,30.2817191],[-97.7377307,30.2817191],[-97.7377307,30.2817195],[-97.7377339,30.2817195],[-97.7377339,30.2817191]]]},"properties":{"k":"artpart","name":"Austin","m":"gyellow","b":4.09,"h":4.14}},{"type":"Feature","geometry":{"type":"Polygon","coordinates":[[[-97.7377339,30.2817186],[-97.7377307,30.2817186],[-97.7377307,30.28172],[-97.7377339,30.28172],[-97.7377339,30.2817186]]]},"properties":{"k":"artpart","name":"Austin","m":"gyellow","b":4.14,"h":4.2}},{"type":"Feature","geometry":{"type":"Polygon","coordinates":[[[-97.7377339,30.2817181],[-97.7377307,30.2817181],[-97.7377307,30.2817205],[-97.7377339,30.2817205],[-97.7377339,30.2817181]]]},"properties":{"k":"artpart","name":"Austin","m":"gyellow","b":4.2,"h":4.25}},{"type":"Feature","geometry":{"type":"Polygon","coordinates":[[[-97.7377339,30.2817176],[-97.7377307,30.2817176],[-97.7377307,30.281721],[-97.7377339,30.281721],[-97.7377339,30.2817176]]]},"properties":{"k":"artpart","name":"Austin","m":"gyellow","b":4.25,"h":4.3}},{"type":"Feature","geometry":{"type":"Polygon","coordinates":[[[-97.7377339,30.2817172],[-97.7377307,30.2817172],[-97.7377307,30.2817214],[-97.7377339,30.2817214],[-97.7377339,30.2817172]]]},"properties":{"k":"artpart","name":"Austin","m":"gyellow","b":4.3,"h":4.35}},{"type":"Feature","geometry":{"type":"Polygon","coordinates":[[[-97.7377339,30.2817167],[-97.7377307,30.2817167],[-97.7377307,30.2817219],[-97.7377339,30.2817219],[-97.7377339,30.2817167]]]},"properties":{"k":"artpart","name":"Austin","m":"gyellow","b":4.35,"h":4.41}},{"type":"Feature","geometry":{"type":"Polygon","coordinates":[[[-97.7377339,30.2817162],[-97.7377307,30.2817162],[-97.7377307,30.2817224],[-97.7377339,30.2817224],[-97.7377339,30.2817162]]]},"properties":{"k":"artpart","name":"Austin","m":"gyellow","b":4.41,"h":4.46}},{"type":"Feature","geometry":{"type":"Polygon","coordinates":[[[-97.7377339,30.2817158],[-97.7377307,30.2817158],[-97.7377307,30.2817229],[-97.7377339,30.2817229],[-97.7377339,30.2817158]]]},"properties":{"k":"artpart","name":"Austin","m":"gyellow","b":4.46,"h":4.51}},{"type":"Feature","geometry":{"type":"Polygon","coordinates":[[[-97.7377339,30.2817153],[-97.7377307,30.2817153],[-97.7377307,30.2817233],[-97.7377339,30.2817233],[-97.7377339,30.2817153]]]},"properties":{"k":"artpart","name":"Austin","m":"gyellow","b":4.51,"h":4.56}},{"type":"Feature","geometry":{"type":"Polygon","coordinates":[[[-97.7377339,30.2817148],[-97.7377307,30.2817148],[-97.7377307,30.2817238],[-97.7377339,30.2817238],[-97.7377339,30.2817148]]]},"properties":{"k":"artpart","name":"Austin","m":"gyellow","b":4.56,"h":4.62}},{"type":"Feature","geometry":{"type":"Polygon","coordinates":[[[-97.7377339,30.2817143],[-97.7377307,30.2817143],[-97.7377307,30.2817243],[-97.7377339,30.2817243],[-97.7377339,30.2817143]]]},"properties":{"k":"artpart","name":"Austin","m":"gyellow","b":4.62,"h":4.72}},{"type":"Feature","geometry":{"type":"Polygon","coordinates":[[[-97.7377339,30.2817148],[-97.7377307,30.2817148],[-97.7377307,30.2817238],[-97.7377339,30.2817238],[-97.7377339,30.2817148]]]},"properties":{"k":"artpart","name":"Austin","m":"gyellow","b":4.72,"h":4.78}},{"type":"Feature","geometry":{"type":"Polygon","coordinates":[[[-97.7377339,30.2817153],[-97.7377307,30.2817153],[-97.7377307,30.2817233],[-97.7377339,30.2817233],[-97.7377339,30.2817153]]]},"properties":{"k":"artpart","name":"Austin","m":"gyellow","b":4.78,"h":4.83}},{"type":"Feature","geometry":{"type":"Polygon","coordinates":[[[-97.7377339,30.2817158],[-97.7377307,30.2817158],[-97.7377307,30.2817229],[-97.7377339,30.2817229],[-97.7377339,30.2817158]]]},"properties":{"k":"artpart","name":"Austin","m":"gyellow","b":4.83,"h":4.88}},{"type":"Feature","geometry":{"type":"Polygon","coordinates":[[[-97.7377339,30.2817162],[-97.7377307,30.2817162],[-97.7377307,30.2817224],[-97.7377339,30.2817224],[-97.7377339,30.2817162]]]},"properties":{"k":"artpart","name":"Austin","m":"gyellow","b":4.88,"h":4.93}},{"type":"Feature","geometry":{"type":"Polygon","coordinates":[[[-97.7377339,30.2817167],[-97.7377307,30.2817167],[-97.7377307,30.2817219],[-97.7377339,30.2817219],[-97.7377339,30.2817167]]]},"properties":{"k":"artpart","name":"Austin","m":"gyellow","b":4.93,"h":4.99}},{"type":"Feature","geometry":{"type":"Polygon","coordinates":[[[-97.7377339,30.2817172],[-97.7377307,30.2817172],[-97.7377307,30.2817214],[-97.7377339,30.2817214],[-97.7377339,30.2817172]]]},"properties":{"k":"artpart","name":"Austin","m":"gyellow","b":4.99,"h":5.04}},{"type":"Feature","geometry":{"type":"Polygon","coordinates":[[[-97.7377339,30.2817176],[-97.7377307,30.2817176],[-97.7377307,30.281721],[-97.7377339,30.281721],[-97.7377339,30.2817176]]]},"properties":{"k":"artpart","name":"Austin","m":"gyellow","b":5.04,"h":5.09}},{"type":"Feature","geometry":{"type":"Polygon","coordinates":[[[-97.7377339,30.2817181],[-97.7377307,30.2817181],[-97.7377307,30.2817205],[-97.7377339,30.2817205],[-97.7377339,30.2817181]]]},"properties":{"k":"artpart","name":"Austin","m":"gyellow","b":5.09,"h":5.14}},{"type":"Feature","geometry":{"type":"Polygon","coordinates":[[[-97.7377339,30.2817186],[-97.7377307,30.2817186],[-97.7377307,30.28172],[-97.7377339,30.28172],[-97.7377339,30.2817186]]]},"properties":{"k":"artpart","name":"Austin","m":"gyellow","b":5.14,"h":5.2}},{"type":"Feature","geometry":{"type":"Polygon","coordinates":[[[-97.7377339,30.2817191],[-97.7377307,30.2817191],[-97.7377307,30.2817195],[-97.7377339,30.2817195],[-97.7377339,30.2817191]]]},"properties":{"k":"artpart","name":"Austin","m":"gyellow","b":5.2,"h":5.25}},{"type":"Feature","geometry":{"type":"Polygon","coordinates":[[[-97.7377339,30.2817179],[-97.7377307,30.2817179],[-97.7377307,30.2817188],[-97.7377339,30.2817188],[-97.7377339,30.2817179]]]},"properties":{"k":"artpart","name":"Austin","m":"gorange","b":5.47,"h":5.52}},{"type":"Feature","geometry":{"type":"Polygon","coordinates":[[[-97.7377339,30.2817161],[-97.7377307,30.2817161],[-97.7377307,30.281719],[-97.7377339,30.281719],[-97.7377339,30.2817161]]]},"properties":{"k":"artpart","name":"Austin","m":"gorange","b":5.52,"h":5.57}},{"type":"Feature","geometry":{"type":"Polygon","coordinates":[[[-97.7377339,30.2817144],[-97.7377307,30.2817144],[-97.7377307,30.2817191],[-97.7377339,30.2817191],[-97.7377339,30.2817144]]]},"properties":{"k":"artpart","name":"Austin","m":"gorange","b":5.57,"h":5.63}},{"type":"Feature","geometry":{"type":"Polygon","coordinates":[[[-97.7377339,30.2817126],[-97.7377307,30.2817126],[-97.7377307,30.2817192],[-97.7377339,30.2817192],[-97.7377339,30.2817126]]]},"properties":{"k":"artpart","name":"Austin","m":"gorange","b":5.63,"h":5.68}},{"type":"Feature","geometry":{"type":"Polygon","coordinates":[[[-97.7377339,30.2817117],[-97.7377307,30.2817117],[-97.7377307,30.2817194],[-97.7377339,30.2817194],[-97.7377339,30.2817117]]]},"properties":{"k":"artpart","name":"Austin","m":"gorange","b":5.68,"h":5.78}},{"type":"Feature","geometry":{"type":"Polygon","coordinates":[[[-97.7377339,30.281712],[-97.7377307,30.281712],[-97.7377307,30.2817196],[-97.7377339,30.2817196],[-97.7377339,30.281712]]]},"properties":{"k":"artpart","name":"Austin","m":"gorange","b":5.78,"h":5.89}},{"type":"Feature","geometry":{"type":"Polygon","coordinates":[[[-97.7377339,30.2817122],[-97.7377307,30.2817122],[-97.7377307,30.2817199],[-97.7377339,30.2817199],[-97.7377339,30.2817122]]]},"properties":{"k":"artpart","name":"Austin","m":"gorange","b":5.89,"h":6.0}},{"type":"Feature","geometry":{"type":"Polygon","coordinates":[[[-97.7377339,30.2817125],[-97.7377307,30.2817125],[-97.7377307,30.2817201],[-97.7377339,30.2817201],[-97.7377339,30.2817125]]]},"properties":{"k":"artpart","name":"Austin","m":"gorange","b":6.0,"h":6.1}},{"type":"Feature","geometry":{"type":"Polygon","coordinates":[[[-97.7377339,30.2817127],[-97.7377307,30.2817127],[-97.7377307,30.2817204],[-97.7377339,30.2817204],[-97.7377339,30.2817127]]]},"properties":{"k":"artpart","name":"Austin","m":"gorange","b":6.1,"h":6.21}},{"type":"Feature","geometry":{"type":"Polygon","coordinates":[[[-97.7377339,30.281713],[-97.7377307,30.281713],[-97.7377307,30.2817206],[-97.7377339,30.2817206],[-97.7377339,30.281713]]]},"properties":{"k":"artpart","name":"Austin","m":"gorange","b":6.21,"h":6.26}},{"type":"Feature","geometry":{"type":"Polygon","coordinates":[[[-97.7377339,30.2817131],[-97.7377307,30.2817131],[-97.7377307,30.2817198],[-97.7377339,30.2817198],[-97.7377339,30.2817131]]]},"properties":{"k":"artpart","name":"Austin","m":"gorange","b":6.26,"h":6.31}},{"type":"Feature","geometry":{"type":"Polygon","coordinates":[[[-97.7377339,30.2817133],[-97.7377307,30.2817133],[-97.7377307,30.281718],[-97.7377339,30.281718],[-97.7377339,30.2817133]]]},"properties":{"k":"artpart","name":"Austin","m":"gorange","b":6.31,"h":6.37}},{"type":"Feature","geometry":{"type":"Polygon","coordinates":[[[-97.7377339,30.2817134],[-97.7377307,30.2817134],[-97.7377307,30.2817162],[-97.7377339,30.2817162],[-97.7377339,30.2817134]]]},"properties":{"k":"artpart","name":"Austin","m":"gorange","b":6.37,"h":6.42}},{"type":"Feature","geometry":{"type":"Polygon","coordinates":[[[-97.7377339,30.2817135],[-97.7377307,30.2817135],[-97.7377307,30.2817145],[-97.7377339,30.2817145],[-97.7377339,30.2817135]]]},"properties":{"k":"artpart","name":"Austin","m":"gorange","b":6.42,"h":6.47}},{"type":"Feature","geometry":{"type":"Polygon","coordinates":[[[-97.7377339,30.281705],[-97.7377307,30.281705],[-97.7377307,30.2817059],[-97.7377339,30.2817059],[-97.7377339,30.281705]]]},"properties":{"k":"artpart","name":"Austin","m":"gred","b":6.42,"h":6.47}},{"type":"Feature","geometry":{"type":"Polygon","coordinates":[[[-97.7377339,30.2817048],[-97.7377307,30.2817048],[-97.7377307,30.2817077],[-97.7377339,30.2817077],[-97.7377339,30.2817048]]]},"properties":{"k":"artpart","name":"Austin","m":"gred","b":6.47,"h":6.53}},{"type":"Feature","geometry":{"type":"Polygon","coordinates":[[[-97.7377339,30.2817047],[-97.7377307,30.2817047],[-97.7377307,30.2817095],[-97.7377339,30.2817095],[-97.7377339,30.2817047]]]},"properties":{"k":"artpart","name":"Austin","m":"gred","b":6.53,"h":6.58}},{"type":"Feature","geometry":{"type":"Polygon","coordinates":[[[-97.7377339,30.2817046],[-97.7377307,30.2817046],[-97.7377307,30.2817112],[-97.7377339,30.2817112],[-97.7377339,30.2817046]]]},"properties":{"k":"artpart","name":"Austin","m":"gred","b":6.58,"h":6.63}},{"type":"Feature","geometry":{"type":"Polygon","coordinates":[[[-97.7377339,30.2817045],[-97.7377307,30.2817045],[-97.7377307,30.2817121],[-97.7377339,30.2817121],[-97.7377339,30.2817045]]]},"properties":{"k":"artpart","name":"Austin","m":"gred","b":6.63,"h":6.74}},{"type":"Feature","geometry":{"type":"Polygon","coordinates":[[[-97.7377339,30.2817042],[-97.7377307,30.2817042],[-97.7377307,30.2817118],[-97.7377339,30.2817118],[-97.7377339,30.2817042]]]},"properties":{"k":"artpart","name":"Austin","m":"gred","b":6.74,"h":6.84}},{"type":"Feature","geometry":{"type":"Polygon","coordinates":[[[-97.7377339,30.2817039],[-97.7377307,30.2817039],[-97.7377307,30.2817116],[-97.7377339,30.2817116],[-97.7377339,30.2817039]]]},"properties":{"k":"artpart","name":"Austin","m":"gred","b":6.84,"h":6.95}},{"type":"Feature","geometry":{"type":"Polygon","coordinates":[[[-97.7377339,30.2817037],[-97.7377307,30.2817037],[-97.7377307,30.2817113],[-97.7377339,30.2817113],[-97.7377339,30.2817037]]]},"properties":{"k":"artpart","name":"Austin","m":"gred","b":6.95,"h":7.05}},{"type":"Feature","geometry":{"type":"Polygon","coordinates":[[[-97.7377339,30.2817034],[-97.7377307,30.2817034],[-97.7377307,30.2817111],[-97.7377339,30.2817111],[-97.7377339,30.2817034]]]},"properties":{"k":"artpart","name":"Austin","m":"gred","b":7.05,"h":7.16}},{"type":"Feature","geometry":{"type":"Polygon","coordinates":[[[-97.7377339,30.2817032],[-97.7377307,30.2817032],[-97.7377307,30.2817108],[-97.7377339,30.2817108],[-97.7377339,30.2817032]]]},"properties":{"k":"artpart","name":"Austin","m":"gred","b":7.16,"h":7.21}},{"type":"Feature","geometry":{"type":"Polygon","coordinates":[[[-97.7377339,30.281704],[-97.7377307,30.281704],[-97.7377307,30.2817107],[-97.7377339,30.2817107],[-97.7377339,30.281704]]]},"properties":{"k":"artpart","name":"Austin","m":"gred","b":7.21,"h":7.27}},{"type":"Feature","geometry":{"type":"Polygon","coordinates":[[[-97.7377339,30.2817058],[-97.7377307,30.2817058],[-97.7377307,30.2817105],[-97.7377339,30.2817105],[-97.7377339,30.2817058]]]},"properties":{"k":"artpart","name":"Austin","m":"gred","b":7.27,"h":7.32}},{"type":"Feature","geometry":{"type":"Polygon","coordinates":[[[-97.7377339,30.2817076],[-97.7377307,30.2817076],[-97.7377307,30.2817104],[-97.7377339,30.2817104],[-97.7377339,30.2817076]]]},"properties":{"k":"artpart","name":"Austin","m":"gred","b":7.32,"h":7.37}},{"type":"Feature","geometry":{"type":"Polygon","coordinates":[[[-97.7377339,30.2817093],[-97.7377307,30.2817093],[-97.7377307,30.2817103],[-97.7377339,30.2817103],[-97.7377339,30.2817093]]]},"properties":{"k":"artpart","name":"Austin","m":"gred","b":7.37,"h":7.42}},{"type":"Feature","geometry":{"type":"Polygon","coordinates":[[[-97.7379273,30.2816951],[-97.7379241,30.2816951],[-97.7379241,30.2816968],[-97.7379273,30.2816968],[-97.7379273,30.2816951]]]},"properties":{"k":"artpart","name":"Austin","m":"gviolet","b":5.37,"h":7.52}},{"type":"Feature","geometry":{"type":"Polygon","coordinates":[[[-97.7379273,30.2816994],[-97.7379241,30.2816994],[-97.7379241,30.2817],[-97.7379273,30.2817],[-97.7379273,30.2816994]]]},"properties":{"k":"artpart","name":"Austin","m":"gblue","b":5.23,"h":5.28}},{"type":"Feature","geometry":{"type":"Polygon","coordinates":[[[-97.7379273,30.2816986],[-97.7379241,30.2816986],[-97.7379241,30.2817003],[-97.7379273,30.2817003],[-97.7379273,30.2816986]]]},"properties":{"k":"artpart","name":"Austin","m":"gblue","b":5.28,"h":5.34}},{"type":"Feature","geometry":{"type":"Polygon","coordinates":[[[-97.7379273,30.2816985],[-97.7379241,30.2816985],[-97.7379241,30.2817006],[-97.7379273,30.2817006],[-97.7379273,30.2816985]]]},"properties":{"k":"artpart","name":"Austin","m":"gblue","b":5.34,"h":5.39}},{"type":"Feature","geometry":{"type":"Polygon","coordinates":[[[-97.7379273,30.2816988],[-97.7379241,30.2816988],[-97.7379241,30.2817009],[-97.7379273,30.2817009],[-97.7379273,30.2816988]]]},"properties":{"k":"artpart","name":"Austin","m":"gblue","b":5.39,"h":5.44}},{"type":"Feature","geometry":{"type":"Polygon","coordinates":[[[-97.7379273,30.2816991],[-97.7379241,30.2816991],[-97.7379241,30.2817011],[-97.7379273,30.2817011],[-97.7379273,30.2816991]]]},"properties":{"k":"artpart","name":"Austin","m":"gblue","b":5.44,"h":5.5}},{"type":"Feature","geometry":{"type":"Polygon","coordinates":[[[-97.7379273,30.2816994],[-97.7379241,30.2816994],[-97.7379241,30.2817014],[-97.7379273,30.2817014],[-97.7379273,30.2816994]]]},"properties":{"k":"artpart","name":"Austin","m":"gblue","b":5.5,"h":5.55}},{"type":"Feature","geometry":{"type":"Polygon","coordinates":[[[-97.7379273,30.2816996],[-97.7379241,30.2816996],[-97.7379241,30.2817017],[-97.7379273,30.2817017],[-97.7379273,30.2816996]]]},"properties":{"k":"artpart","name":"Austin","m":"gblue","b":5.55,"h":5.61}},{"type":"Feature","geometry":{"type":"Polygon","coordinates":[[[-97.7379273,30.2816999],[-97.7379241,30.2816999],[-97.7379241,30.281702],[-97.7379273,30.281702],[-97.7379273,30.2816999]]]},"properties":{"k":"artpart","name":"Austin","m":"gblue","b":5.61,"h":5.66}},{"type":"Feature","geometry":{"type":"Polygon","coordinates":[[[-97.7379273,30.2817002],[-97.7379241,30.2817002],[-97.7379241,30.2817023],[-97.7379273,30.2817023],[-97.7379273,30.2817002]]]},"properties":{"k":"artpart","name":"Austin","m":"gblue","b":5.66,"h":5.72}},{"type":"Feature","geometry":{"type":"Polygon","coordinates":[[[-97.7379273,30.2817005],[-97.7379241,30.2817005],[-97.7379241,30.2817026],[-97.7379273,30.2817026],[-97.7379273,30.2817005]]]},"properties":{"k":"artpart","name":"Austin","m":"gblue","b":5.72,"h":5.77}},{"type":"Feature","geometry":{"type":"Polygon","coordinates":[[[-97.7379273,30.2817008],[-97.7379241,30.2817008],[-97.7379241,30.2817028],[-97.7379273,30.2817028],[-97.7379273,30.2817008]]]},"properties":{"k":"artpart","name":"Austin","m":"gblue","b":5.77,"h":5.83}},{"type":"Feature","geometry":{"type":"Polygon","coordinates":[[[-97.7379273,30.281701],[-97.7379241,30.281701],[-97.7379241,30.2817031],[-97.7379273,30.2817031],[-97.7379273,30.281701]]]},"properties":{"k":"artpart","name":"Austin","m":"gblue","b":5.83,"h":5.88}},{"type":"Feature","geometry":{"type":"Polygon","coordinates":[[[-97.7379273,30.2817013],[-97.7379241,30.2817013],[-97.7379241,30.2817034],[-97.7379273,30.2817034],[-97.7379273,30.2817013]]]},"properties":{"k":"artpart","name":"Austin","m":"gblue","b":5.88,"h":5.93}},{"type":"Feature","geometry":{"type":"Polygon","coordinates":[[[-97.7379273,30.2817016],[-97.7379241,30.2817016],[-97.7379241,30.2817037],[-97.7379273,30.2817037],[-97.7379273,30.2817016]]]},"properties":{"k":"artpart","name":"Austin","m":"gblue","b":5.93,"h":5.99}},{"type":"Feature","geometry":{"type":"Polygon","coordinates":[[[-97.7379273,30.2817019],[-97.7379241,30.2817019],[-97.7379241,30.281704],[-97.7379273,30.281704],[-97.7379273,30.2817019]]]},"properties":{"k":"artpart","name":"Austin","m":"gblue","b":5.99,"h":6.04}},{"type":"Feature","geometry":{"type":"Polygon","coordinates":[[[-97.7379273,30.2817022],[-97.7379241,30.2817022],[-97.7379241,30.2817043],[-97.7379273,30.2817043],[-97.7379273,30.2817022]]]},"properties":{"k":"artpart","name":"Austin","m":"gblue","b":6.04,"h":6.1}},{"type":"Feature","geometry":{"type":"Polygon","coordinates":[[[-97.7379273,30.2817025],[-97.7379241,30.2817025],[-97.7379241,30.2817045],[-97.7379273,30.2817045],[-97.7379273,30.2817025]]]},"properties":{"k":"artpart","name":"Austin","m":"gblue","b":6.1,"h":6.15}},{"type":"Feature","geometry":{"type":"Polygon","coordinates":[[[-97.7379273,30.2817027],[-97.7379241,30.2817027],[-97.7379241,30.2817048],[-97.7379273,30.2817048],[-97.7379273,30.2817027]]]},"properties":{"k":"artpart","name":"Austin","m":"gblue","b":6.15,"h":6.21}},{"type":"Feature","geometry":{"type":"Polygon","coordinates":[[[-97.7379273,30.281703],[-97.7379241,30.281703],[-97.7379241,30.2817051],[-97.7379273,30.2817051],[-97.7379273,30.281703]]]},"properties":{"k":"artpart","name":"Austin","m":"gblue","b":6.21,"h":6.26}},{"type":"Feature","geometry":{"type":"Polygon","coordinates":[[[-97.7379273,30.2817033],[-97.7379241,30.2817033],[-97.7379241,30.2817054],[-97.7379273,30.2817054],[-97.7379273,30.2817033]]]},"properties":{"k":"artpart","name":"Austin","m":"gblue","b":6.26,"h":6.32}},{"type":"Feature","geometry":{"type":"Polygon","coordinates":[[[-97.7379273,30.2817036],[-97.7379241,30.2817036],[-97.7379241,30.2817057],[-97.7379273,30.2817057],[-97.7379273,30.2817036]]]},"properties":{"k":"artpart","name":"Austin","m":"gblue","b":6.32,"h":6.37}},{"type":"Feature","geometry":{"type":"Polygon","coordinates":[[[-97.7379273,30.2817039],[-97.7379241,30.2817039],[-97.7379241,30.2817059],[-97.7379273,30.2817059],[-97.7379273,30.2817039]]]},"properties":{"k":"artpart","name":"Austin","m":"gblue","b":6.37,"h":6.43}},{"type":"Feature","geometry":{"type":"Polygon","coordinates":[[[-97.7379273,30.2817042],[-97.7379241,30.2817042],[-97.7379241,30.2817062],[-97.7379273,30.2817062],[-97.7379273,30.2817042]]]},"properties":{"k":"artpart","name":"Austin","m":"gblue","b":6.43,"h":6.48}},{"type":"Feature","geometry":{"type":"Polygon","coordinates":[[[-97.7379273,30.2817044],[-97.7379241,30.2817044],[-97.7379241,30.2817065],[-97.7379273,30.2817065],[-97.7379273,30.2817044]]]},"properties":{"k":"artpart","name":"Austin","m":"gblue","b":6.48,"h":6.53}},{"type":"Feature","geometry":{"type":"Polygon","coordinates":[[[-97.7379273,30.2817047],[-97.7379241,30.2817047],[-97.7379241,30.2817068],[-97.7379273,30.2817068],[-97.7379273,30.2817047]]]},"properties":{"k":"artpart","name":"Austin","m":"gblue","b":6.53,"h":6.59}},{"type":"Feature","geometry":{"type":"Polygon","coordinates":[[[-97.7379273,30.281705],[-97.7379241,30.281705],[-97.7379241,30.2817071],[-97.7379273,30.2817071],[-97.7379273,30.281705]]]},"properties":{"k":"artpart","name":"Austin","m":"gblue","b":6.59,"h":6.64}},{"type":"Feature","geometry":{"type":"Polygon","coordinates":[[[-97.7379273,30.2817053],[-97.7379241,30.2817053],[-97.7379241,30.2817074],[-97.7379273,30.2817074],[-97.7379273,30.2817053]]]},"properties":{"k":"artpart","name":"Austin","m":"gblue","b":6.64,"h":6.7}},{"type":"Feature","geometry":{"type":"Polygon","coordinates":[[[-97.7379273,30.2817056],[-97.7379241,30.2817056],[-97.7379241,30.2817076],[-97.7379273,30.2817076],[-97.7379273,30.2817056]]]},"properties":{"k":"artpart","name":"Austin","m":"gblue","b":6.7,"h":6.75}},{"type":"Feature","geometry":{"type":"Polygon","coordinates":[[[-97.7379273,30.2817059],[-97.7379241,30.2817059],[-97.7379241,30.2817079],[-97.7379273,30.2817079],[-97.7379273,30.2817059]]]},"properties":{"k":"artpart","name":"Austin","m":"gblue","b":6.75,"h":6.81}},{"type":"Feature","geometry":{"type":"Polygon","coordinates":[[[-97.7379273,30.2817061],[-97.7379241,30.2817061],[-97.7379241,30.2817082],[-97.7379273,30.2817082],[-97.7379273,30.2817061]]]},"properties":{"k":"artpart","name":"Austin","m":"gblue","b":6.81,"h":6.86}},{"type":"Feature","geometry":{"type":"Polygon","coordinates":[[[-97.7379273,30.2817064],[-97.7379241,30.2817064],[-97.7379241,30.2817085],[-97.7379273,30.2817085],[-97.7379273,30.2817064]]]},"properties":{"k":"artpart","name":"Austin","m":"gblue","b":6.86,"h":6.92}},{"type":"Feature","geometry":{"type":"Polygon","coordinates":[[[-97.7379273,30.2817067],[-97.7379241,30.2817067],[-97.7379241,30.2817088],[-97.7379273,30.2817088],[-97.7379273,30.2817067]]]},"properties":{"k":"artpart","name":"Austin","m":"gblue","b":6.92,"h":6.97}},{"type":"Feature","geometry":{"type":"Polygon","coordinates":[[[-97.7379273,30.281707],[-97.7379241,30.281707],[-97.7379241,30.2817091],[-97.7379273,30.2817091],[-97.7379273,30.281707]]]},"properties":{"k":"artpart","name":"Austin","m":"gblue","b":6.97,"h":7.02}},{"type":"Feature","geometry":{"type":"Polygon","coordinates":[[[-97.7379273,30.2817073],[-97.7379241,30.2817073],[-97.7379241,30.2817093],[-97.7379273,30.2817093],[-97.7379273,30.2817073]]]},"properties":{"k":"artpart","name":"Austin","m":"gblue","b":7.02,"h":7.08}},{"type":"Feature","geometry":{"type":"Polygon","coordinates":[[[-97.7379273,30.2817075],[-97.7379241,30.2817075],[-97.7379241,30.2817092],[-97.7379273,30.2817092],[-97.7379273,30.2817075]]]},"properties":{"k":"artpart","name":"Austin","m":"gblue","b":7.08,"h":7.13}},{"type":"Feature","geometry":{"type":"Polygon","coordinates":[[[-97.7379273,30.2817078],[-97.7379241,30.2817078],[-97.7379241,30.2817084],[-97.7379273,30.2817084],[-97.7379273,30.2817078]]]},"properties":{"k":"artpart","name":"Austin","m":"gblue","b":7.13,"h":7.19}},{"type":"Feature","geometry":{"type":"Polygon","coordinates":[[[-97.7379273,30.2817017],[-97.7379241,30.2817017],[-97.7379241,30.2817023],[-97.7379273,30.2817023],[-97.7379273,30.2817017]]]},"properties":{"k":"artpart","name":"Austin","m":"ggreen","b":4.93,"h":4.99}},{"type":"Feature","geometry":{"type":"Polygon","coordinates":[[[-97.7379273,30.2817014],[-97.7379241,30.2817014],[-97.7379241,30.2817031],[-97.7379273,30.2817031],[-97.7379273,30.2817014]]]},"properties":{"k":"artpart","name":"Austin","m":"ggreen","b":4.99,"h":5.04}},{"type":"Feature","geometry":{"type":"Polygon","coordinates":[[[-97.7379273,30.2817011],[-97.7379241,30.2817011],[-97.7379241,30.281704],[-97.7379273,30.281704],[-97.7379273,30.2817011]]]},"properties":{"k":"artpart","name":"Austin","m":"ggreen","b":5.04,"h":5.1}},{"type":"Feature","geometry":{"type":"Polygon","coordinates":[[[-97.7379273,30.2817012],[-97.7379241,30.2817012],[-97.7379241,30.2817048],[-97.7379273,30.2817048],[-97.7379273,30.2817012]]]},"properties":{"k":"artpart","name":"Austin","m":"ggreen","b":5.1,"h":5.15}},{"type":"Feature","geometry":{"type":"Polygon","coordinates":[[[-97.7379273,30.2817021],[-97.7379241,30.2817021],[-97.7379241,30.2817056],[-97.7379273,30.2817056],[-97.7379273,30.2817021]]]},"properties":{"k":"artpart","name":"Austin","m":"ggreen","b":5.15,"h":5.2}},{"type":"Feature","geometry":{"type":"Polygon","coordinates":[[[-97.7379273,30.2817029],[-97.7379241,30.2817029],[-97.7379241,30.2817065],[-97.7379273,30.2817065],[-97.7379273,30.2817029]]]},"properties":{"k":"artpart","name":"Austin","m":"ggreen","b":5.2,"h":5.26}},{"type":"Feature","geometry":{"type":"Polygon","coordinates":[[[-97.7379273,30.2817037],[-97.7379241,30.2817037],[-97.7379241,30.2817073],[-97.7379273,30.2817073],[-97.7379273,30.2817037]]]},"properties":{"k":"artpart","name":"Austin","m":"ggreen","b":5.26,"h":5.31}},{"type":"Feature","geometry":{"type":"Polygon","coordinates":[[[-97.7379273,30.2817046],[-97.7379241,30.2817046],[-97.7379241,30.2817082],[-97.7379273,30.2817082],[-97.7379273,30.2817046]]]},"properties":{"k":"artpart","name":"Austin","m":"ggreen","b":5.31,"h":5.37}},{"type":"Feature","geometry":{"type":"Polygon","coordinates":[[[-97.7379273,30.2817054],[-97.7379241,30.2817054],[-97.7379241,30.281709],[-97.7379273,30.281709],[-97.7379273,30.2817054]]]},"properties":{"k":"artpart","name":"Austin","m":"ggreen","b":5.37,"h":5.42}},{"type":"Feature","geometry":{"type":"Polygon","coordinates":[[[-97.7379273,30.2817063],[-97.7379241,30.2817063],[-97.7379241,30.2817099],[-97.7379273,30.2817099],[-97.7379273,30.2817063]]]},"properties":{"k":"artpart","name":"Austin","m":"ggreen","b":5.42,"h":5.48}},{"type":"Feature","geometry":{"type":"Polygon","coordinates":[[[-97.7379273,30.2817071],[-97.7379241,30.2817071],[-97.7379241,30.2817107],[-97.7379273,30.2817107],[-97.7379273,30.2817071]]]},"properties":{"k":"artpart","name":"Austin","m":"ggreen","b":5.48,"h":5.53}},{"type":"Feature","geometry":{"type":"Polygon","coordinates":[[[-97.7379273,30.281708],[-97.7379241,30.281708],[-97.7379241,30.2817116],[-97.7379273,30.2817116],[-97.7379273,30.281708]]]},"properties":{"k":"artpart","name":"Austin","m":"ggreen","b":5.53,"h":5.58}},{"type":"Feature","geometry":{"type":"Polygon","coordinates":[[[-97.7379273,30.2817088],[-97.7379241,30.2817088],[-97.7379241,30.2817124],[-97.7379273,30.2817124],[-97.7379273,30.2817088]]]},"properties":{"k":"artpart","name":"Austin","m":"ggreen","b":5.58,"h":5.64}},{"type":"Feature","geometry":{"type":"Polygon","coordinates":[[[-97.7379273,30.2817097],[-97.7379241,30.2817097],[-97.7379241,30.2817132],[-97.7379273,30.2817132],[-97.7379273,30.2817097]]]},"properties":{"k":"artpart","name":"Austin","m":"ggreen","b":5.64,"h":5.69}},{"type":"Feature","geometry":{"type":"Polygon","coordinates":[[[-97.7379273,30.2817105],[-97.7379241,30.2817105],[-97.7379241,30.2817141],[-97.7379273,30.2817141],[-97.7379273,30.2817105]]]},"properties":{"k":"artpart","name":"Austin","m":"ggreen","b":5.69,"h":5.75}},{"type":"Feature","geometry":{"type":"Polygon","coordinates":[[[-97.7379273,30.2817113],[-97.7379241,30.2817113],[-97.7379241,30.2817149],[-97.7379273,30.2817149],[-97.7379273,30.2817113]]]},"properties":{"k":"artpart","name":"Austin","m":"ggreen","b":5.75,"h":5.8}},{"type":"Feature","geometry":{"type":"Polygon","coordinates":[[[-97.7379273,30.2817122],[-97.7379241,30.2817122],[-97.7379241,30.2817158],[-97.7379273,30.2817158],[-97.7379273,30.2817122]]]},"properties":{"k":"artpart","name":"Austin","m":"ggreen","b":5.8,"h":5.86}},{"type":"Feature","geometry":{"type":"Polygon","coordinates":[[[-97.7379273,30.281713],[-97.7379241,30.281713],[-97.7379241,30.2817166],[-97.7379273,30.2817166],[-97.7379273,30.281713]]]},"properties":{"k":"artpart","name":"Austin","m":"ggreen","b":5.86,"h":5.91}},{"type":"Feature","geometry":{"type":"Polygon","coordinates":[[[-97.7379273,30.2817139],[-97.7379241,30.2817139],[-97.7379241,30.2817175],[-97.7379273,30.2817175],[-97.7379273,30.2817139]]]},"properties":{"k":"artpart","name":"Austin","m":"ggreen","b":5.91,"h":5.96}},{"type":"Feature","geometry":{"type":"Polygon","coordinates":[[[-97.7379273,30.2817147],[-97.7379241,30.2817147],[-97.7379241,30.2817183],[-97.7379273,30.2817183],[-97.7379273,30.2817147]]]},"properties":{"k":"artpart","name":"Austin","m":"ggreen","b":5.96,"h":6.02}},{"type":"Feature","geometry":{"type":"Polygon","coordinates":[[[-97.7379273,30.2817156],[-97.7379241,30.2817156],[-97.7379241,30.2817184],[-97.7379273,30.2817184],[-97.7379273,30.2817156]]]},"properties":{"k":"artpart","name":"Austin","m":"ggreen","b":6.02,"h":6.07}},{"type":"Feature","geometry":{"type":"Polygon","coordinates":[[[-97.7379273,30.2817164],[-97.7379241,30.2817164],[-97.7379241,30.2817181],[-97.7379273,30.2817181],[-97.7379273,30.2817164]]]},"properties":{"k":"artpart","name":"Austin","m":"ggreen","b":6.07,"h":6.13}},{"type":"Feature","geometry":{"type":"Polygon","coordinates":[[[-97.7379273,30.2817172],[-97.7379241,30.2817172],[-97.7379241,30.2817178],[-97.7379273,30.2817178],[-97.7379273,30.2817172]]]},"properties":{"k":"artpart","name":"Austin","m":"ggreen","b":6.13,"h":6.18}},{"type":"Feature","geometry":{"type":"Polygon","coordinates":[[[-97.7379273,30.2817022],[-97.7379241,30.2817022],[-97.7379241,30.2817216],[-97.7379273,30.2817216],[-97.7379273,30.2817022]]]},"properties":{"k":"artpart","name":"Austin","m":"gyellow","b":4.57,"h":4.77}},{"type":"Feature","geometry":{"type":"Polygon","coordinates":[[[-97.7379273,30.2817172],[-97.7379241,30.2817172],[-97.7379241,30.2817178],[-97.7379273,30.2817178],[-97.7379273,30.2817172]]]},"properties":{"k":"artpart","name":"Austin","m":"gorange","b":3.16,"h":3.21}},{"type":"Feature","geometry":{"type":"Polygon","coordinates":[[[-97.7379273,30.2817164],[-97.7379241,30.2817164],[-97.7379241,30.2817181],[-97.7379273,30.2817181],[-97.7379273,30.2817164]]]},"properties":{"k":"artpart","name":"Austin","m":"gorange","b":3.21,"h":3.27}},{"type":"Feature","geometry":{"type":"Polygon","coordinates":[[[-97.7379273,30.2817156],[-97.7379241,30.2817156],[-97.7379241,30.2817184],[-97.7379273,30.2817184],[-97.7379273,30.2817156]]]},"properties":{"k":"artpart","name":"Austin","m":"gorange","b":3.27,"h":3.32}},{"type":"Feature","geometry":{"type":"Polygon","coordinates":[[[-97.7379273,30.2817147],[-97.7379241,30.2817147],[-97.7379241,30.2817183],[-97.7379273,30.2817183],[-97.7379273,30.2817147]]]},"properties":{"k":"artpart","name":"Austin","m":"gorange","b":3.32,"h":3.38}},{"type":"Feature","geometry":{"type":"Polygon","coordinates":[[[-97.7379273,30.2817139],[-97.7379241,30.2817139],[-97.7379241,30.2817175],[-97.7379273,30.2817175],[-97.7379273,30.2817139]]]},"properties":{"k":"artpart","name":"Austin","m":"gorange","b":3.38,"h":3.43}},{"type":"Feature","geometry":{"type":"Polygon","coordinates":[[[-97.7379273,30.281713],[-97.7379241,30.281713],[-97.7379241,30.2817166],[-97.7379273,30.2817166],[-97.7379273,30.281713]]]},"properties":{"k":"artpart","name":"Austin","m":"gorange","b":3.43,"h":3.48}},{"type":"Feature","geometry":{"type":"Polygon","coordinates":[[[-97.7379273,30.2817122],[-97.7379241,30.2817122],[-97.7379241,30.2817158],[-97.7379273,30.2817158],[-97.7379273,30.2817122]]]},"properties":{"k":"artpart","name":"Austin","m":"gorange","b":3.48,"h":3.54}},{"type":"Feature","geometry":{"type":"Polygon","coordinates":[[[-97.7379273,30.2817113],[-97.7379241,30.2817113],[-97.7379241,30.2817149],[-97.7379273,30.2817149],[-97.7379273,30.2817113]]]},"properties":{"k":"artpart","name":"Austin","m":"gorange","b":3.54,"h":3.59}},{"type":"Feature","geometry":{"type":"Polygon","coordinates":[[[-97.7379273,30.2817105],[-97.7379241,30.2817105],[-97.7379241,30.2817141],[-97.7379273,30.2817141],[-97.7379273,30.2817105]]]},"properties":{"k":"artpart","name":"Austin","m":"gorange","b":3.59,"h":3.65}},{"type":"Feature","geometry":{"type":"Polygon","coordinates":[[[-97.7379273,30.2817097],[-97.7379241,30.2817097],[-97.7379241,30.2817132],[-97.7379273,30.2817132],[-97.7379273,30.2817097]]]},"properties":{"k":"artpart","name":"Austin","m":"gorange","b":3.65,"h":3.7}},{"type":"Feature","geometry":{"type":"Polygon","coordinates":[[[-97.7379273,30.2817088],[-97.7379241,30.2817088],[-97.7379241,30.2817124],[-97.7379273,30.2817124],[-97.7379273,30.2817088]]]},"properties":{"k":"artpart","name":"Austin","m":"gorange","b":3.7,"h":3.76}},{"type":"Feature","geometry":{"type":"Polygon","coordinates":[[[-97.7379273,30.281708],[-97.7379241,30.281708],[-97.7379241,30.2817116],[-97.7379273,30.2817116],[-97.7379273,30.281708]]]},"properties":{"k":"artpart","name":"Austin","m":"gorange","b":3.76,"h":3.81}},{"type":"Feature","geometry":{"type":"Polygon","coordinates":[[[-97.7379273,30.2817071],[-97.7379241,30.2817071],[-97.7379241,30.2817107],[-97.7379273,30.2817107],[-97.7379273,30.2817071]]]},"properties":{"k":"artpart","name":"Austin","m":"gorange","b":3.81,"h":3.86}},{"type":"Feature","geometry":{"type":"Polygon","coordinates":[[[-97.7379273,30.2817063],[-97.7379241,30.2817063],[-97.7379241,30.2817099],[-97.7379273,30.2817099],[-97.7379273,30.2817063]]]},"properties":{"k":"artpart","name":"Austin","m":"gorange","b":3.86,"h":3.92}},{"type":"Feature","geometry":{"type":"Polygon","coordinates":[[[-97.7379273,30.2817054],[-97.7379241,30.2817054],[-97.7379241,30.281709],[-97.7379273,30.281709],[-97.7379273,30.2817054]]]},"properties":{"k":"artpart","name":"Austin","m":"gorange","b":3.92,"h":3.97}},{"type":"Feature","geometry":{"type":"Polygon","coordinates":[[[-97.7379273,30.2817046],[-97.7379241,30.2817046],[-97.7379241,30.2817082],[-97.7379273,30.2817082],[-97.7379273,30.2817046]]]},"properties":{"k":"artpart","name":"Austin","m":"gorange","b":3.97,"h":4.03}},{"type":"Feature","geometry":{"type":"Polygon","coordinates":[[[-97.7379273,30.2817037],[-97.7379241,30.2817037],[-97.7379241,30.2817073],[-97.7379273,30.2817073],[-97.7379273,30.2817037]]]},"properties":{"k":"artpart","name":"Austin","m":"gorange","b":4.03,"h":4.08}},{"type":"Feature","geometry":{"type":"Polygon","coordinates":[[[-97.7379273,30.2817029],[-97.7379241,30.2817029],[-97.7379241,30.2817065],[-97.7379273,30.2817065],[-97.7379273,30.2817029]]]},"properties":{"k":"artpart","name":"Austin","m":"gorange","b":4.08,"h":4.14}},{"type":"Feature","geometry":{"type":"Polygon","coordinates":[[[-97.7379273,30.2817021],[-97.7379241,30.2817021],[-97.7379241,30.2817056],[-97.7379273,30.2817056],[-97.7379273,30.2817021]]]},"properties":{"k":"artpart","name":"Austin","m":"gorange","b":4.14,"h":4.19}},{"type":"Feature","geometry":{"type":"Polygon","coordinates":[[[-97.7379273,30.2817012],[-97.7379241,30.2817012],[-97.7379241,30.2817048],[-97.7379273,30.2817048],[-97.7379273,30.2817012]]]},"properties":{"k":"artpart","name":"Austin","m":"gorange","b":4.19,"h":4.24}},{"type":"Feature","geometry":{"type":"Polygon","coordinates":[[[-97.7379273,30.2817011],[-97.7379241,30.2817011],[-97.7379241,30.281704],[-97.7379273,30.281704],[-97.7379273,30.2817011]]]},"properties":{"k":"artpart","name":"Austin","m":"gorange","b":4.24,"h":4.3}},{"type":"Feature","geometry":{"type":"Polygon","coordinates":[[[-97.7379273,30.2817014],[-97.7379241,30.2817014],[-97.7379241,30.2817031],[-97.7379273,30.2817031],[-97.7379273,30.2817014]]]},"properties":{"k":"artpart","name":"Austin","m":"gorange","b":4.3,"h":4.35}},{"type":"Feature","geometry":{"type":"Polygon","coordinates":[[[-97.7379273,30.2817017],[-97.7379241,30.2817017],[-97.7379241,30.2817023],[-97.7379273,30.2817023],[-97.7379273,30.2817017]]]},"properties":{"k":"artpart","name":"Austin","m":"gorange","b":4.35,"h":4.41}},{"type":"Feature","geometry":{"type":"Polygon","coordinates":[[[-97.7379273,30.2817078],[-97.7379241,30.2817078],[-97.7379241,30.2817084],[-97.7379273,30.2817084],[-97.7379273,30.2817078]]]},"properties":{"k":"artpart","name":"Austin","m":"gred","b":2.15,"h":2.21}},{"type":"Feature","geometry":{"type":"Polygon","coordinates":[[[-97.7379273,30.2817075],[-97.7379241,30.2817075],[-97.7379241,30.2817092],[-97.7379273,30.2817092],[-97.7379273,30.2817075]]]},"properties":{"k":"artpart","name":"Austin","m":"gred","b":2.21,"h":2.26}},{"type":"Feature","geometry":{"type":"Polygon","coordinates":[[[-97.7379273,30.2817073],[-97.7379241,30.2817073],[-97.7379241,30.2817093],[-97.7379273,30.2817093],[-97.7379273,30.2817073]]]},"properties":{"k":"artpart","name":"Austin","m":"gred","b":2.26,"h":2.32}},{"type":"Feature","geometry":{"type":"Polygon","coordinates":[[[-97.7379273,30.281707],[-97.7379241,30.281707],[-97.7379241,30.2817091],[-97.7379273,30.2817091],[-97.7379273,30.281707]]]},"properties":{"k":"artpart","name":"Austin","m":"gred","b":2.32,"h":2.37}},{"type":"Feature","geometry":{"type":"Polygon","coordinates":[[[-97.7379273,30.2817067],[-97.7379241,30.2817067],[-97.7379241,30.2817088],[-97.7379273,30.2817088],[-97.7379273,30.2817067]]]},"properties":{"k":"artpart","name":"Austin","m":"gred","b":2.37,"h":2.42}},{"type":"Feature","geometry":{"type":"Polygon","coordinates":[[[-97.7379273,30.2817064],[-97.7379241,30.2817064],[-97.7379241,30.2817085],[-97.7379273,30.2817085],[-97.7379273,30.2817064]]]},"properties":{"k":"artpart","name":"Austin","m":"gred","b":2.42,"h":2.48}},{"type":"Feature","geometry":{"type":"Polygon","coordinates":[[[-97.7379273,30.2817061],[-97.7379241,30.2817061],[-97.7379241,30.2817082],[-97.7379273,30.2817082],[-97.7379273,30.2817061]]]},"properties":{"k":"artpart","name":"Austin","m":"gred","b":2.48,"h":2.53}},{"type":"Feature","geometry":{"type":"Polygon","coordinates":[[[-97.7379273,30.2817059],[-97.7379241,30.2817059],[-97.7379241,30.2817079],[-97.7379273,30.2817079],[-97.7379273,30.2817059]]]},"properties":{"k":"artpart","name":"Austin","m":"gred","b":2.53,"h":2.59}},{"type":"Feature","geometry":{"type":"Polygon","coordinates":[[[-97.7379273,30.2817056],[-97.7379241,30.2817056],[-97.7379241,30.2817076],[-97.7379273,30.2817076],[-97.7379273,30.2817056]]]},"properties":{"k":"artpart","name":"Austin","m":"gred","b":2.59,"h":2.64}},{"type":"Feature","geometry":{"type":"Polygon","coordinates":[[[-97.7379273,30.2817053],[-97.7379241,30.2817053],[-97.7379241,30.2817074],[-97.7379273,30.2817074],[-97.7379273,30.2817053]]]},"properties":{"k":"artpart","name":"Austin","m":"gred","b":2.64,"h":2.7}},{"type":"Feature","geometry":{"type":"Polygon","coordinates":[[[-97.7379273,30.281705],[-97.7379241,30.281705],[-97.7379241,30.2817071],[-97.7379273,30.2817071],[-97.7379273,30.281705]]]},"properties":{"k":"artpart","name":"Austin","m":"gred","b":2.7,"h":2.75}},{"type":"Feature","geometry":{"type":"Polygon","coordinates":[[[-97.7379273,30.2817047],[-97.7379241,30.2817047],[-97.7379241,30.2817068],[-97.7379273,30.2817068],[-97.7379273,30.2817047]]]},"properties":{"k":"artpart","name":"Austin","m":"gred","b":2.75,"h":2.81}},{"type":"Feature","geometry":{"type":"Polygon","coordinates":[[[-97.7379273,30.2817044],[-97.7379241,30.2817044],[-97.7379241,30.2817065],[-97.7379273,30.2817065],[-97.7379273,30.2817044]]]},"properties":{"k":"artpart","name":"Austin","m":"gred","b":2.81,"h":2.86}},{"type":"Feature","geometry":{"type":"Polygon","coordinates":[[[-97.7379273,30.2817042],[-97.7379241,30.2817042],[-97.7379241,30.2817062],[-97.7379273,30.2817062],[-97.7379273,30.2817042]]]},"properties":{"k":"artpart","name":"Austin","m":"gred","b":2.86,"h":2.91}},{"type":"Feature","geometry":{"type":"Polygon","coordinates":[[[-97.7379273,30.2817039],[-97.7379241,30.2817039],[-97.7379241,30.2817059],[-97.7379273,30.2817059],[-97.7379273,30.2817039]]]},"properties":{"k":"artpart","name":"Austin","m":"gred","b":2.91,"h":2.97}},{"type":"Feature","geometry":{"type":"Polygon","coordinates":[[[-97.7379273,30.2817036],[-97.7379241,30.2817036],[-97.7379241,30.2817057],[-97.7379273,30.2817057],[-97.7379273,30.2817036]]]},"properties":{"k":"artpart","name":"Austin","m":"gred","b":2.97,"h":3.02}},{"type":"Feature","geometry":{"type":"Polygon","coordinates":[[[-97.7379273,30.2817033],[-97.7379241,30.2817033],[-97.7379241,30.2817054],[-97.7379273,30.2817054],[-97.7379273,30.2817033]]]},"properties":{"k":"artpart","name":"Austin","m":"gred","b":3.02,"h":3.08}},{"type":"Feature","geometry":{"type":"Polygon","coordinates":[[[-97.7379273,30.281703],[-97.7379241,30.281703],[-97.7379241,30.2817051],[-97.7379273,30.2817051],[-97.7379273,30.281703]]]},"properties":{"k":"artpart","name":"Austin","m":"gred","b":3.08,"h":3.13}},{"type":"Feature","geometry":{"type":"Polygon","coordinates":[[[-97.7379273,30.2817027],[-97.7379241,30.2817027],[-97.7379241,30.2817048],[-97.7379273,30.2817048],[-97.7379273,30.2817027]]]},"properties":{"k":"artpart","name":"Austin","m":"gred","b":3.13,"h":3.19}},{"type":"Feature","geometry":{"type":"Polygon","coordinates":[[[-97.7379273,30.2817025],[-97.7379241,30.2817025],[-97.7379241,30.2817045],[-97.7379273,30.2817045],[-97.7379273,30.2817025]]]},"properties":{"k":"artpart","name":"Austin","m":"gred","b":3.19,"h":3.24}},{"type":"Feature","geometry":{"type":"Polygon","coordinates":[[[-97.7379273,30.2817022],[-97.7379241,30.2817022],[-97.7379241,30.2817043],[-97.7379273,30.2817043],[-97.7379273,30.2817022]]]},"properties":{"k":"artpart","name":"Austin","m":"gred","b":3.24,"h":3.3}},{"type":"Feature","geometry":{"type":"Polygon","coordinates":[[[-97.7379273,30.2817019],[-97.7379241,30.2817019],[-97.7379241,30.281704],[-97.7379273,30.281704],[-97.7379273,30.2817019]]]},"properties":{"k":"artpart","name":"Austin","m":"gred","b":3.3,"h":3.35}},{"type":"Feature","geometry":{"type":"Polygon","coordinates":[[[-97.7379273,30.2817016],[-97.7379241,30.2817016],[-97.7379241,30.2817037],[-97.7379273,30.2817037],[-97.7379273,30.2817016]]]},"properties":{"k":"artpart","name":"Austin","m":"gred","b":3.35,"h":3.41}},{"type":"Feature","geometry":{"type":"Polygon","coordinates":[[[-97.7379273,30.2817013],[-97.7379241,30.2817013],[-97.7379241,30.2817034],[-97.7379273,30.2817034],[-97.7379273,30.2817013]]]},"properties":{"k":"artpart","name":"Austin","m":"gred","b":3.41,"h":3.46}},{"type":"Feature","geometry":{"type":"Polygon","coordinates":[[[-97.7379273,30.281701],[-97.7379241,30.281701],[-97.7379241,30.2817031],[-97.7379273,30.2817031],[-97.7379273,30.281701]]]},"properties":{"k":"artpart","name":"Austin","m":"gred","b":3.46,"h":3.51}},{"type":"Feature","geometry":{"type":"Polygon","coordinates":[[[-97.7379273,30.2817008],[-97.7379241,30.2817008],[-97.7379241,30.2817028],[-97.7379273,30.2817028],[-97.7379273,30.2817008]]]},"properties":{"k":"artpart","name":"Austin","m":"gred","b":3.51,"h":3.57}},{"type":"Feature","geometry":{"type":"Polygon","coordinates":[[[-97.7379273,30.2817005],[-97.7379241,30.2817005],[-97.7379241,30.2817026],[-97.7379273,30.2817026],[-97.7379273,30.2817005]]]},"properties":{"k":"artpart","name":"Austin","m":"gred","b":3.57,"h":3.62}},{"type":"Feature","geometry":{"type":"Polygon","coordinates":[[[-97.7379273,30.2817002],[-97.7379241,30.2817002],[-97.7379241,30.2817023],[-97.7379273,30.2817023],[-97.7379273,30.2817002]]]},"properties":{"k":"artpart","name":"Austin","m":"gred","b":3.62,"h":3.68}},{"type":"Feature","geometry":{"type":"Polygon","coordinates":[[[-97.7379273,30.2816999],[-97.7379241,30.2816999],[-97.7379241,30.281702],[-97.7379273,30.281702],[-97.7379273,30.2816999]]]},"properties":{"k":"artpart","name":"Austin","m":"gred","b":3.68,"h":3.73}},{"type":"Feature","geometry":{"type":"Polygon","coordinates":[[[-97.7379273,30.2816996],[-97.7379241,30.2816996],[-97.7379241,30.2817017],[-97.7379273,30.2817017],[-97.7379273,30.2816996]]]},"properties":{"k":"artpart","name":"Austin","m":"gred","b":3.73,"h":3.79}},{"type":"Feature","geometry":{"type":"Polygon","coordinates":[[[-97.7379273,30.2816994],[-97.7379241,30.2816994],[-97.7379241,30.2817014],[-97.7379273,30.2817014],[-97.7379273,30.2816994]]]},"properties":{"k":"artpart","name":"Austin","m":"gred","b":3.79,"h":3.84}},{"type":"Feature","geometry":{"type":"Polygon","coordinates":[[[-97.7379273,30.2816991],[-97.7379241,30.2816991],[-97.7379241,30.2817011],[-97.7379273,30.2817011],[-97.7379273,30.2816991]]]},"properties":{"k":"artpart","name":"Austin","m":"gred","b":3.84,"h":3.9}},{"type":"Feature","geometry":{"type":"Polygon","coordinates":[[[-97.7379273,30.2816988],[-97.7379241,30.2816988],[-97.7379241,30.2817009],[-97.7379273,30.2817009],[-97.7379273,30.2816988]]]},"properties":{"k":"artpart","name":"Austin","m":"gred","b":3.9,"h":3.95}},{"type":"Feature","geometry":{"type":"Polygon","coordinates":[[[-97.7379273,30.2816985],[-97.7379241,30.2816985],[-97.7379241,30.2817006],[-97.7379273,30.2817006],[-97.7379273,30.2816985]]]},"properties":{"k":"artpart","name":"Austin","m":"gred","b":3.95,"h":4.0}},{"type":"Feature","geometry":{"type":"Polygon","coordinates":[[[-97.7379273,30.2816986],[-97.7379241,30.2816986],[-97.7379241,30.2817003],[-97.7379273,30.2817003],[-97.7379273,30.2816986]]]},"properties":{"k":"artpart","name":"Austin","m":"gred","b":4.0,"h":4.06}},{"type":"Feature","geometry":{"type":"Polygon","coordinates":[[[-97.7379273,30.2816994],[-97.7379241,30.2816994],[-97.7379241,30.2817],[-97.7379273,30.2817],[-97.7379273,30.2816994]]]},"properties":{"k":"artpart","name":"Austin","m":"gred","b":4.06,"h":4.11}},{"type":"Feature","geometry":{"type":"Polygon","coordinates":[[[-97.7379273,30.2816951],[-97.7379241,30.2816951],[-97.7379241,30.2816968],[-97.7379273,30.2816968],[-97.7379273,30.2816951]]]},"properties":{"k":"artpart","name":"Austin","m":"gviolet","b":1.82,"h":3.97}},{"type":"Feature","geometry":{"type":"Polygon","coordinates":[[[-97.7379273,30.2816835],[-97.7379241,30.2816835],[-97.7379241,30.2816841],[-97.7379273,30.2816841],[-97.7379273,30.2816835]]]},"properties":{"k":"artpart","name":"Austin","m":"gblue","b":2.15,"h":2.21}},{"type":"Feature","geometry":{"type":"Polygon","coordinates":[[[-97.7379273,30.2816827],[-97.7379241,30.2816827],[-97.7379241,30.2816844],[-97.7379273,30.2816844],[-97.7379273,30.2816827]]]},"properties":{"k":"artpart","name":"Austin","m":"gblue","b":2.21,"h":2.26}},{"type":"Feature","geometry":{"type":"Polygon","coordinates":[[[-97.7379273,30.2816826],[-97.7379241,30.2816826],[-97.7379241,30.2816846],[-97.7379273,30.2816846],[-97.7379273,30.2816826]]]},"properties":{"k":"artpart","name":"Austin","m":"gblue","b":2.26,"h":2.32}},{"type":"Feature","geometry":{"type":"Polygon","coordinates":[[[-97.7379273,30.2816828],[-97.7379241,30.2816828],[-97.7379241,30.2816849],[-97.7379273,30.2816849],[-97.7379273,30.2816828]]]},"properties":{"k":"artpart","name":"Austin","m":"gblue","b":2.32,"h":2.37}},{"type":"Feature","geometry":{"type":"Polygon","coordinates":[[[-97.7379273,30.2816831],[-97.7379241,30.2816831],[-97.7379241,30.2816852],[-97.7379273,30.2816852],[-97.7379273,30.2816831]]]},"properties":{"k":"artpart","name":"Austin","m":"gblue","b":2.37,"h":2.42}},{"type":"Feature","geometry":{"type":"Polygon","coordinates":[[[-97.7379273,30.2816834],[-97.7379241,30.2816834],[-97.7379241,30.2816855],[-97.7379273,30.2816855],[-97.7379273,30.2816834]]]},"properties":{"k":"artpart","name":"Austin","m":"gblue","b":2.42,"h":2.48}},{"type":"Feature","geometry":{"type":"Polygon","coordinates":[[[-97.7379273,30.2816837],[-97.7379241,30.2816837],[-97.7379241,30.2816858],[-97.7379273,30.2816858],[-97.7379273,30.2816837]]]},"properties":{"k":"artpart","name":"Austin","m":"gblue","b":2.48,"h":2.53}},{"type":"Feature","geometry":{"type":"Polygon","coordinates":[[[-97.7379273,30.281684],[-97.7379241,30.281684],[-97.7379241,30.281686],[-97.7379273,30.281686],[-97.7379273,30.281684]]]},"properties":{"k":"artpart","name":"Austin","m":"gblue","b":2.53,"h":2.59}},{"type":"Feature","geometry":{"type":"Polygon","coordinates":[[[-97.7379273,30.2816843],[-97.7379241,30.2816843],[-97.7379241,30.2816863],[-97.7379273,30.2816863],[-97.7379273,30.2816843]]]},"properties":{"k":"artpart","name":"Austin","m":"gblue","b":2.59,"h":2.64}},{"type":"Feature","geometry":{"type":"Polygon","coordinates":[[[-97.7379273,30.2816845],[-97.7379241,30.2816845],[-97.7379241,30.2816866],[-97.7379273,30.2816866],[-97.7379273,30.2816845]]]},"properties":{"k":"artpart","name":"Austin","m":"gblue","b":2.64,"h":2.7}},{"type":"Feature","geometry":{"type":"Polygon","coordinates":[[[-97.7379273,30.2816848],[-97.7379241,30.2816848],[-97.7379241,30.2816869],[-97.7379273,30.2816869],[-97.7379273,30.2816848]]]},"properties":{"k":"artpart","name":"Austin","m":"gblue","b":2.7,"h":2.75}},{"type":"Feature","geometry":{"type":"Polygon","coordinates":[[[-97.7379273,30.2816851],[-97.7379241,30.2816851],[-97.7379241,30.2816872],[-97.7379273,30.2816872],[-97.7379273,30.2816851]]]},"properties":{"k":"artpart","name":"Austin","m":"gblue","b":2.75,"h":2.81}},{"type":"Feature","geometry":{"type":"Polygon","coordinates":[[[-97.7379273,30.2816854],[-97.7379241,30.2816854],[-97.7379241,30.2816875],[-97.7379273,30.2816875],[-97.7379273,30.2816854]]]},"properties":{"k":"artpart","name":"Austin","m":"gblue","b":2.81,"h":2.86}},{"type":"Feature","geometry":{"type":"Polygon","coordinates":[[[-97.7379273,30.2816857],[-97.7379241,30.2816857],[-97.7379241,30.2816877],[-97.7379273,30.2816877],[-97.7379273,30.2816857]]]},"properties":{"k":"artpart","name":"Austin","m":"gblue","b":2.86,"h":2.91}},{"type":"Feature","geometry":{"type":"Polygon","coordinates":[[[-97.7379273,30.281686],[-97.7379241,30.281686],[-97.7379241,30.281688],[-97.7379273,30.281688],[-97.7379273,30.281686]]]},"properties":{"k":"artpart","name":"Austin","m":"gblue","b":2.91,"h":2.97}},{"type":"Feature","geometry":{"type":"Polygon","coordinates":[[[-97.7379273,30.2816862],[-97.7379241,30.2816862],[-97.7379241,30.2816883],[-97.7379273,30.2816883],[-97.7379273,30.2816862]]]},"properties":{"k":"artpart","name":"Austin","m":"gblue","b":2.97,"h":3.02}},{"type":"Feature","geometry":{"type":"Polygon","coordinates":[[[-97.7379273,30.2816865],[-97.7379241,30.2816865],[-97.7379241,30.2816886],[-97.7379273,30.2816886],[-97.7379273,30.2816865]]]},"properties":{"k":"artpart","name":"Austin","m":"gblue","b":3.02,"h":3.08}},{"type":"Feature","geometry":{"type":"Polygon","coordinates":[[[-97.7379273,30.2816868],[-97.7379241,30.2816868],[-97.7379241,30.2816889],[-97.7379273,30.2816889],[-97.7379273,30.2816868]]]},"properties":{"k":"artpart","name":"Austin","m":"gblue","b":3.08,"h":3.13}},{"type":"Feature","geometry":{"type":"Polygon","coordinates":[[[-97.7379273,30.2816871],[-97.7379241,30.2816871],[-97.7379241,30.2816892],[-97.7379273,30.2816892],[-97.7379273,30.2816871]]]},"properties":{"k":"artpart","name":"Austin","m":"gblue","b":3.13,"h":3.19}},{"type":"Feature","geometry":{"type":"Polygon","coordinates":[[[-97.7379273,30.2816874],[-97.7379241,30.2816874],[-97.7379241,30.2816894],[-97.7379273,30.2816894],[-97.7379273,30.2816874]]]},"properties":{"k":"artpart","name":"Austin","m":"gblue","b":3.19,"h":3.24}},{"type":"Feature","geometry":{"type":"Polygon","coordinates":[[[-97.7379273,30.2816876],[-97.7379241,30.2816876],[-97.7379241,30.2816897],[-97.7379273,30.2816897],[-97.7379273,30.2816876]]]},"properties":{"k":"artpart","name":"Austin","m":"gblue","b":3.24,"h":3.3}},{"type":"Feature","geometry":{"type":"Polygon","coordinates":[[[-97.7379273,30.2816879],[-97.7379241,30.2816879],[-97.7379241,30.28169],[-97.7379273,30.28169],[-97.7379273,30.2816879]]]},"properties":{"k":"artpart","name":"Austin","m":"gblue","b":3.3,"h":3.35}},{"type":"Feature","geometry":{"type":"Polygon","coordinates":[[[-97.7379273,30.2816882],[-97.7379241,30.2816882],[-97.7379241,30.2816903],[-97.7379273,30.2816903],[-97.7379273,30.2816882]]]},"properties":{"k":"artpart","name":"Austin","m":"gblue","b":3.35,"h":3.41}},{"type":"Feature","geometry":{"type":"Polygon","coordinates":[[[-97.7379273,30.2816885],[-97.7379241,30.2816885],[-97.7379241,30.2816906],[-97.7379273,30.2816906],[-97.7379273,30.2816885]]]},"properties":{"k":"artpart","name":"Austin","m":"gblue","b":3.41,"h":3.46}},{"type":"Feature","geometry":{"type":"Polygon","coordinates":[[[-97.7379273,30.2816888],[-97.7379241,30.2816888],[-97.7379241,30.2816909],[-97.7379273,30.2816909],[-97.7379273,30.2816888]]]},"properties":{"k":"artpart","name":"Austin","m":"gblue","b":3.46,"h":3.51}},{"type":"Feature","geometry":{"type":"Polygon","coordinates":[[[-97.7379273,30.2816891],[-97.7379241,30.2816891],[-97.7379241,30.2816911],[-97.7379273,30.2816911],[-97.7379273,30.2816891]]]},"properties":{"k":"artpart","name":"Austin","m":"gblue","b":3.51,"h":3.57}},{"type":"Feature","geometry":{"type":"Polygon","coordinates":[[[-97.7379273,30.2816893],[-97.7379241,30.2816893],[-97.7379241,30.2816914],[-97.7379273,30.2816914],[-97.7379273,30.2816893]]]},"properties":{"k":"artpart","name":"Austin","m":"gblue","b":3.57,"h":3.62}},{"type":"Feature","geometry":{"type":"Polygon","coordinates":[[[-97.7379273,30.2816896],[-97.7379241,30.2816896],[-97.7379241,30.2816917],[-97.7379273,30.2816917],[-97.7379273,30.2816896]]]},"properties":{"k":"artpart","name":"Austin","m":"gblue","b":3.62,"h":3.68}},{"type":"Feature","geometry":{"type":"Polygon","coordinates":[[[-97.7379273,30.2816899],[-97.7379241,30.2816899],[-97.7379241,30.281692],[-97.7379273,30.281692],[-97.7379273,30.2816899]]]},"properties":{"k":"artpart","name":"Austin","m":"gblue","b":3.68,"h":3.73}},{"type":"Feature","geometry":{"type":"Polygon","coordinates":[[[-97.7379273,30.2816902],[-97.7379241,30.2816902],[-97.7379241,30.2816923],[-97.7379273,30.2816923],[-97.7379273,30.2816902]]]},"properties":{"k":"artpart","name":"Austin","m":"gblue","b":3.73,"h":3.79}},{"type":"Feature","geometry":{"type":"Polygon","coordinates":[[[-97.7379273,30.2816905],[-97.7379241,30.2816905],[-97.7379241,30.2816925],[-97.7379273,30.2816925],[-97.7379273,30.2816905]]]},"properties":{"k":"artpart","name":"Austin","m":"gblue","b":3.79,"h":3.84}},{"type":"Feature","geometry":{"type":"Polygon","coordinates":[[[-97.7379273,30.2816908],[-97.7379241,30.2816908],[-97.7379241,30.2816928],[-97.7379273,30.2816928],[-97.7379273,30.2816908]]]},"properties":{"k":"artpart","name":"Austin","m":"gblue","b":3.84,"h":3.9}},{"type":"Feature","geometry":{"type":"Polygon","coordinates":[[[-97.7379273,30.281691],[-97.7379241,30.281691],[-97.7379241,30.2816931],[-97.7379273,30.2816931],[-97.7379273,30.281691]]]},"properties":{"k":"artpart","name":"Austin","m":"gblue","b":3.9,"h":3.95}},{"type":"Feature","geometry":{"type":"Polygon","coordinates":[[[-97.7379273,30.2816913],[-97.7379241,30.2816913],[-97.7379241,30.2816934],[-97.7379273,30.2816934],[-97.7379273,30.2816913]]]},"properties":{"k":"artpart","name":"Austin","m":"gblue","b":3.95,"h":4.0}},{"type":"Feature","geometry":{"type":"Polygon","coordinates":[[[-97.7379273,30.2816916],[-97.7379241,30.2816916],[-97.7379241,30.2816933],[-97.7379273,30.2816933],[-97.7379273,30.2816916]]]},"properties":{"k":"artpart","name":"Austin","m":"gblue","b":4.0,"h":4.06}},{"type":"Feature","geometry":{"type":"Polygon","coordinates":[[[-97.7379273,30.2816919],[-97.7379241,30.2816919],[-97.7379241,30.2816925],[-97.7379273,30.2816925],[-97.7379273,30.2816919]]]},"properties":{"k":"artpart","name":"Austin","m":"gblue","b":4.06,"h":4.11}},{"type":"Feature","geometry":{"type":"Polygon","coordinates":[[[-97.7379273,30.2816741],[-97.7379241,30.2816741],[-97.7379241,30.2816746],[-97.7379273,30.2816746],[-97.7379273,30.2816741]]]},"properties":{"k":"artpart","name":"Austin","m":"ggreen","b":3.16,"h":3.21}},{"type":"Feature","geometry":{"type":"Polygon","coordinates":[[[-97.7379273,30.2816738],[-97.7379241,30.2816738],[-97.7379241,30.2816755],[-97.7379273,30.2816755],[-97.7379273,30.2816738]]]},"properties":{"k":"artpart","name":"Austin","m":"ggreen","b":3.21,"h":3.27}},{"type":"Feature","geometry":{"type":"Polygon","coordinates":[[[-97.7379273,30.2816735],[-97.7379241,30.2816735],[-97.7379241,30.2816763],[-97.7379273,30.2816763],[-97.7379273,30.2816735]]]},"properties":{"k":"artpart","name":"Austin","m":"ggreen","b":3.27,"h":3.32}},{"type":"Feature","geometry":{"type":"Polygon","coordinates":[[[-97.7379273,30.2816736],[-97.7379241,30.2816736],[-97.7379241,30.2816772],[-97.7379273,30.2816772],[-97.7379273,30.2816736]]]},"properties":{"k":"artpart","name":"Austin","m":"ggreen","b":3.32,"h":3.38}},{"type":"Feature","geometry":{"type":"Polygon","coordinates":[[[-97.7379273,30.2816744],[-97.7379241,30.2816744],[-97.7379241,30.281678],[-97.7379273,30.281678],[-97.7379273,30.2816744]]]},"properties":{"k":"artpart","name":"Austin","m":"ggreen","b":3.38,"h":3.43}},{"type":"Feature","geometry":{"type":"Polygon","coordinates":[[[-97.7379273,30.2816753],[-97.7379241,30.2816753],[-97.7379241,30.2816789],[-97.7379273,30.2816789],[-97.7379273,30.2816753]]]},"properties":{"k":"artpart","name":"Austin","m":"ggreen","b":3.43,"h":3.48}},{"type":"Feature","geometry":{"type":"Polygon","coordinates":[[[-97.7379273,30.2816761],[-97.7379241,30.2816761],[-97.7379241,30.2816797],[-97.7379273,30.2816797],[-97.7379273,30.2816761]]]},"properties":{"k":"artpart","name":"Austin","m":"ggreen","b":3.48,"h":3.54}},{"type":"Feature","geometry":{"type":"Polygon","coordinates":[[[-97.7379273,30.281677],[-97.7379241,30.281677],[-97.7379241,30.2816806],[-97.7379273,30.2816806],[-97.7379273,30.281677]]]},"properties":{"k":"artpart","name":"Austin","m":"ggreen","b":3.54,"h":3.59}},{"type":"Feature","geometry":{"type":"Polygon","coordinates":[[[-97.7379273,30.2816778],[-97.7379241,30.2816778],[-97.7379241,30.2816814],[-97.7379273,30.2816814],[-97.7379273,30.2816778]]]},"properties":{"k":"artpart","name":"Austin","m":"ggreen","b":3.59,"h":3.65}},{"type":"Feature","geometry":{"type":"Polygon","coordinates":[[[-97.7379273,30.2816787],[-97.7379241,30.2816787],[-97.7379241,30.2816822],[-97.7379273,30.2816822],[-97.7379273,30.2816787]]]},"properties":{"k":"artpart","name":"Austin","m":"ggreen","b":3.65,"h":3.7}},{"type":"Feature","geometry":{"type":"Polygon","coordinates":[[[-97.7379273,30.2816795],[-97.7379241,30.2816795],[-97.7379241,30.2816831],[-97.7379273,30.2816831],[-97.7379273,30.2816795]]]},"properties":{"k":"artpart","name":"Austin","m":"ggreen","b":3.7,"h":3.76}},{"type":"Feature","geometry":{"type":"Polygon","coordinates":[[[-97.7379273,30.2816803],[-97.7379241,30.2816803],[-97.7379241,30.2816839],[-97.7379273,30.2816839],[-97.7379273,30.2816803]]]},"properties":{"k":"artpart","name":"Austin","m":"ggreen","b":3.76,"h":3.81}},{"type":"Feature","geometry":{"type":"Polygon","coordinates":[[[-97.7379273,30.2816812],[-97.7379241,30.2816812],[-97.7379241,30.2816848],[-97.7379273,30.2816848],[-97.7379273,30.2816812]]]},"properties":{"k":"artpart","name":"Austin","m":"ggreen","b":3.81,"h":3.86}},{"type":"Feature","geometry":{"type":"Polygon","coordinates":[[[-97.7379273,30.281682],[-97.7379241,30.281682],[-97.7379241,30.2816856],[-97.7379273,30.2816856],[-97.7379273,30.281682]]]},"properties":{"k":"artpart","name":"Austin","m":"ggreen","b":3.86,"h":3.92}},{"type":"Feature","geometry":{"type":"Polygon","coordinates":[[[-97.7379273,30.2816829],[-97.7379241,30.2816829],[-97.7379241,30.2816865],[-97.7379273,30.2816865],[-97.7379273,30.2816829]]]},"properties":{"k":"artpart","name":"Austin","m":"ggreen","b":3.92,"h":3.97}},{"type":"Feature","geometry":{"type":"Polygon","coordinates":[[[-97.7379273,30.2816837],[-97.7379241,30.2816837],[-97.7379241,30.2816873],[-97.7379273,30.2816873],[-97.7379273,30.2816837]]]},"properties":{"k":"artpart","name":"Austin","m":"ggreen","b":3.97,"h":4.03}},{"type":"Feature","geometry":{"type":"Polygon","coordinates":[[[-97.7379273,30.2816846],[-97.7379241,30.2816846],[-97.7379241,30.2816882],[-97.7379273,30.2816882],[-97.7379273,30.2816846]]]},"properties":{"k":"artpart","name":"Austin","m":"ggreen","b":4.03,"h":4.08}},{"type":"Feature","geometry":{"type":"Polygon","coordinates":[[[-97.7379273,30.2816854],[-97.7379241,30.2816854],[-97.7379241,30.281689],[-97.7379273,30.281689],[-97.7379273,30.2816854]]]},"properties":{"k":"artpart","name":"Austin","m":"ggreen","b":4.08,"h":4.14}},{"type":"Feature","geometry":{"type":"Polygon","coordinates":[[[-97.7379273,30.2816863],[-97.7379241,30.2816863],[-97.7379241,30.2816898],[-97.7379273,30.2816898],[-97.7379273,30.2816863]]]},"properties":{"k":"artpart","name":"Austin","m":"ggreen","b":4.14,"h":4.19}},{"type":"Feature","geometry":{"type":"Polygon","coordinates":[[[-97.7379273,30.2816871],[-97.7379241,30.2816871],[-97.7379241,30.2816907],[-97.7379273,30.2816907],[-97.7379273,30.2816871]]]},"properties":{"k":"artpart","name":"Austin","m":"ggreen","b":4.19,"h":4.24}},{"type":"Feature","geometry":{"type":"Polygon","coordinates":[[[-97.7379273,30.2816879],[-97.7379241,30.2816879],[-97.7379241,30.2816908],[-97.7379273,30.2816908],[-97.7379273,30.2816879]]]},"properties":{"k":"artpart","name":"Austin","m":"ggreen","b":4.24,"h":4.3}},{"type":"Feature","geometry":{"type":"Polygon","coordinates":[[[-97.7379273,30.2816888],[-97.7379241,30.2816888],[-97.7379241,30.2816905],[-97.7379273,30.2816905],[-97.7379273,30.2816888]]]},"properties":{"k":"artpart","name":"Austin","m":"ggreen","b":4.3,"h":4.35}},{"type":"Feature","geometry":{"type":"Polygon","coordinates":[[[-97.7379273,30.2816896],[-97.7379241,30.2816896],[-97.7379241,30.2816902],[-97.7379273,30.2816902],[-97.7379273,30.2816896]]]},"properties":{"k":"artpart","name":"Austin","m":"ggreen","b":4.35,"h":4.41}},{"type":"Feature","geometry":{"type":"Polygon","coordinates":[[[-97.7379273,30.2816703],[-97.7379241,30.2816703],[-97.7379241,30.2816897],[-97.7379273,30.2816897],[-97.7379273,30.2816703]]]},"properties":{"k":"artpart","name":"Austin","m":"gyellow","b":4.57,"h":4.77}},{"type":"Feature","geometry":{"type":"Polygon","coordinates":[[[-97.7379273,30.2816896],[-97.7379241,30.2816896],[-97.7379241,30.2816902],[-97.7379273,30.2816902],[-97.7379273,30.2816896]]]},"properties":{"k":"artpart","name":"Austin","m":"gorange","b":4.93,"h":4.99}},{"type":"Feature","geometry":{"type":"Polygon","coordinates":[[[-97.7379273,30.2816888],[-97.7379241,30.2816888],[-97.7379241,30.2816905],[-97.7379273,30.2816905],[-97.7379273,30.2816888]]]},"properties":{"k":"artpart","name":"Austin","m":"gorange","b":4.99,"h":5.04}},{"type":"Feature","geometry":{"type":"Polygon","coordinates":[[[-97.7379273,30.2816879],[-97.7379241,30.2816879],[-97.7379241,30.2816908],[-97.7379273,30.2816908],[-97.7379273,30.2816879]]]},"properties":{"k":"artpart","name":"Austin","m":"gorange","b":5.04,"h":5.1}},{"type":"Feature","geometry":{"type":"Polygon","coordinates":[[[-97.7379273,30.2816871],[-97.7379241,30.2816871],[-97.7379241,30.2816907],[-97.7379273,30.2816907],[-97.7379273,30.2816871]]]},"properties":{"k":"artpart","name":"Austin","m":"gorange","b":5.1,"h":5.15}},{"type":"Feature","geometry":{"type":"Polygon","coordinates":[[[-97.7379273,30.2816863],[-97.7379241,30.2816863],[-97.7379241,30.2816898],[-97.7379273,30.2816898],[-97.7379273,30.2816863]]]},"properties":{"k":"artpart","name":"Austin","m":"gorange","b":5.15,"h":5.2}},{"type":"Feature","geometry":{"type":"Polygon","coordinates":[[[-97.7379273,30.2816854],[-97.7379241,30.2816854],[-97.7379241,30.281689],[-97.7379273,30.281689],[-97.7379273,30.2816854]]]},"properties":{"k":"artpart","name":"Austin","m":"gorange","b":5.2,"h":5.26}},{"type":"Feature","geometry":{"type":"Polygon","coordinates":[[[-97.7379273,30.2816846],[-97.7379241,30.2816846],[-97.7379241,30.2816882],[-97.7379273,30.2816882],[-97.7379273,30.2816846]]]},"properties":{"k":"artpart","name":"Austin","m":"gorange","b":5.26,"h":5.31}},{"type":"Feature","geometry":{"type":"Polygon","coordinates":[[[-97.7379273,30.2816837],[-97.7379241,30.2816837],[-97.7379241,30.2816873],[-97.7379273,30.2816873],[-97.7379273,30.2816837]]]},"properties":{"k":"artpart","name":"Austin","m":"gorange","b":5.31,"h":5.37}},{"type":"Feature","geometry":{"type":"Polygon","coordinates":[[[-97.7379273,30.2816829],[-97.7379241,30.2816829],[-97.7379241,30.2816865],[-97.7379273,30.2816865],[-97.7379273,30.2816829]]]},"properties":{"k":"artpart","name":"Austin","m":"gorange","b":5.37,"h":5.42}},{"type":"Feature","geometry":{"type":"Polygon","coordinates":[[[-97.7379273,30.281682],[-97.7379241,30.281682],[-97.7379241,30.2816856],[-97.7379273,30.2816856],[-97.7379273,30.281682]]]},"properties":{"k":"artpart","name":"Austin","m":"gorange","b":5.42,"h":5.48}},{"type":"Feature","geometry":{"type":"Polygon","coordinates":[[[-97.7379273,30.2816812],[-97.7379241,30.2816812],[-97.7379241,30.2816848],[-97.7379273,30.2816848],[-97.7379273,30.2816812]]]},"properties":{"k":"artpart","name":"Austin","m":"gorange","b":5.48,"h":5.53}},{"type":"Feature","geometry":{"type":"Polygon","coordinates":[[[-97.7379273,30.2816803],[-97.7379241,30.2816803],[-97.7379241,30.2816839],[-97.7379273,30.2816839],[-97.7379273,30.2816803]]]},"properties":{"k":"artpart","name":"Austin","m":"gorange","b":5.53,"h":5.58}},{"type":"Feature","geometry":{"type":"Polygon","coordinates":[[[-97.7379273,30.2816795],[-97.7379241,30.2816795],[-97.7379241,30.2816831],[-97.7379273,30.2816831],[-97.7379273,30.2816795]]]},"properties":{"k":"artpart","name":"Austin","m":"gorange","b":5.58,"h":5.64}},{"type":"Feature","geometry":{"type":"Polygon","coordinates":[[[-97.7379273,30.2816787],[-97.7379241,30.2816787],[-97.7379241,30.2816822],[-97.7379273,30.2816822],[-97.7379273,30.2816787]]]},"properties":{"k":"artpart","name":"Austin","m":"gorange","b":5.64,"h":5.69}},{"type":"Feature","geometry":{"type":"Polygon","coordinates":[[[-97.7379273,30.2816778],[-97.7379241,30.2816778],[-97.7379241,30.2816814],[-97.7379273,30.2816814],[-97.7379273,30.2816778]]]},"properties":{"k":"artpart","name":"Austin","m":"gorange","b":5.69,"h":5.75}},{"type":"Feature","geometry":{"type":"Polygon","coordinates":[[[-97.7379273,30.281677],[-97.7379241,30.281677],[-97.7379241,30.2816806],[-97.7379273,30.2816806],[-97.7379273,30.281677]]]},"properties":{"k":"artpart","name":"Austin","m":"gorange","b":5.75,"h":5.8}},{"type":"Feature","geometry":{"type":"Polygon","coordinates":[[[-97.7379273,30.2816761],[-97.7379241,30.2816761],[-97.7379241,30.2816797],[-97.7379273,30.2816797],[-97.7379273,30.2816761]]]},"properties":{"k":"artpart","name":"Austin","m":"gorange","b":5.8,"h":5.86}},{"type":"Feature","geometry":{"type":"Polygon","coordinates":[[[-97.7379273,30.2816753],[-97.7379241,30.2816753],[-97.7379241,30.2816789],[-97.7379273,30.2816789],[-97.7379273,30.2816753]]]},"properties":{"k":"artpart","name":"Austin","m":"gorange","b":5.86,"h":5.91}},{"type":"Feature","geometry":{"type":"Polygon","coordinates":[[[-97.7379273,30.2816744],[-97.7379241,30.2816744],[-97.7379241,30.281678],[-97.7379273,30.281678],[-97.7379273,30.2816744]]]},"properties":{"k":"artpart","name":"Austin","m":"gorange","b":5.91,"h":5.96}},{"type":"Feature","geometry":{"type":"Polygon","coordinates":[[[-97.7379273,30.2816736],[-97.7379241,30.2816736],[-97.7379241,30.2816772],[-97.7379273,30.2816772],[-97.7379273,30.2816736]]]},"properties":{"k":"artpart","name":"Austin","m":"gorange","b":5.96,"h":6.02}},{"type":"Feature","geometry":{"type":"Polygon","coordinates":[[[-97.7379273,30.2816735],[-97.7379241,30.2816735],[-97.7379241,30.2816763],[-97.7379273,30.2816763],[-97.7379273,30.2816735]]]},"properties":{"k":"artpart","name":"Austin","m":"gorange","b":6.02,"h":6.07}},{"type":"Feature","geometry":{"type":"Polygon","coordinates":[[[-97.7379273,30.2816738],[-97.7379241,30.2816738],[-97.7379241,30.2816755],[-97.7379273,30.2816755],[-97.7379273,30.2816738]]]},"properties":{"k":"artpart","name":"Austin","m":"gorange","b":6.07,"h":6.13}},{"type":"Feature","geometry":{"type":"Polygon","coordinates":[[[-97.7379273,30.2816741],[-97.7379241,30.2816741],[-97.7379241,30.2816746],[-97.7379273,30.2816746],[-97.7379273,30.2816741]]]},"properties":{"k":"artpart","name":"Austin","m":"gorange","b":6.13,"h":6.18}},{"type":"Feature","geometry":{"type":"Polygon","coordinates":[[[-97.7379273,30.2816919],[-97.7379241,30.2816919],[-97.7379241,30.2816925],[-97.7379273,30.2816925],[-97.7379273,30.2816919]]]},"properties":{"k":"artpart","name":"Austin","m":"gred","b":5.23,"h":5.28}},{"type":"Feature","geometry":{"type":"Polygon","coordinates":[[[-97.7379273,30.2816916],[-97.7379241,30.2816916],[-97.7379241,30.2816933],[-97.7379273,30.2816933],[-97.7379273,30.2816916]]]},"properties":{"k":"artpart","name":"Austin","m":"gred","b":5.28,"h":5.34}},{"type":"Feature","geometry":{"type":"Polygon","coordinates":[[[-97.7379273,30.2816913],[-97.7379241,30.2816913],[-97.7379241,30.2816934],[-97.7379273,30.2816934],[-97.7379273,30.2816913]]]},"properties":{"k":"artpart","name":"Austin","m":"gred","b":5.34,"h":5.39}},{"type":"Feature","geometry":{"type":"Polygon","coordinates":[[[-97.7379273,30.281691],[-97.7379241,30.281691],[-97.7379241,30.2816931],[-97.7379273,30.2816931],[-97.7379273,30.281691]]]},"properties":{"k":"artpart","name":"Austin","m":"gred","b":5.39,"h":5.44}},{"type":"Feature","geometry":{"type":"Polygon","coordinates":[[[-97.7379273,30.2816908],[-97.7379241,30.2816908],[-97.7379241,30.2816928],[-97.7379273,30.2816928],[-97.7379273,30.2816908]]]},"properties":{"k":"artpart","name":"Austin","m":"gred","b":5.44,"h":5.5}},{"type":"Feature","geometry":{"type":"Polygon","coordinates":[[[-97.7379273,30.2816905],[-97.7379241,30.2816905],[-97.7379241,30.2816925],[-97.7379273,30.2816925],[-97.7379273,30.2816905]]]},"properties":{"k":"artpart","name":"Austin","m":"gred","b":5.5,"h":5.55}},{"type":"Feature","geometry":{"type":"Polygon","coordinates":[[[-97.7379273,30.2816902],[-97.7379241,30.2816902],[-97.7379241,30.2816923],[-97.7379273,30.2816923],[-97.7379273,30.2816902]]]},"properties":{"k":"artpart","name":"Austin","m":"gred","b":5.55,"h":5.61}},{"type":"Feature","geometry":{"type":"Polygon","coordinates":[[[-97.7379273,30.2816899],[-97.7379241,30.2816899],[-97.7379241,30.281692],[-97.7379273,30.281692],[-97.7379273,30.2816899]]]},"properties":{"k":"artpart","name":"Austin","m":"gred","b":5.61,"h":5.66}},{"type":"Feature","geometry":{"type":"Polygon","coordinates":[[[-97.7379273,30.2816896],[-97.7379241,30.2816896],[-97.7379241,30.2816917],[-97.7379273,30.2816917],[-97.7379273,30.2816896]]]},"properties":{"k":"artpart","name":"Austin","m":"gred","b":5.66,"h":5.72}},{"type":"Feature","geometry":{"type":"Polygon","coordinates":[[[-97.7379273,30.2816893],[-97.7379241,30.2816893],[-97.7379241,30.2816914],[-97.7379273,30.2816914],[-97.7379273,30.2816893]]]},"properties":{"k":"artpart","name":"Austin","m":"gred","b":5.72,"h":5.77}},{"type":"Feature","geometry":{"type":"Polygon","coordinates":[[[-97.7379273,30.2816891],[-97.7379241,30.2816891],[-97.7379241,30.2816911],[-97.7379273,30.2816911],[-97.7379273,30.2816891]]]},"properties":{"k":"artpart","name":"Austin","m":"gred","b":5.77,"h":5.83}},{"type":"Feature","geometry":{"type":"Polygon","coordinates":[[[-97.7379273,30.2816888],[-97.7379241,30.2816888],[-97.7379241,30.2816909],[-97.7379273,30.2816909],[-97.7379273,30.2816888]]]},"properties":{"k":"artpart","name":"Austin","m":"gred","b":5.83,"h":5.88}},{"type":"Feature","geometry":{"type":"Polygon","coordinates":[[[-97.7379273,30.2816885],[-97.7379241,30.2816885],[-97.7379241,30.2816906],[-97.7379273,30.2816906],[-97.7379273,30.2816885]]]},"properties":{"k":"artpart","name":"Austin","m":"gred","b":5.88,"h":5.93}},{"type":"Feature","geometry":{"type":"Polygon","coordinates":[[[-97.7379273,30.2816882],[-97.7379241,30.2816882],[-97.7379241,30.2816903],[-97.7379273,30.2816903],[-97.7379273,30.2816882]]]},"properties":{"k":"artpart","name":"Austin","m":"gred","b":5.93,"h":5.99}},{"type":"Feature","geometry":{"type":"Polygon","coordinates":[[[-97.7379273,30.2816879],[-97.7379241,30.2816879],[-97.7379241,30.28169],[-97.7379273,30.28169],[-97.7379273,30.2816879]]]},"properties":{"k":"artpart","name":"Austin","m":"gred","b":5.99,"h":6.04}},{"type":"Feature","geometry":{"type":"Polygon","coordinates":[[[-97.7379273,30.2816876],[-97.7379241,30.2816876],[-97.7379241,30.2816897],[-97.7379273,30.2816897],[-97.7379273,30.2816876]]]},"properties":{"k":"artpart","name":"Austin","m":"gred","b":6.04,"h":6.1}},{"type":"Feature","geometry":{"type":"Polygon","coordinates":[[[-97.7379273,30.2816874],[-97.7379241,30.2816874],[-97.7379241,30.2816894],[-97.7379273,30.2816894],[-97.7379273,30.2816874]]]},"properties":{"k":"artpart","name":"Austin","m":"gred","b":6.1,"h":6.15}},{"type":"Feature","geometry":{"type":"Polygon","coordinates":[[[-97.7379273,30.2816871],[-97.7379241,30.2816871],[-97.7379241,30.2816892],[-97.7379273,30.2816892],[-97.7379273,30.2816871]]]},"properties":{"k":"artpart","name":"Austin","m":"gred","b":6.15,"h":6.21}},{"type":"Feature","geometry":{"type":"Polygon","coordinates":[[[-97.7379273,30.2816868],[-97.7379241,30.2816868],[-97.7379241,30.2816889],[-97.7379273,30.2816889],[-97.7379273,30.2816868]]]},"properties":{"k":"artpart","name":"Austin","m":"gred","b":6.21,"h":6.26}},{"type":"Feature","geometry":{"type":"Polygon","coordinates":[[[-97.7379273,30.2816865],[-97.7379241,30.2816865],[-97.7379241,30.2816886],[-97.7379273,30.2816886],[-97.7379273,30.2816865]]]},"properties":{"k":"artpart","name":"Austin","m":"gred","b":6.26,"h":6.32}},{"type":"Feature","geometry":{"type":"Polygon","coordinates":[[[-97.7379273,30.2816862],[-97.7379241,30.2816862],[-97.7379241,30.2816883],[-97.7379273,30.2816883],[-97.7379273,30.2816862]]]},"properties":{"k":"artpart","name":"Austin","m":"gred","b":6.32,"h":6.37}},{"type":"Feature","geometry":{"type":"Polygon","coordinates":[[[-97.7379273,30.281686],[-97.7379241,30.281686],[-97.7379241,30.281688],[-97.7379273,30.281688],[-97.7379273,30.281686]]]},"properties":{"k":"artpart","name":"Austin","m":"gred","b":6.37,"h":6.43}},{"type":"Feature","geometry":{"type":"Polygon","coordinates":[[[-97.7379273,30.2816857],[-97.7379241,30.2816857],[-97.7379241,30.2816877],[-97.7379273,30.2816877],[-97.7379273,30.2816857]]]},"properties":{"k":"artpart","name":"Austin","m":"gred","b":6.43,"h":6.48}},{"type":"Feature","geometry":{"type":"Polygon","coordinates":[[[-97.7379273,30.2816854],[-97.7379241,30.2816854],[-97.7379241,30.2816875],[-97.7379273,30.2816875],[-97.7379273,30.2816854]]]},"properties":{"k":"artpart","name":"Austin","m":"gred","b":6.48,"h":6.53}},{"type":"Feature","geometry":{"type":"Polygon","coordinates":[[[-97.7379273,30.2816851],[-97.7379241,30.2816851],[-97.7379241,30.2816872],[-97.7379273,30.2816872],[-97.7379273,30.2816851]]]},"properties":{"k":"artpart","name":"Austin","m":"gred","b":6.53,"h":6.59}},{"type":"Feature","geometry":{"type":"Polygon","coordinates":[[[-97.7379273,30.2816848],[-97.7379241,30.2816848],[-97.7379241,30.2816869],[-97.7379273,30.2816869],[-97.7379273,30.2816848]]]},"properties":{"k":"artpart","name":"Austin","m":"gred","b":6.59,"h":6.64}},{"type":"Feature","geometry":{"type":"Polygon","coordinates":[[[-97.7379273,30.2816845],[-97.7379241,30.2816845],[-97.7379241,30.2816866],[-97.7379273,30.2816866],[-97.7379273,30.2816845]]]},"properties":{"k":"artpart","name":"Austin","m":"gred","b":6.64,"h":6.7}},{"type":"Feature","geometry":{"type":"Polygon","coordinates":[[[-97.7379273,30.2816843],[-97.7379241,30.2816843],[-97.7379241,30.2816863],[-97.7379273,30.2816863],[-97.7379273,30.2816843]]]},"properties":{"k":"artpart","name":"Austin","m":"gred","b":6.7,"h":6.75}},{"type":"Feature","geometry":{"type":"Polygon","coordinates":[[[-97.7379273,30.281684],[-97.7379241,30.281684],[-97.7379241,30.281686],[-97.7379273,30.281686],[-97.7379273,30.281684]]]},"properties":{"k":"artpart","name":"Austin","m":"gred","b":6.75,"h":6.81}},{"type":"Feature","geometry":{"type":"Polygon","coordinates":[[[-97.7379273,30.2816837],[-97.7379241,30.2816837],[-97.7379241,30.2816858],[-97.7379273,30.2816858],[-97.7379273,30.2816837]]]},"properties":{"k":"artpart","name":"Austin","m":"gred","b":6.81,"h":6.86}},{"type":"Feature","geometry":{"type":"Polygon","coordinates":[[[-97.7379273,30.2816834],[-97.7379241,30.2816834],[-97.7379241,30.2816855],[-97.7379273,30.2816855],[-97.7379273,30.2816834]]]},"properties":{"k":"artpart","name":"Austin","m":"gred","b":6.86,"h":6.92}},{"type":"Feature","geometry":{"type":"Polygon","coordinates":[[[-97.7379273,30.2816831],[-97.7379241,30.2816831],[-97.7379241,30.2816852],[-97.7379273,30.2816852],[-97.7379273,30.2816831]]]},"properties":{"k":"artpart","name":"Austin","m":"gred","b":6.92,"h":6.97}},{"type":"Feature","geometry":{"type":"Polygon","coordinates":[[[-97.7379273,30.2816828],[-97.7379241,30.2816828],[-97.7379241,30.2816849],[-97.7379273,30.2816849],[-97.7379273,30.2816828]]]},"properties":{"k":"artpart","name":"Austin","m":"gred","b":6.97,"h":7.02}},{"type":"Feature","geometry":{"type":"Polygon","coordinates":[[[-97.7379273,30.2816826],[-97.7379241,30.2816826],[-97.7379241,30.2816846],[-97.7379273,30.2816846],[-97.7379273,30.2816826]]]},"properties":{"k":"artpart","name":"Austin","m":"gred","b":7.02,"h":7.08}},{"type":"Feature","geometry":{"type":"Polygon","coordinates":[[[-97.7379273,30.2816827],[-97.7379241,30.2816827],[-97.7379241,30.2816844],[-97.7379273,30.2816844],[-97.7379273,30.2816827]]]},"properties":{"k":"artpart","name":"Austin","m":"gred","b":7.08,"h":7.13}},{"type":"Feature","geometry":{"type":"Polygon","coordinates":[[[-97.7379273,30.2816835],[-97.7379241,30.2816835],[-97.7379241,30.2816841],[-97.7379273,30.2816841],[-97.7379273,30.2816835]]]},"properties":{"k":"artpart","name":"Austin","m":"gred","b":7.13,"h":7.19}},{"type":"Feature","geometry":{"type":"Polygon","coordinates":[[[-97.73709,30.2814973],[-97.7370908,30.281499],[-97.7370927,30.2814997],[-97.7370946,30.281499],[-97.7370954,30.2814973],[-97.7370946,30.2814957],[-97.7370927,30.281495],[-97.7370908,30.2814957],[-97.73709,30.2814973]]]},"properties":{"k":"artpart","name":"Butler Sound Gallery","m":"steel","b":0.0,"h":4.73}},{"type":"Feature","geometry":{"type":"Polygon","coordinates":[[[-97.7371106,30.2814939],[-97.7371114,30.2814956],[-97.7371133,30.2814963],[-97.7371152,30.2814956],[-97.737116,30.2814939],[-97.7371152,30.2814923],[-97.7371133,30.2814916],[-97.7371114,30.2814923],[-97.7371106,30.2814939]]]},"properties":{"k":"artpart","name":"Butler Sound Gallery","m":"steel","b":0.0,"h":6.6}},{"type":"Feature","geometry":{"type":"Polygon","coordinates":[[[-97.7371087,30.2814759],[-97.7371095,30.2814775],[-97.7371114,30.2814782],[-97.7371133,30.2814775],[-97.7371141,30.2814759],[-97.7371133,30.2814742],[-97.7371114,30.2814735],[-97.7371095,30.2814742],[-97.7371087,30.2814759]]]},"properties":{"k":"artpart","name":"Butler Sound Gallery","m":"steel","b":0.0,"h":6.03}},{"type":"Feature","geometry":{"type":"Polygon","coordinates":[[[-97.7370911,30.2814721],[-97.7370919,30.2814738],[-97.7370938,30.2814745],[-97.7370957,30.2814738],[-97.7370965,30.2814721],[-97.7370957,30.2814705],[-97.7370938,30.2814698],[-97.7370919,30.2814705],[-97.7370911,30.2814721]]]},"properties":{"k":"artpart","name":"Butler Sound Gallery","m":"steel","b":0.0,"h":4.01}},{"type":"Feature","geometry":{"type":"Polygon","coordinates":[[[-97.7370755,30.2814837],[-97.7370763,30.2814854],[-97.7370782,30.2814861],[-97.7370802,30.2814854],[-97.7370809,30.2814837],[-97.7370802,30.2814821],[-97.7370782,30.2814814],[-97.7370763,30.2814821],[-97.7370755,30.2814837]]]},"properties":{"k":"artpart","name":"Butler Sound Gallery","m":"steel","b":0.0,"h":6.12}},{"type":"Feature","geometry":{"type":"Polygon","coordinates":[[[-97.7370755,30.281484],[-97.7370798,30.2814954],[-97.737091,30.2815025],[-97.737105,30.2815025],[-97.7371162,30.2814954],[-97.7371205,30.281484],[-97.7371162,30.2814726],[-97.737105,30.2814655],[-97.737091,30.2814655],[-97.7370798,30.2814726],[-97.7370755,30.281484]]]},"properties":{"k":"artpart","name":"Butler Sound Gallery","m":"granite","b":0.0,"h":0.3}},{"type":"Feature","geometry":{"type":"Polygon","coordinates":[[[-97.7317809,30.2905027],[-97.7317631,30.2905027],[-97.7317631,30.2905174],[-97.7317809,30.2905174],[-97.7317809,30.2905027]]]},"properties":{"k":"artpart","name":"And He Was Sad","m":"granite","b":0.0,"h":0.52}},{"type":"Feature","geometry":{"type":"Polygon","coordinates":[[[-97.731782,30.2905018],[-97.731762,30.2905018],[-97.731762,30.2905182],[-97.731782,30.2905182],[-97.731782,30.2905018]]]},"properties":{"k":"artpart","name":"And He Was Sad","m":"granite","b":0.0,"h":0.11}},{"type":"Feature","geometry":{"type":"Polygon","coordinates":[[[-97.7317798,30.2905062],[-97.7317642,30.2905062],[-97.7317642,30.2905138],[-97.7317798,30.2905138],[-97.7317798,30.2905062]]]},"properties":{"k":"artpart","name":"And He Was Sad","m":"bronzed","b":0.52,"h":3.26}},{"type":"Feature","geometry":{"type":"Polygon","coordinates":[[[-97.7317765,30.2905087],[-97.7317634,30.2905087],[-97.7317634,30.2905146],[-97.7317765,30.2905146],[-97.7317765,30.2905087]]]},"properties":{"k":"artpart","name":"And He Was Sad","m":"bronzed","b":3.26,"h":5.0}},{"type":"Feature","geometry":{"type":"Polygon","coordinates":[[[-97.7317643,30.2905128],[-97.7317657,30.2905158],[-97.7317692,30.290517],[-97.7317726,30.2905158],[-97.731774,30.2905128],[-97.7317726,30.2905098],[-97.7317692,30.2905086],[-97.7317657,30.2905098],[-97.7317643,30.2905128]]]},"properties":{"k":"artpart","name":"And He Was Sad","m":"bronzed","b":5.0,"h":5.5}},{"type":"Feature","geometry":{"type":"Polygon","coordinates":[[[-97.7497189,30.2770797],[-97.7497011,30.2770797],[-97.7497011,30.2770944],[-97.7497189,30.2770944],[-97.7497189,30.2770797]]]},"properties":{"k":"artpart","name":"Trilobite Shade","m":"granite","b":0.0,"h":0.68}},{"type":"Feature","geometry":{"type":"Polygon","coordinates":[[[-97.74972,30.2770788],[-97.7497,30.2770788],[-97.7497,30.2770952],[-97.74972,30.2770952],[-97.74972,30.2770788]]]},"properties":{"k":"artpart","name":"Trilobite Shade","m":"granite","b":0.0,"h":0.15}},{"type":"Feature","geometry":{"type":"Polygon","coordinates":[[[-97.749719,30.2770832],[-97.749701,30.2770832],[-97.749701,30.2770909],[-97.749719,30.2770909],[-97.749719,30.2770832]]]},"properties":{"k":"artpart","name":"Trilobite Shade","m":"bronzed","b":0.68,"h":3.33}},{"type":"Feature","geometry":{"type":"Polygon","coordinates":[[[-97.7497143,30.2770857],[-97.749701,30.2770857],[-97.749701,30.2770916],[-97.7497143,30.2770916],[-97.7497143,30.2770857]]]},"properties":{"k":"artpart","name":"Trilobite Shade","m":"bronzed","b":3.33,"h":5.02}},{"type":"Feature","geometry":{"type":"Polygon","coordinates":[[[-97.7497016,30.2770898],[-97.7497031,30.2770929],[-97.7497068,30.2770942],[-97.7497104,30.2770929],[-97.7497119,30.2770898],[-97.7497104,30.2770867],[-97.7497068,30.2770854],[-97.7497031,30.2770867],[-97.7497016,30.2770898]]]},"properties":{"k":"artpart","name":"Trilobite Shade","m":"bronzed","b":5.02,"h":5.5}},{"type":"Feature","geometry":{"type":"Polygon","coordinates":[[[-97.7310799,30.2903647],[-97.7310621,30.2903647],[-97.7310621,30.2903794],[-97.7310799,30.2903794],[-97.7310799,30.2903647]]]},"properties":{"k":"artpart","name":"Merlin the Magical Sage","m":"granite","b":0.0,"h":0.81}},{"type":"Feature","geometry":{"type":"Polygon","coordinates":[[[-97.731081,30.2903638],[-97.731061,30.2903638],[-97.731061,30.2903802],[-97.731081,30.2903802],[-97.731081,30.2903638]]]},"properties":{"k":"artpart","name":"Merlin the Magical Sage","m":"granite","b":0.0,"h":0.18}},{"type":"Feature","geometry":{"type":"Polygon","coordinates":[[[-97.7310809,30.2903682],[-97.7310611,30.2903682],[-97.7310611,30.2903759],[-97.7310809,30.2903759],[-97.7310809,30.2903682]]]},"properties":{"k":"artpart","name":"Merlin the Magical Sage","m":"corten","b":0.81,"h":3.39}},{"type":"Feature","geometry":{"type":"Polygon","coordinates":[[[-97.7310786,30.2903707],[-97.7310681,30.2903707],[-97.7310681,30.2903766],[-97.7310786,30.2903766],[-97.7310786,30.2903707]]]},"properties":{"k":"artpart","name":"Merlin the Magical Sage","m":"corten","b":3.39,"h":5.03}},{"type":"Feature","geometry":{"type":"Polygon","coordinates":[[[-97.7310704,30.2903748],[-97.7310716,30.2903772],[-97.7310743,30.2903781],[-97.7310771,30.2903772],[-97.7310782,30.2903748],[-97.7310771,30.2903724],[-97.7310743,30.2903715],[-97.7310716,30.2903724],[-97.7310704,30.2903748]]]},"properties":{"k":"artpart","name":"Merlin the Magical Sage","m":"corten","b":5.03,"h":5.5}},{"type":"Feature","geometry":{"type":"Polygon","coordinates":[[[-97.7396273,30.28399],[-97.7396329,30.2839436],[-97.7395988,30.2839405],[-97.7395932,30.283987],[-97.7396273,30.28399]]]},"properties":{"k":"artpart","name":"Littlefield Fountain","m":"limest","b":0.0,"h":2.05}},{"type":"Feature","geometry":{"type":"Polygon","coordinates":[[[-97.7396308,30.2839942],[-97.7396373,30.2839401],[-97.7395954,30.2839364],[-97.7395889,30.2839904],[-97.7396308,30.2839942]]]},"properties":{"k":"artpart","name":"Littlefield Fountain","m":"limest","b":0.0,"h":0.42}},{"type":"Feature","geometry":{"type":"Polygon","coordinates":[[[-97.7396231,30.2839928],[-97.7396299,30.2839365],[-97.7396035,30.2839342],[-97.7395967,30.2839904],[-97.7396231,30.2839928]]]},"properties":{"k":"artpart","name":"Littlefield Fountain","m":"bronze","b":2.05,"h":2.6}},{"type":"Feature","geometry":{"type":"Polygon","coordinates":[[[-97.7396211,30.2839872],[-97.7396272,30.2839372],[-97.739606,30.2839353],[-97.7395999,30.2839853],[-97.7396211,30.2839872]]]},"properties":{"k":"artpart","name":"Littlefield Fountain","m":"bronze","b":2.6,"h":3.0}},{"type":"Feature","geometry":{"type":"Polygon","coordinates":[[[-97.7396195,30.283979],[-97.7396245,30.2839379],[-97.7396084,30.2839364],[-97.7396035,30.2839775],[-97.7396195,30.283979]]]},"properties":{"k":"artpart","name":"Littlefield Fountain","m":"bronze","b":3.0,"h":3.55}},{"type":"Feature","geometry":{"type":"Polygon","coordinates":[[[-97.7396205,30.283943],[-97.7396216,30.2839334],[-97.7396123,30.2839326],[-97.7396112,30.2839421],[-97.7396205,30.283943]]]},"properties":{"k":"artpart","name":"Littlefield Fountain","m":"bronze","b":2.38,"h":3.52}},{"type":"Feature","geometry":{"type":"Polygon","coordinates":[[[-97.7396208,30.2839406],[-97.7396219,30.2839311],[-97.7396126,30.2839303],[-97.7396114,30.2839398],[-97.7396208,30.2839406]]]},"properties":{"k":"artpart","name":"Littlefield Fountain","m":"bronze","b":2.58,"h":3.72}},{"type":"Feature","geometry":{"type":"Polygon","coordinates":[[[-97.739621,30.2839383],[-97.7396222,30.2839288],[-97.7396129,30.283928],[-97.7396117,30.2839375],[-97.739621,30.2839383]]]},"properties":{"k":"artpart","name":"Littlefield Fountain","m":"bronze","b":2.78,"h":3.92}},{"type":"Feature","geometry":{"type":"Polygon","coordinates":[[[-97.7396213,30.283936],[-97.7396225,30.2839265],[-97.7396131,30.2839256],[-97.739612,30.2839352],[-97.7396213,30.283936]]]},"properties":{"k":"artpart","name":"Littlefield Fountain","m":"bronze","b":2.98,"h":4.12}},{"type":"Feature","geometry":{"type":"Polygon","coordinates":[[[-97.7396216,30.2839337],[-97.7396227,30.2839242],[-97.7396134,30.2839233],[-97.7396123,30.2839329],[-97.7396216,30.2839337]]]},"properties":{"k":"artpart","name":"Littlefield Fountain","m":"bronze","b":3.18,"h":4.32}},{"type":"Feature","geometry":{"type":"Polygon","coordinates":[[[-97.7396219,30.2839314],[-97.739623,30.2839219],[-97.7396137,30.283921],[-97.7396126,30.2839306],[-97.7396219,30.2839314]]]},"properties":{"k":"artpart","name":"Littlefield Fountain","m":"bronze","b":3.38,"h":4.52}},{"type":"Feature","geometry":{"type":"Polygon","coordinates":[[[-97.7396079,30.2839793],[-97.7396071,30.2839859],[-97.7396139,30.2839866],[-97.7396148,30.2839799],[-97.7396079,30.2839793]]]},"properties":{"k":"artpart","name":"Littlefield Fountain","m":"bronze","b":2.27,"h":3.45}},{"type":"Feature","geometry":{"type":"Polygon","coordinates":[[[-97.7396078,30.2839806],[-97.739607,30.2839873],[-97.7396138,30.2839879],[-97.7396146,30.2839812],[-97.7396078,30.2839806]]]},"properties":{"k":"artpart","name":"Littlefield Fountain","m":"bronze","b":2.49,"h":3.67}},{"type":"Feature","geometry":{"type":"Polygon","coordinates":[[[-97.7396076,30.283982],[-97.7396068,30.2839886],[-97.7396136,30.2839892],[-97.7396144,30.2839826],[-97.7396076,30.283982]]]},"properties":{"k":"artpart","name":"Littlefield Fountain","m":"bronze","b":2.72,"h":3.89}},{"type":"Feature","geometry":{"type":"Polygon","coordinates":[[[-97.7396074,30.2839833],[-97.7396066,30.28399],[-97.7396135,30.2839906],[-97.7396143,30.2839839],[-97.7396074,30.2839833]]]},"properties":{"k":"artpart","name":"Littlefield Fountain","m":"bronze","b":2.94,"h":4.11}},{"type":"Feature","geometry":{"type":"Polygon","coordinates":[[[-97.7396073,30.2839846],[-97.7396065,30.2839913],[-97.7396133,30.2839919],[-97.7396141,30.2839853],[-97.7396073,30.2839846]]]},"properties":{"k":"artpart","name":"Littlefield Fountain","m":"bronze","b":3.16,"h":4.33}},{"type":"Feature","geometry":{"type":"Polygon","coordinates":[[[-97.7396071,30.283986],[-97.7396063,30.2839926],[-97.7396131,30.2839933],[-97.7396139,30.2839866],[-97.7396071,30.283986]]]},"properties":{"k":"artpart","name":"Littlefield Fountain","m":"bronze","b":3.38,"h":4.56}},{"type":"Feature","geometry":{"type":"Polygon","coordinates":[[[-97.739607,30.2839873],[-97.7396061,30.283994],[-97.739613,30.2839946],[-97.7396138,30.2839879],[-97.739607,30.2839873]]]},"properties":{"k":"artpart","name":"Littlefield Fountain","m":"bronze","b":3.6,"h":4.78}},{"type":"Feature","geometry":{"type":"Polygon","coordinates":[[[-97.7396216,30.2839511],[-97.7396233,30.2839368],[-97.7396099,30.2839356],[-97.7396081,30.2839499],[-97.7396216,30.2839511]]]},"properties":{"k":"artpart","name":"Littlefield Fountain","m":"bronze","b":3.55,"h":3.77}},{"type":"Feature","geometry":{"type":"Polygon","coordinates":[[[-97.7396195,30.2839409],[-97.739612,30.2839409],[-97.739612,30.2839459],[-97.7396195,30.2839459],[-97.7396195,30.2839409]]]},"properties":{"k":"artpart","name":"Littlefield Fountain","m":"bronze","b":3.77,"h":5.04}},{"type":"Feature","geometry":{"type":"Polygon","coordinates":[[[-97.7396201,30.2839405],[-97.7396113,30.2839405],[-97.7396113,30.2839463],[-97.7396201,30.2839463],[-97.7396201,30.2839405]]]},"properties":{"k":"artpart","name":"Littlefield Fountain","m":"bronze","b":5.04,"h":5.31}},{"type":"Feature","geometry":{"type":"Polygon","coordinates":[[[-97.7396205,30.2839403],[-97.7396109,30.2839403],[-97.7396109,30.2839464],[-97.7396205,30.2839464],[-97.7396205,30.2839403]]]},"properties":{"k":"artpart","name":"Littlefield Fountain","m":"bronze","b":5.31,"h":5.97}},{"type":"Feature","geometry":{"type":"Polygon","coordinates":[[[-97.7396217,30.2839405],[-97.7396097,30.2839405],[-97.7396097,30.2839463],[-97.7396217,30.2839463],[-97.7396217,30.2839405]]]},"properties":{"k":"artpart","name":"Littlefield Fountain","m":"bronze","b":5.97,"h":6.13}},{"type":"Feature","geometry":{"type":"Polygon","coordinates":[[[-97.7396122,30.2839434],[-97.7396132,30.2839455],[-97.7396157,30.2839464],[-97.7396182,30.2839455],[-97.7396192,30.2839434],[-97.7396182,30.2839412],[-97.7396157,30.2839404],[-97.7396132,30.2839412],[-97.7396122,30.2839434]]]},"properties":{"k":"artpart","name":"Littlefield Fountain","m":"bronze","b":6.19,"h":6.52}},{"type":"Feature","geometry":{"type":"Polygon","coordinates":[[[-97.7396151,30.2839416],[-97.7396122,30.283943],[-97.7396136,30.2839452],[-97.7396165,30.2839438],[-97.7396151,30.2839416]]]},"properties":{"k":"artpart","name":"Littlefield Fountain","m":"bronze","b":5.78,"h":6.26}},{"type":"Feature","geometry":{"type":"Polygon","coordinates":[[[-97.7396145,30.2839419],[-97.7396116,30.2839433],[-97.739613,30.2839455],[-97.7396159,30.2839441],[-97.7396145,30.2839419]]]},"properties":{"k":"artpart","name":"Littlefield Fountain","m":"bronze","b":5.87,"h":6.35}},{"type":"Feature","geometry":{"type":"Polygon","coordinates":[[[-97.7396139,30.2839422],[-97.739611,30.2839436],[-97.7396124,30.2839458],[-97.7396153,30.2839444],[-97.7396139,30.2839422]]]},"properties":{"k":"artpart","name":"Littlefield Fountain","m":"bronze","b":5.97,"h":6.45}},{"type":"Feature","geometry":{"type":"Polygon","coordinates":[[[-97.7396133,30.2839425],[-97.7396104,30.2839439],[-97.7396118,30.2839461],[-97.7396147,30.2839447],[-97.7396133,30.2839425]]]},"properties":{"k":"artpart","name":"Littlefield Fountain","m":"bronze","b":6.06,"h":6.54}},{"type":"Feature","geometry":{"type":"Polygon","coordinates":[[[-97.7396127,30.2839428],[-97.7396097,30.2839442],[-97.7396112,30.2839464],[-97.7396141,30.283945],[-97.7396127,30.2839428]]]},"properties":{"k":"artpart","name":"Littlefield Fountain","m":"bronze","b":6.15,"h":6.64}},{"type":"Feature","geometry":{"type":"Polygon","coordinates":[[[-97.739612,30.2839431],[-97.7396091,30.2839445],[-97.7396105,30.2839467],[-97.7396134,30.2839453],[-97.739612,30.2839431]]]},"properties":{"k":"artpart","name":"Littlefield Fountain","m":"bronze","b":6.25,"h":6.73}},{"type":"Feature","geometry":{"type":"Polygon","coordinates":[[[-97.7396114,30.2839434],[-97.7396085,30.2839448],[-97.7396099,30.283947],[-97.7396128,30.2839456],[-97.7396114,30.2839434]]]},"properties":{"k":"artpart","name":"Littlefield Fountain","m":"bronze","b":6.34,"h":6.82}},{"type":"Feature","geometry":{"type":"Polygon","coordinates":[[[-97.7396108,30.2839437],[-97.7396079,30.2839451],[-97.7396093,30.2839473],[-97.7396122,30.2839459],[-97.7396108,30.2839437]]]},"properties":{"k":"artpart","name":"Littlefield Fountain","m":"bronze","b":6.44,"h":6.92}},{"type":"Feature","geometry":{"type":"Polygon","coordinates":[[[-97.7396102,30.283944],[-97.7396073,30.2839454],[-97.7396087,30.2839476],[-97.7396116,30.2839462],[-97.7396102,30.283944]]]},"properties":{"k":"artpart","name":"Littlefield Fountain","m":"bronze","b":6.53,"h":7.01}},{"type":"Feature","geometry":{"type":"Polygon","coordinates":[[[-97.7396046,30.283946],[-97.7396059,30.2839487],[-97.7396091,30.2839498],[-97.7396123,30.2839487],[-97.7396136,30.283946],[-97.7396123,30.2839432],[-97.7396091,30.2839421],[-97.7396059,30.2839432],[-97.7396046,30.283946]]]},"properties":{"k":"artpart","name":"Littlefield Fountain","m":"bronze","b":6.46,"h":6.61}},{"type":"Feature","geometry":{"type":"Polygon","coordinates":[[[-97.7396052,30.283946],[-97.7396063,30.2839484],[-97.7396091,30.2839494],[-97.7396119,30.2839484],[-97.7396131,30.283946],[-97.7396119,30.2839435],[-97.7396091,30.2839425],[-97.7396063,30.2839435],[-97.7396052,30.283946]]]},"properties":{"k":"artpart","name":"Littlefield Fountain","m":"bronze","b":6.61,"h":6.75}},{"type":"Feature","geometry":{"type":"Polygon","coordinates":[[[-97.7396066,30.283946],[-97.7396073,30.2839475],[-97.7396091,30.2839481],[-97.7396109,30.2839475],[-97.7396117,30.283946],[-97.7396109,30.2839444],[-97.7396091,30.2839438],[-97.7396073,30.2839444],[-97.7396066,30.283946]]]},"properties":{"k":"artpart","name":"Littlefield Fountain","m":"bronze","b":6.75,"h":6.9}},{"type":"Feature","geometry":{"type":"Polygon","coordinates":[[[-97.7396167,30.2839449],[-97.7396191,30.2839431],[-97.7396175,30.2839415],[-97.7396151,30.2839433],[-97.7396167,30.2839449]]]},"properties":{"k":"artpart","name":"Littlefield Fountain","m":"bronze","b":5.25,"h":5.53}},{"type":"Feature","geometry":{"type":"Polygon","coordinates":[[[-97.7396174,30.2839444],[-97.7396198,30.2839426],[-97.7396182,30.283941],[-97.7396158,30.2839428],[-97.7396174,30.2839444]]]},"properties":{"k":"artpart","name":"Littlefield Fountain","m":"bronze","b":5.3,"h":5.57}},{"type":"Feature","geometry":{"type":"Polygon","coordinates":[[[-97.7396182,30.2839439],[-97.7396206,30.283942],[-97.7396189,30.2839404],[-97.7396165,30.2839422],[-97.7396182,30.2839439]]]},"properties":{"k":"artpart","name":"Littlefield Fountain","m":"bronze","b":5.35,"h":5.62}},{"type":"Feature","geometry":{"type":"Polygon","coordinates":[[[-97.7396189,30.2839433],[-97.7396213,30.2839415],[-97.7396196,30.2839399],[-97.7396172,30.2839417],[-97.7396189,30.2839433]]]},"properties":{"k":"artpart","name":"Littlefield Fountain","m":"bronze","b":5.4,"h":5.67}},{"type":"Feature","geometry":{"type":"Polygon","coordinates":[[[-97.7396196,30.2839428],[-97.739622,30.283941],[-97.7396204,30.2839393],[-97.7396179,30.2839412],[-97.7396196,30.2839428]]]},"properties":{"k":"artpart","name":"Littlefield Fountain","m":"bronze","b":5.45,"h":5.72}},{"type":"Feature","geometry":{"type":"Polygon","coordinates":[[[-97.7396203,30.2839422],[-97.7396227,30.2839404],[-97.7396211,30.2839388],[-97.7396187,30.2839406],[-97.7396203,30.2839422]]]},"properties":{"k":"artpart","name":"Littlefield Fountain","m":"bronze","b":5.5,"h":5.77}},{"type":"Feature","geometry":{"type":"Polygon","coordinates":[[[-97.739621,30.2839417],[-97.7396234,30.2839399],[-97.7396218,30.2839383],[-97.7396194,30.2839401],[-97.739621,30.2839417]]]},"properties":{"k":"artpart","name":"Littlefield Fountain","m":"bronze","b":5.55,"h":5.82}},{"type":"Feature","geometry":{"type":"Polygon","coordinates":[[[-97.7396217,30.2839412],[-97.7396241,30.2839394],[-97.7396225,30.2839377],[-97.7396201,30.2839395],[-97.7396217,30.2839412]]]},"properties":{"k":"artpart","name":"Littlefield Fountain","m":"bronze","b":5.6,"h":5.87}},{"type":"Feature","geometry":{"type":"Polygon","coordinates":[[[-97.7396224,30.2839406],[-97.7396249,30.2839388],[-97.7396232,30.2839372],[-97.7396208,30.283939],[-97.7396224,30.2839406]]]},"properties":{"k":"artpart","name":"Littlefield Fountain","m":"bronze","b":5.64,"h":5.92}},{"type":"Feature","geometry":{"type":"Polygon","coordinates":[[[-97.7396226,30.2839257],[-97.739624,30.2839136],[-97.7396147,30.2839128],[-97.7396132,30.2839249],[-97.7396226,30.2839257]]]},"properties":{"k":"artpart","name":"Littlefield Fountain","m":"bronze","b":0.95,"h":1.9}},{"type":"Feature","geometry":{"type":"Polygon","coordinates":[[[-97.7396213,30.2839198],[-97.7396219,30.2839145],[-97.7396165,30.283914],[-97.7396159,30.2839193],[-97.7396213,30.2839198]]]},"properties":{"k":"artpart","name":"Littlefield Fountain","m":"bronze","b":1.34,"h":2.24}},{"type":"Feature","geometry":{"type":"Polygon","coordinates":[[[-97.7396214,30.2839187],[-97.7396221,30.2839134],[-97.7396167,30.2839129],[-97.739616,30.2839182],[-97.7396214,30.2839187]]]},"properties":{"k":"artpart","name":"Littlefield Fountain","m":"bronze","b":1.51,"h":2.42}},{"type":"Feature","geometry":{"type":"Polygon","coordinates":[[[-97.7396216,30.2839176],[-97.7396222,30.2839123],[-97.7396168,30.2839118],[-97.7396162,30.2839171],[-97.7396216,30.2839176]]]},"properties":{"k":"artpart","name":"Littlefield Fountain","m":"bronze","b":1.69,"h":2.59}},{"type":"Feature","geometry":{"type":"Polygon","coordinates":[[[-97.7396217,30.2839165],[-97.7396223,30.2839112],[-97.7396169,30.2839107],[-97.7396163,30.283916],[-97.7396217,30.2839165]]]},"properties":{"k":"artpart","name":"Littlefield Fountain","m":"bronze","b":1.87,"h":2.77}},{"type":"Feature","geometry":{"type":"Polygon","coordinates":[[[-97.7396218,30.2839153],[-97.7396225,30.28391],[-97.7396171,30.2839096],[-97.7396164,30.2839149],[-97.7396218,30.2839153]]]},"properties":{"k":"artpart","name":"Littlefield Fountain","m":"bronze","b":2.04,"h":2.95}},{"type":"Feature","geometry":{"type":"Polygon","coordinates":[[[-97.739622,30.2839142],[-97.7396226,30.2839089],[-97.7396172,30.2839084],[-97.7396166,30.2839137],[-97.739622,30.2839142]]]},"properties":{"k":"artpart","name":"Littlefield Fountain","m":"bronze","b":2.22,"h":3.12}},{"type":"Feature","geometry":{"type":"Polygon","coordinates":[[[-97.7396217,30.2839126],[-97.7396228,30.2839041],[-97.7396182,30.2839037],[-97.7396172,30.2839122],[-97.7396217,30.2839126]]]},"properties":{"k":"artpart","name":"Littlefield Fountain","m":"bronze","b":2.66,"h":3.1}},{"type":"Feature","geometry":{"type":"Polygon","coordinates":[[[-97.7396163,30.2839128],[-97.7396178,30.2839152],[-97.739621,30.2839152],[-97.7396225,30.2839128],[-97.739621,30.2839105],[-97.7396178,30.2839105],[-97.7396163,30.2839128]]]},"properties":{"k":"artpart","name":"Littlefield Fountain","m":"bronze","b":2.52,"h":2.98}},{"type":"Feature","geometry":{"type":"Polygon","coordinates":[[[-97.7396189,30.283906],[-97.7396185,30.2839087],[-97.7396212,30.2839089],[-97.7396216,30.2839063],[-97.7396189,30.283906]]]},"properties":{"k":"artpart","name":"Littlefield Fountain","m":"bronze","b":0.87,"h":1.31}},{"type":"Feature","geometry":{"type":"Polygon","coordinates":[[[-97.7396188,30.2839066],[-97.7396185,30.2839092],[-97.7396212,30.2839094],[-97.7396215,30.2839068],[-97.7396188,30.2839066]]]},"properties":{"k":"artpart","name":"Littlefield Fountain","m":"bronze","b":0.95,"h":1.39}},{"type":"Feature","geometry":{"type":"Polygon","coordinates":[[[-97.7396187,30.2839071],[-97.7396184,30.2839097],[-97.7396211,30.28391],[-97.7396214,30.2839073],[-97.7396187,30.2839071]]]},"properties":{"k":"artpart","name":"Littlefield Fountain","m":"bronze","b":1.03,"h":1.47}},{"type":"Feature","geometry":{"type":"Polygon","coordinates":[[[-97.7396187,30.2839076],[-97.7396184,30.2839103],[-97.739621,30.2839105],[-97.7396214,30.2839079],[-97.7396187,30.2839076]]]},"properties":{"k":"artpart","name":"Littlefield Fountain","m":"bronze","b":1.11,"h":1.55}},{"type":"Feature","geometry":{"type":"Polygon","coordinates":[[[-97.7396186,30.2839082],[-97.7396183,30.2839108],[-97.739621,30.283911],[-97.7396213,30.2839084],[-97.7396186,30.2839082]]]},"properties":{"k":"artpart","name":"Littlefield Fountain","m":"bronze","b":1.19,"h":1.63}},{"type":"Feature","geometry":{"type":"Polygon","coordinates":[[[-97.7396185,30.2839087],[-97.7396182,30.2839113],[-97.7396209,30.2839116],[-97.7396212,30.283909],[-97.7396185,30.2839087]]]},"properties":{"k":"artpart","name":"Littlefield Fountain","m":"bronze","b":1.27,"h":1.71}},{"type":"Feature","geometry":{"type":"Polygon","coordinates":[[[-97.7396185,30.2839092],[-97.7396182,30.2839119],[-97.7396208,30.2839121],[-97.7396212,30.2839095],[-97.7396185,30.2839092]]]},"properties":{"k":"artpart","name":"Littlefield Fountain","m":"bronze","b":1.35,"h":1.79}},{"type":"Feature","geometry":{"type":"Polygon","coordinates":[[[-97.7396184,30.2839098],[-97.7396181,30.2839124],[-97.7396208,30.2839127],[-97.7396211,30.28391],[-97.7396184,30.2839098]]]},"properties":{"k":"artpart","name":"Littlefield Fountain","m":"bronze","b":1.43,"h":1.87}},{"type":"Feature","geometry":{"type":"Polygon","coordinates":[[[-97.7396183,30.2839103],[-97.739618,30.2839129],[-97.7396207,30.2839132],[-97.739621,30.2839106],[-97.7396183,30.2839103]]]},"properties":{"k":"artpart","name":"Littlefield Fountain","m":"bronze","b":1.51,"h":1.95}},{"type":"Feature","geometry":{"type":"Polygon","coordinates":[[[-97.7396183,30.2839109],[-97.739618,30.2839135],[-97.7396207,30.2839137],[-97.739621,30.2839111],[-97.7396183,30.2839109]]]},"properties":{"k":"artpart","name":"Littlefield Fountain","m":"bronze","b":1.59,"h":2.03}},{"type":"Feature","geometry":{"type":"Polygon","coordinates":[[[-97.7396156,30.2839238],[-97.739615,30.2839288],[-97.7396199,30.2839293],[-97.7396205,30.2839243],[-97.7396156,30.2839238]]]},"properties":{"k":"artpart","name":"Littlefield Fountain","m":"bronze","b":0.72,"h":1.4}},{"type":"Feature","geometry":{"type":"Polygon","coordinates":[[[-97.7396154,30.2839249],[-97.7396148,30.28393],[-97.7396198,30.2839304],[-97.7396204,30.2839254],[-97.7396154,30.2839249]]]},"properties":{"k":"artpart","name":"Littlefield Fountain","m":"bronze","b":0.85,"h":1.53}},{"type":"Feature","geometry":{"type":"Polygon","coordinates":[[[-97.7396153,30.2839261],[-97.7396147,30.2839311],[-97.7396197,30.2839315],[-97.7396203,30.2839265],[-97.7396153,30.2839261]]]},"properties":{"k":"artpart","name":"Littlefield Fountain","m":"bronze","b":0.98,"h":1.66}},{"type":"Feature","geometry":{"type":"Polygon","coordinates":[[[-97.7396152,30.2839272],[-97.7396145,30.2839322],[-97.7396195,30.2839327],[-97.7396201,30.2839277],[-97.7396152,30.2839272]]]},"properties":{"k":"artpart","name":"Littlefield Fountain","m":"bronze","b":1.11,"h":1.79}},{"type":"Feature","geometry":{"type":"Polygon","coordinates":[[[-97.739615,30.2839284],[-97.7396144,30.2839334],[-97.7396194,30.2839338],[-97.73962,30.2839288],[-97.739615,30.2839284]]]},"properties":{"k":"artpart","name":"Littlefield Fountain","m":"bronze","b":1.24,"h":1.91}},{"type":"Feature","geometry":{"type":"Polygon","coordinates":[[[-97.7396149,30.2839295],[-97.7396143,30.2839345],[-97.7396192,30.283935],[-97.7396198,30.28393],[-97.7396149,30.2839295]]]},"properties":{"k":"artpart","name":"Littlefield Fountain","m":"bronze","b":1.36,"h":2.04}},{"type":"Feature","geometry":{"type":"Polygon","coordinates":[[[-97.7396147,30.2839307],[-97.7396141,30.2839357],[-97.7396191,30.2839361],[-97.7396197,30.2839311],[-97.7396147,30.2839307]]]},"properties":{"k":"artpart","name":"Littlefield Fountain","m":"bronze","b":1.49,"h":2.17}},{"type":"Feature","geometry":{"type":"Polygon","coordinates":[[[-97.7396146,30.2839318],[-97.739614,30.2839368],[-97.739619,30.2839372],[-97.7396196,30.2839322],[-97.7396146,30.2839318]]]},"properties":{"k":"artpart","name":"Littlefield Fountain","m":"bronze","b":1.62,"h":2.3}},{"type":"Feature","geometry":{"type":"Polygon","coordinates":[[[-97.7396145,30.2839329],[-97.7396139,30.2839379],[-97.7396188,30.2839384],[-97.7396194,30.2839334],[-97.7396145,30.2839329]]]},"properties":{"k":"artpart","name":"Littlefield Fountain","m":"bronze","b":1.75,"h":2.43}},{"type":"Feature","geometry":{"type":"Polygon","coordinates":[[[-97.7396172,30.2839428],[-97.7396182,30.2839353],[-97.7396153,30.283935],[-97.7396143,30.2839426],[-97.7396172,30.2839428]]]},"properties":{"k":"artpart","name":"Littlefield Fountain","m":"bronze","b":1.95,"h":2.33}},{"type":"Feature","geometry":{"type":"Polygon","coordinates":[[[-97.7395954,30.28393],[-97.7395968,30.283918],[-97.7395875,30.2839171],[-97.739586,30.2839292],[-97.7395954,30.28393]]]},"properties":{"k":"artpart","name":"Littlefield Fountain","m":"bronze","b":0.95,"h":1.9}},{"type":"Feature","geometry":{"type":"Polygon","coordinates":[[[-97.739595,30.283923],[-97.739593,30.283918],[-97.7395879,30.2839196],[-97.7395899,30.2839245],[-97.739595,30.283923]]]},"properties":{"k":"artpart","name":"Littlefield Fountain","m":"bronze","b":1.35,"h":2.2}},{"type":"Feature","geometry":{"type":"Polygon","coordinates":[[[-97.7395946,30.283922],[-97.7395926,30.283917],[-97.7395875,30.2839186],[-97.7395895,30.2839235],[-97.7395946,30.283922]]]},"properties":{"k":"artpart","name":"Littlefield Fountain","m":"bronze","b":1.5,"h":2.35}},{"type":"Feature","geometry":{"type":"Polygon","coordinates":[[[-97.7395942,30.283921],[-97.7395922,30.283916],[-97.7395871,30.2839176],[-97.7395891,30.2839225],[-97.7395942,30.283921]]]},"properties":{"k":"artpart","name":"Littlefield Fountain","m":"bronze","b":1.66,"h":2.5}},{"type":"Feature","geometry":{"type":"Polygon","coordinates":[[[-97.7395938,30.28392],[-97.7395918,30.283915],[-97.7395867,30.2839166],[-97.7395887,30.2839215],[-97.7395938,30.28392]]]},"properties":{"k":"artpart","name":"Littlefield Fountain","m":"bronze","b":1.81,"h":2.65}},{"type":"Feature","geometry":{"type":"Polygon","coordinates":[[[-97.7395934,30.283919],[-97.7395914,30.283914],[-97.7395863,30.2839156],[-97.7395883,30.2839205],[-97.7395934,30.283919]]]},"properties":{"k":"artpart","name":"Littlefield Fountain","m":"bronze","b":1.96,"h":2.8}},{"type":"Feature","geometry":{"type":"Polygon","coordinates":[[[-97.739593,30.283918],[-97.739591,30.283913],[-97.7395859,30.2839146],[-97.7395879,30.2839195],[-97.739593,30.283918]]]},"properties":{"k":"artpart","name":"Littlefield Fountain","m":"bronze","b":2.11,"h":2.96}},{"type":"Feature","geometry":{"type":"Polygon","coordinates":[[[-97.7395926,30.283917],[-97.7395906,30.283912],[-97.7395855,30.2839135],[-97.7395875,30.2839185],[-97.7395926,30.283917]]]},"properties":{"k":"artpart","name":"Littlefield Fountain","m":"bronze","b":2.26,"h":3.11}},{"type":"Feature","geometry":{"type":"Polygon","coordinates":[[[-97.7395908,30.2839154],[-97.7395877,30.2839073],[-97.7395834,30.2839086],[-97.7395864,30.2839167],[-97.7395908,30.2839154]]]},"properties":{"k":"artpart","name":"Littlefield Fountain","m":"bronze","b":2.66,"h":3.1}},{"type":"Feature","geometry":{"type":"Polygon","coordinates":[[[-97.7395868,30.2839169],[-97.7395884,30.2839193],[-97.7395915,30.2839193],[-97.7395931,30.2839169],[-97.7395915,30.2839146],[-97.7395884,30.2839146],[-97.7395868,30.2839169]]]},"properties":{"k":"artpart","name":"Littlefield Fountain","m":"bronze","b":2.52,"h":2.98}},{"type":"Feature","geometry":{"type":"Polygon","coordinates":[[[-97.7395952,30.2839104],[-97.7395941,30.2839129],[-97.7395966,30.2839137],[-97.7395977,30.2839112],[-97.7395952,30.2839104]]]},"properties":{"k":"artpart","name":"Littlefield Fountain","m":"bronze","b":0.88,"h":1.3}},{"type":"Feature","geometry":{"type":"Polygon","coordinates":[[[-97.7395949,30.2839109],[-97.7395938,30.2839134],[-97.7395964,30.2839142],[-97.7395975,30.2839118],[-97.7395949,30.2839109]]]},"properties":{"k":"artpart","name":"Littlefield Fountain","m":"bronze","b":0.96,"h":1.38}},{"type":"Feature","geometry":{"type":"Polygon","coordinates":[[[-97.7395947,30.2839114],[-97.7395936,30.2839139],[-97.7395961,30.2839148],[-97.7395972,30.2839123],[-97.7395947,30.2839114]]]},"properties":{"k":"artpart","name":"Littlefield Fountain","m":"bronze","b":1.04,"h":1.46}},{"type":"Feature","geometry":{"type":"Polygon","coordinates":[[[-97.7395945,30.283912],[-97.7395934,30.2839145],[-97.7395959,30.2839153],[-97.739597,30.2839128],[-97.7395945,30.283912]]]},"properties":{"k":"artpart","name":"Littlefield Fountain","m":"bronze","b":1.12,"h":1.54}},{"type":"Feature","geometry":{"type":"Polygon","coordinates":[[[-97.7395942,30.2839125],[-97.7395931,30.283915],[-97.7395957,30.2839158],[-97.7395968,30.2839133],[-97.7395942,30.2839125]]]},"properties":{"k":"artpart","name":"Littlefield Fountain","m":"bronze","b":1.2,"h":1.62}},{"type":"Feature","geometry":{"type":"Polygon","coordinates":[[[-97.739594,30.283913],[-97.7395929,30.2839155],[-97.7395954,30.2839163],[-97.7395965,30.2839138],[-97.739594,30.283913]]]},"properties":{"k":"artpart","name":"Littlefield Fountain","m":"bronze","b":1.28,"h":1.7}},{"type":"Feature","geometry":{"type":"Polygon","coordinates":[[[-97.7395938,30.2839135],[-97.7395927,30.283916],[-97.7395952,30.2839168],[-97.7395963,30.2839144],[-97.7395938,30.2839135]]]},"properties":{"k":"artpart","name":"Littlefield Fountain","m":"bronze","b":1.36,"h":1.78}},{"type":"Feature","geometry":{"type":"Polygon","coordinates":[[[-97.7395936,30.2839141],[-97.7395925,30.2839165],[-97.739595,30.2839174],[-97.7395961,30.2839149],[-97.7395936,30.2839141]]]},"properties":{"k":"artpart","name":"Littlefield Fountain","m":"bronze","b":1.44,"h":1.86}},{"type":"Feature","geometry":{"type":"Polygon","coordinates":[[[-97.7395933,30.2839146],[-97.7395922,30.2839171],[-97.7395948,30.2839179],[-97.7395959,30.2839154],[-97.7395933,30.2839146]]]},"properties":{"k":"artpart","name":"Littlefield Fountain","m":"bronze","b":1.52,"h":1.94}},{"type":"Feature","geometry":{"type":"Polygon","coordinates":[[[-97.7395931,30.2839151],[-97.739592,30.2839176],[-97.7395945,30.2839184],[-97.7395956,30.2839159],[-97.7395931,30.2839151]]]},"properties":{"k":"artpart","name":"Littlefield Fountain","m":"bronze","b":1.6,"h":2.02}},{"type":"Feature","geometry":{"type":"Polygon","coordinates":[[[-97.7395877,30.2839289],[-97.7395891,30.2839339],[-97.7395939,30.2839328],[-97.7395925,30.2839279],[-97.7395877,30.2839289]]]},"properties":{"k":"artpart","name":"Littlefield Fountain","m":"bronze","b":0.73,"h":1.39}},{"type":"Feature","geometry":{"type":"Polygon","coordinates":[[[-97.739588,30.2839301],[-97.7395894,30.2839351],[-97.7395943,30.283934],[-97.7395928,30.2839291],[-97.739588,30.2839301]]]},"properties":{"k":"artpart","name":"Littlefield Fountain","m":"bronze","b":0.86,"h":1.52}},{"type":"Feature","geometry":{"type":"Polygon","coordinates":[[[-97.7395883,30.2839313],[-97.7395898,30.2839362],[-97.7395946,30.2839352],[-97.7395932,30.2839302],[-97.7395883,30.2839313]]]},"properties":{"k":"artpart","name":"Littlefield Fountain","m":"bronze","b":0.99,"h":1.65}},{"type":"Feature","geometry":{"type":"Polygon","coordinates":[[[-97.7395887,30.2839325],[-97.7395901,30.2839374],[-97.739595,30.2839364],[-97.7395935,30.2839314],[-97.7395887,30.2839325]]]},"properties":{"k":"artpart","name":"Littlefield Fountain","m":"bronze","b":1.12,"h":1.78}},{"type":"Feature","geometry":{"type":"Polygon","coordinates":[[[-97.739589,30.2839337],[-97.7395905,30.2839386],[-97.7395953,30.2839376],[-97.7395939,30.2839326],[-97.739589,30.2839337]]]},"properties":{"k":"artpart","name":"Littlefield Fountain","m":"bronze","b":1.25,"h":1.9}},{"type":"Feature","geometry":{"type":"Polygon","coordinates":[[[-97.7395894,30.2839349],[-97.7395908,30.2839398],[-97.7395957,30.2839388],[-97.7395942,30.2839338],[-97.7395894,30.2839349]]]},"properties":{"k":"artpart","name":"Littlefield Fountain","m":"bronze","b":1.37,"h":2.03}},{"type":"Feature","geometry":{"type":"Polygon","coordinates":[[[-97.7395897,30.283936],[-97.7395912,30.283941],[-97.739596,30.2839399],[-97.7395946,30.283935],[-97.7395897,30.283936]]]},"properties":{"k":"artpart","name":"Littlefield Fountain","m":"bronze","b":1.5,"h":2.16}},{"type":"Feature","geometry":{"type":"Polygon","coordinates":[[[-97.7395901,30.2839372],[-97.7395915,30.2839422],[-97.7395964,30.2839411],[-97.7395949,30.2839362],[-97.7395901,30.2839372]]]},"properties":{"k":"artpart","name":"Littlefield Fountain","m":"bronze","b":1.63,"h":2.29}},{"type":"Feature","geometry":{"type":"Polygon","coordinates":[[[-97.7395904,30.2839384],[-97.7395919,30.2839434],[-97.7395967,30.2839423],[-97.7395953,30.2839374],[-97.7395904,30.2839384]]]},"properties":{"k":"artpart","name":"Littlefield Fountain","m":"bronze","b":1.76,"h":2.42}},{"type":"Feature","geometry":{"type":"Polygon","coordinates":[[[-97.7395985,30.2839462],[-97.7395936,30.2839399],[-97.7395912,30.2839413],[-97.7395961,30.2839476],[-97.7395985,30.2839462]]]},"properties":{"k":"artpart","name":"Littlefield Fountain","m":"bronze","b":1.95,"h":2.33}},{"type":"Feature","geometry":{"type":"Polygon","coordinates":[[[-97.7396481,30.2839348],[-97.7396496,30.2839227],[-97.7396403,30.2839219],[-97.7396388,30.2839339],[-97.7396481,30.2839348]]]},"properties":{"k":"artpart","name":"Littlefield Fountain","m":"bronze","b":0.95,"h":1.9}},{"type":"Feature","geometry":{"type":"Polygon","coordinates":[[[-97.7396455,30.2839296],[-97.7396486,30.283925],[-97.739644,30.2839226],[-97.7396408,30.2839272],[-97.7396455,30.2839296]]]},"properties":{"k":"artpart","name":"Littlefield Fountain","m":"bronze","b":1.35,"h":2.2}},{"type":"Feature","geometry":{"type":"Polygon","coordinates":[[[-97.7396461,30.2839286],[-97.7396493,30.2839241],[-97.7396446,30.2839217],[-97.7396415,30.2839262],[-97.7396461,30.2839286]]]},"properties":{"k":"artpart","name":"Littlefield Fountain","m":"bronze","b":1.5,"h":2.35}},{"type":"Feature","geometry":{"type":"Polygon","coordinates":[[[-97.7396467,30.2839277],[-97.7396499,30.2839232],[-97.7396452,30.2839208],[-97.7396421,30.2839253],[-97.7396467,30.2839277]]]},"properties":{"k":"artpart","name":"Littlefield Fountain","m":"bronze","b":1.66,"h":2.5}},{"type":"Feature","geometry":{"type":"Polygon","coordinates":[[[-97.7396474,30.2839268],[-97.7396505,30.2839223],[-97.7396459,30.2839199],[-97.7396427,30.2839244],[-97.7396474,30.2839268]]]},"properties":{"k":"artpart","name":"Littlefield Fountain","m":"bronze","b":1.81,"h":2.65}},{"type":"Feature","geometry":{"type":"Polygon","coordinates":[[[-97.739648,30.2839259],[-97.7396512,30.2839214],[-97.7396465,30.283919],[-97.7396434,30.2839235],[-97.739648,30.2839259]]]},"properties":{"k":"artpart","name":"Littlefield Fountain","m":"bronze","b":1.96,"h":2.8}},{"type":"Feature","geometry":{"type":"Polygon","coordinates":[[[-97.7396486,30.283925],[-97.7396518,30.2839205],[-97.7396471,30.2839181],[-97.739644,30.2839226],[-97.7396486,30.283925]]]},"properties":{"k":"artpart","name":"Littlefield Fountain","m":"bronze","b":2.11,"h":2.96}},{"type":"Feature","geometry":{"type":"Polygon","coordinates":[[[-97.7396493,30.2839241],[-97.7396524,30.2839196],[-97.7396478,30.2839172],[-97.7396446,30.2839217],[-97.7396493,30.2839241]]]},"properties":{"k":"artpart","name":"Littlefield Fountain","m":"bronze","b":2.26,"h":3.11}},{"type":"Feature","geometry":{"type":"Polygon","coordinates":[[[-97.7396507,30.2839225],[-97.7396557,30.2839151],[-97.7396517,30.2839131],[-97.7396468,30.2839205],[-97.7396507,30.2839225]]]},"properties":{"k":"artpart","name":"Littlefield Fountain","m":"bronze","b":2.66,"h":3.1}},{"type":"Feature","geometry":{"type":"Polygon","coordinates":[[[-97.7396441,30.2839221],[-97.7396457,30.2839244],[-97.7396488,30.2839244],[-97.7396504,30.2839221],[-97.7396488,30.2839198],[-97.7396457,30.2839198],[-97.7396441,30.2839221]]]},"properties":{"k":"artpart","name":"Littlefield Fountain","m":"bronze","b":2.52,"h":2.98}},{"type":"Feature","geometry":{"type":"Polygon","coordinates":[[[-97.739641,30.2839151],[-97.7396415,30.2839178],[-97.7396442,30.2839174],[-97.7396437,30.2839148],[-97.739641,30.2839151]]]},"properties":{"k":"artpart","name":"Littlefield Fountain","m":"bronze","b":0.88,"h":1.3}},{"type":"Feature","geometry":{"type":"Polygon","coordinates":[[[-97.7396411,30.2839157],[-97.7396416,30.2839183],[-97.7396443,30.283918],[-97.7396438,30.2839153],[-97.7396411,30.2839157]]]},"properties":{"k":"artpart","name":"Littlefield Fountain","m":"bronze","b":0.96,"h":1.38}},{"type":"Feature","geometry":{"type":"Polygon","coordinates":[[[-97.7396412,30.2839162],[-97.7396417,30.2839189],[-97.7396444,30.2839185],[-97.7396439,30.2839159],[-97.7396412,30.2839162]]]},"properties":{"k":"artpart","name":"Littlefield Fountain","m":"bronze","b":1.04,"h":1.46}},{"type":"Feature","geometry":{"type":"Polygon","coordinates":[[[-97.7396413,30.2839168],[-97.7396418,30.2839194],[-97.7396445,30.2839191],[-97.739644,30.2839164],[-97.7396413,30.2839168]]]},"properties":{"k":"artpart","name":"Littlefield Fountain","m":"bronze","b":1.12,"h":1.54}},{"type":"Feature","geometry":{"type":"Polygon","coordinates":[[[-97.7396414,30.2839173],[-97.7396419,30.28392],[-97.7396446,30.2839196],[-97.7396441,30.283917],[-97.7396414,30.2839173]]]},"properties":{"k":"artpart","name":"Littlefield Fountain","m":"bronze","b":1.2,"h":1.62}},{"type":"Feature","geometry":{"type":"Polygon","coordinates":[[[-97.7396415,30.2839179],[-97.739642,30.2839205],[-97.7396447,30.2839202],[-97.7396442,30.2839175],[-97.7396415,30.2839179]]]},"properties":{"k":"artpart","name":"Littlefield Fountain","m":"bronze","b":1.28,"h":1.7}},{"type":"Feature","geometry":{"type":"Polygon","coordinates":[[[-97.7396416,30.2839184],[-97.7396421,30.2839211],[-97.7396448,30.2839207],[-97.7396443,30.2839181],[-97.7396416,30.2839184]]]},"properties":{"k":"artpart","name":"Littlefield Fountain","m":"bronze","b":1.36,"h":1.78}},{"type":"Feature","geometry":{"type":"Polygon","coordinates":[[[-97.7396417,30.283919],[-97.7396422,30.2839216],[-97.7396449,30.2839213],[-97.7396444,30.2839186],[-97.7396417,30.283919]]]},"properties":{"k":"artpart","name":"Littlefield Fountain","m":"bronze","b":1.44,"h":1.86}},{"type":"Feature","geometry":{"type":"Polygon","coordinates":[[[-97.7396418,30.2839195],[-97.7396423,30.2839222],[-97.739645,30.2839218],[-97.7396445,30.2839192],[-97.7396418,30.2839195]]]},"properties":{"k":"artpart","name":"Littlefield Fountain","m":"bronze","b":1.52,"h":1.94}},{"type":"Feature","geometry":{"type":"Polygon","coordinates":[[[-97.7396419,30.2839201],[-97.7396424,30.2839227],[-97.7396451,30.2839224],[-97.7396446,30.2839197],[-97.7396419,30.2839201]]]},"properties":{"k":"artpart","name":"Littlefield Fountain","m":"bronze","b":1.6,"h":2.02}},{"type":"Feature","geometry":{"type":"Polygon","coordinates":[[[-97.7396421,30.2839323],[-97.7396395,30.2839369],[-97.739644,30.2839388],[-97.7396466,30.2839342],[-97.7396421,30.2839323]]]},"properties":{"k":"artpart","name":"Littlefield Fountain","m":"bronze","b":0.73,"h":1.39}},{"type":"Feature","geometry":{"type":"Polygon","coordinates":[[[-97.7396415,30.2839334],[-97.7396389,30.283938],[-97.7396434,30.2839399],[-97.739646,30.2839353],[-97.7396415,30.2839334]]]},"properties":{"k":"artpart","name":"Littlefield Fountain","m":"bronze","b":0.86,"h":1.52}},{"type":"Feature","geometry":{"type":"Polygon","coordinates":[[[-97.7396409,30.2839345],[-97.7396383,30.2839391],[-97.7396428,30.283941],[-97.7396454,30.2839364],[-97.7396409,30.2839345]]]},"properties":{"k":"artpart","name":"Littlefield Fountain","m":"bronze","b":0.99,"h":1.65}},{"type":"Feature","geometry":{"type":"Polygon","coordinates":[[[-97.7396403,30.2839356],[-97.7396377,30.2839402],[-97.7396422,30.2839421],[-97.7396448,30.2839375],[-97.7396403,30.2839356]]]},"properties":{"k":"artpart","name":"Littlefield Fountain","m":"bronze","b":1.12,"h":1.78}},{"type":"Feature","geometry":{"type":"Polygon","coordinates":[[[-97.7396397,30.2839367],[-97.7396371,30.2839413],[-97.7396415,30.2839432],[-97.7396441,30.2839386],[-97.7396397,30.2839367]]]},"properties":{"k":"artpart","name":"Littlefield Fountain","m":"bronze","b":1.25,"h":1.9}},{"type":"Feature","geometry":{"type":"Polygon","coordinates":[[[-97.739639,30.2839378],[-97.7396364,30.2839424],[-97.7396409,30.2839443],[-97.7396435,30.2839397],[-97.739639,30.2839378]]]},"properties":{"k":"artpart","name":"Littlefield Fountain","m":"bronze","b":1.37,"h":2.03}},{"type":"Feature","geometry":{"type":"Polygon","coordinates":[[[-97.7396384,30.2839389],[-97.7396358,30.2839435],[-97.7396403,30.2839454],[-97.7396429,30.2839408],[-97.7396384,30.2839389]]]},"properties":{"k":"artpart","name":"Littlefield Fountain","m":"bronze","b":1.5,"h":2.16}},{"type":"Feature","geometry":{"type":"Polygon","coordinates":[[[-97.7396378,30.28394],[-97.7396352,30.2839446],[-97.7396397,30.2839465],[-97.7396423,30.2839419],[-97.7396378,30.28394]]]},"properties":{"k":"artpart","name":"Littlefield Fountain","m":"bronze","b":1.63,"h":2.29}},{"type":"Feature","geometry":{"type":"Polygon","coordinates":[[[-97.7396372,30.2839411],[-97.7396346,30.2839457],[-97.7396391,30.2839476],[-97.7396417,30.283943],[-97.7396372,30.2839411]]]},"properties":{"k":"artpart","name":"Littlefield Fountain","m":"bronze","b":1.76,"h":2.42}},{"type":"Feature","geometry":{"type":"Polygon","coordinates":[[[-97.7396339,30.283951],[-97.7396402,30.2839457],[-97.7396382,30.2839439],[-97.7396318,30.2839492],[-97.7396339,30.283951]]]},"properties":{"k":"artpart","name":"Littlefield Fountain","m":"bronze","b":1.95,"h":2.33}},{"type":"Feature","geometry":{"type":"Polygon","coordinates":[[[-97.7395722,30.2839596],[-97.7395745,30.2839646],[-97.7395803,30.2839666],[-97.739586,30.2839646],[-97.7395884,30.2839596],[-97.739586,30.2839547],[-97.7395803,30.2839526],[-97.7395745,30.2839547],[-97.7395722,30.2839596]]]},"properties":{"k":"artpart","name":"Littlefield Fountain","m":"bronze","b":0.0,"h":1.28}},{"type":"Feature","geometry":{"type":"Polygon","coordinates":[[[-97.7395836,30.2839574],[-97.739577,30.2839574],[-97.739577,30.2839618],[-97.7395836,30.2839618],[-97.7395836,30.2839574]]]},"properties":{"k":"artpart","name":"Littlefield Fountain","m":"bronze","b":1.28,"h":2.41}},{"type":"Feature","geometry":{"type":"Polygon","coordinates":[[[-97.7395841,30.2839571],[-97.7395765,30.2839571],[-97.7395765,30.2839621],[-97.7395841,30.2839621],[-97.7395841,30.2839571]]]},"properties":{"k":"artpart","name":"Littlefield Fountain","m":"bronze","b":2.41,"h":2.65}},{"type":"Feature","geometry":{"type":"Polygon","coordinates":[[[-97.7395845,30.2839569],[-97.7395761,30.2839569],[-97.7395761,30.2839623],[-97.7395845,30.2839623],[-97.7395845,30.2839569]]]},"properties":{"k":"artpart","name":"Littlefield Fountain","m":"bronze","b":2.65,"h":3.24}},{"type":"Feature","geometry":{"type":"Polygon","coordinates":[[[-97.7395856,30.2839571],[-97.739575,30.2839571],[-97.739575,30.2839621],[-97.7395856,30.2839621],[-97.7395856,30.2839571]]]},"properties":{"k":"artpart","name":"Littlefield Fountain","m":"bronze","b":3.24,"h":3.39}},{"type":"Feature","geometry":{"type":"Polygon","coordinates":[[[-97.7395772,30.2839596],[-97.7395781,30.2839615],[-97.7395803,30.2839623],[-97.7395824,30.2839615],[-97.7395833,30.2839596],[-97.7395824,30.2839577],[-97.7395803,30.283957],[-97.7395781,30.2839577],[-97.7395772,30.2839596]]]},"properties":{"k":"artpart","name":"Littlefield Fountain","m":"bronze","b":3.44,"h":3.73}},{"type":"Feature","geometry":{"type":"Polygon","coordinates":[[[-97.7395799,30.2839611],[-97.7395831,30.2839596],[-97.7395817,30.2839576],[-97.7395786,30.2839591],[-97.7395799,30.2839611]]]},"properties":{"k":"artpart","name":"Littlefield Fountain","m":"bronze","b":2.68,"h":2.97}},{"type":"Feature","geometry":{"type":"Polygon","coordinates":[[[-97.739581,30.2839606],[-97.7395841,30.2839591],[-97.7395828,30.283957],[-97.7395796,30.2839586],[-97.739581,30.2839606]]]},"properties":{"k":"artpart","name":"Littlefield Fountain","m":"bronze","b":2.74,"h":3.03}},{"type":"Feature","geometry":{"type":"Polygon","coordinates":[[[-97.739582,30.2839601],[-97.7395852,30.2839585],[-97.7395839,30.2839565],[-97.7395807,30.2839581],[-97.739582,30.2839601]]]},"properties":{"k":"artpart","name":"Littlefield Fountain","m":"bronze","b":2.8,"h":3.09}},{"type":"Feature","geometry":{"type":"Polygon","coordinates":[[[-97.7395831,30.2839596],[-97.7395863,30.283958],[-97.7395849,30.283956],[-97.7395817,30.2839576],[-97.7395831,30.2839596]]]},"properties":{"k":"artpart","name":"Littlefield Fountain","m":"bronze","b":2.86,"h":3.15}},{"type":"Feature","geometry":{"type":"Polygon","coordinates":[[[-97.7395841,30.2839591],[-97.7395873,30.2839575],[-97.739586,30.2839555],[-97.7395828,30.283957],[-97.7395841,30.2839591]]]},"properties":{"k":"artpart","name":"Littlefield Fountain","m":"bronze","b":2.91,"h":3.2}},{"type":"Feature","geometry":{"type":"Polygon","coordinates":[[[-97.7395852,30.2839585],[-97.7395884,30.283957],[-97.739587,30.283955],[-97.7395839,30.2839565],[-97.7395852,30.2839585]]]},"properties":{"k":"artpart","name":"Littlefield Fountain","m":"bronze","b":2.97,"h":3.26}},{"type":"Feature","geometry":{"type":"Polygon","coordinates":[[[-97.7395863,30.283958],[-97.7395894,30.2839565],[-97.7395881,30.2839544],[-97.7395849,30.283956],[-97.7395863,30.283958]]]},"properties":{"k":"artpart","name":"Littlefield Fountain","m":"bronze","b":3.03,"h":3.32}},{"type":"Feature","geometry":{"type":"Polygon","coordinates":[[[-97.7395873,30.2839575],[-97.7395905,30.2839559],[-97.7395892,30.2839539],[-97.739586,30.2839555],[-97.7395873,30.2839575]]]},"properties":{"k":"artpart","name":"Littlefield Fountain","m":"bronze","b":3.09,"h":3.38}},{"type":"Feature","geometry":{"type":"Polygon","coordinates":[[[-97.7395884,30.283957],[-97.7395916,30.2839554],[-97.7395902,30.2839534],[-97.739587,30.283955],[-97.7395884,30.283957]]]},"properties":{"k":"artpart","name":"Littlefield Fountain","m":"bronze","b":3.15,"h":3.44}},{"type":"Feature","geometry":{"type":"Polygon","coordinates":[[[-97.7395894,30.2839565],[-97.7395926,30.2839549],[-97.7395913,30.2839529],[-97.7395881,30.2839544],[-97.7395894,30.2839565]]]},"properties":{"k":"artpart","name":"Littlefield Fountain","m":"bronze","b":3.2,"h":3.49}},{"type":"Feature","geometry":{"type":"Polygon","coordinates":[[[-97.7395905,30.2839559],[-97.7395937,30.2839544],[-97.7395923,30.2839524],[-97.7395892,30.2839539],[-97.7395905,30.2839559]]]},"properties":{"k":"artpart","name":"Littlefield Fountain","m":"bronze","b":3.26,"h":3.55}},{"type":"Feature","geometry":{"type":"Polygon","coordinates":[[[-97.7396384,30.2839656],[-97.7396408,30.2839705],[-97.7396465,30.2839726],[-97.7396522,30.2839705],[-97.7396546,30.2839656],[-97.7396522,30.2839606],[-97.7396465,30.2839586],[-97.7396408,30.2839606],[-97.7396384,30.2839656]]]},"properties":{"k":"artpart","name":"Littlefield Fountain","m":"bronze","b":0.0,"h":1.28}},{"type":"Feature","geometry":{"type":"Polygon","coordinates":[[[-97.7396498,30.2839634],[-97.7396432,30.2839634],[-97.7396432,30.2839678],[-97.7396498,30.2839678],[-97.7396498,30.2839634]]]},"properties":{"k":"artpart","name":"Littlefield Fountain","m":"bronze","b":1.28,"h":2.41}},{"type":"Feature","geometry":{"type":"Polygon","coordinates":[[[-97.7396503,30.2839631],[-97.7396427,30.2839631],[-97.7396427,30.2839681],[-97.7396503,30.2839681],[-97.7396503,30.2839631]]]},"properties":{"k":"artpart","name":"Littlefield Fountain","m":"bronze","b":2.41,"h":2.65}},{"type":"Feature","geometry":{"type":"Polygon","coordinates":[[[-97.7396507,30.2839629],[-97.7396423,30.2839629],[-97.7396423,30.2839682],[-97.7396507,30.2839682],[-97.7396507,30.2839629]]]},"properties":{"k":"artpart","name":"Littlefield Fountain","m":"bronze","b":2.65,"h":3.24}},{"type":"Feature","geometry":{"type":"Polygon","coordinates":[[[-97.7396518,30.2839631],[-97.7396412,30.2839631],[-97.7396412,30.2839681],[-97.7396518,30.2839681],[-97.7396518,30.2839631]]]},"properties":{"k":"artpart","name":"Littlefield Fountain","m":"bronze","b":3.24,"h":3.39}},{"type":"Feature","geometry":{"type":"Polygon","coordinates":[[[-97.7396434,30.2839656],[-97.7396443,30.2839674],[-97.7396465,30.2839682],[-97.7396487,30.2839674],[-97.7396496,30.2839656],[-97.7396487,30.2839637],[-97.7396465,30.2839629],[-97.7396443,30.2839637],[-97.7396434,30.2839656]]]},"properties":{"k":"artpart","name":"Littlefield Fountain","m":"bronze","b":3.44,"h":3.73}},{"type":"Feature","geometry":{"type":"Polygon","coordinates":[[[-97.7396483,30.2839654],[-97.7396456,30.2839633],[-97.7396438,30.2839651],[-97.7396465,30.2839671],[-97.7396483,30.2839654]]]},"properties":{"k":"artpart","name":"Littlefield Fountain","m":"bronze","b":2.68,"h":2.97}},{"type":"Feature","geometry":{"type":"Polygon","coordinates":[[[-97.7396474,30.2839647],[-97.7396447,30.2839626],[-97.7396429,30.2839644],[-97.7396456,30.2839664],[-97.7396474,30.2839647]]]},"properties":{"k":"artpart","name":"Littlefield Fountain","m":"bronze","b":2.74,"h":3.03}},{"type":"Feature","geometry":{"type":"Polygon","coordinates":[[[-97.7396465,30.283964],[-97.7396437,30.2839619],[-97.739642,30.2839637],[-97.7396447,30.2839658],[-97.7396465,30.283964]]]},"properties":{"k":"artpart","name":"Littlefield Fountain","m":"bronze","b":2.8,"h":3.09}},{"type":"Feature","geometry":{"type":"Polygon","coordinates":[[[-97.7396456,30.2839633],[-97.7396428,30.2839612],[-97.739641,30.283963],[-97.7396438,30.2839651],[-97.7396456,30.2839633]]]},"properties":{"k":"artpart","name":"Littlefield Fountain","m":"bronze","b":2.86,"h":3.15}},{"type":"Feature","geometry":{"type":"Polygon","coordinates":[[[-97.7396447,30.2839626],[-97.7396419,30.2839605],[-97.7396401,30.2839623],[-97.7396429,30.2839644],[-97.7396447,30.2839626]]]},"properties":{"k":"artpart","name":"Littlefield Fountain","m":"bronze","b":2.91,"h":3.2}},{"type":"Feature","geometry":{"type":"Polygon","coordinates":[[[-97.7396437,30.2839619],[-97.739641,30.2839598],[-97.7396392,30.2839616],[-97.7396419,30.2839637],[-97.7396437,30.2839619]]]},"properties":{"k":"artpart","name":"Littlefield Fountain","m":"bronze","b":2.97,"h":3.26}},{"type":"Feature","geometry":{"type":"Polygon","coordinates":[[[-97.7396428,30.2839612],[-97.7396401,30.2839591],[-97.7396383,30.2839609],[-97.739641,30.283963],[-97.7396428,30.2839612]]]},"properties":{"k":"artpart","name":"Littlefield Fountain","m":"bronze","b":3.03,"h":3.32}},{"type":"Feature","geometry":{"type":"Polygon","coordinates":[[[-97.7396419,30.2839605],[-97.7396392,30.2839584],[-97.7396374,30.2839602],[-97.7396401,30.2839623],[-97.7396419,30.2839605]]]},"properties":{"k":"artpart","name":"Littlefield Fountain","m":"bronze","b":3.09,"h":3.38}},{"type":"Feature","geometry":{"type":"Polygon","coordinates":[[[-97.739641,30.2839598],[-97.7396383,30.2839577],[-97.7396365,30.2839595],[-97.7396392,30.2839616],[-97.739641,30.2839598]]]},"properties":{"k":"artpart","name":"Littlefield Fountain","m":"bronze","b":3.15,"h":3.44}},{"type":"Feature","geometry":{"type":"Polygon","coordinates":[[[-97.7396401,30.2839591],[-97.7396373,30.283957],[-97.7396356,30.2839588],[-97.7396383,30.2839609],[-97.7396401,30.2839591]]]},"properties":{"k":"artpart","name":"Littlefield Fountain","m":"bronze","b":3.2,"h":3.49}},{"type":"Feature","geometry":{"type":"Polygon","coordinates":[[[-97.7396392,30.2839584],[-97.7396364,30.2839563],[-97.7396346,30.2839581],[-97.7396374,30.2839602],[-97.7396392,30.2839584]]]},"properties":{"k":"artpart","name":"Littlefield Fountain","m":"bronze","b":3.26,"h":3.55}},{"type":"Feature","geometry":{"type":"Polygon","coordinates":[[[-97.7347443,30.2864774],[-97.7347482,30.28649],[-97.7347588,30.2864992],[-97.7347734,30.2865026],[-97.734788,30.2864992],[-97.7347986,30.28649],[-97.7348025,30.2864774],[-97.7347986,30.2864648],[-97.734788,30.2864556],[-97.7347734,30.2864523],[-97.7347588,30.2864556],[-97.7347482,30.2864648],[-97.7347443,30.2864774]]]},"properties":{"k":"artpart","name":"Cooling Tower 1","m":"bronzed","b":11.6,"h":15.2}},{"type":"Feature","geometry":{"type":"Polygon","coordinates":[[[-97.7347507,30.2864774],[-97.7347537,30.2864872],[-97.734762,30.2864944],[-97.7347734,30.286497],[-97.7347848,30.2864944],[-97.7347931,30.2864872],[-97.7347961,30.2864774],[-97.7347931,30.2864676],[-97.7347848,30.2864604],[-97.7347734,30.2864578],[-97.734762,30.2864604],[-97.7347537,30.2864676],[-97.7347507,30.2864774]]]},"properties":{"k":"artpart","name":"Cooling Tower 1","m":"alum","b":15.2,"h":15.7}},{"type":"Feature","geometry":{"type":"Polygon","coordinates":[[[-97.7347312,30.2866074],[-97.7347351,30.28662],[-97.7347458,30.2866292],[-97.7347603,30.2866326],[-97.7347749,30.2866292],[-97.7347856,30.28662],[-97.7347895,30.2866074],[-97.7347856,30.2865948],[-97.7347749,30.2865856],[-97.7347603,30.2865822],[-97.7347458,30.2865856],[-97.7347351,30.2865948],[-97.7347312,30.2866074]]]},"properties":{"k":"artpart","name":"Cooling Tower 1","m":"bronzed","b":11.6,"h":15.2}},{"type":"Feature","geometry":{"type":"Polygon","coordinates":[[[-97.7347376,30.2866074],[-97.7347406,30.2866172],[-97.734749,30.2866244],[-97.7347603,30.286627],[-97.7347717,30.2866244],[-97.73478,30.2866172],[-97.734783,30.2866074],[-97.73478,30.2865976],[-97.7347717,30.2865904],[-97.7347603,30.2865878],[-97.734749,30.2865904],[-97.7347406,30.2865976],[-97.7347376,30.2866074]]]},"properties":{"k":"artpart","name":"Cooling Tower 1","m":"alum","b":15.2,"h":15.7}},{"type":"Feature","geometry":{"type":"Polygon","coordinates":[[[-97.7347181,30.2867374],[-97.734722,30.28675],[-97.7347327,30.2867592],[-97.7347472,30.2867625],[-97.7347618,30.2867592],[-97.7347725,30.28675],[-97.7347764,30.2867374],[-97.7347725,30.2867248],[-97.7347618,30.2867156],[-97.7347472,30.2867122],[-97.7347327,30.2867156],[-97.734722,30.2867248],[-97.7347181,30.2867374]]]},"properties":{"k":"artpart","name":"Cooling Tower 1","m":"bronzed","b":11.6,"h":15.2}},{"type":"Feature","geometry":{"type":"Polygon","coordinates":[[[-97.7347245,30.2867374],[-97.7347276,30.2867472],[-97.7347359,30.2867544],[-97.7347472,30.286757],[-97.7347586,30.2867544],[-97.7347669,30.2867472],[-97.73477,30.2867374],[-97.7347669,30.2867276],[-97.7347586,30.2867204],[-97.7347472,30.2867178],[-97.7347359,30.2867204],[-97.7347276,30.2867276],[-97.7347245,30.2867374]]]},"properties":{"k":"artpart","name":"Cooling Tower 1","m":"alum","b":15.2,"h":15.7}},{"type":"Feature","geometry":{"type":"Polygon","coordinates":[[[-97.7348476,30.2863621],[-97.7347973,30.286862],[-97.7348015,30.2868623],[-97.7348518,30.2863624],[-97.7348476,30.2863621]]]},"properties":{"k":"artpart","name":"Cooling Tower 1","m":"steel","b":11.6,"h":12.7}},{"type":"Feature","geometry":{"type":"Polygon","coordinates":[[[-97.7346692,30.2868488],[-97.7346689,30.2868524],[-97.7348015,30.2868623],[-97.7348018,30.2868588],[-97.7346692,30.2868488]]]},"properties":{"k":"artpart","name":"Cooling Tower 1","m":"steel","b":11.6,"h":12.7}},{"type":"Feature","geometry":{"type":"Polygon","coordinates":[[[-97.7347192,30.2863525],[-97.7346689,30.2868524],[-97.734673,30.2868527],[-97.7347233,30.2863528],[-97.7347192,30.2863525]]]},"properties":{"k":"artpart","name":"Cooling Tower 1","m":"steel","b":11.6,"h":12.7}},{"type":"Feature","geometry":{"type":"Polygon","coordinates":[[[-97.7347192,30.2863525],[-97.7347188,30.286356],[-97.7348514,30.286366],[-97.7348518,30.2863624],[-97.7347192,30.2863525]]]},"properties":{"k":"artpart","name":"Cooling Tower 1","m":"steel","b":11.6,"h":12.7}},{"type":"Feature","geometry":{"type":"Polygon","coordinates":[[[-97.7343806,30.2864853],[-97.7343847,30.2864987],[-97.7343962,30.2865086],[-97.7344118,30.2865122],[-97.7344274,30.2865086],[-97.7344388,30.2864987],[-97.734443,30.2864853],[-97.7344388,30.2864718],[-97.7344274,30.2864619],[-97.7344118,30.2864583],[-97.7343962,30.2864619],[-97.7343847,30.2864718],[-97.7343806,30.2864853]]]},"properties":{"k":"artpart","name":"UTM Cooling Tower 2","m":"bronzed","b":16.0,"h":20.0}},{"type":"Feature","geometry":{"type":"Polygon","coordinates":[[[-97.7343874,30.2864853],[-97.7343907,30.2864958],[-97.7343996,30.2865035],[-97.7344118,30.2865063],[-97.7344239,30.2865035],[-97.7344329,30.2864958],[-97.7344361,30.2864853],[-97.7344329,30.2864748],[-97.7344239,30.2864671],[-97.7344118,30.2864642],[-97.7343996,30.2864671],[-97.7343907,30.2864748],[-97.7343874,30.2864853]]]},"properties":{"k":"artpart","name":"UTM Cooling Tower 2","m":"alum","b":20.0,"h":20.5}},{"type":"Feature","geometry":{"type":"Polygon","coordinates":[[[-97.7343935,30.2863569],[-97.7343977,30.2863704],[-97.7344091,30.2863803],[-97.7344247,30.2863839],[-97.7344403,30.2863803],[-97.7344517,30.2863704],[-97.7344559,30.2863569],[-97.7344517,30.2863435],[-97.7344403,30.2863336],[-97.7344247,30.28633],[-97.7344091,30.2863336],[-97.7343977,30.2863435],[-97.7343935,30.2863569]]]},"properties":{"k":"artpart","name":"UTM Cooling Tower 2","m":"bronzed","b":16.0,"h":20.0}},{"type":"Feature","geometry":{"type":"Polygon","coordinates":[[[-97.7344003,30.2863569],[-97.7344036,30.2863674],[-97.7344125,30.2863751],[-97.7344247,30.286378],[-97.7344369,30.2863751],[-97.7344458,30.2863674],[-97.734449,30.2863569],[-97.7344458,30.2863464],[-97.7344369,30.2863387],[-97.7344247,30.2863359],[-97.7344125,30.2863387],[-97.7344036,30.2863464],[-97.7344003,30.2863569]]]},"properties":{"k":"artpart","name":"UTM Cooling Tower 2","m":"alum","b":20.0,"h":20.5}},{"type":"Feature","geometry":{"type":"Polygon","coordinates":[[[-97.7343495,30.2865817],[-97.7343826,30.2862527],[-97.7343784,30.2862523],[-97.7343453,30.2865814],[-97.7343495,30.2865817]]]},"properties":{"k":"artpart","name":"UTM Cooling Tower 2","m":"steel","b":16.0,"h":17.1}},{"type":"Feature","geometry":{"type":"Polygon","coordinates":[[[-97.7344908,30.2862644],[-97.7344911,30.2862608],[-97.7343784,30.2862523],[-97.7343781,30.2862559],[-97.7344908,30.2862644]]]},"properties":{"k":"artpart","name":"UTM Cooling Tower 2","m":"steel","b":16.0,"h":17.1}},{"type":"Feature","geometry":{"type":"Polygon","coordinates":[[[-97.734458,30.2865899],[-97.7344911,30.2862608],[-97.734487,30.2862605],[-97.7344539,30.2865895],[-97.734458,30.2865899]]]},"properties":{"k":"artpart","name":"UTM Cooling Tower 2","m":"steel","b":16.0,"h":17.1}},{"type":"Feature","geometry":{"type":"Polygon","coordinates":[[[-97.734458,30.2865899],[-97.7344584,30.2865863],[-97.7343457,30.2865778],[-97.7343453,30.2865814],[-97.734458,30.2865899]]]},"properties":{"k":"artpart","name":"UTM Cooling Tower 2","m":"steel","b":16.0,"h":17.1}},{"type":"Feature","geometry":{"type":"Polygon","coordinates":[[[-97.7345846,30.2866],[-97.7345894,30.2866153],[-97.7346023,30.2866265],[-97.73462,30.2866305],[-97.7346377,30.2866265],[-97.7346506,30.2866153],[-97.7346554,30.2866],[-97.7346506,30.2865847],[-97.7346377,30.2865735],[-97.73462,30.2865695],[-97.7346023,30.2865735],[-97.7345894,30.2865847],[-97.7345846,30.2866]]]},"properties":{"k":"artpart","name":"Chilled Water Plant","m":"alum","b":0.0,"h":7.5}},{"type":"Feature","geometry":{"type":"Polygon","coordinates":[[[-97.7345825,30.2866],[-97.7345875,30.2866162],[-97.7346013,30.286628],[-97.73462,30.2866324],[-97.7346387,30.286628],[-97.7346525,30.2866162],[-97.7346575,30.2866],[-97.7346525,30.2865838],[-97.7346387,30.286572],[-97.73462,30.2865676],[-97.7346013,30.286572],[-97.7345875,30.2865838],[-97.7345825,30.2866]]]},"properties":{"k":"artpart","name":"Chilled Water Plant","m":"granite","b":0.0,"h":0.5}},{"type":"Feature","geometry":{"type":"Polygon","coordinates":[[[-97.7346005,30.2866],[-97.7346043,30.2866099],[-97.734614,30.286616],[-97.734626,30.286616],[-97.7346357,30.2866099],[-97.7346395,30.2866],[-97.7346357,30.2865901],[-97.734626,30.286584],[-97.734614,30.286584],[-97.7346043,30.2865901],[-97.7346005,30.2866]]]},"properties":{"k":"artpart","name":"Chilled Water Plant","m":"steel","b":7.5,"h":8.1}},{"type":"Feature","geometry":{"type":"Polygon","coordinates":[[[-97.734453,30.28653],[-97.7344566,30.2865417],[-97.7344665,30.2865502],[-97.73448,30.2865534],[-97.7344935,30.2865502],[-97.7345034,30.2865417],[-97.734507,30.28653],[-97.7345034,30.2865183],[-97.7344935,30.2865098],[-97.73448,30.2865066],[-97.7344665,30.2865098],[-97.7344566,30.2865183],[-97.734453,30.28653]]]},"properties":{"k":"artpart","name":"Chilled Water Plant","m":"alum","b":0.0,"h":6.0}},{"type":"Feature","geometry":{"type":"Polygon","coordinates":[[[-97.7344513,30.28653],[-97.7344552,30.2865424],[-97.7344657,30.2865514],[-97.73448,30.2865548],[-97.7344943,30.2865514],[-97.7345048,30.2865424],[-97.7345087,30.28653],[-97.7345048,30.2865176],[-97.7344943,30.2865086],[-97.73448,30.2865052],[-97.7344657,30.2865086],[-97.7344552,30.2865176],[-97.7344513,30.28653]]]},"properties":{"k":"artpart","name":"Chilled Water Plant","m":"granite","b":0.0,"h":0.5}},{"type":"Feature","geometry":{"type":"Polygon","coordinates":[[[-97.7344651,30.28653],[-97.734468,30.2865376],[-97.7344754,30.2865422],[-97.7344846,30.2865422],[-97.734492,30.2865376],[-97.7344949,30.28653],[-97.734492,30.2865224],[-97.7344846,30.2865178],[-97.7344754,30.2865178],[-97.734468,30.2865224],[-97.7344651,30.28653]]]},"properties":{"k":"artpart","name":"Chilled Water Plant","m":"steel","b":6.0,"h":6.6}},{"type":"Feature","geometry":{"type":"Polygon","coordinates":[[[-97.7347171,30.28648],[-97.7347202,30.2864899],[-97.7347286,30.2864971],[-97.73474,30.2864998],[-97.7347514,30.2864971],[-97.7347598,30.2864899],[-97.7347629,30.28648],[-97.7347598,30.2864701],[-97.7347514,30.2864629],[-97.73474,30.2864602],[-97.7347286,30.2864629],[-97.7347202,30.2864701],[-97.7347171,30.28648]]]},"properties":{"k":"artpart","name":"Chilled Water Plant","m":"alum","b":0.0,"h":5.2}},{"type":"Feature","geometry":{"type":"Polygon","coordinates":[[[-97.7347157,30.28648],[-97.734719,30.2864905],[-97.7347279,30.2864981],[-97.73474,30.2865009],[-97.7347521,30.2864981],[-97.734761,30.2864905],[-97.7347643,30.28648],[-97.734761,30.2864695],[-97.7347521,30.2864619],[-97.73474,30.2864591],[-97.7347279,30.2864619],[-97.734719,30.2864695],[-97.7347157,30.28648]]]},"properties":{"k":"artpart","name":"Chilled Water Plant","m":"granite","b":0.0,"h":0.5}},{"type":"Feature","geometry":{"type":"Polygon","coordinates":[[[-97.7347274,30.28648],[-97.7347298,30.2864864],[-97.7347361,30.2864903],[-97.7347439,30.2864903],[-97.7347502,30.2864864],[-97.7347526,30.28648],[-97.7347502,30.2864736],[-97.7347439,30.2864697],[-97.7347361,30.2864697],[-97.7347298,30.2864736],[-97.7347274,30.28648]]]},"properties":{"k":"artpart","name":"Chilled Water Plant","m":"steel","b":5.2,"h":5.8}},{"type":"Feature","geometry":{"type":"Polygon","coordinates":[[[-97.7346237,30.286599],[-97.7345912,30.2865827],[-97.7345883,30.286587],[-97.7346208,30.2866033],[-97.7346237,30.286599]]]},"properties":{"k":"artpart","name":"Chilled Water Plant","m":"steel","b":4.38,"h":4.93}},{"type":"Feature","geometry":{"type":"Polygon","coordinates":[[[-97.7345957,30.286585],[-97.7345632,30.2865687],[-97.7345603,30.286573],[-97.7345928,30.2865893],[-97.7345957,30.286585]]]},"properties":{"k":"artpart","name":"Chilled Water Plant","m":"steel","b":4.49,"h":5.04}},{"type":"Feature","geometry":{"type":"Polygon","coordinates":[[[-97.7345677,30.286571],[-97.7345352,30.2865547],[-97.7345323,30.286559],[-97.7345648,30.2865753],[-97.7345677,30.286571]]]},"properties":{"k":"artpart","name":"Chilled Water Plant","m":"steel","b":4.6,"h":5.15}},{"type":"Feature","geometry":{"type":"Polygon","coordinates":[[[-97.7345397,30.286557],[-97.7345072,30.2865407],[-97.7345043,30.286545],[-97.7345368,30.2865613],[-97.7345397,30.286557]]]},"properties":{"k":"artpart","name":"Chilled Water Plant","m":"steel","b":4.71,"h":5.26}},{"type":"Feature","geometry":{"type":"Polygon","coordinates":[[[-97.7345117,30.286543],[-97.7344792,30.2865267],[-97.7344763,30.286531],[-97.7345088,30.2865473],[-97.7345117,30.286543]]]},"properties":{"k":"artpart","name":"Chilled Water Plant","m":"steel","b":4.82,"h":5.37}},{"type":"Feature","geometry":{"type":"Polygon","coordinates":[[[-97.7344781,30.2865329],[-97.7345351,30.2865219],[-97.7345339,30.2865171],[-97.7344769,30.2865281],[-97.7344781,30.2865329]]]},"properties":{"k":"artpart","name":"Chilled Water Plant","m":"steel","b":4.38,"h":4.93}},{"type":"Feature","geometry":{"type":"Polygon","coordinates":[[[-97.7345301,30.2865229],[-97.7345871,30.2865119],[-97.7345859,30.2865071],[-97.7345289,30.2865181],[-97.7345301,30.2865229]]]},"properties":{"k":"artpart","name":"Chilled Water Plant","m":"steel","b":4.49,"h":5.04}},{"type":"Feature","geometry":{"type":"Polygon","coordinates":[[[-97.7345821,30.2865129],[-97.7346391,30.2865019],[-97.7346379,30.2864971],[-97.7345809,30.2865081],[-97.7345821,30.2865129]]]},"properties":{"k":"artpart","name":"Chilled Water Plant","m":"steel","b":4.6,"h":5.15}},{"type":"Feature","geometry":{"type":"Polygon","coordinates":[[[-97.7346341,30.2865029],[-97.7346911,30.2864919],[-97.7346899,30.2864871],[-97.7346329,30.2864981],[-97.7346341,30.2865029]]]},"properties":{"k":"artpart","name":"Chilled Water Plant","m":"steel","b":4.71,"h":5.26}},{"type":"Feature","geometry":{"type":"Polygon","coordinates":[[[-97.7346861,30.2864929],[-97.7347431,30.2864819],[-97.7347419,30.2864771],[-97.7346849,30.2864881],[-97.7346861,30.2864929]]]},"properties":{"k":"artpart","name":"Chilled Water Plant","m":"steel","b":4.82,"h":5.37}},{"type":"Feature","geometry":{"type":"Polygon","coordinates":[[[-97.7355462,30.2813924],[-97.7355664,30.281202],[-97.7355627,30.2812017],[-97.7355425,30.2813922],[-97.7355462,30.2813924]]]},"properties":{"k":"artpart","name":"Caven-Clark Courts","m":"white","b":0.06,"h":0.16}},{"type":"Feature","geometry":{"type":"Polygon","coordinates":[[[-97.735702,30.2812143],[-97.7357023,30.2812111],[-97.7355647,30.2812002],[-97.7355644,30.2812034],[-97.735702,30.2812143]]]},"properties":{"k":"artpart","name":"Caven-Clark Courts","m":"white","b":0.06,"h":0.16}},{"type":"Feature","geometry":{"type":"Polygon","coordinates":[[[-97.7356838,30.2814033],[-97.735704,30.2812128],[-97.7357003,30.2812126],[-97.7356801,30.281403],[-97.7356838,30.2814033]]]},"properties":{"k":"artpart","name":"Caven-Clark Courts","m":"white","b":0.06,"h":0.16}},{"type":"Feature","geometry":{"type":"Polygon","coordinates":[[[-97.7356818,30.2814048],[-97.7356821,30.2814016],[-97.7355445,30.2813907],[-97.7355442,30.2813939],[-97.7356818,30.2814048]]]},"properties":{"k":"artpart","name":"Caven-Clark Courts","m":"white","b":0.06,"h":0.16}},{"type":"Feature","geometry":{"type":"Polygon","coordinates":[[[-97.7356919,30.2813095],[-97.7356922,30.2813064],[-97.7355546,30.2812955],[-97.7355543,30.2812986],[-97.7356919,30.2813095]]]},"properties":{"k":"artpart","name":"Caven-Clark Courts","m":"white","b":0.06,"h":0.16}},{"type":"Feature","geometry":{"type":"Polygon","coordinates":[[[-97.7356254,30.2812824],[-97.7356083,30.281287],[-97.7356094,30.28129],[-97.7356264,30.2812854],[-97.7356254,30.2812824]]]},"properties":{"k":"artpart","name":"Caven-Clark Courts","m":"white","b":0.06,"h":0.16}},{"type":"Feature","geometry":{"type":"Polygon","coordinates":[[[-97.7356083,30.281287],[-97.7356,30.2813006],[-97.7356032,30.2813021],[-97.7356115,30.2812885],[-97.7356083,30.281287]]]},"properties":{"k":"artpart","name":"Caven-Clark Courts","m":"white","b":0.06,"h":0.16}},{"type":"Feature","geometry":{"type":"Polygon","coordinates":[[[-97.7356,30.2813007],[-97.7356053,30.2813154],[-97.7356088,30.2813145],[-97.7356035,30.2812997],[-97.7356,30.2813007]]]},"properties":{"k":"artpart","name":"Caven-Clark Courts","m":"white","b":0.06,"h":0.16}},{"type":"Feature","geometry":{"type":"Polygon","coordinates":[[[-97.7356053,30.2813154],[-97.7356211,30.2813226],[-97.7356228,30.2813198],[-97.735607,30.2813126],[-97.7356053,30.2813154]]]},"properties":{"k":"artpart","name":"Caven-Clark Courts","m":"white","b":0.06,"h":0.16}},{"type":"Feature","geometry":{"type":"Polygon","coordinates":[[[-97.7356211,30.2813226],[-97.7356382,30.281318],[-97.7356371,30.281315],[-97.7356201,30.2813196],[-97.7356211,30.2813226]]]},"properties":{"k":"artpart","name":"Caven-Clark Courts","m":"white","b":0.06,"h":0.16}},{"type":"Feature","geometry":{"type":"Polygon","coordinates":[[[-97.7356382,30.281318],[-97.7356465,30.2813044],[-97.7356433,30.2813029],[-97.735635,30.2813165],[-97.7356382,30.281318]]]},"properties":{"k":"artpart","name":"Caven-Clark Courts","m":"white","b":0.06,"h":0.16}},{"type":"Feature","geometry":{"type":"Polygon","coordinates":[[[-97.7356465,30.2813043],[-97.7356412,30.2812896],[-97.7356377,30.2812905],[-97.735643,30.2813053],[-97.7356465,30.2813043]]]},"properties":{"k":"artpart","name":"Caven-Clark Courts","m":"white","b":0.06,"h":0.16}},{"type":"Feature","geometry":{"type":"Polygon","coordinates":[[[-97.7356412,30.2812896],[-97.7356254,30.2812824],[-97.7356237,30.2812852],[-97.7356395,30.2812924],[-97.7356412,30.2812896]]]},"properties":{"k":"artpart","name":"Caven-Clark Courts","m":"white","b":0.06,"h":0.16}},{"type":"Feature","geometry":{"type":"Polygon","coordinates":[[[-97.7356047,30.281253],[-97.7356098,30.2812054],[-97.7356062,30.2812051],[-97.7356011,30.2812527],[-97.7356047,30.281253]]]},"properties":{"k":"artpart","name":"Caven-Clark Courts","m":"white","b":0.06,"h":0.16}},{"type":"Feature","geometry":{"type":"Polygon","coordinates":[[[-97.7356555,30.281257],[-97.7356605,30.2812094],[-97.7356569,30.2812091],[-97.7356519,30.2812567],[-97.7356555,30.281257]]]},"properties":{"k":"artpart","name":"Caven-Clark Courts","m":"white","b":0.06,"h":0.16}},{"type":"Feature","geometry":{"type":"Polygon","coordinates":[[[-97.7356535,30.2812584],[-97.7356538,30.2812553],[-97.7356031,30.2812513],[-97.7356028,30.2812544],[-97.7356535,30.2812584]]]},"properties":{"k":"artpart","name":"Caven-Clark Courts","m":"white","b":0.06,"h":0.16}},{"type":"Feature","geometry":{"type":"Polygon","coordinates":[[[-97.7355896,30.2813959],[-97.7355946,30.2813483],[-97.735591,30.281348],[-97.735586,30.2813956],[-97.7355896,30.2813959]]]},"properties":{"k":"artpart","name":"Caven-Clark Courts","m":"white","b":0.06,"h":0.16}},{"type":"Feature","geometry":{"type":"Polygon","coordinates":[[[-97.7356403,30.2813999],[-97.7356454,30.2813523],[-97.7356418,30.281352],[-97.7356367,30.2813996],[-97.7356403,30.2813999]]]},"properties":{"k":"artpart","name":"Caven-Clark Courts","m":"white","b":0.06,"h":0.16}},{"type":"Feature","geometry":{"type":"Polygon","coordinates":[[[-97.7356434,30.2813537],[-97.7356437,30.2813506],[-97.735593,30.2813466],[-97.7355927,30.2813497],[-97.7356434,30.2813537]]]},"properties":{"k":"artpart","name":"Caven-Clark Courts","m":"white","b":0.06,"h":0.16}},{"type":"Feature","geometry":{"type":"Polygon","coordinates":[[[-97.735636,30.2811966],[-97.7356363,30.281194],[-97.7356332,30.2811937],[-97.7356329,30.2811964],[-97.735636,30.2811966]]]},"properties":{"k":"artpart","name":"Caven-Clark Courts","m":"steel","b":0.0,"h":4.05}},{"type":"Feature","geometry":{"type":"Polygon","coordinates":[[[-97.7356427,30.2812078],[-97.7356428,30.2812064],[-97.7356242,30.2812049],[-97.735624,30.2812063],[-97.7356427,30.2812078]]]},"properties":{"k":"artpart","name":"Caven-Clark Courts","m":"white","b":2.9,"h":4.0}},{"type":"Feature","geometry":{"type":"Polygon","coordinates":[[[-97.7356286,30.2812108],[-97.7356299,30.2812135],[-97.735633,30.2812146],[-97.7356361,30.2812135],[-97.7356373,30.2812108],[-97.7356361,30.2812082],[-97.735633,30.2812071],[-97.7356299,30.2812082],[-97.7356286,30.2812108]]]},"properties":{"k":"artpart","name":"Caven-Clark Courts","m":"gorange","b":3.05,"h":3.17}},{"type":"Feature","geometry":{"type":"Polygon","coordinates":[[[-97.7356133,30.2814113],[-97.7356136,30.2814086],[-97.7356105,30.2814084],[-97.7356102,30.281411],[-97.7356133,30.2814113]]]},"properties":{"k":"artpart","name":"Caven-Clark Courts","m":"steel","b":0.0,"h":4.05}},{"type":"Feature","geometry":{"type":"Polygon","coordinates":[[[-97.7356223,30.2814001],[-97.7356225,30.2813987],[-97.7356038,30.2813972],[-97.7356037,30.2813986],[-97.7356223,30.2814001]]]},"properties":{"k":"artpart","name":"Caven-Clark Courts","m":"white","b":2.9,"h":4.0}},{"type":"Feature","geometry":{"type":"Polygon","coordinates":[[[-97.7356092,30.2813942],[-97.7356104,30.2813968],[-97.7356135,30.2813979],[-97.7356166,30.2813968],[-97.7356179,30.2813942],[-97.7356166,30.2813915],[-97.7356135,30.2813904],[-97.7356104,30.2813915],[-97.7356092,30.2813942]]]},"properties":{"k":"artpart","name":"Caven-Clark Courts","m":"gorange","b":3.05,"h":3.17}},{"type":"Feature","geometry":{"type":"Polygon","coordinates":[[[-97.7355482,30.2812976],[-97.7355484,30.2812956],[-97.7355462,30.2812954],[-97.7355459,30.2812974],[-97.7355482,30.2812976]]]},"properties":{"k":"artpart","name":"Caven-Clark Courts","m":"steel","b":0.0,"h":2.45}},{"type":"Feature","geometry":{"type":"Polygon","coordinates":[[[-97.7357003,30.2813096],[-97.7357006,30.2813076],[-97.7356983,30.2813074],[-97.7356981,30.2813094],[-97.7357003,30.2813096]]]},"properties":{"k":"artpart","name":"Caven-Clark Courts","m":"steel","b":0.0,"h":2.45}},{"type":"Feature","geometry":{"type":"Polygon","coordinates":[[[-97.7356993,30.281309],[-97.7356994,30.2813081],[-97.7355472,30.281296],[-97.7355471,30.2812969],[-97.7356993,30.281309]]]},"properties":{"k":"artpart","name":"Caven-Clark Courts","m":"steel","b":1.4,"h":2.45}},{"type":"Feature","geometry":{"type":"Polygon","coordinates":[[[-97.7355111,30.2811985],[-97.7354919,30.2813886],[-97.7354955,30.2813888],[-97.7355147,30.2811988],[-97.7355111,30.2811985]]]},"properties":{"k":"artpart","name":"Caven-Clark Courts","m":"white","b":0.06,"h":0.16}},{"type":"Feature","geometry":{"type":"Polygon","coordinates":[[[-97.7353562,30.2813768],[-97.7353559,30.2813799],[-97.7354936,30.2813903],[-97.7354939,30.2813871],[-97.7353562,30.2813768]]]},"properties":{"k":"artpart","name":"Caven-Clark Courts","m":"white","b":0.06,"h":0.16}},{"type":"Feature","geometry":{"type":"Polygon","coordinates":[[[-97.7353735,30.2811882],[-97.7353543,30.2813782],[-97.7353579,30.2813785],[-97.7353771,30.2811884],[-97.7353735,30.2811882]]]},"properties":{"k":"artpart","name":"Caven-Clark Courts","m":"white","b":0.06,"h":0.16}},{"type":"Feature","geometry":{"type":"Polygon","coordinates":[[[-97.7353754,30.2811867],[-97.7353751,30.2811899],[-97.7355128,30.2812002],[-97.7355131,30.2811971],[-97.7353754,30.2811867]]]},"properties":{"k":"artpart","name":"Caven-Clark Courts","m":"white","b":0.06,"h":0.16}},{"type":"Feature","geometry":{"type":"Polygon","coordinates":[[[-97.7353658,30.2812817],[-97.7353655,30.2812849],[-97.7355032,30.2812953],[-97.7355035,30.2812921],[-97.7353658,30.2812817]]]},"properties":{"k":"artpart","name":"Caven-Clark Courts","m":"white","b":0.06,"h":0.16}},{"type":"Feature","geometry":{"type":"Polygon","coordinates":[[[-97.7354325,30.2813086],[-97.7354495,30.281304],[-97.7354484,30.281301],[-97.7354314,30.2813056],[-97.7354325,30.2813086]]]},"properties":{"k":"artpart","name":"Caven-Clark Courts","m":"white","b":0.06,"h":0.16}},{"type":"Feature","geometry":{"type":"Polygon","coordinates":[[[-97.7354495,30.2813039],[-97.7354578,30.2812903],[-97.7354545,30.2812888],[-97.7354463,30.2813025],[-97.7354495,30.2813039]]]},"properties":{"k":"artpart","name":"Caven-Clark Courts","m":"white","b":0.06,"h":0.16}},{"type":"Feature","geometry":{"type":"Polygon","coordinates":[[[-97.7354578,30.2812902],[-97.7354524,30.2812755],[-97.7354489,30.2812765],[-97.7354543,30.2812912],[-97.7354578,30.2812902]]]},"properties":{"k":"artpart","name":"Caven-Clark Courts","m":"white","b":0.06,"h":0.16}},{"type":"Feature","geometry":{"type":"Polygon","coordinates":[[[-97.7354524,30.2812755],[-97.7354365,30.2812684],[-97.7354349,30.2812712],[-97.7354507,30.2812783],[-97.7354524,30.2812755]]]},"properties":{"k":"artpart","name":"Caven-Clark Courts","m":"white","b":0.06,"h":0.16}},{"type":"Feature","geometry":{"type":"Polygon","coordinates":[[[-97.7354365,30.2812684],[-97.7354195,30.281273],[-97.7354206,30.281276],[-97.7354376,30.2812714],[-97.7354365,30.2812684]]]},"properties":{"k":"artpart","name":"Caven-Clark Courts","m":"white","b":0.06,"h":0.16}},{"type":"Feature","geometry":{"type":"Polygon","coordinates":[[[-97.7354195,30.2812731],[-97.7354112,30.2812867],[-97.7354145,30.2812882],[-97.7354227,30.2812745],[-97.7354195,30.2812731]]]},"properties":{"k":"artpart","name":"Caven-Clark Courts","m":"white","b":0.06,"h":0.16}},{"type":"Feature","geometry":{"type":"Polygon","coordinates":[[[-97.7354112,30.2812868],[-97.7354166,30.2813015],[-97.7354201,30.2813005],[-97.7354147,30.2812858],[-97.7354112,30.2812868]]]},"properties":{"k":"artpart","name":"Caven-Clark Courts","m":"white","b":0.06,"h":0.16}},{"type":"Feature","geometry":{"type":"Polygon","coordinates":[[[-97.7354166,30.2813015],[-97.7354325,30.2813086],[-97.7354341,30.2813058],[-97.7354183,30.2812987],[-97.7354166,30.2813015]]]},"properties":{"k":"artpart","name":"Caven-Clark Courts","m":"white","b":0.06,"h":0.16}},{"type":"Feature","geometry":{"type":"Polygon","coordinates":[[[-97.7354533,30.2813378],[-97.7354485,30.2813853],[-97.7354521,30.2813856],[-97.7354569,30.2813381],[-97.7354533,30.2813378]]]},"properties":{"k":"artpart","name":"Caven-Clark Courts","m":"white","b":0.06,"h":0.16}},{"type":"Feature","geometry":{"type":"Polygon","coordinates":[[[-97.7354025,30.281334],[-97.7353977,30.2813815],[-97.7354013,30.2813817],[-97.7354061,30.2813342],[-97.7354025,30.281334]]]},"properties":{"k":"artpart","name":"Caven-Clark Courts","m":"white","b":0.06,"h":0.16}},{"type":"Feature","geometry":{"type":"Polygon","coordinates":[[[-97.7354045,30.2813325],[-97.7354042,30.2813357],[-97.7354549,30.2813395],[-97.7354552,30.2813364],[-97.7354045,30.2813325]]]},"properties":{"k":"artpart","name":"Caven-Clark Courts","m":"white","b":0.06,"h":0.16}},{"type":"Feature","geometry":{"type":"Polygon","coordinates":[[[-97.7354677,30.2811953],[-97.7354629,30.2812428],[-97.7354665,30.281243],[-97.7354713,30.2811955],[-97.7354677,30.2811953]]]},"properties":{"k":"artpart","name":"Caven-Clark Courts","m":"white","b":0.06,"h":0.16}},{"type":"Feature","geometry":{"type":"Polygon","coordinates":[[[-97.7354169,30.2811914],[-97.7354121,30.2812389],[-97.7354157,30.2812392],[-97.7354205,30.2811917],[-97.7354169,30.2811914]]]},"properties":{"k":"artpart","name":"Caven-Clark Courts","m":"white","b":0.06,"h":0.16}},{"type":"Feature","geometry":{"type":"Polygon","coordinates":[[[-97.7354141,30.2812375],[-97.7354138,30.2812406],[-97.7354645,30.2812445],[-97.7354648,30.2812413],[-97.7354141,30.2812375]]]},"properties":{"k":"artpart","name":"Caven-Clark Courts","m":"white","b":0.06,"h":0.16}},{"type":"Feature","geometry":{"type":"Polygon","coordinates":[[[-97.7354223,30.2813941],[-97.735422,30.2813968],[-97.7354251,30.281397],[-97.7354254,30.2813944],[-97.7354223,30.2813941]]]},"properties":{"k":"artpart","name":"Caven-Clark Courts","m":"steel","b":0.0,"h":4.05}},{"type":"Feature","geometry":{"type":"Polygon","coordinates":[[[-97.7354156,30.281383],[-97.7354154,30.2813844],[-97.7354341,30.2813858],[-97.7354342,30.2813844],[-97.7354156,30.281383]]]},"properties":{"k":"artpart","name":"Caven-Clark Courts","m":"white","b":2.9,"h":4.0}},{"type":"Feature","geometry":{"type":"Polygon","coordinates":[[[-97.7354209,30.2813799],[-97.7354222,30.2813826],[-97.7354253,30.2813837],[-97.7354284,30.2813826],[-97.7354296,30.2813799],[-97.7354284,30.2813773],[-97.7354253,30.2813762],[-97.7354222,30.2813773],[-97.7354209,30.2813799]]]},"properties":{"k":"artpart","name":"Caven-Clark Courts","m":"gorange","b":3.05,"h":3.17}},{"type":"Feature","geometry":{"type":"Polygon","coordinates":[[[-97.7354439,30.28118],[-97.7354436,30.2811826],[-97.7354467,30.2811829],[-97.735447,30.2811802],[-97.7354439,30.28118]]]},"properties":{"k":"artpart","name":"Caven-Clark Courts","m":"steel","b":0.0,"h":4.05}},{"type":"Feature","geometry":{"type":"Polygon","coordinates":[[[-97.7354349,30.2811912],[-97.7354348,30.2811926],[-97.7354534,30.281194],[-97.7354536,30.2811926],[-97.7354349,30.2811912]]]},"properties":{"k":"artpart","name":"Caven-Clark Courts","m":"white","b":2.9,"h":4.0}},{"type":"Feature","geometry":{"type":"Polygon","coordinates":[[[-97.7354394,30.2811971],[-97.7354406,30.2811997],[-97.7354437,30.2812008],[-97.7354468,30.2811997],[-97.7354481,30.2811971],[-97.7354468,30.2811944],[-97.7354437,30.2811933],[-97.7354406,30.2811944],[-97.7354394,30.2811971]]]},"properties":{"k":"artpart","name":"Caven-Clark Courts","m":"gorange","b":3.05,"h":3.17}},{"type":"Feature","geometry":{"type":"Polygon","coordinates":[[[-97.7355095,30.2812932],[-97.7355093,30.2812951],[-97.7355116,30.2812953],[-97.7355118,30.2812933],[-97.7355095,30.2812932]]]},"properties":{"k":"artpart","name":"Caven-Clark Courts","m":"steel","b":0.0,"h":2.45}},{"type":"Feature","geometry":{"type":"Polygon","coordinates":[[[-97.7353574,30.2812817],[-97.7353572,30.2812837],[-97.7353595,30.2812838],[-97.7353597,30.2812819],[-97.7353574,30.2812817]]]},"properties":{"k":"artpart","name":"Caven-Clark Courts","m":"steel","b":0.0,"h":2.45}},{"type":"Feature","geometry":{"type":"Polygon","coordinates":[[[-97.7353585,30.2812823],[-97.7353584,30.2812832],[-97.7355105,30.2812947],[-97.7355106,30.2812938],[-97.7353585,30.2812823]]]},"properties":{"k":"artpart","name":"Caven-Clark Courts","m":"steel","b":1.4,"h":2.45}},{"type":"Feature","geometry":{"type":"Polygon","coordinates":[[[-97.7355351,30.2809595],[-97.7355159,30.2811496],[-97.7355195,30.2811498],[-97.7355387,30.2809598],[-97.7355351,30.2809595]]]},"properties":{"k":"artpart","name":"Caven-Clark Courts","m":"white","b":0.06,"h":0.16}},{"type":"Feature","geometry":{"type":"Polygon","coordinates":[[[-97.7353802,30.2811378],[-97.7353799,30.2811409],[-97.7355176,30.2811513],[-97.7355179,30.2811481],[-97.7353802,30.2811378]]]},"properties":{"k":"artpart","name":"Caven-Clark Courts","m":"white","b":0.06,"h":0.16}},{"type":"Feature","geometry":{"type":"Polygon","coordinates":[[[-97.7353975,30.2809492],[-97.7353783,30.2811392],[-97.7353819,30.2811395],[-97.7354011,30.2809494],[-97.7353975,30.2809492]]]},"properties":{"k":"artpart","name":"Caven-Clark Courts","m":"white","b":0.06,"h":0.16}},{"type":"Feature","geometry":{"type":"Polygon","coordinates":[[[-97.7353994,30.2809477],[-97.7353991,30.2809509],[-97.7355368,30.2809612],[-97.7355371,30.2809581],[-97.7353994,30.2809477]]]},"properties":{"k":"artpart","name":"Caven-Clark Courts","m":"white","b":0.06,"h":0.16}},{"type":"Feature","geometry":{"type":"Polygon","coordinates":[[[-97.7353898,30.2810427],[-97.7353895,30.2810459],[-97.7355272,30.2810563],[-97.7355275,30.2810531],[-97.7353898,30.2810427]]]},"properties":{"k":"artpart","name":"Caven-Clark Courts","m":"white","b":0.06,"h":0.16}},{"type":"Feature","geometry":{"type":"Polygon","coordinates":[[[-97.7354565,30.2810696],[-97.7354735,30.281065],[-97.7354724,30.281062],[-97.7354554,30.2810666],[-97.7354565,30.2810696]]]},"properties":{"k":"artpart","name":"Caven-Clark Courts","m":"white","b":0.06,"h":0.16}},{"type":"Feature","geometry":{"type":"Polygon","coordinates":[[[-97.7354735,30.2810649],[-97.7354818,30.2810513],[-97.7354785,30.2810498],[-97.7354703,30.2810635],[-97.7354735,30.2810649]]]},"properties":{"k":"artpart","name":"Caven-Clark Courts","m":"white","b":0.06,"h":0.16}},{"type":"Feature","geometry":{"type":"Polygon","coordinates":[[[-97.7354818,30.2810512],[-97.7354764,30.2810365],[-97.7354729,30.2810375],[-97.7354783,30.2810522],[-97.7354818,30.2810512]]]},"properties":{"k":"artpart","name":"Caven-Clark Courts","m":"white","b":0.06,"h":0.16}},{"type":"Feature","geometry":{"type":"Polygon","coordinates":[[[-97.7354764,30.2810365],[-97.7354605,30.2810294],[-97.7354589,30.2810322],[-97.7354747,30.2810393],[-97.7354764,30.2810365]]]},"properties":{"k":"artpart","name":"Caven-Clark Courts","m":"white","b":0.06,"h":0.16}},{"type":"Feature","geometry":{"type":"Polygon","coordinates":[[[-97.7354605,30.2810294],[-97.7354435,30.281034],[-97.7354446,30.281037],[-97.7354616,30.2810324],[-97.7354605,30.2810294]]]},"properties":{"k":"artpart","name":"Caven-Clark Courts","m":"white","b":0.06,"h":0.16}},{"type":"Feature","geometry":{"type":"Polygon","coordinates":[[[-97.7354435,30.2810341],[-97.7354352,30.2810477],[-97.7354385,30.2810492],[-97.7354467,30.2810355],[-97.7354435,30.2810341]]]},"properties":{"k":"artpart","name":"Caven-Clark Courts","m":"white","b":0.06,"h":0.16}},{"type":"Feature","geometry":{"type":"Polygon","coordinates":[[[-97.7354352,30.2810478],[-97.7354406,30.2810625],[-97.7354441,30.2810615],[-97.7354387,30.2810468],[-97.7354352,30.2810478]]]},"properties":{"k":"artpart","name":"Caven-Clark Courts","m":"white","b":0.06,"h":0.16}},{"type":"Feature","geometry":{"type":"Polygon","coordinates":[[[-97.7354406,30.2810625],[-97.7354565,30.2810696],[-97.7354581,30.2810668],[-97.7354423,30.2810597],[-97.7354406,30.2810625]]]},"properties":{"k":"artpart","name":"Caven-Clark Courts","m":"white","b":0.06,"h":0.16}},{"type":"Feature","geometry":{"type":"Polygon","coordinates":[[[-97.7354773,30.2810988],[-97.7354725,30.2811463],[-97.7354761,30.2811466],[-97.7354809,30.2810991],[-97.7354773,30.2810988]]]},"properties":{"k":"artpart","name":"Caven-Clark Courts","m":"white","b":0.06,"h":0.16}},{"type":"Feature","geometry":{"type":"Polygon","coordinates":[[[-97.7354265,30.281095],[-97.7354217,30.2811425],[-97.7354253,30.2811427],[-97.7354301,30.2810952],[-97.7354265,30.281095]]]},"properties":{"k":"artpart","name":"Caven-Clark Courts","m":"white","b":0.06,"h":0.16}},{"type":"Feature","geometry":{"type":"Polygon","coordinates":[[[-97.7354285,30.2810935],[-97.7354282,30.2810967],[-97.7354789,30.2811005],[-97.7354792,30.2810974],[-97.7354285,30.2810935]]]},"properties":{"k":"artpart","name":"Caven-Clark Courts","m":"white","b":0.06,"h":0.16}},{"type":"Feature","geometry":{"type":"Polygon","coordinates":[[[-97.7354917,30.2809563],[-97.7354869,30.2810038],[-97.7354905,30.281004],[-97.7354953,30.2809565],[-97.7354917,30.2809563]]]},"properties":{"k":"artpart","name":"Caven-Clark Courts","m":"white","b":0.06,"h":0.16}},{"type":"Feature","geometry":{"type":"Polygon","coordinates":[[[-97.7354409,30.2809524],[-97.7354361,30.2809999],[-97.7354397,30.2810002],[-97.7354445,30.2809527],[-97.7354409,30.2809524]]]},"properties":{"k":"artpart","name":"Caven-Clark Courts","m":"white","b":0.06,"h":0.16}},{"type":"Feature","geometry":{"type":"Polygon","coordinates":[[[-97.7354381,30.2809985],[-97.7354378,30.2810016],[-97.7354885,30.2810055],[-97.7354888,30.2810023],[-97.7354381,30.2809985]]]},"properties":{"k":"artpart","name":"Caven-Clark Courts","m":"white","b":0.06,"h":0.16}},{"type":"Feature","geometry":{"type":"Polygon","coordinates":[[[-97.7354463,30.2811551],[-97.735446,30.2811578],[-97.7354491,30.281158],[-97.7354494,30.2811554],[-97.7354463,30.2811551]]]},"properties":{"k":"artpart","name":"Caven-Clark Courts","m":"steel","b":0.0,"h":4.05}},{"type":"Feature","geometry":{"type":"Polygon","coordinates":[[[-97.7354396,30.281144],[-97.7354394,30.2811454],[-97.7354581,30.2811468],[-97.7354582,30.2811454],[-97.7354396,30.281144]]]},"properties":{"k":"artpart","name":"Caven-Clark Courts","m":"white","b":2.9,"h":4.0}},{"type":"Feature","geometry":{"type":"Polygon","coordinates":[[[-97.7354449,30.2811409],[-97.7354462,30.2811436],[-97.7354493,30.2811447],[-97.7354524,30.2811436],[-97.7354536,30.2811409],[-97.7354524,30.2811383],[-97.7354493,30.2811372],[-97.7354462,30.2811383],[-97.7354449,30.2811409]]]},"properties":{"k":"artpart","name":"Caven-Clark Courts","m":"gorange","b":3.05,"h":3.17}},{"type":"Feature","geometry":{"type":"Polygon","coordinates":[[[-97.7354679,30.280941],[-97.7354676,30.2809436],[-97.7354707,30.2809439],[-97.735471,30.2809412],[-97.7354679,30.280941]]]},"properties":{"k":"artpart","name":"Caven-Clark Courts","m":"steel","b":0.0,"h":4.05}},{"type":"Feature","geometry":{"type":"Polygon","coordinates":[[[-97.7354589,30.2809522],[-97.7354588,30.2809536],[-97.7354774,30.280955],[-97.7354776,30.2809536],[-97.7354589,30.2809522]]]},"properties":{"k":"artpart","name":"Caven-Clark Courts","m":"white","b":2.9,"h":4.0}},{"type":"Feature","geometry":{"type":"Polygon","coordinates":[[[-97.7354634,30.2809581],[-97.7354646,30.2809607],[-97.7354677,30.2809618],[-97.7354708,30.2809607],[-97.7354721,30.2809581],[-97.7354708,30.2809554],[-97.7354677,30.2809543],[-97.7354646,30.2809554],[-97.7354634,30.2809581]]]},"properties":{"k":"artpart","name":"Caven-Clark Courts","m":"gorange","b":3.05,"h":3.17}},{"type":"Feature","geometry":{"type":"Polygon","coordinates":[[[-97.7355335,30.2810542],[-97.7355333,30.2810561],[-97.7355356,30.2810563],[-97.7355358,30.2810543],[-97.7355335,30.2810542]]]},"properties":{"k":"artpart","name":"Caven-Clark Courts","m":"steel","b":0.0,"h":2.45}},{"type":"Feature","geometry":{"type":"Polygon","coordinates":[[[-97.7353814,30.2810427],[-97.7353812,30.2810447],[-97.7353835,30.2810448],[-97.7353837,30.2810429],[-97.7353814,30.2810427]]]},"properties":{"k":"artpart","name":"Caven-Clark Courts","m":"steel","b":0.0,"h":2.45}},{"type":"Feature","geometry":{"type":"Polygon","coordinates":[[[-97.7353825,30.2810433],[-97.7353824,30.2810442],[-97.7355345,30.2810557],[-97.7355346,30.2810548],[-97.7353825,30.2810433]]]},"properties":{"k":"artpart","name":"Caven-Clark Courts","m":"steel","b":1.4,"h":2.45}},{"type":"Feature","geometry":{"type":"Polygon","coordinates":[[[-97.7355688,30.2811532],[-97.735588,30.2809632],[-97.7355844,30.280963],[-97.7355652,30.2811529],[-97.7355688,30.2811532]]]},"properties":{"k":"artpart","name":"Caven-Clark Courts","m":"white","b":0.06,"h":0.16}},{"type":"Feature","geometry":{"type":"Polygon","coordinates":[[[-97.7357238,30.280975],[-97.7357241,30.2809719],[-97.7355864,30.2809615],[-97.7355861,30.2809647],[-97.7357238,30.280975]]]},"properties":{"k":"artpart","name":"Caven-Clark Courts","m":"white","b":0.06,"h":0.16}},{"type":"Feature","geometry":{"type":"Polygon","coordinates":[[[-97.7357066,30.2811635],[-97.7357258,30.2809736],[-97.7357222,30.2809733],[-97.735703,30.2811633],[-97.7357066,30.2811635]]]},"properties":{"k":"artpart","name":"Caven-Clark Courts","m":"white","b":0.06,"h":0.16}},{"type":"Feature","geometry":{"type":"Polygon","coordinates":[[[-97.7357046,30.281165],[-97.7357049,30.2811618],[-97.7355672,30.2811515],[-97.7355669,30.2811546],[-97.7357046,30.281165]]]},"properties":{"k":"artpart","name":"Caven-Clark Courts","m":"white","b":0.06,"h":0.16}},{"type":"Feature","geometry":{"type":"Polygon","coordinates":[[[-97.7357142,30.28107],[-97.7357145,30.2810669],[-97.7355768,30.2810565],[-97.7355765,30.2810596],[-97.7357142,30.28107]]]},"properties":{"k":"artpart","name":"Caven-Clark Courts","m":"white","b":0.06,"h":0.16}},{"type":"Feature","geometry":{"type":"Polygon","coordinates":[[[-97.7356475,30.2810432],[-97.7356305,30.2810478],[-97.7356316,30.2810508],[-97.7356486,30.2810462],[-97.7356475,30.2810432]]]},"properties":{"k":"artpart","name":"Caven-Clark Courts","m":"white","b":0.06,"h":0.16}},{"type":"Feature","geometry":{"type":"Polygon","coordinates":[[[-97.7356305,30.2810478],[-97.7356222,30.2810615],[-97.7356255,30.2810629],[-97.7356337,30.2810493],[-97.7356305,30.2810478]]]},"properties":{"k":"artpart","name":"Caven-Clark Courts","m":"white","b":0.06,"h":0.16}},{"type":"Feature","geometry":{"type":"Polygon","coordinates":[[[-97.7356222,30.2810615],[-97.7356276,30.2810762],[-97.7356311,30.2810753],[-97.7356257,30.2810606],[-97.7356222,30.2810615]]]},"properties":{"k":"artpart","name":"Caven-Clark Courts","m":"white","b":0.06,"h":0.16}},{"type":"Feature","geometry":{"type":"Polygon","coordinates":[[[-97.7356276,30.2810762],[-97.7356435,30.2810833],[-97.7356451,30.2810806],[-97.7356293,30.2810734],[-97.7356276,30.2810762]]]},"properties":{"k":"artpart","name":"Caven-Clark Courts","m":"white","b":0.06,"h":0.16}},{"type":"Feature","geometry":{"type":"Polygon","coordinates":[[[-97.7356435,30.2810833],[-97.7356605,30.2810787],[-97.7356594,30.2810757],[-97.7356424,30.2810803],[-97.7356435,30.2810833]]]},"properties":{"k":"artpart","name":"Caven-Clark Courts","m":"white","b":0.06,"h":0.16}},{"type":"Feature","geometry":{"type":"Polygon","coordinates":[[[-97.7356605,30.2810787],[-97.7356688,30.281065],[-97.7356655,30.2810636],[-97.7356573,30.2810772],[-97.7356605,30.2810787]]]},"properties":{"k":"artpart","name":"Caven-Clark Courts","m":"white","b":0.06,"h":0.16}},{"type":"Feature","geometry":{"type":"Polygon","coordinates":[[[-97.7356688,30.281065],[-97.7356634,30.2810503],[-97.7356599,30.2810512],[-97.7356653,30.2810659],[-97.7356688,30.281065]]]},"properties":{"k":"artpart","name":"Caven-Clark Courts","m":"white","b":0.06,"h":0.16}},{"type":"Feature","geometry":{"type":"Polygon","coordinates":[[[-97.7356634,30.2810503],[-97.7356475,30.2810432],[-97.7356459,30.2810459],[-97.7356617,30.2810531],[-97.7356634,30.2810503]]]},"properties":{"k":"artpart","name":"Caven-Clark Courts","m":"white","b":0.06,"h":0.16}},{"type":"Feature","geometry":{"type":"Polygon","coordinates":[[[-97.7356267,30.281014],[-97.7356315,30.2809665],[-97.7356279,30.2809662],[-97.7356231,30.2810137],[-97.7356267,30.281014]]]},"properties":{"k":"artpart","name":"Caven-Clark Courts","m":"white","b":0.06,"h":0.16}},{"type":"Feature","geometry":{"type":"Polygon","coordinates":[[[-97.7356775,30.2810178],[-97.7356823,30.2809703],[-97.7356787,30.2809701],[-97.7356739,30.2810175],[-97.7356775,30.2810178]]]},"properties":{"k":"artpart","name":"Caven-Clark Courts","m":"white","b":0.06,"h":0.16}},{"type":"Feature","geometry":{"type":"Polygon","coordinates":[[[-97.7356755,30.2810192],[-97.7356758,30.2810161],[-97.7356251,30.2810123],[-97.7356247,30.2810154],[-97.7356755,30.2810192]]]},"properties":{"k":"artpart","name":"Caven-Clark Courts","m":"white","b":0.06,"h":0.16}},{"type":"Feature","geometry":{"type":"Polygon","coordinates":[[[-97.7356123,30.2811564],[-97.7356171,30.281109],[-97.7356135,30.2811087],[-97.7356087,30.2811562],[-97.7356123,30.2811564]]]},"properties":{"k":"artpart","name":"Caven-Clark Courts","m":"white","b":0.06,"h":0.16}},{"type":"Feature","geometry":{"type":"Polygon","coordinates":[[[-97.7356631,30.2811603],[-97.7356679,30.2811128],[-97.7356643,30.2811125],[-97.7356595,30.28116],[-97.7356631,30.2811603]]]},"properties":{"k":"artpart","name":"Caven-Clark Courts","m":"white","b":0.06,"h":0.16}},{"type":"Feature","geometry":{"type":"Polygon","coordinates":[[[-97.7356659,30.2811142],[-97.7356663,30.2811111],[-97.7356155,30.2811073],[-97.7356152,30.2811104],[-97.7356659,30.2811142]]]},"properties":{"k":"artpart","name":"Caven-Clark Courts","m":"white","b":0.06,"h":0.16}},{"type":"Feature","geometry":{"type":"Polygon","coordinates":[[[-97.7356577,30.2809577],[-97.735658,30.280955],[-97.7356549,30.2809547],[-97.7356546,30.2809574],[-97.7356577,30.2809577]]]},"properties":{"k":"artpart","name":"Caven-Clark Courts","m":"steel","b":0.0,"h":4.05}},{"type":"Feature","geometry":{"type":"Polygon","coordinates":[[[-97.7356644,30.2809688],[-97.7356646,30.2809674],[-97.7356459,30.280966],[-97.7356458,30.2809674],[-97.7356644,30.2809688]]]},"properties":{"k":"artpart","name":"Caven-Clark Courts","m":"white","b":2.9,"h":4.0}},{"type":"Feature","geometry":{"type":"Polygon","coordinates":[[[-97.7356504,30.2809719],[-97.7356516,30.2809745],[-97.7356547,30.2809756],[-97.7356578,30.2809745],[-97.7356591,30.2809719],[-97.7356578,30.2809692],[-97.7356547,30.2809681],[-97.7356516,30.2809692],[-97.7356504,30.2809719]]]},"properties":{"k":"artpart","name":"Caven-Clark Courts","m":"gorange","b":3.05,"h":3.17}},{"type":"Feature","geometry":{"type":"Polygon","coordinates":[[[-97.7356361,30.2811718],[-97.7356364,30.2811691],[-97.7356333,30.2811688],[-97.735633,30.2811715],[-97.7356361,30.2811718]]]},"properties":{"k":"artpart","name":"Caven-Clark Courts","m":"steel","b":0.0,"h":4.05}},{"type":"Feature","geometry":{"type":"Polygon","coordinates":[[[-97.7356451,30.2811605],[-97.7356452,30.2811591],[-97.7356266,30.2811577],[-97.7356264,30.2811591],[-97.7356451,30.2811605]]]},"properties":{"k":"artpart","name":"Caven-Clark Courts","m":"white","b":2.9,"h":4.0}},{"type":"Feature","geometry":{"type":"Polygon","coordinates":[[[-97.7356319,30.2811546],[-97.7356332,30.2811573],[-97.7356363,30.2811584],[-97.7356394,30.2811573],[-97.7356406,30.2811546],[-97.7356394,30.281152],[-97.7356363,30.2811509],[-97.7356332,30.281152],[-97.7356319,30.2811546]]]},"properties":{"k":"artpart","name":"Caven-Clark Courts","m":"gorange","b":3.05,"h":3.17}},{"type":"Feature","geometry":{"type":"Polygon","coordinates":[[[-97.7355704,30.2810586],[-97.7355706,30.2810566],[-97.7355683,30.2810564],[-97.7355681,30.2810584],[-97.7355704,30.2810586]]]},"properties":{"k":"artpart","name":"Caven-Clark Courts","m":"steel","b":0.0,"h":2.45}},{"type":"Feature","geometry":{"type":"Polygon","coordinates":[[[-97.7357227,30.2810701],[-97.7357229,30.2810681],[-97.7357206,30.2810679],[-97.7357204,30.2810699],[-97.7357227,30.2810701]]]},"properties":{"k":"artpart","name":"Caven-Clark Courts","m":"steel","b":0.0,"h":2.45}},{"type":"Feature","geometry":{"type":"Polygon","coordinates":[[[-97.7357216,30.2810694],[-97.7357217,30.2810685],[-97.7355694,30.2810571],[-97.7355693,30.281058],[-97.7357216,30.2810694]]]},"properties":{"k":"artpart","name":"Caven-Clark Courts","m":"steel","b":1.4,"h":2.45}},{"type":"Feature","geometry":{"type":"Polygon","coordinates":[[[-97.735711,30.2814293],[-97.7357091,30.2814291],[-97.735709,30.2814307],[-97.7357109,30.2814309],[-97.735711,30.2814293]]]},"properties":{"k":"artpart","name":"Caven-Clark Courts","m":"steel","b":0.0,"h":3.6}},{"type":"Feature","geometry":{"type":"Polygon","coordinates":[[[-97.7356688,30.281426],[-97.7356669,30.2814259],[-97.7356668,30.2814275],[-97.7356686,30.2814277],[-97.7356688,30.281426]]]},"properties":{"k":"artpart","name":"Caven-Clark Courts","m":"steel","b":0.0,"h":3.6}},{"type":"Feature","geometry":{"type":"Polygon","coordinates":[[[-97.7356266,30.2814228],[-97.7356247,30.2814227],[-97.7356245,30.2814243],[-97.7356264,30.2814244],[-97.7356266,30.2814228]]]},"properties":{"k":"artpart","name":"Caven-Clark Courts","m":"steel","b":0.0,"h":3.6}},{"type":"Feature","geometry":{"type":"Polygon","coordinates":[[[-97.7355843,30.2814196],[-97.7355825,30.2814195],[-97.7355823,30.2814211],[-97.7355842,30.2814212],[-97.7355843,30.2814196]]]},"properties":{"k":"artpart","name":"Caven-Clark Courts","m":"steel","b":0.0,"h":3.6}},{"type":"Feature","geometry":{"type":"Polygon","coordinates":[[[-97.7355421,30.2814164],[-97.7355403,30.2814162],[-97.7355401,30.2814178],[-97.735542,30.281418],[-97.7355421,30.2814164]]]},"properties":{"k":"artpart","name":"Caven-Clark Courts","m":"steel","b":0.0,"h":3.6}},{"type":"Feature","geometry":{"type":"Polygon","coordinates":[[[-97.7354999,30.2814132],[-97.735498,30.281413],[-97.7354979,30.2814146],[-97.7354997,30.2814148],[-97.7354999,30.2814132]]]},"properties":{"k":"artpart","name":"Caven-Clark Courts","m":"steel","b":0.0,"h":3.6}},{"type":"Feature","geometry":{"type":"Polygon","coordinates":[[[-97.7354577,30.2814099],[-97.7354558,30.2814098],[-97.7354557,30.2814114],[-97.7354575,30.2814115],[-97.7354577,30.2814099]]]},"properties":{"k":"artpart","name":"Caven-Clark Courts","m":"steel","b":0.0,"h":3.6}},{"type":"Feature","geometry":{"type":"Polygon","coordinates":[[[-97.7354155,30.2814067],[-97.7354136,30.2814066],[-97.7354134,30.2814082],[-97.7354153,30.2814083],[-97.7354155,30.2814067]]]},"properties":{"k":"artpart","name":"Caven-Clark Courts","m":"steel","b":0.0,"h":3.6}},{"type":"Feature","geometry":{"type":"Polygon","coordinates":[[[-97.7353732,30.2814035],[-97.7353714,30.2814033],[-97.7353712,30.281405],[-97.7353731,30.2814051],[-97.7353732,30.2814035]]]},"properties":{"k":"artpart","name":"Caven-Clark Courts","m":"steel","b":0.0,"h":3.6}},{"type":"Feature","geometry":{"type":"Polygon","coordinates":[[[-97.735331,30.2814003],[-97.7353291,30.2814001],[-97.735329,30.2814017],[-97.7353309,30.2814019],[-97.735331,30.2814003]]]},"properties":{"k":"artpart","name":"Caven-Clark Courts","m":"steel","b":0.0,"h":3.6}},{"type":"Feature","geometry":{"type":"Polygon","coordinates":[[[-97.73571,30.2814296],[-97.73533,30.2814006],[-97.73533,30.2814014],[-97.73571,30.2814304],[-97.73571,30.2814296]]]},"properties":{"k":"artpart","name":"Caven-Clark Courts","m":"steel","b":3.38,"h":3.6}},{"type":"Feature","geometry":{"type":"Polygon","coordinates":[[[-97.7353309,30.2814019],[-97.735331,30.2814003],[-97.7353291,30.2814001],[-97.735329,30.2814017],[-97.7353309,30.2814019]]]},"properties":{"k":"artpart","name":"Caven-Clark Courts","m":"steel","b":0.0,"h":3.6}},{"type":"Feature","geometry":{"type":"Polygon","coordinates":[[[-97.7353343,30.2813671],[-97.7353344,30.2813655],[-97.7353326,30.2813653],[-97.7353324,30.281367],[-97.7353343,30.2813671]]]},"properties":{"k":"artpart","name":"Caven-Clark Courts","m":"steel","b":0.0,"h":3.6}},{"type":"Feature","geometry":{"type":"Polygon","coordinates":[[[-97.7353377,30.2813323],[-97.7353379,30.2813307],[-97.735336,30.2813306],[-97.7353358,30.2813322],[-97.7353377,30.2813323]]]},"properties":{"k":"artpart","name":"Caven-Clark Courts","m":"steel","b":0.0,"h":3.6}},{"type":"Feature","geometry":{"type":"Polygon","coordinates":[[[-97.7353411,30.2812975],[-97.7353413,30.2812959],[-97.7353394,30.2812958],[-97.7353393,30.2812974],[-97.7353411,30.2812975]]]},"properties":{"k":"artpart","name":"Caven-Clark Courts","m":"steel","b":0.0,"h":3.6}},{"type":"Feature","geometry":{"type":"Polygon","coordinates":[[[-97.7353446,30.2812627],[-97.7353447,30.2812611],[-97.7353429,30.281261],[-97.7353427,30.2812626],[-97.7353446,30.2812627]]]},"properties":{"k":"artpart","name":"Caven-Clark Courts","m":"steel","b":0.0,"h":3.6}},{"type":"Feature","geometry":{"type":"Polygon","coordinates":[[[-97.735348,30.2812279],[-97.7353482,30.2812263],[-97.7353463,30.2812262],[-97.7353461,30.2812278],[-97.735348,30.2812279]]]},"properties":{"k":"artpart","name":"Caven-Clark Courts","m":"steel","b":0.0,"h":3.6}},{"type":"Feature","geometry":{"type":"Polygon","coordinates":[[[-97.7353514,30.2811932],[-97.7353516,30.2811915],[-97.7353497,30.2811914],[-97.7353496,30.281193],[-97.7353514,30.2811932]]]},"properties":{"k":"artpart","name":"Caven-Clark Courts","m":"steel","b":0.0,"h":3.6}},{"type":"Feature","geometry":{"type":"Polygon","coordinates":[[[-97.7353549,30.2811584],[-97.735355,30.2811568],[-97.7353531,30.2811566],[-97.735353,30.2811582],[-97.7353549,30.2811584]]]},"properties":{"k":"artpart","name":"Caven-Clark Courts","m":"steel","b":0.0,"h":3.6}},{"type":"Feature","geometry":{"type":"Polygon","coordinates":[[[-97.7353583,30.2811236],[-97.7353584,30.281122],[-97.7353566,30.2811218],[-97.7353564,30.2811235],[-97.7353583,30.2811236]]]},"properties":{"k":"artpart","name":"Caven-Clark Courts","m":"steel","b":0.0,"h":3.6}},{"type":"Feature","geometry":{"type":"Polygon","coordinates":[[[-97.7353617,30.2810888],[-97.7353619,30.2810872],[-97.73536,30.2810871],[-97.7353598,30.2810887],[-97.7353617,30.2810888]]]},"properties":{"k":"artpart","name":"Caven-Clark Courts","m":"steel","b":0.0,"h":3.6}},{"type":"Feature","geometry":{"type":"Polygon","coordinates":[[[-97.7353651,30.281054],[-97.7353653,30.2810524],[-97.7353634,30.2810523],[-97.7353633,30.2810539],[-97.7353651,30.281054]]]},"properties":{"k":"artpart","name":"Caven-Clark Courts","m":"steel","b":0.0,"h":3.6}},{"type":"Feature","geometry":{"type":"Polygon","coordinates":[[[-97.7353686,30.2810192],[-97.7353687,30.2810176],[-97.7353669,30.2810175],[-97.7353667,30.2810191],[-97.7353686,30.2810192]]]},"properties":{"k":"artpart","name":"Caven-Clark Courts","m":"steel","b":0.0,"h":3.6}},{"type":"Feature","geometry":{"type":"Polygon","coordinates":[[[-97.735372,30.2809844],[-97.7353722,30.2809828],[-97.7353703,30.2809827],[-97.7353701,30.2809843],[-97.735372,30.2809844]]]},"properties":{"k":"artpart","name":"Caven-Clark Courts","m":"steel","b":0.0,"h":3.6}},{"type":"Feature","geometry":{"type":"Polygon","coordinates":[[[-97.7353754,30.2809497],[-97.7353756,30.280948],[-97.7353737,30.2809479],[-97.7353736,30.2809495],[-97.7353754,30.2809497]]]},"properties":{"k":"artpart","name":"Caven-Clark Courts","m":"steel","b":0.0,"h":3.6}},{"type":"Feature","geometry":{"type":"Polygon","coordinates":[[[-97.7353789,30.2809149],[-97.735379,30.2809133],[-97.7353771,30.2809131],[-97.735377,30.2809147],[-97.7353789,30.2809149]]]},"properties":{"k":"artpart","name":"Caven-Clark Courts","m":"steel","b":0.0,"h":3.6}},{"type":"Feature","geometry":{"type":"Polygon","coordinates":[[[-97.7353305,30.281401],[-97.7353785,30.280914],[-97.7353775,30.280914],[-97.7353295,30.281401],[-97.7353305,30.281401]]]},"properties":{"k":"artpart","name":"Caven-Clark Courts","m":"steel","b":3.38,"h":3.6}},{"type":"Feature","geometry":{"type":"Polygon","coordinates":[[[-97.735377,30.2809147],[-97.7353788,30.2809149],[-97.735379,30.2809133],[-97.7353772,30.2809131],[-97.735377,30.2809147]]]},"properties":{"k":"artpart","name":"Caven-Clark Courts","m":"steel","b":0.0,"h":3.6}},{"type":"Feature","geometry":{"type":"Polygon","coordinates":[[[-97.7354195,30.2809182],[-97.7354214,30.2809183],[-97.7354216,30.2809167],[-97.7354197,30.2809166],[-97.7354195,30.2809182]]]},"properties":{"k":"artpart","name":"Caven-Clark Courts","m":"steel","b":0.0,"h":3.6}},{"type":"Feature","geometry":{"type":"Polygon","coordinates":[[[-97.7354621,30.2809216],[-97.735464,30.2809218],[-97.7354641,30.2809202],[-97.7354623,30.28092],[-97.7354621,30.2809216]]]},"properties":{"k":"artpart","name":"Caven-Clark Courts","m":"steel","b":0.0,"h":3.6}},{"type":"Feature","geometry":{"type":"Polygon","coordinates":[[[-97.7355046,30.2809251],[-97.7355065,30.2809252],[-97.7355067,30.2809236],[-97.7355048,30.2809235],[-97.7355046,30.2809251]]]},"properties":{"k":"artpart","name":"Caven-Clark Courts","m":"steel","b":0.0,"h":3.6}},{"type":"Feature","geometry":{"type":"Polygon","coordinates":[[[-97.7355472,30.2809285],[-97.7355491,30.2809287],[-97.7355492,30.280927],[-97.7355474,30.2809269],[-97.7355472,30.2809285]]]},"properties":{"k":"artpart","name":"Caven-Clark Courts","m":"steel","b":0.0,"h":3.6}},{"type":"Feature","geometry":{"type":"Polygon","coordinates":[[[-97.7355898,30.280932],[-97.7355916,30.2809321],[-97.7355918,30.2809305],[-97.7355899,30.2809303],[-97.7355898,30.280932]]]},"properties":{"k":"artpart","name":"Caven-Clark Courts","m":"steel","b":0.0,"h":3.6}},{"type":"Feature","geometry":{"type":"Polygon","coordinates":[[[-97.7356323,30.2809354],[-97.7356342,30.2809355],[-97.7356344,30.2809339],[-97.7356325,30.2809338],[-97.7356323,30.2809354]]]},"properties":{"k":"artpart","name":"Caven-Clark Courts","m":"steel","b":0.0,"h":3.6}},{"type":"Feature","geometry":{"type":"Polygon","coordinates":[[[-97.7356749,30.2809388],[-97.7356767,30.280939],[-97.7356769,30.2809374],[-97.735675,30.2809372],[-97.7356749,30.2809388]]]},"properties":{"k":"artpart","name":"Caven-Clark Courts","m":"steel","b":0.0,"h":3.6}},{"type":"Feature","geometry":{"type":"Polygon","coordinates":[[[-97.7357174,30.2809423],[-97.7357193,30.2809424],[-97.7357195,30.2809408],[-97.7357176,30.2809407],[-97.7357174,30.2809423]]]},"properties":{"k":"artpart","name":"Caven-Clark Courts","m":"steel","b":0.0,"h":3.6}},{"type":"Feature","geometry":{"type":"Polygon","coordinates":[[[-97.73576,30.2809457],[-97.7357618,30.2809459],[-97.735762,30.2809443],[-97.7357602,30.2809441],[-97.73576,30.2809457]]]},"properties":{"k":"artpart","name":"Caven-Clark Courts","m":"steel","b":0.0,"h":3.6}},{"type":"Feature","geometry":{"type":"Polygon","coordinates":[[[-97.735378,30.2809144],[-97.735761,30.2809454],[-97.735761,30.2809446],[-97.735378,30.2809136],[-97.735378,30.2809144]]]},"properties":{"k":"artpart","name":"Caven-Clark Courts","m":"steel","b":3.38,"h":3.6}},{"type":"Feature","geometry":{"type":"Polygon","coordinates":[[[-97.7357602,30.2809441],[-97.73576,30.2809457],[-97.7357618,30.2809459],[-97.735762,30.2809443],[-97.7357602,30.2809441]]]},"properties":{"k":"artpart","name":"Caven-Clark Courts","m":"steel","b":0.0,"h":3.6}},{"type":"Feature","geometry":{"type":"Polygon","coordinates":[[[-97.7357565,30.2809788],[-97.7357563,30.2809804],[-97.7357582,30.2809805],[-97.7357584,30.2809789],[-97.7357565,30.2809788]]]},"properties":{"k":"artpart","name":"Caven-Clark Courts","m":"steel","b":0.0,"h":3.6}},{"type":"Feature","geometry":{"type":"Polygon","coordinates":[[[-97.7357529,30.2810134],[-97.7357527,30.281015],[-97.7357546,30.2810152],[-97.7357547,30.2810136],[-97.7357529,30.2810134]]]},"properties":{"k":"artpart","name":"Caven-Clark Courts","m":"steel","b":0.0,"h":3.6}},{"type":"Feature","geometry":{"type":"Polygon","coordinates":[[[-97.7357492,30.2810481],[-97.7357491,30.2810497],[-97.7357509,30.2810498],[-97.7357511,30.2810482],[-97.7357492,30.2810481]]]},"properties":{"k":"artpart","name":"Caven-Clark Courts","m":"steel","b":0.0,"h":3.6}},{"type":"Feature","geometry":{"type":"Polygon","coordinates":[[[-97.7357456,30.2810827],[-97.7357454,30.2810843],[-97.7357473,30.2810844],[-97.7357474,30.2810828],[-97.7357456,30.2810827]]]},"properties":{"k":"artpart","name":"Caven-Clark Courts","m":"steel","b":0.0,"h":3.6}},{"type":"Feature","geometry":{"type":"Polygon","coordinates":[[[-97.7357419,30.2811173],[-97.7357418,30.2811189],[-97.7357436,30.2811191],[-97.7357438,30.2811175],[-97.7357419,30.2811173]]]},"properties":{"k":"artpart","name":"Caven-Clark Courts","m":"steel","b":0.0,"h":3.6}},{"type":"Feature","geometry":{"type":"Polygon","coordinates":[[[-97.7357383,30.281152],[-97.7357381,30.2811536],[-97.73574,30.2811537],[-97.7357402,30.2811521],[-97.7357383,30.281152]]]},"properties":{"k":"artpart","name":"Caven-Clark Courts","m":"steel","b":0.0,"h":3.6}},{"type":"Feature","geometry":{"type":"Polygon","coordinates":[[[-97.7357347,30.2811866],[-97.7357345,30.2811882],[-97.7357363,30.2811884],[-97.7357365,30.2811868],[-97.7357347,30.2811866]]]},"properties":{"k":"artpart","name":"Caven-Clark Courts","m":"steel","b":0.0,"h":3.6}},{"type":"Feature","geometry":{"type":"Polygon","coordinates":[[[-97.735731,30.2812213],[-97.7357308,30.2812229],[-97.7357327,30.281223],[-97.7357329,30.2812214],[-97.735731,30.2812213]]]},"properties":{"k":"artpart","name":"Caven-Clark Courts","m":"steel","b":0.0,"h":3.6}},{"type":"Feature","geometry":{"type":"Polygon","coordinates":[[[-97.7357274,30.2812559],[-97.7357272,30.2812575],[-97.7357291,30.2812577],[-97.7357292,30.2812561],[-97.7357274,30.2812559]]]},"properties":{"k":"artpart","name":"Caven-Clark Courts","m":"steel","b":0.0,"h":3.6}},{"type":"Feature","geometry":{"type":"Polygon","coordinates":[[[-97.7357237,30.2812906],[-97.7357236,30.2812922],[-97.7357254,30.2812923],[-97.7357256,30.2812907],[-97.7357237,30.2812906]]]},"properties":{"k":"artpart","name":"Caven-Clark Courts","m":"steel","b":0.0,"h":3.6}},{"type":"Feature","geometry":{"type":"Polygon","coordinates":[[[-97.7357201,30.2813252],[-97.7357199,30.2813268],[-97.7357218,30.2813269],[-97.7357219,30.2813253],[-97.7357201,30.2813252]]]},"properties":{"k":"artpart","name":"Caven-Clark Courts","m":"steel","b":0.0,"h":3.6}},{"type":"Feature","geometry":{"type":"Polygon","coordinates":[[[-97.7357164,30.2813598],[-97.7357163,30.2813614],[-97.7357181,30.2813616],[-97.7357183,30.28136],[-97.7357164,30.2813598]]]},"properties":{"k":"artpart","name":"Caven-Clark Courts","m":"steel","b":0.0,"h":3.6}},{"type":"Feature","geometry":{"type":"Polygon","coordinates":[[[-97.7357128,30.2813945],[-97.7357126,30.2813961],[-97.7357145,30.2813962],[-97.7357147,30.2813946],[-97.7357128,30.2813945]]]},"properties":{"k":"artpart","name":"Caven-Clark Courts","m":"steel","b":0.0,"h":3.6}},{"type":"Feature","geometry":{"type":"Polygon","coordinates":[[[-97.7357092,30.2814291],[-97.735709,30.2814307],[-97.7357108,30.2814309],[-97.735711,30.2814293],[-97.7357092,30.2814291]]]},"properties":{"k":"artpart","name":"Caven-Clark Courts","m":"steel","b":0.0,"h":3.6}},{"type":"Feature","geometry":{"type":"Polygon","coordinates":[[[-97.7357605,30.280945],[-97.7357095,30.28143],[-97.7357105,30.28143],[-97.7357615,30.280945],[-97.7357605,30.280945]]]},"properties":{"k":"artpart","name":"Caven-Clark Courts","m":"steel","b":3.38,"h":3.6}}]}