{"type":"FeatureCollection","features":[{"type":"Feature","geometry":{"type":"Polygon","coordinates":[[[-97.7326265,30.2751976],[-97.7326396,30.2751576],[-97.7321016,30.2750116],[-97.7320793,30.2750625],[-97.7319834,30.2750365],[-97.7319633,30.2750835],[-97.7318839,30.2750582],[-97.7317644,30.2753856],[-97.7320174,30.2754573],[-97.7320012,30.2755045],[-97.7324317,30.2756232],[-97.7324392,30.2757762],[-97.7325786,30.2758207],[-97.7326034,30.2757616],[-97.7327509,30.2757107],[-97.7328036,30.275724],[-97.7329078,30.2754402],[-97.7328325,30.2754207],[-97.7328905,30.2752664],[-97.7326265,30.2751976]]]},"properties":{"k":"area","s":"asphalt","u":"parking"}},{"type":"Feature","geometry":{"type":"Polygon","coordinates":[[[-97.7375891,30.2741998],[-97.7373077,30.2741198],[-97.7369111,30.274007],[-97.7372372,30.2731249],[-97.7375489,30.2732158],[-97.7379239,30.2733251],[-97.7376974,30.2739167],[-97.7375891,30.2741998]]]},"properties":{"k":"area","s":"asphalt","u":"parking","name":"Capitol Visitor's Parking Garage"}},{"type":"Feature","geometry":{"type":"Polygon","coordinates":[[[-97.7370541,30.2729796],[-97.7370643,30.2729907],[-97.737069,30.2730076],[-97.7370682,30.2730242],[-97.7370613,30.2730403],[-97.7368024,30.2737438],[-97.7366355,30.2741896],[-97.7364742,30.2746211],[-97.7363743,30.2748917],[-97.7363182,30.275042],[-97.7361671,30.2754485],[-97.7361314,30.2755422],[-97.7360328,30.2758002],[-97.7360271,30.27581],[-97.736017,30.2758189],[-97.7360074,30.2758243],[-97.7359964,30.2758267],[-97.7359825,30.275826],[-97.7359698,30.2758232],[-97.7355156,30.2756955],[-97.7350621,30.2755719],[-97.7350433,30.275565],[-97.7350208,30.2755526],[-97.735008,30.2755373],[-97.7349994,30.2755185],[-97.7349953,30.275503],[-97.7349998,30.2754868],[-97.7350427,30.2754117],[-97.735119,30.2752468],[-97.735167,30.2751339],[-97.7351879,30.2750864],[-97.7352047,30.2750321],[-97.7352263,30.2749276],[-97.7352454,30.2747854],[-97.7352538,30.2746404],[-97.7352416,30.2744113],[-97.7352057,30.2742222],[-97.7351755,30.2740536],[-97.7351438,30.2738851],[-97.7350239,30.2732701],[-97.7350026,30.27324],[-97.7349595,30.273204],[-97.734902,30.2731863],[-97.7347707,30.2731453],[-97.734964,30.2726452],[-97.7350201,30.272497],[-97.7350403,30.2724482],[-97.7350556,30.2724406],[-97.7350728,30.2724352],[-97.7350934,30.2724356],[-97.7351501,30.2724525],[-97.7362909,30.2727668],[-97.7368581,30.2729241],[-97.7369639,30.2729535],[-97.7370018,30.2729633],[-97.7370376,30.2729741],[-97.7370541,30.2729796]]]},"properties":{"k":"area","s":"grass","u":"park","name":"Waterloo Park"}},{"type":"Feature","geometry":{"type":"Polygon","coordinates":[[[-97.7349477,30.2747181],[-97.7347887,30.2746723],[-97.7347954,30.2746555],[-97.7347646,30.274648],[-97.7347572,30.2746642],[-97.734495,30.274593],[-97.7345111,30.2745473],[-97.734432,30.2745253],[-97.7344153,30.2745683],[-97.7344025,30.2745664],[-97.7342958,30.2745353],[-97.7342791,30.2745322],[-97.7342438,30.274625],[-97.7341846,30.2747806],[-97.7340713,30.2750881],[-97.7340189,30.2752207],[-97.7341745,30.2752624],[-97.7341685,30.2752845],[-97.7341987,30.2752926],[-97.7342067,30.2752694],[-97.7345024,30.2753505],[-97.7344971,30.2753736],[-97.7345259,30.2753829],[-97.7345359,30.2753609],[-97.7346884,30.2754033],[-97.7346936,30.2753899],[-97.7347075,30.2753538],[-97.7348062,30.2750829],[-97.7348159,30.275058],[-97.7349477,30.2747181]]]},"properties":{"k":"area","s":"asphalt","u":"parking"}},{"type":"Feature","geometry":{"type":"Polygon","coordinates":[[[-97.7344756,30.2723652],[-97.7343021,30.2723149],[-97.7342,30.2722853],[-97.7340558,30.2726744],[-97.7343328,30.2727503],[-97.7344756,30.2723652]]]},"properties":{"k":"area","s":"asphalt","u":"parking"}},{"type":"Feature","geometry":{"type":"Polygon","coordinates":[[[-97.7338493,30.2726148],[-97.7339413,30.2726404],[-97.7340464,30.2726698],[-97.7341088,30.2724972],[-97.7340552,30.2724856],[-97.7340518,30.272481],[-97.7340511,30.2724717],[-97.7340572,30.2724549],[-97.7339224,30.2724144],[-97.7338493,30.2726148]]]},"properties":{"k":"area","s":"asphalt","u":"parking"}},{"type":"Feature","geometry":{"type":"Polygon","coordinates":[[[-97.7323519,30.2736041],[-97.7323743,30.2736378],[-97.7324234,30.2736813],[-97.7324883,30.2737028],[-97.7325363,30.2737062],[-97.7325682,30.2736948],[-97.7325841,30.2736751],[-97.7325934,30.2736506],[-97.7325883,30.27363],[-97.7325789,30.2736114],[-97.7325611,30.2735986],[-97.7325276,30.2735881],[-97.7324923,30.2735799],[-97.7324534,30.2735718],[-97.7324293,30.2735753],[-97.7323951,30.2735824],[-97.7323759,30.2735901],[-97.7323519,30.2736041]]]},"properties":{"k":"area","s":"asphalt","u":"service"}},{"type":"Feature","geometry":{"type":"Polygon","coordinates":[[[-97.7348607,30.2724442],[-97.7344977,30.2723448],[-97.7343406,30.2727729],[-97.7347034,30.2728723],[-97.7348607,30.2724442]]]},"properties":{"k":"area","s":"dirt","u":"construction"}},{"type":"Feature","geometry":{"type":"Polygon","coordinates":[[[-97.7330775,30.2719986],[-97.7329601,30.2719633],[-97.7329494,30.2719772],[-97.7329293,30.2719777],[-97.7329045,30.2719702],[-97.7328562,30.2721109],[-97.7328716,30.2721167],[-97.7328864,30.2721214],[-97.7328971,30.2721289],[-97.7328978,30.2721405],[-97.7328877,30.2721492],[-97.732877,30.2721492],[-97.7328569,30.2721422],[-97.7328415,30.2721382],[-97.7328173,30.2721955],[-97.7328495,30.2722117],[-97.7328589,30.2722285],[-97.7328576,30.2722482],[-97.7328254,30.2723287],[-97.7329461,30.2723571],[-97.7330775,30.2719986]]]},"properties":{"k":"area","s":"asphalt","u":"parking"}},{"type":"Feature","geometry":{"type":"Polygon","coordinates":[[[-97.7337143,30.2716422],[-97.7333087,30.2715269],[-97.7334118,30.2712548],[-97.7340223,30.2714281],[-97.7339963,30.2714965],[-97.7339785,30.2714995],[-97.733969,30.2715115],[-97.7339456,30.2715794],[-97.7339251,30.2716],[-97.7338999,30.2716156],[-97.7338684,30.2716225],[-97.7338447,30.2716231],[-97.733733,30.2715934],[-97.7337143,30.2716422]]]},"properties":{"k":"area","s":"asphalt","u":"parking"}},{"type":"Feature","geometry":{"type":"Polygon","coordinates":[[[-97.7324928,30.2747945],[-97.7325102,30.2747569],[-97.732136,30.2746527],[-97.7321374,30.2746451],[-97.7321454,30.2746399],[-97.7321568,30.2746428],[-97.7321977,30.2746538],[-97.7322668,30.2744656],[-97.7320623,30.2744083],[-97.7319758,30.2746498],[-97.7321736,30.2747059],[-97.7324928,30.2747945]]]},"properties":{"k":"area","s":"asphalt","u":"parking"}},{"type":"Feature","geometry":{"type":"Polygon","coordinates":[[[-97.7373852,30.2751419],[-97.7370667,30.2750533],[-97.7370744,30.2750327],[-97.7370224,30.2750182],[-97.7370996,30.2748114],[-97.7369594,30.2747723],[-97.736942,30.2748189],[-97.7366326,30.2747328],[-97.7366635,30.2746499],[-97.7374836,30.2748782],[-97.7373852,30.2751419]]]},"properties":{"k":"area","s":"asphalt","u":"parking"}},{"type":"Feature","geometry":{"type":"Polygon","coordinates":[[[-97.7380208,30.27635],[-97.737314,30.2761519],[-97.7373589,30.2760164],[-97.7374549,30.2757425],[-97.7375742,30.2754304],[-97.7377463,30.2754812],[-97.737884,30.2755213],[-97.7379344,30.2755351],[-97.7382401,30.2756186],[-97.738299,30.2756321],[-97.7382975,30.2756393],[-97.7384037,30.2756696],[-97.7383715,30.2757547],[-97.7383303,30.2758681],[-97.7383185,30.2759046],[-97.7382193,30.275878],[-97.7382013,30.2759367],[-97.7375933,30.2757556],[-97.7374935,30.276024],[-97.7380299,30.2761752],[-97.7379812,30.2763031],[-97.7380329,30.276317],[-97.7380208,30.27635]]]},"properties":{"k":"area","s":"asphalt","u":"parking"}},{"type":"Feature","geometry":{"type":"Polygon","coordinates":[[[-97.7390514,30.2753092],[-97.7390739,30.2753043],[-97.7390935,30.2752935],[-97.7391079,30.2752778],[-97.7391157,30.2752589],[-97.739116,30.2752388],[-97.7391088,30.2752197],[-97.739096,30.2752047],[-97.7390786,30.2751936],[-97.739056,30.2751873],[-97.7390322,30.2751878],[-97.7390099,30.275195],[-97.7389916,30.2752082],[-97.7389795,30.2752259],[-97.7389747,30.275246],[-97.7389779,30.2752664],[-97.7389888,30.2752847],[-97.739006,30.2752989],[-97.7390277,30.2753074],[-97.7390514,30.2753092]]]},"properties":{"k":"area","s":"concrete","u":"footway"}},{"type":"Feature","geometry":{"type":"Polygon","coordinates":[[[-97.7404821,30.2743069],[-97.7406241,30.2743467],[-97.7406557,30.2743555],[-97.7406737,30.2743653],[-97.7409585,30.2745602],[-97.7409759,30.2745702],[-97.7409836,30.2745745],[-97.7409949,30.2745802],[-97.7412189,30.2746424],[-97.7412262,30.274646],[-97.7412294,30.2746484],[-97.7412335,30.2746514],[-97.7412411,30.2746586],[-97.7412541,30.2746756],[-97.7412716,30.2747042],[-97.7412835,30.2747307],[-97.7412914,30.274759],[-97.7412952,30.2747792],[-97.7412941,30.2747989],[-97.7412921,30.274809],[-97.7412905,30.2748167],[-97.7412499,30.2749263],[-97.7412119,30.2750285],[-97.7412075,30.2750373],[-97.7412044,30.2750436],[-97.7411945,30.2750584],[-97.7411806,30.2750727],[-97.7411689,30.2750833],[-97.7411441,30.2751004],[-97.7411228,30.2751132],[-97.7411004,30.2751235],[-97.7410745,30.2751322],[-97.7410588,30.275136],[-97.7410468,30.275137],[-97.7410413,30.2751375],[-97.7410262,30.2751363],[-97.7409823,30.2751241],[-97.7407994,30.2750734],[-97.7407638,30.2750635],[-97.7407263,30.2750547],[-97.7406892,30.2750504],[-97.7406513,30.2750507],[-97.7406041,30.2750563],[-97.7405517,30.2750709],[-97.7405024,30.2750925],[-97.7404616,30.2751187],[-97.740427,30.2751451],[-97.7404082,30.2751595],[-97.7404066,30.275181],[-97.7403087,30.2752708],[-97.7402952,30.2752818],[-97.7402768,30.2752934],[-97.7402594,30.2753009],[-97.7402369,30.2753071],[-97.7402105,30.2753076],[-97.7401851,30.2753035],[-97.7401191,30.2752852],[-97.740053,30.2752669],[-97.7400349,30.2752598],[-97.7400138,30.2752461],[-97.7399997,30.2752298],[-97.7399906,30.275215],[-97.7399834,30.2751963],[-97.7399798,30.2751806],[-97.7399687,30.2750594],[-97.7399688,30.2750377],[-97.7399656,30.2750259],[-97.7399528,30.2749776],[-97.7399373,30.2749358],[-97.7399118,30.2748935],[-97.739879,30.2748553],[-97.7398444,30.274827],[-97.7398138,30.2748077],[-97.7397808,30.2747925],[-97.7397443,30.2747808],[-97.7397141,30.2747724],[-97.7396004,30.2747415],[-97.7394819,30.274708],[-97.7394688,30.2747014],[-97.7394641,30.2746979],[-97.7394556,30.2746914],[-97.7394454,30.2746805],[-97.7394302,30.2746604],[-97.7394189,30.2746407],[-97.7394102,30.2746196],[-97.7394016,30.2745932],[-97.7393992,30.2745788],[-97.7393976,30.2745601],[-97.7393994,30.2745431],[-97.7394017,30.2745342],[-97.7394036,30.274527],[-97.7394415,30.2744249],[-97.7394823,30.2743153],[-97.7394873,30.2743063],[-97.7394913,30.274299],[-97.7395037,30.2742824],[-97.7395205,30.274268],[-97.7395459,30.2742489],[-97.7395735,30.2742333],[-97.739607,30.2742189],[-97.739629,30.2742116],[-97.73964,30.2742095],[-97.7396459,30.2742091],[-97.7396496,30.2742088],[-97.739658,30.2742095],[-97.739882,30.2742717],[-97.7398951,30.2742727],[-97.7399048,30.274273],[-97.7399251,30.2742737],[-97.74029,30.2742582],[-97.7403093,30.2742594],[-97.7403453,30.2742694],[-97.7404821,30.2743069]]]},"properties":{"k":"area","s":"paving","u":"footway","name":"Oval Walk"}},{"type":"Feature","geometry":{"type":"Polygon","coordinates":[[[-97.7405394,30.2738137],[-97.7405297,30.273802],[-97.740516,30.2737939],[-97.7404999,30.2737903],[-97.7404833,30.2737916],[-97.7404682,30.2737977],[-97.7404564,30.2738078],[-97.7404493,30.2738209],[-97.7404477,30.2738339],[-97.7404509,30.2738467],[-97.7404585,30.2738581],[-97.7404698,30.2738668],[-97.7404837,30.2738721],[-97.7404988,30.2738734],[-97.7405137,30.2738705],[-97.7405267,30.2738639],[-97.7405368,30.273854],[-97.7405427,30.2738419],[-97.7405439,30.2738276],[-97.7405394,30.2738137]]]},"properties":{"k":"area","s":"concrete","u":"footway"}},{"type":"Feature","geometry":{"type":"Polygon","coordinates":[[[-97.7392298,30.2757721],[-97.7391768,30.2759174],[-97.7395798,30.2760309],[-97.7395897,30.2760036],[-97.7396043,30.2759633],[-97.7396315,30.2758879],[-97.7392298,30.2757721]]]},"properties":{"k":"area","s":"grass","u":"lawn"}},{"type":"Feature","geometry":{"type":"Polygon","coordinates":[[[-97.7396798,30.2725974],[-97.7396415,30.2725997],[-97.7395939,30.2726038],[-97.7395524,30.2726101],[-97.7395155,30.2726183],[-97.7394806,30.2726304],[-97.7394571,30.2726461],[-97.7394404,30.2726611],[-97.739431,30.272682],[-97.7394216,30.2727086],[-97.7394236,30.27273],[-97.7394263,30.27277],[-97.739433,30.2728227],[-97.7394531,30.2728985],[-97.7394833,30.272979],[-97.7394913,30.2729987],[-97.7394974,30.2730092],[-97.7395081,30.273008],[-97.7395135,30.2730022],[-97.7395175,30.2729854],[-97.7395396,30.2729182],[-97.7395678,30.2728511],[-97.7395979,30.2727908],[-97.7396342,30.2727225],[-97.7396657,30.2726553],[-97.7396804,30.2726235],[-97.7396865,30.2726101],[-97.7396798,30.2725974]]]},"properties":{"k":"area","s":"grass","u":"lawn"}},{"type":"Feature","geometry":{"type":"Polygon","coordinates":[[[-97.7390823,30.2759608],[-97.7391225,30.2759724],[-97.7391011,30.2760257],[-97.7390595,30.276013],[-97.7390823,30.2759608]]]},"properties":{"k":"area","s":"grass","u":"lawn"}},{"type":"Feature","geometry":{"type":"Polygon","coordinates":[[[-97.7386964,30.2747547],[-97.7387678,30.2747708],[-97.7386827,30.2749949],[-97.7386136,30.2749787],[-97.7386964,30.2747547]]]},"properties":{"k":"area","s":"grass","u":"lawn"}},{"type":"Feature","geometry":{"type":"Polygon","coordinates":[[[-97.7392003,30.2733491],[-97.7394317,30.2733068],[-97.7394531,30.2733004],[-97.7394692,30.2732923],[-97.7394746,30.2732825],[-97.7394826,30.2732171],[-97.7394893,30.273151],[-97.739492,30.2731192],[-97.7394933,30.2731064],[-97.7394933,30.2730978],[-97.7394873,30.2730937],[-97.7394779,30.2730949],[-97.7393458,30.2732049],[-97.7392359,30.2733074],[-97.7392003,30.2733491]]]},"properties":{"k":"area","s":"grass","u":"lawn"}},{"type":"Feature","geometry":{"type":"Polygon","coordinates":[[[-97.7387591,30.2747488],[-97.7386914,30.2747297],[-97.7386994,30.2747059],[-97.738682,30.274699],[-97.738686,30.2746862],[-97.73869,30.2746747],[-97.7386974,30.2746631],[-97.7387122,30.2746521],[-97.7387262,30.2746457],[-97.7387437,30.2746422],[-97.7387571,30.2746417],[-97.7387712,30.2746498],[-97.7387846,30.2746602],[-97.7387913,30.2746706],[-97.7387946,30.2746845],[-97.7387953,30.2746949],[-97.7387933,30.2747071],[-97.7387873,30.2747262],[-97.7387698,30.2747222],[-97.7387591,30.2747488]]]},"properties":{"k":"area","s":"grass","u":"lawn"}},{"type":"Feature","geometry":{"type":"Polygon","coordinates":[[[-97.7397287,30.2724839],[-97.7397374,30.2724613],[-97.7392761,30.2723316],[-97.7392781,30.2723432],[-97.7396469,30.2724463],[-97.7396818,30.2724717],[-97.7397287,30.2724839]]]},"properties":{"k":"area","s":"grass","u":"lawn"}},{"type":"Feature","geometry":{"type":"Polygon","coordinates":[[[-97.7397488,30.2725071],[-97.7396945,30.2726478],[-97.7396839,30.2726688],[-97.7396811,30.2726744],[-97.739657,30.2727254],[-97.7396355,30.2727706],[-97.7395953,30.2728499],[-97.7395671,30.272909],[-97.739545,30.2729669],[-97.7395349,30.2730057],[-97.7395275,30.2730427],[-97.7395344,30.2730554],[-97.7395369,30.2730601],[-97.7395825,30.2731099],[-97.7396442,30.2731806],[-97.7396663,30.2732084],[-97.7396811,30.2732205],[-97.7396945,30.2732234],[-97.7397173,30.2732176],[-97.7398192,30.2731823],[-97.7399755,30.2731354],[-97.740245,30.2730694],[-97.7402725,30.2730595],[-97.7403094,30.2730341],[-97.7403584,30.2729924],[-97.7403832,30.2729675],[-97.7404502,30.2729049],[-97.7404925,30.2728719],[-97.7405307,30.2728522],[-97.7406038,30.2728192],[-97.7406836,30.2727943],[-97.7406936,30.2727804],[-97.7406883,30.2727706],[-97.7397488,30.2725071]]]},"properties":{"k":"area","s":"grass","u":"lawn"}},{"type":"Feature","geometry":{"type":"Polygon","coordinates":[[[-97.7396952,30.2725789],[-97.7397005,30.2725719],[-97.7397267,30.272503],[-97.7396972,30.2724943],[-97.7396697,30.2724839],[-97.7396415,30.2724706],[-97.7396248,30.2724596],[-97.7392727,30.2723623],[-97.739264,30.2723727],[-97.7392573,30.2723889],[-97.7392318,30.2724602],[-97.739266,30.2724688],[-97.7392607,30.2724851],[-97.7394162,30.272525],[-97.7394196,30.2725146],[-97.7394431,30.2725239],[-97.7394585,30.2725435],[-97.7394625,30.2725615],[-97.7394625,30.2725841],[-97.7394591,30.2726113],[-97.7395,30.2726032],[-97.7395651,30.2725887],[-97.7396952,30.2725789]]]},"properties":{"k":"area","s":"grass","u":"lawn"}},{"type":"Feature","geometry":{"type":"Polygon","coordinates":[[[-97.7391084,30.2727457],[-97.7391366,30.2727538],[-97.7392151,30.2725389],[-97.7392063,30.2725337],[-97.7392023,30.2725435],[-97.7391835,30.2725453],[-97.7391084,30.2727457]]]},"properties":{"k":"area","s":"grass","u":"lawn"}},{"type":"Feature","geometry":{"type":"Polygon","coordinates":[[[-97.7391346,30.2733821],[-97.7391755,30.2734174],[-97.7392831,30.2734887],[-97.7393116,30.2735286],[-97.7393284,30.2735599],[-97.7393431,30.2735825],[-97.7393586,30.2736045],[-97.7393713,30.2736201],[-97.7393807,30.2736265],[-97.7393887,30.2736236],[-97.7393961,30.2736004],[-97.7394317,30.2734626],[-97.739447,30.2733957],[-97.7394571,30.2733601],[-97.7394612,30.2733398],[-97.7394625,30.2733259],[-97.7394565,30.2733219],[-97.7394189,30.2733288],[-97.7391346,30.2733821]]]},"properties":{"k":"area","s":"grass","u":"lawn"}},{"type":"Feature","geometry":{"type":"Polygon","coordinates":[[[-97.7391078,30.2753117],[-97.739342,30.2753772],[-97.7393688,30.2752943],[-97.7391356,30.2752295],[-97.7391078,30.2753117]]]},"properties":{"k":"area","s":"grass","u":"lawn"}},{"type":"Feature","geometry":{"type":"Polygon","coordinates":[[[-97.7390541,30.2760112],[-97.7390937,30.2759058],[-97.7390608,30.2758948],[-97.7390723,30.2758682],[-97.7389482,30.2758317],[-97.7389542,30.2758195],[-97.7386216,30.2757263],[-97.7385727,30.2758798],[-97.7386995,30.275907],[-97.7389076,30.2759712],[-97.7390541,30.2760112]]]},"properties":{"k":"area","s":"asphalt","u":"parking"}},{"type":"Feature","geometry":{"type":"Polygon","coordinates":[[[-97.7396798,30.2757622],[-97.7392747,30.2756481],[-97.7393297,30.2755045],[-97.7397347,30.2756192],[-97.7396798,30.2757622]]]},"properties":{"k":"area","s":"grass","u":"lawn"}},{"type":"Feature","geometry":{"type":"Polygon","coordinates":[[[-97.7399148,30.2725138],[-97.7399047,30.2725363],[-97.7407372,30.2727677],[-97.7407506,30.2727584],[-97.7407446,30.2727503],[-97.7407345,30.2727428],[-97.7407117,30.2727335],[-97.7399148,30.2725138]]]},"properties":{"k":"area","s":"grass","u":"lawn"}},{"type":"Feature","geometry":{"type":"Polygon","coordinates":[[[-97.7393706,30.2753875],[-97.7397783,30.2754999],[-97.7398085,30.2754142],[-97.739402,30.2753009],[-97.7393706,30.2753875]]]},"properties":{"k":"area","s":"grass","u":"lawn"}},{"type":"Feature","geometry":{"type":"Polygon","coordinates":[[[-97.7386089,30.2744714],[-97.738625,30.2744766],[-97.7386324,30.2744975],[-97.7386538,30.2745322],[-97.7386753,30.2745641],[-97.7386987,30.2745901],[-97.7387356,30.2746144],[-97.7387611,30.274626],[-97.738796,30.2746353],[-97.7388362,30.2746422],[-97.7388711,30.2746388],[-97.7389194,30.274622],[-97.7389616,30.2746034],[-97.7389743,30.2745866],[-97.7389837,30.2745577],[-97.7389945,30.2745247],[-97.7390126,30.2744778],[-97.7390253,30.2744546],[-97.7390354,30.2744303],[-97.7390501,30.2743915],[-97.7390682,30.2743481],[-97.7390803,30.2743168],[-97.739083,30.2742988],[-97.7390669,30.2742751],[-97.7390327,30.2742328],[-97.7390186,30.2742021],[-97.7390052,30.2741737],[-97.7389978,30.2741494],[-97.7389857,30.2741216],[-97.7389723,30.2740915],[-97.7389428,30.2740695],[-97.7388818,30.2740446],[-97.7388355,30.2740284],[-97.7387846,30.2740127],[-97.7387202,30.2741813],[-97.7386089,30.2744714]]]},"properties":{"k":"area","s":"grass","u":"lawn"}},{"type":"Feature","geometry":{"type":"Polygon","coordinates":[[[-97.7390903,30.2733537],[-97.7391078,30.2733584],[-97.7391346,30.2733549],[-97.7391695,30.273341],[-97.7391949,30.2733167],[-97.7392385,30.2732755],[-97.7392741,30.273242],[-97.7393203,30.2732003],[-97.7393606,30.2731562],[-97.7394337,30.273107],[-97.7394598,30.2730862],[-97.7394719,30.2730717],[-97.7394793,30.2730595],[-97.7394826,30.2730497],[-97.7394819,30.2730375],[-97.7394692,30.2730022],[-97.7394498,30.2729501],[-97.7394377,30.2729182],[-97.7394276,30.2728841],[-97.7394189,30.2728615],[-97.7394122,30.2728516],[-97.7394015,30.2728424],[-97.7392855,30.2728099],[-97.7391011,30.272763],[-97.7390052,30.2730254],[-97.7390742,30.2730456],[-97.7390085,30.2732246],[-97.7390052,30.2732506],[-97.7390079,30.2732726],[-97.7390219,30.273268],[-97.739085,30.2733155],[-97.7390568,30.2733485],[-97.7390903,30.2733537]]]},"properties":{"k":"area","s":"grass","u":"lawn"}},{"type":"Feature","geometry":{"type":"Polygon","coordinates":[[[-97.7393116,30.2738396],[-97.7393016,30.2738431],[-97.7392908,30.2738772],[-97.7392741,30.2739323],[-97.7392627,30.2739676],[-97.739256,30.274],[-97.7392506,30.274051],[-97.7392506,30.274095],[-97.7392526,30.2741459],[-97.7392546,30.2741807],[-97.7392593,30.2742108],[-97.7392667,30.2742317],[-97.7392714,30.2742403],[-97.7392814,30.2742392],[-97.7392928,30.2742282],[-97.7393136,30.2741888],[-97.7393297,30.2741668],[-97.7393458,30.2741465],[-97.7393861,30.2741089],[-97.7394089,30.2740927],[-97.7394256,30.2740788],[-97.7394276,30.2740614],[-97.7394189,30.2740469],[-97.7393981,30.2740203],[-97.7393787,30.2739913],[-97.7393633,30.2739647],[-97.7393458,30.2739299],[-97.7393358,30.2738911],[-97.739325,30.2738616],[-97.7393116,30.2738396]]]},"properties":{"k":"area","s":"grass","u":"lawn"}},{"type":"Feature","geometry":{"type":"Polygon","coordinates":[[[-97.7393954,30.2726576],[-97.7394109,30.272664],[-97.7394169,30.2726605],[-97.7394236,30.2726489],[-97.7394343,30.2726281],[-97.7394384,30.2726136],[-97.739441,30.2725968],[-97.739441,30.27258],[-97.739441,30.2725656],[-97.7394384,30.2725488],[-97.7393954,30.2726576]]]},"properties":{"k":"area","s":"grass","u":"lawn"}},{"type":"Feature","geometry":{"type":"Polygon","coordinates":[[[-97.7390783,30.2742571],[-97.7390863,30.2742687],[-97.7390937,30.2742722],[-97.7391017,30.2742687],[-97.7391084,30.2742508],[-97.739138,30.2741622],[-97.7391675,30.2741077],[-97.7391862,30.2740765],[-97.7392144,30.2740232],[-97.7392352,30.2739809],[-97.7392533,30.2739328],[-97.7392761,30.2738622],[-97.7392828,30.2738251],[-97.7392855,30.2737944],[-97.7392694,30.2737585],[-97.7390749,30.2735379],[-97.7390219,30.2735205],[-97.7388389,30.2740099],[-97.73891,30.2740371],[-97.7389509,30.2740521],[-97.738979,30.274066],[-97.7389924,30.2740846],[-97.7390025,30.2740985],[-97.7390126,30.2741222],[-97.7390213,30.2741541],[-97.7390441,30.2742056],[-97.7390649,30.2742409],[-97.7390783,30.2742571]]]},"properties":{"k":"area","s":"grass","u":"lawn","name":"East Lawn"}},{"type":"Feature","geometry":{"type":"Polygon","coordinates":[[[-97.738749,30.275014],[-97.7391312,30.275113],[-97.7391091,30.2751924],[-97.7391326,30.275208],[-97.7391453,30.2752179],[-97.73927,30.2752445],[-97.7393747,30.27527],[-97.739382,30.275215],[-97.7393814,30.2751767],[-97.7393867,30.2751518],[-97.7393907,30.2751281],[-97.7393975,30.2750968],[-97.7394142,30.2750656],[-97.7394498,30.275025],[-97.7394659,30.2750042],[-97.739484,30.2749775],[-97.7395014,30.2749445],[-97.7395182,30.2749028],[-97.7394886,30.2748959],[-97.7394638,30.2748895],[-97.739427,30.2748762],[-97.7393941,30.2748646],[-97.73937,30.2748524],[-97.7393425,30.2748362],[-97.7393069,30.274809],[-97.739268,30.2747795],[-97.7392452,30.2747499],[-97.7392231,30.2747094],[-97.739203,30.2746637],[-97.7391949,30.2746411],[-97.7391856,30.2746156],[-97.7391815,30.2745959],[-97.7391829,30.2745681],[-97.7391869,30.2745282],[-97.7391949,30.2744836],[-97.7391654,30.2744928],[-97.7391105,30.2745316],[-97.7390521,30.2745733],[-97.7390152,30.2745971],[-97.7389797,30.2746196],[-97.73892,30.2746556],[-97.7388932,30.274659],[-97.738857,30.2746805],[-97.7388396,30.2747054],[-97.7388194,30.2747604],[-97.7388382,30.2747656],[-97.738749,30.275014]]]},"properties":{"k":"area","s":"grass","u":"lawn"}},{"type":"Feature","geometry":{"type":"Polygon","coordinates":[[[-97.7393324,30.2754999],[-97.7396496,30.2755862],[-97.7396532,30.2755736],[-97.7393512,30.27549],[-97.7393753,30.2754304],[-97.7393895,30.2754344],[-97.7396744,30.2755155],[-97.7396798,30.2755028],[-97.7393619,30.2754124],[-97.7393324,30.2754999]]]},"properties":{"k":"area","s":"grass","u":"garden"}},{"type":"Feature","geometry":{"type":"Polygon","coordinates":[[[-97.7390059,30.274578],[-97.7390173,30.2745733],[-97.7390588,30.274542],[-97.7391641,30.2744708],[-97.7391929,30.2744511],[-97.7392097,30.2744349],[-97.7392171,30.2744129],[-97.7392211,30.2743869],[-97.7392144,30.2743701],[-97.7391929,30.2743585],[-97.7391011,30.2743185],[-97.7390401,30.274476],[-97.7390266,30.274498],[-97.7390139,30.2745253],[-97.7390092,30.2745403],[-97.7390018,30.2745664],[-97.7389998,30.2745751],[-97.7390059,30.274578]]]},"properties":{"k":"area","s":"grass","u":"lawn"}},{"type":"Feature","geometry":{"type":"Polygon","coordinates":[[[-97.7395845,30.2757541],[-97.7395792,30.2757697],[-97.7392821,30.2756846],[-97.7392566,30.2757472],[-97.7395564,30.2758288],[-97.7395533,30.2758417],[-97.7392338,30.2757558],[-97.7392674,30.2756649],[-97.7395845,30.2757541]]]},"properties":{"k":"area","s":"grass","u":"garden"}},{"type":"Feature","geometry":{"type":"Polygon","coordinates":[[[-97.7391272,30.2743006],[-97.7391386,30.2743116],[-97.7391648,30.2743243],[-97.7391835,30.2743342],[-97.7392151,30.2743469],[-97.7392305,30.2743469],[-97.7392473,30.2743284],[-97.739258,30.2743121],[-97.7392593,30.274293],[-97.7392613,30.2742699],[-97.7392479,30.2742432],[-97.7392412,30.274216],[-97.7392365,30.2741865],[-97.7392312,30.2741425],[-97.7392305,30.2741153],[-97.7392298,30.2740979],[-97.7392298,30.2740811],[-97.7392271,30.274073],[-97.7392177,30.2740724],[-97.7392084,30.2740799],[-97.7391876,30.2741147],[-97.7391701,30.2741419],[-97.7391514,30.2741859],[-97.7391319,30.2742409],[-97.7391225,30.2742751],[-97.7391225,30.2742925],[-97.7391272,30.2743006]]]},"properties":{"k":"area","s":"grass","u":"lawn"}},{"type":"Feature","geometry":{"type":"Polygon","coordinates":[[[-97.7394008,30.2752763],[-97.7398165,30.275391],[-97.7398239,30.2753702],[-97.7398286,30.2753511],[-97.7398286,30.2753302],[-97.73983,30.2753151],[-97.7397783,30.275303],[-97.7397783,30.2752839],[-97.7397803,30.2752555],[-97.739779,30.2752231],[-97.7397783,30.275197],[-97.7397689,30.2751605],[-97.7397589,30.2751327],[-97.7397482,30.2751032],[-97.73973,30.2750742],[-97.7397086,30.2750488],[-97.7396932,30.2750163],[-97.7397294,30.2749961],[-97.7397233,30.2749845],[-97.7397106,30.2749712],[-97.7396938,30.2749584],[-97.7396771,30.2749492],[-97.7396402,30.2749347],[-97.73961,30.2749283],[-97.7395396,30.2749109],[-97.7395275,30.2749376],[-97.7395088,30.2749775],[-97.739494,30.2750042],[-97.7394779,30.275021],[-97.7394612,30.2750441],[-97.739437,30.2750731],[-97.7394196,30.2750997],[-97.7394129,30.275131],[-97.7394055,30.2751733],[-97.7394015,30.2752283],[-97.7394001,30.2752578],[-97.7394008,30.2752763]]]},"properties":{"k":"area","s":"grass","u":"lawn"}},{"type":"Feature","geometry":{"type":"Polygon","coordinates":[[[-97.7398353,30.2757419],[-97.7398863,30.2757564],[-97.7399882,30.275468],[-97.7399775,30.2754651],[-97.7399668,30.2754622],[-97.7399574,30.2754622],[-97.7399446,30.2754675],[-97.7399352,30.2754744],[-97.7399292,30.2754837],[-97.7399232,30.2754981],[-97.7398353,30.2757419]]]},"properties":{"k":"area","s":"grass","u":"lawn"}},{"type":"Feature","geometry":{"type":"Polygon","coordinates":[[[-97.7395292,30.2739108],[-97.7395427,30.2739415],[-97.7395708,30.2739722],[-97.7396218,30.2740023],[-97.7396768,30.2740168],[-97.7397794,30.27404],[-97.7398793,30.2740614],[-97.7399571,30.2740805],[-97.740002,30.2740857],[-97.7400711,30.2740741],[-97.740111,30.2740599],[-97.7401347,30.2740511],[-97.7401392,30.274042],[-97.7401368,30.2740278],[-97.7401359,30.2740235],[-97.7401221,30.2740236],[-97.7401084,30.2740206],[-97.7400957,30.2740158],[-97.7400865,30.2740055],[-97.7400805,30.2739894],[-97.7400807,30.2739766],[-97.7400853,30.2739661],[-97.7400947,30.2739566],[-97.7401052,30.2739507],[-97.7400523,30.273795],[-97.7400375,30.2737498],[-97.7399946,30.2736589],[-97.7399544,30.2735778],[-97.7398471,30.2734383],[-97.7398397,30.2734308],[-97.739833,30.273425],[-97.7398243,30.2734244],[-97.7398116,30.2734296],[-97.7397418,30.2734678],[-97.7396546,30.2735037],[-97.7395842,30.2735344],[-97.7395178,30.2735593],[-97.739491,30.2735692],[-97.7394696,30.2735844],[-97.7394609,30.2735906],[-97.7394374,30.2736137],[-97.73943,30.2736242],[-97.7394233,30.2736479],[-97.7394215,30.2736692],[-97.7394213,30.2736722],[-97.7394287,30.2736971],[-97.7394723,30.2737556],[-97.7395064,30.2738419],[-97.7395292,30.2739108]]]},"properties":{"k":"area","s":"grass","u":"lawn"}},{"type":"Feature","geometry":{"type":"Polygon","coordinates":[[[-97.7391359,30.2759383],[-97.7390938,30.2759256],[-97.7391017,30.2759029],[-97.7390682,30.2758931],[-97.7390783,30.275867],[-97.7389549,30.2758317],[-97.7389623,30.275819],[-97.7391601,30.2758728],[-97.7391359,30.2759383]]]},"properties":{"k":"area","s":"grass","u":"lawn"}},{"type":"Feature","geometry":{"type":"Polygon","coordinates":[[[-97.7394363,30.2735697],[-97.7394558,30.2735651],[-97.7395108,30.2735344],[-97.7395785,30.2735089],[-97.7396684,30.273473],[-97.7397233,30.2734481],[-97.7397609,30.273429],[-97.7397917,30.2734134],[-97.7398005,30.2734087],[-97.7398038,30.2733995],[-97.7398025,30.2733925],[-97.7397703,30.2733584],[-97.7396878,30.2732599],[-97.7396764,30.2732559],[-97.739663,30.2732553],[-97.7394913,30.2733143],[-97.7394853,30.2733265],[-97.7394726,30.2733844],[-97.7394545,30.273458],[-97.7394303,30.2735587],[-97.7394363,30.2735697]]]},"properties":{"k":"area","s":"grass","u":"lawn"}},{"type":"Feature","geometry":{"type":"Polygon","coordinates":[[[-97.7393354,30.2754063],[-97.7392582,30.2753858],[-97.739101,30.2754844],[-97.7391029,30.2755019],[-97.7390964,30.2755188],[-97.7390799,30.2755302],[-97.7390585,30.2755317],[-97.7390379,30.2755215],[-97.7390051,30.2755417],[-97.738763,30.2754803],[-97.7387365,30.2755533],[-97.7390836,30.2756475],[-97.7392278,30.2756892],[-97.7393354,30.2754063]]]},"properties":{"k":"area","s":"grass","u":"lawn"}},{"type":"Feature","geometry":{"type":"Polygon","coordinates":[[[-97.7399949,30.2757877],[-97.7400452,30.275801],[-97.7401398,30.2755474],[-97.7401418,30.2755381],[-97.7401418,30.2755294],[-97.7401371,30.2755201],[-97.7401331,30.2755167],[-97.7401284,30.2755109],[-97.740121,30.2755068],[-97.7401103,30.2755039],[-97.7401022,30.2755063],[-97.7399949,30.2757877]]]},"properties":{"k":"area","s":"grass","u":"lawn"}},{"type":"Feature","geometry":{"type":"Polygon","coordinates":[[[-97.7393458,30.2728065],[-97.7393948,30.2728209],[-97.7394035,30.2728238],[-97.7394095,30.2728192],[-97.7394102,30.2728105],[-97.7394048,30.2727879],[-97.7394048,30.2727688],[-97.7394035,30.272748],[-97.7394021,30.2727312],[-97.7394021,30.2727173],[-97.7394028,30.272708],[-97.7394001,30.2727016],[-97.7393921,30.2726982],[-97.73938,30.2726947],[-97.7393458,30.2728065]]]},"properties":{"k":"area","s":"grass","u":"lawn"}},{"type":"Feature","geometry":{"type":"Polygon","coordinates":[[[-97.7398011,30.2733589],[-97.7398226,30.2733862],[-97.739834,30.2733891],[-97.7398501,30.2733809],[-97.7399292,30.273334],[-97.7400459,30.2732541],[-97.7401163,30.2731997],[-97.7402303,30.2730966],[-97.7402162,30.2730949],[-97.7400633,30.2731348],[-97.7397153,30.2732385],[-97.7397086,30.2732472],[-97.7397113,30.273257],[-97.7397428,30.2732923],[-97.7398011,30.2733589]]]},"properties":{"k":"area","s":"grass","u":"lawn"}},{"type":"Feature","geometry":{"type":"Polygon","coordinates":[[[-97.7406749,30.2728325],[-97.7406594,30.2728667],[-97.7406205,30.2729229],[-97.7405823,30.2729692],[-97.7405253,30.2730335],[-97.740469,30.2731082],[-97.7404415,30.2731528],[-97.7404107,30.2732188],[-97.7403557,30.2733387],[-97.7403242,30.2734145],[-97.7402819,30.273517],[-97.7402665,30.2735709],[-97.7402343,30.2736711],[-97.7402313,30.2737351],[-97.7402258,30.2737805],[-97.7402278,30.2738422],[-97.7402258,30.2738854],[-97.740227,30.2739143],[-97.7402249,30.2739414],[-97.7402195,30.2739618],[-97.7402124,30.2739752],[-97.7402068,30.2739829],[-97.7401897,30.273987],[-97.7401715,30.2739873],[-97.7401701,30.2739739],[-97.7401632,30.2739616],[-97.740155,30.273954],[-97.7401395,30.2739478],[-97.740123,30.2739451],[-97.740116,30.2739213],[-97.7401064,30.2738839],[-97.7400904,30.2738365],[-97.7400661,30.2737623],[-97.7400533,30.2737238],[-97.7400439,30.2736931],[-97.7400204,30.2736456],[-97.7399902,30.2735964],[-97.7399661,30.2735593],[-97.7399289,30.2735127],[-97.7398903,30.2734649],[-97.7398554,30.2734221],[-97.7398474,30.2734128],[-97.7398487,30.2734047],[-97.7398642,30.2733943],[-97.7399051,30.2733699],[-97.7399708,30.2733282],[-97.740017,30.2732976],[-97.7400747,30.2732541],[-97.7401257,30.2732136],[-97.740186,30.2731626],[-97.7402216,30.2731285],[-97.7402739,30.2730862],[-97.7403161,30.2730543],[-97.7403698,30.2730126],[-97.7404113,30.2729709],[-97.7404563,30.2729258],[-97.7404965,30.2728956],[-97.7405468,30.2728661],[-97.7406018,30.2728418],[-97.7406413,30.2728291],[-97.7406635,30.2728256],[-97.7406749,30.2728325]]]},"properties":{"k":"area","s":"grass","u":"lawn"}},{"type":"Feature","geometry":{"type":"Polygon","coordinates":[[[-97.7394617,30.2745431],[-97.7394756,30.2745058],[-97.7394425,30.2744966],[-97.7394287,30.2745339],[-97.7394617,30.2745431]]]},"properties":{"k":"area","s":"grass","u":"lawn"}},{"type":"Feature","geometry":{"type":"Polygon","coordinates":[[[-97.7411798,30.2761821],[-97.7412247,30.2761954],[-97.7412334,30.2761705],[-97.741222,30.2761664],[-97.7412281,30.2761508],[-97.741218,30.2761479],[-97.7412441,30.2761154],[-97.7412696,30.2760958],[-97.7412971,30.2760199],[-97.7412931,30.276017],[-97.7413099,30.2759718],[-97.7413555,30.2759846],[-97.7413602,30.2759736],[-97.7412809,30.2759419],[-97.7412399,30.2760637],[-97.7411798,30.2761821]]]},"properties":{"k":"area","s":"grass","u":"lawn"}},{"type":"Feature","geometry":{"type":"Polygon","coordinates":[[[-97.7406139,30.2758671],[-97.7402089,30.2757547],[-97.7401566,30.2758925],[-97.7405602,30.276006],[-97.7406139,30.2758671]]]},"properties":{"k":"area","s":"grass","u":"lawn"}},{"type":"Feature","geometry":{"type":"Polygon","coordinates":[[[-97.7418973,30.2757089],[-97.7419295,30.2756342],[-97.7419214,30.2755682],[-97.7418463,30.2755393],[-97.7418235,30.2755891],[-97.7418248,30.2755952],[-97.7418289,30.2756145],[-97.7418973,30.2757089]]]},"properties":{"k":"area","s":"grass","u":"lawn"}},{"type":"Feature","geometry":{"type":"Polygon","coordinates":[[[-97.7410624,30.2751201],[-97.7410944,30.2750337],[-97.7411226,30.2750416],[-97.7411269,30.275041],[-97.741131,30.2750395],[-97.7411346,30.2750366],[-97.741137,30.2750337],[-97.7411386,30.2750308],[-97.7411829,30.2750431],[-97.7411677,30.2750617],[-97.7411591,30.27507],[-97.741141,30.2750834],[-97.7411143,30.2751001],[-97.7410954,30.2751095],[-97.7410782,30.2751156],[-97.7410624,30.2751201]]]},"properties":{"k":"area","s":"grass","u":"lawn"}},{"type":"Feature","geometry":{"type":"Polygon","coordinates":[[[-97.7395411,30.2743294],[-97.7395273,30.2743667],[-97.7394942,30.2743576],[-97.7395081,30.2743203],[-97.7395411,30.2743294]]]},"properties":{"k":"area","s":"grass","u":"lawn"}},{"type":"Feature","geometry":{"type":"Polygon","coordinates":[[[-97.7402042,30.2752958],[-97.7402103,30.2752793],[-97.7402217,30.2752811],[-97.7402305,30.2752814],[-97.740241,30.2752811],[-97.740252,30.2752795],[-97.7402624,30.2752767],[-97.7402707,30.2752736],[-97.7402792,30.2752691],[-97.7402851,30.2752647],[-97.7403717,30.2751706],[-97.7403918,30.2751839],[-97.740302,30.275266],[-97.7402883,30.2752785],[-97.7402781,30.2752859],[-97.7402676,30.2752909],[-97.7402546,30.2752949],[-97.7402401,30.2752974],[-97.740226,30.2752982],[-97.7402156,30.2752978],[-97.7402042,30.2752958]]]},"properties":{"k":"area","s":"grass","u":"lawn"}},{"type":"Feature","geometry":{"type":"Polygon","coordinates":[[[-97.7396339,30.2742316],[-97.7396018,30.2743179],[-97.7395736,30.2743101],[-97.7395693,30.2743107],[-97.7395652,30.2743121],[-97.7395616,30.274315],[-97.7395592,30.274318],[-97.7395576,30.2743208],[-97.7395133,30.2743085],[-97.7395285,30.2742899],[-97.7395372,30.2742817],[-97.7395552,30.2742682],[-97.739582,30.2742515],[-97.7396008,30.2742422],[-97.739618,30.274236],[-97.7396339,30.2742316]]]},"properties":{"k":"area","s":"grass","u":"lawn"}},{"type":"Feature","geometry":{"type":"Polygon","coordinates":[[[-97.7401768,30.2753601],[-97.7401915,30.2753205],[-97.7402103,30.2753247],[-97.7402289,30.2753268],[-97.7402415,30.2753261],[-97.740258,30.2753225],[-97.7402763,30.2753163],[-97.7402937,30.2753083],[-97.7403095,30.2752962],[-97.7404144,30.2751995],[-97.7404326,30.2752115],[-97.7403802,30.275251],[-97.7403634,30.2752641],[-97.7403395,30.2752852],[-97.7403112,30.2753141],[-97.7402775,30.2753555],[-97.7402714,30.2753609],[-97.7402635,30.2753658],[-97.7402543,30.2753699],[-97.7402452,30.2753723],[-97.740235,30.2753731],[-97.7402241,30.2753728],[-97.7402145,30.2753712],[-97.7401768,30.2753601]]]},"properties":{"k":"area","s":"grass","u":"lawn"}},{"type":"Feature","geometry":{"type":"Polygon","coordinates":[[[-97.7404623,30.2742513],[-97.7403943,30.274232],[-97.7403981,30.274222],[-97.7404662,30.2742413],[-97.7404623,30.2742513]]]},"properties":{"k":"area","s":"grass","u":"lawn"}},{"type":"Feature","geometry":{"type":"Polygon","coordinates":[[[-97.7394496,30.2747448],[-97.739471,30.2747522],[-97.7395589,30.2747785],[-97.7395689,30.2747524],[-97.7394732,30.274726],[-97.7394554,30.2747172],[-97.7394384,30.2747046],[-97.7394248,30.2746914],[-97.7394122,30.2746752],[-97.7394026,30.2746604],[-97.739391,30.274639],[-97.7393846,30.274618],[-97.739376,30.2745893],[-97.7393728,30.2745691],[-97.7393721,30.2745455],[-97.7393754,30.2745311],[-97.7393824,30.2745128],[-97.739408,30.2744432],[-97.7393693,30.2744335],[-97.7393455,30.2744984],[-97.739342,30.2745141],[-97.7393409,30.2745366],[-97.7393406,30.2745683],[-97.7393448,30.274596],[-97.7393524,30.2746289],[-97.7393624,30.2746537],[-97.739375,30.2746766],[-97.7393944,30.274704],[-97.7394113,30.274722],[-97.7394273,30.2747334],[-97.7394496,30.2747448]]]},"properties":{"k":"area","s":"grass","u":"lawn"}},{"type":"Feature","geometry":{"type":"Polygon","coordinates":[[[-97.7398263,30.2747051],[-97.7397523,30.2746846],[-97.7397276,30.2747509],[-97.7397896,30.274768],[-97.7398043,30.2747739],[-97.7398179,30.2747813],[-97.7398445,30.274799],[-97.739873,30.2748204],[-97.7398977,30.274843],[-97.7399205,30.2748665],[-97.739943,30.274896],[-97.739961,30.274926],[-97.7399792,30.2749672],[-97.7400253,30.2748433],[-97.7400411,30.2748309],[-97.7400634,30.2747709],[-97.739977,30.2747469],[-97.7399596,30.2747546],[-97.7398353,30.2747201],[-97.7398263,30.2747051]]]},"properties":{"k":"area","s":"grass","u":"lawn"}},{"type":"Feature","geometry":{"type":"Polygon","coordinates":[[[-97.7417873,30.2755711],[-97.7417853,30.2755786],[-97.7417752,30.275585],[-97.7417653,30.2755894],[-97.7417337,30.2756035],[-97.7416793,30.2756279],[-97.7416565,30.2756337],[-97.7416371,30.2756377],[-97.7416163,30.2756377],[-97.7415902,30.2756308],[-97.7415171,30.2756076],[-97.7415358,30.2755578],[-97.741509,30.275548],[-97.7415379,30.275479],[-97.7415788,30.2754837],[-97.7416431,30.2754889],[-97.7417082,30.2755063],[-97.7417551,30.2755167],[-97.7417873,30.2755711]]]},"properties":{"k":"area","s":"grass","u":"lawn"}},{"type":"Feature","geometry":{"type":"Polygon","coordinates":[[[-97.7414729,30.2755752],[-97.7414634,30.275596],[-97.7414876,30.275603],[-97.7414963,30.2755833],[-97.7414729,30.2755752]]]},"properties":{"k":"area","s":"grass","u":"lawn"}},{"type":"Feature","geometry":{"type":"Polygon","coordinates":[[[-97.7417712,30.2730271],[-97.7418021,30.2730619],[-97.7422286,30.2731744],[-97.7422895,30.2731956],[-97.7423452,30.2732118],[-97.7423794,30.2732257],[-97.7424216,30.2732449],[-97.7424344,30.2732217],[-97.7423834,30.2731985],[-97.7422996,30.2731719],[-97.7417712,30.2730271]]]},"properties":{"k":"area","s":"grass","u":"lawn"}},{"type":"Feature","geometry":{"type":"Polygon","coordinates":[[[-97.7413407,30.2729715],[-97.7413407,30.2729993],[-97.7413622,30.2730306],[-97.7414185,30.2730735],[-97.7414775,30.2731175],[-97.7416063,30.2731986],[-97.7417176,30.2732727],[-97.7418249,30.2733526],[-97.741896,30.2734233],[-97.741955,30.273487],[-97.7419885,30.2735356],[-97.7420167,30.2735866],[-97.7420314,30.2736317],[-97.7420488,30.2736908],[-97.7420582,30.2737452],[-97.7420623,30.2737985],[-97.742081,30.2738703],[-97.7420998,30.2739271],[-97.7421266,30.2739885],[-97.7421468,30.2740371],[-97.7421709,30.2740765],[-97.7421977,30.2741101],[-97.7422245,30.2741321],[-97.7422433,30.2741576],[-97.7422487,30.2741819],[-97.7422406,30.2742085],[-97.7422929,30.2742213],[-97.7425152,30.2735997],[-97.7425276,30.2735553],[-97.742537,30.2735066],[-97.742533,30.2734499],[-97.7425169,30.2733931],[-97.7424834,30.2733283],[-97.7424619,30.2733016],[-97.7424096,30.2732646],[-97.74236,30.2732403],[-97.7422661,30.2732136],[-97.7413475,30.272953],[-97.7413407,30.2729715]]]},"properties":{"k":"area","s":"grass","u":"lawn"}},{"type":"Feature","geometry":{"type":"Polygon","coordinates":[[[-97.7412132,30.2755755],[-97.74122,30.2755578],[-97.7410859,30.2755231],[-97.741078,30.27553],[-97.7411051,30.2755409],[-97.7412132,30.2755755]]]},"properties":{"k":"area","s":"grass","u":"lawn"}},{"type":"Feature","geometry":{"type":"Polygon","coordinates":[[[-97.7406868,30.2757898],[-97.7407881,30.2758207],[-97.7407789,30.2758433],[-97.7407847,30.2758456],[-97.7407016,30.2760643],[-97.7409202,30.2761245],[-97.7411342,30.2761861],[-97.7411201,30.2762238],[-97.7408398,30.2761409],[-97.7405825,30.2760706],[-97.7406868,30.2757898]]]},"properties":{"k":"area","s":"grass","u":"lawn"}},{"type":"Feature","geometry":{"type":"Polygon","coordinates":[[[-97.7412777,30.2742508],[-97.741281,30.2742652],[-97.7412944,30.2742896],[-97.7413642,30.2744158],[-97.7414467,30.2744002],[-97.7414876,30.2743782],[-97.7415291,30.274351],[-97.7415835,30.2743197],[-97.7416485,30.2742832],[-97.7416981,30.2742629],[-97.7417953,30.274216],[-97.7418651,30.2741963],[-97.7419422,30.2741905],[-97.7420193,30.2741923],[-97.7420951,30.274201],[-97.7421963,30.2742218],[-97.7422104,30.2742073],[-97.7422178,30.2741882],[-97.7422158,30.2741651],[-97.7422024,30.2741431],[-97.7421836,30.2741228],[-97.7421541,30.2740898],[-97.7421293,30.2740516],[-97.7421051,30.2740157],[-97.742089,30.2739711],[-97.7420723,30.273938],[-97.7420602,30.273901],[-97.7420542,30.273879],[-97.7420428,30.2738419],[-97.7420374,30.273802],[-97.7420361,30.2737742],[-97.7420321,30.27374],[-97.7420233,30.2736751],[-97.7420059,30.2736207],[-97.7419704,30.2735582],[-97.7419476,30.273524],[-97.7419174,30.2734846],[-97.7418825,30.2734418],[-97.7418409,30.2734024],[-97.7417953,30.2733537],[-97.741727,30.2732999],[-97.7416726,30.2732628],[-97.7416183,30.2732298],[-97.7415761,30.2732032],[-97.7415204,30.2731713],[-97.7414232,30.2731007],[-97.7413702,30.273063],[-97.7413166,30.2730248],[-97.7413119,30.2730358],[-97.7412971,30.2731348],[-97.7412938,30.2731858],[-97.7412891,30.2732767],[-97.7412871,30.2733126],[-97.7412777,30.2733798],[-97.7412623,30.2734533],[-97.7412455,30.2735228],[-97.7412294,30.2735854],[-97.7412039,30.2736717],[-97.7411684,30.2737794],[-97.7411919,30.2737996],[-97.7412019,30.2738263],[-97.7412039,30.2738784],[-97.741212,30.2739757],[-97.7412207,30.273985],[-97.7413944,30.2740527],[-97.7414098,30.2740591],[-97.7414239,30.2740556],[-97.7414353,30.2740504],[-97.7414446,30.2740504],[-97.7414728,30.2740579],[-97.7414923,30.2740666],[-97.7415016,30.2740782],[-97.7415003,30.2740938],[-97.7414929,30.2741182],[-97.7414802,30.2741419],[-97.7414654,30.2741512],[-97.7414547,30.2741512],[-97.7414346,30.2741471],[-97.7414225,30.2741425],[-97.7414118,30.2741425],[-97.7413649,30.2741778],[-97.7413012,30.2742264],[-97.741283,30.2742403],[-97.7412777,30.2742508]]]},"properties":{"k":"area","s":"grass","u":"lawn","name":"South West Lawn"}},{"type":"Feature","geometry":{"type":"Polygon","coordinates":[[[-97.7397723,30.2762996],[-97.7398005,30.2762973],[-97.7398286,30.2762886],[-97.7398548,30.2762729],[-97.7398715,30.2762573],[-97.7398802,30.2762411],[-97.739903,30.2761832],[-97.739958,30.2760396],[-97.7399171,30.2760292],[-97.7399104,30.2760541],[-97.7399144,30.2760709],[-97.7399144,30.2760894],[-97.7399044,30.2761033],[-97.7398896,30.2761143],[-97.7398802,30.2761328],[-97.7398796,30.2761467],[-97.7398829,30.2761635],[-97.7398782,30.2761797],[-97.7398648,30.2761925],[-97.7398521,30.2762087],[-97.739843,30.2762259],[-97.7398387,30.2762342],[-97.7398226,30.2762498],[-97.7398025,30.2762591],[-97.739773,30.2762643],[-97.7397549,30.2762643],[-97.7397414,30.2762585],[-97.739728,30.2762498],[-97.7397153,30.2762359],[-97.7397126,30.2762116],[-97.739716,30.2761948],[-97.7397186,30.2761803],[-97.7397166,30.2761647],[-97.7397106,30.2761473],[-97.739714,30.2761334],[-97.739724,30.2761189],[-97.7397374,30.2761079],[-97.7397475,30.276094],[-97.7397475,30.2760813],[-97.7397482,30.2760668],[-97.7397482,30.2760535],[-97.7397488,30.2760396],[-97.7397549,30.2760298],[-97.7397656,30.2760222],[-97.7397783,30.2760095],[-97.739787,30.2759933],[-97.7397468,30.2759805],[-97.7397193,30.2760535],[-97.739673,30.2761728],[-97.739669,30.2762],[-97.7396717,30.2762261],[-97.7396777,30.2762452],[-97.7396979,30.2762683],[-97.73972,30.2762857],[-97.7397421,30.2762944],[-97.7397609,30.2762984],[-97.7397723,30.2762996]]]},"properties":{"k":"area","s":"grass","u":"lawn"}},{"type":"Feature","geometry":{"type":"Polygon","coordinates":[[[-97.7406226,30.2742959],[-97.7405527,30.274276],[-97.7405568,30.2742654],[-97.7406267,30.2742854],[-97.7406226,30.2742959]]]},"properties":{"k":"area","s":"grass","u":"lawn"}},{"type":"Feature","geometry":{"type":"Polygon","coordinates":[[[-97.741393,30.276035],[-97.7413575,30.276024],[-97.7413494,30.2760425],[-97.7413374,30.2760384],[-97.7413199,30.276083],[-97.7413716,30.2760981],[-97.7413528,30.2761473],[-97.741448,30.2761716],[-97.7414547,30.2761531],[-97.7414286,30.2761456],[-97.7414326,30.2761369],[-97.7414064,30.2761299],[-97.7414185,30.2760964],[-97.7413763,30.2760842],[-97.741393,30.276035]]]},"properties":{"k":"area","s":"grass","u":"lawn"}},{"type":"Feature","geometry":{"type":"Polygon","coordinates":[[[-97.7394755,30.2742807],[-97.7394601,30.2743025],[-97.7394289,30.2743855],[-97.7393924,30.2743752],[-97.7394156,30.2743165],[-97.7394303,30.2742857],[-97.7394433,30.2742612],[-97.7394588,30.2742387],[-97.7394779,30.2742182],[-97.7394942,30.2742044],[-97.7395094,30.2741944],[-97.7395272,30.2741849],[-97.7395521,30.2741741],[-97.7395725,30.2741662],[-97.7395945,30.27416],[-97.7396206,30.2741549],[-97.7396432,30.2741527],[-97.7396594,30.2741525],[-97.7396791,30.274154],[-97.7399041,30.2742067],[-97.739929,30.2742117],[-97.7399534,30.2742117],[-97.7400025,30.2742118],[-97.7400742,30.2742034],[-97.7401159,30.2741943],[-97.7402015,30.2741715],[-97.7402251,30.2741683],[-97.7402448,30.2741679],[-97.7402631,30.2741679],[-97.740279,30.27417],[-97.7403008,30.2741798],[-97.740318,30.2741956],[-97.7403317,30.2742002],[-97.7403459,30.2742035],[-97.7403409,30.2742175],[-97.7403279,30.2742143],[-97.7403137,30.2742139],[-97.739943,30.2742423],[-97.7399166,30.2742438],[-97.7398874,30.2742428],[-97.7398591,30.2742386],[-97.7396657,30.2741872],[-97.739648,30.2741857],[-97.7396331,30.2741875],[-97.739617,30.2741901],[-97.7395973,30.2741959],[-97.739574,30.2742042],[-97.7395522,30.2742149],[-97.7395333,30.274225],[-97.7395174,30.2742388],[-97.7395033,30.2742498],[-97.7394908,30.2742632],[-97.7394755,30.2742807]]]},"properties":{"k":"area","s":"grass","u":"lawn"}},{"type":"Feature","geometry":{"type":"Polygon","coordinates":[[[-97.741225,30.2746744],[-97.7411929,30.2747607],[-97.7412211,30.2747686],[-97.7412241,30.2747712],[-97.7412265,30.2747744],[-97.7412275,30.2747786],[-97.7412274,30.2747822],[-97.7412268,30.2747853],[-97.7412712,30.2747976],[-97.7412713,30.2747748],[-97.7412698,30.2747638],[-97.7412642,30.2747437],[-97.7412537,30.2747167],[-97.7412447,30.2746997],[-97.7412349,30.274686],[-97.741225,30.2746744]]]},"properties":{"k":"area","s":"grass","u":"lawn"}},{"type":"Feature","geometry":{"type":"Polygon","coordinates":[[[-97.7411563,30.2738188],[-97.7411483,30.2738263],[-97.7411409,30.2738425],[-97.7411214,30.2738825],[-97.7411067,30.2739114],[-97.7410933,30.2739375],[-97.7410765,30.2739693],[-97.741053,30.2740035],[-97.7410309,30.2740295],[-97.7410081,30.2740556],[-97.7409746,30.2740857],[-97.7409551,30.2741043],[-97.7409417,30.2741315],[-97.740935,30.2741512],[-97.740931,30.2741714],[-97.740937,30.274183],[-97.7409518,30.2741911],[-97.7409786,30.2741593],[-97.7410007,30.274161],[-97.7410182,30.2741703],[-97.7410336,30.2741847],[-97.741039,30.2742021],[-97.7410349,30.2742178],[-97.7410229,30.2742346],[-97.7410074,30.2742456],[-97.740996,30.2742479],[-97.7409833,30.2742456],[-97.7409743,30.2742416],[-97.7409676,30.2742488],[-97.740965,30.2742602],[-97.7409671,30.2742708],[-97.7409773,30.2742884],[-97.7410034,30.2743156],[-97.7410396,30.2743428],[-97.7410779,30.2743579],[-97.7411536,30.2743764],[-97.7412026,30.2743863],[-97.7412777,30.2744054],[-97.7412958,30.27441],[-97.7413186,30.2744135],[-97.741334,30.2744181],[-97.7413333,30.2744054],[-97.7413179,30.2743718],[-97.7413085,30.2743521],[-97.7412958,30.2743318],[-97.7412763,30.2743017],[-97.7412643,30.2742791],[-97.7412475,30.2742392],[-97.7412321,30.2741958],[-97.7412193,30.2741575],[-97.7412079,30.2741135],[-97.7411965,30.2740533],[-97.7411925,30.2740122],[-97.7411898,30.2739577],[-97.7411845,30.2738992],[-97.7411818,30.2738622],[-97.7411818,30.2738431],[-97.7411811,30.2738257],[-97.7411744,30.2738211],[-97.741165,30.2738182],[-97.7411563,30.2738188]]]},"properties":{"k":"area","s":"grass","u":"lawn"}},{"type":"Feature","geometry":{"type":"Polygon","coordinates":[[[-97.7404185,30.275181],[-97.7404402,30.2751953],[-97.7405088,30.2751554],[-97.7405341,30.2751408],[-97.7405634,30.2751279],[-97.7405917,30.2751187],[-97.7406197,30.2751122],[-97.7406579,30.2751059],[-97.7406905,30.2751038],[-97.7407207,30.2751062],[-97.740753,30.2751136],[-97.740942,30.2751677],[-97.7409522,30.2751403],[-97.7407631,30.2750863],[-97.7407284,30.2750777],[-97.7406997,30.2750732],[-97.7406692,30.2750732],[-97.7406308,30.2750766],[-97.7405995,30.2750823],[-97.7405659,30.2750908],[-97.7405373,30.2751022],[-97.7405099,30.2751157],[-97.7404832,30.2751313],[-97.7404617,30.2751472],[-97.7404185,30.275181]]]},"properties":{"k":"area","s":"grass","u":"lawn"}},{"type":"Feature","geometry":{"type":"Polygon","coordinates":[[[-97.7414158,30.2741245],[-97.7414265,30.2741321],[-97.7414467,30.2741373],[-97.7414594,30.2741378],[-97.7414688,30.2741332],[-97.7414742,30.2741176],[-97.7414815,30.2740985],[-97.7414856,30.2740857],[-97.7414842,30.274077],[-97.7414755,30.2740707],[-97.7414621,30.2740672],[-97.7414507,30.2740637],[-97.7414393,30.2740626],[-97.7414306,30.274066],[-97.7414259,30.274077],[-97.7414212,30.2740944],[-97.7414178,30.2741054],[-97.7414118,30.2741164],[-97.7414158,30.2741245]]]},"properties":{"k":"area","s":"grass","u":"lawn"}},{"type":"Feature","geometry":{"type":"Polygon","coordinates":[[[-97.7402151,30.2752672],[-97.7402448,30.2751874],[-97.7402695,30.2751942],[-97.7402758,30.2751952],[-97.7402839,30.2751944],[-97.7402907,30.2751908],[-97.7402967,30.2751846],[-97.7403009,30.2751758],[-97.740312,30.2751458],[-97.7403224,30.2751487],[-97.7403251,30.2751413],[-97.7403578,30.2751629],[-97.740273,30.275255],[-97.740266,30.2752604],[-97.740257,30.2752646],[-97.7402444,30.2752678],[-97.7402314,30.2752687],[-97.7402222,30.2752684],[-97.7402151,30.2752672]]]},"properties":{"k":"area","s":"grass","u":"lawn"}},{"type":"Feature","geometry":{"type":"Polygon","coordinates":[[[-97.7399392,30.2750517],[-97.7399136,30.2750521],[-97.7398855,30.2749749],[-97.7398733,30.2749491],[-97.7398575,30.2749242],[-97.7398396,30.2749034],[-97.7398212,30.274884],[-97.7397945,30.2748597],[-97.7397693,30.2748416],[-97.7397423,30.2748309],[-97.7397107,30.2748216],[-97.7395891,30.2747881],[-97.7395983,30.2747623],[-97.7397219,30.2747942],[-97.7397561,30.2748041],[-97.7397825,30.2748155],[-97.7398073,30.2748316],[-97.7398363,30.2748514],[-97.7398579,30.2748699],[-97.7398794,30.2748937],[-97.739895,30.2749173],[-97.7399082,30.2749421],[-97.7399206,30.2749677],[-97.7399297,30.2749985],[-97.7399392,30.2750517]]]},"properties":{"k":"area","s":"grass","u":"lawn"}},{"type":"Feature","geometry":{"type":"Polygon","coordinates":[[[-97.7405065,30.2741257],[-97.7404623,30.2741025],[-97.7404274,30.2740741],[-97.7404026,30.2740411],[-97.7403858,30.2740064],[-97.7403744,30.273978],[-97.7403704,30.2739456],[-97.7403677,30.2739178],[-97.7403704,30.2738587],[-97.7403765,30.2737834],[-97.7403838,30.2737354],[-97.7403946,30.2736792],[-97.7404053,30.2736329],[-97.7404187,30.2735865],[-97.7404469,30.2735078],[-97.740475,30.2734365],[-97.74052,30.2733358],[-97.7405709,30.2732263],[-97.7405971,30.2731771],[-97.7406507,30.2731047],[-97.7407044,30.2730445],[-97.7407372,30.273008],[-97.7407647,30.2729704],[-97.7407835,30.272935],[-97.740815,30.2728696],[-97.7408143,30.2728482],[-97.7408204,30.2728244],[-97.7408324,30.2728157],[-97.7409766,30.2728574],[-97.7409364,30.2729657],[-97.7408418,30.27322],[-97.7407875,30.2733671],[-97.7407265,30.2735367],[-97.740699,30.2736074],[-97.7405971,30.2738859],[-97.7405065,30.2741257]]]},"properties":{"k":"area","s":"grass","u":"lawn"}},{"type":"Feature","geometry":{"type":"Polygon","coordinates":[[[-97.7403255,30.2756539],[-97.7402504,30.2756325],[-97.7402668,30.2755894],[-97.7402826,30.275548],[-97.7403557,30.2755688],[-97.7403255,30.2756539]]]},"properties":{"k":"area","s":"grass","u":"lawn"}},{"type":"Feature","geometry":{"type":"Polygon","coordinates":[[[-97.7417434,30.2754785],[-97.7418228,30.2754993],[-97.7418892,30.2753128],[-97.741969,30.2750968],[-97.7420099,30.2749828],[-97.742075,30.2748073],[-97.7421326,30.2746486],[-97.7422312,30.2744002],[-97.7421997,30.2743701],[-97.7421668,30.2743486],[-97.7421668,30.2743353],[-97.7421387,30.2743278],[-97.7421098,30.2743237],[-97.7420193,30.2743174],[-97.741971,30.2743203],[-97.7419295,30.2743417],[-97.7419006,30.2743637],[-97.7418356,30.274395],[-97.7417953,30.2744181],[-97.7417464,30.2744511],[-97.7417196,30.2744778],[-97.7416659,30.2745392],[-97.7416586,30.2745554],[-97.7416431,30.2745872],[-97.7416237,30.274626],[-97.7416116,30.2746642],[-97.7416036,30.2746909],[-97.7415875,30.2747326],[-97.7415566,30.2747957],[-97.7415358,30.27486],[-97.7414882,30.2749938],[-97.7414594,30.2750766],[-97.7414896,30.2751107],[-97.7415218,30.2751588],[-97.7415466,30.2751969],[-97.7415841,30.2752543],[-97.7416244,30.2753111],[-97.741674,30.2753812],[-97.7417075,30.2754258],[-97.7417434,30.2754785]]]},"properties":{"k":"area","s":"grass","u":"lawn"}},{"type":"Feature","geometry":{"type":"Polygon","coordinates":[[[-97.7418436,30.2754976],[-97.7418617,30.2754935],[-97.7418879,30.2754825],[-97.7418986,30.2754651],[-97.7419207,30.2753968],[-97.7419824,30.2752237],[-97.742018,30.2751298],[-97.7420508,30.2750378],[-97.7421065,30.2748901],[-97.7421715,30.2747123],[-97.7422245,30.2745693],[-97.7423063,30.2743492],[-97.7422835,30.274344],[-97.7422668,30.2743593],[-97.7422614,30.2743643],[-97.742197,30.2745455],[-97.742138,30.2747059],[-97.7419945,30.2750905],[-97.7419033,30.2753401],[-97.7418477,30.2754866],[-97.7418436,30.2754976]]]},"properties":{"k":"area","s":"grass","u":"lawn"}},{"type":"Feature","geometry":{"type":"Polygon","coordinates":[[[-97.7409745,30.275178],[-97.7409845,30.2751507],[-97.741007,30.2751571],[-97.7410278,30.2751601],[-97.7410481,30.2751584],[-97.741068,30.2751541],[-97.741099,30.2751448],[-97.7411302,30.275132],[-97.7411597,30.2751153],[-97.7411837,30.275097],[-97.7412049,30.2750771],[-97.7412212,30.275058],[-97.7412356,30.2750352],[-97.7412433,30.2750195],[-97.7412641,30.2749651],[-97.7412796,30.2749688],[-97.7412821,30.2749628],[-97.7412951,30.2749662],[-97.741293,30.2749735],[-97.7413091,30.2749778],[-97.7413114,30.2749709],[-97.741326,30.274975],[-97.7413235,30.2749817],[-97.7413408,30.2749857],[-97.7413318,30.2750078],[-97.7413203,30.2750334],[-97.7413032,30.2750582],[-97.7412798,30.2750867],[-97.7412554,30.2751127],[-97.741228,30.2751386],[-97.7412058,30.2751564],[-97.7411845,30.2751699],[-97.7411587,30.2751823],[-97.7411227,30.2751942],[-97.7411017,30.2751984],[-97.7410836,30.2752001],[-97.7410644,30.2751998],[-97.7410383,30.2751961],[-97.7409745,30.275178]]]},"properties":{"k":"area","s":"grass","u":"lawn"}},{"type":"Feature","geometry":{"type":"Polygon","coordinates":[[[-97.7409142,30.2756464],[-97.740988,30.2756684],[-97.7410396,30.2755173],[-97.7409692,30.2754953],[-97.7409142,30.2756464]]]},"properties":{"k":"area","s":"grass","u":"lawn"}},{"type":"Feature","geometry":{"type":"Polygon","coordinates":[[[-97.7394701,30.2746699],[-97.7395022,30.2745836],[-97.739474,30.2745758],[-97.739471,30.2745732],[-97.7394686,30.2745699],[-97.7394676,30.2745658],[-97.7394676,30.2745621],[-97.7394682,30.274559],[-97.7394239,30.2745467],[-97.7394238,30.2745695],[-97.7394252,30.2745806],[-97.7394309,30.2746006],[-97.7394413,30.2746276],[-97.7394503,30.2746447],[-97.7394602,30.2746583],[-97.7394701,30.2746699]]]},"properties":{"k":"area","s":"grass","u":"lawn"}},{"type":"Feature","geometry":{"type":"Polygon","coordinates":[[[-97.740963,30.2745849],[-97.740714,30.2744286],[-97.7406995,30.2744213],[-97.7406874,30.274417],[-97.7406624,30.2744101],[-97.7406383,30.274475],[-97.7406297,30.2744818],[-97.7405999,30.2745617],[-97.7406046,30.2745696],[-97.7407471,30.2746093],[-97.7407561,30.2746023],[-97.7408674,30.2746332],[-97.7408699,30.2746432],[-97.7409268,30.274659],[-97.7409372,30.2746544],[-97.740963,30.2745849]]]},"properties":{"k":"area","s":"grass","u":"lawn"}},{"type":"Feature","geometry":{"type":"Polygon","coordinates":[[[-97.7412395,30.2748089],[-97.7412256,30.2748462],[-97.7412587,30.2748554],[-97.7412725,30.2748181],[-97.7412395,30.2748089]]]},"properties":{"k":"area","s":"grass","u":"lawn"}},{"type":"Feature","geometry":{"type":"Polygon","coordinates":[[[-97.7400512,30.2752487],[-97.7400573,30.2752323],[-97.7400468,30.275228],[-97.7400394,30.2752239],[-97.7400312,30.2752183],[-97.7400233,30.2752115],[-97.7400167,30.2752039],[-97.7400121,30.2751973],[-97.7400082,30.2751893],[-97.7400063,30.2751828],[-97.7399993,30.2750681],[-97.7399771,30.2750683],[-97.7399917,30.2751754],[-97.7399944,30.2751924],[-97.7399978,30.2752036],[-97.7400029,30.2752129],[-97.7400108,30.2752227],[-97.7400209,30.275232],[-97.7400319,30.2752398],[-97.7400405,30.2752446],[-97.7400512,30.2752487]]]},"properties":{"k":"area","s":"grass","u":"lawn"}},{"type":"Feature","geometry":{"type":"Polygon","coordinates":[[[-97.7417149,30.2754715],[-97.7416653,30.2754593],[-97.7415657,30.2754457],[-97.7415801,30.2753545],[-97.7415848,30.2753186],[-97.7415861,30.2753065],[-97.7415969,30.2753099],[-97.7417149,30.2754715]]]},"properties":{"k":"area","s":"grass","u":"lawn"}},{"type":"Feature","geometry":{"type":"Polygon","coordinates":[[[-97.7400266,30.2753144],[-97.7400407,30.2752767],[-97.7400204,30.2752698],[-97.7400043,30.2752593],[-97.7399945,30.2752524],[-97.7399835,30.2752412],[-97.7399728,30.2752269],[-97.7399641,30.2752117],[-97.7399594,30.2751939],[-97.7399426,30.2750685],[-97.7399192,30.2750686],[-97.739932,30.2751091],[-97.7399406,30.2751405],[-97.7399476,30.2751683],[-97.7399528,30.2752051],[-97.7399547,30.2752296],[-97.7399547,30.2752537],[-97.7399541,30.2752651],[-97.7399563,30.2752736],[-97.7399604,30.2752795],[-97.7399649,30.2752857],[-97.7399698,30.2752918],[-97.7399772,30.2752991],[-97.739986,30.2753027],[-97.7400266,30.2753144]]]},"properties":{"k":"area","s":"grass","u":"lawn"}},{"type":"Feature","geometry":{"type":"Polygon","coordinates":[[[-97.7414916,30.2756267],[-97.7414406,30.2757622],[-97.7414507,30.2757686],[-97.7414467,30.2757831],[-97.7414812,30.2757928],[-97.74151,30.2757163],[-97.7415555,30.2757291],[-97.741568,30.2756945],[-97.7415942,30.2757035],[-97.7415981,30.275693],[-97.7418065,30.2757515],[-97.7418026,30.2757619],[-97.7418309,30.2757692],[-97.7418187,30.2757999],[-97.7418302,30.2758033],[-97.741798,30.2758821],[-97.7418014,30.2758919],[-97.7417497,30.2760234],[-97.7417752,30.2760286],[-97.7417786,30.276013],[-97.7417725,30.2760089],[-97.7417846,30.2759707],[-97.741798,30.2759672],[-97.7418436,30.2758531],[-97.7418879,30.2757437],[-97.7418135,30.2756145],[-97.7417987,30.2756059],[-97.7417886,30.2756053],[-97.7417672,30.2756163],[-97.7417223,30.2756354],[-97.741686,30.2756505],[-97.7416572,30.2756574],[-97.7416244,30.2756603],[-97.7415868,30.2756574],[-97.7415365,30.2756418],[-97.7414916,30.2756267]]]},"properties":{"k":"area","s":"grass","u":"lawn"}},{"type":"Feature","geometry":{"type":"Polygon","coordinates":[[[-97.7400573,30.2761606],[-97.740463,30.2762735],[-97.7405153,30.2761323],[-97.7401082,30.2760188],[-97.7400573,30.2761606]]]},"properties":{"k":"area","s":"grass","u":"lawn"}},{"type":"Feature","geometry":{"type":"Polygon","coordinates":[[[-97.7400639,30.2752198],[-97.7400936,30.2751399],[-97.740069,30.2751331],[-97.7400631,30.2751307],[-97.7400571,30.2751261],[-97.740054,30.2751197],[-97.7400533,30.2751116],[-97.7400558,30.2751024],[-97.740067,30.2750724],[-97.7400566,30.2750695],[-97.7400594,30.2750621],[-97.7400182,30.2750633],[-97.7400251,30.2751808],[-97.7400272,30.2751887],[-97.7400317,30.2751966],[-97.7400397,30.2752056],[-97.7400497,30.2752129],[-97.7400574,30.2752172],[-97.7400639,30.2752198]]]},"properties":{"k":"area","s":"grass","u":"lawn"}},{"type":"Feature","geometry":{"type":"Polygon","coordinates":[[[-97.7402992,30.2755316],[-97.7404038,30.2755623],[-97.7404092,30.2755495],[-97.74044,30.2755582],[-97.7404353,30.2755709],[-97.740615,30.2756207],[-97.7406197,30.2756074],[-97.7406519,30.275615],[-97.7406465,30.2756294],[-97.7407049,30.2756456],[-97.7407411,30.2755507],[-97.7407853,30.2754244],[-97.7408377,30.2752837],[-97.7407981,30.275271],[-97.740723,30.275249],[-97.7406935,30.2752426],[-97.740674,30.2752391],[-97.7406606,30.275238],[-97.7406479,30.2752403],[-97.7406412,30.2752466],[-97.7406539,30.2752721],[-97.7406325,30.2752814],[-97.7405963,30.2752988],[-97.74056,30.2753231],[-97.7405191,30.2753509],[-97.7404642,30.2754007],[-97.7404347,30.2754343],[-97.7404078,30.2754592],[-97.740387,30.2754864],[-97.7403763,30.2755009],[-97.7403656,30.2754997],[-97.7403528,30.2754928],[-97.7403394,30.2754887],[-97.7403274,30.2754881],[-97.740316,30.2754957],[-97.7402992,30.2755316]]]},"properties":{"k":"area","s":"grass","u":"lawn"}},{"type":"Feature","geometry":{"type":"Polygon","coordinates":[[[-97.7408335,30.2758824],[-97.7409053,30.2759027],[-97.7408483,30.2760544],[-97.7407779,30.276033],[-97.7408335,30.2758824]]]},"properties":{"k":"area","s":"grass","u":"lawn"}},{"type":"Feature","geometry":{"type":"Polygon","coordinates":[[[-97.7412629,30.2742166],[-97.7412723,30.2742189],[-97.7412851,30.2742172],[-97.7412978,30.2742033],[-97.7413702,30.2741512],[-97.7413856,30.2741402],[-97.741393,30.2741292],[-97.7414058,30.2740886],[-97.7414058,30.2740799],[-97.741397,30.2740736],[-97.7413548,30.2740562],[-97.7412227,30.2740041],[-97.7412146,30.2740052],[-97.7412133,30.2740151],[-97.7412207,30.274077],[-97.7412307,30.2741199],[-97.7412569,30.2742079],[-97.7412629,30.2742166]]]},"properties":{"k":"area","s":"grass","u":"lawn"}},{"type":"Feature","geometry":{"type":"Polygon","coordinates":[[[-97.7413341,30.2758269],[-97.7413475,30.275815],[-97.7413752,30.2757631],[-97.7413964,30.2757512],[-97.7414353,30.2756423],[-97.7414292,30.27564],[-97.741444,30.275614],[-97.7413722,30.2755954],[-97.7413769,30.2755879],[-97.7413239,30.2755729],[-97.7413153,30.2755951],[-97.7414134,30.2756256],[-97.7413341,30.2758269]]]},"properties":{"k":"area","s":"grass","u":"lawn"}},{"type":"Feature","geometry":{"type":"Polygon","coordinates":[[[-97.7419382,30.2743017],[-97.7418979,30.2743035],[-97.7418624,30.2743081],[-97.7418074,30.2743249],[-97.7417652,30.2743498],[-97.7416726,30.2744106],[-97.7415975,30.2744662],[-97.741562,30.2744969],[-97.7415311,30.274527],[-97.7415238,30.2745565],[-97.7415184,30.2745872],[-97.7415204,30.2746156],[-97.7415385,30.2746724],[-97.7415533,30.2747361],[-97.7415664,30.2747317],[-97.7415788,30.27472],[-97.7415841,30.2747013],[-97.7415902,30.2746585],[-97.7416089,30.2745982],[-97.7416358,30.274549],[-97.7416592,30.2745154],[-97.7416954,30.2744772],[-97.7417316,30.2744413],[-97.7417611,30.2744193],[-97.7418208,30.2743828],[-97.7419006,30.2743423],[-97.7419107,30.2743342],[-97.7419382,30.2743017]]]},"properties":{"k":"area","s":"grass","u":"lawn"}},{"type":"Feature","geometry":{"type":"Polygon","coordinates":[[[-97.7399061,30.2742919],[-97.740214,30.2742899],[-97.7402308,30.2742913],[-97.7402434,30.2742939],[-97.7402684,30.2743008],[-97.7402443,30.2743658],[-97.7402467,30.2743756],[-97.740217,30.2744556],[-97.7402079,30.2744596],[-97.7400943,30.2744281],[-97.740081,30.2744154],[-97.7399664,30.2743836],[-97.7399467,30.2743873],[-97.7398856,30.2743703],[-97.7398803,30.2743614],[-97.7399061,30.2742919]]]},"properties":{"k":"area","s":"grass","u":"lawn"}},{"type":"Feature","geometry":{"type":"Polygon","coordinates":[[[-97.7416076,30.2761954],[-97.7415989,30.2762151],[-97.7416767,30.2762388],[-97.7416901,30.2762012],[-97.7416827,30.2761989],[-97.7417055,30.2761415],[-97.7417135,30.276145],[-97.7417316,30.2760958],[-97.7417189,30.2760923],[-97.7417075,30.2761224],[-97.7417008,30.2761201],[-97.741684,30.2761676],[-97.7416773,30.276167],[-97.7416639,30.2762023],[-97.7416385,30.2761954],[-97.7416358,30.2762017],[-97.7416076,30.2761954]]]},"properties":{"k":"area","s":"grass","u":"lawn"}},{"type":"Feature","geometry":{"type":"Polygon","coordinates":[[[-97.7418316,30.2760274],[-97.7418222,30.2760257],[-97.7418175,30.2760419],[-97.7418396,30.2760483],[-97.7418577,30.2760008],[-97.7418678,30.2760037],[-97.7418798,30.2759736],[-97.7419174,30.27583],[-97.7419952,30.2756064],[-97.7419697,30.2756024],[-97.741969,30.275625],[-97.7419362,30.2756997],[-97.7419221,30.2757454],[-97.7418731,30.2759035],[-97.7418409,30.2759817],[-97.7418483,30.2759846],[-97.7418316,30.2760274]]]},"properties":{"k":"area","s":"grass","u":"lawn"}},{"type":"Feature","geometry":{"type":"Polygon","coordinates":[[[-97.7405857,30.2741494],[-97.7406152,30.2741517],[-97.7406588,30.2741512],[-97.7406983,30.2741402],[-97.7407547,30.274117],[-97.7407828,30.274095],[-97.7408143,30.2740655],[-97.7408579,30.2740162],[-97.7408955,30.2739751],[-97.740937,30.2739213],[-97.7409699,30.2738732],[-97.740994,30.2738263],[-97.7410229,30.2737556],[-97.7410598,30.2736526],[-97.7410681,30.273622],[-97.7410832,30.2735663],[-97.7411067,30.2734753],[-97.7411228,30.2734082],[-97.7411389,30.2733144],[-97.7411436,30.2732576],[-97.7411442,30.2731864],[-97.7411483,30.273136],[-97.7411543,30.2730885],[-97.7411657,30.2730178],[-97.7411737,30.2729866],[-97.7411818,30.2729628],[-97.7412059,30.2729252],[-97.7410604,30.2728818],[-97.7410007,30.2730306],[-97.7409397,30.2731939],[-97.74088,30.2733537],[-97.7407721,30.2736387],[-97.740707,30.2738245],[-97.7406366,30.274011],[-97.7405857,30.2741494]]]},"properties":{"k":"area","s":"grass","u":"lawn"}},{"type":"Feature","geometry":{"type":"Polygon","coordinates":[[[-97.7407536,30.2749623],[-97.7408277,30.2749828],[-97.740803,30.2750491],[-97.7407411,30.2750319],[-97.7407252,30.2750292],[-97.7407091,30.2750284],[-97.7406756,30.2750294],[-97.740638,30.2750325],[-97.7406026,30.2750385],[-97.7405683,30.2750461],[-97.7405301,30.2750588],[-97.7404952,30.2750742],[-97.7404527,30.2750985],[-97.7404987,30.2749746],[-97.7404942,30.2749565],[-97.7405165,30.2748965],[-97.740603,30.2749205],[-97.7406119,30.2749355],[-97.7407362,30.27497],[-97.7407536,30.2749623]]]},"properties":{"k":"area","s":"grass","u":"lawn"}},{"type":"Feature","geometry":{"type":"Polygon","coordinates":[[[-97.7411624,30.27502],[-97.7411739,30.274989],[-97.7412069,30.2749975],[-97.7412022,30.2750093],[-97.7411969,30.2750188],[-97.7411916,30.2750284],[-97.7411624,30.27502]]]},"properties":{"k":"area","s":"grass","u":"lawn"}},{"type":"Feature","geometry":{"type":"Polygon","coordinates":[[[-97.7415037,30.2754842],[-97.7411355,30.2754426],[-97.7411409,30.2753916],[-97.7415332,30.2754258],[-97.7415466,30.2753968],[-97.7415553,30.2753684],[-97.7415607,30.2753401],[-97.7415613,30.275307],[-97.7415586,30.2752781],[-97.7415526,30.2752509],[-97.7415318,30.2752069],[-97.7414822,30.2751345],[-97.7414621,30.2751055],[-97.7414527,30.2751015],[-97.7414426,30.2751055],[-97.7414279,30.2751246],[-97.7413816,30.2751779],[-97.7413474,30.2752127],[-97.7413119,30.2752445],[-97.7412857,30.2752677],[-97.7412482,30.2752897],[-97.7411979,30.2753082],[-97.7411677,30.2753175],[-97.7411147,30.2753285],[-97.7410852,30.2753314],[-97.7410477,30.2753308],[-97.7409981,30.2753233],[-97.7408722,30.275292],[-97.7407389,30.2756483],[-97.7408404,30.2756768],[-97.7408492,30.275652],[-97.7408556,30.2756536],[-97.7409369,30.275435],[-97.7411362,30.2754918],[-97.7414312,30.2755827],[-97.7414493,30.275552],[-97.7414721,30.2755277],[-97.7414882,30.2755317],[-97.7415037,30.2754842]]]},"properties":{"k":"area","s":"grass","u":"lawn"}},{"type":"Feature","geometry":{"type":"Polygon","coordinates":[[[-97.7406659,30.2743061],[-97.740675,30.2743091],[-97.7406843,30.2743128],[-97.7409578,30.2745268],[-97.740979,30.2745409],[-97.7410058,30.274554],[-97.7410233,30.2745606],[-97.7412177,30.2746136],[-97.7412336,30.2746206],[-97.7412482,30.2746299],[-97.7412602,30.2746423],[-97.7412806,30.274671],[-97.7412921,30.2746905],[-97.7413081,30.2747202],[-97.7413164,30.274751],[-97.7413189,30.2747714],[-97.74132,30.274795],[-97.7413177,30.2748119],[-97.7413132,30.2748299],[-97.7412886,30.2748985],[-97.7413035,30.2749023],[-97.7413012,30.2749083],[-97.7413161,30.2749122],[-97.7413183,30.2749064],[-97.7413344,30.274911],[-97.7413319,30.2749171],[-97.741346,30.2749212],[-97.7413485,30.2749148],[-97.7413613,30.2749185],[-97.7413823,30.2748601],[-97.7413921,30.2748324],[-97.7413982,30.2748063],[-97.7413986,30.2747738],[-97.7413989,30.2747566],[-97.741399,30.2747399],[-97.7413955,30.2747159],[-97.7413903,30.2746958],[-97.741382,30.2746765],[-97.7413728,30.2746528],[-97.741357,30.2746261],[-97.7413202,30.2745805],[-97.7412937,30.2745529],[-97.74127,30.2745435],[-97.7412471,30.2745331],[-97.7412162,30.2745264],[-97.7410629,30.2744906],[-97.7410303,30.2744823],[-97.7410057,30.2744721],[-97.7409759,30.2744569],[-97.7409331,30.2744301],[-97.7408999,30.2744065],[-97.7408769,30.2743837],[-97.7408488,30.2743522],[-97.7408369,30.274336],[-97.740822,30.274321],[-97.7408025,30.2743089],[-97.7407822,30.2743009],[-97.7407553,30.2742956],[-97.7407203,30.2742953],[-97.7407024,30.2742966],[-97.7406897,30.2742972],[-97.740682,30.2742961],[-97.740663,30.27429],[-97.7406585,30.2743028],[-97.7406659,30.2743061]]]},"properties":{"k":"area","s":"grass","u":"lawn"}},{"type":"Feature","geometry":{"type":"Polygon","coordinates":[[[-97.7430633,30.2757032],[-97.7428199,30.2756372],[-97.7428401,30.2755874],[-97.7428072,30.2755781],[-97.7429245,30.2752596],[-97.7429802,30.2752764],[-97.7429976,30.2752306],[-97.7432189,30.2752932],[-97.7430633,30.2757032]]]},"properties":{"k":"area","s":"asphalt","u":"parking"}},{"type":"Feature","geometry":{"type":"Polygon","coordinates":[[[-97.7431371,30.2752047],[-97.7429628,30.2751536],[-97.7430855,30.274798],[-97.7432095,30.2748322],[-97.7432303,30.2747789],[-97.7436769,30.2749017],[-97.7436152,30.2750679],[-97.7432249,30.2749607],[-97.7431371,30.2752047]]]},"properties":{"k":"area","s":"asphalt","u":"parking"}},{"type":"Feature","geometry":{"type":"Polygon","coordinates":[[[-97.7360926,30.2730416],[-97.736137,30.2729257],[-97.7360581,30.2729059],[-97.7360474,30.2728985],[-97.7360417,30.2728884],[-97.7360406,30.2728782],[-97.7360865,30.2727676],[-97.7360324,30.2727554],[-97.7359843,30.2727445],[-97.735977,30.2727649],[-97.7359658,30.2727757],[-97.7359474,30.272785],[-97.7359303,30.2727896],[-97.7359131,30.2727874],[-97.7358484,30.2727752],[-97.7358301,30.2727714],[-97.7358118,30.272771],[-97.7357942,30.272772],[-97.7357777,30.2727759],[-97.7357602,30.2727822],[-97.7357424,30.27279],[-97.735728,30.2728002],[-97.7357153,30.2728113],[-97.7357021,30.2728283],[-97.7356925,30.2728492],[-97.7356669,30.2729133],[-97.7357137,30.2729267],[-97.7357607,30.2729396],[-97.7357569,30.2729498],[-97.7358845,30.2729856],[-97.7358886,30.2729748],[-97.7359405,30.2729892],[-97.7359952,30.2730047],[-97.735992,30.2730134],[-97.7360926,30.2730416]]]},"properties":{"k":"area","s":"asphalt","u":"parking"}},{"type":"Feature","geometry":{"type":"Polygon","coordinates":[[[-97.7453137,30.2712789],[-97.7454232,30.2709985],[-97.7454314,30.2709774],[-97.7451254,30.2708915],[-97.7449615,30.2708455],[-97.7446315,30.2707529],[-97.7445331,30.2710077],[-97.7445137,30.271058],[-97.7453137,30.2712789]]]},"properties":{"k":"area","s":"concrete","u":"parking","name":"700 Lavaca Parking"}},{"type":"Feature","geometry":{"type":"Polygon","coordinates":[[[-97.7435218,30.2712359],[-97.7432613,30.2711639],[-97.7433222,30.2709948],[-97.7433832,30.2708253],[-97.7436469,30.2708994],[-97.7435218,30.2712359]]]},"properties":{"k":"area","s":"asphalt","u":"parking"}},{"type":"Feature","geometry":{"type":"Polygon","coordinates":[[[-97.7515533,30.2713247],[-97.7517992,30.2708411],[-97.751421,30.2706968],[-97.7511776,30.2711822],[-97.7512171,30.2711972],[-97.7515533,30.2713247]]]},"properties":{"k":"area","s":"asphalt","u":"parking"}},{"type":"Feature","geometry":{"type":"Polygon","coordinates":[[[-97.7513483,30.271743],[-97.7514259,30.271584],[-97.751091,30.271462],[-97.7510134,30.271621],[-97.7513483,30.271743]]]},"properties":{"k":"area","s":"asphalt","u":"parking"}},{"type":"Feature","geometry":{"type":"Polygon","coordinates":[[[-97.7520077,30.272734],[-97.7523112,30.2721359],[-97.7519356,30.2719936],[-97.751632,30.2725917],[-97.7520077,30.272734]]]},"properties":{"k":"area","s":"asphalt","u":"parking"}},{"type":"Feature","geometry":{"type":"Polygon","coordinates":[[[-97.7467517,30.2731736],[-97.746874,30.2728437],[-97.7462604,30.2726741],[-97.7462218,30.2727783],[-97.746193,30.2728559],[-97.7461382,30.2730039],[-97.7464993,30.2731038],[-97.7467517,30.2731736]]]},"properties":{"k":"area","s":"asphalt","u":"parking"}},{"type":"Feature","geometry":{"type":"Polygon","coordinates":[[[-97.7429025,30.2733556],[-97.7433123,30.2734681],[-97.74316,30.2738818],[-97.7427502,30.2737693],[-97.7429025,30.2733556]]]},"properties":{"k":"area","s":"asphalt","u":"parking"}},{"type":"Feature","geometry":{"type":"Polygon","coordinates":[[[-97.7459178,30.2729944],[-97.7459316,30.2729925],[-97.7459393,30.2729881],[-97.7459445,30.2729809],[-97.7462389,30.2721866],[-97.7462394,30.2721729],[-97.7462362,30.2721654],[-97.7462277,30.2721581],[-97.7453589,30.2719156],[-97.7453455,30.271917],[-97.7453296,30.2719228],[-97.7453152,30.2719336],[-97.7453101,30.2719427],[-97.7453073,30.2719527],[-97.7450351,30.2726837],[-97.7450289,30.2726993],[-97.7450263,30.2727129],[-97.74503,30.2727241],[-97.7450347,30.2727331],[-97.7450424,30.2727413],[-97.7450565,30.272749],[-97.7459178,30.2729944]]]},"properties":{"k":"area","s":"grass","u":"park","name":"Wooldridge Square Park"}},{"type":"Feature","geometry":{"type":"Polygon","coordinates":[[[-97.7408612,30.2739099],[-97.740855,30.2738972],[-97.7408446,30.2738868],[-97.740831,30.2738797],[-97.7408155,30.2738766],[-97.7407996,30.2738778],[-97.7407849,30.2738832],[-97.740773,30.2738923],[-97.7407648,30.2739041],[-97.7407613,30.2739189],[-97.7407638,30.2739339],[-97.740772,30.2739473],[-97.7407851,30.2739574],[-97.7408013,30.2739631],[-97.7408188,30.2739636],[-97.7408355,30.273959],[-97.7408494,30.2739498],[-97.7408588,30.273937],[-97.7408625,30.2739236],[-97.7408612,30.2739099]]]},"properties":{"k":"area","s":"concrete","u":"footway"}},{"type":"Feature","geometry":{"type":"Polygon","coordinates":[[[-97.7409959,30.2731657],[-97.7409936,30.2731794],[-97.7409975,30.2731922],[-97.7410091,30.2732043],[-97.7410276,30.2732109],[-97.7410448,30.2732095],[-97.7410581,30.273203],[-97.7410672,30.2731933],[-97.741071,30.2731842],[-97.7410717,30.2731748],[-97.7410681,30.2731628],[-97.7410603,30.2731534],[-97.7410476,30.2731461],[-97.7410344,30.2731435],[-97.741021,30.273145],[-97.7410053,30.2731532],[-97.7409959,30.2731657]]]},"properties":{"k":"area","s":"paving","u":"footway"}},{"type":"Feature","geometry":{"type":"Polygon","coordinates":[[[-97.7407169,30.2730869],[-97.7407133,30.2731036],[-97.7407152,30.2731189],[-97.7407248,30.2731374],[-97.7407406,30.2731514],[-97.7407608,30.2731599],[-97.7407769,30.2731621],[-97.7407971,30.2731599],[-97.7408124,30.2731543],[-97.74083,30.2731412],[-97.7408395,30.2731276],[-97.740842,30.2731217],[-97.7408444,30.2731113],[-97.7408439,30.2730958],[-97.7408396,30.2730832],[-97.7408307,30.2730703],[-97.7408212,30.2730618],[-97.7408053,30.2730533],[-97.7407867,30.273049],[-97.7407688,30.2730493],[-97.7407448,30.2730569],[-97.7407293,30.2730682],[-97.7407169,30.2730869]]]},"properties":{"k":"area","s":"paving","u":"footway"}},{"type":"Feature","geometry":{"type":"Polygon","coordinates":[[[-97.7396552,30.2732196],[-97.7395347,30.2730887],[-97.7395263,30.2730859],[-97.7395186,30.2730871],[-97.7395147,30.2731011],[-97.7394967,30.2732767],[-97.7394982,30.2732831],[-97.7395042,30.2732864],[-97.7395117,30.2732854],[-97.7396476,30.2732412],[-97.7396557,30.2732364],[-97.7396586,30.2732286],[-97.7396552,30.2732196]]]},"properties":{"k":"area","s":"grass","u":"lawn"}},{"type":"Feature","geometry":{"type":"Polygon","coordinates":[[[-97.7484459,30.2755871],[-97.7483735,30.2755663],[-97.7484244,30.2752883],[-97.748403,30.2752327],[-97.7483037,30.2751632],[-97.7483413,30.274964],[-97.7486712,30.2750706],[-97.7484968,30.2755478],[-97.7484539,30.275557],[-97.7484459,30.2755871]]]},"properties":{"k":"area","s":"asphalt","u":"parking"}},{"type":"Feature","geometry":{"type":"Polygon","coordinates":[[[-97.751568,30.2736757],[-97.7518119,30.2738375],[-97.7519772,30.2739059],[-97.7520669,30.2740132],[-97.7520708,30.2741149],[-97.7520287,30.2742099],[-97.7519226,30.2743489],[-97.7518585,30.2744312],[-97.7518389,30.274463],[-97.7517573,30.2745602],[-97.7516291,30.2746949],[-97.7516178,30.2746914],[-97.7515845,30.2746811],[-97.7514418,30.2746375],[-97.7506044,30.2743275],[-97.7503258,30.2742469],[-97.7501896,30.2742071],[-97.7501751,30.2741894],[-97.7502718,30.2739167],[-97.7502007,30.2738815],[-97.7503519,30.2733676],[-97.7503593,30.2733424],[-97.7509928,30.2735247],[-97.7513963,30.273648],[-97.7515156,30.2736672],[-97.7515391,30.273671],[-97.751568,30.2736757]]]},"properties":{"k":"area","s":"grass","u":"park","name":"Duncan Neighborhood Park"}},{"type":"Feature","geometry":{"type":"Polygon","coordinates":[[[-97.7305464,30.2713083],[-97.7296087,30.2714515],[-97.729574,30.2714335],[-97.7297,30.270954],[-97.7297456,30.2709262],[-97.7306093,30.2709794],[-97.7305464,30.2713083]]]},"properties":{"k":"area","s":"grass","u":"park","name":"Lott Pocket Park"}},{"type":"Feature","geometry":{"type":"Polygon","coordinates":[[[-97.730172,30.2742456],[-97.729377,30.2743784],[-97.7292896,30.2739699],[-97.7300915,30.2738402],[-97.730172,30.2742456]]]},"properties":{"k":"area","s":"grass","u":"park","name":"Swede Hill Pocket Park"}},{"type":"Feature","geometry":{"type":"Polygon","coordinates":[[[-97.7393997,30.2752952],[-97.7406979,30.2756577],[-97.7403926,30.2764812],[-97.739132,30.2761309],[-97.7391738,30.2760245],[-97.7391379,30.2760148],[-97.7393997,30.2752952]]]},"properties":{"k":"area","s":"grass","u":"garden","name":"Lady Bird Johnson Texas Capitol Flower Gardens"}},{"type":"Feature","geometry":{"type":"Polygon","coordinates":[[[-97.7467137,30.272136],[-97.7468404,30.2717969],[-97.7471631,30.2718879],[-97.7472281,30.2719049],[-97.7471014,30.2722441],[-97.7470148,30.27222],[-97.7467137,30.272136]]]},"properties":{"k":"area","s":"asphalt","u":"parking"}},{"type":"Feature","geometry":{"type":"Polygon","coordinates":[[[-97.736483,30.272466],[-97.735899,30.272307],[-97.735885,30.272287],[-97.73587,30.272243],[-97.735849,30.272064],[-97.735866,30.271997],[-97.735902,30.271946],[-97.7366,30.272138],[-97.736552,30.272269],[-97.736542,30.272266],[-97.736531,30.272297],[-97.736547,30.272302],[-97.736487,30.272468],[-97.736483,30.272466]]]},"properties":{"k":"area","s":"asphalt","u":"parking"}},{"type":"Feature","geometry":{"type":"Polygon","coordinates":[[[-97.743467,30.271816],[-97.743591,30.271481],[-97.744009,30.271598],[-97.7439008,30.2718904],[-97.743885,30.271933],[-97.743467,30.271816]]]},"properties":{"k":"area","s":"asphalt","u":"parking","name":"9th St Garage"}},{"type":"Feature","geometry":{"type":"Polygon","coordinates":[[[-97.749637,30.271263],[-97.7496689,30.271195],[-97.7497306,30.2712133],[-97.7497464,30.2711806],[-97.7498454,30.2712082],[-97.7498871,30.2712351],[-97.7499259,30.2712342],[-97.7499362,30.2712109],[-97.750096,30.271252],[-97.749965,30.271607],[-97.749771,30.271551],[-97.749774,30.271543],[-97.749554,30.27148],[-97.749637,30.271263]]]},"properties":{"k":"area","s":"asphalt","u":"parking"}},{"type":"Feature","geometry":{"type":"Polygon","coordinates":[[[-97.737103,30.274741],[-97.736676,30.274624],[-97.736827,30.27421],[-97.737643,30.274434],[-97.737505,30.274812],[-97.737478,30.274805],[-97.737465,30.27484],[-97.737103,30.274741]]]},"properties":{"k":"area","s":"asphalt","u":"parking"}},{"type":"Feature","geometry":{"type":"Polygon","coordinates":[[[-97.7451496,30.274943],[-97.7447539,30.2748411],[-97.7448796,30.2744773],[-97.7452753,30.2745793],[-97.7451496,30.274943]]]},"properties":{"k":"area","s":"asphalt","u":"parking"}},{"type":"Feature","geometry":{"type":"Polygon","coordinates":[[[-97.7448002,30.2726366],[-97.7444025,30.2725263],[-97.7444121,30.2725006],[-97.7445323,30.2721775],[-97.74493,30.2722878],[-97.7448002,30.2726366]]]},"properties":{"k":"area","s":"asphalt","u":"parking"}},{"type":"Feature","geometry":{"type":"Polygon","coordinates":[[[-97.7443376,30.2731013],[-97.743791,30.2729399],[-97.7439217,30.2725939],[-97.7444713,30.2727436],[-97.7443376,30.2731013]]]},"properties":{"k":"area","s":"asphalt","u":"parking"}},{"type":"Feature","geometry":{"type":"Polygon","coordinates":[[[-97.7430596,30.2717035],[-97.7431845,30.2713664],[-97.7435862,30.2714813],[-97.7434608,30.2718128],[-97.7430596,30.2717035]]]},"properties":{"k":"area","s":"asphalt","u":"parking"}},{"type":"Feature","geometry":{"type":"Polygon","coordinates":[[[-97.738738,30.2714945],[-97.7383127,30.2713833],[-97.7384145,30.271093],[-97.7388397,30.2712042],[-97.738738,30.2714945]]]},"properties":{"k":"area","s":"asphalt","u":"parking"}},{"type":"Feature","geometry":{"type":"Polygon","coordinates":[[[-97.750266,30.2724287],[-97.7500692,30.2731127],[-97.750066,30.2731397],[-97.7512862,30.2734676],[-97.7514183,30.2734922],[-97.7514173,30.2734899],[-97.7512598,30.273106],[-97.7512191,30.2726881],[-97.750266,30.2724287]]]},"properties":{"k":"area","s":"grass","u":"pitch","name":"9th Street BMX Park"}},{"type":"Feature","geometry":{"type":"Polygon","coordinates":[[[-97.746272,30.2720427],[-97.7463609,30.2720722],[-97.7464382,30.2720978],[-97.7464195,30.2721658],[-97.7464036,30.2722235],[-97.7463127,30.2722048],[-97.7462099,30.2721837],[-97.7462398,30.2721157],[-97.746272,30.2720427]]]},"properties":{"k":"area","s":"paving","u":"footway"}},{"type":"Feature","geometry":{"type":"Polygon","coordinates":[[[-97.739963,30.2758365],[-97.7399409,30.275821],[-97.7399148,30.2758116],[-97.7398866,30.2758088],[-97.7398587,30.275813],[-97.7398332,30.2758238],[-97.7398123,30.2758404],[-97.7397977,30.2758614],[-97.73979,30.275889],[-97.7397932,30.2759173],[-97.7398068,30.2759432],[-97.7398295,30.2759639],[-97.7398587,30.275977],[-97.7398912,30.2759813],[-97.7399234,30.2759762],[-97.7399519,30.2759624],[-97.7399738,30.2759415],[-97.7399866,30.2759155],[-97.7399891,30.2758874],[-97.739985,30.2758738],[-97.7399809,30.2758601],[-97.739963,30.2758365]]]},"properties":{"k":"area","s":"grass","u":"garden"}},{"type":"Feature","geometry":{"type":"Polygon","coordinates":[[[-97.750453,30.2712729],[-97.7506489,30.2713238],[-97.7507304,30.2711098],[-97.7505359,30.2710534],[-97.750453,30.2712729]]]},"properties":{"k":"area","s":"asphalt","u":"service"}},{"type":"Feature","geometry":{"type":"Polygon","coordinates":[[[-97.750621,30.2716622],[-97.7508378,30.2710881],[-97.7507866,30.2710726],[-97.7507949,30.2710463],[-97.7505137,30.2709669],[-97.7504761,30.2710728],[-97.7504092,30.2712611],[-97.750376,30.2713547],[-97.7503484,30.2713482],[-97.7502889,30.2715108],[-97.7502982,30.2715144],[-97.7502779,30.2715695],[-97.750621,30.2716622]]]},"properties":{"k":"area","s":"asphalt","u":"parking"}},{"type":"Feature","geometry":{"type":"Polygon","coordinates":[[[-97.7504367,30.2722508],[-97.7504916,30.2723306],[-97.7505262,30.2723807],[-97.7507823,30.2724474],[-97.7508362,30.2722868],[-97.7505688,30.2722236],[-97.7504367,30.2722508]]]},"properties":{"k":"area","s":"asphalt","u":"service"}},{"type":"Feature","geometry":{"type":"Polygon","coordinates":[[[-97.7459082,30.272949],[-97.7458565,30.2728592],[-97.7457776,30.2728934],[-97.74579,30.2729154],[-97.7459082,30.272949]]]},"properties":{"k":"area","s":"grass","u":"lawn"}},{"type":"Feature","geometry":{"type":"Polygon","coordinates":[[[-97.7452481,30.2721822],[-97.7450724,30.2726538],[-97.7450653,30.2726766],[-97.7450654,30.2726932],[-97.7450747,30.2727073],[-97.745086,30.2727168],[-97.7453593,30.2727941],[-97.7453631,30.272781],[-97.7454099,30.2727937],[-97.7454052,30.2728068],[-97.7455672,30.2728526],[-97.7455718,30.2728396],[-97.7456168,30.272852],[-97.7456123,30.272865],[-97.7456989,30.2728903],[-97.7457178,30.2728521],[-97.7457425,30.2728209],[-97.7457707,30.2728],[-97.7457912,30.2727844],[-97.7457561,30.2727545],[-97.7457149,30.2727249],[-97.7456805,30.2726943],[-97.7456337,30.2726467],[-97.745602,30.27261],[-97.7455592,30.2725538],[-97.7455248,30.2724981],[-97.7455088,30.2724614],[-97.7454999,30.2724336],[-97.745486,30.2724071],[-97.7454693,30.272384],[-97.7454404,30.2723556],[-97.7454104,30.2723332],[-97.7453715,30.2723121],[-97.7453356,30.2722879],[-97.7453078,30.2722605],[-97.7452841,30.2722278],[-97.7452656,30.2721868],[-97.7452481,30.2721822]]]},"properties":{"k":"area","s":"grass","u":"lawn"}},{"type":"Feature","geometry":{"type":"Polygon","coordinates":[[[-97.7452566,30.2721586],[-97.7453379,30.2719494],[-97.7456589,30.2720393],[-97.7456547,30.2720523],[-97.7457004,30.2720653],[-97.7457053,30.2720519],[-97.7459006,30.2721059],[-97.7458949,30.2721192],[-97.745941,30.2721318],[-97.7459463,30.2721184],[-97.7461846,30.2721869],[-97.7459173,30.2729279],[-97.7458813,30.2728618],[-97.7458482,30.2728146],[-97.7458071,30.2727746],[-97.7458188,30.272764],[-97.7457834,30.2727355],[-97.7457723,30.2727459],[-97.7457372,30.2727187],[-97.7457031,30.2726895],[-97.7456625,30.2726505],[-97.7456325,30.2726176],[-97.7456013,30.2725792],[-97.7455762,30.2725429],[-97.7455436,30.2724933],[-97.7455244,30.272445],[-97.7455089,30.2724064],[-97.7454829,30.27237],[-97.7454587,30.2723473],[-97.7454223,30.2723203],[-97.7453751,30.2722952],[-97.7453445,30.2722718],[-97.7453116,30.2722352],[-97.7452965,30.2722085],[-97.7452883,30.2721841],[-97.7452817,30.2721671],[-97.7452566,30.2721586]]]},"properties":{"k":"area","s":"grass","u":"lawn"}},{"type":"Feature","geometry":{"type":"Polygon","coordinates":[[[-97.7353054,30.2731004],[-97.7353153,30.2730779],[-97.7353166,30.2730532],[-97.7353098,30.2730332],[-97.735298,30.2730124],[-97.7352834,30.2729928],[-97.7352786,30.2729778],[-97.7352772,30.2729629],[-97.7352881,30.2729422],[-97.7353203,30.2729196],[-97.7353413,30.2728976],[-97.7353504,30.272878],[-97.7353518,30.2728607],[-97.7353513,30.272844],[-97.7353496,30.2728243],[-97.7353412,30.272785],[-97.7353385,30.2727726],[-97.7353239,30.2727006],[-97.735299,30.2727091],[-97.7352826,30.2727491],[-97.7352802,30.2727549],[-97.7352608,30.2727827],[-97.7352521,30.2728319],[-97.7352407,30.2728586],[-97.7351803,30.2728956],[-97.7351542,30.2729362],[-97.7351361,30.2729866],[-97.7351307,30.2730115],[-97.7351374,30.2730479],[-97.7351528,30.2730925],[-97.7351666,30.2731246],[-97.7351867,30.273171],[-97.7351946,30.2731888],[-97.7352313,30.2731623],[-97.7352597,30.2731442],[-97.7352873,30.2731229],[-97.7353054,30.2731004]]]},"properties":{"k":"area","s":"water","u":"water"}},{"type":"Feature","geometry":{"type":"Polygon","coordinates":[[[-97.7358763,30.2746654],[-97.7358596,30.2746286],[-97.7358457,30.2745911],[-97.7358367,30.2745493],[-97.7358355,30.2745329],[-97.7358882,30.274532],[-97.7359411,30.2745296],[-97.7359826,30.2745308],[-97.7360223,30.274532],[-97.7360486,30.274536],[-97.7360745,30.2745408],[-97.7360741,30.2745619],[-97.7360772,30.2745856],[-97.7360374,30.2745939],[-97.7359846,30.2746128],[-97.735929,30.2746401],[-97.7358763,30.2746654]]]},"properties":{"k":"area","s":"grass","u":"lawn"}},{"type":"Feature","geometry":{"type":"Polygon","coordinates":[[[-97.735881,30.2741012],[-97.7358419,30.2741436],[-97.7357937,30.2741993],[-97.7357608,30.2742452],[-97.7359004,30.2743148],[-97.7358776,30.2743497],[-97.7358645,30.2743867],[-97.7358526,30.2744386],[-97.73585,30.2744844],[-97.7358506,30.2745135],[-97.7359339,30.2745091],[-97.7359907,30.2745079],[-97.7360258,30.2745129],[-97.7360745,30.2745235],[-97.7361353,30.2743451],[-97.7360908,30.2743274],[-97.7360475,30.2742847],[-97.7359906,30.2742255],[-97.735881,30.2741012]]]},"properties":{"k":"area","s":"grass","u":"lawn","name":"Love, Tito's Lawn"}},{"type":"Feature","geometry":{"type":"Polygon","coordinates":[[[-97.7360557,30.2739975],[-97.7360228,30.274008],[-97.7359763,30.274032],[-97.7359299,30.2740578],[-97.7358942,30.2740822],[-97.7358995,30.2740882],[-97.7359589,30.2741561],[-97.7360391,30.2742449],[-97.7360774,30.2742833],[-97.7360958,30.2743008],[-97.7361179,30.2743121],[-97.7361379,30.2743246],[-97.7361643,30.2742696],[-97.7361333,30.274226],[-97.736103,30.27416],[-97.7360982,30.2741471],[-97.7360802,30.2740986],[-97.7360633,30.2740477],[-97.7360557,30.2739975]]]},"properties":{"k":"area","s":"grass","u":"lawn"}},{"type":"Feature","geometry":{"type":"Polygon","coordinates":[[[-97.7263412,30.2714572],[-97.7270303,30.2713476],[-97.727038,30.2713243],[-97.7270442,30.271313],[-97.7270588,30.2713063],[-97.7273584,30.2712551],[-97.7274039,30.2712518],[-97.7274293,30.2712538],[-97.7274371,30.2712588],[-97.7274447,30.2712638],[-97.7274647,30.271301],[-97.7274732,30.2713383],[-97.7275025,30.27146],[-97.7274971,30.27148],[-97.727505,30.2715175],[-97.7275633,30.2717933],[-97.7275724,30.2718359],[-97.7276989,30.2724253],[-97.7276989,30.2724559],[-97.7269256,30.2725855],[-97.7266091,30.2726382],[-97.7265944,30.2726336],[-97.7265863,30.2726243],[-97.7265172,30.2722902],[-97.7264609,30.2720435],[-97.7263412,30.2714572]]]},"properties":{"k":"area","s":"concrete","u":"footway"}},{"type":"Feature","geometry":{"type":"Polygon","coordinates":[[[-97.7335319,30.2731187],[-97.7344894,30.2733791],[-97.7340731,30.2744719],[-97.7337851,30.2751572],[-97.7328363,30.2748823],[-97.7335319,30.2731187]]]},"properties":{"k":"area","s":"dirt","u":"construction"}},{"type":"Feature","geometry":{"type":"Polygon","coordinates":[[[-97.7361379,30.2736946],[-97.73616,30.2736856],[-97.7362009,30.2736795],[-97.7362264,30.2736799],[-97.736244,30.2736886],[-97.7362521,30.2737006],[-97.7362555,30.2737112],[-97.736251,30.2737238],[-97.7362433,30.2737358],[-97.7362337,30.2737511],[-97.7362334,30.2737651],[-97.7362385,30.2737786],[-97.7362469,30.2737891],[-97.7362566,30.2737947],[-97.7362735,30.2738002],[-97.7362911,30.2737991],[-97.7363038,30.2737938],[-97.7363139,30.2737869],[-97.7363197,30.2737763],[-97.7363207,30.2737621],[-97.7363164,30.2737514],[-97.7363111,30.2737416],[-97.7363038,30.2737352],[-97.7362946,30.2737308],[-97.7362884,30.2737246],[-97.7362874,30.2737176],[-97.7362888,30.2737092],[-97.7362969,30.273704],[-97.7363055,30.2737026],[-97.736317,30.2737084],[-97.7363187,30.273716],[-97.7363226,30.2737231],[-97.7363315,30.2737319],[-97.7363494,30.273738],[-97.736368,30.2737409],[-97.7363841,30.2737402],[-97.736399,30.273736],[-97.7364093,30.2737278],[-97.7364161,30.2737177],[-97.7364165,30.2737023],[-97.7364188,30.2736929],[-97.7364234,30.2736842],[-97.7364367,30.2736761],[-97.736448,30.2736702],[-97.7364586,30.2736624],[-97.736467,30.2736455],[-97.7364668,30.273626],[-97.7364586,30.2736043],[-97.736439,30.2735881],[-97.7364157,30.2735808],[-97.7363888,30.2735831],[-97.7363657,30.2735927],[-97.7363491,30.2736098],[-97.7363368,30.2736213],[-97.7363213,30.2736301],[-97.7362925,30.2736362],[-97.7362664,30.2736353],[-97.7362417,30.2736298],[-97.7362168,30.2736086],[-97.7362045,30.2735885],[-97.7361992,30.2735681],[-97.7362012,30.2735518],[-97.7361474,30.2735408],[-97.7361257,30.2735391],[-97.7361122,30.273538],[-97.7361153,30.27355],[-97.7361222,30.2735765],[-97.7361242,30.2736032],[-97.7361149,30.2736445],[-97.7360997,30.2736616],[-97.7361132,30.2736703],[-97.7361379,30.2736946]]]},"properties":{"k":"area","s":"sand","u":"playground","name":"Kitty King Powell Lawn"}},{"type":"Feature","geometry":{"type":"Polygon","coordinates":[[[-97.7362812,30.2740393],[-97.7363026,30.2740148],[-97.7363096,30.2740067],[-97.7363167,30.2740003],[-97.7363656,30.2739733],[-97.7363923,30.2739659],[-97.7364124,30.2739604],[-97.7364501,30.2739545],[-97.7364934,30.2739649],[-97.7365174,30.2739909],[-97.7365261,30.2740371],[-97.7364984,30.2740803],[-97.7364587,30.2741143],[-97.7364141,30.2741331],[-97.7363778,30.2741416],[-97.7363278,30.2741391],[-97.7362923,30.27412],[-97.7362718,30.2740837],[-97.7362812,30.2740393]]]},"properties":{"k":"area","s":"wood","u":"pedestrian","name":"Meredith Heritage Tree Deck"}},{"type":"Feature","geometry":{"type":"Polygon","coordinates":[[[-97.7357428,30.2746205],[-97.7357623,30.2745654],[-97.7357798,30.274496],[-97.7357866,30.2744526],[-97.7357874,30.2744071],[-97.7357766,30.2743705],[-97.735766,30.2743377],[-97.7357461,30.2743135],[-97.7357437,30.2743111],[-97.7357205,30.2742881],[-97.7357099,30.2742801],[-97.7356895,30.2742958],[-97.7356597,30.2743177],[-97.7356448,30.274339],[-97.7356334,30.2743604],[-97.7356317,30.274401],[-97.7356401,30.2744485],[-97.7356535,30.2744903],[-97.7356767,30.2745407],[-97.7357082,30.2745859],[-97.7357428,30.2746205]]]},"properties":{"k":"area","s":"grass","u":"lawn"}},{"type":"Feature","geometry":{"type":"Polygon","coordinates":[[[-97.7351934,30.2727746],[-97.7352177,30.2727638],[-97.7352368,30.2727469],[-97.7352488,30.2727257],[-97.7352513,30.2727109],[-97.7352504,30.272696],[-97.7352493,30.2726907],[-97.7352466,30.2726775],[-97.7352314,30.2726559],[-97.7352087,30.2726399],[-97.7351811,30.2726315],[-97.7351518,30.2726316],[-97.7351242,30.2726403],[-97.7351017,30.2726565],[-97.7350868,30.2726782],[-97.7350814,30.2727014],[-97.7350847,30.2727248],[-97.7350963,30.2727462],[-97.7351152,30.2727633],[-97.7351394,30.2727743],[-97.7351663,30.2727783],[-97.7351934,30.2727746]]]},"properties":{"k":"area","s":"paving","u":"footway"}},{"type":"Feature","geometry":{"type":"Polygon","coordinates":[[[-97.7363319,30.2733105],[-97.7363398,30.2733305],[-97.7363404,30.2733517],[-97.7363331,30.2733727],[-97.7363187,30.2733907],[-97.7362985,30.2734039],[-97.7362745,30.273411],[-97.7362492,30.2734113],[-97.736225,30.2734048],[-97.7362201,30.2734018],[-97.7362044,30.2733921],[-97.7361894,30.2733744],[-97.7361815,30.2733537],[-97.7361814,30.2733319],[-97.7361893,30.2733111],[-97.7362042,30.2732935],[-97.7362247,30.2732807],[-97.7362488,30.2732741],[-97.7362741,30.2732743],[-97.736298,30.2732813],[-97.7363016,30.2732835],[-97.7363173,30.2732934],[-97.7363264,30.273304],[-97.7363319,30.2733105]]]},"properties":{"k":"area","s":"concrete","u":"pedestrian","name":"Lowell H. Lebermann, Junior Plaza"}},{"type":"Feature","geometry":{"type":"Polygon","coordinates":[[[-97.7355454,30.2728863],[-97.7355519,30.2728751],[-97.735558,30.2728523],[-97.7355664,30.2728385],[-97.7355717,30.2728184],[-97.73558,30.2727884],[-97.7356083,30.2727435],[-97.7356086,30.2727038],[-97.7356298,30.2726717],[-97.7356368,30.2725958],[-97.7356278,30.2725002],[-97.735631,30.2724461],[-97.7356514,30.2723206],[-97.7356747,30.272255],[-97.735677,30.2722017],[-97.7356599,30.2720517],[-97.7356458,30.2720221],[-97.7356613,30.2719829],[-97.7356341,30.2719076],[-97.7356255,30.2718523],[-97.7356143,30.2717553],[-97.7355798,30.2717002],[-97.7355673,30.2716402],[-97.7354301,30.2715944],[-97.7352585,30.2713767],[-97.7352501,30.2713588],[-97.7352027,30.2713433],[-97.7351828,30.2713435],[-97.7351491,30.2713014],[-97.7351575,30.2712831],[-97.7351661,30.2712645],[-97.7351616,30.2712572],[-97.7351643,30.2712432],[-97.7351278,30.2712026],[-97.7351221,30.2711934],[-97.7351161,30.2710507],[-97.7351289,30.270951],[-97.7350387,30.2709246],[-97.7350201,30.2711647],[-97.7350691,30.2712286],[-97.7350642,30.2712491],[-97.7351647,30.2713766],[-97.7351987,30.2713898],[-97.7352322,30.2714073],[-97.7354186,30.2716414],[-97.7354362,30.2716694],[-97.7354593,30.2716863],[-97.7354899,30.2717014],[-97.7355006,30.271719],[-97.735507,30.2717538],[-97.7355247,30.2717995],[-97.735555,30.271859],[-97.7355695,30.2719145],[-97.7355895,30.2720019],[-97.7355979,30.2720458],[-97.7356099,30.2721302],[-97.735617,30.2722017],[-97.7356184,30.2722463],[-97.7355973,30.2722994],[-97.735531,30.2724111],[-97.735524,30.272423],[-97.7355203,30.2724675],[-97.7355199,30.2724834],[-97.7355197,30.2724897],[-97.7355265,30.272595],[-97.7355349,30.2726274],[-97.7355501,30.272641],[-97.7355429,30.272711],[-97.7355308,30.2727761],[-97.7355021,30.2728469],[-97.7354841,30.2728435],[-97.7354657,30.2728368],[-97.7354535,30.272838],[-97.7354428,30.2728409],[-97.7354533,30.2728727],[-97.7354713,30.2728757],[-97.7354854,30.2728767],[-97.7355075,30.2728782],[-97.7355189,30.2728807],[-97.7355454,30.2728863]]]},"properties":{"k":"area","s":"water","u":"water"}},{"type":"Feature","geometry":{"type":"Polygon","coordinates":[[[-97.7363331,30.2733727],[-97.7363791,30.2733779],[-97.7363931,30.2733791],[-97.736398,30.2733879],[-97.7363884,30.2734009],[-97.736352,30.2734212],[-97.736313,30.273443],[-97.7362752,30.2734523],[-97.7362288,30.2734516],[-97.7361592,30.2734249],[-97.736114,30.2733893],[-97.7360895,30.273339],[-97.7360927,30.2732891],[-97.7361142,30.2732512],[-97.7361561,30.2732138],[-97.7361958,30.2731974],[-97.7362387,30.2731905],[-97.7362455,30.2731915],[-97.7362461,30.273152],[-97.7362448,30.2731428],[-97.7362163,30.2731447],[-97.7361716,30.2731524],[-97.7361167,30.2731764],[-97.7360762,30.2732094],[-97.7360377,30.2732597],[-97.7360285,30.2733138],[-97.7360318,30.2733417],[-97.7360511,30.2733899],[-97.7361065,30.273452],[-97.7361131,30.2734474],[-97.7361426,30.2734661],[-97.7361654,30.2734769],[-97.7361731,30.2734909],[-97.7361518,30.2734915],[-97.7361288,30.2734882],[-97.736119,30.2734888],[-97.7361116,30.2734919],[-97.7361124,30.273514],[-97.7361122,30.273538],[-97.7361153,30.27355],[-97.7361222,30.2735765],[-97.7361242,30.2736032],[-97.7361149,30.2736445],[-97.7360997,30.2736616],[-97.7360681,30.2736811],[-97.7360481,30.27368],[-97.7360038,30.2736569],[-97.7359656,30.273648],[-97.7359224,30.2736379],[-97.7359146,30.2736355],[-97.7359614,30.2735935],[-97.7359848,30.2735562],[-97.7360079,30.2735033],[-97.7360145,30.2734633],[-97.7360129,30.2733821],[-97.7359847,30.2733291],[-97.7359971,30.2733175],[-97.7359963,30.2732965],[-97.7360784,30.2730791],[-97.736137,30.2729257],[-97.7360581,30.2729059],[-97.7360474,30.2728985],[-97.7360417,30.2728884],[-97.7360406,30.2728782],[-97.7360865,30.2727676],[-97.7361973,30.272792],[-97.7362485,30.2727927],[-97.7362657,30.2728278],[-97.7362905,30.2728838],[-97.736292,30.2729209],[-97.7362366,30.2730595],[-97.7362309,30.2730799],[-97.7362304,30.2731003],[-97.7362679,30.2731283],[-97.7362983,30.2731549],[-97.7363458,30.2732299],[-97.7363081,30.2732741],[-97.7362768,30.2732559],[-97.7362709,30.2732468],[-97.7362607,30.2732477],[-97.7362544,30.2732397],[-97.7362416,30.2732426],[-97.7362317,30.2732315],[-97.7362091,30.2732348],[-97.7361831,30.2732443],[-97.7361614,30.2732574],[-97.7361456,30.2732693],[-97.7361541,30.2732766],[-97.7361431,30.2732852],[-97.7361364,30.2732974],[-97.736133,30.2733102],[-97.7361324,30.2733215],[-97.7361411,30.2733235],[-97.7361394,30.2733326],[-97.7361392,30.2733418],[-97.7361481,30.2733427],[-97.7361504,30.2733535],[-97.7361563,30.2733641],[-97.7361641,30.273361],[-97.7361698,30.273372],[-97.7361774,30.2733805],[-97.7361834,30.2733775],[-97.7361998,30.2733958],[-97.7362166,30.2734062],[-97.7362201,30.2734018],[-97.736225,30.2734048],[-97.7362492,30.2734113],[-97.7362745,30.273411],[-97.7362985,30.2734039],[-97.7363187,30.2733907],[-97.7363331,30.2733727]]]},"properties":{"k":"area","s":"grass","u":"scrub"}},{"type":"Feature","geometry":{"type":"Polygon","coordinates":[[[-97.7364586,30.2736624],[-97.7364676,30.2736669],[-97.7364735,30.2736394],[-97.7365088,30.2736514],[-97.7365068,30.2736752],[-97.7365019,30.2737066],[-97.7364811,30.2737453],[-97.7364408,30.2737891],[-97.7363789,30.2738245],[-97.7363381,30.2738312],[-97.736269,30.2738299],[-97.7362171,30.2738114],[-97.7361628,30.2737721],[-97.7361005,30.2737191],[-97.7361255,30.2736997],[-97.7361379,30.2736946],[-97.73616,30.2736856],[-97.7362009,30.2736795],[-97.7362264,30.2736799],[-97.736244,30.2736886],[-97.7362521,30.2737006],[-97.7362555,30.2737112],[-97.736251,30.2737238],[-97.7362433,30.2737358],[-97.7362337,30.2737511],[-97.7362334,30.2737651],[-97.7362385,30.2737786],[-97.7362469,30.2737891],[-97.7362566,30.2737947],[-97.7362735,30.2738002],[-97.7362911,30.2737991],[-97.7363038,30.2737938],[-97.7363139,30.2737869],[-97.7363197,30.2737763],[-97.7363207,30.2737621],[-97.7363164,30.2737514],[-97.7363111,30.2737416],[-97.7363038,30.2737352],[-97.7362946,30.2737308],[-97.7362884,30.2737246],[-97.7362874,30.2737176],[-97.7362888,30.2737092],[-97.7362969,30.273704],[-97.7363055,30.2737026],[-97.736317,30.2737084],[-97.7363187,30.273716],[-97.7363226,30.2737231],[-97.7363315,30.2737319],[-97.7363494,30.273738],[-97.736368,30.2737409],[-97.7363841,30.2737402],[-97.736399,30.273736],[-97.7364093,30.2737278],[-97.7364161,30.2737177],[-97.7364165,30.2737023],[-97.7364188,30.2736929],[-97.7364234,30.2736842],[-97.7364367,30.2736761],[-97.736448,30.2736702],[-97.7364586,30.2736624]]]},"properties":{"k":"area","s":"grass","u":"lawn"}},{"type":"Feature","geometry":{"type":"Polygon","coordinates":[[[-97.7364231,30.273427],[-97.7364327,30.2734347],[-97.7364567,30.2734379],[-97.7364917,30.2734387],[-97.7365188,30.2734443],[-97.7365451,30.2734589],[-97.7365606,30.2734716],[-97.7365701,30.273478],[-97.7365831,30.2734769],[-97.736596,30.2734471],[-97.7366124,30.2734115],[-97.7366318,30.2733849],[-97.7366456,30.2733505],[-97.7366542,30.2732984],[-97.7366741,30.2732979],[-97.7366808,30.2733236],[-97.736686,30.2733579],[-97.7366789,30.2733752],[-97.7366785,30.2733892],[-97.7366921,30.2733896],[-97.7367034,30.2733772],[-97.7367123,30.2733728],[-97.7367123,30.2733621],[-97.7367193,30.2733569],[-97.7367215,30.273342],[-97.7367306,30.2733305],[-97.7367313,30.2732986],[-97.7367202,30.273279],[-97.7367061,30.2732754],[-97.7366944,30.2732628],[-97.7366938,30.2732407],[-97.7367089,30.2732078],[-97.7367096,30.2731948],[-97.7367038,30.273174],[-97.736707,30.2731568],[-97.7367162,30.2731454],[-97.736713,30.2731251],[-97.736693,30.2731257],[-97.736679,30.2731229],[-97.7366637,30.2731],[-97.736637,30.2730703],[-97.7366241,30.2730622],[-97.7366123,30.2730632],[-97.7366598,30.2731538],[-97.7366699,30.2731869],[-97.7366679,30.2732021],[-97.7366566,30.2732088],[-97.7366454,30.2732125],[-97.7366195,30.2732137],[-97.7365861,30.2731951],[-97.7365013,30.2731431],[-97.7364899,30.2731475],[-97.7364753,30.2731475],[-97.7364577,30.273149],[-97.7364451,30.2731528],[-97.736433,30.2731677],[-97.7364431,30.2731812],[-97.7364672,30.2731968],[-97.7364757,30.2732219],[-97.7364494,30.2732403],[-97.736409,30.2732511],[-97.7364013,30.2732552],[-97.736411,30.2732745],[-97.7364218,30.2733311],[-97.7364186,30.2733477],[-97.7364611,30.2733537],[-97.7364759,30.2733632],[-97.7364857,30.2733866],[-97.7364845,30.2733992],[-97.7364706,30.2734114],[-97.7364231,30.273427]]]},"properties":{"k":"area","s":"grass","u":"scrub"}},{"type":"Feature","geometry":{"type":"Polygon","coordinates":[[[-97.7387129,30.2733538],[-97.7387361,30.2733482],[-97.7387559,30.2733361],[-97.7387527,30.2733139],[-97.738734,30.2732987],[-97.7384161,30.2732082],[-97.7383988,30.2732133],[-97.7383852,30.2732273],[-97.7383827,30.2732477],[-97.7383951,30.2732633],[-97.7387129,30.2733538]]]},"properties":{"k":"area","s":"grass","u":"lawn"}},{"type":"Feature","geometry":{"type":"Polygon","coordinates":[[[-97.7380742,30.2731947],[-97.7380919,30.2731948],[-97.7381089,30.2731903],[-97.7381195,30.2731818],[-97.7381274,30.2731696],[-97.7381285,30.2731561],[-97.7381253,30.2731423],[-97.7381141,30.2731294],[-97.7381012,30.2731212],[-97.737357,30.2729175],[-97.7373297,30.2729161],[-97.7373068,30.2729258],[-97.7372948,30.2729401],[-97.7372995,30.2729641],[-97.7373117,30.2729809],[-97.73733,30.2729911],[-97.7380742,30.2731947]]]},"properties":{"k":"area","s":"grass","u":"lawn"}},{"type":"Feature","geometry":{"type":"Polygon","coordinates":[[[-97.7370092,30.2728999],[-97.7370245,30.2728971],[-97.7370373,30.2728904],[-97.7370504,30.2728813],[-97.7370567,30.2728704],[-97.7370575,30.2728578],[-97.7370546,30.2728466],[-97.7370448,30.2728369],[-97.7370348,30.2728318],[-97.7362723,30.272616],[-97.7362553,30.2726157],[-97.7362411,30.2726196],[-97.7362292,30.2726273],[-97.73622,30.2726384],[-97.7362205,30.2726559],[-97.7362289,30.2726734],[-97.7362438,30.2726856],[-97.7370092,30.2728999]]]},"properties":{"k":"area","s":"grass","u":"lawn"}},{"type":"Feature","geometry":{"type":"Polygon","coordinates":[[[-97.7356807,30.2725315],[-97.7356808,30.2725051],[-97.7356907,30.2724537],[-97.7357788,30.2724788],[-97.7359433,30.2725219],[-97.7359676,30.2725348],[-97.7359805,30.272553],[-97.7359818,30.2725741],[-97.7359688,30.2725947],[-97.7359418,30.2726022],[-97.7359105,30.2725973],[-97.7357518,30.2725524],[-97.7356807,30.2725315]]]},"properties":{"k":"area","s":"grass","u":"lawn"}},{"type":"Feature","geometry":{"type":"Polygon","coordinates":[[[-97.7355199,30.2724834],[-97.7351817,30.2723927],[-97.7351659,30.272385],[-97.7351556,30.2723743],[-97.7351518,30.2723604],[-97.7351512,30.2723465],[-97.7351623,30.2723322],[-97.7351774,30.2723242],[-97.7351921,30.2723219],[-97.7352099,30.2723234],[-97.7354851,30.2723986],[-97.735531,30.2724111],[-97.735524,30.272423],[-97.7355203,30.2724675],[-97.7355199,30.2724834]]]},"properties":{"k":"area","s":"grass","u":"lawn"}},{"type":"Feature","geometry":{"type":"Polygon","coordinates":[[[-97.7348787,30.2722747],[-97.7348881,30.2722745],[-97.7348973,30.2722723],[-97.7349041,30.272268],[-97.7349083,30.2722612],[-97.7349088,30.2722534],[-97.7349063,30.2722461],[-97.7349009,30.2722398],[-97.7348939,30.2722355],[-97.7341212,30.2720202],[-97.7341052,30.2720198],[-97.7340896,30.2720224],[-97.7340762,30.272032],[-97.7340659,30.2720441],[-97.7340653,30.2720584],[-97.7340702,30.2720725],[-97.734081,30.2720837],[-97.7340943,30.2720928],[-97.7341933,30.2721155],[-97.734243,30.2721223],[-97.7343238,30.2721313],[-97.7344025,30.2721435],[-97.7348787,30.2722747]]]},"properties":{"k":"area","s":"grass","u":"lawn"}},{"type":"Feature","geometry":{"type":"Polygon","coordinates":[[[-97.7337433,30.2719943],[-97.7337694,30.2719241],[-97.7334895,30.2718479],[-97.7333655,30.2718284],[-97.7332241,30.2718181],[-97.7330947,30.2718208],[-97.7330918,30.2718387],[-97.7331842,30.2718492],[-97.7333188,30.2718779],[-97.733491,30.2719245],[-97.7337433,30.2719943]]]},"properties":{"k":"area","s":"grass","u":"lawn"}},{"type":"Feature","geometry":{"type":"Polygon","coordinates":[[[-97.7425545,30.2744329],[-97.7425474,30.2744241],[-97.7425447,30.2744149],[-97.7425461,30.2744056],[-97.7425521,30.2743985],[-97.7425602,30.274394],[-97.7425694,30.274393],[-97.7429135,30.2744887],[-97.7429209,30.2744932],[-97.7429258,30.2745002],[-97.7429279,30.2745075],[-97.7429264,30.2745153],[-97.7429217,30.2745218],[-97.7429154,30.2745262],[-97.7429073,30.2745284],[-97.7428986,30.2745287],[-97.7425545,30.2744329]]]},"properties":{"k":"area","s":"grass","u":"lawn"}},{"type":"Feature","geometry":{"type":"Polygon","coordinates":[[[-97.7433404,30.2746317],[-97.7433325,30.27465],[-97.7437407,30.2747633],[-97.743762,30.2747692],[-97.7438042,30.2747759],[-97.7438491,30.2747784],[-97.7438965,30.2747812],[-97.7439013,30.2747686],[-97.7434948,30.274648],[-97.7434664,30.2746426],[-97.7434117,30.2746339],[-97.7433656,30.2746315],[-97.7433535,30.2746322],[-97.7433404,30.2746317]]]},"properties":{"k":"area","s":"grass","u":"lawn"}},{"type":"Feature","geometry":{"type":"Polygon","coordinates":[[[-97.7450626,30.2751364],[-97.7450704,30.2751367],[-97.7450777,30.2751348],[-97.7450834,30.2751303],[-97.7450879,30.2751242],[-97.7450891,30.2751175],[-97.7450881,30.2751108],[-97.7450846,30.2751049],[-97.7450764,30.2751002],[-97.7442788,30.2748735],[-97.7442716,30.2748733],[-97.7442645,30.2748752],[-97.7442589,30.2748805],[-97.7442542,30.2748869],[-97.7442553,30.2748999],[-97.7442586,30.2749053],[-97.744265,30.2749096],[-97.7450626,30.2751364]]]},"properties":{"k":"area","s":"grass","u":"lawn"}},{"type":"Feature","geometry":{"type":"Polygon","coordinates":[[[-97.7365942,30.2739961],[-97.7366287,30.273997],[-97.7370086,30.2730512],[-97.7369504,30.2730495],[-97.7368865,30.2730758],[-97.7368438,30.2730991],[-97.7368148,30.2731396],[-97.7368121,30.2731799],[-97.7368315,30.2732189],[-97.7368514,30.2732592],[-97.7368532,30.2733037],[-97.7368389,30.2733563],[-97.7368166,30.2734001],[-97.7368144,30.2734031],[-97.7367833,30.2734452],[-97.7367406,30.2734875],[-97.736682,30.2735357],[-97.7366169,30.2735614],[-97.7366027,30.2735216],[-97.7366436,30.2735053],[-97.7366851,30.2734763],[-97.7367187,30.2734518],[-97.7367142,30.2734437],[-97.7367265,30.2734381],[-97.7367221,30.2734288],[-97.7367456,30.2734123],[-97.7367414,30.2734086],[-97.7367307,30.2734136],[-97.736727,30.2734099],[-97.7367353,30.2734014],[-97.7367424,30.2733904],[-97.7367478,30.2733762],[-97.736737,30.2733766],[-97.7367366,30.2733824],[-97.7367237,30.2733824],[-97.7367162,30.2733927],[-97.7366965,30.2734059],[-97.7366753,30.2734069],[-97.736657,30.2734037],[-97.7366578,30.2733857],[-97.7366578,30.2733743],[-97.7366663,30.2733576],[-97.7366663,30.2733472],[-97.7366611,30.2733447],[-97.7366584,30.2733597],[-97.7366531,30.273373],[-97.7366481,30.2733889],[-97.7366272,30.2734205],[-97.7366074,30.2734592],[-97.736605,30.2734811],[-97.7365831,30.2735003],[-97.7365555,30.2735004],[-97.7365387,30.2734933],[-97.7365308,30.2734809],[-97.7365213,30.2734659],[-97.7365008,30.2734577],[-97.7364688,30.2734578],[-97.7364395,30.2734546],[-97.7364043,30.273438],[-97.7363579,30.2734553],[-97.7363928,30.2734657],[-97.7364434,30.2734878],[-97.7364896,30.2735233],[-97.7365324,30.2735617],[-97.7365486,30.2735974],[-97.7365599,30.2736345],[-97.7365827,30.27375],[-97.7366482,30.2737578],[-97.7366269,30.2738916],[-97.7366146,30.2738902],[-97.7365942,30.2739961]]]},"properties":{"k":"area","s":"grass","u":"scrub"}},{"type":"Feature","geometry":{"type":"Polygon","coordinates":[[[-97.7369553,30.2730108],[-97.7369489,30.273002],[-97.736941,30.2729981],[-97.7368643,30.272998],[-97.7368254,30.2729955],[-97.7367803,30.2729831],[-97.7367449,30.2729709],[-97.7367095,30.272959],[-97.7366818,30.2729695],[-97.73665,30.27298],[-97.7365897,30.2729993],[-97.736581,30.2730112],[-97.7366033,30.2730458],[-97.736626,30.273043],[-97.7366392,30.2730535],[-97.7366569,30.2730675],[-97.7366773,30.2730863],[-97.7366901,30.273108],[-97.7367146,30.2731072],[-97.7367288,30.2731179],[-97.7367363,30.2731408],[-97.7367225,30.273167],[-97.736722,30.2731778],[-97.7367312,30.2732065],[-97.7367267,30.2732227],[-97.7367166,30.2732383],[-97.7367141,30.2732453],[-97.7367219,30.2732604],[-97.736734,30.2732733],[-97.7367485,30.2732929],[-97.7367559,30.2732987],[-97.7367559,30.2733051],[-97.7367681,30.2733053],[-97.7367683,30.2733166],[-97.7367728,30.2733165],[-97.7367723,30.2733065],[-97.7367765,30.2733065],[-97.7367732,30.2732816],[-97.7367787,30.2732816],[-97.7367791,30.2732651],[-97.736786,30.2732638],[-97.7367831,30.2732386],[-97.73677,30.2732084],[-97.7367642,30.2731647],[-97.736778,30.2731133],[-97.7368063,30.2730744],[-97.7368607,30.2730428],[-97.7369553,30.2730108]]]},"properties":{"k":"area","s":"grass","u":"scrub"}},{"type":"Feature","geometry":{"type":"Polygon","coordinates":[[[-97.7351269,30.2715325],[-97.7351366,30.2715039],[-97.7351459,30.2714748],[-97.7350852,30.2714595],[-97.7350336,30.2713901],[-97.7349868,30.2713271],[-97.73499,30.2712918],[-97.7350341,30.2712649],[-97.7350336,30.2712587],[-97.7350326,30.2712512],[-97.7350427,30.2712505],[-97.735046,30.2712322],[-97.7350331,30.2712158],[-97.7350154,30.2712289],[-97.7349167,30.2712989],[-97.7348287,30.2712099],[-97.7348591,30.2714009],[-97.7349088,30.271383],[-97.7350097,30.2715013],[-97.7351269,30.2715325]]]},"properties":{"k":"area","s":"paving","u":"pedestrian"}},{"type":"Feature","geometry":{"type":"Polygon","coordinates":[[[-97.7481989,30.2760232],[-97.7482129,30.2760256],[-97.7482716,30.2760265],[-97.7482781,30.2760246],[-97.7482813,30.2760196],[-97.7482818,30.2760129],[-97.7482763,30.2760073],[-97.7477444,30.2758582],[-97.7477128,30.2758531],[-97.7476624,30.2758526],[-97.7476442,30.2758529],[-97.7476403,30.2758671],[-97.7481989,30.2760232]]]},"properties":{"k":"area","s":"grass","u":"lawn"}},{"type":"Feature","geometry":{"type":"Polygon","coordinates":[[[-97.7471145,30.2756945],[-97.7471185,30.2756819],[-97.7466351,30.275545],[-97.7465861,30.2755353],[-97.7465144,30.2755271],[-97.7464734,30.2755232],[-97.7464697,30.2755358],[-97.7470063,30.2756871],[-97.7470417,30.2756947],[-97.7470638,30.2756973],[-97.7470915,30.275697],[-97.7471145,30.2756945]]]},"properties":{"k":"area","s":"grass","u":"lawn"}},{"type":"Feature","geometry":{"type":"Polygon","coordinates":[[[-97.7453385,30.2752156],[-97.7453322,30.2752111],[-97.745328,30.275205],[-97.7453275,30.275199],[-97.7453285,30.2751929],[-97.7453324,30.2751874],[-97.7453384,30.2751833],[-97.7453455,30.275181],[-97.7453526,30.2751808],[-97.7460105,30.2753667],[-97.746006,30.2753785],[-97.7459616,30.2753758],[-97.7459213,30.2753751],[-97.7458904,30.2753715],[-97.7453385,30.2752156]]]},"properties":{"k":"area","s":"grass","u":"lawn"}},{"type":"Feature","geometry":{"type":"Polygon","coordinates":[[[-97.7365793,30.2730655],[-97.7365663,30.2730668],[-97.7365541,30.2730795],[-97.7365455,30.273099],[-97.7365374,30.2731148],[-97.7365265,30.2731259],[-97.7365836,30.2731531],[-97.736601,30.273158],[-97.7366153,30.2731575],[-97.7366248,30.2731512],[-97.7366157,30.2731392],[-97.7366014,30.273115],[-97.7365882,30.2730881],[-97.7365793,30.2730655]]]},"properties":{"k":"area","s":"grass","u":"scrub"}},{"type":"Feature","geometry":{"type":"Polygon","coordinates":[[[-97.7362723,30.272793],[-97.7363058,30.2728515],[-97.736318,30.27289],[-97.7363111,30.2729317],[-97.7363011,30.2729588],[-97.7363258,30.2729437],[-97.7363696,30.2729436],[-97.7363954,30.2729619],[-97.7364387,30.2730391],[-97.7364613,30.2730724],[-97.736481,30.2730902],[-97.7364963,30.2730946],[-97.7365147,30.2730896],[-97.7365265,30.2730775],[-97.736539,30.2730627],[-97.7365644,30.2730498],[-97.7365414,30.2730075],[-97.7365351,30.2729792],[-97.7365927,30.2729591],[-97.736651,30.2729301],[-97.7365727,30.2728908],[-97.7364531,30.272853],[-97.7363477,30.2728158],[-97.7362723,30.272793]]]},"properties":{"k":"area","s":"grass","u":"scrub"}},{"type":"Feature","geometry":{"type":"Polygon","coordinates":[[[-97.7365088,30.2736514],[-97.7365087,30.2736309],[-97.7364927,30.2735935],[-97.7364539,30.2735436],[-97.7363882,30.2735052],[-97.7363587,30.2734967],[-97.7363307,30.2734909],[-97.7363062,30.2734862],[-97.7363076,30.2734996],[-97.7363286,30.2735157],[-97.7363561,30.27354],[-97.7363766,30.2735569],[-97.7363906,30.2735672],[-97.7364054,30.2735754],[-97.7364369,30.2735795],[-97.7364784,30.2736089],[-97.7364691,30.2736162],[-97.7364821,30.2736343],[-97.7364735,30.2736394],[-97.7365088,30.2736514]]]},"properties":{"k":"area","s":"grass","u":"scrub"}},{"type":"Feature","geometry":{"type":"Polygon","coordinates":[[[-97.7360865,30.2727676],[-97.7361973,30.272792],[-97.7362485,30.2727927],[-97.7362723,30.272793],[-97.7363477,30.2728158],[-97.7364531,30.272853],[-97.7365727,30.2728908],[-97.736651,30.2729301],[-97.7366734,30.2729412],[-97.7367095,30.272959],[-97.7368254,30.2729955],[-97.7368643,30.272998],[-97.736941,30.2729981],[-97.7369802,30.2729958],[-97.7370166,30.273016],[-97.7370086,30.2730512],[-97.7366287,30.273997],[-97.7365942,30.2739961],[-97.7366146,30.2738902],[-97.7366269,30.2738916],[-97.7366482,30.2737578],[-97.7365827,30.27375],[-97.7365599,30.2736345],[-97.7365486,30.2735974],[-97.7365324,30.2735617],[-97.7364896,30.2735233],[-97.7364434,30.2734878],[-97.7363928,30.2734657],[-97.7363579,30.2734553],[-97.7362594,30.273485],[-97.7361848,30.2734906],[-97.7361731,30.2734909],[-97.7361518,30.2734915],[-97.7361288,30.2734882],[-97.736119,30.2734888],[-97.7361116,30.2734919],[-97.7361124,30.273514],[-97.7361122,30.273538],[-97.7361153,30.27355],[-97.7361222,30.2735765],[-97.7361242,30.2736032],[-97.7361149,30.2736445],[-97.7360997,30.2736616],[-97.7360681,30.2736811],[-97.7360481,30.27368],[-97.7360038,30.2736569],[-97.7359656,30.273648],[-97.7359224,30.2736379],[-97.7359146,30.2736355],[-97.7359614,30.2735935],[-97.7359848,30.2735562],[-97.7360079,30.2735033],[-97.7360145,30.2734633],[-97.7360129,30.2733821],[-97.7359847,30.2733291],[-97.7359971,30.2733175],[-97.7359963,30.2732965],[-97.7360096,30.2732612],[-97.7360926,30.2730416],[-97.736137,30.2729257],[-97.7360581,30.2729059],[-97.7360474,30.2728985],[-97.7360417,30.2728884],[-97.7360406,30.2728782],[-97.7360865,30.2727676]]]},"properties":{"k":"area","s":"grass","u":"garden","name":"Luci and Ian's Family Hill Country Garden"}},{"type":"Feature","geometry":{"type":"Polygon","coordinates":[[[-97.7364977,30.2742907],[-97.7364245,30.2744907],[-97.736355,30.274681],[-97.7363426,30.2746833],[-97.7363046,30.2746953],[-97.7362325,30.2747211],[-97.7361837,30.274741],[-97.7361298,30.2747646],[-97.7360949,30.274734],[-97.7360991,30.2746313],[-97.7361402,30.2746316],[-97.7361821,30.2746316],[-97.7362303,30.2746469],[-97.7362341,30.2746487],[-97.736274,30.2746675],[-97.736401,30.2743229],[-97.7364219,30.274269],[-97.7364427,30.274275],[-97.7364977,30.2742907]]]},"properties":{"k":"area","s":"concrete","u":"pedestrian","name":"Mattson\u2013McHale Plaza"}},{"type":"Feature","geometry":{"type":"Polygon","coordinates":[[[-97.7361298,30.2747646],[-97.7360441,30.2749855],[-97.7359572,30.2749652],[-97.7358906,30.2749988],[-97.7358771,30.2749809],[-97.7358654,30.2749518],[-97.7358791,30.2749476],[-97.7358941,30.2749415],[-97.7359098,30.274932],[-97.7359214,30.2749219],[-97.7359284,30.2749248],[-97.7359523,30.2749317],[-97.7359762,30.2749372],[-97.7359783,30.2749305],[-97.73598,30.2749253],[-97.7359364,30.2749131],[-97.7358926,30.2748969],[-97.7358286,30.2748576],[-97.7358314,30.2748336],[-97.7358445,30.2747949],[-97.7358774,30.2747545],[-97.7359165,30.2747833],[-97.7359443,30.2748037],[-97.7360379,30.2748524],[-97.7360664,30.2748176],[-97.7360949,30.274734],[-97.7361298,30.2747646]]]},"properties":{"k":"area","s":"concrete","u":"pedestrian","name":"Amphitheater Terrace"}},{"type":"Feature","geometry":{"type":"Polygon","coordinates":[[[-97.7353867,30.2728578],[-97.7353967,30.2728725],[-97.7354188,30.2728912],[-97.735442,30.2729075],[-97.73543,30.2729355],[-97.7354056,30.2729358],[-97.7353812,30.2729387],[-97.735359,30.2729505],[-97.7353469,30.2729669],[-97.7353421,30.2729832],[-97.7353403,30.2729998],[-97.7353469,30.273019],[-97.7353611,30.2730374],[-97.7353815,30.2730518],[-97.7354054,30.2730599],[-97.7354261,30.2730613],[-97.7354432,30.2730796],[-97.735427,30.2730883],[-97.7354166,30.2730971],[-97.7354125,30.2731074],[-97.7354239,30.2731303],[-97.7354298,30.2731499],[-97.7354298,30.273169],[-97.7354223,30.2731835],[-97.7354151,30.273194],[-97.7354043,30.2732025],[-97.7353915,30.273206],[-97.7353739,30.2732091],[-97.7353563,30.2732087],[-97.7353393,30.2732018],[-97.7353243,30.2731935],[-97.7353099,30.2731913],[-97.7352954,30.2731921],[-97.7352662,30.2732132],[-97.7352605,30.2732074],[-97.735244,30.2731908],[-97.7352313,30.2731623],[-97.7352597,30.2731442],[-97.7352873,30.2731229],[-97.7353054,30.2731004],[-97.7353153,30.2730779],[-97.7353166,30.2730532],[-97.7353098,30.2730332],[-97.735298,30.2730124],[-97.7352834,30.2729928],[-97.7352786,30.2729778],[-97.7352772,30.2729629],[-97.7352881,30.2729422],[-97.7353203,30.2729196],[-97.7353413,30.2728976],[-97.7353504,30.272878],[-97.7353518,30.2728607],[-97.7353513,30.272844],[-97.7353496,30.2728243],[-97.7353412,30.272785],[-97.7353558,30.2727846],[-97.7353798,30.2727841],[-97.7353734,30.2727999],[-97.7353735,30.2728164],[-97.7353741,30.2728253],[-97.7353781,30.2728414],[-97.7353867,30.2728578]]]},"properties":{"k":"area","s":"gravel","u":"pedestrian","name":"Winkler Family Wetland Terrace"}},{"type":"Feature","geometry":{"type":"Polygon","coordinates":[[[-97.7355454,30.2728863],[-97.7355406,30.2729128],[-97.7355231,30.272967],[-97.735497,30.2730107],[-97.7354968,30.2730389],[-97.7354904,30.2730766],[-97.7354849,30.2731104],[-97.7354849,30.2731298],[-97.7354993,30.2731684],[-97.7354856,30.2731751],[-97.7354755,30.27318],[-97.735469,30.2731832],[-97.7354614,30.2731733],[-97.7354498,30.2731739],[-97.7354459,30.2731589],[-97.7354428,30.2731463],[-97.7354432,30.2731096],[-97.7354495,30.2730764],[-97.7354501,30.2730734],[-97.7354553,30.2730555],[-97.7354548,30.2730301],[-97.7354627,30.2730037],[-97.7354659,30.2729789],[-97.7354769,30.2729429],[-97.7354916,30.2729077],[-97.7354967,30.2728935],[-97.7354854,30.2728767],[-97.7355075,30.2728782],[-97.7355189,30.2728807],[-97.7355454,30.2728863]]]},"properties":{"k":"area","s":"water","u":"water"}},{"type":"Feature","geometry":{"type":"Polygon","coordinates":[[[-97.736347,30.2738678],[-97.7363244,30.2738724],[-97.7362777,30.2738735],[-97.7363445,30.2739072],[-97.7363846,30.2739419],[-97.7363923,30.2739659],[-97.7364124,30.2739604],[-97.7364501,30.2739545],[-97.7364934,30.2739649],[-97.7365174,30.2739909],[-97.7365261,30.2740371],[-97.7364984,30.2740803],[-97.7365328,30.2740546],[-97.7365622,30.2740211],[-97.7365644,30.2740131],[-97.7365645,30.2739958],[-97.7365942,30.2739961],[-97.7366146,30.2738902],[-97.7365614,30.2738839],[-97.7365771,30.2737853],[-97.7365538,30.2737832],[-97.7365356,30.2737829],[-97.7365356,30.2738047],[-97.7365278,30.2738283],[-97.7365122,30.2738448],[-97.7364957,30.2738532],[-97.7364769,30.2738571],[-97.7364577,30.2738591],[-97.7364469,30.2738672],[-97.736435,30.2738807],[-97.7364217,30.2738922],[-97.7364018,30.273896],[-97.7363831,30.2738903],[-97.7363594,30.2738804],[-97.736347,30.2738678]]]},"properties":{"k":"area","s":"gravel","u":"pedestrian","name":"Family Commons"}},{"type":"Feature","geometry":{"type":"Polygon","coordinates":[[[-97.7364094,30.2732327],[-97.7364358,30.2732256],[-97.7364566,30.2732154],[-97.7364511,30.2732044],[-97.7364254,30.2731901],[-97.7364083,30.2731708],[-97.7364242,30.2731488],[-97.7364514,30.2731342],[-97.736491,30.2731326],[-97.7364813,30.2731198],[-97.7364396,30.273094],[-97.7364112,30.2730707],[-97.7363718,30.2730166],[-97.7363514,30.2730033],[-97.7363386,30.2730044],[-97.7363305,30.27303],[-97.7363065,30.2730865],[-97.736314,30.2731068],[-97.7363454,30.2731555],[-97.7363879,30.2732127],[-97.7364094,30.2732327]]]},"properties":{"k":"area","s":"grass","u":"scrub"}},{"type":"Feature","geometry":{"type":"Polygon","coordinates":[[[-97.7364089,30.2733468],[-97.7364127,30.273331],[-97.7364035,30.2732765],[-97.7363914,30.2732557],[-97.7363792,30.2732493],[-97.7363264,30.273304],[-97.7363319,30.2733105],[-97.7363398,30.2733305],[-97.7363453,30.2733362],[-97.7363521,30.2733402],[-97.7364089,30.2733468]]]},"properties":{"k":"area","s":"grass","u":"scrub"}},{"type":"Feature","geometry":{"type":"Polygon","coordinates":[[[-97.7360991,30.2746313],[-97.7360949,30.274734],[-97.7360664,30.2748176],[-97.7360379,30.2748524],[-97.7359443,30.2748037],[-97.7359165,30.2747833],[-97.7358774,30.2747545],[-97.7358445,30.2747949],[-97.7358314,30.2748336],[-97.7358286,30.2748576],[-97.735839,30.2748731],[-97.7358806,30.2749044],[-97.7358696,30.2749122],[-97.7358537,30.2749207],[-97.7358654,30.2749518],[-97.7358771,30.2749809],[-97.7358906,30.2749988],[-97.7359099,30.2750244],[-97.735893,30.275041],[-97.7358821,30.2750495],[-97.7358603,30.2750169],[-97.7358473,30.2749974],[-97.735809,30.2749124],[-97.7357914,30.2748435],[-97.7357507,30.2747553],[-97.7357327,30.2747182],[-97.7357032,30.2746789],[-97.7357153,30.2746609],[-97.7357428,30.2746205],[-97.7357623,30.2745654],[-97.7357798,30.274496],[-97.7357866,30.2744526],[-97.7357874,30.2744071],[-97.7357766,30.2743705],[-97.735766,30.2743377],[-97.7357437,30.2743111],[-97.7357205,30.2742881],[-97.7357099,30.2742801],[-97.7356843,30.274265],[-97.7356614,30.2742572],[-97.7356664,30.2742402],[-97.7356735,30.2742123],[-97.7356942,30.2742103],[-97.735716,30.2742015],[-97.7357322,30.2741845],[-97.7357448,30.2741592],[-97.735785,30.2741037],[-97.7358336,30.2740614],[-97.7358826,30.274026],[-97.7359452,30.2739883],[-97.7360039,30.2739613],[-97.7360401,30.2739508],[-97.7360487,30.273923],[-97.7360508,30.2739049],[-97.7360712,30.2739069],[-97.7360919,30.273909],[-97.7361653,30.2739214],[-97.7362073,30.2739349],[-97.7362085,30.2739525],[-97.7362092,30.273963],[-97.7362065,30.2740132],[-97.7361773,30.274086],[-97.736127,30.2741284],[-97.7361227,30.274122],[-97.7361173,30.2741125],[-97.7361321,30.2740969],[-97.7361419,30.2740735],[-97.7361411,30.2740499],[-97.7361301,30.2740256],[-97.736116,30.2740053],[-97.7361013,30.2739849],[-97.7360911,30.2739899],[-97.7360811,30.2739936],[-97.7360681,30.2739956],[-97.7360557,30.2739975],[-97.7360228,30.274008],[-97.7359763,30.274032],[-97.7359299,30.2740578],[-97.7358942,30.2740822],[-97.7358995,30.2740882],[-97.7358918,30.2740936],[-97.735881,30.2741012],[-97.7358419,30.2741436],[-97.7357937,30.2741993],[-97.7357608,30.2742452],[-97.7359004,30.2743148],[-97.7358776,30.2743497],[-97.7358645,30.2743867],[-97.7358526,30.2744386],[-97.73585,30.2744844],[-97.7358506,30.2745135],[-97.7358335,30.2745145],[-97.735834,30.2745235],[-97.7358355,30.2745329],[-97.7358367,30.2745493],[-97.7358457,30.2745911],[-97.7358596,30.2746286],[-97.7358763,30.2746654],[-97.7358864,30.2746801],[-97.7358918,30.2746879],[-97.7359069,30.2747104],[-97.7358985,30.2747228],[-97.7358923,30.2747315],[-97.7359305,30.2747393],[-97.7359838,30.2747324],[-97.7360244,30.2747076],[-97.7360445,30.2746736],[-97.736049,30.2746327],[-97.736058,30.2746324],[-97.7360991,30.2746313]]]},"properties":{"k":"area","s":"concrete","u":"pedestrian"}},{"type":"Feature","geometry":{"type":"Polygon","coordinates":[[[-97.7419232,30.2724704],[-97.741944,30.2724252],[-97.7420087,30.2722492],[-97.7420114,30.272242],[-97.741999,30.2722392],[-97.741975,30.2723002],[-97.741674,30.2722142],[-97.741677,30.2722062],[-97.741587,30.2721802],[-97.741584,30.2721902],[-97.741496,30.2721652],[-97.741299,30.2726474],[-97.7415929,30.2727296],[-97.7416095,30.2726806],[-97.7415933,30.2726764],[-97.741663,30.2725031],[-97.7417306,30.2724708],[-97.7417477,30.2724195],[-97.7419232,30.2724704]]]},"properties":{"k":"area","s":"grass","u":"park","name":"The Old Bakery Bicentennial Square"}},{"type":"Feature","geometry":{"type":"Polygon","coordinates":[[[-97.7363167,30.2740003],[-97.7362821,30.2739665],[-97.7362279,30.2739425],[-97.7362073,30.2739349],[-97.7361653,30.2739214],[-97.7360919,30.273909],[-97.7360939,30.2738736],[-97.7360865,30.2738373],[-97.7360706,30.2737915],[-97.7360475,30.2737646],[-97.736066,30.2737515],[-97.7361316,30.273805],[-97.7361949,30.273845],[-97.7362777,30.2738735],[-97.7363445,30.2739072],[-97.7363846,30.2739419],[-97.7363923,30.2739659],[-97.7363656,30.2739733],[-97.7363167,30.2740003]]]},"properties":{"k":"area","s":"grass","u":"scrub"}},{"type":"Feature","geometry":{"type":"Polygon","coordinates":[[[-97.7363778,30.2741416],[-97.7363962,30.2741756],[-97.7364136,30.2742067],[-97.736419,30.2742424],[-97.7364219,30.274269],[-97.7362145,30.2742097],[-97.7361795,30.2742205],[-97.7361642,30.2742313],[-97.7361419,30.2742068],[-97.7361134,30.2741399],[-97.736127,30.2741284],[-97.7361773,30.274086],[-97.7362065,30.2740132],[-97.7362092,30.273963],[-97.7362704,30.273987],[-97.7363026,30.2740148],[-97.7362812,30.2740393],[-97.7362718,30.2740837],[-97.7362923,30.27412],[-97.7363278,30.2741391],[-97.7363778,30.2741416]]]},"properties":{"k":"area","s":"grass","u":"scrub"}},{"type":"Feature","geometry":{"type":"Polygon","coordinates":[[[-97.7405888,30.2735584],[-97.7405837,30.2735584],[-97.7405787,30.2735558],[-97.7405753,30.2735493],[-97.7405744,30.2735401],[-97.7405765,30.2735322],[-97.7405817,30.2735226],[-97.7405864,30.2735179],[-97.7405911,30.2735148],[-97.7405981,30.2735133],[-97.7406022,30.273514],[-97.7406074,30.2735194],[-97.7406084,30.2735281],[-97.7406077,30.2735357],[-97.7406051,30.2735443],[-97.7406009,30.2735504],[-97.7405952,30.2735554],[-97.7405888,30.2735584]]]},"properties":{"k":"area","s":"water","u":"water"}},{"type":"Feature","geometry":{"type":"Polygon","coordinates":[[[-97.7409283,30.2736537],[-97.7409232,30.2736537],[-97.7409182,30.2736511],[-97.7409148,30.2736446],[-97.7409139,30.2736354],[-97.7409161,30.2736275],[-97.7409213,30.2736179],[-97.7409259,30.2736132],[-97.7409306,30.2736101],[-97.7409376,30.2736087],[-97.7409417,30.2736093],[-97.7409469,30.2736147],[-97.7409479,30.2736234],[-97.7409472,30.273631],[-97.7409446,30.2736396],[-97.7409404,30.2736457],[-97.7409347,30.2736507],[-97.7409283,30.2736537]]]},"properties":{"k":"area","s":"water","u":"water"}},{"type":"Feature","geometry":{"type":"Polygon","coordinates":[[[-97.7401157,30.2740124],[-97.7401055,30.2740085],[-97.7400972,30.274002],[-97.7400918,30.2739936],[-97.7400898,30.2739841],[-97.7400914,30.2739745],[-97.7400964,30.2739659],[-97.7401044,30.2739592],[-97.7401145,30.273955],[-97.740126,30.2739538],[-97.7401372,30.2739559],[-97.7401471,30.2739612],[-97.7401544,30.273969],[-97.7401583,30.2739784],[-97.7401583,30.2739884],[-97.7401546,30.2739978],[-97.7401527,30.2739999],[-97.7401474,30.2740056],[-97.7401377,30.274011],[-97.7401268,30.2740133],[-97.7401157,30.2740124]]]},"properties":{"k":"area","s":"concrete","u":"footway"}},{"type":"Feature","geometry":{"type":"Polygon","coordinates":[[[-97.7433354,30.2725886],[-97.7433241,30.2725852],[-97.7433141,30.2725805],[-97.7433057,30.2725741],[-97.7433025,30.2725697],[-97.7433013,30.2725651],[-97.7433053,30.2725617],[-97.7433106,30.2725598],[-97.7433207,30.2725585],[-97.7433324,30.2725581],[-97.7433438,30.2725594],[-97.7433551,30.2725621],[-97.7433653,30.2725661],[-97.7433728,30.2725693],[-97.74338,30.2725753],[-97.7433824,30.2725808],[-97.7433786,30.2725856],[-97.7433721,30.272588],[-97.7433591,30.2725899],[-97.7433473,30.2725898],[-97.7433354,30.2725886]]]},"properties":{"k":"area","s":"water","u":"water"}},{"type":"Feature","geometry":{"type":"Polygon","coordinates":[[[-97.7434488,30.2729533],[-97.743495,30.2728272],[-97.7434872,30.2728267],[-97.743478,30.2728269],[-97.7434699,30.2728279],[-97.7434645,30.2728297],[-97.7434651,30.2728417],[-97.7434645,30.2728538],[-97.7434612,30.2728737],[-97.7434541,30.2728919],[-97.743447,30.2729084],[-97.7434352,30.272927],[-97.7434272,30.2729345],[-97.7434308,30.2729397],[-97.7434374,30.272946],[-97.7434488,30.2729533]]]},"properties":{"k":"area","s":"grass","u":"lawn"}},{"type":"Feature","geometry":{"type":"Polygon","coordinates":[[[-97.7479954,30.2762178],[-97.7480141,30.2761698],[-97.7478148,30.2761118],[-97.747796,30.2761599],[-97.7479954,30.2762178]]]},"properties":{"k":"area","s":"grass","u":"lawn"}},{"type":"Feature","geometry":{"type":"Polygon","coordinates":[[[-97.7476412,30.2761189],[-97.74768,30.2760138],[-97.747597,30.2759615],[-97.7475303,30.2759424],[-97.7475078,30.2760047],[-97.7475536,30.2760187],[-97.7475287,30.2760867],[-97.7476412,30.2761189]]]},"properties":{"k":"area","s":"grass","u":"lawn"}},{"type":"Feature","geometry":{"type":"Polygon","coordinates":[[[-97.7474908,30.2760795],[-97.7475057,30.2760387],[-97.747477,30.2760308],[-97.7474828,30.2760149],[-97.7474118,30.2759955],[-97.747391,30.2760524],[-97.7474908,30.2760795]]]},"properties":{"k":"area","s":"grass","u":"lawn"}},{"type":"Feature","geometry":{"type":"Polygon","coordinates":[[[-97.7473069,30.2762282],[-97.747259,30.2762156],[-97.7473299,30.2760154],[-97.7473778,30.276028],[-97.7473069,30.2762282]]]},"properties":{"k":"area","s":"grass","u":"lawn"}},{"type":"Feature","geometry":{"type":"Polygon","coordinates":[[[-97.7474228,30.2762596],[-97.7473551,30.2761473],[-97.7473734,30.276094],[-97.7474762,30.2761193],[-97.7474228,30.2762596]]]},"properties":{"k":"area","s":"grass","u":"lawn"}},{"type":"Feature","geometry":{"type":"Polygon","coordinates":[[[-97.7473237,30.2759519],[-97.7473417,30.2759829],[-97.7473299,30.2760154],[-97.747259,30.2762156],[-97.7472545,30.276229],[-97.7472056,30.2763679],[-97.7471778,30.2763615],[-97.7473237,30.2759519]]]},"properties":{"k":"area","s":"asphalt","u":"parking"}},{"type":"Feature","geometry":{"type":"Polygon","coordinates":[[[-97.7353363,30.2746588],[-97.7353116,30.2746505],[-97.7352978,30.2746412],[-97.735288,30.2746313],[-97.7352827,30.274612],[-97.7352753,30.2744818],[-97.735271,30.2744208],[-97.7352636,30.2743871],[-97.7352558,30.2743548],[-97.7352503,30.2743085],[-97.7352444,30.2742484],[-97.7352392,30.2742198],[-97.7352182,30.274156],[-97.7352066,30.2740655],[-97.7351931,30.2739632],[-97.7351615,30.2737413],[-97.7351237,30.273553],[-97.7351042,30.2734495],[-97.735224,30.2733836],[-97.7352204,30.273393],[-97.7352178,30.2734078],[-97.7352172,30.2734164],[-97.7352172,30.273423],[-97.7352092,30.2734354],[-97.7352109,30.2734511],[-97.7352141,30.2734616],[-97.7352199,30.2734571],[-97.7352283,30.273456],[-97.7352381,30.2734523],[-97.735242,30.2734338],[-97.7352499,30.2734209],[-97.735273,30.2734068],[-97.7352938,30.2733973],[-97.7353166,30.2733968],[-97.7353305,30.2734021],[-97.7353527,30.2734043],[-97.7353712,30.273403],[-97.7353691,30.2739899],[-97.7353605,30.2740987],[-97.7353536,30.274104],[-97.7353483,30.274122],[-97.7353458,30.2741289],[-97.7353401,30.2741314],[-97.7353355,30.2741236],[-97.7353347,30.2740804],[-97.7353314,30.2740377],[-97.7353136,30.2739637],[-97.7352999,30.2739182],[-97.735292,30.2738806],[-97.7352897,30.2738403],[-97.7352916,30.2737825],[-97.7353035,30.2737251],[-97.7353341,30.2736575],[-97.7353323,30.2736504],[-97.7353231,30.2736486],[-97.7353156,30.2736533],[-97.7352762,30.2737195],[-97.7352604,30.2737886],[-97.7352598,30.2738395],[-97.7352632,30.2738829],[-97.7352744,30.2739217],[-97.7352911,30.2739733],[-97.7353069,30.2740408],[-97.7353158,30.2740782],[-97.7353126,30.2741362],[-97.7352945,30.2742421],[-97.7352841,30.2742673],[-97.7352817,30.274292],[-97.7352801,30.2743412],[-97.7352845,30.2744266],[-97.7352923,30.2744917],[-97.7353017,30.2745348],[-97.7353226,30.2745834],[-97.7353452,30.274608],[-97.7353545,30.27461],[-97.7353482,30.2746312],[-97.7353472,30.2746384],[-97.7353415,30.2746361],[-97.7353363,30.2746588]]]},"properties":{"k":"area","s":"grass","u":"lawn"}},{"type":"Feature","geometry":{"type":"Polygon","coordinates":[[[-97.746653,30.2742156],[-97.7466308,30.2742769],[-97.7466034,30.2743526],[-97.7466868,30.2743752],[-97.7467684,30.2743972],[-97.7467954,30.2743227],[-97.746818,30.2742602],[-97.7467386,30.2742388],[-97.746653,30.2742156]]]},"properties":{"k":"area","s":"concrete","u":"footway"}},{"type":"Feature","geometry":{"type":"Polygon","coordinates":[[[-97.7276718,30.2716602],[-97.7276095,30.2713665],[-97.7276115,30.2713521],[-97.7276149,30.2713434],[-97.7276318,30.2713387],[-97.7279575,30.2713086],[-97.7279883,30.2713104],[-97.7280105,30.2713179],[-97.7280225,30.2713324],[-97.7280286,30.2713486],[-97.7280299,30.2713706],[-97.7279481,30.2716961],[-97.7279387,30.2717146],[-97.727924,30.2717279],[-97.7279018,30.2717349],[-97.7277195,30.2717621],[-97.7277054,30.2717598],[-97.727694,30.2717546],[-97.7276879,30.2717412],[-97.7276718,30.2716602]]]},"properties":{"k":"area","s":"concrete","u":"footway"}},{"type":"Feature","geometry":{"type":"Polygon","coordinates":[[[-97.7280935,30.271619],[-97.7281614,30.2713524],[-97.7281755,30.2712973],[-97.7281771,30.2712447],[-97.7282802,30.270839],[-97.7282904,30.2708252],[-97.7283098,30.2708179],[-97.7283309,30.2708157],[-97.7288023,30.2708478],[-97.7288437,30.2708609],[-97.7291665,30.270885],[-97.7292045,30.2708843],[-97.7292349,30.2708762],[-97.7295373,30.2708989],[-97.7295576,30.2709091],[-97.7295703,30.27092],[-97.7295745,30.2709346],[-97.7295179,30.2711688],[-97.7294419,30.271468],[-97.7294233,30.2714862],[-97.7293988,30.2714957],[-97.7292256,30.2715227],[-97.7292019,30.2715213],[-97.7291546,30.271511],[-97.7291141,30.2715132],[-97.7290532,30.2715205],[-97.7290347,30.2715293],[-97.7290127,30.2715548],[-97.7289654,30.2715643],[-97.7289122,30.2715636],[-97.7285937,30.2716103],[-97.7281231,30.2716825],[-97.7280952,30.2716832],[-97.7280842,30.2716774],[-97.7280791,30.2716657],[-97.7280935,30.271619]]]},"properties":{"k":"area","s":"concrete","u":"footway"}},{"type":"Feature","geometry":{"type":"Polygon","coordinates":[[[-97.7309029,30.2719465],[-97.7303584,30.272034],[-97.7301995,30.2720595],[-97.7296852,30.2721429],[-97.7296724,30.2721417],[-97.7296624,30.272133],[-97.7295551,30.2716002],[-97.7295584,30.2715852],[-97.7295665,30.2715724],[-97.7295893,30.2715626],[-97.7309022,30.2713535],[-97.730921,30.2713553],[-97.7309371,30.2713657],[-97.7309424,30.2713802],[-97.7309438,30.2714045],[-97.7309277,30.2719205],[-97.7309183,30.2719361],[-97.7309029,30.2719465]]]},"properties":{"k":"area","s":"concrete","u":"footway"}},{"type":"Feature","geometry":{"type":"Polygon","coordinates":[[[-97.7294233,30.2714862],[-97.7294994,30.2714704],[-97.7295739,30.2714561],[-97.7295691,30.2715167],[-97.7295665,30.2715724],[-97.7294988,30.2715863],[-97.7294291,30.2716019],[-97.7294259,30.2715405],[-97.7294233,30.2714862]]]},"properties":{"k":"area","s":"asphalt","u":"footway"}},{"type":"Feature","geometry":{"type":"Polygon","coordinates":[[[-97.7309566,30.2712506],[-97.7309426,30.2712565],[-97.7309243,30.2712596],[-97.7306405,30.2713024],[-97.7299442,30.2714115],[-97.7299301,30.2714137],[-97.7296053,30.2714648],[-97.7295883,30.2714639],[-97.7295739,30.2714561],[-97.7295649,30.2714409],[-97.7295638,30.2714276],[-97.7295687,30.2714084],[-97.7296878,30.2709436],[-97.7296963,30.270928],[-97.7297134,30.2709183],[-97.7297293,30.2709142],[-97.7297661,30.2709142],[-97.729995,30.2709307],[-97.730756,30.2709822],[-97.7307714,30.2709845],[-97.730789,30.2709932],[-97.7308081,30.2709951],[-97.7308592,30.2709983],[-97.7308922,30.271007],[-97.730922,30.2710208],[-97.7309444,30.2710346],[-97.7309511,30.2710462],[-97.7309585,30.2710591],[-97.7309638,30.2712328],[-97.7309566,30.2712506]]]},"properties":{"k":"area","s":"concrete","u":"footway"}},{"type":"Feature","geometry":{"type":"Polygon","coordinates":[[[-97.7409316,30.2752002],[-97.7409404,30.2751763],[-97.7408759,30.2751587],[-97.7408125,30.2751411],[-97.7407253,30.2751166],[-97.7406313,30.2751148],[-97.7405635,30.2751338],[-97.7405041,30.275165],[-97.7404487,30.2752017],[-97.7404646,30.2752194],[-97.7405189,30.2751841],[-97.7405763,30.2751542],[-97.7406336,30.27514],[-97.7407218,30.2751428],[-97.7408036,30.2751651],[-97.7408672,30.2751825],[-97.7409316,30.2752002]]]},"properties":{"k":"area","s":"asphalt","u":"parking"}},{"type":"Feature","geometry":{"type":"Polygon","coordinates":[[[-97.7353634,30.2732751],[-97.7353274,30.2732514],[-97.7353008,30.273234],[-97.735285,30.2732553],[-97.7353114,30.2732716],[-97.7352758,30.2733236],[-97.7352302,30.2733471],[-97.7352301,30.2733178],[-97.7352349,30.2732852],[-97.7352397,30.2732584],[-97.7352508,30.2732361],[-97.7352662,30.2732132],[-97.7352954,30.2731921],[-97.7353099,30.2731913],[-97.7353243,30.2731935],[-97.7353393,30.2732018],[-97.7353563,30.2732087],[-97.7353739,30.2732091],[-97.7353915,30.273206],[-97.7354043,30.2732025],[-97.7354151,30.273194],[-97.7354223,30.2731835],[-97.7354298,30.273169],[-97.7354298,30.2731499],[-97.7354239,30.2731303],[-97.7354125,30.2731074],[-97.7354166,30.2730971],[-97.735427,30.2730883],[-97.7354432,30.2730796],[-97.7354495,30.2730764],[-97.7354432,30.2731096],[-97.7354428,30.2731463],[-97.7354459,30.2731589],[-97.7354498,30.2731739],[-97.7354614,30.2731733],[-97.7354258,30.2732054],[-97.7354187,30.2732232],[-97.7354075,30.2732324],[-97.7353938,30.2732444],[-97.7353634,30.2732751]]]},"properties":{"k":"area","s":"grass","u":"scrub"}},{"type":"Feature","geometry":{"type":"Polygon","coordinates":[[[-97.7328235,30.2757563],[-97.7329184,30.275501],[-97.7329565,30.2755115],[-97.7336331,30.2756991],[-97.7336954,30.2757164],[-97.7335651,30.2760668],[-97.7328569,30.2758705],[-97.7328726,30.2758281],[-97.7329549,30.2758509],[-97.7329745,30.2757982],[-97.7328235,30.2757563]]]},"properties":{"k":"area","s":"grass","u":"park","name":"Health Learning Building Courtyard"}},{"type":"Feature","geometry":{"type":"Polygon","coordinates":[[[-97.7399481,30.2751965],[-97.7399348,30.2751348],[-97.7399157,30.2750739],[-97.7399085,30.2750531],[-97.7398857,30.2749906],[-97.7398717,30.2749586],[-97.7398534,30.2749281],[-97.7398288,30.2748995],[-97.7398034,30.274875],[-97.7397716,30.2748512],[-97.7397398,30.2748357],[-97.7396636,30.2748136],[-97.7395877,30.2747928],[-97.7395797,30.2748164],[-97.739656,30.2748383],[-97.7397284,30.2748591],[-97.7397573,30.2748735],[-97.7397833,30.2748926],[-97.7398096,30.2749159],[-97.7398312,30.2749425],[-97.7398467,30.2749699],[-97.7398591,30.2749985],[-97.7398817,30.2750602],[-97.7398875,30.2750799],[-97.739907,30.2751404],[-97.7399195,30.2751995],[-97.7399481,30.2751965]]]},"properties":{"k":"area","s":"asphalt","u":"parking"}},{"type":"Feature","geometry":{"type":"Polygon","coordinates":[[[-97.7390326,30.2754897],[-97.7390365,30.275482],[-97.7390432,30.2754758],[-97.7390517,30.2754716],[-97.7390613,30.2754701],[-97.739071,30.2754712],[-97.7390798,30.2754749],[-97.7390871,30.275481],[-97.7390915,30.2754889],[-97.7390927,30.2754979],[-97.7390904,30.2755067],[-97.7390847,30.2755143],[-97.7390765,30.2755199],[-97.7390665,30.2755226],[-97.739056,30.2755224],[-97.7390463,30.2755191],[-97.7390388,30.2755136],[-97.7390364,30.2755102],[-97.7390338,30.2755064],[-97.7390316,30.2754981],[-97.7390326,30.2754897]]]},"properties":{"k":"area","s":"concrete","u":"footway"}},{"type":"Feature","geometry":{"type":"Polygon","coordinates":[[[-97.739241,30.2753806],[-97.7390869,30.2754729],[-97.739069,30.2754599],[-97.7390496,30.2754564],[-97.7390265,30.27547],[-97.7390217,30.2754895],[-97.7390286,30.2755061],[-97.7389975,30.2755217],[-97.7387704,30.2754613],[-97.7388094,30.2753529],[-97.7390391,30.2754159],[-97.7390722,30.2753344],[-97.739241,30.2753806]]]},"properties":{"k":"area","s":"grass","u":"lawn"}},{"type":"Feature","geometry":{"type":"Polygon","coordinates":[[[-97.7413978,30.2749294],[-97.7413708,30.274923],[-97.7413915,30.2748652],[-97.7414049,30.2748109],[-97.7414083,30.2747561],[-97.7414009,30.2747054],[-97.7413822,30.2746532],[-97.7413489,30.2746043],[-97.7413091,30.2745619],[-97.7412879,30.2745466],[-97.7412618,30.2745335],[-97.7411997,30.2745169],[-97.7411315,30.2745014],[-97.7410652,30.2744866],[-97.7410241,30.2744734],[-97.7409961,30.2744617],[-97.7409639,30.2744429],[-97.7409355,30.2744254],[-97.7409022,30.2744029],[-97.7408789,30.274382],[-97.7408506,30.2743479],[-97.7408376,30.2743303],[-97.7408236,30.2743172],[-97.7408015,30.2743053],[-97.7408106,30.2742815],[-97.7408266,30.2742885],[-97.7408475,30.2743014],[-97.7408602,30.2743142],[-97.7409004,30.2743651],[-97.7409177,30.2743821],[-97.7409515,30.2744047],[-97.7410098,30.2744393],[-97.7410364,30.2744512],[-97.7410731,30.2744627],[-97.7411384,30.274479],[-97.7412078,30.2744944],[-97.7412755,30.274513],[-97.7413037,30.2745277],[-97.741327,30.2745455],[-97.7413705,30.2745919],[-97.7414059,30.274643],[-97.7414289,30.2747],[-97.7414368,30.2747558],[-97.7414329,30.2748154],[-97.7414195,30.2748741],[-97.7413978,30.2749294]]]},"properties":{"k":"area","s":"asphalt","u":"parking"}},{"type":"Feature","geometry":{"type":"Polygon","coordinates":[[[-97.7413746,30.2749964],[-97.7413468,30.2749892],[-97.7413221,30.2750432],[-97.7412892,30.2750854],[-97.7412486,30.2751292],[-97.7412024,30.2751659],[-97.741154,30.2751914],[-97.741098,30.2752042],[-97.7410418,30.275202],[-97.7409785,30.2751866],[-97.740969,30.2752107],[-97.7410356,30.2752247],[-97.7410999,30.275228],[-97.7411643,30.2752126],[-97.7412224,30.2751839],[-97.7412695,30.2751446],[-97.7413121,30.275101],[-97.741348,30.2750536],[-97.7413746,30.2749964]]]},"properties":{"k":"area","s":"asphalt","u":"parking"}},{"type":"Feature","geometry":{"type":"Polygon","coordinates":[[[-97.7518776,30.2750092],[-97.7517931,30.2751888],[-97.751936,30.2752398],[-97.7520192,30.2750558],[-97.7518776,30.2750092]]]},"properties":{"k":"area","s":"asphalt","u":"service"}},{"type":"Feature","geometry":{"type":"Polygon","coordinates":[[[-97.7521064,30.2696368],[-97.7520528,30.2696268],[-97.7520109,30.269666],[-97.7518636,30.2697618],[-97.7517013,30.2698722],[-97.7515444,30.2699707],[-97.7513781,30.2701211],[-97.7512358,30.2703555],[-97.7510901,30.2705617],[-97.7510182,30.2707077],[-97.7510462,30.2707243],[-97.7510297,30.270773],[-97.75102,30.2707693],[-97.7510022,30.2708181],[-97.7509916,30.2708148],[-97.7509721,30.2708579],[-97.7509635,30.2708579],[-97.7509456,30.2709025],[-97.7509305,30.2709014],[-97.7506538,30.2716892],[-97.7508538,30.2717824],[-97.7510048,30.272006],[-97.7511357,30.2722259],[-97.7511742,30.2723818],[-97.7512391,30.2724534],[-97.7512546,30.2725104],[-97.7512393,30.2726787],[-97.7512191,30.2726881],[-97.7512598,30.273106],[-97.7514173,30.2734899],[-97.7514278,30.2734923],[-97.7514221,30.2734831],[-97.7513279,30.2732478],[-97.7513123,30.2731737],[-97.7513013,30.273088],[-97.7512794,30.2730257],[-97.7512785,30.2729653],[-97.751304,30.2728881],[-97.7512951,30.2728145],[-97.7512894,30.2726083],[-97.7512997,30.2725519],[-97.751222,30.2723067],[-97.7511243,30.2720554],[-97.7510737,30.2719804],[-97.7509858,30.2718551],[-97.750941,30.2718025],[-97.7508379,30.2716841],[-97.7507894,30.2715413],[-97.7507893,30.2714117],[-97.7508323,30.2712562],[-97.7509099,30.2710662],[-97.750965,30.270917],[-97.7510437,30.2708058],[-97.7511345,30.270667],[-97.7513019,30.2703707],[-97.7513939,30.270213],[-97.7514567,30.2701041],[-97.7515751,30.2700078],[-97.7517182,30.2699077],[-97.7518727,30.2698058],[-97.7520705,30.2696725],[-97.7521064,30.2696368]]]},"properties":{"k":"area","s":"wood","u":"wood"}},{"type":"Feature","geometry":{"type":"Polygon","coordinates":[[[-97.7515845,30.2746811],[-97.751624,30.2746403],[-97.7516749,30.2745836],[-97.7517008,30.2745332],[-97.7517324,30.2744667],[-97.7517478,30.2744029],[-97.7517446,30.2743175],[-97.7518024,30.2742387],[-97.7518241,30.2742036],[-97.7518053,30.2741335],[-97.7517558,30.274084],[-97.7517224,30.274054],[-97.7517215,30.274022],[-97.7518268,30.2741152],[-97.7519005,30.2741742],[-97.7519141,30.2741725],[-97.7519214,30.2741598],[-97.7519144,30.2741507],[-97.7518071,30.2740571],[-97.7518157,30.2740453],[-97.7518245,30.2740451],[-97.7518321,30.2740426],[-97.7518385,30.2740382],[-97.7518428,30.2740323],[-97.7518448,30.2740254],[-97.7518443,30.2740189],[-97.7518417,30.2740129],[-97.7518371,30.2740077],[-97.751831,30.274004],[-97.7518238,30.2740019],[-97.7518167,30.2740017],[-97.7518098,30.2740032],[-97.7518036,30.2740063],[-97.7517987,30.2740108],[-97.7517954,30.2740163],[-97.7517942,30.2740202],[-97.7517939,30.2740243],[-97.7517958,30.2740318],[-97.7517884,30.2740445],[-97.751764,30.2740195],[-97.7517159,30.2739826],[-97.7517167,30.2739261],[-97.7517071,30.2738779],[-97.7516436,30.2738182],[-97.7515601,30.273722],[-97.7515156,30.2736672],[-97.7515391,30.273671],[-97.7515556,30.2736976],[-97.7516542,30.2738107],[-97.7518369,30.2738979],[-97.7519012,30.2739289],[-97.7519136,30.273982],[-97.75194,30.2740333],[-97.7519915,30.2740839],[-97.7520272,30.2741268],[-97.7520236,30.2741705],[-97.7520054,30.2741974],[-97.7519222,30.2742996],[-97.7518272,30.2744619],[-97.7517212,30.2745779],[-97.751631,30.2746789],[-97.7516178,30.2746914],[-97.7515845,30.2746811]]]},"properties":{"k":"area","s":"wood","u":"wood"}},{"type":"Feature","geometry":{"type":"Polygon","coordinates":[[[-97.7517878,30.2747467],[-97.7517751,30.2747427],[-97.7516718,30.2747101],[-97.751704,30.2746703],[-97.7518467,30.2745165],[-97.7519546,30.274367],[-97.7520081,30.2743612],[-97.7520662,30.2743665],[-97.7520968,30.2743756],[-97.7520387,30.274528],[-97.7519036,30.2744817],[-97.7517878,30.2747467]]]},"properties":{"k":"area","s":"wood","u":"wood"}},{"type":"Feature","geometry":{"type":"Polygon","coordinates":[[[-97.7514736,30.2734999],[-97.75154,30.2735098],[-97.7515445,30.2734273],[-97.7515487,30.2733665],[-97.7515523,30.2732695],[-97.7515277,30.2731337],[-97.7515031,30.2730669],[-97.7514768,30.2729649],[-97.7514397,30.2729061],[-97.7514207,30.2728412],[-97.7514208,30.2728617],[-97.7514494,30.2729734],[-97.7514553,30.2730214],[-97.7514434,30.2730698],[-97.7514282,30.2730911],[-97.7514392,30.273246],[-97.7514458,30.2733746],[-97.7514736,30.2734999]]]},"properties":{"k":"area","s":"wood","u":"wood"}},{"type":"Feature","geometry":{"type":"Polygon","coordinates":[[[-97.7513182,30.2722621],[-97.7513426,30.2721821],[-97.7513869,30.2720668],[-97.7513808,30.2719745],[-97.7513398,30.2719232],[-97.7512969,30.2719065],[-97.7513514,30.2718068],[-97.7513193,30.2717935],[-97.7513409,30.2717572],[-97.7510069,30.2716312],[-97.7512171,30.2711972],[-97.7511776,30.2711822],[-97.751421,30.2706968],[-97.7514314,30.270676],[-97.7514182,30.2706707],[-97.751385,30.2706602],[-97.7513637,30.2706559],[-97.7512686,30.270803],[-97.7511858,30.2708983],[-97.7511149,30.2710052],[-97.7510431,30.271168],[-97.7510024,30.2712215],[-97.7509626,30.2712485],[-97.7509181,30.2713369],[-97.7508977,30.2714194],[-97.7509042,30.2715087],[-97.7509575,30.27162],[-97.7510293,30.2717191],[-97.7512117,30.2720186],[-97.7512544,30.2721163],[-97.7513182,30.2722621]]]},"properties":{"k":"area","s":"wood","u":"wood"}},{"type":"Feature","geometry":{"type":"Polygon","coordinates":[[[-97.7516793,30.2748831],[-97.7515754,30.2750011],[-97.751471,30.275146],[-97.751463,30.275161],[-97.751444,30.275154],[-97.751415,30.275212],[-97.7514744,30.2752904],[-97.7512387,30.2756749],[-97.7511908,30.2757491],[-97.7508493,30.2760631],[-97.7507695,30.2761364],[-97.7505074,30.2762598],[-97.7504311,30.2763133],[-97.7503772,30.2764866],[-97.7503511,30.2764804],[-97.7503528,30.276476],[-97.7502689,30.2764522],[-97.7502733,30.2764291],[-97.750333,30.2763004],[-97.7504036,30.2762194],[-97.7505617,30.2761076],[-97.7507984,30.2759879],[-97.7509283,30.2758892],[-97.7510737,30.2757273],[-97.7511851,30.2756212],[-97.751311,30.2753788],[-97.7513512,30.2752936],[-97.7513541,30.2752349],[-97.7514182,30.2750847],[-97.7515083,30.2749206],[-97.751552,30.2748583],[-97.7515637,30.2748431],[-97.7516793,30.2748831]]]},"properties":{"k":"area","s":"wood","u":"wood"}},{"type":"Feature","geometry":{"type":"Polygon","coordinates":[[[-97.7501887,30.2764295],[-97.7500989,30.276404],[-97.7501394,30.2763469],[-97.7502366,30.2762498],[-97.7503678,30.2761219],[-97.7504815,30.2760096],[-97.7506355,30.2759132],[-97.7507965,30.2758024],[-97.7508687,30.2757191],[-97.7510139,30.2754716],[-97.7511157,30.2752502],[-97.7511614,30.2751205],[-97.7511664,30.2750822],[-97.7511855,30.2750641],[-97.7512288,30.2750426],[-97.7514435,30.2748026],[-97.7515078,30.2748243],[-97.7514526,30.274889],[-97.7513757,30.2750103],[-97.7513403,30.2751589],[-97.7512986,30.2752574],[-97.7512698,30.2753598],[-97.7511368,30.2755908],[-97.7510291,30.275721],[-97.7508793,30.2758767],[-97.7507235,30.2759745],[-97.7505269,30.2760799],[-97.7503656,30.2762156],[-97.7502715,30.2763011],[-97.7501966,30.2763742],[-97.7501887,30.2764295]]]},"properties":{"k":"area","s":"wood","u":"wood"}},{"type":"Feature","geometry":{"type":"Polygon","coordinates":[[[-97.7518346,30.2740161],[-97.7518364,30.2740207],[-97.7518363,30.2740255],[-97.7518344,30.2740301],[-97.751831,30.2740339],[-97.7518263,30.2740365],[-97.7518208,30.2740377],[-97.7518152,30.2740373],[-97.7518101,30.2740354],[-97.7518059,30.2740321],[-97.7518032,30.2740277],[-97.7518022,30.2740229],[-97.7518032,30.274018],[-97.7518059,30.2740137],[-97.7518102,30.2740104],[-97.7518154,30.2740085],[-97.7518211,30.2740082],[-97.7518266,30.2740095],[-97.7518312,30.2740122],[-97.7518346,30.2740161]]]},"properties":{"k":"area","s":"concrete","u":"footway"}},{"type":"Feature","geometry":{"type":"Polygon","coordinates":[[[-97.7301797,30.2710543],[-97.7301968,30.2710788],[-97.7302039,30.2711027],[-97.7302015,30.2711297],[-97.7301874,30.2711598],[-97.7301614,30.2711862],[-97.7301255,30.2712066],[-97.7300907,30.2711735],[-97.7300559,30.2711547],[-97.7300104,30.2711424],[-97.7299756,30.2711409],[-97.7299904,30.2710548],[-97.7300169,30.2710599],[-97.7300505,30.271066],[-97.7300836,30.2710619],[-97.7301225,30.2710431],[-97.7301532,30.2710299],[-97.7301797,30.2710543]]]},"properties":{"k":"area","s":"sand","u":"playground"}},{"type":"Feature","geometry":{"type":"Polygon","coordinates":[[[-97.7409552,30.2725187],[-97.740884,30.2725489],[-97.7404513,30.2724314],[-97.7405688,30.2721194],[-97.7406015,30.2721053],[-97.7410616,30.2722332],[-97.7409552,30.2725187]]]},"properties":{"k":"area","s":"asphalt","u":"parking"}},{"type":"Feature","geometry":{"type":"Polygon","coordinates":[[[-97.7381892,30.2710099],[-97.7381199,30.2711962],[-97.7379718,30.2711551],[-97.7380411,30.2709689],[-97.7381892,30.2710099]]]},"properties":{"k":"area","s":"asphalt","u":"parking"}},{"type":"Feature","geometry":{"type":"Polygon","coordinates":[[[-97.7438543,30.2739615],[-97.7438165,30.2740632],[-97.7434231,30.2739539],[-97.7435758,30.2735441],[-97.7437654,30.2735967],[-97.7437259,30.2737026],[-97.7437148,30.2736995],[-97.7436816,30.2737888],[-97.7436934,30.2737921],[-97.7436514,30.2739051],[-97.7438543,30.2739615]]]},"properties":{"k":"area","s":"asphalt","u":"parking"}},{"type":"Feature","geometry":{"type":"Polygon","coordinates":[[[-97.742374,30.2725433],[-97.741944,30.2724252],[-97.7420087,30.2722492],[-97.7420114,30.272242],[-97.7420135,30.2722364],[-97.741928,30.2722129],[-97.7419846,30.2720593],[-97.7425001,30.272201],[-97.742374,30.2725433]]]},"properties":{"k":"area","s":"asphalt","u":"parking"}},{"type":"Feature","geometry":{"type":"Polygon","coordinates":[[[-97.7419319,30.2721582],[-97.7418697,30.2721411],[-97.7419053,30.2720443],[-97.7419675,30.2720613],[-97.7419319,30.2721582]]]},"properties":{"k":"area","s":"asphalt","u":"parking"}},{"type":"Feature","geometry":{"type":"Polygon","coordinates":[[[-97.742236,30.2725611],[-97.7421794,30.2727178],[-97.7421546,30.2727109],[-97.7421033,30.2728691],[-97.7415929,30.2727296],[-97.7416095,30.2726806],[-97.7415933,30.2726764],[-97.741663,30.2725031],[-97.7417306,30.2724708],[-97.7417477,30.2724195],[-97.7419232,30.2724704],[-97.742236,30.2725611]]]},"properties":{"k":"area","s":"asphalt","u":"parking"}},{"type":"Feature","geometry":{"type":"Polygon","coordinates":[[[-97.7463953,30.2715732],[-97.7463417,30.2717177],[-97.7455266,30.2714918],[-97.7455802,30.2713475],[-97.7456138,30.2713568],[-97.7463357,30.2715567],[-97.7463953,30.2715732]]]},"properties":{"k":"area","s":"asphalt","u":"parking"}},{"type":"Feature","geometry":{"type":"Polygon","coordinates":[[[-97.7482482,30.2717716],[-97.7480548,30.2717161],[-97.7479557,30.2719853],[-97.7481417,30.2720331],[-97.74816,30.2719744],[-97.7481717,30.271978],[-97.7482482,30.2717716]]]},"properties":{"k":"area","s":"asphalt","u":"parking"}},{"type":"Feature","geometry":{"type":"Polygon","coordinates":[[[-97.7481167,30.2721121],[-97.7478922,30.272049],[-97.7479158,30.2719756],[-97.7479557,30.2719853],[-97.7481417,30.2720331],[-97.7481228,30.2720933],[-97.7481167,30.2721121]]]},"properties":{"k":"area","s":"asphalt","u":"parking"}},{"type":"Feature","geometry":{"type":"Polygon","coordinates":[[[-97.7482828,30.2710305],[-97.7482633,30.2710823],[-97.748126,30.2710436],[-97.7481456,30.2709918],[-97.7482828,30.2710305]]]},"properties":{"k":"area","s":"grass","u":"pitch"}},{"type":"Feature","geometry":{"type":"Polygon","coordinates":[[[-97.7516458,30.2715282],[-97.7514983,30.2717948],[-97.7516825,30.2718626],[-97.7517217,30.2718663],[-97.7517695,30.2718567],[-97.7518045,30.2718398],[-97.7518326,30.2718192],[-97.7518514,30.2717993],[-97.7518625,30.2717588],[-97.7518642,30.2717308],[-97.751842,30.2716873],[-97.7518087,30.2716571],[-97.7517729,30.2716343],[-97.7517942,30.2715849],[-97.7516458,30.2715282]]]},"properties":{"k":"area","s":"asphalt","u":"parking"}},{"type":"Feature","geometry":{"type":"Polygon","coordinates":[[[-97.7521112,30.2750686],[-97.7520867,30.275016],[-97.7518179,30.2749275],[-97.7517073,30.275159],[-97.7517778,30.2751846],[-97.7517504,30.2752481],[-97.7518306,30.2752763],[-97.7518432,30.2752519],[-97.7519211,30.2752789],[-97.7518736,30.2753763],[-97.7519486,30.2754001],[-97.7521112,30.2750686]]]},"properties":{"k":"area","s":"asphalt","u":"parking"}},{"type":"Feature","geometry":{"type":"Polygon","coordinates":[[[-97.7452273,30.271374],[-97.7451322,30.2716294],[-97.7449511,30.271579],[-97.7450464,30.2713237],[-97.7452273,30.271374]]]},"properties":{"k":"area","s":"asphalt","u":"parking"}},{"type":"Feature","geometry":{"type":"Polygon","coordinates":[[[-97.7446344,30.2718223],[-97.7446314,30.271835],[-97.7445472,30.2720736],[-97.744316,30.2720084],[-97.744412,30.271769],[-97.7446344,30.2718223]]]},"properties":{"k":"area","s":"asphalt","u":"parking"}},{"type":"Feature","geometry":{"type":"Polygon","coordinates":[[[-97.7444121,30.2725006],[-97.7442793,30.2724646],[-97.7443655,30.2722404],[-97.7440814,30.2721693],[-97.7441206,30.2720576],[-97.7445323,30.2721775],[-97.7444121,30.2725006]]]},"properties":{"k":"area","s":"asphalt","u":"parking"}},{"type":"Feature","geometry":{"type":"Polygon","coordinates":[[[-97.744186,30.2734973],[-97.7443136,30.2731634],[-97.744598,30.2732445],[-97.7444705,30.2735783],[-97.744186,30.2734973]]]},"properties":{"k":"area","s":"asphalt","u":"parking"}},{"type":"Feature","geometry":{"type":"Polygon","coordinates":[[[-97.7449761,30.2741717],[-97.7448994,30.2743826],[-97.7444781,30.2742684],[-97.7445548,30.2740574],[-97.7449761,30.2741717]]]},"properties":{"k":"area","s":"asphalt","u":"parking"}},{"type":"Feature","geometry":{"type":"Polygon","coordinates":[[[-97.746203,30.2742464],[-97.7460382,30.2746856],[-97.7458781,30.2746408],[-97.7460428,30.2742016],[-97.746203,30.2742464]]]},"properties":{"k":"area","s":"asphalt","u":"parking"}},{"type":"Feature","geometry":{"type":"Polygon","coordinates":[[[-97.7457478,30.2746801],[-97.7456843,30.2748609],[-97.7456012,30.2748392],[-97.7456647,30.2746583],[-97.7457478,30.2746801]]]},"properties":{"k":"area","s":"asphalt","u":"parking"}},{"type":"Feature","geometry":{"type":"Polygon","coordinates":[[[-97.7459447,30.2747346],[-97.7458785,30.2749148],[-97.74583,30.2749028],[-97.745784,30.2750147],[-97.7458113,30.2750236],[-97.7457575,30.275162],[-97.7455938,30.2751186],[-97.7456843,30.2748609],[-97.7457478,30.2746801],[-97.7459447,30.2747346]]]},"properties":{"k":"area","s":"asphalt","u":"parking"}},{"type":"Feature","geometry":{"type":"Polygon","coordinates":[[[-97.7474598,30.27516],[-97.7473771,30.2753906],[-97.7471972,30.275342],[-97.7472884,30.2751158],[-97.7474598,30.27516]]]},"properties":{"k":"area","s":"asphalt","u":"parking"}},{"type":"Feature","geometry":{"type":"Polygon","coordinates":[[[-97.747221,30.2751255],[-97.747073,30.2755516],[-97.7469296,30.2755144],[-97.7470775,30.2750884],[-97.747221,30.2751255]]]},"properties":{"k":"area","s":"asphalt","u":"parking"}},{"type":"Feature","geometry":{"type":"Polygon","coordinates":[[[-97.7468886,30.2762683],[-97.7469685,30.2760558],[-97.7467179,30.2759856],[-97.7467071,30.2760144],[-97.7466381,30.2761982],[-97.7468886,30.2762683]]]},"properties":{"k":"area","s":"asphalt","u":"parking"}},{"type":"Feature","geometry":{"type":"Polygon","coordinates":[[[-97.7366149,30.2715926],[-97.7364465,30.2720273],[-97.7363417,30.2720025],[-97.7364749,30.2716383],[-97.7365063,30.2715612],[-97.7366149,30.2715926]]]},"properties":{"k":"area","s":"asphalt","u":"parking"}},{"type":"Feature","geometry":{"type":"Polygon","coordinates":[[[-97.7363417,30.2720025],[-97.7360164,30.2719137],[-97.7360558,30.271806],[-97.7362656,30.2718633],[-97.7363594,30.2716068],[-97.7364749,30.2716383],[-97.7363417,30.2720025]]]},"properties":{"k":"area","s":"asphalt","u":"parking"}},{"type":"Feature","geometry":{"type":"Polygon","coordinates":[[[-97.7360798,30.2714758],[-97.7357971,30.2714013],[-97.7357777,30.2714377],[-97.7358081,30.2717827],[-97.7357543,30.2717832],[-97.7357161,30.2713929],[-97.7357323,30.2713369],[-97.7361005,30.2714338],[-97.7360798,30.2714758]]]},"properties":{"k":"area","s":"asphalt","u":"parking"}},{"type":"Feature","geometry":{"type":"Polygon","coordinates":[[[-97.735718,30.2715469],[-97.7356551,30.2715839],[-97.7356357,30.271613],[-97.7356175,30.2716231],[-97.7355929,30.2716236],[-97.7355682,30.2716141],[-97.7355533,30.2715973],[-97.7355241,30.2713873],[-97.73553,30.2713571],[-97.7355734,30.2713756],[-97.7355436,30.2713358],[-97.7355831,30.271314],[-97.7355981,30.2713151],[-97.7357019,30.2713861],[-97.735718,30.2715469]]]},"properties":{"k":"area","s":"asphalt","u":"parking"}},{"type":"Feature","geometry":{"type":"Polygon","coordinates":[[[-97.7355407,30.2721871],[-97.735531,30.272238],[-97.7355064,30.2722728],[-97.7352425,30.2721921],[-97.7352321,30.2721277],[-97.7353374,30.2718384],[-97.7354966,30.2718746],[-97.7354512,30.2719149],[-97.735459,30.2719317],[-97.7355407,30.2721871]]]},"properties":{"k":"area","s":"asphalt","u":"parking"}},{"type":"Feature","geometry":{"type":"Polygon","coordinates":[[[-97.737319,30.272131],[-97.737205,30.272101],[-97.737259,30.271949],[-97.737242,30.271944],[-97.737292,30.271803],[-97.7371393,30.2717658],[-97.7370361,30.2720561],[-97.7370961,30.2721596],[-97.737328,30.2722267],[-97.7373594,30.2721409],[-97.737319,30.272131]]]},"properties":{"k":"area","s":"asphalt","u":"parking"}},{"type":"Feature","geometry":{"type":"Polygon","coordinates":[[[-97.7369576,30.2721439],[-97.7368876,30.2721252],[-97.7370285,30.2717316],[-97.7370984,30.2717502],[-97.7369576,30.2721439]]]},"properties":{"k":"area","s":"asphalt","u":"parking"}},{"type":"Feature","geometry":{"type":"Polygon","coordinates":[[[-97.7379792,30.2722383],[-97.7379452,30.2723313],[-97.7377385,30.2722749],[-97.7378313,30.2720215],[-97.7379836,30.2720631],[-97.7379561,30.2721381],[-97.7379249,30.2722235],[-97.7379792,30.2722383]]]},"properties":{"k":"area","s":"asphalt","u":"parking"}},{"type":"Feature","geometry":{"type":"Polygon","coordinates":[[[-97.7391784,30.2715073],[-97.7390561,30.2716075],[-97.7389928,30.2715895],[-97.7390747,30.2713991],[-97.7390973,30.2714011],[-97.7391784,30.2715073]]]},"properties":{"k":"area","s":"asphalt","u":"parking"}},{"type":"Feature","geometry":{"type":"Polygon","coordinates":[[[-97.7336277,30.2726139],[-97.7335965,30.2726982],[-97.7334275,30.2726513],[-97.7334585,30.2725674],[-97.7336277,30.2726139]]]},"properties":{"k":"area","s":"asphalt","u":"parking"}},{"type":"Feature","geometry":{"type":"Polygon","coordinates":[[[-97.7314965,30.2723203],[-97.7314206,30.2723321],[-97.7313994,30.2722306],[-97.7312804,30.2722492],[-97.7313017,30.2723506],[-97.7307811,30.2724318],[-97.7307537,30.2723007],[-97.7309288,30.2722734],[-97.7308953,30.2721131],[-97.7312396,30.2720595],[-97.7312706,30.2722083],[-97.7313876,30.2721901],[-97.7313773,30.2721407],[-97.7314835,30.2721242],[-97.7315811,30.2721827],[-97.7315693,30.2722524],[-97.7314965,30.2723203]]]},"properties":{"k":"area","s":"asphalt","u":"parking"}},{"type":"Feature","geometry":{"type":"Polygon","coordinates":[[[-97.7334751,30.2730022],[-97.7334183,30.2731538],[-97.7332176,30.2730977],[-97.7332582,30.2729895],[-97.7333079,30.2730034],[-97.7333242,30.27296],[-97.7334751,30.2730022]]]},"properties":{"k":"area","s":"asphalt","u":"parking"}},{"type":"Feature","geometry":{"type":"Polygon","coordinates":[[[-97.7450847,30.2719335],[-97.7449835,30.2722106],[-97.7447958,30.2721595],[-97.744897,30.2718824],[-97.7450847,30.2719335]]]},"properties":{"k":"area","s":"asphalt","u":"parking"}},{"type":"Feature","geometry":{"type":"Polygon","coordinates":[[[-97.7468115,30.2723634],[-97.7467587,30.2725123],[-97.7463821,30.2724129],[-97.7464348,30.2722639],[-97.7468115,30.2723634]]]},"properties":{"k":"area","s":"asphalt","u":"parking"}},{"type":"Feature","geometry":{"type":"Polygon","coordinates":[[[-97.7479443,30.2706529],[-97.7476344,30.2705678],[-97.7474596,30.2710344],[-97.74744,30.2711048],[-97.7473456,30.271205],[-97.7473722,30.2712737],[-97.747556,30.2713297],[-97.7475746,30.2712746],[-97.7476837,30.2713068],[-97.7477712,30.2710395],[-97.7478154,30.2710344],[-97.7479443,30.2706529]]]},"properties":{"k":"area","s":"asphalt","u":"parking"}},{"type":"Feature","geometry":{"type":"Polygon","coordinates":[[[-97.7487282,30.2713021],[-97.7487109,30.2713491],[-97.7484445,30.2712763],[-97.7484617,30.2712294],[-97.7487282,30.2713021]]]},"properties":{"k":"area","s":"asphalt","u":"parking"}},{"type":"Feature","geometry":{"type":"Polygon","coordinates":[[[-97.7483182,30.2711907],[-97.748304,30.2712298],[-97.7481534,30.271189],[-97.7481386,30.2712297],[-97.7480117,30.2711953],[-97.7480407,30.2711155],[-97.7483182,30.2711907]]]},"properties":{"k":"area","s":"asphalt","u":"parking"}},{"type":"Feature","geometry":{"type":"Polygon","coordinates":[[[-97.751078,30.2725398],[-97.75083,30.2724708],[-97.7507911,30.2725604],[-97.7504604,30.2724629],[-97.7504955,30.2723644],[-97.7504773,30.2723263],[-97.7502491,30.2722636],[-97.7502017,30.2723798],[-97.7499742,30.2723117],[-97.7500273,30.2721628],[-97.7502335,30.2722188],[-97.7504916,30.272221],[-97.7505344,30.2721135],[-97.750926,30.2722121],[-97.7511357,30.2722259],[-97.7511742,30.2723818],[-97.7511229,30.2723774],[-97.7511063,30.2724644],[-97.751078,30.2725398]]]},"properties":{"k":"area","s":"asphalt","u":"parking"}},{"type":"Feature","geometry":{"type":"Polygon","coordinates":[[[-97.7502017,30.2723798],[-97.7501473,30.272551],[-97.7499112,30.2724874],[-97.7499742,30.2723117],[-97.7502017,30.2723798]]]},"properties":{"k":"area","s":"asphalt","u":"parking"}},{"type":"Feature","geometry":{"type":"Polygon","coordinates":[[[-97.7490065,30.2730677],[-97.7489332,30.2733033],[-97.7487906,30.2732655],[-97.748845,30.2730826],[-97.7489225,30.2730478],[-97.7490065,30.2730677]]]},"properties":{"k":"area","s":"asphalt","u":"parking"}},{"type":"Feature","geometry":{"type":"Polygon","coordinates":[[[-97.7488846,30.2738],[-97.7486868,30.2737424],[-97.7488203,30.2733915],[-97.7490197,30.2734442],[-97.7488846,30.2738]]]},"properties":{"k":"area","s":"asphalt","u":"parking"}},{"type":"Feature","geometry":{"type":"Polygon","coordinates":[[[-97.75172,30.2757861],[-97.7516919,30.2758444],[-97.7516601,30.2759069],[-97.7516376,30.2759021],[-97.7516201,30.2759404],[-97.7514565,30.27588],[-97.7514633,30.2758654],[-97.751271,30.2758034],[-97.7511761,30.2759981],[-97.7509759,30.2761689],[-97.7508493,30.2760631],[-97.7511908,30.2757491],[-97.7512387,30.2756749],[-97.7514744,30.2752904],[-97.7518756,30.2754209],[-97.7518057,30.2755519],[-97.751673,30.2755092],[-97.7515799,30.2755255],[-97.7514967,30.2756757],[-97.7514777,30.2757063],[-97.75172,30.2757861]]]},"properties":{"k":"area","s":"asphalt","u":"parking"}},{"type":"Feature","geometry":{"type":"Polygon","coordinates":[[[-97.7490875,30.2758511],[-97.7489734,30.2758208],[-97.7489913,30.2757718],[-97.7489304,30.2757495],[-97.7489655,30.2756467],[-97.7489959,30.2756559],[-97.7491434,30.2757006],[-97.7490875,30.2758511]]]},"properties":{"k":"area","s":"asphalt","u":"parking"}},{"type":"Feature","geometry":{"type":"Polygon","coordinates":[[[-97.7491434,30.2757006],[-97.7491922,30.2755767],[-97.7490437,30.2755339],[-97.7489959,30.2756559],[-97.7491434,30.2757006]]]},"properties":{"k":"area","s":"asphalt","u":"parking"}},{"type":"Feature","geometry":{"type":"Polygon","coordinates":[[[-97.7442994,30.2755505],[-97.7440397,30.2754836],[-97.7441086,30.2752971],[-97.7443611,30.2753678],[-97.7443567,30.2753808],[-97.7442994,30.2755505]]]},"properties":{"k":"area","s":"asphalt","u":"parking"}},{"type":"Feature","geometry":{"type":"Polygon","coordinates":[[[-97.7444945,30.2756044],[-97.7445548,30.2754353],[-97.7443567,30.2753808],[-97.7442994,30.2755505],[-97.7444945,30.2756044]]]},"properties":{"k":"area","s":"asphalt","u":"parking"}},{"type":"Feature","geometry":{"type":"Polygon","coordinates":[[[-97.7450787,30.2737189],[-97.7447356,30.2736223],[-97.7448429,30.273338],[-97.7449425,30.273366],[-97.7449062,30.2734622],[-97.7450025,30.2734893],[-97.744952,30.2736231],[-97.7450992,30.2736646],[-97.7450787,30.2737189]]]},"properties":{"k":"area","s":"asphalt","u":"parking"}},{"type":"Feature","geometry":{"type":"Polygon","coordinates":[[[-97.7493878,30.2751776],[-97.749333,30.27533],[-97.7491166,30.2752719],[-97.7491714,30.2751196],[-97.7493878,30.2751776]]]},"properties":{"k":"area","s":"asphalt","u":"parking"}},{"type":"Feature","geometry":{"type":"Polygon","coordinates":[[[-97.749333,30.27533],[-97.7492475,30.2755673],[-97.7490317,30.2755068],[-97.7491166,30.2752719],[-97.749333,30.27533]]]},"properties":{"k":"area","s":"asphalt","u":"parking"}},{"type":"Feature","geometry":{"type":"Polygon","coordinates":[[[-97.7505011,30.2757558],[-97.7500474,30.2760502],[-97.7500033,30.2759995],[-97.7504571,30.2757052],[-97.7505011,30.2757558]]]},"properties":{"k":"area","s":"asphalt","u":"parking"}},{"type":"Feature","geometry":{"type":"Polygon","coordinates":[[[-97.7510929,30.2747027],[-97.7508836,30.2746265],[-97.7507386,30.2749937],[-97.7509561,30.2750542],[-97.7510929,30.2747027]]]},"properties":{"k":"area","s":"asphalt","u":"parking"}},{"type":"Feature","geometry":{"type":"Polygon","coordinates":[[[-97.7499288,30.2747217],[-97.7499593,30.2746313],[-97.7498073,30.2745891],[-97.7497769,30.274676],[-97.7499288,30.2747217]]]},"properties":{"k":"area","s":"asphalt","u":"parking"}},{"type":"Feature","geometry":{"type":"Polygon","coordinates":[[[-97.7497769,30.274676],[-97.7495274,30.2746108],[-97.7495911,30.274429],[-97.7498406,30.2744941],[-97.7498073,30.2745891],[-97.7497769,30.274676]]]},"properties":{"k":"area","s":"asphalt","u":"parking"}},{"type":"Feature","geometry":{"type":"Polygon","coordinates":[[[-97.7493744,30.2749878],[-97.7491969,30.2749366],[-97.7492416,30.274821],[-97.7494191,30.2748722],[-97.7493744,30.2749878]]]},"properties":{"k":"area","s":"asphalt","u":"parking"}},{"type":"Feature","geometry":{"type":"Polygon","coordinates":[[[-97.7501801,30.2736394],[-97.7500596,30.2736091],[-97.7501033,30.2734759],[-97.750094,30.273461],[-97.7499649,30.2734195],[-97.7500036,30.2732944],[-97.7501313,30.2733284],[-97.7501772,30.2733594],[-97.7502045,30.2734139],[-97.750221,30.2734982],[-97.7501801,30.2736394]]]},"properties":{"k":"area","s":"asphalt","u":"parking"}},{"type":"Feature","geometry":{"type":"Polygon","coordinates":[[[-97.7470827,30.2730238],[-97.7471293,30.2728994],[-97.7469018,30.2728359],[-97.7468433,30.2729923],[-97.7469617,30.2730254],[-97.7469736,30.2729934],[-97.7470827,30.2730238]]]},"properties":{"k":"area","s":"asphalt","u":"parking"}},{"type":"Feature","geometry":{"type":"Polygon","coordinates":[[[-97.7482188,30.2730778],[-97.7481912,30.2731547],[-97.7479255,30.2730835],[-97.7479531,30.2730066],[-97.7482188,30.2730778]]]},"properties":{"k":"area","s":"asphalt","u":"parking"}},{"type":"Feature","geometry":{"type":"Polygon","coordinates":[[[-97.7478279,30.2731019],[-97.7478028,30.273177],[-97.7476162,30.2731304],[-97.7476414,30.2730553],[-97.7478279,30.2731019]]]},"properties":{"k":"area","s":"asphalt","u":"parking"}},{"type":"Feature","geometry":{"type":"Polygon","coordinates":[[[-97.73824,30.2742121],[-97.7380724,30.2741673],[-97.7381324,30.2739998],[-97.7383,30.2740445],[-97.73824,30.2742121]]]},"properties":{"k":"area","s":"asphalt","u":"parking"}},{"type":"Feature","geometry":{"type":"Polygon","coordinates":[[[-97.738309,30.2748534],[-97.7381682,30.2752397],[-97.7379676,30.2751852],[-97.7381084,30.2747989],[-97.738309,30.2748534]]]},"properties":{"k":"area","s":"asphalt","u":"parking"}},{"type":"Feature","geometry":{"type":"Polygon","coordinates":[[[-97.7381584,30.2746101],[-97.7381306,30.2746874],[-97.7379513,30.2746393],[-97.7378416,30.2749445],[-97.737757,30.2749219],[-97.7378946,30.2745393],[-97.7381584,30.2746101]]]},"properties":{"k":"area","s":"asphalt","u":"parking"}},{"type":"Feature","geometry":{"type":"Polygon","coordinates":[[[-97.7446225,30.275641],[-97.7445195,30.2756132],[-97.7446541,30.2752408],[-97.744757,30.2752685],[-97.7446225,30.275641]]]},"properties":{"k":"area","s":"asphalt","u":"parking"}},{"type":"Feature","geometry":{"type":"Polygon","coordinates":[[[-97.7491876,30.2728355],[-97.7490986,30.2728087],[-97.7491409,30.2726777],[-97.7492196,30.2726805],[-97.7491876,30.2728355]]]},"properties":{"k":"area","s":"asphalt","u":"parking"}},{"type":"Feature","geometry":{"type":"Polygon","coordinates":[[[-97.7425424,30.2755665],[-97.7424144,30.2755289],[-97.7425246,30.2752418],[-97.7422359,30.2751692],[-97.7422898,30.2750235],[-97.7427031,30.2751395],[-97.7425424,30.2755665]]]},"properties":{"k":"area","s":"asphalt","u":"parking"}},{"type":"Feature","geometry":{"type":"Polygon","coordinates":[[[-97.7424273,30.2759311],[-97.7422593,30.2758827],[-97.7422343,30.275874],[-97.7422972,30.2757419],[-97.7423061,30.2757224],[-97.7424868,30.275777],[-97.7424273,30.2759311]]]},"properties":{"k":"area","s":"asphalt","u":"parking"}},{"type":"Feature","geometry":{"type":"Polygon","coordinates":[[[-97.7424273,30.2759311],[-97.7423597,30.276106],[-97.7421776,30.2760536],[-97.7422057,30.275997],[-97.7422391,30.2759198],[-97.7422593,30.2758827],[-97.7424273,30.2759311]]]},"properties":{"k":"area","s":"asphalt","u":"parking"}},{"type":"Feature","geometry":{"type":"Polygon","coordinates":[[[-97.7373894,30.2712911],[-97.7372971,30.2715504],[-97.7375243,30.2716108],[-97.7376167,30.2713514],[-97.7373894,30.2712911]]]},"properties":{"k":"area","s":"asphalt","u":"parking"}},{"type":"Feature","geometry":{"type":"Polygon","coordinates":[[[-97.7371459,30.2714976],[-97.7372719,30.2711467],[-97.7358383,30.2707394],[-97.7357916,30.2708614],[-97.7357367,30.2708462],[-97.7356445,30.2710721],[-97.7360239,30.271176],[-97.7361266,30.2708805],[-97.7362877,30.2709299],[-97.7361698,30.2712334],[-97.7371459,30.2714976]]]},"properties":{"k":"area","s":"asphalt","u":"parking"}},{"type":"Feature","geometry":{"type":"Polygon","coordinates":[[[-97.7459114,30.2760485],[-97.7458905,30.276104],[-97.7456911,30.276048],[-97.745712,30.2759924],[-97.7459114,30.2760485]]]},"properties":{"k":"area","s":"asphalt","u":"parking"}},{"type":"Feature","geometry":{"type":"Polygon","coordinates":[[[-97.7466381,30.2761982],[-97.7463649,30.2761224],[-97.7464279,30.2759388],[-97.7467071,30.2760144],[-97.7466381,30.2761982]]]},"properties":{"k":"area","s":"asphalt","u":"parking"}},{"type":"Feature","geometry":{"type":"Polygon","coordinates":[[[-97.7466535,30.2756892],[-97.7466311,30.2757514],[-97.7464798,30.2757108],[-97.7465021,30.2756486],[-97.7466535,30.2756892]]]},"properties":{"k":"area","s":"asphalt","u":"parking"}},{"type":"Feature","geometry":{"type":"Polygon","coordinates":[[[-97.7460311,30.2757856],[-97.7459984,30.2758738],[-97.7456836,30.2757868],[-97.7457163,30.2756986],[-97.7460311,30.2757856]]]},"properties":{"k":"area","s":"asphalt","u":"parking"}},{"type":"Feature","geometry":{"type":"Polygon","coordinates":[[[-97.7467032,30.2751789],[-97.7466329,30.2753783],[-97.7464705,30.2753356],[-97.7465408,30.2751362],[-97.7467032,30.2751789]]]},"properties":{"k":"area","s":"asphalt","u":"parking"}},{"type":"Feature","geometry":{"type":"Polygon","coordinates":[[[-97.7478176,30.2739929],[-97.7477815,30.2740912],[-97.747575,30.2740346],[-97.7475983,30.2739711],[-97.7476581,30.2739875],[-97.7476709,30.2739527],[-97.7478176,30.2739929]]]},"properties":{"k":"area","s":"asphalt","u":"parking"}},{"type":"Feature","geometry":{"type":"Polygon","coordinates":[[[-97.7417383,30.272103],[-97.7417764,30.2719975],[-97.7415731,30.2719409],[-97.741517,30.2721112],[-97.741673,30.2721552],[-97.741697,30.2720912],[-97.7417383,30.272103]]]},"properties":{"k":"area","s":"grass","u":"park","name":"Pat Crow Memorial Plaza"}},{"type":"Feature","geometry":{"type":"Polygon","coordinates":[[[-97.7385657,30.275802],[-97.7385927,30.2758311],[-97.7386099,30.2758362],[-97.7386272,30.2758412],[-97.7386624,30.2758326],[-97.7386394,30.2758094],[-97.7386222,30.2758044],[-97.738605,30.2757993],[-97.7385657,30.275802]]]},"properties":{"k":"area","s":"asphalt","u":"service"}},{"type":"Feature","geometry":{"type":"Polygon","coordinates":[[[-97.7460982,30.2731838],[-97.7461074,30.273124],[-97.7469629,30.2733512],[-97.7469074,30.2734293],[-97.7460982,30.2731838]]]},"properties":{"k":"area","s":"asphalt","u":"parking","name":"Law Enforcement Parking"}},{"type":"Feature","geometry":{"type":"Polygon","coordinates":[[[-97.7514248,30.2725938],[-97.7513182,30.2722621],[-97.7514196,30.2719687],[-97.7517935,30.2721191],[-97.7515467,30.2725916],[-97.7515267,30.2726281],[-97.7514248,30.2725938]]]},"properties":{"k":"area","s":"grass","u":"park","name":"Wood Street Park"}},{"type":"Feature","geometry":{"type":"Polygon","coordinates":[[[-97.7471232,30.2748152],[-97.7470433,30.275013],[-97.7467935,30.2749378],[-97.7468734,30.27474],[-97.7469554,30.2747647],[-97.7471232,30.2748152]]]},"properties":{"k":"area","s":"asphalt","u":"parking"}},{"type":"Feature","geometry":{"type":"Polygon","coordinates":[[[-97.7348473,30.2735097],[-97.7348206,30.2735421],[-97.7347987,30.2735644],[-97.7347697,30.2735755],[-97.7347447,30.2735743],[-97.7347346,30.2735725],[-97.7347295,30.2735687],[-97.7347087,30.2735191],[-97.7347085,30.2735117],[-97.7347085,30.2735019],[-97.7347264,30.2734534],[-97.7347354,30.2734436],[-97.734752,30.2734373],[-97.7348283,30.2734073],[-97.7348473,30.2735097]]]},"properties":{"k":"area","s":"grass","u":"lawn"}},{"type":"Feature","geometry":{"type":"Polygon","coordinates":[[[-97.7348272,30.2733965],[-97.7348106,30.2734037],[-97.7347916,30.2734113],[-97.7347624,30.2734222],[-97.7347469,30.2734254],[-97.7347267,30.273425],[-97.7347725,30.273293],[-97.7347753,30.2732866],[-97.7347829,30.2732834],[-97.7347918,30.2732816],[-97.7348015,30.2732835],[-97.7348074,30.2732878],[-97.7348272,30.2733965]]]},"properties":{"k":"area","s":"grass","u":"lawn"}},{"type":"Feature","geometry":{"type":"Polygon","coordinates":[[[-97.73487,30.2734644],[-97.7348366,30.2732998],[-97.7348466,30.2732934],[-97.7348561,30.2732812],[-97.7348627,30.2732649],[-97.7348669,30.2732473],[-97.7349171,30.2732621],[-97.7349381,30.2732746],[-97.7349511,30.2732885],[-97.7349585,30.2733043],[-97.7349618,30.2733236],[-97.7349573,30.2733451],[-97.7349152,30.2734557],[-97.73487,30.2734644]]]},"properties":{"k":"area","s":"grass","u":"lawn"}},{"type":"Feature","geometry":{"type":"Polygon","coordinates":[[[-97.7351433,30.2717535],[-97.7349695,30.271708],[-97.7348299,30.271669],[-97.7347396,30.2716438],[-97.7347794,30.2715286],[-97.7347191,30.2713255],[-97.7348259,30.2710398],[-97.7350139,30.2710899],[-97.7350535,30.271107],[-97.735155,30.2711532],[-97.7353012,30.2712138],[-97.7353117,30.2712243],[-97.7353179,30.2712406],[-97.7351433,30.2717535]]]},"properties":{"k":"area","s":"grass","u":"park","name":"Symphony Square"}},{"type":"Feature","geometry":{"type":"Polygon","coordinates":[[[-97.7514387,30.274634],[-97.7514227,30.2745958],[-97.7514346,30.2745893],[-97.7514422,30.2745791],[-97.751444,30.2745662],[-97.7514389,30.2745539],[-97.7514922,30.2744923],[-97.7515304,30.2744304],[-97.7515604,30.2743562],[-97.7515767,30.2742805],[-97.7515749,30.2742057],[-97.7515634,30.2741468],[-97.7515611,30.2741182],[-97.7515716,30.2740944],[-97.7515814,30.2740766],[-97.7515938,30.2740702],[-97.7516051,30.2740704],[-97.7516787,30.2740999],[-97.7516912,30.2741108],[-97.7516874,30.2741769],[-97.7516774,30.2744057],[-97.7516775,30.2744948],[-97.7516737,30.2745315],[-97.7516461,30.2745772],[-97.7516178,30.2746149],[-97.7515603,30.2746422],[-97.751525,30.2746608],[-97.7514387,30.274634]]]},"properties":{"k":"area","s":"grass","u":"lawn"}},{"type":"Feature","geometry":{"type":"Polygon","coordinates":[[[-97.7510028,30.27367],[-97.7509896,30.2736779],[-97.7509676,30.2737022],[-97.7508751,30.2738029],[-97.7508487,30.2738464],[-97.7508466,30.2738851],[-97.7508596,30.2739318],[-97.7508765,30.2739602],[-97.7508848,30.2739567],[-97.7508967,30.2739697],[-97.750891,30.2739744],[-97.7509123,30.2739917],[-97.7509472,30.274013],[-97.7510204,30.2740594],[-97.7510894,30.2741108],[-97.7511683,30.2741793],[-97.751191,30.2742002],[-97.7512212,30.2742374],[-97.7512457,30.274282],[-97.7512528,30.274304],[-97.7512507,30.2743525],[-97.7512381,30.2744922],[-97.7512347,30.27455],[-97.7512384,30.2745576],[-97.7513328,30.2745917],[-97.7513497,30.2745878],[-97.7513703,30.2745786],[-97.75138,30.274576],[-97.7513808,30.2745605],[-97.751391,30.2745477],[-97.7514075,30.2745415],[-97.7514139,30.2745423],[-97.7514687,30.2744741],[-97.751499,30.2744305],[-97.751517,30.274396],[-97.7515342,30.2743489],[-97.7515443,30.2743078],[-97.7515488,30.2742559],[-97.7515492,30.274219],[-97.7515384,30.2741588],[-97.751524,30.2741125],[-97.7514925,30.2740504],[-97.7514702,30.2740091],[-97.7514346,30.2739478],[-97.7514075,30.2739087],[-97.7513685,30.2738573],[-97.7513084,30.2738022],[-97.7512519,30.2737592],[-97.7512076,30.2737367],[-97.7511243,30.2736988],[-97.7510647,30.2736774],[-97.7510388,30.2736705],[-97.7510217,30.2736676],[-97.7510028,30.27367]]]},"properties":{"k":"area","s":"grass","u":"lawn"}},{"type":"Feature","geometry":{"type":"Polygon","coordinates":[[[-97.7517224,30.274054],[-97.7517206,30.2741491],[-97.7517122,30.2742904],[-97.7517053,30.2744233],[-97.7517008,30.2745332],[-97.7517324,30.2744667],[-97.7517478,30.2744029],[-97.7517446,30.2743175],[-97.7518024,30.2742387],[-97.7518241,30.2742036],[-97.7518053,30.2741335],[-97.7517558,30.274084],[-97.7517224,30.274054]]]},"properties":{"k":"area","s":"grass","u":"lawn"}},{"type":"Feature","geometry":{"type":"Polygon","coordinates":[[[-97.7516631,30.2738826],[-97.7516857,30.2739317],[-97.7516931,30.2739866],[-97.7516676,30.2740118],[-97.7516027,30.2740357],[-97.7515619,30.274039],[-97.7515295,30.2740328],[-97.7515104,30.2740165],[-97.7515452,30.2740337],[-97.7515927,30.2740256],[-97.7516396,30.2740122],[-97.751673,30.2739889],[-97.751675,30.2739257],[-97.7516631,30.2738826]]]},"properties":{"k":"area","s":"grass","u":"lawn"}},{"type":"Feature","geometry":{"type":"Polygon","coordinates":[[[-97.7504581,30.2734853],[-97.7504489,30.2734158],[-97.7503921,30.2734006],[-97.7503519,30.2733676],[-97.7502007,30.2738815],[-97.7502718,30.2739167],[-97.7501751,30.2741894],[-97.7501896,30.2742071],[-97.7503258,30.2742469],[-97.7503381,30.2742282],[-97.7503355,30.2741966],[-97.7503077,30.2741538],[-97.7502711,30.2741074],[-97.7502764,30.2740743],[-97.7502891,30.2740608],[-97.7503092,30.2740642],[-97.7503458,30.2740741],[-97.7503579,30.2740946],[-97.7503675,30.2741141],[-97.750386,30.2741202],[-97.7504299,30.2741363],[-97.7504376,30.2741669],[-97.7504558,30.2741851],[-97.7504885,30.2741925],[-97.7505416,30.2741448],[-97.750571,30.2741063],[-97.7506246,30.2740556],[-97.7506723,30.2740278],[-97.7506958,30.2739948],[-97.7506947,30.2739634],[-97.7507312,30.2739477],[-97.7507446,30.2739205],[-97.7507288,30.2738928],[-97.7507347,30.273877],[-97.7507342,30.2738609],[-97.7507136,30.2738427],[-97.7506694,30.2738362],[-97.7506599,30.2738622],[-97.7505756,30.273943],[-97.7505217,30.2739759],[-97.7504641,30.2740445],[-97.7503747,30.274077],[-97.7503101,30.2740576],[-97.7502667,30.2739972],[-97.7502859,30.2739145],[-97.7502281,30.2738884],[-97.7502295,30.2738144],[-97.7502728,30.2736618],[-97.7503101,30.2735386],[-97.7503433,30.2734972],[-97.7504327,30.2734887],[-97.7504581,30.2734853]]]},"properties":{"k":"area","s":"wood","u":"wood"}},{"type":"Feature","geometry":{"type":"Polygon","coordinates":[[[-97.7508247,30.2738579],[-97.7508088,30.2738829],[-97.7507928,30.2739047],[-97.7507446,30.2739205],[-97.7507312,30.2739477],[-97.7506947,30.2739634],[-97.7506958,30.2739948],[-97.7506723,30.2740278],[-97.7506246,30.2740556],[-97.750571,30.2741063],[-97.7505416,30.2741448],[-97.7504885,30.2741925],[-97.7504558,30.2741851],[-97.7504376,30.2741669],[-97.7504299,30.2741363],[-97.750386,30.2741202],[-97.7503675,30.2741141],[-97.7503579,30.2740946],[-97.7503458,30.2740741],[-97.7503092,30.2740642],[-97.7502891,30.2740608],[-97.7502764,30.2740743],[-97.7502711,30.2741074],[-97.7503077,30.2741538],[-97.7503355,30.2741966],[-97.7503381,30.2742282],[-97.7503258,30.2742469],[-97.7506044,30.2743275],[-97.7511995,30.2745433],[-97.7512105,30.2745433],[-97.7512136,30.2745381],[-97.7512136,30.2745229],[-97.7512244,30.2743982],[-97.7512304,30.2743259],[-97.7512298,30.274302],[-97.751218,30.2742696],[-97.7511972,30.2742384],[-97.7511674,30.2742059],[-97.7511217,30.2741628],[-97.7510491,30.2741035],[-97.7509223,30.2740205],[-97.7508807,30.2740598],[-97.7508357,30.2740186],[-97.7508712,30.2739849],[-97.7508523,30.2739667],[-97.7508395,30.2739373],[-97.750828,30.2739024],[-97.7508247,30.2738579]]]},"properties":{"k":"area","s":"grass","u":"lawn"}},{"type":"Feature","geometry":{"type":"Polygon","coordinates":[[[-97.7399215,30.2712748],[-97.7399513,30.271283],[-97.7399429,30.2713058],[-97.7399131,30.2712976],[-97.7399215,30.2712748]]]},"properties":{"k":"patharea","u":"steps","s":"concrete"}},{"type":"Feature","geometry":{"type":"Polygon","coordinates":[[[-97.7400856,30.2712906],[-97.740076,30.2713162],[-97.740047,30.2713081],[-97.7400566,30.2712825],[-97.7400856,30.2712906]]]},"properties":{"k":"patharea","u":"steps","s":"concrete"}},{"type":"Feature","geometry":{"type":"Polygon","coordinates":[[[-97.7452759,30.2721642],[-97.7452667,30.27219],[-97.74525,30.2721856],[-97.7452592,30.2721598],[-97.7452759,30.2721642]]]},"properties":{"k":"patharea","u":"steps","s":"concrete"}},{"type":"Feature","geometry":{"type":"Polygon","coordinates":[[[-97.7401759,30.2722665],[-97.7402055,30.2722749],[-97.740199,30.2722921],[-97.7401694,30.2722837],[-97.7401759,30.2722665]]]},"properties":{"k":"patharea","u":"steps","s":"concrete"}},{"type":"Feature","geometry":{"type":"Polygon","coordinates":[[[-97.7401634,30.2722992],[-97.740193,30.2723078],[-97.7401876,30.2723218],[-97.740158,30.2723132],[-97.7401634,30.2722992]]]},"properties":{"k":"patharea","u":"steps","s":"concrete"}},{"type":"Feature","geometry":{"type":"Polygon","coordinates":[[[-97.7397626,30.2724888],[-97.7397718,30.272463],[-97.7398008,30.2724708],[-97.7397916,30.2724966],[-97.7397626,30.2724888]]]},"properties":{"k":"patharea","u":"steps","s":"concrete"}},{"type":"Feature","geometry":{"type":"Polygon","coordinates":[[[-97.7423871,30.2725817],[-97.7423963,30.2725559],[-97.7424356,30.2725663],[-97.7424264,30.2725921],[-97.7423871,30.2725817]]]},"properties":{"k":"patharea","u":"steps","s":"concrete"}},{"type":"Feature","geometry":{"type":"Polygon","coordinates":[[[-97.7516985,30.2735063],[-97.7516422,30.2734925],[-97.7516508,30.2734665],[-97.7517071,30.2734803],[-97.7516985,30.2735063]]]},"properties":{"k":"patharea","u":"steps","s":"concrete"}},{"type":"Feature","geometry":{"type":"Polygon","coordinates":[[[-97.7403873,30.2742007],[-97.7403781,30.2742255],[-97.7403483,30.2742173],[-97.7403575,30.2741925],[-97.7403873,30.2742007]]]},"properties":{"k":"patharea","u":"steps","s":"concrete"}},{"type":"Feature","geometry":{"type":"Polygon","coordinates":[[[-97.7405135,30.2742661],[-97.7404837,30.2742579],[-97.7404893,30.2742428],[-97.7405191,30.274251],[-97.7405135,30.2742661]]]},"properties":{"k":"patharea","u":"steps","s":"concrete"}},{"type":"Feature","geometry":{"type":"Polygon","coordinates":[[[-97.7406363,30.2742698],[-97.7406661,30.274278],[-97.7406564,30.274304],[-97.7406266,30.2742958],[-97.7406363,30.2742698]]]},"properties":{"k":"patharea","u":"steps","s":"concrete"}},{"type":"Feature","geometry":{"type":"Polygon","coordinates":[[[-97.7395313,30.2743416],[-97.7395611,30.2743498],[-97.7395516,30.2743755],[-97.7395218,30.2743673],[-97.7395313,30.2743416]]]},"properties":{"k":"patharea","u":"steps","s":"concrete"}},{"type":"Feature","geometry":{"type":"Polygon","coordinates":[[[-97.7514665,30.2745233],[-97.7514407,30.2745081],[-97.75146,30.2744837],[-97.7514858,30.2744989],[-97.7514665,30.2745233]]]},"properties":{"k":"patharea","u":"steps","s":"concrete"}},{"type":"Feature","geometry":{"type":"Polygon","coordinates":[[[-97.7514419,30.274554],[-97.7514167,30.2745382],[-97.7514326,30.2745192],[-97.7514578,30.274535],[-97.7514419,30.274554]]]},"properties":{"k":"patharea","u":"steps","s":"concrete"}},{"type":"Feature","geometry":{"type":"Polygon","coordinates":[[[-97.7412018,30.2748071],[-97.7412316,30.2748153],[-97.741222,30.2748411],[-97.7411922,30.2748329],[-97.7412018,30.2748071]]]},"properties":{"k":"patharea","u":"steps","s":"concrete"}},{"type":"Feature","geometry":{"type":"Polygon","coordinates":[[[-97.7412709,30.2749462],[-97.7412803,30.2749204],[-97.7412958,30.2749246],[-97.7412864,30.2749504],[-97.7412709,30.2749462]]]},"properties":{"k":"patharea","u":"steps","s":"concrete"}},{"type":"Feature","geometry":{"type":"Polygon","coordinates":[[[-97.7413135,30.2749296],[-97.7413266,30.2749332],[-97.7413172,30.2749588],[-97.7413041,30.2749552],[-97.7413135,30.2749296]]]},"properties":{"k":"patharea","u":"steps","s":"concrete"}},{"type":"Feature","geometry":{"type":"Polygon","coordinates":[[[-97.7413429,30.2749376],[-97.7413569,30.2749414],[-97.7413475,30.2749672],[-97.7413335,30.2749634],[-97.7413429,30.2749376]]]},"properties":{"k":"patharea","u":"steps","s":"concrete"}},{"type":"Feature","geometry":{"type":"Polygon","coordinates":[[[-97.7411622,30.2750016],[-97.7411326,30.2749934],[-97.7411422,30.2749677],[-97.7411718,30.2749759],[-97.7411622,30.2750016]]]},"properties":{"k":"patharea","u":"steps","s":"concrete"}},{"type":"Feature","geometry":{"type":"Polygon","coordinates":[[[-97.7400005,30.2750445],[-97.7400019,30.2750715],[-97.7399792,30.2750724],[-97.7399778,30.2750454],[-97.7400005,30.2750445]]]},"properties":{"k":"patharea","u":"steps","s":"concrete"}},{"type":"Feature","geometry":{"type":"Polygon","coordinates":[[[-97.7403612,30.2751692],[-97.7403796,30.2751474],[-97.7404158,30.2751701],[-97.7403974,30.2751919],[-97.7403612,30.2751692]]]},"properties":{"k":"patharea","u":"steps","s":"concrete"}},{"type":"Feature","geometry":{"type":"Polygon","coordinates":[[[-97.747697,30.2760637],[-97.7476674,30.2760549],[-97.7476773,30.2760299],[-97.7477069,30.2760387],[-97.747697,30.2760637]]]},"properties":{"k":"patharea","u":"steps","s":"concrete"}},{"type":"Feature","geometry":{"type":"Polygon","coordinates":[[[-97.747719,30.2761426],[-97.7477094,30.2761682],[-97.7476803,30.27616],[-97.7476899,30.2761344],[-97.747719,30.2761426]]]},"properties":{"k":"patharea","u":"steps","s":"concrete"}},{"type":"Feature","geometry":{"type":"Polygon","coordinates":[[[-97.7477568,30.2761533],[-97.747747,30.2761789],[-97.747721,30.2761715],[-97.7477308,30.2761459],[-97.7477568,30.2761533]]]},"properties":{"k":"patharea","u":"steps","s":"concrete"}},{"type":"Feature","geometry":{"type":"Polygon","coordinates":[[[-97.7477948,30.276164],[-97.747785,30.2761896],[-97.7477578,30.2761819],[-97.7477676,30.2761563],[-97.7477948,30.276164]]]},"properties":{"k":"patharea","u":"steps","s":"concrete"}},{"type":"Feature","geometry":{"type":"Polygon","coordinates":[[[-97.7353761,30.2717043],[-97.73539,30.2716648],[-97.7354198,30.2716726],[-97.7354059,30.2717121],[-97.7353761,30.2717043]]]},"properties":{"k":"patharea","u":"steps","s":"concrete"}},{"type":"Feature","geometry":{"type":"Polygon","coordinates":[[[-97.7352885,30.2726716],[-97.7353119,30.2726689],[-97.7353161,30.2726957],[-97.7352927,30.2726984],[-97.7352885,30.2726716]]]},"properties":{"k":"patharea","u":"steps","s":"concrete"}},{"type":"Feature","geometry":{"type":"Polygon","coordinates":[[[-97.7353587,30.2726969],[-97.7353689,30.2726715],[-97.7353954,30.2726794],[-97.7353852,30.2727048],[-97.7353587,30.2726969]]]},"properties":{"k":"patharea","u":"steps","s":"concrete"}},{"type":"Feature","geometry":{"type":"Polygon","coordinates":[[[-97.7363147,30.2729447],[-97.7362745,30.2730843],[-97.7362443,30.2730779],[-97.7362945,30.2728975],[-97.7363251,30.2729031],[-97.7363147,30.2729447]]]},"properties":{"k":"patharea","u":"steps","s":"concrete"}},{"type":"Feature","geometry":{"type":"Polygon","coordinates":[[[-97.7355424,30.2731442],[-97.7355716,30.2731536],[-97.7355662,30.2731661],[-97.735537,30.2731567],[-97.7355424,30.2731442]]]},"properties":{"k":"patharea","u":"steps","s":"concrete"}},{"type":"Feature","geometry":{"type":"Polygon","coordinates":[[[-97.7352619,30.2732318],[-97.7352351,30.273218],[-97.7352471,30.2732005],[-97.7352739,30.2732143],[-97.7352619,30.2732318]]]},"properties":{"k":"patharea","u":"steps","s":"concrete"}},{"type":"Feature","geometry":{"type":"Polygon","coordinates":[[[-97.7352208,30.2732427],[-97.7352281,30.2732304],[-97.7352559,30.2732426],[-97.7352481,30.2732572],[-97.7352185,30.2732484],[-97.7352208,30.2732427]]]},"properties":{"k":"patharea","u":"steps","s":"concrete"}},{"type":"Feature","geometry":{"type":"Polygon","coordinates":[[[-97.7352429,30.273286],[-97.7352119,30.2732834],[-97.7352137,30.2732671],[-97.7352447,30.2732697],[-97.7352429,30.273286]]]},"properties":{"k":"patharea","u":"steps","s":"concrete"}},{"type":"Feature","geometry":{"type":"Polygon","coordinates":[[[-97.7352391,30.2733183],[-97.7352079,30.2733161],[-97.7352094,30.2733001],[-97.7352406,30.2733023],[-97.7352391,30.2733183]]]},"properties":{"k":"patharea","u":"steps","s":"concrete"}},{"type":"Feature","geometry":{"type":"Polygon","coordinates":[[[-97.7365698,30.2737529],[-97.7365694,30.2737834],[-97.7365382,30.273783],[-97.7365386,30.2737525],[-97.7365698,30.2737529]]]},"properties":{"k":"patharea","u":"steps","s":"concrete"}},{"type":"Feature","geometry":{"type":"Polygon","coordinates":[[[-97.7360557,30.2739056],[-97.7360591,30.2738757],[-97.7360518,30.2738313],[-97.7360294,30.2737823],[-97.7360584,30.2737723],[-97.7360822,30.2738243],[-97.7360905,30.2738751],[-97.7360867,30.2739082],[-97.7360557,30.2739056]]]},"properties":{"k":"patharea","u":"steps","s":"concrete"}},{"type":"Feature","geometry":{"type":"Polygon","coordinates":[[[-97.7362689,30.2739614],[-97.7362945,30.2739747],[-97.736306,30.2739833],[-97.7362856,30.2740037],[-97.7362539,30.273985],[-97.7362027,30.273965],[-97.7362143,30.27394],[-97.7362689,30.2739614]]]},"properties":{"k":"patharea","u":"steps","s":"concrete"}},{"type":"Feature","geometry":{"type":"Polygon","coordinates":[[[-97.7366259,30.2740034],[-97.7366237,30.2740302],[-97.7365633,30.2740265],[-97.7365655,30.2739997],[-97.7366259,30.2740034]]]},"properties":{"k":"patharea","u":"steps","s":"concrete"}},{"type":"Feature","geometry":{"type":"Polygon","coordinates":[[[-97.7361134,30.2741112],[-97.736132,30.2741328],[-97.7361123,30.2741455],[-97.7360937,30.2741239],[-97.7361134,30.2741112]]]},"properties":{"k":"patharea","u":"steps","s":"concrete"}},{"type":"Feature","geometry":{"type":"Polygon","coordinates":[[[-97.7361774,30.2742853],[-97.7362014,30.2742681],[-97.7362103,30.2742774],[-97.7361863,30.2742946],[-97.7361774,30.2742853]]]},"properties":{"k":"patharea","u":"steps","s":"concrete"}},{"type":"Feature","geometry":{"type":"Polygon","coordinates":[[[-97.7393737,30.2744193],[-97.7393837,30.2743937],[-97.7394257,30.274406],[-97.7394157,30.2744316],[-97.7393737,30.2744193]]]},"properties":{"k":"patharea","u":"steps","s":"concrete"}},{"type":"Feature","geometry":{"type":"Polygon","coordinates":[[[-97.7364193,30.2745034],[-97.7364297,30.274478],[-97.7364598,30.2744872],[-97.7364494,30.2745126],[-97.7364193,30.2745034]]]},"properties":{"k":"patharea","u":"steps","s":"concrete"}},{"type":"Feature","geometry":{"type":"Polygon","coordinates":[[[-97.7394919,30.2745361],[-97.7394621,30.2745279],[-97.7394716,30.2745021],[-97.7395014,30.2745103],[-97.7394919,30.2745361]]]},"properties":{"k":"patharea","u":"steps","s":"concrete"}},{"type":"Feature","geometry":{"type":"Polygon","coordinates":[[[-97.735855,30.274536],[-97.7358349,30.274537],[-97.7358331,30.27451],[-97.7358532,30.274509],[-97.735855,30.274536]]]},"properties":{"k":"patharea","u":"steps","s":"concrete"}},{"type":"Feature","geometry":{"type":"Polygon","coordinates":[[[-97.7360799,30.27459],[-97.7360919,30.2745869],[-97.7361009,30.2746127],[-97.7360889,30.2746158],[-97.7360799,30.27459]]]},"properties":{"k":"patharea","u":"steps","s":"concrete"}},{"type":"Feature","geometry":{"type":"Polygon","coordinates":[[[-97.7360377,30.2746151],[-97.7360683,30.2746095],[-97.7360733,30.2746296],[-97.7360427,30.2746352],[-97.7360377,30.2746151]]]},"properties":{"k":"patharea","u":"steps","s":"concrete"}},{"type":"Feature","geometry":{"type":"Polygon","coordinates":[[[-97.7358952,30.2746603],[-97.7359106,30.2746837],[-97.7358941,30.2746918],[-97.7358787,30.2746684],[-97.7358952,30.2746603]]]},"properties":{"k":"patharea","u":"steps","s":"concrete"}},{"type":"Feature","geometry":{"type":"Polygon","coordinates":[[[-97.7359826,30.2749175],[-97.735974,30.2749435],[-97.7359109,30.2749252],[-97.7358799,30.2749121],[-97.7358937,30.2748879],[-97.7359233,30.2749004],[-97.7359826,30.2749175]]]},"properties":{"k":"patharea","u":"steps","s":"concrete"}},{"type":"Feature","geometry":{"type":"Polygon","coordinates":[[[-97.738523,30.2752532],[-97.7385528,30.2752614],[-97.7385471,30.2752768],[-97.7385173,30.2752686],[-97.738523,30.2752532]]]},"properties":{"k":"patharea","u":"steps","s":"concrete"}},{"type":"Feature","geometry":{"type":"Polygon","coordinates":[[[-97.7385096,30.2752894],[-97.7385394,30.2752976],[-97.7385337,30.2753131],[-97.7385039,30.2753049],[-97.7385096,30.2752894]]]},"properties":{"k":"patharea","u":"steps","s":"concrete"}},{"type":"Feature","geometry":{"type":"Polygon","coordinates":[[[-97.735187,30.2712758],[-97.7351776,30.271292],[-97.7351498,30.27128],[-97.7351592,30.2712638],[-97.7351579,30.2712618],[-97.7351851,30.2712486],[-97.7351894,30.2712552],[-97.7351658,30.2712666],[-97.735187,30.2712758]]]},"properties":{"k":"patharea","u":"steps","s":"concrete"}},{"type":"Feature","geometry":{"type":"Polygon","coordinates":[[[-97.7351206,30.2713579],[-97.735042,30.2714014],[-97.7350252,30.2713788],[-97.7351038,30.2713353],[-97.7351206,30.2713579]]]},"properties":{"k":"patharea","u":"steps","s":"concrete"}},{"type":"Feature","geometry":{"type":"Polygon","coordinates":[[[-97.7299145,30.2714135],[-97.7299154,30.2713654],[-97.7299466,30.2713658],[-97.7299457,30.2714139],[-97.7299145,30.2714135]]]},"properties":{"k":"patharea","u":"steps","s":"concrete"}},{"type":"Feature","geometry":{"type":"Polygon","coordinates":[[[-97.7352052,30.271511],[-97.7351752,30.2715038],[-97.7351923,30.271451],[-97.7352223,30.2714582],[-97.7352052,30.271511]]]},"properties":{"k":"patharea","u":"steps","s":"concrete"}},{"type":"Feature","geometry":{"type":"Polygon","coordinates":[[[-97.73516,30.2714954],[-97.7351518,30.2715214],[-97.7351325,30.2715169],[-97.7351407,30.2714909],[-97.73516,30.2714954]]]},"properties":{"k":"patharea","u":"steps","s":"concrete"}},{"type":"Feature","geometry":{"type":"Polygon","coordinates":[[[-97.7336984,30.2728821],[-97.7337086,30.2728567],[-97.7337468,30.2728682],[-97.7337366,30.2728936],[-97.7336984,30.2728821]]]},"properties":{"k":"patharea","u":"steps","s":"concrete"}},{"type":"Feature","geometry":{"type":"Polygon","coordinates":[[[-97.7348213,30.2736033],[-97.7348085,30.2735787],[-97.7348433,30.2735652],[-97.7348561,30.2735898],[-97.7348213,30.2736033]]]},"properties":{"k":"patharea","u":"steps","s":"concrete"}},{"type":"Feature","geometry":{"type":"Polygon","coordinates":[[[-97.7347627,30.2736275],[-97.7347495,30.2736031],[-97.7347866,30.2735882],[-97.7347998,30.2736126],[-97.7347627,30.2736275]]]},"properties":{"k":"patharea","u":"steps","s":"concrete"}},{"type":"Feature","geometry":{"type":"Polygon","coordinates":[[[-97.7347319,30.2736403],[-97.7347617,30.2736323],[-97.7347769,30.2736748],[-97.7347471,30.2736828],[-97.7347319,30.2736403]]]},"properties":{"k":"patharea","u":"steps","s":"concrete"}},{"type":"Feature","geometry":{"type":"Polygon","coordinates":[[[-97.7347952,30.2737317],[-97.7348262,30.2737345],[-97.7348234,30.2737577],[-97.7347924,30.2737549],[-97.7347952,30.2737317]]]},"properties":{"k":"patharea","u":"steps","s":"concrete"}},{"type":"Feature","geometry":{"type":"Polygon","coordinates":[[[-97.7346116,30.2737829],[-97.7345953,30.273779],[-97.7346037,30.273753],[-97.73462,30.2737569],[-97.7346116,30.2737829]]]},"properties":{"k":"patharea","u":"steps","s":"concrete"}},{"type":"Feature","geometry":{"type":"Polygon","coordinates":[[[-97.7347258,30.2738298],[-97.7346888,30.2738207],[-97.7346974,30.2737947],[-97.7347344,30.2738038],[-97.7347258,30.2738298]]]},"properties":{"k":"patharea","u":"steps","s":"concrete"}},{"type":"Feature","geometry":{"type":"Polygon","coordinates":[[[-97.7348708,30.2745992],[-97.7348768,30.2746256],[-97.7348644,30.2746277],[-97.7348584,30.2746013],[-97.7348708,30.2745992]]]},"properties":{"k":"patharea","u":"steps","s":"concrete"}},{"type":"Feature","geometry":{"type":"Polygon","coordinates":[[[-97.7349174,30.2746042],[-97.7349058,30.2746292],[-97.7348972,30.2746262],[-97.7349088,30.2746012],[-97.7349174,30.2746042]]]},"properties":{"k":"patharea","u":"steps","s":"concrete"}},{"type":"Feature","geometry":{"type":"Polygon","coordinates":[[[-97.7348253,30.2746086],[-97.7348195,30.274635],[-97.7348077,30.2746331],[-97.7348135,30.2746067],[-97.7348253,30.2746086]]]},"properties":{"k":"patharea","u":"steps","s":"concrete"}},{"type":"Feature","geometry":{"type":"Polygon","coordinates":[[[-97.734938,30.2746441],[-97.7349281,30.2746379],[-97.7349465,30.2746161],[-97.7349564,30.2746223],[-97.734938,30.2746441]]]},"properties":{"k":"patharea","u":"steps","s":"concrete"}},{"type":"Feature","geometry":{"type":"Polygon","coordinates":[[[-97.7349692,30.274662],[-97.734959,30.2746588],[-97.7349696,30.2746334],[-97.7349798,30.2746366],[-97.7349692,30.274662]]]},"properties":{"k":"patharea","u":"steps","s":"concrete"}},{"type":"Feature","geometry":{"type":"Polygon","coordinates":[[[-97.7350121,30.2746358],[-97.7350123,30.2746628],[-97.7349994,30.2746629],[-97.7349992,30.2746359],[-97.7350121,30.2746358]]]},"properties":{"k":"patharea","u":"steps","s":"concrete"}},{"type":"Feature","geometry":{"type":"Polygon","coordinates":[[[-97.732933,30.2755451],[-97.7329426,30.2755195],[-97.7329613,30.2755247],[-97.7329517,30.2755503],[-97.732933,30.2755451]]]},"properties":{"k":"patharea","u":"steps","s":"concrete"}},{"type":"Feature","geometry":{"type":"Polygon","coordinates":[[[-97.7333003,30.2756921],[-97.7333099,30.2756665],[-97.7333275,30.2756714],[-97.7333179,30.275697],[-97.7333003,30.2756921]]]},"properties":{"k":"patharea","u":"steps","s":"concrete"}},{"type":"Feature","geometry":{"type":"Polygon","coordinates":[[[-97.7334786,30.2757155],[-97.7334937,30.2757198],[-97.7334839,30.2757454],[-97.7334688,30.2757411],[-97.7334786,30.2757155]]]},"properties":{"k":"patharea","u":"steps","s":"concrete"}},{"type":"Feature","geometry":{"type":"Polygon","coordinates":[[[-97.7334315,30.2758412],[-97.7334401,30.2758437],[-97.7334301,30.2758693],[-97.7334215,30.2758668],[-97.7334315,30.2758412]]]},"properties":{"k":"patharea","u":"steps","s":"concrete"}},{"type":"Feature","geometry":{"type":"Polygon","coordinates":[[[-97.7366654,30.271638],[-97.736675,30.2716133],[-97.7367046,30.2716219],[-97.736695,30.2716466],[-97.7366654,30.271638]]]},"properties":{"k":"patharea","u":"steps","s":"paving"}},{"type":"Feature","geometry":{"type":"Polygon","coordinates":[[[-97.7366472,30.2716876],[-97.7366583,30.2716555],[-97.7366883,30.2716633],[-97.7366772,30.2716954],[-97.7366472,30.2716876]]]},"properties":{"k":"patharea","u":"steps","s":"paving"}},{"type":"Feature","geometry":{"type":"Polygon","coordinates":[[[-97.7361433,30.2735258],[-97.7361412,30.2735407],[-97.7361102,30.2735375],[-97.7361131,30.2735164],[-97.7361247,30.2735009],[-97.7361424,30.2734916],[-97.7361645,30.2734862],[-97.7361812,30.2734877],[-97.736178,30.2735145],[-97.7361673,30.2735136],[-97.736155,30.2735166],[-97.7361471,30.2735207],[-97.7361433,30.2735258]]]},"properties":{"k":"patharea","u":"steps","s":"paving"}},{"type":"Feature","geometry":{"type":"Polygon","coordinates":[[[-97.7401933,30.2751294],[-97.7401909,30.2751361],[-97.7401611,30.2751279],[-97.7401636,30.2751212],[-97.7401785,30.2751253],[-97.7401637,30.2751211],[-97.7401667,30.2751131],[-97.7401963,30.2751215],[-97.7401933,30.2751294]]]},"properties":{"k":"patharea","u":"steps","s":"paving"}},{"type":"Feature","geometry":{"type":"Polygon","coordinates":[[[-97.734898,30.2731901],[-97.7349629,30.2732188],[-97.7350051,30.2732582],[-97.7350238,30.2733291],[-97.7349882,30.2734766],[-97.7349837,30.2735073],[-97.7350936,30.2740327],[-97.7351649,30.2744431],[-97.7351697,30.2745589],[-97.7351673,30.2746273],[-97.7353372,30.2746648],[-97.735321,30.2747168],[-97.7351672,30.2746828],[-97.7351674,30.2747646],[-97.735105,30.2747648],[-97.7351041,30.274648],[-97.7351073,30.2745591],[-97.7351027,30.2744481],[-97.735032,30.2740417],[-97.7349205,30.2735087],[-97.7349266,30.2734676],[-97.73496,30.2733297],[-97.7349479,30.2732842],[-97.7349245,30.2732624],[-97.7348734,30.2732397],[-97.7346962,30.2731878],[-97.7347158,30.2731366],[-97.734898,30.2731901]]]},"properties":{"k":"patharea","u":"pedestrian","s":"asphalt"}},{"type":"Feature","geometry":{"type":"Polygon","coordinates":[[[-97.7460391,30.2731678],[-97.7457549,30.2739612],[-97.7456953,30.2739452],[-97.7459795,30.2731518],[-97.7460391,30.2731678]]]},"properties":{"k":"patharea","u":"pedestrian","s":"concrete"}},{"type":"Feature","geometry":{"type":"Polygon","coordinates":[[[-97.7355161,30.2743801],[-97.7355268,30.274316],[-97.7355225,30.2742144],[-97.7355849,30.2742124],[-97.7355894,30.2743188],[-97.7355791,30.2743801],[-97.7355877,30.274432],[-97.735621,30.274506],[-97.7356508,30.2745561],[-97.7356975,30.2746194],[-97.7356712,30.2746339],[-97.7356978,30.2746198],[-97.7357604,30.2747056],[-97.7358213,30.2748356],[-97.735839,30.2749046],[-97.7358755,30.2749857],[-97.7359398,30.2750822],[-97.7360703,30.2752062],[-97.7361374,30.2752622],[-97.73621,30.2753083],[-97.736282,30.2753285],[-97.7362628,30.2753797],[-97.7361812,30.2753569],[-97.736097,30.2753034],[-97.7360259,30.2752442],[-97.735889,30.2751138],[-97.7358191,30.2750091],[-97.735779,30.2749202],[-97.7357615,30.2748514],[-97.7357324,30.2747884],[-97.7357105,30.2747942],[-97.735651,30.2747991],[-97.7356022,30.2747902],[-97.7356087,30.2747638],[-97.7355997,30.2747896],[-97.7353205,30.2747167],[-97.7353381,30.274665],[-97.7356165,30.2747377],[-97.7356546,30.2747447],[-97.7356983,30.274741],[-97.7357086,30.2747383],[-97.7355966,30.2745829],[-97.735564,30.2745282],[-97.7355269,30.2744458],[-97.7355161,30.2743801]]]},"properties":{"k":"patharea","u":"pedestrian","s":"concrete"}},{"type":"Feature","geometry":{"type":"Polygon","coordinates":[[[-97.7512895,30.2711288],[-97.7514628,30.2707705],[-97.7518477,30.2709198],[-97.7518265,30.2709608],[-97.7516746,30.2709019],[-97.751545,30.2711708],[-97.7516951,30.271224],[-97.7516753,30.2712656],[-97.7512895,30.2711288]],[[-97.7516272,30.2708834],[-97.7514902,30.2708303],[-97.7513577,30.2711044],[-97.7514968,30.2711537],[-97.7516272,30.2708834]]]},"properties":{"k":"patharea","u":"service","s":"asphalt"}},{"type":"Feature","geometry":{"type":"Polygon","coordinates":[[[-97.7478325,30.2710886],[-97.7476821,30.2710958],[-97.7476342,30.2712786],[-97.7473945,30.2712164],[-97.7474095,30.2711734],[-97.7475958,30.2712218],[-97.7476289,30.2710955],[-97.7475099,30.2710909],[-97.7475123,30.2710461],[-97.747661,30.2710518],[-97.7479171,30.2710396],[-97.7479199,30.2710844],[-97.7478325,30.2710886]]]},"properties":{"k":"patharea","u":"service","s":"asphalt"}},{"type":"Feature","geometry":{"type":"Polygon","coordinates":[[[-97.7497864,30.2712593],[-97.7496982,30.2714771],[-97.7496492,30.2714623],[-97.749754,30.2712035],[-97.7500063,30.2712716],[-97.7499051,30.271543],[-97.7498555,30.2715292],[-97.7499407,30.271301],[-97.7497864,30.2712593]]]},"properties":{"k":"patharea","u":"service","s":"asphalt"}},{"type":"Feature","geometry":{"type":"Polygon","coordinates":[[[-97.7484736,30.2712008],[-97.7483489,30.2715225],[-97.7483031,30.2715853],[-97.7482729,30.2716522],[-97.7482245,30.2716358],[-97.7482565,30.2715651],[-97.7483015,30.2715031],[-97.7484242,30.2711866],[-97.7484736,30.2712008]]]},"properties":{"k":"patharea","u":"service","s":"asphalt"}},{"type":"Feature","geometry":{"type":"Polygon","coordinates":[[[-97.7517358,30.2718087],[-97.7517703,30.271796],[-97.7517862,30.2717738],[-97.7517862,30.2717402],[-97.7517793,30.2717164],[-97.7517614,30.2717009],[-97.751503,30.2716112],[-97.7515224,30.2715696],[-97.7517906,30.2716627],[-97.7518263,30.2716934],[-97.7518382,30.2717346],[-97.7518382,30.2717866],[-97.7518059,30.2718316],[-97.7517464,30.2718537],[-97.7516835,30.2718537],[-97.7514281,30.2717604],[-97.7514457,30.2717245],[-97.7510632,30.2715855],[-97.7510834,30.2715441],[-97.7514662,30.2716832],[-97.7514487,30.2717191],[-97.7516941,30.2718087],[-97.7517358,30.2718087]]]},"properties":{"k":"patharea","u":"service","s":"asphalt"}},{"type":"Feature","geometry":{"type":"Polygon","coordinates":[[[-97.7481492,30.2716882],[-97.7481817,30.2716227],[-97.7482295,30.2716405],[-97.7481978,30.2717042],[-97.748086,30.2719887],[-97.7480368,30.2719743],[-97.7481492,30.2716882]]]},"properties":{"k":"patharea","u":"service","s":"asphalt"}},{"type":"Feature","geometry":{"type":"Polygon","coordinates":[[[-97.7501689,30.2718216],[-97.7508184,30.2719838],[-97.750804,30.272027],[-97.7501543,30.2718646],[-97.7500144,30.2718233],[-97.7500318,30.2717809],[-97.7501689,30.2718216]]]},"properties":{"k":"patharea","u":"service","s":"asphalt"}},{"type":"Feature","geometry":{"type":"Polygon","coordinates":[[[-97.7485362,30.2722745],[-97.7475763,30.271989],[-97.746588,30.2717067],[-97.7464916,30.2716937],[-97.7464956,30.2716715],[-97.7464889,30.2716932],[-97.7463777,30.2716676],[-97.7462372,30.2716318],[-97.7457123,30.2714846],[-97.7455155,30.2714272],[-97.7454034,30.2713907],[-97.7454126,30.2713697],[-97.7454017,30.2713901],[-97.745316,30.2713558],[-97.7451763,30.271317],[-97.7450678,30.2716235],[-97.745018,30.2716103],[-97.7451267,30.2713032],[-97.7444585,30.2711179],[-97.7443499,30.2710901],[-97.74325,30.270781],[-97.7432662,30.2707382],[-97.7443653,30.2710473],[-97.7444739,30.2710749],[-97.745335,30.2713138],[-97.7454227,30.271349],[-97.7455329,30.2713848],[-97.7457287,30.271442],[-97.7462526,30.2715888],[-97.7463917,30.2716244],[-97.746501,30.2716495],[-97.7466002,30.2716629],[-97.7475929,30.2719464],[-97.7481638,30.2721165],[-97.7483191,30.2716646],[-97.7483687,30.2716782],[-97.7482131,30.2721311],[-97.7486505,30.2722592],[-97.7486345,30.272302],[-97.7485362,30.2722745]]]},"properties":{"k":"patharea","u":"service","s":"asphalt"}},{"type":"Feature","geometry":{"type":"Polygon","coordinates":[[[-97.7498793,30.2721872],[-97.7499877,30.2722189],[-97.7502061,30.2722661],[-97.7503433,30.2722283],[-97.7504367,30.2722283],[-97.7504367,30.2722733],[-97.7503513,30.2722733],[-97.7502079,30.2723127],[-97.7499731,30.2722621],[-97.7498627,30.2722298],[-97.7498793,30.2721872]]]},"properties":{"k":"patharea","u":"service","s":"asphalt"}},{"type":"Feature","geometry":{"type":"Polygon","coordinates":[[[-97.7469396,30.2723082],[-97.7469911,30.2722107],[-97.7470385,30.2722293],[-97.746987,30.2723268],[-97.7469396,30.2723082]]]},"properties":{"k":"patharea","u":"service","s":"asphalt"}},{"type":"Feature","geometry":{"type":"Polygon","coordinates":[[[-97.7499113,30.2724172],[-97.7498045,30.2723838],[-97.7498221,30.2723416],[-97.7501324,30.2724386],[-97.7501146,30.2724808],[-97.7499113,30.2724172]]]},"properties":{"k":"patharea","u":"service","s":"asphalt"}},{"type":"Feature","geometry":{"type":"Polygon","coordinates":[[[-97.7463439,30.2724156],[-97.7462423,30.2723911],[-97.7462563,30.2723479],[-97.7463587,30.2723726],[-97.7467313,30.272474],[-97.7467157,30.2725168],[-97.7463439,30.2724156]]]},"properties":{"k":"patharea","u":"service","s":"asphalt"}},{"type":"Feature","geometry":{"type":"Polygon","coordinates":[[[-97.7489682,30.2727583],[-97.7489452,30.2728677],[-97.748894,30.2728597],[-97.7489176,30.2727477],[-97.7489759,30.272582],[-97.7489664,30.2725188],[-97.7485931,30.2724137],[-97.7486093,30.2723709],[-97.7490138,30.2724848],[-97.7490289,30.2725858],[-97.7489682,30.2727583]]]},"properties":{"k":"patharea","u":"service","s":"asphalt"}},{"type":"Feature","geometry":{"type":"Polygon","coordinates":[[[-97.7491745,30.2726712],[-97.7491893,30.2725296],[-97.7492411,30.2725336],[-97.7492259,30.2726782],[-97.7491811,30.2728523],[-97.7491513,30.2729285],[-97.7491021,30.2729141],[-97.7491309,30.2728403],[-97.7491745,30.2726712]]]},"properties":{"k":"patharea","u":"service","s":"asphalt"}},{"type":"Feature","geometry":{"type":"Polygon","coordinates":[[[-97.7461486,30.2726313],[-97.7461648,30.2725887],[-97.7472403,30.2728949],[-97.7483105,30.2731756],[-97.7493904,30.273478],[-97.7493744,30.2735208],[-97.7489517,30.2734024],[-97.7488028,30.2737872],[-97.7487731,30.273853],[-97.7487247,30.2738368],[-97.7487538,30.273772],[-97.7489022,30.2733886],[-97.7482949,30.2732184],[-97.7472247,30.2729377],[-97.7461486,30.2726313]]]},"properties":{"k":"patharea","u":"service","s":"asphalt"}},{"type":"Feature","geometry":{"type":"Polygon","coordinates":[[[-97.7465058,30.2731507],[-97.7464752,30.2732171],[-97.7464268,30.2732005],[-97.7464751,30.2730955],[-97.7465235,30.2731121],[-97.7465058,30.2731507]]]},"properties":{"k":"patharea","u":"service","s":"asphalt"}},{"type":"Feature","geometry":{"type":"Polygon","coordinates":[[[-97.7499185,30.2733702],[-97.7495869,30.2732946],[-97.7494739,30.2732646],[-97.7494891,30.2732216],[-97.7496011,30.2732514],[-97.7499098,30.2733218],[-97.7499473,30.2732344],[-97.749976,30.2731582],[-97.7500254,30.273172],[-97.7499965,30.2732492],[-97.7499597,30.2733348],[-97.7500837,30.2733707],[-97.7501507,30.2734903],[-97.750112,30.2735977],[-97.7500624,30.2735843],[-97.7500949,30.2734939],[-97.7500465,30.2734073],[-97.7499185,30.2733702]]]},"properties":{"k":"patharea","u":"service","s":"asphalt"}},{"type":"Feature","geometry":{"type":"Polygon","coordinates":[[[-97.7478754,30.2740437],[-97.7479851,30.2740782],[-97.7479673,30.2741204],[-97.7478378,30.2740797],[-97.7477596,30.2740725],[-97.7476512,30.274041],[-97.7476678,30.2739984],[-97.7477716,30.2740287],[-97.7478486,30.2740353],[-97.7478754,30.2740437]]]},"properties":{"k":"patharea","u":"service","s":"asphalt"}},{"type":"Feature","geometry":{"type":"Polygon","coordinates":[[[-97.7480607,30.2741834],[-97.7479558,30.2741549],[-97.7479714,30.2741121],[-97.7490457,30.2744039],[-97.7490301,30.2744467],[-97.7480607,30.2741834]]]},"properties":{"k":"patharea","u":"service","s":"asphalt"}},{"type":"Feature","geometry":{"type":"Polygon","coordinates":[[[-97.7470781,30.2745145],[-97.7469801,30.2747717],[-97.7469307,30.2747577],[-97.7470475,30.274451],[-97.7470969,30.274465],[-97.7470781,30.2745145]]]},"properties":{"k":"patharea","u":"service","s":"asphalt"}},{"type":"Feature","geometry":{"type":"Polygon","coordinates":[[[-97.7509535,30.2746089],[-97.7508045,30.2749762],[-97.7508695,30.2749976],[-97.7509125,30.2749604],[-97.7510845,30.2745867],[-97.7511329,30.2746031],[-97.7509569,30.2749856],[-97.7508986,30.275036],[-97.7507554,30.2753915],[-97.7505675,30.2754871],[-97.7505405,30.2754487],[-97.7507126,30.2753611],[-97.7508431,30.275037],[-97.750698,30.2749879],[-97.7498927,30.2747525],[-97.74959,30.274682],[-97.7495575,30.2746791],[-97.7495528,30.2746809],[-97.7495434,30.2746975],[-97.7494886,30.2748683],[-97.7494086,30.2750829],[-97.7490188,30.2761965],[-97.748969,30.2761835],[-97.7493589,30.2750697],[-97.7493838,30.2750762],[-97.749359,30.2750693],[-97.7494388,30.2748555],[-97.7494946,30.2746815],[-97.7495144,30.2746465],[-97.7495491,30.2746331],[-97.7495996,30.2746378],[-97.7499077,30.2747095],[-97.7507162,30.2749457],[-97.7507561,30.2749597],[-97.7509051,30.2745925],[-97.7509349,30.2745333],[-97.7509825,30.2745513],[-97.7509535,30.2746089]]]},"properties":{"k":"patharea","u":"service","s":"asphalt"}},{"type":"Feature","geometry":{"type":"Polygon","coordinates":[[[-97.7519162,30.2748773],[-97.7518872,30.2749432],[-97.751903,30.2750043],[-97.7518522,30.2750141],[-97.751833,30.2749398],[-97.7518676,30.2748613],[-97.7519162,30.2748773]]]},"properties":{"k":"patharea","u":"service","s":"asphalt"}},{"type":"Feature","geometry":{"type":"Polygon","coordinates":[[[-97.7492912,30.2749981],[-97.7492746,30.2750419],[-97.7492252,30.2750279],[-97.7492911,30.2748535],[-97.7493405,30.2748675],[-97.7492912,30.2749981]]]},"properties":{"k":"patharea","u":"service","s":"asphalt"}},{"type":"Feature","geometry":{"type":"Polygon","coordinates":[[[-97.7483599,30.2748734],[-97.7483962,30.2747777],[-97.7484456,30.2747917],[-97.7484053,30.2748979],[-97.7483576,30.2750519],[-97.7485373,30.2751856],[-97.7484147,30.2755514],[-97.7483647,30.275539],[-97.7484781,30.2752008],[-97.748299,30.2750675],[-97.7483599,30.2748734]]]},"properties":{"k":"patharea","u":"service","s":"asphalt"}},{"type":"Feature","geometry":{"type":"Polygon","coordinates":[[[-97.7473558,30.275135],[-97.7472735,30.2751122],[-97.7472441,30.2751448],[-97.7471587,30.2751684],[-97.7469975,30.2755966],[-97.7469481,30.2755828],[-97.7471175,30.2751326],[-97.7472129,30.2751062],[-97.7472208,30.2750976],[-97.7464896,30.2748953],[-97.7464377,30.2748785],[-97.7458744,30.274721],[-97.7456881,30.2751823],[-97.7456618,30.2752251],[-97.7456158,30.2752041],[-97.7456403,30.2751643],[-97.745825,30.274707],[-97.7457025,30.2746723],[-97.7456443,30.2748386],[-97.7455945,30.2748256],[-97.7456531,30.2746583],[-97.7452193,30.2745355],[-97.7450662,30.2749168],[-97.7450215,30.2749221],[-97.7448729,30.2748753],[-97.7448505,30.2748494],[-97.7449973,30.2744727],[-97.7433726,30.2740134],[-97.7432583,30.2739826],[-97.7432737,30.2739398],[-97.7433884,30.2739706],[-97.7444804,30.2742793],[-97.744538,30.2741222],[-97.7449384,30.2742294],[-97.744923,30.2742724],[-97.744572,30.2741784],[-97.7445298,30.2742933],[-97.7459118,30.2746843],[-97.7460737,30.2742306],[-97.7461166,30.2741326],[-97.7461652,30.2741484],[-97.7461229,30.2742452],[-97.7459613,30.2746982],[-97.7464549,30.2748361],[-97.7465066,30.2748529],[-97.7475854,30.2751513],[-97.7475696,30.2751941],[-97.7474053,30.2751487],[-97.7473242,30.2753607],[-97.7472748,30.2753467],[-97.7473558,30.275135]],[[-97.7450271,30.2748761],[-97.7451699,30.2745215],[-97.7450467,30.2744867],[-97.7449094,30.274839],[-97.7450271,30.2748761]]]},"properties":{"k":"patharea","u":"service","s":"asphalt"}},{"type":"Feature","geometry":{"type":"Polygon","coordinates":[[[-97.751947,30.2754552],[-97.751516,30.2753068],[-97.7515719,30.2751363],[-97.7516219,30.2751485],[-97.7515788,30.27528],[-97.7520739,30.2754505],[-97.7520547,30.2754923],[-97.751947,30.2754552]]]},"properties":{"k":"patharea","u":"service","s":"asphalt"}},{"type":"Feature","geometry":{"type":"Polygon","coordinates":[[[-97.7465621,30.2754252],[-97.7465471,30.2754697],[-97.7464971,30.2754571],[-97.7465983,30.2751783],[-97.7466479,30.2751919],[-97.7465621,30.2754252]]]},"properties":{"k":"patharea","u":"service","s":"asphalt"}},{"type":"Feature","geometry":{"type":"Polygon","coordinates":[[[-97.7514181,30.2756772],[-97.7513832,30.2757515],[-97.7516472,30.2758349],[-97.7518468,30.2759291],[-97.7518218,30.2759685],[-97.7516256,30.2758759],[-97.7512544,30.2757586],[-97.7511747,30.2758977],[-97.7510767,30.2760061],[-97.7509334,30.2761214],[-97.750898,30.2760886],[-97.7510383,30.2759757],[-97.7511305,30.2758737],[-97.7512181,30.2757206],[-97.7512414,30.2757306],[-97.7512503,30.2757095],[-97.7513343,30.2757361],[-97.751468,30.2754519],[-97.7515608,30.2754169],[-97.7517069,30.275426],[-97.7518323,30.2754675],[-97.7518137,30.2755095],[-97.7516955,30.2754704],[-97.7515698,30.2754625],[-97.7515082,30.2754857],[-97.7514181,30.2756772]]]},"properties":{"k":"patharea","u":"service","s":"asphalt"}},{"type":"Feature","geometry":{"type":"Polygon","coordinates":[[[-97.7504903,30.2754174],[-97.7504143,30.2754826],[-97.7503156,30.275548],[-97.7500536,30.2757002],[-97.7498853,30.2758055],[-97.7498547,30.2757691],[-97.7500238,30.2756634],[-97.7502852,30.2755116],[-97.7503801,30.2754488],[-97.7504537,30.2753856],[-97.7504903,30.2754174]]]},"properties":{"k":"patharea","u":"service","s":"asphalt"}},{"type":"Feature","geometry":{"type":"Polygon","coordinates":[[[-97.7466101,30.2756729],[-97.7465775,30.2757517],[-97.7465285,30.2757365],[-97.7465863,30.2755968],[-97.7466353,30.275612],[-97.7466101,30.2756729]]]},"properties":{"k":"patharea","u":"service","s":"asphalt"}},{"type":"Feature","geometry":{"type":"Polygon","coordinates":[[[-97.7493209,30.2761826],[-97.7492871,30.276267],[-97.7492379,30.2762524],[-97.7492715,30.2761686],[-97.7493196,30.2760335],[-97.7493694,30.2760467],[-97.7493209,30.2761826]]]},"properties":{"k":"patharea","u":"service","s":"asphalt"}},{"type":"Feature","geometry":{"type":"Polygon","coordinates":[[[-97.7469506,30.2761194],[-97.7468862,30.2762828],[-97.7471349,30.2763561],[-97.7471179,30.2763985],[-97.7460369,30.2760819],[-97.7449646,30.275793],[-97.7439985,30.2755293],[-97.7437853,30.2754704],[-97.7428123,30.2751927],[-97.7428281,30.2751499],[-97.7438013,30.2754276],[-97.7439048,30.2754556],[-97.743897,30.275477],[-97.7439051,30.2754557],[-97.7440839,30.2755054],[-97.7441458,30.2753276],[-97.7443,30.2753704],[-97.744239,30.2755478],[-97.7455202,30.2758954],[-97.7455927,30.2757138],[-97.7461229,30.2758623],[-97.7461069,30.2759051],[-97.7456253,30.2757702],[-97.7455698,30.2759088],[-97.7460529,30.2760391],[-97.7463623,30.2761295],[-97.7464202,30.2759699],[-97.7465276,30.2760007],[-97.7465112,30.2760433],[-97.746454,30.2760269],[-97.7464115,30.2761439],[-97.7468369,30.2762684],[-97.7468844,30.2761478],[-97.7467145,30.2760994],[-97.7467307,30.2760568],[-97.7469506,30.2761194]],[[-97.7441894,30.2755343],[-97.7442356,30.2753998],[-97.7441804,30.2753844],[-97.7441335,30.275519],[-97.7441894,30.2755343]]]},"properties":{"k":"patharea","u":"service","s":"asphalt"}},{"type":"Feature","geometry":{"type":"Polygon","coordinates":[[[-97.7448713,30.2721848],[-97.7450848,30.2722408],[-97.7450698,30.2722838],[-97.744881,30.2722343],[-97.7447485,30.272608],[-97.7446987,30.2725948],[-97.7448312,30.2722212],[-97.7446733,30.2721797],[-97.7445364,30.2725435],[-97.744487,30.2725297],[-97.7446236,30.2721666],[-97.7444594,30.2721235],[-97.744334,30.2724709],[-97.7442844,30.2724575],[-97.7443797,30.2721936],[-97.744107,30.272119],[-97.7441226,30.2720762],[-97.7443951,30.2721507],[-97.7444097,30.2721104],[-97.7430232,30.271741],[-97.7429062,30.2717067],[-97.742923,30.2716641],[-97.7431235,30.2717207],[-97.7432483,30.271391],[-97.7435251,30.2714691],[-97.7434018,30.2717949],[-97.7441255,30.2719888],[-97.7448713,30.2721848]],[[-97.7431732,30.271734],[-97.7433521,30.2717816],[-97.7434595,30.2714979],[-97.7432815,30.2714476],[-97.7431732,30.271734]]]},"properties":{"k":"patharea","u":"service","s":"asphalt"}},{"type":"Feature","geometry":{"type":"Polygon","coordinates":[[[-97.7445895,30.2717503],[-97.7446312,30.2716641],[-97.7446792,30.2716813],[-97.7446381,30.2717665],[-97.7445325,30.2720252],[-97.7444835,30.2720102],[-97.7445895,30.2717503]]]},"properties":{"k":"patharea","u":"service","s":"asphalt"}},{"type":"Feature","geometry":{"type":"Polygon","coordinates":[[[-97.7439284,30.2718739],[-97.7440424,30.2719025],[-97.744028,30.2719457],[-97.7438935,30.271912],[-97.7439081,30.2718688],[-97.7439284,30.2718739]]]},"properties":{"k":"patharea","u":"service","s":"asphalt"}},{"type":"Feature","geometry":{"type":"Polygon","coordinates":[[[-97.7443844,30.2726146],[-97.744434,30.2726282],[-97.7442716,30.2730725],[-97.7447263,30.2732004],[-97.7447103,30.2732432],[-97.7445527,30.2731988],[-97.744439,30.2735051],[-97.744193,30.2734388],[-97.7441454,30.273584],[-97.7440954,30.2735718],[-97.7441576,30.2733822],[-97.7444052,30.2734489],[-97.7444519,30.2733233],[-97.7443007,30.2732818],[-97.7443165,30.273239],[-97.7444678,30.2732805],[-97.7445032,30.2731849],[-97.743643,30.2729427],[-97.7436592,30.2729001],[-97.7442221,30.2730586],[-97.7442554,30.2729676],[-97.7436973,30.2728029],[-97.7437141,30.2727603],[-97.744271,30.2729247],[-97.7443125,30.2728114],[-97.7437579,30.2726476],[-97.7437747,30.272605],[-97.7443281,30.2727685],[-97.7443844,30.2726146]]]},"properties":{"k":"patharea","u":"service","s":"asphalt"}},{"type":"Feature","geometry":{"type":"Polygon","coordinates":[[[-97.7462202,30.2727541],[-97.7462303,30.2727571],[-97.7462133,30.2727995],[-97.7460968,30.2727645],[-97.746114,30.2727221],[-97.7462202,30.2727541]]]},"properties":{"k":"patharea","u":"service","s":"asphalt"}},{"type":"Feature","geometry":{"type":"Polygon","coordinates":[[[-97.7434144,30.2729062],[-97.7434016,30.2729429],[-97.7436203,30.2730023],[-97.7436051,30.2730453],[-97.7433862,30.2729858],[-97.7433065,30.2731997],[-97.7432569,30.2731859],[-97.7433646,30.2728932],[-97.7433895,30.2728996],[-97.7433647,30.2728928],[-97.7433847,30.272838],[-97.7434095,30.2728448],[-97.7433853,30.2728365],[-97.7433952,30.2728151],[-97.7434199,30.2727932],[-97.7434533,30.2727791],[-97.743486,30.2727764],[-97.7435239,30.2727801],[-97.7436887,30.272823],[-97.7436735,30.272866],[-97.7435135,30.2728243],[-97.7434856,30.2728216],[-97.7434677,30.2728231],[-97.7434509,30.2728302],[-97.7434396,30.2728401],[-97.7434144,30.2729062]]]},"properties":{"k":"patharea","u":"service","s":"asphalt"}},{"type":"Feature","geometry":{"type":"Polygon","coordinates":[[[-97.7461921,30.2728317],[-97.7462019,30.2728348],[-97.7461841,30.272877],[-97.7460674,30.2728405],[-97.746085,30.2727983],[-97.7461921,30.2728317]]]},"properties":{"k":"patharea","u":"service","s":"asphalt"}},{"type":"Feature","geometry":{"type":"Polygon","coordinates":[[[-97.7434249,30.2738532],[-97.7435293,30.2738815],[-97.7436576,30.273542],[-97.7436947,30.2734581],[-97.7437433,30.2734741],[-97.7437066,30.273557],[-97.7435787,30.2738954],[-97.7437495,30.2739451],[-97.7437329,30.2739877],[-97.743538,30.273931],[-97.743193,30.2738395],[-97.7426645,30.2736926],[-97.7426805,30.2736498],[-97.7432084,30.2737967],[-97.7433162,30.2738247],[-97.7433087,30.2738462],[-97.7433163,30.2738247],[-97.7434249,30.2738532]]]},"properties":{"k":"patharea","u":"service","s":"asphalt"}},{"type":"Feature","geometry":{"type":"Polygon","coordinates":[[[-97.7433702,30.274072],[-97.7433532,30.2741144],[-97.7432234,30.2740753],[-97.743215,30.2740966],[-97.7430986,30.2740623],[-97.7431154,30.2740199],[-97.7432314,30.274054],[-97.74324,30.2740327],[-97.7433702,30.274072]]]},"properties":{"k":"patharea","u":"service","s":"asphalt"}},{"type":"Feature","geometry":{"type":"Polygon","coordinates":[[[-97.7430918,30.2741096],[-97.7430818,30.2741066],[-97.7430988,30.2740642],[-97.7432152,30.2740987],[-97.7431984,30.2741411],[-97.7430918,30.2741096]]]},"properties":{"k":"patharea","u":"service","s":"asphalt"}},{"type":"Feature","geometry":{"type":"Polygon","coordinates":[[[-97.7432603,30.2747241],[-97.7432152,30.2748471],[-97.7436008,30.2749565],[-97.7436054,30.2749503],[-97.7436357,30.2748494],[-97.743662,30.2747761],[-97.7437116,30.2747893],[-97.7436857,30.2748616],[-97.7436536,30.2749687],[-97.7436352,30.2749931],[-97.7436046,30.2750048],[-97.7431989,30.2748898],[-97.743087,30.2751743],[-97.7430378,30.2751599],[-97.7431579,30.2748545],[-97.7432309,30.2746555],[-97.7432805,30.2746691],[-97.7432603,30.2747241]]]},"properties":{"k":"patharea","u":"service","s":"asphalt"}},{"type":"Feature","geometry":{"type":"Polygon","coordinates":[[[-97.7432063,30.2759627],[-97.7431815,30.2759558],[-97.7432111,30.2758762],[-97.7432607,30.27589],[-97.7430977,30.2763343],[-97.7431921,30.276361],[-97.7433266,30.2759974],[-97.7433514,30.2760042],[-97.743327,30.2759964],[-97.743361,30.2759175],[-97.7434098,30.2759331],[-97.743376,30.2760115],[-97.7432415,30.276375],[-97.7435349,30.2764582],[-97.7435187,30.2765008],[-97.7425561,30.276228],[-97.7423554,30.2761746],[-97.7418557,30.2760321],[-97.7420322,30.2755494],[-97.742082,30.2755624],[-97.7419206,30.2760039],[-97.742371,30.2761318],[-97.7425721,30.2761852],[-97.7430483,30.2763203],[-97.7431815,30.2759559],[-97.7432063,30.2759627]]]},"properties":{"k":"patharea","u":"service","s":"asphalt"}},{"type":"Feature","geometry":{"type":"Polygon","coordinates":[[[-97.7435528,30.2759717],[-97.7435225,30.2760529],[-97.7434729,30.2760391],[-97.7435032,30.2759579],[-97.7435528,30.2759717]]]},"properties":{"k":"patharea","u":"service","s":"asphalt"}},{"type":"Feature","geometry":{"type":"Polygon","coordinates":[[[-97.738507,30.2714569],[-97.7386044,30.2711853],[-97.7387841,30.2712337],[-97.7387047,30.2714627],[-97.7388606,30.2715043],[-97.7390532,30.2714979],[-97.739134,30.2714531],[-97.7392183,30.2713796],[-97.7393311,30.2712115],[-97.7393761,30.2712341],[-97.7392616,30.2714046],[-97.7392391,30.2713933],[-97.7392576,30.2714091],[-97.739169,30.2714865],[-97.7391505,30.2714707],[-97.7391645,30.2714896],[-97.7390694,30.2715423],[-97.7388582,30.2715493],[-97.7388572,30.2715269],[-97.7388495,30.2715484],[-97.7385567,30.2714702],[-97.7385514,30.2714852],[-97.7388433,30.2715633],[-97.7388356,30.2715847],[-97.7388433,30.2715633],[-97.739944,30.2718596],[-97.7399363,30.2718811],[-97.7399446,30.2718598],[-97.7412706,30.2722357],[-97.7412544,30.2722783],[-97.7409996,30.2722064],[-97.7408232,30.2726597],[-97.7408641,30.2726713],[-97.7408104,30.2728134],[-97.7407764,30.2728958],[-97.7407262,30.272979],[-97.740606,30.2731196],[-97.7405654,30.2731826],[-97.7404847,30.2733455],[-97.7404204,30.273507],[-97.7403679,30.2736856],[-97.7403518,30.273865],[-97.7403362,30.2739854],[-97.7403082,30.2740413],[-97.7403034,30.2740467],[-97.7403664,30.2740931],[-97.7404058,30.2741116],[-97.7404496,30.2741282],[-97.7405378,30.274157],[-97.7405952,30.2741719],[-97.740652,30.2741828],[-97.7407423,30.2741944],[-97.740807,30.2741897],[-97.7408045,30.2741656],[-97.7408278,30.2740884],[-97.7409483,30.2739381],[-97.7410203,30.2738066],[-97.7410695,30.2736705],[-97.7411237,30.2734612],[-97.7411426,30.2733772],[-97.7411516,30.2732922],[-97.7411616,30.2731314],[-97.7411887,30.2730014],[-97.7412141,30.2729283],[-97.7412577,30.2727821],[-97.7413081,30.2727935],[-97.7412643,30.2729399],[-97.7412393,30.2730118],[-97.7412134,30.2731366],[-97.7412034,30.2732954],[-97.7411942,30.2733836],[-97.7411747,30.2734704],[-97.7411197,30.2736821],[-97.7410689,30.273823],[-97.7409935,30.2739607],[-97.7408758,30.2741074],[-97.7408571,30.2741694],[-97.740861,30.274207],[-97.7408351,30.274209],[-97.740861,30.2742071],[-97.7408633,30.2742304],[-97.7409087,30.2743013],[-97.7409774,30.2743632],[-97.7410622,30.2744009],[-97.7412594,30.2744527],[-97.7413518,30.2744876],[-97.7413974,30.2745269],[-97.7416554,30.2743297],[-97.74175,30.2742785],[-97.7418443,30.2742445],[-97.7419575,30.2742307],[-97.7420676,30.2742407],[-97.7421536,30.2742569],[-97.7424225,30.2743361],[-97.7424057,30.2743787],[-97.7421396,30.2743003],[-97.7420592,30.2742851],[-97.7419585,30.2742759],[-97.7418581,30.2742881],[-97.741774,30.2743185],[-97.7416866,30.2743659],[-97.7414283,30.2745634],[-97.7414634,30.2746276],[-97.7414899,30.2747056],[-97.7414925,30.2747892],[-97.7414644,30.2749025],[-97.7413978,30.2750594],[-97.7413366,30.2751469],[-97.741255,30.2752185],[-97.7411809,30.2752574],[-97.7410978,30.2752776],[-97.7410022,30.2752678],[-97.7407046,30.2751917],[-97.7406392,30.2751942],[-97.740576,30.2752133],[-97.7404977,30.2752611],[-97.7402752,30.2754531],[-97.7402588,30.2754856],[-97.7399672,30.2762714],[-97.7399394,30.2763139],[-97.7398986,30.2763454],[-97.7398443,30.2763802],[-97.7398059,30.2764131],[-97.7397721,30.2764618],[-97.7397384,30.2765272],[-97.7396956,30.2766446],[-97.7396319,30.276692],[-97.7396149,30.276675],[-97.7395906,30.276683],[-97.7395578,30.2766093],[-97.7396108,30.2764317],[-97.7396119,30.2764199],[-97.7396108,30.2763588],[-97.7396016,30.2763149],[-97.7395722,30.2762096],[-97.7395815,30.2761583],[-97.7396959,30.2758406],[-97.7398692,30.2753931],[-97.7398809,30.2753432],[-97.7398605,30.2751954],[-97.7398245,30.2750871],[-97.7397904,30.2749969],[-97.7397704,30.2749608],[-97.7397427,30.2749304],[-97.7397085,30.2749085],[-97.7396696,30.2748922],[-97.7394062,30.2748179],[-97.73933,30.2747614],[-97.7392845,30.2746941],[-97.7392598,30.2746346],[-97.739254,30.2745428],[-97.739268,30.2744467],[-97.7392924,30.2743814],[-97.7393561,30.2742184],[-97.7394185,30.2741497],[-97.7394828,30.2741031],[-97.7395195,30.2740886],[-97.7394365,30.273985],[-97.739411,30.2739441],[-97.7393553,30.2737856],[-97.7393305,30.2737412],[-97.7392598,30.2736498],[-97.7391782,30.2735631],[-97.7391065,30.2735011],[-97.7390453,30.2734712],[-97.7390709,30.2734322],[-97.7391383,30.2734651],[-97.7392168,30.2735329],[-97.7393016,30.2736232],[-97.7393757,30.2737188],[-97.7394039,30.2737692],[-97.7394592,30.2739267],[-97.7394809,30.2739614],[-97.7395712,30.2740741],[-97.739655,30.2740661],[-97.7399197,30.2741249],[-97.7399929,30.2741331],[-97.7400917,30.2741198],[-97.7401687,30.2740949],[-97.7402282,30.2740573],[-97.740263,30.2740183],[-97.7402854,30.2739738],[-97.7403,30.2738608],[-97.7403165,30.2736782],[-97.7403772,30.2734762],[-97.7404361,30.2733293],[-97.7405186,30.2731628],[-97.7405622,30.2730952],[-97.740682,30.2729552],[-97.7407286,30.2728778],[-97.740761,30.2727994],[-97.7408146,30.2726576],[-97.7407737,30.2726457],[-97.7409502,30.2721924],[-97.740824,30.2721568],[-97.7406539,30.2726128],[-97.7406045,30.272599],[-97.7407745,30.2721429],[-97.7406573,30.2721098],[-97.7404868,30.2725664],[-97.7404374,30.2725526],[-97.7406079,30.2720959],[-97.7399283,30.2719025],[-97.7394159,30.2717647],[-97.7392462,30.2722207],[-97.7391966,30.2722069],[-97.7393662,30.2717513],[-97.7378736,30.2713509],[-97.7377762,30.2713279],[-97.7377831,30.2713062],[-97.7377753,30.2713276],[-97.7376677,30.2712986],[-97.7375512,30.2712775],[-97.7373938,30.2717035],[-97.7373442,30.2716897],[-97.7375,30.2712683],[-97.737336,30.2712386],[-97.7372942,30.2712244],[-97.7370529,30.2711658],[-97.7370291,30.2711815],[-97.7369273,30.2714567],[-97.7368789,30.2715612],[-97.7368307,30.2715446],[-97.7368783,30.2714415],[-97.7368983,30.2713873],[-97.736293,30.2712182],[-97.7362692,30.2712797],[-97.7362261,30.2713783],[-97.7361775,30.2713625],[-97.7362202,30.2712647],[-97.7363326,30.2709743],[-97.7363135,30.2709388],[-97.7360355,30.270865],[-97.7359653,30.2710705],[-97.7359143,30.2710921],[-97.7357813,30.271063],[-97.7357431,30.2710351],[-97.735841,30.2707673],[-97.7363509,30.2709018],[-97.7363795,30.2709548],[-97.7370022,30.2711427],[-97.7370421,30.2711164],[-97.7373108,30.2711818],[-97.737351,30.2711954],[-97.7376809,30.271255],[-97.7377904,30.2712846],[-97.7378882,30.2713077],[-97.7383271,30.2714252],[-97.7384994,30.270984],[-97.7385486,30.2709984],[-97.7383768,30.2714385],[-97.7385017,30.2714719],[-97.738507,30.2714569]],[[-97.7387195,30.2712633],[-97.7386386,30.2712415],[-97.738572,30.2714273],[-97.738655,30.2714494],[-97.7387195,30.2712633]],[[-97.7408665,30.2743281],[-97.7408123,30.2742438],[-97.7408115,30.2742346],[-97.7407399,30.2742396],[-97.7406424,30.274227],[-97.740582,30.2742153],[-97.7405212,30.2741996],[-97.74043,30.2741698],[-97.7403828,30.274152],[-97.7403368,30.2741303],[-97.7402715,30.2740823],[-97.7402648,30.2740897],[-97.7401937,30.2741349],[-97.7401049,30.2741634],[-97.7399935,30.2741785],[-97.7399099,30.2741691],[-97.7396512,30.2741117],[-97.7395656,30.2741198],[-97.7395108,30.2741415],[-97.7394561,30.2741811],[-97.7394025,30.27424],[-97.739319,30.2744565],[-97.7393062,30.2745444],[-97.7393114,30.2746256],[-97.7393319,30.2746751],[-97.7393706,30.2747322],[-97.7394322,30.2747781],[-97.739689,30.2748504],[-97.7397355,30.2748699],[-97.7397793,30.274898],[-97.7398148,30.274937],[-97.7398388,30.2749801],[-97.7398743,30.2750739],[-97.7399117,30.2751864],[-97.739931,30.2753271],[-97.7402462,30.2754146],[-97.7404641,30.2752267],[-97.740552,30.2751729],[-97.7406292,30.2751496],[-97.740711,30.2751465],[-97.7410128,30.2752236],[-97.7410936,30.275232],[-97.7411599,30.2752158],[-97.7412224,30.2751831],[-97.7412952,30.2751191],[-97.7413508,30.2750398],[-97.7414142,30.2748901],[-97.7414403,30.274785],[-97.7414381,30.2747126],[-97.7414146,30.2746436],[-97.7413751,30.2745712],[-97.741322,30.2745254],[-97.7412414,30.2744949],[-97.7410426,30.2744427],[-97.7409458,30.2743996],[-97.7408665,30.2743281]],[[-97.7396361,30.2762476],[-97.7396524,30.2763055],[-97.7396628,30.2763544],[-97.7396639,30.2764213],[-97.7396622,30.2764397],[-97.7396122,30.2766061],[-97.7396259,30.2766372],[-97.7396504,30.276619],[-97.7396896,30.2765116],[-97.7397265,30.2764402],[-97.7397647,30.2763851],[-97.7398103,30.276346],[-97.7398658,30.2763106],[-97.7398984,30.2762853],[-97.7399192,30.2762534],[-97.74021,30.2754698],[-97.740218,30.275454],[-97.7399269,30.2753731],[-97.7399196,30.2754047],[-97.7397453,30.2758544],[-97.7396323,30.2761685],[-97.7396252,30.2762078],[-97.7396361,30.2762476]],[[-97.7369142,30.2713445],[-97.7369743,30.2711819],[-97.7363768,30.2710016],[-97.7363095,30.2711756],[-97.7369142,30.2713445]],[[-97.7358057,30.271022],[-97.7359085,30.2710445],[-97.7359219,30.2710389],[-97.7359857,30.2708519],[-97.7358752,30.2708231],[-97.7358031,30.2710201],[-97.7358057,30.271022]]]},"properties":{"k":"patharea","u":"service","s":"asphalt"}},{"type":"Feature","geometry":{"type":"Polygon","coordinates":[[[-97.7418626,30.2720048],[-97.7418929,30.2719231],[-97.7419425,30.2719369],[-97.7418742,30.2721209],[-97.7418246,30.2721073],[-97.7418626,30.2720048]]]},"properties":{"k":"patharea","u":"service","s":"asphalt"}},{"type":"Feature","geometry":{"type":"Polygon","coordinates":[[[-97.7422739,30.27275],[-97.7422258,30.2727915],[-97.7421683,30.2728096],[-97.7421102,30.2728073],[-97.7418942,30.2727486],[-97.7418293,30.2729394],[-97.7417795,30.2729264],[-97.7418448,30.2727344],[-97.7416216,30.2726666],[-97.7416789,30.27251],[-97.7417355,30.2724855],[-97.7422601,30.2726286],[-97.7423188,30.2724715],[-97.7419751,30.2723753],[-97.7420505,30.2721675],[-97.7420835,30.2720671],[-97.7421156,30.271982],[-97.742165,30.2719958],[-97.7421333,30.2720801],[-97.7421074,30.2721589],[-97.7424607,30.2722535],[-97.7424453,30.2722965],[-97.7420925,30.272202],[-97.7420401,30.2723463],[-97.7423842,30.2724425],[-97.7423018,30.2726632],[-97.7422739,30.27275]],[[-97.7417219,30.2725416],[-97.7416864,30.2726386],[-97.7418846,30.2726989],[-97.7421194,30.2727627],[-97.7421603,30.2727644],[-97.7421972,30.2727527],[-97.7422275,30.2727266],[-97.7422451,30.2726716],[-97.7417399,30.2725339],[-97.7417219,30.2725416]]]},"properties":{"k":"patharea","u":"service","s":"asphalt"}},{"type":"Feature","geometry":{"type":"Polygon","coordinates":[[[-97.7423586,30.2730902],[-97.7426783,30.2722475],[-97.7427151,30.2721442],[-97.7427649,30.2721574],[-97.7427277,30.2722615],[-97.742408,30.2731042],[-97.7423586,30.2730902]]]},"properties":{"k":"patharea","u":"service","s":"asphalt"}},{"type":"Feature","geometry":{"type":"Polygon","coordinates":[[[-97.7433098,30.273519],[-97.7434187,30.2735475],[-97.7434035,30.2735905],[-97.7432942,30.2735618],[-97.7428009,30.2734223],[-97.7428171,30.2733797],[-97.7433098,30.273519]]]},"properties":{"k":"patharea","u":"service","s":"asphalt"}},{"type":"Feature","geometry":{"type":"Polygon","coordinates":[[[-97.7428082,30.2735666],[-97.74275,30.2735491],[-97.7427672,30.2735067],[-97.7433672,30.273688],[-97.7433496,30.2737302],[-97.7428082,30.2735666]]]},"properties":{"k":"patharea","u":"service","s":"asphalt"}},{"type":"Feature","geometry":{"type":"Polygon","coordinates":[[[-97.7380484,30.2744184],[-97.737988,30.2745841],[-97.7381217,30.2746223],[-97.7381053,30.2746649],[-97.7379348,30.2746162],[-97.7378208,30.2749482],[-97.7381166,30.275023],[-97.7381749,30.2748542],[-97.7382247,30.274867],[-97.7381039,30.2752196],[-97.7380539,30.275207],[-97.7381018,30.2750661],[-97.7378703,30.2750069],[-97.7375825,30.2749372],[-97.7375965,30.274894],[-97.7377707,30.2749361],[-97.7379002,30.274559],[-97.7379386,30.27457],[-97.7379989,30.2744046],[-97.7380237,30.2744113],[-97.7379992,30.2744038],[-97.7380754,30.2742173],[-97.7381096,30.2741864],[-97.7381515,30.2740656],[-97.7382013,30.2740784],[-97.7381558,30.2742096],[-97.7381208,30.2742413],[-97.7380484,30.2744184]]]},"properties":{"k":"patharea","u":"service","s":"asphalt"}},{"type":"Feature","geometry":{"type":"Polygon","coordinates":[[[-97.7421656,30.2750065],[-97.7426319,30.27515],[-97.7424456,30.275664],[-97.7423962,30.27565],[-97.7425675,30.2751778],[-97.7421482,30.2750489],[-97.7421656,30.2750065]]]},"properties":{"k":"patharea","u":"service","s":"asphalt"}},{"type":"Feature","geometry":{"type":"Polygon","coordinates":[[[-97.7415284,30.2754825],[-97.7411419,30.2754454],[-97.7411477,30.2754008],[-97.7415354,30.2754379],[-97.7416555,30.2754546],[-97.7417587,30.275476],[-97.7418342,30.2754961],[-97.7419668,30.2755078],[-97.7419616,30.2755524],[-97.7418238,30.2755403],[-97.7417449,30.2755194],[-97.7416453,30.2754986],[-97.7415284,30.2754825]]]},"properties":{"k":"patharea","u":"service","s":"asphalt"}},{"type":"Feature","geometry":{"type":"Polygon","coordinates":[[[-97.7385677,30.2757789],[-97.7385742,30.2757808],[-97.7385572,30.2758232],[-97.7384889,30.275803],[-97.7384474,30.2759143],[-97.7385323,30.2759414],[-97.7385485,30.2758947],[-97.7385983,30.2759075],[-97.7384962,30.2761871],[-97.7383605,30.2761523],[-97.7382543,30.2764434],[-97.7382279,30.2765002],[-97.7381797,30.2764836],[-97.7382053,30.2764282],[-97.7384033,30.2758856],[-97.7385171,30.2755816],[-97.7385418,30.2755885],[-97.7385493,30.275567],[-97.7386267,30.2755871],[-97.738967,30.2756836],[-97.7389508,30.2757262],[-97.7385587,30.2756163],[-97.7385049,30.2757602],[-97.7385677,30.2757789]],[[-97.7385169,30.2759843],[-97.7384317,30.2759572],[-97.7383761,30.2761095],[-97.7384622,30.2761315],[-97.7385169,30.2759843]]]},"properties":{"k":"patharea","u":"service","s":"asphalt"}},{"type":"Feature","geometry":{"type":"Polygon","coordinates":[[[-97.7380347,30.275814],[-97.7375923,30.2756884],[-97.7374448,30.2760863],[-97.7380088,30.2762445],[-97.7379928,30.2762873],[-97.7373794,30.2761153],[-97.7375508,30.2756531],[-97.7375756,30.2756599],[-97.7375509,30.2756528],[-97.7376007,30.2755247],[-97.7376254,30.2755318],[-97.7376337,30.2755105],[-97.7383101,30.2757067],[-97.7383018,30.275728],[-97.7383265,30.2757351],[-97.7382886,30.2758334],[-97.738338,30.2758466],[-97.7383226,30.2758896],[-97.7381129,30.2758363],[-97.7380347,30.275814]],[[-97.7376086,30.2756457],[-97.7381281,30.2757933],[-97.7382388,30.2758206],[-97.738269,30.2757422],[-97.7376418,30.2755602],[-97.7376086,30.2756457]]]},"properties":{"k":"patharea","u":"service","s":"asphalt"}},{"type":"Feature","geometry":{"type":"Polygon","coordinates":[[[-97.7390807,30.2759271],[-97.7390645,30.2759697],[-97.7386543,30.2758539],[-97.7386705,30.2758113],[-97.7390807,30.2759271]]]},"properties":{"k":"patharea","u":"service","s":"asphalt"}},{"type":"Feature","geometry":{"type":"Polygon","coordinates":[[[-97.7347535,30.2710524],[-97.734746,30.2710709],[-97.734697,30.2710561],[-97.7347348,30.2709631],[-97.7347838,30.2709779],[-97.7347535,30.2710524]]]},"properties":{"k":"patharea","u":"service","s":"asphalt"}},{"type":"Feature","geometry":{"type":"Polygon","coordinates":[[[-97.7362913,30.2719323],[-97.7360283,30.271859],[-97.7360443,30.2718162],[-97.7362587,30.2718761],[-97.7364337,30.2714349],[-97.7364829,30.2714493],[-97.7362913,30.2719323]]]},"properties":{"k":"patharea","u":"service","s":"asphalt"}},{"type":"Feature","geometry":{"type":"Polygon","coordinates":[[[-97.736562,30.2715532],[-97.73659,30.2714789],[-97.7366394,30.2714927],[-97.7364467,30.2720031],[-97.7363973,30.2719891],[-97.736562,30.2715532]]]},"properties":{"k":"patharea","u":"service","s":"asphalt"}},{"type":"Feature","geometry":{"type":"Polygon","coordinates":[[[-97.7351007,30.2718107],[-97.7349469,30.2717684],[-97.7349627,30.2717256],[-97.7352074,30.2717928],[-97.7351916,30.2718356],[-97.7351007,30.2718107]]]},"properties":{"k":"patharea","u":"service","s":"asphalt"}},{"type":"Feature","geometry":{"type":"Polygon","coordinates":[[[-97.737094,30.2721146],[-97.7370954,30.272069],[-97.7372428,30.2716615],[-97.7372924,30.2716751],[-97.7371472,30.2720764],[-97.7371462,30.2721092],[-97.7371673,30.2721753],[-97.737184,30.2721956],[-97.7373507,30.2722409],[-97.7374252,30.272266],[-97.7374064,30.2723078],[-97.7373335,30.2722833],[-97.7371518,30.272234],[-97.7370124,30.2721828],[-97.7369795,30.2721569],[-97.7369614,30.2721199],[-97.7369672,30.2720718],[-97.736979,30.272031],[-97.737121,30.271628],[-97.737171,30.2716406],[-97.7370292,30.272043],[-97.7370186,30.2720796],[-97.7370146,30.2721131],[-97.7370229,30.2721303],[-97.7370414,30.2721448],[-97.737112,30.2721711],[-97.737094,30.2721146]]]},"properties":{"k":"patharea","u":"service","s":"asphalt"}},{"type":"Feature","geometry":{"type":"Polygon","coordinates":[[[-97.7353401,30.2721168],[-97.7354623,30.2721507],[-97.7354702,30.2721123],[-97.7354466,30.2720324],[-97.7353871,30.2719113],[-97.7354349,30.2718937],[-97.735496,30.272018],[-97.7355234,30.2721107],[-97.7355081,30.2721848],[-97.7354528,30.2723551],[-97.735403,30.2723421],[-97.7354511,30.2721947],[-97.7353243,30.2721596],[-97.7353401,30.2721168]]]},"properties":{"k":"patharea","u":"service","s":"asphalt"}},{"type":"Feature","geometry":{"type":"Polygon","coordinates":[[[-97.7358709,30.2721131],[-97.7358804,30.2720424],[-97.7359336,30.2720072],[-97.7366297,30.2722104],[-97.7366131,30.272253],[-97.7359432,30.2720574],[-97.7359296,30.2720664],[-97.7359233,30.2721127],[-97.7359378,30.2722049],[-97.7359469,30.2722094],[-97.7365654,30.2723849],[-97.7365492,30.2724275],[-97.7359259,30.2722506],[-97.7358898,30.2722331],[-97.7358709,30.2721131]]]},"properties":{"k":"patharea","u":"service","s":"asphalt"}},{"type":"Feature","geometry":{"type":"Polygon","coordinates":[[[-97.7343039,30.272235],[-97.7343219,30.2721855],[-97.7343715,30.2721989],[-97.7343269,30.2723216],[-97.7342773,30.2723082],[-97.7343039,30.272235]]]},"properties":{"k":"patharea","u":"service","s":"asphalt"}},{"type":"Feature","geometry":{"type":"Polygon","coordinates":[[[-97.7339105,30.2726481],[-97.733972,30.2724675],[-97.734022,30.2724799],[-97.73396,30.2726618],[-97.734805,30.2728963],[-97.7347892,30.2729391],[-97.7346759,30.2729078],[-97.7346461,30.2729968],[-97.7346211,30.2729906],[-97.7346137,30.2730121],[-97.7342565,30.2729203],[-97.7342639,30.2728988],[-97.7342561,30.2729202],[-97.7338868,30.2728223],[-97.7338722,30.2728594],[-97.733823,30.272845],[-97.733837,30.2728093],[-97.7336388,30.2727559],[-97.7336546,30.2727131],[-97.7341105,30.2728339],[-97.734103,30.2728554],[-97.7341108,30.272834],[-97.7346034,30.2729626],[-97.7346263,30.2728942],[-97.7336849,30.2726323],[-97.7336932,30.272611],[-97.7336849,30.2726323],[-97.73331,30.2725248],[-97.7333264,30.2724822],[-97.7337939,30.2726166],[-97.7339105,30.2726481]]]},"properties":{"k":"patharea","u":"service","s":"asphalt"}},{"type":"Feature","geometry":{"type":"Polygon","coordinates":[[[-97.7345546,30.2738365],[-97.7345858,30.2738449],[-97.7345702,30.2738877],[-97.734449,30.273855],[-97.7344644,30.2738122],[-97.7345546,30.2738365]]]},"properties":{"k":"patharea","u":"service","s":"asphalt"}},{"type":"Feature","geometry":{"type":"Polygon","coordinates":[[[-97.734506,30.2739629],[-97.734418,30.2739362],[-97.7344352,30.2738938],[-97.7345535,30.2739297],[-97.7345361,30.2739721],[-97.734506,30.2739629]]]},"properties":{"k":"patharea","u":"service","s":"asphalt"}},{"type":"Feature","geometry":{"type":"Polygon","coordinates":[[[-97.7378543,30.2739832],[-97.7376895,30.2739381],[-97.7377053,30.2738953],[-97.7379464,30.2739613],[-97.7379306,30.2740041],[-97.7378543,30.2739832]]]},"properties":{"k":"patharea","u":"service","s":"asphalt"}},{"type":"Feature","geometry":{"type":"Polygon","coordinates":[[[-97.7373228,30.2741516],[-97.7373005,30.2742095],[-97.7372511,30.2741953],[-97.737283,30.2741127],[-97.7373324,30.2741269],[-97.7373228,30.2741516]]]},"properties":{"k":"patharea","u":"service","s":"asphalt"}},{"type":"Feature","geometry":{"type":"Polygon","coordinates":[[[-97.7344273,30.274168],[-97.7344562,30.2741763],[-97.7344398,30.2742189],[-97.7343256,30.2741861],[-97.734342,30.2741435],[-97.7344273,30.274168]]]},"properties":{"k":"patharea","u":"service","s":"asphalt"}},{"type":"Feature","geometry":{"type":"Polygon","coordinates":[[[-97.734228,30.2746441],[-97.7341624,30.2746254],[-97.7341786,30.2745828],[-97.7342521,30.2746037],[-97.7342355,30.2746463],[-97.734228,30.2746441]]]},"properties":{"k":"patharea","u":"service","s":"asphalt"}},{"type":"Feature","geometry":{"type":"Polygon","coordinates":[[[-97.7366414,30.2746373],[-97.7371956,30.2747992],[-97.737404,30.2748559],[-97.7372665,30.2752324],[-97.7372169,30.2752188],[-97.7373388,30.2748853],[-97.7372045,30.2748487],[-97.737083,30.2751813],[-97.7370334,30.2751677],[-97.737155,30.2748347],[-97.736626,30.2746801],[-97.7365212,30.2746543],[-97.7365354,30.2746111],[-97.7366414,30.2746373]]]},"properties":{"k":"patharea","u":"service","s":"asphalt"}},{"type":"Feature","geometry":{"type":"Polygon","coordinates":[[[-97.7362394,30.2747943],[-97.7361236,30.2750949],[-97.7360796,30.275214],[-97.7360386,30.2751772],[-97.7360741,30.2750811],[-97.7360989,30.2750879],[-97.7360742,30.2750808],[-97.73619,30.2747801],[-97.7362394,30.2747943]]]},"properties":{"k":"patharea","u":"service","s":"asphalt"}},{"type":"Feature","geometry":{"type":"Polygon","coordinates":[[[-97.7350678,30.2751196],[-97.7349653,30.2753887],[-97.7349051,30.2755055],[-97.7348807,30.2755682],[-97.734856,30.2755611],[-97.7348804,30.2755689],[-97.7348403,30.2756629],[-97.7347915,30.2756473],[-97.7348565,30.2754891],[-97.7349167,30.2753725],[-97.7350099,30.2751279],[-97.7348089,30.2750796],[-97.7348229,30.2750364],[-97.7350259,30.2750852],[-97.735079,30.2749405],[-97.7351099,30.2747647],[-97.7351362,30.2747647],[-97.7351619,30.2747681],[-97.7351298,30.2749507],[-97.7350679,30.2751194],[-97.7350431,30.2751126],[-97.7350678,30.2751196]]]},"properties":{"k":"patharea","u":"service","s":"asphalt"}},{"type":"Feature","geometry":{"type":"Polygon","coordinates":[[[-97.7358009,30.2754125],[-97.7357902,30.2753729],[-97.7358531,30.2752133],[-97.7359023,30.2752277],[-97.7358442,30.2753751],[-97.7358489,30.2753923],[-97.7358626,30.2754069],[-97.7358856,30.2754163],[-97.7359137,30.2754206],[-97.7359902,30.2754269],[-97.7360391,30.2754355],[-97.7361209,30.2754622],[-97.7361494,30.2754757],[-97.7362185,30.2754981],[-97.7362003,30.2755401],[-97.7361276,30.2755167],[-97.7360991,30.275503],[-97.7360247,30.2754787],[-97.735983,30.2754715],[-97.7359063,30.275465],[-97.7358698,30.2754595],[-97.7358296,30.2754431],[-97.7358009,30.2754125]]]},"properties":{"k":"patharea","u":"service","s":"asphalt"}},{"type":"Feature","geometry":{"type":"Polygon","coordinates":[[[-97.7377386,30.2754319],[-97.7377635,30.2753707],[-97.7378125,30.2753855],[-97.7377709,30.2754886],[-97.7377217,30.2754738],[-97.7377386,30.2754319]]]},"properties":{"k":"patharea","u":"service","s":"asphalt"}},{"type":"Feature","geometry":{"type":"Polygon","coordinates":[[[-97.7363216,30.275455],[-97.7364378,30.2754897],[-97.7364208,30.2755321],[-97.736225,30.2754758],[-97.7362404,30.2754328],[-97.7363216,30.275455]]]},"properties":{"k":"patharea","u":"service","s":"asphalt"}},{"type":"Feature","geometry":{"type":"Polygon","coordinates":[[[-97.7379099,30.2755275],[-97.7379534,30.2754236],[-97.7380024,30.2754388],[-97.7379589,30.2755427],[-97.7379099,30.2755275]]]},"properties":{"k":"patharea","u":"service","s":"asphalt"}},{"type":"Feature","geometry":{"type":"Polygon","coordinates":[[[-97.7347146,30.2760051],[-97.7346676,30.2761182],[-97.7346186,30.276103],[-97.7347442,30.2757954],[-97.7347934,30.2758102],[-97.7347146,30.2760049],[-97.7346901,30.2759975],[-97.7347146,30.2760051]]]},"properties":{"k":"patharea","u":"service","s":"asphalt"}},{"type":"Feature","geometry":{"type":"Polygon","coordinates":[[[-97.7320441,30.2713111],[-97.7318501,30.2712603],[-97.7317453,30.2712363],[-97.7317587,30.2711929],[-97.7318418,30.2712119],[-97.7319029,30.2710827],[-97.7319511,30.2710997],[-97.7318921,30.2712244],[-97.7321323,30.2712879],[-97.7321167,30.2713307],[-97.7320441,30.2713111]]]},"properties":{"k":"patharea","u":"service","s":"asphalt"}},{"type":"Feature","geometry":{"type":"Polygon","coordinates":[[[-97.7330937,30.2710824],[-97.733196,30.2711091],[-97.7341562,30.2713848],[-97.7341398,30.2714274],[-97.7331802,30.2711519],[-97.7330787,30.2711254],[-97.7330937,30.2710824]]]},"properties":{"k":"patharea","u":"service","s":"asphalt"}},{"type":"Feature","geometry":{"type":"Polygon","coordinates":[[[-97.7332044,30.2714012],[-97.7332297,30.2714063],[-97.7332048,30.2713999],[-97.7332382,30.2713023],[-97.7332785,30.2712771],[-97.733314,30.2712679],[-97.7333568,30.2712674],[-97.7333904,30.2712709],[-97.7340349,30.2714427],[-97.7340273,30.2714642],[-97.7340357,30.2714429],[-97.734124,30.2714689],[-97.7341072,30.2715115],[-97.7339596,30.2714698],[-97.7339223,30.2715787],[-97.7338985,30.2715993],[-97.7338719,30.2716074],[-97.7338423,30.2716115],[-97.7333456,30.2714833],[-97.7334002,30.2713211],[-97.733379,30.2713149],[-97.733354,30.2713124],[-97.733322,30.2713127],[-97.7333019,30.2713179],[-97.733283,30.2713297],[-97.7332549,30.271412],[-97.733226,30.2715188],[-97.7331754,30.2715086],[-97.7332044,30.2714012]],[[-97.73341,30.271453],[-97.7338457,30.2715655],[-97.7338701,30.2715603],[-97.7338761,30.2715551],[-97.7339099,30.2714567],[-97.7334497,30.2713349],[-97.73341,30.271453]]]},"properties":{"k":"patharea","u":"service","s":"asphalt"}},{"type":"Feature","geometry":{"type":"Polygon","coordinates":[[[-97.7275679,30.2718138],[-97.7276358,30.2718034],[-97.7276448,30.2718476],[-97.7273471,30.2718932],[-97.7273381,30.271849],[-97.7275679,30.2718138]]]},"properties":{"k":"patharea","u":"service","s":"asphalt"}},{"type":"Feature","geometry":{"type":"Polygon","coordinates":[[[-97.7281366,30.2721459],[-97.7280901,30.2721534],[-97.7280805,30.2721092],[-97.729552,30.2718732],[-97.7295618,30.2719174],[-97.7281366,30.2721459]]]},"properties":{"k":"patharea","u":"service","s":"asphalt"}},{"type":"Feature","geometry":{"type":"Polygon","coordinates":[[[-97.7310326,30.2723],[-97.7311818,30.2722762],[-97.7311191,30.2719929],[-97.7311701,30.2719845],[-97.7312428,30.2723122],[-97.730811,30.2723832],[-97.730801,30.2723392],[-97.7309815,30.2723084],[-97.730951,30.2721522],[-97.7310022,30.2721448],[-97.7310326,30.2723]]]},"properties":{"k":"patharea","u":"service","s":"asphalt"}},{"type":"Feature","geometry":{"type":"Polygon","coordinates":[[[-97.73047,30.2721675],[-97.7304542,30.2720978],[-97.7305052,30.2720892],[-97.730546,30.27227],[-97.730495,30.2722786],[-97.73047,30.2721675]]]},"properties":{"k":"patharea","u":"service","s":"asphalt"}},{"type":"Feature","geometry":{"type":"Polygon","coordinates":[[[-97.7286038,30.2723789],[-97.728655,30.2723711],[-97.7287352,30.2727766],[-97.728684,30.2727842],[-97.7286358,30.272539],[-97.7285376,30.2725529],[-97.7285067,30.2723934],[-97.7285579,30.2723858],[-97.7285806,30.2725013],[-97.7286271,30.2724947],[-97.7286038,30.2723789]]]},"properties":{"k":"patharea","u":"service","s":"asphalt"}},{"type":"Feature","geometry":{"type":"Polygon","coordinates":[[[-97.7316006,30.2724576],[-97.7316643,30.2724712],[-97.7316519,30.2725148],[-97.7314952,30.2724815],[-97.7302615,30.2726821],[-97.7278751,30.2730567],[-97.7278659,30.2730125],[-97.7302521,30.2726379],[-97.7314966,30.2724355],[-97.7316006,30.2724576]]]},"properties":{"k":"patharea","u":"service","s":"asphalt"}},{"type":"Feature","geometry":{"type":"Polygon","coordinates":[[[-97.7314976,30.2727359],[-97.7315595,30.2727402],[-97.7315553,30.272785],[-97.7314115,30.2727751],[-97.7313176,30.2728127],[-97.7312725,30.2728621],[-97.7312865,30.2730336],[-97.7312347,30.2730368],[-97.7312193,30.2728479],[-97.7312844,30.2727765],[-97.7314019,30.2727293],[-97.7314976,30.2727359]]]},"properties":{"k":"patharea","u":"service","s":"asphalt"}},{"type":"Feature","geometry":{"type":"Polygon","coordinates":[[[-97.7277818,30.2730177],[-97.7266041,30.2732072],[-97.7250718,30.273457],[-97.7239396,30.273632],[-97.7239304,30.2735878],[-97.7250624,30.2734128],[-97.7269828,30.2731009],[-97.7269593,30.2729847],[-97.7274221,30.2729145],[-97.7274449,30.2730266],[-97.7278547,30.2729608],[-97.7278639,30.273005],[-97.7277818,30.2730177]],[[-97.727034,30.2730927],[-97.7273937,30.2730349],[-97.7273799,30.2729665],[-97.7270195,30.2730211],[-97.727034,30.2730927]]]},"properties":{"k":"patharea","u":"service","s":"asphalt"}},{"type":"Feature","geometry":{"type":"Polygon","coordinates":[[[-97.7334698,30.2730588],[-97.7335179,30.2730726],[-97.7335015,30.2731152],[-97.7332918,30.2730499],[-97.7333098,30.2730077],[-97.7334698,30.2730588]]]},"properties":{"k":"patharea","u":"service","s":"asphalt"}},{"type":"Feature","geometry":{"type":"Polygon","coordinates":[[[-97.7307647,30.2736864],[-97.7310281,30.2736567],[-97.7312365,30.273655],[-97.7312369,30.2737],[-97.7310317,30.2737015],[-97.7307711,30.273731],[-97.7304917,30.2737584],[-97.7292215,30.2739736],[-97.7292115,30.2739296],[-97.7304827,30.2737142],[-97.7304877,30.2737362],[-97.7304848,30.2737139],[-97.7307647,30.2736864]]]},"properties":{"k":"patharea","u":"service","s":"asphalt"}},{"type":"Feature","geometry":{"type":"Polygon","coordinates":[[[-97.7326088,30.2746159],[-97.7325897,30.2746069],[-97.7326145,30.2745675],[-97.7326598,30.2745887],[-97.7326617,30.2746357],[-97.7326202,30.2747747],[-97.7325366,30.2749754],[-97.7324876,30.2749602],[-97.7325474,30.2748162],[-97.7320452,30.2746745],[-97.7321257,30.2744617],[-97.7321751,30.2744757],[-97.7321108,30.2746457],[-97.7325651,30.2747739],[-97.732597,30.2746767],[-97.7326095,30.2746313],[-97.7326088,30.2746159]]]},"properties":{"k":"patharea","u":"service","s":"asphalt"}},{"type":"Feature","geometry":{"type":"Polygon","coordinates":[[[-97.732748,30.2749137],[-97.7327126,30.275023],[-97.7326626,30.275011],[-97.7327527,30.274732],[-97.7327929,30.2745963],[-97.7328843,30.2743306],[-97.7329341,30.2743434],[-97.7328431,30.2746083],[-97.7328029,30.2747436],[-97.732748,30.2749137]]]},"properties":{"k":"patharea","u":"service","s":"asphalt"}},{"type":"Feature","geometry":{"type":"Polygon","coordinates":[[[-97.7295099,30.2748328],[-97.73057,30.2746647],[-97.7305794,30.2747089],[-97.7295195,30.274877],[-97.7283207,30.2750731],[-97.7283111,30.2750289],[-97.7295099,30.2748328]]]},"properties":{"k":"patharea","u":"service","s":"asphalt"}},{"type":"Feature","geometry":{"type":"Polygon","coordinates":[[[-97.7326774,30.2752552],[-97.7328718,30.2753131],[-97.7327222,30.2757353],[-97.7329442,30.2757896],[-97.73293,30.2758328],[-97.732707,30.2757783],[-97.7327065,30.2757798],[-97.7324461,30.2757009],[-97.7323723,30.2756922],[-97.7323131,30.2756911],[-97.7322508,30.2756837],[-97.7321709,30.2756647],[-97.7320886,30.2756353],[-97.7320237,30.2756027],[-97.7319291,30.275545],[-97.7318745,30.2755246],[-97.7318368,30.275516],[-97.7317143,30.2754793],[-97.731587,30.2754528],[-97.7315992,30.2754092],[-97.7317289,30.2754361],[-97.7318268,30.2754655],[-97.7319061,30.2752276],[-97.7319711,30.2750527],[-97.7326771,30.2752551],[-97.7326689,30.2752764],[-97.7326774,30.2752552]],[[-97.7319637,30.2752196],[-97.7325988,30.2753942],[-97.7326364,30.2752908],[-97.7320045,30.2751097],[-97.7319637,30.2752196]],[[-97.7319083,30.2753816],[-97.7325441,30.2755473],[-97.7325834,30.2754371],[-97.7319485,30.2752626],[-97.7319083,30.2753816]],[[-97.7321116,30.2755949],[-97.7321879,30.2756221],[-97.7322614,30.2756397],[-97.7323173,30.2756463],[-97.7323763,30.2756474],[-97.7324579,30.2756569],[-97.7324992,30.2756687],[-97.7325285,30.2755902],[-97.731894,30.2754248],[-97.7318766,30.2754786],[-97.7318915,30.275482],[-97.7319547,30.2755056],[-97.7320517,30.2755649],[-97.7321116,30.2755949]],[[-97.7326727,30.2757216],[-97.7328074,30.2753415],[-97.7326857,30.2753052],[-97.7325484,30.2756833],[-97.7326727,30.2757216]]]},"properties":{"k":"patharea","u":"service","s":"asphalt"}},{"type":"Feature","geometry":{"type":"Polygon","coordinates":[[[-97.7299563,30.2751939],[-97.7300163,30.2754342],[-97.7299655,30.2754436],[-97.7299055,30.2752033],[-97.7299563,30.2751939]]]},"properties":{"k":"patharea","u":"service","s":"asphalt"}},{"type":"Feature","geometry":{"type":"Polygon","coordinates":[[[-97.7325405,30.2759443],[-97.7325431,30.2759818],[-97.7325407,30.2760057],[-97.7325299,30.2760263],[-97.7325072,30.276054],[-97.732472,30.2760804],[-97.7324333,30.2760836],[-97.7323889,30.2760784],[-97.7321046,30.2759955],[-97.7320761,30.2759666],[-97.7320646,30.2759349],[-97.7320635,30.275907],[-97.7320684,30.2758772],[-97.7320757,30.2758514],[-97.7315155,30.2757011],[-97.7315311,30.2756583],[-97.7325098,30.2759203],[-97.7325405,30.2759443]],[[-97.7324684,30.2760236],[-97.7324845,30.2760039],[-97.7324897,30.2759941],[-97.7324899,30.2759653],[-97.7324834,30.2759603],[-97.7321254,30.2758647],[-97.7321157,30.2759094],[-97.7321164,30.2759273],[-97.7321225,30.2759444],[-97.7321348,30.2759569],[-97.7324009,30.2760344],[-97.7324343,30.2760384],[-97.7324504,30.276037],[-97.7324684,30.2760236]]]},"properties":{"k":"patharea","u":"service","s":"asphalt"}},{"type":"Feature","geometry":{"type":"Polygon","coordinates":[[[-97.7300304,30.2760191],[-97.7300528,30.2759213],[-97.7301038,30.2759301],[-97.7300832,30.2760199],[-97.7301023,30.2761236],[-97.7300509,30.2761306],[-97.7300304,30.2760191]]]},"properties":{"k":"patharea","u":"service","s":"asphalt"}},{"type":"Feature","geometry":{"type":"Polygon","coordinates":[[[-97.7289127,30.276313],[-97.7288517,30.2760273],[-97.7289029,30.2760191],[-97.7289639,30.2763048],[-97.7289127,30.276313]]]},"properties":{"k":"patharea","u":"service","s":"asphalt"}},{"type":"Feature","geometry":{"type":"Polygon","coordinates":[[[-97.7455345,30.2710482],[-97.7454167,30.2710202],[-97.7454297,30.2709768],[-97.7455485,30.271005],[-97.7455345,30.2710482]]]},"properties":{"k":"patharea","u":"service","s":"concrete"}},{"type":"Feature","geometry":{"type":"Polygon","coordinates":[[[-97.7504286,30.2710346],[-97.7504847,30.2710516],[-97.7504675,30.271094],[-97.7503056,30.2710451],[-97.7503228,30.2710027],[-97.7504286,30.2710346]]]},"properties":{"k":"patharea","u":"service","s":"concrete"}},{"type":"Feature","geometry":{"type":"Polygon","coordinates":[[[-97.7497798,30.2711426],[-97.7498123,30.271066],[-97.7498611,30.2710814],[-97.7498039,30.271217],[-97.7497542,30.2712036],[-97.7497798,30.2711426]]]},"properties":{"k":"patharea","u":"service","s":"concrete"}},{"type":"Feature","geometry":{"type":"Polygon","coordinates":[[[-97.7479194,30.2710396],[-97.7479983,30.2710419],[-97.7482649,30.2711188],[-97.7489993,30.2713239],[-97.7489831,30.2713665],[-97.7484654,30.2712219],[-97.7484736,30.2712008],[-97.7484242,30.2711866],[-97.7484159,30.2712081],[-97.7479889,30.2710865],[-97.7479188,30.2710845],[-97.7479194,30.2710396]]]},"properties":{"k":"patharea","u":"service","s":"concrete"}},{"type":"Feature","geometry":{"type":"Polygon","coordinates":[[[-97.7505357,30.2715455],[-97.7506242,30.2713167],[-97.7506736,30.2713309],[-97.7505685,30.2716021],[-97.7503268,30.2715332],[-97.7504201,30.2712876],[-97.7502345,30.2712379],[-97.7502499,30.2711951],[-97.7504607,30.2712515],[-97.750453,30.2712729],[-97.7504777,30.2712799],[-97.7503924,30.2715046],[-97.7505357,30.2715455]]]},"properties":{"k":"patharea","u":"service","s":"concrete"}},{"type":"Feature","geometry":{"type":"Polygon","coordinates":[[[-97.74214,30.2719876],[-97.7420902,30.2719744],[-97.7424236,30.2710508],[-97.7424688,30.2709343],[-97.7425182,30.2709487],[-97.742473,30.2710646],[-97.74214,30.2719876]]]},"properties":{"k":"patharea","u":"service","s":"concrete"}},{"type":"Feature","geometry":{"type":"Polygon","coordinates":[[[-97.7385884,30.2722452],[-97.7385726,30.272288],[-97.738398,30.2722395],[-97.7380876,30.2721489],[-97.7381042,30.2721063],[-97.7383892,30.2721895],[-97.7384569,30.2720005],[-97.7385065,30.2720137],[-97.7384386,30.2722036],[-97.7385884,30.2722452]]]},"properties":{"k":"patharea","u":"service","s":"concrete"}},{"type":"Feature","geometry":{"type":"Polygon","coordinates":[[[-97.7365146,30.2725966],[-97.7364955,30.2726486],[-97.7364459,30.272635],[-97.7365247,30.2724206],[-97.7365492,30.2724275],[-97.7365654,30.2723849],[-97.7365405,30.2723778],[-97.7365889,30.2722459],[-97.7366131,30.272253],[-97.7366214,30.2722317],[-97.7366462,30.2722385],[-97.7365146,30.2725966]]]},"properties":{"k":"patharea","u":"service","s":"concrete"}},{"type":"Feature","geometry":{"type":"Polygon","coordinates":[[[-97.7375328,30.2730846],[-97.7375838,30.273076],[-97.7376021,30.2731578],[-97.7375732,30.2732238],[-97.7375246,30.2732078],[-97.7375483,30.2731538],[-97.7375328,30.2730846]]]},"properties":{"k":"patharea","u":"service","s":"concrete"}},{"type":"Feature","geometry":{"type":"Polygon","coordinates":[[[-97.7383471,30.2758945],[-97.7383244,30.27589],[-97.7383371,30.2758464],[-97.7384112,30.2758645],[-97.7383954,30.2759073],[-97.7383471,30.2758945]]]},"properties":{"k":"patharea","u":"service","s":"concrete"}},{"type":"Feature","geometry":{"type":"Polygon","coordinates":[[[-97.7333145,30.2716039],[-97.7333232,30.271631],[-97.7333137,30.2716685],[-97.7333028,30.2716928],[-97.7332865,30.2717164],[-97.7332394,30.2717685],[-97.7331984,30.2717409],[-97.7332435,30.271691],[-97.7332558,30.271673],[-97.7332637,30.2716555],[-97.7332696,30.2716322],[-97.7332659,30.2716207],[-97.7332535,30.2716005],[-97.7332381,30.271585],[-97.7331824,30.2715518],[-97.733173,30.2715268],[-97.7331748,30.2715114],[-97.7332007,30.2715137],[-97.733226,30.2715188],[-97.7332264,30.2715174],[-97.7332268,30.2715244],[-97.7332723,30.2715506],[-97.7332967,30.2715749],[-97.7333145,30.2716039]]]},"properties":{"k":"patharea","u":"service","s":"concrete"}},{"type":"Feature","geometry":{"type":"Polygon","coordinates":[[[-97.7316862,30.2724005],[-97.7315015,30.2722752],[-97.7314554,30.2722412],[-97.7314037,30.2722392],[-97.7313378,30.2722473],[-97.7312329,30.2722676],[-97.7312231,30.2722234],[-97.7313284,30.2722031],[-97.7314011,30.2721942],[-97.7314756,30.272197],[-97.7315345,30.2722404],[-97.7317184,30.2723651],[-97.7316862,30.2724005]]]},"properties":{"k":"patharea","u":"service","s":"concrete"}},{"type":"Feature","geometry":{"type":"Polygon","coordinates":[[[-97.7357657,30.2728951],[-97.7357525,30.2729034],[-97.7357382,30.2729343],[-97.7356892,30.2729191],[-97.7356992,30.272895],[-97.7357115,30.2728736],[-97.7357415,30.2728547],[-97.7357733,30.2728454],[-97.7358116,30.2728457],[-97.7358462,30.2728541],[-97.7358392,30.2728757],[-97.7358468,30.2728542],[-97.7359548,30.2728828],[-97.736045,30.2726589],[-97.736094,30.2726741],[-97.7359651,30.2729964],[-97.7359159,30.272982],[-97.7359381,30.2729253],[-97.7358042,30.2728905],[-97.7357817,30.2728904],[-97.7357657,30.2728951]]]},"properties":{"k":"patharea","u":"service","s":"concrete"}},{"type":"Feature","geometry":{"type":"Polygon","coordinates":[[[-97.7322086,30.2735834],[-97.7322248,30.2735408],[-97.7323303,30.2735706],[-97.7323629,30.2735838],[-97.7323409,30.2736244],[-97.7323111,30.2736124],[-97.7322086,30.2735834]]]},"properties":{"k":"patharea","u":"service","s":"concrete"}},{"type":"Feature","geometry":{"type":"Polygon","coordinates":[[[-97.732694,30.2751341],[-97.7327238,30.2750289],[-97.7327744,30.2750397],[-97.732744,30.2751463],[-97.7327014,30.2752623],[-97.7326774,30.2752552],[-97.7326689,30.2752764],[-97.7326771,30.2752551],[-97.7326521,30.2752479],[-97.732694,30.2751341]]]},"properties":{"k":"patharea","u":"service","s":"concrete"}},{"type":"Feature","geometry":{"type":"Polygon","coordinates":[[[-97.7347388,30.275809],[-97.7347216,30.2758515],[-97.734653,30.2758294],[-97.734673,30.2757767],[-97.7346977,30.2757837],[-97.734673,30.2757767],[-97.7346931,30.2757236],[-97.7347644,30.2756987],[-97.7347918,30.2756466],[-97.7348396,30.2756644],[-97.7348103,30.27572],[-97.7348151,30.2757655],[-97.7347931,30.2758108],[-97.7347448,30.2757941],[-97.7347621,30.2757585],[-97.7347611,30.2757483],[-97.7347351,30.2757574],[-97.734718,30.2758024],[-97.7347388,30.275809]]]},"properties":{"k":"patharea","u":"service","s":"concrete"}},{"type":"Feature","geometry":{"type":"Polygon","coordinates":[[[-97.7336861,30.2758872],[-97.7337039,30.275845],[-97.7338102,30.2758786],[-97.7338281,30.2758866],[-97.7338493,30.2759002],[-97.7338641,30.2759253],[-97.7338577,30.2759567],[-97.7337594,30.2762386],[-97.7337369,30.2762566],[-97.7337046,30.2762598],[-97.7336499,30.2762469],[-97.733569,30.276223],[-97.7335866,30.2761808],[-97.7336904,30.2762106],[-97.7337138,30.2762137],[-97.7338071,30.2759463],[-97.7338099,30.2759323],[-97.7338005,30.2759248],[-97.7336861,30.2758872]]]},"properties":{"k":"patharea","u":"service","s":"concrete"}},{"type":"Feature","geometry":{"type":"Polygon","coordinates":[[[-97.7356396,30.2715485],[-97.7355876,30.2715469],[-97.7355922,30.2714296],[-97.7356724,30.2712225],[-97.7357218,30.2712367],[-97.735644,30.2714376],[-97.7356396,30.2715485]]]},"properties":{"k":"patharea","u":"service","s":"grass"}},{"type":"Feature","geometry":{"type":"Polygon","coordinates":[[[-97.735788,30.2714663],[-97.7357956,30.271612],[-97.7358081,30.2717296],[-97.7357563,30.2717338],[-97.7357436,30.271615],[-97.7357358,30.2714643],[-97.7357574,30.2713222],[-97.7357853,30.2712535],[-97.7358343,30.2712683],[-97.7358082,30.2713328],[-97.735788,30.2714663]]]},"properties":{"k":"patharea","u":"service","s":"grass"}},{"type":"Feature","geometry":{"type":"Polygon","coordinates":[[[-97.7489035,30.273271],[-97.7488537,30.2732578],[-97.7489862,30.2728826],[-97.749036,30.2728956],[-97.7489035,30.273271]]]},"properties":{"k":"patharea","u":"service","s":"gravel"}},{"type":"Feature","geometry":{"type":"Polygon","coordinates":[[[-97.7512092,30.2751449],[-97.7512331,30.2752379],[-97.7511951,30.2753544],[-97.7511424,30.2754176],[-97.7510794,30.2755301],[-97.7510043,30.2756395],[-97.7509579,30.2756951],[-97.7508273,30.2757439],[-97.7508211,30.2757315],[-97.7509477,30.2756843],[-97.7509913,30.2756321],[-97.7510656,30.2755237],[-97.751129,30.2754106],[-97.7511809,30.2753484],[-97.7512171,30.2752375],[-97.7511742,30.275081],[-97.7511765,30.2750471],[-97.7511921,30.2750479],[-97.75119,30.2750796],[-97.7512092,30.2751449]]]},"properties":{"k":"patharea","u":"path","s":"dirt"}},{"type":"Feature","geometry":{"type":"Polygon","coordinates":[[[-97.7456342,30.2710145],[-97.7456266,30.2710351],[-97.745546,30.2710128],[-97.7455485,30.271005],[-97.7454843,30.2709895],[-97.7454898,30.2709746],[-97.7456342,30.2710145]]]},"properties":{"k":"patharea","u":"footway","s":"asphalt"}},{"type":"Feature","geometry":{"type":"Polygon","coordinates":[[[-97.7501693,30.2711052],[-97.7501293,30.2712207],[-97.7501055,30.2712143],[-97.7501453,30.2710992],[-97.7501693,30.2711052]]]},"properties":{"k":"patharea","u":"footway","s":"asphalt"}},{"type":"Feature","geometry":{"type":"Polygon","coordinates":[[[-97.750331,30.2712955],[-97.7501569,30.271264],[-97.7501621,30.271243],[-97.750336,30.2712743],[-97.750331,30.2712955]]]},"properties":{"k":"patharea","u":"footway","s":"asphalt"}},{"type":"Feature","geometry":{"type":"Polygon","coordinates":[[[-97.7477128,30.2714068],[-97.7478435,30.2714469],[-97.7478353,30.2714673],[-97.7477044,30.271427],[-97.7477128,30.2714068]]]},"properties":{"k":"patharea","u":"footway","s":"asphalt"}},{"type":"Feature","geometry":{"type":"Polygon","coordinates":[[[-97.7476641,30.2714404],[-97.7476402,30.2715309],[-97.7476158,30.2715261],[-97.7476397,30.2714356],[-97.7476641,30.2714404]]]},"properties":{"k":"patharea","u":"footway","s":"asphalt"}},{"type":"Feature","geometry":{"type":"Polygon","coordinates":[[[-97.7478105,30.2715795],[-97.7478433,30.2714896],[-97.7478669,30.2714966],[-97.7478345,30.2715857],[-97.7478105,30.2715795]]]},"properties":{"k":"patharea","u":"footway","s":"asphalt"}},{"type":"Feature","geometry":{"type":"Polygon","coordinates":[[[-97.7442433,30.27164],[-97.7443009,30.2715064],[-97.7443243,30.271514],[-97.7442667,30.2716476],[-97.7442433,30.27164]]]},"properties":{"k":"patharea","u":"footway","s":"asphalt"}},{"type":"Feature","geometry":{"type":"Polygon","coordinates":[[[-97.7476594,30.2715786],[-97.7477289,30.2715777],[-97.7477962,30.2715828],[-97.747794,30.2716042],[-97.7477281,30.2715993],[-97.7476598,30.2716002],[-97.7476594,30.2715786]]]},"properties":{"k":"patharea","u":"footway","s":"asphalt"}},{"type":"Feature","geometry":{"type":"Polygon","coordinates":[[[-97.7488673,30.2716284],[-97.7489412,30.2716479],[-97.748934,30.2716685],[-97.7488379,30.2716432],[-97.7488451,30.2716226],[-97.7488673,30.2716284]]]},"properties":{"k":"patharea","u":"footway","s":"asphalt"}},{"type":"Feature","geometry":{"type":"Polygon","coordinates":[[[-97.7486304,30.2717691],[-97.7486494,30.2717203],[-97.748673,30.2717273],[-97.7486447,30.2717997],[-97.7486211,30.2717929],[-97.7486304,30.2717691]]]},"properties":{"k":"patharea","u":"footway","s":"asphalt"}},{"type":"Feature","geometry":{"type":"Polygon","coordinates":[[[-97.7489905,30.2718743],[-97.7490141,30.2718155],[-97.7490379,30.2718221],[-97.7490043,30.2719025],[-97.7489811,30.2718945],[-97.7489905,30.2718743]]]},"properties":{"k":"patharea","u":"footway","s":"asphalt"}},{"type":"Feature","geometry":{"type":"Polygon","coordinates":[[[-97.7487856,30.2719577],[-97.7487185,30.2719221],[-97.7487315,30.2719037],[-97.7488275,30.2719546],[-97.7488145,30.271973],[-97.7487856,30.2719577]]]},"properties":{"k":"patharea","u":"footway","s":"asphalt"}},{"type":"Feature","geometry":{"type":"Polygon","coordinates":[[[-97.7498678,30.2720463],[-97.7498199,30.2721599],[-97.7497965,30.2721525],[-97.7498442,30.2720391],[-97.7498678,30.2720463]]]},"properties":{"k":"patharea","u":"footway","s":"asphalt"}},{"type":"Feature","geometry":{"type":"Polygon","coordinates":[[[-97.7475369,30.2724118],[-97.7474702,30.2725339],[-97.7474478,30.2725243],[-97.7475141,30.272403],[-97.7475369,30.2724118]]]},"properties":{"k":"patharea","u":"footway","s":"asphalt"}},{"type":"Feature","geometry":{"type":"Polygon","coordinates":[[[-97.7484505,30.2726227],[-97.7485702,30.2726696],[-97.74856,30.2726892],[-97.7484401,30.2726423],[-97.7484505,30.2726227]]]},"properties":{"k":"patharea","u":"footway","s":"asphalt"}},{"type":"Feature","geometry":{"type":"Polygon","coordinates":[[[-97.7450333,30.2727226],[-97.7448403,30.2726654],[-97.7448483,30.272645],[-97.7450415,30.2727022],[-97.7450333,30.2727226]]]},"properties":{"k":"patharea","u":"footway","s":"asphalt"}},{"type":"Feature","geometry":{"type":"Polygon","coordinates":[[[-97.7484036,30.2726613],[-97.7483592,30.2727765],[-97.7483354,30.2727699],[-97.74838,30.2726543],[-97.7484036,30.2726613]]]},"properties":{"k":"patharea","u":"footway","s":"asphalt"}},{"type":"Feature","geometry":{"type":"Polygon","coordinates":[[[-97.7485228,30.2728215],[-97.7485678,30.2727034],[-97.7485914,30.2727104],[-97.7485466,30.2728281],[-97.7485228,30.2728215]]]},"properties":{"k":"patharea","u":"footway","s":"asphalt"}},{"type":"Feature","geometry":{"type":"Polygon","coordinates":[[[-97.7485054,30.2728579],[-97.748374,30.2728194],[-97.7483818,30.272799],[-97.7485136,30.2728375],[-97.7485054,30.2728579]]]},"properties":{"k":"patharea","u":"footway","s":"asphalt"}},{"type":"Feature","geometry":{"type":"Polygon","coordinates":[[[-97.7495164,30.2729564],[-97.7495839,30.2729793],[-97.749669,30.2730125],[-97.7496588,30.2730321],[-97.7495741,30.2729991],[-97.7495198,30.2729807],[-97.7494771,30.2730916],[-97.7494535,30.2730844],[-97.7494999,30.2729632],[-97.7495118,30.2729664],[-97.7495164,30.2729564]]]},"properties":{"k":"patharea","u":"footway","s":"asphalt"}},{"type":"Feature","geometry":{"type":"Polygon","coordinates":[[[-97.7496962,30.2730504],[-97.7496594,30.2731465],[-97.7496356,30.2731397],[-97.7496726,30.2730436],[-97.7496962,30.2730504]]]},"properties":{"k":"patharea","u":"footway","s":"asphalt"}},{"type":"Feature","geometry":{"type":"Polygon","coordinates":[[[-97.7494827,30.2730965],[-97.7496134,30.2731344],[-97.7496056,30.2731548],[-97.7494747,30.2731169],[-97.7494827,30.2730965]]]},"properties":{"k":"patharea","u":"footway","s":"asphalt"}},{"type":"Feature","geometry":{"type":"Polygon","coordinates":[[[-97.7482015,30.2735389],[-97.7481412,30.273522],[-97.7481484,30.2735014],[-97.7482344,30.2735256],[-97.7482266,30.273546],[-97.7482015,30.2735389]]]},"properties":{"k":"patharea","u":"footway","s":"asphalt"}},{"type":"Feature","geometry":{"type":"Polygon","coordinates":[[[-97.7444944,30.2735844],[-97.7446954,30.2736276],[-97.7446896,30.2736486],[-97.7444882,30.2736052],[-97.7444944,30.2735844]]]},"properties":{"k":"patharea","u":"footway","s":"asphalt"}},{"type":"Feature","geometry":{"type":"Polygon","coordinates":[[[-97.748289,30.2737403],[-97.7483068,30.2736877],[-97.7483308,30.2736935],[-97.7483061,30.2737663],[-97.7482821,30.2737601],[-97.748289,30.2737403]]]},"properties":{"k":"patharea","u":"footway","s":"asphalt"}},{"type":"Feature","geometry":{"type":"Polygon","coordinates":[[[-97.7444386,30.2737591],[-97.7446314,30.273813],[-97.7446238,30.2738336],[-97.7444308,30.2737795],[-97.7444386,30.2737591]]]},"properties":{"k":"patharea","u":"footway","s":"asphalt"}},{"type":"Feature","geometry":{"type":"Polygon","coordinates":[[[-97.7491793,30.2738832],[-97.7493071,30.2738985],[-97.7493035,30.2739199],[-97.7491759,30.2739046],[-97.7491793,30.2738832]]]},"properties":{"k":"patharea","u":"footway","s":"asphalt"}},{"type":"Feature","geometry":{"type":"Polygon","coordinates":[[[-97.7492819,30.2740702],[-97.7493207,30.2739512],[-97.7493447,30.2739572],[-97.7493059,30.274076],[-97.7492819,30.2740702]]]},"properties":{"k":"patharea","u":"footway","s":"asphalt"}},{"type":"Feature","geometry":{"type":"Polygon","coordinates":[[[-97.7491236,30.2740436],[-97.7492394,30.2740808],[-97.7492304,30.274101],[-97.7491152,30.274064],[-97.7491236,30.2740436]]]},"properties":{"k":"patharea","u":"footway","s":"asphalt"}},{"type":"Feature","geometry":{"type":"Polygon","coordinates":[[[-97.7462631,30.275332],[-97.7464138,30.2753753],[-97.7464056,30.2753957],[-97.7462557,30.2753526],[-97.7462631,30.275332]]]},"properties":{"k":"patharea","u":"footway","s":"asphalt"}},{"type":"Feature","geometry":{"type":"Polygon","coordinates":[[[-97.7461627,30.2755828],[-97.7461705,30.2755622],[-97.7463081,30.2756008],[-97.7463005,30.2756214],[-97.7461627,30.2755828]]]},"properties":{"k":"patharea","u":"footway","s":"asphalt"}},{"type":"Feature","geometry":{"type":"Polygon","coordinates":[[[-97.7442947,30.2714904],[-97.7441166,30.2714393],[-97.7441244,30.2714189],[-97.7443025,30.27147],[-97.7442947,30.2714904]]]},"properties":{"k":"patharea","u":"footway","s":"asphalt"}},{"type":"Feature","geometry":{"type":"Polygon","coordinates":[[[-97.7440957,30.2714521],[-97.7440453,30.2715844],[-97.7440215,30.2715776],[-97.7440719,30.2714453],[-97.7440957,30.2714521]]]},"properties":{"k":"patharea","u":"footway","s":"asphalt"}},{"type":"Feature","geometry":{"type":"Polygon","coordinates":[[[-97.7440556,30.2715916],[-97.7442354,30.2716467],[-97.744227,30.2716671],[-97.7440472,30.271612],[-97.7440556,30.2715916]]]},"properties":{"k":"patharea","u":"footway","s":"asphalt"}},{"type":"Feature","geometry":{"type":"Polygon","coordinates":[[[-97.7392239,30.2721113],[-97.7392309,30.2720907],[-97.7392392,30.2720928],[-97.7392315,30.2721133],[-97.7392239,30.2721113]]]},"properties":{"k":"patharea","u":"footway","s":"asphalt"}},{"type":"Feature","geometry":{"type":"Polygon","coordinates":[[[-97.7398041,30.2724802],[-97.7398738,30.2722937],[-97.7398976,30.2723005],[-97.739826,30.2724918],[-97.7398022,30.2724854],[-97.7398041,30.2724802]]]},"properties":{"k":"patharea","u":"footway","s":"asphalt"}},{"type":"Feature","geometry":{"type":"Polygon","coordinates":[[[-97.7423507,30.2725686],[-97.7423387,30.2725651],[-97.7423463,30.2725446],[-97.7423587,30.2725482],[-97.7423507,30.2725686]]]},"properties":{"k":"patharea","u":"footway","s":"asphalt"}},{"type":"Feature","geometry":{"type":"Polygon","coordinates":[[[-97.742276,30.2725484],[-97.742283,30.2725276],[-97.7422967,30.2725311],[-97.7422891,30.2725516],[-97.742276,30.2725484]]]},"properties":{"k":"patharea","u":"footway","s":"asphalt"}},{"type":"Feature","geometry":{"type":"Polygon","coordinates":[[[-97.7410277,30.2725686],[-97.7412231,30.2726234],[-97.7412155,30.272644],[-97.7410199,30.2725892],[-97.7410277,30.2725686]]]},"properties":{"k":"patharea","u":"footway","s":"asphalt"}},{"type":"Feature","geometry":{"type":"Polygon","coordinates":[[[-97.7408758,30.2727793],[-97.7409436,30.2726077],[-97.7409672,30.2726147],[-97.7408994,30.2727863],[-97.7408758,30.2727793]]]},"properties":{"k":"patharea","u":"footway","s":"asphalt"}},{"type":"Feature","geometry":{"type":"Polygon","coordinates":[[[-97.7407567,30.2727694],[-97.7407708,30.2727721],[-97.7407633,30.2727928],[-97.7407511,30.2727904],[-97.7407567,30.2727694]]]},"properties":{"k":"patharea","u":"footway","s":"asphalt"}},{"type":"Feature","geometry":{"type":"Polygon","coordinates":[[[-97.7408302,30.2727838],[-97.7408246,30.2728048],[-97.7408141,30.2728027],[-97.7408217,30.2727821],[-97.7408302,30.2727838]]]},"properties":{"k":"patharea","u":"footway","s":"asphalt"}},{"type":"Feature","geometry":{"type":"Polygon","coordinates":[[[-97.7413063,30.272688],[-97.7413593,30.2729154],[-97.7413349,30.2729196],[-97.7413065,30.2727986],[-97.7413081,30.2727935],[-97.7413052,30.2727928],[-97.7412819,30.2726922],[-97.7413063,30.272688]]]},"properties":{"k":"patharea","u":"footway","s":"asphalt"}},{"type":"Feature","geometry":{"type":"Polygon","coordinates":[[[-97.7412899,30.2729412],[-97.7412662,30.2729329],[-97.7412722,30.2729118],[-97.7412993,30.2729212],[-97.7412899,30.2729412]]]},"properties":{"k":"patharea","u":"footway","s":"asphalt"}},{"type":"Feature","geometry":{"type":"Polygon","coordinates":[[[-97.7393046,30.273804],[-97.7393326,30.2737449],[-97.7393472,30.2737711],[-97.7393278,30.2738122],[-97.7393046,30.273804]]]},"properties":{"k":"patharea","u":"footway","s":"asphalt"}},{"type":"Feature","geometry":{"type":"Polygon","coordinates":[[[-97.7393714,30.273664],[-97.7393944,30.2736722],[-97.7393734,30.2737159],[-97.7393568,30.2736943],[-97.7393714,30.273664]]]},"properties":{"k":"patharea","u":"footway","s":"asphalt"}},{"type":"Feature","geometry":{"type":"Polygon","coordinates":[[[-97.7401807,30.2740355],[-97.7401977,30.2740197],[-97.740235,30.2740496],[-97.7402282,30.2740573],[-97.7402168,30.2740644],[-97.7401807,30.2740355]]]},"properties":{"k":"patharea","u":"footway","s":"asphalt"}},{"type":"Feature","geometry":{"type":"Polygon","coordinates":[[[-97.7403353,30.2741328],[-97.7404182,30.274199],[-97.7404012,30.2742148],[-97.7403864,30.274203],[-97.7403873,30.2742007],[-97.7403816,30.2741991],[-97.7403182,30.2741485],[-97.7403267,30.2741406],[-97.740318,30.2741483],[-97.7402552,30.2740958],[-97.7402648,30.2740897],[-97.7402715,30.2740823],[-97.7403353,30.2741328]]]},"properties":{"k":"patharea","u":"footway","s":"asphalt"}},{"type":"Feature","geometry":{"type":"Polygon","coordinates":[[[-97.7406205,30.2742553],[-97.7407344,30.2742388],[-97.74074,30.2742395],[-97.7407418,30.2742487],[-97.7407403,30.2742395],[-97.7408115,30.2742346],[-97.7408123,30.2742438],[-97.7408167,30.2742505],[-97.7406484,30.2742731],[-97.7406363,30.2742698],[-97.7406343,30.2742751],[-97.7406247,30.2742765],[-97.7406205,30.2742553]]]},"properties":{"k":"patharea","u":"footway","s":"asphalt"}},{"type":"Feature","geometry":{"type":"Polygon","coordinates":[[[-97.7409183,30.2742165],[-97.7409997,30.2742038],[-97.7410041,30.274225],[-97.7409223,30.2742378],[-97.7409202,30.2742272],[-97.7409219,30.2742379],[-97.7408719,30.2742439],[-97.7408633,30.2742304],[-97.7408626,30.2742232],[-97.7409183,30.2742165]]]},"properties":{"k":"patharea","u":"footway","s":"asphalt"}},{"type":"Feature","geometry":{"type":"Polygon","coordinates":[[[-97.742249,30.2743426],[-97.7422528,30.2743336],[-97.7422764,30.2743405],[-97.7422724,30.27435],[-97.742249,30.2743426]]]},"properties":{"k":"patharea","u":"footway","s":"asphalt"}},{"type":"Feature","geometry":{"type":"Polygon","coordinates":[[[-97.7422776,30.2742743],[-97.742301,30.2742817],[-97.7422941,30.2742983],[-97.7422704,30.2742913],[-97.7422776,30.2742743]]]},"properties":{"k":"patharea","u":"footway","s":"asphalt"}},{"type":"Feature","geometry":{"type":"Polygon","coordinates":[[[-97.7393747,30.2744167],[-97.7393379,30.2744059],[-97.7393457,30.2743854],[-97.7393827,30.2743963],[-97.7393747,30.2744167]]]},"properties":{"k":"patharea","u":"footway","s":"asphalt"}},{"type":"Feature","geometry":{"type":"Polygon","coordinates":[[[-97.739248,30.2743795],[-97.739256,30.2743591],[-97.7392965,30.274371],[-97.7392886,30.2743914],[-97.739248,30.2743795]]]},"properties":{"k":"patharea","u":"footway","s":"asphalt"}},{"type":"Feature","geometry":{"type":"Polygon","coordinates":[[[-97.7440027,30.2749291],[-97.7441969,30.2749853],[-97.7441889,30.2750057],[-97.7439947,30.2749495],[-97.7440027,30.2749291]]]},"properties":{"k":"patharea","u":"footway","s":"asphalt"}},{"type":"Feature","geometry":{"type":"Polygon","coordinates":[[[-97.7399216,30.2754281],[-97.7399126,30.2754227],[-97.7399204,30.2754012],[-97.7399358,30.2754103],[-97.7399216,30.2754281]]]},"properties":{"k":"patharea","u":"footway","s":"asphalt"}},{"type":"Feature","geometry":{"type":"Polygon","coordinates":[[[-97.7398503,30.2753881],[-97.7398635,30.2753697],[-97.7398734,30.2753751],[-97.7398676,30.2753973],[-97.7398503,30.2753881]]]},"properties":{"k":"patharea","u":"footway","s":"asphalt"}},{"type":"Feature","geometry":{"type":"Polygon","coordinates":[[[-97.7418062,30.2755438],[-97.741809,30.2755364],[-97.7418335,30.2755412],[-97.74183,30.2755504],[-97.7418062,30.2755438]]]},"properties":{"k":"patharea","u":"footway","s":"asphalt"}},{"type":"Feature","geometry":{"type":"Polygon","coordinates":[[[-97.7397524,30.2758673],[-97.7397417,30.2758644],[-97.7397494,30.2758439],[-97.7397749,30.2758507],[-97.7397677,30.2758713],[-97.7397525,30.2758673],[-97.7397561,30.275857],[-97.7397524,30.2758673]]]},"properties":{"k":"patharea","u":"footway","s":"asphalt"}},{"type":"Feature","geometry":{"type":"Polygon","coordinates":[[[-97.7396836,30.2758486],[-97.7396874,30.2758383],[-97.7396834,30.2758485],[-97.7396555,30.2758402],[-97.7396637,30.2758198],[-97.7396998,30.2758304],[-97.7396921,30.2758509],[-97.7396836,30.2758486]]]},"properties":{"k":"patharea","u":"footway","s":"asphalt"}},{"type":"Feature","geometry":{"type":"Polygon","coordinates":[[[-97.7436155,30.2759892],[-97.7435965,30.2760378],[-97.7435729,30.276031],[-97.7436266,30.2758905],[-97.7436385,30.2758939],[-97.7436433,30.2758839],[-97.7438386,30.2759518],[-97.7438296,30.2759718],[-97.7436462,30.2759083],[-97.7436155,30.2759892]]]},"properties":{"k":"patharea","u":"footway","s":"asphalt"}},{"type":"Feature","geometry":{"type":"Polygon","coordinates":[[[-97.740114,30.2759453],[-97.7401317,30.2759502],[-97.7401239,30.2759708],[-97.7400831,30.2759589],[-97.7400907,30.2759384],[-97.740098,30.2759405],[-97.740094,30.2759507],[-97.7400981,30.2759405],[-97.740114,30.2759453]]]},"properties":{"k":"patharea","u":"footway","s":"asphalt"}},{"type":"Feature","geometry":{"type":"Polygon","coordinates":[[[-97.7400273,30.2759428],[-97.7400312,30.2759326],[-97.7400273,30.2759428],[-97.740013,30.2759387],[-97.7400208,30.2759183],[-97.7400414,30.2759241],[-97.7400338,30.2759447],[-97.7400273,30.2759428]]]},"properties":{"k":"patharea","u":"footway","s":"asphalt"}},{"type":"Feature","geometry":{"type":"Polygon","coordinates":[[[-97.7438324,30.2759794],[-97.7438564,30.2759854],[-97.743808,30.2761278],[-97.743784,30.2761216],[-97.7438324,30.2759794]]]},"properties":{"k":"patharea","u":"footway","s":"asphalt"}},{"type":"Feature","geometry":{"type":"Polygon","coordinates":[[[-97.74361,30.2760704],[-97.7437713,30.27612],[-97.7437629,30.2761404],[-97.7436016,30.2760906],[-97.74361,30.2760704]]]},"properties":{"k":"patharea","u":"footway","s":"asphalt"}},{"type":"Feature","geometry":{"type":"Polygon","coordinates":[[[-97.7391513,30.271056],[-97.7389546,30.2710088],[-97.7389614,30.270988],[-97.7391579,30.2710352],[-97.7391513,30.271056]]]},"properties":{"k":"patharea","u":"footway","s":"asphalt"}},{"type":"Feature","geometry":{"type":"Polygon","coordinates":[[[-97.7356079,30.271092],[-97.7356199,30.2710951],[-97.735584,30.2711982],[-97.7355441,30.2712937],[-97.7355207,30.2712863],[-97.7355602,30.2711914],[-97.7355925,30.2710989],[-97.7354076,30.2710455],[-97.7354156,30.2710251],[-97.7356119,30.2710818],[-97.7356079,30.271092]]]},"properties":{"k":"patharea","u":"footway","s":"asphalt"}},{"type":"Feature","geometry":{"type":"Polygon","coordinates":[[[-97.7389649,30.271019],[-97.7389123,30.2711753],[-97.7388883,30.2711693],[-97.7389409,30.271013],[-97.7389649,30.271019]]]},"properties":{"k":"patharea","u":"footway","s":"asphalt"}},{"type":"Feature","geometry":{"type":"Polygon","coordinates":[[[-97.7353827,30.2710524],[-97.7353402,30.2711884],[-97.735316,30.2711828],[-97.7353585,30.2710468],[-97.7353827,30.2710524]]]},"properties":{"k":"patharea","u":"footway","s":"asphalt"}},{"type":"Feature","geometry":{"type":"Polygon","coordinates":[[[-97.7390908,30.2712348],[-97.7390836,30.2712512],[-97.738906,30.2711928],[-97.7389148,30.2711726],[-97.7390881,30.2712296],[-97.7391448,30.2710858],[-97.7391684,30.2710928],[-97.7391102,30.2712405],[-97.7390908,30.2712348]]]},"properties":{"k":"patharea","u":"footway","s":"asphalt"}},{"type":"Feature","geometry":{"type":"Polygon","coordinates":[[[-97.7377333,30.2717094],[-97.7376429,30.2716829],[-97.7375326,30.2716605],[-97.7375384,30.2716395],[-97.7376497,30.2716621],[-97.7377413,30.271689],[-97.7377333,30.2717094]]]},"properties":{"k":"patharea","u":"footway","s":"asphalt"}},{"type":"Feature","geometry":{"type":"Polygon","coordinates":[[[-97.7376821,30.2718803],[-97.7376776,30.2718903],[-97.7374896,30.2718255],[-97.737499,30.2718055],[-97.737675,30.2718664],[-97.7377093,30.2717913],[-97.737732,30.2717306],[-97.7377558,30.2717372],[-97.7377329,30.2717985],[-97.7376937,30.2718843],[-97.7376821,30.2718803]]]},"properties":{"k":"patharea","u":"footway","s":"asphalt"}},{"type":"Feature","geometry":{"type":"Polygon","coordinates":[[[-97.7388115,30.2719929],[-97.7386462,30.2719452],[-97.7386542,30.2719248],[-97.7388313,30.2719759],[-97.7388274,30.2719861],[-97.7388392,30.2719896],[-97.7387648,30.2721778],[-97.7387412,30.2721708],[-97.7388115,30.2719929]]]},"properties":{"k":"patharea","u":"footway","s":"asphalt"}},{"type":"Feature","geometry":{"type":"Polygon","coordinates":[[[-97.7385989,30.2719709],[-97.7385504,30.272109],[-97.7385266,30.2721028],[-97.7385751,30.2719647],[-97.7385989,30.2719709]]]},"properties":{"k":"patharea","u":"footway","s":"asphalt"}},{"type":"Feature","geometry":{"type":"Polygon","coordinates":[[[-97.7385581,30.2721169],[-97.7387352,30.2721726],[-97.7387266,30.2721928],[-97.7385495,30.2721371],[-97.7385581,30.2721169]]]},"properties":{"k":"patharea","u":"footway","s":"asphalt"}},{"type":"Feature","geometry":{"type":"Polygon","coordinates":[[[-97.7351752,30.2722178],[-97.7351992,30.2722238],[-97.7351097,30.2724774],[-97.7350859,30.2724712],[-97.7351752,30.2722178]]]},"properties":{"k":"patharea","u":"footway","s":"asphalt"}},{"type":"Feature","geometry":{"type":"Polygon","coordinates":[[[-97.7355118,30.272341],[-97.7355194,30.2723204],[-97.7358068,30.2724001],[-97.7357992,30.2724207],[-97.7355118,30.272341]]]},"properties":{"k":"patharea","u":"footway","s":"asphalt"}},{"type":"Feature","geometry":{"type":"Polygon","coordinates":[[[-97.7372981,30.2728732],[-97.7372498,30.2729933],[-97.7372429,30.2730444],[-97.7372181,30.2730418],[-97.7372254,30.2729885],[-97.7372973,30.2728096],[-97.7373209,30.2728166],[-97.7372981,30.2728732]]]},"properties":{"k":"patharea","u":"footway","s":"asphalt"}},{"type":"Feature","geometry":{"type":"Polygon","coordinates":[[[-97.7381067,30.2732314],[-97.7381929,30.2730549],[-97.7382159,30.2730633],[-97.7381062,30.2732879],[-97.7380832,30.2732795],[-97.7381067,30.2732314]]]},"properties":{"k":"patharea","u":"footway","s":"asphalt"}},{"type":"Feature","geometry":{"type":"Polygon","coordinates":[[[-97.7365384,30.2749675],[-97.7364713,30.2750941],[-97.7364487,30.2750851],[-97.7365158,30.2749585],[-97.7365384,30.2749675]]]},"properties":{"k":"patharea","u":"footway","s":"asphalt"}},{"type":"Feature","geometry":{"type":"Polygon","coordinates":[[[-97.7339962,30.2752194],[-97.7338446,30.2751787],[-97.733852,30.2751581],[-97.7340036,30.2751988],[-97.7339962,30.2752194]]]},"properties":{"k":"patharea","u":"footway","s":"asphalt"}},{"type":"Feature","geometry":{"type":"Polygon","coordinates":[[[-97.7337163,30.2754213],[-97.7337611,30.2753092],[-97.7337925,30.2752141],[-97.7338165,30.2752201],[-97.7337849,30.2753156],[-97.7337399,30.2754283],[-97.7337163,30.2754213]]]},"properties":{"k":"patharea","u":"footway","s":"asphalt"}},{"type":"Feature","geometry":{"type":"Polygon","coordinates":[[[-97.734034,30.2753333],[-97.7339649,30.2755116],[-97.7339413,30.2755048],[-97.7340279,30.2752791],[-97.7340517,30.2752857],[-97.734034,30.2753333]]]},"properties":{"k":"patharea","u":"footway","s":"asphalt"}},{"type":"Feature","geometry":{"type":"Polygon","coordinates":[[[-97.7349892,30.2757059],[-97.7349657,30.2757728],[-97.7349419,30.2757666],[-97.7350195,30.2755452],[-97.7349017,30.2755141],[-97.734911,30.275494],[-97.7350386,30.2755277],[-97.735035,30.275538],[-97.7350469,30.2755411],[-97.7349892,30.2757059]]]},"properties":{"k":"patharea","u":"footway","s":"asphalt"}},{"type":"Feature","geometry":{"type":"Polygon","coordinates":[[[-97.7347639,30.2754757],[-97.7347717,30.2754553],[-97.734861,30.2754804],[-97.7348521,30.2755006],[-97.7347639,30.2754757]]]},"properties":{"k":"patharea","u":"footway","s":"asphalt"}},{"type":"Feature","geometry":{"type":"Polygon","coordinates":[[[-97.7338849,30.2755527],[-97.733763,30.2755182],[-97.7337704,30.2754976],[-97.7338929,30.2755323],[-97.7338849,30.2755527]]]},"properties":{"k":"patharea","u":"footway","s":"asphalt"}},{"type":"Feature","geometry":{"type":"Polygon","coordinates":[[[-97.7384915,30.275508],[-97.7384436,30.2756288],[-97.73842,30.2756218],[-97.7384679,30.275501],[-97.7384915,30.275508]]]},"properties":{"k":"patharea","u":"footway","s":"asphalt"}},{"type":"Feature","geometry":{"type":"Polygon","coordinates":[[[-97.7346961,30.2755149],[-97.7346285,30.2756923],[-97.7346047,30.2756857],[-97.7346863,30.2754704],[-97.7347101,30.275477],[-97.7346961,30.2755149]]]},"properties":{"k":"patharea","u":"footway","s":"asphalt"}},{"type":"Feature","geometry":{"type":"Polygon","coordinates":[[[-97.7360398,30.2758097],[-97.7361767,30.275857],[-97.736172,30.275867],[-97.7361843,30.2758686],[-97.7361523,30.2760339],[-97.7361385,30.2760889],[-97.7361141,30.2760843],[-97.7361279,30.2760297],[-97.7361582,30.2758738],[-97.7360306,30.2758297],[-97.7360398,30.2758097]]]},"properties":{"k":"patharea","u":"footway","s":"asphalt"}},{"type":"Feature","geometry":{"type":"Polygon","coordinates":[[[-97.7359486,30.2758631],[-97.7359048,30.2759657],[-97.7358826,30.2760249],[-97.7358588,30.2760183],[-97.7358812,30.2759587],[-97.7359436,30.2758103],[-97.7359672,30.2758175],[-97.7359486,30.2758631]]]},"properties":{"k":"patharea","u":"footway","s":"asphalt"}},{"type":"Feature","geometry":{"type":"Polygon","coordinates":[[[-97.7359044,30.2760478],[-97.7361001,30.2760847],[-97.7360945,30.2761057],[-97.7358992,30.2760688],[-97.7359044,30.2760478]]]},"properties":{"k":"patharea","u":"footway","s":"asphalt"}},{"type":"Feature","geometry":{"type":"Polygon","coordinates":[[[-97.737073,30.2760994],[-97.7372637,30.2761545],[-97.7372557,30.2761749],[-97.7370654,30.27612],[-97.737073,30.2760994]]]},"properties":{"k":"patharea","u":"footway","s":"asphalt"}},{"type":"Feature","geometry":{"type":"Polygon","coordinates":[[[-97.7274248,30.2712607],[-97.7273891,30.2710832],[-97.7274137,30.2710796],[-97.7274494,30.2712569],[-97.7274248,30.2712607]]]},"properties":{"k":"patharea","u":"footway","s":"asphalt"}},{"type":"Feature","geometry":{"type":"Polygon","coordinates":[[[-97.7263003,30.2712677],[-97.72607,30.2712956],[-97.7260666,30.2712742],[-97.7262969,30.2712463],[-97.7263003,30.2712677]]]},"properties":{"k":"patharea","u":"footway","s":"asphalt"}},{"type":"Feature","geometry":{"type":"Polygon","coordinates":[[[-97.7280425,30.2712045],[-97.7280669,30.2712089],[-97.7280376,30.2713237],[-97.7281634,30.2713418],[-97.7281594,30.271363],[-97.7280074,30.2713411],[-97.7280425,30.2712045]]]},"properties":{"k":"patharea","u":"footway","s":"asphalt"}},{"type":"Feature","geometry":{"type":"Polygon","coordinates":[[[-97.7275988,30.2712378],[-97.7276271,30.271341],[-97.7276027,30.2713458],[-97.7275746,30.2712428],[-97.7275988,30.2712378]]]},"properties":{"k":"patharea","u":"footway","s":"asphalt"}},{"type":"Feature","geometry":{"type":"Polygon","coordinates":[[[-97.730969,30.2712521],[-97.7309494,30.2713673],[-97.7309248,30.2713641],[-97.7309442,30.2712491],[-97.730969,30.2712521]]]},"properties":{"k":"patharea","u":"footway","s":"asphalt"}},{"type":"Feature","geometry":{"type":"Polygon","coordinates":[[[-97.7260884,30.2713209],[-97.7261253,30.2714757],[-97.7263267,30.2714483],[-97.7262945,30.2712902],[-97.7263191,30.2712864],[-97.7263557,30.2714661],[-97.7261174,30.2714985],[-97.7261155,30.2714879],[-97.7261033,30.2714901],[-97.726064,30.2713253],[-97.7260884,30.2713209]]]},"properties":{"k":"patharea","u":"footway","s":"asphalt"}},{"type":"Feature","geometry":{"type":"Polygon","coordinates":[[[-97.7329848,30.2716591],[-97.7330255,30.2715914],[-97.7330477,30.2716014],[-97.733007,30.2716689],[-97.7329848,30.2716591]]]},"properties":{"k":"patharea","u":"footway","s":"asphalt"}},{"type":"Feature","geometry":{"type":"Polygon","coordinates":[[[-97.7329612,30.27178],[-97.7328983,30.2719547],[-97.7328743,30.2719485],[-97.7329023,30.2718669],[-97.7329505,30.2717431],[-97.732782,30.271741],[-97.732782,30.2717194],[-97.7329683,30.2717219],[-97.7329677,30.2717435],[-97.732952,30.2717432],[-97.7329741,30.2717503],[-97.7329612,30.27178]]]},"properties":{"k":"patharea","u":"footway","s":"asphalt"}},{"type":"Feature","geometry":{"type":"Polygon","coordinates":[[[-97.7280803,30.2718264],[-97.7280555,30.2718244],[-97.72807,30.2716925],[-97.7279421,30.271725],[-97.7279353,30.2717042],[-97.7280984,30.2716623],[-97.7280803,30.2718264]]]},"properties":{"k":"patharea","u":"footway","s":"asphalt"}},{"type":"Feature","geometry":{"type":"Polygon","coordinates":[[[-97.7320708,30.2717727],[-97.7318549,30.271781],[-97.7317964,30.2719553],[-97.731959,30.2719475],[-97.7319604,30.2719691],[-97.7317802,30.2719777],[-97.7317795,30.2719669],[-97.7317675,30.2719639],[-97.7318334,30.2717676],[-97.7318454,30.2717706],[-97.7318448,30.2717598],[-97.7320696,30.2717511],[-97.7320708,30.2717727]]]},"properties":{"k":"patharea","u":"footway","s":"asphalt"}},{"type":"Feature","geometry":{"type":"Polygon","coordinates":[[[-97.7277063,30.2717528],[-97.7277297,30.2718647],[-97.7277051,30.2718687],[-97.7276817,30.2717564],[-97.7277063,30.2717528]]]},"properties":{"k":"patharea","u":"footway","s":"asphalt"}},{"type":"Feature","geometry":{"type":"Polygon","coordinates":[[[-97.7326903,30.2719187],[-97.7328661,30.271959],[-97.7328597,30.2719798],[-97.7326839,30.2719395],[-97.7326903,30.2719187]]]},"properties":{"k":"patharea","u":"footway","s":"asphalt"}},{"type":"Feature","geometry":{"type":"Polygon","coordinates":[[[-97.7317484,30.2720867],[-97.7316842,30.2721298],[-97.7316688,30.2721128],[-97.731733,30.2720697],[-97.7317484,30.2720867]]]},"properties":{"k":"patharea","u":"footway","s":"asphalt"}},{"type":"Feature","geometry":{"type":"Polygon","coordinates":[[[-97.7295415,30.2721524],[-97.72967,30.2721311],[-97.7296748,30.2721523],[-97.7295461,30.2721736],[-97.7295415,30.2721524]]]},"properties":{"k":"patharea","u":"footway","s":"asphalt"}},{"type":"Feature","geometry":{"type":"Polygon","coordinates":[[[-97.7282007,30.2723903],[-97.728077,30.2724094],[-97.7280728,30.2723882],[-97.7281961,30.2723691],[-97.7282007,30.2723903]]]},"properties":{"k":"patharea","u":"footway","s":"asphalt"}},{"type":"Feature","geometry":{"type":"Polygon","coordinates":[[[-97.7289632,30.2724147],[-97.7288437,30.2724341],[-97.7288391,30.2724129],[-97.7289586,30.2723935],[-97.7289632,30.2724147]]]},"properties":{"k":"patharea","u":"footway","s":"asphalt"}},{"type":"Feature","geometry":{"type":"Polygon","coordinates":[[[-97.7276879,30.2726297],[-97.7276864,30.2724469],[-97.7278465,30.2724233],[-97.7278505,30.2724445],[-97.7277114,30.2724649],[-97.7277125,30.2726031],[-97.7278407,30.272581],[-97.7278453,30.2726022],[-97.7276879,30.2726297]]]},"properties":{"k":"patharea","u":"footway","s":"asphalt"}},{"type":"Feature","geometry":{"type":"Polygon","coordinates":[[[-97.7263655,30.2726848],[-97.7263605,30.2726636],[-97.7266041,30.2726209],[-97.726644,30.2727841],[-97.7266196,30.2727887],[-97.7265847,30.2726463],[-97.7263655,30.2726848]]]},"properties":{"k":"patharea","u":"footway","s":"asphalt"}},{"type":"Feature","geometry":{"type":"Polygon","coordinates":[[[-97.7264392,30.2728036],[-97.7265851,30.272782],[-97.7265891,30.2728032],[-97.7264436,30.2728248],[-97.7264392,30.2728036]]]},"properties":{"k":"patharea","u":"footway","s":"asphalt"}},{"type":"Feature","geometry":{"type":"Polygon","coordinates":[[[-97.7309505,30.2743402],[-97.7309928,30.2741727],[-97.7310172,30.2741773],[-97.7309749,30.2743448],[-97.7309505,30.2743402]]]},"properties":{"k":"patharea","u":"footway","s":"asphalt"}},{"type":"Feature","geometry":{"type":"Polygon","coordinates":[[[-97.7309448,30.2744621],[-97.7311111,30.2744991],[-97.7311049,30.2745199],[-97.7309386,30.2744829],[-97.7309448,30.2744621]]]},"properties":{"k":"patharea","u":"footway","s":"asphalt"}},{"type":"Feature","geometry":{"type":"Polygon","coordinates":[[[-97.7318429,30.2748393],[-97.731812,30.2749166],[-97.7317945,30.2749114],[-97.7317908,30.2749248],[-97.7316625,30.274897],[-97.7316687,30.2748762],[-97.7317912,30.2749027],[-97.7318805,30.2746798],[-97.7317072,30.2746408],[-97.7317132,30.2746198],[-97.7319,30.274662],[-97.7318967,30.2746724],[-97.7319085,30.2746759],[-97.7318429,30.2748393]]]},"properties":{"k":"patharea","u":"footway","s":"asphalt"}},{"type":"Feature","geometry":{"type":"Polygon","coordinates":[[[-97.7319243,30.27493],[-97.7319711,30.2749872],[-97.7319503,30.2749992],[-97.7319045,30.2749432],[-97.7319243,30.27493]]]},"properties":{"k":"patharea","u":"footway","s":"asphalt"}},{"type":"Feature","geometry":{"type":"Polygon","coordinates":[[[-97.7414193,30.2722836],[-97.7416564,30.2723519],[-97.7416486,30.2723723],[-97.7415572,30.272346],[-97.7414757,30.2725543],[-97.7415763,30.2725838],[-97.7415263,30.2727197],[-97.7415025,30.2727131],[-97.7415451,30.2725974],[-97.7413234,30.2725325],[-97.7413314,30.2725121],[-97.7414521,30.2725474],[-97.7415336,30.2723392],[-97.7414115,30.272304],[-97.7414193,30.2722836]]]},"properties":{"k":"patharea","u":"footway","s":"brick"}},{"type":"Feature","geometry":{"type":"Polygon","coordinates":[[[-97.7480135,30.2710463],[-97.7479983,30.2710419],[-97.747989,30.2710416],[-97.747994,30.2710284],[-97.7480178,30.271035],[-97.7480135,30.2710463]]]},"properties":{"k":"patharea","u":"footway","s":"concrete"}},{"type":"Feature","geometry":{"type":"Polygon","coordinates":[[[-97.7501514,30.2710837],[-97.750175,30.2710907],[-97.7501692,30.2711054],[-97.7501455,30.2710987],[-97.7501514,30.2710837]]]},"properties":{"k":"patharea","u":"footway","s":"concrete"}},{"type":"Feature","geometry":{"type":"Polygon","coordinates":[[[-97.7499063,30.2711588],[-97.7499325,30.2711562],[-97.749948,30.2711702],[-97.7499599,30.2711912],[-97.749968,30.271194],[-97.7499768,30.2711918],[-97.7500011,30.2711786],[-97.750031,30.2711838],[-97.7500612,30.2712203],[-97.7500703,30.2712222],[-97.7500915,30.2712185],[-97.7501026,30.2712207],[-97.7501056,30.2712139],[-97.750129,30.2712214],[-97.7501242,30.2712321],[-97.7501628,30.2712431],[-97.7501556,30.2712637],[-97.7501166,30.2712526],[-97.7501029,30.2712921],[-97.7500909,30.271289],[-97.7501028,30.2712923],[-97.7499863,30.2716067],[-97.7499879,30.2716121],[-97.7499936,30.2716165],[-97.7500837,30.2716388],[-97.7500769,30.2716596],[-97.7499814,30.2716359],[-97.7499655,30.2716239],[-97.7499603,30.2716059],[-97.7500946,30.2712412],[-97.7500697,30.2712444],[-97.7500462,30.2712393],[-97.7500164,30.2712032],[-97.7500059,30.2712014],[-97.7499872,30.2712116],[-97.7499668,30.2712168],[-97.7499417,30.2712082],[-97.7499231,30.2711788],[-97.7499121,30.27118],[-97.749894,30.2711856],[-97.7498248,30.2711671],[-97.7498334,30.2711468],[-97.7498934,30.2711628],[-97.7499063,30.2711588]]]},"properties":{"k":"patharea","u":"footway","s":"concrete"}},{"type":"Feature","geometry":{"type":"Polygon","coordinates":[[[-97.7497486,30.2711471],[-97.7497214,30.2711576],[-97.7497021,30.2711204],[-97.7496641,30.2711415],[-97.7496429,30.2711173],[-97.7495873,30.271107],[-97.7492368,30.2710083],[-97.748986,30.271671],[-97.7489497,30.2717555],[-97.7490411,30.2717831],[-97.7498318,30.2720073],[-97.7498826,30.2720018],[-97.749868,30.2720457],[-97.7498441,30.2720394],[-97.7498482,30.2720272],[-97.7498294,30.2720293],[-97.7490446,30.2718067],[-97.7490378,30.2718223],[-97.7490143,30.271815],[-97.7490209,30.2717999],[-97.7489371,30.2717747],[-97.7489289,30.2717685],[-97.7489372,30.2717604],[-97.7489247,30.2717604],[-97.7489247,30.2717499],[-97.7489577,30.2716745],[-97.7489341,30.2716686],[-97.7489412,30.2716479],[-97.7489661,30.2716541],[-97.7492131,30.2710016],[-97.7491886,30.2709948],[-97.7491964,30.2709742],[-97.7492205,30.270981],[-97.7492303,30.2709524],[-97.7492543,30.2709586],[-97.7492442,30.2709877],[-97.7495937,30.2710862],[-97.7496573,30.2710979],[-97.7496701,30.2711125],[-97.7497131,30.2710886],[-97.749734,30.2711292],[-97.7497468,30.2711243],[-97.7497837,30.2711334],[-97.7497751,30.2711537],[-97.7497486,30.2711471]]]},"properties":{"k":"patharea","u":"footway","s":"concrete"}},{"type":"Feature","geometry":{"type":"Polygon","coordinates":[[[-97.7488209,30.2715456],[-97.7487967,30.271611],[-97.7488448,30.2716225],[-97.748838,30.2716433],[-97.7487892,30.2716316],[-97.7487629,30.2717043],[-97.7487529,30.2717143],[-97.7487378,30.2717211],[-97.7487227,30.2717232],[-97.7487206,30.2717126],[-97.7487204,30.2717234],[-97.7487053,30.2717232],[-97.7486774,30.271717],[-97.748673,30.2717274],[-97.7486495,30.27172],[-97.7486536,30.2717104],[-97.7482921,30.2716097],[-97.7483012,30.2715896],[-97.748696,30.2716996],[-97.7487197,30.2717018],[-97.7487371,30.2716971],[-97.7487407,30.2716935],[-97.7488745,30.2713359],[-97.7488983,30.2713426],[-97.7488209,30.2715456]]]},"properties":{"k":"patharea","u":"footway","s":"concrete"}},{"type":"Feature","geometry":{"type":"Polygon","coordinates":[[[-97.7488903,30.2712868],[-97.7490199,30.2709507],[-97.7490251,30.2709173],[-97.7490499,30.2709201],[-97.7490443,30.2709557],[-97.7489123,30.2712993],[-97.7488886,30.2712926],[-97.7488903,30.2712868]]]},"properties":{"k":"patharea","u":"footway","s":"concrete"}},{"type":"Feature","geometry":{"type":"Polygon","coordinates":[[[-97.747664,30.2714406],[-97.7476398,30.2714353],[-97.7476481,30.2714081],[-97.7473671,30.2713269],[-97.7472312,30.2713098],[-97.7470372,30.2712601],[-97.7468085,30.2711895],[-97.7467919,30.2711802],[-97.7467924,30.2712319],[-97.74677,30.2712888],[-97.7472825,30.2714238],[-97.7472677,30.2714665],[-97.7476614,30.2715786],[-97.7476594,30.2715786],[-97.7476596,30.2715894],[-97.7476558,30.2715997],[-97.7472367,30.2714803],[-97.7472515,30.2714382],[-97.7467504,30.2713061],[-97.7467541,30.2712958],[-97.7467423,30.2712923],[-97.7467674,30.2712285],[-97.7467668,30.2711731],[-97.7467793,30.271173],[-97.7467674,30.2711698],[-97.7467742,30.271151],[-97.7467861,30.2711542],[-97.7467965,30.2711482],[-97.7468086,30.2711639],[-97.7468197,30.2711701],[-97.7470452,30.2712397],[-97.7472366,30.2712886],[-97.7473731,30.2713059],[-97.7476895,30.2713971],[-97.7477009,30.2713956],[-97.7477029,30.2714062],[-97.7477142,30.2714017],[-97.7477177,30.2714083],[-97.7477128,30.2714068],[-97.7477086,30.2714169],[-97.7476973,30.2714214],[-97.7476955,30.2714181],[-97.7476875,30.2714193],[-97.7476718,30.2714148],[-97.747664,30.2714406]]]},"properties":{"k":"patharea","u":"footway","s":"concrete"}},{"type":"Feature","geometry":{"type":"Polygon","coordinates":[[[-97.747862,30.2714841],[-97.7478551,30.2714931],[-97.7478433,30.2714896],[-97.7478402,30.2714975],[-97.7478205,30.2714861],[-97.7478252,30.2714642],[-97.7478353,30.2714673],[-97.7478394,30.2714571],[-97.7478517,30.271459],[-97.7478481,30.2714761],[-97.747862,30.2714841]]]},"properties":{"k":"patharea","u":"footway","s":"concrete"}},{"type":"Feature","geometry":{"type":"Polygon","coordinates":[[[-97.7478122,30.2715748],[-97.7478105,30.2715795],[-97.7478225,30.2715826],[-97.7478277,30.2715924],[-97.7478003,30.2716033],[-97.7477951,30.2715935],[-97.7477962,30.2715828],[-97.7477929,30.2715825],[-97.7478122,30.2715748]]]},"properties":{"k":"patharea","u":"footway","s":"concrete"}},{"type":"Feature","geometry":{"type":"Polygon","coordinates":[[[-97.7500511,30.2720073],[-97.7501089,30.2718523],[-97.7501326,30.271859],[-97.7499997,30.2722215],[-97.7499758,30.2722154],[-97.7500511,30.2720073]]]},"properties":{"k":"patharea","u":"footway","s":"concrete"}},{"type":"Feature","geometry":{"type":"Polygon","coordinates":[[[-97.7502194,30.2715528],[-97.7503173,30.271293],[-97.750331,30.2712955],[-97.750336,30.2712743],[-97.7503251,30.2712724],[-97.7503286,30.2712632],[-97.7503525,30.2712695],[-97.7501491,30.2718164],[-97.7501254,30.2718097],[-97.7502194,30.2715528]]]},"properties":{"k":"patharea","u":"footway","s":"concrete"}},{"type":"Feature","geometry":{"type":"Polygon","coordinates":[[[-97.7503706,30.2711515],[-97.7504001,30.2710736],[-97.7504237,30.2710807],[-97.7503686,30.2712268],[-97.7503447,30.2712204],[-97.7503706,30.2711515]]]},"properties":{"k":"patharea","u":"footway","s":"concrete"}},{"type":"Feature","geometry":{"type":"Polygon","coordinates":[[[-97.75047,30.2708858],[-97.7505769,30.2705899],[-97.750664,30.2703757],[-97.7506876,30.2703829],[-97.7506007,30.2705967],[-97.7504399,30.271038],[-97.7504163,30.2710309],[-97.75047,30.2708858]]]},"properties":{"k":"patharea","u":"footway","s":"concrete"}},{"type":"Feature","geometry":{"type":"Polygon","coordinates":[[[-97.7499836,30.2722696],[-97.7499402,30.2723785],[-97.7499167,30.2723711],[-97.7499613,30.2722586],[-97.7499852,30.2722647],[-97.7499836,30.2722696]]]},"properties":{"k":"patharea","u":"footway","s":"concrete"}},{"type":"Feature","geometry":{"type":"Polygon","coordinates":[[[-97.7499177,30.2724369],[-97.7497916,30.2727979],[-97.7497051,30.2730251],[-97.7500158,30.2731088],[-97.7510773,30.27341],[-97.7510695,30.2734304],[-97.7500082,30.2731294],[-97.7496978,30.2730457],[-97.7496964,30.27305],[-97.7496725,30.2730438],[-97.7496744,30.2730381],[-97.7496588,30.2730321],[-97.749669,30.2730125],[-97.7496818,30.2730174],[-97.7497678,30.2727911],[-97.7499003,30.2724138],[-97.7499238,30.2724211],[-97.7499177,30.2724369]]]},"properties":{"k":"patharea","u":"footway","s":"concrete"}},{"type":"Feature","geometry":{"type":"Polygon","coordinates":[[[-97.7486117,30.2718178],[-97.748621,30.271793],[-97.7486448,30.2717997],[-97.7486355,30.2718244],[-97.7486117,30.2718178]]]},"properties":{"k":"patharea","u":"footway","s":"concrete"}},{"type":"Feature","geometry":{"type":"Polygon","coordinates":[[[-97.7484777,30.2724648],[-97.7484213,30.2726143],[-97.7484492,30.2726223],[-97.7484407,30.2726425],[-97.7484136,30.2726348],[-97.7484037,30.2726611],[-97.74838,30.2726544],[-97.7483899,30.2726281],[-97.7475012,30.2723778],[-97.747509,30.2723572],[-97.7483976,30.2726076],[-97.7485245,30.272271],[-97.7485482,30.2722779],[-97.7484777,30.2724648]]]},"properties":{"k":"patharea","u":"footway","s":"concrete"}},{"type":"Feature","geometry":{"type":"Polygon","coordinates":[[[-97.7485504,30.2722015],[-97.7486868,30.2718393],[-97.7487104,30.2718461],[-97.7486936,30.2718894],[-97.74873,30.271903],[-97.7487192,30.2719225],[-97.7486856,30.2719099],[-97.7485642,30.2722351],[-97.7485405,30.2722283],[-97.7485504,30.2722015]]]},"properties":{"k":"patharea","u":"footway","s":"concrete"}},{"type":"Feature","geometry":{"type":"Polygon","coordinates":[[[-97.7498006,30.2721428],[-97.7497965,30.2721525],[-97.74982,30.2721597],[-97.7495272,30.27296],[-97.7495164,30.2729564],[-97.7495118,30.2729664],[-97.7494999,30.2729632],[-97.7497925,30.2721632],[-97.7494598,30.2720716],[-97.7491836,30.2719874],[-97.7489033,30.2719086],[-97.7488929,30.2719104],[-97.7487077,30.2723987],[-97.748684,30.272392],[-97.7488379,30.2719849],[-97.7488147,30.2719731],[-97.7488274,30.2719546],[-97.7488458,30.2719639],[-97.7488694,30.2719016],[-97.7488757,30.2718943],[-97.7488857,30.2719007],[-97.7488832,30.2718901],[-97.7489047,30.2718864],[-97.7489758,30.2719064],[-97.7489811,30.2718946],[-97.7490043,30.2719025],[-97.7489996,30.2719131],[-97.7491918,30.271967],[-97.7494676,30.2720512],[-97.7498006,30.2721428]]]},"properties":{"k":"patharea","u":"footway","s":"concrete"}},{"type":"Feature","geometry":{"type":"Polygon","coordinates":[[[-97.748691,30.2724431],[-97.7485915,30.2727102],[-97.7485678,30.2727035],[-97.7485716,30.2726932],[-97.7485605,30.2726894],[-97.7485699,30.2726695],[-97.7485793,30.2726726],[-97.7486679,30.2724347],[-97.7486916,30.2724414],[-97.748691,30.2724431]]]},"properties":{"k":"patharea","u":"footway","s":"concrete"}},{"type":"Feature","geometry":{"type":"Polygon","coordinates":[[[-97.7483354,30.2727699],[-97.7483592,30.2727765],[-97.7483541,30.2727904],[-97.748382,30.272799],[-97.7483737,30.2728193],[-97.7483465,30.2728109],[-97.7482205,30.273152],[-97.7481966,30.2731457],[-97.7483229,30.2728039],[-97.7480555,30.2727265],[-97.7474425,30.2725543],[-97.7474312,30.2725432],[-97.74745,30.272529],[-97.7474567,30.2725357],[-97.7480635,30.2727061],[-97.7483305,30.2727833],[-97.7483354,30.2727699]]]},"properties":{"k":"patharea","u":"footway","s":"concrete"}},{"type":"Feature","geometry":{"type":"Polygon","coordinates":[[[-97.7481935,30.2732194],[-97.7480901,30.2734957],[-97.7480663,30.2734891],[-97.7481797,30.2731882],[-97.7482036,30.2731945],[-97.7481935,30.2732194]]]},"properties":{"k":"patharea","u":"footway","s":"concrete"}},{"type":"Feature","geometry":{"type":"Polygon","coordinates":[[[-97.7493642,30.2730388],[-97.7494081,30.2730647],[-97.7494526,30.2730871],[-97.7494533,30.2730851],[-97.7494772,30.2730912],[-97.7494759,30.2730952],[-97.7494812,30.2730961],[-97.7494754,30.2731171],[-97.7494447,30.2731116],[-97.7494457,30.2731085],[-97.7493947,30.2730829],[-97.7493532,30.2730584],[-97.749143,30.2730006],[-97.7491119,30.2730006],[-97.7490091,30.2729718],[-97.7490164,30.2729512],[-97.7491159,30.272979],[-97.7491468,30.272979],[-97.7493642,30.2730388]]]},"properties":{"k":"patharea","u":"footway","s":"concrete"}},{"type":"Feature","geometry":{"type":"Polygon","coordinates":[[[-97.7488829,30.2729366],[-97.7488386,30.2729391],[-97.7487638,30.2729296],[-97.7485338,30.2728653],[-97.7484169,30.2732054],[-97.7483932,30.2731988],[-97.7485099,30.272859],[-97.7485061,30.2728581],[-97.7485095,30.2728477],[-97.7485132,30.2728374],[-97.748517,30.2728383],[-97.7485227,30.2728217],[-97.7485466,30.272828],[-97.7485409,30.2728446],[-97.7487696,30.2729086],[-97.7488396,30.2729175],[-97.7488861,30.2729148],[-97.7489669,30.2729374],[-97.7489596,30.272958],[-97.7488829,30.2729366]]]},"properties":{"k":"patharea","u":"footway","s":"concrete"}},{"type":"Feature","geometry":{"type":"Polygon","coordinates":[[[-97.7483937,30.2732741],[-97.7482784,30.2735967],[-97.7482766,30.2736094],[-97.7482794,30.2736204],[-97.7482853,30.2736274],[-97.7482974,30.2736332],[-97.7483375,30.2736441],[-97.7483338,30.2736544],[-97.7483377,30.2736441],[-97.7487576,30.2737622],[-97.7487491,30.2737824],[-97.7483415,30.2736679],[-97.7483307,30.2736939],[-97.748307,30.273687],[-97.7483177,30.2736613],[-97.7482876,30.2736532],[-97.7482683,30.273644],[-97.7482562,30.2736294],[-97.7482512,30.2736104],[-97.748254,30.2735921],[-97.7482671,30.2735566],[-97.7482269,30.2735461],[-97.7482342,30.2735255],[-97.7482746,30.273536],[-97.7483789,30.273242],[-97.7484026,30.2732486],[-97.7483937,30.2732741]]]},"properties":{"k":"patharea","u":"footway","s":"concrete"}},{"type":"Feature","geometry":{"type":"Polygon","coordinates":[[[-97.7488263,30.2737822],[-97.7491804,30.2738834],[-97.7491737,30.2739041],[-97.7487984,30.2737969],[-97.7488069,30.2737766],[-97.7488263,30.2737822]]]},"properties":{"k":"patharea","u":"footway","s":"concrete"}},{"type":"Feature","geometry":{"type":"Polygon","coordinates":[[[-97.7495143,30.2735198],[-97.7494936,30.2735806],[-97.7494079,30.2738071],[-97.7493446,30.2739576],[-97.749321,30.2739505],[-97.7493299,30.2739295],[-97.749302,30.2739197],[-97.7493053,30.2739092],[-97.74931,30.2738992],[-97.7493386,30.2739092],[-97.7493843,30.2738003],[-97.7495743,30.2732913],[-97.7495983,30.2732972],[-97.7495143,30.2735198]]]},"properties":{"k":"patharea","u":"footway","s":"concrete"}},{"type":"Feature","geometry":{"type":"Polygon","coordinates":[[[-97.7495919,30.2732426],[-97.749627,30.27316],[-97.7496061,30.273155],[-97.7496131,30.2731343],[-97.7496604,30.2731457],[-97.749657,30.2731561],[-97.7496608,30.2731458],[-97.7499509,30.273225],[-97.7499426,30.2732454],[-97.7496511,30.2731659],[-97.7496138,30.2732543],[-97.7495898,30.2732484],[-97.7495919,30.2732426]]]},"properties":{"k":"patharea","u":"footway","s":"concrete"}},{"type":"Feature","geometry":{"type":"Polygon","coordinates":[[[-97.7500063,30.2732395],[-97.750371,30.2733423],[-97.7504212,30.2733829],[-97.7507761,30.2734767],[-97.7508689,30.2735062],[-97.7509682,30.2735129],[-97.7512589,30.273594],[-97.7514306,30.2736309],[-97.7514246,30.2736519],[-97.7512521,30.2736148],[-97.7509632,30.2735341],[-97.7508635,30.2735274],[-97.7507681,30.2734971],[-97.7504084,30.2734021],[-97.750358,30.2733613],[-97.7499925,30.2732584],[-97.7500007,30.273238],[-97.7500063,30.2732395]]]},"properties":{"k":"patharea","u":"footway","s":"concrete"}},{"type":"Feature","geometry":{"type":"Polygon","coordinates":[[[-97.7515706,30.27329],[-97.7516294,30.2732952],[-97.7517868,30.2733458],[-97.751778,30.273366],[-97.7516236,30.2733164],[-97.751568,30.2733114],[-97.7515706,30.27329]]]},"properties":{"k":"patharea","u":"footway","s":"concrete"}},{"type":"Feature","geometry":{"type":"Polygon","coordinates":[[[-97.7516499,30.2734691],[-97.7516428,30.2734898],[-97.7515493,30.2734644],[-97.7515567,30.2734438],[-97.7516499,30.2734691]]]},"properties":{"k":"patharea","u":"footway","s":"concrete"}},{"type":"Feature","geometry":{"type":"Polygon","coordinates":[[[-97.7479307,30.2736638],[-97.7479547,30.2736698],[-97.7479427,30.2737062],[-97.7479187,30.2737002],[-97.7479307,30.2736638]]]},"properties":{"k":"patharea","u":"footway","s":"concrete"}},{"type":"Feature","geometry":{"type":"Polygon","coordinates":[[[-97.7482789,30.2738081],[-97.7482828,30.2737978],[-97.7482708,30.2737949],[-97.7482821,30.2737603],[-97.7483061,30.2737662],[-97.7482981,30.2737908],[-97.7486978,30.2739031],[-97.7487372,30.273841],[-97.7487599,30.2738501],[-97.7487098,30.2739291],[-97.7482789,30.2738081]]]},"properties":{"k":"patharea","u":"footway","s":"concrete"}},{"type":"Feature","geometry":{"type":"Polygon","coordinates":[[[-97.7481887,30.2738282],[-97.7481433,30.2738163],[-97.7481505,30.2737957],[-97.7481959,30.2738076],[-97.7481887,30.2738282]]]},"properties":{"k":"patharea","u":"footway","s":"concrete"}},{"type":"Feature","geometry":{"type":"Polygon","coordinates":[[[-97.7507881,30.2738313],[-97.7507949,30.2738105],[-97.7508436,30.2738225],[-97.7508368,30.2738433],[-97.7507881,30.2738313]]]},"properties":{"k":"patharea","u":"footway","s":"concrete"}},{"type":"Feature","geometry":{"type":"Polygon","coordinates":[[[-97.7517997,30.2740295],[-97.7518205,30.2740413],[-97.7518049,30.2740618],[-97.7518991,30.2741367],[-97.7518823,30.2741525],[-97.7517042,30.274011],[-97.7516762,30.2740296],[-97.7515982,30.2740587],[-97.7515524,30.2741121],[-97.7515785,30.2742393],[-97.7515681,30.2743181],[-97.751534,30.274419],[-97.7514838,30.2744966],[-97.7514626,30.2744852],[-97.7515108,30.2744106],[-97.7515435,30.2743139],[-97.7515533,30.2742399],[-97.7515272,30.2741126],[-97.751491,30.2740447],[-97.7513951,30.2738886],[-97.7513644,30.2738504],[-97.7512626,30.2737661],[-97.7511943,30.273726],[-97.7511134,30.2736936],[-97.751055,30.2736721],[-97.7509761,30.2736596],[-97.7509805,30.2736384],[-97.7510622,30.2736513],[-97.7511236,30.2736738],[-97.7512067,30.2737072],[-97.7512784,30.2737493],[-97.7513834,30.2738364],[-97.7514165,30.2738774],[-97.7515102,30.2740299],[-97.7515882,30.2740389],[-97.7516636,30.2740108],[-97.7516973,30.2739884],[-97.7517049,30.2739969],[-97.7517134,30.273989],[-97.7517863,30.274047],[-97.7517997,30.2740295]],[[-97.7515417,30.2740883],[-97.7515675,30.2740583],[-97.751523,30.2740532],[-97.7515417,30.2740883]]]},"properties":{"k":"patharea","u":"footway","s":"concrete"}},{"type":"Feature","geometry":{"type":"Polygon","coordinates":[[[-97.7478469,30.2740826],[-97.7478704,30.2740899],[-97.7477201,30.2745015],[-97.7477082,30.2744983],[-97.7477201,30.2745017],[-97.7477136,30.274519],[-97.7476898,30.2745124],[-97.7478469,30.2740826]]]},"properties":{"k":"patharea","u":"footway","s":"concrete"}},{"type":"Feature","geometry":{"type":"Polygon","coordinates":[[[-97.7479656,30.2737576],[-97.7479674,30.273734],[-97.747964,30.2737216],[-97.7479882,30.2737166],[-97.7479926,30.2737322],[-97.7479904,30.2737616],[-97.7478861,30.2740471],[-97.7478626,30.2740397],[-97.7479656,30.2737576]]]},"properties":{"k":"patharea","u":"footway","s":"concrete"}},{"type":"Feature","geometry":{"type":"Polygon","coordinates":[[[-97.7514557,30.2745329],[-97.7514351,30.2745208],[-97.7514431,30.2745099],[-97.7514639,30.2745218],[-97.7514557,30.2745329]]]},"properties":{"k":"patharea","u":"footway","s":"concrete"}},{"type":"Feature","geometry":{"type":"Polygon","coordinates":[[[-97.7513314,30.2745938],[-97.7514023,30.2745619],[-97.7514189,30.2745402],[-97.7514394,30.2745524],[-97.7514237,30.274573],[-97.751427,30.274634],[-97.7514145,30.2746345],[-97.7514098,30.2746445],[-97.7512179,30.2745768],[-97.7512273,30.2745568],[-97.7513314,30.2745938]],[[-97.7513995,30.274588],[-97.7513771,30.2745989],[-97.7513627,30.2746048],[-97.7514011,30.2746182],[-97.7513995,30.274588]]]},"properties":{"k":"patharea","u":"footway","s":"concrete"}},{"type":"Feature","geometry":{"type":"Polygon","coordinates":[[[-97.7502248,30.27523],[-97.7502705,30.2752448],[-97.7502617,30.275265],[-97.750219,30.2752512],[-97.7501943,30.2752489],[-97.749916,30.2751809],[-97.7497128,30.2751185],[-97.7496153,30.2750864],[-97.7495992,30.2750771],[-97.7495703,30.2750818],[-97.7494229,30.2750447],[-97.7494305,30.2750242],[-97.7495715,30.2750596],[-97.7496046,30.2750543],[-97.7496269,30.2750672],[-97.7497214,30.2750983],[-97.7499236,30.2751603],[-97.7501991,30.2752277],[-97.7502248,30.27523]]]},"properties":{"k":"patharea","u":"footway","s":"concrete"}},{"type":"Feature","geometry":{"type":"Polygon","coordinates":[[[-97.7493061,30.2750154],[-97.749287,30.2750093],[-97.7492947,30.2749887],[-97.7493805,30.2750117],[-97.7493729,30.2750322],[-97.7493061,30.2750154]]]},"properties":{"k":"patharea","u":"footway","s":"concrete"}},{"type":"Feature","geometry":{"type":"Polygon","coordinates":[[[-97.7490021,30.2749171],[-97.7489763,30.2748895],[-97.7489957,30.2748759],[-97.7490173,30.2748989],[-97.749246,30.274973],[-97.7492382,30.2749935],[-97.7490021,30.2749171]]]},"properties":{"k":"patharea","u":"footway","s":"concrete"}},{"type":"Feature","geometry":{"type":"Polygon","coordinates":[[[-97.7514135,30.2756871],[-97.7514229,30.2756671],[-97.7514908,30.2756904],[-97.7515265,30.2756095],[-97.7515499,30.2756173],[-97.751514,30.2756982],[-97.7517857,30.2757892],[-97.7517767,30.2758094],[-97.7514135,30.2756871]]]},"properties":{"k":"patharea","u":"footway","s":"concrete"}},{"type":"Feature","geometry":{"type":"Polygon","coordinates":[[[-97.747514,30.2756873],[-97.7475092,30.2756973],[-97.7475179,30.275705],[-97.7474883,30.2757298],[-97.7474709,30.2757144],[-97.7474868,30.275701],[-97.7474628,30.2756925],[-97.7474724,30.2756725],[-97.747514,30.2756873]]]},"properties":{"k":"patharea","u":"footway","s":"concrete"}},{"type":"Feature","geometry":{"type":"Polygon","coordinates":[[[-97.7515278,30.2759156],[-97.7515163,30.2759113],[-97.7515467,30.2758509],[-97.7515702,30.2758584],[-97.7515443,30.2759098],[-97.751706,30.2759657],[-97.7516968,30.2759857],[-97.7515231,30.2759256],[-97.7515278,30.2759156]]]},"properties":{"k":"patharea","u":"footway","s":"concrete"}},{"type":"Feature","geometry":{"type":"Polygon","coordinates":[[[-97.7516912,30.2759505],[-97.7516792,30.2759382],[-97.7516329,30.2759189],[-97.7516429,30.2758991],[-97.7516763,30.2759116],[-97.7516956,30.2759216],[-97.751712,30.2759383],[-97.7517207,30.2759527],[-97.7516987,30.2759627],[-97.7516912,30.2759505]]]},"properties":{"k":"patharea","u":"footway","s":"concrete"}},{"type":"Feature","geometry":{"type":"Polygon","coordinates":[[[-97.7475064,30.2760127],[-97.7474826,30.2760063],[-97.7475097,30.2759309],[-97.7475335,30.2759373],[-97.7475064,30.2760127]]]},"properties":{"k":"patharea","u":"footway","s":"concrete"}},{"type":"Feature","geometry":{"type":"Polygon","coordinates":[[[-97.7519052,30.276023],[-97.7519406,30.2759458],[-97.7519638,30.2759538],[-97.7519284,30.276031],[-97.7519052,30.276023]]]},"properties":{"k":"patharea","u":"footway","s":"concrete"}},{"type":"Feature","geometry":{"type":"Polygon","coordinates":[[[-97.7476921,30.2760343],[-97.7476803,30.2760308],[-97.7476897,30.2760055],[-97.7477135,30.2760121],[-97.747704,30.2760376],[-97.7476921,30.2760343]]]},"properties":{"k":"patharea","u":"footway","s":"concrete"}},{"type":"Feature","geometry":{"type":"Polygon","coordinates":[[[-97.7476812,30.2761574],[-97.7476585,30.2761509],[-97.7476398,30.2761962],[-97.7476162,30.276189],[-97.7476348,30.2761442],[-97.7473755,30.2760708],[-97.7473833,30.2760504],[-97.7476431,30.2761239],[-97.7476704,30.2760558],[-97.747694,30.2760628],[-97.7476668,30.2761306],[-97.747689,30.276137],[-97.7476812,30.2761574]]]},"properties":{"k":"patharea","u":"footway","s":"concrete"}},{"type":"Feature","geometry":{"type":"Polygon","coordinates":[[[-97.7477298,30.2761485],[-97.747722,30.2761689],[-97.7477103,30.2761656],[-97.7477181,30.2761452],[-97.7477298,30.2761485]]]},"properties":{"k":"patharea","u":"footway","s":"concrete"}},{"type":"Feature","geometry":{"type":"Polygon","coordinates":[[[-97.7477627,30.2761691],[-97.7477588,30.2761793],[-97.7477481,30.2761764],[-97.7477558,30.2761559],[-97.7477665,30.2761588],[-97.7477627,30.2761691]]]},"properties":{"k":"patharea","u":"footway","s":"concrete"}},{"type":"Feature","geometry":{"type":"Polygon","coordinates":[[[-97.7495405,30.2762365],[-97.7495843,30.2761084],[-97.7496083,30.2761146],[-97.7495645,30.2762427],[-97.7495405,30.2762365]]]},"properties":{"k":"patharea","u":"footway","s":"concrete"}},{"type":"Feature","geometry":{"type":"Polygon","coordinates":[[[-97.7480885,30.2761151],[-97.7481119,30.2761229],[-97.7480538,30.2762662],[-97.74803,30.2762594],[-97.7480885,30.2761151]]]},"properties":{"k":"patharea","u":"footway","s":"concrete"}},{"type":"Feature","geometry":{"type":"Polygon","coordinates":[[[-97.7454029,30.2717746],[-97.7453909,30.2718143],[-97.7453667,30.2718089],[-97.7453788,30.271769],[-97.7453909,30.2717717],[-97.745379,30.2717686],[-97.7454918,30.2714473],[-97.7455029,30.2714231],[-97.7455264,30.2714304],[-97.7455154,30.2714545],[-97.7454029,30.2717746]]]},"properties":{"k":"patharea","u":"footway","s":"concrete"}},{"type":"Feature","geometry":{"type":"Polygon","coordinates":[[[-97.7455255,30.2713753],[-97.7456581,30.2710409],[-97.7456278,30.2710353],[-97.7456336,30.2710144],[-97.7456639,30.2710199],[-97.7456674,30.270997],[-97.7456922,30.2709998],[-97.7456869,30.2710343],[-97.7456745,30.2710329],[-97.7456863,30.2710364],[-97.7455461,30.2713887],[-97.7455225,30.2713815],[-97.7455255,30.2713753]]]},"properties":{"k":"patharea","u":"footway","s":"concrete"}},{"type":"Feature","geometry":{"type":"Polygon","coordinates":[[[-97.7466761,30.2710911],[-97.7466683,30.2711115],[-97.746644,30.2711045],[-97.7466518,30.2710841],[-97.7466761,30.2710911]]]},"properties":{"k":"patharea","u":"footway","s":"concrete"}},{"type":"Feature","geometry":{"type":"Polygon","coordinates":[[[-97.7467507,30.2713049],[-97.7467427,30.2713253],[-97.7467168,30.2713178],[-97.7465851,30.2712993],[-97.7465871,30.2712887],[-97.7465773,30.2712954],[-97.7465619,30.2712785],[-97.7465608,30.2712813],[-97.7465372,30.2712743],[-97.7465457,30.2712528],[-97.7465575,30.2712563],[-97.7465458,30.2712525],[-97.7466023,30.2711182],[-97.7466141,30.2711217],[-97.7466023,30.2711182],[-97.7466126,30.2710924],[-97.7466362,30.2710994],[-97.7465717,30.2712544],[-97.7465939,30.2712787],[-97.7467218,30.2712967],[-97.7467198,30.2713073],[-97.7467238,30.2712971],[-97.7467507,30.2713049]]]},"properties":{"k":"patharea","u":"footway","s":"concrete"}},{"type":"Feature","geometry":{"type":"Polygon","coordinates":[[[-97.7467674,30.271135],[-97.7467752,30.2711146],[-97.7467983,30.2711212],[-97.7467905,30.2711416],[-97.7467674,30.271135]]]},"properties":{"k":"patharea","u":"footway","s":"concrete"}},{"type":"Feature","geometry":{"type":"Polygon","coordinates":[[[-97.7451793,30.2717523],[-97.7451557,30.2717453],[-97.7451695,30.2717107],[-97.7451931,30.2717177],[-97.7451793,30.2717523]]]},"properties":{"k":"patharea","u":"footway","s":"concrete"}},{"type":"Feature","geometry":{"type":"Polygon","coordinates":[[[-97.7453497,30.2719321],[-97.7453447,30.2719468],[-97.7453207,30.2719408],[-97.7453257,30.2719261],[-97.7453497,30.2719321]]]},"properties":{"k":"patharea","u":"footway","s":"concrete"}},{"type":"Feature","geometry":{"type":"Polygon","coordinates":[[[-97.7452582,30.2721624],[-97.7452508,30.272183],[-97.7452396,30.2721799],[-97.7452472,30.2721593],[-97.7452582,30.2721624]]]},"properties":{"k":"patharea","u":"footway","s":"concrete"}},{"type":"Feature","geometry":{"type":"Polygon","coordinates":[[[-97.7447929,30.2726352],[-97.7448334,30.2726439],[-97.744845,30.2726444],[-97.7448443,30.2726552],[-97.7448403,30.2726654],[-97.7448419,30.2726659],[-97.7448397,30.2726658],[-97.7448314,30.2726831],[-97.7448084,30.2726749],[-97.7448145,30.272662],[-97.7447857,30.2726558],[-97.7447014,30.27263],[-97.7445176,30.2725798],[-97.7444695,30.2725626],[-97.7441071,30.272462],[-97.7439804,30.2724233],[-97.7439289,30.2725429],[-97.7439341,30.2725929],[-97.7439093,30.2725949],[-97.7439038,30.2725425],[-97.7439162,30.2725415],[-97.7439045,30.2725378],[-97.7439447,30.2724426],[-97.7439564,30.2724463],[-97.7439448,30.2724423],[-97.7439569,30.2724161],[-97.7437682,30.2723684],[-97.7437717,30.2723581],[-97.7437621,30.272365],[-97.7437397,30.2723416],[-97.7437589,30.2723278],[-97.7437789,30.2723487],[-97.7439592,30.2723939],[-97.7439557,30.2724043],[-97.74396,30.2723942],[-97.7441151,30.2724416],[-97.7444781,30.2725424],[-97.7445262,30.2725596],[-97.7447094,30.2726096],[-97.7447929,30.2726352]]]},"properties":{"k":"patharea","u":"footway","s":"concrete"}},{"type":"Feature","geometry":{"type":"Polygon","coordinates":[[[-97.7454543,30.2723716],[-97.745425,30.2723468],[-97.7453276,30.272285],[-97.7452882,30.2722393],[-97.7452637,30.2721892],[-97.7452667,30.27219],[-97.7452713,30.2721771],[-97.7452828,30.2721729],[-97.74531,30.2722285],[-97.7453454,30.2722696],[-97.7454412,30.2723304],[-97.7454733,30.2723574],[-97.7454992,30.2723881],[-97.7455146,30.2724158],[-97.745541,30.2724845],[-97.7455782,30.2725475],[-97.7456325,30.272618],[-97.7456897,30.2726728],[-97.745749,30.2727253],[-97.745811,30.2727739],[-97.7458405,30.272801],[-97.7459353,30.272947],[-97.7459135,30.2729576],[-97.7458203,30.2728138],[-97.7457936,30.2727893],[-97.7457316,30.2727409],[-97.7456715,30.2726876],[-97.7456127,30.2726312],[-97.7455566,30.2725585],[-97.745518,30.2724929],[-97.7454912,30.2724236],[-97.7454776,30.2723993],[-97.7454543,30.2723716]]]},"properties":{"k":"patharea","u":"footway","s":"concrete"}},{"type":"Feature","geometry":{"type":"Polygon","coordinates":[[[-97.7450249,30.2727306],[-97.7450282,30.2727211],[-97.7450333,30.2727226],[-97.7450357,30.2727166],[-97.7450541,30.2727214],[-97.7450487,30.2727368],[-97.7450249,30.2727306]]]},"properties":{"k":"patharea","u":"footway","s":"concrete"}},{"type":"Feature","geometry":{"type":"Polygon","coordinates":[[[-97.7447916,30.2727898],[-97.7447811,30.2728156],[-97.7447712,30.2728137],[-97.7447739,30.2728032],[-97.744762,30.2728001],[-97.7447678,30.2727836],[-97.7447916,30.2727898]]]},"properties":{"k":"patharea","u":"footway","s":"concrete"}},{"type":"Feature","geometry":{"type":"Polygon","coordinates":[[[-97.7449893,30.2728955],[-97.7449737,30.2729123],[-97.7449572,30.2729008],[-97.7449728,30.272884],[-97.7449893,30.2728955]]]},"properties":{"k":"patharea","u":"footway","s":"concrete"}},{"type":"Feature","geometry":{"type":"Polygon","coordinates":[[[-97.7458048,30.2730786],[-97.7458286,30.2730852],[-97.7458172,30.2731155],[-97.7457934,30.2731089],[-97.7458048,30.2730786]]]},"properties":{"k":"patharea","u":"footway","s":"concrete"}},{"type":"Feature","geometry":{"type":"Polygon","coordinates":[[[-97.7461238,30.27305],[-97.7460733,30.2731774],[-97.7460497,30.2731704],[-97.7461002,30.273043],[-97.7461238,30.27305]]]},"properties":{"k":"patharea","u":"footway","s":"concrete"}},{"type":"Feature","geometry":{"type":"Polygon","coordinates":[[[-97.7458935,30.2731079],[-97.7458875,30.2731227],[-97.7458639,30.2731155],[-97.7458699,30.2731007],[-97.7458935,30.2731079]]]},"properties":{"k":"patharea","u":"footway","s":"concrete"}},{"type":"Feature","geometry":{"type":"Polygon","coordinates":[[[-97.7469951,30.2732722],[-97.7470017,30.2732514],[-97.7470247,30.2732569],[-97.7470181,30.2732777],[-97.7469951,30.2732722]]]},"properties":{"k":"patharea","u":"footway","s":"concrete"}},{"type":"Feature","geometry":{"type":"Polygon","coordinates":[[[-97.7471344,30.2734575],[-97.7471213,30.2734704],[-97.7470913,30.2735649],[-97.747063,30.2736319],[-97.7468299,30.2742635],[-97.7468061,30.2742569],[-97.7470394,30.2736249],[-97.7470675,30.2735583],[-97.747098,30.2734624],[-97.74711,30.2734652],[-97.7471006,30.2734581],[-97.7471142,30.2734447],[-97.7471606,30.2733468],[-97.7471469,30.273321],[-97.7471695,30.273312],[-97.7471855,30.273342],[-97.7471742,30.2733465],[-97.7471858,30.2733506],[-97.7471366,30.2734545],[-97.747125,30.2734504],[-97.7471344,30.2734575]]]},"properties":{"k":"patharea","u":"footway","s":"concrete"}},{"type":"Feature","geometry":{"type":"Polygon","coordinates":[[[-97.7444686,30.273591],[-97.7444807,30.2735936],[-97.7444823,30.2735829],[-97.7444929,30.2735841],[-97.744489,30.2736093],[-97.7444648,30.2736041],[-97.7444686,30.273591]]]},"properties":{"k":"patharea","u":"footway","s":"concrete"}},{"type":"Feature","geometry":{"type":"Polygon","coordinates":[[[-97.7447141,30.2736733],[-97.7446901,30.2736673],[-97.7446993,30.27364],[-97.7447233,30.273646],[-97.7447141,30.2736733]]]},"properties":{"k":"patharea","u":"footway","s":"concrete"}},{"type":"Feature","geometry":{"type":"Polygon","coordinates":[[[-97.7444141,30.2738238],[-97.744412,30.2738233],[-97.7442686,30.2742183],[-97.7442448,30.2742119],[-97.7444085,30.2737579],[-97.7444206,30.2737605],[-97.744422,30.2737555],[-97.7444377,30.2737588],[-97.7444313,30.2737797],[-97.744428,30.273779],[-97.7444141,30.2738238]]]},"properties":{"k":"patharea","u":"footway","s":"concrete"}},{"type":"Feature","geometry":{"type":"Polygon","coordinates":[[[-97.7446599,30.2738307],[-97.7446373,30.2738215],[-97.7446431,30.2738108],[-97.7446657,30.27382],[-97.7446599,30.2738307]]]},"properties":{"k":"patharea","u":"footway","s":"concrete"}},{"type":"Feature","geometry":{"type":"Polygon","coordinates":[[[-97.7468465,30.273746],[-97.7468235,30.2737544],[-97.7467731,30.2738944],[-97.7467778,30.2739332],[-97.7466648,30.2742191],[-97.7466412,30.2742121],[-97.7467524,30.2739308],[-97.7467477,30.2738922],[-97.7468029,30.2737384],[-97.7468263,30.27373],[-97.7469351,30.2734435],[-97.7469495,30.2734244],[-97.7469705,30.2734362],[-97.7469579,30.2734529],[-97.7468465,30.273746]]]},"properties":{"k":"patharea","u":"footway","s":"concrete"}},{"type":"Feature","geometry":{"type":"Polygon","coordinates":[[[-97.7457338,30.2740332],[-97.7457648,30.2739664],[-97.745788,30.2739744],[-97.7457568,30.2740416],[-97.7457149,30.2741235],[-97.7457035,30.2741191],[-97.7457005,30.2741296],[-97.7455358,30.2740942],[-97.7453785,30.2745332],[-97.7453547,30.2745265],[-97.7455135,30.2740836],[-97.7454789,30.2740464],[-97.7454886,30.2740396],[-97.7454765,30.274037],[-97.7455171,30.273899],[-97.7455413,30.2739046],[-97.7455022,30.274037],[-97.7455345,30.2740717],[-97.7456963,30.2741064],[-97.7457338,30.2740332]]]},"properties":{"k":"patharea","u":"footway","s":"concrete"}},{"type":"Feature","geometry":{"type":"Polygon","coordinates":[[[-97.7440865,30.274711],[-97.7440745,30.2747298],[-97.7440694,30.2747274],[-97.7440636,30.2747327],[-97.7440456,30.2747177],[-97.7440581,30.2747065],[-97.7440671,30.274714],[-97.7440731,30.2747046],[-97.7440865,30.274711]]]},"properties":{"k":"patharea","u":"footway","s":"concrete"}},{"type":"Feature","geometry":{"type":"Polygon","coordinates":[[[-97.7440026,30.2749291],[-97.7439947,30.2749495],[-97.7439893,30.274948],[-97.7439781,30.274976],[-97.7438129,30.2754308],[-97.7437891,30.2754241],[-97.7439506,30.2749796],[-97.7436854,30.2749056],[-97.7436761,30.2748939],[-97.7436844,30.2748662],[-97.7437012,30.2748874],[-97.7439584,30.2749591],[-97.7439751,30.2749159],[-97.7439989,30.2749221],[-97.7439971,30.2749275],[-97.7440026,30.2749291]]]},"properties":{"k":"patharea","u":"footway","s":"concrete"}},{"type":"Feature","geometry":{"type":"Polygon","coordinates":[[[-97.743642,30.2758803],[-97.7436463,30.275885],[-97.7436433,30.2758839],[-97.7436385,30.2758939],[-97.7436266,30.2758905],[-97.7436246,30.275896],[-97.7436182,30.2758891],[-97.743628,30.2758824],[-97.7436161,30.275879],[-97.7437738,30.2754671],[-97.7437976,30.2754737],[-97.743642,30.2758803]]]},"properties":{"k":"patharea","u":"footway","s":"concrete"}},{"type":"Feature","geometry":{"type":"Polygon","coordinates":[[[-97.7432564,30.2747348],[-97.7432639,30.2747142],[-97.7436444,30.2748251],[-97.743637,30.2748457],[-97.7432564,30.2747348]]]},"properties":{"k":"patharea","u":"footway","s":"concrete"}},{"type":"Feature","geometry":{"type":"Polygon","coordinates":[[[-97.7431254,30.2747026],[-97.7430975,30.2748009],[-97.7430788,30.2748508],[-97.7430669,30.2748475],[-97.7430788,30.2748509],[-97.7429533,30.2751844],[-97.7429295,30.2751778],[-97.7430735,30.2747951],[-97.7431017,30.2746954],[-97.7430955,30.2746929],[-97.7431059,30.2746733],[-97.7431085,30.2746743],[-97.7431097,30.2746706],[-97.7431337,30.2746768],[-97.7431319,30.2746818],[-97.7432142,30.2747011],[-97.7432066,30.2747217],[-97.7431254,30.2747026]]]},"properties":{"k":"patharea","u":"footway","s":"concrete"}},{"type":"Feature","geometry":{"type":"Polygon","coordinates":[[[-97.7427816,30.275661],[-97.7427697,30.2756578],[-97.7427778,30.275666],[-97.7427723,30.27567],[-97.7427904,30.2756783],[-97.7427768,30.2757005],[-97.7427548,30.2756905],[-97.7427632,30.2756767],[-97.7427463,30.2756608],[-97.7427589,30.2756516],[-97.7429163,30.2752212],[-97.74294,30.2752279],[-97.7427816,30.275661]]]},"properties":{"k":"patharea","u":"footway","s":"concrete"}},{"type":"Feature","geometry":{"type":"Polygon","coordinates":[[[-97.7442175,30.275003],[-97.7442109,30.2750187],[-97.7441875,30.2750113],[-97.7442012,30.2749788],[-97.7442246,30.2749862],[-97.7442175,30.275003]]]},"properties":{"k":"patharea","u":"footway","s":"concrete"}},{"type":"Feature","geometry":{"type":"Polygon","coordinates":[[[-97.7452875,30.2752886],[-97.7452745,30.275307],[-97.7452525,30.2752953],[-97.7451168,30.2752595],[-97.7450627,30.2752533],[-97.7450644,30.2752426],[-97.7450523,30.2752398],[-97.7450557,30.2752289],[-97.7450678,30.2752317],[-97.745067,30.2752209],[-97.7450909,30.2752197],[-97.7451581,30.275044],[-97.7451819,30.2750508],[-97.7451118,30.2752335],[-97.7451,30.27523],[-97.7451004,30.2752359],[-97.7451213,30.2752383],[-97.7451196,30.275249],[-97.7451236,30.2752388],[-97.7452483,30.2752718],[-97.7452921,30.2751172],[-97.7453068,30.2750775],[-97.7451975,30.2750507],[-97.7452049,30.2750301],[-97.7453259,30.2750597],[-97.7453226,30.2750701],[-97.7453345,30.2750734],[-97.7453161,30.2751232],[-97.7452717,30.2752802],[-97.7452875,30.2752886]]]},"properties":{"k":"patharea","u":"footway","s":"concrete"}},{"type":"Feature","geometry":{"type":"Polygon","coordinates":[[[-97.7462485,30.275337],[-97.7462594,30.2753423],[-97.7462557,30.2753526],[-97.7462653,30.2753552],[-97.7462445,30.275387],[-97.7461719,30.275545],[-97.7461487,30.275537],[-97.7462219,30.2753776],[-97.7462485,30.275337]]]},"properties":{"k":"patharea","u":"footway","s":"concrete"}},{"type":"Feature","geometry":{"type":"Polygon","coordinates":[[[-97.7463955,30.2753926],[-97.7464056,30.2753957],[-97.7464097,30.2753855],[-97.746422,30.2753875],[-97.7464125,30.2754318],[-97.7463582,30.2755887],[-97.746362,30.2755933],[-97.7463416,30.2756057],[-97.7463343,30.2755968],[-97.7463445,30.2755906],[-97.7463325,30.2755875],[-97.7463881,30.2754268],[-97.7463955,30.2753926]]]},"properties":{"k":"patharea","u":"footway","s":"concrete"}},{"type":"Feature","geometry":{"type":"Polygon","coordinates":[[[-97.7461706,30.2755623],[-97.7461625,30.2755827],[-97.7461458,30.2755777],[-97.746154,30.2755573],[-97.7461706,30.2755623]]]},"properties":{"k":"patharea","u":"footway","s":"concrete"}},{"type":"Feature","geometry":{"type":"Polygon","coordinates":[[[-97.7463043,30.2756111],[-97.7463079,30.2756008],[-97.7463475,30.2756105],[-97.7463407,30.2756313],[-97.7463009,30.2756215],[-97.7463043,30.2756111]]]},"properties":{"k":"patharea","u":"footway","s":"concrete"}},{"type":"Feature","geometry":{"type":"Polygon","coordinates":[[[-97.7473252,30.2756399],[-97.7473055,30.2756458],[-97.7473043,30.2756533],[-97.7472795,30.2756503],[-97.7472822,30.2756335],[-97.7472969,30.2756353],[-97.7473202,30.2756275],[-97.7473252,30.2756399]]]},"properties":{"k":"patharea","u":"footway","s":"concrete"}},{"type":"Feature","geometry":{"type":"Polygon","coordinates":[[[-97.7472388,30.2758222],[-97.747232,30.2758399],[-97.7472694,30.275851],[-97.7472612,30.2758714],[-97.7472126,30.275857],[-97.7472191,30.2758409],[-97.7472067,30.2758373],[-97.7472152,30.2758154],[-97.7472388,30.2758222]]]},"properties":{"k":"patharea","u":"footway","s":"concrete"}},{"type":"Feature","geometry":{"type":"Polygon","coordinates":[[[-97.7474111,30.275867],[-97.7474349,30.2758734],[-97.7474226,30.2759071],[-97.7473988,30.2759007],[-97.7474111,30.275867]]]},"properties":{"k":"patharea","u":"footway","s":"concrete"}},{"type":"Feature","geometry":{"type":"Polygon","coordinates":[[[-97.7461933,30.2760648],[-97.7461904,30.2760791],[-97.7461665,30.2760721],[-97.7461771,30.276034],[-97.7462272,30.2759003],[-97.7462516,30.2758417],[-97.746275,30.2758489],[-97.7462508,30.2759073],[-97.7461933,30.2760648]]]},"properties":{"k":"patharea","u":"footway","s":"concrete"}},{"type":"Feature","geometry":{"type":"Polygon","coordinates":[[[-97.7461188,30.2762903],[-97.7460168,30.2765642],[-97.745993,30.2765576],[-97.7461565,30.2761166],[-97.7461802,30.2761235],[-97.7461188,30.2762903]]]},"properties":{"k":"patharea","u":"footway","s":"concrete"}},{"type":"Feature","geometry":{"type":"Polygon","coordinates":[[[-97.741271,30.2717567],[-97.7412546,30.271804],[-97.7412501,30.2718295],[-97.7412883,30.2718375],[-97.7412853,30.271848],[-97.7412893,30.2718378],[-97.7414937,30.2718977],[-97.7414897,30.2719079],[-97.741495,30.2718981],[-97.7415512,30.2719207],[-97.7415485,30.2718985],[-97.7415609,30.2718974],[-97.7415491,30.271894],[-97.7416012,30.2717589],[-97.7416248,30.2717657],[-97.7415736,30.2718986],[-97.7415766,30.2719238],[-97.7415576,30.2719255],[-97.741548,30.2719433],[-97.741485,30.2719179],[-97.7412818,30.2718584],[-97.7412331,30.2718481],[-97.7412361,30.2718376],[-97.7412238,30.271836],[-97.7412301,30.2718],[-97.7412424,30.2718016],[-97.7412304,30.2717985],[-97.7412472,30.2717499],[-97.7412824,30.2716657],[-97.7413058,30.2716731],[-97.741271,30.2717567]]]},"properties":{"k":"patharea","u":"footway","s":"concrete"}},{"type":"Feature","geometry":{"type":"Polygon","coordinates":[[[-97.7426711,30.2720689],[-97.7426477,30.2720613],[-97.7426611,30.2720306],[-97.7426845,30.2720382],[-97.7426711,30.2720689]]]},"properties":{"k":"patharea","u":"footway","s":"concrete"}},{"type":"Feature","geometry":{"type":"Polygon","coordinates":[[[-97.7428341,30.2720822],[-97.7428423,30.2720618],[-97.7428957,30.2720778],[-97.7428875,30.2720982],[-97.7428341,30.2720822]]]},"properties":{"k":"patharea","u":"footway","s":"concrete"}},{"type":"Feature","geometry":{"type":"Polygon","coordinates":[[[-97.7428936,30.2720889],[-97.7429174,30.2720955],[-97.7429027,30.2721345],[-97.7428908,30.2721312],[-97.7429025,30.272135],[-97.742859,30.272236],[-97.7428356,30.2722284],[-97.7428936,30.2720889]]]},"properties":{"k":"patharea","u":"footway","s":"concrete"}},{"type":"Feature","geometry":{"type":"Polygon","coordinates":[[[-97.7426314,30.2721774],[-97.7426234,30.2722002],[-97.7425996,30.272194],[-97.7426076,30.2721712],[-97.7426314,30.2721774]]]},"properties":{"k":"patharea","u":"footway","s":"concrete"}},{"type":"Feature","geometry":{"type":"Polygon","coordinates":[[[-97.7426041,30.2722201],[-97.7426119,30.2721997],[-97.7426879,30.2722212],[-97.7426804,30.2722418],[-97.7426514,30.2722337],[-97.7426553,30.2722234],[-97.7426514,30.2722336],[-97.7426041,30.2722201]]]},"properties":{"k":"patharea","u":"footway","s":"concrete"}},{"type":"Feature","geometry":{"type":"Polygon","coordinates":[[[-97.7427522,30.2722394],[-97.7427444,30.2722598],[-97.7427299,30.2722557],[-97.7427374,30.2722352],[-97.7427522,30.2722394]]]},"properties":{"k":"patharea","u":"footway","s":"concrete"}},{"type":"Feature","geometry":{"type":"Polygon","coordinates":[[[-97.7422756,30.2725482],[-97.7419354,30.2724518],[-97.7419432,30.2724314],[-97.7422832,30.2725277],[-97.7422756,30.2725482]]]},"properties":{"k":"patharea","u":"footway","s":"concrete"}},{"type":"Feature","geometry":{"type":"Polygon","coordinates":[[[-97.7423508,30.2725687],[-97.7423586,30.2725482],[-97.7423954,30.2725585],[-97.7423878,30.2725791],[-97.7423508,30.2725687]]]},"properties":{"k":"patharea","u":"footway","s":"concrete"}},{"type":"Feature","geometry":{"type":"Polygon","coordinates":[[[-97.7414119,30.272715],[-97.7412931,30.272683],[-97.7412682,30.272657],[-97.7412874,30.2726432],[-97.7413077,30.2726644],[-97.7414157,30.2726934],[-97.7414693,30.2726932],[-97.7415062,30.272703],[-97.7415025,30.2727131],[-97.7415263,30.2727197],[-97.7415301,30.2727095],[-97.7418259,30.2727925],[-97.741819,30.2728132],[-97.7414657,30.2727148],[-97.7414119,30.272715]]]},"properties":{"k":"patharea","u":"footway","s":"concrete"}},{"type":"Feature","geometry":{"type":"Polygon","coordinates":[[[-97.7423388,30.2729549],[-97.7423302,30.2729751],[-97.7418681,30.2728279],[-97.7418752,30.2728072],[-97.7423388,30.2729549]]]},"properties":{"k":"patharea","u":"footway","s":"concrete"}},{"type":"Feature","geometry":{"type":"Polygon","coordinates":[[[-97.7425142,30.2733318],[-97.7425041,30.2733381],[-97.7425154,30.2733334],[-97.742538,30.2733741],[-97.742556,30.2734263],[-97.7425629,30.2734814],[-97.7425601,30.2735318],[-97.7425451,30.2735927],[-97.7423012,30.2742812],[-97.7422775,30.2742746],[-97.7422902,30.274239],[-97.7422613,30.2742345],[-97.7422273,30.2742395],[-97.7422103,30.2742736],[-97.7421866,30.2742666],[-97.7422008,30.2742382],[-97.7420698,30.2742174],[-97.7419966,30.2742112],[-97.7419488,30.2742112],[-97.741842,30.2742315],[-97.7417415,30.2742646],[-97.74169,30.2742881],[-97.7416364,30.2743143],[-97.7415137,30.2743902],[-97.7414466,30.2744224],[-97.7413884,30.2744352],[-97.7413735,30.2744363],[-97.7414462,30.2744882],[-97.7414275,30.2745028],[-97.7413637,30.2744589],[-97.7413715,30.2744505],[-97.7413622,30.2744577],[-97.7413414,30.2744378],[-97.7413069,30.2744353],[-97.7412565,30.2744249],[-97.7410744,30.2743783],[-97.7410513,30.2743696],[-97.7410262,30.2743566],[-97.7409671,30.27431],[-97.7409456,30.2742834],[-97.7409216,30.2742379],[-97.7409202,30.2742272],[-97.7409223,30.2742378],[-97.7409471,30.274234],[-97.7409674,30.2742726],[-97.7409861,30.2742958],[-97.741041,30.2743392],[-97.7410627,30.2743504],[-97.741083,30.2743581],[-97.7412629,30.2744041],[-97.7413109,30.2744139],[-97.7413307,30.2744154],[-97.7413077,30.2743555],[-97.7412471,30.274247],[-97.741213,30.2741469],[-97.7411985,30.2740758],[-97.7411872,30.273988],[-97.7411855,30.2739036],[-97.7411764,30.2738259],[-97.7411566,30.2738137],[-97.7410885,30.2739536],[-97.7410726,30.2739806],[-97.741032,30.2740329],[-97.7409896,30.2740713],[-97.7409496,30.2741174],[-97.7409333,30.2741601],[-97.7409315,30.2741896],[-97.7409378,30.2742135],[-97.7409132,30.2742172],[-97.7409063,30.2741914],[-97.7409085,30.2741561],[-97.7409272,30.2741074],[-97.7409704,30.2740573],[-97.7410124,30.2740193],[-97.741051,30.2739696],[-97.7410659,30.2739444],[-97.7411393,30.2737933],[-97.7411642,30.2737298],[-97.7411896,30.2736433],[-97.7412458,30.2734305],[-97.7412656,30.2733118],[-97.7412825,30.2730623],[-97.7412902,30.2730052],[-97.741313,30.2729484],[-97.7412904,30.2729413],[-97.741299,30.2729211],[-97.7413253,30.2729293],[-97.741334,30.2729158],[-97.7413349,30.2729196],[-97.7413471,30.2729175],[-97.741358,30.2729227],[-97.7413494,30.2729362],[-97.7422058,30.2731722],[-97.742223,30.2731648],[-97.7422315,30.2731795],[-97.7423554,30.2732146],[-97.7424191,30.2732421],[-97.7424676,30.2732762],[-97.7425142,30.2733318]],[[-97.7413332,30.2729614],[-97.7413188,30.2729992],[-97.7413598,30.2730336],[-97.7415259,30.273151],[-97.7416885,30.2732486],[-97.7417588,30.2732977],[-97.7418171,30.2733456],[-97.741888,30.2734153],[-97.7419494,30.2734849],[-97.7419857,30.2735415],[-97.7420262,30.2736179],[-97.7420466,30.2736818],[-97.7420569,30.2737517],[-97.7420618,30.2738222],[-97.7420968,30.2739454],[-97.7421411,30.274031],[-97.7421798,30.2740918],[-97.742238,30.2741447],[-97.7422509,30.2741894],[-97.7422396,30.2742158],[-97.7422593,30.2742129],[-97.7422614,30.2742235],[-97.7422637,30.2742129],[-97.7422976,30.2742182],[-97.7425209,30.2735873],[-97.7425353,30.273529],[-97.7425379,30.273482],[-97.7425314,30.2734305],[-97.7425146,30.2733819],[-97.7424933,30.2733436],[-97.7424494,30.2732912],[-97.7424055,30.2732603],[-97.7423458,30.2732346],[-97.741337,30.2729555],[-97.7413332,30.2729614]],[[-97.7413022,30.2731333],[-97.7412904,30.273314],[-97.7412704,30.2734345],[-97.7412138,30.2736483],[-97.7411882,30.273736],[-97.7411658,30.273793],[-97.7412,30.2738139],[-97.7412105,30.2739024],[-97.741212,30.2739802],[-97.7414147,30.2740566],[-97.741422,30.2740473],[-97.741444,30.2740446],[-97.7414903,30.2740575],[-97.7415038,30.274071],[-97.7415048,30.274087],[-97.7414996,30.2741107],[-97.7414842,30.2741441],[-97.741462,30.2741554],[-97.741437,30.2741524],[-97.7414119,30.2741445],[-97.7412742,30.2742459],[-97.7413309,30.2743473],[-97.7413567,30.2744159],[-97.7413842,30.2744138],[-97.7414374,30.2744022],[-97.7415003,30.274372],[-97.741623,30.2742961],[-97.741678,30.2742691],[-97.7417311,30.274245],[-97.7418346,30.2742109],[-97.7418952,30.274198],[-97.7419464,30.2741896],[-97.7419978,30.2741896],[-97.7420734,30.274196],[-97.7422113,30.2742179],[-97.7422249,30.2741882],[-97.7422154,30.2741555],[-97.7421594,30.2741046],[-97.7421187,30.2740406],[-97.742073,30.2739522],[-97.742037,30.2738256],[-97.7420321,30.2737537],[-97.742022,30.273686],[-97.7420026,30.2736253],[-97.7419633,30.2735513],[-97.7419284,30.2734967],[-97.7418686,30.2734289],[-97.7417991,30.2733606],[-97.7417424,30.2733139],[-97.7416735,30.2732658],[-97.7415249,30.2731767],[-97.7414768,30.2733016],[-97.7414532,30.2732948],[-97.7415038,30.2731632],[-97.7413432,30.2730498],[-97.7413135,30.2730248],[-97.7413073,30.2730645],[-97.7413022,30.2731333]],[[-97.7412145,30.2740046],[-97.7412233,30.2740728],[-97.7412374,30.2741419],[-97.7412653,30.2742241],[-97.7413953,30.2741283],[-97.7413923,30.2741178],[-97.7414037,30.274076],[-97.7412145,30.2740046]],[[-97.7414364,30.2740673],[-97.7414305,30.2740749],[-97.7414239,30.274092],[-97.7414179,30.2741174],[-97.7414198,30.274124],[-97.741443,30.2741314],[-97.7414568,30.274133],[-97.7414642,30.2741293],[-97.7414756,30.2741047],[-97.7414794,30.2740796],[-97.7414755,30.2740757],[-97.7414602,30.2740705],[-97.7414426,30.2740666],[-97.7414364,30.2740673]]]},"properties":{"k":"patharea","u":"footway","s":"concrete"}},{"type":"Feature","geometry":{"type":"Polygon","coordinates":[[[-97.7421842,30.2743247],[-97.7421894,30.2743402],[-97.7422087,30.2743579],[-97.7422305,30.2743714],[-97.7422376,30.2743791],[-97.7422486,30.2743435],[-97.7422726,30.2743495],[-97.7422553,30.2744055],[-97.741882,30.2754137],[-97.7420991,30.2754537],[-97.7420965,30.2754642],[-97.7421025,30.2754547],[-97.7421234,30.2754646],[-97.7421114,30.2754836],[-97.7420921,30.2754744],[-97.7418743,30.2754344],[-97.7418503,30.2754975],[-97.7418255,30.2754938],[-97.7422294,30.2744047],[-97.7422131,30.2743872],[-97.7421921,30.2743741],[-97.742167,30.2743512],[-97.7421609,30.2743329],[-97.7421398,30.2743285],[-97.7420336,30.2743183],[-97.7419688,30.2743199],[-97.7419487,30.2743298],[-97.7419272,30.2743491],[-97.7418786,30.2743734],[-97.741823,30.274408],[-97.7417738,30.2744339],[-97.7417381,30.2744602],[-97.7417105,30.2744847],[-97.7416521,30.2745593],[-97.7416273,30.27461],[-97.7416096,30.2746587],[-97.7415939,30.2747371],[-97.7415615,30.274771],[-97.7415345,30.2748807],[-97.7414568,30.2750824],[-97.7414704,30.2750852],[-97.7414675,30.2750957],[-97.7414782,30.2750902],[-97.7415286,30.2751637],[-97.7415831,30.275263],[-97.7416446,30.2753391],[-97.7417354,30.2754628],[-97.741745,30.2754732],[-97.7417077,30.2754654],[-97.7416238,30.2753511],[-97.7415856,30.2753038],[-97.7415791,30.2753645],[-97.7415531,30.2754404],[-97.7415281,30.2754372],[-97.7415543,30.2753607],[-97.7415576,30.2753216],[-97.7415646,30.2752777],[-97.7415066,30.2751739],[-97.7414594,30.2751051],[-97.7414462,30.2751024],[-97.7413812,30.2751826],[-97.7413085,30.2752481],[-97.7412542,30.2752897],[-97.7412062,30.2753067],[-97.7411479,30.2753233],[-97.7410995,30.2753305],[-97.741056,30.2753329],[-97.7410038,30.2753271],[-97.7408668,30.2752927],[-97.7407261,30.2756458],[-97.7409749,30.2757151],[-97.7409826,30.275695],[-97.7408718,30.2756631],[-97.7409483,30.2754554],[-97.7410726,30.2754857],[-97.7413732,30.2755639],[-97.741435,30.2755867],[-97.7414512,30.2755443],[-97.7414842,30.2755514],[-97.7415113,30.2754808],[-97.7415365,30.2754836],[-97.7415083,30.2755571],[-97.741535,30.2755639],[-97.7415168,30.2756111],[-97.7415978,30.2756351],[-97.741634,30.2756372],[-97.7417032,30.2756156],[-97.7417562,30.2755924],[-97.7417829,30.2755774],[-97.7417528,30.2755214],[-97.7417849,30.27553],[-97.7417991,30.2755562],[-97.7418065,30.275543],[-97.7418293,30.2755518],[-97.7418133,30.2755802],[-97.7418239,30.2755925],[-97.7418319,30.2755775],[-97.7418557,30.2755574],[-97.741958,30.2755927],[-97.7419534,30.2756027],[-97.7419654,30.2756056],[-97.7419191,30.2757506],[-97.7417202,30.2762819],[-97.7412825,30.2761579],[-97.7412556,30.2762311],[-97.7411843,30.2762107],[-97.7411468,30.2763085],[-97.7411319,30.2763267],[-97.7411141,30.2764045],[-97.7410897,30.2764003],[-97.7411085,30.2763181],[-97.7411242,30.2762987],[-97.7411631,30.2761974],[-97.7411529,30.2761754],[-97.741141,30.2761688],[-97.7408458,30.276089],[-97.7407271,30.2760482],[-97.7408051,30.2758434],[-97.7409157,30.2758763],[-97.7409282,30.2758432],[-97.7406805,30.2757741],[-97.7405395,30.2761318],[-97.7404502,30.2763918],[-97.7404263,30.2764534],[-97.74047,30.2764653],[-97.7404408,30.2765301],[-97.7404176,30.2765223],[-97.740437,30.2764789],[-97.7403945,30.2764674],[-97.7404264,30.2763854],[-97.7405121,30.2761355],[-97.7400995,30.27602],[-97.7400112,30.2762707],[-97.739972,30.2763349],[-97.739957,30.2763653],[-97.7397772,30.276859],[-97.7397534,30.2768526],[-97.7399336,30.2763579],[-97.7399494,30.2763257],[-97.739988,30.2762625],[-97.7400944,30.2759622],[-97.7401181,30.2759691],[-97.7401069,30.2759994],[-97.7405198,30.276115],[-97.7405534,30.2760296],[-97.7401395,30.275913],[-97.7401258,30.2759486],[-97.7401021,30.2759417],[-97.7402178,30.2756358],[-97.7402641,30.2755286],[-97.7402758,30.2755324],[-97.7402642,30.2755285],[-97.7402758,30.2755027],[-97.740255,30.2754959],[-97.7402638,30.2754757],[-97.7402778,30.2754802],[-97.7402734,30.2754903],[-97.7402779,30.2754802],[-97.7402869,30.2754832],[-97.7403094,30.275452],[-97.7403636,30.2754705],[-97.7404256,30.2753981],[-97.7404777,30.275348],[-97.7405432,30.2752986],[-97.7405743,30.2752791],[-97.7406217,30.2752544],[-97.7406127,30.2752327],[-97.740659,30.2752179],[-97.7406823,30.2752191],[-97.7409375,30.2752894],[-97.7410086,30.2753059],[-97.7410568,30.2753113],[-97.7410965,30.2753091],[-97.7411419,30.2753023],[-97.7411976,30.2752865],[-97.7412408,30.2752711],[-97.7412911,30.2752327],[-97.741362,30.2751686],[-97.7414293,30.2750853],[-97.7415103,30.2748751],[-97.7415373,30.2747657],[-97.7415323,30.274731],[-97.7415165,30.2746754],[-97.7414969,30.2746263],[-97.7414903,30.2745913],[-97.7415004,30.274553],[-97.7414686,30.2745312],[-97.7414875,30.2745166],[-97.7415215,30.27454],[-97.7415137,30.2745484],[-97.7415261,30.2745498],[-97.7415157,30.2745923],[-97.7415211,30.2746211],[-97.7415405,30.2746692],[-97.7415587,30.2747401],[-97.7415703,30.2747281],[-97.7415854,30.2746535],[-97.7416039,30.2746026],[-97.7416301,30.2745491],[-97.7416911,30.2744709],[-97.7417211,30.2744444],[-97.7417592,30.2744163],[-97.7418092,30.27439],[-97.741865,30.2743552],[-97.7419116,30.2743319],[-97.7419333,30.2743126],[-97.7419618,30.2742985],[-97.7420346,30.2742967],[-97.7421442,30.2743073],[-97.7421638,30.2743113],[-97.7421655,30.2743079],[-97.7421893,30.2743149],[-97.7421842,30.2743247]],[[-97.7412625,30.276141],[-97.741304,30.2760282],[-97.7413278,30.2760348],[-97.74129,30.2761374],[-97.7417042,30.2762547],[-97.7418936,30.2757485],[-97.7418104,30.275613],[-97.7417958,30.2755959],[-97.7417688,30.2756112],[-97.7417132,30.2756354],[-97.7416376,30.275659],[-97.7415932,30.2756565],[-97.741481,30.2756232],[-97.741427,30.2757656],[-97.7414032,30.2757588],[-97.7414572,30.2756166],[-97.7414268,30.2756081],[-97.7413648,30.2755843],[-97.7410773,30.2755094],[-97.7409986,30.2757219],[-97.7410359,30.2757329],[-97.7410279,30.2757533],[-97.740991,30.2757424],[-97.7409594,30.2758299],[-97.7409975,30.2758428],[-97.7409885,30.2758628],[-97.7409518,30.2758505],[-97.7408659,30.2760718],[-97.7411516,30.276149],[-97.7411731,30.276161],[-97.7411858,30.2761884],[-97.7412394,30.2762037],[-97.7412625,30.276141]],[[-97.7403271,30.2756774],[-97.7402376,30.2756529],[-97.7401473,30.2758925],[-97.7405615,30.2760092],[-97.7406567,30.2757675],[-97.7403271,30.2756774]],[[-97.7403549,30.2755653],[-97.7402833,30.2755458],[-97.7402459,30.2756325],[-97.7403227,30.2756536],[-97.7403549,30.2755653]],[[-97.7414933,30.275604],[-97.7415032,30.2755783],[-97.7414676,30.2755701],[-97.7414584,30.2755943],[-97.7414933,30.275604]],[[-97.740903,30.2756493],[-97.7409903,30.2756745],[-97.7410533,30.2755034],[-97.7409647,30.2754818],[-97.740903,30.2756493]],[[-97.7419328,30.2756266],[-97.7419384,30.2756091],[-97.7418615,30.2755826],[-97.7418527,30.2755901],[-97.7418438,30.275607],[-97.7418373,30.2756108],[-97.7419034,30.2757185],[-97.7419328,30.2756266]],[[-97.7405584,30.2753158],[-97.7404955,30.2753632],[-97.740445,30.2754117],[-97.7403722,30.2754967],[-97.7403196,30.2754786],[-97.7403032,30.2755013],[-97.7402923,30.2755256],[-97.7407024,30.2756392],[-97.740843,30.2752862],[-97.7406777,30.2752405],[-97.7406628,30.2752397],[-97.7406445,30.2752455],[-97.7406521,30.2752638],[-97.7405881,30.2752971],[-97.7405584,30.2753158]],[[-97.740664,30.2757469],[-97.7406947,30.2756597],[-97.740544,30.2756172],[-97.7405127,30.2757055],[-97.740664,30.2757469]],[[-97.7404889,30.275699],[-97.7405202,30.2756106],[-97.7403787,30.2755718],[-97.7403465,30.2756601],[-97.7404889,30.275699]],[[-97.7409673,30.2757356],[-97.7407185,30.2756663],[-97.7406878,30.2757535],[-97.7409358,30.2758227],[-97.7409673,30.2757356]],[[-97.7408209,30.275871],[-97.7407581,30.2760356],[-97.7408424,30.2760646],[-97.7409078,30.2758968],[-97.7408209,30.275871]]]},"properties":{"k":"patharea","u":"footway","s":"concrete"}},{"type":"Feature","geometry":{"type":"Polygon","coordinates":[[[-97.740203,30.275479],[-97.7401779,30.275495],[-97.7401803,30.275499],[-97.7401796,30.2755144],[-97.7401101,30.275715],[-97.7400326,30.2759216],[-97.7400208,30.2759183],[-97.740013,30.2759387],[-97.7400248,30.2759421],[-97.7399094,30.2762466],[-97.7398941,30.2762774],[-97.7398638,30.276303],[-97.7398297,30.2763205],[-97.7398018,30.2763277],[-97.739767,30.2763285],[-97.7397229,30.2763189],[-97.7396878,30.2762989],[-97.739642,30.2762452],[-97.7396367,30.2762176],[-97.7396413,30.2761804],[-97.7397556,30.2758681],[-97.7397677,30.2758713],[-97.7397749,30.2758507],[-97.7397632,30.2758476],[-97.7399149,30.2754443],[-97.7399234,30.2754291],[-97.7399216,30.2754281],[-97.7399358,30.2754103],[-97.7399515,30.2754196],[-97.7399444,30.2754285],[-97.7399519,30.2754371],[-97.7399436,30.2754425],[-97.7399381,30.2754523],[-97.7397832,30.2758643],[-97.7396659,30.2761848],[-97.7396619,30.276217],[-97.7396656,30.2762368],[-97.7396818,30.2762562],[-97.7397052,30.2762829],[-97.7397331,30.2762989],[-97.7397698,30.2763069],[-97.7397978,30.2763063],[-97.7398195,30.2763007],[-97.7398484,30.2762858],[-97.7398731,30.276265],[-97.739886,30.2762392],[-97.7400863,30.2757086],[-97.7401548,30.2755108],[-97.7401551,30.2755038],[-97.7401508,30.2754968],[-97.7401619,30.2754918],[-97.7401545,30.2754831],[-97.7401937,30.2754582],[-97.7402011,30.2754669],[-97.7402055,30.2754568],[-97.740215,30.2754599],[-97.7402062,30.2754801],[-97.740203,30.275479]]]},"properties":{"k":"patharea","u":"footway","s":"concrete"}},{"type":"Feature","geometry":{"type":"Polygon","coordinates":[[[-97.7428693,30.2733178],[-97.7429011,30.2733281],[-97.7428923,30.2733483],[-97.7428605,30.273338],[-97.7428693,30.2733178]]]},"properties":{"k":"patharea","u":"footway","s":"concrete"}},{"type":"Feature","geometry":{"type":"Polygon","coordinates":[[[-97.7433219,30.2734449],[-97.7433467,30.2734479],[-97.7433463,30.2734503],[-97.7433538,30.2734523],[-97.7433462,30.2734729],[-97.7433286,30.2734681],[-97.7433324,30.2734578],[-97.74332,30.2734563],[-97.7433219,30.2734449]]]},"properties":{"k":"patharea","u":"footway","s":"concrete"}},{"type":"Feature","geometry":{"type":"Polygon","coordinates":[[[-97.7429948,30.2744289],[-97.7429706,30.2744233],[-97.7429798,30.2743932],[-97.743004,30.2743988],[-97.7429948,30.2744289]]]},"properties":{"k":"patharea","u":"footway","s":"concrete"}},{"type":"Feature","geometry":{"type":"Polygon","coordinates":[[[-97.7429037,30.2746107],[-97.7429273,30.2746177],[-97.7429245,30.2746247],[-97.7429347,30.2746287],[-97.7429243,30.2746483],[-97.7429038,30.2746402],[-97.742909,30.2746304],[-97.7428972,30.2746269],[-97.7429037,30.2746107]]]},"properties":{"k":"patharea","u":"footway","s":"concrete"}},{"type":"Feature","geometry":{"type":"Polygon","coordinates":[[[-97.7421126,30.2755088],[-97.7421247,30.2755116],[-97.7421132,30.2755074],[-97.7421213,30.2754907],[-97.7421443,30.2754991],[-97.7421365,30.2755151],[-97.7420943,30.2756476],[-97.7420703,30.2756418],[-97.7421126,30.2755088]]]},"properties":{"k":"patharea","u":"footway","s":"concrete"}},{"type":"Feature","geometry":{"type":"Polygon","coordinates":[[[-97.7425719,30.2756116],[-97.7425635,30.2756318],[-97.7425539,30.2756289],[-97.7425522,30.2756339],[-97.7425282,30.2756281],[-97.7425335,30.2756119],[-97.7425455,30.2756148],[-97.7425497,30.2756047],[-97.7425719,30.2756116]]]},"properties":{"k":"patharea","u":"footway","s":"concrete"}},{"type":"Feature","geometry":{"type":"Polygon","coordinates":[[[-97.7427204,30.2757957],[-97.7427448,30.2757915],[-97.7427531,30.2758276],[-97.7427287,30.2758318],[-97.7427204,30.2757957]]]},"properties":{"k":"patharea","u":"footway","s":"concrete"}},{"type":"Feature","geometry":{"type":"Polygon","coordinates":[[[-97.7426856,30.2758272],[-97.7426966,30.2758301],[-97.7426894,30.2758507],[-97.7426784,30.2758478],[-97.7426856,30.2758272]]]},"properties":{"k":"patharea","u":"footway","s":"concrete"}},{"type":"Feature","geometry":{"type":"Polygon","coordinates":[[[-97.7438303,30.2759721],[-97.7438383,30.2759516],[-97.7438553,30.2759563],[-97.7438515,30.2759666],[-97.7438631,30.2759705],[-97.7438562,30.2759858],[-97.7438328,30.2759785],[-97.7438351,30.2759734],[-97.7438303,30.2759721]]]},"properties":{"k":"patharea","u":"footway","s":"concrete"}},{"type":"Feature","geometry":{"type":"Polygon","coordinates":[[[-97.7435847,30.2760344],[-97.7435967,30.2760373],[-97.7435904,30.2760623],[-97.7436106,30.2760705],[-97.7436005,30.2760902],[-97.7435708,30.2760781],[-97.7435761,30.2760684],[-97.7435639,30.2760661],[-97.7435725,30.2760321],[-97.7435847,30.2760344]]]},"properties":{"k":"patharea","u":"footway","s":"concrete"}},{"type":"Feature","geometry":{"type":"Polygon","coordinates":[[[-97.7437841,30.276128],[-97.743796,30.2761247],[-97.743808,30.2761278],[-97.7438091,30.2761246],[-97.7438115,30.2761312],[-97.7437877,30.2761378],[-97.7437841,30.276128]]]},"properties":{"k":"patharea","u":"footway","s":"concrete"}},{"type":"Feature","geometry":{"type":"Polygon","coordinates":[[[-97.743758,30.2761389],[-97.7437629,30.2761404],[-97.7437671,30.2761302],[-97.7437784,30.2761256],[-97.7437847,30.2761371],[-97.7437621,30.2761463],[-97.743758,30.2761389]]]},"properties":{"k":"patharea","u":"footway","s":"concrete"}},{"type":"Feature","geometry":{"type":"Polygon","coordinates":[[[-97.7405214,30.2706079],[-97.7405376,30.2706243],[-97.7405256,30.2706353],[-97.7402647,30.2712975],[-97.7402523,30.2713295],[-97.7402523,30.2713384],[-97.7402277,30.2713424],[-97.7402258,30.2713335],[-97.7402281,30.2713239],[-97.7405032,30.2706253],[-97.7405115,30.2706152],[-97.7405214,30.2706079]]]},"properties":{"k":"patharea","u":"footway","s":"concrete"}},{"type":"Feature","geometry":{"type":"Polygon","coordinates":[[[-97.7400499,30.2712947],[-97.7400261,30.2712883],[-97.7401435,30.2709655],[-97.7401673,30.2709719],[-97.7400499,30.2712947]]]},"properties":{"k":"patharea","u":"footway","s":"concrete"}},{"type":"Feature","geometry":{"type":"Polygon","coordinates":[[[-97.7399483,30.2712822],[-97.7399245,30.2712756],[-97.7399351,30.2712474],[-97.7399589,30.2712542],[-97.7399483,30.2712822]]]},"properties":{"k":"patharea","u":"footway","s":"concrete"}},{"type":"Feature","geometry":{"type":"Polygon","coordinates":[[[-97.7399161,30.2712985],[-97.7399399,30.271305],[-97.7399367,30.2713137],[-97.7399129,30.2713073],[-97.7399161,30.2712985]]]},"properties":{"k":"patharea","u":"footway","s":"concrete"}},{"type":"Feature","geometry":{"type":"Polygon","coordinates":[[[-97.7402029,30.2713408],[-97.7400919,30.2713172],[-97.7400979,30.2712962],[-97.7402087,30.2713198],[-97.7402029,30.2713408]]]},"properties":{"k":"patharea","u":"footway","s":"concrete"}},{"type":"Feature","geometry":{"type":"Polygon","coordinates":[[[-97.7399485,30.2714487],[-97.7399947,30.271341],[-97.7400064,30.2713447],[-97.7399948,30.2713407],[-97.7399993,30.271331],[-97.7400225,30.271339],[-97.7399719,30.2714561],[-97.7399485,30.2714487]]]},"properties":{"k":"patharea","u":"footway","s":"concrete"}},{"type":"Feature","geometry":{"type":"Polygon","coordinates":[[[-97.7401882,30.2715271],[-97.740164,30.2715219],[-97.7402118,30.2713571],[-97.740236,30.2713623],[-97.7401882,30.2715271]]]},"properties":{"k":"patharea","u":"footway","s":"concrete"}},{"type":"Feature","geometry":{"type":"Polygon","coordinates":[[[-97.7399785,30.2714992],[-97.7399865,30.2714788],[-97.7400789,30.2715058],[-97.7401389,30.2715211],[-97.7401319,30.2715417],[-97.7400713,30.2715264],[-97.7399785,30.2714992]]]},"properties":{"k":"patharea","u":"footway","s":"concrete"}},{"type":"Feature","geometry":{"type":"Polygon","coordinates":[[[-97.7398214,30.2719102],[-97.7398207,30.2718847],[-97.7398457,30.2718843],[-97.7398464,30.2719132],[-97.7397299,30.272236],[-97.7397254,30.2722348],[-97.7397222,30.272245],[-97.7392814,30.2721261],[-97.7392891,30.2721055],[-97.7397098,30.2722193],[-97.7398214,30.2719102]]]},"properties":{"k":"patharea","u":"footway","s":"concrete"}},{"type":"Feature","geometry":{"type":"Polygon","coordinates":[[[-97.7398944,30.2722734],[-97.7398984,30.2722745],[-97.7400159,30.2719626],[-97.7400397,30.2719692],[-97.7399221,30.2722812],[-97.7401482,30.2723456],[-97.740161,30.2723141],[-97.7401846,30.2723211],[-97.7401719,30.2723524],[-97.7404222,30.2724238],[-97.7404738,30.2722894],[-97.7404048,30.272244],[-97.74042,30.2722268],[-97.740503,30.2722816],[-97.7404459,30.2724305],[-97.7404794,30.2724401],[-97.7404717,30.2724606],[-97.7398987,30.2722973],[-97.7398977,30.2723002],[-97.7398738,30.2722939],[-97.739875,30.2722904],[-97.739829,30.2722768],[-97.7398372,30.2722564],[-97.7398944,30.2722734]]]},"properties":{"k":"patharea","u":"footway","s":"concrete"}},{"type":"Feature","geometry":{"type":"Polygon","coordinates":[[[-97.7405308,30.2724536],[-97.7406463,30.2724869],[-97.7406386,30.2725074],[-97.7405215,30.2724737],[-97.7405291,30.2724532],[-97.7405308,30.2724536]]]},"properties":{"k":"patharea","u":"footway","s":"concrete"}},{"type":"Feature","geometry":{"type":"Polygon","coordinates":[[[-97.7407017,30.2725005],[-97.7408175,30.2725333],[-97.7408095,30.2725537],[-97.7406887,30.2725197],[-97.7406964,30.2724992],[-97.7407017,30.2725005]]]},"properties":{"k":"patharea","u":"footway","s":"concrete"}},{"type":"Feature","geometry":{"type":"Polygon","coordinates":[[[-97.7408738,30.2725488],[-97.740969,30.2725752],[-97.7409614,30.2725958],[-97.7408591,30.2725674],[-97.740867,30.272547],[-97.7408738,30.2725488]]]},"properties":{"k":"patharea","u":"footway","s":"concrete"}},{"type":"Feature","geometry":{"type":"Polygon","coordinates":[[[-97.7401723,30.2722846],[-97.740196,30.2722913],[-97.74019,30.2723069],[-97.7401664,30.2723001],[-97.7401723,30.2722846]]]},"properties":{"k":"patharea","u":"footway","s":"concrete"}},{"type":"Feature","geometry":{"type":"Polygon","coordinates":[[[-97.7398198,30.2725015],[-97.7397925,30.272494],[-97.7398,30.2724734],[-97.739806,30.2724751],[-97.7398022,30.2724854],[-97.739826,30.2724918],[-97.7398297,30.2724817],[-97.739911,30.2725047],[-97.7399071,30.2725149],[-97.7399189,30.2725184],[-97.7399126,30.2725341],[-97.7407094,30.272756],[-97.7407056,30.2727663],[-97.7407095,30.2727561],[-97.7407572,30.2727695],[-97.74075,30.2727901],[-97.7407133,30.2727798],[-97.7407007,30.2728077],[-97.7406969,30.2728466],[-97.7406697,30.2728928],[-97.7406259,30.2729523],[-97.740597,30.2729826],[-97.7405384,30.2730568],[-97.7404655,30.2731598],[-97.7404409,30.2732155],[-97.7404027,30.2732861],[-97.7403667,30.273369],[-97.7403153,30.273493],[-97.7402947,30.2735584],[-97.7402573,30.2737052],[-97.7402468,30.2737898],[-97.7402487,30.2739164],[-97.7402444,30.2739565],[-97.7402295,30.27399],[-97.7402144,30.2740099],[-97.7402007,30.2740221],[-97.7401977,30.2740197],[-97.7401807,30.2740355],[-97.7401843,30.2740384],[-97.7401774,30.274046],[-97.740114,30.27409],[-97.7400606,30.2741041],[-97.7400097,30.2741098],[-97.7399656,30.274105],[-97.739608,30.2740241],[-97.7395626,30.2740073],[-97.7395258,30.2739743],[-97.7395004,30.2739402],[-97.739479,30.2738984],[-97.7394346,30.273769],[-97.7393895,30.2736824],[-97.7393944,30.2736722],[-97.7393714,30.273664],[-97.7393751,30.2736562],[-97.7393097,30.2735832],[-97.7392752,30.2735408],[-97.7392355,30.2735065],[-97.739186,30.273458],[-97.7391129,30.2734],[-97.739097,30.2733839],[-97.7390842,30.273377],[-97.7390453,30.273364],[-97.7389402,30.273297],[-97.7389546,30.2732794],[-97.7390577,30.273345],[-97.7390954,30.2733576],[-97.739107,30.2733639],[-97.7391737,30.2733467],[-97.7392101,30.2733014],[-97.7392871,30.2732262],[-97.7394952,30.2730505],[-97.7394778,30.2730302],[-97.7394404,30.2729333],[-97.7394126,30.2728447],[-97.7391731,30.272779],[-97.7391051,30.272766],[-97.7391105,30.272745],[-97.7391795,30.2727582],[-97.7394086,30.2728209],[-97.7393973,30.2727228],[-97.739399,30.2726893],[-97.7394096,30.2726626],[-97.7394308,30.2726359],[-97.7394413,30.2725962],[-97.7394413,30.2725635],[-97.7394371,30.2725495],[-97.7394213,30.2725354],[-97.7394393,30.2725204],[-97.7394597,30.2725387],[-97.7394663,30.2725607],[-97.7394663,30.2725986],[-97.7394626,30.2726126],[-97.7395037,30.272598],[-97.7395569,30.2725885],[-97.7396208,30.2725798],[-97.7396808,30.2725772],[-97.7396929,30.2725807],[-97.7397129,30.2725359],[-97.7397237,30.2725045],[-97.7396814,30.2724938],[-97.7396256,30.2724606],[-97.7392487,30.2723609],[-97.7387573,30.2722092],[-97.7385779,30.2726606],[-97.7384192,30.2730923],[-97.7384198,30.2731151],[-97.7384239,30.2731189],[-97.7384059,30.2731337],[-97.7383984,30.2731269],[-97.7384074,30.2731195],[-97.7383949,30.2731197],[-97.7383942,30.2730893],[-97.7385543,30.2726538],[-97.7387349,30.2721991],[-97.7387247,30.2721922],[-97.7387266,30.2721928],[-97.7387309,30.2721827],[-97.7387386,30.2721742],[-97.7387402,30.2721753],[-97.7387406,30.2721728],[-97.7387652,30.2721768],[-97.7387634,30.2721882],[-97.7392565,30.2723405],[-97.7396366,30.272441],[-97.7396922,30.272474],[-97.7397309,30.2724838],[-97.7397366,30.2724678],[-97.7397485,30.2724709],[-97.7397522,30.2724606],[-97.7397709,30.2724656],[-97.7397635,30.2724862],[-97.7397568,30.2724844],[-97.7397548,30.2724902],[-97.7398889,30.2725275],[-97.7398912,30.2725217],[-97.7398198,30.2725015]],[[-97.7391544,30.2734037],[-97.7392038,30.2734428],[-97.7392537,30.2734917],[-97.7392944,30.2735268],[-97.7393297,30.2735702],[-97.739386,30.2736325],[-97.7394022,30.2735968],[-97.7393969,30.2735876],[-97.7394525,30.2733233],[-97.7391844,30.2733665],[-97.7391272,30.2733812],[-97.7391544,30.2734037]],[[-97.7394796,30.2732041],[-97.7394866,30.2731337],[-97.7394946,30.2730814],[-97.7393051,30.273241],[-97.7392297,30.2733148],[-97.739209,30.2733406],[-97.7394574,30.2733005],[-97.7394796,30.2732041]],[[-97.7395301,30.2730131],[-97.7395248,30.2730483],[-97.739623,30.2731519],[-97.7396829,30.2732214],[-97.7398935,30.2731566],[-97.7400526,30.273113],[-97.7402858,30.2730556],[-97.7403249,30.2730252],[-97.7402987,30.2729865],[-97.7403203,30.2729759],[-97.7403426,30.2730091],[-97.7404295,30.2729234],[-97.74048,30.2728839],[-97.7405567,30.2728377],[-97.7406789,30.2727967],[-97.7406896,30.2727732],[-97.7397476,30.2725108],[-97.7397365,30.2725429],[-97.7397119,30.2725981],[-97.7395875,30.2728675],[-97.7395301,30.2730131]],[[-97.7395114,30.2731361],[-97.7395044,30.2732071],[-97.7394848,30.2732921],[-97.7396588,30.2732296],[-97.7396032,30.2731651],[-97.7395204,30.2730772],[-97.7395114,30.2731361]],[[-97.7394232,30.2735831],[-97.7394918,30.2735404],[-97.7396285,30.2734884],[-97.7398066,30.273401],[-97.7396742,30.2732474],[-97.7394791,30.2733175],[-97.7394232,30.2735831]],[[-97.739473,30.2726322],[-97.7394517,30.2726476],[-97.7394322,30.2726724],[-97.739424,30.2726931],[-97.7394223,30.2727226],[-97.7394352,30.2728342],[-97.7394644,30.2729271],[-97.7395033,30.2730238],[-97.7395057,30.2730081],[-97.7395641,30.2728601],[-97.7396838,30.2726008],[-97.7396774,30.272599],[-97.7396234,30.2726012],[-97.7395613,30.2726097],[-97.7395111,30.2726188],[-97.739473,30.2726322]],[[-97.7400598,30.2731336],[-97.7399015,30.273177],[-97.7396985,30.2732395],[-97.7398276,30.2733893],[-97.7400342,30.273259],[-97.7401007,30.2732063],[-97.7401921,30.2731267],[-97.7402429,30.2730882],[-97.7400598,30.2731336]],[[-97.74005,30.2732758],[-97.7398422,30.2734068],[-97.7399912,30.2735915],[-97.7400481,30.273709],[-97.7401266,30.2739525],[-97.7401024,30.2739575],[-97.7400245,30.2737162],[-97.7399692,30.2736019],[-97.7398213,30.2734185],[-97.7396397,30.2735076],[-97.7395042,30.2735592],[-97.739431,30.2736047],[-97.739425,30.2736056],[-97.7394026,30.273655],[-97.7394248,30.2736995],[-97.7394444,30.273732],[-97.7394582,30.273762],[-97.7395024,30.2738908],[-97.7395224,30.27393],[-97.7395454,30.2739609],[-97.739577,30.2739893],[-97.739616,30.2740037],[-97.7399706,30.2740838],[-97.7400097,30.274088],[-97.7400554,30.2740829],[-97.7401022,30.2740706],[-97.7401594,30.2740308],[-97.7401663,30.2740233],[-97.7401448,30.2740083],[-97.7401606,30.2739915],[-97.7401828,30.2740071],[-97.7401948,30.2739963],[-97.7402071,30.2739802],[-97.7402198,30.2739515],[-97.7402237,30.2739156],[-97.7402218,30.2737886],[-97.7402327,30.2737018],[-97.7402705,30.2735532],[-97.7402915,30.2734866],[-97.7403797,30.2732777],[-97.7404179,30.2732071],[-97.7404429,30.2731504],[-97.7405176,30.273045],[-97.740577,30.2729696],[-97.7406057,30.2729397],[-97.7406479,30.2728822],[-97.7406725,30.2728406],[-97.7406743,30.2728214],[-97.7405685,30.2728569],[-97.7404956,30.2729007],[-97.7404473,30.2729386],[-97.7403503,30.2730342],[-97.7402093,30.2731425],[-97.7401181,30.2732219],[-97.74005,30.2732758]]]},"properties":{"k":"patharea","u":"footway","s":"concrete"}},{"type":"Feature","geometry":{"type":"Polygon","coordinates":[[[-97.7410156,30.2728581],[-97.7408241,30.2728047],[-97.7408312,30.272784],[-97.7408697,30.2727948],[-97.7408758,30.2727793],[-97.7408994,30.2727863],[-97.7408935,30.2728014],[-97.7412235,30.2728951],[-97.7412174,30.272916],[-97.7410156,30.2728581]]]},"properties":{"k":"patharea","u":"footway","s":"concrete"}},{"type":"Feature","geometry":{"type":"Polygon","coordinates":[[[-97.7407204,30.2730765],[-97.7407134,30.2730973],[-97.7406407,30.273079],[-97.7406565,30.2730605],[-97.7407204,30.2730765]]]},"properties":{"k":"patharea","u":"footway","s":"concrete"}},{"type":"Feature","geometry":{"type":"Polygon","coordinates":[[[-97.7410753,30.2731741],[-97.7411574,30.2732],[-97.741156,30.2732225],[-97.7410667,30.2731943],[-97.7410753,30.2731741]]]},"properties":{"k":"patharea","u":"footway","s":"concrete"}},{"type":"Feature","geometry":{"type":"Polygon","coordinates":[[[-97.7406349,30.2735383],[-97.7406749,30.2735489],[-97.7407278,30.2735375],[-97.7407621,30.2735464],[-97.7407585,30.2735567],[-97.7407626,30.2735465],[-97.7408152,30.2735621],[-97.7408456,30.2735955],[-97.7408932,30.2736114],[-97.7409045,30.273597],[-97.7409192,30.2735874],[-97.7409386,30.2735836],[-97.740954,30.2735869],[-97.7409642,30.2735939],[-97.7409747,30.2736103],[-97.7409745,30.2736323],[-97.7410724,30.273659],[-97.7410661,30.2736798],[-97.740967,30.2736529],[-97.740946,30.2736731],[-97.7409294,30.2736787],[-97.7409107,30.2736769],[-97.7408963,30.2736685],[-97.7408873,30.2736551],[-97.7408856,30.273632],[-97.7408366,30.2736156],[-97.7407899,30.2736221],[-97.7407391,30.273609],[-97.7407031,30.273598],[-97.7406681,30.2735697],[-97.740626,30.2735585],[-97.7406125,30.2735748],[-97.7405969,30.273582],[-97.7405796,30.2735836],[-97.740562,30.2735771],[-97.7405495,30.2735639],[-97.7405457,30.2735459],[-97.7405469,30.2735365],[-97.7404228,30.2735007],[-97.7404306,30.2734802],[-97.7405539,30.2735158],[-97.7405626,30.273502],[-97.7405732,30.2734949],[-97.7405943,30.2734877],[-97.7406083,30.2734896],[-97.7406209,30.2734948],[-97.7406314,30.2735065],[-97.7406354,30.2735221],[-97.7406349,30.2735383]],[[-97.7406082,30.2735159],[-97.7406047,30.273512],[-97.7405957,30.2735097],[-97.7405818,30.2735164],[-97.7405727,30.2735321],[-97.7405709,30.2735451],[-97.7405729,30.2735545],[-97.7405774,30.2735593],[-97.7405834,30.2735616],[-97.7405895,30.273561],[-97.7405961,30.273558],[-97.7406024,30.2735509],[-97.7406104,30.2735341],[-97.7406082,30.2735159]],[[-97.7408002,30.2735805],[-97.7407272,30.2735599],[-97.7406998,30.2735658],[-97.7407163,30.2735792],[-97.7407469,30.2735884],[-97.7407915,30.2736001],[-97.740815,30.2735968],[-97.7408002,30.2735805]],[[-97.7409487,30.2736366],[-97.7409499,30.2736161],[-97.7409448,30.2736081],[-97.7409384,30.2736058],[-97.74093,30.2736074],[-97.7409227,30.2736122],[-97.7409116,30.2736283],[-97.7409115,30.2736481],[-97.7409151,30.2736535],[-97.740926,30.2736567],[-97.7409382,30.2736495],[-97.7409487,30.2736366]]]},"properties":{"k":"patharea","u":"footway","s":"concrete"}},{"type":"Feature","geometry":{"type":"Polygon","coordinates":[[[-97.7403568,30.2738057],[-97.7403587,30.2737835],[-97.7404532,30.2738107],[-97.7404454,30.2738311],[-97.7403568,30.2738057]]]},"properties":{"k":"patharea","u":"footway","s":"concrete"}},{"type":"Feature","geometry":{"type":"Polygon","coordinates":[[[-97.740539,30.2738522],[-97.7405464,30.2738316],[-97.7407687,30.2738939],[-97.7407609,30.2739143],[-97.740539,30.2738522]]]},"properties":{"k":"patharea","u":"footway","s":"concrete"}},{"type":"Feature","geometry":{"type":"Polygon","coordinates":[[[-97.740863,30.2739268],[-97.7409386,30.2739502],[-97.7409239,30.2739685],[-97.7408546,30.2739472],[-97.740863,30.2739268]]]},"properties":{"k":"patharea","u":"footway","s":"concrete"}},{"type":"Feature","geometry":{"type":"Polygon","coordinates":[[[-97.7393394,30.2738341],[-97.7393859,30.2739622],[-97.7394296,30.2740205],[-97.7394456,30.2740452],[-97.739454,30.274064],[-97.7394495,30.2740828],[-97.7394378,30.2740994],[-97.7394004,30.2741245],[-97.7393682,30.2741523],[-97.7393296,30.2742026],[-97.7392878,30.2742653],[-97.7392735,30.2743151],[-97.7392167,30.2744657],[-97.7392101,30.2745339],[-97.7392088,30.2745957],[-97.7392145,30.2746229],[-97.7392381,30.2746944],[-97.739273,30.2747466],[-97.7392899,30.2747657],[-97.7393823,30.2748358],[-97.7394359,30.2748582],[-97.739545,30.2748938],[-97.739645,30.2749204],[-97.7396868,30.2749346],[-97.739717,30.2749474],[-97.7397428,30.2749735],[-97.7397615,30.2749988],[-97.7397306,30.2750249],[-97.739749,30.2750498],[-97.7397705,30.2750884],[-97.7397861,30.2750845],[-97.7397896,30.2750948],[-97.7397863,30.2750844],[-97.7398204,30.2750762],[-97.7398278,30.2750969],[-97.7397809,30.2751082],[-97.7397908,30.275128],[-97.739804,30.2751678],[-97.7398096,30.2752241],[-97.7398048,30.27529],[-97.7398653,30.2753023],[-97.7398551,30.2753653],[-97.7398634,30.2753697],[-97.7398504,30.2753881],[-97.7398484,30.2753871],[-97.7398398,30.2754095],[-97.7396877,30.275827],[-97.7396641,30.27582],[-97.7396776,30.2757827],[-97.739265,30.275666],[-97.7392321,30.2757536],[-97.7396449,30.2758737],[-97.7396567,30.2758406],[-97.7396803,30.2758476],[-97.7395681,30.2761463],[-97.7395443,30.2761397],[-97.7396374,30.2758942],[-97.7392246,30.2757742],[-97.7391357,30.2760158],[-97.739155,30.2760213],[-97.739109,30.2761745],[-97.7390848,30.2761691],[-97.739125,30.2760355],[-97.7391043,30.2760296],[-97.7391623,30.2758762],[-97.7388114,30.2757761],[-97.7387704,30.2757541],[-97.7386081,30.2757053],[-97.7385712,30.2758034],[-97.7385657,30.2758019],[-97.7385742,30.2757808],[-97.7385555,30.2757752],[-97.7385879,30.2756893],[-97.7385927,30.2756467],[-97.7386051,30.2756477],[-97.7385932,30.2756446],[-97.7385994,30.2756269],[-97.7386232,30.2756334],[-97.7386174,30.2756498],[-97.7386136,30.2756841],[-97.7387812,30.2757345],[-97.738822,30.2757565],[-97.7391698,30.2758556],[-97.7392208,30.2757137],[-97.73872,30.2755705],[-97.7386529,30.2755538],[-97.7386383,30.2755904],[-97.7386145,30.2755839],[-97.7386176,30.2755753],[-97.7386295,30.2755784],[-97.7386177,30.2755748],[-97.7386333,30.275537],[-97.7386451,30.2755406],[-97.7386486,30.2755302],[-97.7387153,30.2755469],[-97.7387995,30.2753153],[-97.7385551,30.2752462],[-97.7385498,30.2752606],[-97.738526,30.275254],[-97.7385477,30.2751942],[-97.7385715,30.2752006],[-97.7385626,30.2752257],[-97.7388191,30.2752982],[-97.7388152,30.2753084],[-97.7388271,30.2753117],[-97.738772,30.2754605],[-97.7389967,30.2755207],[-97.7390293,30.2755013],[-97.7390435,30.2755191],[-97.7390009,30.2755443],[-97.7387646,30.2754811],[-97.7387392,30.2755533],[-97.7392285,30.2756932],[-97.739337,30.2754037],[-97.7392689,30.275384],[-97.7390943,30.2754898],[-97.7390799,30.2754722],[-97.7392396,30.2753754],[-97.7390474,30.2753194],[-97.7390554,30.275299],[-97.7393448,30.2753832],[-97.7393724,30.2753119],[-97.7393739,30.2752935],[-97.7391055,30.2752301],[-97.7391121,30.2752093],[-97.7393758,30.2752716],[-97.7393881,30.2751142],[-97.7394367,30.27504],[-97.7394909,30.2749652],[-97.7395236,30.2749097],[-97.7394261,30.274878],[-97.7393683,30.274854],[-97.7392717,30.2747805],[-97.7392524,30.274759],[-97.7392147,30.2747024],[-97.7391901,30.2746279],[-97.7391838,30.2745973],[-97.7391851,30.2745329],[-97.7391898,30.2744851],[-97.7391166,30.2745278],[-97.7390384,30.2745835],[-97.7389914,30.2746112],[-97.7389844,30.2746023],[-97.7389914,30.2746112],[-97.7389606,30.2746293],[-97.738887,30.2746599],[-97.738848,30.27467],[-97.7387204,30.2750026],[-97.738979,30.2750768],[-97.7391155,30.275119],[-97.7390906,30.2751965],[-97.7390666,30.2751907],[-97.7390853,30.2751326],[-97.7389708,30.2750972],[-97.7387098,30.2750222],[-97.7387062,30.2750269],[-97.738687,30.2750158],[-97.7385427,30.2749757],[-97.738648,30.274675],[-97.7381811,30.2745362],[-97.7380212,30.2744931],[-97.7380287,30.2744725],[-97.7381889,30.2745158],[-97.7385038,30.2746093],[-97.7384704,30.2745432],[-97.7384932,30.2745346],[-97.7385358,30.2746188],[-97.7386568,30.2746548],[-97.7386896,30.2746183],[-97.7386494,30.2745694],[-97.738607,30.2745098],[-97.738628,30.2744982],[-97.7386702,30.2745576],[-97.7387129,30.2746094],[-97.7387532,30.2746205],[-97.7388388,30.2746499],[-97.738878,30.2746397],[-97.7389482,30.2746105],[-97.7389732,30.2745959],[-97.7389905,30.2745203],[-97.7390258,30.2744483],[-97.7390579,30.2743724],[-97.7390926,30.2743033],[-97.7390424,30.274246],[-97.7389982,30.2741613],[-97.7389748,30.2740976],[-97.7389637,30.2740825],[-97.7388934,30.2740538],[-97.7387984,30.2740191],[-97.7388033,30.2740092],[-97.7387916,30.2740054],[-97.738818,30.2739443],[-97.7388873,30.2737661],[-97.7389768,30.2735053],[-97.7389887,30.2735084],[-97.7389849,30.2734981],[-97.7390056,30.2734924],[-97.739074,30.2735097],[-97.7391293,30.273547],[-97.7391955,30.2736184],[-97.7392822,30.2737282],[-97.7393137,30.2737849],[-97.7393046,30.273804],[-97.7393281,30.2738114],[-97.7393394,30.2738341]],[[-97.7393519,30.2739439],[-97.7393439,30.2739143],[-97.7393134,30.2738365],[-97.7393063,30.2738481],[-97.7392668,30.2739809],[-97.7392448,30.2740327],[-97.7392516,30.2741213],[-97.7392596,30.2741872],[-97.7392698,30.2742312],[-97.7392759,30.2742399],[-97.7393084,30.2741912],[-97.7393488,30.2741385],[-97.7393838,30.2741083],[-97.7394188,30.2740848],[-97.7394259,30.2740748],[-97.739428,30.2740658],[-97.739423,30.2740544],[-97.7393633,30.2739718],[-97.7393519,30.2739439]],[[-97.7397704,30.2755263],[-97.7393607,30.2754105],[-97.7392727,30.2756455],[-97.7396851,30.2757622],[-97.7397704,30.2755263]],[[-97.7398122,30.2754132],[-97.7393984,30.2752999],[-97.739397,30.2753161],[-97.7393685,30.27539],[-97.7397779,30.2755058],[-97.7398122,30.2754132]],[[-97.7398199,30.2753927],[-97.7398294,30.2753683],[-97.7398375,30.2753187],[-97.7397786,30.2753068],[-97.7397846,30.2752243],[-97.7397794,30.2751718],[-97.7397672,30.2751352],[-97.7397525,30.2751058],[-97.7397272,30.2750604],[-97.7396986,30.2750217],[-97.7397295,30.2749956],[-97.7397014,30.2749648],[-97.7396366,30.2749408],[-97.7395474,30.2749169],[-97.7395127,30.2749758],[-97.7394581,30.275051],[-97.7394127,30.2751206],[-97.7394003,30.2752777],[-97.7398199,30.2753927]],[[-97.739032,30.2735213],[-97.739006,30.273515],[-97.7389987,30.273517],[-97.7389111,30.2737725],[-97.7388416,30.2739515],[-97.7388192,30.2740033],[-97.7389036,30.2740342],[-97.7389809,30.2740657],[-97.7389976,30.2740884],[-97.7390216,30.2741535],[-97.739064,30.274235],[-97.7391021,30.2742784],[-97.7391305,30.274197],[-97.739167,30.2741163],[-97.7392208,30.2740268],[-97.7392428,30.2739745],[-97.7392829,30.2738401],[-97.7393006,30.2738113],[-97.7392606,30.273739],[-97.7391755,30.2736312],[-97.7391117,30.2735624],[-97.7390624,30.2735291],[-97.739032,30.2735213]],[[-97.739049,30.2744563],[-97.7390145,30.2745267],[-97.7390026,30.2745785],[-97.7390234,30.2745663],[-97.7391016,30.2745106],[-97.7391938,30.2744568],[-97.7392258,30.2743718],[-97.7391527,30.2743422],[-97.7391124,30.2743181],[-97.7390811,30.2743804],[-97.739049,30.2744563]],[[-97.7391216,30.2742974],[-97.7391651,30.2743234],[-97.7392339,30.2743512],[-97.7392495,30.2743093],[-97.7392627,30.2742629],[-97.7392462,30.274239],[-97.7392348,30.2741904],[-97.7392227,30.2740704],[-97.7391898,30.2741253],[-97.7391541,30.274204],[-97.7391216,30.2742974]],[[-97.738666,30.274662],[-97.7386661,30.274662],[-97.738666,30.2746619],[-97.738666,30.274662]],[[-97.7387815,30.2747727],[-97.7386514,30.2747379],[-97.7385737,30.2749617],[-97.7386967,30.2749959],[-97.7387815,30.2747727]],[[-97.7387096,30.2746312],[-97.7386772,30.2746673],[-97.7386588,30.2747173],[-97.7387894,30.2747522],[-97.7388226,30.2746675],[-97.7387448,30.2746409],[-97.7387096,30.2746312]]]},"properties":{"k":"patharea","u":"footway","s":"concrete"}},{"type":"Feature","geometry":{"type":"Polygon","coordinates":[[[-97.7399202,30.2750521],[-97.7399236,30.2750625],[-97.7399226,30.2750518],[-97.7399778,30.2750481],[-97.7399791,30.2750697],[-97.7399258,30.2750732],[-97.7398779,30.2750848],[-97.7398706,30.2750642],[-97.7399202,30.2750521]]]},"properties":{"k":"patharea","u":"footway","s":"concrete"}},{"type":"Feature","geometry":{"type":"Polygon","coordinates":[[[-97.7379066,30.2744622],[-97.7379023,30.2744647],[-97.7378881,30.2744471],[-97.7379014,30.2744389],[-97.7379064,30.274445],[-97.7379082,30.27444],[-97.737979,30.2744591],[-97.7379715,30.2744797],[-97.7379066,30.2744622]]]},"properties":{"k":"patharea","u":"footway","s":"concrete"}},{"type":"Feature","geometry":{"type":"Polygon","coordinates":[[[-97.7404059,30.2742172],[-97.7403835,30.274211],[-97.7403873,30.2742007],[-97.7403864,30.274203],[-97.7404012,30.2742148],[-97.7404182,30.274199],[-97.7404162,30.2741974],[-97.7406235,30.2742548],[-97.7406205,30.2742553],[-97.7406247,30.2742765],[-97.7406343,30.2742751],[-97.7406363,30.2742698],[-97.7406325,30.27428],[-97.7404059,30.2742172]]]},"properties":{"k":"patharea","u":"footway","s":"concrete"}},{"type":"Feature","geometry":{"type":"Polygon","coordinates":[[[-97.7403172,30.2741926],[-97.7403248,30.274172],[-97.7403599,30.2741818],[-97.7403816,30.2741991],[-97.7403873,30.2742007],[-97.7403575,30.2741925],[-97.7403537,30.2742027],[-97.7403172,30.2741926]]]},"properties":{"k":"patharea","u":"footway","s":"concrete"}},{"type":"Feature","geometry":{"type":"Polygon","coordinates":[[[-97.7406973,30.2742753],[-97.7406897,30.2742959],[-97.7406622,30.2742883],[-97.7406661,30.274278],[-97.7406363,30.2742698],[-97.7406484,30.2742731],[-97.7406752,30.2742692],[-97.7406973,30.2742753]]]},"properties":{"k":"patharea","u":"footway","s":"concrete"}},{"type":"Feature","geometry":{"type":"Polygon","coordinates":[[[-97.7389459,30.2709958],[-97.738958,30.2709984],[-97.7389546,30.2710088],[-97.738967,30.2710118],[-97.738965,30.2710186],[-97.7389408,30.2710132],[-97.7389459,30.2709958]]]},"properties":{"k":"patharea","u":"footway","s":"concrete"}},{"type":"Feature","geometry":{"type":"Polygon","coordinates":[[[-97.7391744,30.2710399],[-97.7391666,30.2710603],[-97.739151,30.2710559],[-97.7391585,30.2710354],[-97.7391744,30.2710399]]]},"properties":{"k":"patharea","u":"footway","s":"concrete"}},{"type":"Feature","geometry":{"type":"Polygon","coordinates":[[[-97.737807,30.270881],[-97.7378308,30.2708876],[-97.7377014,30.2712393],[-97.7376895,30.271236],[-97.7377014,30.2712394],[-97.7376992,30.2712452],[-97.7376754,30.2712384],[-97.737807,30.270881]]]},"properties":{"k":"patharea","u":"footway","s":"concrete"}},{"type":"Feature","geometry":{"type":"Polygon","coordinates":[[[-97.7388993,30.271202],[-97.7388924,30.271193],[-97.7388804,30.2711959],[-97.7388733,30.2711861],[-97.7385136,30.2710882],[-97.7385216,30.2710677],[-97.738778,30.2711376],[-97.7388363,30.271075],[-97.7388557,30.2710884],[-97.7388036,30.2711446],[-97.7388823,30.271166],[-97.7388902,30.2711638],[-97.7388883,30.2711693],[-97.7389003,30.2711723],[-97.7389013,30.271175],[-97.7389035,30.2711737],[-97.7389104,30.2711827],[-97.738906,30.2711928],[-97.7389119,30.2711947],[-97.7388993,30.271202]]]},"properties":{"k":"patharea","u":"footway","s":"concrete"}},{"type":"Feature","geometry":{"type":"Polygon","coordinates":[[[-97.7381023,30.2709761],[-97.7380355,30.2709615],[-97.7379041,30.2713009],[-97.7378805,30.2712941],[-97.7380155,30.2709452],[-97.7380273,30.2709486],[-97.7380304,30.2709381],[-97.7381091,30.2709553],[-97.738472,30.2710542],[-97.738464,30.2710747],[-97.7381023,30.2709761]]]},"properties":{"k":"patharea","u":"footway","s":"concrete"}},{"type":"Feature","geometry":{"type":"Polygon","coordinates":[[[-97.7390941,30.2712358],[-97.7391102,30.2712404],[-97.7391066,30.2712502],[-97.7390947,30.2712469],[-97.7390859,30.2712545],[-97.7390811,30.2712504],[-97.7390836,30.2712512],[-97.7390907,30.2712349],[-97.7390941,30.2712358]]]},"properties":{"k":"patharea","u":"footway","s":"concrete"}},{"type":"Feature","geometry":{"type":"Polygon","coordinates":[[[-97.7376768,30.2713054],[-97.7375485,30.2716416],[-97.7375384,30.2716395],[-97.7375355,30.27165],[-97.737523,30.2716495],[-97.7375231,30.2716475],[-97.7374256,30.2716181],[-97.7374332,30.2715975],[-97.7375281,30.2716262],[-97.737654,30.2712961],[-97.7376783,30.2713014],[-97.7376768,30.2713054],[-97.7376649,30.271302],[-97.7376768,30.2713054]]]},"properties":{"k":"patharea","u":"footway","s":"concrete"}},{"type":"Feature","geometry":{"type":"Polygon","coordinates":[[[-97.7369227,30.2714665],[-97.7369312,30.2714462],[-97.7373841,30.2715827],[-97.7373765,30.2716033],[-97.7369227,30.2714665]]]},"properties":{"k":"patharea","u":"footway","s":"concrete"}},{"type":"Feature","geometry":{"type":"Polygon","coordinates":[[[-97.7362652,30.271289],[-97.7362735,30.2712686],[-97.7368818,30.2714322],[-97.7368733,30.2714524],[-97.7362652,30.271289]]]},"properties":{"k":"patharea","u":"footway","s":"concrete"}},{"type":"Feature","geometry":{"type":"Polygon","coordinates":[[[-97.7356162,30.2711057],[-97.7356199,30.2710951],[-97.7356079,30.271092],[-97.7356118,30.2710818],[-97.7362239,30.271255],[-97.7362156,30.2712753],[-97.7356162,30.2711057]]]},"properties":{"k":"patharea","u":"footway","s":"concrete"}},{"type":"Feature","geometry":{"type":"Polygon","coordinates":[[[-97.7377405,30.2716881],[-97.7378615,30.271348],[-97.7378855,30.271354],[-97.7377622,30.2717004],[-97.7377562,30.2717355],[-97.7377317,30.2717314],[-97.7377371,30.2716997],[-97.7377413,30.271689],[-97.7377387,30.2716882],[-97.7377405,30.2716881]]]},"properties":{"k":"patharea","u":"footway","s":"concrete"}},{"type":"Feature","geometry":{"type":"Polygon","coordinates":[[[-97.7386531,30.2719245],[-97.7386468,30.2719454],[-97.7386126,30.2719383],[-97.7386184,30.2719173],[-97.7386531,30.2719245]]]},"properties":{"k":"patharea","u":"footway","s":"concrete"}},{"type":"Feature","geometry":{"type":"Polygon","coordinates":[[[-97.7385989,30.2719709],[-97.7385751,30.2719647],[-97.7385874,30.2719296],[-97.7386112,30.2719358],[-97.7385989,30.2719709]]]},"properties":{"k":"patharea","u":"footway","s":"concrete"}},{"type":"Feature","geometry":{"type":"Polygon","coordinates":[[[-97.739231,30.2720907],[-97.7392237,30.2721113],[-97.7388379,30.2720078],[-97.738833,30.2720054],[-97.7388392,30.2719896],[-97.7388274,30.2719861],[-97.7388375,30.2719798],[-97.7388479,30.271988],[-97.739231,30.2720907]]]},"properties":{"k":"patharea","u":"footway","s":"concrete"}},{"type":"Feature","geometry":{"type":"Polygon","coordinates":[[[-97.7383844,30.2726079],[-97.7382232,30.2730382],[-97.7382165,30.2730617],[-97.7381925,30.2730557],[-97.7381992,30.2730324],[-97.7383606,30.2726015],[-97.7384805,30.2722625],[-97.7385043,30.2722691],[-97.7383844,30.2726079]]]},"properties":{"k":"patharea","u":"footway","s":"concrete"}},{"type":"Feature","geometry":{"type":"Polygon","coordinates":[[[-97.7385291,30.2721249],[-97.738541,30.272128],[-97.7385403,30.272121],[-97.7385215,30.2721154],[-97.7385266,30.2721026],[-97.7385503,30.2721094],[-97.7385474,30.2721167],[-97.7385527,30.2721163],[-97.7385538,30.272127],[-97.7385495,30.2721371],[-97.7385522,30.272138],[-97.7385195,30.2722261],[-97.7384957,30.2722195],[-97.7385291,30.2721249]]]},"properties":{"k":"patharea","u":"footway","s":"concrete"}},{"type":"Feature","geometry":{"type":"Polygon","coordinates":[[[-97.738121,30.2733004],[-97.7381162,30.2733216],[-97.7381039,30.2733195],[-97.7381087,30.2732983],[-97.738121,30.2733004]]]},"properties":{"k":"patharea","u":"footway","s":"concrete"}},{"type":"Feature","geometry":{"type":"Polygon","coordinates":[[[-97.7377482,30.2742566],[-97.7377624,30.274239],[-97.7377702,30.2742437],[-97.737756,30.2742613],[-97.7377482,30.2742566]]]},"properties":{"k":"patharea","u":"footway","s":"concrete"}},{"type":"Feature","geometry":{"type":"Polygon","coordinates":[[[-97.7385203,30.2752694],[-97.7385441,30.275276],[-97.7385364,30.2752968],[-97.7385126,30.2752902],[-97.7385203,30.2752694]]]},"properties":{"k":"patharea","u":"footway","s":"concrete"}},{"type":"Feature","geometry":{"type":"Polygon","coordinates":[[[-97.7373447,30.275969],[-97.7372716,30.276168],[-97.7372597,30.2761647],[-97.7372637,30.2761545],[-97.7372517,30.2761509],[-97.7374873,30.2755064],[-97.7375407,30.275388],[-97.7375448,30.2753894],[-97.7375477,30.275386],[-97.7375494,30.2753773],[-97.7375734,30.2753831],[-97.7375706,30.2753916],[-97.7375556,30.275388],[-97.7375523,30.2753919],[-97.7375639,30.2753958],[-97.7375109,30.2755136],[-97.7373447,30.275969]]]},"properties":{"k":"patharea","u":"footway","s":"concrete"}},{"type":"Feature","geometry":{"type":"Polygon","coordinates":[[[-97.7385069,30.2753057],[-97.7385307,30.2753123],[-97.7384641,30.2754926],[-97.7384403,30.275486],[-97.7385069,30.2753057]]]},"properties":{"k":"patharea","u":"footway","s":"concrete"}},{"type":"Feature","geometry":{"type":"Polygon","coordinates":[[[-97.7384797,30.2755045],[-97.7384678,30.2755011],[-97.7384704,30.2754942],[-97.7384942,30.2755008],[-97.7384916,30.2755078],[-97.7384797,30.2755045]]]},"properties":{"k":"patharea","u":"footway","s":"concrete"}},{"type":"Feature","geometry":{"type":"Polygon","coordinates":[[[-97.7376354,30.2757662],[-97.7376192,30.2757498],[-97.7376718,30.2757111],[-97.7376995,30.2757191],[-97.7376354,30.2757662]]]},"properties":{"k":"patharea","u":"footway","s":"concrete"}},{"type":"Feature","geometry":{"type":"Polygon","coordinates":[[[-97.7377195,30.2757878],[-97.7377025,30.275772],[-97.7377507,30.2757335],[-97.7377778,30.2757412],[-97.7377195,30.2757878]]]},"properties":{"k":"patharea","u":"footway","s":"concrete"}},{"type":"Feature","geometry":{"type":"Polygon","coordinates":[[[-97.7377883,30.2757969],[-97.7378368,30.2757578],[-97.7378639,30.2757654],[-97.7378053,30.2758127],[-97.7377883,30.2757969]]]},"properties":{"k":"patharea","u":"footway","s":"concrete"}},{"type":"Feature","geometry":{"type":"Polygon","coordinates":[[[-97.737888,30.2758369],[-97.7378718,30.2758205],[-97.7379236,30.2757824],[-97.7379513,30.2757903],[-97.737888,30.2758369]]]},"properties":{"k":"patharea","u":"footway","s":"concrete"}},{"type":"Feature","geometry":{"type":"Polygon","coordinates":[[[-97.7379644,30.2758614],[-97.7379486,30.2758446],[-97.7380047,30.2758055],[-97.7380329,30.2758135],[-97.7379644,30.2758614]]]},"properties":{"k":"patharea","u":"footway","s":"concrete"}},{"type":"Feature","geometry":{"type":"Polygon","coordinates":[[[-97.7386555,30.2759455],[-97.7386479,30.2759661],[-97.7385841,30.2759487],[-97.7385913,30.275928],[-97.7386555,30.2759455]]]},"properties":{"k":"patharea","u":"footway","s":"concrete"}},{"type":"Feature","geometry":{"type":"Polygon","coordinates":[[[-97.7383516,30.2761768],[-97.7383591,30.2761563],[-97.7385689,30.2762117],[-97.7385615,30.2762323],[-97.7383516,30.2761768]]]},"properties":{"k":"patharea","u":"footway","s":"concrete"}},{"type":"Feature","geometry":{"type":"Polygon","coordinates":[[[-97.7381347,30.2761195],[-97.7381421,30.2760989],[-97.7383093,30.2761431],[-97.7383018,30.2761637],[-97.7381347,30.2761195]]]},"properties":{"k":"patharea","u":"footway","s":"concrete"}},{"type":"Feature","geometry":{"type":"Polygon","coordinates":[[[-97.7353867,30.2710395],[-97.7353827,30.2710524],[-97.7353585,30.2710468],[-97.735366,30.2710228],[-97.7353781,30.2710256],[-97.7353821,30.2710154],[-97.7354156,30.2710251],[-97.7354076,30.2710455],[-97.7353867,30.2710395]]]},"properties":{"k":"patharea","u":"footway","s":"concrete"}},{"type":"Feature","geometry":{"type":"Polygon","coordinates":[[[-97.7353547,30.2712315],[-97.7353473,30.2712521],[-97.73531,30.271242],[-97.7353137,30.2712317],[-97.7353016,30.2712289],[-97.735316,30.2711828],[-97.7353402,30.2711884],[-97.7353289,30.2712245],[-97.7353547,30.2712315]]]},"properties":{"k":"patharea","u":"footway","s":"concrete"}},{"type":"Feature","geometry":{"type":"Polygon","coordinates":[[[-97.7354937,30.2713565],[-97.7355052,30.2713204],[-97.7355174,30.2712974],[-97.7355306,30.2712895],[-97.7355441,30.2712937],[-97.7355492,30.2712843],[-97.7355444,30.2712943],[-97.7355515,30.2713031],[-97.7355372,30.2713118],[-97.7355288,30.2713278],[-97.7355175,30.2713627],[-97.7354336,30.2715831],[-97.7354098,30.2715763],[-97.7354937,30.2713565]]]},"properties":{"k":"patharea","u":"footway","s":"concrete"}},{"type":"Feature","geometry":{"type":"Polygon","coordinates":[[[-97.7355536,30.2718584],[-97.7356299,30.2718499],[-97.7356315,30.2718606],[-97.7356306,30.2718498],[-97.7356684,30.2718475],[-97.7356839,30.2717604],[-97.7356637,30.2716811],[-97.7356487,30.2716405],[-97.7356022,30.2715522],[-97.7356136,30.2715477],[-97.7356275,30.2715481],[-97.7356721,30.2716327],[-97.7356879,30.2716755],[-97.7357093,30.2717596],[-97.7356914,30.2718589],[-97.7356883,30.2719021],[-97.7356951,30.2721686],[-97.7357121,30.2722933],[-97.7357108,30.2723427],[-97.7357058,30.2723721],[-97.7356817,30.2723654],[-97.7356858,30.2723409],[-97.7356871,30.2722943],[-97.7356701,30.2721702],[-97.7356633,30.2719017],[-97.7356657,30.2718693],[-97.7355488,30.2718807],[-97.7355472,30.27187],[-97.7355366,30.2718757],[-97.7354905,30.2718111],[-97.7354775,30.2717644],[-97.7354569,30.2717181],[-97.7354141,30.271689],[-97.7354198,30.2716726],[-97.73539,30.2716648],[-97.7353891,30.2716673],[-97.7352079,30.2714228],[-97.7352289,30.2714112],[-97.7354143,30.2716614],[-97.7354777,30.2717047],[-97.7355013,30.271758],[-97.7355139,30.2718027],[-97.7355536,30.2718584]]]},"properties":{"k":"patharea","u":"footway","s":"concrete"}},{"type":"Feature","geometry":{"type":"Polygon","coordinates":[[[-97.7356836,30.2725043],[-97.7356709,30.2726258],[-97.7356543,30.2727286],[-97.7356295,30.2727256],[-97.7356461,30.2726234],[-97.7356588,30.2725017],[-97.7356781,30.2723871],[-97.7357022,30.2723938],[-97.7356836,30.2725043]]]},"properties":{"k":"patharea","u":"footway","s":"concrete"}},{"type":"Feature","geometry":{"type":"Polygon","coordinates":[[[-97.7366898,30.2716176],[-97.7366779,30.2716142],[-97.7366858,30.2715887],[-97.73671,30.2715943],[-97.7367019,30.2716204],[-97.7366898,30.2716176]]]},"properties":{"k":"patharea","u":"footway","s":"concrete"}},{"type":"Feature","geometry":{"type":"Polygon","coordinates":[[[-97.7353602,30.2717457],[-97.735367,30.2717249],[-97.7353724,30.2717263],[-97.7353789,30.2717054],[-97.7354029,30.2717113],[-97.73539,30.2717529],[-97.7353602,30.2717457]]]},"properties":{"k":"patharea","u":"footway","s":"concrete"}},{"type":"Feature","geometry":{"type":"Polygon","coordinates":[[[-97.7373433,30.2722264],[-97.7374884,30.2718389],[-97.7374822,30.2718182],[-97.7374943,30.2718155],[-97.7374896,30.2718255],[-97.7375126,30.2718336],[-97.7375144,30.2718395],[-97.7373623,30.2722448],[-97.7373387,30.2722376],[-97.7373433,30.2722264]]]},"properties":{"k":"patharea","u":"footway","s":"concrete"}},{"type":"Feature","geometry":{"type":"Polygon","coordinates":[[[-97.7372289,30.2725886],[-97.7371574,30.2727577],[-97.7371683,30.2727609],[-97.7371601,30.2727813],[-97.7371252,30.2727709],[-97.7372053,30.2725814],[-97.7373219,30.2722802],[-97.7373455,30.2722873],[-97.7372289,30.2725886]]]},"properties":{"k":"patharea","u":"footway","s":"concrete"}},{"type":"Feature","geometry":{"type":"Polygon","coordinates":[[[-97.7353456,30.2726714],[-97.7353653,30.2726735],[-97.7353596,30.2726946],[-97.7353333,30.2726918],[-97.7353157,30.272693],[-97.735313,30.2726716],[-97.7353201,30.2726711],[-97.7353148,30.2726411],[-97.7352994,30.2726208],[-97.7352538,30.2725744],[-97.7352728,30.2725604],[-97.7353194,30.2726078],[-97.7353388,30.2726335],[-97.7353456,30.2726714]]]},"properties":{"k":"patharea","u":"footway","s":"concrete"}},{"type":"Feature","geometry":{"type":"Polygon","coordinates":[[[-97.7352513,30.2727013],[-97.7352473,30.2726801],[-97.7352886,30.2726744],[-97.7352923,30.2726957],[-97.7352513,30.2727013]]]},"properties":{"k":"patharea","u":"footway","s":"concrete"}},{"type":"Feature","geometry":{"type":"Polygon","coordinates":[[[-97.7353868,30.2727024],[-97.7353944,30.2726819],[-97.7354173,30.2726878],[-97.7354103,30.2727084],[-97.7353868,30.2727024]]]},"properties":{"k":"patharea","u":"footway","s":"concrete"}},{"type":"Feature","geometry":{"type":"Polygon","coordinates":[[[-97.7363219,30.2728978],[-97.7363098,30.2729003],[-97.7362963,30.2728978],[-97.7362907,30.2728778],[-97.7362443,30.272779],[-97.7362675,30.2727712],[-97.7363145,30.272871],[-97.7363219,30.2728978]]]},"properties":{"k":"patharea","u":"footway","s":"concrete"}},{"type":"Feature","geometry":{"type":"Polygon","coordinates":[[[-97.7355379,30.2731638],[-97.7355396,30.2731585],[-97.7355633,30.2731652],[-97.7355553,30.27319],[-97.735513,30.2731802],[-97.7355162,30.2731906],[-97.7355062,30.2731929],[-97.7354937,30.2732025],[-97.7354737,30.273224],[-97.7354547,30.2732503],[-97.7354232,30.2732722],[-97.7354154,30.2732638],[-97.735422,30.273273],[-97.735169,30.2734064],[-97.7351392,30.2734166],[-97.7350832,30.2734295],[-97.7350768,30.2734087],[-97.7351314,30.273396],[-97.735158,30.273387],[-97.7352133,30.2733586],[-97.735211,30.2733171],[-97.735236,30.2733181],[-97.7352369,30.2733464],[-97.7354082,30.273255],[-97.7354357,30.2732357],[-97.7354533,30.2732116],[-97.7354755,30.2731875],[-97.7354942,30.2731733],[-97.7355031,30.2731713],[-97.7356027,30.2728956],[-97.73565,30.2728061],[-97.7357085,30.2727352],[-97.7357682,30.2726929],[-97.7358208,30.2726634],[-97.7358344,30.2726814],[-97.735783,30.2727103],[-97.7357269,30.27275],[-97.7356718,30.2728169],[-97.7356316,30.2728929],[-97.7356639,30.2729018],[-97.7355689,30.2731523],[-97.7355453,30.2731451],[-97.7356323,30.2729158],[-97.7356226,30.2729131],[-97.7355323,30.2731625],[-97.7355379,30.2731638]]]},"properties":{"k":"patharea","u":"footway","s":"concrete"}},{"type":"Feature","geometry":{"type":"Polygon","coordinates":[[[-97.7367984,30.2731402],[-97.7367978,30.2731644],[-97.7368204,30.2732584],[-97.7368285,30.273328],[-97.7367994,30.2734012],[-97.7367698,30.2734464],[-97.7367589,30.2734411],[-97.7367687,30.2734478],[-97.7367462,30.2734721],[-97.7367154,30.273499],[-97.7366678,30.2735285],[-97.7366147,30.2735507],[-97.7366093,30.273541],[-97.7366096,30.2735518],[-97.7365401,30.2735534],[-97.7364629,30.2735282],[-97.7364082,30.27348],[-97.7363953,30.2734348],[-97.7362966,30.2734781],[-97.7362956,30.2734901],[-97.7362991,30.2734999],[-97.7363487,30.2735333],[-97.7363523,30.2735556],[-97.7363291,30.2735622],[-97.7362575,30.2735331],[-97.7362086,30.2735183],[-97.7361783,30.2735119],[-97.7361825,30.2734906],[-97.7362156,30.2734975],[-97.7362671,30.2735131],[-97.7362952,30.2735248],[-97.7362775,30.2735127],[-97.7362704,30.2734925],[-97.7362723,30.2734704],[-97.7362847,30.2734712],[-97.736279,30.2734616],[-97.736393,30.2734116],[-97.7363967,30.2733693],[-97.7363387,30.2733624],[-97.7363421,30.273341],[-97.7364015,30.2733481],[-97.7364055,30.2733308],[-97.7363957,30.2732785],[-97.7363753,30.273244],[-97.7363273,30.2732998],[-97.7363073,30.273287],[-97.7363557,30.2732307],[-97.7363533,30.2732264],[-97.736331,30.2732088],[-97.7362877,30.27319],[-97.7362452,30.2731806],[-97.7361848,30.2731888],[-97.7361335,30.2732193],[-97.7360935,30.2732572],[-97.7360789,30.2733056],[-97.7360779,30.2733496],[-97.7361016,30.2733922],[-97.7361352,30.2734231],[-97.736117,30.2734379],[-97.7360808,30.2734046],[-97.7360529,30.2733544],[-97.7360539,30.2733026],[-97.7360709,30.2732466],[-97.7361169,30.2732029],[-97.7361754,30.2731682],[-97.7362439,30.273159],[-97.7362458,30.2731696],[-97.7362489,30.2731592],[-97.7362965,30.2731696],[-97.7363285,30.2731835],[-97.7362902,30.2731148],[-97.7362799,30.273117],[-97.7362633,30.2731121],[-97.7362479,30.2730998],[-97.7362469,30.2730816],[-97.7362594,30.2730811],[-97.736272,30.2730838],[-97.7362723,30.27309],[-97.7362763,30.2730931],[-97.7362851,30.2730937],[-97.7362842,30.2730766],[-97.7362967,30.2730761],[-97.7362847,30.2730731],[-97.7363132,30.2729894],[-97.7363257,30.2729715],[-97.7363558,30.2729637],[-97.7363766,30.2729795],[-97.7364221,30.2730344],[-97.7364412,30.2730635],[-97.7364608,30.2730828],[-97.7365973,30.2731638],[-97.7366153,30.2731727],[-97.736631,30.2731766],[-97.7366328,30.2731758],[-97.7366324,30.2731691],[-97.7366036,30.2731226],[-97.7365449,30.273009],[-97.7365591,30.2729854],[-97.7366259,30.2729593],[-97.7366779,30.272945],[-97.7366997,30.2729328],[-97.7367133,30.272951],[-97.7366887,30.2729646],[-97.7366349,30.2729795],[-97.7365773,30.273002],[-97.7365725,30.27301],[-97.7366258,30.2731128],[-97.736657,30.2731639],[-97.7366588,30.2731886],[-97.7366334,30.2731996],[-97.7366055,30.2731927],[-97.7365839,30.273182],[-97.7364459,30.2731002],[-97.7364526,30.2730911],[-97.7364432,30.2730982],[-97.7364208,30.2730761],[-97.7364009,30.2730458],[-97.7363582,30.2729941],[-97.7363498,30.2729877],[-97.7363421,30.2729897],[-97.7363362,30.2729982],[-97.7363093,30.2730774],[-97.7363104,30.2730998],[-97.7363175,30.2731162],[-97.7363735,30.2732133],[-97.7363963,30.2732314],[-97.7364197,30.2732719],[-97.7364309,30.2733312],[-97.7364263,30.2733511],[-97.7364413,30.2733529],[-97.7364558,30.2733614],[-97.7364659,30.2733758],[-97.7364683,30.2733926],[-97.7364546,30.2734087],[-97.7364182,30.2734248],[-97.7364308,30.2734692],[-97.7364769,30.2735098],[-97.7365443,30.2735318],[-97.7366063,30.2735303],[-97.736655,30.2735099],[-97.7366992,30.2734826],[-97.7367276,30.2734577],[-97.7367485,30.273435],[-97.7367766,30.2733924],[-97.7368031,30.2733254],[-97.7367958,30.2732618],[-97.736773,30.273167],[-97.7367853,30.2731652],[-97.7367728,30.273165],[-97.7367736,30.2731342],[-97.7368048,30.273088],[-97.7368641,30.2730498],[-97.7369234,30.2730252],[-97.7370207,30.2729924],[-97.7370252,30.2730024],[-97.7370318,30.2729932],[-97.7370482,30.273002],[-97.737068,30.2730085],[-97.737059,30.2730287],[-97.737037,30.2730214],[-97.7370239,30.2730144],[-97.7369334,30.273045],[-97.7368771,30.2730684],[-97.7368238,30.2731026],[-97.7367984,30.2731402]],[[-97.7364215,30.2733723],[-97.7364191,30.2733823],[-97.7364184,30.2734005],[-97.736438,30.2733919],[-97.7364423,30.2733868],[-97.7364372,30.2733766],[-97.7364321,30.2733735],[-97.7364215,30.2733723]]]},"properties":{"k":"patharea","u":"footway","s":"concrete"}},{"type":"Feature","geometry":{"type":"Polygon","coordinates":[[[-97.7352532,30.2732412],[-97.7352309,30.2732316],[-97.7352373,30.2732202],[-97.7352593,30.2732304],[-97.7352532,30.2732412]]]},"properties":{"k":"patharea","u":"footway","s":"concrete"}},{"type":"Feature","geometry":{"type":"Polygon","coordinates":[[[-97.735217,30.273266],[-97.7352211,30.2732504],[-97.7352452,30.2732563],[-97.7352417,30.2732694],[-97.735217,30.273266]]]},"properties":{"k":"patharea","u":"footway","s":"concrete"}},{"type":"Feature","geometry":{"type":"Polygon","coordinates":[[[-97.7352126,30.2732999],[-97.735215,30.2732837],[-97.7352398,30.273286],[-97.7352375,30.2733021],[-97.7352126,30.2732999]]]},"properties":{"k":"patharea","u":"footway","s":"concrete"}},{"type":"Feature","geometry":{"type":"Polygon","coordinates":[[[-97.7360474,30.2737054],[-97.7360562,30.273713],[-97.736048,30.2737049],[-97.736105,30.2736622],[-97.7361214,30.2736784],[-97.7360647,30.2737209],[-97.7360337,30.2737477],[-97.7360539,30.2737708],[-97.7360439,30.2737773],[-97.7360319,30.2737814],[-97.7360007,30.2737457],[-97.7360474,30.2737054]]]},"properties":{"k":"patharea","u":"footway","s":"concrete"}},{"type":"Feature","geometry":{"type":"Polygon","coordinates":[[[-97.736545,30.2736905],[-97.7365646,30.2737302],[-97.7365666,30.2737518],[-97.7365417,30.2737526],[-97.73654,30.2737354],[-97.736522,30.2736989],[-97.736545,30.2736905]]]},"properties":{"k":"patharea","u":"footway","s":"concrete"}},{"type":"Feature","geometry":{"type":"Polygon","coordinates":[[[-97.7362875,30.2740017],[-97.7363051,30.2739863],[-97.7363189,30.2739995],[-97.7363003,30.2740139],[-97.7362875,30.2740017]]]},"properties":{"k":"patharea","u":"footway","s":"concrete"}},{"type":"Feature","geometry":{"type":"Polygon","coordinates":[[[-97.7366566,30.2740066],[-97.736656,30.2740282],[-97.7366245,30.2740276],[-97.7366257,30.274006],[-97.7366566,30.2740066]]]},"properties":{"k":"patharea","u":"footway","s":"concrete"}},{"type":"Feature","geometry":{"type":"Polygon","coordinates":[[[-97.7359284,30.2740495],[-97.7358695,30.2740898],[-97.7358092,30.2741492],[-97.7357306,30.2742678],[-97.7357088,30.2742574],[-97.735789,30.2741364],[-97.7358523,30.2740742],[-97.7359136,30.2740321],[-97.7359903,30.2739863],[-97.7360471,30.273967],[-97.7360588,30.2739058],[-97.7360835,30.2739086],[-97.7360695,30.2739826],[-97.7360021,30.2740055],[-97.7359284,30.2740495]]]},"properties":{"k":"patharea","u":"footway","s":"concrete"}},{"type":"Feature","geometry":{"type":"Polygon","coordinates":[[[-97.7373189,30.2741616],[-97.7373268,30.2741412],[-97.7376989,30.2742445],[-97.7377359,30.2742371],[-97.7377415,30.2742581],[-97.7376979,30.2742669],[-97.7373189,30.2741616]]]},"properties":{"k":"patharea","u":"footway","s":"concrete"}},{"type":"Feature","geometry":{"type":"Polygon","coordinates":[[[-97.736877,30.2740389],[-97.7368574,30.2740213],[-97.7368754,30.2740063],[-97.7368906,30.2740201],[-97.7372773,30.2741274],[-97.7372694,30.2741479],[-97.736877,30.2740389]]]},"properties":{"k":"patharea","u":"footway","s":"concrete"}},{"type":"Feature","geometry":{"type":"Polygon","coordinates":[[[-97.7364552,30.2742755],[-97.7364302,30.2742745],[-97.7364311,30.2742186],[-97.736419,30.2741742],[-97.7364025,30.274137],[-97.7364257,30.2741292],[-97.7364428,30.2741674],[-97.7364561,30.2742164],[-97.7364552,30.2742755]]]},"properties":{"k":"patharea","u":"footway","s":"concrete"}},{"type":"Feature","geometry":{"type":"Polygon","coordinates":[[[-97.7361607,30.2742848],[-97.7361727,30.2742753],[-97.736124,30.274218],[-97.7361004,30.2741646],[-97.7360767,30.2741003],[-97.7360611,30.2740467],[-97.736056,30.2740151],[-97.7360556,30.2739958],[-97.7360806,30.2739954],[-97.7360857,30.2740425],[-97.7361084,30.2741144],[-97.7360937,30.2741239],[-97.7361123,30.2741455],[-97.7361184,30.2741416],[-97.7361462,30.2742076],[-97.736199,30.2742698],[-97.7361774,30.2742853],[-97.7361858,30.2742941],[-97.7361635,30.2743148],[-97.7360957,30.2745284],[-97.7360969,30.2746011],[-97.7360919,30.2745869],[-97.7360799,30.27459],[-97.736088,30.2746132],[-97.7360705,30.2746185],[-97.7360683,30.2746095],[-97.7360377,30.2746151],[-97.7360427,30.2746352],[-97.7360495,30.274634],[-97.7360497,30.2746437],[-97.7360415,30.2746767],[-97.7360231,30.274707],[-97.7359867,30.274733],[-97.7359412,30.2747409],[-97.7358961,30.2747334],[-97.7359009,30.2747122],[-97.7359412,30.2747189],[-97.7359757,30.274713],[-97.7360033,30.2746932],[-97.7360179,30.2746693],[-97.7360245,30.2746344],[-97.7359091,30.2746814],[-97.7358975,30.2746623],[-97.7359912,30.2746232],[-97.7360718,30.2745953],[-97.736071,30.2745424],[-97.736025,30.2745337],[-97.7359794,30.2745295],[-97.7359116,30.2745296],[-97.735855,30.2745332],[-97.7358534,30.2745117],[-97.7359106,30.274508],[-97.7359808,30.2745079],[-97.736029,30.2745123],[-97.7360723,30.2745206],[-97.7361291,30.2743414],[-97.7360943,30.2743265],[-97.7360687,30.2743085],[-97.7360037,30.2742413],[-97.7358818,30.2741],[-97.7359018,30.2740872],[-97.7360233,30.2742279],[-97.7360863,30.2742931],[-97.7361079,30.2743083],[-97.7361359,30.2743202],[-97.7361409,30.2743044],[-97.7361607,30.2742848]]]},"properties":{"k":"patharea","u":"footway","s":"concrete"}},{"type":"Feature","geometry":{"type":"Polygon","coordinates":[[[-97.7364588,30.2744898],[-97.7364821,30.274497],[-97.7364737,30.2745172],[-97.7364504,30.2745101],[-97.7364588,30.2744898]]]},"properties":{"k":"patharea","u":"footway","s":"concrete"}},{"type":"Feature","geometry":{"type":"Polygon","coordinates":[[[-97.7358339,30.2745343],[-97.7358068,30.2745342],[-97.735807,30.2745126],[-97.7358333,30.2745127],[-97.7358339,30.2745343]]]},"properties":{"k":"patharea","u":"footway","s":"concrete"}},{"type":"Feature","geometry":{"type":"Polygon","coordinates":[[[-97.7358923,30.2748902],[-97.73588,30.274909],[-97.735833,30.2748811],[-97.7358458,30.2748641],[-97.7358923,30.2748902]]]},"properties":{"k":"patharea","u":"footway","s":"concrete"}},{"type":"Feature","geometry":{"type":"Polygon","coordinates":[[[-97.7365381,30.2749681],[-97.7365165,30.2749573],[-97.7365337,30.2749337],[-97.7365033,30.2749263],[-97.7365101,30.2749055],[-97.7365727,30.2749207],[-97.7365381,30.2749681]]]},"properties":{"k":"patharea","u":"footway","s":"concrete"}},{"type":"Feature","geometry":{"type":"Polygon","coordinates":[[[-97.7370564,30.2750794],[-97.7370638,30.2750588],[-97.7370724,30.2750611],[-97.7370649,30.2750817],[-97.7370564,30.2750794]]]},"properties":{"k":"patharea","u":"footway","s":"concrete"}},{"type":"Feature","geometry":{"type":"Polygon","coordinates":[[[-97.7371443,30.2750802],[-97.7371369,30.2751008],[-97.7371146,30.2750949],[-97.7371221,30.2750743],[-97.7371443,30.2750802]]]},"properties":{"k":"patharea","u":"footway","s":"concrete"}},{"type":"Feature","geometry":{"type":"Polygon","coordinates":[[[-97.7361069,30.2751401],[-97.7361145,30.2751196],[-97.7362418,30.275156],[-97.736234,30.2751764],[-97.7361069,30.2751401]]]},"properties":{"k":"patharea","u":"footway","s":"concrete"}},{"type":"Feature","geometry":{"type":"Polygon","coordinates":[[[-97.7359665,30.2751],[-97.735949,30.275091],[-97.7359398,30.2750822],[-97.7359127,30.2750414],[-97.7359394,30.2750611],[-97.7359769,30.2750802],[-97.7360651,30.2751055],[-97.7360575,30.275126],[-97.7359665,30.2751]]]},"properties":{"k":"patharea","u":"footway","s":"concrete"}},{"type":"Feature","geometry":{"type":"Polygon","coordinates":[[[-97.7373302,30.2751318],[-97.7373226,30.2751524],[-97.7372982,30.2751456],[-97.7373057,30.2751251],[-97.7373302,30.2751318]]]},"properties":{"k":"patharea","u":"footway","s":"concrete"}},{"type":"Feature","geometry":{"type":"Polygon","coordinates":[[[-97.7373805,30.2751946],[-97.7373929,30.2751603],[-97.7374167,30.2751667],[-97.7374043,30.275201],[-97.7373805,30.2751946]]]},"properties":{"k":"patharea","u":"footway","s":"concrete"}},{"type":"Feature","geometry":{"type":"Polygon","coordinates":[[[-97.7358871,30.2755175],[-97.7359089,30.2755463],[-97.7359716,30.2755694],[-97.7360111,30.2755995],[-97.7360744,30.2756308],[-97.7361194,30.2755127],[-97.7361426,30.2755215],[-97.7360935,30.2756493],[-97.7360269,30.2758064],[-97.7360386,30.2758093],[-97.7360312,30.2758299],[-97.7359672,30.2758175],[-97.7355144,30.2756944],[-97.7355181,30.2756841],[-97.7355116,30.2756933],[-97.7354784,30.2756759],[-97.735141,30.2755844],[-97.7351484,30.2755638],[-97.7354888,30.2756561],[-97.7355233,30.2756742],[-97.7359629,30.2757932],[-97.7360027,30.275801],[-97.736066,30.2756513],[-97.7359963,30.2756169],[-97.7359582,30.2755878],[-97.7358921,30.2755635],[-97.7358709,30.2755355],[-97.7358029,30.2755155],[-97.7358171,30.2754716],[-97.7358098,30.2754689],[-97.7357728,30.2754241],[-97.7357615,30.2753985],[-97.7357587,30.2753766],[-97.7356912,30.2753564],[-97.7357454,30.275232],[-97.7357688,30.2752396],[-97.7357236,30.2753432],[-97.7357819,30.2753606],[-97.7357859,30.2753927],[-97.7357956,30.2754149],[-97.7358254,30.2754513],[-97.7358471,30.2754592],[-97.7358333,30.2755017],[-97.7358871,30.2755175]]]},"properties":{"k":"patharea","u":"footway","s":"concrete"}},{"type":"Feature","geometry":{"type":"Polygon","coordinates":[[[-97.7372483,30.2756281],[-97.7371519,30.2758964],[-97.7370845,30.2761026],[-97.737073,30.2760994],[-97.7370654,30.27612],[-97.7361827,30.2758782],[-97.7361843,30.2758686],[-97.736172,30.275867],[-97.7361767,30.275857],[-97.7361745,30.2758562],[-97.7361854,30.2758563],[-97.7370607,30.2760961],[-97.7371468,30.275837],[-97.7372246,30.2756215],[-97.7372365,30.2756247],[-97.7372247,30.2756211],[-97.7373372,30.2753296],[-97.737361,30.275336],[-97.7372483,30.2756281]]]},"properties":{"k":"patharea","u":"footway","s":"concrete"}},{"type":"Feature","geometry":{"type":"Polygon","coordinates":[[[-97.7350565,30.2758141],[-97.7349469,30.2757905],[-97.7349499,30.27578],[-97.7349467,30.2757904],[-97.7348628,30.2757709],[-97.7348529,30.2757745],[-97.7348442,30.2757901],[-97.7348085,30.2757791],[-97.7348151,30.2757655],[-97.7348143,30.275758],[-97.7348316,30.275763],[-97.7348339,30.2757589],[-97.7348477,30.2757523],[-97.7348624,30.2757485],[-97.7350629,30.2757932],[-97.7350599,30.2758037],[-97.7350637,30.2757934],[-97.7357825,30.2759926],[-97.7357787,30.2760029],[-97.7357838,30.2759931],[-97.7358577,30.2760214],[-97.7358588,30.2760184],[-97.7358826,30.2760249],[-97.735879,30.2760347],[-97.735885,30.276043],[-97.7359048,30.2760478],[-97.7358984,30.2760687],[-97.7358849,30.2760654],[-97.7357868,30.2763078],[-97.7357743,30.2763446],[-97.7357503,30.2763386],[-97.735763,30.276301],[-97.7358633,30.2760535],[-97.7358568,30.2760447],[-97.7357742,30.276013],[-97.7354029,30.2759109],[-97.7354066,30.2759006],[-97.7354028,30.2759109],[-97.7350565,30.2758141]],[[-97.734829,30.2757728],[-97.734829,30.2757728],[-97.7348287,30.2757735],[-97.734829,30.2757728]]]},"properties":{"k":"patharea","u":"footway","s":"concrete"}},{"type":"Feature","geometry":{"type":"Polygon","coordinates":[[[-97.7347349,30.2757579],[-97.7347351,30.2757574],[-97.7347611,30.2757483],[-97.7347621,30.2757585],[-97.734759,30.2757648],[-97.7347349,30.2757579]]]},"properties":{"k":"patharea","u":"footway","s":"concrete"}},{"type":"Feature","geometry":{"type":"Polygon","coordinates":[[[-97.7346362,30.2757294],[-97.734644,30.275709],[-97.7346939,30.2757233],[-97.7346855,30.2757436],[-97.7346362,30.2757294]]]},"properties":{"k":"patharea","u":"footway","s":"concrete"}},{"type":"Feature","geometry":{"type":"Polygon","coordinates":[[[-97.7360797,30.2761463],[-97.7360967,30.276106],[-97.7360996,30.2760846],[-97.7361094,30.2760858],[-97.7361149,30.2760812],[-97.7361141,30.2760843],[-97.7361263,30.2760866],[-97.7361351,30.2760943],[-97.7361245,30.2761033],[-97.7361031,30.2761537],[-97.7360797,30.2761463]]]},"properties":{"k":"patharea","u":"footway","s":"concrete"}},{"type":"Feature","geometry":{"type":"Polygon","coordinates":[[[-97.7351679,30.2712676],[-97.7351658,30.2712666],[-97.7351873,30.2712577],[-97.735191,30.2712652],[-97.7351843,30.2712746],[-97.7351679,30.2712676]]]},"properties":{"k":"patharea","u":"footway","s":"concrete"}},{"type":"Feature","geometry":{"type":"Polygon","coordinates":[[[-97.7350345,30.2712695],[-97.7350327,30.2712479],[-97.7351634,30.2712395],[-97.7351643,30.2712503],[-97.7351636,30.2712395],[-97.7351753,30.2712389],[-97.7351824,30.2712499],[-97.7351586,30.2712615],[-97.7350345,30.2712695]]]},"properties":{"k":"patharea","u":"footway","s":"concrete"}},{"type":"Feature","geometry":{"type":"Polygon","coordinates":[[[-97.7351236,30.2717396],[-97.735055,30.2717225],[-97.7350424,30.2716848],[-97.7348037,30.2716232],[-97.7348223,30.2715658],[-97.7348052,30.2713614],[-97.7348033,30.2713138],[-97.7347862,30.2711926],[-97.734795,30.2711706],[-97.7347953,30.2711115],[-97.7348117,30.2710702],[-97.7348353,30.2710772],[-97.7348203,30.2711151],[-97.73482,30.2711742],[-97.7348116,30.271195],[-97.7348283,30.2713122],[-97.7348302,30.2713602],[-97.7348475,30.271568],[-97.7348343,30.2716086],[-97.7350626,30.2716676],[-97.7350752,30.2717051],[-97.7351306,30.2717188],[-97.7351236,30.2717396]]]},"properties":{"k":"patharea","u":"footway","s":"concrete"}},{"type":"Feature","geometry":{"type":"Polygon","coordinates":[[[-97.7352116,30.2715126],[-97.735204,30.2715332],[-97.7351526,30.2715188],[-97.7351598,30.2714981],[-97.7352116,30.2715126]]]},"properties":{"k":"patharea","u":"footway","s":"concrete"}},{"type":"Feature","geometry":{"type":"Polygon","coordinates":[[[-97.7338112,30.2720813],[-97.7338059,30.2720972],[-97.7337819,30.2720912],[-97.7337873,30.2720751],[-97.7337993,30.2720781],[-97.7337874,30.2720748],[-97.7338657,30.2718642],[-97.7334872,30.2717564],[-97.7334801,30.2717204],[-97.733466,30.2716935],[-97.7334357,30.2716589],[-97.7333805,30.2716317],[-97.7333476,30.2716304],[-97.7333217,30.2716367],[-97.7333232,30.271631],[-97.7333181,30.2716152],[-97.7333448,30.2716088],[-97.7333877,30.2716103],[-97.7334525,30.2716423],[-97.7334876,30.2716825],[-97.7335041,30.271714],[-97.7335092,30.27174],[-97.7338727,30.2718435],[-97.7338781,30.2718299],[-97.7338899,30.2718334],[-97.7338936,30.2718231],[-97.7339382,30.2718349],[-97.7339345,30.2718452],[-97.7339382,30.2718349],[-97.7340666,30.2718698],[-97.7340628,30.2718801],[-97.734067,30.2718699],[-97.7340917,30.2718775],[-97.7340833,30.2718979],[-97.7338978,30.2718468],[-97.7338876,30.2718778],[-97.7338755,30.2718753],[-97.7338874,30.2718786],[-97.7338112,30.2720813]]]},"properties":{"k":"patharea","u":"footway","s":"concrete"}},{"type":"Feature","geometry":{"type":"Polygon","coordinates":[[[-97.7332499,30.2716578],[-97.733197,30.2716626],[-97.7331257,30.2716478],[-97.7330419,30.2716108],[-97.7330477,30.2716014],[-97.7330366,30.2715964],[-97.7330423,30.2715868],[-97.7331345,30.2716274],[-97.7331986,30.2716408],[-97.7332443,30.2716366],[-97.7332686,30.2716289],[-97.7332696,30.2716322],[-97.7332643,30.2716532],[-97.7332499,30.2716578]]]},"properties":{"k":"patharea","u":"footway","s":"concrete"}},{"type":"Feature","geometry":{"type":"Polygon","coordinates":[[[-97.73468,30.2720774],[-97.7347,30.2720804],[-97.7349122,30.272138],[-97.7349642,30.2721487],[-97.7349613,30.2721592],[-97.734965,30.2721489],[-97.7349949,30.272157],[-97.7349875,30.2721776],[-97.7349729,30.2721736],[-97.7349721,30.2721859],[-97.7349471,30.2721847],[-97.7349483,30.2721676],[-97.7349056,30.2721588],[-97.7346942,30.2721014],[-97.7345222,30.2720651],[-97.7340825,30.2719381],[-97.7339979,30.272164],[-97.7339761,30.2721579],[-97.73397,30.2721756],[-97.7339583,30.2721726],[-97.7339619,30.2721623],[-97.733958,30.2721725],[-97.7338375,30.2721383],[-97.7338116,30.2721343],[-97.733816,30.2721131],[-97.7338428,30.2721172],[-97.7338406,30.2721278],[-97.7338445,30.2721176],[-97.7339752,30.2721545],[-97.7339795,30.272143],[-97.7339914,30.2721463],[-97.7339795,30.272143],[-97.7340626,30.2719211],[-97.7340745,30.2719244],[-97.7340785,30.2719142],[-97.7345294,30.2720445],[-97.73468,30.2720774]]]},"properties":{"k":"patharea","u":"footway","s":"concrete"}},{"type":"Feature","geometry":{"type":"Polygon","coordinates":[[[-97.7347632,30.2728565],[-97.7347521,30.2728651],[-97.7347296,30.2728668],[-97.7347236,30.2728739],[-97.7346998,30.2728673],[-97.7347028,30.2728599],[-97.734718,30.272846],[-97.7347415,30.2728443],[-97.7348934,30.272422],[-97.7347652,30.272388],[-97.7347174,30.2723622],[-97.734627,30.2723338],[-97.7344142,30.2722721],[-97.7343501,30.2722577],[-97.7343576,30.2722371],[-97.7344214,30.2722515],[-97.7346352,30.2723134],[-97.7347284,30.2723428],[-97.7347756,30.2723682],[-97.7348805,30.2723957],[-97.7348769,30.272406],[-97.7348808,30.2723958],[-97.7349129,30.2724049],[-97.734909,30.2724151],[-97.7349209,30.2724183],[-97.7347632,30.2728565]]]},"properties":{"k":"patharea","u":"footway","s":"concrete"}},{"type":"Feature","geometry":{"type":"Polygon","coordinates":[[[-97.7345632,30.273276],[-97.7342503,30.2741222],[-97.7341054,30.2744876],[-97.7340744,30.2745769],[-97.733983,30.2747447],[-97.733835,30.2751534],[-97.7338521,30.2751581],[-97.7338445,30.2751787],[-97.7338279,30.2751741],[-97.7338204,30.275196],[-97.7338169,30.2752186],[-97.7337923,30.2752149],[-97.7337944,30.2752015],[-97.7336623,30.2751696],[-97.7335807,30.2751419],[-97.7334737,30.2751188],[-97.7328006,30.2749293],[-97.7327757,30.2749293],[-97.732745,30.2749231],[-97.7327517,30.2749023],[-97.7327785,30.2749077],[-97.7328046,30.2749077],[-97.7334807,30.275098],[-97.7335883,30.2751213],[-97.7336703,30.2751492],[-97.7337997,30.2751805],[-97.7338158,30.2751334],[-97.7338278,30.2751365],[-97.7338159,30.2751333],[-97.7339596,30.2747371],[-97.734051,30.2745693],[-97.7340816,30.274481],[-97.7342265,30.2741154],[-97.734499,30.2733789],[-97.7339789,30.2732366],[-97.7335059,30.2731042],[-97.7335136,30.2730837],[-97.7339865,30.273216],[-97.7345066,30.2733584],[-97.7345395,30.2732693],[-97.7345514,30.2732726],[-97.7345396,30.2732691],[-97.7346828,30.2729098],[-97.7347066,30.2729163],[-97.7345632,30.273276]]]},"properties":{"k":"patharea","u":"footway","s":"concrete"}},{"type":"Feature","geometry":{"type":"Polygon","coordinates":[[[-97.7326758,30.2749092],[-97.7325755,30.2748817],[-97.7325839,30.2748614],[-97.732701,30.2748921],[-97.7326943,30.2749129],[-97.7326758,30.2749092]]]},"properties":{"k":"patharea","u":"footway","s":"concrete"}},{"type":"Feature","geometry":{"type":"Polygon","coordinates":[[[-97.7319112,30.2746976],[-97.7319025,30.274691],[-97.7319085,30.2746759],[-97.7318967,30.2746724],[-97.7319,30.274662],[-97.7318874,30.274659],[-97.731892,30.2746579],[-97.7318796,30.2746568],[-97.7318824,30.2746336],[-97.7322693,30.2736006],[-97.732293,30.2736073],[-97.7322781,30.2736511],[-97.731907,30.2746382],[-97.7319047,30.274657],[-97.7319077,30.2746664],[-97.7319238,30.2746784],[-97.7325337,30.2748491],[-97.7325254,30.2748694],[-97.7319112,30.2746976]]]},"properties":{"k":"patharea","u":"footway","s":"concrete"}},{"type":"Feature","geometry":{"type":"Polygon","coordinates":[[[-97.7322972,30.2735185],[-97.732485,30.2730133],[-97.7325089,30.2729547],[-97.7325316,30.272858],[-97.7325479,30.2728007],[-97.7326778,30.2724383],[-97.732692,30.2723828],[-97.7327774,30.2722047],[-97.7328107,30.272111],[-97.7328446,30.271993],[-97.7328558,30.2719789],[-97.7328597,30.2719798],[-97.7328653,30.2719669],[-97.7328859,30.2719791],[-97.7328678,30.272002],[-97.7328347,30.2721168],[-97.732801,30.2722119],[-97.732716,30.2723892],[-97.732702,30.2724439],[-97.7325719,30.2728065],[-97.732556,30.2728628],[-97.7325331,30.2729605],[-97.7325086,30.2730201],[-97.7323077,30.2735642],[-97.7322839,30.2735575],[-97.7322972,30.2735185]]]},"properties":{"k":"patharea","u":"footway","s":"concrete"}},{"type":"Feature","geometry":{"type":"Polygon","coordinates":[[[-97.7342582,30.2722369],[-97.7342646,30.2722161],[-97.7343073,30.2722257],[-97.7342998,30.2722463],[-97.7342582,30.2722369]]]},"properties":{"k":"patharea","u":"footway","s":"concrete"}},{"type":"Feature","geometry":{"type":"Polygon","coordinates":[[[-97.7350914,30.2726682],[-97.7350822,30.2726882],[-97.7350296,30.2726704],[-97.7350388,30.2726504],[-97.7350914,30.2726682]]]},"properties":{"k":"patharea","u":"footway","s":"concrete"}},{"type":"Feature","geometry":{"type":"Polygon","coordinates":[[[-97.7348183,30.2731557],[-97.73483,30.2731595],[-97.7348261,30.2731684],[-97.7348024,30.2731615],[-97.7349159,30.2728611],[-97.7349473,30.2728049],[-97.7349761,30.2727447],[-97.7350103,30.2727308],[-97.7350209,30.2727502],[-97.7349955,30.2727607],[-97.7349701,30.2728137],[-97.7349391,30.2728691],[-97.7348302,30.273159],[-97.7348183,30.2731557]]]},"properties":{"k":"patharea","u":"footway","s":"concrete"}},{"type":"Feature","geometry":{"type":"Polygon","coordinates":[[[-97.7347974,30.2732337],[-97.7347857,30.2732299],[-97.734797,30.2732345],[-97.7347822,30.2732617],[-97.7346559,30.2736009],[-97.7347394,30.2736099],[-97.7347508,30.2736055],[-97.7347612,30.2736251],[-97.7347565,30.2736269],[-97.7347587,30.2736331],[-97.7347349,30.2736395],[-97.7347318,30.2736308],[-97.7346487,30.2736219],[-97.7346393,30.2736535],[-97.734659,30.273658],[-97.7346651,30.2736697],[-97.7346651,30.2736815],[-97.7346461,30.273766],[-97.7346694,30.2737847],[-97.7346609,30.2737926],[-97.7346695,30.2737848],[-97.7346732,30.2737878],[-97.7347217,30.2736901],[-97.734739,30.2736823],[-97.7347471,30.2736828],[-97.7347739,30.2736756],[-97.7347754,30.2736797],[-97.7348127,30.273678],[-97.7348504,30.2736939],[-97.7348836,30.2737147],[-97.7348847,30.273731],[-97.7348597,30.2737322],[-97.7348594,30.2737261],[-97.7348266,30.2737077],[-97.7348231,30.2737342],[-97.7347983,30.2737319],[-97.7348025,30.2737001],[-97.7347769,30.2737012],[-97.7347539,30.2738119],[-97.734788,30.2738202],[-97.7347955,30.2737552],[-97.7348203,30.2737574],[-97.7348106,30.2738481],[-97.7347266,30.2738276],[-97.7347344,30.2738038],[-97.7347305,30.2738029],[-97.7347512,30.2737029],[-97.7347411,30.2737057],[-97.7346958,30.2737971],[-97.7346894,30.273818],[-97.7346865,30.2738172],[-97.7346855,30.2738193],[-97.7346611,30.2738076],[-97.7346276,30.2737806],[-97.7346159,30.2737807],[-97.7346158,30.2737699],[-97.7346193,30.2737591],[-97.7346222,30.2737591],[-97.7346401,30.2736795],[-97.7346401,30.2736762],[-97.734632,30.2736742],[-97.734599,30.2737547],[-97.7346028,30.2737556],[-97.7345961,30.2737764],[-97.734591,30.2737751],[-97.7345686,30.2738359],[-97.7345567,30.2738326],[-97.7345685,30.273836],[-97.7345671,30.2738398],[-97.7345432,30.2738334],[-97.734571,30.2737585],[-97.7346123,30.2736577],[-97.7346274,30.273607],[-97.734759,30.2732539],[-97.7347803,30.2732119],[-97.7348039,30.2732188],[-97.7347974,30.2732337]]]},"properties":{"k":"patharea","u":"footway","s":"concrete"}},{"type":"Feature","geometry":{"type":"Polygon","coordinates":[[[-97.7345346,30.273924],[-97.734511,30.2739168],[-97.7345268,30.273876],[-97.7345506,30.2738824],[-97.7345346,30.273924]]]},"properties":{"k":"patharea","u":"footway","s":"concrete"}},{"type":"Feature","geometry":{"type":"Polygon","coordinates":[[[-97.7345028,30.2740063],[-97.734491,30.2740029],[-97.7345028,30.2740063],[-97.7344392,30.2741714],[-97.7344155,30.2741646],[-97.7344349,30.2741143],[-97.7344467,30.2741177],[-97.7344349,30.2741143],[-97.7344946,30.2739594],[-97.7345182,30.2739666],[-97.7345028,30.2740063]]]},"properties":{"k":"patharea","u":"footway","s":"concrete"}},{"type":"Feature","geometry":{"type":"Polygon","coordinates":[[[-97.7344137,30.2742372],[-97.7343395,30.2744296],[-97.7344068,30.2744483],[-97.7344698,30.2744859],[-97.7344901,30.2744955],[-97.7345783,30.2745186],[-97.7346982,30.2745421],[-97.734751,30.2745911],[-97.7348129,30.2746092],[-97.7348106,30.2746199],[-97.7348066,30.2746301],[-97.734737,30.2746097],[-97.7346848,30.2745613],[-97.7345721,30.2745396],[-97.7344803,30.2745155],[-97.7344566,30.2745043],[-97.734396,30.2744679],[-97.7343309,30.2744498],[-97.7342479,30.2746265],[-97.7340243,30.2752171],[-97.7340258,30.2752489],[-97.7340337,30.2752569],[-97.7340481,30.2752629],[-97.7346947,30.2754446],[-97.7346908,30.2754548],[-97.7346952,30.2754447],[-97.7347061,30.2754134],[-97.7347212,30.2754085],[-97.7346899,30.2754002],[-97.7346973,30.2753796],[-97.7347636,30.2753972],[-97.7347599,30.2754075],[-97.7347742,30.2753765],[-97.7347921,30.2753502],[-97.7348196,30.2753254],[-97.7348389,30.275315],[-97.7348524,30.275313],[-97.7348952,30.2752364],[-97.7349272,30.2751559],[-97.7349508,30.2751629],[-97.7349184,30.2752446],[-97.7347988,30.2754582],[-97.7347939,30.2754615],[-97.7347717,30.2754553],[-97.7347639,30.2754757],[-97.7347666,30.2754765],[-97.73475,30.2754782],[-97.7347485,30.2754675],[-97.7347471,30.2754782],[-97.7347358,30.2754771],[-97.7347372,30.2754664],[-97.7347345,30.2754769],[-97.7347118,30.2754722],[-97.7347102,30.2754768],[-97.7346863,30.2754705],[-97.7346869,30.275465],[-97.7340514,30.2752864],[-97.7340181,30.2752743],[-97.7340012,30.2752573],[-97.7339995,30.2752217],[-97.7339946,30.275219],[-97.7339962,30.2752194],[-97.7340022,30.275206],[-97.7342163,30.2746408],[-97.7342355,30.2746463],[-97.7342521,30.2746037],[-97.7342341,30.2745986],[-97.734312,30.2744328],[-97.7343901,30.2742304],[-97.7344019,30.2742338],[-97.7343901,30.2742304],[-97.734399,30.2742072],[-97.7344227,30.274214],[-97.7344137,30.2742372]],[[-97.73476,30.275419],[-97.7347265,30.2754298],[-97.7347189,30.2754515],[-97.7347485,30.2754566],[-97.7347629,30.2754552],[-97.7347788,30.2754444],[-97.7348362,30.2753418],[-97.7348121,30.2753632],[-97.734797,30.2753857],[-97.7347879,30.2754078],[-97.7347817,30.2754145],[-97.7347727,30.2754195],[-97.73476,30.275419]]]},"properties":{"k":"patharea","u":"footway","s":"concrete"}},{"type":"Feature","geometry":{"type":"Polygon","coordinates":[[[-97.7345987,30.2730388],[-97.7345693,30.2731109],[-97.7345373,30.2731032],[-97.7345441,30.2730824],[-97.7345535,30.2730847],[-97.7345751,30.2730316],[-97.7345987,30.2730388]]]},"properties":{"k":"patharea","u":"footway","s":"concrete"}},{"type":"Feature","geometry":{"type":"Polygon","coordinates":[[[-97.7348449,30.2735675],[-97.7348694,30.2735587],[-97.734879,30.2735787],[-97.7348548,30.2735873],[-97.7348449,30.2735675]]]},"properties":{"k":"patharea","u":"footway","s":"concrete"}},{"type":"Feature","geometry":{"type":"Polygon","coordinates":[[[-97.7347988,30.27361],[-97.7347879,30.2735906],[-97.7348093,30.2735814],[-97.73482,30.2736008],[-97.7347988,30.27361]]]},"properties":{"k":"patharea","u":"footway","s":"concrete"}},{"type":"Feature","geometry":{"type":"Polygon","coordinates":[[[-97.7349053,30.2746031],[-97.7348982,30.2746239],[-97.7348862,30.2746219],[-97.7348762,30.274623],[-97.7348722,30.2746017],[-97.734887,30.2746001],[-97.7349053,30.2746031]]]},"properties":{"k":"patharea","u":"footway","s":"concrete"}},{"type":"Feature","geometry":{"type":"Polygon","coordinates":[[[-97.7348578,30.2746042],[-97.7348638,30.2746251],[-97.7348355,30.2746325],[-97.7348225,30.2746326],[-97.7348247,30.274611],[-97.7348578,30.2746042]]]},"properties":{"k":"patharea","u":"footway","s":"concrete"}},{"type":"Feature","geometry":{"type":"Polygon","coordinates":[[[-97.7349426,30.2746172],[-97.7349298,30.2746359],[-97.7349069,30.2746267],[-97.7349169,30.2746069],[-97.7349426,30.2746172]]]},"properties":{"k":"patharea","u":"footway","s":"concrete"}},{"type":"Feature","geometry":{"type":"Polygon","coordinates":[[[-97.7349689,30.2746352],[-97.7349643,30.2746461],[-97.7349561,30.2746542],[-97.7349398,30.274642],[-97.7349554,30.2746251],[-97.7349689,30.2746352]]]},"properties":{"k":"patharea","u":"footway","s":"concrete"}},{"type":"Feature","geometry":{"type":"Polygon","coordinates":[[[-97.7350491,30.2746384],[-97.7350491,30.27466],[-97.7350123,30.2746601],[-97.7350122,30.2746385],[-97.7350491,30.2746384]]]},"properties":{"k":"patharea","u":"footway","s":"concrete"}},{"type":"Feature","geometry":{"type":"Polygon","coordinates":[[[-97.7349992,30.2746386],[-97.7349992,30.2746602],[-97.7349744,30.2746601],[-97.7349745,30.2746493],[-97.734979,30.2746385],[-97.7349992,30.2746386]]]},"properties":{"k":"patharea","u":"footway","s":"concrete"}},{"type":"Feature","geometry":{"type":"Polygon","coordinates":[[[-97.733668,30.2754933],[-97.7336409,30.2754651],[-97.7336359,30.2754626],[-97.7333368,30.2753783],[-97.7333348,30.2753849],[-97.7329019,30.2752665],[-97.7329095,30.2752459],[-97.7333172,30.2753575],[-97.7333192,30.2753507],[-97.7336447,30.2754424],[-97.7336583,30.2754495],[-97.7336824,30.2754745],[-97.7337703,30.2754976],[-97.733763,30.2755182],[-97.7337221,30.2755075],[-97.7337257,30.2754972],[-97.7337221,30.2755075],[-97.733668,30.2754933]]]},"properties":{"k":"patharea","u":"footway","s":"concrete"}},{"type":"Feature","geometry":{"type":"Polygon","coordinates":[[[-97.7338851,30.2755528],[-97.7338928,30.2755323],[-97.7339368,30.2755443],[-97.7339292,30.2755649],[-97.7338851,30.2755528]]]},"properties":{"k":"patharea","u":"footway","s":"concrete"}},{"type":"Feature","geometry":{"type":"Polygon","coordinates":[[[-97.734616,30.2757247],[-97.7339394,30.2755384],[-97.733947,30.2755178],[-97.7345974,30.2756965],[-97.7345936,30.2757068],[-97.7346047,30.2756856],[-97.7346284,30.2756924],[-97.734616,30.2757247]]]},"properties":{"k":"patharea","u":"footway","s":"concrete"}},{"type":"Feature","geometry":{"type":"Polygon","coordinates":[[[-97.730363,30.2710277],[-97.730338,30.2710277],[-97.730338,30.2710181],[-97.7303335,30.2710112],[-97.7303189,30.2710022],[-97.7302732,30.2709911],[-97.730247,30.2709893],[-97.7302282,30.2709913],[-97.7301947,30.2710041],[-97.7301142,30.2710506],[-97.7300857,30.271061],[-97.7300376,30.2710614],[-97.7299909,30.2710498],[-97.7299786,30.2711387],[-97.7299917,30.2711393],[-97.7300414,30.2711485],[-97.7300769,30.2711623],[-97.7301048,30.2711802],[-97.7301231,30.2712052],[-97.7301384,30.2712372],[-97.7301448,30.2712752],[-97.7301361,30.2713334],[-97.730122,30.2713551],[-97.7300959,30.2713709],[-97.7300668,30.2713826],[-97.730039,30.2713847],[-97.7299464,30.2713764],[-97.7299466,30.2713658],[-97.7299154,30.2713654],[-97.7299152,30.2713764],[-97.7298687,30.2713826],[-97.7298302,30.2713914],[-97.7298065,30.2714],[-97.7297666,30.2714217],[-97.7297426,30.2714266],[-97.729711,30.2714245],[-97.729684,30.2714152],[-97.7296653,30.2714043],[-97.7296557,30.2713933],[-97.7296007,30.2714116],[-97.7295722,30.2714188],[-97.7295652,30.271398],[-97.7296422,30.2713752],[-97.7296949,30.2713418],[-97.7297166,30.2713184],[-97.7297335,30.2712879],[-97.7297572,30.2712068],[-97.7297789,30.271182],[-97.7298053,30.2711642],[-97.72985,30.2711466],[-97.7298926,30.2711389],[-97.7299299,30.2711365],[-97.7299536,30.2711376],[-97.7299826,30.2709294],[-97.7300074,30.270932],[-97.729994,30.2710281],[-97.7300418,30.27104],[-97.7300799,30.2710396],[-97.7301024,30.2710316],[-97.7301827,30.2709851],[-97.7302216,30.2709703],[-97.7302464,30.2709677],[-97.7302776,30.2709697],[-97.7303299,30.2709824],[-97.7303525,30.2709964],[-97.730363,30.2710125],[-97.730363,30.2710277]],[[-97.7297571,30.2712953],[-97.7297378,30.27133],[-97.7297127,30.2713572],[-97.7296765,30.2713814],[-97.7296827,30.2713885],[-97.7296958,30.271396],[-97.7297168,30.2714033],[-97.7297406,30.2714048],[-97.729757,30.2714015],[-97.7297947,30.2713808],[-97.7298222,30.271371],[-97.7298635,30.2713614],[-97.7299201,30.2713548],[-97.7299504,30.271159],[-97.7299301,30.2711581],[-97.729896,30.2711603],[-97.7298578,30.2711672],[-97.7298183,30.2711828],[-97.7297969,30.2711972],[-97.7297802,30.2712164],[-97.7297571,30.2712953]],[[-97.7301123,30.271326],[-97.7301196,30.2712758],[-97.7301142,30.271243],[-97.7301009,30.2712152],[-97.7300862,30.2711952],[-97.7300641,30.2711809],[-97.7300336,30.2711691],[-97.7299885,30.2711607],[-97.7299754,30.2711602],[-97.7299453,30.2713548],[-97.7300392,30.2713631],[-97.7300602,30.2713614],[-97.7300833,30.2713521],[-97.730103,30.2713403],[-97.7301123,30.271326]]]},"properties":{"k":"patharea","u":"footway","s":"concrete"}},{"type":"Feature","geometry":{"type":"Polygon","coordinates":[[[-97.7262222,30.270803],[-97.7263108,30.2712549],[-97.726319,30.2712859],[-97.7262946,30.2712904],[-97.726289,30.2712691],[-97.7263003,30.2712677],[-97.7262969,30.2712463],[-97.7262841,30.2712479],[-97.7261976,30.2708066],[-97.7262222,30.270803]]]},"properties":{"k":"patharea","u":"footway","s":"concrete"}},{"type":"Feature","geometry":{"type":"Polygon","coordinates":[[[-97.7310702,30.2713219],[-97.7310726,30.2710724],[-97.7311979,30.2708312],[-97.731196,30.2708193],[-97.7313155,30.2705643],[-97.7313387,30.2705723],[-97.7312216,30.2708221],[-97.7312237,30.2708344],[-97.7310976,30.2710772],[-97.7310952,30.2713225],[-97.7310743,30.2717657],[-97.7310767,30.2717733],[-97.7310914,30.2717808],[-97.7311125,30.2718042],[-97.731196,30.2717954],[-97.7312754,30.271796],[-97.7313325,30.2718026],[-97.7314428,30.2718376],[-97.7316483,30.2718031],[-97.7317467,30.2718031],[-97.7317846,30.2717935],[-97.7318135,30.2717793],[-97.7318375,30.2717623],[-97.7318454,30.2717706],[-97.7318334,30.2717676],[-97.7318227,30.2717996],[-97.7317944,30.2718135],[-97.7317501,30.2718247],[-97.7316509,30.2718247],[-97.7312528,30.2718915],[-97.7312226,30.2719133],[-97.7311811,30.2719187],[-97.7311638,30.2719065],[-97.7309207,30.2719467],[-97.7309159,30.2719255],[-97.73103,30.271906],[-97.731033,30.2718877],[-97.7310767,30.2718601],[-97.7310869,30.2718432],[-97.7310921,30.2718228],[-97.7310891,30.2718124],[-97.7310748,30.2717974],[-97.7310553,30.2717873],[-97.7310491,30.2717681],[-97.7310702,30.2713219]],[[-97.7310965,30.2718739],[-97.7310559,30.2719018],[-97.7311706,30.2718835],[-97.7311883,30.2718959],[-97.731212,30.2718929],[-97.7312418,30.2718713],[-97.7313955,30.2718456],[-97.7313265,30.2718236],[-97.7312736,30.2718176],[-97.7311974,30.271817],[-97.731117,30.2718255],[-97.7311105,30.2718506],[-97.7310965,30.2718739]]]},"properties":{"k":"patharea","u":"footway","s":"concrete"}},{"type":"Feature","geometry":{"type":"Polygon","coordinates":[[[-97.7337437,30.2716487],[-97.7337617,30.2716352],[-97.7337829,30.2716254],[-97.7338088,30.2716188],[-97.7338367,30.2716185],[-97.7338605,30.2716216],[-97.7339596,30.271651],[-97.7339514,30.2716714],[-97.7338545,30.2716426],[-97.7338351,30.2716401],[-97.7338126,30.2716404],[-97.7337923,30.2716454],[-97.7337759,30.271653],[-97.7337493,30.2716731],[-97.7333433,30.271555],[-97.7333682,30.2714891],[-97.7333922,30.2714952],[-97.7333747,30.2715414],[-97.7337437,30.2716487]]]},"properties":{"k":"patharea","u":"footway","s":"concrete"}},{"type":"Feature","geometry":{"type":"Polygon","coordinates":[[[-97.7329959,30.271664],[-97.7330074,30.2716683],[-97.7329742,30.2717501],[-97.732952,30.2717432],[-97.7329677,30.2717435],[-97.7329683,30.2717219],[-97.7329592,30.2717217],[-97.7329841,30.2716604],[-97.7329959,30.271664]]]},"properties":{"k":"patharea","u":"footway","s":"concrete"}},{"type":"Feature","geometry":{"type":"Polygon","coordinates":[[[-97.7327523,30.271752],[-97.7327242,30.2717539],[-97.7327232,30.2717432],[-97.7327236,30.271754],[-97.7320707,30.2717727],[-97.7320698,30.2717511],[-97.7327225,30.2717324],[-97.7327465,30.2717308],[-97.7327774,30.2717202],[-97.732782,30.2717302],[-97.732782,30.271741],[-97.7327844,30.271741],[-97.7327523,30.271752]]]},"properties":{"k":"patharea","u":"footway","s":"concrete"}},{"type":"Feature","geometry":{"type":"Polygon","coordinates":[[[-97.7289815,30.2716605],[-97.7290105,30.2716639],[-97.7290237,30.2716608],[-97.729043,30.2716502],[-97.7294308,30.2715907],[-97.7294504,30.2715986],[-97.729458,30.2716158],[-97.7295105,30.2718641],[-97.7294982,30.271866],[-97.7295105,30.2718641],[-97.7295136,30.2718796],[-97.7294891,30.2718835],[-97.7294338,30.2716216],[-97.7294306,30.2716144],[-97.7294274,30.2716131],[-97.7290522,30.2716706],[-97.7290339,30.2716808],[-97.7290121,30.2716859],[-97.7289821,30.2716823],[-97.7289137,30.2716934],[-97.7288787,30.2717061],[-97.7283498,30.2717822],[-97.7281206,30.2718226],[-97.7280822,30.2718329],[-97.7281358,30.2720829],[-97.7281235,30.2720849],[-97.7281358,30.2720829],[-97.7281394,30.2720997],[-97.7281148,30.2721037],[-97.7280536,30.2718179],[-97.7280563,30.2718172],[-97.7280555,30.2718244],[-97.7280803,30.2718264],[-97.7280821,30.2718103],[-97.7281144,30.2718016],[-97.7283452,30.271761],[-97.7288717,30.2716853],[-97.7289065,30.2716726],[-97.7289815,30.2716605]]]},"properties":{"k":"patharea","u":"footway","s":"concrete"}},{"type":"Feature","geometry":{"type":"Polygon","coordinates":[[[-97.7295252,30.2719359],[-97.7295129,30.2719378],[-97.7295253,30.2719363],[-97.7295609,30.2721492],[-97.7295415,30.2721524],[-97.7295461,30.2721736],[-97.7295483,30.2721732],[-97.7295349,30.2721802],[-97.7285748,30.2723322],[-97.7284667,30.2723561],[-97.7282005,30.2723903],[-97.7281961,30.2723691],[-97.728176,30.2723724],[-97.7281688,30.2723644],[-97.7281242,30.2721479],[-97.7281487,30.2721439],[-97.7281499,30.2721496],[-97.7281376,30.2721515],[-97.7281499,30.2721496],[-97.7281922,30.2723554],[-97.7282038,30.2723681],[-97.7284617,30.2723349],[-97.7285694,30.2723112],[-97.7295259,30.2721598],[-97.7295342,30.2721554],[-97.7295362,30.272152],[-97.7294982,30.2719278],[-97.7295227,30.2719238],[-97.7295252,30.2719359]]]},"properties":{"k":"patharea","u":"footway","s":"concrete"}},{"type":"Feature","geometry":{"type":"Polygon","coordinates":[[[-97.7320052,30.2719438],[-97.7326714,30.2719188],[-97.7326719,30.2719296],[-97.7326714,30.2719188],[-97.7326866,30.2719183],[-97.7326871,30.2719291],[-97.7326839,30.2719395],[-97.7326857,30.2719399],[-97.7320066,30.2719654],[-97.7319609,30.271969],[-97.7319588,30.2719475],[-97.7320045,30.2719439],[-97.7320057,30.2719546],[-97.7320052,30.2719438]]]},"properties":{"k":"patharea","u":"footway","s":"concrete"}},{"type":"Feature","geometry":{"type":"Polygon","coordinates":[[[-97.7329011,30.2719595],[-97.7328767,30.2719641],[-97.7328741,30.2719539],[-97.7328863,30.2719516],[-97.7328983,30.2719547],[-97.7328992,30.271952],[-97.7329011,30.2719595]]]},"properties":{"k":"patharea","u":"footway","s":"concrete"}},{"type":"Feature","geometry":{"type":"Polygon","coordinates":[[[-97.7317407,30.2720782],[-97.731733,30.2720697],[-97.7317299,30.2720718],[-97.7317675,30.2719638],[-97.7317795,30.2719669],[-97.7317802,30.2719777],[-97.7317889,30.2719772],[-97.7317527,30.2720813],[-97.7317407,30.2720782]]]},"properties":{"k":"patharea","u":"footway","s":"concrete"}},{"type":"Feature","geometry":{"type":"Polygon","coordinates":[[[-97.727733,30.2718886],[-97.7278337,30.2723762],[-97.7278561,30.2724218],[-97.7280727,30.2723882],[-97.728077,30.2724094],[-97.7278409,30.272446],[-97.7278505,30.2724445],[-97.7278465,30.2724233],[-97.7278308,30.2724255],[-97.7278097,30.2723824],[-97.7277051,30.2718683],[-97.7277298,30.2718654],[-97.727733,30.2718886]]]},"properties":{"k":"patharea","u":"footway","s":"concrete"}},{"type":"Feature","geometry":{"type":"Polygon","coordinates":[[[-97.7294822,30.2723109],[-97.729516,30.2723003],[-97.7298865,30.2722453],[-97.7298992,30.2722385],[-97.7301113,30.2722055],[-97.7302301,30.2721813],[-97.730233,30.2721918],[-97.7302308,30.2721812],[-97.7304238,30.2721508],[-97.7304487,30.2721599],[-97.7304676,30.2721568],[-97.7304723,30.272178],[-97.7304459,30.2721823],[-97.730421,30.2721732],[-97.7302356,30.2722024],[-97.7301167,30.2722266],[-97.7301138,30.2722161],[-97.730116,30.2722267],[-97.7299084,30.2722589],[-97.7298955,30.2722659],[-97.7295224,30.2723213],[-97.7294888,30.2723317],[-97.7289632,30.2724147],[-97.7289587,30.2723935],[-97.7294822,30.2723109]]]},"properties":{"k":"patharea","u":"footway","s":"concrete"}},{"type":"Feature","geometry":{"type":"Polygon","coordinates":[[[-97.7311198,30.27205],[-97.7311313,30.2720481],[-97.731136,30.2720693],[-97.7305234,30.2721696],[-97.7305187,30.2721484],[-97.7311198,30.27205]]]},"properties":{"k":"patharea","u":"footway","s":"concrete"}},{"type":"Feature","geometry":{"type":"Polygon","coordinates":[[[-97.7311895,30.2720384],[-97.7314386,30.271999],[-97.7315422,30.2720251],[-97.731654,30.2720654],[-97.7316809,30.2721047],[-97.7316688,30.2721128],[-97.7316842,30.2721298],[-97.7316917,30.2721247],[-97.7317105,30.2721633],[-97.7317149,30.2721981],[-97.7316661,30.2723297],[-97.7316452,30.2723155],[-97.7316895,30.2721959],[-97.7316861,30.2721687],[-97.7316622,30.2721199],[-97.7316368,30.2720826],[-97.7315338,30.2720455],[-97.7314372,30.2720212],[-97.7311871,30.2720608],[-97.7311824,30.2720396],[-97.7311895,30.2720384]]]},"properties":{"k":"patharea","u":"footway","s":"concrete"}},{"type":"Feature","geometry":{"type":"Polygon","coordinates":[[[-97.7316455,30.2723852],[-97.7316151,30.2724607],[-97.7315908,30.2724555],[-97.7316283,30.2723611],[-97.7316492,30.2723753],[-97.7316455,30.2723852]]]},"properties":{"k":"patharea","u":"footway","s":"concrete"}},{"type":"Feature","geometry":{"type":"Polygon","coordinates":[[[-97.7315958,30.2725088],[-97.7315159,30.2727372],[-97.7314905,30.2727354],[-97.7315737,30.2724981],[-97.731598,30.2725033],[-97.7315958,30.2725088]]]},"properties":{"k":"patharea","u":"footway","s":"concrete"}},{"type":"Feature","geometry":{"type":"Polygon","coordinates":[[[-97.7314588,30.2729008],[-97.7314487,30.2729248],[-97.731437,30.2729211],[-97.7314487,30.2729248],[-97.7313318,30.273206],[-97.7312918,30.2733166],[-97.7312799,30.2733134],[-97.7312918,30.2733166],[-97.7311786,30.2736555],[-97.7311526,30.2736557],[-97.7312638,30.2733218],[-97.7313031,30.2732132],[-97.731315,30.2732164],[-97.7313031,30.2732132],[-97.7313082,30.2731992],[-97.7313861,30.2730108],[-97.7313979,30.2730144],[-97.7313862,30.2730107],[-97.731435,30.272894],[-97.7314751,30.2727794],[-97.7315005,30.2727812],[-97.7314588,30.2729008]]]},"properties":{"k":"patharea","u":"footway","s":"concrete"}},{"type":"Feature","geometry":{"type":"Polygon","coordinates":[[[-97.7310683,30.2739924],[-97.7310172,30.2741774],[-97.7309928,30.2741727],[-97.7309872,30.2741948],[-97.730965,30.2742045],[-97.7307747,30.2741945],[-97.7306567,30.2741968],[-97.7296099,30.2743645],[-97.7292732,30.2744223],[-97.7289516,30.2744733],[-97.728947,30.2744521],[-97.7292442,30.2744049],[-97.7292308,30.2743405],[-97.7292358,30.2743107],[-97.729153,30.2739603],[-97.7291774,30.2739559],[-97.7292612,30.2743101],[-97.729256,30.2743401],[-97.7292687,30.2744008],[-97.7293746,30.2743823],[-97.7293771,30.2743929],[-97.7293747,30.2743823],[-97.7296053,30.2743433],[-97.7305283,30.2741952],[-97.7305306,30.2742058],[-97.7305283,30.2741952],[-97.7306531,30.2741754],[-97.7306554,30.274186],[-97.7306551,30.2741752],[-97.7307751,30.2741729],[-97.7309598,30.2741827],[-97.7309942,30.2741676],[-97.7310441,30.273987],[-97.7311378,30.2737007],[-97.7311638,30.2737005],[-97.7310683,30.2739924]]]},"properties":{"k":"patharea","u":"footway","s":"concrete"}},{"type":"Feature","geometry":{"type":"Polygon","coordinates":[[[-97.728839,30.2724129],[-97.7288437,30.2724341],[-97.7286996,30.2724583],[-97.7286741,30.2724658],[-97.7286699,30.2724446],[-97.7286926,30.2724375],[-97.728839,30.2724129]]]},"properties":{"k":"patharea","u":"footway","s":"concrete"}},{"type":"Feature","geometry":{"type":"Polygon","coordinates":[[[-97.728577,30.2724819],[-97.7285729,30.2724607],[-97.7286188,30.2724531],[-97.7286231,30.2724743],[-97.728577,30.2724819]]]},"properties":{"k":"patharea","u":"footway","s":"concrete"}},{"type":"Feature","geometry":{"type":"Polygon","coordinates":[[[-97.7285227,30.2724904],[-97.7284887,30.2724904],[-97.7278562,30.2725937],[-97.7278835,30.2727319],[-97.7278589,30.2727357],[-97.7278316,30.2726044],[-97.7278453,30.2726022],[-97.7278407,30.272581],[-97.727835,30.2725819],[-97.7278462,30.2725735],[-97.7284863,30.2724688],[-97.7285217,30.2724686],[-97.7285258,30.2724899],[-97.7285227,30.2724904]]]},"properties":{"k":"patharea","u":"footway","s":"concrete"}},{"type":"Feature","geometry":{"type":"Polygon","coordinates":[[[-97.7264267,30.2728205],[-97.7264222,30.2728211],[-97.7264971,30.2731789],[-97.7264726,30.2731829],[-97.7263976,30.2728247],[-97.7254499,30.2729755],[-97.7250601,30.2730354],[-97.7250557,30.2730142],[-97.7254455,30.2729543],[-97.7263921,30.2728037],[-97.726351,30.2726772],[-97.726363,30.2726742],[-97.7263655,30.2726848],[-97.7263788,30.2726824],[-97.7264168,30.2728],[-97.7264297,30.2727981],[-97.7264429,30.272803],[-97.7264392,30.2728036],[-97.7264414,30.2728142],[-97.7264365,30.2728241],[-97.7264267,30.2728205]]]},"properties":{"k":"patharea","u":"footway","s":"concrete"}},{"type":"Feature","geometry":{"type":"Polygon","coordinates":[[[-97.7265602,30.2734864],[-97.7265887,30.2736163],[-97.7266237,30.2737557],[-97.7266115,30.273758],[-97.7266238,30.2737561],[-97.7267149,30.2741882],[-97.7266903,30.274192],[-97.7265993,30.2737601],[-97.7265643,30.2736207],[-97.7265765,30.2736184],[-97.7265642,30.2736204],[-97.7264818,30.2732271],[-97.7265063,30.2732231],[-97.7265602,30.2734864]]]},"properties":{"k":"patharea","u":"footway","s":"concrete"}},{"type":"Feature","geometry":{"type":"Polygon","coordinates":[[[-97.7277837,30.2729655],[-97.7277849,30.2729716],[-97.7277604,30.2729755],[-97.7276901,30.2726293],[-97.7277146,30.2726248],[-97.7277837,30.2729655],[-97.7277714,30.2729674],[-97.7277837,30.2729655]]]},"properties":{"k":"patharea","u":"footway","s":"concrete"}},{"type":"Feature","geometry":{"type":"Polygon","coordinates":[[[-97.7266464,30.272795],[-97.7267212,30.2731429],[-97.7266967,30.2731468],[-97.7266218,30.2727987],[-97.7265891,30.2728032],[-97.7265851,30.272782],[-97.7266168,30.2727776],[-97.7266196,30.2727887],[-97.726644,30.2727841],[-97.7266414,30.2727739],[-97.7276876,30.2726074],[-97.7276879,30.2726293],[-97.7266464,30.272795]]]},"properties":{"k":"patharea","u":"footway","s":"concrete"}},{"type":"Feature","geometry":{"type":"Polygon","coordinates":[[[-97.7268148,30.2735809],[-97.7267902,30.2735849],[-97.7267061,30.2731909],[-97.7267307,30.273187],[-97.7268148,30.2735809]]]},"properties":{"k":"patharea","u":"footway","s":"concrete"}},{"type":"Feature","geometry":{"type":"Polygon","coordinates":[[[-97.7310274,30.2730075],[-97.7310446,30.2730801],[-97.7310202,30.2730845],[-97.7310058,30.2730237],[-97.7309881,30.2730181],[-97.7303526,30.2731164],[-97.7303482,30.2730952],[-97.730987,30.2729964],[-97.7309892,30.273007],[-97.7309935,30.2729969],[-97.7310274,30.2730075]]]},"properties":{"k":"patharea","u":"footway","s":"concrete"}},{"type":"Feature","geometry":{"type":"Polygon","coordinates":[[[-97.7294423,30.2744987],[-97.7293616,30.2745121],[-97.7293592,30.2745015],[-97.7293615,30.2745121],[-97.7283186,30.2746818],[-97.7283163,30.2746712],[-97.7283039,30.2746727],[-97.728286,30.2745665],[-97.7283108,30.2745633],[-97.7283268,30.2746585],[-97.7294983,30.2744673],[-97.7295007,30.2744779],[-97.7294985,30.2744673],[-97.7305673,30.2742991],[-97.7305696,30.2743097],[-97.7305676,30.2742991],[-97.7307618,30.2742722],[-97.7308551,30.2742754],[-97.7309152,30.2742859],[-97.7309474,30.274305],[-97.7309566,30.2743162],[-97.7309505,30.2743402],[-97.7309752,30.2743438],[-97.7309744,30.2743736],[-97.730956,30.2744646],[-97.7309448,30.2744621],[-97.7309386,30.2744829],[-97.7309511,30.2744857],[-97.7308931,30.2747141],[-97.7316685,30.2748761],[-97.7316626,30.2748971],[-97.7310463,30.2747688],[-97.7310492,30.2747583],[-97.7310462,30.2747688],[-97.7308874,30.2747351],[-97.7308007,30.2750345],[-97.7306987,30.2753364],[-97.7306613,30.2754215],[-97.7306265,30.2754724],[-97.7306088,30.2755164],[-97.730515,30.2757686],[-97.7304662,30.275911],[-97.7304542,30.2759079],[-97.7304661,30.2759112],[-97.7304325,30.2760009],[-97.7304206,30.2759976],[-97.7304319,30.2760021],[-97.7304142,30.2760352],[-97.7303603,30.276111],[-97.7302957,30.2762847],[-97.7302719,30.2762781],[-97.730337,30.2761032],[-97.7303489,30.2761065],[-97.7303383,30.2761009],[-97.7303922,30.276025],[-97.730409,30.2759937],[-97.7304423,30.2759047],[-97.7304911,30.2757623],[-97.7305031,30.2757654],[-97.7304912,30.2757622],[-97.7305656,30.2755584],[-97.7305775,30.2755616],[-97.7305657,30.2755581],[-97.7306033,30.2754643],[-97.7306151,30.2754678],[-97.7306044,30.2754623],[-97.7306387,30.2754121],[-97.7306751,30.2753296],[-97.7307765,30.2750289],[-97.7308661,30.2747196],[-97.7309295,30.2744704],[-97.7309494,30.2743714],[-97.7309501,30.2743458],[-97.7309296,30.2743206],[-97.7309052,30.2743061],[-97.7308521,30.2742968],[-97.7307632,30.2742938],[-97.7305717,30.2743203],[-97.7304392,30.2743417],[-97.7304369,30.2743311],[-97.7304391,30.2743417],[-97.7294423,30.2744987]]]},"properties":{"k":"patharea","u":"footway","s":"concrete"}},{"type":"Feature","geometry":{"type":"Polygon","coordinates":[[[-97.731713,30.2746198],[-97.7317073,30.2746408],[-97.7311052,30.27452],[-97.731111,30.274499],[-97.731713,30.2746198]]]},"properties":{"k":"patharea","u":"footway","s":"concrete"}},{"type":"Feature","geometry":{"type":"Polygon","coordinates":[[[-97.7319173,30.2749261],[-97.7319144,30.2749366],[-97.7319045,30.2749432],[-97.7319072,30.2749462],[-97.7318001,30.2749242],[-97.7317963,30.2749248],[-97.7317937,30.2749143],[-97.7317945,30.2749114],[-97.731812,30.2749166],[-97.7318165,30.2749054],[-97.7319173,30.2749261]]]},"properties":{"k":"patharea","u":"footway","s":"concrete"}},{"type":"Feature","geometry":{"type":"Polygon","coordinates":[[[-97.7327401,30.2751569],[-97.7327469,30.2751362],[-97.7327632,30.2751404],[-97.732756,30.275161],[-97.7327401,30.2751569]]]},"properties":{"k":"patharea","u":"footway","s":"concrete"}},{"type":"Feature","geometry":{"type":"Polygon","coordinates":[[[-97.7326581,30.2751356],[-97.7326617,30.2751253],[-97.7326578,30.2751355],[-97.7321574,30.2749928],[-97.7320811,30.2749867],[-97.7320174,30.2749922],[-97.73196,30.2750044],[-97.7318759,30.275052],[-97.7318623,30.275034],[-97.7319422,30.2749887],[-97.7319503,30.2749992],[-97.7319711,30.2749872],[-97.7319662,30.2749809],[-97.7320132,30.274971],[-97.7320809,30.2749651],[-97.7321626,30.2749716],[-97.732697,30.2751232],[-97.7326903,30.275144],[-97.7326581,30.2751356]]]},"properties":{"k":"patharea","u":"footway","s":"concrete"}},{"type":"Feature","geometry":{"type":"Polygon","coordinates":[[[-97.7326258,30.2757797],[-97.7326336,30.2757593],[-97.7328931,30.275833],[-97.7328843,30.2758583],[-97.7335276,30.2760378],[-97.73352,30.2760584],[-97.7328533,30.2758723],[-97.7328621,30.275847],[-97.7326258,30.2757797]]]},"properties":{"k":"patharea","u":"footway","s":"concrete"}},{"type":"Feature","geometry":{"type":"Polygon","coordinates":[[[-97.7353622,30.2727518],[-97.7353681,30.2727829],[-97.7353435,30.2727863],[-97.7353242,30.2726924],[-97.7353498,30.2726936],[-97.7353622,30.2727518]]]},"properties":{"k":"patharea","u":"footway","s":"gravel"}},{"type":"Feature","geometry":{"type":"Polygon","coordinates":[[[-97.7363335,30.273865],[-97.7363153,30.2738798],[-97.7362921,30.2738587],[-97.7363103,30.2738439],[-97.7363335,30.273865]]]},"properties":{"k":"patharea","u":"footway","s":"gravel"}},{"type":"Feature","geometry":{"type":"Polygon","coordinates":[[[-97.7514399,30.2716236],[-97.7514185,30.2716439],[-97.7514081,30.2716621],[-97.751385,30.2716537],[-97.7513977,30.2716317],[-97.7514189,30.2716114],[-97.7514912,30.2714792],[-97.7515547,30.2713471],[-97.7516022,30.2712397],[-97.7516253,30.2712478],[-97.7515779,30.2713551],[-97.751514,30.271488],[-97.7514399,30.2716236]]]},"properties":{"k":"patharea","u":"footway","s":"paving"}},{"type":"Feature","geometry":{"type":"Polygon","coordinates":[[[-97.7513741,30.2717241],[-97.7513819,30.2717422],[-97.7513504,30.2718075],[-97.7513274,30.2717993],[-97.7513551,30.2717418],[-97.7513471,30.2717233],[-97.7513625,30.2716942],[-97.7513856,30.2717026],[-97.7513741,30.2717241]]]},"properties":{"k":"patharea","u":"footway","s":"paving"}},{"type":"Feature","geometry":{"type":"Polygon","coordinates":[[[-97.7516225,30.2711921],[-97.7516326,30.2711897],[-97.7516389,30.2711841],[-97.7517635,30.2709364],[-97.7517862,30.2709452],[-97.7516599,30.2711963],[-97.7516477,30.2712072],[-97.7516203,30.2711975],[-97.7516225,30.2711921]]]},"properties":{"k":"patharea","u":"footway","s":"paving"}},{"type":"Feature","geometry":{"type":"Polygon","coordinates":[[[-97.7518087,30.2708464],[-97.7517995,30.2708275],[-97.7518225,30.2708191],[-97.7518359,30.2708466],[-97.751807,30.270904],[-97.7517842,30.2708952],[-97.7518087,30.2708464]]]},"properties":{"k":"patharea","u":"footway","s":"paving"}},{"type":"Feature","geometry":{"type":"Polygon","coordinates":[[[-97.7514897,30.2718016],[-97.7514669,30.2718263],[-97.7514143,30.2719292],[-97.7513915,30.2719204],[-97.7514453,30.2718151],[-97.7514687,30.2717896],[-97.7514761,30.2717779],[-97.7514991,30.2717864],[-97.7514897,30.2718016]]]},"properties":{"k":"patharea","u":"footway","s":"paving"}},{"type":"Feature","geometry":{"type":"Polygon","coordinates":[[[-97.75151,30.2717239],[-97.7515128,30.2716845],[-97.7515245,30.2716618],[-97.7515493,30.2716352],[-97.7515528,30.2716285],[-97.7515759,30.2716365],[-97.7515707,30.2716466],[-97.7515459,30.2716732],[-97.7515374,30.2716897],[-97.7515346,30.2717299],[-97.751524,30.2717467],[-97.7515009,30.2717383],[-97.75151,30.2717239]]]},"properties":{"k":"patharea","u":"footway","s":"paving"}},{"type":"Feature","geometry":{"type":"Polygon","coordinates":[[[-97.751586,30.2715623],[-97.7515919,30.2715274],[-97.7519204,30.2708776],[-97.751951,30.2708676],[-97.7519598,30.2708878],[-97.751939,30.2708946],[-97.7516161,30.2715334],[-97.7516102,30.2715683],[-97.7515966,30.2715953],[-97.7515735,30.2715873],[-97.751586,30.2715623]]]},"properties":{"k":"patharea","u":"footway","s":"paving"}},{"type":"Feature","geometry":{"type":"Polygon","coordinates":[[[-97.7478761,30.2716141],[-97.7478523,30.271618],[-97.7477836,30.2717939],[-97.7477621,30.2717961],[-97.747751,30.2718001],[-97.7477414,30.2718065],[-97.7477343,30.2718154],[-97.7477306,30.2718252],[-97.74773,30.2718357],[-97.7477327,30.2718462],[-97.7477384,30.2718553],[-97.747753,30.2718683],[-97.7477165,30.2719832],[-97.7476928,30.2719762],[-97.7477252,30.2718745],[-97.7477182,30.2718681],[-97.7477091,30.271854],[-97.7477048,30.2718375],[-97.7477058,30.2718212],[-97.7477117,30.2718056],[-97.7477232,30.2717915],[-97.7477384,30.2717813],[-97.7477557,30.2717751],[-97.747765,30.2717741],[-97.7478271,30.2716151],[-97.7477924,30.2716041],[-97.747794,30.2716042],[-97.7477951,30.2715935],[-97.7478003,30.2716033],[-97.7478277,30.2715924],[-97.7478438,30.2715975],[-97.7478781,30.2715919],[-97.7479262,30.2716064],[-97.7480357,30.2716464],[-97.7481536,30.2716793],[-97.7481447,30.2716995],[-97.7480269,30.2716666],[-97.7479174,30.2716266],[-97.7478761,30.2716141]]]},"properties":{"k":"patharea","u":"footway","s":"paving"}},{"type":"Feature","geometry":{"type":"Polygon","coordinates":[[[-97.7476974,30.2720375],[-97.7475618,30.2723721],[-97.747538,30.2723654],[-97.7476777,30.2720192],[-97.7477013,30.2720262],[-97.7476974,30.2720375]]]},"properties":{"k":"patharea","u":"footway","s":"paving"}},{"type":"Feature","geometry":{"type":"Polygon","coordinates":[[[-97.7475366,30.2724125],[-97.7475149,30.2724018],[-97.7475269,30.2723849],[-97.7475513,30.2723918],[-97.7475366,30.2724125]]]},"properties":{"k":"patharea","u":"footway","s":"paving"}},{"type":"Feature","geometry":{"type":"Polygon","coordinates":[[[-97.7482219,30.2716984],[-97.7482987,30.2717201],[-97.7482915,30.2717408],[-97.7481942,30.2717133],[-97.7482033,30.2716932],[-97.7482219,30.2716984]]]},"properties":{"k":"patharea","u":"footway","s":"paving"}},{"type":"Feature","geometry":{"type":"Polygon","coordinates":[[[-97.7484058,30.2717472],[-97.7486156,30.2718074],[-97.7486117,30.2718178],[-97.7486355,30.2718244],[-97.7486393,30.2718143],[-97.7487025,30.2718325],[-97.7486986,30.2718427],[-97.7486868,30.2718393],[-97.7486828,30.2718495],[-97.7483419,30.2717521],[-97.7483491,30.2717315],[-97.7484058,30.2717472]]]},"properties":{"k":"patharea","u":"footway","s":"paving"}},{"type":"Feature","geometry":{"type":"Polygon","coordinates":[[[-97.74751,30.2718029],[-97.7475396,30.271741],[-97.7475886,30.2716682],[-97.747613,30.2716178],[-97.7476201,30.2715898],[-97.747644,30.2715964],[-97.747637,30.2716244],[-97.7476112,30.2716774],[-97.7475945,30.271705],[-97.7475618,30.271751],[-97.7475426,30.2717886],[-97.7475058,30.2718797],[-97.7474974,30.2719192],[-97.7474736,30.2719124],[-97.7474814,30.2718749],[-97.74751,30.2718029]]]},"properties":{"k":"patharea","u":"footway","s":"paving"}},{"type":"Feature","geometry":{"type":"Polygon","coordinates":[[[-97.7476156,30.2715296],[-97.747628,30.2715285],[-97.7476402,30.2715309],[-97.7476406,30.2715291],[-97.7476462,30.2715744],[-97.7476202,30.2715671],[-97.7476156,30.2715296]]]},"properties":{"k":"patharea","u":"footway","s":"paving"}},{"type":"Feature","geometry":{"type":"Polygon","coordinates":[[[-97.7474785,30.2719653],[-97.747451,30.2720482],[-97.7473526,30.2723137],[-97.7475089,30.2723572],[-97.7475013,30.2723778],[-97.7473671,30.2723406],[-97.7473709,30.2723303],[-97.747367,30.2723405],[-97.747344,30.272334],[-97.7472831,30.2724683],[-97.7472835,30.2724757],[-97.7472924,30.2724757],[-97.7472923,30.2724865],[-97.7472968,30.2724765],[-97.7474451,30.272526],[-97.7474406,30.2725361],[-97.7474312,30.2725432],[-97.7474332,30.2725452],[-97.7472899,30.2724973],[-97.7472807,30.2724972],[-97.7471538,30.2728525],[-97.7471513,30.2728695],[-97.7471272,30.2728627],[-97.7471294,30.2728479],[-97.7472589,30.272485],[-97.747258,30.2724669],[-97.7472705,30.2724664],[-97.747259,30.2724623],[-97.7472854,30.2724068],[-97.7473078,30.2723524],[-97.7473196,30.272356],[-97.7473081,30.2723518],[-97.7473203,30.272327],[-97.7471096,30.2722664],[-97.7470602,30.2722911],[-97.7470131,30.2722773],[-97.7470236,30.2722576],[-97.7470574,30.2722675],[-97.7471068,30.2722428],[-97.7473289,30.2723068],[-97.7474272,30.2720418],[-97.7474563,30.2719548],[-97.74748,30.2719615],[-97.7474785,30.2719653]]]},"properties":{"k":"patharea","u":"footway","s":"paving"}},{"type":"Feature","geometry":{"type":"Polygon","coordinates":[[[-97.7474478,30.2725243],[-97.7474701,30.272534],[-97.7474674,30.2725387],[-97.7474567,30.2725357],[-97.74745,30.272529],[-97.747441,30.2725358],[-97.7474478,30.2725243]]]},"properties":{"k":"patharea","u":"footway","s":"paving"}},{"type":"Feature","geometry":{"type":"Polygon","coordinates":[[[-97.747326,30.2729047],[-97.747323,30.2729165],[-97.747299,30.2729102],[-97.7474355,30.2725475],[-97.7474425,30.2725543],[-97.7474576,30.2725586],[-97.747326,30.2729047]]]},"properties":{"k":"patharea","u":"footway","s":"paving"}},{"type":"Feature","geometry":{"type":"Polygon","coordinates":[[[-97.7473083,30.2729749],[-97.7471851,30.273297],[-97.7471874,30.2733028],[-97.7474588,30.2733776],[-97.7480397,30.2735435],[-97.748047,30.2735388],[-97.7480663,30.273489],[-97.7480901,30.2734957],[-97.7480939,30.2734856],[-97.7481486,30.2735014],[-97.7481408,30.2735219],[-97.7480861,30.2735061],[-97.7480688,30.2735506],[-97.7480577,30.2735599],[-97.7480417,30.2735667],[-97.7479926,30.2735531],[-97.7479765,30.2736092],[-97.7479546,30.2736701],[-97.7479309,30.2736632],[-97.7479523,30.2736042],[-97.7479559,30.2735878],[-97.7479682,30.2735899],[-97.7479562,30.2735871],[-97.7479689,30.2735464],[-97.7474514,30.2733982],[-97.7471749,30.273322],[-97.7471695,30.273312],[-97.7471469,30.273321],[-97.7471489,30.2733248],[-97.7470173,30.2732775],[-97.7470262,30.2732573],[-97.7471575,30.2733045],[-97.7471611,30.2733028],[-97.7471589,30.273297],[-97.7472841,30.2729693],[-97.7472879,30.2729543],[-97.7473119,30.2729606],[-97.7473083,30.2729749]]]},"properties":{"k":"patharea","u":"footway","s":"paving"}},{"type":"Feature","geometry":{"type":"Polygon","coordinates":[[[-97.7471379,30.2729313],[-97.7471027,30.273038],[-97.747089,30.2731056],[-97.7470678,30.2731677],[-97.7470347,30.2732416],[-97.7470206,30.2732559],[-97.7470017,30.2732514],[-97.7469951,30.2732722],[-97.747003,30.2732741],[-97.7469892,30.2732888],[-97.7469612,30.2734097],[-97.7469684,30.2734211],[-97.7471057,30.2734531],[-97.7471006,30.2734581],[-97.74711,30.2734652],[-97.747098,30.2734624],[-97.7470946,30.2734728],[-97.7469655,30.2734428],[-97.7469705,30.2734362],[-97.7469495,30.2734244],[-97.7469455,30.2734298],[-97.7469403,30.2734218],[-97.7469153,30.2734204],[-97.7467886,30.2733814],[-97.7460354,30.2731781],[-97.7460391,30.2731678],[-97.7459795,30.2731518],[-97.7459762,30.2731611],[-97.7458264,30.2731168],[-97.7457808,30.2731318],[-97.7449895,30.2729174],[-97.7448201,30.273363],[-97.7447268,30.2736358],[-97.7453366,30.2737944],[-97.7453243,30.2738343],[-97.7456989,30.2739351],[-97.7456953,30.2739452],[-97.7457549,30.2739612],[-97.745758,30.2739527],[-97.7464816,30.2741533],[-97.7466452,30.2742019],[-97.7466412,30.2742121],[-97.746653,30.2742156],[-97.7466489,30.2742258],[-97.7463825,30.2741481],[-97.7457837,30.2739837],[-97.745788,30.2739744],[-97.7457648,30.2739664],[-97.7457601,30.2739765],[-97.745721,30.2739634],[-97.745538,30.2739154],[-97.7455413,30.2739046],[-97.7455171,30.273899],[-97.7455141,30.2739089],[-97.7452941,30.2738487],[-97.7453062,30.273809],[-97.7447198,30.2736565],[-97.7447233,30.273646],[-97.7446993,30.27364],[-97.7446959,30.2736502],[-97.7446892,30.2736485],[-97.7446961,30.2736278],[-97.7447029,30.2736295],[-97.7447963,30.2733566],[-97.744967,30.2729076],[-97.7449737,30.2729123],[-97.7449893,30.2728955],[-97.7449779,30.2728875],[-97.7449947,30.2728617],[-97.7450245,30.2727317],[-97.7450489,30.2727363],[-97.7450187,30.2728678],[-97.7450065,30.2728656],[-97.7450174,30.2728709],[-97.7449999,30.2728976],[-97.74578,30.273109],[-97.7457953,30.273104],[-97.7457934,30.2731089],[-97.7458172,30.2731155],[-97.7458258,30.273094],[-97.7458679,30.2731056],[-97.7458639,30.2731155],[-97.7458875,30.2731227],[-97.7458916,30.2731125],[-97.7460536,30.2731605],[-97.7460497,30.2731704],[-97.7460733,30.2731774],[-97.7460775,30.2731669],[-97.7467964,30.2733608],[-97.7469205,30.273399],[-97.746938,30.2734],[-97.7469652,30.2732821],[-97.7469775,30.2732841],[-97.7469678,30.2732773],[-97.7469772,30.2732673],[-97.7467057,30.2731937],[-97.7466044,30.2731879],[-97.7465197,30.2731654],[-97.7465015,30.2731599],[-97.7465107,30.2731398],[-97.746609,30.2731665],[-97.7467103,30.2731723],[-97.7469942,30.2732494],[-97.7470129,30.2732304],[-97.7470442,30.2731607],[-97.7470646,30.2731006],[-97.7470783,30.2730332],[-97.7471198,30.2729079],[-97.7471436,30.2729146],[-97.7471379,30.2729313]]]},"properties":{"k":"patharea","u":"footway","s":"paving"}},{"type":"Feature","geometry":{"type":"Polygon","coordinates":[[[-97.7472337,30.2734901],[-97.7479223,30.2736894],[-97.7479187,30.2737002],[-97.7479427,30.2737062],[-97.7479461,30.2736959],[-97.7479721,30.2737037],[-97.7479831,30.2737102],[-97.7479761,30.2737191],[-97.747964,30.2737216],[-97.7479651,30.2737257],[-97.7479507,30.2737195],[-97.7471185,30.2734791],[-97.7471213,30.2734704],[-97.7471317,30.2734602],[-97.7472337,30.2734901]]]},"properties":{"k":"patharea","u":"footway","s":"paving"}},{"type":"Feature","geometry":{"type":"Polygon","coordinates":[[[-97.746425,30.2731365],[-97.746429,30.2731026],[-97.7461322,30.2730195],[-97.7461241,30.273049],[-97.7461,30.2730435],[-97.7461083,30.2730131],[-97.7460848,30.2730073],[-97.7459384,30.2729821],[-97.745941,30.2729716],[-97.7459371,30.2729819],[-97.7459282,30.2729793],[-97.7459233,30.2729932],[-97.7458939,30.2731067],[-97.7458697,30.2731013],[-97.745899,30.2729882],[-97.7459112,30.2729905],[-97.7458993,30.2729873],[-97.7459045,30.2729727],[-97.7450505,30.272732],[-97.7450541,30.2727214],[-97.7450357,30.2727166],[-97.7450415,30.2727022],[-97.7450356,30.2727005],[-97.7452315,30.2721662],[-97.7453133,30.2719595],[-97.7451296,30.2719218],[-97.7451209,30.2719216],[-97.7450103,30.2722213],[-97.7449864,30.272215],[-97.7450959,30.2719185],[-97.7450959,30.2719134],[-97.7450923,30.2719077],[-97.7448099,30.2718204],[-97.7446345,30.2717752],[-97.7446436,30.2717551],[-97.7448175,30.2717998],[-97.7450995,30.271887],[-97.7451039,30.2718846],[-97.7451556,30.2717455],[-97.7451793,30.2717522],[-97.7451263,30.271895],[-97.7451144,30.2718917],[-97.7451204,30.2719],[-97.7451315,30.2719002],[-97.7451312,30.271911],[-97.7451341,30.2719005],[-97.7453164,30.271938],[-97.7453224,30.2719358],[-97.7453207,30.2719408],[-97.7453447,30.2719468],[-97.7453481,30.2719367],[-97.7462137,30.2721734],[-97.7462099,30.2721837],[-97.7462218,30.272187],[-97.7459353,30.2729587],[-97.74609,30.2729862],[-97.7460877,30.2729968],[-97.7460911,30.2729864],[-97.7461152,30.2729924],[-97.7461631,30.2728704],[-97.7461841,30.272877],[-97.7462019,30.2728348],[-97.7461799,30.2728279],[-97.7461935,30.2727936],[-97.7462133,30.2727995],[-97.7462283,30.272762],[-97.7462182,30.2727978],[-97.7461391,30.2729987],[-97.7464558,30.2730874],[-97.7464518,30.2731219],[-97.7464617,30.2731249],[-97.7464524,30.2731449],[-97.746425,30.2731365]],[[-97.7461942,30.2721907],[-97.7453406,30.2719573],[-97.7452603,30.2721601],[-97.7452582,30.2721624],[-97.7452472,30.2721593],[-97.7452396,30.2721799],[-97.7452508,30.272183],[-97.7452546,30.2721727],[-97.7452506,30.2721857],[-97.7450578,30.2727114],[-97.7459095,30.2729514],[-97.7459135,30.2729576],[-97.7459353,30.272947],[-97.7459213,30.2729254],[-97.7461942,30.2721907]]]},"properties":{"k":"patharea","u":"footway","s":"paving"}},{"type":"Feature","geometry":{"type":"Polygon","coordinates":[[[-97.7449848,30.2722917],[-97.7448484,30.272645],[-97.7448443,30.2726552],[-97.744845,30.2726444],[-97.7448233,30.2726417],[-97.7449708,30.2722579],[-97.7449947,30.2722642],[-97.7449848,30.2722917]]]},"properties":{"k":"patharea","u":"footway","s":"paving"}},{"type":"Feature","geometry":{"type":"Polygon","coordinates":[[[-97.7445514,30.2717532],[-97.744254,30.2716679],[-97.7441375,30.2719919],[-97.7441136,30.2719855],[-97.7442354,30.2716467],[-97.7442321,30.2716457],[-97.7442387,30.2716445],[-97.7442439,30.2716386],[-97.7442433,30.27164],[-97.7442595,30.2716467],[-97.7445936,30.2717418],[-97.7445848,30.271762],[-97.7445514,30.2717532]]]},"properties":{"k":"patharea","u":"footway","s":"paving"}},{"type":"Feature","geometry":{"type":"Polygon","coordinates":[[[-97.7441156,30.2720573],[-97.7439888,30.272403],[-97.7439652,30.2723958],[-97.7440989,30.2720286],[-97.7441227,30.272035],[-97.7441156,30.2720573]]]},"properties":{"k":"patharea","u":"footway","s":"paving"}},{"type":"Feature","geometry":{"type":"Polygon","coordinates":[[[-97.7462077,30.2727439],[-97.7462417,30.2726579],[-97.7462654,30.2726646],[-97.7462297,30.2727569],[-97.746206,30.2727498],[-97.7462077,30.2727439]]]},"properties":{"k":"patharea","u":"footway","s":"paving"}},{"type":"Feature","geometry":{"type":"Polygon","coordinates":[[[-97.7462627,30.272607],[-97.7463304,30.2724124],[-97.7463544,30.2724185],[-97.7462829,30.2726223],[-97.7462592,30.2726155],[-97.7462627,30.272607]]]},"properties":{"k":"patharea","u":"footway","s":"paving"}},{"type":"Feature","geometry":{"type":"Polygon","coordinates":[[[-97.7463547,30.2723574],[-97.7463507,30.2723154],[-97.7463835,30.2722518],[-97.7463914,30.2722211],[-97.7464158,30.2722259],[-97.7464073,30.2722586],[-97.7463761,30.2723192],[-97.7463801,30.2723606],[-97.7463728,30.2723764],[-97.7463488,30.2723702],[-97.7463547,30.2723574]]]},"properties":{"k":"patharea","u":"footway","s":"paving"}},{"type":"Feature","geometry":{"type":"Polygon","coordinates":[[[-97.7467582,30.2722027],[-97.7464342,30.272108],[-97.7464382,30.2720978],[-97.7464269,30.2721023],[-97.7464193,30.2720884],[-97.7464158,30.2720726],[-97.7464163,30.2720551],[-97.7465465,30.2717149],[-97.7465625,30.2717033],[-97.7465902,30.2717073],[-97.7465768,30.2717227],[-97.7465677,30.2717283],[-97.7464411,30.2720589],[-97.7464433,30.2720816],[-97.7464473,30.2720891],[-97.746974,30.2722431],[-97.7469636,30.2722628],[-97.7467582,30.2722027]]]},"properties":{"k":"patharea","u":"footway","s":"paving"}},{"type":"Feature","geometry":{"type":"Polygon","coordinates":[[[-97.7466027,30.2716567],[-97.7467309,30.2713219],[-97.7467427,30.2713253],[-97.7467507,30.2713049],[-97.7467388,30.2713014],[-97.7467423,30.2712924],[-97.7467541,30.2712958],[-97.7467504,30.2713061],[-97.7467621,30.2713092],[-97.7466251,30.2716667],[-97.7466229,30.2716694],[-97.7465976,30.2716625],[-97.7466027,30.2716567]]]},"properties":{"k":"patharea","u":"footway","s":"paving"}},{"type":"Feature","geometry":{"type":"Polygon","coordinates":[[[-97.751356,30.2734884],[-97.7513583,30.2734778],[-97.7516794,30.2735292],[-97.7516923,30.2735047],[-97.7516985,30.2735063],[-97.7517062,30.2734829],[-97.7517128,30.273484],[-97.7517103,30.2734946],[-97.7517219,30.2734985],[-97.7517121,30.2735201],[-97.7518107,30.2735227],[-97.7518101,30.2735443],[-97.7517013,30.2735413],[-97.7516969,30.273548],[-97.7516822,30.2735507],[-97.7516796,30.2735402],[-97.7516773,30.2735508],[-97.7512876,30.2734885],[-97.75107,30.2734306],[-97.7510771,30.2734099],[-97.7512938,30.2734675],[-97.7513583,30.2734778],[-97.751356,30.2734884]]]},"properties":{"k":"patharea","u":"footway","s":"paving"}},{"type":"Feature","geometry":{"type":"Polygon","coordinates":[[[-97.7517681,30.2736827],[-97.7517637,30.2737039],[-97.7514254,30.273652],[-97.7514302,30.2736309],[-97.7517681,30.2736827]]]},"properties":{"k":"patharea","u":"footway","s":"paving"}},{"type":"Feature","geometry":{"type":"Polygon","coordinates":[[[-97.7480262,30.2737858],[-97.7480302,30.2737756],[-97.748026,30.2737858],[-97.747986,30.2737735],[-97.7479911,30.2737522],[-97.7480596,30.2737727],[-97.7481501,30.2737956],[-97.7481435,30.2738164],[-97.7480262,30.2737858]]]},"properties":{"k":"patharea","u":"footway","s":"paving"}},{"type":"Feature","geometry":{"type":"Polygon","coordinates":[[[-97.747744,30.2744966],[-97.7477403,30.2745069],[-97.7477454,30.2744971],[-97.747897,30.2745563],[-97.747909,30.2745562],[-97.7480498,30.2741805],[-97.7480736,30.2741869],[-97.7479338,30.2745601],[-97.7488378,30.2748216],[-97.7488339,30.2748319],[-97.7488386,30.2748219],[-97.7489782,30.2748687],[-97.7491887,30.2743176],[-97.7492614,30.2741107],[-97.7492306,30.274101],[-97.7492393,30.2740808],[-97.749267,30.2740895],[-97.74927,30.274075],[-97.749283,30.2740666],[-97.7492819,30.2740702],[-97.7493059,30.274076],[-97.749309,30.2740663],[-97.7507022,30.2745042],[-97.7509104,30.2745819],[-97.7509012,30.274602],[-97.750693,30.2745242],[-97.7496671,30.2742005],[-97.749296,30.2740852],[-97.7492928,30.2740872],[-97.7492864,30.2741185],[-97.7492849,30.274118],[-97.7492125,30.2743242],[-97.749,30.2748805],[-97.7489957,30.2748759],[-97.7489763,30.2748895],[-97.7489925,30.2749067],[-97.7489614,30.2750151],[-97.7489493,30.2750124],[-97.7489606,30.275017],[-97.7489462,30.2750433],[-97.7485903,30.27595],[-97.7485816,30.2759611],[-97.7486347,30.275961],[-97.7488649,30.276025],[-97.7489073,30.2760402],[-97.7489361,30.2760727],[-97.7489467,30.2760807],[-97.7489581,30.2760862],[-97.7489995,30.2760965],[-97.7489922,30.2761172],[-97.7489485,30.2761064],[-97.7489323,30.2760985],[-97.7489181,30.2760879],[-97.7488925,30.2760582],[-97.7488563,30.2760452],[-97.7486309,30.2759826],[-97.7485663,30.2759827],[-97.7485272,30.2760749],[-97.7484934,30.2761667],[-97.7484815,30.2761634],[-97.7484781,30.2761738],[-97.748304,30.2761336],[-97.7482504,30.2761287],[-97.7482019,30.2761384],[-97.7481084,30.2761305],[-97.7481119,30.2761229],[-97.7480885,30.2761151],[-97.7480807,30.2761337],[-97.7477096,30.2760226],[-97.7477135,30.2760121],[-97.7476897,30.2760055],[-97.747686,30.2760155],[-97.7476796,30.2760136],[-97.7475941,30.2759634],[-97.7475299,30.2759474],[-97.7475335,30.2759373],[-97.7475097,30.2759309],[-97.7475059,30.2759414],[-97.7474467,30.2759267],[-97.7474537,30.2759059],[-97.7476049,30.2759436],[-97.747691,30.2759942],[-97.7481004,30.2761168],[-97.7481014,30.2761083],[-97.7482003,30.2761166],[-97.7482488,30.2761069],[-97.7482974,30.2761114],[-97.7483547,30.2759464],[-97.7475125,30.2757096],[-97.7475179,30.275705],[-97.7475092,30.2756973],[-97.747514,30.2756873],[-97.7475014,30.2756829],[-97.7478455,30.2747407],[-97.7478147,30.2747326],[-97.7478183,30.2747223],[-97.7478143,30.2747325],[-97.7476551,30.2746871],[-97.7474939,30.275126],[-97.7474701,30.2751194],[-97.7476313,30.2746808],[-97.7470742,30.2745247],[-97.747082,30.2745042],[-97.7476381,30.2746601],[-97.7476436,30.2746418],[-97.7476557,30.2746445],[-97.7476438,30.2746413],[-97.7476887,30.2745156],[-97.7468141,30.2742704],[-97.746818,30.2742602],[-97.7468299,30.2742635],[-97.7468337,30.2742533],[-97.7476963,30.274495],[-97.7476898,30.2745124],[-97.7477136,30.2745189],[-97.747662,30.2746664],[-97.7476859,30.2746723],[-97.7476825,30.2746827],[-97.7476865,30.2746725],[-97.7478533,30.2747202],[-97.7478621,30.2746977],[-97.7478809,30.2745736],[-97.7477359,30.274517],[-97.7477162,30.2745117],[-97.7477201,30.2745017],[-97.7477082,30.2744983],[-97.7477201,30.2745015],[-97.7477239,30.2744912],[-97.747744,30.2744966]],[[-97.7485215,30.275967],[-97.7485182,30.2759774],[-97.7484047,30.2759525],[-97.7483876,30.2759556],[-97.7483784,30.2759531],[-97.7483222,30.2761153],[-97.7484733,30.2761502],[-97.7485036,30.2760681],[-97.7485368,30.2759872],[-97.7485486,30.2759908],[-97.7485372,30.2759865],[-97.7485402,30.2759804],[-97.7485196,30.2759777],[-97.7485215,30.275967]],[[-97.748819,30.2750153],[-97.7487673,30.2749993],[-97.7484209,30.2759337],[-97.7485241,30.2759564],[-97.7485522,30.2759602],[-97.7485677,30.2759404],[-97.748919,30.2750456],[-97.748819,30.2750153]],[[-97.7478861,30.2747037],[-97.7478771,30.2747267],[-97.7483634,30.2748642],[-97.7483556,30.2748848],[-97.7483389,30.2748808],[-97.7478693,30.2747472],[-97.7475248,30.2756904],[-97.748389,30.2759334],[-97.7483952,30.2759322],[-97.7487435,30.2749927],[-97.7484056,30.2748971],[-97.7484134,30.2748766],[-97.748751,30.2749721],[-97.7487566,30.2749563],[-97.7487685,30.2749594],[-97.7487566,30.2749562],[-97.7487996,30.2748335],[-97.7479161,30.2745777],[-97.7479054,30.2745778],[-97.7478867,30.2747017],[-97.7478743,30.2747002],[-97.7478861,30.2747037]],[[-97.7487724,30.2749854],[-97.7487751,30.2749788],[-97.7489067,30.2750183],[-97.7489027,30.2750285],[-97.7489073,30.2750185],[-97.7489283,30.2750256],[-97.7489375,30.2750087],[-97.7489714,30.2748895],[-97.7488233,30.2748403],[-97.7487724,30.2749854]],[[-97.7487709,30.274989],[-97.7487709,30.2749889],[-97.7487709,30.2749889],[-97.7487709,30.274989]]]},"properties":{"k":"patharea","u":"footway","s":"paving"}},{"type":"Feature","geometry":{"type":"Polygon","coordinates":[[[-97.7481766,30.273825],[-97.7481887,30.2738282],[-97.7481959,30.2738076],[-97.7481838,30.2738044],[-97.7481885,30.27379],[-97.7482733,30.2737873],[-97.7482708,30.2737949],[-97.7482828,30.2737978],[-97.7482789,30.2738081],[-97.748281,30.2738086],[-97.7482075,30.273811],[-97.7480861,30.2741432],[-97.7480623,30.2741368],[-97.7481766,30.273825]]]},"properties":{"k":"patharea","u":"footway","s":"paving"}},{"type":"Feature","geometry":{"type":"Polygon","coordinates":[[[-97.751061,30.2746381],[-97.7510518,30.2746581],[-97.7509491,30.2746198],[-97.7509582,30.2745997],[-97.751061,30.2746381]]]},"properties":{"k":"patharea","u":"footway","s":"paving"}},{"type":"Feature","geometry":{"type":"Polygon","coordinates":[[[-97.7513442,30.2747454],[-97.7514222,30.2747734],[-97.7516889,30.2748601],[-97.7518467,30.2749089],[-97.7518378,30.274929],[-97.7516804,30.2748803],[-97.7516846,30.2748702],[-97.7516802,30.2748803],[-97.7514132,30.2747935],[-97.7514176,30.2747834],[-97.7514128,30.2747934],[-97.7510995,30.2746761],[-97.7511087,30.274656],[-97.7513442,30.2747454]]]},"properties":{"k":"patharea","u":"footway","s":"paving"}},{"type":"Feature","geometry":{"type":"Polygon","coordinates":[[[-97.7520949,30.2749855],[-97.7521241,30.2750073],[-97.752138,30.2750151],[-97.7521454,30.2750527],[-97.7521355,30.2750901],[-97.7519782,30.2754175],[-97.751955,30.2754096],[-97.7521117,30.2750835],[-97.75212,30.2750521],[-97.7521152,30.2750281],[-97.7520825,30.2750045],[-97.7518872,30.2749432],[-97.7518956,30.274924],[-97.7520949,30.2749855]]]},"properties":{"k":"patharea","u":"footway","s":"paving"}},{"type":"Feature","geometry":{"type":"Polygon","coordinates":[[[-97.7517927,30.2758034],[-97.7517553,30.2758859],[-97.7517331,30.2758754],[-97.7517432,30.2758503],[-97.7517648,30.2758054],[-97.7517767,30.2758094],[-97.7517857,30.2757892],[-97.7517743,30.2757854],[-97.751935,30.2754511],[-97.7519582,30.275459],[-97.7517927,30.2758034]]]},"properties":{"k":"patharea","u":"footway","s":"paving"}},{"type":"Feature","geometry":{"type":"Polygon","coordinates":[[[-97.7517213,30.2759617],[-97.7517175,30.2759698],[-97.7517193,30.2759704],[-97.7517083,30.2759898],[-97.7515297,30.276375],[-97.7515065,30.276367],[-97.7516852,30.2759817],[-97.7516968,30.2759857],[-97.751706,30.2759657],[-97.7516944,30.2759617],[-97.751696,30.2759583],[-97.7516987,30.2759627],[-97.7517207,30.2759527],[-97.7517074,30.2759336],[-97.7517147,30.2759179],[-97.7517368,30.2759283],[-97.7517213,30.2759617]]]},"properties":{"k":"patharea","u":"footway","s":"paving"}},{"type":"Feature","geometry":{"type":"Polygon","coordinates":[[[-97.7490517,30.2761135],[-97.7492186,30.2761615],[-97.7492308,30.2761638],[-97.749273,30.2761645],[-97.7492646,30.2761859],[-97.7492278,30.2761854],[-97.749212,30.2761823],[-97.749041,30.2761331],[-97.7490482,30.2761124],[-97.7490517,30.2761135]]]},"properties":{"k":"patharea","u":"footway","s":"paving"}},{"type":"Feature","geometry":{"type":"Polygon","coordinates":[[[-97.7493304,30.2761689],[-97.749544,30.2762263],[-97.7495405,30.2762365],[-97.7495645,30.2762427],[-97.7495679,30.2762326],[-97.7498663,30.2763169],[-97.7498628,30.2763566],[-97.749838,30.276355],[-97.7498399,30.2763321],[-97.7494074,30.2762111],[-97.7493183,30.2761892],[-97.749326,30.2761684],[-97.7493304,30.2761689]]]},"properties":{"k":"patharea","u":"footway","s":"paving"}},{"type":"Feature","geometry":{"type":"Polygon","coordinates":[[[-97.7473994,30.2753899],[-97.7474085,30.2754104],[-97.7473216,30.275631],[-97.7473202,30.2756275],[-97.7472969,30.2756353],[-97.7472822,30.2756335],[-97.7472808,30.2756424],[-97.7470094,30.2755649],[-97.7470171,30.2755444],[-97.7472946,30.2756236],[-97.7472986,30.2756225],[-97.7473819,30.2754108],[-97.747373,30.2753907],[-97.7474545,30.2751623],[-97.7474783,30.2751689],[-97.7473994,30.2753899]]]},"properties":{"k":"patharea","u":"footway","s":"paving"}},{"type":"Feature","geometry":{"type":"Polygon","coordinates":[[[-97.7473862,30.2756513],[-97.747471,30.2756721],[-97.7474635,30.2756927],[-97.7473098,30.2756537],[-97.7473134,30.2756434],[-97.7473252,30.2756399],[-97.7473231,30.2756347],[-97.7473862,30.2756513]]]},"properties":{"k":"patharea","u":"footway","s":"paving"}},{"type":"Feature","geometry":{"type":"Polygon","coordinates":[[[-97.7465584,30.2754361],[-97.7465657,30.2754155],[-97.7469678,30.2755303],[-97.7469601,30.2755508],[-97.7465584,30.2754361]]]},"properties":{"k":"patharea","u":"footway","s":"paving"}},{"type":"Feature","geometry":{"type":"Polygon","coordinates":[[[-97.7464194,30.2753993],[-97.746422,30.2753875],[-97.7464097,30.2753855],[-97.7464138,30.2753753],[-97.7463993,30.2753698],[-97.7465621,30.2749154],[-97.7465859,30.2749219],[-97.7464232,30.2753778],[-97.7465161,30.2754019],[-97.7465088,30.2754226],[-97.7464194,30.2753993]]]},"properties":{"k":"patharea","u":"footway","s":"paving"}},{"type":"Feature","geometry":{"type":"Polygon","coordinates":[[[-97.7467444,30.2744206],[-97.7467568,30.2743933],[-97.74678,30.2744011],[-97.7467726,30.2744175],[-97.7470326,30.2744903],[-97.7470248,30.2745108],[-97.7467643,30.2744378],[-97.7466015,30.2748791],[-97.7465777,30.2748725],[-97.7467444,30.2744206]]]},"properties":{"k":"patharea","u":"footway","s":"paving"}},{"type":"Feature","geometry":{"type":"Polygon","coordinates":[[[-97.7505611,30.2743138],[-97.7512274,30.2745569],[-97.7512177,30.2745767],[-97.7505523,30.274334],[-97.7501386,30.2742129],[-97.749341,30.2739682],[-97.7493446,30.2739576],[-97.7493488,30.2739477],[-97.7501468,30.2741925],[-97.7505611,30.2743138]]]},"properties":{"k":"patharea","u":"footway","s":"paving"}},{"type":"Feature","geometry":{"type":"Polygon","coordinates":[[[-97.7514099,30.2746445],[-97.7514145,30.2746345],[-97.751427,30.274634],[-97.7514266,30.2746271],[-97.7517719,30.2747418],[-97.7517631,30.274762],[-97.7515137,30.2746805],[-97.7515181,30.2746704],[-97.7515135,30.2746804],[-97.7514099,30.2746445]]]},"properties":{"k":"patharea","u":"footway","s":"paving"}},{"type":"Feature","geometry":{"type":"Polygon","coordinates":[[[-97.7506756,30.2757532],[-97.7506571,30.2757904],[-97.750635,30.2758223],[-97.7505984,30.2758647],[-97.7505582,30.2758955],[-97.7502032,30.2761263],[-97.7501506,30.2761669],[-97.750121,30.2761951],[-97.750089,30.276231],[-97.7500664,30.2762614],[-97.7500242,30.2763411],[-97.7500247,30.2763813],[-97.7500307,30.2763841],[-97.7500189,30.2764031],[-97.7499999,30.2763943],[-97.7499992,30.2763373],[-97.7500093,30.2763145],[-97.7500446,30.2762508],[-97.7500686,30.2762186],[-97.7501018,30.2761813],[-97.750133,30.2761515],[-97.7501874,30.2761097],[-97.7505424,30.2758789],[-97.7505804,30.2758497],[-97.7505962,30.2758329],[-97.7506349,30.2757806],[-97.7506522,30.2757456],[-97.7506615,30.2757203],[-97.7506721,30.2756736],[-97.7506753,30.2756371],[-97.7506739,30.2755978],[-97.750667,30.2755629],[-97.7506556,30.2755261],[-97.7506053,30.2754673],[-97.7506269,30.2754563],[-97.7506786,30.2755165],[-97.7506914,30.2755583],[-97.7506987,30.2755956],[-97.7507003,30.2756375],[-97.7506969,30.2756764],[-97.7506857,30.2757257],[-97.7506756,30.2757532]]]},"properties":{"k":"patharea","u":"footway","s":"paving"}},{"type":"Feature","geometry":{"type":"Polygon","coordinates":[[[-97.7504847,30.2753273],[-97.7502623,30.2752652],[-97.7502702,30.2752447],[-97.7504852,30.2753038],[-97.7505009,30.2753099],[-97.7505957,30.27542],[-97.7505742,30.2754311],[-97.7504847,30.2753273]]]},"properties":{"k":"patharea","u":"footway","s":"paving"}},{"type":"Feature","geometry":{"type":"Polygon","coordinates":[[[-97.7466961,30.2711212],[-97.7466679,30.2711114],[-97.7466769,30.2710913],[-97.7467035,30.2711006],[-97.746774,30.2711143],[-97.746768,30.2711352],[-97.7466961,30.2711212]]]},"properties":{"k":"patharea","u":"footway","s":"paving"}},{"type":"Feature","geometry":{"type":"Polygon","coordinates":[[[-97.7465364,30.2714099],[-97.7465057,30.2714464],[-97.7464471,30.2715462],[-97.7464077,30.2716281],[-97.7463834,30.2716222],[-97.7464245,30.2715372],[-97.7464843,30.2714352],[-97.7465136,30.2714003],[-97.746546,30.2713004],[-97.7465441,30.2712921],[-97.7465391,30.2712846],[-97.7465289,30.2712764],[-97.7456824,30.2710463],[-97.7456863,30.2710364],[-97.7456745,30.2710329],[-97.7456869,30.2710343],[-97.7456883,30.2710253],[-97.746539,30.2712565],[-97.7465353,30.2712668],[-97.746543,30.2712597],[-97.7465372,30.2712743],[-97.7465608,30.2712813],[-97.7465619,30.2712785],[-97.746568,30.2712852],[-97.7465716,30.2713014],[-97.7465364,30.2714099]]]},"properties":{"k":"patharea","u":"footway","s":"paving"}},{"type":"Feature","geometry":{"type":"Polygon","coordinates":[[[-97.7463817,30.2716848],[-97.7462711,30.2719978],[-97.7462617,30.2720093],[-97.7462825,30.2720368],[-97.7462615,30.2720486],[-97.7462386,30.2720182],[-97.7453996,30.2717854],[-97.7454064,30.2717647],[-97.7462417,30.2719964],[-97.7462483,30.2719882],[-97.7463541,30.2716856],[-97.7463638,30.2716641],[-97.7463879,30.27167],[-97.7463817,30.2716848]]]},"properties":{"k":"patharea","u":"footway","s":"paving"}},{"type":"Feature","geometry":{"type":"Polygon","coordinates":[[[-97.7453609,30.271778],[-97.7453631,30.2717674],[-97.745359,30.2717776],[-97.7451892,30.2717274],[-97.7451931,30.2717177],[-97.7451695,30.2717107],[-97.7451653,30.2717212],[-97.7443287,30.2714983],[-97.7443247,30.2715127],[-97.7443006,30.2715071],[-97.7443046,30.2714925],[-97.7442957,30.2714907],[-97.744302,30.2714698],[-97.7443113,30.2714718],[-97.7444459,30.2711147],[-97.7444698,30.271121],[-97.7443354,30.2714775],[-97.7451775,30.2717019],[-97.7453066,30.2713531],[-97.745316,30.2713558],[-97.7453298,30.2713613],[-97.7452014,30.2717081],[-97.7452055,30.2717092],[-97.7452018,30.2717195],[-97.7452059,30.2717093],[-97.7453663,30.2717569],[-97.7453822,30.2717594],[-97.745379,30.2717686],[-97.7453909,30.2717717],[-97.7453788,30.271769],[-97.7453754,30.2717803],[-97.7453609,30.271778]]]},"properties":{"k":"patharea","u":"footway","s":"paving"}},{"type":"Feature","geometry":{"type":"Polygon","coordinates":[[[-97.7444771,30.2710327],[-97.7445774,30.2707368],[-97.7445833,30.2707254],[-97.7446061,30.270734],[-97.7444858,30.2710782],[-97.7444619,30.2710719],[-97.7444771,30.2710327]]]},"properties":{"k":"patharea","u":"footway","s":"paving"}},{"type":"Feature","geometry":{"type":"Polygon","coordinates":[[[-97.745342,30.2712558],[-97.7454261,30.2710223],[-97.7454503,30.2710279],[-97.7453455,30.2713181],[-97.7453222,30.2713103],[-97.745342,30.2712558]]]},"properties":{"k":"patharea","u":"footway","s":"paving"}},{"type":"Feature","geometry":{"type":"Polygon","coordinates":[[[-97.7454443,30.2709727],[-97.7454452,30.2709645],[-97.74547,30.2709665],[-97.7454659,30.2709851],[-97.7454418,30.2709795],[-97.7454443,30.2709727]]]},"properties":{"k":"patharea","u":"footway","s":"paving"}},{"type":"Feature","geometry":{"type":"Polygon","coordinates":[[[-97.7453701,30.2718735],[-97.7453497,30.2719322],[-97.7453257,30.271926],[-97.7453668,30.2718087],[-97.7453907,30.2718147],[-97.7453701,30.2718735]]]},"properties":{"k":"patharea","u":"footway","s":"paving"}},{"type":"Feature","geometry":{"type":"Polygon","coordinates":[[[-97.7466074,30.2743424],[-97.7466034,30.2743526],[-97.7466141,30.2743581],[-97.7465931,30.2743885],[-97.7465812,30.2744126],[-97.746468,30.274702],[-97.7465054,30.2747425],[-97.7464665,30.2748399],[-97.7464429,30.2748328],[-97.7464774,30.2747467],[-97.74644,30.2747062],[-97.7465578,30.274405],[-97.7465707,30.2743787],[-97.7465847,30.2743586],[-97.7461309,30.2742269],[-97.7461397,30.2742068],[-97.7466074,30.2743424]]]},"properties":{"k":"patharea","u":"footway","s":"paving"}},{"type":"Feature","geometry":{"type":"Polygon","coordinates":[[[-97.7462889,30.2753313],[-97.7462824,30.2753372],[-97.7462631,30.275332],[-97.7462594,30.2753423],[-97.7462485,30.275337],[-97.746241,30.2753484],[-97.7456833,30.2751901],[-97.745693,30.2751701],[-97.7462558,30.2753299],[-97.7462669,30.2753201],[-97.7464267,30.2748754],[-97.7464503,30.2748826],[-97.7462889,30.2753313]]]},"properties":{"k":"patharea","u":"footway","s":"paving"}},{"type":"Feature","geometry":{"type":"Polygon","coordinates":[[[-97.7453329,30.2750913],[-97.7453289,30.2750885],[-97.7453345,30.2750734],[-97.7453226,30.2750701],[-97.7453259,30.2750597],[-97.7453081,30.2750555],[-97.7453068,30.2750456],[-97.7454726,30.2746071],[-97.7454995,30.2746148],[-97.7454946,30.2746184],[-97.7453322,30.2750478],[-97.7453344,30.2750645],[-97.7453451,30.2750721],[-97.7456436,30.2751562],[-97.7456332,30.2751759],[-97.7453329,30.2750913]]]},"properties":{"k":"patharea","u":"footway","s":"paving"}},{"type":"Feature","geometry":{"type":"Polygon","coordinates":[[[-97.7455307,30.2745639],[-97.7456877,30.2741268],[-97.7457005,30.2741296],[-97.7457035,30.2741191],[-97.7457152,30.2741229],[-97.7455523,30.2745763],[-97.7455463,30.2745807],[-97.7455184,30.2745728],[-97.7455307,30.2745639]]]},"properties":{"k":"patharea","u":"footway","s":"paving"}},{"type":"Feature","geometry":{"type":"Polygon","coordinates":[[[-97.7449321,30.2762666],[-97.7449083,30.2762602],[-97.7450691,30.2758207],[-97.745093,30.2758271],[-97.745081,30.2758241],[-97.7450929,30.2758273],[-97.7449321,30.2762666]]]},"properties":{"k":"patharea","u":"footway","s":"paving"}},{"type":"Feature","geometry":{"type":"Polygon","coordinates":[[[-97.7450869,30.2757683],[-97.7450989,30.2757713],[-97.7450871,30.2757679],[-97.745266,30.2753025],[-97.7452745,30.275307],[-97.7452862,30.2752879],[-97.746153,30.2755277],[-97.7461487,30.275537],[-97.746172,30.2755447],[-97.7461657,30.2755608],[-97.746154,30.2755573],[-97.7461458,30.2755777],[-97.7461577,30.2755812],[-97.7460549,30.2758432],[-97.7460311,30.2758366],[-97.7461444,30.2755479],[-97.745289,30.2753113],[-97.7451076,30.275784],[-97.7450838,30.2757776],[-97.7450869,30.2757683]]]},"properties":{"k":"patharea","u":"footway","s":"paving"}},{"type":"Feature","geometry":{"type":"Polygon","coordinates":[[[-97.7460027,30.2760256],[-97.7459788,30.2760192],[-97.7460178,30.2758801],[-97.7460417,30.2758867],[-97.7460027,30.2760256]]]},"properties":{"k":"patharea","u":"footway","s":"paving"}},{"type":"Feature","geometry":{"type":"Polygon","coordinates":[[[-97.7459902,30.2760703],[-97.7458297,30.276517],[-97.7458059,30.2765106],[-97.7459666,30.276063],[-97.7459902,30.2760703]]]},"properties":{"k":"patharea","u":"footway","s":"paving"}},{"type":"Feature","geometry":{"type":"Polygon","coordinates":[[[-97.746356,30.2756241],[-97.7462752,30.2758485],[-97.7462515,30.2758419],[-97.7463284,30.2756282],[-97.7463407,30.2756313],[-97.7463475,30.2756105],[-97.7463358,30.2756076],[-97.7463381,30.2756014],[-97.7463416,30.2756057],[-97.746362,30.2755933],[-97.7463596,30.2755904],[-97.746565,30.2756483],[-97.7465566,30.2756686],[-97.74636,30.2756131],[-97.746356,30.2756241]]]},"properties":{"k":"patharea","u":"footway","s":"paving"}},{"type":"Feature","geometry":{"type":"Polygon","coordinates":[[[-97.7466471,30.275671],[-97.7472106,30.2758272],[-97.7472067,30.2758373],[-97.7472185,30.2758407],[-97.7472147,30.275851],[-97.7466062,30.2756823],[-97.7466146,30.275662],[-97.7466471,30.275671]]]},"properties":{"k":"patharea","u":"footway","s":"paving"}},{"type":"Feature","geometry":{"type":"Polygon","coordinates":[[[-97.7472797,30.2756496],[-97.7473039,30.2756547],[-97.7472957,30.2756801],[-97.7472388,30.2758223],[-97.7472152,30.2758153],[-97.7472797,30.2756496]]]},"properties":{"k":"patharea","u":"footway","s":"paving"}},{"type":"Feature","geometry":{"type":"Polygon","coordinates":[[[-97.7474468,30.2758445],[-97.7474348,30.2758736],[-97.7474112,30.2758666],[-97.7474677,30.2757189],[-97.7474796,30.2757221],[-97.7474883,30.2757298],[-97.7474906,30.2757279],[-97.7474468,30.2758445]]]},"properties":{"k":"patharea","u":"footway","s":"paving"}},{"type":"Feature","geometry":{"type":"Polygon","coordinates":[[[-97.7474144,30.2759355],[-97.7474013,30.2759124],[-97.7473589,30.2758984],[-97.7472614,30.2758714],[-97.7472693,30.275851],[-97.7473667,30.2758779],[-97.747363,30.2758882],[-97.7473674,30.2758781],[-97.7474028,30.2758898],[-97.7473988,30.2759007],[-97.7474226,30.2759071],[-97.747424,30.2759033],[-97.7474366,30.2759255],[-97.7474144,30.2759355]]]},"properties":{"k":"patharea","u":"footway","s":"paving"}},{"type":"Feature","geometry":{"type":"Polygon","coordinates":[[[-97.7441246,30.2714189],[-97.7441162,30.2714392],[-97.7441045,30.2714355],[-97.7440954,30.2714526],[-97.7440724,30.2714442],[-97.7440808,30.2714284],[-97.7432628,30.2711979],[-97.7432454,30.271198],[-97.7431912,30.2713432],[-97.7440203,30.2715822],[-97.7440212,30.2715787],[-97.7440455,30.2715839],[-97.7440442,30.2715887],[-97.7440549,30.2715915],[-97.7440475,30.2716121],[-97.7440377,30.2716096],[-97.7439409,30.2718771],[-97.7439169,30.2718711],[-97.7440139,30.2716031],[-97.743182,30.2713633],[-97.7430534,30.2717005],[-97.7430415,30.2716971],[-97.7430528,30.2717018],[-97.7430289,30.2716952],[-97.7431575,30.2713587],[-97.7431329,30.271356],[-97.7431345,30.2713453],[-97.7431311,30.2713557],[-97.742999,30.2713243],[-97.7429671,30.2713244],[-97.7429672,30.2713259],[-97.7429547,30.2713265],[-97.7429666,30.2713298],[-97.7427097,30.2720251],[-97.7427559,30.2720394],[-97.7428418,30.2720617],[-97.7428344,30.2720823],[-97.7427484,30.2720599],[-97.742752,30.2720496],[-97.7427478,30.2720597],[-97.7427018,30.2720455],[-97.7426988,30.2720532],[-97.7426803,30.2720479],[-97.7426845,30.2720382],[-97.7426728,30.2720344],[-97.7426767,30.2720242],[-97.7426831,30.272026],[-97.7429421,30.2713251],[-97.7429415,30.2713161],[-97.7429378,30.2713084],[-97.7429311,30.2713018],[-97.7429196,30.2712956],[-97.7428555,30.2712736],[-97.7424407,30.2711542],[-97.7424481,30.2711336],[-97.7428641,30.2712534],[-97.7429372,30.2712796],[-97.742958,30.2712602],[-97.7430108,30.271101],[-97.743032,30.2711059],[-97.7430356,30.271096],[-97.7430755,30.2711069],[-97.7430717,30.2711172],[-97.7430757,30.271107],[-97.7432356,30.2711553],[-97.7432314,30.2711655],[-97.7432386,30.2711567],[-97.7432478,30.2711623],[-97.7432406,30.2711711],[-97.7432482,30.2711626],[-97.7432706,30.2711774],[-97.7440899,30.2714083],[-97.7442239,30.2710547],[-97.7442476,30.2710614],[-97.7441135,30.2714154],[-97.7441246,30.2714189]],[[-97.7432362,30.2711818],[-97.7432256,30.2711752],[-97.7430316,30.2711176],[-97.7430215,30.2711507],[-97.7430094,30.2711479],[-97.7430214,30.271151],[-97.7429811,30.2712688],[-97.7429691,30.2712657],[-97.7429783,30.271273],[-97.7429561,30.2712937],[-97.7429621,30.2713028],[-97.7430006,30.2713027],[-97.7430006,30.2713135],[-97.7430037,30.2713031],[-97.743137,30.2713347],[-97.7431669,30.271338],[-97.7432244,30.271184],[-97.7432363,30.2711873],[-97.7432362,30.2711818]]]},"properties":{"k":"patharea","u":"footway","s":"paving"}},{"type":"Feature","geometry":{"type":"Polygon","coordinates":[[[-97.74392,30.2719329],[-97.7438961,30.2719266],[-97.743901,30.2719138],[-97.743925,30.2719199],[-97.74392,30.2719329]]]},"properties":{"k":"patharea","u":"footway","s":"paving"}},{"type":"Feature","geometry":{"type":"Polygon","coordinates":[[[-97.7438979,30.2719924],[-97.7438725,30.2720612],[-97.7437634,30.2723325],[-97.7437589,30.2723278],[-97.7437397,30.2723416],[-97.743742,30.272344],[-97.743223,30.2721984],[-97.7429134,30.272106],[-97.7429174,30.2720955],[-97.7428936,30.2720889],[-97.7428899,30.2720989],[-97.7428875,30.2720982],[-97.7428957,30.2720778],[-97.7428837,30.2720742],[-97.7430114,30.2717375],[-97.7430351,30.2717441],[-97.7430294,30.2717594],[-97.7430175,30.2717561],[-97.7430294,30.2717595],[-97.7429073,30.2720813],[-97.7432308,30.272178],[-97.7437415,30.2723212],[-97.7438487,30.2720546],[-97.7438802,30.2719693],[-97.743904,30.2719757],[-97.7438979,30.2719924]]]},"properties":{"k":"patharea","u":"footway","s":"paving"}},{"type":"Feature","geometry":{"type":"Polygon","coordinates":[[[-97.7421841,30.2719113],[-97.7421685,30.2719068],[-97.7421759,30.2718862],[-97.7426766,30.2720241],[-97.7426728,30.2720344],[-97.7426611,30.2720306],[-97.7426565,30.2720412],[-97.7421841,30.2719113]]]},"properties":{"k":"patharea","u":"footway","s":"paving"}},{"type":"Feature","geometry":{"type":"Polygon","coordinates":[[[-97.7416437,30.2717564],[-97.7416476,30.2717462],[-97.7416388,30.2717538],[-97.7416375,30.2717527],[-97.7416242,30.2717675],[-97.7416248,30.2717657],[-97.741613,30.2717623],[-97.7416032,30.2717557],[-97.741615,30.2717425],[-97.7415594,30.2717291],[-97.7415628,30.2717187],[-97.7415594,30.2717291],[-97.7413538,30.271678],[-97.7413171,30.2716719],[-97.7413041,30.2716773],[-97.7413058,30.2716731],[-97.7412941,30.2716694],[-97.741292,30.2716655],[-97.740809,30.2715307],[-97.7407447,30.2715082],[-97.7402534,30.2713659],[-97.7402456,30.2713616],[-97.7402347,30.2713669],[-97.740236,30.2713623],[-97.7402239,30.2713597],[-97.7402178,30.2713503],[-97.7402243,30.2713472],[-97.7402023,30.2713407],[-97.7402098,30.2713201],[-97.7402278,30.2713254],[-97.7402258,30.2713335],[-97.7402277,30.2713424],[-97.7402523,30.2713384],[-97.7402518,30.2713365],[-97.7402552,30.2713414],[-97.7402642,30.2713463],[-97.7407531,30.2714878],[-97.7408176,30.2715105],[-97.7413073,30.2716471],[-97.7415768,30.2708946],[-97.7416006,30.270901],[-97.7413315,30.2716524],[-97.741359,30.2716569],[-97.7413567,30.2716675],[-97.7413602,30.2716571],[-97.7416199,30.2717213],[-97.7418926,30.2709843],[-97.7419045,30.2709876],[-97.7419085,30.2709774],[-97.7423988,30.2711194],[-97.7423913,30.27114],[-97.7419125,30.2710013],[-97.7416452,30.2717237],[-97.7416475,30.2717309],[-97.7416543,30.2717368],[-97.7421264,30.2718724],[-97.742119,30.271893],[-97.7416437,30.2717564]]]},"properties":{"k":"patharea","u":"footway","s":"paving"}},{"type":"Feature","geometry":{"type":"Polygon","coordinates":[[[-97.7442399,30.2710098],[-97.7443706,30.2706608],[-97.7443944,30.2706674],[-97.7442629,30.2710184],[-97.7442392,30.2710118],[-97.7442399,30.2710098]]]},"properties":{"k":"patharea","u":"footway","s":"paving"}},{"type":"Feature","geometry":{"type":"Polygon","coordinates":[[[-97.7445578,30.272737],[-97.7446198,30.272754],[-97.7446982,30.2727799],[-97.7447652,30.2727908],[-97.744762,30.2728001],[-97.7447739,30.2728032],[-97.7447712,30.2728137],[-97.7447811,30.2728156],[-97.7447836,30.2728058],[-97.7447858,30.2728063],[-97.7447899,30.2727957],[-97.7449711,30.272883],[-97.744958,30.2729014],[-97.7447822,30.2728167],[-97.7446559,30.2731786],[-97.7446439,30.2731755],[-97.7446551,30.2731804],[-97.7446313,30.2731737],[-97.7447579,30.2728116],[-97.7446914,30.2728007],[-97.7446116,30.2727744],[-97.7444018,30.2727163],[-97.7444093,30.2726957],[-97.7444356,30.2727018],[-97.7444324,30.2727122],[-97.7444364,30.272702],[-97.7445578,30.272737]]]},"properties":{"k":"patharea","u":"footway","s":"paving"}},{"type":"Feature","geometry":{"type":"Polygon","coordinates":[[[-97.744627,30.2732429],[-97.7444971,30.273585],[-97.7444944,30.2735844],[-97.7444913,30.2735948],[-97.7444929,30.2735841],[-97.7444823,30.2735829],[-97.7444807,30.2735936],[-97.7444686,30.273591],[-97.7444658,30.2736007],[-97.7441678,30.2735157],[-97.7441746,30.2734947],[-97.7444727,30.27358],[-97.7446034,30.2732358],[-97.7446153,30.2732392],[-97.7446037,30.2732353],[-97.7446126,30.2732157],[-97.7446364,30.2732224],[-97.744627,30.2732429]]]},"properties":{"k":"patharea","u":"footway","s":"paving"}},{"type":"Feature","geometry":{"type":"Polygon","coordinates":[[[-97.7440381,30.2734679],[-97.7436371,30.2733469],[-97.7436288,30.2733483],[-97.7435738,30.2735074],[-97.7435618,30.2735044],[-97.7436617,30.2735327],[-97.7436534,30.2735531],[-97.7435518,30.2735253],[-97.7434357,30.2738562],[-97.7434119,30.2738498],[-97.7435269,30.2735216],[-97.7435266,30.27352],[-97.7434372,30.2734948],[-97.7433466,30.273473],[-97.7433536,30.2734523],[-97.7434444,30.2734742],[-97.74354,30.2735011],[-97.7435436,30.2735014],[-97.7435512,30.2734974],[-97.7436071,30.2733359],[-97.743619,30.273339],[-97.7436072,30.2733356],[-97.743748,30.2729726],[-97.7437718,30.2729793],[-97.7436377,30.2733248],[-97.7440471,30.2734477],[-97.7441264,30.273477],[-97.7441196,30.2734979],[-97.7440381,30.2734679]]]},"properties":{"k":"patharea","u":"footway","s":"paving"}},{"type":"Feature","geometry":{"type":"Polygon","coordinates":[[[-97.7437271,30.2735502],[-97.7444101,30.2737465],[-97.7444161,30.2737445],[-97.7444649,30.2736038],[-97.7444889,30.2736098],[-97.7444383,30.2737557],[-97.7444263,30.2737526],[-97.7444282,30.2737568],[-97.744422,30.2737555],[-97.7444206,30.2737605],[-97.7444085,30.2737579],[-97.7444054,30.2737683],[-97.7437031,30.2735664],[-97.7437115,30.2735461],[-97.7437271,30.2735502]]]},"properties":{"k":"patharea","u":"footway","s":"paving"}},{"type":"Feature","geometry":{"type":"Polygon","coordinates":[[[-97.7434026,30.2739592],[-97.7433986,30.2739735],[-97.7433747,30.2739669],[-97.7433982,30.2738932],[-97.7434221,30.2738996],[-97.7434026,30.2739592]]]},"properties":{"k":"patharea","u":"footway","s":"paving"}},{"type":"Feature","geometry":{"type":"Polygon","coordinates":[[[-97.7433603,30.274069],[-97.7433367,30.2740619],[-97.7433618,30.2740105],[-97.7433857,30.2740171],[-97.7433603,30.274069]]]},"properties":{"k":"patharea","u":"footway","s":"paving"}},{"type":"Feature","geometry":{"type":"Polygon","coordinates":[[[-97.7433108,30.2741704],[-97.7432143,30.2744544],[-97.7435969,30.2745779],[-97.7436806,30.2745877],[-97.744066,30.2746995],[-97.744071,30.274695],[-97.7442296,30.2742549],[-97.7442533,30.2742617],[-97.744093,30.2747064],[-97.7440878,30.274711],[-97.7442712,30.2747579],[-97.74428,30.2747468],[-97.7444356,30.2743156],[-97.7444475,30.2743188],[-97.7444356,30.2743155],[-97.7444362,30.274314],[-97.7444599,30.2743208],[-97.7443028,30.2747562],[-97.7442917,30.2747703],[-97.7442994,30.2747796],[-97.7443146,30.2747784],[-97.7451779,30.2750256],[-97.7451798,30.2750341],[-97.7451981,30.27503],[-97.7452012,30.2750404],[-97.7451975,30.2750507],[-97.7452009,30.2750516],[-97.7451797,30.2750564],[-97.7451819,30.2750508],[-97.7451581,30.275044],[-97.7451571,30.2750467],[-97.7451561,30.275042],[-97.7443118,30.2748002],[-97.7443025,30.274801],[-97.7442246,30.2749862],[-97.7442012,30.2749788],[-97.7442795,30.2747926],[-97.7442688,30.2747798],[-97.744077,30.2747307],[-97.7440865,30.274711],[-97.7440731,30.2747046],[-97.7440671,30.274714],[-97.7440581,30.2747065],[-97.744047,30.2747164],[-97.743675,30.2746087],[-97.7435907,30.2745989],[-97.7432125,30.2744768],[-97.7432131,30.2744854],[-97.7432006,30.274486],[-97.7432123,30.2744897],[-97.7431336,30.2746771],[-97.7431217,30.2746737],[-97.74311,30.27467],[-97.743188,30.2744844],[-97.743187,30.2744672],[-97.7431768,30.2744617],[-97.7430125,30.2744135],[-97.7430165,30.2744033],[-97.7430124,30.2744135],[-97.7430005,30.27441],[-97.743004,30.2743988],[-97.7429798,30.2743932],[-97.7429768,30.2744031],[-97.7425727,30.2742885],[-97.7424814,30.2745002],[-97.7429012,30.2746169],[-97.7428972,30.2746269],[-97.742909,30.2746304],[-97.7429038,30.2746402],[-97.7429164,30.2746452],[-97.7428398,30.2748414],[-97.7427212,30.2751603],[-97.7425609,30.2756081],[-97.7425497,30.2756047],[-97.7425455,30.2756148],[-97.7425335,30.2756119],[-97.7425303,30.2756217],[-97.7424685,30.2756033],[-97.7424761,30.2755827],[-97.7425374,30.275601],[-97.7426974,30.2751539],[-97.742816,30.2748346],[-97.7428931,30.2746373],[-97.7424731,30.2745206],[-97.7422947,30.2749895],[-97.7422791,30.2750415],[-97.7422555,30.2750342],[-97.7422707,30.2749835],[-97.7424532,30.2745037],[-97.7424651,30.274507],[-97.7424534,30.2745032],[-97.7425485,30.2742828],[-97.7423559,30.2742455],[-97.7423152,30.2742421],[-97.7423227,30.274221],[-97.742359,30.2742241],[-97.7423578,30.2742348],[-97.7423605,30.2742243],[-97.7425564,30.2742622],[-97.7427439,30.2737146],[-97.7427677,30.2737212],[-97.7425804,30.274268],[-97.7429837,30.2743823],[-97.7431111,30.2740212],[-97.7431808,30.2738362],[-97.7432046,30.2738426],[-97.7431356,30.2740258],[-97.7431154,30.2740199],[-97.7430986,30.2740623],[-97.7431203,30.2740688],[-97.7431197,30.2740704],[-97.7430988,30.2740642],[-97.7430818,30.2741066],[-97.7431044,30.2741134],[-97.7430073,30.2743892],[-97.7431862,30.2744417],[-97.7431822,30.2744519],[-97.7431888,30.2744428],[-97.7431917,30.2744443],[-97.7432872,30.2741632],[-97.7433165,30.2741034],[-97.7433401,30.2741105],[-97.7433108,30.2741704]]]},"properties":{"k":"patharea","u":"footway","s":"paving"}},{"type":"Feature","geometry":{"type":"Polygon","coordinates":[[[-97.7444586,30.2742521],[-97.7444705,30.2742553],[-97.7444586,30.2742521],[-97.7445608,30.2739691],[-97.7446119,30.2738303],[-97.7446238,30.2738336],[-97.7446305,30.2738128],[-97.7446413,30.2738142],[-97.7446373,30.2738215],[-97.7446599,30.2738307],[-97.7446656,30.2738199],[-97.7450479,30.2739285],[-97.7452243,30.2739711],[-97.7454794,30.2740265],[-97.7454765,30.274037],[-97.7454886,30.2740396],[-97.7454789,30.2740464],[-97.7454815,30.2740492],[-97.7452179,30.2739919],[-97.7450407,30.2739491],[-97.7446363,30.2738354],[-97.7444755,30.2742779],[-97.7444517,30.2742712],[-97.7444586,30.2742521]]]},"properties":{"k":"patharea","u":"footway","s":"paving"}},{"type":"Feature","geometry":{"type":"Polygon","coordinates":[[[-97.7421398,30.2755083],[-97.7421443,30.2754991],[-97.7421213,30.2754907],[-97.7421181,30.2754973],[-97.7421135,30.2754932],[-97.7421224,30.2754857],[-97.7421107,30.2754895],[-97.7421073,30.2754816],[-97.7421114,30.2754836],[-97.7421234,30.2754646],[-97.7421099,30.2754582],[-97.7422415,30.2750776],[-97.742265,30.2750849],[-97.7421306,30.2754737],[-97.7421332,30.2754798],[-97.7421396,30.2754855],[-97.7424268,30.2755683],[-97.7424193,30.2755888],[-97.7421398,30.2755083]]]},"properties":{"k":"patharea","u":"footway","s":"paving"}},{"type":"Feature","geometry":{"type":"Polygon","coordinates":[[[-97.7427602,30.2736676],[-97.7427973,30.2735633],[-97.7428209,30.2735704],[-97.7427825,30.2736782],[-97.7427588,30.2736716],[-97.7427602,30.2736676]]]},"properties":{"k":"patharea","u":"footway","s":"paving"}},{"type":"Feature","geometry":{"type":"Polygon","coordinates":[[[-97.7428459,30.2734351],[-97.7428696,30.2734418],[-97.7428367,30.2735276],[-97.7428131,30.2735205],[-97.7428459,30.2734351]]]},"properties":{"k":"patharea","u":"footway","s":"paving"}},{"type":"Feature","geometry":{"type":"Polygon","coordinates":[[[-97.742881,30.2733446],[-97.7428923,30.2733483],[-97.7429008,30.273328],[-97.7433302,30.2734459],[-97.7433219,30.2734449],[-97.74332,30.2734563],[-97.7433324,30.2734578],[-97.7433286,30.2734681],[-97.7433405,30.2734713],[-97.7433218,30.2735221],[-97.743298,30.2735156],[-97.7433167,30.2734648],[-97.7429046,30.2733517],[-97.7428861,30.2733992],[-97.7428623,30.2733925],[-97.742881,30.2733446]]]},"properties":{"k":"patharea","u":"footway","s":"paving"}},{"type":"Feature","geometry":{"type":"Polygon","coordinates":[[[-97.7432719,30.2736585],[-97.7432483,30.2736513],[-97.7432823,30.2735585],[-97.7433061,30.2735649],[-97.7432719,30.2736585]]]},"properties":{"k":"patharea","u":"footway","s":"paving"}},{"type":"Feature","geometry":{"type":"Polygon","coordinates":[[[-97.7432204,30.2737998],[-97.7431966,30.2737934],[-97.7432327,30.2736942],[-97.7432563,30.2737014],[-97.7432204,30.2737998]]]},"properties":{"k":"patharea","u":"footway","s":"paving"}},{"type":"Feature","geometry":{"type":"Polygon","coordinates":[[[-97.7437968,30.2728456],[-97.7438014,30.2728336],[-97.743825,30.2728405],[-97.7437897,30.2729371],[-97.7437659,30.2729304],[-97.7437968,30.2728456]]]},"properties":{"k":"patharea","u":"footway","s":"paving"}},{"type":"Feature","geometry":{"type":"Polygon","coordinates":[[[-97.7438176,30.2727908],[-97.7438608,30.2726779],[-97.7438845,30.2726849],[-97.7438412,30.2727978],[-97.7438176,30.2727908]]]},"properties":{"k":"patharea","u":"footway","s":"paving"}},{"type":"Feature","geometry":{"type":"Polygon","coordinates":[[[-97.7438842,30.2726244],[-97.7439089,30.2725912],[-97.7439093,30.2725949],[-97.7439341,30.2725929],[-97.7439316,30.2725686],[-97.7439353,30.2725651],[-97.744359,30.2726841],[-97.7443515,30.2727047],[-97.7443301,30.2726998],[-97.7443333,30.2726894],[-97.7443294,30.2726996],[-97.7439429,30.2725899],[-97.7439316,30.2726005],[-97.7439066,30.2726342],[-97.7439028,30.2726429],[-97.7438792,30.2726359],[-97.7438842,30.2726244]]]},"properties":{"k":"patharea","u":"footway","s":"paving"}},{"type":"Feature","geometry":{"type":"Polygon","coordinates":[[[-97.7447917,30.2727897],[-97.7447677,30.2727837],[-97.7447864,30.2727271],[-97.7448082,30.2726753],[-97.7448315,30.2726829],[-97.7448102,30.2727337],[-97.7447917,30.2727897]]]},"properties":{"k":"patharea","u":"footway","s":"paving"}},{"type":"Feature","geometry":{"type":"Polygon","coordinates":[[[-97.7446664,30.2738183],[-97.7446427,30.2738116],[-97.7446686,30.273731],[-97.7446901,30.2736673],[-97.7447141,30.2736733],[-97.7446664,30.2738183]]]},"properties":{"k":"patharea","u":"footway","s":"paving"}},{"type":"Feature","geometry":{"type":"Polygon","coordinates":[[[-97.7440426,30.2747221],[-97.7440546,30.2747252],[-97.7440636,30.2747327],[-97.7440657,30.2747308],[-97.7439989,30.2749221],[-97.7439751,30.2749159],[-97.7440426,30.2747221]]]},"properties":{"k":"patharea","u":"footway","s":"paving"}},{"type":"Feature","geometry":{"type":"Polygon","coordinates":[[[-97.7450711,30.2752568],[-97.7448994,30.275728],[-97.7448755,30.2757215],[-97.7448791,30.2757107],[-97.7448911,30.2757136],[-97.7448792,30.2757104],[-97.7450487,30.2752471],[-97.745039,30.2752422],[-97.7442758,30.275024],[-97.7442507,30.2750217],[-97.7442073,30.2750274],[-97.7440267,30.2754899],[-97.744003,30.2754833],[-97.7441874,30.2750114],[-97.7442109,30.2750187],[-97.7442171,30.275004],[-97.7442501,30.2750001],[-97.7442811,30.2750029],[-97.7442789,30.2750135],[-97.7442828,30.2750033],[-97.7450494,30.2752224],[-97.7450674,30.2752316],[-97.7450557,30.2752289],[-97.7450523,30.2752398],[-97.7450644,30.2752426],[-97.7450627,30.2752533],[-97.7450723,30.2752544],[-97.7450711,30.2752568]]]},"properties":{"k":"patharea","u":"footway","s":"paving"}},{"type":"Feature","geometry":{"type":"Polygon","coordinates":[[[-97.744735,30.2762009],[-97.7447505,30.2762138],[-97.7447333,30.2762294],[-97.7447171,30.2762159],[-97.7447102,30.2762377],[-97.7446862,30.2762321],[-97.7446918,30.2762142],[-97.7438589,30.27598],[-97.7438631,30.2759705],[-97.7438515,30.2759666],[-97.7438553,30.2759563],[-97.7438431,30.275953],[-97.7439873,30.2755261],[-97.7440111,30.2755327],[-97.7438669,30.2759596],[-97.7447103,30.2761967],[-97.7448608,30.2757646],[-97.7448846,30.2757711],[-97.744735,30.2762009]]]},"properties":{"k":"patharea","u":"footway","s":"paving"}},{"type":"Feature","geometry":{"type":"Polygon","coordinates":[[[-97.7430384,30.2757372],[-97.7431966,30.2757788],[-97.7432581,30.2757699],[-97.74362,30.2758689],[-97.7436161,30.275879],[-97.743628,30.2758824],[-97.7436182,30.2758891],[-97.7436206,30.2758917],[-97.7432563,30.2757921],[-97.743195,30.2758008],[-97.7429609,30.2757389],[-97.7427854,30.2756865],[-97.7427904,30.2756783],[-97.7427723,30.27567],[-97.7427778,30.275666],[-97.7427697,30.2756578],[-97.7427816,30.275661],[-97.7427832,30.2756567],[-97.7427881,30.2756645],[-97.7429687,30.2757185],[-97.7430384,30.2757372]]]},"properties":{"k":"patharea","u":"footway","s":"paving"}},{"type":"Feature","geometry":{"type":"Polygon","coordinates":[[[-97.7435669,30.2760544],[-97.7435639,30.2760661],[-97.7435761,30.2760684],[-97.7435715,30.2760784],[-97.7433723,30.2760215],[-97.7433805,30.2760011],[-97.7434768,30.2760287],[-97.7434729,30.2760391],[-97.7435225,30.2760529],[-97.7435262,30.2760428],[-97.7435669,30.2760544]]]},"properties":{"k":"patharea","u":"footway","s":"paving"}},{"type":"Feature","geometry":{"type":"Polygon","coordinates":[[[-97.7432272,30.27598],[-97.7432348,30.2759595],[-97.7433311,30.275987],[-97.743327,30.2759964],[-97.7433514,30.2760042],[-97.7433266,30.2759974],[-97.7433229,30.2760074],[-97.7432272,30.27598]]]},"properties":{"k":"patharea","u":"footway","s":"paving"}},{"type":"Feature","geometry":{"type":"Polygon","coordinates":[[[-97.7427405,30.2758409],[-97.7426961,30.2758508],[-97.742693,30.2758404],[-97.7426966,30.2758301],[-97.7426933,30.2758292],[-97.7427264,30.2758218],[-97.7427287,30.2758318],[-97.7427531,30.2758276],[-97.7427517,30.2758214],[-97.7431854,30.2759454],[-97.7431815,30.2759558],[-97.7432063,30.2759627],[-97.7431815,30.2759559],[-97.7431779,30.2759659],[-97.7427405,30.2758409]]]},"properties":{"k":"patharea","u":"footway","s":"paving"}},{"type":"Feature","geometry":{"type":"Polygon","coordinates":[[[-97.7418666,30.2719941],[-97.741859,30.2720146],[-97.7415773,30.2719337],[-97.74157,30.2719349],[-97.7415641,30.2719396],[-97.7414312,30.272287],[-97.7414193,30.2722836],[-97.7414115,30.272304],[-97.7414233,30.2723074],[-97.7413432,30.2725155],[-97.7413314,30.2725121],[-97.7413234,30.2725325],[-97.7413353,30.272536],[-97.7412918,30.2726478],[-97.7412874,30.2726432],[-97.7412682,30.272657],[-97.7412705,30.2726594],[-97.7412154,30.272644],[-97.7412232,30.2726234],[-97.7412699,30.2726366],[-97.741538,30.2719392],[-97.741548,30.2719433],[-97.7415576,30.2719255],[-97.7415766,30.2719238],[-97.7415752,30.2719121],[-97.7415789,30.2719115],[-97.7418666,30.2719941]]]},"properties":{"k":"patharea","u":"footway","s":"paving"}},{"type":"Feature","geometry":{"type":"Polygon","coordinates":[[[-97.7419315,30.2720131],[-97.7420872,30.2720572],[-97.74208,30.2720778],[-97.7419082,30.2720291],[-97.7419159,30.2720085],[-97.7419315,30.2720131]]]},"properties":{"k":"patharea","u":"footway","s":"paving"}},{"type":"Feature","geometry":{"type":"Polygon","coordinates":[[[-97.7421638,30.272076],[-97.7426031,30.2721838],[-97.7425996,30.272194],[-97.7426236,30.2721999],[-97.7426228,30.2722028],[-97.7426119,30.2721997],[-97.7426041,30.2722201],[-97.7426161,30.2722236],[-97.7425006,30.2725389],[-97.7424475,30.2726969],[-97.7424335,30.2727276],[-97.7423464,30.2729682],[-97.7423345,30.272965],[-97.7423388,30.2729549],[-97.7423265,30.272951],[-97.7424099,30.2727204],[-97.7424239,30.2726899],[-97.7424551,30.2725972],[-97.7424273,30.2725895],[-97.7424348,30.2725689],[-97.7424621,30.2725765],[-97.7425966,30.2722047],[-97.74213,30.2720901],[-97.7421373,30.2720695],[-97.7421638,30.272076]]]},"properties":{"k":"patharea","u":"footway","s":"paving"}},{"type":"Feature","geometry":{"type":"Polygon","coordinates":[[[-97.7423432,30.2729728],[-97.742308,30.2730021],[-97.7422404,30.2731778],[-97.7422286,30.2731744],[-97.742223,30.2731648],[-97.7422184,30.2731667],[-97.7422852,30.2729928],[-97.7422971,30.2729962],[-97.7422884,30.2729884],[-97.7423115,30.2729692],[-97.7423302,30.2729751],[-97.7423345,30.272965],[-97.7423432,30.2729728]]]},"properties":{"k":"patharea","u":"footway","s":"paving"}},{"type":"Feature","geometry":{"type":"Polygon","coordinates":[[[-97.7426314,30.2721775],[-97.7426076,30.2721711],[-97.7426475,30.2720619],[-97.7426712,30.2720686],[-97.7426314,30.2721775]]]},"properties":{"k":"patharea","u":"footway","s":"paving"}},{"type":"Feature","geometry":{"type":"Polygon","coordinates":[[[-97.7428226,30.2722461],[-97.7428359,30.2722278],[-97.7428583,30.2722373],[-97.7428386,30.2722637],[-97.7428207,30.27227],[-97.742816,30.27226],[-97.742819,30.2722705],[-97.7428,30.2722745],[-97.7427447,30.2722599],[-97.7427521,30.2722393],[-97.7428008,30.2722521],[-97.7428226,30.2722461]]]},"properties":{"k":"patharea","u":"footway","s":"paving"}},{"type":"Feature","geometry":{"type":"Polygon","coordinates":[[[-97.7416487,30.2723724],[-97.7416564,30.2723519],[-97.7419431,30.2724313],[-97.7419354,30.2724519],[-97.7416487,30.2723724]]]},"properties":{"k":"patharea","u":"footway","s":"paving"}},{"type":"Feature","geometry":{"type":"Polygon","coordinates":[[[-97.7428685,30.2733176],[-97.7428609,30.2733381],[-97.7427862,30.2733185],[-97.7427898,30.2733082],[-97.7427855,30.2733183],[-97.7426631,30.2732798],[-97.7425802,30.2732661],[-97.7424586,30.2732534],[-97.7424519,30.2732652],[-97.742432,30.2732512],[-97.7424401,30.273237],[-97.7424513,30.2732418],[-97.7424528,30.2732311],[-97.742584,30.2732447],[-97.7426688,30.2732588],[-97.7426664,30.2732694],[-97.7426707,30.2732593],[-97.7427938,30.273298],[-97.7428685,30.2733176]]]},"properties":{"k":"patharea","u":"footway","s":"paving"}},{"type":"Feature","geometry":{"type":"Polygon","coordinates":[[[-97.7429707,30.2744231],[-97.7429946,30.2744293],[-97.7429274,30.2746174],[-97.7429036,30.2746108],[-97.7429707,30.2744231]]]},"properties":{"k":"patharea","u":"footway","s":"paving"}},{"type":"Feature","geometry":{"type":"Polygon","coordinates":[[[-97.7431043,30.2746728],[-97.7430963,30.2746932],[-97.7429259,30.2746488],[-97.7429339,30.2746284],[-97.7431043,30.2746728]]]},"properties":{"k":"patharea","u":"footway","s":"paving"}},{"type":"Feature","geometry":{"type":"Polygon","coordinates":[[[-97.7413485,30.2749646],[-97.741356,30.274944],[-97.7413879,30.2749528],[-97.7413793,30.274973],[-97.7413485,30.2749646]]]},"properties":{"k":"patharea","u":"footway","s":"paving"}},{"type":"Feature","geometry":{"type":"Polygon","coordinates":[[[-97.741472,30.2749758],[-97.7414641,30.2749963],[-97.7414289,30.2749866],[-97.7414375,30.2749664],[-97.741472,30.2749758]]]},"properties":{"k":"patharea","u":"footway","s":"paving"}},{"type":"Feature","geometry":{"type":"Polygon","coordinates":[[[-97.7427514,30.2756571],[-97.7427463,30.2756608],[-97.7427544,30.275669],[-97.742751,30.2756794],[-97.7425641,30.275632],[-97.7425716,30.2756115],[-97.7427514,30.2756571]]]},"properties":{"k":"patharea","u":"footway","s":"paving"}},{"type":"Feature","geometry":{"type":"Polygon","coordinates":[[[-97.7419363,30.2756157],[-97.7419296,30.2756365],[-97.7418383,30.2756102],[-97.7418438,30.275607],[-97.741852,30.2755914],[-97.7419363,30.2756157]]]},"properties":{"k":"patharea","u":"footway","s":"paving"}},{"type":"Feature","geometry":{"type":"Polygon","coordinates":[[[-97.7420051,30.2756268],[-97.7419974,30.2756477],[-97.7419532,30.2756436],[-97.74196,30.2756226],[-97.7420051,30.2756268]]]},"properties":{"k":"patharea","u":"footway","s":"paving"}},{"type":"Feature","geometry":{"type":"Polygon","coordinates":[[[-97.7420731,30.275633],[-97.7420703,30.2756418],[-97.7420943,30.2756476],[-97.7420976,30.2756374],[-97.7424861,30.2757385],[-97.7425282,30.2756279],[-97.7425521,30.2756342],[-97.7425065,30.2757535],[-97.742507,30.275776],[-97.7426857,30.2758272],[-97.7426782,30.2758478],[-97.7424906,30.2757939],[-97.7424947,30.2757837],[-97.7424822,30.2757839],[-97.7424817,30.2757599],[-97.7420798,30.2756553],[-97.7420502,30.2756526],[-97.7420577,30.2756316],[-97.7420731,30.275633]]]},"properties":{"k":"patharea","u":"footway","s":"paving"}},{"type":"Feature","geometry":{"type":"Polygon","coordinates":[[[-97.7427454,30.2757941],[-97.7427448,30.2757915],[-97.7427326,30.2757936],[-97.7427206,30.2757906],[-97.7427538,30.2756925],[-97.7427774,30.2756996],[-97.7427454,30.2757941]]]},"properties":{"k":"patharea","u":"footway","s":"paving"}},{"type":"Feature","geometry":{"type":"Polygon","coordinates":[[[-97.7402071,30.2709594],[-97.7402307,30.2709662],[-97.7401034,30.2712974],[-97.7400979,30.2712962],[-97.7400919,30.2713172],[-97.7400955,30.2713179],[-97.7400926,30.2713252],[-97.7400818,30.2713358],[-97.7400647,30.2713451],[-97.7400444,30.2713487],[-97.7400186,30.2713474],[-97.7400225,30.271339],[-97.7399993,30.271331],[-97.7399948,30.2713407],[-97.7400064,30.2713447],[-97.7397426,30.2712725],[-97.7397102,30.2712473],[-97.7391572,30.2710866],[-97.7391652,30.2710662],[-97.739723,30.2712283],[-97.7397552,30.2712533],[-97.7399137,30.2712962],[-97.7399131,30.2712976],[-97.739928,30.2713017],[-97.7399161,30.2712985],[-97.7399129,30.2713073],[-97.7399367,30.2713137],[-97.7399399,30.271305],[-97.7399434,30.2713044],[-97.7400141,30.2713246],[-97.740042,30.2713271],[-97.7400553,30.2713247],[-97.7400702,30.2713146],[-97.740076,30.2713162],[-97.7400856,30.2712906],[-97.7400803,30.2712891],[-97.7402071,30.2709594]]]},"properties":{"k":"patharea","u":"footway","s":"paving"}},{"type":"Feature","geometry":{"type":"Polygon","coordinates":[[[-97.7399501,30.2712774],[-97.7399578,30.2712569],[-97.7400299,30.2712778],[-97.7400261,30.2712883],[-97.7400499,30.2712947],[-97.7400536,30.2712845],[-97.7400556,30.271285],[-97.740048,30.2713056],[-97.7399501,30.2712774]]]},"properties":{"k":"patharea","u":"footway","s":"paving"}},{"type":"Feature","geometry":{"type":"Polygon","coordinates":[[[-97.7398563,30.2718281],[-97.7398548,30.2718359],[-97.7398308,30.2718295],[-97.7398318,30.271824],[-97.7398441,30.2718257],[-97.7398321,30.2718227],[-97.7399401,30.2715036],[-97.7399393,30.2714925],[-97.7399335,30.2714886],[-97.7393206,30.2713166],[-97.7393334,30.2712976],[-97.7399423,30.2714683],[-97.7399482,30.2714496],[-97.7399721,30.2714557],[-97.7399656,30.2714766],[-97.7399839,30.2714783],[-97.7399798,30.2714996],[-97.7399658,30.2714983],[-97.7399647,30.2715078],[-97.7398563,30.2718281]]]},"properties":{"k":"patharea","u":"footway","s":"paving"}},{"type":"Feature","geometry":{"type":"Polygon","coordinates":[[[-97.7398457,30.2718852],[-97.7398209,30.2718828],[-97.7398224,30.2718743],[-97.7398465,30.2718807],[-97.7398457,30.2718852]]]},"properties":{"k":"patharea","u":"footway","s":"paving"}},{"type":"Feature","geometry":{"type":"Polygon","coordinates":[[[-97.739117,30.2712595],[-97.7391016,30.2712583],[-97.7391,30.2712607],[-97.7390134,30.2714993],[-97.7389869,30.2715002],[-97.7390786,30.2712496],[-97.7390859,30.2712545],[-97.7390947,30.2712469],[-97.7391066,30.2712502],[-97.7391114,30.2712374],[-97.739122,30.2712383],[-97.7392828,30.2712834],[-97.73927,30.2713024],[-97.739117,30.2712595]]]},"properties":{"k":"patharea","u":"footway","s":"paving"}},{"type":"Feature","geometry":{"type":"Polygon","coordinates":[[[-97.7389917,30.271559],[-97.7389776,30.2715994],[-97.7389537,30.271593],[-97.7389704,30.2715457],[-97.7389969,30.2715448],[-97.7389917,30.271559]]]},"properties":{"k":"patharea","u":"footway","s":"paving"}},{"type":"Feature","geometry":{"type":"Polygon","coordinates":[[[-97.7389596,30.2716556],[-97.738839,30.2719705],[-97.7388389,30.2719814],[-97.7388375,30.2719798],[-97.7388274,30.2719861],[-97.7388313,30.2719759],[-97.7388136,30.2719708],[-97.7388148,30.2719653],[-97.7389395,30.2716362],[-97.7389633,30.2716426],[-97.7389596,30.2716556]]]},"properties":{"k":"patharea","u":"footway","s":"paving"}},{"type":"Feature","geometry":{"type":"Polygon","coordinates":[[[-97.7403673,30.2715737],[-97.7406771,30.2716607],[-97.7407368,30.2716845],[-97.741226,30.2718234],[-97.7412238,30.271836],[-97.7412361,30.2718376],[-97.7412331,30.2718481],[-97.7412447,30.2718505],[-97.741126,30.2721948],[-97.7411022,30.2721881],[-97.7412207,30.2718446],[-97.7407276,30.2717045],[-97.7406679,30.2716809],[-97.7401887,30.2715459],[-97.7401786,30.2715476],[-97.7400437,30.2718765],[-97.7400445,30.2718888],[-97.740019,30.2718815],[-97.7400186,30.2718755],[-97.7400311,30.2718749],[-97.7400193,30.2718713],[-97.7401528,30.271546],[-97.7401326,30.2715419],[-97.7401386,30.271521],[-97.7401694,30.2715272],[-97.7401761,30.2715245],[-97.7401882,30.2715271],[-97.74019,30.2715208],[-97.7401959,30.2715253],[-97.7403673,30.2715737]]]},"properties":{"k":"patharea","u":"footway","s":"paving"}},{"type":"Feature","geometry":{"type":"Polygon","coordinates":[[[-97.7410995,30.272251],[-97.7409887,30.2725577],[-97.7410277,30.2725686],[-97.7410199,30.2725892],[-97.7409811,30.2725783],[-97.7409771,30.2725889],[-97.7409652,30.2725855],[-97.740969,30.2725752],[-97.7409572,30.272572],[-97.7410826,30.2722298],[-97.7411064,30.2722365],[-97.7410995,30.272251]]]},"properties":{"k":"patharea","u":"footway","s":"paving"}},{"type":"Feature","geometry":{"type":"Polygon","coordinates":[[[-97.7409771,30.2725889],[-97.7409673,30.2726146],[-97.7409436,30.2726078],[-97.7409494,30.2725924],[-97.7409614,30.2725958],[-97.7409652,30.2725855],[-97.7409771,30.2725889]]]},"properties":{"k":"patharea","u":"footway","s":"paving"}},{"type":"Feature","geometry":{"type":"Polygon","coordinates":[[[-97.7400402,30.2719668],[-97.7400155,30.2719638],[-97.7400189,30.2719288],[-97.7400433,30.2719358],[-97.7400402,30.2719668]]]},"properties":{"k":"patharea","u":"footway","s":"paving"}},{"type":"Feature","geometry":{"type":"Polygon","coordinates":[[[-97.7397841,30.2722635],[-97.7397218,30.2722449],[-97.7397254,30.2722348],[-97.7397299,30.272236],[-97.7397337,30.2722256],[-97.7398371,30.2722564],[-97.739829,30.2722768],[-97.7397841,30.2722635]]]},"properties":{"k":"patharea","u":"footway","s":"paving"}},{"type":"Feature","geometry":{"type":"Polygon","coordinates":[[[-97.741307,30.2726908],[-97.7413063,30.272688],[-97.7412941,30.2726901],[-97.7412823,30.2726867],[-97.7412864,30.272676],[-97.7412931,30.272683],[-97.7413084,30.2726871],[-97.741307,30.2726908]]]},"properties":{"k":"patharea","u":"footway","s":"paving"}},{"type":"Feature","geometry":{"type":"Polygon","coordinates":[[[-97.7410001,30.2731556],[-97.7409917,30.2731758],[-97.74092,30.2731536],[-97.7407741,30.2735499],[-97.7407626,30.2735465],[-97.7407585,30.2735567],[-97.7407621,30.2735464],[-97.7407503,30.2735433],[-97.7408963,30.2731469],[-97.7408384,30.273132],[-97.7408456,30.2731114],[-97.7409038,30.2731263],[-97.7410038,30.2728549],[-97.7410276,30.2728616],[-97.7409275,30.2731331],[-97.7410001,30.2731556]]]},"properties":{"k":"patharea","u":"footway","s":"paving"}},{"type":"Feature","geometry":{"type":"Polygon","coordinates":[[[-97.7407587,30.2735915],[-97.740735,30.2735849],[-97.7407427,30.2735639],[-97.7407665,30.2735705],[-97.7407587,30.2735915]]]},"properties":{"k":"patharea","u":"footway","s":"paving"}},{"type":"Feature","geometry":{"type":"Polygon","coordinates":[[[-97.740659,30.2738623],[-97.7406353,30.2738557],[-97.7407274,30.2736054],[-97.7407512,30.2736121],[-97.740659,30.2738623]]]},"properties":{"k":"patharea","u":"footway","s":"paving"}},{"type":"Feature","geometry":{"type":"Polygon","coordinates":[[[-97.7405493,30.27416],[-97.7405257,30.2741531],[-97.7406277,30.2738762],[-97.7406515,30.2738829],[-97.7405493,30.27416]]]},"properties":{"k":"patharea","u":"footway","s":"paving"}},{"type":"Feature","geometry":{"type":"Polygon","coordinates":[[[-97.7405244,30.2742277],[-97.7405006,30.2742211],[-97.7405099,30.2741959],[-97.7405336,30.2742028],[-97.7405244,30.2742277]]]},"properties":{"k":"patharea","u":"footway","s":"paving"}},{"type":"Feature","geometry":{"type":"Polygon","coordinates":[[[-97.7403513,30.2742181],[-97.7403751,30.2742247],[-97.7403572,30.2742727],[-97.7403334,30.2742661],[-97.7403513,30.2742181]]]},"properties":{"k":"patharea","u":"footway","s":"paving"}},{"type":"Feature","geometry":{"type":"Polygon","coordinates":[[[-97.7395642,30.2743041],[-97.7395719,30.2743025],[-97.7395955,30.2743091],[-97.739634,30.2742058],[-97.7396578,30.2742124],[-97.7396117,30.2743361],[-97.7395744,30.2743258],[-97.7395689,30.2743402],[-97.7395621,30.2743383],[-97.7395581,30.274349],[-97.7395343,30.2743424],[-97.7395383,30.2743318],[-97.7394835,30.2743166],[-97.7394911,30.274296],[-97.7395529,30.2743132],[-97.7395575,30.2743075],[-97.7395642,30.2743041]]]},"properties":{"k":"patharea","u":"footway","s":"paving"}},{"type":"Feature","geometry":{"type":"Polygon","coordinates":[[[-97.7404763,30.2743583],[-97.7404525,30.2743517],[-97.7404867,30.2742587],[-97.7405105,30.2742653],[-97.7404763,30.2743583]]]},"properties":{"k":"patharea","u":"footway","s":"paving"}},{"type":"Feature","geometry":{"type":"Polygon","coordinates":[[[-97.7406296,30.2742966],[-97.7406534,30.2743032],[-97.740636,30.27435],[-97.7406122,30.2743434],[-97.7406296,30.2742966]]]},"properties":{"k":"patharea","u":"footway","s":"paving"}},{"type":"Feature","geometry":{"type":"Polygon","coordinates":[[[-97.7402618,30.2743682],[-97.7402638,30.2743761],[-97.7402243,30.2744826],[-97.7400805,30.2744427],[-97.7400716,30.2744342],[-97.7399571,30.2744024],[-97.7399437,30.2744049],[-97.7398521,30.2743796],[-97.7398929,30.2742697],[-97.7399167,30.2742763],[-97.7398835,30.2743656],[-97.7399449,30.2743827],[-97.7399583,30.2743802],[-97.7400856,30.2744154],[-97.7400945,30.2744239],[-97.7402081,30.2744554],[-97.740238,30.2743751],[-97.740236,30.274367],[-97.7402781,30.2742549],[-97.7403019,30.2742615],[-97.7402618,30.2743682]]]},"properties":{"k":"patharea","u":"footway","s":"paving"}},{"type":"Feature","geometry":{"type":"Polygon","coordinates":[[[-97.7406156,30.2744718],[-97.7406231,30.2744659],[-97.7406618,30.274362],[-97.7406856,30.2743686],[-97.7406449,30.2744779],[-97.7406374,30.2744838],[-97.7406071,30.274565],[-97.740748,30.274604],[-97.7407535,30.2745997],[-97.7408664,30.274631],[-97.7408679,30.2746371],[-97.7409306,30.2746546],[-97.740964,30.2745668],[-97.7409878,30.2745736],[-97.7409466,30.2746816],[-97.7408465,30.2746539],[-97.740845,30.2746478],[-97.7407595,30.2746241],[-97.740754,30.2746284],[-97.7405757,30.274579],[-97.7406156,30.2744718]]]},"properties":{"k":"patharea","u":"footway","s":"paving"}},{"type":"Feature","geometry":{"type":"Polygon","coordinates":[[[-97.7411698,30.2747706],[-97.7412175,30.274645],[-97.7412413,30.2746518],[-97.7412014,30.2747566],[-97.741225,30.2747632],[-97.7412332,30.2747746],[-97.7412332,30.2747814],[-97.7412959,30.2747987],[-97.7412883,30.2748193],[-97.7412326,30.2748038],[-97.7412286,30.2748145],[-97.7412048,30.2748079],[-97.7412088,30.2747973],[-97.7412018,30.2747954],[-97.7412072,30.2747809],[-97.7411698,30.2747706]]]},"properties":{"k":"patharea","u":"footway","s":"paving"}},{"type":"Feature","geometry":{"type":"Polygon","coordinates":[[[-97.7395449,30.2748574],[-97.7395687,30.2748641],[-97.7395567,30.2748968],[-97.7395331,30.2748898],[-97.7395449,30.2748574]]]},"properties":{"k":"patharea","u":"footway","s":"paving"}},{"type":"Feature","geometry":{"type":"Polygon","coordinates":[[[-97.7395723,30.2747827],[-97.7395885,30.2747383],[-97.7396123,30.2747447],[-97.7395961,30.2747891],[-97.7395842,30.2747859],[-97.7395961,30.2747892],[-97.7395843,30.2748213],[-97.7395606,30.2748146],[-97.7395723,30.2747827]]]},"properties":{"k":"patharea","u":"footway","s":"paving"}},{"type":"Feature","geometry":{"type":"Polygon","coordinates":[[[-97.7397419,30.2746624],[-97.7398376,30.274689],[-97.7398465,30.2747039],[-97.7399611,30.2747357],[-97.7399781,30.2747282],[-97.7400889,30.2747589],[-97.7400592,30.274839],[-97.7400437,30.2748511],[-97.7399775,30.2750292],[-97.7399537,30.2750226],[-97.7400219,30.2748389],[-97.7400374,30.2748268],[-97.7400575,30.2747729],[-97.7399803,30.2747514],[-97.7399633,30.2747589],[-97.7398291,30.2747217],[-97.7398202,30.2747068],[-97.7397581,30.2746896],[-97.739726,30.2747757],[-97.7397022,30.2747691],[-97.7397419,30.2746624]]]},"properties":{"k":"patharea","u":"footway","s":"paving"}},{"type":"Feature","geometry":{"type":"Polygon","coordinates":[[[-97.7411717,30.2749162],[-97.7411793,30.2748956],[-97.7412793,30.274923],[-97.7412718,30.2749436],[-97.7411717,30.2749162]]]},"properties":{"k":"patharea","u":"footway","s":"paving"}},{"type":"Feature","geometry":{"type":"Polygon","coordinates":[[[-97.7412874,30.2749478],[-97.7412949,30.2749272],[-97.7413126,30.2749321],[-97.741305,30.2749527],[-97.7412874,30.2749478]]]},"properties":{"k":"patharea","u":"footway","s":"paving"}},{"type":"Feature","geometry":{"type":"Polygon","coordinates":[[[-97.7413181,30.2749563],[-97.7413257,30.2749357],[-97.7413419,30.2749402],[-97.7413344,30.2749608],[-97.7413181,30.2749563]]]},"properties":{"k":"patharea","u":"footway","s":"paving"}},{"type":"Feature","geometry":{"type":"Polygon","coordinates":[[[-97.7411406,30.2750305],[-97.7411363,30.2750356],[-97.7411216,30.2750407],[-97.7410981,30.2750342],[-97.7410587,30.2751403],[-97.7410349,30.2751337],[-97.7410819,30.275007],[-97.7411193,30.2750174],[-97.7411246,30.275003],[-97.7411316,30.2750049],[-97.7411355,30.2749942],[-97.7411593,30.2750008],[-97.7411554,30.2750114],[-97.7412113,30.275027],[-97.7412037,30.2750476],[-97.7411406,30.2750305]]]},"properties":{"k":"patharea","u":"footway","s":"paving"}},{"type":"Feature","geometry":{"type":"Polygon","coordinates":[[[-97.7408196,30.2749839],[-97.7407574,30.2749667],[-97.7407402,30.2749743],[-97.7406059,30.2749371],[-97.7405972,30.2749225],[-97.74052,30.2749011],[-97.7404998,30.2749551],[-97.7405042,30.2749726],[-97.7404389,30.2751484],[-97.7404151,30.2751418],[-97.7404784,30.2749716],[-97.740474,30.2749539],[-97.7405038,30.2748739],[-97.7406146,30.2749047],[-97.7406233,30.2749193],[-97.740738,30.2749511],[-97.7407552,30.2749435],[-97.740851,30.2749699],[-97.7408113,30.2750767],[-97.7407875,30.2750701],[-97.7408196,30.2749839]]]},"properties":{"k":"patharea","u":"footway","s":"paving"}},{"type":"Feature","geometry":{"type":"Polygon","coordinates":[[[-97.7403777,30.2751496],[-97.7403612,30.2751692],[-97.7403708,30.2751752],[-97.7402907,30.2752625],[-97.7402676,30.2752779],[-97.7402529,30.2752833],[-97.7402369,30.2752846],[-97.7402131,30.2752833],[-97.7401407,30.2752623],[-97.7401093,30.2753462],[-97.7400974,30.2753429],[-97.7401093,30.2753462],[-97.7400989,30.2753737],[-97.7400752,30.2753671],[-97.740117,30.2752556],[-97.7400613,30.2752401],[-97.7400461,30.2752336],[-97.740031,30.2752222],[-97.7400132,30.275201],[-97.7400089,30.2751903],[-97.7400075,30.2751781],[-97.7400006,30.2750465],[-97.7400656,30.2750455],[-97.7401042,30.2750561],[-97.7401004,30.2750664],[-97.7401042,30.2750561],[-97.740207,30.2750838],[-97.7403238,30.2751171],[-97.7403777,30.2751496]],[[-97.7400325,30.2751765],[-97.7400335,30.2751857],[-97.7400415,30.2751997],[-97.7400601,30.2752156],[-97.7401246,30.275235],[-97.7401641,30.2751287],[-97.7401879,30.2751353],[-97.7401483,30.2752418],[-97.7402179,30.2752619],[-97.7402365,30.275263],[-97.7402558,30.2752587],[-97.7402725,30.2752477],[-97.7403524,30.2751606],[-97.7403128,30.2751367],[-97.7402779,30.2751274],[-97.7402816,30.2751171],[-97.7402777,30.2751273],[-97.7401991,30.2751052],[-97.7401934,30.2751206],[-97.7401696,30.275114],[-97.7401754,30.2750986],[-97.740062,30.2750671],[-97.7400258,30.2750677],[-97.7400325,30.2751765]]]},"properties":{"k":"patharea","u":"footway","s":"paving"}},{"type":"Feature","geometry":{"type":"Polygon","coordinates":[[[-97.740072,30.2754466],[-97.7400711,30.2754491],[-97.7401574,30.2754742],[-97.7401625,30.275478],[-97.7401545,30.2754831],[-97.7401619,30.2754918],[-97.7401508,30.2754968],[-97.7401519,30.2754986],[-97.7401448,30.2754932],[-97.7399553,30.2754383],[-97.7399492,30.2754389],[-97.7399519,30.2754371],[-97.7399444,30.2754285],[-97.7399515,30.2754196],[-97.7399476,30.2754173],[-97.7399581,30.2754163],[-97.7400474,30.2754423],[-97.7400482,30.2754402],[-97.7400601,30.2754434],[-97.7400482,30.2754401],[-97.7400593,30.2754099],[-97.740083,30.2754165],[-97.740072,30.2754466]]]},"properties":{"k":"patharea","u":"footway","s":"paving"}},{"type":"Feature","geometry":{"type":"Polygon","coordinates":[[[-97.7409201,30.2752467],[-97.7409441,30.2752528],[-97.7409303,30.2752874],[-97.7409065,30.2752809],[-97.7409201,30.2752467]]]},"properties":{"k":"patharea","u":"footway","s":"paving"}},{"type":"Feature","geometry":{"type":"Polygon","coordinates":[[[-97.7409479,30.2751772],[-97.7409705,30.2751206],[-97.7409941,30.2751276],[-97.7409715,30.2751842],[-97.7409597,30.2751807],[-97.7409715,30.2751842],[-97.7409611,30.2752103],[-97.7409371,30.2752042],[-97.7409479,30.2751772]]]},"properties":{"k":"patharea","u":"footway","s":"paving"}},{"type":"Feature","geometry":{"type":"Polygon","coordinates":[[[-97.7405537,30.275292],[-97.7405338,30.2753051],[-97.7404907,30.2752672],[-97.7405102,30.2752535],[-97.7405476,30.2752849],[-97.7405389,30.2752926],[-97.7405491,30.2752864],[-97.7405537,30.275292]]]},"properties":{"k":"patharea","u":"footway","s":"paving"}},{"type":"Feature","geometry":{"type":"Polygon","coordinates":[[[-97.740426,30.2752129],[-97.7404347,30.2752052],[-97.7404259,30.2752128],[-97.7403992,30.2751898],[-97.7404154,30.2751734],[-97.7404723,30.2752217],[-97.7404534,30.2752359],[-97.740426,30.2752129]]]},"properties":{"k":"patharea","u":"footway","s":"paving"}},{"type":"Feature","geometry":{"type":"Polygon","coordinates":[[[-97.7411496,30.276232],[-97.7411418,30.2762525],[-97.7405586,30.2760833],[-97.7405667,30.2760629],[-97.7411496,30.276232]]]},"properties":{"k":"patharea","u":"footway","s":"paving"}},{"type":"Feature","geometry":{"type":"Polygon","coordinates":[[[-97.7376754,30.2712385],[-97.7376992,30.2712451],[-97.7376942,30.2712586],[-97.73767,30.2712531],[-97.7376754,30.2712385]]]},"properties":{"k":"patharea","u":"footway","s":"paving"}},{"type":"Feature","geometry":{"type":"Polygon","coordinates":[[[-97.7378804,30.2712943],[-97.7379042,30.2713008],[-97.7379005,30.271311],[-97.7378765,30.271305],[-97.7378804,30.2712943]]]},"properties":{"k":"patharea","u":"footway","s":"paving"}},{"type":"Feature","geometry":{"type":"Polygon","coordinates":[[[-97.7377604,30.2717111],[-97.7377659,30.27169],[-97.7385991,30.2719213],[-97.7386055,30.2719194],[-97.7387321,30.2715805],[-97.7387559,30.2715869],[-97.7386315,30.27192],[-97.7386184,30.2719173],[-97.7386126,30.2719383],[-97.7386162,30.271939],[-97.7386094,30.2719411],[-97.7386112,30.2719358],[-97.7385874,30.2719296],[-97.7385838,30.2719397],[-97.7377604,30.2717111]]]},"properties":{"k":"patharea","u":"footway","s":"paving"}},{"type":"Feature","geometry":{"type":"Polygon","coordinates":[[[-97.7387567,30.2715236],[-97.7387806,30.27153],[-97.7387742,30.2715447],[-97.7387503,30.2715383],[-97.7387567,30.2715236]]]},"properties":{"k":"patharea","u":"footway","s":"paving"}},{"type":"Feature","geometry":{"type":"Polygon","coordinates":[[[-97.7388779,30.2712007],[-97.7388796,30.2711934],[-97.7388804,30.2711959],[-97.7388924,30.271193],[-97.7388993,30.271202],[-97.7389036,30.2711995],[-97.7387966,30.2714872],[-97.7387728,30.2714809],[-97.7388779,30.2712007]]]},"properties":{"k":"patharea","u":"footway","s":"paving"}},{"type":"Feature","geometry":{"type":"Polygon","coordinates":[[[-97.7366076,30.2715774],[-97.7366153,30.2715569],[-97.7370989,30.271693],[-97.7370918,30.2717137],[-97.7368378,30.2716421],[-97.7368268,30.2716691],[-97.7368018,30.271662],[-97.7367844,30.271709],[-97.7367073,30.2716857],[-97.7367146,30.2716601],[-97.7367267,30.2716627],[-97.7367214,30.2716529],[-97.7367386,30.271646],[-97.7367395,30.2716436],[-97.7367006,30.2716322],[-97.7367046,30.2716219],[-97.7366898,30.2716176],[-97.7367019,30.2716204],[-97.7367049,30.2716107],[-97.7368114,30.2716421],[-97.7368141,30.2716354],[-97.7367066,30.2716053],[-97.73671,30.2715943],[-97.7366858,30.2715887],[-97.7366828,30.2715986],[-97.7366076,30.2715774]],[[-97.7367782,30.2716551],[-97.7367631,30.2716506],[-97.7367608,30.271657],[-97.7367489,30.2716538],[-97.7367542,30.2716636],[-97.7367369,30.2716719],[-97.7367684,30.2716814],[-97.7367782,30.2716551]]]},"properties":{"k":"patharea","u":"footway","s":"paving"}},{"type":"Feature","geometry":{"type":"Polygon","coordinates":[[[-97.7364762,30.2715417],[-97.7364495,30.2715346],[-97.7364576,30.2715142],[-97.7365657,30.2715433],[-97.736558,30.2715638],[-97.7364762,30.2715417]]]},"properties":{"k":"patharea","u":"footway","s":"paving"}},{"type":"Feature","geometry":{"type":"Polygon","coordinates":[[[-97.7361048,30.2714382],[-97.736059,30.2714239],[-97.7358045,30.2713573],[-97.7358078,30.2713357],[-97.7360668,30.2714035],[-97.736408,30.2715006],[-97.7363999,30.2715211],[-97.7361048,30.2714382]]]},"properties":{"k":"patharea","u":"footway","s":"paving"}},{"type":"Feature","geometry":{"type":"Polygon","coordinates":[[[-97.735713,30.271335],[-97.7356865,30.2713278],[-97.7356944,30.2713074],[-97.7357574,30.2713223],[-97.735754,30.2713438],[-97.735713,30.271335]]]},"properties":{"k":"patharea","u":"footway","s":"paving"}},{"type":"Feature","geometry":{"type":"Polygon","coordinates":[[[-97.7355686,30.271296],[-97.7355508,30.2713036],[-97.7355444,30.2712943],[-97.7355499,30.2712799],[-97.7355664,30.2712728],[-97.7356447,30.271294],[-97.7356368,30.2713144],[-97.7355686,30.271296]]]},"properties":{"k":"patharea","u":"footway","s":"paving"}},{"type":"Feature","geometry":{"type":"Polygon","coordinates":[[[-97.7371517,30.2717096],[-97.7372183,30.2717284],[-97.7372109,30.2717489],[-97.7371407,30.2717291],[-97.7371479,30.2717084],[-97.7371517,30.2717096]]]},"properties":{"k":"patharea","u":"footway","s":"paving"}},{"type":"Feature","geometry":{"type":"Polygon","coordinates":[[[-97.7373084,30.2717555],[-97.7374849,30.2718018],[-97.7375231,30.2716486],[-97.7375355,30.27165],[-97.7375326,30.2716605],[-97.737545,30.271663],[-97.7375087,30.2718089],[-97.737499,30.2718055],[-97.7374943,30.2718155],[-97.7374822,30.2718182],[-97.737484,30.2718241],[-97.7373006,30.2717759],[-97.7372601,30.2717635],[-97.7372676,30.2717429],[-97.7373084,30.2717555]]]},"properties":{"k":"patharea","u":"footway","s":"paving"}},{"type":"Feature","geometry":{"type":"Polygon","coordinates":[[[-97.738482,30.2721128],[-97.7384723,30.2721095],[-97.7384797,30.2720888],[-97.7385258,30.2721047],[-97.7385215,30.2721154],[-97.7385403,30.272121],[-97.738541,30.272128],[-97.7385291,30.2721249],[-97.7385272,30.27213],[-97.7385253,30.2721278],[-97.738482,30.2721128]]]},"properties":{"k":"patharea","u":"footway","s":"paving"}},{"type":"Feature","geometry":{"type":"Polygon","coordinates":[[[-97.7383946,30.272083],[-97.7381609,30.2720148],[-97.7376902,30.2718936],[-97.7375041,30.2723803],[-97.737325,30.2728069],[-97.7374603,30.2728531],[-97.7377386,30.2729287],[-97.738161,30.273053],[-97.7381943,30.2730493],[-97.7381845,30.2730722],[-97.7381586,30.273075],[-97.7377308,30.2729491],[-97.7374519,30.2728735],[-97.7373166,30.2728273],[-97.7373209,30.2728166],[-97.7372973,30.2728096],[-97.7372931,30.27282],[-97.7372107,30.2727968],[-97.7371601,30.2727813],[-97.7371684,30.2727609],[-97.7373015,30.2727996],[-97.7374805,30.2723731],[-97.7376666,30.2718866],[-97.7376776,30.2718903],[-97.7376821,30.2718803],[-97.7376937,30.2718843],[-97.7376987,30.2718733],[-97.7381687,30.2719944],[-97.7384311,30.2720723],[-97.7384237,30.272093],[-97.7383946,30.272083]]]},"properties":{"k":"patharea","u":"footway","s":"paving"}},{"type":"Feature","geometry":{"type":"Polygon","coordinates":[[[-97.73828,30.2730718],[-97.7383947,30.2731084],[-97.7383949,30.2731197],[-97.7384074,30.2731195],[-97.7383984,30.2731269],[-97.7384059,30.2731337],[-97.7384239,30.2731189],[-97.7384219,30.273117],[-97.7389515,30.273278],[-97.7389474,30.2732882],[-97.7389402,30.273297],[-97.7389534,30.273305],[-97.7389147,30.2733931],[-97.7388693,30.273484],[-97.7389875,30.2734974],[-97.7389849,30.2734981],[-97.7389887,30.2735084],[-97.7389768,30.2735053],[-97.7389725,30.2735175],[-97.7388601,30.2735047],[-97.7386921,30.2739682],[-97.7387957,30.2739959],[-97.7387916,30.2740054],[-97.7388033,30.2740092],[-97.738799,30.2740193],[-97.7386841,30.2739886],[-97.7385949,30.2742038],[-97.7384981,30.2744527],[-97.7385572,30.27447],[-97.7386224,30.2744941],[-97.7386175,30.274504],[-97.738607,30.2745098],[-97.7386091,30.2745126],[-97.7385482,30.2744902],[-97.7384784,30.2744696],[-97.7380734,30.2743574],[-97.7380817,30.274337],[-97.7384744,30.2744459],[-97.7385713,30.2741968],[-97.7386646,30.2739719],[-97.7388357,30.2734998],[-97.7383325,30.2733592],[-97.7382618,30.2735429],[-97.7379772,30.2743054],[-97.7379716,30.274311],[-97.7380321,30.2743233],[-97.7380238,30.2743438],[-97.7379582,30.2743304],[-97.7379435,30.2743884],[-97.7379231,30.274444],[-97.7379082,30.27444],[-97.7379064,30.274445],[-97.7379014,30.2744389],[-97.7378881,30.2744471],[-97.7379023,30.2744647],[-97.7379044,30.2744635],[-97.7378991,30.2744708],[-97.7378668,30.2745566],[-97.7377303,30.2749263],[-97.7377063,30.2749205],[-97.7378763,30.2744616],[-97.7378828,30.2744527],[-97.7377026,30.2744114],[-97.7377029,30.2744344],[-97.737695,30.2744573],[-97.7374256,30.2751722],[-97.7374143,30.2751734],[-97.7374167,30.2751667],[-97.7373929,30.2751603],[-97.7373892,30.2751705],[-97.7373226,30.2751524],[-97.7373302,30.2751318],[-97.7374068,30.2751524],[-97.7376781,30.274431],[-97.7376786,30.2744174],[-97.7376748,30.2744023],[-97.737637,30.2743703],[-97.7368494,30.2741575],[-97.7368197,30.2741632],[-97.7367727,30.274241],[-97.7367462,30.2743161],[-97.7366345,30.2746081],[-97.7366414,30.2746372],[-97.7366143,30.2746306],[-97.7366087,30.2746069],[-97.7367224,30.2743095],[-97.7367495,30.2742328],[-97.7367998,30.2741495],[-97.7368528,30.2740132],[-97.7368417,30.2739885],[-97.7369679,30.2736634],[-97.7370904,30.2733273],[-97.7371808,30.2730691],[-97.7371207,30.2730398],[-97.7370716,30.273031],[-97.736748,30.2738055],[-97.7362456,30.2751808],[-97.7362651,30.2751884],[-97.7362175,30.2753104],[-97.73621,30.2753083],[-97.7361955,30.2752991],[-97.7362343,30.2752],[-97.7362152,30.2751926],[-97.7362223,30.2751731],[-97.736234,30.2751764],[-97.7362418,30.275156],[-97.7362298,30.2751525],[-97.7364624,30.2745138],[-97.7364737,30.2745172],[-97.7364821,30.274497],[-97.7364699,30.2744932],[-97.7366394,30.2740279],[-97.736656,30.2740282],[-97.7366566,30.2740066],[-97.7366474,30.2740064],[-97.7366861,30.2739066],[-97.7367244,30.2737987],[-97.7370476,30.2730249],[-97.737059,30.2730287],[-97.737067,30.2730082],[-97.7371295,30.2730194],[-97.7371949,30.2730513],[-97.7372188,30.273037],[-97.7372181,30.2730418],[-97.7372429,30.2730444],[-97.7372441,30.2730354],[-97.7375037,30.2731038],[-97.7375413,30.2731228],[-97.7375468,30.2731473],[-97.7375338,30.2731437],[-97.7375376,30.2731334],[-97.7375313,30.2731427],[-97.7374937,30.2731236],[-97.7372326,30.2730549],[-97.7372063,30.2730707],[-97.7371142,30.2733337],[-97.7369917,30.27367],[-97.7368683,30.2739879],[-97.7368772,30.2740079],[-97.7368754,30.2740063],[-97.7368636,30.2740162],[-97.7368607,30.2740146],[-97.7368634,30.2740163],[-97.7368574,30.2740213],[-97.736871,30.2740335],[-97.7368301,30.2741391],[-97.7368506,30.2741353],[-97.7376391,30.2743483],[-97.7377159,30.2742633],[-97.7377415,30.2742581],[-97.7377359,30.2742371],[-97.7377301,30.2742383],[-97.737731,30.2742367],[-97.7377463,30.2742369],[-97.7378424,30.2739799],[-97.7378662,30.2739864],[-97.7377702,30.2742433],[-97.7379451,30.2743045],[-97.737955,30.2742946],[-97.738238,30.2735361],[-97.7383083,30.2733539],[-97.7381162,30.2733216],[-97.738121,30.2733004],[-97.7383159,30.2733333],[-97.7383745,30.2731742],[-97.7383977,30.2731323],[-97.7382113,30.2730728],[-97.7382159,30.2730633],[-97.7382044,30.2730591],[-97.7382165,30.2730617],[-97.7382192,30.2730523],[-97.73828,30.2730718]],[[-97.7377379,30.2742735],[-97.7377267,30.2742688],[-97.7377365,30.2742754],[-97.7376603,30.2743598],[-97.7376925,30.2743871],[-97.7377799,30.2744055],[-97.7379004,30.2744345],[-97.7379193,30.2743828],[-97.7379343,30.274324],[-97.7377584,30.2742625],[-97.7377602,30.2742586],[-97.7377582,30.2742586],[-97.7377702,30.2742437],[-97.7377624,30.274239],[-97.7377482,30.2742566],[-97.7377513,30.2742585],[-97.7377464,30.2742585],[-97.7377379,30.2742735]],[[-97.7388915,30.2733851],[-97.7389312,30.2732947],[-97.7384213,30.2731397],[-97.7383977,30.2731822],[-97.7383401,30.2733387],[-97.7388443,30.2734795],[-97.7388915,30.2733851]],[[-97.7383104,30.2733485],[-97.7383104,30.2733484],[-97.7383115,30.2733435],[-97.7383104,30.2733485]]]},"properties":{"k":"patharea","u":"footway","s":"paving"}},{"type":"Feature","geometry":{"type":"Polygon","coordinates":[[[-97.7377118,30.2749784],[-97.7376131,30.275247],[-97.7384441,30.2754758],[-97.7384403,30.275486],[-97.7384641,30.2754926],[-97.7384679,30.2754823],[-97.7385596,30.2755081],[-97.7386486,30.2755302],[-97.7386451,30.2755406],[-97.7386333,30.275537],[-97.7386289,30.2755478],[-97.7385522,30.2755287],[-97.7384903,30.2755111],[-97.7384915,30.275508],[-97.7384797,30.2755045],[-97.7384916,30.2755078],[-97.7384942,30.2755008],[-97.7384704,30.2754942],[-97.7384665,30.2755045],[-97.7376063,30.2752678],[-97.737574,30.2753812],[-97.7377427,30.2754218],[-97.7377345,30.2754422],[-97.7375618,30.2754006],[-97.7375639,30.2753958],[-97.7375523,30.2753919],[-97.7375556,30.275388],[-97.7375706,30.2753916],[-97.7375734,30.2753831],[-97.7375493,30.2753774],[-97.7375825,30.2752612],[-97.737401,30.2752115],[-97.7373644,30.2753254],[-97.73743,30.275342],[-97.7375493,30.2753776],[-97.737546,30.275388],[-97.7375448,30.2753894],[-97.7375407,30.275388],[-97.7375368,30.2753966],[-97.7374224,30.2753626],[-97.7373574,30.2753461],[-97.737361,30.275336],[-97.7373372,30.2753296],[-97.7373336,30.2753398],[-97.7367875,30.2751851],[-97.7364681,30.2751028],[-97.7364196,30.2752359],[-97.7363336,30.2754585],[-97.73631,30.2754515],[-97.7363958,30.2752295],[-97.7364482,30.2750862],[-97.7364713,30.2750941],[-97.7364774,30.2750826],[-97.7367951,30.2751645],[-97.7373406,30.2753191],[-97.7373804,30.2751949],[-97.7374043,30.275201],[-97.737408,30.2751908],[-97.7375893,30.2752405],[-97.737691,30.2749635],[-97.7377151,30.2749693],[-97.7377118,30.2749784]]]},"properties":{"k":"patharea","u":"footway","s":"paving"}},{"type":"Feature","geometry":{"type":"Polygon","coordinates":[[[-97.7378027,30.275439],[-97.7379314,30.2754762],[-97.7379229,30.2754965],[-97.7377839,30.2754564],[-97.7377921,30.275436],[-97.7378027,30.275439]]]},"properties":{"k":"patharea","u":"footway","s":"paving"}},{"type":"Feature","geometry":{"type":"Polygon","coordinates":[[[-97.7379875,30.2754922],[-97.738424,30.2756118],[-97.73842,30.2756218],[-97.7384437,30.2756285],[-97.7383721,30.2758541],[-97.738348,30.2758486],[-97.7384166,30.2756324],[-97.7379722,30.2755108],[-97.7379808,30.2754905],[-97.7379875,30.2754922]]]},"properties":{"k":"patharea","u":"footway","s":"paving"}},{"type":"Feature","geometry":{"type":"Polygon","coordinates":[[[-97.7383536,30.275918],[-97.7382746,30.2761339],[-97.7382507,30.2761276],[-97.7383354,30.2758922],[-97.7383595,30.2758978],[-97.7383536,30.275918]]]},"properties":{"k":"patharea","u":"footway","s":"paving"}},{"type":"Feature","geometry":{"type":"Polygon","coordinates":[[[-97.7381734,30.2764101],[-97.7381633,30.2764177],[-97.7381469,30.2764013],[-97.7381518,30.2763977],[-97.7382432,30.2761482],[-97.738267,30.2761545],[-97.7381734,30.2764101]]]},"properties":{"k":"patharea","u":"footway","s":"paving"}},{"type":"Feature","geometry":{"type":"Polygon","coordinates":[[[-97.736311,30.275514],[-97.7361913,30.275858],[-97.7361745,30.2758562],[-97.7361668,30.2758535],[-97.7362927,30.2754939],[-97.7363163,30.2755009],[-97.736311,30.275514]]]},"properties":{"k":"patharea","u":"footway","s":"paving"}},{"type":"Feature","geometry":{"type":"Polygon","coordinates":[[[-97.7365689,30.2749198],[-97.7365448,30.274914],[-97.7366268,30.2746835],[-97.7366261,30.2746802],[-97.7366515,30.2746876],[-97.7365689,30.2749198]]]},"properties":{"k":"patharea","u":"footway","s":"paving"}},{"type":"Feature","geometry":{"type":"Polygon","coordinates":[[[-97.7370639,30.2750588],[-97.7370563,30.2750794],[-97.7365586,30.27494],[-97.7365723,30.2749212],[-97.7370639,30.2750588]]]},"properties":{"k":"patharea","u":"footway","s":"paving"}},{"type":"Feature","geometry":{"type":"Polygon","coordinates":[[[-97.7361605,30.275473],[-97.7361584,30.2754786],[-97.7361357,30.2754692],[-97.7361755,30.2753533],[-97.7361812,30.2753569],[-97.7361986,30.2753618],[-97.7361605,30.275473]]]},"properties":{"k":"patharea","u":"footway","s":"paving"}},{"type":"Feature","geometry":{"type":"Polygon","coordinates":[[[-97.7376314,30.2731479],[-97.7376569,30.2731456],[-97.7380806,30.2732637],[-97.7380888,30.273268],[-97.7380832,30.2732795],[-97.7381062,30.2732879],[-97.7381085,30.2732831],[-97.7381139,30.2732916],[-97.7381164,30.2732996],[-97.7381087,30.2732983],[-97.7381039,30.2733195],[-97.7381147,30.2733213],[-97.7380887,30.27339],[-97.7380767,30.273434],[-97.7379234,30.2738483],[-97.737898,30.2739004],[-97.737882,30.2739437],[-97.7378582,30.2739372],[-97.7378746,30.273893],[-97.7379,30.2738409],[-97.7380527,30.2734282],[-97.7380646,30.2733846],[-97.7380767,30.2733871],[-97.7380648,30.2733838],[-97.7380933,30.2733086],[-97.7380905,30.2732996],[-97.7380853,30.2732914],[-97.7380702,30.2732835],[-97.7376543,30.2731676],[-97.7376288,30.2731699],[-97.7376003,30.273162],[-97.7376021,30.2731578],[-97.7375978,30.2731387],[-97.7376314,30.2731479]]]},"properties":{"k":"patharea","u":"footway","s":"paving"}},{"type":"Feature","geometry":{"type":"Polygon","coordinates":[[[-97.7370617,30.2729952],[-97.7370489,30.2730022],[-97.7370318,30.2729932],[-97.7370252,30.2730024],[-97.7370207,30.2729924],[-97.7370019,30.2729987],[-97.7369881,30.2729879],[-97.7369343,30.2729913],[-97.7368633,30.2729896],[-97.7367805,30.2729767],[-97.736708,30.2729539],[-97.7367133,30.272951],[-97.7366997,30.2729328],[-97.7366825,30.2729424],[-97.7366443,30.2729233],[-97.73656,30.27287],[-97.7362767,30.2727913],[-97.7362675,30.2727712],[-97.7362443,30.272779],[-97.7362465,30.2727838],[-97.7361718,30.2727632],[-97.7361324,30.2727549],[-97.736114,30.2727588],[-97.7361,30.2727675],[-97.7360927,30.2727588],[-97.7360896,30.2727692],[-97.7360573,30.2727621],[-97.7360658,30.2727417],[-97.7360901,30.2727471],[-97.7361032,30.2727388],[-97.7361324,30.2727327],[-97.7361786,30.2727424],[-97.7363107,30.2727771],[-97.7365716,30.2728506],[-97.7366579,30.2729053],[-97.7367118,30.2729321],[-97.7367871,30.2729559],[-97.7368659,30.272968],[-97.7369337,30.2729697],[-97.7369969,30.2729657],[-97.7370265,30.2729889],[-97.7370421,30.2729804],[-97.7370621,30.2729428],[-97.7371087,30.2728197],[-97.7371175,30.2727867],[-97.7371297,30.2727891],[-97.7371181,30.2727851],[-97.7371246,30.2727712],[-97.7367964,30.272685],[-97.7365108,30.2726069],[-97.7365184,30.2725863],[-97.7368038,30.2726644],[-97.7371336,30.272751],[-97.7371252,30.2727709],[-97.7371484,30.2727778],[-97.7371416,30.2727924],[-97.7371327,30.2728255],[-97.7370853,30.2729506],[-97.7370742,30.2729718],[-97.7370628,30.2729673],[-97.7370741,30.2729718],[-97.7370617,30.2729952]]]},"properties":{"k":"patharea","u":"footway","s":"paving"}},{"type":"Feature","geometry":{"type":"Polygon","coordinates":[[[-97.7359771,30.2727433],[-97.7359804,30.2727329],[-97.7359702,30.2727391],[-97.7359536,30.2727188],[-97.7359151,30.272704],[-97.7358297,30.2726841],[-97.7358344,30.2726814],[-97.7358208,30.2726634],[-97.735804,30.2726728],[-97.7357228,30.2726311],[-97.7356718,30.2726174],[-97.7356741,30.2725954],[-97.7357316,30.2726109],[-97.7357279,30.2726212],[-97.7357343,30.2726119],[-97.7358325,30.2726624],[-97.7359235,30.2726836],[-97.73597,30.2727016],[-97.735988,30.2727235],[-97.7360153,30.2727301],[-97.7360069,30.2727504],[-97.7359771,30.2727433]]]},"properties":{"k":"patharea","u":"footway","s":"paving"}},{"type":"Feature","geometry":{"type":"Polygon","coordinates":[[[-97.7355033,30.2725721],[-97.7351374,30.2724734],[-97.7351129,30.2724739],[-97.7351003,30.2724908],[-97.7350839,30.2725194],[-97.7350485,30.2726537],[-97.7350388,30.2726504],[-97.7350296,30.2726704],[-97.7350431,30.272675],[-97.7350296,30.272725],[-97.7350162,30.272869],[-97.7350186,30.2729463],[-97.735036,30.2730875],[-97.7350507,30.2731544],[-97.7350905,30.2734055],[-97.7350768,30.2734087],[-97.7350832,30.2734295],[-97.7350941,30.273427],[-97.7352277,30.274163],[-97.7352457,30.2742397],[-97.7352529,30.2743221],[-97.7352685,30.274395],[-97.7352837,30.2746119],[-97.7352816,30.2746519],[-97.7352569,30.2746465],[-97.7352587,30.2746121],[-97.7352437,30.2743976],[-97.7352281,30.2743249],[-97.7352209,30.2742427],[-97.7352031,30.2741668],[-97.7350676,30.2734207],[-97.7350261,30.2731578],[-97.7350112,30.2730905],[-97.7349936,30.2729479],[-97.7349912,30.2728684],[-97.7350014,30.2727582],[-97.7350209,30.2727502],[-97.7350103,30.2727308],[-97.7350037,30.2727334],[-97.7350048,30.2727216],[-97.7350599,30.2725132],[-97.7350721,30.2725157],[-97.7350609,30.2725109],[-97.7350787,30.27248],[-97.734917,30.2724292],[-97.7349209,30.2724183],[-97.734909,30.2724151],[-97.7349129,30.2724049],[-97.7348994,30.272401],[-97.7349472,30.272184],[-97.7349719,30.2721873],[-97.7349232,30.2724082],[-97.7350896,30.2724605],[-97.7350859,30.2724712],[-97.735093,30.272473],[-97.7350893,30.2724833],[-97.7350941,30.2724846],[-97.7350978,30.2724743],[-97.7351097,30.2724774],[-97.7351186,30.2724523],[-97.7351412,30.2724518],[-97.7355107,30.2725515],[-97.735507,30.2725618],[-97.7355107,30.2725515],[-97.7356497,30.2725889],[-97.7356474,30.2726108],[-97.7355033,30.2725721]]]},"properties":{"k":"patharea","u":"footway","s":"paving"}},{"type":"Feature","geometry":{"type":"Polygon","coordinates":[[[-97.735256,30.2749472],[-97.7352031,30.2751438],[-97.7351521,30.2752354],[-97.7351255,30.2753227],[-97.7350504,30.2755315],[-97.7351488,30.2755639],[-97.7351403,30.2755842],[-97.7350431,30.2755522],[-97.7350469,30.2755411],[-97.735035,30.275538],[-97.7350386,30.2755277],[-97.7350268,30.2755246],[-97.7351015,30.2753167],[-97.7351285,30.275228],[-97.7351795,30.2751366],[-97.7352312,30.274944],[-97.7352531,30.2747012],[-97.7352776,30.2747067],[-97.735256,30.2749472]]]},"properties":{"k":"patharea","u":"footway","s":"paving"}},{"type":"Feature","geometry":{"type":"Polygon","coordinates":[[[-97.7364336,30.2725857],[-97.7357994,30.2724207],[-97.7358067,30.2724001],[-97.7364688,30.2725727],[-97.7364612,30.2725933],[-97.7364336,30.2725857]]]},"properties":{"k":"patharea","u":"footway","s":"paving"}},{"type":"Feature","geometry":{"type":"Polygon","coordinates":[[[-97.7394167,30.274429],[-97.7394247,30.2744086],[-97.7395234,30.2744362],[-97.7395158,30.2744568],[-97.7394167,30.274429]]]},"properties":{"k":"patharea","u":"footway","s":"paving"}},{"type":"Feature","geometry":{"type":"Polygon","coordinates":[[[-97.7394634,30.2745746],[-97.7394605,30.2745618],[-97.7393979,30.2745445],[-97.7394055,30.2745239],[-97.7394611,30.2745393],[-97.7394651,30.2745287],[-97.7394889,30.2745353],[-97.7394849,30.2745459],[-97.7394919,30.2745478],[-97.7394865,30.2745623],[-97.7395238,30.2745726],[-97.739476,30.2747012],[-97.7394522,30.2746946],[-97.7394924,30.2745866],[-97.7394686,30.27458],[-97.7394634,30.2745746]]]},"properties":{"k":"patharea","u":"footway","s":"paving"}},{"type":"Feature","geometry":{"type":"Polygon","coordinates":[[[-97.7372448,30.2751309],[-97.7371368,30.2751008],[-97.7371444,30.2750802],[-97.7372524,30.2751103],[-97.7372448,30.2751309]]]},"properties":{"k":"patharea","u":"footway","s":"paving"}},{"type":"Feature","geometry":{"type":"Polygon","coordinates":[[[-97.7390395,30.2753058],[-97.7390514,30.2753092],[-97.7390474,30.2753194],[-97.7390593,30.2753229],[-97.7390365,30.2753824],[-97.7388233,30.275322],[-97.7388271,30.2753117],[-97.7388152,30.2753084],[-97.7388191,30.2752982],[-97.7390207,30.2753552],[-97.7390395,30.2753058]]]},"properties":{"k":"patharea","u":"footway","s":"paving"}},{"type":"Feature","geometry":{"type":"Polygon","coordinates":[[[-97.7395481,30.2761295],[-97.7395443,30.2761397],[-97.7395562,30.276143],[-97.7395524,30.2761533],[-97.7391488,30.2760421],[-97.739155,30.2760213],[-97.7391439,30.2760181],[-97.7395481,30.2761295]]]},"properties":{"k":"patharea","u":"footway","s":"paving"}},{"type":"Feature","geometry":{"type":"Polygon","coordinates":[[[-97.7353759,30.271015],[-97.7353781,30.2710256],[-97.735366,30.2710228],[-97.73536,30.2710394],[-97.7352931,30.2710227],[-97.7353001,30.2710019],[-97.7353614,30.2710172],[-97.7353759,30.271015]]]},"properties":{"k":"patharea","u":"footway","s":"paving"}},{"type":"Feature","geometry":{"type":"Polygon","coordinates":[[[-97.7351427,30.2711578],[-97.7351384,30.2711679],[-97.735143,30.2711579],[-97.7353062,30.2712142],[-97.7353016,30.2712289],[-97.7353137,30.2712317],[-97.73531,30.271242],[-97.7353246,30.271246],[-97.7352514,30.2714415],[-97.735234,30.271418],[-97.73525,30.2713753],[-97.7352619,30.2713786],[-97.7352501,30.2713752],[-97.7352916,30.2712676],[-97.7353006,30.2712368],[-97.7351339,30.271178],[-97.734925,30.2711119],[-97.7348313,30.2710872],[-97.7348353,30.2710772],[-97.7348117,30.2710702],[-97.7348076,30.2710805],[-97.734749,30.2710636],[-97.7347573,30.2710432],[-97.7349326,30.2710914],[-97.734929,30.2711017],[-97.7349333,30.2710916],[-97.7351427,30.2711578]]]},"properties":{"k":"patharea","u":"footway","s":"paving"}},{"type":"Feature","geometry":{"type":"Polygon","coordinates":[[[-97.7352232,30.2715166],[-97.7351612,30.2716877],[-97.7351456,30.271708],[-97.7351282,30.2717711],[-97.7351044,30.2717646],[-97.7351123,30.2717367],[-97.7351236,30.2717396],[-97.7351306,30.2717188],[-97.7351179,30.2717157],[-97.7351222,30.2716994],[-97.7351384,30.2716783],[-97.7351922,30.2715299],[-97.735204,30.2715332],[-97.7352116,30.2715126],[-97.7352053,30.2715109],[-97.7352223,30.2714582],[-97.7351953,30.2714517],[-97.7352063,30.2714143],[-97.7352184,30.271417],[-97.7352079,30.2714228],[-97.7352234,30.2714437],[-97.73522,30.2714552],[-97.735224,30.2714446],[-97.7352414,30.2714681],[-97.7352232,30.2715166]]]},"properties":{"k":"patharea","u":"footway","s":"paving"}},{"type":"Feature","geometry":{"type":"Polygon","coordinates":[[[-97.7350501,30.2719894],[-97.7349952,30.2721401],[-97.7349833,30.2721368],[-97.7349936,30.2721428],[-97.7349847,30.2721542],[-97.734965,30.2721489],[-97.7349613,30.2721592],[-97.7349642,30.2721487],[-97.734958,30.2721474],[-97.734972,30.272132],[-97.735089,30.2718075],[-97.7351128,30.271814],[-97.7350501,30.2719894]]]},"properties":{"k":"patharea","u":"footway","s":"paving"}},{"type":"Feature","geometry":{"type":"Polygon","coordinates":[[[-97.7346661,30.2710349],[-97.7346424,30.27101],[-97.7344558,30.2709587],[-97.7344325,30.2709595],[-97.7344399,30.2709851],[-97.7342475,30.2715525],[-97.7341683,30.2717691],[-97.7341441,30.2717962],[-97.7341213,30.2718292],[-97.73409,30.2719175],[-97.7340785,30.2719142],[-97.7340745,30.2719244],[-97.7340626,30.2719212],[-97.7340721,30.2718944],[-97.7340833,30.2718979],[-97.7340917,30.2718775],[-97.7340794,30.2718738],[-97.7340983,30.2718204],[-97.7341235,30.271784],[-97.7341459,30.2717589],[-97.7342237,30.2715463],[-97.7344141,30.2709847],[-97.7344045,30.2709519],[-97.7344166,30.2709493],[-97.7344161,30.2709385],[-97.7344592,30.2709369],[-97.734657,30.2709914],[-97.7346813,30.2710169],[-97.734709,30.2710265],[-97.7347007,30.2710468],[-97.7346661,30.2710349]]]},"properties":{"k":"patharea","u":"footway","s":"paving"}},{"type":"Feature","geometry":{"type":"Polygon","coordinates":[[[-97.7331702,30.2711493],[-97.733194,30.2711559],[-97.7331902,30.2711699],[-97.7330514,30.2715908],[-97.7330423,30.2715868],[-97.7330366,30.2715964],[-97.7330249,30.2715924],[-97.7331702,30.2711493]]]},"properties":{"k":"patharea","u":"footway","s":"paving"}},{"type":"Feature","geometry":{"type":"Polygon","coordinates":[[[-97.7331837,30.2711001],[-97.7332022,30.2710591],[-97.7333518,30.270683],[-97.7333754,30.2706898],[-97.733206,30.271112],[-97.7331822,30.2711055],[-97.7331837,30.2711001]]]},"properties":{"k":"patharea","u":"footway","s":"paving"}},{"type":"Feature","geometry":{"type":"Polygon","coordinates":[[[-97.7354117,30.271247],[-97.7355247,30.2712767],[-97.7355207,30.2712863],[-97.7355306,30.2712895],[-97.7355175,30.2712974],[-97.7354043,30.2712676],[-97.7353473,30.2712521],[-97.7353547,30.2712315],[-97.7354117,30.271247]]]},"properties":{"k":"patharea","u":"footway","s":"paving"}},{"type":"Feature","geometry":{"type":"Polygon","coordinates":[[[-97.7351193,30.2713555],[-97.7351055,30.2713375],[-97.7351157,30.2713314],[-97.7351299,30.2713492],[-97.7351193,30.2713555]]]},"properties":{"k":"patharea","u":"footway","s":"paving"}},{"type":"Feature","geometry":{"type":"Polygon","coordinates":[[[-97.7340266,30.2715049],[-97.7339057,30.2718263],[-97.7338936,30.2718231],[-97.7338899,30.2718334],[-97.7338781,30.27183],[-97.7339398,30.2716679],[-97.7339514,30.2716714],[-97.7339596,30.271651],[-97.7339476,30.2716475],[-97.7340081,30.2714826],[-97.7340319,30.2714893],[-97.7340266,30.2715049]]]},"properties":{"k":"patharea","u":"footway","s":"paving"}},{"type":"Feature","geometry":{"type":"Polygon","coordinates":[[[-97.7340396,30.2713986],[-97.7340633,30.2714054],[-97.734046,30.271446],[-97.7340357,30.2714429],[-97.7340273,30.2714642],[-97.7340349,30.2714427],[-97.7340222,30.2714394],[-97.7340396,30.2713986]]]},"properties":{"k":"patharea","u":"footway","s":"paving"}},{"type":"Feature","geometry":{"type":"Polygon","coordinates":[[[-97.7366853,30.2716625],[-97.7366615,30.2716559],[-97.7366684,30.2716389],[-97.736692,30.2716458],[-97.7366853,30.2716625]]]},"properties":{"k":"patharea","u":"footway","s":"paving"}},{"type":"Feature","geometry":{"type":"Polygon","coordinates":[[[-97.7352465,30.2720826],[-97.7352006,30.2722195],[-97.7352026,30.2722227],[-97.7352121,30.2722284],[-97.7354203,30.2722917],[-97.7354134,30.2723125],[-97.7352007,30.2722478],[-97.7351926,30.272243],[-97.7351992,30.2722238],[-97.7351752,30.2722178],[-97.7351718,30.2722278],[-97.7349877,30.2721776],[-97.7349948,30.272157],[-97.7351787,30.2722071],[-97.7352227,30.2720762],[-97.7353803,30.2716555],[-97.7353891,30.2716673],[-97.7353761,30.2717043],[-97.7353872,30.2717072],[-97.7353789,30.2717054],[-97.7353724,30.2717263],[-97.735367,30.2717249],[-97.7353602,30.2717457],[-97.7353717,30.2717485],[-97.7352465,30.2720826]]]},"properties":{"k":"patharea","u":"footway","s":"paving"}},{"type":"Feature","geometry":{"type":"Polygon","coordinates":[[[-97.7355195,30.2723205],[-97.7355115,30.2723409],[-97.7354629,30.2723265],[-97.7354698,30.2723057],[-97.7355195,30.2723205]]]},"properties":{"k":"patharea","u":"footway","s":"paving"}},{"type":"Feature","geometry":{"type":"Polygon","coordinates":[[[-97.7354098,30.2715764],[-97.7354336,30.271583],[-97.7354077,30.2716524],[-97.7353902,30.2716289],[-97.7354098,30.2715764]]]},"properties":{"k":"patharea","u":"footway","s":"paving"}},{"type":"Feature","geometry":{"type":"Polygon","coordinates":[[[-97.7332446,30.2719361],[-97.7337855,30.2720806],[-97.7337819,30.2720912],[-97.7338059,30.2720972],[-97.7338074,30.2720928],[-97.7338217,30.272114],[-97.733816,30.2721131],[-97.7338116,30.2721343],[-97.7338225,30.272136],[-97.7336642,30.2725788],[-97.7336404,30.2725719],[-97.7338003,30.272125],[-97.7337855,30.2721032],[-97.7332376,30.2719569],[-97.7331491,30.2719364],[-97.7330756,30.2719307],[-97.7329969,30.2719307],[-97.7329439,30.2719393],[-97.7329175,30.2719528],[-97.7328852,30.27198],[-97.7328653,30.2719669],[-97.7328626,30.2719703],[-97.7328668,30.2719592],[-97.7328723,30.2719607],[-97.7328752,30.2719583],[-97.7328767,30.2719641],[-97.7329011,30.2719595],[-97.7328992,30.271952],[-97.7329054,30.271934],[-97.7329349,30.2719189],[-97.7329945,30.2719091],[-97.7330768,30.2719091],[-97.7331535,30.271915],[-97.7332446,30.2719361]]]},"properties":{"k":"patharea","u":"footway","s":"paving"}},{"type":"Feature","geometry":{"type":"Polygon","coordinates":[[[-97.7336514,30.272625],[-97.7336217,30.2726937],[-97.7334812,30.2730621],[-97.7334576,30.2730549],[-97.7335981,30.2726865],[-97.7336282,30.2726158],[-97.733652,30.2726227],[-97.7336514,30.272625]]]},"properties":{"k":"patharea","u":"footway","s":"paving"}},{"type":"Feature","geometry":{"type":"Polygon","coordinates":[[[-97.7338314,30.2726124],[-97.733832,30.2726269],[-97.7338068,30.2726201],[-97.7338064,30.2726096],[-97.7339619,30.2721623],[-97.7339583,30.2721726],[-97.73397,30.2721756],[-97.7339761,30.2721579],[-97.7339979,30.272164],[-97.7340019,30.2721533],[-97.7342646,30.2722161],[-97.7342581,30.2722369],[-97.7339869,30.2721721],[-97.7339839,30.2721732],[-97.7338314,30.2726124]]]},"properties":{"k":"patharea","u":"footway","s":"paving"}},{"type":"Feature","geometry":{"type":"Polygon","coordinates":[[[-97.7338338,30.2726763],[-97.7338145,30.2727327],[-97.7337978,30.2727521],[-97.7337725,30.2727455],[-97.7337919,30.2727229],[-97.7338088,30.2726735],[-97.7338085,30.2726677],[-97.7338338,30.2726745],[-97.7338338,30.2726763]]]},"properties":{"k":"patharea","u":"footway","s":"paving"}},{"type":"Feature","geometry":{"type":"Polygon","coordinates":[[[-97.7337596,30.2727967],[-97.733834,30.2728169],[-97.733826,30.2728373],[-97.7337439,30.272815],[-97.7337348,30.2728243],[-97.7337204,30.2728602],[-97.7337086,30.2728567],[-97.7336984,30.2728821],[-97.7337102,30.2728857],[-97.7336192,30.2731132],[-97.7335955,30.2731065],[-97.7337128,30.2728133],[-97.7337397,30.2727837],[-97.733765,30.2727905],[-97.7337596,30.2727967]]]},"properties":{"k":"patharea","u":"footway","s":"paving"}},{"type":"Feature","geometry":{"type":"Polygon","coordinates":[[[-97.7342735,30.2729369],[-97.7345907,30.2730249],[-97.7345869,30.2730352],[-97.7345751,30.2730316],[-97.7345709,30.2730421],[-97.7338756,30.2728509],[-97.7338836,30.2728305],[-97.7342735,30.2729369]]]},"properties":{"k":"patharea","u":"footway","s":"paving"}},{"type":"Feature","geometry":{"type":"Polygon","coordinates":[[[-97.7364278,30.2734549],[-97.7364182,30.2734248],[-97.7364258,30.2734214],[-97.7364281,30.2734268],[-97.7364378,30.2734339],[-97.7364913,30.2734344],[-97.7365202,30.2734412],[-97.7365432,30.2734599],[-97.7365578,30.2734756],[-97.7365684,30.2734784],[-97.7365798,30.2734735],[-97.7366083,30.2734126],[-97.736632,30.273375],[-97.7366408,30.2733471],[-97.7366503,30.2732972],[-97.7366791,30.2733023],[-97.7366884,30.2733557],[-97.7366775,30.2733811],[-97.7366771,30.2733902],[-97.7366828,30.273391],[-97.7366966,30.2733857],[-97.7367152,30.2733612],[-97.7367305,30.2733305],[-97.7367299,30.2733043],[-97.7367177,30.2732842],[-97.7366981,30.2732733],[-97.73669,30.2732441],[-97.7367071,30.2732038],[-97.7366997,30.2731797],[-97.7366997,30.2731661],[-97.7367103,30.273147],[-97.7367105,30.2731292],[-97.7366917,30.2731283],[-97.7366757,30.2731249],[-97.7366657,30.2731074],[-97.736648,30.2730871],[-97.7366274,30.2730682],[-97.7366131,30.2730609],[-97.7365996,30.2730636],[-97.736589,30.2730436],[-97.7366171,30.2730379],[-97.7366432,30.2730512],[-97.7366672,30.2730731],[-97.7366871,30.273096],[-97.7366929,30.2731063],[-97.7367199,30.2731071],[-97.7367339,30.2731188],[-97.7367369,30.2731363],[-97.7367345,30.273153],[-97.7367247,30.2731709],[-97.7367327,30.2732056],[-97.7367162,30.2732457],[-97.7367201,30.2732599],[-97.7367367,30.2732692],[-97.7367547,30.2732987],[-97.7367555,30.2733347],[-97.7367372,30.2733714],[-97.7367134,30.2734029],[-97.7366862,30.2734132],[-97.7366515,30.2734084],[-97.7366523,30.273388],[-97.7366309,30.2734218],[-97.7365994,30.2734891],[-97.7365708,30.2735014],[-97.7365432,30.2734944],[-97.7365248,30.2734745],[-97.7365076,30.2734606],[-97.7364883,30.273456],[-97.7364278,30.2734549]]]},"properties":{"k":"patharea","u":"footway","s":"paving"}},{"type":"Feature","geometry":{"type":"Polygon","coordinates":[[[-97.7365671,30.2730716],[-97.7365551,30.273081],[-97.7365485,30.2730995],[-97.7365342,30.2731258],[-97.7365137,30.2731134],[-97.7365251,30.2730919],[-97.7365333,30.273069],[-97.7365543,30.2730526],[-97.7365647,30.2730496],[-97.7365752,30.2730693],[-97.7365671,30.2730716]]]},"properties":{"k":"patharea","u":"footway","s":"paving"}},{"type":"Feature","geometry":{"type":"Polygon","coordinates":[[[-97.7364913,30.2731516],[-97.7364636,30.2731514],[-97.7364477,30.2731568],[-97.7364397,30.2731689],[-97.7364465,30.2731781],[-97.7364714,30.2731948],[-97.7364833,30.2732238],[-97.7364491,30.2732463],[-97.7364121,30.2732566],[-97.7364207,30.2732715],[-97.7364317,30.2733312],[-97.7364263,30.2733511],[-97.7364309,30.2733312],[-97.7364197,30.2732719],[-97.7363965,30.2732317],[-97.7364062,30.2732356],[-97.7364373,30.2732269],[-97.7364537,30.2732162],[-97.7364504,30.273208],[-97.7364277,30.2731929],[-97.7364105,30.2731695],[-97.7364303,30.2731396],[-97.736459,30.2731298],[-97.7364859,30.27313],[-97.7364929,30.2731271],[-97.7365165,30.2731414],[-97.7364913,30.2731516]]]},"properties":{"k":"patharea","u":"footway","s":"paving"}},{"type":"Feature","geometry":{"type":"Polygon","coordinates":[[[-97.7356611,30.27425],[-97.7355898,30.2742206],[-97.7355851,30.274218],[-97.7355849,30.2742124],[-97.7355755,30.2742127],[-97.735551,30.2741992],[-97.7355082,30.2741697],[-97.7354498,30.2741033],[-97.7354286,30.2740622],[-97.735412,30.2740196],[-97.7354041,30.2739689],[-97.7354084,30.2739059],[-97.7354282,30.2738547],[-97.7354548,30.2738072],[-97.7355032,30.2737534],[-97.7355437,30.2737212],[-97.7355954,30.2736868],[-97.7356601,30.2736601],[-97.7357472,30.2736391],[-97.7358419,30.2736377],[-97.7359324,30.2736522],[-97.7360322,30.2736833],[-97.7360557,30.2736991],[-97.736048,30.2737049],[-97.7360562,30.273713],[-97.7360474,30.2737054],[-97.7360374,30.273714],[-97.73602,30.2737025],[-97.7359258,30.273673],[-97.7358399,30.2736593],[-97.7357508,30.2736607],[-97.7356689,30.2736803],[-97.7356086,30.2737052],[-97.7355597,30.2737378],[-97.7355216,30.273768],[-97.7354762,30.2738186],[-97.7354514,30.2738629],[-97.7354332,30.2739101],[-97.7354291,30.2739681],[-97.7354364,30.2740146],[-97.7354518,30.2740544],[-97.7354714,30.2740923],[-97.7355262,30.2741545],[-97.7355656,30.2741816],[-97.735602,30.2742018],[-97.7357145,30.2742484],[-97.7357088,30.2742574],[-97.7357306,30.2742678],[-97.735736,30.2742595],[-97.7357632,30.2742765],[-97.7358148,30.2743246],[-97.7358292,30.2743964],[-97.7358283,30.2744706],[-97.7358213,30.2745127],[-97.735807,30.2745126],[-97.7358068,30.2745342],[-97.7358177,30.2745342],[-97.7357949,30.274628],[-97.7357562,30.2747],[-97.7357402,30.2746786],[-97.7357711,30.274621],[-97.7357909,30.2745437],[-97.7358033,30.274469],[-97.7358042,30.2743982],[-97.7357914,30.2743346],[-97.7357466,30.2742927],[-97.7357133,30.2742719],[-97.7356611,30.27425]]]},"properties":{"k":"patharea","u":"footway","s":"paving"}},{"type":"Feature","geometry":{"type":"Polygon","coordinates":[[[-97.7360999,30.2737285],[-97.7361712,30.2737921],[-97.7361999,30.2738144],[-97.7362613,30.2738369],[-97.7363137,30.2738416],[-97.7363815,30.2738361],[-97.7364416,30.2738102],[-97.7365034,30.2737438],[-97.7365159,30.2737201],[-97.7365211,30.2736936],[-97.7365239,30.27364],[-97.7364977,30.2735865],[-97.7364559,30.2735373],[-97.7363963,30.2735011],[-97.7363354,30.2734846],[-97.7362963,30.2734826],[-97.7362966,30.2734781],[-97.7363315,30.2734628],[-97.73634,30.2734632],[-97.7364075,30.2734815],[-97.7364629,30.2735282],[-97.7364855,30.2735356],[-97.7365195,30.2735757],[-97.7365491,30.2736362],[-97.7365461,30.2736927],[-97.736545,30.2736905],[-97.736522,30.2736989],[-97.7365377,30.2737307],[-97.7365248,30.2737552],[-97.7364576,30.2738274],[-97.7363885,30.2738571],[-97.7363301,30.2738619],[-97.7363103,30.2738439],[-97.7362921,30.2738587],[-97.7362953,30.2738616],[-97.7362551,30.2738581],[-97.7361863,30.2738328],[-97.7361538,30.2738077],[-97.7360833,30.2737447],[-97.7360573,30.2737273],[-97.7360759,30.2737125],[-97.7360999,30.2737285]]]},"properties":{"k":"patharea","u":"footway","s":"paving"}},{"type":"Feature","geometry":{"type":"Polygon","coordinates":[[[-97.7362409,30.2734797],[-97.7361773,30.2734682],[-97.7361199,30.2734399],[-97.7361261,30.2734305],[-97.7361352,30.2734231],[-97.7361339,30.2734219],[-97.7361863,30.2734478],[-97.7362443,30.2734583],[-97.7362821,30.2734603],[-97.736279,30.2734616],[-97.7362847,30.2734712],[-97.7362723,30.2734704],[-97.7362713,30.2734813],[-97.7362409,30.2734797]]]},"properties":{"k":"patharea","u":"footway","s":"paving"}},{"type":"Feature","geometry":{"type":"Polygon","coordinates":[[[-97.7348546,30.2735363],[-97.7347992,30.2732769],[-97.7347787,30.2732713],[-97.7347879,30.2732512],[-97.734821,30.2732603],[-97.7348865,30.2735669],[-97.7350002,30.2741771],[-97.7350342,30.2743881],[-97.7350622,30.2745916],[-97.7350612,30.2746917],[-97.735055,30.2747975],[-97.7350239,30.2749691],[-97.7349942,30.275047],[-97.7349823,30.2750436],[-97.7349941,30.2750471],[-97.734983,30.2750748],[-97.7349589,30.275069],[-97.7349995,30.2749641],[-97.7350302,30.2747953],[-97.7350365,30.27466],[-97.7350491,30.27466],[-97.7350491,30.2746384],[-97.7350367,30.2746385],[-97.7350372,30.2745928],[-97.7350094,30.2743909],[-97.7349756,30.2741803],[-97.7348644,30.2735839],[-97.734879,30.2735787],[-97.7348694,30.2735587],[-97.7348601,30.2735621],[-97.7348546,30.2735363]]]},"properties":{"k":"patharea","u":"footway","s":"paving"}},{"type":"Feature","geometry":{"type":"Polygon","coordinates":[[[-97.7349509,30.2751625],[-97.7349271,30.2751561],[-97.7349428,30.2751118],[-97.7349668,30.2751176],[-97.7349509,30.2751625]]]},"properties":{"k":"patharea","u":"footway","s":"paving"}},{"type":"Feature","geometry":{"type":"Polygon","coordinates":[[[-97.7359042,30.2749352],[-97.735884,30.2749478],[-97.7358595,30.2749185],[-97.7358772,30.2749075],[-97.73588,30.274909],[-97.7358811,30.2749075],[-97.7358799,30.2749121],[-97.7358876,30.2749153],[-97.7359042,30.2749352]]]},"properties":{"k":"patharea","u":"footway","s":"paving"}},{"type":"Feature","geometry":{"type":"Polygon","coordinates":[[[-97.7328673,30.2754008],[-97.7329541,30.2754251],[-97.7329186,30.2755155],[-97.7329416,30.275522],[-97.7329339,30.2755425],[-97.7328868,30.2755291],[-97.7329223,30.2754389],[-97.7328363,30.2754148],[-97.7328938,30.275253],[-97.7329057,30.2752562],[-97.7329019,30.2752665],[-97.7329139,30.2752698],[-97.7328673,30.2754008]]]},"properties":{"k":"patharea","u":"footway","s":"paving"}},{"type":"Feature","geometry":{"type":"Polygon","coordinates":[[[-97.7332893,30.2756631],[-97.7333089,30.275669],[-97.733301,30.2756895],[-97.7332581,30.2756767],[-97.7332724,30.2756376],[-97.7329527,30.2755478],[-97.7329604,30.2755272],[-97.7333036,30.2756238],[-97.7332893,30.2756631]]]},"properties":{"k":"patharea","u":"footway","s":"paving"}},{"type":"Feature","geometry":{"type":"Polygon","coordinates":[[[-97.7333267,30.275674],[-97.7334776,30.2757181],[-97.7334697,30.2757385],[-97.7334554,30.2757343],[-97.733417,30.2758402],[-97.7334302,30.2758437],[-97.7334225,30.2758642],[-97.7333858,30.2758544],[-97.7334317,30.2757273],[-97.7333189,30.2756945],[-97.7333267,30.275674]]]},"properties":{"k":"patharea","u":"footway","s":"paving"}},{"type":"Feature","geometry":{"type":"Polygon","coordinates":[[[-97.7346161,30.2757243],[-97.734624,30.2757038],[-97.7346437,30.2757089],[-97.7346364,30.2757295],[-97.7346161,30.2757243]]]},"properties":{"k":"patharea","u":"footway","s":"paving"}},{"type":"Feature","geometry":{"type":"Polygon","coordinates":[[[-97.733485,30.2757429],[-97.7334927,30.2757224],[-97.7336295,30.2757596],[-97.7336219,30.2757802],[-97.733485,30.2757429]]]},"properties":{"k":"patharea","u":"footway","s":"paving"}},{"type":"Feature","geometry":{"type":"Polygon","coordinates":[[[-97.7334313,30.2758668],[-97.7334391,30.2758463],[-97.7335832,30.275886],[-97.7335756,30.2759066],[-97.7334313,30.2758668]]]},"properties":{"k":"patharea","u":"footway","s":"paving"}},{"type":"Feature","geometry":{"type":"Polygon","coordinates":[[[-97.7360795,30.2761467],[-97.7361032,30.2761535],[-97.7360816,30.2762122],[-97.7360578,30.2762056],[-97.7360795,30.2761467]]]},"properties":{"k":"patharea","u":"footway","s":"paving"}}]}