{"type":"FeatureCollection","features":[{"type":"Feature","geometry":{"type":"Polygon","coordinates":[[[-97.7402209,30.2744828],[-97.7402494,30.2744063],[-97.7402435,30.2744047],[-97.7402809,30.2743041],[-97.7404644,30.274355],[-97.7406487,30.2744061],[-97.7406113,30.2745067],[-97.7406041,30.2745047],[-97.7405756,30.2745812],[-97.7406302,30.2745963],[-97.7407117,30.2746189],[-97.7407139,30.2746131],[-97.7408654,30.2746551],[-97.7408632,30.2746609],[-97.7409508,30.2746852],[-97.7409824,30.2746004],[-97.7410545,30.2746204],[-97.7410579,30.2746113],[-97.7411457,30.2746356],[-97.7411423,30.2746447],[-97.7412175,30.2746656],[-97.7411755,30.2747785],[-97.7412185,30.2747904],[-97.7411755,30.2749059],[-97.7411347,30.2750157],[-97.7410918,30.2750037],[-97.7410475,30.2751229],[-97.7409722,30.2751021],[-97.740969,30.2751108],[-97.7408813,30.2750865],[-97.7408845,30.2750778],[-97.7408123,30.2750578],[-97.7408452,30.2749694],[-97.7407576,30.2749451],[-97.7407547,30.2749529],[-97.7406031,30.2749109],[-97.7406061,30.2749031],[-97.7405239,30.2748803],[-97.7404287,30.2748539],[-97.7404174,30.2748843],[-97.740495,30.2749058],[-97.7404708,30.2749709],[-97.7404794,30.2749732],[-97.740441,30.2750764],[-97.7404325,30.275074],[-97.7404081,30.2751396],[-97.7402858,30.2751057],[-97.7402816,30.2751171],[-97.7402692,30.2751504],[-97.7401785,30.2751253],[-97.7400879,30.2751002],[-97.7401004,30.2750664],[-97.7401045,30.2750555],[-97.7399819,30.2750215],[-97.7400063,30.2749558],[-97.7399981,30.2749536],[-97.7400365,30.2748504],[-97.7400446,30.2748527],[-97.7400688,30.2747876],[-97.7401442,30.2748085],[-97.7401555,30.2747781],[-97.7400517,30.2747493],[-97.7399793,30.2747293],[-97.7399763,30.2747371],[-97.7398248,30.2746951],[-97.7398277,30.2746872],[-97.7397401,30.2746629],[-97.7397073,30.2747513],[-97.7396351,30.2747313],[-97.7396318,30.2747401],[-97.7395441,30.2747157],[-97.7395474,30.274707],[-97.7394721,30.2746861],[-97.7395165,30.2745669],[-97.7394788,30.2745565],[-97.7395196,30.2744465],[-97.7395625,30.2743313],[-97.7396002,30.2743417],[-97.7396422,30.2742288],[-97.7397174,30.2742496],[-97.7397208,30.2742405],[-97.7398085,30.2742648],[-97.7398051,30.274274],[-97.7398773,30.274294],[-97.7398457,30.2743788],[-97.7399334,30.2744031],[-97.7399355,30.2743973],[-97.7400871,30.2744393],[-97.7400849,30.2744451],[-97.7401585,30.2744655],[-97.7402209,30.2744828]]]},"properties":{"id":"osm:w25758443","name":"Texas State Capitol","num_floors":null,"building_class":"public","final_height":35.0,"source_height":"osm_height","wd":"#bd8477","wg":"#c88b75","wn":"#1f1b23","rd":"#a8ab9d","rg":"#bbad92","rn":"#262932","has_parts":1}},{"type":"Feature","geometry":{"type":"Polygon","coordinates":[[[-97.7387221,30.2735984],[-97.7385182,30.2735368],[-97.7384451,30.2737279],[-97.7383011,30.2736842],[-97.7381938,30.2739797],[-97.7383409,30.2740209],[-97.7382682,30.2742128],[-97.7384749,30.2742696],[-97.7387221,30.2735984]]]},"properties":{"id":"osm:w42806372","name":"Lorenzo de Zavala State Archive and Library","num_floors":null,"building_class":null,"final_height":16.0,"source_height":"osm_levels","wd":"#ddd2b8","wg":"#e2cdac","wn":"#23242b","rd":"#9a9483","rg":"#b09b7e","rn":"#1e202a"}},{"type":"Feature","geometry":{"type":"Polygon","coordinates":[[[-97.7392683,30.2765123],[-97.7385398,30.2763046],[-97.7385652,30.276222],[-97.7386352,30.276033],[-97.7386529,30.2760422],[-97.7386995,30.275907],[-97.7389076,30.2759712],[-97.7388623,30.2761004],[-97.7390969,30.2761718],[-97.7393713,30.2762417],[-97.7392683,30.2765123]]]},"properties":{"id":"osm:w42806374","name":"Texas Workforce Commission","num_floors":null,"building_class":null,"final_height":16.0,"source_height":"osm_levels","wd":"#cfc4a8","wg":"#d7c19e","wn":"#212329","rd":"#948e7d","rg":"#ac9679","rn":"#1b1d28"}},{"type":"Feature","geometry":{"type":"Polygon","coordinates":[[[-97.7390163,30.2751137],[-97.7388648,30.2750725],[-97.7386958,30.2750209],[-97.738504,30.2749605],[-97.7385728,30.2747682],[-97.7383962,30.2747192],[-97.7381858,30.275302],[-97.7383537,30.2753569],[-97.73843,30.2751569],[-97.7385596,30.2751974],[-97.7386593,30.2752322],[-97.7389178,30.2753038],[-97.7389577,30.2752713],[-97.7390163,30.2751137]]]},"properties":{"id":"osm:w42806376","name":"Sam Houston Building","num_floors":null,"building_class":null,"final_height":28.8,"source_height":"osm_levels","wd":"#ddd2b8","wg":"#e2cdac","wn":"#23242b","rd":"#9a9483","rg":"#b09b7e","rn":"#1e202a"}},{"type":"Feature","geometry":{"type":"Polygon","coordinates":[[[-97.7382013,30.2759367],[-97.7375933,30.2757556],[-97.7374935,30.276024],[-97.7380299,30.2761752],[-97.7381055,30.2761944],[-97.7381384,30.2761092],[-97.7382013,30.2759367]]]},"properties":{"id":"osm:w42806377","name":"Texas Workforce Commission Annex","num_floors":null,"building_class":"public","final_height":10.8,"source_height":"osm_levels","wd":"#cfc4a8","wg":"#d7c19e","wn":"#212329","rd":"#948e7d","rg":"#ac9679","rn":"#1b1d28"}},{"type":"Feature","geometry":{"type":"Polygon","coordinates":[[[-97.7394319,30.2725435],[-97.7392409,30.2724901],[-97.7391403,30.2727482],[-97.7393064,30.2727949],[-97.7393378,30.2728037],[-97.7394319,30.2725435]]]},"properties":{"id":"osm:w42806381","name":"Capitol Complex Visitor Center","num_floors":null,"building_class":null,"final_height":7.5,"source_height":"default_by_area","wd":"#c4ac8b","wg":"#cdad86","wn":"#202026","rd":"#8f6a52","rg":"#a87a57","rn":"#12131e"}},{"type":"Feature","geometry":{"type":"Polygon","coordinates":[[[-97.7388335,30.2730999],[-97.7385697,30.2730264],[-97.7388266,30.2723376],[-97.7390906,30.2724149],[-97.7388335,30.2730999]]]},"properties":{"id":"osm:w42806382","name":"State Insurance Building","num_floors":null,"building_class":"public","final_height":14.4,"source_height":"osm_levels","wd":"#ddd2b8","wg":"#e2cdac","wn":"#23242b","rd":"#9a9483","rg":"#b09b7e","rn":"#1e202a"}},{"type":"Feature","geometry":{"type":"Polygon","coordinates":[[[-97.7375891,30.2741998],[-97.7373077,30.2741198],[-97.7369111,30.274007],[-97.7372372,30.2731249],[-97.7375489,30.2732158],[-97.7379239,30.2733251],[-97.7376974,30.2739167],[-97.7375891,30.2741998]]]},"properties":{"id":"osm:w42806754","name":"Capitol Visitor's Parking Garage","num_floors":null,"building_class":null,"final_height":11.0,"source_height":"default_by_area","wd":"#d2bc94","wg":"#d9ba8d","wn":"#222227","rd":"#7d6a55","rg":"#9a7a5a","rn":"#10121d"}},{"type":"Feature","geometry":{"type":"Polygon","coordinates":[[[-97.7392357,30.2720872],[-97.7393661,30.2717418],[-97.7389764,30.2716321],[-97.738846,30.2719775],[-97.7392357,30.2720872]]]},"properties":{"id":"osm:w42806788","name":"State Insurance Building Annex","num_floors":null,"building_class":"public","final_height":11.0,"source_height":"default_by_area","wd":"#ddd2b8","wg":"#e2cdac","wn":"#23242b","rd":"#9a9483","rg":"#b09b7e","rn":"#1e202a"}},{"type":"Feature","geometry":{"type":"Polygon","coordinates":[[[-97.7396646,30.2721837],[-97.7393054,30.272084],[-97.7394217,30.2717716],[-97.7397809,30.2718713],[-97.7396646,30.2721837]]]},"properties":{"id":"osm:w42806807","name":"James Earl Rudder Building","num_floors":null,"building_class":null,"final_height":12.8,"source_height":"osm_levels","wd":"#ddd2b8","wg":"#e2cdac","wn":"#23242b","rd":"#9a9483","rg":"#b09b7e","rn":"#1e202a"}},{"type":"Feature","geometry":{"type":"Polygon","coordinates":[[[-97.7398209,30.2717455],[-97.7397055,30.2715857],[-97.7395962,30.2714342],[-97.7393251,30.2714032],[-97.7392391,30.2713933],[-97.7390771,30.2713747],[-97.7390973,30.2714011],[-97.7391505,30.2714707],[-97.7391784,30.2715073],[-97.7392233,30.271566],[-97.7393196,30.271692],[-97.7396044,30.2717224],[-97.7398209,30.2717455]]]},"properties":{"id":"osm:w42806812","name":"Thomas Jefferson Rusk Building","num_floors":null,"building_class":"public","final_height":21.6,"source_height":"osm_levels","wd":"#ddd2b8","wg":"#e2cdac","wn":"#23242b","rd":"#9a9483","rg":"#b09b7e","rn":"#1e202a"}},{"type":"Feature","geometry":{"type":"Polygon","coordinates":[[[-97.7404669,30.2720901],[-97.7403499,30.2720574],[-97.7403374,30.2720908],[-97.7401861,30.2720485],[-97.7401976,30.272018],[-97.7400872,30.2719871],[-97.7399898,30.2722472],[-97.7401046,30.2722793],[-97.7401157,30.2722498],[-97.7401907,30.2722707],[-97.7402643,30.2722913],[-97.7402531,30.2723212],[-97.7403682,30.2723534],[-97.7404124,30.2722354],[-97.7404669,30.2720901]]]},"properties":{"id":"osm:w42806887","name":"Dewitt C. Greer Building","num_floors":null,"building_class":null,"final_height":39.0,"source_height":"osm_height","wd":"#cfc4a8","wg":"#d7c19e","wn":"#212329","rd":"#948e7d","rg":"#ac9679","rn":"#1b1d28"}},{"type":"Feature","geometry":{"type":"Polygon","coordinates":[[[-97.7431849,30.271874],[-97.7430681,30.271839],[-97.7430826,30.2718032],[-97.7430817,30.2717857],[-97.7430711,30.2717739],[-97.7430557,30.2717677],[-97.7430415,30.2717686],[-97.7430229,30.2717767],[-97.7430061,30.271806],[-97.7429184,30.2720464],[-97.7429389,30.272052],[-97.7429334,30.2720678],[-97.742932,30.2720814],[-97.7429349,30.2720905],[-97.7430892,30.2721352],[-97.7431562,30.2719413],[-97.7431947,30.2719511],[-97.7432166,30.2718877],[-97.743182,30.2718812],[-97.7431849,30.271874]]]},"properties":{"id":"osm:w42806909","name":"Ernest O. Thompson Building","num_floors":null,"building_class":"public","final_height":39.6,"source_height":"osm_levels","wd":"#cfc4a8","wg":"#d7c19e","wn":"#212329","rd":"#948e7d","rg":"#ac9679","rn":"#1b1d28"}},{"type":"Feature","geometry":{"type":"Polygon","coordinates":[[[-97.7349477,30.2747181],[-97.7347887,30.2746723],[-97.7347954,30.2746555],[-97.7347646,30.274648],[-97.7347572,30.2746642],[-97.734495,30.274593],[-97.7345111,30.2745473],[-97.734432,30.2745253],[-97.7344153,30.2745683],[-97.7344025,30.2745664],[-97.7342958,30.2745353],[-97.7342791,30.2745322],[-97.7342438,30.274625],[-97.7341846,30.2747806],[-97.7340713,30.2750881],[-97.7340189,30.2752207],[-97.7341745,30.2752624],[-97.7341685,30.2752845],[-97.7341987,30.2752926],[-97.7342067,30.2752694],[-97.7345024,30.2753505],[-97.7344971,30.2753736],[-97.7345259,30.2753829],[-97.7345359,30.2753609],[-97.7346884,30.2754033],[-97.7346936,30.2753899],[-97.7347075,30.2753538],[-97.7348062,30.2750829],[-97.7348159,30.275058],[-97.7349477,30.2747181]]]},"properties":{"id":"osm:w92945424","name":null,"num_floors":null,"building_class":null,"final_height":25.6,"source_height":"osm_levels","wd":"#9ea8b5","wg":"#aeaaa9","wn":"#1b1f2b","rd":"#59626d","rg":"#7e746c","rn":"#0e121f"}},{"type":"Feature","geometry":{"type":"Polygon","coordinates":[[[-97.7339802,30.2731715],[-97.7341819,30.2732263],[-97.7342261,30.2732385],[-97.7342516,30.2731626],[-97.7344917,30.2732315],[-97.7345407,30.2730928],[-97.7345554,30.2730514],[-97.7342422,30.2729599],[-97.7342639,30.2728988],[-97.7342858,30.2728372],[-97.7341262,30.2727914],[-97.734103,30.2728554],[-97.7340806,30.2729171],[-97.7338476,30.2728522],[-97.7337601,30.2728279],[-97.7337417,30.2728809],[-97.7336957,30.2730132],[-97.7339298,30.2730763],[-97.733905,30.273151],[-97.7339492,30.2731631],[-97.7339802,30.2731715]]]},"properties":{"id":"osm:w92945469","name":null,"num_floors":null,"building_class":"public","final_height":11.0,"source_height":"default_by_area","wd":"#b2ada1","wg":"#beae98","wn":"#1e2028","rd":"#6e6a60","rg":"#8e7a62","rn":"#0f121e"}},{"type":"Feature","geometry":{"type":"Polygon","coordinates":[[[-97.7357689,30.2754136],[-97.7355576,30.2753537],[-97.7355556,30.2753588],[-97.7354852,30.2755445],[-97.7356966,30.2756043],[-97.7357221,30.2755369],[-97.7357297,30.2755394],[-97.7357376,30.2755257],[-97.7357449,30.2755088],[-97.7357499,30.2754933],[-97.7357526,30.2754774],[-97.7357455,30.2754752],[-97.7357689,30.2754136]]]},"properties":{"id":"osm:w92945530","name":null,"num_floors":null,"building_class":null,"final_height":7.5,"source_height":"default_by_area","wd":"#d3c6ad","wg":"#dac3a2","wn":"#22232a","rd":"#827a69","rg":"#9e8669","rn":"#131520"}},{"type":"Feature","geometry":{"type":"Polygon","coordinates":[[[-97.7334134,30.2726474],[-97.7334275,30.2726513],[-97.7335965,30.2726982],[-97.7335986,30.2726988],[-97.7334927,30.2729834],[-97.733333,30.2729391],[-97.733337,30.2729284],[-97.7332996,30.2729181],[-97.7333493,30.2727844],[-97.7333374,30.2727811],[-97.7333604,30.2727193],[-97.7333842,30.272726],[-97.7334134,30.2726474]]]},"properties":{"id":"osm:w92945562","name":"The Sobering Center","num_floors":null,"building_class":null,"final_height":11.0,"source_height":"default_by_area","wd":"#dcd2be","wg":"#e2cdb1","wn":"#23242c","rd":"#8b8270","rg":"#a58d6f","rn":"#161924"}},{"type":"Feature","geometry":{"type":"Polygon","coordinates":[[[-97.7341738,30.2722795],[-97.7340129,30.2722337],[-97.7339485,30.2724161],[-97.7341048,30.2724625],[-97.7341738,30.2722795]]]},"properties":{"id":"osm:w92975886","name":null,"num_floors":null,"building_class":null,"final_height":7.5,"source_height":"default_by_area","wd":"#e9e4d7","wg":"#eddcc6","wn":"#24262f","rd":"#968d7d","rg":"#ad9579","rn":"#1c1d28"}},{"type":"Feature","geometry":{"type":"Polygon","coordinates":[[[-97.7335514,30.2716204],[-97.7337438,30.2716776],[-97.7337642,30.2716591],[-97.7337906,30.2716473],[-97.73382,30.2716436],[-97.7339298,30.2716722],[-97.7339071,30.2717298],[-97.7338989,30.2717545],[-97.7338818,30.2717754],[-97.7338578,30.2717904],[-97.7338298,30.2717978],[-97.7338006,30.271797],[-97.7337732,30.2717881],[-97.7335145,30.2717146],[-97.7335514,30.2716204]]]},"properties":{"id":"osm:w92975909","name":"Velocity Credit Union","num_floors":null,"building_class":null,"final_height":7.5,"source_height":"default_by_area","wd":"#aab3be","wg":"#b8b3b1","wn":"#1d202c","rd":"#5f6974","rg":"#827972","rn":"#0e121f"}},{"type":"Feature","geometry":{"type":"Polygon","coordinates":[[[-97.7334549,30.2710947],[-97.7333661,30.271071],[-97.7334029,30.2709681],[-97.7333961,30.2709663],[-97.7334181,30.270905],[-97.7335137,30.2709305],[-97.7334549,30.2710947]]]},"properties":{"id":"osm:w92975910","name":"Avis","num_floors":null,"building_class":null,"final_height":7.5,"source_height":"default_by_area","wd":"#d4be97","wg":"#dbbc90","wn":"#222227","rd":"#7f6b56","rg":"#9b7b5a","rn":"#10121d"}},{"type":"Feature","geometry":{"type":"Polygon","coordinates":[[[-97.733231,30.2724578],[-97.7333571,30.2724943],[-97.7333631,30.2724816],[-97.7335415,30.272532],[-97.7335482,30.2725134],[-97.7335844,30.2725239],[-97.7337219,30.2721451],[-97.7334678,30.2720762],[-97.7334188,30.2722216],[-97.733398,30.2722169],[-97.7333712,30.2722853],[-97.7333062,30.2722673],[-97.7332491,30.2724121],[-97.733231,30.2724578]]]},"properties":{"id":"osm:w92975919","name":null,"num_floors":null,"building_class":null,"final_height":11.0,"source_height":"default_by_area","wd":"#a56b4e","wg":"#b37652","wn":"#1c181e","rd":"#593f2a","rg":"#7e5838","rn":"#10111c"}},{"type":"Feature","geometry":{"type":"Polygon","coordinates":[[[-97.7333658,30.2720965],[-97.7331171,30.272027],[-97.7330037,30.2723455],[-97.7332491,30.2724121],[-97.7333062,30.2722673],[-97.7333658,30.2720965]]]},"properties":{"id":"osm:w92975933","name":null,"num_floors":null,"building_class":null,"final_height":11.0,"source_height":"default_by_area","wd":"#9aa5b1","wg":"#aaa7a6","wn":"#1b1f2a","rd":"#57606a","rg":"#7c726a","rn":"#0e121f"}},{"type":"Feature","geometry":{"type":"Polygon","coordinates":[[[-97.7352501,30.2713588],[-97.7352981,30.2712377],[-97.735217,30.2712147],[-97.7351879,30.2712765],[-97.7352362,30.2713435],[-97.7352501,30.2713588]]]},"properties":{"id":"osm:w93073194","name":"1876 Jeremiah Hamilton Building","num_floors":null,"building_class":null,"final_height":4.5,"source_height":"default_by_area","wd":"#a9705a","wg":"#b77b5d","wn":"#1d1820","rd":"#7d6350","rg":"#9a7456","rn":"#10111d"}},{"type":"Feature","geometry":{"type":"Polygon","coordinates":[[[-97.7350154,30.2712289],[-97.7349345,30.2711435],[-97.7348819,30.271182],[-97.7348306,30.2711573],[-97.7348287,30.2712099],[-97.7349167,30.2712989],[-97.7350154,30.2712289]]]},"properties":{"id":"osm:w93073219","name":"Hardeman House","num_floors":null,"building_class":null,"final_height":7.5,"source_height":"default_by_area","wd":"#dad0bb","wg":"#e0cbae","wn":"#23242b","rd":"#89816f","rg":"#a38c6e","rn":"#161823"}},{"type":"Feature","geometry":{"type":"Polygon","coordinates":[[[-97.7351024,30.2715896],[-97.7350998,30.2715969],[-97.7350817,30.2716477],[-97.7349881,30.2716228],[-97.7349849,30.2716318],[-97.734862,30.271599],[-97.7348718,30.2715715],[-97.7348591,30.2714009],[-97.7349088,30.271383],[-97.7350097,30.2715013],[-97.7351269,30.2715325],[-97.7351174,30.2715591],[-97.7351227,30.2715605],[-97.7351114,30.271592],[-97.7351024,30.2715896]]]},"properties":{"id":"osm:w93073233","name":"Waterloo Greenway","num_floors":null,"building_class":null,"final_height":7.5,"source_height":"default_by_area","wd":"#b49979","wg":"#c09d77","wn":"#1e1d24","rd":"#645644","rg":"#866a4c","rn":"#10121d"}},{"type":"Feature","geometry":{"type":"Polygon","coordinates":[[[-97.7380208,30.27635],[-97.737314,30.2761519],[-97.7373589,30.2760164],[-97.7374549,30.2757425],[-97.7375742,30.2754304],[-97.7377463,30.2754812],[-97.737884,30.2755213],[-97.7379344,30.2755351],[-97.7382401,30.2756186],[-97.738299,30.2756321],[-97.7382975,30.2756393],[-97.7384037,30.2756696],[-97.7383715,30.2757547],[-97.7383303,30.2758681],[-97.7383185,30.2759046],[-97.7382193,30.275878],[-97.7382013,30.2759367],[-97.7375933,30.2757556],[-97.7374935,30.276024],[-97.7380299,30.2761752],[-97.7379812,30.2763031],[-97.7380329,30.276317],[-97.7380208,30.27635]]]},"properties":{"id":"osm:w93079533","name":null,"num_floors":null,"building_class":null,"final_height":11.0,"source_height":"default_by_area","wd":"#b6bdac","wg":"#c2bba1","wn":"#1e222a","rd":"#666e5d","rg":"#887d60","rn":"#0f121e"}},{"type":"Feature","geometry":{"type":"Polygon","coordinates":[[[-97.7370378,30.27486],[-97.7369003,30.2748224],[-97.7368863,30.2748583],[-97.7366147,30.2747824],[-97.7365664,30.274915],[-97.7369298,30.2750164],[-97.7369412,30.2749851],[-97.7369862,30.2749978],[-97.7370378,30.27486]]]},"properties":{"id":"osm:w93079541","name":null,"num_floors":null,"building_class":null,"final_height":11.0,"source_height":"default_by_area","wd":"#ceb78b","wg":"#d6b686","wn":"#212126","rd":"#786652","rg":"#967757","rn":"#10121d"}},{"type":"Feature","geometry":{"type":"Polygon","coordinates":[[[-97.7393895,30.2754344],[-97.7393719,30.2754895],[-97.7396722,30.2755726],[-97.7396699,30.2755777],[-97.7397388,30.2755948],[-97.7397596,30.2755317],[-97.7396925,30.2755161],[-97.7396888,30.2755233],[-97.7393895,30.2754344]]]},"properties":{"id":"osm:w93135618","name":null,"num_floors":null,"building_class":null,"final_height":7.5,"source_height":"default_by_area","wd":"#bda588","wg":"#c8a783","wn":"#1f1f25","rd":"#6d5d4a","rg":"#8d7051","rn":"#10121d"}},{"type":"Feature","geometry":{"type":"Polygon","coordinates":[[[-97.7392828,30.2756875],[-97.7392593,30.275746],[-97.7395598,30.2758277],[-97.7395497,30.2758549],[-97.7396415,30.2758803],[-97.7396596,30.27583],[-97.7396764,30.2757831],[-97.7395866,30.2757587],[-97.7395807,30.2757716],[-97.7392828,30.2756875]]]},"properties":{"id":"osm:w93135675","name":null,"num_floors":null,"building_class":null,"final_height":7.5,"source_height":"default_by_area","wd":"#dbd2bd","wg":"#e1cdb0","wn":"#23242c","rd":"#8b8270","rg":"#a58d6f","rn":"#161924"}},{"type":"Feature","geometry":{"type":"Polygon","coordinates":[[[-97.739557,30.2760419],[-97.7394913,30.276024],[-97.7394873,30.2760338],[-97.7391856,30.275944],[-97.7391654,30.2759996],[-97.7394701,30.2760814],[-97.7394672,30.27609],[-97.7395316,30.2761074],[-97.739557,30.2760419]]]},"properties":{"id":"osm:w93135761","name":null,"num_floors":null,"building_class":null,"final_height":7.5,"source_height":"default_by_area","wd":"#d3c7ae","wg":"#dac4a3","wn":"#22232a","rd":"#837b6a","rg":"#9e876a","rn":"#131521"}},{"type":"Feature","geometry":{"type":"Polygon","coordinates":[[[-97.7399662,30.2757715],[-97.7399132,30.2757566],[-97.7400132,30.2754903],[-97.7400662,30.2755051],[-97.7399662,30.2757715]]]},"properties":{"id":"osm:w93135773","name":"Capitol Extention","num_floors":null,"building_class":null,"final_height":2.0,"source_height":"osm_height","wd":"#ddd2b8","wg":"#e2cdac","wn":"#23242b","rd":"#b0a992","rg":"#c1ab89","rn":"#27292f"}},{"type":"Feature","geometry":{"type":"Polygon","coordinates":[[[-97.7438551,30.2719857],[-97.7432923,30.2718242],[-97.7431678,30.2721476],[-97.7437307,30.2723092],[-97.7438551,30.2719857]]]},"properties":{"id":"osm:w112834458","name":"Texas Bankers Association","num_floors":null,"building_class":"shed","final_height":11.0,"source_height":"default_by_area","wd":"#947d62","wg":"#a58563","wn":"#1a1a21","rd":"#625444","rg":"#85694c","rn":"#10121d"}},{"type":"Feature","geometry":{"type":"Polygon","coordinates":[[[-97.7430633,30.2757032],[-97.7428199,30.2756372],[-97.7428401,30.2755874],[-97.7428072,30.2755781],[-97.7429245,30.2752596],[-97.7429802,30.2752764],[-97.7429976,30.2752306],[-97.7432189,30.2752932],[-97.7430633,30.2757032]]]},"properties":{"id":"osm:w112834460","name":null,"num_floors":null,"building_class":null,"final_height":11.0,"source_height":"default_by_area","wd":"#bda689","wg":"#c8a884","wn":"#1f1f25","rd":"#6d5e4a","rg":"#8d7051","rn":"#10121d"}},{"type":"Feature","geometry":{"type":"Polygon","coordinates":[[[-97.7429764,30.2742376],[-97.7429584,30.2742855],[-97.7426763,30.2742064],[-97.7426941,30.2741592],[-97.7426466,30.2741459],[-97.7427372,30.273905],[-97.7427846,30.2739183],[-97.7428012,30.2738743],[-97.7430821,30.2739531],[-97.7430661,30.2739957],[-97.7431185,30.2740104],[-97.743107,30.2740411],[-97.7430903,30.2740854],[-97.7430276,30.274252],[-97.7429764,30.2742376]]]},"properties":{"id":"osm:w112834466","name":"Westgate Tower","num_floors":null,"building_class":null,"final_height":80.0,"source_height":"osm_height","wd":"#d2c6ad","wg":"#d9c3a2","wn":"#22232a","rd":"#827a69","rg":"#9e8669","rn":"#131520"}},{"type":"Feature","geometry":{"type":"Polygon","coordinates":[[[-97.7433168,30.2754275],[-97.7432236,30.2754014],[-97.7432551,30.275314],[-97.7432927,30.2753221],[-97.7433376,30.2753684],[-97.7433168,30.2754275]]]},"properties":{"id":"osm:w112834471","name":null,"num_floors":null,"building_class":null,"final_height":4.5,"source_height":"default_by_area","wd":"#bd8c73","wg":"#c89272","wn":"#1f1c23","rd":"#725136","rg":"#916641","rn":"#10111c"}},{"type":"Feature","geometry":{"type":"Polygon","coordinates":[[[-97.7424002,30.2711454],[-97.7419198,30.2710114],[-97.7418531,30.2711897],[-97.7421255,30.2712657],[-97.7423335,30.2713237],[-97.7424002,30.2711454]]]},"properties":{"id":"osm:w112834472","name":"Curative","num_floors":null,"building_class":null,"final_height":16.0,"source_height":"osm_levels","wd":"#d5c09a","wg":"#dcbe92","wn":"#222227","rd":"#806d57","rg":"#9c7c5b","rn":"#10121d"}},{"type":"Feature","geometry":{"type":"Polygon","coordinates":[[[-97.7438117,30.2753291],[-97.7435428,30.2752572],[-97.7435958,30.2751119],[-97.7437279,30.2751513],[-97.7437359,30.2751304],[-97.7437426,30.2751246],[-97.7437869,30.2749961],[-97.7438653,30.2750175],[-97.7438177,30.2751501],[-97.7438714,30.2751663],[-97.7438117,30.2753291]]]},"properties":{"id":"osm:w112834476","name":null,"num_floors":null,"building_class":"office","final_height":11.0,"source_height":"default_by_area","wd":"#8a99a0","wg":"#9d9d97","wn":"#191d28","rd":"#5f696e","rg":"#82796d","rn":"#0e121f"}},{"type":"Feature","geometry":{"type":"Polygon","coordinates":[[[-97.7420918,30.2756847],[-97.7420381,30.2758224],[-97.7422343,30.275874],[-97.7422972,30.2757419],[-97.7420918,30.2756847]]]},"properties":{"id":"osm:w112834481","name":"Goodman Building","num_floors":null,"building_class":null,"final_height":7.5,"source_height":"default_by_area","wd":"#b0b8c2","wg":"#bdb7b4","wn":"#1e212c","rd":"#616c77","rg":"#847b74","rn":"#0e121f"}},{"type":"Feature","geometry":{"type":"Polygon","coordinates":[[[-97.7428716,30.2762556],[-97.7425833,30.2761711],[-97.7426906,30.2758867],[-97.7427067,30.2758902],[-97.7427248,30.2758925],[-97.7427375,30.2758908],[-97.7427536,30.275881],[-97.7427623,30.2758653],[-97.7427697,30.2758508],[-97.742997,30.2759122],[-97.7428716,30.2762556]]]},"properties":{"id":"osm:w112834484","name":null,"num_floors":null,"building_class":"church","final_height":11.0,"source_height":"default_by_area","wd":"#8d5a47","wg":"#9f684d","wn":"#19161e","rd":"#50443b","rg":"#765c45","rn":"#10111e"}},{"type":"Feature","geometry":{"type":"Polygon","coordinates":[[[-97.7434643,30.2752682],[-97.7434281,30.2752584],[-97.7434362,30.2752358],[-97.7432035,30.2751692],[-97.7431934,30.2751935],[-97.7431586,30.2751825],[-97.7432303,30.274981],[-97.7435448,30.275065],[-97.743524,30.2751246],[-97.743585,30.2751403],[-97.7435448,30.2752503],[-97.7434771,30.2752312],[-97.7434643,30.2752682]]]},"properties":{"id":"osm:w112834489","name":"Texas State Teachers Association","num_floors":null,"building_class":null,"final_height":19.2,"source_height":"osm_levels","wd":"#b6bec7","wg":"#c2bcb8","wn":"#1e222d","rd":"#646f7b","rg":"#867e77","rn":"#0f1320"}},{"type":"Feature","geometry":{"type":"Polygon","coordinates":[[[-97.7419885,30.2760089],[-97.7420656,30.2760257],[-97.7420864,30.2759695],[-97.7422057,30.275997],[-97.7422391,30.2759198],[-97.7420656,30.2758682],[-97.7420529,30.2759053],[-97.7420301,30.2758989],[-97.7419885,30.2760089]]]},"properties":{"id":"osm:w112834492","name":null,"num_floors":null,"building_class":null,"final_height":7.5,"source_height":"default_by_area","wd":"#c5cabd","wg":"#cec6b0","wn":"#20232c","rd":"#6f7865","rg":"#8f8566","rn":"#0f131e"}},{"type":"Feature","geometry":{"type":"Polygon","coordinates":[[[-97.7424116,30.2755022],[-97.7422541,30.2754565],[-97.7422648,30.2754246],[-97.7422474,30.2754206],[-97.7423158,30.2752416],[-97.7423331,30.275248],[-97.7423452,30.275219],[-97.7425028,30.2752607],[-97.7424948,30.2752943],[-97.7424217,30.2754796],[-97.7424116,30.2755022]]]},"properties":{"id":"osm:w112834496","name":"Texas Trial Lawyers Association Building","num_floors":null,"building_class":null,"final_height":19.2,"source_height":"osm_levels","wd":"#e4ddcd","wg":"#e8d6bd","wn":"#24262e","rd":"#928978","rg":"#aa9275","rn":"#1a1b26"}},{"type":"Feature","geometry":{"type":"Polygon","coordinates":[[[-97.7429926,30.2762775],[-97.7428803,30.2762463],[-97.7429883,30.2759371],[-97.743109,30.2759736],[-97.7429926,30.2762775]]]},"properties":{"id":"osm:w112834498","name":null,"num_floors":null,"building_class":null,"final_height":7.5,"source_height":"default_by_area","wd":"#bdc4cc","wg":"#c8c1bc","wn":"#1f232d","rd":"#67727f","rg":"#88807a","rn":"#101421"}},{"type":"Feature","geometry":{"type":"Polygon","coordinates":[[[-97.7433936,30.2740084],[-97.7433617,30.2740932],[-97.7432369,30.2744249],[-97.7440713,30.2746591],[-97.744192,30.2743385],[-97.7439092,30.2742591],[-97.7439452,30.2741632],[-97.7433936,30.2740084]]]},"properties":{"id":"osm:w112834501","name":null,"num_floors":null,"building_class":null,"final_height":28.8,"source_height":"osm_levels","wd":"#b07557","wg":"#bd7f5a","wn":"#1e191f","rd":"#61452e","rg":"#845d3b","rn":"#10111c"}},{"type":"Feature","geometry":{"type":"Polygon","coordinates":[[[-97.7436469,30.2708994],[-97.7435218,30.2712359],[-97.7440917,30.2713936],[-97.7442158,30.2710684],[-97.7442109,30.27106],[-97.7440652,30.2710185],[-97.7440726,30.2709992],[-97.7440024,30.2709792],[-97.7439947,30.2709992],[-97.7438019,30.2709444],[-97.7436469,30.2708994]]]},"properties":{"id":"osm:w112836382","name":null,"num_floors":null,"building_class":"public","final_height":11.0,"source_height":"default_by_area","wd":"#bcb7ac","wg":"#c7b6a1","wn":"#1f212a","rd":"#757066","rg":"#937f67","rn":"#0f121e"}},{"type":"Feature","geometry":{"type":"Polygon","coordinates":[[[-97.742753,30.2717689],[-97.7423048,30.2716453],[-97.7424663,30.2711762],[-97.7429266,30.2712946],[-97.742753,30.2717689]]]},"properties":{"id":"osm:w112836385","name":null,"num_floors":null,"building_class":null,"final_height":11.0,"source_height":"default_by_area","wd":"#d3be96","wg":"#dabc8f","wn":"#222227","rd":"#7e6b56","rg":"#9a7b5a","rn":"#10121d"}},{"type":"Feature","geometry":{"type":"Polygon","coordinates":[[[-97.7453137,30.2712789],[-97.7454232,30.2709985],[-97.7454314,30.2709774],[-97.7451254,30.2708915],[-97.7449615,30.2708455],[-97.7446315,30.2707529],[-97.7445331,30.2710077],[-97.7445137,30.271058],[-97.7453137,30.2712789]]]},"properties":{"id":"osm:w134807256","name":"700 Lavaca Parking","num_floors":null,"building_class":"parking","final_height":25.6,"source_height":"osm_levels","wd":"#9b978f","wg":"#ab9b89","wn":"#1b1d26","rd":"#75726d","rg":"#93806c","rn":"#101320"}},{"type":"Feature","geometry":{"type":"Polygon","coordinates":[[[-97.7435218,30.2712359],[-97.7432613,30.2711639],[-97.7433222,30.2709948],[-97.7433832,30.2708253],[-97.7436469,30.2708994],[-97.7435218,30.2712359]]]},"properties":{"id":"osm:w134807269","name":null,"num_floors":null,"building_class":null,"final_height":28.8,"source_height":"osm_levels","wd":"#c9b59e","wg":"#d2b596","wn":"#212128","rd":"#796752","rg":"#967857","rn":"#10121d"}},{"type":"Feature","geometry":{"type":"Polygon","coordinates":[[[-97.7520077,30.272734],[-97.7523112,30.2721359],[-97.7519356,30.2719936],[-97.751632,30.2725917],[-97.7520077,30.272734]]]},"properties":{"id":"osm:w135088161","name":null,"num_floors":null,"building_class":null,"final_height":11.0,"source_height":"default_by_area","wd":"#ceb68a","wg":"#d6b585","wn":"#212126","rd":"#786652","rg":"#967757","rn":"#10121d"}},{"type":"Feature","geometry":{"type":"Polygon","coordinates":[[[-97.7517273,30.2757544],[-97.7518057,30.2755596],[-97.7516607,30.2755161],[-97.7515887,30.275528],[-97.7515223,30.2756929],[-97.7517273,30.2757544]]]},"properties":{"id":"osm:w135088164","name":null,"num_floors":null,"building_class":null,"final_height":7.5,"source_height":"default_by_area","wd":"#d7c39f","wg":"#ddc097","wn":"#222228","rd":"#836f59","rg":"#9e7e5d","rn":"#10121e"}},{"type":"Feature","geometry":{"type":"Polygon","coordinates":[[[-97.7514931,30.2762959],[-97.751634,30.2759738],[-97.7512608,30.275852],[-97.7511199,30.2761741],[-97.7514931,30.2762959]]]},"properties":{"id":"osm:w135088182","name":null,"num_floors":null,"building_class":null,"final_height":11.0,"source_height":"default_by_area","wd":"#d5c09b","wg":"#dcbe93","wn":"#222228","rd":"#806d57","rg":"#9c7c5b","rn":"#10121d"}},{"type":"Feature","geometry":{"type":"Polygon","coordinates":[[[-97.7444738,30.2727566],[-97.7443462,30.2730858],[-97.744564,30.2731487],[-97.7446916,30.2728195],[-97.7444738,30.2727566]]]},"properties":{"id":"osm:w148107038","name":"Holt Building","num_floors":null,"building_class":null,"final_height":11.0,"source_height":"default_by_area","wd":"#d5c9b1","wg":"#dcc5a6","wn":"#22232a","rd":"#847c6b","rg":"#9f886b","rn":"#141621"}},{"type":"Feature","geometry":{"type":"Polygon","coordinates":[[[-97.7467517,30.2731736],[-97.746874,30.2728437],[-97.7462604,30.2726741],[-97.7462218,30.2727783],[-97.746193,30.2728559],[-97.7461382,30.2730039],[-97.7464993,30.2731038],[-97.7467517,30.2731736]]]},"properties":{"id":"osm:w153385795","name":null,"num_floors":null,"building_class":"parking","final_height":16.0,"source_height":"osm_levels","wd":"#c3c1bb","wg":"#cdbfae","wn":"#20222b","rd":"#94918c","rg":"#ac9885","rn":"#1d202b"}},{"type":"Feature","geometry":{"type":"Polygon","coordinates":[[[-97.7436417,30.2733356],[-97.7437711,30.2729985],[-97.7441785,30.2731151],[-97.744167,30.2731451],[-97.744296,30.273182],[-97.7442583,30.27328],[-97.7444479,30.2733344],[-97.744406,30.2734435],[-97.7440909,30.2733532],[-97.7440525,30.2734532],[-97.7436417,30.2733356]]]},"properties":{"id":"osm:w182033019","name":null,"num_floors":null,"building_class":null,"final_height":12.8,"source_height":"osm_levels","wd":"#cfb78c","wg":"#d7b687","wn":"#212126","rd":"#796652","rg":"#967757","rn":"#10121d"}},{"type":"Feature","geometry":{"type":"Polygon","coordinates":[[[-97.7483628,30.2757943],[-97.748167,30.2757456],[-97.7481831,30.2756819],[-97.7481268,30.2756669],[-97.7481563,30.2755777],[-97.7482153,30.275551],[-97.7483669,30.2755904],[-97.7483534,30.2756391],[-97.7484098,30.2756518],[-97.7483628,30.2757943]]]},"properties":{"id":"osm:w202503020","name":null,"num_floors":null,"building_class":"school","final_height":7.5,"source_height":"default_by_area","wd":"#b27c64","wg":"#be8565","wn":"#1e1a21","rd":"#746255","rg":"#93745a","rn":"#10111e"}},{"type":"Feature","geometry":{"type":"Polygon","coordinates":[[[-97.7482372,30.2754359],[-97.7481466,30.275413],[-97.7481481,30.2754086],[-97.7478818,30.2753411],[-97.7478714,30.2753716],[-97.7477941,30.275352],[-97.7478242,30.2752633],[-97.7478013,30.2752575],[-97.7478202,30.2752019],[-97.7478435,30.2752078],[-97.7478741,30.2751179],[-97.7479534,30.275138],[-97.747943,30.2751686],[-97.7482076,30.2752356],[-97.7482123,30.2752217],[-97.7482252,30.2752249],[-97.7482349,30.2751963],[-97.7483291,30.2752201],[-97.7483194,30.2752488],[-97.7483021,30.2752444],[-97.7482372,30.2754359]]]},"properties":{"id":"osm:w202503021","name":null,"num_floors":null,"building_class":"school","final_height":11.0,"source_height":"default_by_area","wd":"#a96f55","wg":"#b77a58","wn":"#1d181f","rd":"#6c5a4e","rg":"#8c6d54","rn":"#10111e"}},{"type":"Feature","geometry":{"type":"Polygon","coordinates":[[[-97.7456137,30.272383],[-97.7455368,30.2723626],[-97.7455591,30.2723],[-97.745636,30.2723204],[-97.7456137,30.272383]]]},"properties":{"id":"osm:w210804926","name":null,"num_floors":null,"building_class":null,"final_height":4.5,"source_height":"default_by_area","wd":"#ddccae","wg":"#e2c8a3","wn":"#23232a","rd":"#8a755e","rg":"#a48261","rn":"#13141f"}},{"type":"Feature","geometry":{"type":"Polygon","coordinates":[[[-97.7405151,30.2760964],[-97.7402116,30.2760128],[-97.7402035,30.2760345],[-97.74011,30.2760088],[-97.7401278,30.2759605],[-97.7401456,30.2759123],[-97.7402388,30.275938],[-97.7402304,30.2759609],[-97.7405343,30.2760446],[-97.7405151,30.2760964]]]},"properties":{"id":"osm:w269078411","name":null,"num_floors":null,"building_class":null,"final_height":7.5,"source_height":"default_by_area","wd":"#ceb68a","wg":"#d6b585","wn":"#212126","rd":"#786652","rg":"#967757","rn":"#10121d"}},{"type":"Feature","geometry":{"type":"Polygon","coordinates":[[[-97.7406124,30.2758421],[-97.7403085,30.2757579],[-97.7403054,30.2757663],[-97.7402356,30.275747],[-97.7402611,30.2756781],[-97.7403316,30.2756977],[-97.7403288,30.2757052],[-97.7406321,30.2757892],[-97.7406124,30.2758421]]]},"properties":{"id":"osm:w269078413","name":null,"num_floors":null,"building_class":null,"final_height":7.5,"source_height":"default_by_area","wd":"#c8cdc1","wg":"#d1c9b3","wn":"#20242c","rd":"#717a67","rg":"#908668","rn":"#10131f"}},{"type":"Feature","geometry":{"type":"Polygon","coordinates":[[[-97.7420054,30.2714993],[-97.7417627,30.2714316],[-97.7417851,30.2713716],[-97.7420574,30.2714475],[-97.7420793,30.2714536],[-97.742063,30.2714973],[-97.7420115,30.271483],[-97.7420054,30.2714993]]]},"properties":{"id":"osm:w328520419","name":null,"num_floors":null,"building_class":null,"final_height":7.5,"source_height":"default_by_area","wd":"#e8e1d4","wg":"#ecd9c3","wn":"#24262e","rd":"#958c7b","rg":"#ac9477","rn":"#1b1d27"}},{"type":"Feature","geometry":{"type":"Polygon","coordinates":[[[-97.7421027,30.2713266],[-97.7418304,30.2712506],[-97.7418352,30.2712378],[-97.7418531,30.2711897],[-97.7421255,30.2712657],[-97.7421027,30.2713266]]]},"properties":{"id":"osm:w328520420","name":null,"num_floors":null,"building_class":null,"final_height":7.5,"source_height":"default_by_area","wd":"#ba886e","wg":"#c58f6d","wn":"#1f1b22","rd":"#6f4f34","rg":"#8f6540","rn":"#10111c"}},{"type":"Feature","geometry":{"type":"Polygon","coordinates":[[[-97.7420795,30.2713885],[-97.7418072,30.2713126],[-97.7418304,30.2712506],[-97.7421027,30.2713266],[-97.7420795,30.2713885]]]},"properties":{"id":"osm:w328520421","name":null,"num_floors":null,"building_class":null,"final_height":7.5,"source_height":"default_by_area","wd":"#c3c9bc","wg":"#cdc5af","wn":"#20232c","rd":"#6e7765","rg":"#8e8466","rn":"#0f121e"}},{"type":"Feature","geometry":{"type":"Polygon","coordinates":[[[-97.7417851,30.2713716],[-97.7418072,30.2713126],[-97.7420795,30.2713885],[-97.7420574,30.2714475],[-97.7417851,30.2713716]]]},"properties":{"id":"osm:w328520422","name":null,"num_floors":null,"building_class":null,"final_height":7.5,"source_height":"default_by_area","wd":"#ceb689","wg":"#d6b584","wn":"#212125","rd":"#776551","rg":"#957656","rn":"#10121d"}},{"type":"Feature","geometry":{"type":"Polygon","coordinates":[[[-97.7419827,30.2715598],[-97.7417401,30.2714921],[-97.7417627,30.2714316],[-97.7420054,30.2714993],[-97.7419827,30.2715598]]]},"properties":{"id":"osm:w328520424","name":null,"num_floors":null,"building_class":null,"final_height":7.5,"source_height":"default_by_area","wd":"#afb7a4","wg":"#bcb69b","wn":"#1e2129","rd":"#626959","rg":"#85795d","rn":"#0f121e"}},{"type":"Feature","geometry":{"type":"Polygon","coordinates":[[[-97.7419827,30.2715598],[-97.7419604,30.2716195],[-97.7417177,30.2715518],[-97.7417401,30.2714921],[-97.7419827,30.2715598]]]},"properties":{"id":"osm:w328520425","name":null,"num_floors":null,"building_class":null,"final_height":7.5,"source_height":"default_by_area","wd":"#c8cec1","wg":"#d1cab3","wn":"#20242c","rd":"#717a67","rg":"#908668","rn":"#10131f"}},{"type":"Feature","geometry":{"type":"Polygon","coordinates":[[[-97.7419604,30.2716195],[-97.7421705,30.2716781],[-97.7421481,30.2717378],[-97.7419381,30.2716793],[-97.7416954,30.2716116],[-97.7417177,30.2715518],[-97.7419604,30.2716195]]]},"properties":{"id":"osm:w328520426","name":null,"num_floors":null,"building_class":null,"final_height":7.5,"source_height":"default_by_area","wd":"#bac1ca","wg":"#c5bfbb","wn":"#1f222d","rd":"#66717d","rg":"#887f79","rn":"#101320"}},{"type":"Feature","geometry":{"type":"Polygon","coordinates":[[[-97.7416954,30.2716116],[-97.7419381,30.2716793],[-97.7421183,30.2717295],[-97.7420952,30.2717912],[-97.7419254,30.2717432],[-97.7416723,30.2716732],[-97.7416954,30.2716116]]]},"properties":{"id":"osm:w328520427","name":null,"num_floors":null,"building_class":null,"final_height":7.5,"source_height":"default_by_area","wd":"#99a4b1","wg":"#a9a6a6","wn":"#1b1f2a","rd":"#56606a","rg":"#7b726a","rn":"#0e121f"}},{"type":"Feature","geometry":{"type":"Polygon","coordinates":[[[-97.741905,30.2718037],[-97.7416677,30.2717372],[-97.7416553,30.2717187],[-97.7416723,30.2716732],[-97.7419254,30.2717432],[-97.741905,30.2718037]]]},"properties":{"id":"osm:w328520428","name":"Quiznos","num_floors":null,"building_class":null,"final_height":7.5,"source_height":"default_by_area","wd":"#9aa4b1","wg":"#aaa6a6","wn":"#1b1f2a","rd":"#57606a","rg":"#7c726a","rn":"#0e121f"}},{"type":"Feature","geometry":{"type":"Polygon","coordinates":[[[-97.7383822,30.2710591],[-97.7382587,30.2713898],[-97.7381027,30.2713463],[-97.7382262,30.2710156],[-97.7383822,30.2710591]]]},"properties":{"id":"osm:w328644620","name":"PECU","num_floors":null,"building_class":null,"final_height":11.0,"source_height":"default_by_area","wd":"#deceb0","wg":"#e3caa5","wn":"#23242a","rd":"#8b765f","rg":"#a58361","rn":"#131520"}},{"type":"Feature","geometry":{"type":"Polygon","coordinates":[[[-97.7383716,30.2724231],[-97.7381724,30.2729563],[-97.7379904,30.2729055],[-97.7380086,30.2728567],[-97.7378542,30.2728137],[-97.7380484,30.2722939],[-97.7382859,30.2723601],[-97.7382908,30.2723471],[-97.7383495,30.2723634],[-97.7383314,30.2724118],[-97.7383716,30.2724231]]]},"properties":{"id":"osm:w328649857","name":null,"num_floors":null,"building_class":null,"final_height":11.0,"source_height":"default_by_area","wd":"#b0b9c3","wg":"#bdb8b5","wn":"#1e212c","rd":"#626c77","rg":"#857b74","rn":"#0e121f"}},{"type":"Feature","geometry":{"type":"Polygon","coordinates":[[[-97.7378826,30.2725098],[-97.7377616,30.2728336],[-97.7377486,30.27283],[-97.737742,30.2728474],[-97.7377121,30.2728391],[-97.7377186,30.2728216],[-97.7374589,30.2727493],[-97.7374527,30.2727658],[-97.7374243,30.2727578],[-97.7374304,30.2727413],[-97.7374187,30.2727381],[-97.7375397,30.2724142],[-97.7378826,30.2725098]]]},"properties":{"id":"osm:w328649858","name":"University of Texas Physicians Central Texas Trinity Professional Office","num_floors":null,"building_class":null,"final_height":11.0,"source_height":"default_by_area","wd":"#ad7052","wg":"#ba7b56","wn":"#1d181f","rd":"#5e432c","rg":"#815b3a","rn":"#10111c"}},{"type":"Feature","geometry":{"type":"Polygon","coordinates":[[[-97.7462167,30.2717108],[-97.7461522,30.2718834],[-97.7460549,30.2718563],[-97.7460566,30.2718517],[-97.7456621,30.2717417],[-97.7456609,30.2717449],[-97.7455645,30.271718],[-97.7456285,30.2715469],[-97.7457239,30.2715734],[-97.7457292,30.2715593],[-97.7461284,30.2716706],[-97.7461231,30.2716847],[-97.7462167,30.2717108]]]},"properties":{"id":"osm:w328649859","name":"Austin Public Library - Austin History Center","num_floors":null,"building_class":null,"final_height":6.4,"source_height":"osm_levels","wd":"#dfd6c3","wg":"#e4d0b5","wn":"#23252c","rd":"#8e8573","rg":"#a78f71","rn":"#181a24"}},{"type":"Feature","geometry":{"type":"Polygon","coordinates":[[[-97.7358342,30.2715923],[-97.735807,30.2715847],[-97.7358307,30.2715213],[-97.7358075,30.2715149],[-97.7358331,30.2714464],[-97.7358747,30.2714579],[-97.7358829,30.2714361],[-97.7360073,30.2714708],[-97.7359991,30.2714926],[-97.7360245,30.2714997],[-97.7359287,30.2717563],[-97.7358082,30.2717227],[-97.7358315,30.2716604],[-97.7358109,30.2716546],[-97.7358342,30.2715923]]]},"properties":{"id":"osm:w328649860","name":null,"num_floors":null,"building_class":null,"final_height":7.5,"source_height":"default_by_area","wd":"#e0d8c6","wg":"#e5d2b7","wn":"#23252d","rd":"#8f8674","rg":"#a89072","rn":"#181a25"}},{"type":"Feature","geometry":{"type":"Polygon","coordinates":[[[-97.7360489,30.2717793],[-97.7361621,30.2714762],[-97.7363645,30.2715326],[-97.7362513,30.2718357],[-97.7360489,30.2717793]]]},"properties":{"id":"osm:w328649862","name":"Texas Association of Broadcasters Ann Arnold Center","num_floors":null,"building_class":null,"final_height":11.0,"source_height":"default_by_area","wd":"#b78267","wg":"#c38a67","wn":"#1e1b21","rd":"#6a4b32","rg":"#8b623e","rn":"#10111c"}},{"type":"Feature","geometry":{"type":"Polygon","coordinates":[[[-97.7402139,30.2719305],[-97.74014,30.2719099],[-97.7401697,30.2718305],[-97.7402436,30.271851],[-97.7402139,30.2719305]]]},"properties":{"id":"osm:w328649866","name":null,"num_floors":null,"building_class":null,"final_height":4.5,"source_height":"default_by_area","wd":"#b89e7f","wg":"#c3a17c","wn":"#1f1e24","rd":"#685946","rg":"#896d4e","rn":"#10121d"}},{"type":"Feature","geometry":{"type":"Polygon","coordinates":[[[-97.7367685,30.2717279],[-97.736637,30.2720799],[-97.7365208,30.2720476],[-97.7366263,30.271765],[-97.7365575,30.2717458],[-97.7365703,30.2717113],[-97.7366256,30.2717267],[-97.7366409,30.2716856],[-97.7366622,30.2716915],[-97.7366782,30.271696],[-97.7366759,30.2717021],[-97.7367685,30.2717279]]]},"properties":{"id":"osm:w328649868","name":"Saint Elias Antiochan Orthodox Church - Downtown Campus","num_floors":null,"building_class":null,"final_height":7.5,"source_height":"default_by_area","wd":"#aab39f","wg":"#b8b397","wn":"#1d2028","rd":"#5f6657","rg":"#82775b","rn":"#0f121e"}},{"type":"Feature","geometry":{"type":"Polygon","coordinates":[[[-97.7406668,30.2716886],[-97.7405423,30.272022],[-97.7402139,30.2719305],[-97.7403385,30.2715971],[-97.7406668,30.2716886]]]},"properties":{"id":"osm:w328649869","name":null,"num_floors":null,"building_class":null,"final_height":11.0,"source_height":"default_by_area","wd":"#d9cfba","wg":"#dfcaad","wn":"#23242b","rd":"#89806f","rg":"#a38b6e","rn":"#161823"}},{"type":"Feature","geometry":{"type":"Polygon","coordinates":[[[-97.7387277,30.2715864],[-97.7386054,30.2719136],[-97.7384169,30.2718614],[-97.7385266,30.2715397],[-97.7387277,30.2715864]]]},"properties":{"id":"osm:w328649870","name":null,"num_floors":null,"building_class":null,"final_height":11.0,"source_height":"default_by_area","wd":"#decfb1","wg":"#e3caa6","wn":"#23242a","rd":"#8c775f","rg":"#a58461","rn":"#141520"}},{"type":"Feature","geometry":{"type":"Polygon","coordinates":[[[-97.7411734,30.2719625],[-97.7410924,30.2721794],[-97.7406053,30.2720436],[-97.7406863,30.2718268],[-97.7411734,30.2719625]]]},"properties":{"id":"osm:w328649871","name":null,"num_floors":null,"building_class":null,"final_height":32.0,"source_height":"osm_levels","wd":"#bba285","wg":"#c6a581","wn":"#1f1e25","rd":"#6b5c49","rg":"#8c6f50","rn":"#10121d"}},{"type":"Feature","geometry":{"type":"Polygon","coordinates":[[[-97.7463357,30.2715567],[-97.7456138,30.2713568],[-97.7457237,30.2710712],[-97.7464436,30.2712718],[-97.7463357,30.2715567]]]},"properties":{"id":"osm:w328649873","name":null,"num_floors":null,"building_class":null,"final_height":12.8,"source_height":"osm_levels","wd":"#d5c09b","wg":"#dcbe93","wn":"#222228","rd":"#806d57","rg":"#9c7c5b","rn":"#10121d"}},{"type":"Feature","geometry":{"type":"Polygon","coordinates":[[[-97.7370163,30.2717447],[-97.7368683,30.2721406],[-97.7367166,30.2720984],[-97.7368646,30.2717024],[-97.7370163,30.2717447]]]},"properties":{"id":"osm:w328649874","name":null,"num_floors":null,"building_class":null,"final_height":11.0,"source_height":"default_by_area","wd":"#a6afbb","wg":"#b4afae","wn":"#1c202b","rd":"#5d6771","rg":"#81786f","rn":"#0e121f"}},{"type":"Feature","geometry":{"type":"Polygon","coordinates":[[[-97.7467137,30.272136],[-97.7464854,30.2720724],[-97.7466131,30.2717328],[-97.7468404,30.2717969],[-97.7467137,30.272136]]]},"properties":{"id":"osm:w328649877","name":null,"num_floors":null,"building_class":null,"final_height":19.2,"source_height":"osm_levels","wd":"#dbc9a8","wg":"#e1c59e","wn":"#232329","rd":"#87735c","rg":"#a1815f","rn":"#12131e"}},{"type":"Feature","geometry":{"type":"Polygon","coordinates":[[[-97.7467137,30.272136],[-97.7468404,30.2717969],[-97.7471631,30.2718879],[-97.7472281,30.2719049],[-97.7471014,30.2722441],[-97.7470148,30.27222],[-97.7467137,30.272136]]]},"properties":{"id":"osm:w328649878","name":null,"num_floors":null,"building_class":null,"final_height":11.0,"source_height":"default_by_area","wd":"#ddd4c0","wg":"#e2cfb2","wn":"#23242c","rd":"#8c8371","rg":"#a58d6f","rn":"#171924"}},{"type":"Feature","geometry":{"type":"Polygon","coordinates":[[[-97.7411734,30.2719625],[-97.7406863,30.2718268],[-97.7407288,30.2717131],[-97.7412159,30.2718488],[-97.7411734,30.2719625]]]},"properties":{"id":"osm:w328649879","name":null,"num_floors":null,"building_class":null,"final_height":11.0,"source_height":"default_by_area","wd":"#b37a5e","wg":"#bf8360","wn":"#1e1a20","rd":"#65482f","rg":"#875f3c","rn":"#10111c"}},{"type":"Feature","geometry":{"type":"Polygon","coordinates":[[[-97.7371843,30.2723099],[-97.7370648,30.2726298],[-97.7365795,30.2724946],[-97.736699,30.2721747],[-97.7371843,30.2723099]]]},"properties":{"id":"osm:w328649881","name":"Texas Workforce Comission","num_floors":null,"building_class":"public","final_height":11.0,"source_height":"default_by_area","wd":"#c1bdb3","wg":"#cbbba7","wn":"#20222a","rd":"#797469","rg":"#968269","rn":"#10131f"}},{"type":"Feature","geometry":{"type":"Polygon","coordinates":[[[-97.7403385,30.2715971],[-97.7402436,30.271851],[-97.7400861,30.2718072],[-97.7401836,30.271546],[-97.7403411,30.2715899],[-97.7403385,30.2715971]]]},"properties":{"id":"osm:w328649882","name":null,"num_floors":null,"building_class":null,"final_height":7.5,"source_height":"default_by_area","wd":"#c7b39b","wg":"#d0b393","wn":"#202028","rd":"#776651","rg":"#957756","rn":"#10121d"}},{"type":"Feature","geometry":{"type":"Polygon","coordinates":[[[-97.7401353,30.2709559],[-97.7401248,30.270984],[-97.7401311,30.2709858],[-97.7400239,30.2712723],[-97.739947,30.2712508],[-97.7398946,30.2712362],[-97.7398414,30.2712214],[-97.7398582,30.2711766],[-97.7398708,30.2711801],[-97.7398804,30.2711828],[-97.7399666,30.2709521],[-97.7399103,30.2709364],[-97.7399299,30.2708838],[-97.7401268,30.2709387],[-97.7401353,30.2709559]]]},"properties":{"id":"osm:w328649889","name":"Saint Mary Cathedral","num_floors":null,"building_class":"church","final_height":11.0,"source_height":"default_by_area","wd":"#eae6da","wg":"#eddec8","wn":"#25272f","rd":"#7a746d","rg":"#97826c","rn":"#121420"}},{"type":"Feature","geometry":{"type":"Polygon","coordinates":[[[-97.7464818,30.2744857],[-97.7464963,30.2744472],[-97.7465145,30.2744523],[-97.7465343,30.2743995],[-97.7461955,30.2743043],[-97.7461554,30.2744107],[-97.7463637,30.2744693],[-97.7463694,30.2744541],[-97.7464818,30.2744857]]]},"properties":{"id":"osm:w342005429","name":null,"num_floors":null,"building_class":null,"final_height":7.5,"source_height":"default_by_area","wd":"#bea78b","wg":"#c8a986","wn":"#1f1f26","rd":"#6e5f4b","rg":"#8e7152","rn":"#10121d"}},{"type":"Feature","geometry":{"type":"Polygon","coordinates":[[[-97.746462,30.2745312],[-97.7463068,30.274487],[-97.7462646,30.2745973],[-97.7464198,30.2746416],[-97.746462,30.2745312]]]},"properties":{"id":"osm:w342005430","name":null,"num_floors":null,"building_class":null,"final_height":7.5,"source_height":"default_by_area","wd":"#b07558","wg":"#bd7f5b","wn":"#1e1920","rd":"#61452e","rg":"#845d3b","rn":"#10111c"}},{"type":"Feature","geometry":{"type":"Polygon","coordinates":[[[-97.7469537,30.2752438],[-97.747027,30.2750517],[-97.7466375,30.2749408],[-97.7465642,30.275133],[-97.7469537,30.2752438]]]},"properties":{"id":"osm:w342005431","name":"Capitol Quarters","num_floors":null,"building_class":"apartments","final_height":16.0,"source_height":"osm_levels","wd":"#d5c6aa","wg":"#dcc3a0","wn":"#222329","rd":"#8e8171","rg":"#a78c6f","rn":"#171924"}},{"type":"Feature","geometry":{"type":"Polygon","coordinates":[[[-97.7463741,30.2747789],[-97.7461718,30.274727],[-97.7462064,30.2746265],[-97.7464086,30.2746784],[-97.7463741,30.2747789]]]},"properties":{"id":"osm:w342005784","name":null,"num_floors":null,"building_class":null,"final_height":7.5,"source_height":"default_by_area","wd":"#dad0ba","wg":"#e0cbad","wn":"#23242b","rd":"#89806f","rg":"#a38b6e","rn":"#161823"}},{"type":"Feature","geometry":{"type":"Polygon","coordinates":[[[-97.7456269,30.2747447],[-97.7455145,30.2747148],[-97.745548,30.2746207],[-97.7456605,30.2746506],[-97.7456269,30.2747447]]]},"properties":{"id":"osm:w342005785","name":null,"num_floors":null,"building_class":null,"final_height":4.5,"source_height":"default_by_area","wd":"#a8b2bd","wg":"#b6b2b0","wn":"#1d202c","rd":"#5e6873","rg":"#817871","rn":"#0e121f"}},{"type":"Feature","geometry":{"type":"Polygon","coordinates":[[[-97.7448567,30.2756674],[-97.7446463,30.2756111],[-97.7447731,30.2752574],[-97.7449391,30.2753017],[-97.7449311,30.275324],[-97.7449795,30.2753369],[-97.7449382,30.275452],[-97.7448687,30.2754334],[-97.7448356,30.2755257],[-97.7449012,30.2755432],[-97.7448567,30.2756674]]]},"properties":{"id":"osm:w342005786","name":null,"num_floors":null,"building_class":null,"final_height":11.0,"source_height":"default_by_area","wd":"#c1aa90","wg":"#cbab8a","wn":"#201f26","rd":"#71614d","rg":"#907353","rn":"#10121d"}},{"type":"Feature","geometry":{"type":"Polygon","coordinates":[[[-97.7454403,30.2755293],[-97.7454788,30.2754315],[-97.7452964,30.2753779],[-97.7452578,30.2754757],[-97.7454403,30.2755293]]]},"properties":{"id":"osm:w342005787","name":null,"num_floors":null,"building_class":null,"final_height":7.5,"source_height":"default_by_area","wd":"#b88368","wg":"#c38b68","wn":"#1f1b21","rd":"#6b4c32","rg":"#8c623e","rn":"#10111c"}},{"type":"Feature","geometry":{"type":"Polygon","coordinates":[[[-97.7454512,30.275541],[-97.7452554,30.2754872],[-97.7452263,30.2755664],[-97.7454221,30.2756201],[-97.7454512,30.275541]]]},"properties":{"id":"osm:w342005788","name":null,"num_floors":null,"building_class":null,"final_height":7.5,"source_height":"default_by_area","wd":"#dfd0b3","wg":"#e4cba7","wn":"#23242a","rd":"#8d7760","rg":"#a68462","rn":"#141520"}},{"type":"Feature","geometry":{"type":"Polygon","coordinates":[[[-97.7434163,30.2729068],[-97.7434361,30.272852],[-97.7434095,30.2728448],[-97.743381,30.2728371],[-97.7433842,30.2728283],[-97.7432478,30.2727915],[-97.7432698,30.2727308],[-97.7432492,30.2727252],[-97.7432524,30.2727162],[-97.7429954,30.2726468],[-97.7429909,30.2726594],[-97.7429769,30.2726556],[-97.7429219,30.2728075],[-97.7431291,30.2728634],[-97.7431342,30.2728492],[-97.7432505,30.2728806],[-97.7432449,30.2728962],[-97.7433473,30.2729239],[-97.7433523,30.2729101],[-97.7433596,30.2729121],[-97.7433664,30.2728933],[-97.7433895,30.2728996],[-97.7434163,30.2729068]]]},"properties":{"id":"osm:w363500532","name":"Governor's Mansion","num_floors":null,"building_class":null,"final_height":6.4,"source_height":"osm_levels","wd":"#eae6dc","wg":"#eddeca","wn":"#25272f","rd":"#8a8d80","rg":"#a4957b","rn":"#191d28"}},{"type":"Feature","geometry":{"type":"Polygon","coordinates":[[[-97.7490899,30.2732366],[-97.7489692,30.2732019],[-97.7490208,30.2730683],[-97.7491415,30.273103],[-97.7490899,30.2732366]]]},"properties":{"id":"osm:w375322427","name":null,"num_floors":null,"building_class":null,"final_height":7.5,"source_height":"default_by_area","wd":"#d4bf98","wg":"#dbbd91","wn":"#222227","rd":"#7f6c56","rg":"#9b7b5a","rn":"#10121d"}},{"type":"Feature","geometry":{"type":"Polygon","coordinates":[[[-97.748242,30.273911],[-97.748257,30.273865],[-97.748383,30.273897],[-97.748382,30.273901],[-97.748402,30.273906],[-97.748365,30.274018],[-97.748228,30.273984],[-97.748229,30.27398],[-97.748202,30.273974],[-97.748219,30.273921],[-97.748237,30.273925],[-97.748242,30.273911]]]},"properties":{"id":"osm:w379165865","name":null,"num_floors":null,"building_class":null,"final_height":11.5,"source_height":"osm_height","wd":"#e1d9c7","wg":"#e6d3b8","wn":"#24252d","rd":"#8f8675","rg":"#a89073","rn":"#181a25"}},{"type":"Feature","geometry":{"type":"Polygon","coordinates":[[[-97.749255,30.27432],[-97.749307,30.274167],[-97.749394,30.274189],[-97.749382,30.274224],[-97.749454,30.274243],[-97.749467,30.274205],[-97.749557,30.274228],[-97.7495,30.274392],[-97.749252,30.274328],[-97.749255,30.27432]]]},"properties":{"id":"osm:w379165867","name":null,"num_floors":null,"building_class":null,"final_height":6.6,"source_height":"osm_height","wd":"#d4be97","wg":"#dbbc90","wn":"#222227","rd":"#7f6b56","rg":"#9b7b5a","rn":"#10121d"}},{"type":"Feature","geometry":{"type":"Polygon","coordinates":[[[-97.748167,30.274092],[-97.748189,30.27403],[-97.74832,30.274068],[-97.7483,30.274126],[-97.748339,30.274136],[-97.748336,30.274146],[-97.748332,30.274145],[-97.748311,30.274207],[-97.748256,30.274192],[-97.748263,30.27417],[-97.748151,30.274141],[-97.748167,30.274092]]]},"properties":{"id":"osm:w379165872","name":null,"num_floors":null,"building_class":null,"final_height":9.6,"source_height":"osm_height","wd":"#c9cfc2","wg":"#d2cab4","wn":"#21242c","rd":"#727b68","rg":"#918768","rn":"#10141f"}},{"type":"Feature","geometry":{"type":"Polygon","coordinates":[[[-97.74704,30.274281],[-97.74698,30.274264],[-97.746987,30.274245],[-97.746925,30.274228],[-97.747049,30.273888],[-97.747113,30.273906],[-97.747109,30.273916],[-97.747158,30.273929],[-97.747154,30.273941],[-97.747236,30.273963],[-97.74716,30.274171],[-97.747724,30.274326],[-97.747677,30.274454],[-97.74718,30.274316],[-97.747175,30.274328],[-97.747093,30.274306],[-97.747097,30.274296],[-97.74704,30.274281]]]},"properties":{"id":"osm:w379165873","name":null,"num_floors":null,"building_class":null,"final_height":14.4,"source_height":"osm_height","wd":"#b1b9a7","wg":"#bdb89d","wn":"#1e2129","rd":"#636b5b","rg":"#857b5e","rn":"#0f121e"}},{"type":"Feature","geometry":{"type":"Polygon","coordinates":[[[-97.7477161,30.2739546],[-97.7476621,30.2739396],[-97.7476661,30.2739256],[-97.7476551,30.2739226],[-97.7476701,30.2738816],[-97.7476451,30.2738746],[-97.7476841,30.2737656],[-97.7478861,30.2738256],[-97.7478691,30.2738756],[-97.7479151,30.2738886],[-97.7479121,30.2738966],[-97.7479171,30.2738976],[-97.7478981,30.2739516],[-97.7477741,30.2739186],[-97.7477651,30.2739436],[-97.7477431,30.2739376],[-97.7477351,30.2739596],[-97.7477161,30.2739546]]]},"properties":{"id":"osm:w379165874","name":null,"num_floors":null,"building_class":null,"final_height":13.8,"source_height":"osm_height","wd":"#d4c8af","wg":"#dbc4a4","wn":"#22232a","rd":"#837b6a","rg":"#9e876a","rn":"#131521"}},{"type":"Feature","geometry":{"type":"Polygon","coordinates":[[[-97.749149,30.274565],[-97.749156,30.274567],[-97.749164,30.274546],[-97.749324,30.274589],[-97.749313,30.27462],[-97.749337,30.274626],[-97.749321,30.274672],[-97.749295,30.274666],[-97.74929,30.274681],[-97.749127,30.274638],[-97.749138,30.274608],[-97.749124,30.274604],[-97.749139,30.274562],[-97.749149,30.274565]]]},"properties":{"id":"osm:w379165875","name":null,"num_floors":null,"building_class":null,"final_height":10.8,"source_height":"osm_height","wd":"#ae7254","wg":"#bb7c58","wn":"#1d191f","rd":"#5f432d","rg":"#825b3a","rn":"#10111c"}},{"type":"Feature","geometry":{"type":"Polygon","coordinates":[[[-97.7486881,30.2745094],[-97.7487091,30.2744534],[-97.7487391,30.2744614],[-97.7487511,30.2744304],[-97.7488591,30.2744604],[-97.7488471,30.2744914],[-97.7488731,30.2744984],[-97.7488471,30.2745584],[-97.7487011,30.2745174],[-97.7487031,30.2745134],[-97.7486881,30.2745094]]]},"properties":{"id":"osm:w379165876","name":null,"num_floors":null,"building_class":null,"final_height":7.1,"source_height":"osm_height","wd":"#dac8a7","wg":"#e0c49d","wn":"#232329","rd":"#87725c","rg":"#a1805f","rn":"#12131e"}},{"type":"Feature","geometry":{"type":"Polygon","coordinates":[[[-97.741496,30.2721652],[-97.741517,30.2721112],[-97.741673,30.2721552],[-97.741697,30.2720912],[-97.7417383,30.272103],[-97.741799,30.2721202],[-97.741778,30.2721762],[-97.741999,30.2722392],[-97.741975,30.2723002],[-97.741674,30.2722142],[-97.741677,30.2722062],[-97.741587,30.2721802],[-97.741584,30.2721902],[-97.741496,30.2721652]]]},"properties":{"id":"osm:w379165877","name":"The Old Bakery and Emporium","num_floors":null,"building_class":null,"final_height":11.0,"source_height":"osm_height","wd":"#a9705a","wg":"#b77b5d","wn":"#1d1820","rd":"#7d6350","rg":"#9a7456","rn":"#10111d"}},{"type":"Feature","geometry":{"type":"Polygon","coordinates":[[[-97.748156,30.274346],[-97.74808,30.274324],[-97.748112,30.27424],[-97.748236,30.274275],[-97.748234,30.27428],[-97.748273,30.274292],[-97.74825,30.274353],[-97.748212,30.274342],[-97.748205,30.27436],[-97.748156,30.274346]]]},"properties":{"id":"osm:w379165878","name":null,"num_floors":null,"building_class":null,"final_height":9.4,"source_height":"osm_height","wd":"#a86d4f","wg":"#b67853","wn":"#1d181e","rd":"#5b402b","rg":"#7f5939","rn":"#10111c"}},{"type":"Feature","geometry":{"type":"Polygon","coordinates":[[[-97.744611,30.27397],[-97.744646,30.273874],[-97.744782,30.273911],[-97.744758,30.273975],[-97.744779,30.273981],[-97.744761,30.27403],[-97.74474,30.274024],[-97.744718,30.274086],[-97.744582,30.274049],[-97.744611,30.27397]]]},"properties":{"id":"osm:w379165879","name":null,"num_floors":null,"building_class":null,"final_height":12.6,"source_height":"osm_height","wd":"#bbc2cb","wg":"#c6bfbb","wn":"#1f222d","rd":"#67717d","rg":"#887f79","rn":"#101321"}},{"type":"Feature","geometry":{"type":"Polygon","coordinates":[[[-97.746861,30.274623],[-97.746779,30.2746],[-97.746792,30.274564],[-97.746817,30.274571],[-97.74684,30.274508],[-97.746873,30.274517],[-97.746875,30.27451],[-97.746907,30.274518],[-97.746911,30.274505],[-97.746962,30.274519],[-97.746919,30.274639],[-97.746861,30.274623]]]},"properties":{"id":"osm:w379165880","name":null,"num_floors":null,"building_class":null,"final_height":8.9,"source_height":"osm_height","wd":"#b3bbc5","wg":"#bfbab6","wn":"#1e212d","rd":"#636d79","rg":"#857c76","rn":"#0e121f"}},{"type":"Feature","geometry":{"type":"Polygon","coordinates":[[[-97.749159,30.275119],[-97.749125,30.275224],[-97.74911,30.275221],[-97.749107,30.275229],[-97.748957,30.275192],[-97.748971,30.275149],[-97.749002,30.275156],[-97.749026,30.275081],[-97.749137,30.275108],[-97.749136,30.275113],[-97.749159,30.275119]]]},"properties":{"id":"osm:w379165881","name":null,"num_floors":null,"building_class":null,"final_height":10.1,"source_height":"osm_height","wd":"#dbcaaa","wg":"#e1c6a0","wn":"#232329","rd":"#88735d","rg":"#a28160","rn":"#12141f"}},{"type":"Feature","geometry":{"type":"Polygon","coordinates":[[[-97.749853,30.275983],[-97.749827,30.275953],[-97.749839,30.275945],[-97.749815,30.275916],[-97.750423,30.275524],[-97.750436,30.275539],[-97.750467,30.275519],[-97.75051,30.275568],[-97.750479,30.275588],[-97.750515,30.27563],[-97.750508,30.275634],[-97.750521,30.275649],[-97.749949,30.276015],[-97.749917,30.275978],[-97.749922,30.275976],[-97.749915,30.275968],[-97.74988,30.27599],[-97.749867,30.275975],[-97.749853,30.275983]]]},"properties":{"id":"osm:w379165882","name":"Terrace on Shoal Creek","num_floors":null,"building_class":null,"final_height":8.1,"source_height":"osm_height","wd":"#ceb78b","wg":"#d6b686","wn":"#212126","rd":"#786652","rg":"#967757","rn":"#10121d"}},{"type":"Feature","geometry":{"type":"Polygon","coordinates":[[[-97.737205,30.272101],[-97.737259,30.271949],[-97.737242,30.271944],[-97.737292,30.271803],[-97.737426,30.271839],[-97.737397,30.271921],[-97.737401,30.271922],[-97.737374,30.271997],[-97.737368,30.271995],[-97.737319,30.272131],[-97.737205,30.272101]]]},"properties":{"id":"osm:w379165884","name":null,"num_floors":null,"building_class":null,"final_height":7.5,"source_height":"osm_height","wd":"#c7b29a","wg":"#d0b292","wn":"#202027","rd":"#776650","rg":"#957756","rn":"#10121d"}},{"type":"Feature","geometry":{"type":"Polygon","coordinates":[[[-97.746698,30.27466],[-97.746735,30.27467],[-97.746738,30.27466],[-97.74684,30.274685],[-97.746807,30.274769],[-97.746787,30.274764],[-97.746774,30.274804],[-97.746791,30.274808],[-97.746759,30.27489],[-97.746624,30.274851],[-97.746655,30.274774],[-97.746699,30.274785],[-97.746712,30.274745],[-97.746669,30.274734],[-97.746698,30.27466]]]},"properties":{"id":"osm:w379165885","name":null,"num_floors":null,"building_class":null,"final_height":9.2,"source_height":"osm_height","wd":"#b69b7c","wg":"#c29f79","wn":"#1e1e24","rd":"#665745","rg":"#886b4d","rn":"#10121d"}},{"type":"Feature","geometry":{"type":"Polygon","coordinates":[[[-97.748951,30.275626],[-97.748812,30.27559],[-97.748817,30.275577],[-97.748794,30.275571],[-97.748821,30.275494],[-97.749019,30.275545],[-97.748997,30.275609],[-97.748965,30.275601],[-97.748956,30.275627],[-97.748951,30.275626]]]},"properties":{"id":"osm:w379165886","name":null,"num_floors":null,"building_class":null,"final_height":9.5,"source_height":"osm_height","wd":"#a56b4e","wg":"#b37652","wn":"#1c181e","rd":"#593f2a","rg":"#7e5838","rn":"#10111c"}},{"type":"Feature","geometry":{"type":"Polygon","coordinates":[[[-97.74617,30.274957],[-97.746224,30.274808],[-97.746356,30.274844],[-97.746317,30.274954],[-97.746264,30.274939],[-97.74625,30.274978],[-97.74617,30.274957]]]},"properties":{"id":"osm:w379165887","name":null,"num_floors":null,"building_class":null,"final_height":8.6,"source_height":"osm_height","wd":"#b8c0c9","wg":"#c3beba","wn":"#1f222d","rd":"#65707c","rg":"#877f78","rn":"#0f1320"}},{"type":"Feature","geometry":{"type":"Polygon","coordinates":[[[-97.748908,30.275842],[-97.748873,30.275834],[-97.748896,30.275766],[-97.74897,30.275785],[-97.748947,30.275852],[-97.748908,30.275842]]]},"properties":{"id":"osm:w379165889","name":null,"num_floors":null,"building_class":null,"final_height":5.5,"source_height":"osm_height","wd":"#d5c19b","wg":"#dcbf93","wn":"#222228","rd":"#806d58","rg":"#9c7c5c","rn":"#10121d"}},{"type":"Feature","geometry":{"type":"Polygon","coordinates":[[[-97.744156,30.274298],[-97.74405,30.27427],[-97.744076,30.274198],[-97.744179,30.274226],[-97.744178,30.27423],[-97.744208,30.274238],[-97.744188,30.274298],[-97.744159,30.27429],[-97.744156,30.274298]]]},"properties":{"id":"osm:w379165890","name":null,"num_floors":null,"building_class":null,"final_height":10.2,"source_height":"osm_height","wd":"#c7cdc0","wg":"#d0c9b2","wn":"#20242c","rd":"#717967","rg":"#908668","rn":"#10131f"}},{"type":"Feature","geometry":{"type":"Polygon","coordinates":[[[-97.744667,30.271788],[-97.744888,30.27185],[-97.744771,30.272165],[-97.74455,30.272103],[-97.744667,30.271788]]]},"properties":{"id":"osm:w379165895","name":null,"num_floors":null,"building_class":null,"final_height":6.8,"source_height":"osm_height","wd":"#d3be97","wg":"#dabc90","wn":"#222227","rd":"#7e6b56","rg":"#9a7b5a","rn":"#10121d"}},{"type":"Feature","geometry":{"type":"Polygon","coordinates":[[[-97.7438723,30.2739537],[-97.743676,30.2738967],[-97.743785,30.2735962],[-97.7444012,30.2737699],[-97.7442469,30.2741873],[-97.7438286,30.2740685],[-97.7438723,30.2739537]]]},"properties":{"id":"osm:w379165896","name":"Ned Granger Travis County Admin Building","num_floors":null,"building_class":null,"final_height":25.4,"source_height":"osm_height","wd":"#cfc4a8","wg":"#d7c19e","wn":"#212329","rd":"#948e7d","rg":"#ac9679","rn":"#1b1d28"}},{"type":"Feature","geometry":{"type":"Polygon","coordinates":[[[-97.744554,30.274797],[-97.744565,30.274767],[-97.744362,30.27471],[-97.744351,30.274738],[-97.744319,30.274729],[-97.744387,30.274543],[-97.744421,30.274553],[-97.744412,30.274578],[-97.744591,30.274628],[-97.744642,30.27449],[-97.744515,30.274455],[-97.744558,30.27434],[-97.74484,30.274419],[-97.744817,30.27448],[-97.744843,30.274488],[-97.744833,30.274515],[-97.744806,30.274507],[-97.744796,30.274535],[-97.744791,30.274534],[-97.744757,30.274625],[-97.744716,30.274614],[-97.744702,30.274649],[-97.744709,30.274651],[-97.7447,30.274675],[-97.744706,30.274677],[-97.744666,30.274786],[-97.744652,30.274782],[-97.744637,30.274821],[-97.744554,30.274797]]]},"properties":{"id":"osm:w379165900","name":"Central Christian Church","num_floors":null,"building_class":"church","final_height":20.0,"source_height":"osm_height","wd":"#d8cbaf","wg":"#dec7a4","wn":"#22232a","rd":"#67656a","rg":"#88766a","rn":"#0f111e"}},{"type":"Feature","geometry":{"type":"Polygon","coordinates":[[[-97.736483,30.272466],[-97.735899,30.272307],[-97.735885,30.272287],[-97.73587,30.272243],[-97.735849,30.272064],[-97.735866,30.271997],[-97.735902,30.271946],[-97.7366,30.272138],[-97.736552,30.272269],[-97.736542,30.272266],[-97.736531,30.272297],[-97.736547,30.272302],[-97.736487,30.272468],[-97.736483,30.272466]]]},"properties":{"id":"osm:w379165903","name":null,"num_floors":null,"building_class":"parking","final_height":12.2,"source_height":"osm_height","wd":"#c2bfb7","wg":"#ccbdab","wn":"#20222b","rd":"#96938d","rg":"#ad9a85","rn":"#1e202c"}},{"type":"Feature","geometry":{"type":"Polygon","coordinates":[[[-97.745507,30.275038],[-97.745469,30.27503],[-97.745473,30.275015],[-97.745437,30.275007],[-97.74544,30.274995],[-97.745417,30.27499],[-97.745453,30.274868],[-97.745477,30.274873],[-97.745479,30.274867],[-97.745627,30.2749],[-97.745614,30.274945],[-97.745629,30.274948],[-97.745601,30.275028],[-97.74554,30.275014],[-97.745531,30.275044],[-97.745507,30.275038]]]},"properties":{"id":"osm:w379165904","name":null,"num_floors":null,"building_class":null,"final_height":14.6,"source_height":"osm_height","wd":"#c5b097","wg":"#ceb090","wn":"#202027","rd":"#756450","rg":"#937556","rn":"#10121d"}},{"type":"Feature","geometry":{"type":"Polygon","coordinates":[[[-97.7360369,30.2711997],[-97.736138,30.270901],[-97.736251,30.270933],[-97.736141,30.271229],[-97.7360369,30.2711997]]]},"properties":{"id":"osm:w379165906","name":null,"num_floors":null,"building_class":null,"final_height":4.6,"source_height":"osm_height","wd":"#afb7c1","wg":"#bcb6b3","wn":"#1e212c","rd":"#616b76","rg":"#847b73","rn":"#0e121f"}},{"type":"Feature","geometry":{"type":"Polygon","coordinates":[[[-97.746124,30.274944],[-97.746051,30.275139],[-97.746047,30.275143],[-97.746041,30.275144],[-97.745835,30.275087],[-97.74583,30.275082],[-97.74583,30.275076],[-97.745857,30.275002],[-97.745817,30.274992],[-97.745804,30.274981],[-97.745803,30.274976],[-97.745822,30.274924],[-97.745834,30.274918],[-97.745847,30.274918],[-97.745885,30.274929],[-97.745939,30.274779],[-97.745949,30.274772],[-97.745955,30.274771],[-97.74616,30.274825],[-97.746163,30.274828],[-97.746166,30.274833],[-97.746124,30.274944]]]},"properties":{"id":"osm:w379165910","name":null,"num_floors":null,"building_class":null,"final_height":15.5,"source_height":"osm_height","wd":"#b4bbaa","wg":"#c0baa0","wn":"#1e2129","rd":"#656c5c","rg":"#877b5f","rn":"#0f121e"}},{"type":"Feature","geometry":{"type":"Polygon","coordinates":[[[-97.746942,30.271497],[-97.746948,30.271483],[-97.747113,30.271531],[-97.747086,30.271598],[-97.746921,30.27155],[-97.746942,30.271497]]]},"properties":{"id":"osm:w379165912","name":null,"num_floors":null,"building_class":null,"final_height":15.0,"source_height":"osm_height","wd":"#e4dccd","wg":"#e8d5bd","wn":"#24252e","rd":"#918978","rg":"#a99275","rn":"#191b26"}},{"type":"Feature","geometry":{"type":"Polygon","coordinates":[[[-97.746837,30.2731],[-97.746867,30.273019],[-97.746872,30.273021],[-97.746877,30.273006],[-97.746975,30.273034],[-97.746923,30.273173],[-97.74682,30.273144],[-97.746837,30.2731]]]},"properties":{"id":"osm:w379165914","name":null,"num_floors":null,"building_class":null,"final_height":11.2,"source_height":"osm_height","wd":"#e0d2b6","wg":"#e5cdaa","wn":"#23242b","rd":"#8e7961","rg":"#a78663","rn":"#141620"}},{"type":"Feature","geometry":{"type":"Polygon","coordinates":[[[-97.746125,30.275167],[-97.746166,30.275049],[-97.746282,30.27508],[-97.746221,30.275256],[-97.746104,30.275225],[-97.746125,30.275167]]]},"properties":{"id":"osm:w379165918","name":null,"num_floors":null,"building_class":null,"final_height":8.9,"source_height":"osm_height","wd":"#cdbaa5","wg":"#d5b99c","wn":"#212129","rd":"#7d6b55","rg":"#9a7b5a","rn":"#10121d"}},{"type":"Feature","geometry":{"type":"Polygon","coordinates":[[[-97.746989,30.271057],[-97.747063,30.271078],[-97.747098,30.271072],[-97.747075,30.270923],[-97.747228,30.270967],[-97.747222,30.271146],[-97.747226,30.271151],[-97.747225,30.271182],[-97.747216,30.271179],[-97.747194,30.271237],[-97.746842,30.271135],[-97.746875,30.27105],[-97.746893,30.271055],[-97.746902,30.271032],[-97.746989,30.271057]]]},"properties":{"id":"osm:w379165919","name":null,"num_floors":null,"building_class":null,"final_height":25.3,"source_height":"osm_height","wd":"#b49878","wg":"#c09c76","wn":"#1e1d23","rd":"#645544","rg":"#86694c","rn":"#10121d"}},{"type":"Feature","geometry":{"type":"Polygon","coordinates":[[[-97.747759,30.271912],[-97.747844,30.271683],[-97.747995,30.271725],[-97.747936,30.271885],[-97.747941,30.271912],[-97.747938,30.271919],[-97.747913,30.271944],[-97.74784,30.271923],[-97.74782,30.271977],[-97.747743,30.271955],[-97.747759,30.271912]]]},"properties":{"id":"osm:w379165923","name":null,"num_floors":null,"building_class":null,"final_height":15.0,"source_height":"osm_height","wd":"#e5decf","wg":"#e9d7bf","wn":"#24262e","rd":"#928a79","rg":"#aa9376","rn":"#1a1c26"}},{"type":"Feature","geometry":{"type":"Polygon","coordinates":[[[-97.7467027,30.275402],[-97.7466427,30.275388],[-97.7466507,30.275364],[-97.7466437,30.275362],[-97.7466717,30.275272],[-97.7466767,30.275273],[-97.7466907,30.27523],[-97.7467207,30.275237],[-97.7467357,30.275189],[-97.7468237,30.27521],[-97.7468097,30.275255],[-97.7468017,30.275253],[-97.7467497,30.275392],[-97.7467427,30.27539],[-97.7467367,30.27541],[-97.7467027,30.275402]]]},"properties":{"id":"osm:w379165926","name":null,"num_floors":null,"building_class":null,"final_height":7.0,"source_height":"osm_height","wd":"#cfb78b","wg":"#d7b686","wn":"#212126","rd":"#796652","rg":"#967757","rn":"#10121d"}},{"type":"Feature","geometry":{"type":"Polygon","coordinates":[[[-97.7482156,30.2714498],[-97.7482026,30.2714468],[-97.7482076,30.2714348],[-97.7481576,30.2714198],[-97.7481536,30.2714328],[-97.7480546,30.2714038],[-97.7481176,30.2712378],[-97.7482266,30.2712688],[-97.7482406,30.2712328],[-97.7483326,30.2712588],[-97.7483026,30.2713358],[-97.7483156,30.2713398],[-97.7482906,30.2714038],[-97.7482776,30.2713998],[-97.7482536,30.2714618],[-97.7482156,30.2714498]]]},"properties":{"id":"osm:w379165927","name":"Gilfillan House","num_floors":null,"building_class":null,"final_height":13.4,"source_height":"osm_height","wd":"#b8bfc8","wg":"#c3bdb9","wn":"#1f222d","rd":"#65707c","rg":"#877f78","rn":"#0f1320"}},{"type":"Feature","geometry":{"type":"Polygon","coordinates":[[[-97.747769,30.27239],[-97.747767,30.27239],[-97.747765,30.272395],[-97.747746,30.27239],[-97.747743,30.272397],[-97.747719,30.272391],[-97.747722,30.272383],[-97.747716,30.272382],[-97.747761,30.272258],[-97.747843,30.272281],[-97.747799,30.272399],[-97.747769,30.27239]]]},"properties":{"id":"osm:w379165930","name":null,"num_floors":null,"building_class":null,"final_height":9.9,"source_height":"osm_height","wd":"#b9866c","wg":"#c48d6c","wn":"#1f1b22","rd":"#6d4e33","rg":"#8d643f","rn":"#10111c"}},{"type":"Feature","geometry":{"type":"Polygon","coordinates":[[[-97.747637,30.272344],[-97.747594,30.272331],[-97.747595,30.272328],[-97.747586,30.272326],[-97.747601,30.272283],[-97.747611,30.272286],[-97.747632,30.272228],[-97.747625,30.272226],[-97.747632,30.272207],[-97.747638,30.272209],[-97.747694,30.272059],[-97.747789,30.272086],[-97.747687,30.272358],[-97.747637,30.272344]]]},"properties":{"id":"osm:w379165933","name":null,"num_floors":null,"building_class":null,"final_height":8.2,"source_height":"osm_height","wd":"#bca386","wg":"#c7a582","wn":"#1f1f25","rd":"#6c5c49","rg":"#8c6f50","rn":"#10121d"}},{"type":"Feature","geometry":{"type":"Polygon","coordinates":[[[-97.747176,30.274874],[-97.747208,30.274786],[-97.7473,30.274812],[-97.747267,30.274899],[-97.747176,30.274874]]]},"properties":{"id":"osm:w379165936","name":null,"num_floors":null,"building_class":null,"final_height":4.5,"source_height":"default_by_area","wd":"#afb8c2","wg":"#bcb7b4","wn":"#1e212c","rd":"#616b77","rg":"#847b74","rn":"#0e121f"}},{"type":"Feature","geometry":{"type":"Polygon","coordinates":[[[-97.747625,30.2731963],[-97.747677,30.2732103],[-97.747672,30.2732243],[-97.747692,30.2732303],[-97.747697,30.2732143],[-97.747753,30.2732293],[-97.747702,30.2733723],[-97.747571,30.2733373],[-97.747622,30.2731953],[-97.747625,30.2731963]]]},"properties":{"id":"osm:w379165938","name":null,"num_floors":null,"building_class":null,"final_height":8.2,"source_height":"osm_height","wd":"#c4ae95","wg":"#cdaf8e","wn":"#202027","rd":"#74634f","rg":"#937455","rn":"#10121d"}},{"type":"Feature","geometry":{"type":"Polygon","coordinates":[[[-97.747334,30.274856],[-97.747322,30.274853],[-97.747364,30.274739],[-97.747401,30.274749],[-97.747421,30.274693],[-97.7475,30.274715],[-97.747496,30.274726],[-97.747546,30.27474],[-97.747527,30.274794],[-97.747536,30.274796],[-97.747519,30.274843],[-97.747509,30.27484],[-97.747488,30.274898],[-97.747334,30.274856]]]},"properties":{"id":"osm:w379165947","name":null,"num_floors":null,"building_class":null,"final_height":14.4,"source_height":"osm_height","wd":"#ab6f51","wg":"#b87a55","wn":"#1d181f","rd":"#5d422c","rg":"#815b3a","rn":"#10111c"}},{"type":"Feature","geometry":{"type":"Polygon","coordinates":[[[-97.7480975,30.2729466],[-97.7480745,30.2729406],[-97.7480725,30.2729486],[-97.7480265,30.2729366],[-97.7480905,30.2727526],[-97.7482875,30.2728046],[-97.7482495,30.2729136],[-97.7481685,30.2728926],[-97.7481535,30.2729356],[-97.7481195,30.2729266],[-97.7481105,30.2729506],[-97.7480975,30.2729466]]]},"properties":{"id":"osm:w379165950","name":null,"num_floors":null,"building_class":null,"final_height":10.8,"source_height":"osm_height","wd":"#a56b4e","wg":"#b37652","wn":"#1c181e","rd":"#593f2a","rg":"#7e5838","rn":"#10111c"}},{"type":"Feature","geometry":{"type":"Polygon","coordinates":[[[-97.747883,30.2733313],[-97.747903,30.2733373],[-97.74788,30.2733993],[-97.747898,30.2734043],[-97.747882,30.2734443],[-97.747816,30.2734253],[-97.747813,30.2734343],[-97.747757,30.2734183],[-97.7478,30.2733073],[-97.747883,30.2733313]]]},"properties":{"id":"osm:w379165953","name":null,"num_floors":null,"building_class":null,"final_height":6.3,"source_height":"osm_height","wd":"#b6bdad","wg":"#c2bba2","wn":"#1e222a","rd":"#666e5d","rg":"#887d60","rn":"#0f121e"}},{"type":"Feature","geometry":{"type":"Polygon","coordinates":[[[-97.748071,30.272483],[-97.747994,30.272462],[-97.748048,30.272307],[-97.748133,30.272329],[-97.748108,30.272395],[-97.748117,30.272398],[-97.748084,30.272486],[-97.748071,30.272483]]]},"properties":{"id":"osm:w379165958","name":null,"num_floors":null,"building_class":null,"final_height":9.7,"source_height":"osm_height","wd":"#a2acb8","wg":"#b1adac","wn":"#1c202b","rd":"#5b656f","rg":"#7f766e","rn":"#0e121f"}},{"type":"Feature","geometry":{"type":"Polygon","coordinates":[[[-97.747966,30.2734043],[-97.747984,30.2733573],[-97.748091,30.2733873],[-97.74805,30.2734963],[-97.747943,30.2734663],[-97.747966,30.2734043]]]},"properties":{"id":"osm:w379165961","name":null,"num_floors":null,"building_class":null,"final_height":7.1,"source_height":"osm_height","wd":"#a2694c","wg":"#b17551","wn":"#1c181e","rd":"#573e29","rg":"#7c5837","rn":"#10111c"}},{"type":"Feature","geometry":{"type":"Polygon","coordinates":[[[-97.749251,30.271157],[-97.749283,30.271075],[-97.749318,30.271085],[-97.749328,30.271057],[-97.749437,30.271089],[-97.749433,30.271101],[-97.749441,30.271103],[-97.749436,30.271116],[-97.749462,30.271124],[-97.749425,30.27122],[-97.749248,30.271165],[-97.749251,30.271157]]]},"properties":{"id":"osm:w379165972","name":null,"num_floors":null,"building_class":null,"final_height":9.9,"source_height":"osm_height","wd":"#dfd6c3","wg":"#e4d0b5","wn":"#23252c","rd":"#8e8573","rg":"#a78f71","rn":"#181a24"}},{"type":"Feature","geometry":{"type":"Polygon","coordinates":[[[-97.748278,30.274632],[-97.74825,30.274624],[-97.74826,30.274598],[-97.748226,30.274588],[-97.748241,30.274549],[-97.748233,30.274547],[-97.748279,30.274433],[-97.74834,30.27445],[-97.748328,30.274482],[-97.748386,30.274499],[-97.748337,30.27462],[-97.74833,30.274618],[-97.74832,30.274644],[-97.748278,30.274632]]]},"properties":{"id":"osm:w379165980","name":null,"num_floors":null,"building_class":null,"final_height":6.4,"source_height":"osm_height","wd":"#bbc2ca","wg":"#c6bfbb","wn":"#1f222d","rd":"#66717d","rg":"#887f79","rn":"#101320"}},{"type":"Feature","geometry":{"type":"Polygon","coordinates":[[[-97.749193,30.271354],[-97.7492,30.271335],[-97.749206,30.271336],[-97.74921,30.271326],[-97.749238,30.271333],[-97.749261,30.271255],[-97.749279,30.27126],[-97.7493,30.271251],[-97.749316,30.271255],[-97.749325,30.271267],[-97.749334,30.271285],[-97.749318,30.27133],[-97.749337,30.271335],[-97.749349,30.271302],[-97.749364,30.271306],[-97.749354,30.271336],[-97.749384,30.271344],[-97.749356,30.271423],[-97.749261,30.271398],[-97.749265,30.271386],[-97.749194,30.271367],[-97.749198,30.271356],[-97.749193,30.271354]]]},"properties":{"id":"osm:w379165982","name":null,"num_floors":null,"building_class":null,"final_height":11.9,"source_height":"osm_height","wd":"#b49979","wg":"#c09d77","wn":"#1e1d24","rd":"#645644","rg":"#866a4c","rn":"#10121d"}},{"type":"Feature","geometry":{"type":"Polygon","coordinates":[[[-97.748407,30.27452],[-97.748426,30.274471],[-97.748586,30.274517],[-97.748566,30.27457],[-97.748552,30.274566],[-97.748509,30.274678],[-97.748363,30.274636],[-97.748407,30.27452]]]},"properties":{"id":"osm:w379165987","name":null,"num_floors":null,"building_class":null,"final_height":10.4,"source_height":"osm_height","wd":"#b1b9c3","wg":"#bdb8b5","wn":"#1e212c","rd":"#626c78","rg":"#857b75","rn":"#0e121f"}},{"type":"Feature","geometry":{"type":"Polygon","coordinates":[[[-97.749053,30.272771],[-97.748993,30.272753],[-97.748999,30.272735],[-97.748993,30.272733],[-97.749046,30.272588],[-97.749138,30.272614],[-97.749105,30.272705],[-97.749093,30.272701],[-97.749085,30.272722],[-97.749079,30.27272],[-97.749066,30.272756],[-97.74906,30.272754],[-97.749053,30.272771]]]},"properties":{"id":"osm:w379165988","name":null,"num_floors":null,"building_class":"school","final_height":6.6,"source_height":"osm_height","wd":"#c5b593","wg":"#ceb58c","wn":"#202127","rd":"#7d4b3a","rg":"#9a6245","rn":"#10111c"}},{"type":"Feature","geometry":{"type":"Polygon","coordinates":[[[-97.749474,30.271846],[-97.749375,30.271819],[-97.74948,30.271528],[-97.749603,30.271561],[-97.7495,30.271853],[-97.749474,30.271846]]]},"properties":{"id":"osm:w379165991","name":null,"num_floors":null,"building_class":null,"final_height":8.0,"source_height":"osm_height","wd":"#b7beae","wg":"#c3bca3","wn":"#1e222a","rd":"#676f5e","rg":"#887e61","rn":"#0f121e"}},{"type":"Feature","geometry":{"type":"Polygon","coordinates":[[[-97.749122,30.271585],[-97.749149,30.271515],[-97.749417,30.271588],[-97.749387,30.27167],[-97.749328,30.271654],[-97.749315,30.271689],[-97.749104,30.271632],[-97.749122,30.271585]]]},"properties":{"id":"osm:w379165993","name":null,"num_floors":null,"building_class":null,"final_height":9.9,"source_height":"osm_height","wd":"#d8c5a3","wg":"#dec29a","wn":"#222329","rd":"#84705a","rg":"#9f7f5e","rn":"#10121e"}},{"type":"Feature","geometry":{"type":"Polygon","coordinates":[[[-97.750283,30.27184],[-97.750213,30.27182],[-97.750269,30.271671],[-97.750838,30.271828],[-97.750782,30.271979],[-97.750283,30.27184]]]},"properties":{"id":"osm:w379165995","name":null,"num_floors":null,"building_class":null,"final_height":12.6,"source_height":"osm_height","wd":"#a0684c","wg":"#af7451","wn":"#1c171e","rd":"#563d28","rg":"#7b5737","rn":"#10111c"}},{"type":"Feature","geometry":{"type":"Polygon","coordinates":[[[-97.7484496,30.2714049],[-97.748489,30.2713004],[-97.7488241,30.2713947],[-97.7487847,30.271499],[-97.7484496,30.2714049]]]},"properties":{"id":"osm:w379165997","name":null,"num_floors":null,"building_class":null,"final_height":8.4,"source_height":"osm_height","wd":"#b47d61","wg":"#c08562","wn":"#1e1a21","rd":"#674930","rg":"#88603d","rn":"#10111c"}},{"type":"Feature","geometry":{"type":"Polygon","coordinates":[[[-97.748971,30.273681],[-97.748992,30.273613],[-97.749047,30.273626],[-97.749053,30.273608],[-97.749162,30.273633],[-97.749119,30.27377],[-97.748965,30.273734],[-97.748979,30.273689],[-97.748969,30.273686],[-97.748971,30.273681]]]},"properties":{"id":"osm:w379165999","name":null,"num_floors":null,"building_class":null,"final_height":11.6,"source_height":"osm_height","wd":"#b6bec7","wg":"#c2bcb8","wn":"#1e222d","rd":"#646f7b","rg":"#867e77","rn":"#0f1320"}},{"type":"Feature","geometry":{"type":"Polygon","coordinates":[[[-97.74904,30.271716],[-97.749052,30.27168],[-97.749073,30.271685],[-97.74908,30.271664],[-97.749212,30.271696],[-97.749178,30.271803],[-97.749047,30.271771],[-97.749054,30.271749],[-97.749031,30.271743],[-97.74904,30.271716]]]},"properties":{"id":"osm:w379166002","name":null,"num_floors":null,"building_class":null,"final_height":11.3,"source_height":"osm_height","wd":"#dccbab","wg":"#e2c7a1","wn":"#23232a","rd":"#89745d","rg":"#a38260","rn":"#12141f"}},{"type":"Feature","geometry":{"type":"Polygon","coordinates":[[[-97.749374,30.272086],[-97.74939,30.27209],[-97.749379,30.272122],[-97.749414,30.272131],[-97.74939,30.272198],[-97.749288,30.272171],[-97.749311,30.272103],[-97.749314,30.272104],[-97.749324,30.272073],[-97.749374,30.272086]]]},"properties":{"id":"osm:w379166003","name":null,"num_floors":null,"building_class":null,"final_height":8.1,"source_height":"osm_height","wd":"#bbc2b2","wg":"#c6bfa6","wn":"#1f222a","rd":"#697160","rg":"#8a7f62","rn":"#0f121e"}},{"type":"Feature","geometry":{"type":"Polygon","coordinates":[[[-97.748541,30.2716267],[-97.748471,30.2716077],[-97.74852,30.2714717],[-97.748678,30.2715147],[-97.748628,30.2716507],[-97.748541,30.2716267]]]},"properties":{"id":"osm:w379166006","name":null,"num_floors":null,"building_class":"school","final_height":12.1,"source_height":"osm_height","wd":"#d7ccb5","wg":"#ddc8a9","wn":"#22232b","rd":"#925844","rg":"#aa6c4c","rn":"#10111c"}},{"type":"Feature","geometry":{"type":"Polygon","coordinates":[[[-97.750434,30.272077],[-97.750395,30.272066],[-97.750394,30.27207],[-97.750285,30.272038],[-97.750286,30.272036],[-97.750142,30.271994],[-97.750156,30.271955],[-97.750153,30.271954],[-97.750164,30.271925],[-97.750171,30.271927],[-97.750181,30.2719],[-97.750338,30.271945],[-97.750334,30.271955],[-97.750426,30.271981],[-97.750413,30.272016],[-97.750467,30.272031],[-97.750468,30.272029],[-97.750769,30.272116],[-97.750749,30.272168],[-97.750434,30.272077]]]},"properties":{"id":"osm:w379166007","name":null,"num_floors":null,"building_class":null,"final_height":11.3,"source_height":"osm_height","wd":"#b5bdc6","wg":"#c1bbb7","wn":"#1e222d","rd":"#646e7a","rg":"#867d76","rn":"#0f121f"}},{"type":"Feature","geometry":{"type":"Polygon","coordinates":[[[-97.749912,30.271632],[-97.749868,30.271746],[-97.749728,30.271706],[-97.749741,30.27167],[-97.749763,30.271676],[-97.749794,30.271595],[-97.749913,30.271628],[-97.749912,30.271632]]]},"properties":{"id":"osm:w379166011","name":null,"num_floors":null,"building_class":null,"final_height":6.6,"source_height":"osm_height","wd":"#bb8970","wg":"#c6906f","wn":"#1f1b22","rd":"#704f35","rg":"#8f6541","rn":"#10111c"}},{"type":"Feature","geometry":{"type":"Polygon","coordinates":[[[-97.748905,30.272113],[-97.748873,30.272104],[-97.748895,30.272048],[-97.748914,30.272053],[-97.748931,30.272008],[-97.748972,30.27202],[-97.748976,30.272009],[-97.749044,30.272029],[-97.74904,30.272041],[-97.749086,30.272054],[-97.749048,30.272154],[-97.748905,30.272113]]]},"properties":{"id":"osm:w379166012","name":null,"num_floors":null,"building_class":null,"final_height":12.2,"source_height":"osm_height","wd":"#dad0ba","wg":"#e0cbad","wn":"#23242b","rd":"#89806f","rg":"#a38b6e","rn":"#161823"}},{"type":"Feature","geometry":{"type":"Polygon","coordinates":[[[-97.7484165,30.2720125],[-97.7484151,30.2720169],[-97.7483634,30.2720047],[-97.7483645,30.2720011],[-97.7483333,30.2719938],[-97.7483711,30.2718739],[-97.7485015,30.2719046],[-97.7484639,30.2720237],[-97.7484165,30.2720125]]]},"properties":{"id":"osm:w379166015","name":null,"num_floors":null,"building_class":"school","final_height":11.9,"source_height":"osm_height","wd":"#d3c7ae","wg":"#dac4a3","wn":"#22232a","rd":"#8e5542","rg":"#a7694b","rn":"#10111c"}},{"type":"Feature","geometry":{"type":"Polygon","coordinates":[[[-97.749418,30.272153],[-97.749658,30.272221],[-97.749633,30.272286],[-97.749436,30.27223],[-97.749424,30.272262],[-97.749361,30.272244],[-97.749373,30.272211],[-97.749394,30.272216],[-97.749418,30.272153]]]},"properties":{"id":"osm:w379166016","name":null,"num_floors":null,"building_class":null,"final_height":7.5,"source_height":"osm_height","wd":"#e8e2d5","wg":"#ecdac4","wn":"#24262f","rd":"#958c7c","rg":"#ac9478","rn":"#1b1d27"}},{"type":"Feature","geometry":{"type":"Polygon","coordinates":[[[-97.748962,30.272338],[-97.74892,30.272325],[-97.748927,30.272309],[-97.748814,30.272274],[-97.748829,30.272236],[-97.748816,30.272232],[-97.748841,30.272171],[-97.748951,30.272205],[-97.748958,30.272189],[-97.749063,30.272221],[-97.749017,30.272332],[-97.748979,30.27232],[-97.748971,30.272341],[-97.748962,30.272338]]]},"properties":{"id":"osm:w379166017","name":null,"num_floors":null,"building_class":null,"final_height":8.1,"source_height":"osm_height","wd":"#c7b39b","wg":"#d0b393","wn":"#202028","rd":"#776651","rg":"#957756","rn":"#10121d"}},{"type":"Feature","geometry":{"type":"Polygon","coordinates":[[[-97.749454,30.272422],[-97.749476,30.272362],[-97.74962,30.272402],[-97.749591,30.27248],[-97.749447,30.27244],[-97.749454,30.272422]]]},"properties":{"id":"osm:w379166018","name":null,"num_floors":null,"building_class":null,"final_height":6.9,"source_height":"osm_height","wd":"#b1785b","wg":"#bd815d","wn":"#1e1920","rd":"#63462f","rg":"#855e3c","rn":"#10111c"}},{"type":"Feature","geometry":{"type":"Polygon","coordinates":[[[-97.749484,30.272348],[-97.749513,30.272271],[-97.749653,30.272311],[-97.749625,30.272388],[-97.749484,30.272348]]]},"properties":{"id":"osm:w379166020","name":null,"num_floors":null,"building_class":null,"final_height":7.1,"source_height":"osm_height","wd":"#a8b19d","wg":"#b6b195","wn":"#1d2028","rd":"#5e6556","rg":"#81765a","rn":"#0f121e"}},{"type":"Feature","geometry":{"type":"Polygon","coordinates":[[[-97.748786,30.272402],[-97.748793,30.272381],[-97.748777,30.272376],[-97.748796,30.272323],[-97.748951,30.272366],[-97.748957,30.27235],[-97.749213,30.27242],[-97.74918,30.272511],[-97.748786,30.272402]]]},"properties":{"id":"osm:w379166022","name":null,"num_floors":null,"building_class":"school","final_height":10.4,"source_height":"osm_height","wd":"#b48069","wg":"#c08869","wn":"#1e1a22","rd":"#766456","rg":"#94755a","rn":"#10111e"}},{"type":"Feature","geometry":{"type":"Polygon","coordinates":[[[-97.7483182,30.2721585],[-97.7483396,30.2721003],[-97.7483287,30.2720973],[-97.7483421,30.2720607],[-97.7484233,30.272083],[-97.74843,30.2720646],[-97.7484935,30.2720819],[-97.7484849,30.2721052],[-97.7485004,30.2721094],[-97.7484822,30.2721589],[-97.7484776,30.2721576],[-97.7484662,30.2721888],[-97.7483886,30.2721675],[-97.7483852,30.2721769],[-97.7483182,30.2721585]]]},"properties":{"id":"osm:w379166024","name":null,"num_floors":null,"building_class":"school","final_height":9.5,"source_height":"osm_height","wd":"#d8ceb7","wg":"#decaab","wn":"#22242b","rd":"#945944","rg":"#ac6d4c","rn":"#10111c"}},{"type":"Feature","geometry":{"type":"Polygon","coordinates":[[[-97.749351,30.272586],[-97.749395,30.272464],[-97.749579,30.272514],[-97.749559,30.272571],[-97.749567,30.272573],[-97.749546,30.27263],[-97.749527,30.272625],[-97.749523,30.272638],[-97.749376,30.272598],[-97.749378,30.272593],[-97.749351,30.272586]]]},"properties":{"id":"osm:w379166025","name":null,"num_floors":null,"building_class":null,"final_height":8.1,"source_height":"osm_height","wd":"#bfa88c","wg":"#c9aa87","wn":"#1f1f26","rd":"#6f5f4b","rg":"#8f7152","rn":"#10121d"}},{"type":"Feature","geometry":{"type":"Polygon","coordinates":[[[-97.749749,30.274363],[-97.749758,30.274337],[-97.749799,30.274348],[-97.7498,30.274344],[-97.74983,30.274352],[-97.749828,30.274358],[-97.74984,30.274361],[-97.749844,30.274351],[-97.749872,30.274358],[-97.749846,30.27443],[-97.749758,30.274406],[-97.749755,30.274411],[-97.749744,30.274408],[-97.749745,30.274405],[-97.749734,30.274402],[-97.749749,30.274363]]]},"properties":{"id":"osm:w379166027","name":null,"num_floors":null,"building_class":null,"final_height":8.2,"source_height":"osm_height","wd":"#c6b198","wg":"#cfb191","wn":"#202027","rd":"#766550","rg":"#947656","rn":"#10121d"}},{"type":"Feature","geometry":{"type":"Polygon","coordinates":[[[-97.74989,30.272783],[-97.749914,30.272722],[-97.749934,30.272728],[-97.749943,30.272704],[-97.749993,30.272719],[-97.749989,30.272729],[-97.750044,30.272746],[-97.750037,30.272762],[-97.750065,30.272771],[-97.750045,30.272822],[-97.750036,30.27282],[-97.750027,30.272841],[-97.749884,30.272797],[-97.74989,30.272783]]]},"properties":{"id":"osm:w379166028","name":null,"num_floors":null,"building_class":null,"final_height":13.9,"source_height":"osm_height","wd":"#b2bac4","wg":"#beb9b6","wn":"#1e212d","rd":"#626d78","rg":"#857c75","rn":"#0e121f"}},{"type":"Feature","geometry":{"type":"Polygon","coordinates":[[[-97.747396,30.27199],[-97.747376,30.272042],[-97.74723,30.272001],[-97.747259,30.271921],[-97.747406,30.271962],[-97.747396,30.27199]]]},"properties":{"id":"osm:w379166029","name":null,"num_floors":null,"building_class":null,"final_height":5.9,"source_height":"osm_height","wd":"#e2d3b9","wg":"#e7ceac","wn":"#24242b","rd":"#8f7a62","rg":"#a88664","rn":"#151621"}},{"type":"Feature","geometry":{"type":"Polygon","coordinates":[[[-97.748919,30.275882],[-97.749019,30.275909],[-97.748986,30.275998],[-97.748886,30.27597],[-97.748919,30.275882]]]},"properties":{"id":"osm:w379166031","name":null,"num_floors":null,"building_class":null,"final_height":9.3,"source_height":"osm_height","wd":"#b79c7d","wg":"#c3a07a","wn":"#1e1e24","rd":"#675846","rg":"#886c4e","rn":"#10121d"}},{"type":"Feature","geometry":{"type":"Polygon","coordinates":[[[-97.749318,30.272648],[-97.74933,30.272613],[-97.749515,30.272661],[-97.749493,30.272723],[-97.74953,30.272734],[-97.749516,30.272774],[-97.749294,30.272714],[-97.749318,30.272648]]]},"properties":{"id":"osm:w379166032","name":null,"num_floors":null,"building_class":null,"final_height":9.3,"source_height":"osm_height","wd":"#bc8b72","wg":"#c79171","wn":"#1f1c23","rd":"#715035","rg":"#906641","rn":"#10111c"}},{"type":"Feature","geometry":{"type":"Polygon","coordinates":[[[-97.748678,30.272583],[-97.748729,30.272453],[-97.748741,30.272457],[-97.748742,30.272452],[-97.748831,30.272478],[-97.748809,30.272536],[-97.748907,30.272565],[-97.748875,30.272646],[-97.748782,30.272619],[-97.748755,30.272688],[-97.74865,30.272656],[-97.748678,30.272583]]]},"properties":{"id":"osm:w379166033","name":null,"num_floors":null,"building_class":"school","final_height":5.7,"source_height":"osm_height","wd":"#d5cab2","wg":"#dcc6a6","wn":"#22232a","rd":"#905743","rg":"#a86b4c","rn":"#10111c"}},{"type":"Feature","geometry":{"type":"Polygon","coordinates":[[[-97.749951,30.274613],[-97.749868,30.274591],[-97.749895,30.274514],[-97.749842,30.2745],[-97.749868,30.274426],[-97.749939,30.274444],[-97.749959,30.274387],[-97.750028,30.274406],[-97.749954,30.274614],[-97.749951,30.274613]]]},"properties":{"id":"osm:w379166034","name":null,"num_floors":null,"building_class":null,"final_height":7.3,"source_height":"osm_height","wd":"#ded5c2","wg":"#e3cfb4","wn":"#23252c","rd":"#8d8472","rg":"#a68e70","rn":"#171924"}},{"type":"Feature","geometry":{"type":"Polygon","coordinates":[[[-97.749867,30.273026],[-97.749804,30.273006],[-97.749853,30.272868],[-97.749968,30.272897],[-97.749951,30.272948],[-97.750013,30.272964],[-97.749995,30.273017],[-97.74996,30.273008],[-97.749946,30.273051],[-97.749867,30.273026]]]},"properties":{"id":"osm:w379166037","name":null,"num_floors":null,"building_class":null,"final_height":14.3,"source_height":"osm_height","wd":"#bba284","wg":"#c6a580","wn":"#1f1e25","rd":"#6b5b48","rg":"#8c6e4f","rn":"#10121d"}},{"type":"Feature","geometry":{"type":"Polygon","coordinates":[[[-97.747239,30.272133],[-97.747212,30.272125],[-97.747243,30.272044],[-97.747371,30.272081],[-97.747357,30.272117],[-97.747352,30.272115],[-97.747334,30.272161],[-97.747239,30.272133]]]},"properties":{"id":"osm:w379166038","name":null,"num_floors":null,"building_class":null,"final_height":5.7,"source_height":"osm_height","wd":"#bdc4b5","wg":"#c8c1a9","wn":"#1f232b","rd":"#6b7361","rg":"#8c8163","rn":"#0f121e"}},{"type":"Feature","geometry":{"type":"Polygon","coordinates":[[[-97.74826,30.272548],[-97.748256,30.272547],[-97.748259,30.272541],[-97.748175,30.272516],[-97.748215,30.272412],[-97.748307,30.272439],[-97.748299,30.272458],[-97.74836,30.272475],[-97.748356,30.272484],[-97.74838,30.272491],[-97.748348,30.272573],[-97.74826,30.272548]]]},"properties":{"id":"osm:w379166039","name":null,"num_floors":null,"building_class":"school","final_height":9.8,"source_height":"osm_height","wd":"#ccbea1","wg":"#d4bc98","wn":"#212228","rd":"#85503e","rg":"#a06648","rn":"#10111c"}},{"type":"Feature","geometry":{"type":"Polygon","coordinates":[[[-97.749103,30.276032],[-97.749097,30.276031],[-97.749107,30.276006],[-97.749099,30.276004],[-97.749141,30.275893],[-97.749128,30.275881],[-97.749211,30.275662],[-97.749306,30.275688],[-97.749243,30.275853],[-97.749232,30.27585],[-97.74923,30.275856],[-97.749192,30.275845],[-97.749179,30.275881],[-97.749202,30.275888],[-97.749205,30.275881],[-97.74923,30.275888],[-97.749228,30.275893],[-97.749276,30.275907],[-97.74926,30.275949],[-97.749254,30.275947],[-97.749251,30.275955],[-97.74921,30.275943],[-97.749226,30.275955],[-97.749263,30.275966],[-97.749252,30.275995],[-97.749244,30.275993],[-97.749226,30.27604],[-97.749189,30.27603],[-97.74918,30.276054],[-97.749103,30.276032]]]},"properties":{"id":"osm:w379166040","name":null,"num_floors":null,"building_class":null,"final_height":8.4,"source_height":"osm_height","wd":"#ceb78b","wg":"#d6b686","wn":"#212126","rd":"#786652","rg":"#967757","rn":"#10121d"}},{"type":"Feature","geometry":{"type":"Polygon","coordinates":[[[-97.74934,30.272829],[-97.749363,30.272772],[-97.749468,30.272804],[-97.749423,30.27292],[-97.749327,30.272892],[-97.74935,30.272832],[-97.74934,30.272829]]]},"properties":{"id":"osm:w379166042","name":null,"num_floors":null,"building_class":null,"final_height":8.4,"source_height":"osm_height","wd":"#c4ae95","wg":"#cdaf8e","wn":"#202027","rd":"#74634f","rg":"#937455","rn":"#10121d"}},{"type":"Feature","geometry":{"type":"Polygon","coordinates":[[[-97.749689,30.27551],[-97.749668,30.275504],[-97.749677,30.275482],[-97.74964,30.275472],[-97.749698,30.27532],[-97.749798,30.275348],[-97.749732,30.275522],[-97.749689,30.27551]]]},"properties":{"id":"osm:w379166043","name":null,"num_floors":null,"building_class":null,"final_height":6.5,"source_height":"osm_height","wd":"#e2dac9","wg":"#e7d4ba","wn":"#24252d","rd":"#908775","rg":"#a89073","rn":"#181b25"}},{"type":"Feature","geometry":{"type":"Polygon","coordinates":[[[-97.747199,30.272254],[-97.747186,30.27225],[-97.747231,30.27214],[-97.747328,30.27217],[-97.747316,30.2722],[-97.747323,30.272202],[-97.747289,30.272281],[-97.747199,30.272254]]]},"properties":{"id":"osm:w379166044","name":null,"num_floors":null,"building_class":null,"final_height":6.2,"source_height":"osm_height","wd":"#e8e2d5","wg":"#ecdac4","wn":"#24262f","rd":"#958d7c","rg":"#ac9578","rn":"#1b1d27"}},{"type":"Feature","geometry":{"type":"Polygon","coordinates":[[[-97.749812,30.275357],[-97.749945,30.275394],[-97.749898,30.27552],[-97.749914,30.275539],[-97.749993,30.275493],[-97.750069,30.275591],[-97.749877,30.275713],[-97.749698,30.275663],[-97.749812,30.275357]]]},"properties":{"id":"osm:w379166046","name":null,"num_floors":null,"building_class":null,"final_height":13.2,"source_height":"osm_height","wd":"#e0d8c6","wg":"#e5d2b7","wn":"#23252d","rd":"#8f8674","rg":"#a89072","rn":"#181a25"}},{"type":"Feature","geometry":{"type":"Polygon","coordinates":[[[-97.749536,30.274974],[-97.749531,30.274973],[-97.749533,30.274967],[-97.749524,30.274965],[-97.749517,30.274984],[-97.749457,30.274967],[-97.749485,30.274893],[-97.749528,30.274906],[-97.749547,30.274857],[-97.74958,30.274866],[-97.749591,30.27484],[-97.749645,30.274855],[-97.749635,30.274881],[-97.74964,30.274882],[-97.749599,30.274987],[-97.749576,30.274981],[-97.749574,30.274985],[-97.749536,30.274974]]]},"properties":{"id":"osm:w379166047","name":null,"num_floors":null,"building_class":null,"final_height":9.6,"source_height":"osm_height","wd":"#e2d4ba","wg":"#e7cfad","wn":"#24242b","rd":"#907a62","rg":"#a88664","rn":"#151621"}},{"type":"Feature","geometry":{"type":"Polygon","coordinates":[[[-97.744532,30.271448],[-97.744453,30.271425],[-97.744472,30.271375],[-97.744476,30.271376],[-97.744485,30.271352],[-97.744478,30.27135],[-97.744495,30.271305],[-97.744503,30.271307],[-97.744507,30.271299],[-97.744548,30.271311],[-97.744549,30.271306],[-97.744595,30.271319],[-97.744592,30.271329],[-97.744628,30.271339],[-97.744652,30.271277],[-97.744713,30.271295],[-97.74468,30.271382],[-97.744653,30.271374],[-97.744636,30.271419],[-97.744617,30.271414],[-97.744613,30.271425],[-97.744617,30.271426],[-97.7446,30.271471],[-97.744595,30.27147],[-97.744592,30.271475],[-97.744535,30.271459],[-97.744538,30.27145],[-97.744532,30.271448]]]},"properties":{"id":"osm:w379166048","name":null,"num_floors":null,"building_class":null,"final_height":13.7,"source_height":"osm_height","wd":"#ddd4c0","wg":"#e2cfb2","wn":"#23242c","rd":"#8c8371","rg":"#a58d6f","rn":"#171924"}},{"type":"Feature","geometry":{"type":"Polygon","coordinates":[[[-97.750469,30.274545],[-97.750584,30.274574],[-97.750535,30.274722],[-97.75045,30.274701],[-97.750469,30.274644],[-97.750436,30.274636],[-97.750467,30.274545],[-97.750469,30.274545]]]},"properties":{"id":"osm:w379166051","name":null,"num_floors":null,"building_class":null,"final_height":7.4,"source_height":"osm_height","wd":"#c6b199","wg":"#cfb191","wn":"#202027","rd":"#766550","rg":"#947656","rn":"#10121d"}},{"type":"Feature","geometry":{"type":"Polygon","coordinates":[[[-97.749883,30.275081],[-97.749878,30.275079],[-97.749884,30.275065],[-97.749824,30.275048],[-97.74983,30.275031],[-97.749825,30.275029],[-97.749879,30.274887],[-97.749936,30.274903],[-97.749914,30.27496],[-97.749978,30.274979],[-97.749934,30.275095],[-97.749883,30.275081]]]},"properties":{"id":"osm:w379166052","name":null,"num_floors":null,"building_class":null,"final_height":9.2,"source_height":"osm_height","wd":"#e7e0d2","wg":"#ebd9c1","wn":"#24262e","rd":"#948b7a","rg":"#ac9476","rn":"#1a1c27"}},{"type":"Feature","geometry":{"type":"Polygon","coordinates":[[[-97.750198,30.275186],[-97.750132,30.275167],[-97.750138,30.275149],[-97.750131,30.275147],[-97.750167,30.275051],[-97.750172,30.275052],[-97.750195,30.274992],[-97.750205,30.274989],[-97.750279,30.27501],[-97.750218,30.275172],[-97.750215,30.275172],[-97.750208,30.275189],[-97.750198,30.275186]]]},"properties":{"id":"osm:w379166055","name":null,"num_floors":null,"building_class":null,"final_height":11.1,"source_height":"osm_height","wd":"#b5bdc6","wg":"#c1bbb7","wn":"#1e222d","rd":"#646e7a","rg":"#867d76","rn":"#0f121f"}},{"type":"Feature","geometry":{"type":"Polygon","coordinates":[[[-97.750642,30.275308],[-97.750523,30.275273],[-97.750539,30.275232],[-97.750509,30.275224],[-97.75053,30.27517],[-97.75056,30.275179],[-97.750557,30.275186],[-97.750583,30.275193],[-97.750601,30.275147],[-97.750624,30.275154],[-97.750629,30.275141],[-97.750643,30.275145],[-97.75065,30.275125],[-97.750707,30.275141],[-97.750642,30.275308]]]},"properties":{"id":"osm:w379166056","name":null,"num_floors":null,"building_class":null,"final_height":6.7,"source_height":"osm_height","wd":"#c6ccbf","wg":"#cfc8b1","wn":"#20232c","rd":"#707866","rg":"#8f8567","rn":"#0f131e"}},{"type":"Feature","geometry":{"type":"Polygon","coordinates":[[[-97.750888,30.275349],[-97.750787,30.27532],[-97.750893,30.275044],[-97.751006,30.275076],[-97.750985,30.275131],[-97.750981,30.27513],[-97.750897,30.275352],[-97.750888,30.275349]]]},"properties":{"id":"osm:w379166059","name":null,"num_floors":null,"building_class":null,"final_height":8.6,"source_height":"osm_height","wd":"#ddccad","wg":"#e2c8a2","wn":"#23232a","rd":"#8a755e","rg":"#a48261","rn":"#13141f"}},{"type":"Feature","geometry":{"type":"Polygon","coordinates":[[[-97.749654,30.27344],[-97.749662,30.273419],[-97.749685,30.273425],[-97.749708,30.27336],[-97.749789,30.273382],[-97.7498,30.273352],[-97.749855,30.273367],[-97.749842,30.273402],[-97.750095,30.27347],[-97.75005,30.273594],[-97.749875,30.273547],[-97.749886,30.273518],[-97.749828,30.273502],[-97.749817,30.273533],[-97.749783,30.273524],[-97.749787,30.273513],[-97.749642,30.273474],[-97.749654,30.27344]]]},"properties":{"id":"osm:w379166060","name":null,"num_floors":null,"building_class":null,"final_height":14.7,"source_height":"osm_height","wd":"#e4ddcd","wg":"#e8d6bd","wn":"#24262e","rd":"#928978","rg":"#aa9275","rn":"#1a1b26"}},{"type":"Feature","geometry":{"type":"Polygon","coordinates":[[[-97.743467,30.271816],[-97.743591,30.271481],[-97.744009,30.271598],[-97.7439008,30.2718904],[-97.743885,30.271933],[-97.743467,30.271816]]]},"properties":{"id":"osm:w379166062","name":"9th St Garage","num_floors":null,"building_class":null,"final_height":29.4,"source_height":"osm_height","wd":"#ae7153","wg":"#bb7b57","wn":"#1d191f","rd":"#5e432c","rg":"#815b3a","rn":"#10111c"}},{"type":"Feature","geometry":{"type":"Polygon","coordinates":[[[-97.7491752,30.2731699],[-97.7491872,30.2731369],[-97.7491952,30.2731389],[-97.7492012,30.2731219],[-97.7493202,30.2731539],[-97.7493062,30.2731929],[-97.7493162,30.2731959],[-97.7493032,30.2732309],[-97.7492932,30.2732279],[-97.7492842,30.2732519],[-97.7492572,30.2732449],[-97.7492492,30.2732679],[-97.7491972,30.2732539],[-97.7491862,30.2732819],[-97.7491392,30.2732689],[-97.7491752,30.2731699]]]},"properties":{"id":"osm:w379166063","name":null,"num_floors":null,"building_class":null,"final_height":8.8,"source_height":"osm_height","wd":"#9ea8b4","wg":"#aeaaa8","wn":"#1b1f2b","rd":"#59626c","rg":"#7e746c","rn":"#0e121f"}},{"type":"Feature","geometry":{"type":"Polygon","coordinates":[[[-97.746952,30.27259],[-97.746958,30.272576],[-97.747114,30.272621],[-97.7471,30.272656],[-97.747113,30.27266],[-97.747096,30.272707],[-97.746926,30.272659],[-97.746952,30.27259]]]},"properties":{"id":"osm:w379166064","name":null,"num_floors":null,"building_class":null,"final_height":5.5,"source_height":"osm_height","wd":"#b1775a","wg":"#bd805d","wn":"#1e1920","rd":"#63462e","rg":"#855e3b","rn":"#10111c"}},{"type":"Feature","geometry":{"type":"Polygon","coordinates":[[[-97.749151,30.273287],[-97.74926,30.273315],[-97.749238,30.273381],[-97.749272,30.273389],[-97.749255,30.273441],[-97.749219,30.273432],[-97.749218,30.273436],[-97.749106,30.273408],[-97.749105,30.273411],[-97.749036,30.273393],[-97.749055,30.273337],[-97.749061,30.273339],[-97.74908,30.273281],[-97.749147,30.273298],[-97.749151,30.273287]]]},"properties":{"id":"osm:w379166065","name":null,"num_floors":null,"building_class":null,"final_height":9.7,"source_height":"osm_height","wd":"#b47c60","wg":"#c08562","wn":"#1e1a21","rd":"#664930","rg":"#88603d","rn":"#10111c"}},{"type":"Feature","geometry":{"type":"Polygon","coordinates":[[[-97.7473475,30.2729216],[-97.7473585,30.2728816],[-97.7474085,30.2728916],[-97.7473985,30.2729316],[-97.7473475,30.2729216]]]},"properties":{"id":"osm:w379166067","name":null,"num_floors":null,"building_class":null,"final_height":4.5,"source_height":"default_by_area","wd":"#e7e0d2","wg":"#ebd9c1","wn":"#24262e","rd":"#948b7a","rg":"#ac9476","rn":"#1a1c27"}},{"type":"Feature","geometry":{"type":"Polygon","coordinates":[[[-97.746359,30.272503],[-97.74637,30.272506],[-97.746385,30.272466],[-97.746428,30.272478],[-97.746438,30.272449],[-97.746522,30.272473],[-97.74651,30.272503],[-97.746585,30.272524],[-97.746568,30.272569],[-97.746592,30.272576],[-97.746553,30.272682],[-97.746476,30.27266],[-97.746485,30.272636],[-97.746338,30.272595],[-97.746353,30.272553],[-97.746329,30.272546],[-97.746346,30.2725],[-97.746359,30.272503]]]},"properties":{"id":"osm:w379166068","name":null,"num_floors":null,"building_class":null,"final_height":11.1,"source_height":"osm_height","wd":"#d5c19c","wg":"#dcbf94","wn":"#222228","rd":"#816d58","rg":"#9d7c5c","rn":"#10121d"}},{"type":"Feature","geometry":{"type":"Polygon","coordinates":[[[-97.749502,30.273796],[-97.749533,30.273715],[-97.749523,30.273712],[-97.749545,30.273656],[-97.749552,30.273658],[-97.749619,30.273485],[-97.749645,30.273493],[-97.749623,30.273549],[-97.749668,30.273562],[-97.749679,30.273534],[-97.749956,30.27361],[-97.749945,30.273639],[-97.749993,30.273653],[-97.749966,30.273723],[-97.749998,30.273732],[-97.749983,30.27377],[-97.749821,30.273723],[-97.749763,30.273872],[-97.749502,30.273796]]]},"properties":{"id":"osm:w379166070","name":null,"num_floors":null,"building_class":null,"final_height":11.9,"source_height":"osm_height","wd":"#aeb6a3","wg":"#bbb59a","wn":"#1d2129","rd":"#616859","rg":"#84785d","rn":"#0f121e"}},{"type":"Feature","geometry":{"type":"Polygon","coordinates":[[[-97.748354,30.273522],[-97.748371,30.273466],[-97.74839,30.273471],[-97.748398,30.273446],[-97.748468,30.273463],[-97.74846,30.273487],[-97.748479,30.273492],[-97.748462,30.273545],[-97.748478,30.273549],[-97.748461,30.273602],[-97.748442,30.273597],[-97.748436,30.273616],[-97.748332,30.273591],[-97.748354,30.273522]]]},"properties":{"id":"osm:w379166071","name":null,"num_floors":null,"building_class":null,"final_height":10.6,"source_height":"osm_height","wd":"#b9856b","wg":"#c48c6b","wn":"#1f1b22","rd":"#6d4d33","rg":"#8d633f","rn":"#10111c"}},{"type":"Feature","geometry":{"type":"Polygon","coordinates":[[[-97.747932,30.2733033],[-97.747954,30.2732443],[-97.747983,30.2732523],[-97.747987,30.2732423],[-97.747995,30.2732443],[-97.748006,30.2732143],[-97.748042,30.2732253],[-97.748052,30.2731993],[-97.748123,30.2732203],[-97.74807,30.2733493],[-97.747971,30.2733213],[-97.747971,30.2733183],[-97.74793,30.2733073],[-97.747932,30.2733033]]]},"properties":{"id":"osm:w379166072","name":null,"num_floors":null,"building_class":null,"final_height":11.2,"source_height":"osm_height","wd":"#d4c9b0","wg":"#dbc5a5","wn":"#22232a","rd":"#847b6b","rg":"#9f876b","rn":"#141621"}},{"type":"Feature","geometry":{"type":"Polygon","coordinates":[[[-97.744189,30.27238],[-97.744059,30.272345],[-97.744047,30.2723],[-97.744059,30.272267],[-97.744102,30.272239],[-97.744122,30.272183],[-97.744335,30.272241],[-97.744266,30.272431],[-97.744186,30.27241],[-97.744196,30.272382],[-97.744189,30.27238]]]},"properties":{"id":"osm:w379166075","name":null,"num_floors":null,"building_class":null,"final_height":11.1,"source_height":"osm_height","wd":"#bb8970","wg":"#c6906f","wn":"#1f1b22","rd":"#704f35","rg":"#8f6541","rn":"#10111c"}},{"type":"Feature","geometry":{"type":"Polygon","coordinates":[[[-97.749708,30.274014],[-97.749664,30.274],[-97.749661,30.274007],[-97.749636,30.274],[-97.749639,30.273993],[-97.749591,30.273978],[-97.749589,30.273984],[-97.74956,30.273975],[-97.749564,30.273967],[-97.749522,30.273954],[-97.749527,30.273942],[-97.749486,30.273929],[-97.749518,30.27385],[-97.749645,30.273886],[-97.749658,30.273855],[-97.749767,30.273889],[-97.749715,30.274016],[-97.749708,30.274014]]]},"properties":{"id":"osm:w379166076","name":null,"num_floors":null,"building_class":null,"final_height":13.8,"source_height":"osm_height","wd":"#c7b39b","wg":"#d0b393","wn":"#202028","rd":"#776651","rg":"#957756","rn":"#10121d"}},{"type":"Feature","geometry":{"type":"Polygon","coordinates":[[[-97.750028,30.274573],[-97.750025,30.274572],[-97.750029,30.274562],[-97.749993,30.274552],[-97.750045,30.274403],[-97.750147,30.27443],[-97.750163,30.274452],[-97.750116,30.274587],[-97.750071,30.274575],[-97.750067,30.274584],[-97.750028,30.274573]]]},"properties":{"id":"osm:w379166083","name":null,"num_floors":null,"building_class":null,"final_height":6.1,"source_height":"osm_height","wd":"#d3be97","wg":"#dabc90","wn":"#222227","rd":"#7e6b56","rg":"#9a7b5a","rn":"#10121d"}},{"type":"Feature","geometry":{"type":"Polygon","coordinates":[[[-97.743295,30.273212],[-97.74332,30.273139],[-97.743332,30.273143],[-97.743383,30.272996],[-97.743464,30.273017],[-97.743421,30.273139],[-97.743396,30.273132],[-97.743387,30.273158],[-97.743409,30.273164],[-97.743384,30.273235],[-97.743295,30.273212]]]},"properties":{"id":"osm:w379166084","name":"Governor's Carriage House","num_floors":null,"building_class":null,"final_height":12.1,"source_height":"osm_height","wd":"#eae6dc","wg":"#eddeca","wn":"#25272f","rd":"#8a8d80","rg":"#a4957b","rn":"#191d28"}},{"type":"Feature","geometry":{"type":"Polygon","coordinates":[[[-97.750634,30.275062],[-97.750665,30.275075],[-97.750648,30.275109],[-97.7506,30.27509],[-97.750617,30.275059],[-97.750588,30.275051],[-97.750619,30.274966],[-97.750708,30.27499],[-97.750679,30.275071],[-97.750635,30.275059],[-97.750634,30.275062]]]},"properties":{"id":"osm:w379166085","name":null,"num_floors":null,"building_class":null,"final_height":8.2,"source_height":"osm_height","wd":"#dbcaaa","wg":"#e1c6a0","wn":"#232329","rd":"#88735d","rg":"#a28160","rn":"#12141f"}},{"type":"Feature","geometry":{"type":"Polygon","coordinates":[[[-97.748696,30.275938],[-97.74869,30.275936],[-97.748715,30.275872],[-97.7487,30.275868],[-97.748713,30.275833],[-97.748705,30.275831],[-97.748718,30.275798],[-97.748905,30.275848],[-97.748859,30.275965],[-97.748761,30.275935],[-97.748753,30.275956],[-97.748696,30.275938]]]},"properties":{"id":"osm:w379166086","name":null,"num_floors":null,"building_class":null,"final_height":8.1,"source_height":"osm_height","wd":"#bda588","wg":"#c8a783","wn":"#1f1f25","rd":"#6d5d4a","rg":"#8d7051","rn":"#10121d"}},{"type":"Feature","geometry":{"type":"Polygon","coordinates":[[[-97.7468467,30.275436],[-97.7467997,30.275425],[-97.7468007,30.275422],[-97.7467757,30.275416],[-97.7468227,30.275272],[-97.7469457,30.275302],[-97.7468987,30.275448],[-97.7468907,30.275446],[-97.7468857,30.275462],[-97.7468507,30.275454],[-97.7468557,30.275438],[-97.7468467,30.275436]]]},"properties":{"id":"osm:w379166088","name":null,"num_floors":null,"building_class":null,"final_height":8.8,"source_height":"osm_height","wd":"#baa184","wg":"#c5a480","wn":"#1f1e25","rd":"#6a5b48","rg":"#8b6e4f","rn":"#10121d"}},{"type":"Feature","geometry":{"type":"Polygon","coordinates":[[[-97.749577,30.275423],[-97.749545,30.275415],[-97.74955,30.275402],[-97.749513,30.275392],[-97.749516,30.275385],[-97.7495,30.275382],[-97.749532,30.275293],[-97.749597,30.275312],[-97.749599,30.275307],[-97.749653,30.275322],[-97.749612,30.275433],[-97.749577,30.275423]]]},"properties":{"id":"osm:w379166089","name":null,"num_floors":null,"building_class":null,"final_height":10.4,"source_height":"osm_height","wd":"#dcccad","wg":"#e2c8a2","wn":"#23232a","rd":"#89755e","rg":"#a38261","rn":"#12141f"}},{"type":"Feature","geometry":{"type":"Polygon","coordinates":[[[-97.750086,30.274083],[-97.750018,30.274064],[-97.750052,30.273975],[-97.749964,30.27395],[-97.749961,30.273957],[-97.749925,30.273946],[-97.749927,30.27394],[-97.749915,30.273937],[-97.749947,30.273854],[-97.750223,30.273932],[-97.750159,30.274104],[-97.750086,30.274083]]]},"properties":{"id":"osm:w379166090","name":null,"num_floors":null,"building_class":null,"final_height":12.5,"source_height":"osm_height","wd":"#bba285","wg":"#c6a581","wn":"#1f1e25","rd":"#6b5c49","rg":"#8c6f50","rn":"#10121d"}},{"type":"Feature","geometry":{"type":"Polygon","coordinates":[[[-97.7475605,30.2726396],[-97.7476245,30.2726536],[-97.7475945,30.2727596],[-97.7476205,30.2727646],[-97.7476085,30.2728056],[-97.7475635,30.2727966],[-97.7475575,30.2728186],[-97.7474685,30.2727996],[-97.7474765,30.2727736],[-97.7474625,30.2727706],[-97.7475075,30.2726286],[-97.7475605,30.2726396]]]},"properties":{"id":"osm:w379166091","name":null,"num_floors":null,"building_class":null,"final_height":7.7,"source_height":"osm_height","wd":"#dbd2bd","wg":"#e1cdb0","wn":"#23242c","rd":"#8a8270","rg":"#a48d6f","rn":"#161823"}},{"type":"Feature","geometry":{"type":"Polygon","coordinates":[[[-97.748615,30.273675],[-97.748582,30.273666],[-97.748591,30.273639],[-97.748542,30.273626],[-97.748586,30.273506],[-97.748706,30.273538],[-97.74869,30.273581],[-97.748712,30.273587],[-97.748684,30.273664],[-97.748637,30.273651],[-97.748627,30.273678],[-97.748615,30.273675]]]},"properties":{"id":"osm:w379166094","name":null,"num_floors":null,"building_class":null,"final_height":8.7,"source_height":"osm_height","wd":"#bfc5b7","wg":"#c9c2ab","wn":"#1f232b","rd":"#6c7462","rg":"#8c8264","rn":"#0f121e"}},{"type":"Feature","geometry":{"type":"Polygon","coordinates":[[[-97.750283,30.272409],[-97.7502266,30.2723928],[-97.750217,30.27239],[-97.750234,30.272347],[-97.75026,30.272354],[-97.750286,30.272285],[-97.750456,30.272333],[-97.75045,30.272349],[-97.750479,30.272357],[-97.750463,30.272399],[-97.750447,30.272395],[-97.750426,30.272449],[-97.750283,30.272409]]]},"properties":{"id":"osm:w379166096","name":null,"num_floors":null,"building_class":null,"final_height":13.2,"source_height":"osm_height","wd":"#b1775a","wg":"#bd805d","wn":"#1e1920","rd":"#63462e","rg":"#855e3b","rn":"#10111c"}},{"type":"Feature","geometry":{"type":"Polygon","coordinates":[[[-97.747068,30.273628],[-97.747108,30.273517],[-97.747191,30.273539],[-97.747192,30.273534],[-97.747546,30.27363],[-97.74753,30.273675],[-97.74751,30.273669],[-97.747474,30.273769],[-97.747139,30.273678],[-97.747143,30.273668],[-97.747061,30.273646],[-97.747068,30.273628]]]},"properties":{"id":"osm:w379166097","name":null,"num_floors":null,"building_class":null,"final_height":26.4,"source_height":"osm_height","wd":"#decfb1","wg":"#e3caa6","wn":"#23242a","rd":"#8c775f","rg":"#a58461","rn":"#141520"}},{"type":"Feature","geometry":{"type":"Polygon","coordinates":[[[-97.7478285,30.2728786],[-97.7478715,30.2727396],[-97.7478865,30.2727426],[-97.7478935,30.2727206],[-97.7479395,30.2727316],[-97.7479335,30.2727506],[-97.7479425,30.2727526],[-97.7479475,30.2727356],[-97.7479895,30.2727456],[-97.7479845,30.2727626],[-97.7479975,30.2727656],[-97.7479525,30.2729086],[-97.7478285,30.2728786]]]},"properties":{"id":"osm:w379166098","name":null,"num_floors":null,"building_class":null,"final_height":6.9,"source_height":"osm_height","wd":"#b49979","wg":"#c09d77","wn":"#1e1d24","rd":"#645644","rg":"#866a4c","rn":"#10121d"}},{"type":"Feature","geometry":{"type":"Polygon","coordinates":[[[-97.744773,30.271523],[-97.744702,30.271502],[-97.744711,30.271479],[-97.744704,30.271477],[-97.744739,30.271386],[-97.7448,30.271403],[-97.744825,30.271338],[-97.744897,30.271359],[-97.744873,30.271422],[-97.744887,30.271426],[-97.744839,30.271552],[-97.74477,30.271532],[-97.744773,30.271523]]]},"properties":{"id":"osm:w379166100","name":null,"num_floors":null,"building_class":null,"final_height":8.1,"source_height":"osm_height","wd":"#d8c5a2","wg":"#dec299","wn":"#222328","rd":"#84705a","rg":"#9f7f5e","rn":"#10121e"}},{"type":"Feature","geometry":{"type":"Polygon","coordinates":[[[-97.749323,30.275624],[-97.749354,30.275632],[-97.749358,30.275622],[-97.749389,30.275632],[-97.749386,30.275639],[-97.749409,30.275645],[-97.749372,30.275743],[-97.749319,30.275728],[-97.749323,30.275716],[-97.749313,30.275707],[-97.749317,30.275696],[-97.749302,30.275679],[-97.749323,30.275624]]]},"properties":{"id":"osm:w379166103","name":null,"num_floors":null,"building_class":null,"final_height":4.7,"source_height":"osm_height","wd":"#a2694c","wg":"#b17551","wn":"#1c181e","rd":"#573e29","rg":"#7c5837","rn":"#10111c"}},{"type":"Feature","geometry":{"type":"Polygon","coordinates":[[[-97.7491,30.274726],[-97.749111,30.274696],[-97.749115,30.274697],[-97.749132,30.274655],[-97.749239,30.274687],[-97.749237,30.274692],[-97.749271,30.274702],[-97.749232,30.2748],[-97.7492,30.274791],[-97.749196,30.274801],[-97.749087,30.274768],[-97.749103,30.274728],[-97.7491,30.274726]]]},"properties":{"id":"osm:w379166105","name":null,"num_floors":null,"building_class":null,"final_height":9.5,"source_height":"osm_height","wd":"#c2ab91","wg":"#ccac8b","wn":"#202026","rd":"#72614d","rg":"#917353","rn":"#10121d"}},{"type":"Feature","geometry":{"type":"Polygon","coordinates":[[[-97.7476875,30.2728566],[-97.7477095,30.2727896],[-97.7476545,30.2727746],[-97.7476835,30.2726896],[-97.7476895,30.2726916],[-97.7476955,30.2726736],[-97.7478215,30.2727056],[-97.7478195,30.2727116],[-97.7478275,30.2727136],[-97.7477915,30.2728186],[-97.7477675,30.2728126],[-97.7477465,30.2728716],[-97.7476875,30.2728566]]]},"properties":{"id":"osm:w379166106","name":"Boardman-Webb-Bugg House","num_floors":null,"building_class":null,"final_height":10.9,"source_height":"osm_height","wd":"#c1aa8f","wg":"#cbab89","wn":"#201f26","rd":"#71614c","rg":"#907353","rn":"#10121d"}},{"type":"Feature","geometry":{"type":"Polygon","coordinates":[[[-97.751049,30.272551],[-97.75105,30.272547],[-97.751073,30.272553],[-97.751078,30.2725398],[-97.7511063,30.2724644],[-97.751108,30.27246],[-97.751227,30.272494],[-97.751193,30.272582],[-97.751213,30.272587],[-97.751184,30.272663],[-97.751164,30.272657],[-97.751162,30.272664],[-97.751031,30.272627],[-97.751046,30.272588],[-97.751035,30.272585],[-97.751049,30.272551]]]},"properties":{"id":"osm:w379166107","name":null,"num_floors":null,"building_class":null,"final_height":9.8,"source_height":"osm_height","wd":"#a4aeb9","wg":"#b3afac","wn":"#1c202b","rd":"#5c6570","rg":"#80766f","rn":"#0e121f"}},{"type":"Feature","geometry":{"type":"Polygon","coordinates":[[[-97.745768,30.274533],[-97.745626,30.274497],[-97.745734,30.274227],[-97.745779,30.274239],[-97.745791,30.274206],[-97.745903,30.274234],[-97.745913,30.274205],[-97.745986,30.274224],[-97.745967,30.274279],[-97.745953,30.274276],[-97.745888,30.274471],[-97.745821,30.274455],[-97.745792,30.27454],[-97.745768,30.274533]]]},"properties":{"id":"osm:w379166109","name":null,"num_floors":null,"building_class":null,"final_height":18.7,"source_height":"osm_height","wd":"#ceb68b","wg":"#d6b586","wn":"#212126","rd":"#786652","rg":"#967757","rn":"#10121d"}},{"type":"Feature","geometry":{"type":"Polygon","coordinates":[[[-97.748511,30.272981],[-97.748514,30.27298],[-97.748533,30.272932],[-97.748551,30.272937],[-97.748555,30.272926],[-97.748581,30.272934],[-97.748587,30.272918],[-97.748664,30.272941],[-97.748635,30.273016],[-97.748671,30.273027],[-97.748656,30.273065],[-97.748622,30.273055],[-97.748621,30.273059],[-97.748495,30.273021],[-97.748511,30.272981]]]},"properties":{"id":"osm:w379166111","name":null,"num_floors":null,"building_class":null,"final_height":9.2,"source_height":"osm_height","wd":"#c3ae94","wg":"#cdaf8d","wn":"#202027","rd":"#73634e","rg":"#927454","rn":"#10121d"}},{"type":"Feature","geometry":{"type":"Polygon","coordinates":[[[-97.749083,30.275283],[-97.74908,30.275292],[-97.749087,30.275294],[-97.749081,30.275312],[-97.749076,30.275311],[-97.749061,30.275354],[-97.748909,30.275316],[-97.74891,30.275313],[-97.748888,30.275307],[-97.74891,30.275242],[-97.74893,30.275247],[-97.748932,30.275242],[-97.74906,30.275274],[-97.749059,30.275277],[-97.749083,30.275283]]]},"properties":{"id":"osm:w379166112","name":null,"num_floors":null,"building_class":null,"final_height":10.4,"source_height":"osm_height","wd":"#b5bdc6","wg":"#c1bbb7","wn":"#1e222d","rd":"#646e7a","rg":"#867d76","rn":"#0f121f"}},{"type":"Feature","geometry":{"type":"Polygon","coordinates":[[[-97.750247,30.274457],[-97.750303,30.274473],[-97.750297,30.27449],[-97.750307,30.274493],[-97.750269,30.274603],[-97.75026,30.2746],[-97.750253,30.274619],[-97.750168,30.274596],[-97.750163,30.27461],[-97.750143,30.274605],[-97.750155,30.274572],[-97.750146,30.274569],[-97.750185,30.274462],[-97.750197,30.274465],[-97.750205,30.274446],[-97.750247,30.274457]]]},"properties":{"id":"osm:w379166114","name":null,"num_floors":null,"building_class":null,"final_height":8.6,"source_height":"osm_height","wd":"#af7455","wg":"#bc7e58","wn":"#1e191f","rd":"#60442d","rg":"#835c3a","rn":"#10111c"}},{"type":"Feature","geometry":{"type":"Polygon","coordinates":[[[-97.748764,30.27567],[-97.748772,30.275648],[-97.74878,30.27565],[-97.748793,30.275612],[-97.748941,30.275651],[-97.748922,30.275704],[-97.748936,30.275708],[-97.748927,30.275735],[-97.748916,30.275733],[-97.74891,30.27575],[-97.748849,30.275734],[-97.748855,30.275717],[-97.748775,30.275696],[-97.748779,30.275683],[-97.748761,30.275679],[-97.748764,30.27567]]]},"properties":{"id":"osm:w379166116","name":null,"num_floors":null,"building_class":null,"final_height":9.5,"source_height":"osm_height","wd":"#e2d4ba","wg":"#e7cfad","wn":"#24242b","rd":"#907a62","rg":"#a88664","rn":"#151621"}},{"type":"Feature","geometry":{"type":"Polygon","coordinates":[[[-97.7431316,30.2724864],[-97.7431561,30.2724946],[-97.7431655,30.2725144],[-97.7431563,30.2725343],[-97.7431335,30.2725437],[-97.7431081,30.2725367],[-97.7430971,30.272517],[-97.7431052,30.2724949],[-97.7431316,30.2724864]]]},"properties":{"id":"osm:w379166117","name":null,"num_floors":null,"building_class":null,"final_height":4.5,"source_height":"default_by_area","wd":"#b67f64","wg":"#c28765","wn":"#1e1a21","rd":"#694a31","rg":"#8a613e","rn":"#10111c"}},{"type":"Feature","geometry":{"type":"Polygon","coordinates":[[[-97.746939,30.2714],[-97.746959,30.271406],[-97.746951,30.271424],[-97.746963,30.271428],[-97.746941,30.271482],[-97.746936,30.271481],[-97.746929,30.271499],[-97.746889,30.271487],[-97.746897,30.271469],[-97.746853,30.271455],[-97.746846,30.271473],[-97.746734,30.271437],[-97.746761,30.271372],[-97.746778,30.271377],[-97.746798,30.27133],[-97.746897,30.271361],[-97.746887,30.271384],[-97.746939,30.2714]]]},"properties":{"id":"osm:w379166118","name":null,"num_floors":null,"building_class":null,"final_height":14.5,"source_height":"osm_height","wd":"#d3c6ad","wg":"#dac3a2","wn":"#22232a","rd":"#827a69","rg":"#9e8669","rn":"#131520"}},{"type":"Feature","geometry":{"type":"Polygon","coordinates":[[[-97.750421,30.275246],[-97.750419,30.275245],[-97.750427,30.275224],[-97.750351,30.275202],[-97.750367,30.27516],[-97.750382,30.275165],[-97.750408,30.275097],[-97.750424,30.275101],[-97.750429,30.27509],[-97.750455,30.275097],[-97.750459,30.275086],[-97.750446,30.275082],[-97.750457,30.275054],[-97.75047,30.275058],[-97.750478,30.275037],[-97.750553,30.275059],[-97.750476,30.275262],[-97.750421,30.275246]]]},"properties":{"id":"osm:w379166121","name":null,"num_floors":null,"building_class":null,"final_height":7.9,"source_height":"osm_height","wd":"#dbcaa9","wg":"#e1c69f","wn":"#232329","rd":"#88735d","rg":"#a28160","rn":"#12141f"}},{"type":"Feature","geometry":{"type":"Polygon","coordinates":[[[-97.7403445,30.271111],[-97.7406528,30.2711983],[-97.740754,30.2712269],[-97.7407138,30.2713329],[-97.7407961,30.2713562],[-97.7407828,30.2713911],[-97.740773,30.2713883],[-97.7407382,30.27148],[-97.7406349,30.2714508],[-97.7406327,30.2714565],[-97.7406022,30.2714479],[-97.7406052,30.2714399],[-97.7405504,30.2714244],[-97.7405515,30.2714213],[-97.7402582,30.2713383],[-97.7403445,30.271111]]]},"properties":{"id":"osm:w379166122","name":"KTBC Studios","num_floors":null,"building_class":null,"final_height":32.3,"source_height":"osm_height","wd":"#b1775a","wg":"#bd805d","wn":"#1e1920","rd":"#63462e","rg":"#855e3b","rn":"#10111c"}},{"type":"Feature","geometry":{"type":"Polygon","coordinates":[[[-97.748799,30.274212],[-97.748805,30.274193],[-97.748763,30.274183],[-97.748777,30.274143],[-97.748771,30.274142],[-97.748791,30.274082],[-97.748797,30.274084],[-97.748814,30.274032],[-97.748961,30.27407],[-97.748941,30.274129],[-97.748956,30.274133],[-97.748937,30.274189],[-97.74892,30.274184],[-97.748907,30.274225],[-97.748851,30.274211],[-97.748839,30.274244],[-97.748823,30.27424],[-97.74883,30.27422],[-97.748799,30.274212]]]},"properties":{"id":"osm:w379166124","name":null,"num_floors":null,"building_class":null,"final_height":14.8,"source_height":"osm_height","wd":"#ba876d","wg":"#c58e6d","wn":"#1f1b22","rd":"#6e4e34","rg":"#8e6440","rn":"#10111c"}},{"type":"Feature","geometry":{"type":"Polygon","coordinates":[[[-97.747975,30.27453],[-97.747971,30.274529],[-97.748008,30.274422],[-97.748022,30.274425],[-97.748025,30.274433],[-97.748036,30.274428],[-97.748033,30.274422],[-97.748077,30.274406],[-97.748082,30.274419],[-97.748094,30.274416],[-97.748097,30.274409],[-97.748164,30.274426],[-97.748144,30.274483],[-97.748156,30.274486],[-97.748143,30.274525],[-97.748123,30.27452],[-97.748105,30.274574],[-97.748053,30.274561],[-97.748057,30.27455],[-97.747975,30.27453]]]},"properties":{"id":"osm:w379166127","name":null,"num_floors":null,"building_class":null,"final_height":10.6,"source_height":"osm_height","wd":"#d5c9b1","wg":"#dcc5a6","wn":"#22232a","rd":"#847c6b","rg":"#9f886b","rn":"#141621"}},{"type":"Feature","geometry":{"type":"Polygon","coordinates":[[[-97.7487026,30.2745387],[-97.7486845,30.2745893],[-97.7486977,30.2745928],[-97.7486872,30.2746219],[-97.7487264,30.2746324],[-97.7487203,30.2746495],[-97.7487338,30.2746531],[-97.7487303,30.2746627],[-97.7488016,30.2746818],[-97.7487717,30.2747654],[-97.748708,30.2747484],[-97.7487051,30.2747564],[-97.748648,30.2747412],[-97.7486511,30.2747325],[-97.7485869,30.2747153],[-97.7486422,30.2745608],[-97.7486304,30.2745576],[-97.7486429,30.2745227],[-97.7487026,30.2745387]]]},"properties":{"id":"osm:w379166129","name":null,"num_floors":null,"building_class":null,"final_height":10.9,"source_height":"osm_height","wd":"#e0d7c5","wg":"#e5d1b6","wn":"#23252d","rd":"#8e8573","rg":"#a78f71","rn":"#181a24"}},{"type":"Feature","geometry":{"type":"Polygon","coordinates":[[[-97.746651,30.27098],[-97.746649,30.270984],[-97.746653,30.270985],[-97.746647,30.271002],[-97.746641,30.271],[-97.746635,30.271015],[-97.74664,30.271016],[-97.746634,30.271031],[-97.746626,30.271029],[-97.746619,30.271046],[-97.746627,30.271048],[-97.746621,30.271061],[-97.746615,30.271059],[-97.74661,30.271071],[-97.746594,30.271067],[-97.746591,30.271074],[-97.746561,30.271064],[-97.746563,30.271058],[-97.746534,30.271049],[-97.746531,30.271056],[-97.746515,30.271051],[-97.746517,30.271045],[-97.74649,30.271037],[-97.746488,30.271042],[-97.746442,30.271028],[-97.746443,30.271024],[-97.746434,30.271022],[-97.746433,30.271024],[-97.746357,30.271001],[-97.746386,30.270929],[-97.74655,30.270979],[-97.746566,30.270941],[-97.74656,30.270939],[-97.746571,30.270912],[-97.746652,30.270937],[-97.746643,30.270959],[-97.746657,30.270963],[-97.746651,30.27098]]]},"properties":{"id":"osm:w379166134","name":null,"num_floors":null,"building_class":null,"final_height":14.3,"source_height":"osm_height","wd":"#a9b2bd","wg":"#b7b2b0","wn":"#1d202c","rd":"#5e6873","rg":"#817871","rn":"#0e121f"}},{"type":"Feature","geometry":{"type":"Polygon","coordinates":[[[-97.748039,30.271035],[-97.748069,30.270955],[-97.748125,30.270972],[-97.748097,30.271051],[-97.748039,30.271035]]]},"properties":{"id":"osm:w379166138","name":null,"num_floors":null,"building_class":null,"final_height":8.1,"source_height":"osm_height","wd":"#a1abb7","wg":"#b0acab","wn":"#1c202b","rd":"#5a646e","rg":"#7e756d","rn":"#0e121f"}},{"type":"Feature","geometry":{"type":"Polygon","coordinates":[[[-97.740726,30.271334],[-97.740747,30.271279],[-97.740804,30.271295],[-97.740782,30.27135],[-97.740726,30.271334]]]},"properties":{"id":"osm:w379166139","name":null,"num_floors":null,"building_class":null,"final_height":10.2,"source_height":"osm_height","wd":"#c2ab91","wg":"#ccac8b","wn":"#202026","rd":"#72614d","rg":"#917353","rn":"#10121d"}},{"type":"Feature","geometry":{"type":"Polygon","coordinates":[[[-97.746186,30.274568],[-97.746221,30.27447],[-97.74627,30.274483],[-97.746236,30.274582],[-97.746186,30.274568]]]},"properties":{"id":"osm:w379166143","name":null,"num_floors":null,"building_class":null,"final_height":4.2,"source_height":"osm_height","wd":"#c5af96","wg":"#ceaf8f","wn":"#202027","rd":"#75644f","rg":"#937555","rn":"#10121d"}},{"type":"Feature","geometry":{"type":"Polygon","coordinates":[[[-97.750077,30.274743],[-97.750099,30.274683],[-97.750216,30.274716],[-97.750193,30.274776],[-97.750077,30.274743]]]},"properties":{"id":"osm:w379166144","name":null,"num_floors":null,"building_class":null,"final_height":7.5,"source_height":"osm_height","wd":"#a1684c","wg":"#b07451","wn":"#1c171e","rd":"#563d29","rg":"#7b5737","rn":"#10111c"}},{"type":"Feature","geometry":{"type":"Polygon","coordinates":[[[-97.735959,30.2719],[-97.735972,30.271862],[-97.73602,30.271875],[-97.736007,30.271913],[-97.735959,30.2719]]]},"properties":{"id":"osm:w379166147","name":null,"num_floors":null,"building_class":null,"final_height":4.5,"source_height":"default_by_area","wd":"#d0ba90","wg":"#d8b98a","wn":"#212126","rd":"#7b6854","rg":"#987859","rn":"#10121d"}},{"type":"Feature","geometry":{"type":"Polygon","coordinates":[[[-97.745807,30.274625],[-97.745825,30.274577],[-97.745871,30.27459],[-97.745853,30.274638],[-97.745807,30.274625]]]},"properties":{"id":"osm:w379166151","name":null,"num_floors":null,"building_class":null,"final_height":4.5,"source_height":"default_by_area","wd":"#dfcfb2","wg":"#e4caa6","wn":"#23242a","rd":"#8c7760","rg":"#a58462","rn":"#141520"}},{"type":"Feature","geometry":{"type":"Polygon","coordinates":[[[-97.749503,30.271523],[-97.749514,30.271491],[-97.749578,30.271508],[-97.749567,30.27154],[-97.749503,30.271523]]]},"properties":{"id":"osm:w379166161","name":null,"num_floors":null,"building_class":null,"final_height":3.3,"source_height":"osm_height","wd":"#c3ae94","wg":"#cdaf8d","wn":"#202027","rd":"#73634e","rg":"#927454","rn":"#10121d"}},{"type":"Feature","geometry":{"type":"Polygon","coordinates":[[[-97.745894,30.273575],[-97.745915,30.273516],[-97.746123,30.273572],[-97.746102,30.27363],[-97.745894,30.273575]]]},"properties":{"id":"osm:w379166171","name":null,"num_floors":null,"building_class":null,"final_height":9.3,"source_height":"osm_height","wd":"#dccbab","wg":"#e2c7a1","wn":"#23232a","rd":"#88745d","rg":"#a28260","rn":"#12141f"}},{"type":"Feature","geometry":{"type":"Polygon","coordinates":[[[-97.744886,30.274521],[-97.744908,30.274462],[-97.744981,30.274482],[-97.74496,30.274541],[-97.744886,30.274521]]]},"properties":{"id":"osm:w379166174","name":null,"num_floors":null,"building_class":null,"final_height":4.1,"source_height":"osm_height","wd":"#b68065","wg":"#c28866","wn":"#1e1a21","rd":"#694b31","rg":"#8a623e","rn":"#10111c"}},{"type":"Feature","geometry":{"type":"Polygon","coordinates":[[[-97.749986,30.274729],[-97.750008,30.274669],[-97.750077,30.274688],[-97.750055,30.274748],[-97.749986,30.274729]]]},"properties":{"id":"osm:w379166178","name":null,"num_floors":null,"building_class":null,"final_height":7.0,"source_height":"osm_height","wd":"#a7b0bb","wg":"#b5b0ae","wn":"#1d202b","rd":"#5d6772","rg":"#817870","rn":"#0e121f"}},{"type":"Feature","geometry":{"type":"Polygon","coordinates":[[[-97.749231,30.2735],[-97.74921,30.273552],[-97.749151,30.273536],[-97.749172,30.273485],[-97.749231,30.2735]]]},"properties":{"id":"osm:w379166179","name":null,"num_floors":null,"building_class":null,"final_height":4.0,"source_height":"osm_height","wd":"#baa184","wg":"#c5a480","wn":"#1f1e25","rd":"#6a5b48","rg":"#8b6e4f","rn":"#10121d"}},{"type":"Feature","geometry":{"type":"Polygon","coordinates":[[[-97.747362,30.27507],[-97.747381,30.275018],[-97.747478,30.275045],[-97.747459,30.275097],[-97.747362,30.27507]]]},"properties":{"id":"osm:w379166181","name":null,"num_floors":null,"building_class":null,"final_height":6.2,"source_height":"osm_height","wd":"#e0d0b4","wg":"#e5cba8","wn":"#23242b","rd":"#8d7860","rg":"#a68562","rn":"#141520"}},{"type":"Feature","geometry":{"type":"Polygon","coordinates":[[[-97.749328,30.275392],[-97.749383,30.27522],[-97.749503,30.275249],[-97.749447,30.275421],[-97.749328,30.275392]]]},"properties":{"id":"osm:w379166184","name":null,"num_floors":null,"building_class":null,"final_height":9.9,"source_height":"osm_height","wd":"#b59b7b","wg":"#c19f78","wn":"#1e1e24","rd":"#655745","rg":"#876b4d","rn":"#10121d"}},{"type":"Feature","geometry":{"type":"Polygon","coordinates":[[[-97.750636,30.274918],[-97.750659,30.27485],[-97.750756,30.274875],[-97.750733,30.274944],[-97.750636,30.274918]]]},"properties":{"id":"osm:w379166192","name":null,"num_floors":null,"building_class":null,"final_height":7.5,"source_height":"osm_height","wd":"#dccbac","wg":"#e2c7a1","wn":"#23232a","rd":"#89745d","rg":"#a38260","rn":"#12141f"}},{"type":"Feature","geometry":{"type":"Polygon","coordinates":[[[-97.749486,30.275608],[-97.749496,30.27558],[-97.749555,30.275596],[-97.749545,30.275624],[-97.749486,30.275608]]]},"properties":{"id":"osm:w379166199","name":null,"num_floors":null,"building_class":null,"final_height":4.5,"source_height":"default_by_area","wd":"#b88469","wg":"#c38b69","wn":"#1f1b22","rd":"#6c4d33","rg":"#8c633f","rn":"#10111c"}},{"type":"Feature","geometry":{"type":"Polygon","coordinates":[[[-97.747027,30.273772],[-97.747044,30.273723],[-97.747174,30.273762],[-97.747157,30.273811],[-97.747027,30.273772]]]},"properties":{"id":"osm:w379166203","name":null,"num_floors":null,"building_class":null,"final_height":3.0,"source_height":"osm_height","wd":"#c0c6b8","wg":"#cac3ac","wn":"#20232b","rd":"#6c7463","rg":"#8c8265","rn":"#0f121e"}},{"type":"Feature","geometry":{"type":"Polygon","coordinates":[[[-97.745553,30.27457],[-97.745566,30.274536],[-97.745645,30.274558],[-97.745633,30.274592],[-97.745553,30.27457]]]},"properties":{"id":"osm:w379166205","name":null,"num_floors":null,"building_class":null,"final_height":5.1,"source_height":"osm_height","wd":"#c3c9bc","wg":"#cdc5af","wn":"#20232c","rd":"#6e7765","rg":"#8e8466","rn":"#0f121e"}},{"type":"Feature","geometry":{"type":"Polygon","coordinates":[[[-97.749063,30.272367],[-97.749102,30.272267],[-97.749167,30.272286],[-97.749129,30.272386],[-97.749063,30.272367]]]},"properties":{"id":"osm:w379166206","name":null,"num_floors":null,"building_class":null,"final_height":8.9,"source_height":"osm_height","wd":"#c1c7b9","wg":"#cbc4ac","wn":"#20232b","rd":"#6d7563","rg":"#8d8265","rn":"#0f121e"}},{"type":"Feature","geometry":{"type":"Polygon","coordinates":[[[-97.750486,30.274879],[-97.75051,30.274809],[-97.750608,30.274835],[-97.750584,30.274904],[-97.750486,30.274879]]]},"properties":{"id":"osm:w379166208","name":null,"num_floors":null,"building_class":null,"final_height":7.7,"source_height":"osm_height","wd":"#bac1b1","wg":"#c5bfa6","wn":"#1f222a","rd":"#697160","rg":"#8a7f62","rn":"#0f121e"}},{"type":"Feature","geometry":{"type":"Polygon","coordinates":[[[-97.746603,30.272646],[-97.746608,30.272633],[-97.746708,30.272662],[-97.746684,30.272727],[-97.746584,30.272698],[-97.746603,30.272646]]]},"properties":{"id":"osm:w379166216","name":null,"num_floors":null,"building_class":null,"final_height":7.5,"source_height":"osm_height","wd":"#acb5a2","wg":"#b9b599","wn":"#1d2128","rd":"#606858","rg":"#83785c","rn":"#0f121e"}},{"type":"Feature","geometry":{"type":"Polygon","coordinates":[[[-97.7481305,30.2724238],[-97.7481514,30.2723635],[-97.7481972,30.2723759],[-97.748177,30.2724358],[-97.7481305,30.2724238]]]},"properties":{"id":"osm:w379166217","name":null,"num_floors":null,"building_class":"school","final_height":4.0,"source_height":"osm_height","wd":"#a16a51","wg":"#b07655","wn":"#1c181f","rd":"#67574b","rg":"#886b52","rn":"#10111e"}},{"type":"Feature","geometry":{"type":"Polygon","coordinates":[[[-97.750023,30.274868],[-97.749994,30.27486],[-97.750018,30.274794],[-97.750084,30.274812],[-97.75006,30.274878],[-97.750023,30.274868]]]},"properties":{"id":"osm:w379166218","name":null,"num_floors":null,"building_class":null,"final_height":3.0,"source_height":"osm_height","wd":"#c3c9bb","wg":"#cdc5ae","wn":"#20232b","rd":"#6e7665","rg":"#8e8366","rn":"#0f121e"}},{"type":"Feature","geometry":{"type":"Polygon","coordinates":[[[-97.750326,30.272121],[-97.750341,30.272084],[-97.750421,30.272108],[-97.750393,30.272177],[-97.750313,30.272153],[-97.750326,30.272121]]]},"properties":{"id":"osm:w379166219","name":null,"num_floors":null,"building_class":null,"final_height":8.2,"source_height":"osm_height","wd":"#b9a082","wg":"#c4a37e","wn":"#1f1e25","rd":"#695a47","rg":"#8a6d4f","rn":"#10121d"}},{"type":"Feature","geometry":{"type":"Polygon","coordinates":[[[-97.745351,30.273792],[-97.745383,30.273699],[-97.74546,30.273719],[-97.745427,30.273814],[-97.74535,30.273794],[-97.745351,30.273792]]]},"properties":{"id":"osm:w379166220","name":null,"num_floors":null,"building_class":null,"final_height":5.4,"source_height":"osm_height","wd":"#b0b8a6","wg":"#bdb79c","wn":"#1e2129","rd":"#636a5a","rg":"#857a5e","rn":"#0f121e"}},{"type":"Feature","geometry":{"type":"Polygon","coordinates":[[[-97.748479,30.274052],[-97.748487,30.274026],[-97.748558,30.274042],[-97.748531,30.274131],[-97.748459,30.274114],[-97.748479,30.274052]]]},"properties":{"id":"osm:w379166221","name":null,"num_floors":null,"building_class":null,"final_height":6.1,"source_height":"osm_height","wd":"#e6dfd0","wg":"#ead8c0","wn":"#24262e","rd":"#938a79","rg":"#ab9376","rn":"#1a1c26"}},{"type":"Feature","geometry":{"type":"Polygon","coordinates":[[[-97.744865,30.2713],[-97.744802,30.271283],[-97.744817,30.271242],[-97.744884,30.27126],[-97.744869,30.271301],[-97.744865,30.2713]]]},"properties":{"id":"osm:w379166225","name":null,"num_floors":null,"building_class":null,"final_height":4.5,"source_height":"default_by_area","wd":"#a56c4e","wg":"#b37752","wn":"#1c181e","rd":"#593f2a","rg":"#7e5838","rn":"#10111c"}},{"type":"Feature","geometry":{"type":"Polygon","coordinates":[[[-97.74948,30.274661],[-97.749425,30.274645],[-97.749447,30.274586],[-97.749516,30.274605],[-97.749494,30.274665],[-97.74948,30.274661]]]},"properties":{"id":"osm:w379166227","name":null,"num_floors":null,"building_class":null,"final_height":4.5,"source_height":"default_by_area","wd":"#c6b199","wg":"#cfb191","wn":"#202027","rd":"#766550","rg":"#947656","rn":"#10121d"}},{"type":"Feature","geometry":{"type":"Polygon","coordinates":[[[-97.749381,30.272377],[-97.749347,30.272369],[-97.749364,30.272312],[-97.749403,30.272321],[-97.749385,30.272378],[-97.749381,30.272377]]]},"properties":{"id":"osm:w379166228","name":null,"num_floors":null,"building_class":null,"final_height":4.5,"source_height":"default_by_area","wd":"#dac8a7","wg":"#e0c49d","wn":"#232329","rd":"#87725c","rg":"#a1805f","rn":"#12131e"}},{"type":"Feature","geometry":{"type":"Polygon","coordinates":[[[-97.744177,30.272022],[-97.744135,30.27201],[-97.744262,30.271675],[-97.744412,30.271716],[-97.744284,30.272052],[-97.744177,30.272022]]]},"properties":{"id":"osm:w379166230","name":null,"num_floors":null,"building_class":null,"final_height":11.5,"source_height":"osm_height","wd":"#e2d5bb","wg":"#e7cfae","wn":"#24252b","rd":"#917b63","rg":"#a98765","rn":"#161721"}},{"type":"Feature","geometry":{"type":"Polygon","coordinates":[[[-97.748449,30.27333],[-97.748457,30.273307],[-97.748617,30.273348],[-97.748589,30.27343],[-97.748429,30.27339],[-97.748449,30.27333]]]},"properties":{"id":"osm:w379166231","name":null,"num_floors":null,"building_class":null,"final_height":8.4,"source_height":"osm_height","wd":"#b3bbc5","wg":"#bfbab6","wn":"#1e212d","rd":"#636e79","rg":"#857d76","rn":"#0e121f"}},{"type":"Feature","geometry":{"type":"Polygon","coordinates":[[[-97.750283,30.274817],[-97.750248,30.274807],[-97.750263,30.274764],[-97.750359,30.274792],[-97.750343,30.274834],[-97.750283,30.274817]]]},"properties":{"id":"osm:w379166232","name":null,"num_floors":null,"building_class":null,"final_height":4.5,"source_height":"default_by_area","wd":"#d5c19c","wg":"#dcbf94","wn":"#222228","rd":"#816d58","rg":"#9d7c5c","rn":"#10121d"}},{"type":"Feature","geometry":{"type":"Polygon","coordinates":[[[-97.750067,30.273795],[-97.750096,30.27371],[-97.7502,30.273736],[-97.75015,30.273883],[-97.750046,30.273857],[-97.750067,30.273795]]]},"properties":{"id":"osm:w379166235","name":null,"num_floors":null,"building_class":null,"final_height":9.6,"source_height":"osm_height","wd":"#b5bdc6","wg":"#c1bbb7","wn":"#1e222d","rd":"#646e7a","rg":"#867d76","rn":"#0f121f"}},{"type":"Feature","geometry":{"type":"Polygon","coordinates":[[[-97.747569,30.271336],[-97.747586,30.27129],[-97.747659,30.27131],[-97.74764,30.271365],[-97.747566,30.271345],[-97.747569,30.271336]]]},"properties":{"id":"osm:w379166236","name":null,"num_floors":null,"building_class":null,"final_height":5.3,"source_height":"osm_height","wd":"#e6dfd0","wg":"#ead8c0","wn":"#24262e","rd":"#938a79","rg":"#ab9376","rn":"#1a1c26"}},{"type":"Feature","geometry":{"type":"Polygon","coordinates":[[[-97.750095,30.272124],[-97.750123,30.272054],[-97.750306,30.272108],[-97.750272,30.2722],[-97.750087,30.272144],[-97.750095,30.272124]]]},"properties":{"id":"osm:w379166241","name":null,"num_floors":null,"building_class":null,"final_height":11.7,"source_height":"osm_height","wd":"#b07557","wg":"#bd7f5a","wn":"#1e191f","rd":"#61452e","rg":"#845d3b","rn":"#10111c"}},{"type":"Feature","geometry":{"type":"Polygon","coordinates":[[[-97.749277,30.272573],[-97.749254,30.272567],[-97.749269,30.27251],[-97.749333,30.272527],[-97.749318,30.272583],[-97.749277,30.272573]]]},"properties":{"id":"osm:w379166243","name":null,"num_floors":null,"building_class":null,"final_height":7.2,"source_height":"osm_height","wd":"#b78267","wg":"#c38a67","wn":"#1e1b21","rd":"#6b4c32","rg":"#8c623e","rn":"#10111c"}},{"type":"Feature","geometry":{"type":"Polygon","coordinates":[[[-97.744725,30.271263],[-97.744657,30.271244],[-97.744676,30.271191],[-97.744794,30.271224],[-97.744774,30.271277],[-97.744725,30.271263]]]},"properties":{"id":"osm:w379166244","name":null,"num_floors":null,"building_class":null,"final_height":7.0,"source_height":"osm_height","wd":"#bd8c73","wg":"#c89272","wn":"#1f1c23","rd":"#725136","rg":"#916641","rn":"#10111c"}},{"type":"Feature","geometry":{"type":"Polygon","coordinates":[[[-97.7509741,30.2750259],[-97.7510831,30.2747349],[-97.7511971,30.2747669],[-97.7510881,30.2750579],[-97.7509741,30.2750259]]]},"properties":{"id":"osm:w379166248","name":null,"num_floors":null,"building_class":null,"final_height":8.7,"source_height":"osm_height","wd":"#bb896f","wg":"#c6906e","wn":"#1f1b22","rd":"#6f4f34","rg":"#8f6540","rn":"#10111c"}},{"type":"Feature","geometry":{"type":"Polygon","coordinates":[[[-97.749077,30.272154],[-97.749079,30.272148],[-97.749141,30.272164],[-97.74913,30.272198],[-97.749068,30.272182],[-97.749077,30.272154]]]},"properties":{"id":"osm:w379166249","name":null,"num_floors":null,"building_class":null,"final_height":4.7,"source_height":"osm_height","wd":"#e9e3d7","wg":"#eddbc6","wn":"#24262f","rd":"#968d7d","rg":"#ad9579","rn":"#1c1d28"}},{"type":"Feature","geometry":{"type":"Polygon","coordinates":[[[-97.747487,30.273967],[-97.747562,30.273985],[-97.747549,30.274025],[-97.747463,30.274005],[-97.747476,30.273965],[-97.747487,30.273967]]]},"properties":{"id":"osm:w379166250","name":null,"num_floors":null,"building_class":null,"final_height":6.1,"source_height":"osm_height","wd":"#dacfba","wg":"#e0caad","wn":"#23242b","rd":"#89806f","rg":"#a38b6e","rn":"#161823"}},{"type":"Feature","geometry":{"type":"Polygon","coordinates":[[[-97.7471254,30.27149],[-97.7471194,30.271489],[-97.7471394,30.271432],[-97.7472404,30.271459],[-97.7472204,30.271516],[-97.7471254,30.27149]]]},"properties":{"id":"osm:w379166251","name":null,"num_floors":null,"building_class":null,"final_height":10.1,"source_height":"osm_height","wd":"#cdbaa5","wg":"#d5b99c","wn":"#212129","rd":"#7d6b55","rg":"#9a7b5a","rn":"#10121d"}},{"type":"Feature","geometry":{"type":"Polygon","coordinates":[[[-97.749411,30.274809],[-97.749308,30.274779],[-97.749335,30.274711],[-97.749455,30.274746],[-97.749429,30.274814],[-97.749411,30.274809]]]},"properties":{"id":"osm:w379166252","name":null,"num_floors":null,"building_class":null,"final_height":9.8,"source_height":"osm_height","wd":"#a86d4f","wg":"#b67853","wn":"#1d181e","rd":"#5b402b","rg":"#7f5939","rn":"#10111c"}},{"type":"Feature","geometry":{"type":"Polygon","coordinates":[[[-97.747811,30.2732243],[-97.747865,30.2732383],[-97.747845,30.2732963],[-97.747776,30.2732783],[-97.747795,30.2732203],[-97.747811,30.2732243]]]},"properties":{"id":"osm:w379166255","name":null,"num_floors":null,"building_class":null,"final_height":5.0,"source_height":"osm_height","wd":"#b2baa8","wg":"#beb99e","wn":"#1e2129","rd":"#646b5b","rg":"#867b5e","rn":"#0f121e"}},{"type":"Feature","geometry":{"type":"Polygon","coordinates":[[[-97.750072,30.272918],[-97.749964,30.272884],[-97.749985,30.272835],[-97.750106,30.272869],[-97.750086,30.272923],[-97.750072,30.272918]]]},"properties":{"id":"osm:w379166260","name":null,"num_floors":null,"building_class":null,"final_height":8.4,"source_height":"osm_height","wd":"#95a0ae","wg":"#a6a3a3","wn":"#1a1e2a","rd":"#545d67","rg":"#7a7068","rn":"#0e121f"}},{"type":"Feature","geometry":{"type":"Polygon","coordinates":[[[-97.746988,30.273038],[-97.747002,30.273007],[-97.747045,30.273021],[-97.747015,30.27309],[-97.746972,30.273076],[-97.746988,30.273038]]]},"properties":{"id":"osm:w379166262","name":null,"num_floors":null,"building_class":null,"final_height":3.8,"source_height":"osm_height","wd":"#deceb0","wg":"#e3caa5","wn":"#23242a","rd":"#8b765f","rg":"#a58361","rn":"#131520"}},{"type":"Feature","geometry":{"type":"Polygon","coordinates":[[[-97.746902,30.272461],[-97.746955,30.272475],[-97.746937,30.272524],[-97.746875,30.272507],[-97.746893,30.272459],[-97.746902,30.272461]]]},"properties":{"id":"osm:w379166264","name":null,"num_floors":null,"building_class":null,"final_height":4.0,"source_height":"osm_height","wd":"#d1bb92","wg":"#d8ba8c","wn":"#222127","rd":"#7c6955","rg":"#99795a","rn":"#10121d"}},{"type":"Feature","geometry":{"type":"Polygon","coordinates":[[[-97.750565,30.275022],[-97.750511,30.275008],[-97.750534,30.274945],[-97.750592,30.274961],[-97.75057,30.275024],[-97.750565,30.275022]]]},"properties":{"id":"osm:w379166267","name":null,"num_floors":null,"building_class":null,"final_height":3.7,"source_height":"osm_height","wd":"#bca487","wg":"#c7a682","wn":"#1f1f25","rd":"#6c5d49","rg":"#8c7050","rn":"#10121d"}},{"type":"Feature","geometry":{"type":"Polygon","coordinates":[[[-97.742787,30.272381],[-97.7427544,30.2723715],[-97.742732,30.272365],[-97.7427485,30.2723192],[-97.742753,30.272305],[-97.7427718,30.27231],[-97.742813,30.272321],[-97.742791,30.272382],[-97.742787,30.272381]]]},"properties":{"id":"osm:w379166269","name":null,"num_floors":null,"building_class":null,"final_height":4.5,"source_height":"default_by_area","wd":"#eae4d7","wg":"#eddcc6","wn":"#25262f","rd":"#968e7d","rg":"#ad9679","rn":"#1c1d28"}},{"type":"Feature","geometry":{"type":"Polygon","coordinates":[[[-97.749589,30.271763],[-97.749547,30.271752],[-97.749567,30.271692],[-97.749674,30.27172],[-97.749653,30.27178],[-97.749589,30.271763]]]},"properties":{"id":"osm:w379166270","name":null,"num_floors":null,"building_class":null,"final_height":4.1,"source_height":"osm_height","wd":"#e2d4bb","wg":"#e7cfae","wn":"#24242b","rd":"#907b62","rg":"#a88764","rn":"#151621"}},{"type":"Feature","geometry":{"type":"Polygon","coordinates":[[[-97.748755,30.275779],[-97.748712,30.275769],[-97.748733,30.275713],[-97.748825,30.275735],[-97.748807,30.275792],[-97.748755,30.275779]]]},"properties":{"id":"osm:w379166272","name":null,"num_floors":null,"building_class":null,"final_height":5.3,"source_height":"osm_height","wd":"#b9a082","wg":"#c4a37e","wn":"#1f1e25","rd":"#695a47","rg":"#8a6d4f","rn":"#10121d"}},{"type":"Feature","geometry":{"type":"Polygon","coordinates":[[[-97.750704,30.274743],[-97.750751,30.27461],[-97.75084,30.274635],[-97.750793,30.274771],[-97.750742,30.274757],[-97.750743,30.274753],[-97.750704,30.274743]]]},"properties":{"id":"osm:w379166278","name":null,"num_floors":null,"building_class":null,"final_height":7.1,"source_height":"osm_height","wd":"#b0b8a5","wg":"#bdb79c","wn":"#1e2129","rd":"#626a5a","rg":"#857a5e","rn":"#0f121e"}},{"type":"Feature","geometry":{"type":"Polygon","coordinates":[[[-97.7471306,30.2755412],[-97.7471576,30.2754662],[-97.7471126,30.2754532],[-97.7471536,30.2753402],[-97.7473746,30.2754012],[-97.7473066,30.2755892],[-97.7471306,30.2755412]]]},"properties":{"id":"osm:w379166279","name":null,"num_floors":null,"building_class":null,"final_height":10.8,"source_height":"osm_height","wd":"#ba876d","wg":"#c58e6d","wn":"#1f1b22","rd":"#6e4e34","rg":"#8e6440","rn":"#10111c"}},{"type":"Feature","geometry":{"type":"Polygon","coordinates":[[[-97.739155,30.271293],[-97.739167,30.271336],[-97.739082,30.271352],[-97.739077,30.271332],[-97.739111,30.271326],[-97.739105,30.271303],[-97.739155,30.271293]]]},"properties":{"id":"osm:w379166282","name":null,"num_floors":null,"building_class":null,"final_height":4.5,"source_height":"default_by_area","wd":"#e0d8c6","wg":"#e5d2b7","wn":"#23252d","rd":"#8f8674","rg":"#a89072","rn":"#181a25"}},{"type":"Feature","geometry":{"type":"Polygon","coordinates":[[[-97.750633,30.274581],[-97.750715,30.274601],[-97.750702,30.274645],[-97.750699,30.274645],[-97.750672,30.274732],[-97.750591,30.274713],[-97.750633,30.274581]]]},"properties":{"id":"osm:w379166291","name":null,"num_floors":null,"building_class":null,"final_height":6.8,"source_height":"osm_height","wd":"#b6bec7","wg":"#c2bcb8","wn":"#1e222d","rd":"#646f7b","rg":"#867e77","rn":"#0f1320"}},{"type":"Feature","geometry":{"type":"Polygon","coordinates":[[[-97.746982,30.272514],[-97.747001,30.272462],[-97.747155,30.272504],[-97.747143,30.272537],[-97.747158,30.272541],[-97.747141,30.27259],[-97.746971,30.272544],[-97.746982,30.272514]]]},"properties":{"id":"osm:w379166292","name":null,"num_floors":null,"building_class":null,"final_height":5.4,"source_height":"osm_height","wd":"#c7b29a","wg":"#d0b292","wn":"#202027","rd":"#776651","rg":"#957756","rn":"#10121d"}},{"type":"Feature","geometry":{"type":"Polygon","coordinates":[[[-97.746883,30.272776],[-97.746882,30.272776],[-97.746911,30.272695],[-97.747063,30.272737],[-97.74705,30.272773],[-97.747066,30.272777],[-97.74705,30.272822],[-97.746883,30.272776]]]},"properties":{"id":"osm:w379166293","name":null,"num_floors":null,"building_class":null,"final_height":5.6,"source_height":"osm_height","wd":"#b1775a","wg":"#bd805d","wn":"#1e1920","rd":"#63462e","rg":"#855e3b","rn":"#10111c"}},{"type":"Feature","geometry":{"type":"Polygon","coordinates":[[[-97.748688,30.273367],[-97.748792,30.273394],[-97.748774,30.273446],[-97.74866,30.273417],[-97.748668,30.273394],[-97.748654,30.27339],[-97.748664,30.273361],[-97.748688,30.273367]]]},"properties":{"id":"osm:w379166294","name":null,"num_floors":null,"building_class":null,"final_height":3.5,"source_height":"osm_height","wd":"#a36a4d","wg":"#b27652","wn":"#1c181e","rd":"#583e29","rg":"#7d5837","rn":"#10111c"}},{"type":"Feature","geometry":{"type":"Polygon","coordinates":[[[-97.750283,30.272077],[-97.750124,30.272032],[-97.750135,30.272001],[-97.750302,30.272049],[-97.750301,30.272053],[-97.750344,30.272065],[-97.750334,30.272092],[-97.750283,30.272077]]]},"properties":{"id":"osm:w379166295","name":null,"num_floors":null,"building_class":null,"final_height":4.5,"source_height":"osm_height","wd":"#b9a082","wg":"#c4a37e","wn":"#1f1e25","rd":"#695a47","rg":"#8a6d4f","rn":"#10121d"}},{"type":"Feature","geometry":{"type":"Polygon","coordinates":[[[-97.748326,30.2720308],[-97.7483097,30.2720808],[-97.7482914,30.2720763],[-97.7482737,30.2721303],[-97.7482303,30.2721197],[-97.7482643,30.2720157],[-97.748326,30.2720308]]]},"properties":{"id":"osm:w379166299","name":null,"num_floors":null,"building_class":"school","final_height":6.5,"source_height":"osm_height","wd":"#b27d65","wg":"#be8566","wn":"#1e1a21","rd":"#746255","rg":"#93745a","rn":"#10111e"}},{"type":"Feature","geometry":{"type":"Polygon","coordinates":[[[-97.738075,30.271291],[-97.737959,30.271258],[-97.737979,30.271206],[-97.737985,30.271197],[-97.738016,30.271181],[-97.738134,30.271215],[-97.738102,30.271299],[-97.738075,30.271291]]]},"properties":{"id":"osm:w379166300","name":null,"num_floors":null,"building_class":null,"final_height":11.4,"source_height":"osm_height","wd":"#c0a98e","wg":"#caaa88","wn":"#201f26","rd":"#70604c","rg":"#8f7253","rn":"#10121d"}},{"type":"Feature","geometry":{"type":"Polygon","coordinates":[[[-97.749555,30.274752],[-97.749515,30.274742],[-97.749534,30.274685],[-97.749623,30.274708],[-97.749613,30.274737],[-97.749629,30.274741],[-97.74962,30.274769],[-97.749555,30.274752]]]},"properties":{"id":"osm:w379166301","name":null,"num_floors":null,"building_class":null,"final_height":8.4,"source_height":"osm_height","wd":"#a3adb9","wg":"#b2aeac","wn":"#1c202b","rd":"#5b6570","rg":"#7f766f","rn":"#0e121f"}},{"type":"Feature","geometry":{"type":"Polygon","coordinates":[[[-97.747089,30.274982],[-97.747119,30.274903],[-97.74717,30.274917],[-97.747159,30.274946],[-97.747187,30.274954],[-97.747173,30.27499],[-97.747143,30.274982],[-97.747138,30.274996],[-97.747089,30.274982]]]},"properties":{"id":"osm:w379166306","name":null,"num_floors":null,"building_class":null,"final_height":4.5,"source_height":"default_by_area","wd":"#bbc2b2","wg":"#c6bfa6","wn":"#1f222a","rd":"#697160","rg":"#8a7f62","rn":"#0f121e"}},{"type":"Feature","geometry":{"type":"Polygon","coordinates":[[[-97.744733,30.274086],[-97.744754,30.27403],[-97.744762,30.274032],[-97.744783,30.27398],[-97.744768,30.273975],[-97.744791,30.273915],[-97.744884,30.273942],[-97.74482,30.274111],[-97.744733,30.274086]]]},"properties":{"id":"osm:w379166312","name":null,"num_floors":null,"building_class":null,"final_height":7.2,"source_height":"osm_height","wd":"#e1d3b8","wg":"#e6ceac","wn":"#24242b","rd":"#8f7a62","rg":"#a88664","rn":"#151621"}},{"type":"Feature","geometry":{"type":"Polygon","coordinates":[[[-97.749826,30.271875],[-97.749801,30.271941],[-97.749686,30.271908],[-97.749671,30.271942],[-97.749541,30.271906],[-97.749566,30.27184],[-97.749667,30.271869],[-97.749699,30.271786],[-97.749844,30.271826],[-97.749826,30.271875]]]},"properties":{"id":"osm:w379166313","name":null,"num_floors":null,"building_class":null,"final_height":6.1,"source_height":"osm_height","wd":"#b69b7b","wg":"#c29f78","wn":"#1e1e24","rd":"#665745","rg":"#886b4d","rn":"#10121d"}},{"type":"Feature","geometry":{"type":"Polygon","coordinates":[[[-97.74986,30.274055],[-97.749817,30.274044],[-97.749825,30.274022],[-97.749777,30.274009],[-97.749776,30.274],[-97.749764,30.273994],[-97.749825,30.27383],[-97.749936,30.273861],[-97.749865,30.274057],[-97.74986,30.274055]]]},"properties":{"id":"osm:w379166314","name":null,"num_floors":null,"building_class":null,"final_height":8.9,"source_height":"osm_height","wd":"#b3baa9","wg":"#bfb99f","wn":"#1e2129","rd":"#646c5b","rg":"#867b5e","rn":"#0f121e"}},{"type":"Feature","geometry":{"type":"Polygon","coordinates":[[[-97.748382,30.274283],[-97.748468,30.274306],[-97.748448,30.274363],[-97.748411,30.274354],[-97.748408,30.274363],[-97.748383,30.274357],[-97.748386,30.274347],[-97.748357,30.274339],[-97.748377,30.274282],[-97.748382,30.274283]]]},"properties":{"id":"osm:w379166315","name":null,"num_floors":null,"building_class":null,"final_height":7.1,"source_height":"osm_height","wd":"#d5c19b","wg":"#dcbf93","wn":"#222228","rd":"#816d58","rg":"#9d7c5c","rn":"#10121d"}},{"type":"Feature","geometry":{"type":"Polygon","coordinates":[[[-97.749311,30.274531],[-97.749172,30.274493],[-97.749222,30.274355],[-97.749287,30.274373],[-97.749289,30.274366],[-97.749339,30.27438],[-97.749336,30.274386],[-97.749368,30.274395],[-97.749318,30.274533],[-97.749311,30.274531]]]},"properties":{"id":"osm:w379166317","name":null,"num_floors":null,"building_class":null,"final_height":12.6,"source_height":"osm_height","wd":"#a8b1bc","wg":"#b6b1af","wn":"#1d202c","rd":"#5d6772","rg":"#817870","rn":"#0e121f"}},{"type":"Feature","geometry":{"type":"Polygon","coordinates":[[[-97.750072,30.275145],[-97.74997,30.275115],[-97.750019,30.274989],[-97.750093,30.275011],[-97.750097,30.274999],[-97.750116,30.275004],[-97.750113,30.275013],[-97.750138,30.275021],[-97.750087,30.27515],[-97.750072,30.275145]]]},"properties":{"id":"osm:w379166318","name":null,"num_floors":null,"building_class":null,"final_height":7.1,"source_height":"osm_height","wd":"#a56b4e","wg":"#b37652","wn":"#1c181e","rd":"#593f2a","rg":"#7e5838","rn":"#10111c"}},{"type":"Feature","geometry":{"type":"Polygon","coordinates":[[[-97.748971,30.275485],[-97.748898,30.275464],[-97.748902,30.275455],[-97.748861,30.275444],[-97.748874,30.27541],[-97.748863,30.275407],[-97.748882,30.275354],[-97.749033,30.275396],[-97.748997,30.275492],[-97.748971,30.275485]]]},"properties":{"id":"osm:w379166319","name":null,"num_floors":null,"building_class":null,"final_height":10.8,"source_height":"osm_height","wd":"#a96e50","wg":"#b77954","wn":"#1d181f","rd":"#5c412b","rg":"#805a39","rn":"#10111c"}},{"type":"Feature","geometry":{"type":"Polygon","coordinates":[[[-97.750278,30.274609],[-97.750321,30.2745],[-97.750356,30.27451],[-97.75036,30.2745],[-97.7504,30.274512],[-97.750397,30.274521],[-97.750438,30.274533],[-97.750394,30.274642],[-97.750278,30.274609]]]},"properties":{"id":"osm:w379166321","name":null,"num_floors":null,"building_class":null,"final_height":9.6,"source_height":"osm_height","wd":"#d5cab2","wg":"#dcc6a6","wn":"#22232a","rd":"#857c6b","rg":"#a0886b","rn":"#141622"}},{"type":"Feature","geometry":{"type":"Polygon","coordinates":[[[-97.747291,30.274991],[-97.747282,30.274989],[-97.747311,30.274904],[-97.747378,30.274921],[-97.747369,30.274945],[-97.747387,30.27495],[-97.74737,30.275001],[-97.747355,30.274997],[-97.747352,30.275007],[-97.747291,30.274991]]]},"properties":{"id":"osm:w379166325","name":null,"num_floors":null,"building_class":null,"final_height":6.0,"source_height":"osm_height","wd":"#bec4b5","wg":"#c8c1a9","wn":"#1f232b","rd":"#6b7362","rg":"#8c8164","rn":"#0f121e"}},{"type":"Feature","geometry":{"type":"Polygon","coordinates":[[[-97.747904,30.272431],[-97.747833,30.272411],[-97.747871,30.272295],[-97.747929,30.27231],[-97.747914,30.27235],[-97.747933,30.272355],[-97.747949,30.27231],[-97.748011,30.272326],[-97.747967,30.272448],[-97.747904,30.272431]]]},"properties":{"id":"osm:w379166326","name":null,"num_floors":null,"building_class":null,"final_height":6.2,"source_height":"osm_height","wd":"#b6bec7","wg":"#c2bcb8","wn":"#1e222d","rd":"#646f7b","rg":"#867e77","rn":"#0f1320"}},{"type":"Feature","geometry":{"type":"Polygon","coordinates":[[[-97.750808,30.272559],[-97.75083,30.272504],[-97.750855,30.272512],[-97.750853,30.272518],[-97.750886,30.272527],[-97.750889,30.272519],[-97.751014,30.272556],[-97.75099,30.272618],[-97.750806,30.272565],[-97.750808,30.272559]]]},"properties":{"id":"osm:w379166328","name":null,"num_floors":null,"building_class":null,"final_height":3.6,"source_height":"osm_height","wd":"#d3be97","wg":"#dabc90","wn":"#222227","rd":"#7e6b56","rg":"#9a7b5a","rn":"#10121d"}},{"type":"Feature","geometry":{"type":"Polygon","coordinates":[[[-97.74847,30.27317],[-97.748484,30.273129],[-97.74856,30.273149],[-97.748565,30.273133],[-97.748572,30.273135],[-97.748581,30.273112],[-97.748705,30.273144],[-97.74866,30.273277],[-97.748452,30.273224],[-97.74847,30.27317]]]},"properties":{"id":"osm:w379166329","name":null,"num_floors":null,"building_class":null,"final_height":7.0,"source_height":"osm_height","wd":"#dbcaaa","wg":"#e1c6a0","wn":"#232329","rd":"#88735d","rg":"#a28160","rn":"#12141f"}},{"type":"Feature","geometry":{"type":"Polygon","coordinates":[[[-97.748357,30.272398],[-97.7482579,30.272371],[-97.7482521,30.2723837],[-97.7481551,30.2723584],[-97.748194,30.2722478],[-97.748277,30.272271],[-97.7482896,30.272275],[-97.7484474,30.2723206],[-97.7484104,30.2724156],[-97.7483837,30.2724081],[-97.7483819,30.2724044],[-97.748357,30.272398]]]},"properties":{"id":"osm:w379166332","name":null,"num_floors":null,"building_class":"school","final_height":8.0,"source_height":"osm_height","wd":"#d7ccb5","wg":"#ddc8a9","wn":"#22232b","rd":"#925844","rg":"#aa6c4c","rn":"#10111c"}},{"type":"Feature","geometry":{"type":"Polygon","coordinates":[[[-97.7427995,30.2749027],[-97.742437,30.2747949],[-97.7424852,30.2746702],[-97.7425187,30.2745733],[-97.742524,30.2745726],[-97.7425628,30.2745823],[-97.742566,30.2745781],[-97.7428383,30.2746559],[-97.7428366,30.2746631],[-97.7428819,30.2746762],[-97.7427995,30.2749027]]]},"properties":{"id":"osm:w381833983","name":"First United Methodist Church of Austin","num_floors":null,"building_class":"church","final_height":26.7,"source_height":"osm_height","wd":"#eae6db","wg":"#eddec9","wn":"#25272f","rd":"#7b756e","rg":"#98826d","rn":"#121521"}},{"type":"Feature","geometry":{"type":"Polygon","coordinates":[[[-97.746341,30.275755],[-97.746361,30.275697],[-97.746457,30.275721],[-97.746455,30.275727],[-97.746499,30.275738],[-97.746492,30.275756],[-97.746568,30.275776],[-97.746549,30.275833],[-97.746428,30.275799],[-97.746425,30.275807],[-97.746332,30.275781],[-97.746341,30.275755]]]},"properties":{"id":"osm:w381833984","name":null,"num_floors":null,"building_class":null,"final_height":8.0,"source_height":"osm_height","wd":"#af7355","wg":"#bc7d58","wn":"#1e191f","rd":"#60442d","rg":"#835c3a","rn":"#10111c"}},{"type":"Feature","geometry":{"type":"Polygon","coordinates":[[[-97.744662,30.275809],[-97.744691,30.275731],[-97.744731,30.275742],[-97.744727,30.275753],[-97.744769,30.275765],[-97.744771,30.275758],[-97.74483,30.275774],[-97.744829,30.275777],[-97.744848,30.275782],[-97.74482,30.275857],[-97.744803,30.275852],[-97.744801,30.275856],[-97.744744,30.275839],[-97.744746,30.275833],[-97.744662,30.275809]]]},"properties":{"id":"osm:w381833988","name":null,"num_floors":null,"building_class":null,"final_height":7.4,"source_height":"osm_height","wd":"#a9b19e","wg":"#b7b196","wn":"#1d2028","rd":"#5e6556","rg":"#81765a","rn":"#0f121e"}},{"type":"Feature","geometry":{"type":"Polygon","coordinates":[[[-97.744334,30.276067],[-97.744488,30.275646],[-97.744669,30.275699],[-97.744614,30.275849],[-97.744805,30.275901],[-97.744784,30.275958],[-97.744777,30.275956],[-97.7447,30.276168],[-97.744334,30.276067]]]},"properties":{"id":"osm:w381833989","name":"Executive Office Building","num_floors":null,"building_class":null,"final_height":42.5,"source_height":"osm_height","wd":"#c3c9bb","wg":"#cdc5ae","wn":"#20232b","rd":"#6e7664","rg":"#8e8365","rn":"#0f121e"}},{"type":"Feature","geometry":{"type":"Polygon","coordinates":[[[-97.745071,30.276022],[-97.7451,30.275942],[-97.74509,30.275939],[-97.74511,30.275885],[-97.745283,30.275934],[-97.745279,30.275944],[-97.745288,30.275947],[-97.745258,30.276026],[-97.745249,30.276023],[-97.745232,30.276068],[-97.745071,30.276022]]]},"properties":{"id":"osm:w381833991","name":null,"num_floors":null,"building_class":null,"final_height":17.0,"source_height":"osm_height","wd":"#d9c7a5","wg":"#dfc49c","wn":"#232329","rd":"#85715b","rg":"#a07f5e","rn":"#11131e"}},{"type":"Feature","geometry":{"type":"Polygon","coordinates":[[[-97.745297,30.275925],[-97.745314,30.275876],[-97.745649,30.275973],[-97.745606,30.276087],[-97.745621,30.276091],[-97.745579,30.276201],[-97.745625,30.276213],[-97.74557,30.27636],[-97.745512,30.276344],[-97.745519,30.276323],[-97.745405,30.276293],[-97.745376,30.276364],[-97.744934,30.276239],[-97.745012,30.276036],[-97.745241,30.276097],[-97.745297,30.275925]]]},"properties":{"id":"osm:w381833992","name":"Texas Association of Counties","num_floors":null,"building_class":null,"final_height":42.8,"source_height":"osm_height","wd":"#97a2af","wg":"#a8a5a4","wn":"#1b1e2a","rd":"#555e68","rg":"#7a7068","rn":"#0e121f"}},{"type":"Feature","geometry":{"type":"Polygon","coordinates":[[[-97.7438664,30.2759406],[-97.7439154,30.2758056],[-97.7443454,30.2759246],[-97.7442964,30.2760596],[-97.7438664,30.2759406]]]},"properties":{"id":"osm:w381833995","name":"Penthouse Condos","num_floors":null,"building_class":null,"final_height":38.1,"source_height":"osm_height","wd":"#d3c7ae","wg":"#dac4a3","wn":"#22232a","rd":"#837b6a","rg":"#9e876a","rn":"#131521"}},{"type":"Feature","geometry":{"type":"Polygon","coordinates":[[[-97.743174,30.275685],[-97.743119,30.275672],[-97.743129,30.275642],[-97.743106,30.275636],[-97.743123,30.275582],[-97.743133,30.275585],[-97.743154,30.275521],[-97.743145,30.275519],[-97.743157,30.275481],[-97.743283,30.27551],[-97.743221,30.275696],[-97.743174,30.275685]]]},"properties":{"id":"osm:w381834144","name":null,"num_floors":null,"building_class":null,"final_height":10.6,"source_height":"osm_height","wd":"#d6cbb3","wg":"#ddc7a7","wn":"#22232a","rd":"#857d6c","rg":"#a0896c","rn":"#141622"}},{"type":"Feature","geometry":{"type":"Polygon","coordinates":[[[-97.743264,30.275751],[-97.743248,30.275746],[-97.743366,30.275424],[-97.743735,30.275526],[-97.743617,30.275848],[-97.743264,30.275751]]]},"properties":{"id":"osm:w381834147","name":null,"num_floors":null,"building_class":"public","final_height":7.7,"source_height":"osm_height","wd":"#e2dacb","wg":"#e7d4bb","wn":"#24252d","rd":"#928a7c","rg":"#aa9378","rn":"#1a1c27"}},{"type":"Feature","geometry":{"type":"Polygon","coordinates":[[[-97.744442,30.275206],[-97.744444,30.275197],[-97.744464,30.275202],[-97.744471,30.275181],[-97.744534,30.275197],[-97.744536,30.275191],[-97.744584,30.275203],[-97.744574,30.275233],[-97.744591,30.275237],[-97.744552,30.275344],[-97.744556,30.275345],[-97.744543,30.275387],[-97.744511,30.275401],[-97.744465,30.27539],[-97.744448,30.275359],[-97.744457,30.275332],[-97.744437,30.275327],[-97.744442,30.275313],[-97.744436,30.275311],[-97.744451,30.275264],[-97.744425,30.275257],[-97.744442,30.275206]]]},"properties":{"id":"osm:w381834149","name":null,"num_floors":null,"building_class":null,"final_height":15.8,"source_height":"osm_height","wd":"#b6bdad","wg":"#c2bba2","wn":"#1e222a","rd":"#666e5d","rg":"#887d60","rn":"#0f121e"}},{"type":"Feature","geometry":{"type":"Polygon","coordinates":[[[-97.745657,30.27548],[-97.745663,30.275481],[-97.745622,30.275595],[-97.745529,30.275569],[-97.745557,30.275495],[-97.745575,30.2755],[-97.74559,30.275461],[-97.745657,30.27548]]]},"properties":{"id":"osm:w381834160","name":null,"num_floors":null,"building_class":null,"final_height":8.8,"source_height":"osm_height","wd":"#d9ceb8","wg":"#dfcaac","wn":"#23242b","rd":"#887f6e","rg":"#a28a6d","rn":"#151722"}},{"type":"Feature","geometry":{"type":"Polygon","coordinates":[[[-97.745632,30.275653],[-97.745693,30.275486],[-97.7458,30.275515],[-97.745767,30.275608],[-97.745751,30.275604],[-97.745725,30.275678],[-97.745632,30.275653]]]},"properties":{"id":"osm:w381834167","name":null,"num_floors":null,"building_class":null,"final_height":8.9,"source_height":"osm_height","wd":"#bdc4b4","wg":"#c8c1a8","wn":"#1f232b","rd":"#6a7361","rg":"#8b8163","rn":"#0f121e"}},{"type":"Feature","geometry":{"type":"Polygon","coordinates":[[[-97.745791,30.275706],[-97.745807,30.275664],[-97.745868,30.275682],[-97.745852,30.275724],[-97.745791,30.275706]]]},"properties":{"id":"osm:w381834175","name":null,"num_floors":null,"building_class":null,"final_height":2.9,"source_height":"osm_height","wd":"#a0aab6","wg":"#afabaa","wn":"#1c1f2b","rd":"#5a636e","rg":"#7e746d","rn":"#0e121f"}},{"type":"Feature","geometry":{"type":"Polygon","coordinates":[[[-97.745936,30.275673],[-97.745938,30.275666],[-97.745921,30.275662],[-97.745943,30.275602],[-97.745974,30.27561],[-97.745993,30.275557],[-97.746097,30.275585],[-97.746036,30.275753],[-97.745992,30.275741],[-97.745988,30.275752],[-97.745973,30.275748],[-97.745969,30.275758],[-97.745911,30.275742],[-97.745936,30.275673]]]},"properties":{"id":"osm:w381834183","name":null,"num_floors":null,"building_class":null,"final_height":9.4,"source_height":"osm_height","wd":"#b3baa9","wg":"#bfb99f","wn":"#1e2129","rd":"#646c5c","rg":"#867b5f","rn":"#0f121e"}},{"type":"Feature","geometry":{"type":"Polygon","coordinates":[[[-97.746408,30.275922],[-97.746433,30.275852],[-97.746567,30.275887],[-97.746542,30.27596],[-97.746408,30.275922]]]},"properties":{"id":"osm:w381834205","name":null,"num_floors":null,"building_class":null,"final_height":7.2,"source_height":"osm_height","wd":"#c4cabd","wg":"#cdc6b0","wn":"#20232c","rd":"#6f7765","rg":"#8f8466","rn":"#0f121e"}},{"type":"Feature","geometry":{"type":"Polygon","coordinates":[[[-97.734246,30.272306],[-97.734476,30.272371],[-97.734331,30.27276],[-97.734056,30.272682],[-97.734202,30.272294],[-97.734246,30.272306]]]},"properties":{"id":"osm:w381834216","name":null,"num_floors":null,"building_class":null,"final_height":8.9,"source_height":"osm_height","wd":"#bea68b","wg":"#c8a886","wn":"#1f1f26","rd":"#6e5e4b","rg":"#8e7052","rn":"#10121d"}},{"type":"Feature","geometry":{"type":"Polygon","coordinates":[[[-97.746677,30.275789],[-97.746766,30.275813],[-97.746767,30.275808],[-97.746918,30.27585],[-97.746861,30.276006],[-97.746829,30.275997],[-97.746827,30.276004],[-97.746808,30.275999],[-97.746811,30.275992],[-97.746728,30.275969],[-97.746738,30.27594],[-97.746714,30.275934],[-97.746713,30.275936],[-97.746707,30.275935],[-97.746702,30.275948],[-97.746595,30.275918],[-97.746645,30.27578],[-97.746677,30.275789]]]},"properties":{"id":"osm:w381834218","name":null,"num_floors":null,"building_class":null,"final_height":10.7,"source_height":"osm_height","wd":"#b1785a","wg":"#bd815d","wn":"#1e1920","rd":"#63462f","rg":"#855e3c","rn":"#10111c"}},{"type":"Feature","geometry":{"type":"Polygon","coordinates":[[[-97.746287,30.275915],[-97.746407,30.275947],[-97.7464,30.275966],[-97.746388,30.275963],[-97.746373,30.276005],[-97.746397,30.276011],[-97.746383,30.27605],[-97.746387,30.276051],[-97.746369,30.276102],[-97.746233,30.276064],[-97.746287,30.275915]]]},"properties":{"id":"osm:w381834264","name":null,"num_floors":null,"building_class":null,"final_height":8.9,"source_height":"osm_height","wd":"#c7b29a","wg":"#d0b292","wn":"#202027","rd":"#776650","rg":"#957756","rn":"#10121d"}},{"type":"Feature","geometry":{"type":"Polygon","coordinates":[[[-97.747163,30.275931],[-97.747126,30.276033],[-97.747015,30.276003],[-97.747032,30.275957],[-97.747028,30.275956],[-97.74704,30.275923],[-97.747047,30.275925],[-97.747059,30.27589],[-97.747073,30.275894],[-97.747078,30.275878],[-97.747119,30.27589],[-97.747117,30.275895],[-97.747158,30.275906],[-97.747151,30.275928],[-97.747163,30.275931]]]},"properties":{"id":"osm:w381834303","name":null,"num_floors":null,"building_class":null,"final_height":11.0,"source_height":"osm_height","wd":"#bbc2b3","wg":"#c6bfa7","wn":"#1f222a","rd":"#697160","rg":"#8a7f62","rn":"#0f121e"}},{"type":"Feature","geometry":{"type":"Polygon","coordinates":[[[-97.738162,30.275281],[-97.738139,30.275341],[-97.738064,30.27532],[-97.738086,30.27526],[-97.738162,30.275281]]]},"properties":{"id":"osm:w381834360","name":null,"num_floors":null,"building_class":null,"final_height":3.7,"source_height":"osm_height","wd":"#a2694c","wg":"#b17551","wn":"#1c181e","rd":"#573e29","rg":"#7c5837","rn":"#10111c"}},{"type":"Feature","geometry":{"type":"Polygon","coordinates":[[[-97.743932,30.2757515],[-97.74401,30.2755435],[-97.744432,30.2756625],[-97.744354,30.2758705],[-97.743932,30.2757515]]]},"properties":{"id":"osm:w381834366","name":null,"num_floors":null,"building_class":null,"final_height":15.6,"source_height":"osm_height","wd":"#a2694c","wg":"#b17551","wn":"#1c181e","rd":"#573e29","rg":"#7c5837","rn":"#10111c"}},{"type":"Feature","geometry":{"type":"Polygon","coordinates":[[[-97.742313,30.274971],[-97.742363,30.27484],[-97.742743,30.274946],[-97.742693,30.275077],[-97.742313,30.274971]]]},"properties":{"id":"osm:w381834379","name":null,"num_floors":null,"building_class":null,"final_height":13.0,"source_height":"osm_height","wd":"#cad0c4","wg":"#d2cbb6","wn":"#21242d","rd":"#737b69","rg":"#928769","rn":"#101420"}},{"type":"Feature","geometry":{"type":"Polygon","coordinates":[[[-97.738188,30.274814],[-97.738227,30.2747],[-97.738272,30.274716],[-97.738233,30.274828],[-97.738188,30.274814]]]},"properties":{"id":"osm:w381834452","name":null,"num_floors":null,"building_class":null,"final_height":5.4,"source_height":"osm_height","wd":"#d2bc94","wg":"#d9ba8d","wn":"#222227","rd":"#7d6a55","rg":"#9a7a5a","rn":"#10121d"}},{"type":"Feature","geometry":{"type":"Polygon","coordinates":[[[-97.73816,30.27472],[-97.738183,30.274649],[-97.738226,30.274662],[-97.738203,30.274733],[-97.73816,30.27472]]]},"properties":{"id":"osm:w381834455","name":null,"num_floors":null,"building_class":null,"final_height":4.3,"source_height":"osm_height","wd":"#a1abb7","wg":"#b0acab","wn":"#1c202b","rd":"#5a646e","rg":"#7e756d","rn":"#0e121f"}},{"type":"Feature","geometry":{"type":"Polygon","coordinates":[[[-97.735842,30.275704],[-97.73585,30.275682],[-97.73597,30.275713],[-97.73595,30.275773],[-97.735829,30.275741],[-97.735842,30.275704]]]},"properties":{"id":"osm:w381834477","name":null,"num_floors":null,"building_class":null,"final_height":6.9,"source_height":"osm_height","wd":"#d6c39e","wg":"#ddc096","wn":"#222228","rd":"#826e59","rg":"#9e7d5d","rn":"#10121d"}},{"type":"Feature","geometry":{"type":"Polygon","coordinates":[[[-97.737962,30.274938],[-97.737975,30.274903],[-97.738057,30.274926],[-97.738032,30.274996],[-97.737951,30.274974],[-97.737962,30.274938]]]},"properties":{"id":"osm:w381834505","name":null,"num_floors":null,"building_class":null,"final_height":4.8,"source_height":"osm_height","wd":"#b49878","wg":"#c09c76","wn":"#1e1d23","rd":"#645544","rg":"#86694c","rn":"#10121d"}},{"type":"Feature","geometry":{"type":"Polygon","coordinates":[[[-97.737103,30.274741],[-97.736676,30.274624],[-97.736827,30.27421],[-97.737643,30.274434],[-97.737505,30.274812],[-97.737478,30.274805],[-97.737465,30.27484],[-97.737103,30.274741]]]},"properties":{"id":"osm:w381834520","name":null,"num_floors":null,"building_class":null,"final_height":17.4,"source_height":"osm_height","wd":"#baa082","wg":"#c5a37e","wn":"#1f1e25","rd":"#6a5a48","rg":"#8b6d4f","rn":"#10121d"}},{"type":"Feature","geometry":{"type":"Polygon","coordinates":[[[-97.746966,30.276004],[-97.746883,30.275979],[-97.746927,30.275857],[-97.746994,30.275877],[-97.746998,30.275869],[-97.747049,30.275881],[-97.747001,30.276015],[-97.746966,30.276004]]]},"properties":{"id":"osm:w381834528","name":null,"num_floors":null,"building_class":null,"final_height":12.1,"source_height":"osm_height","wd":"#bcc3b3","wg":"#c7c0a7","wn":"#1f222a","rd":"#6a7261","rg":"#8b8063","rn":"#0f121e"}},{"type":"Feature","geometry":{"type":"Polygon","coordinates":[[[-97.745771,30.275631],[-97.745815,30.275504],[-97.745886,30.275523],[-97.74588,30.275541],[-97.745892,30.275544],[-97.745888,30.275556],[-97.745918,30.275564],[-97.745884,30.275661],[-97.745771,30.275631]]]},"properties":{"id":"osm:w381834550","name":null,"num_floors":null,"building_class":null,"final_height":10.6,"source_height":"osm_height","wd":"#dac8a7","wg":"#e0c49d","wn":"#232329","rd":"#86725c","rg":"#a1805f","rn":"#11131e"}},{"type":"Feature","geometry":{"type":"Polygon","coordinates":[[[-97.729261,30.274596],[-97.729258,30.274584],[-97.729343,30.274569],[-97.729347,30.274587],[-97.72937,30.274583],[-97.729382,30.274634],[-97.72935,30.274639],[-97.72936,30.274683],[-97.729288,30.274696],[-97.729278,30.274654],[-97.729267,30.274655],[-97.729255,30.274604],[-97.729262,30.274602],[-97.729261,30.274596]]]},"properties":{"id":"osm:w382130375","name":null,"num_floors":null,"building_class":null,"final_height":8.5,"source_height":"osm_height","wd":"#c7cdc0","wg":"#d0c9b2","wn":"#20242c","rd":"#717967","rg":"#908668","rn":"#10131f"}},{"type":"Feature","geometry":{"type":"Polygon","coordinates":[[[-97.729516,30.275536],[-97.729514,30.275525],[-97.729444,30.275537],[-97.729411,30.275385],[-97.72954,30.275364],[-97.729562,30.275462],[-97.72952,30.275469],[-97.729527,30.275501],[-97.729573,30.275493],[-97.729582,30.275533],[-97.729517,30.275542],[-97.729516,30.275536]]]},"properties":{"id":"osm:w382130376","name":null,"num_floors":null,"building_class":null,"final_height":8.2,"source_height":"osm_height","wd":"#e1d8c7","wg":"#e6d2b8","wn":"#24252d","rd":"#8f8674","rg":"#a89072","rn":"#181a25"}},{"type":"Feature","geometry":{"type":"Polygon","coordinates":[[[-97.72887,30.273125],[-97.728875,30.273139],[-97.728923,30.273127],[-97.72893,30.273149],[-97.728958,30.273142],[-97.728996,30.27326],[-97.728944,30.273273],[-97.728946,30.273278],[-97.728911,30.273286],[-97.728907,30.273275],[-97.728865,30.273285],[-97.728817,30.273139],[-97.72887,30.273125]]]},"properties":{"id":"osm:w382130377","name":null,"num_floors":null,"building_class":null,"final_height":8.8,"source_height":"osm_height","wd":"#bda589","wg":"#c8a784","wn":"#1f1f25","rd":"#6d5e4a","rg":"#8d7051","rn":"#10121d"}},{"type":"Feature","geometry":{"type":"Polygon","coordinates":[[[-97.729088,30.274342],[-97.729076,30.274279],[-97.729091,30.274277],[-97.729084,30.274244],[-97.729149,30.274236],[-97.729147,30.274227],[-97.729192,30.274221],[-97.729217,30.27435],[-97.729127,30.274363],[-97.729122,30.274337],[-97.729088,30.274342]]]},"properties":{"id":"osm:w382130378","name":null,"num_floors":null,"building_class":null,"final_height":9.8,"source_height":"osm_height","wd":"#b07557","wg":"#bd7f5a","wn":"#1e191f","rd":"#61452e","rg":"#845d3b","rn":"#10111c"}},{"type":"Feature","geometry":{"type":"Polygon","coordinates":[[[-97.729281,30.275385],[-97.729359,30.275375],[-97.72938,30.275506],[-97.729396,30.275504],[-97.729402,30.275539],[-97.729285,30.275554],[-97.72928,30.275521],[-97.729296,30.275519],[-97.729287,30.275465],[-97.729279,30.275466],[-97.729273,30.275433],[-97.729281,30.275432],[-97.729278,30.275409],[-97.729263,30.275411],[-97.729259,30.275387],[-97.729281,30.275385]]]},"properties":{"id":"osm:w382130379","name":null,"num_floors":null,"building_class":null,"final_height":7.3,"source_height":"osm_height","wd":"#a2acb8","wg":"#b1adac","wn":"#1c202b","rd":"#5b646f","rg":"#7f756e","rn":"#0e121f"}},{"type":"Feature","geometry":{"type":"Polygon","coordinates":[[[-97.728707,30.273299],[-97.728681,30.273303],[-97.728661,30.273207],[-97.728623,30.273213],[-97.728603,30.273116],[-97.728624,30.273113],[-97.728615,30.273068],[-97.72864,30.273064],[-97.728638,30.273056],[-97.728675,30.27305],[-97.728676,30.273057],[-97.728702,30.273053],[-97.728707,30.27308],[-97.728726,30.273077],[-97.728729,30.273093],[-97.72878,30.273085],[-97.72879,30.273135],[-97.728782,30.273136],[-97.728816,30.273296],[-97.728713,30.273312],[-97.728711,30.273299],[-97.728707,30.273299]]]},"properties":{"id":"osm:w382130380","name":null,"num_floors":null,"building_class":null,"final_height":9.9,"source_height":"osm_height","wd":"#dad0bb","wg":"#e0cbae","wn":"#23242b","rd":"#89816f","rg":"#a38c6e","rn":"#161823"}},{"type":"Feature","geometry":{"type":"Polygon","coordinates":[[[-97.729026,30.274381],[-97.728928,30.274398],[-97.7289,30.274278],[-97.728998,30.274261],[-97.729026,30.274381]]]},"properties":{"id":"osm:w382130381","name":null,"num_floors":null,"building_class":null,"final_height":6.6,"source_height":"osm_height","wd":"#b2785b","wg":"#be815d","wn":"#1e1920","rd":"#63472f","rg":"#855f3c","rn":"#10111c"}},{"type":"Feature","geometry":{"type":"Polygon","coordinates":[[[-97.729272,30.275196],[-97.729195,30.275206],[-97.729183,30.275139],[-97.72926,30.275128],[-97.729272,30.275196]]]},"properties":{"id":"osm:w382130382","name":null,"num_floors":null,"building_class":null,"final_height":7.4,"source_height":"osm_height","wd":"#bda589","wg":"#c8a784","wn":"#1f1f25","rd":"#6d5e4a","rg":"#8d7051","rn":"#10121d"}},{"type":"Feature","geometry":{"type":"Polygon","coordinates":[[[-97.729047,30.275436],[-97.729046,30.275431],[-97.729054,30.27543],[-97.72905,30.275412],[-97.729131,30.275401],[-97.729134,30.275417],[-97.729146,30.275415],[-97.729161,30.275502],[-97.729101,30.27551],[-97.729101,30.275514],[-97.729062,30.275519],[-97.729047,30.275436]]]},"properties":{"id":"osm:w382130383","name":null,"num_floors":null,"building_class":null,"final_height":6.0,"source_height":"osm_height","wd":"#b59b7b","wg":"#c19f78","wn":"#1e1e24","rd":"#655745","rg":"#876b4d","rn":"#10121d"}},{"type":"Feature","geometry":{"type":"Polygon","coordinates":[[[-97.728513,30.273122],[-97.728559,30.273113],[-97.728575,30.273176],[-97.728542,30.273182],[-97.728545,30.273195],[-97.728571,30.27319],[-97.728607,30.27333],[-97.728507,30.273349],[-97.728471,30.273208],[-97.728519,30.273199],[-97.728516,30.273185],[-97.728508,30.273186],[-97.728507,30.273183],[-97.728479,30.273188],[-97.728473,30.273163],[-97.728503,30.273158],[-97.728495,30.273125],[-97.728513,30.273122]]]},"properties":{"id":"osm:w382130384","name":null,"num_floors":null,"building_class":null,"final_height":6.5,"source_height":"osm_height","wd":"#bca387","wg":"#c7a582","wn":"#1f1f25","rd":"#6c5d49","rg":"#8c7050","rn":"#10121d"}},{"type":"Feature","geometry":{"type":"Polygon","coordinates":[[[-97.728781,30.274298],[-97.728779,30.274288],[-97.728844,30.274277],[-97.728854,30.274324],[-97.728875,30.27432],[-97.728893,30.274402],[-97.728807,30.274416],[-97.728781,30.274298]]]},"properties":{"id":"osm:w382130385","name":null,"num_floors":null,"building_class":null,"final_height":9.3,"source_height":"osm_height","wd":"#a9b29e","wg":"#b7b296","wn":"#1d2028","rd":"#5e6656","rg":"#81775a","rn":"#0f121e"}},{"type":"Feature","geometry":{"type":"Polygon","coordinates":[[[-97.72901,30.275096],[-97.729102,30.275082],[-97.729132,30.275231],[-97.72904,30.275245],[-97.72901,30.275096]]]},"properties":{"id":"osm:w382130386","name":null,"num_floors":null,"building_class":null,"final_height":5.6,"source_height":"osm_height","wd":"#b6bdad","wg":"#c2bba2","wn":"#1e222a","rd":"#666e5d","rg":"#887d60","rn":"#0f121e"}},{"type":"Feature","geometry":{"type":"Polygon","coordinates":[[[-97.728402,30.273621],[-97.728501,30.273606],[-97.728526,30.273731],[-97.728521,30.273732],[-97.728525,30.273749],[-97.728436,30.273763],[-97.728432,30.273744],[-97.728427,30.273745],[-97.728402,30.273621]]]},"properties":{"id":"osm:w382130387","name":null,"num_floors":null,"building_class":null,"final_height":6.3,"source_height":"osm_height","wd":"#d4c09a","wg":"#dbbe92","wn":"#222227","rd":"#806c57","rg":"#9c7b5b","rn":"#10121d"}},{"type":"Feature","geometry":{"type":"Polygon","coordinates":[[[-97.728981,30.275697],[-97.728958,30.275597],[-97.728909,30.275605],[-97.728871,30.275438],[-97.728942,30.275426],[-97.72898,30.275593],[-97.728975,30.275594],[-97.728978,30.275606],[-97.729046,30.275594],[-97.729068,30.275689],[-97.728998,30.275701],[-97.728996,30.275695],[-97.728981,30.275697]]]},"properties":{"id":"osm:w382130388","name":null,"num_floors":null,"building_class":null,"final_height":7.0,"source_height":"osm_height","wd":"#aeb6a3","wg":"#bbb59a","wn":"#1d2129","rd":"#616959","rg":"#84795d","rn":"#0f121e"}},{"type":"Feature","geometry":{"type":"Polygon","coordinates":[[[-97.728344,30.273341],[-97.728287,30.273346],[-97.728279,30.273279],[-97.728409,30.273266],[-97.72842,30.273351],[-97.728374,30.273356],[-97.728372,30.273338],[-97.728344,30.273341]]]},"properties":{"id":"osm:w382130389","name":null,"num_floors":null,"building_class":null,"final_height":3.6,"source_height":"osm_height","wd":"#a76d4f","wg":"#b57853","wn":"#1d181e","rd":"#5a402a","rg":"#7e5938","rn":"#10111c"}},{"type":"Feature","geometry":{"type":"Polygon","coordinates":[[[-97.728676,30.274313],[-97.728743,30.274304],[-97.728766,30.274428],[-97.728697,30.274438],[-97.728676,30.274313]]]},"properties":{"id":"osm:w382130390","name":null,"num_floors":null,"building_class":null,"final_height":8.2,"source_height":"osm_height","wd":"#acb4a2","wg":"#b9b499","wn":"#1d2128","rd":"#606858","rg":"#83785c","rn":"#0f121e"}},{"type":"Feature","geometry":{"type":"Polygon","coordinates":[[[-97.728992,30.275242],[-97.728995,30.275256],[-97.728891,30.275274],[-97.728866,30.275162],[-97.728891,30.275158],[-97.728887,30.275142],[-97.728935,30.275134],[-97.728933,30.275124],[-97.728964,30.275118],[-97.728992,30.275242]]]},"properties":{"id":"osm:w382130391","name":null,"num_floors":null,"building_class":null,"final_height":6.2,"source_height":"osm_height","wd":"#c8cdc1","wg":"#d1c9b3","wn":"#20242c","rd":"#717a67","rg":"#908668","rn":"#10131f"}},{"type":"Feature","geometry":{"type":"Polygon","coordinates":[[[-97.729321,30.276037],[-97.729268,30.276046],[-97.729267,30.276041],[-97.729173,30.276057],[-97.729155,30.275978],[-97.7291,30.275987],[-97.729075,30.275879],[-97.729291,30.275843],[-97.72931,30.275926],[-97.729297,30.275928],[-97.729321,30.276037]]]},"properties":{"id":"osm:w382130392","name":null,"num_floors":null,"building_class":null,"final_height":8.4,"source_height":"osm_height","wd":"#ddd4c0","wg":"#e2cfb2","wn":"#23242c","rd":"#8c8371","rg":"#a58d6f","rn":"#171924"}},{"type":"Feature","geometry":{"type":"Polygon","coordinates":[[[-97.728244,30.273657],[-97.728275,30.273653],[-97.728273,30.273639],[-97.728337,30.273631],[-97.728348,30.273696],[-97.728358,30.273694],[-97.728367,30.273745],[-97.728357,30.273746],[-97.728366,30.273796],[-97.728345,30.273799],[-97.728358,30.273876],[-97.72832,30.273881],[-97.728307,30.273804],[-97.728291,30.273806],[-97.728287,30.273782],[-97.728265,30.273784],[-97.728244,30.273657]]]},"properties":{"id":"osm:w382130393","name":null,"num_floors":null,"building_class":null,"final_height":5.8,"source_height":"osm_height","wd":"#dad0bb","wg":"#e0cbae","wn":"#23242b","rd":"#8a816f","rg":"#a48c6e","rn":"#161823"}},{"type":"Feature","geometry":{"type":"Polygon","coordinates":[[[-97.728904,30.274642],[-97.72897,30.274631],[-97.728999,30.27476],[-97.728916,30.274774],[-97.728915,30.274768],[-97.728879,30.274775],[-97.728867,30.274718],[-97.728887,30.274715],[-97.728872,30.274648],[-97.728904,30.274642]]]},"properties":{"id":"osm:w382130394","name":null,"num_floors":null,"building_class":null,"final_height":6.1,"source_height":"osm_height","wd":"#e9e2d5","wg":"#eddac4","wn":"#24262f","rd":"#958d7c","rg":"#ac9578","rn":"#1b1d27"}},{"type":"Feature","geometry":{"type":"Polygon","coordinates":[[[-97.728127,30.273401],[-97.728044,30.273411],[-97.72802,30.273268],[-97.728142,30.273252],[-97.728151,30.273303],[-97.728132,30.273305],[-97.728145,30.273381],[-97.728124,30.273383],[-97.728127,30.273401]]]},"properties":{"id":"osm:w382130395","name":null,"num_floors":null,"building_class":null,"final_height":6.2,"source_height":"osm_height","wd":"#c8b59d","wg":"#d1b595","wn":"#202128","rd":"#786752","rg":"#967857","rn":"#10121d"}},{"type":"Feature","geometry":{"type":"Polygon","coordinates":[[[-97.728608,30.274447],[-97.728504,30.274461],[-97.7285,30.274445],[-97.72849,30.274447],[-97.728472,30.274364],[-97.728528,30.274355],[-97.728527,30.27435],[-97.728586,30.27434],[-97.728608,30.274447]]]},"properties":{"id":"osm:w382130396","name":null,"num_floors":null,"building_class":null,"final_height":6.8,"source_height":"osm_height","wd":"#ceb68a","wg":"#d6b585","wn":"#212126","rd":"#786652","rg":"#967757","rn":"#10121d"}},{"type":"Feature","geometry":{"type":"Polygon","coordinates":[[[-97.7286027,30.2750573],[-97.7286767,30.2750453],[-97.7286937,30.2751233],[-97.7286597,30.2751283],[-97.7286627,30.2751403],[-97.7287267,30.2751293],[-97.7287597,30.2752783],[-97.7286907,30.2752893],[-97.7286777,30.2752303],[-97.7286637,30.2752323],[-97.7286417,30.2751323],[-97.7286057,30.2751383],[-97.7285877,30.2750603],[-97.7286027,30.2750573]]]},"properties":{"id":"osm:w382130397","name":null,"num_floors":null,"building_class":null,"final_height":11.7,"source_height":"osm_height","wd":"#bac0b1","wg":"#c5bea6","wn":"#1f222a","rd":"#68705f","rg":"#897f61","rn":"#0f121e"}},{"type":"Feature","geometry":{"type":"Polygon","coordinates":[[[-97.728733,30.27468],[-97.72879,30.274669],[-97.728816,30.274776],[-97.728843,30.274771],[-97.728856,30.274824],[-97.72875,30.274843],[-97.728748,30.274838],[-97.728727,30.274842],[-97.728716,30.274798],[-97.728736,30.274795],[-97.728731,30.274774],[-97.72872,30.274776],[-97.728698,30.274686],[-97.728733,30.27468]]]},"properties":{"id":"osm:w382130399","name":null,"num_floors":null,"building_class":null,"final_height":5.5,"source_height":"osm_height","wd":"#97a1af","wg":"#a8a4a4","wn":"#1b1e2a","rd":"#555e68","rg":"#7a7068","rn":"#0e121f"}},{"type":"Feature","geometry":{"type":"Polygon","coordinates":[[[-97.728758,30.275637],[-97.728755,30.275623],[-97.72876,30.275622],[-97.728756,30.275605],[-97.72875,30.275606],[-97.728749,30.275602],[-97.728713,30.275608],[-97.728685,30.275487],[-97.728716,30.275482],[-97.728714,30.275472],[-97.728814,30.275455],[-97.728817,30.275466],[-97.728838,30.275463],[-97.728856,30.275543],[-97.728847,30.275544],[-97.728852,30.275566],[-97.728846,30.275567],[-97.72886,30.275631],[-97.72876,30.275648],[-97.728758,30.275637]]]},"properties":{"id":"osm:w382130400","name":null,"num_floors":null,"building_class":null,"final_height":12.7,"source_height":"osm_height","wd":"#9ea8b5","wg":"#aeaaa9","wn":"#1b1f2b","rd":"#59626d","rg":"#7e746c","rn":"#0e121f"}},{"type":"Feature","geometry":{"type":"Polygon","coordinates":[[[-97.728383,30.274404],[-97.728396,30.274475],[-97.728357,30.274481],[-97.728358,30.274486],[-97.728335,30.274489],[-97.728334,30.274484],[-97.728288,30.27449],[-97.72827,30.274391],[-97.728354,30.27438],[-97.728357,30.274397],[-97.728381,30.274394],[-97.728383,30.274404]]]},"properties":{"id":"osm:w382130401","name":null,"num_floors":null,"building_class":null,"final_height":5.2,"source_height":"osm_height","wd":"#9ca7b3","wg":"#aca9a7","wn":"#1b1f2a","rd":"#58616c","rg":"#7d736c","rn":"#0e121f"}},{"type":"Feature","geometry":{"type":"Polygon","coordinates":[[[-97.728484,30.27527],[-97.728451,30.27511],[-97.728504,30.275102],[-97.728494,30.275054],[-97.728554,30.275044],[-97.728564,30.275091],[-97.728576,30.275089],[-97.728599,30.275206],[-97.728545,30.275214],[-97.728551,30.275243],[-97.728607,30.275235],[-97.728622,30.275306],[-97.728495,30.275325],[-97.728484,30.27527]]]},"properties":{"id":"osm:w382130402","name":null,"num_floors":null,"building_class":null,"final_height":4.8,"source_height":"osm_height","wd":"#a56c4e","wg":"#b37752","wn":"#1c181e","rd":"#593f2a","rg":"#7e5838","rn":"#10111c"}},{"type":"Feature","geometry":{"type":"Polygon","coordinates":[[[-97.728549,30.274739],[-97.728639,30.274723],[-97.728656,30.274795],[-97.728614,30.274802],[-97.728618,30.27482],[-97.728592,30.274824],[-97.728588,30.274809],[-97.728536,30.274818],[-97.728519,30.274744],[-97.728549,30.274739]]]},"properties":{"id":"osm:w382130403","name":null,"num_floors":null,"building_class":null,"final_height":4.9,"source_height":"osm_height","wd":"#af7355","wg":"#bc7d58","wn":"#1e191f","rd":"#60442d","rg":"#835c3a","rn":"#10111c"}},{"type":"Feature","geometry":{"type":"Polygon","coordinates":[[[-97.728574,30.275685],[-97.728537,30.275527],[-97.728644,30.275508],[-97.728681,30.275665],[-97.728574,30.275685]]]},"properties":{"id":"osm:w382130404","name":null,"num_floors":null,"building_class":null,"final_height":5.8,"source_height":"osm_height","wd":"#a2abb7","wg":"#b1acab","wn":"#1c202b","rd":"#5b646f","rg":"#7f756e","rn":"#0e121f"}},{"type":"Feature","geometry":{"type":"Polygon","coordinates":[[[-97.728414,30.274912],[-97.728403,30.274866],[-97.728361,30.274873],[-97.728346,30.274809],[-97.728383,30.274803],[-97.728373,30.274761],[-97.728396,30.274757],[-97.728393,30.274741],[-97.728451,30.274731],[-97.728463,30.274786],[-97.728502,30.274779],[-97.728511,30.274819],[-97.728471,30.274826],[-97.728477,30.274854],[-97.728484,30.274853],[-97.728487,30.274866],[-97.728518,30.274861],[-97.728531,30.274922],[-97.728462,30.274933],[-97.728456,30.274905],[-97.728414,30.274912]]]},"properties":{"id":"osm:w382130406","name":null,"num_floors":null,"building_class":null,"final_height":5.4,"source_height":"osm_height","wd":"#b37b5f","wg":"#bf8461","wn":"#1e1a20","rd":"#664830","rg":"#885f3d","rn":"#10111c"}},{"type":"Feature","geometry":{"type":"Polygon","coordinates":[[[-97.728777,30.272557],[-97.728792,30.272555],[-97.728797,30.272573],[-97.728822,30.272568],[-97.728833,30.272612],[-97.728824,30.272613],[-97.728845,30.2727],[-97.72886,30.272697],[-97.728874,30.272756],[-97.728766,30.272776],[-97.728746,30.272693],[-97.728761,30.27269],[-97.728735,30.272585],[-97.728777,30.272577],[-97.728772,30.272558],[-97.728777,30.272557]]]},"properties":{"id":"osm:w382130407","name":null,"num_floors":null,"building_class":null,"final_height":9.8,"source_height":"osm_height","wd":"#a0aab6","wg":"#afabaa","wn":"#1c1f2b","rd":"#5a636e","rg":"#7e746d","rn":"#0e121f"}},{"type":"Feature","geometry":{"type":"Polygon","coordinates":[[[-97.727958,30.274186],[-97.728,30.27418],[-97.728003,30.274197],[-97.728038,30.274191],[-97.728058,30.274287],[-97.727944,30.274304],[-97.727921,30.274192],[-97.727958,30.274186]]]},"properties":{"id":"osm:w382130408","name":null,"num_floors":null,"building_class":null,"final_height":5.0,"source_height":"osm_height","wd":"#d4c09a","wg":"#dbbe92","wn":"#222227","rd":"#806c57","rg":"#9c7b5b","rn":"#10121d"}},{"type":"Feature","geometry":{"type":"Polygon","coordinates":[[[-97.727798,30.273713],[-97.727795,30.273692],[-97.727783,30.273694],[-97.727773,30.273631],[-97.727895,30.273616],[-97.727904,30.273674],[-97.727886,30.273676],[-97.727891,30.273709],[-97.727931,30.273704],[-97.72794,30.273763],[-97.727809,30.273778],[-97.727798,30.273713]]]},"properties":{"id":"osm:w382130410","name":null,"num_floors":null,"building_class":null,"final_height":5.0,"source_height":"osm_height","wd":"#bba285","wg":"#c6a581","wn":"#1f1e25","rd":"#6b5c49","rg":"#8c6f50","rn":"#10121d"}},{"type":"Feature","geometry":{"type":"Polygon","coordinates":[[[-97.727733,30.273348],[-97.727721,30.273295],[-97.727698,30.273299],[-97.727692,30.273273],[-97.7277,30.273271],[-97.72769,30.273229],[-97.727754,30.273218],[-97.727759,30.273239],[-97.727794,30.273233],[-97.727823,30.273356],[-97.727739,30.273371],[-97.727733,30.273348]]]},"properties":{"id":"osm:w382130411","name":null,"num_floors":null,"building_class":null,"final_height":6.6,"source_height":"osm_height","wd":"#ccb9a4","wg":"#d4b89b","wn":"#212129","rd":"#7c6a54","rg":"#997a59","rn":"#10121d"}},{"type":"Feature","geometry":{"type":"Polygon","coordinates":[[[-97.727825,30.274232],[-97.72784,30.27423],[-97.727838,30.274223],[-97.727883,30.274216],[-97.727901,30.274299],[-97.727815,30.274312],[-97.727803,30.274253],[-97.727809,30.274252],[-97.727805,30.274236],[-97.727825,30.274232]]]},"properties":{"id":"osm:w382130412","name":null,"num_floors":null,"building_class":null,"final_height":5.1,"source_height":"osm_height","wd":"#e8e2d4","wg":"#ecdac3","wn":"#24262e","rd":"#958c7b","rg":"#ac9477","rn":"#1b1d27"}},{"type":"Feature","geometry":{"type":"Polygon","coordinates":[[[-97.727656,30.273823],[-97.727627,30.27369],[-97.72766,30.273684],[-97.727657,30.27367],[-97.727722,30.27366],[-97.727758,30.273827],[-97.72766,30.273843],[-97.727656,30.273823]]]},"properties":{"id":"osm:w382130413","name":null,"num_floors":null,"building_class":null,"final_height":6.1,"source_height":"osm_height","wd":"#e7e1d3","wg":"#ebd9c2","wn":"#24262e","rd":"#948c7b","rg":"#ac9477","rn":"#1b1d27"}},{"type":"Feature","geometry":{"type":"Polygon","coordinates":[[[-97.727483,30.27325],[-97.72756,30.273236],[-97.727591,30.273366],[-97.727487,30.273385],[-97.727456,30.273255],[-97.727483,30.27325]]]},"properties":{"id":"osm:w382130416","name":null,"num_floors":null,"building_class":null,"final_height":6.2,"source_height":"osm_height","wd":"#e0d2b6","wg":"#e5cdaa","wn":"#23242b","rd":"#8e7961","rg":"#a78663","rn":"#141620"}},{"type":"Feature","geometry":{"type":"Polygon","coordinates":[[[-97.726827,30.273291],[-97.72681,30.273212],[-97.726943,30.273191],[-97.72697,30.273317],[-97.726895,30.273329],[-97.726893,30.273319],[-97.726835,30.273328],[-97.726827,30.273291]]]},"properties":{"id":"osm:w382130421","name":null,"num_floors":null,"building_class":null,"final_height":7.2,"source_height":"osm_height","wd":"#bb896f","wg":"#c6906e","wn":"#1f1b22","rd":"#704f34","rg":"#8f6540","rn":"#10111c"}},{"type":"Feature","geometry":{"type":"Polygon","coordinates":[[[-97.727321,30.273415],[-97.727284,30.273278],[-97.727378,30.273259],[-97.727415,30.273395],[-97.727398,30.273399],[-97.727402,30.273413],[-97.727339,30.273426],[-97.727336,30.273412],[-97.727321,30.273415]]]},"properties":{"id":"osm:w382130422","name":null,"num_floors":null,"building_class":null,"final_height":5.1,"source_height":"osm_height","wd":"#d5cab2","wg":"#dcc6a6","wn":"#22232a","rd":"#857c6b","rg":"#a0886b","rn":"#141622"}},{"type":"Feature","geometry":{"type":"Polygon","coordinates":[[[-97.727581,30.274554],[-97.727557,30.274461],[-97.727632,30.274447],[-97.727659,30.274551],[-97.727584,30.274565],[-97.727581,30.274554]]]},"properties":{"id":"osm:w382130425","name":null,"num_floors":null,"building_class":null,"final_height":6.1,"source_height":"osm_height","wd":"#b0b8a6","wg":"#bdb79c","wn":"#1e2129","rd":"#636a5a","rg":"#857a5e","rn":"#0f121e"}},{"type":"Feature","geometry":{"type":"Polygon","coordinates":[[[-97.727295,30.273854],[-97.727292,30.273841],[-97.727308,30.273838],[-97.7273,30.273802],[-97.727295,30.273802],[-97.727288,30.273771],[-97.727305,30.273768],[-97.727294,30.273719],[-97.727352,30.273709],[-97.727356,30.273726],[-97.727385,30.273721],[-97.727397,30.273769],[-97.727392,30.27377],[-97.727416,30.27387],[-97.727303,30.27389],[-97.727295,30.273854]]]},"properties":{"id":"osm:w382130426","name":null,"num_floors":null,"building_class":null,"final_height":5.3,"source_height":"osm_height","wd":"#b07658","wg":"#bd805b","wn":"#1e1920","rd":"#62452e","rg":"#855d3b","rn":"#10111c"}},{"type":"Feature","geometry":{"type":"Polygon","coordinates":[[[-97.73037,30.272786],[-97.730346,30.272689],[-97.730425,30.272674],[-97.730427,30.272685],[-97.730515,30.272669],[-97.730537,30.272759],[-97.730399,30.272785],[-97.730402,30.272797],[-97.730374,30.272802],[-97.73037,30.272786]]]},"properties":{"id":"osm:w382130428","name":null,"num_floors":null,"building_class":null,"final_height":7.9,"source_height":"osm_height","wd":"#a76d4f","wg":"#b57853","wn":"#1d181e","rd":"#5a402a","rg":"#7e5938","rn":"#10111c"}},{"type":"Feature","geometry":{"type":"Polygon","coordinates":[[[-97.727138,30.273428],[-97.727113,30.273433],[-97.727089,30.273333],[-97.727125,30.273326],[-97.727124,30.273322],[-97.727182,30.273312],[-97.727173,30.273273],[-97.727225,30.273263],[-97.727265,30.273432],[-97.727155,30.273452],[-97.727148,30.273427],[-97.727138,30.273428]]]},"properties":{"id":"osm:w382130429","name":null,"num_floors":null,"building_class":null,"final_height":7.0,"source_height":"osm_height","wd":"#dccbab","wg":"#e2c7a1","wn":"#23232a","rd":"#89745d","rg":"#a38260","rn":"#12141f"}},{"type":"Feature","geometry":{"type":"Polygon","coordinates":[[[-97.726256,30.273376],[-97.726239,30.273294],[-97.726267,30.27329],[-97.726264,30.273279],[-97.726332,30.273268],[-97.726334,30.273279],[-97.726406,30.273267],[-97.726412,30.273293],[-97.726436,30.273289],[-97.726445,30.273332],[-97.726422,30.273335],[-97.726427,30.273357],[-97.726258,30.273385],[-97.726256,30.273376]]]},"properties":{"id":"osm:w382130431","name":null,"num_floors":null,"building_class":null,"final_height":6.2,"source_height":"osm_height","wd":"#c1ab90","wg":"#cbac8a","wn":"#202026","rd":"#71614d","rg":"#907353","rn":"#10121d"}},{"type":"Feature","geometry":{"type":"Polygon","coordinates":[[[-97.728919,30.272942],[-97.728924,30.272964],[-97.7289,30.272968],[-97.728904,30.272986],[-97.728802,30.273002],[-97.728791,30.272954],[-97.728779,30.272956],[-97.728777,30.272944],[-97.728787,30.272942],[-97.728785,30.272935],[-97.728889,30.272918],[-97.728893,30.272938],[-97.728918,30.272934],[-97.728919,30.272942]]]},"properties":{"id":"osm:w382130432","name":null,"num_floors":null,"building_class":null,"final_height":5.4,"source_height":"osm_height","wd":"#b7bfc8","wg":"#c3bdb9","wn":"#1e222d","rd":"#656f7b","rg":"#877e77","rn":"#0f1320"}},{"type":"Feature","geometry":{"type":"Polygon","coordinates":[[[-97.727474,30.274355],[-97.72737,30.274375],[-97.72735,30.274292],[-97.727453,30.274273],[-97.727474,30.274355]]]},"properties":{"id":"osm:w382130434","name":null,"num_floors":null,"building_class":null,"final_height":8.3,"source_height":"osm_height","wd":"#9ea8b5","wg":"#aeaaa9","wn":"#1b1f2b","rd":"#59626d","rg":"#7e746c","rn":"#0e121f"}},{"type":"Feature","geometry":{"type":"Polygon","coordinates":[[[-97.727229,30.273889],[-97.72717,30.273897],[-97.727174,30.273918],[-97.727122,30.273925],[-97.727118,30.273904],[-97.727111,30.273905],[-97.727091,30.273793],[-97.727133,30.273787],[-97.727131,30.273773],[-97.727186,30.273765],[-97.7272,30.273846],[-97.727229,30.273842],[-97.727237,30.273888],[-97.727229,30.273889]]]},"properties":{"id":"osm:w382130435","name":null,"num_floors":null,"building_class":null,"final_height":6.2,"source_height":"osm_height","wd":"#d4c8af","wg":"#dbc4a4","wn":"#22232a","rd":"#837b6a","rg":"#9e876a","rn":"#131521"}},{"type":"Feature","geometry":{"type":"Polygon","coordinates":[[[-97.728121,30.27316],[-97.727995,30.27318],[-97.727985,30.273135],[-97.728029,30.273128],[-97.728027,30.273119],[-97.72805,30.273115],[-97.72804,30.27307],[-97.728101,30.273061],[-97.72811,30.273099],[-97.728087,30.273102],[-97.728091,30.273118],[-97.728112,30.273114],[-97.728121,30.27316]]]},"properties":{"id":"osm:w382130436","name":null,"num_floors":null,"building_class":null,"final_height":6.6,"source_height":"osm_height","wd":"#d4c8b0","wg":"#dbc4a5","wn":"#22232a","rd":"#847b6a","rg":"#9f876a","rn":"#141621"}},{"type":"Feature","geometry":{"type":"Polygon","coordinates":[[[-97.727334,30.274017],[-97.727317,30.27394],[-97.727373,30.27393],[-97.727371,30.273921],[-97.727397,30.273917],[-97.727399,30.273926],[-97.727427,30.273922],[-97.727443,30.273996],[-97.727403,30.274003],[-97.727406,30.274015],[-97.727384,30.274019],[-97.727381,30.274009],[-97.727334,30.274017]]]},"properties":{"id":"osm:w382130437","name":null,"num_floors":null,"building_class":null,"final_height":4.9,"source_height":"osm_height","wd":"#9ea8b5","wg":"#aeaaa9","wn":"#1b1f2b","rd":"#59626d","rg":"#7e746c","rn":"#0e121f"}},{"type":"Feature","geometry":{"type":"Polygon","coordinates":[[[-97.727266,30.274341],[-97.727275,30.274339],[-97.727281,30.274369],[-97.727324,30.274362],[-97.727337,30.274425],[-97.727224,30.274443],[-97.727204,30.274351],[-97.727266,30.274341]]]},"properties":{"id":"osm:w382130438","name":null,"num_floors":null,"building_class":null,"final_height":5.2,"source_height":"osm_height","wd":"#9fa9b5","wg":"#aeaaa9","wn":"#1c1f2b","rd":"#59636d","rg":"#7e746c","rn":"#0e121f"}},{"type":"Feature","geometry":{"type":"Polygon","coordinates":[[[-97.727045,30.274371],[-97.727101,30.274362],[-97.727114,30.274424],[-97.727033,30.274437],[-97.72702,30.274374],[-97.727045,30.274371]]]},"properties":{"id":"osm:w382130439","name":null,"num_floors":null,"building_class":null,"final_height":4.5,"source_height":"osm_height","wd":"#b4bcc6","wg":"#c0bab7","wn":"#1e222d","rd":"#636e7a","rg":"#857d76","rn":"#0e121f"}},{"type":"Feature","geometry":{"type":"Polygon","coordinates":[[[-97.726137,30.272947],[-97.726128,30.272903],[-97.726272,30.272881],[-97.726275,30.272895],[-97.726397,30.272877],[-97.726442,30.273096],[-97.726376,30.273106],[-97.726364,30.273044],[-97.726351,30.273045],[-97.726347,30.273028],[-97.726167,30.273056],[-97.726147,30.272961],[-97.72614,30.272962],[-97.726137,30.272947]]]},"properties":{"id":"osm:w382130442","name":null,"num_floors":null,"building_class":null,"final_height":5.6,"source_height":"osm_height","wd":"#b2795c","wg":"#be825e","wn":"#1e1a20","rd":"#64472f","rg":"#865f3c","rn":"#10111c"}},{"type":"Feature","geometry":{"type":"Polygon","coordinates":[[[-97.728163,30.274023],[-97.72815,30.273972],[-97.728173,30.273968],[-97.728171,30.27396],[-97.728212,30.273952],[-97.728207,30.273931],[-97.728253,30.273923],[-97.728283,30.27404],[-97.728173,30.274061],[-97.728163,30.274023]]]},"properties":{"id":"osm:w382130443","name":null,"num_floors":null,"building_class":null,"final_height":5.0,"source_height":"osm_height","wd":"#c0a88d","wg":"#caaa87","wn":"#201f26","rd":"#70604c","rg":"#8f7253","rn":"#10121d"}},{"type":"Feature","geometry":{"type":"Polygon","coordinates":[[[-97.726416,30.273859],[-97.726447,30.273853],[-97.726444,30.273838],[-97.726557,30.273818],[-97.726579,30.273909],[-97.726463,30.273929],[-97.726457,30.273902],[-97.72641,30.27391],[-97.726398,30.273862],[-97.726416,30.273859]]]},"properties":{"id":"osm:w382130444","name":null,"num_floors":null,"building_class":null,"final_height":10.7,"source_height":"osm_height","wd":"#b1b9a7","wg":"#bdb89d","wn":"#1e2129","rd":"#636b5b","rg":"#857b5e","rn":"#0f121e"}},{"type":"Feature","geometry":{"type":"Polygon","coordinates":[[[-97.726919,30.273928],[-97.726918,30.273923],[-97.726912,30.273924],[-97.726905,30.273898],[-97.726932,30.273893],[-97.726931,30.273887],[-97.727038,30.273867],[-97.727055,30.273933],[-97.726945,30.273954],[-97.726943,30.273945],[-97.726924,30.273949],[-97.726919,30.273928]]]},"properties":{"id":"osm:w382130446","name":null,"num_floors":null,"building_class":null,"final_height":4.6,"source_height":"osm_height","wd":"#bca387","wg":"#c7a582","wn":"#1f1f25","rd":"#6c5c49","rg":"#8c6f50","rn":"#10121d"}},{"type":"Feature","geometry":{"type":"Polygon","coordinates":[[[-97.726337,30.274025],[-97.726414,30.274014],[-97.726432,30.274114],[-97.726407,30.274117],[-97.726409,30.274129],[-97.726351,30.274138],[-97.726349,30.274125],[-97.726324,30.274129],[-97.726306,30.274029],[-97.726337,30.274025]]]},"properties":{"id":"osm:w382130447","name":null,"num_floors":null,"building_class":null,"final_height":9.9,"source_height":"osm_height","wd":"#b37b5f","wg":"#bf8461","wn":"#1e1a20","rd":"#664830","rg":"#885f3d","rn":"#10111c"}},{"type":"Feature","geometry":{"type":"Polygon","coordinates":[[[-97.726367,30.274502],[-97.726398,30.274497],[-97.7264,30.274512],[-97.72645,30.274506],[-97.726458,30.274553],[-97.726442,30.274555],[-97.726453,30.274616],[-97.726354,30.27463],[-97.72635,30.274607],[-97.726345,30.274607],[-97.72633,30.274523],[-97.726356,30.27452],[-97.726353,30.274503],[-97.726367,30.274502]]]},"properties":{"id":"osm:w382130450","name":null,"num_floors":null,"building_class":null,"final_height":5.9,"source_height":"osm_height","wd":"#bb896f","wg":"#c6906e","wn":"#1f1b22","rd":"#704f34","rg":"#8f6540","rn":"#10111c"}},{"type":"Feature","geometry":{"type":"Polygon","coordinates":[[[-97.726125,30.273941],[-97.726122,30.273928],[-97.726156,30.273922],[-97.726148,30.273888],[-97.726225,30.273876],[-97.726251,30.273995],[-97.726141,30.274013],[-97.726125,30.273941]]]},"properties":{"id":"osm:w382130452","name":null,"num_floors":null,"building_class":null,"final_height":9.1,"source_height":"osm_height","wd":"#d5cab2","wg":"#dcc6a6","wn":"#22232a","rd":"#857c6b","rg":"#a0886b","rn":"#141622"}},{"type":"Feature","geometry":{"type":"Polygon","coordinates":[[[-97.727083,30.274037],[-97.726961,30.274058],[-97.726956,30.274037],[-97.726942,30.274039],[-97.726936,30.274015],[-97.72695,30.274013],[-97.726943,30.273982],[-97.727038,30.273966],[-97.727037,30.273962],[-97.7271,30.273951],[-97.727114,30.274013],[-97.727079,30.274019],[-97.727083,30.274037]]]},"properties":{"id":"osm:w382130454","name":null,"num_floors":null,"building_class":null,"final_height":6.2,"source_height":"osm_height","wd":"#c9cec2","wg":"#d2cab4","wn":"#21242c","rd":"#727a68","rg":"#918668","rn":"#10131f"}},{"type":"Feature","geometry":{"type":"Polygon","coordinates":[[[-97.726274,30.274132],[-97.726253,30.274135],[-97.72626,30.274174],[-97.726173,30.274187],[-97.726154,30.274086],[-97.726239,30.274074],[-97.726241,30.274082],[-97.726266,30.274078],[-97.726276,30.274132],[-97.726274,30.274132]]]},"properties":{"id":"osm:w382130455","name":null,"num_floors":null,"building_class":null,"final_height":4.8,"source_height":"osm_height","wd":"#aa6f50","wg":"#b87a54","wn":"#1d181f","rd":"#5c412b","rg":"#805a39","rn":"#10111c"}},{"type":"Feature","geometry":{"type":"Polygon","coordinates":[[[-97.730292,30.273708],[-97.730291,30.273704],[-97.730264,30.273709],[-97.730249,30.273642],[-97.730279,30.273637],[-97.730279,30.273635],[-97.730378,30.273619],[-97.730384,30.273648],[-97.730396,30.273646],[-97.7304,30.273663],[-97.730387,30.273665],[-97.730393,30.273692],[-97.730292,30.273708]]]},"properties":{"id":"osm:w382130457","name":null,"num_floors":null,"building_class":null,"final_height":5.2,"source_height":"osm_height","wd":"#bbc2cb","wg":"#c6bfbb","wn":"#1f222d","rd":"#67727e","rg":"#88807a","rn":"#101421"}},{"type":"Feature","geometry":{"type":"Polygon","coordinates":[[[-97.726516,30.273953],[-97.726565,30.273945],[-97.72658,30.274018],[-97.726497,30.274031],[-97.726482,30.273958],[-97.726516,30.273953]]]},"properties":{"id":"osm:w382130458","name":null,"num_floors":null,"building_class":null,"final_height":8.5,"source_height":"osm_height","wd":"#c3c9bb","wg":"#cdc5ae","wn":"#20232b","rd":"#6e7664","rg":"#8e8365","rn":"#0f121e"}},{"type":"Feature","geometry":{"type":"Polygon","coordinates":[[[-97.729059,30.273759],[-97.72906,30.273766],[-97.729096,30.27376],[-97.729107,30.273812],[-97.729068,30.273818],[-97.729084,30.273888],[-97.728983,30.273905],[-97.728963,30.273814],[-97.728928,30.27382],[-97.72893,30.273828],[-97.72891,30.273831],[-97.72892,30.273877],[-97.728908,30.273879],[-97.728912,30.273899],[-97.728839,30.273911],[-97.72881,30.273779],[-97.728919,30.273761],[-97.728924,30.273782],[-97.729059,30.273759]]]},"properties":{"id":"osm:w382130459","name":null,"num_floors":null,"building_class":null,"final_height":9.1,"source_height":"osm_height","wd":"#e2d4b9","wg":"#e7cfac","wn":"#24242b","rd":"#907a62","rg":"#a88664","rn":"#151621"}},{"type":"Feature","geometry":{"type":"Polygon","coordinates":[[[-97.726206,30.274649],[-97.726201,30.274623],[-97.726262,30.274614],[-97.726246,30.274533],[-97.726293,30.274526],[-97.726315,30.274641],[-97.726321,30.27464],[-97.726336,30.274716],[-97.726297,30.274722],[-97.726308,30.274776],[-97.726236,30.274787],[-97.726226,30.274734],[-97.726223,30.274734],[-97.726206,30.274649]]]},"properties":{"id":"osm:w382130460","name":null,"num_floors":null,"building_class":null,"final_height":9.7,"source_height":"osm_height","wd":"#d4bf98","wg":"#dbbd91","wn":"#222227","rd":"#7f6c57","rg":"#9b7b5b","rn":"#10121d"}},{"type":"Feature","geometry":{"type":"Polygon","coordinates":[[[-97.726031,30.273963],[-97.72604,30.273962],[-97.726037,30.273949],[-97.726091,30.27394],[-97.72612,30.274085],[-97.726028,30.274099],[-97.726001,30.273968],[-97.726031,30.273963]]]},"properties":{"id":"osm:w382130462","name":null,"num_floors":null,"building_class":null,"final_height":6.4,"source_height":"osm_height","wd":"#a86d4f","wg":"#b67853","wn":"#1d181e","rd":"#5b412b","rg":"#7f5a39","rn":"#10111c"}},{"type":"Feature","geometry":{"type":"Polygon","coordinates":[[[-97.727222,30.27449],[-97.727235,30.274547],[-97.727148,30.274561],[-97.727134,30.274498],[-97.72722,30.274484],[-97.727222,30.27449]]]},"properties":{"id":"osm:w382130463","name":null,"num_floors":null,"building_class":null,"final_height":4.5,"source_height":"default_by_area","wd":"#bfc6b7","wg":"#c9c3ab","wn":"#1f232b","rd":"#6c7463","rg":"#8c8265","rn":"#0f121e"}},{"type":"Feature","geometry":{"type":"Polygon","coordinates":[[[-97.725976,30.273509],[-97.72605,30.273498],[-97.726054,30.273516],[-97.726059,30.273516],[-97.726074,30.273595],[-97.726072,30.273595],[-97.726077,30.273617],[-97.725999,30.273628],[-97.725976,30.273509]]]},"properties":{"id":"osm:w382130465","name":null,"num_floors":null,"building_class":null,"final_height":6.2,"source_height":"osm_height","wd":"#c9cec2","wg":"#d2cab4","wn":"#21242c","rd":"#727a68","rg":"#918668","rn":"#10131f"}},{"type":"Feature","geometry":{"type":"Polygon","coordinates":[[[-97.726498,30.274124],[-97.72646,30.27413],[-97.726446,30.27406],[-97.726528,30.274046],[-97.726527,30.274039],[-97.726579,30.274031],[-97.72658,30.274035],[-97.72659,30.274034],[-97.726594,30.274053],[-97.726608,30.27405],[-97.72662,30.27411],[-97.726606,30.274112],[-97.726609,30.274123],[-97.726544,30.274134],[-97.726536,30.274096],[-97.726512,30.2741],[-97.726516,30.274121],[-97.726498,30.274124]]]},"properties":{"id":"osm:w382130467","name":null,"num_floors":null,"building_class":null,"final_height":10.9,"source_height":"osm_height","wd":"#dad0bb","wg":"#e0cbae","wn":"#23242b","rd":"#89816f","rg":"#a38c6e","rn":"#161823"}},{"type":"Feature","geometry":{"type":"Polygon","coordinates":[[[-97.728976,30.274025],[-97.728986,30.274023],[-97.728985,30.27402],[-97.729147,30.273994],[-97.729164,30.274079],[-97.729002,30.274105],[-97.729,30.274099],[-97.728981,30.274102],[-97.728966,30.274026],[-97.728976,30.274025]]]},"properties":{"id":"osm:w382130468","name":null,"num_floors":null,"building_class":null,"final_height":9.5,"source_height":"osm_height","wd":"#bcc2b3","wg":"#c7bfa7","wn":"#1f222a","rd":"#6a7260","rg":"#8b8062","rn":"#0f121e"}},{"type":"Feature","geometry":{"type":"Polygon","coordinates":[[[-97.726093,30.274653],[-97.726049,30.27466],[-97.726025,30.27454],[-97.726087,30.274531],[-97.72609,30.274546],[-97.726119,30.274541],[-97.726129,30.27459],[-97.726168,30.274585],[-97.726178,30.274639],[-97.726149,30.274643],[-97.726151,30.274656],[-97.726109,30.274662],[-97.726107,30.274651],[-97.726093,30.274653]]]},"properties":{"id":"osm:w382130469","name":null,"num_floors":null,"building_class":null,"final_height":5.1,"source_height":"osm_height","wd":"#ba876d","wg":"#c58e6d","wn":"#1f1b22","rd":"#6e4e34","rg":"#8e6440","rn":"#10111c"}},{"type":"Feature","geometry":{"type":"Polygon","coordinates":[[[-97.728248,30.274146],[-97.728247,30.274143],[-97.728277,30.274138],[-97.72828,30.274151],[-97.728378,30.274133],[-97.728398,30.274218],[-97.728271,30.274241],[-97.728248,30.274146]]]},"properties":{"id":"osm:w382130473","name":null,"num_floors":null,"building_class":null,"final_height":5.3,"source_height":"osm_height","wd":"#d7ccb5","wg":"#ddc8a9","wn":"#22232b","rd":"#867e6d","rg":"#a1896c","rn":"#141722"}},{"type":"Feature","geometry":{"type":"Polygon","coordinates":[[[-97.730275,30.273872],[-97.730401,30.273849],[-97.73042,30.273932],[-97.730414,30.273933],[-97.730457,30.274112],[-97.730307,30.274139],[-97.730296,30.27409],[-97.730363,30.274078],[-97.730349,30.27402],[-97.730284,30.274032],[-97.730272,30.273983],[-97.73034,30.273971],[-97.730326,30.273913],[-97.73026,30.273925],[-97.730249,30.273876],[-97.730275,30.273872]]]},"properties":{"id":"osm:w382130475","name":null,"num_floors":null,"building_class":null,"final_height":7.5,"source_height":"default_by_area","wd":"#bcc3cc","wg":"#c7c0bc","wn":"#1f222d","rd":"#67727e","rg":"#88807a","rn":"#101421"}},{"type":"Feature","geometry":{"type":"Polygon","coordinates":[[[-97.729084,30.274187],[-97.729002,30.274199],[-97.728987,30.274129],[-97.729166,30.274101],[-97.72918,30.274171],[-97.729141,30.274177],[-97.729145,30.274199],[-97.729088,30.274208],[-97.729084,30.274187]]]},"properties":{"id":"osm:w382130476","name":null,"num_floors":null,"building_class":null,"final_height":10.1,"source_height":"osm_height","wd":"#d6c29d","wg":"#ddbf95","wn":"#222228","rd":"#816e58","rg":"#9d7d5c","rn":"#10121d"}},{"type":"Feature","geometry":{"type":"Polygon","coordinates":[[[-97.727969,30.274441],[-97.727948,30.274336],[-97.728028,30.274323],[-97.728049,30.274424],[-97.728022,30.274428],[-97.72803,30.274467],[-97.727975,30.274475],[-97.727969,30.274441]]]},"properties":{"id":"osm:w382130487","name":null,"num_floors":null,"building_class":null,"final_height":7.7,"source_height":"osm_height","wd":"#b2795c","wg":"#be825e","wn":"#1e1a20","rd":"#64472f","rg":"#865f3c","rn":"#10111c"}},{"type":"Feature","geometry":{"type":"Polygon","coordinates":[[[-97.730348,30.274541],[-97.730327,30.274422],[-97.730417,30.27441],[-97.730423,30.274444],[-97.730438,30.274442],[-97.730449,30.274506],[-97.730435,30.274508],[-97.730442,30.274546],[-97.730351,30.274558],[-97.730348,30.274541]]]},"properties":{"id":"osm:w382130497","name":null,"num_floors":null,"building_class":null,"final_height":5.5,"source_height":"osm_height","wd":"#abb3be","wg":"#b8b3b1","wn":"#1d202c","rd":"#5f6974","rg":"#827972","rn":"#0e121f"}},{"type":"Feature","geometry":{"type":"Polygon","coordinates":[[[-97.729416,30.274979],[-97.729427,30.275027],[-97.729296,30.275049],[-97.729279,30.274972],[-97.72941,30.27495],[-97.729416,30.274979]]]},"properties":{"id":"osm:w382130507","name":null,"num_floors":null,"building_class":null,"final_height":5.4,"source_height":"osm_height","wd":"#a1694c","wg":"#b07551","wn":"#1c181e","rd":"#573e29","rg":"#7c5837","rn":"#10111c"}},{"type":"Feature","geometry":{"type":"Polygon","coordinates":[[[-97.729687,30.275051],[-97.72967,30.274957],[-97.729847,30.274932],[-97.729859,30.274998],[-97.729886,30.274994],[-97.729895,30.275045],[-97.729692,30.275074],[-97.729687,30.275051]]]},"properties":{"id":"osm:w382130510","name":null,"num_floors":null,"building_class":null,"final_height":11.5,"source_height":"osm_height","wd":"#a9b19e","wg":"#b7b196","wn":"#1d2028","rd":"#5e6556","rg":"#81765a","rn":"#0f121e"}},{"type":"Feature","geometry":{"type":"Polygon","coordinates":[[[-97.729444,30.275107],[-97.729459,30.275176],[-97.729323,30.275198],[-97.729308,30.275129],[-97.729444,30.275107]]]},"properties":{"id":"osm:w382130514","name":null,"num_floors":null,"building_class":null,"final_height":5.4,"source_height":"osm_height","wd":"#abb4bf","wg":"#b8b4b1","wn":"#1d212c","rd":"#5f6974","rg":"#827972","rn":"#0e121f"}},{"type":"Feature","geometry":{"type":"Polygon","coordinates":[[[-97.729741,30.275562],[-97.729727,30.275497],[-97.729714,30.2755],[-97.729704,30.275453],[-97.729797,30.275437],[-97.729802,30.275462],[-97.729869,30.275451],[-97.729867,30.275439],[-97.729886,30.275436],[-97.729889,30.275448],[-97.729905,30.275445],[-97.729912,30.275477],[-97.72982,30.275493],[-97.729827,30.275525],[-97.729842,30.275522],[-97.729853,30.275572],[-97.729747,30.275589],[-97.729741,30.275562]]]},"properties":{"id":"osm:w382130521","name":null,"num_floors":null,"building_class":null,"final_height":4.3,"source_height":"osm_height","wd":"#9fa9b5","wg":"#aeaaa9","wn":"#1c1f2b","rd":"#59636d","rg":"#7e746c","rn":"#0e121f"}},{"type":"Feature","geometry":{"type":"Polygon","coordinates":[[[-97.729502,30.275689],[-97.729498,30.275668],[-97.729483,30.27567],[-97.729479,30.27565],[-97.729493,30.275648],[-97.729486,30.275609],[-97.729543,30.275601],[-97.729542,30.275595],[-97.729599,30.275588],[-97.729615,30.275676],[-97.729502,30.275691],[-97.729502,30.275689]]]},"properties":{"id":"osm:w382130523","name":null,"num_floors":null,"building_class":null,"final_height":6.7,"source_height":"osm_height","wd":"#b6bdc7","wg":"#c2bbb8","wn":"#1e222d","rd":"#646f7a","rg":"#867e76","rn":"#0f121f"}},{"type":"Feature","geometry":{"type":"Polygon","coordinates":[[[-97.730983,30.273333],[-97.730972,30.273289],[-97.731047,30.273275],[-97.731049,30.273283],[-97.731073,30.273279],[-97.731075,30.273285],[-97.731113,30.273278],[-97.731134,30.273362],[-97.731061,30.273376],[-97.731067,30.2734],[-97.731003,30.273413],[-97.730983,30.273333]]]},"properties":{"id":"osm:w382130610","name":null,"num_floors":null,"building_class":null,"final_height":5.7,"source_height":"osm_height","wd":"#97a2af","wg":"#a8a5a4","wn":"#1b1e2a","rd":"#555e68","rg":"#7a7068","rn":"#0e121f"}},{"type":"Feature","geometry":{"type":"Polygon","coordinates":[[[-97.730878,30.273288],[-97.73093,30.273279],[-97.730955,30.273392],[-97.73093,30.273396],[-97.730943,30.273455],[-97.730967,30.273451],[-97.730988,30.273549],[-97.730979,30.27355],[-97.730983,30.273571],[-97.730931,30.273579],[-97.730927,30.273559],[-97.730884,30.273566],[-97.730863,30.27347],[-97.730895,30.273465],[-97.730882,30.273405],[-97.730859,30.273408],[-97.730834,30.273295],[-97.730878,30.273288]]]},"properties":{"id":"osm:w382130611","name":null,"num_floors":null,"building_class":null,"final_height":10.1,"source_height":"osm_height","wd":"#abb4be","wg":"#b8b4b1","wn":"#1d212c","rd":"#5f6974","rg":"#827972","rn":"#0e121f"}},{"type":"Feature","geometry":{"type":"Polygon","coordinates":[[[-97.730969,30.272902],[-97.730953,30.272827],[-97.730979,30.272823],[-97.730972,30.272791],[-97.731043,30.27278],[-97.731048,30.272802],[-97.731071,30.272799],[-97.731091,30.272895],[-97.730971,30.272914],[-97.730969,30.272902]]]},"properties":{"id":"osm:w382130613","name":null,"num_floors":null,"building_class":null,"final_height":5.6,"source_height":"osm_height","wd":"#d3be97","wg":"#dabc90","wn":"#222227","rd":"#7e6b56","rg":"#9a7b5a","rn":"#10121d"}},{"type":"Feature","geometry":{"type":"Polygon","coordinates":[[[-97.729875,30.275895],[-97.729943,30.275884],[-97.729965,30.275991],[-97.729831,30.276012],[-97.729809,30.275905],[-97.729875,30.275895]]]},"properties":{"id":"osm:w382130614","name":null,"num_floors":null,"building_class":null,"final_height":9.1,"source_height":"osm_height","wd":"#b6bdad","wg":"#c2bba2","wn":"#1e222a","rd":"#666e5d","rg":"#887d60","rn":"#0f121e"}},{"type":"Feature","geometry":{"type":"Polygon","coordinates":[[[-97.730238,30.273024],[-97.7302,30.273029],[-97.730203,30.273043],[-97.73013,30.273054],[-97.730127,30.273041],[-97.730089,30.273047],[-97.730068,30.272943],[-97.730149,30.272932],[-97.730152,30.272949],[-97.730221,30.272939],[-97.730238,30.273024]]]},"properties":{"id":"osm:w382130615","name":null,"num_floors":null,"building_class":null,"final_height":4.9,"source_height":"osm_height","wd":"#e8e2d4","wg":"#ecdac3","wn":"#24262e","rd":"#958c7b","rg":"#ac9477","rn":"#1b1d27"}},{"type":"Feature","geometry":{"type":"Polygon","coordinates":[[[-97.730145,30.273711],[-97.730118,30.2736],[-97.730153,30.273593],[-97.730155,30.2736],[-97.73021,30.27359],[-97.730236,30.273698],[-97.730228,30.2737],[-97.730232,30.273714],[-97.730186,30.273723],[-97.730181,30.273704],[-97.730145,30.273711]]]},"properties":{"id":"osm:w382130616","name":null,"num_floors":null,"building_class":null,"final_height":4.8,"source_height":"osm_height","wd":"#dbc9a9","wg":"#e1c59f","wn":"#232329","rd":"#88735c","rg":"#a2815f","rn":"#12131f"}},{"type":"Feature","geometry":{"type":"Polygon","coordinates":[[[-97.730216,30.27455],[-97.730208,30.274502],[-97.730193,30.274504],[-97.730184,30.27445],[-97.730231,30.274443],[-97.730227,30.27442],[-97.730284,30.274412],[-97.730312,30.274576],[-97.730247,30.274584],[-97.730242,30.274559],[-97.730237,30.27456],[-97.730234,30.274548],[-97.730216,30.27455]]]},"properties":{"id":"osm:w382130617","name":null,"num_floors":null,"building_class":null,"final_height":8.1,"source_height":"osm_height","wd":"#bcc3cc","wg":"#c7c0bc","wn":"#1f222d","rd":"#67727e","rg":"#88807a","rn":"#101421"}},{"type":"Feature","geometry":{"type":"Polygon","coordinates":[[[-97.730166,30.274159],[-97.730163,30.27416],[-97.730139,30.274036],[-97.73015,30.274034],[-97.730144,30.274002],[-97.730209,30.273992],[-97.730215,30.274024],[-97.730234,30.274021],[-97.730242,30.274062],[-97.730248,30.274061],[-97.730256,30.274106],[-97.730252,30.274107],[-97.730264,30.274171],[-97.73018,30.274184],[-97.730175,30.274158],[-97.730166,30.274159]]]},"properties":{"id":"osm:w382130620","name":null,"num_floors":null,"building_class":null,"final_height":9.1,"source_height":"osm_height","wd":"#bdc4cc","wg":"#c8c1bc","wn":"#1f232d","rd":"#68737f","rg":"#89817a","rn":"#101421"}},{"type":"Feature","geometry":{"type":"Polygon","coordinates":[[[-97.730277,30.274936],[-97.730348,30.274924],[-97.730368,30.275021],[-97.730277,30.275035],[-97.730256,30.274939],[-97.730277,30.274936]]]},"properties":{"id":"osm:w382130623","name":null,"num_floors":null,"building_class":null,"final_height":7.1,"source_height":"osm_height","wd":"#c7b29a","wg":"#d0b292","wn":"#202027","rd":"#776650","rg":"#957756","rn":"#10121d"}},{"type":"Feature","geometry":{"type":"Polygon","coordinates":[[[-97.729468,30.275999],[-97.729476,30.276043],[-97.729384,30.276056],[-97.729367,30.275967],[-97.729459,30.275954],[-97.729468,30.275999]]]},"properties":{"id":"osm:w382130626","name":null,"num_floors":null,"building_class":null,"final_height":5.8,"source_height":"osm_height","wd":"#d4bf99","wg":"#dbbd91","wn":"#222227","rd":"#7f6c57","rg":"#9b7b5b","rn":"#10121d"}},{"type":"Feature","geometry":{"type":"Polygon","coordinates":[[[-97.730398,30.272225],[-97.730458,30.272215],[-97.73049,30.27237],[-97.730552,30.27236],[-97.730536,30.272283],[-97.730606,30.272272],[-97.730623,30.272354],[-97.730603,30.272357],[-97.730643,30.272551],[-97.730458,30.27258],[-97.730417,30.272382],[-97.73043,30.27238],[-97.730398,30.272225]]]},"properties":{"id":"osm:w382130630","name":null,"num_floors":null,"building_class":null,"final_height":6.7,"source_height":"osm_height","wd":"#ddccad","wg":"#e2c8a2","wn":"#23232a","rd":"#8a755e","rg":"#a48261","rn":"#13141f"}},{"type":"Feature","geometry":{"type":"Polygon","coordinates":[[[-97.7298,30.273447],[-97.729799,30.273442],[-97.72994,30.273418],[-97.729955,30.273483],[-97.729934,30.273487],[-97.729949,30.273553],[-97.729907,30.27356],[-97.729917,30.273607],[-97.729853,30.273618],[-97.729835,30.273542],[-97.729813,30.273545],[-97.729802,30.273497],[-97.729811,30.273495],[-97.7298,30.273447]]]},"properties":{"id":"osm:w382130633","name":null,"num_floors":null,"building_class":null,"final_height":8.8,"source_height":"osm_height","wd":"#d0b98e","wg":"#d8b888","wn":"#212126","rd":"#7a6853","rg":"#977858","rn":"#10121d"}},{"type":"Feature","geometry":{"type":"Polygon","coordinates":[[[-97.730067,30.274453],[-97.730132,30.274444],[-97.730156,30.274572],[-97.730137,30.274574],[-97.730138,30.274579],[-97.73009,30.274586],[-97.730089,30.27458],[-97.730061,30.274584],[-97.730057,30.274562],[-97.73005,30.274563],[-97.730042,30.274519],[-97.73006,30.274516],[-97.730051,30.274472],[-97.730058,30.274471],[-97.730055,30.274455],[-97.730067,30.274453]]]},"properties":{"id":"osm:w382130637","name":null,"num_floors":null,"building_class":null,"final_height":6.8,"source_height":"osm_height","wd":"#c3ad94","wg":"#cdae8d","wn":"#202027","rd":"#73634e","rg":"#927454","rn":"#10121d"}},{"type":"Feature","geometry":{"type":"Polygon","coordinates":[[[-97.729854,30.272969],[-97.729878,30.273095],[-97.729837,30.273101],[-97.729837,30.273104],[-97.729797,30.27311],[-97.729773,30.27298],[-97.729854,30.272969]]]},"properties":{"id":"osm:w382130640","name":null,"num_floors":null,"building_class":null,"final_height":6.4,"source_height":"osm_height","wd":"#b9856b","wg":"#c48c6b","wn":"#1f1b22","rd":"#6d4d33","rg":"#8d633f","rn":"#10111c"}},{"type":"Feature","geometry":{"type":"Polygon","coordinates":[[[-97.730148,30.274948],[-97.730156,30.274947],[-97.730157,30.274954],[-97.730203,30.274947],[-97.730212,30.274995],[-97.7302,30.274997],[-97.730209,30.275045],[-97.730176,30.27505],[-97.730176,30.275053],[-97.730133,30.275059],[-97.730112,30.274954],[-97.730148,30.274948]]]},"properties":{"id":"osm:w382130643","name":null,"num_floors":null,"building_class":null,"final_height":6.1,"source_height":"osm_height","wd":"#b47d60","wg":"#c08562","wn":"#1e1a21","rd":"#674930","rg":"#88603d","rn":"#10111c"}},{"type":"Feature","geometry":{"type":"Polygon","coordinates":[[[-97.729901,30.274477],[-97.729958,30.274468],[-97.729962,30.274487],[-97.729969,30.274486],[-97.72999,30.274594],[-97.729895,30.274609],[-97.729887,30.274567],[-97.729875,30.274569],[-97.72987,30.274544],[-97.729876,30.274543],[-97.729868,30.274501],[-97.729878,30.2745],[-97.729875,30.274481],[-97.729901,30.274477]]]},"properties":{"id":"osm:w382130647","name":null,"num_floors":null,"building_class":null,"final_height":5.3,"source_height":"osm_height","wd":"#bc8b72","wg":"#c79171","wn":"#1f1c23","rd":"#715035","rg":"#906641","rn":"#10111c"}},{"type":"Feature","geometry":{"type":"Polygon","coordinates":[[[-97.729649,30.273032],[-97.729724,30.273022],[-97.729727,30.27304],[-97.729748,30.273037],[-97.729762,30.273111],[-97.72972,30.273117],[-97.729723,30.273133],[-97.729686,30.273138],[-97.729683,30.273123],[-97.729639,30.273129],[-97.729621,30.273036],[-97.729649,30.273032]]]},"properties":{"id":"osm:w382130650","name":null,"num_floors":null,"building_class":null,"final_height":6.0,"source_height":"osm_height","wd":"#e0d8c6","wg":"#e5d2b7","wn":"#23252d","rd":"#8f8674","rg":"#a89072","rn":"#181a25"}},{"type":"Feature","geometry":{"type":"Polygon","coordinates":[[[-97.730077,30.275069],[-97.730008,30.275079],[-97.730009,30.275085],[-97.729982,30.275089],[-97.729957,30.27496],[-97.730054,30.274946],[-97.730077,30.275069]]]},"properties":{"id":"osm:w382130653","name":null,"num_floors":null,"building_class":null,"final_height":7.2,"source_height":"osm_height","wd":"#b88368","wg":"#c38b68","wn":"#1f1b21","rd":"#6b4c33","rg":"#8c623f","rn":"#10111c"}},{"type":"Feature","geometry":{"type":"Polygon","coordinates":[[[-97.729753,30.274506],[-97.72978,30.274502],[-97.729778,30.274491],[-97.729829,30.274484],[-97.729837,30.274526],[-97.729846,30.274525],[-97.729855,30.274571],[-97.729846,30.274572],[-97.729854,30.274614],[-97.729799,30.274622],[-97.729798,30.274618],[-97.729721,30.274629],[-97.729699,30.274514],[-97.729753,30.274506]]]},"properties":{"id":"osm:w382130656","name":null,"num_floors":null,"building_class":null,"final_height":9.4,"source_height":"osm_height","wd":"#bcc3cc","wg":"#c7c0bc","wn":"#1f222d","rd":"#67727e","rg":"#88807a","rn":"#101421"}},{"type":"Feature","geometry":{"type":"Polygon","coordinates":[[[-97.729606,30.273136],[-97.729559,30.273144],[-97.729558,30.27314],[-97.729527,30.273145],[-97.729523,30.27313],[-97.729519,30.273131],[-97.729497,30.273031],[-97.72953,30.273026],[-97.729525,30.273002],[-97.729575,30.272994],[-97.729606,30.273136]]]},"properties":{"id":"osm:w382130660","name":null,"num_floors":null,"building_class":null,"final_height":7.0,"source_height":"osm_height","wd":"#ceb68a","wg":"#d6b585","wn":"#212126","rd":"#786652","rg":"#967757","rn":"#10121d"}},{"type":"Feature","geometry":{"type":"Polygon","coordinates":[[[-97.729565,30.274532],[-97.729591,30.274529],[-97.729589,30.274519],[-97.729649,30.274511],[-97.729672,30.274643],[-97.729543,30.274659],[-97.729522,30.274538],[-97.729565,30.274532]]]},"properties":{"id":"osm:w382130666","name":null,"num_floors":null,"building_class":null,"final_height":6.4,"source_height":"osm_height","wd":"#e2d3b9","wg":"#e7ceac","wn":"#24242b","rd":"#907a62","rg":"#a88664","rn":"#151621"}},{"type":"Feature","geometry":{"type":"Polygon","coordinates":[[[-97.729752,30.275308],[-97.729832,30.275299],[-97.729833,30.275304],[-97.729869,30.275299],[-97.729875,30.275332],[-97.729894,30.27533],[-97.729904,30.275398],[-97.729865,30.275403],[-97.729866,30.275407],[-97.729775,30.275418],[-97.729774,30.275415],[-97.729719,30.275421],[-97.72972,30.275428],[-97.729694,30.275431],[-97.729687,30.275382],[-97.729713,30.275379],[-97.729703,30.275314],[-97.729752,30.275308]]]},"properties":{"id":"osm:w382130668","name":null,"num_floors":null,"building_class":null,"final_height":7.8,"source_height":"osm_height","wd":"#c4af96","wg":"#cdaf8f","wn":"#202027","rd":"#74644f","rg":"#937555","rn":"#10121d"}},{"type":"Feature","geometry":{"type":"Polygon","coordinates":[[[-97.729452,30.273102],[-97.729454,30.273113],[-97.729422,30.273118],[-97.729429,30.27315],[-97.729321,30.273165],[-97.729315,30.273134],[-97.729295,30.273137],[-97.729286,30.273088],[-97.729305,30.273085],[-97.729291,30.273013],[-97.729396,30.272998],[-97.729409,30.273068],[-97.729444,30.273063],[-97.729452,30.273102]]]},"properties":{"id":"osm:w382130670","name":null,"num_floors":null,"building_class":null,"final_height":10.5,"source_height":"osm_height","wd":"#d8cdb6","wg":"#dec9aa","wn":"#22242b","rd":"#877e6d","rg":"#a1896c","rn":"#151722"}},{"type":"Feature","geometry":{"type":"Polygon","coordinates":[[[-97.72918,30.273188],[-97.729173,30.273149],[-97.72918,30.273148],[-97.729176,30.273128],[-97.729243,30.273119],[-97.72925,30.273158],[-97.72926,30.273157],[-97.729264,30.273175],[-97.729255,30.273177],[-97.729258,30.273194],[-97.729183,30.273205],[-97.72918,30.273188]]]},"properties":{"id":"osm:w382130672","name":null,"num_floors":null,"building_class":null,"final_height":6.7,"source_height":"osm_height","wd":"#ccb9a3","wg":"#d4b89a","wn":"#212129","rd":"#7c6a54","rg":"#997a59","rn":"#10121d"}},{"type":"Feature","geometry":{"type":"Polygon","coordinates":[[[-97.730146,30.272615],[-97.73009,30.272627],[-97.730092,30.272634],[-97.730069,30.272639],[-97.730068,30.272634],[-97.730033,30.272641],[-97.730013,30.272568],[-97.730134,30.272543],[-97.730145,30.272581],[-97.730137,30.272583],[-97.730146,30.272615]]]},"properties":{"id":"osm:w382130673","name":null,"num_floors":null,"building_class":null,"final_height":5.6,"source_height":"osm_height","wd":"#98a3b0","wg":"#a8a5a5","wn":"#1b1f2a","rd":"#565f69","rg":"#7b7169","rn":"#0e121f"}},{"type":"Feature","geometry":{"type":"Polygon","coordinates":[[[-97.73069,30.273379],[-97.73075,30.273371],[-97.730753,30.273389],[-97.73076,30.273388],[-97.730783,30.273512],[-97.730732,30.273519],[-97.730723,30.273467],[-97.730631,30.27348],[-97.730618,30.27341],[-97.730627,30.273409],[-97.730623,30.273388],[-97.73069,30.273379]]]},"properties":{"id":"osm:w382130679","name":null,"num_floors":null,"building_class":null,"final_height":9.4,"source_height":"osm_height","wd":"#a8b19d","wg":"#b6b195","wn":"#1d2028","rd":"#5e6556","rg":"#81765a","rn":"#0f121e"}},{"type":"Feature","geometry":{"type":"Polygon","coordinates":[[[-97.729531,30.273551],[-97.729479,30.273559],[-97.729478,30.273556],[-97.72946,30.273558],[-97.729453,30.273523],[-97.729428,30.273527],[-97.72942,30.273482],[-97.729445,30.273478],[-97.729441,30.273461],[-97.729492,30.273454],[-97.729495,30.27347],[-97.729515,30.273467],[-97.729531,30.273551]]]},"properties":{"id":"osm:w382130683","name":null,"num_floors":null,"building_class":null,"final_height":5.7,"source_height":"osm_height","wd":"#a9b29e","wg":"#b7b296","wn":"#1d2028","rd":"#5e6656","rg":"#81775a","rn":"#0f121e"}},{"type":"Feature","geometry":{"type":"Polygon","coordinates":[[[-97.729415,30.275698],[-97.729323,30.275711],[-97.729322,30.275707],[-97.729296,30.275711],[-97.729285,30.275654],[-97.729311,30.27565],[-97.729307,30.27563],[-97.729383,30.275619],[-97.729387,30.275641],[-97.729394,30.27564],[-97.729396,30.275649],[-97.729406,30.275648],[-97.729415,30.275698]]]},"properties":{"id":"osm:w382130684","name":null,"num_floors":null,"building_class":null,"final_height":5.7,"source_height":"osm_height","wd":"#b47c60","wg":"#c08562","wn":"#1e1a21","rd":"#664930","rg":"#88603d","rn":"#10111c"}},{"type":"Feature","geometry":{"type":"Polygon","coordinates":[[[-97.729076,30.272915],[-97.729069,30.272892],[-97.729172,30.272869],[-97.729174,30.272875],[-97.7292,30.272869],[-97.729206,30.27289],[-97.729183,30.272895],[-97.729187,30.272906],[-97.729125,30.272919],[-97.729129,30.272933],[-97.7291,30.272939],[-97.729096,30.272927],[-97.72908,30.27293],[-97.729076,30.272915]]]},"properties":{"id":"osm:w382130688","name":null,"num_floors":null,"building_class":null,"final_height":4.5,"source_height":"default_by_area","wd":"#dacfba","wg":"#e0caad","wn":"#23242b","rd":"#89806f","rg":"#a38b6e","rn":"#161823"}},{"type":"Feature","geometry":{"type":"Polygon","coordinates":[[[-97.729565,30.276032],[-97.729547,30.276034],[-97.729533,30.275953],[-97.729555,30.27595],[-97.729554,30.275942],[-97.729592,30.275937],[-97.729593,30.275944],[-97.72962,30.27594],[-97.729634,30.276023],[-97.729621,30.276025],[-97.729623,30.276038],[-97.729585,30.276043],[-97.729583,30.27603],[-97.729565,30.276032]]]},"properties":{"id":"osm:w382130694","name":null,"num_floors":null,"building_class":null,"final_height":6.4,"source_height":"osm_height","wd":"#aeb6a4","wg":"#bbb59b","wn":"#1d2129","rd":"#616959","rg":"#84795d","rn":"#0f121e"}},{"type":"Feature","geometry":{"type":"Polygon","coordinates":[[[-97.730675,30.27253],[-97.730593,30.272146],[-97.730868,30.272102],[-97.730886,30.272189],[-97.730712,30.272217],[-97.730761,30.272449],[-97.731315,30.27236],[-97.731296,30.272272],[-97.731316,30.272269],[-97.731314,30.272256],[-97.731374,30.272246],[-97.731413,30.272433],[-97.730729,30.272543],[-97.730725,30.272522],[-97.730675,30.27253]]]},"properties":{"id":"osm:w382130700","name":"Super 8 Austin/Dtwn/Capitol Area","num_floors":null,"building_class":null,"final_height":10.6,"source_height":"osm_height","wd":"#9ba6b2","wg":"#aba8a6","wn":"#1b1f2a","rd":"#57616b","rg":"#7c736b","rn":"#0e121f"}},{"type":"Feature","geometry":{"type":"Polygon","coordinates":[[[-97.730405,30.272974],[-97.730395,30.272934],[-97.730438,30.272926],[-97.730426,30.272877],[-97.730513,30.272862],[-97.730516,30.272874],[-97.730609,30.272857],[-97.730624,30.272918],[-97.730539,30.272933],[-97.730545,30.272957],[-97.730511,30.272963],[-97.730519,30.272997],[-97.73047,30.273006],[-97.730474,30.273022],[-97.730418,30.273032],[-97.730405,30.272974]]]},"properties":{"id":"osm:w382130701","name":null,"num_floors":null,"building_class":null,"final_height":5.9,"source_height":"osm_height","wd":"#b6bdac","wg":"#c2bba1","wn":"#1e222a","rd":"#666e5d","rg":"#887d60","rn":"#0f121e"}},{"type":"Feature","geometry":{"type":"Polygon","coordinates":[[[-97.726479,30.273461],[-97.726487,30.273503],[-97.726565,30.273491],[-97.726588,30.273606],[-97.726523,30.273615],[-97.726517,30.273585],[-97.726372,30.273607],[-97.726361,30.273553],[-97.726394,30.273548],[-97.726387,30.273512],[-97.726371,30.273514],[-97.726368,30.273503],[-97.726366,30.273503],[-97.72635,30.273426],[-97.726468,30.273409],[-97.726479,30.273461]]]},"properties":{"id":"osm:w382130707","name":null,"num_floors":null,"building_class":null,"final_height":8.8,"source_height":"osm_height","wd":"#d5c19b","wg":"#dcbf93","wn":"#222228","rd":"#806d58","rg":"#9c7c5c","rn":"#10121d"}},{"type":"Feature","geometry":{"type":"Polygon","coordinates":[[[-97.730638,30.274071],[-97.730584,30.273795],[-97.730752,30.27377],[-97.730753,30.273776],[-97.730762,30.273775],[-97.730764,30.273786],[-97.730754,30.273787],[-97.730761,30.273823],[-97.730763,30.273823],[-97.730785,30.273937],[-97.730783,30.273938],[-97.730793,30.273989],[-97.730796,30.273989],[-97.730808,30.274048],[-97.730805,30.274049],[-97.730816,30.274104],[-97.730709,30.274119],[-97.730713,30.27414],[-97.730654,30.274149],[-97.730638,30.274071]]]},"properties":{"id":"osm:w382130716","name":null,"num_floors":null,"building_class":null,"final_height":17.8,"source_height":"osm_height","wd":"#97a2af","wg":"#a8a5a4","wn":"#1b1e2a","rd":"#555e68","rg":"#7a7068","rn":"#0e121f"}},{"type":"Feature","geometry":{"type":"Polygon","coordinates":[[[-97.728684,30.276047],[-97.728677,30.276007],[-97.728644,30.276011],[-97.728626,30.275913],[-97.728599,30.275917],[-97.728592,30.275881],[-97.728756,30.275858],[-97.728768,30.275927],[-97.728789,30.275924],[-97.728814,30.276062],[-97.728799,30.276064],[-97.728805,30.276092],[-97.728699,30.276107],[-97.7287,30.276113],[-97.728678,30.276116],[-97.728677,30.276111],[-97.728651,30.276114],[-97.728644,30.276077],[-97.728689,30.27607],[-97.728684,30.276047]]]},"properties":{"id":"osm:w382130718","name":null,"num_floors":null,"building_class":null,"final_height":9.6,"source_height":"osm_height","wd":"#a86d4f","wg":"#b67853","wn":"#1d181e","rd":"#5b402b","rg":"#7f5939","rn":"#10111c"}},{"type":"Feature","geometry":{"type":"Polygon","coordinates":[[[-97.730484,30.274771],[-97.73049,30.274794],[-97.730483,30.274796],[-97.730491,30.274828],[-97.730497,30.274827],[-97.730512,30.274889],[-97.730519,30.274887],[-97.730523,30.274901],[-97.730509,30.274904],[-97.730511,30.274914],[-97.730519,30.274913],[-97.730527,30.274947],[-97.730521,30.274948],[-97.730524,30.274959],[-97.730413,30.274979],[-97.730363,30.274771],[-97.730474,30.274752],[-97.730477,30.274766],[-97.730483,30.274765],[-97.730484,30.274771]]]},"properties":{"id":"osm:w382130721","name":null,"num_floors":null,"building_class":null,"final_height":12.8,"source_height":"osm_height","wd":"#d3c7ae","wg":"#dac4a3","wn":"#22232a","rd":"#837a6a","rg":"#9e866a","rn":"#131521"}},{"type":"Feature","geometry":{"type":"Polygon","coordinates":[[[-97.729091,30.273647],[-97.729099,30.273683],[-97.72902,30.273696],[-97.729022,30.273707],[-97.728991,30.273712],[-97.728989,30.2737],[-97.728981,30.273701],[-97.728979,30.273694],[-97.728963,30.273697],[-97.728967,30.273716],[-97.728782,30.273747],[-97.728772,30.273699],[-97.728858,30.273685],[-97.72884,30.273605],[-97.729062,30.273568],[-97.729067,30.27359],[-97.729081,30.273588],[-97.72909,30.27363],[-97.729061,30.273635],[-97.729063,30.273647],[-97.72909,30.273642],[-97.729091,30.273647]]]},"properties":{"id":"osm:w382130731","name":null,"num_floors":null,"building_class":null,"final_height":7.3,"source_height":"osm_height","wd":"#9fa9b6","wg":"#aeaaaa","wn":"#1c1f2b","rd":"#59636d","rg":"#7e746c","rn":"#0e121f"}},{"type":"Feature","geometry":{"type":"Polygon","coordinates":[[[-97.728707,30.274244],[-97.728694,30.27419],[-97.728731,30.274182],[-97.728745,30.274237],[-97.728707,30.274244]]]},"properties":{"id":"osm:w382130742","name":null,"num_floors":null,"building_class":null,"final_height":3.0,"source_height":"osm_height","wd":"#abb3a0","wg":"#b8b397","wn":"#1d2028","rd":"#5f6757","rg":"#82785b","rn":"#0f121e"}},{"type":"Feature","geometry":{"type":"Polygon","coordinates":[[[-97.729459,30.275609],[-97.729412,30.275619],[-97.729398,30.275569],[-97.729446,30.27556],[-97.729459,30.275609]]]},"properties":{"id":"osm:w382130746","name":null,"num_floors":null,"building_class":null,"final_height":3.8,"source_height":"osm_height","wd":"#c7ccc0","wg":"#d0c8b2","wn":"#20232c","rd":"#707967","rg":"#8f8668","rn":"#10131f"}},{"type":"Feature","geometry":{"type":"Polygon","coordinates":[[[-97.727761,30.273841],[-97.727777,30.273917],[-97.727659,30.273936],[-97.727643,30.27386],[-97.727761,30.273841]]]},"properties":{"id":"osm:w382130750","name":null,"num_floors":null,"building_class":null,"final_height":7.8,"source_height":"osm_height","wd":"#dad0bb","wg":"#e0cbae","wn":"#23242b","rd":"#89816f","rg":"#a38c6e","rn":"#161823"}},{"type":"Feature","geometry":{"type":"Polygon","coordinates":[[[-97.730183,30.273891],[-97.730172,30.273845],[-97.730212,30.273838],[-97.730222,30.273884],[-97.730183,30.273891]]]},"properties":{"id":"osm:w382130767","name":null,"num_floors":null,"building_class":null,"final_height":3.3,"source_height":"osm_height","wd":"#b59a7b","wg":"#c19e78","wn":"#1e1d24","rd":"#655745","rg":"#876b4d","rn":"#10121d"}},{"type":"Feature","geometry":{"type":"Polygon","coordinates":[[[-97.728629,30.274943],[-97.728586,30.274951],[-97.728572,30.274897],[-97.728615,30.274888],[-97.728629,30.274943]]]},"properties":{"id":"osm:w382130806","name":null,"num_floors":null,"building_class":null,"final_height":4.5,"source_height":"default_by_area","wd":"#bda588","wg":"#c8a783","wn":"#1f1f25","rd":"#6d5d4a","rg":"#8d7051","rn":"#10121d"}},{"type":"Feature","geometry":{"type":"Polygon","coordinates":[[[-97.728712,30.274137],[-97.728627,30.274152],[-97.728614,30.274095],[-97.728699,30.27408],[-97.728712,30.274137]]]},"properties":{"id":"osm:w382130833","name":null,"num_floors":null,"building_class":null,"final_height":5.1,"source_height":"osm_height","wd":"#e1d2b8","wg":"#e6cdac","wn":"#24242b","rd":"#8f7961","rg":"#a88663","rn":"#151621"}},{"type":"Feature","geometry":{"type":"Polygon","coordinates":[[[-97.726127,30.273137],[-97.72628,30.273115],[-97.726296,30.273195],[-97.726142,30.273218],[-97.726127,30.273137]]]},"properties":{"id":"osm:w382130842","name":null,"num_floors":null,"building_class":null,"final_height":4.0,"source_height":"osm_height","wd":"#afb8c2","wg":"#bcb7b4","wn":"#1e212c","rd":"#616b77","rg":"#847b74","rn":"#0e121f"}},{"type":"Feature","geometry":{"type":"Polygon","coordinates":[[[-97.729986,30.274826],[-97.730005,30.274914],[-97.729943,30.274924],[-97.729924,30.274836],[-97.729986,30.274826]]]},"properties":{"id":"osm:w382130850","name":null,"num_floors":null,"building_class":null,"final_height":5.5,"source_height":"osm_height","wd":"#b4bbaa","wg":"#c0baa0","wn":"#1e2129","rd":"#656d5c","rg":"#877c5f","rn":"#0f121e"}},{"type":"Feature","geometry":{"type":"Polygon","coordinates":[[[-97.73002,30.272631],[-97.729983,30.272638],[-97.729969,30.272583],[-97.730006,30.272576],[-97.73002,30.272631]]]},"properties":{"id":"osm:w382130863","name":null,"num_floors":null,"building_class":null,"final_height":2.3,"source_height":"osm_height","wd":"#a5afba","wg":"#b3afad","wn":"#1c202b","rd":"#5c6671","rg":"#80776f","rn":"#0e121f"}},{"type":"Feature","geometry":{"type":"Polygon","coordinates":[[[-97.730271,30.274825],[-97.730229,30.274831],[-97.730217,30.274776],[-97.73026,30.27477],[-97.730271,30.274825]]]},"properties":{"id":"osm:w382130872","name":null,"num_floors":null,"building_class":null,"final_height":4.5,"source_height":"default_by_area","wd":"#bcc2b3","wg":"#c7bfa7","wn":"#1f222a","rd":"#6a7260","rg":"#8b8062","rn":"#0f121e"}},{"type":"Feature","geometry":{"type":"Polygon","coordinates":[[[-97.729201,30.274926],[-97.72921,30.274985],[-97.729109,30.274997],[-97.7291,30.274938],[-97.729201,30.274926]]]},"properties":{"id":"osm:w382130874","name":null,"num_floors":null,"building_class":null,"final_height":3.0,"source_height":"osm_height","wd":"#cbb7a1","wg":"#d3b698","wn":"#212128","rd":"#7b6953","rg":"#987958","rn":"#10121d"}},{"type":"Feature","geometry":{"type":"Polygon","coordinates":[[[-97.728999,30.275029],[-97.728949,30.275035],[-97.728938,30.274967],[-97.728988,30.274961],[-97.728999,30.275029]]]},"properties":{"id":"osm:w382130878","name":null,"num_floors":null,"building_class":null,"final_height":4.5,"source_height":"default_by_area","wd":"#b9c0b0","wg":"#c4bea5","wn":"#1f222a","rd":"#68705f","rg":"#897f61","rn":"#0f121e"}},{"type":"Feature","geometry":{"type":"Polygon","coordinates":[[[-97.729194,30.275852],[-97.729134,30.275864],[-97.729118,30.275803],[-97.729178,30.275792],[-97.729194,30.275852]]]},"properties":{"id":"osm:w382130919","name":null,"num_floors":null,"building_class":null,"final_height":3.6,"source_height":"osm_height","wd":"#b4bcc5","wg":"#c0bab6","wn":"#1e222d","rd":"#636e79","rg":"#857d76","rn":"#0e121f"}},{"type":"Feature","geometry":{"type":"Polygon","coordinates":[[[-97.729242,30.272864],[-97.729326,30.272851],[-97.729341,30.272923],[-97.729233,30.272939],[-97.729219,30.272867],[-97.729242,30.272864]]]},"properties":{"id":"osm:w382130939","name":null,"num_floors":null,"building_class":null,"final_height":7.6,"source_height":"osm_height","wd":"#98a3b0","wg":"#a8a5a5","wn":"#1b1f2a","rd":"#565f69","rg":"#7b7169","rn":"#0e121f"}},{"type":"Feature","geometry":{"type":"Polygon","coordinates":[[[-97.729609,30.275812],[-97.729524,30.275826],[-97.729506,30.275746],[-97.729613,30.275728],[-97.729631,30.275808],[-97.729609,30.275812]]]},"properties":{"id":"osm:w382130943","name":null,"num_floors":null,"building_class":null,"final_height":6.0,"source_height":"osm_height","wd":"#b9856a","wg":"#c48c6a","wn":"#1f1b22","rd":"#6d4d33","rg":"#8d633f","rn":"#10111c"}},{"type":"Feature","geometry":{"type":"Polygon","coordinates":[[[-97.727419,30.274582],[-97.727397,30.274483],[-97.727475,30.27447],[-97.727498,30.274576],[-97.727421,30.274589],[-97.727419,30.274582]]]},"properties":{"id":"osm:w382130953","name":null,"num_floors":null,"building_class":null,"final_height":6.0,"source_height":"osm_height","wd":"#c5b097","wg":"#ceb090","wn":"#202027","rd":"#75644f","rg":"#937555","rn":"#10121d"}},{"type":"Feature","geometry":{"type":"Polygon","coordinates":[[[-97.729462,30.272873],[-97.729454,30.272831],[-97.729535,30.27282],[-97.729547,30.272888],[-97.729466,30.272899],[-97.729462,30.272873]]]},"properties":{"id":"osm:w382130957","name":null,"num_floors":null,"building_class":null,"final_height":5.4,"source_height":"osm_height","wd":"#b88368","wg":"#c38b68","wn":"#1f1b21","rd":"#6b4c32","rg":"#8c623e","rn":"#10111c"}},{"type":"Feature","geometry":{"type":"Polygon","coordinates":[[[-97.728865,30.27303],[-97.728916,30.273023],[-97.728926,30.273078],[-97.728868,30.273086],[-97.728858,30.273031],[-97.728865,30.27303]]]},"properties":{"id":"osm:w382130971","name":null,"num_floors":null,"building_class":null,"final_height":4.5,"source_height":"default_by_area","wd":"#ded5c1","wg":"#e3cfb3","wn":"#23252c","rd":"#8d8472","rg":"#a68e70","rn":"#171924"}},{"type":"Feature","geometry":{"type":"Polygon","coordinates":[[[-97.726135,30.274707],[-97.726134,30.274701],[-97.726182,30.274694],[-97.726195,30.274755],[-97.726146,30.274763],[-97.726135,30.274707]]]},"properties":{"id":"osm:w382130979","name":null,"num_floors":null,"building_class":null,"final_height":4.5,"source_height":"default_by_area","wd":"#b2795c","wg":"#be825e","wn":"#1e1a20","rd":"#64472f","rg":"#865f3c","rn":"#10111c"}},{"type":"Feature","geometry":{"type":"Polygon","coordinates":[[[-97.730857,30.273977],[-97.73092,30.273813],[-97.730968,30.273827],[-97.730904,30.273995],[-97.730855,30.273981],[-97.730857,30.273977]]]},"properties":{"id":"osm:w382130983","name":null,"num_floors":null,"building_class":null,"final_height":2.7,"source_height":"osm_height","wd":"#b3bbc5","wg":"#bfbab6","wn":"#1e212d","rd":"#636d79","rg":"#857c76","rn":"#0e121f"}},{"type":"Feature","geometry":{"type":"Polygon","coordinates":[[[-97.728482,30.273879],[-97.728546,30.273868],[-97.728561,30.273937],[-97.72845,30.273956],[-97.728434,30.273887],[-97.728482,30.273879]]]},"properties":{"id":"osm:w382130991","name":null,"num_floors":null,"building_class":null,"final_height":4.7,"source_height":"osm_height","wd":"#c1aa8f","wg":"#cbab89","wn":"#201f26","rd":"#71614d","rg":"#907353","rn":"#10121d"}},{"type":"Feature","geometry":{"type":"Polygon","coordinates":[[[-97.729382,30.274812],[-97.72945,30.274803],[-97.729455,30.27483],[-97.729384,30.274839],[-97.72938,30.274812],[-97.729382,30.274812]]]},"properties":{"id":"osm:w382131006","name":null,"num_floors":null,"building_class":null,"final_height":4.5,"source_height":"default_by_area","wd":"#aab3be","wg":"#b8b3b1","wn":"#1d202c","rd":"#5f6974","rg":"#827972","rn":"#0e121f"}},{"type":"Feature","geometry":{"type":"Polygon","coordinates":[[[-97.726319,30.273891],[-97.726389,30.273879],[-97.726403,30.273941],[-97.726331,30.273954],[-97.726317,30.273891],[-97.726319,30.273891]]]},"properties":{"id":"osm:w382131017","name":null,"num_floors":null,"building_class":null,"final_height":5.0,"source_height":"osm_height","wd":"#c8b49d","wg":"#d1b495","wn":"#202128","rd":"#786752","rg":"#967857","rn":"#10121d"}},{"type":"Feature","geometry":{"type":"Polygon","coordinates":[[[-97.729013,30.274898],[-97.729003,30.274848],[-97.729032,30.274843],[-97.72903,30.274834],[-97.72908,30.274827],[-97.729092,30.274886],[-97.729013,30.274898]]]},"properties":{"id":"osm:w382131024","name":null,"num_floors":null,"building_class":null,"final_height":3.6,"source_height":"osm_height","wd":"#c3ad93","wg":"#cdae8c","wn":"#202027","rd":"#73624e","rg":"#927454","rn":"#10121d"}},{"type":"Feature","geometry":{"type":"Polygon","coordinates":[[[-97.730142,30.274723],[-97.730088,30.274732],[-97.730079,30.274688],[-97.730149,30.274677],[-97.730157,30.274715],[-97.730141,30.274718],[-97.730142,30.274723]]]},"properties":{"id":"osm:w382131030","name":null,"num_floors":null,"building_class":null,"final_height":3.8,"source_height":"osm_height","wd":"#d6cbb4","wg":"#ddc7a8","wn":"#22232b","rd":"#867d6c","rg":"#a1896c","rn":"#141722"}},{"type":"Feature","geometry":{"type":"Polygon","coordinates":[[[-97.729128,30.275736],[-97.729125,30.27572],[-97.729096,30.275723],[-97.729085,30.275656],[-97.729191,30.275643],[-97.729204,30.275727],[-97.729128,30.275736]]]},"properties":{"id":"osm:w382131043","name":null,"num_floors":null,"building_class":null,"final_height":5.0,"source_height":"osm_height","wd":"#c1c7b9","wg":"#cbc4ac","wn":"#20232b","rd":"#6d7564","rg":"#8d8265","rn":"#0f121e"}},{"type":"Feature","geometry":{"type":"Polygon","coordinates":[[[-97.726135,30.273217],[-97.72606,30.273225],[-97.726054,30.27319],[-97.726088,30.273185],[-97.726083,30.273156],[-97.726122,30.27315],[-97.726135,30.273217]]]},"properties":{"id":"osm:w382131046","name":null,"num_floors":null,"building_class":null,"final_height":3.7,"source_height":"osm_height","wd":"#b47d61","wg":"#c08562","wn":"#1e1a21","rd":"#674930","rg":"#88603d","rn":"#10111c"}},{"type":"Feature","geometry":{"type":"Polygon","coordinates":[[[-97.726851,30.27341],[-97.726847,30.273393],[-97.726989,30.273372],[-97.727008,30.273467],[-97.726888,30.273485],[-97.726887,30.27348],[-97.726865,30.273484],[-97.726851,30.27341]]]},"properties":{"id":"osm:w382131058","name":null,"num_floors":null,"building_class":null,"final_height":8.7,"source_height":"osm_height","wd":"#cfb88c","wg":"#d7b787","wn":"#212126","rd":"#796753","rg":"#967858","rn":"#10121d"}},{"type":"Feature","geometry":{"type":"Polygon","coordinates":[[[-97.728798,30.275862],[-97.728922,30.275838],[-97.728953,30.27596],[-97.72886,30.275978],[-97.728865,30.276001],[-97.728827,30.276008],[-97.728791,30.275863],[-97.728798,30.275862]]]},"properties":{"id":"osm:w382131060","name":null,"num_floors":null,"building_class":null,"final_height":12.5,"source_height":"osm_height","wd":"#ae7153","wg":"#bb7b57","wn":"#1d191f","rd":"#5e432c","rg":"#815b3a","rn":"#10111c"}},{"type":"Feature","geometry":{"type":"Polygon","coordinates":[[[-97.730031,30.27343],[-97.730025,30.273402],[-97.730138,30.273385],[-97.730161,30.2735],[-97.730123,30.273506],[-97.730127,30.273527],[-97.730053,30.273539],[-97.730031,30.27343]]]},"properties":{"id":"osm:w382131064","name":null,"num_floors":null,"building_class":null,"final_height":6.3,"source_height":"osm_height","wd":"#e5ded0","wg":"#e9d7c0","wn":"#24262e","rd":"#938a79","rg":"#ab9376","rn":"#1a1c26"}},{"type":"Feature","geometry":{"type":"Polygon","coordinates":[[[-97.727541,30.273134],[-97.72753,30.273064],[-97.727596,30.273056],[-97.727607,30.273128],[-97.727575,30.273132],[-97.727577,30.273146],[-97.727549,30.273149],[-97.727546,30.273134],[-97.727541,30.273134]]]},"properties":{"id":"osm:w382131071","name":null,"num_floors":null,"building_class":null,"final_height":5.0,"source_height":"osm_height","wd":"#e1d9c7","wg":"#e6d3b8","wn":"#24252d","rd":"#8f8675","rg":"#a89073","rn":"#181a25"}},{"type":"Feature","geometry":{"type":"Polygon","coordinates":[[[-97.728378,30.273251],[-97.728327,30.273259],[-97.728325,30.273249],[-97.728316,30.27325],[-97.728311,30.273223],[-97.728293,30.273226],[-97.728282,30.273175],[-97.728359,30.273163],[-97.728378,30.273251]]]},"properties":{"id":"osm:w382131078","name":null,"num_floors":null,"building_class":null,"final_height":9.2,"source_height":"osm_height","wd":"#e7e1d3","wg":"#ebd9c2","wn":"#24262e","rd":"#948c7b","rg":"#ac9477","rn":"#1b1d27"}},{"type":"Feature","geometry":{"type":"Polygon","coordinates":[[[-97.729374,30.273531],[-97.729394,30.27363],[-97.729304,30.273643],[-97.72929,30.273573],[-97.729267,30.273576],[-97.729257,30.273528],[-97.729349,30.273514],[-97.729353,30.273534],[-97.729374,30.273531]]]},"properties":{"id":"osm:w382131080","name":null,"num_floors":null,"building_class":null,"final_height":5.4,"source_height":"osm_height","wd":"#b99f81","wg":"#c4a27d","wn":"#1f1e24","rd":"#695a47","rg":"#8a6d4f","rn":"#10121d"}},{"type":"Feature","geometry":{"type":"Polygon","coordinates":[[[-97.727398,30.273176],[-97.727384,30.273087],[-97.727464,30.273077],[-97.727478,30.273165],[-97.727469,30.273166],[-97.727471,30.273178],[-97.727437,30.273182],[-97.727436,30.273172],[-97.727398,30.273176]]]},"properties":{"id":"osm:w382131088","name":null,"num_floors":null,"building_class":null,"final_height":5.1,"source_height":"osm_height","wd":"#a9b2bd","wg":"#b7b2b0","wn":"#1d202c","rd":"#5e6873","rg":"#817871","rn":"#0e121f"}},{"type":"Feature","geometry":{"type":"Polygon","coordinates":[[[-97.7312641,30.2721478],[-97.7312408,30.2720512],[-97.7313628,30.2720293],[-97.7313903,30.2721435],[-97.7313514,30.2721505],[-97.7313607,30.2721891],[-97.7313083,30.2721986],[-97.7312947,30.2721423],[-97.7312641,30.2721478]]]},"properties":{"id":"osm:w382131093","name":null,"num_floors":null,"building_class":null,"final_height":6.4,"source_height":"osm_height","wd":"#a9b29e","wg":"#b7b296","wn":"#1d2028","rd":"#5e6656","rg":"#81775a","rn":"#0f121e"}},{"type":"Feature","geometry":{"type":"Polygon","coordinates":[[[-97.730126,30.272466],[-97.730124,30.272468],[-97.730132,30.272507],[-97.730123,30.272508],[-97.730125,30.272517],[-97.730006,30.272536],[-97.729991,30.272462],[-97.730122,30.272442],[-97.730126,30.272466]]]},"properties":{"id":"osm:w382131095","name":null,"num_floors":null,"building_class":null,"final_height":5.6,"source_height":"osm_height","wd":"#b2785b","wg":"#be815d","wn":"#1e1920","rd":"#63472f","rg":"#855f3c","rn":"#10111c"}},{"type":"Feature","geometry":{"type":"Polygon","coordinates":[[[-97.731157,30.272694],[-97.731152,30.272669],[-97.731082,30.27268],[-97.731061,30.272578],[-97.731324,30.272537],[-97.731345,30.272638],[-97.731189,30.272662],[-97.731195,30.27269],[-97.731158,30.272696],[-97.731157,30.272694]]]},"properties":{"id":"osm:w382131104","name":null,"num_floors":null,"building_class":null,"final_height":11.6,"source_height":"osm_height","wd":"#bcc3b4","wg":"#c7c0a8","wn":"#1f222b","rd":"#6a7261","rg":"#8b8063","rn":"#0f121e"}},{"type":"Feature","geometry":{"type":"Polygon","coordinates":[[[-97.728558,30.272812],[-97.728522,30.272641],[-97.728561,30.272634],[-97.728558,30.272622],[-97.728613,30.272613],[-97.728615,30.272626],[-97.728648,30.27262],[-97.728685,30.272794],[-97.728559,30.272815],[-97.728558,30.272812]]]},"properties":{"id":"osm:w382131110","name":null,"num_floors":null,"building_class":null,"final_height":6.1,"source_height":"osm_height","wd":"#a0684c","wg":"#af7451","wn":"#1c171e","rd":"#563d28","rg":"#7b5737","rn":"#10111c"}},{"type":"Feature","geometry":{"type":"Polygon","coordinates":[[[-97.72936,30.271367],[-97.729353,30.271445],[-97.729338,30.271445],[-97.729337,30.271456],[-97.729266,30.271451],[-97.729267,30.27144],[-97.729252,30.271439],[-97.729259,30.271361],[-97.72936,30.271367]]]},"properties":{"id":"osm:w382368111","name":null,"num_floors":null,"building_class":null,"final_height":6.4,"source_height":"osm_height","wd":"#98a3b0","wg":"#a8a5a5","wn":"#1b1f2a","rd":"#565f69","rg":"#7b7169","rn":"#0e121f"}},{"type":"Feature","geometry":{"type":"Polygon","coordinates":[[[-97.729045,30.271725],[-97.729078,30.27172],[-97.729083,30.27174],[-97.729156,30.271727],[-97.729179,30.271827],[-97.72905,30.27185],[-97.729022,30.27173],[-97.729045,30.271725]]]},"properties":{"id":"osm:w382368115","name":null,"num_floors":null,"building_class":null,"final_height":5.6,"source_height":"osm_height","wd":"#a7b0bb","wg":"#b5b0ae","wn":"#1d202b","rd":"#5d6772","rg":"#817870","rn":"#0e121f"}},{"type":"Feature","geometry":{"type":"Polygon","coordinates":[[[-97.729299,30.270975],[-97.729343,30.270987],[-97.729308,30.271087],[-97.729196,30.271058],[-97.729231,30.270957],[-97.729299,30.270975]]]},"properties":{"id":"osm:w382368117","name":null,"num_floors":null,"building_class":null,"final_height":7.7,"source_height":"osm_height","wd":"#bc8a70","wg":"#c7906f","wn":"#1f1c22","rd":"#705035","rg":"#8f6641","rn":"#10111c"}},{"type":"Feature","geometry":{"type":"Polygon","coordinates":[[[-97.728986,30.27146],[-97.728969,30.271457],[-97.728971,30.27145],[-97.728916,30.271437],[-97.728963,30.271281],[-97.729038,30.271298],[-97.72903,30.271324],[-97.72907,30.271333],[-97.729031,30.271463],[-97.729006,30.271458],[-97.729004,30.271465],[-97.728986,30.27146]]]},"properties":{"id":"osm:w382368118","name":null,"num_floors":null,"building_class":null,"final_height":5.7,"source_height":"osm_height","wd":"#b9c1ca","wg":"#c4bfbb","wn":"#1f222d","rd":"#66717d","rg":"#887f79","rn":"#101320"}},{"type":"Feature","geometry":{"type":"Polygon","coordinates":[[[-97.728781,30.270931],[-97.728866,30.270948],[-97.728831,30.271081],[-97.728791,30.271073],[-97.728784,30.2711],[-97.728709,30.271085],[-97.728751,30.270925],[-97.728781,30.270931]]]},"properties":{"id":"osm:w382368119","name":null,"num_floors":null,"building_class":null,"final_height":5.7,"source_height":"osm_height","wd":"#dbc9a9","wg":"#e1c59f","wn":"#232329","rd":"#88735c","rg":"#a2815f","rn":"#12131f"}},{"type":"Feature","geometry":{"type":"Polygon","coordinates":[[[-97.728846,30.27143],[-97.728761,30.271411],[-97.728781,30.271344],[-97.728909,30.271372],[-97.72889,30.271439],[-97.728846,30.27143]]]},"properties":{"id":"osm:w382368120","name":null,"num_floors":null,"building_class":null,"final_height":7.7,"source_height":"osm_height","wd":"#b88469","wg":"#c38b69","wn":"#1f1b22","rd":"#6c4d33","rg":"#8c633f","rn":"#10111c"}},{"type":"Feature","geometry":{"type":"Polygon","coordinates":[[[-97.728905,30.271746],[-97.728959,30.271739],[-97.728958,30.271735],[-97.729001,30.271729],[-97.72902,30.271834],[-97.728913,30.271849],[-97.728894,30.271748],[-97.728905,30.271746]]]},"properties":{"id":"osm:w382368122","name":null,"num_floors":null,"building_class":null,"final_height":7.9,"source_height":"osm_height","wd":"#a56b4e","wg":"#b37652","wn":"#1c181e","rd":"#593f2a","rg":"#7e5838","rn":"#10111c"}},{"type":"Feature","geometry":{"type":"Polygon","coordinates":[[[-97.728671,30.271501],[-97.728608,30.271488],[-97.728611,30.271476],[-97.728604,30.271474],[-97.728629,30.271386],[-97.728735,30.271409],[-97.72871,30.271498],[-97.728717,30.271499],[-97.728714,30.27151],[-97.728671,30.271501]]]},"properties":{"id":"osm:w382368124","name":null,"num_floors":null,"building_class":null,"final_height":7.9,"source_height":"osm_height","wd":"#bac1ca","wg":"#c5bfbb","wn":"#1f222d","rd":"#66717d","rg":"#887f79","rn":"#101320"}},{"type":"Feature","geometry":{"type":"Polygon","coordinates":[[[-97.728684,30.271806],[-97.728793,30.271788],[-97.728811,30.271868],[-97.728687,30.271889],[-97.728672,30.271821],[-97.728682,30.27182],[-97.728679,30.271806],[-97.728684,30.271806]]]},"properties":{"id":"osm:w382368126","name":null,"num_floors":null,"building_class":null,"final_height":7.8,"source_height":"osm_height","wd":"#cbb9a3","wg":"#d3b89a","wn":"#212129","rd":"#7b6a54","rg":"#987a59","rn":"#10121d"}},{"type":"Feature","geometry":{"type":"Polygon","coordinates":[[[-97.728502,30.271528],[-97.728422,30.271512],[-97.728465,30.271356],[-97.72854,30.271372],[-97.728533,30.2714],[-97.728573,30.271408],[-97.728538,30.271536],[-97.728502,30.271528]]]},"properties":{"id":"osm:w382368129","name":null,"num_floors":null,"building_class":null,"final_height":10.4,"source_height":"osm_height","wd":"#b7beae","wg":"#c3bca3","wn":"#1e222a","rd":"#676f5e","rg":"#887e61","rn":"#0f121e"}},{"type":"Feature","geometry":{"type":"Polygon","coordinates":[[[-97.728496,30.271814],[-97.728613,30.271795],[-97.72864,30.271925],[-97.728604,30.27193],[-97.72861,30.271956],[-97.728528,30.271969],[-97.728496,30.271814]]]},"properties":{"id":"osm:w382368131","name":null,"num_floors":null,"building_class":null,"final_height":5.9,"source_height":"osm_height","wd":"#bfc5b6","wg":"#c9c2aa","wn":"#1f232b","rd":"#6b7462","rg":"#8c8264","rn":"#0f121e"}},{"type":"Feature","geometry":{"type":"Polygon","coordinates":[[[-97.728339,30.27184],[-97.728388,30.271833],[-97.72839,30.271843],[-97.728455,30.271834],[-97.728479,30.271956],[-97.728346,30.271976],[-97.72832,30.271843],[-97.728339,30.27184]]]},"properties":{"id":"osm:w382368132","name":null,"num_floors":null,"building_class":null,"final_height":5.8,"source_height":"osm_height","wd":"#97a2af","wg":"#a8a5a4","wn":"#1b1e2a","rd":"#555e68","rg":"#7a7068","rn":"#0e121f"}},{"type":"Feature","geometry":{"type":"Polygon","coordinates":[[[-97.726325,30.271063],[-97.72632,30.271038],[-97.726312,30.271039],[-97.726304,30.271003],[-97.726317,30.271001],[-97.726311,30.270974],[-97.726465,30.270949],[-97.726483,30.271035],[-97.726395,30.271049],[-97.726396,30.271055],[-97.726326,30.271066],[-97.726325,30.271063]]]},"properties":{"id":"osm:w382368259","name":null,"num_floors":null,"building_class":null,"final_height":5.0,"source_height":"osm_height","wd":"#c5b097","wg":"#ceb090","wn":"#202027","rd":"#756450","rg":"#937556","rn":"#10121d"}},{"type":"Feature","geometry":{"type":"Polygon","coordinates":[[[-97.72636,30.271194],[-97.726341,30.271112],[-97.726456,30.271092],[-97.726468,30.271144],[-97.726498,30.271139],[-97.726509,30.271188],[-97.726387,30.27121],[-97.726386,30.271202],[-97.726363,30.271206],[-97.72636,30.271194]]]},"properties":{"id":"osm:w382368261","name":null,"num_floors":null,"building_class":null,"final_height":8.0,"source_height":"osm_height","wd":"#d4c9b0","wg":"#dbc5a5","wn":"#22232a","rd":"#847c6b","rg":"#9f886b","rn":"#141621"}},{"type":"Feature","geometry":{"type":"Polygon","coordinates":[[[-97.728275,30.271209],[-97.728304,30.271105],[-97.72839,30.271123],[-97.72836,30.27123],[-97.728274,30.271212],[-97.728275,30.271209]]]},"properties":{"id":"osm:w382368262","name":null,"num_floors":null,"building_class":null,"final_height":7.6,"source_height":"osm_height","wd":"#af7355","wg":"#bc7d58","wn":"#1e191f","rd":"#60442d","rg":"#835c3a","rn":"#10111c"}},{"type":"Feature","geometry":{"type":"Polygon","coordinates":[[[-97.727702,30.271433],[-97.727694,30.2714],[-97.727719,30.271396],[-97.727714,30.271376],[-97.727829,30.271356],[-97.727851,30.271453],[-97.727735,30.271473],[-97.72773,30.27145],[-97.727706,30.271454],[-97.727702,30.271433]]]},"properties":{"id":"osm:w382368265","name":null,"num_floors":null,"building_class":null,"final_height":6.4,"source_height":"osm_height","wd":"#a8b19d","wg":"#b6b195","wn":"#1d2028","rd":"#5e6556","rg":"#81765a","rn":"#0f121e"}},{"type":"Feature","geometry":{"type":"Polygon","coordinates":[[[-97.727707,30.271604],[-97.727696,30.271525],[-97.727863,30.271507],[-97.727878,30.271611],[-97.727775,30.271622],[-97.727771,30.271597],[-97.727707,30.271604]]]},"properties":{"id":"osm:w382368268","name":null,"num_floors":null,"building_class":null,"final_height":5.5,"source_height":"osm_height","wd":"#9ea8b4","wg":"#aeaaa8","wn":"#1b1f2b","rd":"#59626d","rg":"#7e746c","rn":"#0e121f"}},{"type":"Feature","geometry":{"type":"Polygon","coordinates":[[[-97.727928,30.27169],[-97.727864,30.271698],[-97.727864,30.271701],[-97.727731,30.271718],[-97.727718,30.271642],[-97.727916,30.271617],[-97.727928,30.27169]]]},"properties":{"id":"osm:w382368273","name":null,"num_floors":null,"building_class":null,"final_height":6.1,"source_height":"osm_height","wd":"#b4bcab","wg":"#c0baa1","wn":"#1e222a","rd":"#656d5c","rg":"#877c5f","rn":"#0f121e"}},{"type":"Feature","geometry":{"type":"Polygon","coordinates":[[[-97.73061,30.271506],[-97.730664,30.271498],[-97.730651,30.271436],[-97.730744,30.271422],[-97.730745,30.271427],[-97.730772,30.271423],[-97.730774,30.271431],[-97.730818,30.271425],[-97.730827,30.271472],[-97.730771,30.27148],[-97.730785,30.27155],[-97.730624,30.271574],[-97.73061,30.271506]]]},"properties":{"id":"osm:w382368275","name":null,"num_floors":null,"building_class":null,"final_height":7.5,"source_height":"default_by_area","wd":"#abb4bf","wg":"#b8b4b1","wn":"#1d212c","rd":"#5f6974","rg":"#827972","rn":"#0e121f"}},{"type":"Feature","geometry":{"type":"Polygon","coordinates":[[[-97.730785,30.271633],[-97.730795,30.271683],[-97.730739,30.271691],[-97.73074,30.271695],[-97.730627,30.271713],[-97.730604,30.271601],[-97.730664,30.271592],[-97.730667,30.271605],[-97.730691,30.271601],[-97.730689,30.271588],[-97.730774,30.271577],[-97.730785,30.271633]]]},"properties":{"id":"osm:w382368277","name":null,"num_floors":null,"building_class":null,"final_height":10.1,"source_height":"osm_height","wd":"#ae7253","wg":"#bb7c57","wn":"#1d191f","rd":"#5f432c","rg":"#825b3a","rn":"#10111c"}},{"type":"Feature","geometry":{"type":"Polygon","coordinates":[[[-97.726476,30.271532],[-97.726475,30.271526],[-97.726469,30.271528],[-97.726456,30.271469],[-97.726612,30.271444],[-97.726642,30.271586],[-97.726493,30.27161],[-97.726476,30.271532]]]},"properties":{"id":"osm:w382368283","name":null,"num_floors":null,"building_class":null,"final_height":4.7,"source_height":"osm_height","wd":"#e1d9c8","wg":"#e6d3b9","wn":"#24252d","rd":"#8f8775","rg":"#a89073","rn":"#181a25"}},{"type":"Feature","geometry":{"type":"Polygon","coordinates":[[[-97.726508,30.271821],[-97.726582,30.271809],[-97.726577,30.271788],[-97.726646,30.271777],[-97.726659,30.271837],[-97.726693,30.271832],[-97.72671,30.271912],[-97.726679,30.271917],[-97.72668,30.271922],[-97.726668,30.271924],[-97.726678,30.271972],[-97.726646,30.271977],[-97.726643,30.271966],[-97.726543,30.271981],[-97.726535,30.271938],[-97.726543,30.271937],[-97.726529,30.271866],[-97.726517,30.271868],[-97.726508,30.271821]]]},"properties":{"id":"osm:w382368287","name":null,"num_floors":null,"building_class":null,"final_height":8.3,"source_height":"osm_height","wd":"#cfb78c","wg":"#d7b687","wn":"#212126","rd":"#796753","rg":"#967858","rn":"#10121d"}},{"type":"Feature","geometry":{"type":"Polygon","coordinates":[[[-97.726151,30.271985],[-97.726153,30.271991],[-97.726157,30.271991],[-97.726168,30.272034],[-97.726063,30.272053],[-97.726062,30.272048],[-97.726024,30.272055],[-97.726015,30.272017],[-97.726042,30.272012],[-97.726036,30.271987],[-97.72605,30.271984],[-97.726041,30.271949],[-97.726138,30.271931],[-97.726151,30.271985]]]},"properties":{"id":"osm:w382368288","name":null,"num_floors":null,"building_class":null,"final_height":5.9,"source_height":"osm_height","wd":"#e8e1d4","wg":"#ecd9c3","wn":"#24262e","rd":"#948c7b","rg":"#ac9477","rn":"#1b1d27"}},{"type":"Feature","geometry":{"type":"Polygon","coordinates":[[[-97.729387,30.271754],[-97.729388,30.271763],[-97.729386,30.271764],[-97.729394,30.271815],[-97.729291,30.271827],[-97.729274,30.271717],[-97.729375,30.271705],[-97.729379,30.271727],[-97.729382,30.271727],[-97.729387,30.271754]]]},"properties":{"id":"osm:w382368289","name":null,"num_floors":null,"building_class":null,"final_height":7.4,"source_height":"osm_height","wd":"#b9856b","wg":"#c48c6b","wn":"#1f1b22","rd":"#6d4d33","rg":"#8d633f","rn":"#10111c"}},{"type":"Feature","geometry":{"type":"Polygon","coordinates":[[[-97.726556,30.272061],[-97.726793,30.272022],[-97.726804,30.272071],[-97.726737,30.272081],[-97.726745,30.272119],[-97.726671,30.272131],[-97.726675,30.27215],[-97.726622,30.272159],[-97.726619,30.272144],[-97.726556,30.272154],[-97.726545,30.2721],[-97.726564,30.272097],[-97.726556,30.272061]]]},"properties":{"id":"osm:w382368291","name":null,"num_floors":null,"building_class":null,"final_height":6.7,"source_height":"osm_height","wd":"#baa083","wg":"#c5a37f","wn":"#1f1e25","rd":"#6a5b48","rg":"#8b6e4f","rn":"#10121d"}},{"type":"Feature","geometry":{"type":"Polygon","coordinates":[[[-97.727435,30.272016],[-97.727426,30.271966],[-97.727528,30.271952],[-97.727533,30.271976],[-97.727549,30.271974],[-97.727555,30.272007],[-97.727539,30.272009],[-97.727542,30.272025],[-97.72744,30.272039],[-97.727435,30.272016]]]},"properties":{"id":"osm:w382368293","name":null,"num_floors":null,"building_class":null,"final_height":5.4,"source_height":"osm_height","wd":"#c5b097","wg":"#ceb090","wn":"#202027","rd":"#75644f","rg":"#937555","rn":"#10121d"}},{"type":"Feature","geometry":{"type":"Polygon","coordinates":[[[-97.726613,30.2724],[-97.726601,30.272349],[-97.726665,30.272338],[-97.726662,30.272326],[-97.726786,30.272306],[-97.72678,30.27228],[-97.726835,30.272271],[-97.726842,30.272306],[-97.726802,30.272313],[-97.726823,30.272408],[-97.726685,30.27243],[-97.726684,30.272425],[-97.726621,30.272436],[-97.726613,30.2724]]]},"properties":{"id":"osm:w382368294","name":null,"num_floors":null,"building_class":null,"final_height":6.2,"source_height":"osm_height","wd":"#9da7b3","wg":"#ada9a7","wn":"#1b1f2a","rd":"#58616c","rg":"#7d736c","rn":"#0e121f"}},{"type":"Feature","geometry":{"type":"Polygon","coordinates":[[[-97.727522,30.272048],[-97.727531,30.27209],[-97.727518,30.272092],[-97.727526,30.27213],[-97.727372,30.272155],[-97.727355,30.272076],[-97.727522,30.272048]]]},"properties":{"id":"osm:w382368296","name":null,"num_floors":null,"building_class":null,"final_height":7.2,"source_height":"osm_height","wd":"#c7b39b","wg":"#d0b393","wn":"#202028","rd":"#776651","rg":"#957756","rn":"#10121d"}},{"type":"Feature","geometry":{"type":"Polygon","coordinates":[[[-97.726659,30.272547],[-97.726646,30.27249],[-97.726667,30.272487],[-97.72666,30.272458],[-97.726815,30.272431],[-97.726812,30.272416],[-97.726866,30.272407],[-97.726871,30.272431],[-97.726828,30.272438],[-97.72684,30.272494],[-97.726853,30.272492],[-97.726865,30.272544],[-97.726666,30.272578],[-97.726659,30.272547]]]},"properties":{"id":"osm:w382368298","name":null,"num_floors":null,"building_class":null,"final_height":8.2,"source_height":"osm_height","wd":"#e1d3b9","wg":"#e6ceac","wn":"#24242b","rd":"#8f7a62","rg":"#a88664","rn":"#151621"}},{"type":"Feature","geometry":{"type":"Polygon","coordinates":[[[-97.726123,30.272338],[-97.726123,30.272334],[-97.726092,30.27234],[-97.726082,30.272298],[-97.7261,30.272295],[-97.726098,30.272285],[-97.726109,30.272283],[-97.726104,30.272261],[-97.726209,30.272243],[-97.726227,30.27232],[-97.726123,30.272338]]]},"properties":{"id":"osm:w382368299","name":null,"num_floors":null,"building_class":null,"final_height":5.9,"source_height":"osm_height","wd":"#a8b1bd","wg":"#b6b1b0","wn":"#1d202c","rd":"#5e6873","rg":"#817871","rn":"#0e121f"}},{"type":"Feature","geometry":{"type":"Polygon","coordinates":[[[-97.727613,30.272212],[-97.727648,30.272389],[-97.727597,30.272396],[-97.727598,30.272402],[-97.727543,30.27241],[-97.727506,30.272224],[-97.727612,30.272208],[-97.727613,30.272212]]]},"properties":{"id":"osm:w382368301","name":null,"num_floors":null,"building_class":null,"final_height":6.8,"source_height":"osm_height","wd":"#e1d9c7","wg":"#e6d3b8","wn":"#24252d","rd":"#8f8675","rg":"#a89073","rn":"#181a25"}},{"type":"Feature","geometry":{"type":"Polygon","coordinates":[[[-97.727499,30.272389],[-97.727504,30.272412],[-97.727443,30.272422],[-97.727445,30.272428],[-97.727404,30.272434],[-97.727388,30.272362],[-97.727382,30.272363],[-97.727371,30.272315],[-97.727479,30.272297],[-97.727499,30.272389]]]},"properties":{"id":"osm:w382368310","name":null,"num_floors":null,"building_class":null,"final_height":6.5,"source_height":"osm_height","wd":"#b79d7f","wg":"#c3a07c","wn":"#1e1e24","rd":"#675946","rg":"#886d4e","rn":"#10121d"}},{"type":"Feature","geometry":{"type":"Polygon","coordinates":[[[-97.726984,30.271727],[-97.726982,30.271717],[-97.727068,30.271703],[-97.72707,30.271709],[-97.727093,30.271705],[-97.727106,30.271762],[-97.726996,30.27178],[-97.726984,30.271727]]]},"properties":{"id":"osm:w382368312","name":null,"num_floors":null,"building_class":null,"final_height":7.7,"source_height":"osm_height","wd":"#9aa5b1","wg":"#aaa7a6","wn":"#1b1f2a","rd":"#57606a","rg":"#7c726a","rn":"#0e121f"}},{"type":"Feature","geometry":{"type":"Polygon","coordinates":[[[-97.726831,30.271133],[-97.726777,30.271142],[-97.726773,30.271123],[-97.72673,30.27113],[-97.726717,30.271072],[-97.726725,30.271071],[-97.726708,30.270997],[-97.726796,30.270982],[-97.726801,30.271008],[-97.72681,30.271006],[-97.726822,30.271064],[-97.726816,30.271065],[-97.726831,30.271133]]]},"properties":{"id":"osm:w382368314","name":null,"num_floors":null,"building_class":null,"final_height":8.4,"source_height":"osm_height","wd":"#d4bf99","wg":"#dbbd91","wn":"#222227","rd":"#7f6c57","rg":"#9b7b5b","rn":"#10121d"}},{"type":"Feature","geometry":{"type":"Polygon","coordinates":[[[-97.726651,30.271037],[-97.726671,30.271134],[-97.726586,30.271147],[-97.726566,30.271046],[-97.72665,30.271034],[-97.726651,30.271037]]]},"properties":{"id":"osm:w382368316","name":null,"num_floors":null,"building_class":null,"final_height":8.1,"source_height":"osm_height","wd":"#afb7a5","wg":"#bcb69c","wn":"#1e2129","rd":"#626a59","rg":"#857a5d","rn":"#0f121e"}},{"type":"Feature","geometry":{"type":"Polygon","coordinates":[[[-97.727216,30.272385],[-97.727213,30.272371],[-97.727209,30.272371],[-97.727196,30.27231],[-97.727192,30.272311],[-97.727184,30.27227],[-97.727234,30.272262],[-97.727236,30.272271],[-97.727276,30.272265],[-97.727277,30.272273],[-97.727328,30.272265],[-97.727332,30.272283],[-97.727341,30.272282],[-97.727362,30.272383],[-97.727297,30.272394],[-97.7273,30.272404],[-97.727271,30.272409],[-97.727267,30.272386],[-97.727218,30.272394],[-97.727216,30.272385]]]},"properties":{"id":"osm:w382368317","name":null,"num_floors":null,"building_class":null,"final_height":12.5,"source_height":"osm_height","wd":"#bac1ca","wg":"#c5bfbb","wn":"#1f222d","rd":"#66717d","rg":"#887f79","rn":"#101320"}},{"type":"Feature","geometry":{"type":"Polygon","coordinates":[[[-97.726802,30.271481],[-97.726875,30.271469],[-97.72689,30.271534],[-97.726852,30.271541],[-97.726858,30.271568],[-97.726781,30.271581],[-97.72676,30.271488],[-97.726802,30.271481]]]},"properties":{"id":"osm:w382368319","name":null,"num_floors":null,"building_class":null,"final_height":4.2,"source_height":"osm_height","wd":"#c3c9bc","wg":"#cdc5af","wn":"#20232c","rd":"#6e7765","rg":"#8e8466","rn":"#0f121e"}},{"type":"Feature","geometry":{"type":"Polygon","coordinates":[[[-97.727067,30.272403],[-97.72708,30.272455],[-97.726958,30.272479],[-97.726973,30.272533],[-97.726933,30.272541],[-97.726932,30.272536],[-97.726896,30.272543],[-97.726884,30.272497],[-97.726878,30.272498],[-97.726863,30.272441],[-97.726988,30.272417],[-97.726982,30.272393],[-97.72706,30.272378],[-97.727067,30.272403]]]},"properties":{"id":"osm:w382368320","name":null,"num_floors":null,"building_class":null,"final_height":5.9,"source_height":"osm_height","wd":"#d3c6ad","wg":"#dac3a2","wn":"#22232a","rd":"#827a69","rg":"#9e8669","rn":"#131520"}},{"type":"Feature","geometry":{"type":"Polygon","coordinates":[[[-97.726174,30.272465],[-97.726233,30.272457],[-97.726249,30.272541],[-97.726293,30.272534],[-97.726303,30.272583],[-97.726287,30.272585],[-97.726294,30.272623],[-97.72614,30.272646],[-97.726116,30.272524],[-97.726152,30.272518],[-97.726143,30.27247],[-97.726174,30.272465]]]},"properties":{"id":"osm:w382368321","name":null,"num_floors":null,"building_class":null,"final_height":8.5,"source_height":"osm_height","wd":"#d4c9b0","wg":"#dbc5a5","wn":"#22232a","rd":"#847c6b","rg":"#9f886b","rn":"#141621"}},{"type":"Feature","geometry":{"type":"Polygon","coordinates":[[[-97.730774,30.27114],[-97.730783,30.271045],[-97.73084,30.271049],[-97.730839,30.271056],[-97.730911,30.271061],[-97.730909,30.27108],[-97.730919,30.271081],[-97.730914,30.271127],[-97.730864,30.271124],[-97.730862,30.271143],[-97.730828,30.271141],[-97.730828,30.271144],[-97.730774,30.27114]]]},"properties":{"id":"osm:w382368410","name":null,"num_floors":null,"building_class":null,"final_height":7.9,"source_height":"osm_height","wd":"#d5cab2","wg":"#dcc6a6","wn":"#22232a","rd":"#857c6b","rg":"#a0886b","rn":"#141622"}},{"type":"Feature","geometry":{"type":"Polygon","coordinates":[[[-97.730693,30.271911],[-97.730691,30.271897],[-97.730679,30.271898],[-97.730654,30.271772],[-97.7307,30.271765],[-97.730702,30.271777],[-97.73077,30.271767],[-97.730792,30.271881],[-97.730783,30.271883],[-97.730786,30.271901],[-97.730694,30.271915],[-97.730693,30.271911]]]},"properties":{"id":"osm:w382368411","name":null,"num_floors":null,"building_class":null,"final_height":6.1,"source_height":"osm_height","wd":"#ab6f51","wg":"#b87a55","wn":"#1d181f","rd":"#5c422b","rg":"#805b39","rn":"#10111c"}},{"type":"Feature","geometry":{"type":"Polygon","coordinates":[[[-97.730671,30.271084],[-97.730698,30.271088],[-97.730672,30.271222],[-97.730622,30.271215],[-97.73062,30.271221],[-97.730581,30.271215],[-97.730604,30.271103],[-97.730638,30.271108],[-97.730644,30.27108],[-97.730671,30.271084]]]},"properties":{"id":"osm:w382368413","name":null,"num_floors":null,"building_class":null,"final_height":5.7,"source_height":"osm_height","wd":"#a9b29e","wg":"#b7b296","wn":"#1d2028","rd":"#5f6656","rg":"#82775a","rn":"#0f121e"}},{"type":"Feature","geometry":{"type":"Polygon","coordinates":[[[-97.730541,30.271843],[-97.730562,30.271932],[-97.730501,30.271943],[-97.730502,30.271949],[-97.730466,30.271955],[-97.730441,30.271848],[-97.730429,30.27185],[-97.730427,30.271842],[-97.730437,30.27184],[-97.730431,30.271815],[-97.730473,30.271808],[-97.730477,30.271824],[-97.730507,30.271819],[-97.730511,30.271833],[-97.730538,30.271828],[-97.730541,30.271843]]]},"properties":{"id":"osm:w382368414","name":null,"num_floors":null,"building_class":null,"final_height":7.0,"source_height":"osm_height","wd":"#e9e3d6","wg":"#eddbc5","wn":"#24262f","rd":"#958d7c","rg":"#ac9578","rn":"#1b1d27"}},{"type":"Feature","geometry":{"type":"Polygon","coordinates":[[[-97.730362,30.271868],[-97.73038,30.271965],[-97.730337,30.271971],[-97.730337,30.271975],[-97.730288,30.271982],[-97.730268,30.271873],[-97.730321,30.271865],[-97.73032,30.271856],[-97.730358,30.271851],[-97.730362,30.271868]]]},"properties":{"id":"osm:w382368417","name":null,"num_floors":null,"building_class":null,"final_height":6.1,"source_height":"osm_height","wd":"#bea78b","wg":"#c8a986","wn":"#1f1f26","rd":"#6e5f4b","rg":"#8e7152","rn":"#10121d"}},{"type":"Feature","geometry":{"type":"Polygon","coordinates":[[[-97.730172,30.271587],[-97.730179,30.271627],[-97.730219,30.271622],[-97.730229,30.271687],[-97.73009,30.271704],[-97.730066,30.271555],[-97.730118,30.271549],[-97.73012,30.271562],[-97.730167,30.271556],[-97.730172,30.271587]]]},"properties":{"id":"osm:w382368419","name":null,"num_floors":null,"building_class":null,"final_height":6.8,"source_height":"osm_height","wd":"#b1775a","wg":"#bd805d","wn":"#1e1920","rd":"#63462e","rg":"#855e3b","rn":"#10111c"}},{"type":"Feature","geometry":{"type":"Polygon","coordinates":[[[-97.729922,30.27165],[-97.729941,30.271648],[-97.729932,30.271587],[-97.729987,30.271581],[-97.729984,30.271564],[-97.73004,30.271558],[-97.730063,30.271705],[-97.729923,30.271721],[-97.729912,30.271651],[-97.729922,30.27165]]]},"properties":{"id":"osm:w382368422","name":null,"num_floors":null,"building_class":null,"final_height":7.5,"source_height":"osm_height","wd":"#d6c19c","wg":"#ddbf94","wn":"#222228","rd":"#816e58","rg":"#9d7d5c","rn":"#10121d"}},{"type":"Feature","geometry":{"type":"Polygon","coordinates":[[[-97.726581,30.27226],[-97.726569,30.272205],[-97.726674,30.272188],[-97.726672,30.272179],[-97.726771,30.272162],[-97.726779,30.272196],[-97.726786,30.272194],[-97.726804,30.272274],[-97.726608,30.272306],[-97.726598,30.27226],[-97.726581,30.272263],[-97.726581,30.27226]]]},"properties":{"id":"osm:w382368441","name":null,"num_floors":null,"building_class":null,"final_height":7.6,"source_height":"osm_height","wd":"#ac7051","wg":"#b97b55","wn":"#1d181f","rd":"#5d422c","rg":"#815b3a","rn":"#10111c"}},{"type":"Feature","geometry":{"type":"Polygon","coordinates":[[[-97.728213,30.272023],[-97.728206,30.271995],[-97.728168,30.272002],[-97.728139,30.271875],[-97.728163,30.27187],[-97.728162,30.271864],[-97.728197,30.271858],[-97.728198,30.271863],[-97.728253,30.271854],[-97.72829,30.272012],[-97.728213,30.272025],[-97.728213,30.272023]]]},"properties":{"id":"osm:w382368446","name":null,"num_floors":null,"building_class":null,"final_height":5.8,"source_height":"osm_height","wd":"#b9c0b0","wg":"#c4bea5","wn":"#1f222a","rd":"#68705f","rg":"#897f61","rn":"#0f121e"}},{"type":"Feature","geometry":{"type":"Polygon","coordinates":[[[-97.727628,30.271209],[-97.727609,30.271104],[-97.727741,30.271085],[-97.727733,30.271044],[-97.727791,30.271036],[-97.727809,30.271115],[-97.727817,30.271114],[-97.727828,30.271175],[-97.727819,30.271177],[-97.727824,30.271206],[-97.727754,30.271215],[-97.727751,30.271199],[-97.727629,30.271216],[-97.727628,30.271209]]]},"properties":{"id":"osm:w382368463","name":null,"num_floors":null,"building_class":null,"final_height":8.8,"source_height":"osm_height","wd":"#dccbac","wg":"#e2c7a1","wn":"#23232a","rd":"#89745e","rg":"#a38261","rn":"#12141f"}},{"type":"Feature","geometry":{"type":"Polygon","coordinates":[[[-97.726194,30.272152],[-97.726198,30.272171],[-97.726179,30.272175],[-97.726181,30.272184],[-97.726173,30.272185],[-97.726181,30.27222],[-97.726101,30.272233],[-97.726099,30.272223],[-97.726038,30.272234],[-97.726026,30.272185],[-97.726057,30.272179],[-97.726046,30.272129],[-97.72609,30.272122],[-97.726093,30.272136],[-97.726187,30.27212],[-97.726194,30.272152]]]},"properties":{"id":"osm:w382368481","name":null,"num_floors":null,"building_class":null,"final_height":9.1,"source_height":"osm_height","wd":"#dcd2be","wg":"#e2cdb1","wn":"#23242c","rd":"#8b8270","rg":"#a58d6f","rn":"#161924"}},{"type":"Feature","geometry":{"type":"Polygon","coordinates":[[[-97.726975,30.271559],[-97.726947,30.27143],[-97.726973,30.271425],[-97.726971,30.271413],[-97.727001,30.271408],[-97.727005,30.271425],[-97.72703,30.27142],[-97.727048,30.271505],[-97.727062,30.271502],[-97.727072,30.271545],[-97.727064,30.271546],[-97.727086,30.271645],[-97.727039,30.271652],[-97.727026,30.271593],[-97.727032,30.271592],[-97.727023,30.271551],[-97.726975,30.271559]]]},"properties":{"id":"osm:w382368485","name":null,"num_floors":null,"building_class":null,"final_height":5.4,"source_height":"osm_height","wd":"#dbd1bc","wg":"#e1ccaf","wn":"#23242c","rd":"#8a8170","rg":"#a48c6f","rn":"#161823"}},{"type":"Feature","geometry":{"type":"Polygon","coordinates":[[[-97.72666,30.270986],[-97.726666,30.271018],[-97.72659,30.27103],[-97.726583,30.270998],[-97.72666,30.270986]]]},"properties":{"id":"osm:w382368509","name":null,"num_floors":null,"building_class":null,"final_height":3.2,"source_height":"osm_height","wd":"#dbd2bd","wg":"#e1cdb0","wn":"#23242c","rd":"#8b8270","rg":"#a58d6f","rn":"#161924"}},{"type":"Feature","geometry":{"type":"Polygon","coordinates":[[[-97.727256,30.27218],[-97.727248,30.272127],[-97.727302,30.272121],[-97.72731,30.272174],[-97.727256,30.27218]]]},"properties":{"id":"osm:w382368554","name":null,"num_floors":null,"building_class":null,"final_height":4.5,"source_height":"default_by_area","wd":"#b57e62","wg":"#c18663","wn":"#1e1a21","rd":"#684a31","rg":"#89613e","rn":"#10111c"}},{"type":"Feature","geometry":{"type":"Polygon","coordinates":[[[-97.726792,30.272135],[-97.726848,30.272126],[-97.726856,30.272163],[-97.7268,30.272172],[-97.726792,30.272135]]]},"properties":{"id":"osm:w382368578","name":null,"num_floors":null,"building_class":null,"final_height":2.6,"source_height":"osm_height","wd":"#acb4a1","wg":"#b9b498","wn":"#1d2128","rd":"#606758","rg":"#83785c","rn":"#0f121e"}},{"type":"Feature","geometry":{"type":"Polygon","coordinates":[[[-97.729711,30.271272],[-97.729641,30.27126],[-97.729653,30.271208],[-97.729723,30.27122],[-97.729711,30.271272]]]},"properties":{"id":"osm:w382368596","name":null,"num_floors":null,"building_class":null,"final_height":3.8,"source_height":"osm_height","wd":"#aab3a0","wg":"#b8b397","wn":"#1d2028","rd":"#5f6657","rg":"#82775b","rn":"#0f121e"}},{"type":"Feature","geometry":{"type":"Polygon","coordinates":[[[-97.729155,30.271916],[-97.729144,30.271874],[-97.72919,30.271865],[-97.729201,30.271907],[-97.729155,30.271916]]]},"properties":{"id":"osm:w382368608","name":null,"num_floors":null,"building_class":null,"final_height":5.0,"source_height":"osm_height","wd":"#c3ad93","wg":"#cdae8c","wn":"#202027","rd":"#73624e","rg":"#927454","rn":"#10121d"}},{"type":"Feature","geometry":{"type":"Polygon","coordinates":[[[-97.728202,30.271512],[-97.728214,30.271463],[-97.728322,30.271484],[-97.728298,30.271576],[-97.728191,30.271555],[-97.728202,30.271512]]]},"properties":{"id":"osm:w382368667","name":null,"num_floors":null,"building_class":null,"final_height":7.9,"source_height":"osm_height","wd":"#dad0bb","wg":"#e0cbae","wn":"#23242b","rd":"#8a816f","rg":"#a48c6e","rn":"#161823"}},{"type":"Feature","geometry":{"type":"Polygon","coordinates":[[[-97.726159,30.272391],[-97.726164,30.272421],[-97.726079,30.272433],[-97.726072,30.272394],[-97.726157,30.272382],[-97.726159,30.272391]]]},"properties":{"id":"osm:w382368684","name":null,"num_floors":null,"building_class":null,"final_height":4.5,"source_height":"default_by_area","wd":"#a2acb8","wg":"#b1adac","wn":"#1c202b","rd":"#5b646f","rg":"#7f756e","rn":"#0e121f"}},{"type":"Feature","geometry":{"type":"Polygon","coordinates":[[[-97.728232,30.271395],[-97.728247,30.271336],[-97.728257,30.271338],[-97.72827,30.271284],[-97.7284,30.271308],[-97.728372,30.271421],[-97.728232,30.271395]]]},"properties":{"id":"osm:w382368689","name":null,"num_floors":null,"building_class":null,"final_height":5.8,"source_height":"osm_height","wd":"#d2bd95","wg":"#d9bb8e","wn":"#222227","rd":"#7d6a55","rg":"#9a7a5a","rn":"#10121d"}},{"type":"Feature","geometry":{"type":"Polygon","coordinates":[[[-97.729806,30.271532],[-97.729862,30.271523],[-97.729881,30.271632],[-97.729794,30.271644],[-97.729786,30.271597],[-97.729817,30.271593],[-97.729806,30.271532]]]},"properties":{"id":"osm:w382368693","name":null,"num_floors":null,"building_class":null,"final_height":6.2,"source_height":"osm_height","wd":"#a3adb8","wg":"#b2aeac","wn":"#1c202b","rd":"#5b656f","rg":"#7f766e","rn":"#0e121f"}},{"type":"Feature","geometry":{"type":"Polygon","coordinates":[[[-97.727462,30.271647],[-97.727474,30.271706],[-97.727351,30.271726],[-97.727314,30.271553],[-97.727421,30.271535],[-97.727441,30.271631],[-97.727458,30.271628],[-97.727462,30.271647]]]},"properties":{"id":"osm:w382368713","name":null,"num_floors":null,"building_class":null,"final_height":3.8,"source_height":"osm_height","wd":"#bdc3b4","wg":"#c8c0a8","wn":"#1f222b","rd":"#6a7261","rg":"#8b8063","rn":"#0f121e"}},{"type":"Feature","geometry":{"type":"Polygon","coordinates":[[[-97.726833,30.271929],[-97.726841,30.271928],[-97.726835,30.271901],[-97.7269,30.27189],[-97.726906,30.271916],[-97.726937,30.27191],[-97.726946,30.271948],[-97.726841,30.271967],[-97.726833,30.271929]]]},"properties":{"id":"osm:w382368716","name":null,"num_floors":null,"building_class":null,"final_height":4.4,"source_height":"osm_height","wd":"#bb8970","wg":"#c6906f","wn":"#1f1b22","rd":"#705035","rg":"#8f6641","rn":"#10111c"}},{"type":"Feature","geometry":{"type":"Polygon","coordinates":[[[-97.728188,30.272174],[-97.728305,30.272161],[-97.728327,30.272304],[-97.728273,30.27231],[-97.728272,30.272307],[-97.728218,30.272313],[-97.728216,30.2723],[-97.728207,30.272301],[-97.728188,30.272174]]]},"properties":{"id":"osm:w382368719","name":null,"num_floors":null,"building_class":null,"final_height":8.0,"source_height":"osm_height","wd":"#ddccad","wg":"#e2c8a2","wn":"#23232a","rd":"#8a755e","rg":"#a48261","rn":"#13141f"}},{"type":"Feature","geometry":{"type":"Polygon","coordinates":[[[-97.729184,30.271398],[-97.729173,30.271395],[-97.729175,30.271389],[-97.729105,30.271374],[-97.729108,30.271363],[-97.729095,30.271361],[-97.729123,30.27126],[-97.729257,30.271287],[-97.729224,30.271406],[-97.729184,30.271398]]]},"properties":{"id":"osm:w382368739","name":null,"num_floors":null,"building_class":null,"final_height":5.9,"source_height":"osm_height","wd":"#aab29f","wg":"#b8b297","wn":"#1d2028","rd":"#5f6656","rg":"#82775a","rn":"#0f121e"}},{"type":"Feature","geometry":{"type":"Polygon","coordinates":[[[-97.751822,30.275328],[-97.751745,30.2753],[-97.751734,30.275323],[-97.751633,30.275287],[-97.751693,30.275162],[-97.751763,30.275187],[-97.751734,30.275248],[-97.751836,30.275285],[-97.751847,30.27526],[-97.751908,30.275282],[-97.751878,30.275344],[-97.751824,30.275325],[-97.751822,30.275328]]]},"properties":{"id":"osm:w382559038","name":null,"num_floors":null,"building_class":null,"final_height":5.6,"source_height":"osm_height","wd":"#bfc5b7","wg":"#c9c2ab","wn":"#1f232b","rd":"#6c7462","rg":"#8c8264","rn":"#0f121e"}},{"type":"Feature","geometry":{"type":"Polygon","coordinates":[[[-97.75131,30.271325],[-97.751327,30.271292],[-97.751456,30.271343],[-97.751421,30.271409],[-97.751293,30.271359],[-97.75131,30.271325]]]},"properties":{"id":"osm:w382559285","name":null,"num_floors":null,"building_class":null,"final_height":9.3,"source_height":"osm_height","wd":"#bcc3cc","wg":"#c7c0bc","wn":"#1f222d","rd":"#67727e","rg":"#88807a","rn":"#101421"}},{"type":"Feature","geometry":{"type":"Polygon","coordinates":[[[-97.7518716,30.2728491],[-97.7518034,30.2728242],[-97.7518371,30.2727552],[-97.7519849,30.272809],[-97.7519459,30.2728888],[-97.7518664,30.2728599],[-97.7518716,30.2728491]]]},"properties":{"id":"osm:w382559288","name":null,"num_floors":null,"building_class":null,"final_height":6.1,"source_height":"osm_height","wd":"#acb5bf","wg":"#b9b5b1","wn":"#1d212c","rd":"#5f6a75","rg":"#827a73","rn":"#0e121f"}},{"type":"Feature","geometry":{"type":"Polygon","coordinates":[[[-97.751638,30.275046],[-97.751619,30.275039],[-97.751664,30.274945],[-97.751677,30.27495],[-97.751694,30.274913],[-97.751731,30.274926],[-97.751738,30.274911],[-97.751779,30.274925],[-97.75171,30.275071],[-97.751705,30.27507],[-97.7517,30.275081],[-97.751658,30.275066],[-97.751663,30.275055],[-97.751638,30.275046]]]},"properties":{"id":"osm:w382559346","name":"40 North","num_floors":null,"building_class":null,"final_height":6.1,"source_height":"osm_height","wd":"#9ca7b3","wg":"#aca9a7","wn":"#1b1f2a","rd":"#58616c","rg":"#7d736c","rn":"#0e121f"}},{"type":"Feature","geometry":{"type":"Polygon","coordinates":[[[-97.751845,30.274677],[-97.751913,30.274524],[-97.752046,30.274568],[-97.751979,30.274721],[-97.751845,30.274677]]]},"properties":{"id":"osm:w382559448","name":null,"num_floors":null,"building_class":null,"final_height":6.2,"source_height":"osm_height","wd":"#b8bfae","wg":"#c3bda3","wn":"#1f222a","rd":"#676f5e","rg":"#887e61","rn":"#0f121e"}},{"type":"Feature","geometry":{"type":"Polygon","coordinates":[[[-97.751415,30.275212],[-97.751444,30.275154],[-97.751463,30.275161],[-97.751471,30.275146],[-97.751503,30.275158],[-97.751495,30.275173],[-97.751517,30.275181],[-97.751488,30.275239],[-97.751415,30.275212]]]},"properties":{"id":"osm:w382559635","name":null,"num_floors":null,"building_class":null,"final_height":6.8,"source_height":"osm_height","wd":"#d8cdb6","wg":"#dec9aa","wn":"#22242b","rd":"#877e6d","rg":"#a1896c","rn":"#151722"}},{"type":"Feature","geometry":{"type":"Polygon","coordinates":[[[-97.7468459,30.2736035],[-97.7467363,30.2739233],[-97.7466558,30.2741537],[-97.7463965,30.2740861],[-97.7464336,30.2739799],[-97.7463093,30.2739475],[-97.7463235,30.273907],[-97.7462643,30.2738915],[-97.7463628,30.2736098],[-97.7464037,30.2734905],[-97.7468459,30.2736035]]]},"properties":{"id":"osm:w516187623","name":"Blackwell Thurman Criminal Justice Center","num_floors":null,"building_class":null,"final_height":35.2,"source_height":"osm_levels","wd":"#cfc4a8","wg":"#d7c19e","wn":"#212329","rd":"#948e7d","rg":"#ac9679","rn":"#1b1d28"}},{"type":"Feature","geometry":{"type":"Polygon","coordinates":[[[-97.7411731,30.2761643],[-97.7409045,30.2760851],[-97.740993,30.2758528],[-97.7410319,30.2757431],[-97.7411051,30.2755409],[-97.7412132,30.2755755],[-97.7413766,30.2756233],[-97.7413086,30.2758005],[-97.7412186,30.2760432],[-97.7411731,30.2761643]]]},"properties":{"id":"osm:w516187627","name":"Texas Supreme Court Building","num_floors":null,"building_class":null,"final_height":12.8,"source_height":"osm_levels","wd":"#ddd2b8","wg":"#e2cdac","wn":"#23242b","rd":"#9a9483","rg":"#b09b7e","rn":"#1e202a"}},{"type":"Feature","geometry":{"type":"Polygon","coordinates":[[[-97.745542,30.273571],[-97.745623,30.273593],[-97.745598,30.273662],[-97.745862,30.273734],[-97.745848,30.27376],[-97.745533,30.273673],[-97.74555,30.273628],[-97.7455219,30.2736222],[-97.745542,30.273571]]]},"properties":{"id":"osm:w516187633","name":null,"num_floors":null,"building_class":null,"final_height":7.5,"source_height":"default_by_area","wd":"#bda488","wg":"#c8a683","wn":"#1f1f25","rd":"#6d5d4a","rg":"#8d7051","rn":"#10121d"}},{"type":"Feature","geometry":{"type":"Polygon","coordinates":[[[-97.7412809,30.2759419],[-97.7413475,30.275815],[-97.7413752,30.2757631],[-97.7414467,30.2757831],[-97.7414812,30.2757928],[-97.74151,30.2757163],[-97.7415555,30.2757291],[-97.741568,30.2756962],[-97.7415942,30.2757035],[-97.7415981,30.275693],[-97.7418065,30.2757515],[-97.7418026,30.2757619],[-97.74183,30.2757697],[-97.7418187,30.2757999],[-97.7417713,30.2759268],[-97.7417336,30.2759163],[-97.7416795,30.2760611],[-97.7412809,30.2759419]]]},"properties":{"id":"osm:w516187637","name":"Tom C. Clark Building","num_floors":null,"building_class":null,"final_height":25.6,"source_height":"osm_levels","wd":"#ddd2b8","wg":"#e2cdac","wn":"#23242b","rd":"#9a9483","rg":"#b09b7e","rn":"#1e202a"}},{"type":"Feature","geometry":{"type":"Polygon","coordinates":[[[-97.746133,30.273546],[-97.745978,30.273504],[-97.746015,30.273401],[-97.746062,30.273413],[-97.74607,30.273391],[-97.746058,30.273388],[-97.746081,30.273325],[-97.746098,30.27333],[-97.746104,30.273313],[-97.746054,30.273299],[-97.746091,30.273196],[-97.74655,30.273321],[-97.746546,30.273331],[-97.7469074,30.2734293],[-97.746921,30.273433],[-97.7468459,30.2736035],[-97.7464037,30.2734905],[-97.7463628,30.2736098],[-97.746133,30.273546]]]},"properties":{"id":"osm:w516187642","name":"Central Booking","num_floors":null,"building_class":null,"final_height":22.4,"source_height":"osm_levels","wd":"#ac7051","wg":"#b97b55","wn":"#1d181f","rd":"#5d422c","rg":"#815b3a","rn":"#10111c"}},{"type":"Feature","geometry":{"type":"Polygon","coordinates":[[[-97.7455219,30.2736222],[-97.745408,30.273589],[-97.745385,30.273652],[-97.745341,30.27364],[-97.745324,30.273685],[-97.744976,30.27359],[-97.745017,30.273479],[-97.744921,30.273453],[-97.74495,30.273372],[-97.744981,30.27338],[-97.745033,30.273238],[-97.745001,30.273229],[-97.745027,30.273158],[-97.745116,30.273182],[-97.745159,30.273063],[-97.745499,30.273155],[-97.745456,30.273272],[-97.745543,30.273296],[-97.745541,30.273303],[-97.74563,30.273328],[-97.745542,30.273571],[-97.7455219,30.2736222]]]},"properties":{"id":"osm:w516187643","name":"Heman Marion Sweatt Travis County Courthouse","num_floors":null,"building_class":null,"final_height":62.8,"source_height":"osm_height","wd":"#cfc4a8","wg":"#d7c19e","wn":"#212329","rd":"#948e7d","rg":"#ac9679","rn":"#1b1d28"}},{"type":"Feature","geometry":{"type":"Polygon","coordinates":[[[-97.7455607,30.2756891],[-97.7455176,30.2758027],[-97.7454772,30.2757913],[-97.7454686,30.275814],[-97.745434,30.2758043],[-97.7454218,30.2758366],[-97.7452293,30.2757822],[-97.7452391,30.2757565],[-97.7451957,30.2757442],[-97.7452041,30.275722],[-97.7451741,30.2757135],[-97.7452199,30.2755928],[-97.7455607,30.2756891]]]},"properties":{"id":"osm:w516267262","name":null,"num_floors":null,"building_class":null,"final_height":11.0,"source_height":"default_by_area","wd":"#a2acb8","wg":"#b1adac","wn":"#1c202b","rd":"#5b656f","rg":"#7f766e","rn":"#0e121f"}},{"type":"Feature","geometry":{"type":"Polygon","coordinates":[[[-97.7475742,30.2715841],[-97.7472536,30.2714936],[-97.74719,30.2716617],[-97.746693,30.2715215],[-97.7466332,30.2716765],[-97.7468726,30.2717455],[-97.7471575,30.2718212],[-97.7472828,30.2718574],[-97.7474523,30.2719065],[-97.7475742,30.2715841]]]},"properties":{"id":"osm:w516267897","name":"Rise on 8th","num_floors":null,"building_class":null,"final_height":70.4,"source_height":"osm_levels","wd":"#96a1ae","wg":"#a7a4a3","wn":"#1a1e2a","rd":"#555e68","rg":"#7a7068","rn":"#0e121f"}},{"type":"Feature","geometry":{"type":"Polygon","coordinates":[[[-97.7475064,30.273383],[-97.7471915,30.273298],[-97.7473077,30.272977],[-97.7476226,30.273062],[-97.7475064,30.273383]]]},"properties":{"id":"osm:w516267898","name":null,"num_floors":null,"building_class":null,"final_height":11.0,"source_height":"default_by_area","wd":"#bda589","wg":"#c8a784","wn":"#1f1f25","rd":"#6d5e4a","rg":"#8d7051","rn":"#10121d"}},{"type":"Feature","geometry":{"type":"Polygon","coordinates":[[[-97.7412717,30.2716274],[-97.7408464,30.2715078],[-97.7408537,30.2714886],[-97.74082,30.2714791],[-97.740941,30.2711438],[-97.7414062,30.2712694],[-97.7412717,30.2716274]]]},"properties":{"id":"osm:w516282869","name":"Capitol Center","num_floors":null,"building_class":"office","final_height":54.0,"source_height":"osm_levels","wd":"#b7b5af","wg":"#c3b5a4","wn":"#1e212a","rd":"#7a7871","rg":"#97856f","rn":"#121521"}},{"type":"Feature","geometry":{"type":"Polygon","coordinates":[[[-97.7422196,30.2718897],[-97.7423048,30.2716453],[-97.742753,30.2717689],[-97.7426625,30.2720072],[-97.7422196,30.2718897]]]},"properties":{"id":"osm:w516282875","name":"AT&T","num_floors":null,"building_class":null,"final_height":25.6,"source_height":"osm_levels","wd":"#cfb88d","wg":"#d7b787","wn":"#212126","rd":"#7a6753","rg":"#977858","rn":"#10121d"}},{"type":"Feature","geometry":{"type":"Polygon","coordinates":[[[-97.7403445,30.271111],[-97.740404,30.2709553],[-97.7407117,30.2710414],[-97.7406528,30.2711983],[-97.7403445,30.271111]]]},"properties":{"id":"osm:w516282876","name":null,"num_floors":null,"building_class":null,"final_height":7.5,"source_height":"default_by_area","wd":"#dcd3be","wg":"#e2ceb1","wn":"#23242c","rd":"#8b8271","rg":"#a58d6f","rn":"#161924"}},{"type":"Feature","geometry":{"type":"Polygon","coordinates":[[[-97.7336331,30.2756991],[-97.7329565,30.2755115],[-97.7329823,30.2754536],[-97.7329894,30.2754558],[-97.7330438,30.2753201],[-97.7333449,30.2754002],[-97.7333498,30.2753842],[-97.733549,30.2754405],[-97.7335452,30.2754475],[-97.733651,30.2754746],[-97.7336348,30.2755133],[-97.7336941,30.2755308],[-97.7336331,30.2756991]]]},"properties":{"id":"osm:w516285436","name":"Health Learning Building","num_floors":null,"building_class":"public","final_height":25.2,"source_height":"osm_levels","wd":"#b4afa3","wg":"#c0af9a","wn":"#1e2029","rd":"#706b61","rg":"#8f7b63","rn":"#0f121e"}},{"type":"Feature","geometry":{"type":"Polygon","coordinates":[[[-97.7377732,30.2716976],[-97.7378829,30.271376],[-97.7385266,30.2715397],[-97.7384169,30.2718614],[-97.7377732,30.2716976]]]},"properties":{"id":"osm:w516285440","name":"Capitol Studios","num_floors":null,"building_class":null,"final_height":11.0,"source_height":"default_by_area","wd":"#b57f63","wg":"#c18764","wn":"#1e1a21","rd":"#684a31","rg":"#89613e","rn":"#10111c"}},{"type":"Feature","geometry":{"type":"Polygon","coordinates":[[[-97.750621,30.2716622],[-97.7508378,30.2710881],[-97.7507866,30.2710726],[-97.7507949,30.2710463],[-97.7505137,30.2709669],[-97.7504761,30.2710728],[-97.7504092,30.2712611],[-97.750376,30.2713547],[-97.7503484,30.2713482],[-97.7502889,30.2715108],[-97.7502982,30.2715144],[-97.7502779,30.2715695],[-97.750621,30.2716622]]]},"properties":{"id":"osm:w744457261","name":null,"num_floors":null,"building_class":"parking","final_height":22.4,"source_height":"osm_levels","wd":"#96938a","wg":"#a79885","wn":"#1a1d26","rd":"#726f6a","rg":"#917e6a","rn":"#0f121e"}},{"type":"Feature","geometry":{"type":"Polygon","coordinates":[[[-97.7360926,30.2730416],[-97.7360784,30.2730791],[-97.7360096,30.2732612],[-97.7359963,30.2732965],[-97.7358988,30.2732678],[-97.7358815,30.2733124],[-97.7358677,30.273329],[-97.7358262,30.2733767],[-97.7357361,30.2734034],[-97.7356442,30.2733873],[-97.7355711,30.2733326],[-97.7355417,30.2732547],[-97.7355543,30.2731888],[-97.7355623,30.2731654],[-97.7355631,30.2731629],[-97.7355711,30.2731408],[-97.7355733,30.2731346],[-97.7356097,30.2730372],[-97.735658,30.2729108],[-97.7356669,30.2729133],[-97.7357137,30.2729267],[-97.7357607,30.2729396],[-97.7357569,30.2729498],[-97.7358845,30.2729856],[-97.7358886,30.2729748],[-97.7359405,30.2729892],[-97.7359952,30.2730047],[-97.735992,30.2730134],[-97.7360926,30.2730416]]]},"properties":{"id":"osm:w854695055","name":"Waller Creek Tunnel Inlet Facility","num_floors":null,"building_class":null,"final_height":11.0,"source_height":"default_by_area","wd":"#bd8c73","wg":"#c89272","wn":"#1f1c23","rd":"#725135","rg":"#916641","rn":"#10111c"}},{"type":"Feature","geometry":{"type":"Polygon","coordinates":[[[-97.7419254,30.2717432],[-97.7420952,30.2717912],[-97.7421546,30.2718078],[-97.7421325,30.2718668],[-97.741905,30.2718037],[-97.7419254,30.2717432]]]},"properties":{"id":"osm:w903084330","name":null,"num_floors":null,"building_class":null,"final_height":7.5,"source_height":"default_by_area","wd":"#bfc5b6","wg":"#c9c2aa","wn":"#1f232b","rd":"#6b7462","rg":"#8c8264","rn":"#0f121e"}},{"type":"Feature","geometry":{"type":"Polygon","coordinates":[[[-97.7288851,30.2722222],[-97.728856,30.2722271],[-97.7288577,30.2722342],[-97.7288315,30.2722387],[-97.7288297,30.2722307],[-97.728811,30.2722338],[-97.7287735,30.2720688],[-97.7288474,30.2720563],[-97.7288851,30.2722222]]]},"properties":{"id":"osm:w908701234","name":null,"num_floors":null,"building_class":"house","final_height":4.5,"source_height":"default_by_area","wd":"#cebd9b","wg":"#d6bb93","wn":"#212228","rd":"#7b6951","rg":"#987956","rn":"#10121d"}},{"type":"Feature","geometry":{"type":"Polygon","coordinates":[[[-97.7292801,30.2721613],[-97.7292473,30.2721659],[-97.7292487,30.2721735],[-97.7292152,30.2721782],[-97.7292141,30.2721726],[-97.7292003,30.2721745],[-97.7291692,30.2720081],[-97.7292494,30.2719969],[-97.7292801,30.2721613]]]},"properties":{"id":"osm:w908701235","name":null,"num_floors":null,"building_class":"house","final_height":4.5,"source_height":"default_by_area","wd":"#dbd1b9","wg":"#e1ccac","wn":"#23242b","rd":"#766d5d","rg":"#947c60","rn":"#0f121e"}},{"type":"Feature","geometry":{"type":"Polygon","coordinates":[[[-97.7293768,30.2721397],[-97.7293478,30.2721444],[-97.7293491,30.2721506],[-97.7293014,30.2721582],[-97.7292654,30.2719902],[-97.7293421,30.271978],[-97.7293768,30.2721397]]]},"properties":{"id":"osm:w908701236","name":null,"num_floors":null,"building_class":"house","final_height":4.5,"source_height":"default_by_area","wd":"#98a4a4","wg":"#a8a69b","wn":"#1b1f29","rd":"#586163","rg":"#7d7365","rn":"#0e121f"}},{"type":"Feature","geometry":{"type":"Polygon","coordinates":[[[-97.7362147,30.2747872],[-97.7363072,30.2748115],[-97.736355,30.274681],[-97.7364245,30.2744907],[-97.7364977,30.2742907],[-97.7364427,30.274275],[-97.7364219,30.274269],[-97.7362145,30.2742097],[-97.7362067,30.2741758],[-97.7362704,30.273987],[-97.7362092,30.273963],[-97.7362065,30.2740132],[-97.7361773,30.274086],[-97.736127,30.2741284],[-97.7361134,30.2741399],[-97.7361238,30.2741644],[-97.7361419,30.2742068],[-97.736176,30.2742481],[-97.736208,30.2742779],[-97.7362461,30.2742958],[-97.7362939,30.2743105],[-97.7363627,30.2743226],[-97.736401,30.2743229],[-97.736274,30.2746675],[-97.7362341,30.2746487],[-97.7362303,30.2746469],[-97.7361821,30.2746316],[-97.7361402,30.2746316],[-97.7360991,30.2746313],[-97.7360949,30.274734],[-97.7360664,30.2748176],[-97.7360379,30.2748524],[-97.7359443,30.2748037],[-97.7359165,30.2747833],[-97.7358774,30.2747545],[-97.7358445,30.2747949],[-97.7358314,30.2748336],[-97.7358286,30.2748576],[-97.7358926,30.2748969],[-97.7358868,30.2749],[-97.7358806,30.2749044],[-97.7358696,30.2749122],[-97.7358537,30.2749207],[-97.7358654,30.2749518],[-97.7358771,30.2749809],[-97.7358906,30.2749988],[-97.7359099,30.2750244],[-97.7359158,30.2750323],[-97.7359505,30.2750575],[-97.7359564,30.2750491],[-97.7359817,30.2750566],[-97.7359755,30.2750733],[-97.736006,30.2750828],[-97.7360137,30.2750639],[-97.7360441,30.2749855],[-97.7361298,30.2747646],[-97.7362147,30.2747872]]]},"properties":{"id":"osm:w940076031","name":null,"num_floors":null,"building_class":null,"final_height":6.4,"source_height":"osm_levels","wd":"#9ca6b3","wg":"#aca8a7","wn":"#1b1f2a","rd":"#58616b","rg":"#7d736b","rn":"#0e121f"}},{"type":"Feature","geometry":{"type":"Polygon","coordinates":[[[-97.7268223,30.2730456],[-97.7267076,30.2730646],[-97.7266569,30.2728362],[-97.7267716,30.2728172],[-97.7268223,30.2730456]]]},"properties":{"id":"osm:w956438444","name":null,"num_floors":null,"building_class":null,"final_height":9.6,"source_height":"osm_levels","wd":"#d7ccb6","wg":"#ddc8aa","wn":"#22232b","rd":"#877e6d","rg":"#a1896c","rn":"#151722"}},{"type":"Feature","geometry":{"type":"Polygon","coordinates":[[[-97.7273796,30.2728064],[-97.7268305,30.2728949],[-97.7268096,30.2727981],[-97.7273587,30.2727096],[-97.7273796,30.2728064]]]},"properties":{"id":"osm:w956438445","name":null,"num_floors":null,"building_class":null,"final_height":6.4,"source_height":"osm_levels","wd":"#a0684b","wg":"#af7450","wn":"#1c171e","rd":"#563d28","rg":"#7b5737","rn":"#10111c"}},{"type":"Feature","geometry":{"type":"Polygon","coordinates":[[[-97.7274083,30.2727646],[-97.7276329,30.2727264],[-97.7276168,30.2726561],[-97.7274142,30.2726905],[-97.7274186,30.2727096],[-97.7273966,30.2727134],[-97.7274083,30.2727646]]]},"properties":{"id":"osm:w956438446","name":null,"num_floors":null,"building_class":null,"final_height":3.2,"source_height":"osm_levels","wd":"#abb4a1","wg":"#b8b498","wn":"#1d2128","rd":"#606757","rg":"#83785b","rn":"#0f121e"}},{"type":"Feature","geometry":{"type":"Polygon","coordinates":[[[-97.7277221,30.2728923],[-97.7276183,30.2729098],[-97.7275827,30.2727531],[-97.7276865,30.2727355],[-97.7277221,30.2728923]]]},"properties":{"id":"osm:w956438447","name":null,"num_floors":null,"building_class":null,"final_height":3.2,"source_height":"osm_levels","wd":"#b1b9c3","wg":"#bdb8b5","wn":"#1e212c","rd":"#626c78","rg":"#857b75","rn":"#0e121f"}},{"type":"Feature","geometry":{"type":"Polygon","coordinates":[[[-97.7364719,30.2742743],[-97.7365224,30.2743358],[-97.736507,30.2744159],[-97.7364543,30.274519],[-97.7364437,30.2745906],[-97.7364349,30.2746543],[-97.7364179,30.2746934],[-97.7363612,30.2747097],[-97.7363108,30.2747367],[-97.7362741,30.2747713],[-97.7362413,30.2747768],[-97.7362023,30.2747674],[-97.7361745,30.2747607],[-97.7361336,30.2747205],[-97.7360963,30.2746581],[-97.7360698,30.274596],[-97.7360719,30.2745293],[-97.7361058,30.2744321],[-97.7361302,30.2743861],[-97.7361306,30.2743457],[-97.7361491,30.2743073],[-97.7361717,30.2742655],[-97.7361828,30.2742577],[-97.7361981,30.2742469],[-97.7362433,30.2742304],[-97.7363317,30.274272],[-97.736401,30.2742789],[-97.7364719,30.2742743]]]},"properties":{"id":"osm:w958516771","name":null,"num_floors":null,"building_class":"roof","final_height":11.0,"source_height":"default_by_area","wd":"#b0aa9e","wg":"#bdab96","wn":"#1e1f28","rd":"#7a746a","rg":"#97826a","rn":"#111320"}},{"type":"Feature","geometry":{"type":"Polygon","coordinates":[[[-97.7366269,30.2738916],[-97.7366146,30.2738902],[-97.7365614,30.2738839],[-97.7365771,30.2737853],[-97.7365827,30.27375],[-97.7366482,30.2737578],[-97.7366269,30.2738916]]]},"properties":{"id":"osm:w958516778","name":null,"num_floors":null,"building_class":null,"final_height":4.5,"source_height":"default_by_area","wd":"#bac1ca","wg":"#c5bfbb","wn":"#1f222d","rd":"#66717d","rg":"#887f79","rn":"#101320"}},{"type":"Feature","geometry":{"type":"Polygon","coordinates":[[[-97.7334377,30.2711765],[-97.733534,30.2709213],[-97.7335914,30.2707695],[-97.7341902,30.2709382],[-97.7341106,30.2711541],[-97.7340366,30.271345],[-97.7334377,30.2711765]]]},"properties":{"id":"osm:w968963792","name":"Alexan Waterloo","num_floors":null,"building_class":"apartments","final_height":110.0,"source_height":"osm_height","wd":"#b9b4ab","wg":"#c4b4a1","wn":"#1f212a","rd":"#736f66","rg":"#927e67","rn":"#0f121e"}},{"type":"Feature","geometry":{"type":"Polygon","coordinates":[[[-97.7347396,30.2716438],[-97.7347794,30.2715286],[-97.7347191,30.2713255],[-97.7348083,30.2710879],[-97.7347215,30.2710635],[-97.7344861,30.2709976],[-97.7342868,30.2715192],[-97.7347073,30.2716346],[-97.7346592,30.2717025],[-97.7346818,30.2717089],[-97.73473,30.2716411],[-97.7347396,30.2716438]]]},"properties":{"id":"osm:w972240013","name":"The Waller","num_floors":null,"building_class":"apartments","final_height":102.4,"source_height":"osm_levels","wd":"#95a5af","wg":"#a6a7a4","wn":"#1a1f2a","rd":"#606d75","rg":"#837c73","rn":"#0e121f"}},{"type":"Feature","geometry":{"type":"Polygon","coordinates":[[[-97.7343967,30.2743973],[-97.7344052,30.2743085],[-97.7344378,30.2742236],[-97.734448,30.2741976],[-97.7345448,30.2739509],[-97.734578,30.2738663],[-97.7346117,30.2737805],[-97.7346609,30.2737926],[-97.7346819,30.2737977],[-97.7347412,30.2738122],[-97.7347998,30.2738266],[-97.7348453,30.2738378],[-97.7348772,30.2738446],[-97.7349027,30.2738501],[-97.7349308,30.2739763],[-97.7349586,30.2741889],[-97.7349779,30.2743378],[-97.7350029,30.2744534],[-97.7350001,30.2744651],[-97.7349877,30.2744761],[-97.7349803,30.2744795],[-97.7349032,30.274515],[-97.7348743,30.2745283],[-97.7348496,30.2745399],[-97.734838,30.2745443],[-97.7348115,30.2745478],[-97.7347734,30.2745362],[-97.7346024,30.274436],[-97.7343967,30.2743973]]]},"properties":{"id":"osm:w975143663","name":"Innovation Tower","num_floors":null,"building_class":"office","final_height":57.6,"source_height":"osm_levels","wd":"#b7b6b0","wg":"#c3b5a5","wn":"#1e212a","rd":"#7a7872","rg":"#978570","rn":"#121521"}},{"type":"Feature","geometry":{"type":"Polygon","coordinates":[[[-97.7314877,30.2718326],[-97.7312815,30.2717792],[-97.7312731,30.2718012],[-97.7312211,30.2717876],[-97.7312275,30.2717685],[-97.731197,30.2717604],[-97.731198,30.2717546],[-97.7310967,30.2717268],[-97.7310969,30.2716387],[-97.7311058,30.2716383],[-97.7311085,30.2714777],[-97.7310938,30.271476],[-97.7310942,30.2714401],[-97.7311065,30.2714408],[-97.7311104,30.2711404],[-97.7310981,30.2711397],[-97.7310981,30.2711045],[-97.7311111,30.2711042],[-97.73111,30.2710469],[-97.7311747,30.2709186],[-97.7311859,30.2709212],[-97.7312359,30.2708161],[-97.7312263,30.2708124],[-97.7312544,30.2707532],[-97.731353,30.2707895],[-97.7313584,30.2707782],[-97.7314085,30.2707978],[-97.7314196,30.2707709],[-97.7316122,30.2708663],[-97.7316232,30.2708486],[-97.7317386,30.2709025],[-97.7317236,30.2709411],[-97.7317957,30.2709774],[-97.7317046,30.2712362],[-97.7319107,30.2712887],[-97.731727,30.2717881],[-97.7315238,30.2717345],[-97.7314877,30.2718326]]]},"properties":{"id":"osm:w1012577968","name":"Avenir","num_floors":null,"building_class":"apartments","final_height":11.0,"source_height":"default_by_area","wd":"#a8a296","wg":"#b6a58f","wn":"#1d1e27","rd":"#67635b","rg":"#88745e","rn":"#0f121e"}},{"type":"Feature","geometry":{"type":"Polygon","coordinates":[[[-97.7332987,30.2715134],[-97.7333329,30.2714193],[-97.7332297,30.2714063],[-97.7331313,30.2713939],[-97.7330839,30.2715153],[-97.7332007,30.2715137],[-97.7332987,30.2715134]]]},"properties":{"id":"osm:w1034664826","name":null,"num_floors":null,"building_class":"roof","final_height":7.5,"source_height":"default_by_area","wd":"#a29b8d","wg":"#b19f87","wn":"#1c1e26","rd":"#706b61","rg":"#8f7b63","rn":"#0f121e"}},{"type":"Feature","geometry":{"type":"Polygon","coordinates":[[[-97.7346226,30.2757635],[-97.7346401,30.2757192],[-97.7347372,30.2754664],[-97.7347599,30.2754075],[-97.7347733,30.2753727],[-97.7347075,30.2753538],[-97.7346936,30.2753899],[-97.7346884,30.2754033],[-97.7347085,30.275409],[-97.7346908,30.2754548],[-97.7345936,30.2757068],[-97.7345768,30.2757503],[-97.7346226,30.2757635]]]},"properties":{"id":"osm:w1038061844","name":null,"num_floors":null,"building_class":null,"final_height":7.5,"source_height":"default_by_area","wd":"#bbc2cb","wg":"#c6bfbb","wn":"#1f222d","rd":"#67717d","rg":"#887f79","rn":"#101321"}},{"type":"Feature","geometry":{"type":"Polygon","coordinates":[[[-97.7349744,30.2721019],[-97.7350667,30.2718217],[-97.7349391,30.2717888],[-97.7349548,30.271747],[-97.7349695,30.271708],[-97.7348299,30.271669],[-97.734805,30.2717435],[-97.7346818,30.2717089],[-97.7346592,30.2717025],[-97.7342447,30.2715862],[-97.734142,30.2718756],[-97.7349744,30.2721019]]]},"properties":{"id":"osm:w1055885073","name":"1121 at Symphony Square","num_floors":null,"building_class":"office","final_height":11.0,"source_height":"default_by_area","wd":"#a3afb4","wg":"#b2afa8","wn":"#1c202b","rd":"#6c777c","rg":"#8c8478","rn":"#111521"}},{"type":"Feature","geometry":{"type":"Polygon","coordinates":[[[-97.7350817,30.2716477],[-97.7351377,30.2716631],[-97.7351563,30.2716124],[-97.7350998,30.2715969],[-97.7350817,30.2716477]]]},"properties":{"id":"osm:w1055885074","name":null,"num_floors":null,"building_class":"roof","final_height":4.5,"source_height":"default_by_area","wd":"#b1ab9f","wg":"#bdac97","wn":"#1e2028","rd":"#7a746a","rg":"#97826a","rn":"#111320"}},{"type":"Feature","geometry":{"type":"Polygon","coordinates":[[[-97.7300999,30.2752901],[-97.7300267,30.2753031],[-97.7300414,30.2753646],[-97.7301145,30.2753516],[-97.7300999,30.2752901]]]},"properties":{"id":"osm:w1164542489","name":null,"num_floors":null,"building_class":"parking","final_height":4.5,"source_height":"default_by_area","wd":"#aeaba1","wg":"#bbac98","wn":"#1d2028","rd":"#8a8780","rg":"#a4907b","rn":"#191b27"}},{"type":"Feature","geometry":{"type":"Polygon","coordinates":[[[-97.7301064,30.2754013],[-97.7301227,30.2754844],[-97.7301047,30.275487],[-97.730111,30.2755194],[-97.730087,30.2755229],[-97.730098,30.2755792],[-97.7300599,30.2755847],[-97.7300653,30.2756123],[-97.7300293,30.2756176],[-97.7300363,30.2756536],[-97.7299758,30.2756624],[-97.7299592,30.2755773],[-97.7299685,30.2755759],[-97.7299586,30.2755255],[-97.7299716,30.2755236],[-97.7299593,30.2754609],[-97.7300219,30.2754517],[-97.7300146,30.2754147],[-97.7301064,30.2754013]]]},"properties":{"id":"osm:w1164542490","name":null,"num_floors":null,"building_class":"detached","final_height":7.5,"source_height":"default_by_area","wd":"#cebaad","wg":"#d6b9a2","wn":"#21212a","rd":"#756459","rg":"#93755d","rn":"#0f111e"}},{"type":"Feature","geometry":{"type":"Polygon","coordinates":[[[-97.730189,30.2759122],[-97.7301272,30.2759223],[-97.7301341,30.2759535],[-97.7301959,30.2759434],[-97.730189,30.2759122]]]},"properties":{"id":"osm:w1164542506","name":null,"num_floors":null,"building_class":"parking","final_height":4.5,"source_height":"default_by_area","wd":"#b1aea7","wg":"#bdaf9d","wn":"#1e2029","rd":"#898680","rg":"#a3907b","rn":"#181b27"}},{"type":"Feature","geometry":{"type":"Polygon","coordinates":[[[-97.7301754,30.2758796],[-97.7301479,30.2757407],[-97.7300913,30.275749],[-97.7300888,30.2757364],[-97.7300485,30.2757424],[-97.7300457,30.2757284],[-97.730023,30.2757317],[-97.7300558,30.2758973],[-97.7301754,30.2758796]]]},"properties":{"id":"osm:w1164542507","name":null,"num_floors":null,"building_class":"detached","final_height":7.5,"source_height":"default_by_area","wd":"#d4c3b7","wg":"#dbc0ab","wn":"#22222b","rd":"#7a695d","rg":"#977960","rn":"#0f111e"}},{"type":"Feature","geometry":{"type":"Polygon","coordinates":[[[-97.7299863,30.2758131],[-97.7298464,30.2758348],[-97.7298211,30.2757134],[-97.7298565,30.2757079],[-97.7298535,30.2756931],[-97.7298196,30.2756984],[-97.729807,30.2756375],[-97.729944,30.2756162],[-97.7299561,30.2756746],[-97.7299261,30.2756792],[-97.7299312,30.2757036],[-97.7299625,30.2756987],[-97.7299863,30.2758131]]]},"properties":{"id":"osm:w1226724866","name":null,"num_floors":null,"building_class":null,"final_height":7.5,"source_height":"default_by_area","wd":"#b5bdac","wg":"#c1bba1","wn":"#1e222a","rd":"#666e5d","rg":"#887d60","rn":"#0f121e"}},{"type":"Feature","geometry":{"type":"Polygon","coordinates":[[[-97.7431693,30.273065],[-97.7430518,30.2730303],[-97.7430117,30.2731316],[-97.7431292,30.2731663],[-97.7431693,30.273065]]]},"properties":{"id":"osm:w1243850965","name":null,"num_floors":null,"building_class":"greenhouse","final_height":4.5,"source_height":"default_by_area","wd":"#cdd7cf","wg":"#d5d1bf","wn":"#21252e","rd":"#a4b0a6","rg":"#b8b099","rn":"#252c35"}},{"type":"Feature","geometry":{"type":"Polygon","coordinates":[[[-97.7414785,30.2710769],[-97.7414553,30.2711414],[-97.740993,30.2710115],[-97.7410143,30.2709491],[-97.7414785,30.2710769]]]},"properties":{"id":"osm:w1311610011","name":null,"num_floors":null,"building_class":null,"final_height":7.5,"source_height":"default_by_area","wd":"#bc8a70","wg":"#c7906f","wn":"#1f1c22","rd":"#705035","rg":"#8f6641","rn":"#10111c"}},{"type":"Feature","geometry":{"type":"Polygon","coordinates":[[[-97.7414553,30.2711414],[-97.7414316,30.271202],[-97.7409672,30.2710748],[-97.740993,30.2710115],[-97.7414553,30.2711414]]]},"properties":{"id":"osm:w1311610012","name":null,"num_floors":null,"building_class":null,"final_height":7.5,"source_height":"default_by_area","wd":"#d6c29e","wg":"#ddbf96","wn":"#222228","rd":"#826e58","rg":"#9e7d5c","rn":"#10121d"}},{"type":"Feature","geometry":{"type":"Polygon","coordinates":[[[-97.7488971,30.2712876],[-97.7482759,30.2711157],[-97.7483999,30.2707815],[-97.748489,30.2708062],[-97.7490211,30.2709535],[-97.7488971,30.2712876]]]},"properties":{"id":"osm:w1317011702","name":"701 Rio","num_floors":null,"building_class":"commercial","final_height":11.0,"source_height":"default_by_area","wd":"#aa9d8b","wg":"#b8a086","wn":"#1d1e26","rd":"#6b6255","rg":"#8c745a","rn":"#0f121e"}},{"type":"Feature","geometry":{"type":"Polygon","coordinates":[[[-97.7450412,30.2739767],[-97.7449709,30.2741677],[-97.7448775,30.274142],[-97.7448826,30.2741281],[-97.7448352,30.2741151],[-97.7449053,30.2739247],[-97.7450228,30.273957],[-97.7450179,30.2739703],[-97.7450412,30.2739767]]]},"properties":{"id":"osm:w1317014438","name":null,"num_floors":null,"building_class":null,"final_height":7.5,"source_height":"default_by_area","wd":"#dfd6c4","wg":"#e4d0b6","wn":"#23252d","rd":"#8e8573","rg":"#a78f71","rn":"#181a24"}},{"type":"Feature","geometry":{"type":"Polygon","coordinates":[[[-97.7452138,30.2740547],[-97.7452286,30.274016],[-97.7454646,30.274083],[-97.7453123,30.2744834],[-97.7449426,30.2743785],[-97.7450345,30.274137],[-97.7450025,30.2741279],[-97.7450483,30.2740077],[-97.7452138,30.2740547]]]},"properties":{"id":"osm:w1317014439","name":null,"num_floors":null,"building_class":null,"final_height":11.0,"source_height":"default_by_area","wd":"#bca487","wg":"#c7a682","wn":"#1f1f25","rd":"#6c5d4a","rg":"#8c7051","rn":"#10121d"}},{"type":"Feature","geometry":{"type":"Polygon","coordinates":[[[-97.7471725,30.2746955],[-97.7471387,30.274773],[-97.7470131,30.2747317],[-97.747041,30.2746502],[-97.7470583,30.2746433],[-97.7470682,30.2746393],[-97.7470849,30.2746404],[-97.7471048,30.274606],[-97.7471865,30.2746272],[-97.7471712,30.2746634],[-97.7471725,30.2746955]]]},"properties":{"id":"osm:w1442756380","name":"Cofer & Connelly, PLLC - Austin Criminal Defense & Family Lawyer","num_floors":null,"building_class":null,"final_height":7.5,"source_height":"default_by_area","wd":"#e4dccd","wg":"#e8d5bd","wn":"#24252e","rd":"#918978","rg":"#a99275","rn":"#191b26"}},{"type":"Feature","geometry":{"type":"Polygon","coordinates":[[[-97.7397949,30.2709554],[-97.7398997,30.2709831],[-97.739825,30.271194],[-97.7397202,30.2711663],[-97.7397949,30.2709554]]]},"properties":{"id":"osm:w1444415151","name":null,"num_floors":null,"building_class":null,"final_height":7.5,"source_height":"default_by_area","wd":"#d0ba90","wg":"#d8b98a","wn":"#212126","rd":"#7b6854","rg":"#987859","rn":"#10121d"}},{"type":"Feature","geometry":{"type":"Polygon","coordinates":[[[-97.7344363,30.2745119],[-97.7343167,30.2744788],[-97.7342958,30.2745353],[-97.7344153,30.2745683],[-97.7344363,30.2745119]]]},"properties":{"id":"osm:w1457661807","name":"Austin-Travis County EMS Station 3","num_floors":null,"building_class":null,"final_height":4.5,"source_height":"default_by_area","wd":"#d3be97","wg":"#dabc90","wn":"#222227","rd":"#7e6b56","rg":"#9a7b5a","rn":"#10121d"}}]}