{"type":"FeatureCollection","features":[{"type":"Feature","geometry":{"type":"Polygon","coordinates":[[[-97.7393078,30.285205],[-97.7392796,30.2855019],[-97.7392781,30.285522],[-97.7394423,30.2855347],[-97.7396041,30.2855471],[-97.7396059,30.285527],[-97.7396415,30.2852312],[-97.7401062,30.2852684],[-97.7401173,30.2851534],[-97.7401255,30.2850753],[-97.7396702,30.2850384],[-97.739299,30.2850101],[-97.7388779,30.2849757],[-97.7388682,30.2850853],[-97.7388611,30.2851685],[-97.7393078,30.285205]]]},"properties":{"k":"area","u":"plaza","s":"paving","name":"Main Mall"}},{"type":"Feature","geometry":{"type":"Polygon","coordinates":[[[-97.7409074,30.2890031],[-97.7409065,30.2890135],[-97.7408873,30.2892234],[-97.7408858,30.2892395],[-97.7405598,30.2892173],[-97.7405454,30.2893752],[-97.7405426,30.2894059],[-97.7405358,30.28948],[-97.7404354,30.2894732],[-97.740488,30.2888972],[-97.7405282,30.2889],[-97.7405798,30.2889035],[-97.7405727,30.2889803],[-97.7409074,30.2890031]]]},"properties":{"k":"area","u":"plaza","s":"paving"}},{"type":"Feature","geometry":{"type":"Polygon","coordinates":[[[-97.736568,30.2888731],[-97.7365301,30.28887],[-97.7362884,30.2888501],[-97.736284,30.2888897],[-97.7361839,30.2888815],[-97.7362254,30.288506],[-97.7361137,30.2884968],[-97.7361051,30.2885741],[-97.7360328,30.2885681],[-97.7359909,30.2889467],[-97.7359359,30.2889428],[-97.7359111,30.2889411],[-97.7359139,30.288912],[-97.7359218,30.2888289],[-97.7358537,30.2888224],[-97.7358811,30.2885547],[-97.7358367,30.2885512],[-97.7358276,30.2885505],[-97.7357954,30.2885479],[-97.7358082,30.2884093],[-97.7358224,30.2884105],[-97.7358299,30.2883193],[-97.7358429,30.2881416],[-97.7358752,30.2881487],[-97.7359038,30.2881397],[-97.7367707,30.2882007],[-97.7367647,30.2882871],[-97.7367492,30.2884579],[-97.7367422,30.2885357],[-97.7366854,30.2885337],[-97.7366733,30.2886682],[-97.7366065,30.288664],[-97.7365882,30.2886738],[-97.736568,30.2888731]]]},"properties":{"k":"area","u":"plaza","s":"concrete"}},{"type":"Feature","geometry":{"type":"Polygon","coordinates":[[[-97.7380533,30.2830087],[-97.7380389,30.2831494],[-97.7380323,30.2832147],[-97.7379018,30.2832044],[-97.7378816,30.2832029],[-97.7378781,30.2832443],[-97.7377034,30.2832298],[-97.7377058,30.2831924],[-97.7377085,30.2831515],[-97.7377118,30.2831012],[-97.7377251,30.2829704],[-97.7377466,30.2829715],[-97.7379989,30.2829904],[-97.7379975,30.2830045],[-97.7380533,30.2830087]]]},"properties":{"k":"area","u":"plaza","s":"paving"}},{"type":"Feature","geometry":{"type":"Polygon","coordinates":[[[-97.7353796,30.2828701],[-97.7353046,30.2828976],[-97.7352798,30.2829067],[-97.7351224,30.2828971],[-97.7351174,30.2829582],[-97.7350934,30.2829567],[-97.7350904,30.2829967],[-97.7349514,30.2829862],[-97.7349637,30.2828642],[-97.7348495,30.2828556],[-97.7348554,30.2828088],[-97.7348735,30.2828106],[-97.7348873,30.2828117],[-97.7349025,30.2826692],[-97.7349844,30.2826753],[-97.7349925,30.2825954],[-97.7351376,30.2826064],[-97.735112,30.2828265],[-97.7351851,30.2828326],[-97.7352264,30.2828161],[-97.7352934,30.2827843],[-97.7353331,30.2828354],[-97.7353796,30.2828701]]]},"properties":{"k":"area","u":"plaza","s":"paving"}},{"type":"Feature","geometry":{"type":"Polygon","coordinates":[[[-97.7365179,30.2825044],[-97.7364935,30.2825025],[-97.7364645,30.2825009],[-97.7364878,30.2822595],[-97.7364934,30.2821999],[-97.736552,30.2822043],[-97.7365564,30.2821604],[-97.7367576,30.2821755],[-97.736753,30.2822214],[-97.7368782,30.2822308],[-97.7368825,30.2821876],[-97.7369447,30.2821923],[-97.7369103,30.2825339],[-97.7365179,30.2825044]]]},"properties":{"k":"area","u":"plaza","s":"paving","name":"Spanish Oaks Terrace"}},{"type":"Feature","geometry":{"type":"Polygon","coordinates":[[[-97.7381341,30.283744],[-97.7381426,30.2836485],[-97.7381489,30.2835781],[-97.7381539,30.283522],[-97.7383881,30.2835393],[-97.7385795,30.2835534],[-97.7386544,30.2835594],[-97.7386477,30.2836352],[-97.7386425,30.2836877],[-97.7386379,30.2837338],[-97.7385318,30.2838093],[-97.7382654,30.2839988],[-97.7381105,30.2839876],[-97.7381341,30.283744]]]},"properties":{"k":"area","u":"plaza","s":"concrete"}},{"type":"Feature","geometry":{"type":"Polygon","coordinates":[[[-97.7385603,30.2858774],[-97.7384695,30.2858701],[-97.7384735,30.2858367],[-97.7383759,30.2858299],[-97.7383855,30.2857245],[-97.7384216,30.2857273],[-97.7384576,30.2857301],[-97.7384766,30.2855356],[-97.7384392,30.2855323],[-97.7384071,30.2855295],[-97.7384178,30.2854273],[-97.7385163,30.2854351],[-97.7385204,30.2853967],[-97.7386097,30.2854033],[-97.7386051,30.2854476],[-97.7385847,30.285643],[-97.7385638,30.2858436],[-97.7385603,30.2858774]]]},"properties":{"k":"area","u":"plaza","s":"paving"}},{"type":"Feature","geometry":{"type":"Polygon","coordinates":[[[-97.7399365,30.2856812],[-97.7398479,30.2856738],[-97.7398535,30.2856077],[-97.7394383,30.2855783],[-97.739017,30.2855485],[-97.7390108,30.2856117],[-97.7389268,30.2856042],[-97.7389197,30.28567],[-97.7389139,30.2857308],[-97.7390578,30.2857512],[-97.7390627,30.2856026],[-97.7392291,30.285615],[-97.7392237,30.2856291],[-97.7393388,30.2856366],[-97.7393273,30.2857525],[-97.7394161,30.2857591],[-97.7395049,30.2857657],[-97.7395167,30.2856504],[-97.7396233,30.2856527],[-97.7396324,30.2856467],[-97.7397975,30.285659],[-97.7397726,30.2858035],[-97.7399227,30.2858056],[-97.7399295,30.2857442],[-97.7399365,30.2856812]]]},"properties":{"k":"area","u":"plaza","s":"paving"}},{"type":"Feature","geometry":{"type":"Polygon","coordinates":[[[-97.7386677,30.2846452],[-97.7387023,30.2846475],[-97.7386971,30.2847006],[-97.7386817,30.2846995],[-97.7386647,30.2848748],[-97.7386677,30.2846452]]]},"properties":{"k":"area","u":"plaza","s":"paving"}},{"type":"Feature","geometry":{"type":"Polygon","coordinates":[[[-97.7338801,30.2844292],[-97.7339983,30.2844395],[-97.7341508,30.2844528],[-97.7341563,30.2844036],[-97.7341674,30.2842929],[-97.7342277,30.2842974],[-97.7342586,30.2839882],[-97.7342664,30.2839269],[-97.7342359,30.2839252],[-97.7342502,30.2838019],[-97.7342526,30.2837808],[-97.7342688,30.2836406],[-97.7341575,30.2836314],[-97.7340462,30.2836222],[-97.7339813,30.2839374],[-97.733889,30.284386],[-97.7338801,30.2844292]]]},"properties":{"k":"area","u":"plaza","s":"paving"}},{"type":"Feature","geometry":{"type":"Polygon","coordinates":[[[-97.7362512,30.2845512],[-97.7362331,30.2847252],[-97.7362993,30.284731],[-97.7363251,30.2846825],[-97.7365047,30.2847532],[-97.7370705,30.2847955],[-97.7372902,30.2848089],[-97.7373,30.284728],[-97.7373346,30.2844025],[-97.7373601,30.2841632],[-97.7371079,30.2841431],[-97.7369997,30.2841345],[-97.7369746,30.284377],[-97.737187,30.284392],[-97.7371766,30.2845081],[-97.7369634,30.2844937],[-97.7362601,30.284446],[-97.7362512,30.2845512]]]},"properties":{"k":"area","u":"plaza","s":"concrete"}},{"type":"Feature","geometry":{"type":"Polygon","coordinates":[[[-97.7345259,30.2830985],[-97.7345229,30.283134],[-97.734508,30.2831331],[-97.7344757,30.2831307],[-97.7344763,30.2831176],[-97.7343843,30.2831094],[-97.7343615,30.2830909],[-97.7343509,30.2830684],[-97.7343517,30.2830259],[-97.7343422,30.2829821],[-97.7343086,30.2829212],[-97.7342817,30.2828919],[-97.7342174,30.2828431],[-97.7341497,30.2827783],[-97.7341108,30.2827261],[-97.73409,30.2826787],[-97.7340682,30.2826782],[-97.7340545,30.2826237],[-97.7340444,30.2825652],[-97.7340485,30.2824922],[-97.7340625,30.2824308],[-97.7340894,30.2823712],[-97.7341448,30.2823163],[-97.7341618,30.2822855],[-97.7342134,30.2822369],[-97.7342235,30.2821225],[-97.7343064,30.2821287],[-97.7342935,30.2822572],[-97.7342276,30.2822523],[-97.7342208,30.2823197],[-97.7342818,30.2823243],[-97.7342788,30.2823538],[-97.7341469,30.2823439],[-97.734112,30.2823995],[-97.7340933,30.282462],[-97.7340852,30.2825223],[-97.7340852,30.2825871],[-97.7341092,30.2826748],[-97.7342433,30.2826849],[-97.734237,30.282748],[-97.7342938,30.2827523],[-97.7342865,30.2828257],[-97.734406,30.2828347],[-97.7343805,30.2830876],[-97.7345259,30.2830985]]]},"properties":{"k":"area","u":"plaza","s":"paving"}},{"type":"Feature","geometry":{"type":"Polygon","coordinates":[[[-97.7339672,30.2822471],[-97.7339579,30.2822476],[-97.7339491,30.2822506],[-97.7339419,30.2822539],[-97.7339392,30.2822595],[-97.7339355,30.2822715],[-97.7339371,30.2822798],[-97.733942,30.2822872],[-97.7339456,30.2822904],[-97.7339547,30.2822949],[-97.733961,30.2822958],[-97.733964,30.2822962],[-97.7339777,30.2822933],[-97.7339864,30.282287],[-97.7339911,30.2822795],[-97.7339924,30.2822747],[-97.7339918,30.2822658],[-97.7339878,30.282258],[-97.7339818,30.2822523],[-97.7339731,30.2822482],[-97.7339672,30.2822471]]]},"properties":{"k":"area","u":"plaza","s":"paving"}},{"type":"Feature","geometry":{"type":"Polygon","coordinates":[[[-97.7335437,30.2871896],[-97.7334441,30.2871826],[-97.7333367,30.2871749],[-97.7333386,30.2871382],[-97.7332929,30.2871363],[-97.7332646,30.2871351],[-97.7332779,30.2869742],[-97.7333076,30.2869764],[-97.7333567,30.28698],[-97.7333612,30.2869409],[-97.7334408,30.286947],[-97.733542,30.2869547],[-97.7335413,30.2869978],[-97.7335402,30.2870723],[-97.7335424,30.2871473],[-97.7335437,30.2871896]]]},"properties":{"k":"area","u":"plaza","s":"concrete"}},{"type":"Feature","geometry":{"type":"Polygon","coordinates":[[[-97.7324653,30.2871438],[-97.7324588,30.2872023],[-97.7325558,30.2872103],[-97.7326376,30.287217],[-97.7326541,30.2870679],[-97.7327411,30.2870751],[-97.7328136,30.2870811],[-97.7328294,30.2869383],[-97.7327596,30.2869325],[-97.7326699,30.2869251],[-97.7326853,30.2867861],[-97.7325066,30.2867713],[-97.7324995,30.286835],[-97.7324653,30.2871438]]]},"properties":{"k":"area","u":"plaza","s":"paving"}},{"type":"Feature","geometry":{"type":"Polygon","coordinates":[[[-97.7303867,30.2851935],[-97.7304019,30.285198],[-97.7304281,30.2852068],[-97.7305012,30.2852236],[-97.7305138,30.2852274],[-97.7305406,30.2852356],[-97.7306008,30.2852525],[-97.7306165,30.2852127],[-97.730625,30.2851914],[-97.7306326,30.285172],[-97.730638,30.2851581],[-97.7306684,30.2850796],[-97.7307042,30.2849622],[-97.7307291,30.2848717],[-97.7306701,30.2848591],[-97.7306514,30.2848551],[-97.7306368,30.2848521],[-97.7306166,30.284848],[-97.7305544,30.2848501],[-97.7305229,30.2848512],[-97.7305019,30.2848519],[-97.7305005,30.2849121],[-97.7304947,30.2849723],[-97.7304817,30.2850353],[-97.7304566,30.285091],[-97.7304312,30.2851312],[-97.7303867,30.2851935]]]},"properties":{"k":"area","u":"plaza","s":"paving"}},{"type":"Feature","geometry":{"type":"Polygon","coordinates":[[[-97.7293068,30.2869776],[-97.7293338,30.2868901],[-97.7293013,30.2868826],[-97.729182,30.2868553],[-97.7290611,30.2868276],[-97.7290342,30.2869154],[-97.7293068,30.2869776]]]},"properties":{"k":"area","u":"plaza","s":"paving"}},{"type":"Feature","geometry":{"type":"Polygon","coordinates":[[[-97.7291662,30.2853603],[-97.7289359,30.2853057],[-97.7291102,30.2847377],[-97.7290521,30.2847244],[-97.7290985,30.2845734],[-97.7291414,30.2845832],[-97.7292137,30.2843472],[-97.7293499,30.2843159],[-97.72937,30.284311],[-97.7293822,30.284326],[-97.7293918,30.2843379],[-97.7294124,30.2843652],[-97.729368,30.2844619],[-97.7293277,30.2845646],[-97.7293064,30.2846411],[-97.7292797,30.2847713],[-97.7292804,30.2848693],[-97.7293099,30.2849735],[-97.7293394,30.2850257],[-97.7293765,30.2850705],[-97.729362,30.2851043],[-97.7293487,30.2851394],[-97.729308,30.2851382],[-97.7292683,30.2851475],[-97.7292286,30.285166],[-97.7291963,30.2851941],[-97.7291786,30.2852346],[-97.7291762,30.2852728],[-97.7291843,30.2853063],[-97.7291779,30.2853182],[-97.7291716,30.2853428],[-97.7291662,30.2853603]]]},"properties":{"k":"area","u":"plaza","s":"paving"}},{"type":"Feature","geometry":{"type":"Polygon","coordinates":[[[-97.7378994,30.2832263],[-97.7378944,30.283273],[-97.7378764,30.2832717],[-97.7378744,30.2832943],[-97.7374558,30.2832621],[-97.7374425,30.2833888],[-97.737434,30.283469],[-97.7380569,30.2835149],[-97.7380646,30.2834381],[-97.7380703,30.283381],[-97.7380821,30.2832631],[-97.7380276,30.283259],[-97.7380299,30.2832372],[-97.7378994,30.2832263]]]},"properties":{"k":"area","u":"plaza","s":"paving"}},{"type":"Feature","geometry":{"type":"Polygon","coordinates":[[[-97.7313083,30.2853463],[-97.7309729,30.2853176],[-97.7309529,30.2854921],[-97.7310629,30.2855015],[-97.7310498,30.2856154],[-97.731042,30.2856837],[-97.7315312,30.2857256],[-97.7315542,30.285526],[-97.7315736,30.2853668],[-97.7313083,30.2853463]]]},"properties":{"k":"area","u":"plaza","s":"paving"}},{"type":"Feature","geometry":{"type":"Polygon","coordinates":[[[-97.7519998,30.2836276],[-97.7518416,30.2836831],[-97.7518741,30.2835916],[-97.7519086,30.2835013],[-97.7519998,30.2836276]]]},"properties":{"k":"area","u":"plaza","s":"paving"}},{"type":"Feature","geometry":{"type":"Polygon","coordinates":[[[-97.7448578,30.2824675],[-97.7448935,30.2824777],[-97.7449084,30.282482],[-97.7449057,30.2824707],[-97.7448873,30.2823951],[-97.7448636,30.2824531],[-97.7448578,30.2824675]]]},"properties":{"k":"area","u":"plaza","s":"paving"}},{"type":"Feature","geometry":{"type":"Polygon","coordinates":[[[-97.7481989,30.2760232],[-97.7482129,30.2760256],[-97.7482716,30.2760265],[-97.7482781,30.2760246],[-97.7482813,30.2760196],[-97.7482818,30.2760129],[-97.7482763,30.2760073],[-97.7477444,30.2758582],[-97.7477128,30.2758531],[-97.7476624,30.2758526],[-97.7476442,30.2758529],[-97.7476134,30.2758496],[-97.7475789,30.2758423],[-97.747473,30.275812],[-97.747469,30.2758135],[-97.7474682,30.2758172],[-97.7474697,30.2758198],[-97.7476403,30.2758671],[-97.7481989,30.2760232]]]},"properties":{"k":"area","u":"plaza","s":"paving"}},{"type":"Feature","geometry":{"type":"Polygon","coordinates":[[[-97.7386414,30.2800874],[-97.7386144,30.2801153],[-97.7385881,30.2801418],[-97.7385662,30.2801297],[-97.7385361,30.2801103],[-97.7385017,30.2802014],[-97.7384688,30.280289],[-97.7385072,30.2802916],[-97.7385377,30.2802939],[-97.7385388,30.280316],[-97.7385416,30.280338],[-97.738548,30.2803636],[-97.7385562,30.2803881],[-97.7385225,30.280395],[-97.7385346,30.2804266],[-97.7385384,30.2804349],[-97.7385427,30.2804442],[-97.7385532,30.2804638],[-97.7385704,30.2804863],[-97.7385965,30.2804698],[-97.7386197,30.280495],[-97.738636,30.2805088],[-97.7386534,30.2805219],[-97.7386723,30.2805334],[-97.7386917,30.2805441],[-97.7386769,30.2805666],[-97.7387131,30.2805809],[-97.7387265,30.2805859],[-97.7387386,30.2805886],[-97.7387424,30.2805786],[-97.7387509,30.2805807],[-97.7388051,30.2804239],[-97.7387762,30.2804142],[-97.7387384,30.2803873],[-97.7387124,30.2803513],[-97.738701,30.2803102],[-97.7387052,30.280268],[-97.7387246,30.2802291],[-97.7387573,30.2801975],[-97.7387999,30.2801765],[-97.7388007,30.2801473],[-97.7387943,30.2801194],[-97.7387742,30.2800755],[-97.7387445,30.2800341],[-97.7387072,30.2800204],[-97.7387265,30.2799698],[-97.7386816,30.2799574],[-97.7386736,30.2799551],[-97.738663,30.2799864],[-97.738654,30.2800132],[-97.7386444,30.2800363],[-97.7386543,30.2800404],[-97.738623,30.2800738],[-97.7386414,30.2800874]]]},"properties":{"k":"area","u":"plaza","s":"concrete"}},{"type":"Feature","geometry":{"type":"Polygon","coordinates":[[[-97.738929,30.2788237],[-97.7389796,30.2786885],[-97.7387789,30.2786323],[-97.7387273,30.2787664],[-97.738929,30.2788237]]]},"properties":{"k":"area","u":"plaza","s":"paving"}},{"type":"Feature","geometry":{"type":"Polygon","coordinates":[[[-97.7396571,30.2766085],[-97.7396632,30.276601],[-97.7396799,30.276557],[-97.7396876,30.2765363],[-97.7396892,30.2765235],[-97.739684,30.2765128],[-97.739673,30.2765063],[-97.7396545,30.2765011],[-97.7396411,30.2765013],[-97.7396313,30.2765085],[-97.7396243,30.2765235],[-97.7396188,30.2765384],[-97.7396189,30.2765436],[-97.7396194,30.276566],[-97.7396182,30.2765995],[-97.739623,30.2766063],[-97.7396294,30.2766115],[-97.7396386,30.2766141],[-97.7396498,30.2766129],[-97.7396571,30.2766085]]]},"properties":{"k":"area","u":"plaza","s":"paving"}},{"type":"Feature","geometry":{"type":"Polygon","coordinates":[[[-97.7518698,30.2789523],[-97.7518301,30.2789016],[-97.7518253,30.2788989],[-97.7518179,30.2788981],[-97.7518107,30.2789008],[-97.7518075,30.2789059],[-97.7518066,30.2789118],[-97.7518432,30.2789657],[-97.7518525,30.2789696],[-97.7518604,30.2789698],[-97.7518674,30.2789662],[-97.7518704,30.2789602],[-97.7518698,30.2789523]]]},"properties":{"k":"area","u":"plaza","s":"paving"}},{"type":"Feature","geometry":{"type":"Polygon","coordinates":[[[-97.7315923,30.2848843],[-97.731589,30.2849257],[-97.731554,30.2849229],[-97.7313803,30.2849086],[-97.7312535,30.2848981],[-97.7312242,30.2844976],[-97.7313074,30.2844908],[-97.7313069,30.2845121],[-97.7312912,30.284524],[-97.7312847,30.2845853],[-97.7313141,30.2846203],[-97.7313878,30.2846236],[-97.7314249,30.2846006],[-97.7315871,30.2847744],[-97.7315675,30.2847881],[-97.7315614,30.2848528],[-97.7315923,30.2848843]]]},"properties":{"k":"area","u":"plaza","s":"concrete"}},{"type":"Feature","geometry":{"type":"Polygon","coordinates":[[[-97.7315875,30.2824089],[-97.7317533,30.2824213],[-97.7318223,30.2824264],[-97.7318998,30.2824317],[-97.7320214,30.28244],[-97.7320244,30.2824067],[-97.7322703,30.2824266],[-97.7322823,30.2824276],[-97.7322788,30.2824576],[-97.7322756,30.2824885],[-97.7322642,30.2825983],[-97.7321444,30.2825898],[-97.7321455,30.2825739],[-97.732117,30.2825446],[-97.7320375,30.2825377],[-97.7320034,30.282565],[-97.732003,30.2825707],[-97.7318066,30.2825589],[-97.7316818,30.2826523],[-97.7316636,30.2826332],[-97.7315922,30.2826269],[-97.7315518,30.2826556],[-97.7315719,30.282517],[-97.7315875,30.2824089]]]},"properties":{"k":"area","u":"plaza","s":"concrete"}},{"type":"Feature","geometry":{"type":"Polygon","coordinates":[[[-97.7335005,30.284904],[-97.733473,30.2848742],[-97.7334736,30.2848632],[-97.7334852,30.2848146],[-97.733495,30.2847765],[-97.7334777,30.2847608],[-97.733279,30.2849061],[-97.7332937,30.2849192],[-97.7333285,30.2849214],[-97.7333878,30.2849247],[-97.7334022,30.2849251],[-97.7334301,30.2849554],[-97.7335005,30.284904]]]},"properties":{"k":"area","u":"plaza","s":"concrete"}},{"type":"Feature","geometry":{"type":"Polygon","coordinates":[[[-97.7331356,30.2850672],[-97.7333148,30.2850769],[-97.7333964,30.2850813],[-97.7334579,30.2850608],[-97.7335194,30.2850438],[-97.7335432,30.2850325],[-97.733569,30.2850137],[-97.7335924,30.2849942],[-97.7336156,30.2849491],[-97.7336504,30.2848995],[-97.7336591,30.2848309],[-97.7336784,30.2846791],[-97.7336708,30.2846656],[-97.733581,30.2846603],[-97.7336118,30.2846914],[-97.7336037,30.2847563],[-97.7335659,30.2847814],[-97.7335614,30.2848217],[-97.7335571,30.2848684],[-97.733555,30.2848906],[-97.7335313,30.2848892],[-97.7335052,30.2849085],[-97.7334347,30.2849603],[-97.7334083,30.2849799],[-97.7334066,30.2849953],[-97.7333807,30.2849933],[-97.7333221,30.2849889],[-97.7332867,30.2849862],[-97.7332511,30.2850138],[-97.7331742,30.285009],[-97.7331621,30.2849953],[-97.7331413,30.2849936],[-97.7331356,30.2850672]]]},"properties":{"k":"area","u":"plaza","s":"concrete","name":"Frank Denius Veterans Memorial Plaza"}},{"type":"Feature","geometry":{"type":"Polygon","coordinates":[[[-97.726989,30.2803732],[-97.72696,30.2804024],[-97.7269004,30.2804626],[-97.7268465,30.2804445],[-97.7268499,30.2798295],[-97.7268605,30.2797756],[-97.7270632,30.2797474],[-97.7270709,30.2797858],[-97.7270942,30.2798952],[-97.72699,30.2799109],[-97.726989,30.2803732]]]},"properties":{"k":"area","u":"plaza","s":"paving"}},{"type":"Feature","geometry":{"type":"Polygon","coordinates":[[[-97.7333807,30.2849933],[-97.7333878,30.2849247],[-97.7333285,30.2849214],[-97.7332937,30.2849192],[-97.7332867,30.2849862],[-97.7333221,30.2849889],[-97.7333807,30.2849933]]]},"properties":{"k":"area","u":"plaza","s":"concrete"}},{"type":"Feature","geometry":{"type":"Polygon","coordinates":[[[-97.7335659,30.2847814],[-97.733495,30.2847765],[-97.7334852,30.2848146],[-97.7334736,30.2848632],[-97.7335571,30.2848684],[-97.7335614,30.2848217],[-97.7335659,30.2847814]]]},"properties":{"k":"area","u":"plaza","s":"concrete"}},{"type":"Feature","geometry":{"type":"Polygon","coordinates":[[[-97.7336151,30.2850876],[-97.7335707,30.2850889],[-97.7335717,30.2850836],[-97.7335692,30.2850784],[-97.7335194,30.2850438],[-97.7335432,30.2850325],[-97.7336151,30.2850876]]]},"properties":{"k":"area","u":"plaza","s":"concrete"}},{"type":"Feature","geometry":{"type":"Polygon","coordinates":[[[-97.7336193,30.2850849],[-97.7336362,30.2850462],[-97.7336299,30.2850463],[-97.7336243,30.2850434],[-97.7335924,30.2849942],[-97.733569,30.2850137],[-97.7336193,30.2850849]]]},"properties":{"k":"area","u":"plaza","s":"concrete"}},{"type":"Feature","geometry":{"type":"Polygon","coordinates":[[[-97.7313703,30.283326],[-97.7313173,30.2833202],[-97.7313124,30.283342],[-97.7313072,30.2833654],[-97.7313642,30.2833724],[-97.7313267,30.2836321],[-97.7312422,30.2836196],[-97.7312107,30.2836798],[-97.7311727,30.2840369],[-97.731218,30.2840443],[-97.7312242,30.2844976],[-97.7313074,30.2844908],[-97.7313174,30.2840692],[-97.7313415,30.2840703],[-97.7313448,30.2840411],[-97.7312809,30.2840349],[-97.7312983,30.2838653],[-97.7313157,30.2836956],[-97.7313788,30.2836996],[-97.7313796,30.283671],[-97.7313549,30.2836703],[-97.7313701,30.2835633],[-97.7313822,30.283482],[-97.7313966,30.2833992],[-97.7314135,30.2833125],[-97.7314295,30.2832282],[-97.7314484,30.2831421],[-97.7314653,30.2830757],[-97.7314283,30.2830697],[-97.7314224,30.2830927],[-97.7314169,30.2831144],[-97.7313703,30.283326]]]},"properties":{"k":"area","u":"plaza","s":"concrete"}},{"type":"Feature","geometry":{"type":"Polygon","coordinates":[[[-97.7314169,30.2831144],[-97.731382,30.2831089],[-97.7313865,30.2830862],[-97.731391,30.2830637],[-97.7314283,30.2830697],[-97.7314224,30.2830927],[-97.7314169,30.2831144]]]},"properties":{"k":"area","u":"plaza","s":"paving"}},{"type":"Feature","geometry":{"type":"Polygon","coordinates":[[[-97.7335703,30.2830191],[-97.7335721,30.2829899],[-97.7333987,30.2827701],[-97.7332708,30.28276],[-97.7332345,30.2827567],[-97.7332301,30.2827727],[-97.7333495,30.2829749],[-97.7333858,30.2830389],[-97.7334257,30.2830592],[-97.7335698,30.2830276],[-97.7335703,30.2830191]]]},"properties":{"k":"area","u":"plaza","s":"concrete"}},{"type":"Feature","geometry":{"type":"Polygon","coordinates":[[[-97.7320626,30.282666],[-97.7320241,30.2826616],[-97.7319982,30.2826335],[-97.732003,30.2825707],[-97.7318066,30.2825589],[-97.7316818,30.2826523],[-97.7316944,30.2826656],[-97.7316877,30.2827284],[-97.7316686,30.2827426],[-97.7316434,30.282828],[-97.7316935,30.2828365],[-97.731685,30.2829064],[-97.7317666,30.2829108],[-97.7320626,30.282666]]]},"properties":{"k":"area","u":"plaza","s":"concrete"}},{"type":"Feature","geometry":{"type":"Polygon","coordinates":[[[-97.7315871,30.2847744],[-97.7316053,30.2847617],[-97.7316784,30.284767],[-97.7317061,30.284795],[-97.7317444,30.2847974],[-97.7317768,30.2847485],[-97.731662,30.2846826],[-97.7315445,30.2845852],[-97.7314601,30.284483],[-97.731423,30.2844975],[-97.7314178,30.2845206],[-97.7314321,30.2845363],[-97.7314249,30.2846006],[-97.7315871,30.2847744]]]},"properties":{"k":"area","u":"plaza","s":"concrete"}},{"type":"Feature","geometry":{"type":"Polygon","coordinates":[[[-97.733279,30.2849061],[-97.7334777,30.2847608],[-97.733463,30.2847474],[-97.7334631,30.2847045],[-97.733416,30.2846733],[-97.7333457,30.2847332],[-97.7332356,30.2847994],[-97.7330949,30.2848503],[-97.7331155,30.2849052],[-97.7331528,30.2849075],[-97.7331928,30.2848863],[-97.7332611,30.2848901],[-97.733279,30.2849061]]]},"properties":{"k":"area","u":"plaza","s":"concrete"}},{"type":"Feature","geometry":{"type":"Polygon","coordinates":[[[-97.7337737,30.2829461],[-97.7337574,30.2829158],[-97.7337403,30.2828883],[-97.7336951,30.2829016],[-97.7336635,30.2829166],[-97.7336595,30.2829201],[-97.7336397,30.2829372],[-97.733626,30.2829546],[-97.7336166,30.2829774],[-97.7336129,30.2829931],[-97.7335721,30.2829899],[-97.7335703,30.2830191],[-97.7335698,30.2830276],[-97.7336772,30.2830041],[-97.733688,30.2829864],[-97.7337116,30.2829687],[-97.7337737,30.2829461]]]},"properties":{"k":"area","u":"plaza","s":"concrete"}},{"type":"Feature","geometry":{"type":"Polygon","coordinates":[[[-97.7337125,30.2828668],[-97.7336454,30.282782],[-97.7335784,30.2828215],[-97.7336468,30.2829045],[-97.7337125,30.2828668]]]},"properties":{"k":"area","u":"plaza","s":"concrete"}},{"type":"Feature","geometry":{"type":"Polygon","coordinates":[[[-97.7335579,30.2827968],[-97.7336273,30.2827571],[-97.7335589,30.2826703],[-97.7334855,30.2827093],[-97.7335579,30.2827968]]]},"properties":{"k":"area","u":"plaza","s":"concrete"}},{"type":"Feature","geometry":{"type":"Polygon","coordinates":[[[-97.7336129,30.2829931],[-97.7336166,30.2829774],[-97.733626,30.2829546],[-97.7336397,30.2829372],[-97.7336595,30.2829201],[-97.7336468,30.2829045],[-97.733616,30.2828667],[-97.7335784,30.2828215],[-97.7335579,30.2827968],[-97.7335265,30.282759],[-97.7334855,30.2827093],[-97.7334004,30.2827554],[-97.7333987,30.2827701],[-97.7335721,30.2829899],[-97.7336129,30.2829931]]]},"properties":{"k":"area","u":"plaza","s":"concrete"}},{"type":"Feature","geometry":{"type":"Polygon","coordinates":[[[-97.7358,30.2853273],[-97.7357194,30.2853205],[-97.7357248,30.2852668],[-97.7357302,30.285213],[-97.7357815,30.2847013],[-97.7357879,30.2846373],[-97.7358691,30.2846432],[-97.7358,30.2853273]]]},"properties":{"k":"area","u":"plaza","s":"concrete"}},{"type":"Feature","geometry":{"type":"Polygon","coordinates":[[[-97.7357248,30.2852668],[-97.7350669,30.2852161],[-97.7350942,30.2849549],[-97.7351309,30.2849552],[-97.7351683,30.2846014],[-97.7357879,30.2846373],[-97.7357815,30.2847013],[-97.7353074,30.2846689],[-97.7353091,30.2846444],[-97.7352117,30.2846368],[-97.7351759,30.2850048],[-97.7351383,30.285002],[-97.7351287,30.2851689],[-97.7357302,30.285213],[-97.7357248,30.2852668]]]},"properties":{"k":"area","u":"plaza","s":"paving"}},{"type":"Feature","geometry":{"type":"Polygon","coordinates":[[[-97.7369031,30.287465],[-97.7368875,30.2876376],[-97.7368852,30.2876638],[-97.7367811,30.2876568],[-97.7367772,30.2877001],[-97.7365106,30.2876821],[-97.736519,30.2875891],[-97.7365674,30.2875923],[-97.7365779,30.2874763],[-97.7365495,30.2874744],[-97.7365515,30.2874519],[-97.7365573,30.2873882],[-97.7366312,30.2873932],[-97.7368456,30.2874077],[-97.7368407,30.2874608],[-97.7369031,30.287465]]]},"properties":{"k":"area","u":"plaza","s":"paving"}},{"type":"Feature","geometry":{"type":"Polygon","coordinates":[[[-97.7377823,30.2815779],[-97.737794,30.2815789],[-97.7377945,30.2815735],[-97.7378169,30.2815751],[-97.7378351,30.2815764],[-97.7378732,30.2815792],[-97.7378728,30.2815854],[-97.7378833,30.2815866],[-97.737904,30.2813776],[-97.737858,30.281374],[-97.7378048,30.2813698],[-97.7377823,30.2815779]]]},"properties":{"k":"area","u":"plaza","s":"paving"}},{"type":"Feature","geometry":{"type":"Polygon","coordinates":[[[-97.7378913,30.2855003],[-97.7378953,30.285473],[-97.7379199,30.2854569],[-97.7379815,30.2854617],[-97.7380379,30.285468],[-97.7381264,30.2855428],[-97.7381217,30.2856043],[-97.7381172,30.2856647],[-97.7380124,30.2857294],[-97.7379592,30.2857268],[-97.7378885,30.285722],[-97.7378727,30.2857016],[-97.737872,30.285673],[-97.7376634,30.2856574],[-97.7372127,30.2856236],[-97.7363043,30.2855595],[-97.7361579,30.2855492],[-97.7354648,30.2855003],[-97.7354674,30.28547],[-97.7354786,30.2853377],[-97.7354812,30.2853055],[-97.7358445,30.2853352],[-97.7363721,30.2853784],[-97.7372283,30.2854485],[-97.7373781,30.2854603],[-97.7377532,30.2854909],[-97.7378913,30.2855003]]]},"properties":{"k":"area","u":"plaza","s":"paving","name":"East Mall"}},{"type":"Feature","geometry":{"type":"Polygon","coordinates":[[[-97.7415387,30.2857243],[-97.7416121,30.2858211],[-97.7416032,30.2859168],[-97.7415157,30.2859839],[-97.7415042,30.2860894],[-97.7413776,30.28608],[-97.7413805,30.2860509],[-97.7413096,30.2860456],[-97.7413137,30.286005],[-97.7413071,30.2860045],[-97.7413091,30.2859817],[-97.741201,30.2859735],[-97.7411972,30.2859963],[-97.7411784,30.2859949],[-97.7411757,30.286022],[-97.7408203,30.2859954],[-97.7407103,30.2859867],[-97.740716,30.2859365],[-97.7404266,30.2859144],[-97.74039,30.2859116],[-97.7403916,30.2858896],[-97.7403058,30.2858835],[-97.7403038,30.2859051],[-97.7402742,30.2859028],[-97.7400726,30.2858874],[-97.7399462,30.2858778],[-97.7399585,30.2857463],[-97.7400325,30.2856367],[-97.740072,30.2856232],[-97.7407462,30.2856774],[-97.7414024,30.2857285],[-97.7414147,30.285611],[-97.7415474,30.2856226],[-97.7415387,30.2857243]]]},"properties":{"k":"area","u":"plaza","s":"paving","name":"West Mall"}},{"type":"Feature","geometry":{"type":"Polygon","coordinates":[[[-97.7296919,30.2854506],[-97.7296442,30.2856131],[-97.729639,30.2856275],[-97.7296337,30.2856453],[-97.7294398,30.2862937],[-97.7292375,30.2862469],[-97.7291687,30.286231],[-97.7291477,30.2862261],[-97.7287984,30.2861453],[-97.7287649,30.2861376],[-97.7286862,30.2861194],[-97.7289293,30.2853274],[-97.7295833,30.2854761],[-97.729592,30.2854472],[-97.7295973,30.2854293],[-97.7296919,30.2854506]]]},"properties":{"k":"area","u":"plaza","s":"paving"}},{"type":"Feature","geometry":{"type":"Polygon","coordinates":[[[-97.7270168,30.2858384],[-97.7269112,30.2858142],[-97.726426,30.285703],[-97.7261053,30.2867465],[-97.7266961,30.2868819],[-97.7270168,30.2858384]]]},"properties":{"k":"area","u":"pitch","s":"grass","name":"Indoor Practice Facility"}},{"type":"Feature","geometry":{"type":"Polygon","coordinates":[[[-97.7259235,30.2855796],[-97.7256564,30.286405],[-97.7261388,30.2865153],[-97.7263943,30.2856813],[-97.7259235,30.2855796]]]},"properties":{"k":"area","u":"pitch","s":"grass"}},{"type":"Feature","geometry":{"type":"Polygon","coordinates":[[[-97.7273513,30.2845126],[-97.7268203,30.2843906],[-97.7265356,30.285353],[-97.727025,30.2854651],[-97.7273513,30.2845126]]]},"properties":{"k":"area","u":"pitch","s":"grass"}},{"type":"Feature","geometry":{"type":"Polygon","coordinates":[[[-97.7270803,30.2838628],[-97.7269458,30.2843128],[-97.7274479,30.2844247],[-97.7275824,30.2839746],[-97.7270803,30.2838628]]]},"properties":{"k":"area","u":"pitch","s":"grass"}},{"type":"Feature","geometry":{"type":"Polygon","coordinates":[[[-97.7381187,30.2774636],[-97.7381375,30.2774914],[-97.7382877,30.2775307],[-97.7382984,30.2774722],[-97.7383138,30.2774033],[-97.7383259,30.277364],[-97.7383614,30.2772667],[-97.7383567,30.2772603],[-97.7383058,30.2772464],[-97.7382971,30.277273],[-97.738285,30.2772945],[-97.7382629,30.2773304],[-97.7382441,30.2773622],[-97.738224,30.2773923],[-97.7381985,30.2774201],[-97.7381744,30.2774416],[-97.7381542,30.2774555],[-97.7381475,30.2774537],[-97.7381335,30.2774641],[-97.7381187,30.2774636]]]},"properties":{"k":"area","u":"lawn","s":"grass"}},{"type":"Feature","geometry":{"type":"Polygon","coordinates":[[[-97.7385626,30.2773176],[-97.7383802,30.2772684],[-97.7383722,30.2772968],[-97.7383869,30.2773049],[-97.7383795,30.2773275],[-97.7383621,30.2773223],[-97.738348,30.2773773],[-97.7383661,30.2773819],[-97.7383581,30.2774057],[-97.738342,30.2774022],[-97.7383138,30.27754],[-97.7384285,30.2775701],[-97.7384513,30.2775348],[-97.7384955,30.2774792],[-97.7385143,30.2774352],[-97.7385626,30.2773176]]]},"properties":{"k":"area","u":"lawn","s":"grass"}},{"type":"Feature","geometry":{"type":"Polygon","coordinates":[[[-97.7392298,30.2757721],[-97.7391768,30.2759174],[-97.7395798,30.2760309],[-97.7395897,30.2760036],[-97.7396043,30.2759633],[-97.7396315,30.2758879],[-97.7392298,30.2757721]]]},"properties":{"k":"area","u":"lawn","s":"grass"}},{"type":"Feature","geometry":{"type":"Polygon","coordinates":[[[-97.7390823,30.2759608],[-97.7391225,30.2759724],[-97.7391011,30.2760257],[-97.7390595,30.276013],[-97.7390823,30.2759608]]]},"properties":{"k":"area","u":"lawn","s":"grass"}},{"type":"Feature","geometry":{"type":"Polygon","coordinates":[[[-97.7395939,30.2764948],[-97.7394739,30.27646],[-97.7393874,30.2766963],[-97.7394089,30.2767021],[-97.7393948,30.2767403],[-97.7394444,30.2767542],[-97.7394578,30.2767189],[-97.7394907,30.2767281],[-97.7395007,30.2767032],[-97.7395135,30.2767067],[-97.7395939,30.2764948]]]},"properties":{"k":"area","u":"lawn","s":"grass"}},{"type":"Feature","geometry":{"type":"Polygon","coordinates":[[[-97.7391661,30.2760448],[-97.7391346,30.2761288],[-97.7392204,30.2761543],[-97.7392043,30.2761988],[-97.7393713,30.2762417],[-97.7394142,30.2762545],[-97.739363,30.2764053],[-97.7393371,30.2764618],[-97.7392982,30.2765591],[-97.7391815,30.2765301],[-97.7391708,30.2765637],[-97.7391923,30.2765718],[-97.7392305,30.2765938],[-97.7392519,30.2766065],[-97.739268,30.2766227],[-97.7392902,30.2766453],[-97.7393478,30.2767102],[-97.739494,30.2763106],[-97.7395329,30.2762075],[-97.7395222,30.2761896],[-97.7395356,30.2761496],[-97.7391661,30.2760448]]]},"properties":{"k":"area","u":"lawn","s":"grass"}},{"type":"Feature","geometry":{"type":"Polygon","coordinates":[[[-97.7394893,30.2764177],[-97.7395826,30.276446],[-97.739606,30.2764531],[-97.7396114,30.2764392],[-97.739613,30.276429],[-97.7396147,30.2764177],[-97.7396174,30.2763946],[-97.7396154,30.2763755],[-97.7396093,30.2763546],[-97.739602,30.2763372],[-97.7395772,30.2762869],[-97.7395329,30.2763013],[-97.7394893,30.2764177]]]},"properties":{"k":"area","u":"lawn","s":"grass"}},{"type":"Feature","geometry":{"type":"Polygon","coordinates":[[[-97.7397549,30.276837],[-97.7396415,30.2768046],[-97.7397388,30.2765353],[-97.7398554,30.2765689],[-97.7397549,30.276837]]]},"properties":{"k":"area","u":"lawn","s":"grass"}},{"type":"Feature","geometry":{"type":"Polygon","coordinates":[[[-97.7411798,30.2761821],[-97.7412247,30.2761954],[-97.7412334,30.2761705],[-97.741222,30.2761664],[-97.7412281,30.2761508],[-97.741218,30.2761479],[-97.7412441,30.2761154],[-97.7412696,30.2760958],[-97.7412971,30.2760199],[-97.7412931,30.276017],[-97.7413099,30.2759718],[-97.7413555,30.2759846],[-97.7413602,30.2759736],[-97.7412809,30.2759419],[-97.7412399,30.2760637],[-97.7411798,30.2761821]]]},"properties":{"k":"area","u":"lawn","s":"grass"}},{"type":"Feature","geometry":{"type":"Polygon","coordinates":[[[-97.7406139,30.2758671],[-97.7402089,30.2757547],[-97.7401566,30.2758925],[-97.7405602,30.276006],[-97.7406139,30.2758671]]]},"properties":{"k":"area","u":"lawn","s":"grass"}},{"type":"Feature","geometry":{"type":"Polygon","coordinates":[[[-97.7409484,30.2766575],[-97.7409833,30.276658],[-97.7410765,30.2764061],[-97.740589,30.2762706],[-97.7405092,30.2764774],[-97.7405656,30.276493],[-97.7405508,30.2765277],[-97.7406172,30.2765451],[-97.7406145,30.2765567],[-97.7409572,30.2766488],[-97.7409484,30.2766575]]]},"properties":{"k":"area","u":"lawn","s":"grass"}},{"type":"Feature","geometry":{"type":"Polygon","coordinates":[[[-97.7404985,30.2764137],[-97.7404509,30.2763998],[-97.7404375,30.2764339],[-97.7404859,30.2764478],[-97.7404985,30.2764137]]]},"properties":{"k":"area","u":"lawn","s":"grass"}},{"type":"Feature","geometry":{"type":"Polygon","coordinates":[[[-97.7406868,30.2757898],[-97.7407881,30.2758207],[-97.7407789,30.2758433],[-97.7407847,30.2758456],[-97.7407016,30.2760643],[-97.7409202,30.2761245],[-97.7411342,30.2761861],[-97.7411201,30.2762238],[-97.7408398,30.2761409],[-97.7405825,30.2760706],[-97.7406868,30.2757898]]]},"properties":{"k":"area","u":"lawn","s":"grass"}},{"type":"Feature","geometry":{"type":"Polygon","coordinates":[[[-97.7405039,30.2764003],[-97.7404546,30.2763867],[-97.7405065,30.2762481],[-97.7405548,30.276262],[-97.7405039,30.2764003]]]},"properties":{"k":"area","u":"lawn","s":"grass"}},{"type":"Feature","geometry":{"type":"Polygon","coordinates":[[[-97.7397723,30.2762996],[-97.7398005,30.2762973],[-97.7398286,30.2762886],[-97.7398548,30.2762729],[-97.7398715,30.2762573],[-97.7398802,30.2762411],[-97.739903,30.2761832],[-97.739958,30.2760396],[-97.7399171,30.2760292],[-97.7399104,30.2760541],[-97.7399144,30.2760709],[-97.7399144,30.2760894],[-97.7399044,30.2761033],[-97.7398896,30.2761143],[-97.7398802,30.2761328],[-97.7398796,30.2761467],[-97.7398829,30.2761635],[-97.7398782,30.2761797],[-97.7398648,30.2761925],[-97.7398521,30.2762087],[-97.739843,30.2762259],[-97.7398387,30.2762342],[-97.7398226,30.2762498],[-97.7398025,30.2762591],[-97.739773,30.2762643],[-97.7397549,30.2762643],[-97.7397414,30.2762585],[-97.739728,30.2762498],[-97.7397153,30.2762359],[-97.7397126,30.2762116],[-97.739716,30.2761948],[-97.7397186,30.2761803],[-97.7397166,30.2761647],[-97.7397106,30.2761473],[-97.739714,30.2761334],[-97.739724,30.2761189],[-97.7397374,30.2761079],[-97.7397475,30.276094],[-97.7397475,30.2760813],[-97.7397482,30.2760668],[-97.7397482,30.2760535],[-97.7397488,30.2760396],[-97.7397549,30.2760298],[-97.7397656,30.2760222],[-97.7397783,30.2760095],[-97.739787,30.2759933],[-97.7397468,30.2759805],[-97.7397193,30.2760535],[-97.739673,30.2761728],[-97.739669,30.2762],[-97.7396717,30.2762261],[-97.7396777,30.2762452],[-97.7396979,30.2762683],[-97.73972,30.2762857],[-97.7397421,30.2762944],[-97.7397609,30.2762984],[-97.7397723,30.2762996]]]},"properties":{"k":"area","u":"lawn","s":"grass"}},{"type":"Feature","geometry":{"type":"Polygon","coordinates":[[[-97.740129,30.2768352],[-97.7399144,30.2767727],[-97.7399701,30.2766274],[-97.739903,30.2766071],[-97.7399118,30.2765828],[-97.7398863,30.2765747],[-97.7397911,30.2768318],[-97.7398266,30.2768376],[-97.7398548,30.2768289],[-97.7398836,30.2768196],[-97.7399191,30.2768121],[-97.739958,30.2768109],[-97.7399835,30.2768144],[-97.7400271,30.276826],[-97.7401196,30.2768544],[-97.740129,30.2768352]]]},"properties":{"k":"area","u":"lawn","s":"grass"}},{"type":"Feature","geometry":{"type":"Polygon","coordinates":[[[-97.741393,30.276035],[-97.7413575,30.276024],[-97.7413494,30.2760425],[-97.7413374,30.2760384],[-97.7413199,30.276083],[-97.7413716,30.2760981],[-97.7413528,30.2761473],[-97.741448,30.2761716],[-97.7414547,30.2761531],[-97.7414286,30.2761456],[-97.7414326,30.2761369],[-97.7414064,30.2761299],[-97.7414185,30.2760964],[-97.7413763,30.2760842],[-97.741393,30.276035]]]},"properties":{"k":"area","u":"lawn","s":"grass"}},{"type":"Feature","geometry":{"type":"Polygon","coordinates":[[[-97.7412542,30.2762631],[-97.7416317,30.276372],[-97.7416673,30.2762735],[-97.7416351,30.2762637],[-97.741623,30.2762961],[-97.7415633,30.2762787],[-97.7415674,30.2762712],[-97.7414393,30.2762348],[-97.7414373,30.276244],[-97.7413763,30.2762272],[-97.7413903,30.2761948],[-97.7412938,30.2761664],[-97.7412542,30.2762631]]]},"properties":{"k":"area","u":"lawn","s":"grass"}},{"type":"Feature","geometry":{"type":"Polygon","coordinates":[[[-97.7399024,30.2765359],[-97.7399272,30.2765428],[-97.7399353,30.2765196],[-97.7400016,30.276537],[-97.7400579,30.2763911],[-97.7403818,30.2764808],[-97.7404174,30.2763917],[-97.7400117,30.2762799],[-97.7399949,30.2763291],[-97.7399721,30.2763413],[-97.7399024,30.2765359]]]},"properties":{"k":"area","u":"lawn","s":"grass"}},{"type":"Feature","geometry":{"type":"Polygon","coordinates":[[[-97.7414916,30.2756267],[-97.7414406,30.2757622],[-97.7414507,30.2757686],[-97.7414467,30.2757831],[-97.7414812,30.2757928],[-97.74151,30.2757163],[-97.7415555,30.2757291],[-97.741568,30.2756945],[-97.7415942,30.2757035],[-97.7415981,30.275693],[-97.7418065,30.2757515],[-97.7418026,30.2757619],[-97.7418309,30.2757692],[-97.7418187,30.2757999],[-97.7418302,30.2758033],[-97.741798,30.2758821],[-97.7418014,30.2758919],[-97.7417497,30.2760234],[-97.7417752,30.2760286],[-97.7417786,30.276013],[-97.7417725,30.2760089],[-97.7417846,30.2759707],[-97.741798,30.2759672],[-97.7418436,30.2758531],[-97.7418879,30.2757437],[-97.7418135,30.2756145],[-97.7417987,30.2756059],[-97.7417886,30.2756053],[-97.7417672,30.2756163],[-97.7417223,30.2756354],[-97.741686,30.2756505],[-97.7416572,30.2756574],[-97.7416244,30.2756603],[-97.7415868,30.2756574],[-97.7415365,30.2756418],[-97.7414916,30.2756267]]]},"properties":{"k":"area","u":"lawn","s":"grass"}},{"type":"Feature","geometry":{"type":"Polygon","coordinates":[[[-97.7400573,30.2761606],[-97.740463,30.2762735],[-97.7405153,30.2761323],[-97.7401082,30.2760188],[-97.7400573,30.2761606]]]},"properties":{"k":"area","u":"lawn","s":"grass"}},{"type":"Feature","geometry":{"type":"Polygon","coordinates":[[[-97.7408335,30.2758824],[-97.7409053,30.2759027],[-97.7408483,30.2760544],[-97.7407779,30.276033],[-97.7408335,30.2758824]]]},"properties":{"k":"area","u":"lawn","s":"grass"}},{"type":"Feature","geometry":{"type":"Polygon","coordinates":[[[-97.7398709,30.2765289],[-97.7397751,30.2765007],[-97.7397549,30.2764947],[-97.739765,30.2764724],[-97.739779,30.2764536],[-97.7398038,30.2764258],[-97.7398306,30.2764038],[-97.7398648,30.2763807],[-97.7398876,30.2763673],[-97.7399057,30.2764073],[-97.7399131,30.2764102],[-97.7398709,30.2765289]]]},"properties":{"k":"area","u":"lawn","s":"grass"}},{"type":"Feature","geometry":{"type":"Polygon","coordinates":[[[-97.7416076,30.2761954],[-97.7415989,30.2762151],[-97.7416767,30.2762388],[-97.7416901,30.2762012],[-97.7416827,30.2761989],[-97.7417055,30.2761415],[-97.7417135,30.276145],[-97.7417316,30.2760958],[-97.7417189,30.2760923],[-97.7417075,30.2761224],[-97.7417008,30.2761201],[-97.741684,30.2761676],[-97.7416773,30.276167],[-97.7416639,30.2762023],[-97.7416385,30.2761954],[-97.7416358,30.2762017],[-97.7416076,30.2761954]]]},"properties":{"k":"area","u":"lawn","s":"grass"}},{"type":"Feature","geometry":{"type":"Polygon","coordinates":[[[-97.7418316,30.2760274],[-97.7418222,30.2760257],[-97.7418175,30.2760419],[-97.7418396,30.2760483],[-97.7418577,30.2760008],[-97.7418678,30.2760037],[-97.7418798,30.2759736],[-97.7419174,30.27583],[-97.7419952,30.2756064],[-97.7419697,30.2756024],[-97.741969,30.275625],[-97.7419362,30.2756997],[-97.7419221,30.2757454],[-97.7418731,30.2759035],[-97.7418409,30.2759817],[-97.7418483,30.2759846],[-97.7418316,30.2760274]]]},"properties":{"k":"area","u":"lawn","s":"grass"}},{"type":"Feature","geometry":{"type":"Polygon","coordinates":[[[-97.7394768,30.2868128],[-97.7394863,30.2868025],[-97.7394903,30.2867919],[-97.7394883,30.2867792],[-97.7394766,30.2867645],[-97.7394603,30.2867558],[-97.7394449,30.2867512],[-97.7394296,30.2867515],[-97.7394176,30.2867558],[-97.7394112,30.2867648],[-97.7394112,30.2868313],[-97.7394059,30.2868547],[-97.7394039,30.2868694],[-97.7394055,30.2868858],[-97.7394095,30.2868959],[-97.7394176,30.2869042],[-97.7394266,30.2869089],[-97.7394656,30.2869227],[-97.739483,30.2869331],[-97.739494,30.2869374],[-97.7395037,30.2869382],[-97.7395133,30.2869371],[-97.7395173,30.2869333],[-97.7395317,30.2869391],[-97.7395299,30.2869496],[-97.7395329,30.2869577],[-97.7395382,30.2869651],[-97.7395482,30.2869718],[-97.7395599,30.2869761],[-97.7395906,30.286983],[-97.739606,30.2869879],[-97.73962,30.2869943],[-97.739634,30.2869986],[-97.73965,30.2870009],[-97.7396634,30.2869997],[-97.7396734,30.286995],[-97.7396767,30.2869914],[-97.7396929,30.2869945],[-97.739707,30.2870103],[-97.7397198,30.2870177],[-97.7397321,30.2870225],[-97.73975,30.2870248],[-97.7397938,30.2870246],[-97.739805,30.2870216],[-97.7398095,30.2870163],[-97.7398085,30.2870076],[-97.7398039,30.2870027],[-97.7397911,30.2870006],[-97.7397695,30.2870004],[-97.7397404,30.286996],[-97.7397177,30.2869868],[-97.739707,30.2869838],[-97.7396977,30.2869843],[-97.739695,30.2869891],[-97.7396771,30.2869852],[-97.7396713,30.2869793],[-97.7396416,30.286971],[-97.7396267,30.2869634],[-97.7396192,30.2869623],[-97.7396155,30.2869535],[-97.7396058,30.2869455],[-97.7395964,30.2869323],[-97.7395854,30.2869256],[-97.7395661,30.2869228],[-97.7395517,30.2869245],[-97.739543,30.2869274],[-97.739537,30.2869326],[-97.7395207,30.2869274],[-97.7395203,30.2869189],[-97.7395163,30.286913],[-97.7395073,30.2869064],[-97.7394778,30.2868935],[-97.7394646,30.286883],[-97.7394597,30.286871],[-97.7394593,30.2868592],[-97.7394616,30.2868468],[-97.7394768,30.2868128]]]},"properties":{"k":"area","u":"water","s":"water","name":"Turtle Pond"}},{"type":"Feature","geometry":{"type":"Polygon","coordinates":[[[-97.7357065,30.2812094],[-97.7355598,30.2811982],[-97.7355395,30.2813961],[-97.7356863,30.2814073],[-97.7357065,30.2812094]]]},"properties":{"k":"area","u":"pitch","s":"grass"}},{"type":"Feature","geometry":{"type":"Polygon","coordinates":[[[-97.7267147,30.2804534],[-97.7264954,30.2805252],[-97.7258981,30.2805105],[-97.7256887,30.2803732],[-97.7254901,30.2798764],[-97.7255173,30.2796621],[-97.7256311,30.279652],[-97.726161,30.2794698],[-97.7265618,30.2794134],[-97.7266557,30.2794713],[-97.7267162,30.2797848],[-97.7267147,30.2804534]]]},"properties":{"k":"area","u":"pitch","s":"grass","name":"UFCU Disch-Falk Field"}},{"type":"Feature","geometry":{"type":"Polygon","coordinates":[[[-97.7302635,30.2831214],[-97.7305471,30.282201],[-97.729861,30.2820433],[-97.7295774,30.2829637],[-97.7302635,30.2831214]]]},"properties":{"k":"area","u":"pitch","s":"grass"}},{"type":"Feature","geometry":{"type":"Polygon","coordinates":[[[-97.7327476,30.2841772],[-97.732848,30.2831908],[-97.7323417,30.2831524],[-97.7322414,30.2841388],[-97.7327476,30.2841772]]]},"properties":{"k":"area","u":"pitch","s":"grass","name":"Earl Campbell\u2013Ricky Williams Field"}},{"type":"Feature","geometry":{"type":"Polygon","coordinates":[[[-97.7394912,30.2952145],[-97.739427,30.2953144],[-97.7389652,30.2960327],[-97.7394198,30.296253],[-97.7395084,30.2962959],[-97.7394765,30.2964114],[-97.739464,30.2964565],[-97.7394038,30.2966128],[-97.7393643,30.296675],[-97.7393391,30.2966974],[-97.7392757,30.2967536],[-97.7391571,30.2967845],[-97.7390615,30.2968493],[-97.7389992,30.2969259],[-97.7389285,30.2970963],[-97.7389136,30.2972215],[-97.7388913,30.2974353],[-97.738828,30.2976406],[-97.7386584,30.2979263],[-97.7385248,30.2980685],[-97.7383141,30.2982531],[-97.7382008,30.2983875],[-97.7380563,30.2986149],[-97.7380525,30.2986429],[-97.7383861,30.2988264],[-97.7384112,30.2988201],[-97.7388085,30.2984666],[-97.73893,30.298345],[-97.739045,30.2981894],[-97.7391497,30.2979811],[-97.739159,30.2979627],[-97.739197,30.2978654],[-97.7392311,30.297696],[-97.7392372,30.2975382],[-97.7392691,30.2972404],[-97.739367,30.296953],[-97.7394635,30.2967893],[-97.7396002,30.2966036],[-97.7397187,30.2964138],[-97.7398177,30.2961834],[-97.7399249,30.2959694],[-97.7400386,30.295808],[-97.7401646,30.2956944],[-97.7402988,30.2956006],[-97.7403739,30.2955912],[-97.7407139,30.2957846],[-97.7408086,30.2955785],[-97.7410432,30.2955322],[-97.7413134,30.2957516],[-97.7417606,30.2950438],[-97.7417562,30.2949817],[-97.7413561,30.2947899],[-97.7411166,30.2951703],[-97.7405955,30.2949212],[-97.7405674,30.2949649],[-97.7397846,30.2946324],[-97.7400404,30.2941581],[-97.7400348,30.2940775],[-97.7400306,30.2940172],[-97.7391914,30.2936106],[-97.7390699,30.2938111],[-97.7387607,30.2943213],[-97.7392272,30.2947328],[-97.739101,30.2949589],[-97.7394473,30.2951307],[-97.7394779,30.2951439],[-97.7394529,30.295191],[-97.7394912,30.2952145]]]},"properties":{"k":"area","u":"park","s":"grass","name":"Adams-Hemphill Neighborhood Park"}},{"type":"Feature","geometry":{"type":"Polygon","coordinates":[[[-97.7319243,30.2903289],[-97.7316364,30.2904437],[-97.7314813,30.290154],[-97.7317692,30.2900391],[-97.7319243,30.2903289]]]},"properties":{"k":"area","u":"pitch","s":"grass"}},{"type":"Feature","geometry":{"type":"Polygon","coordinates":[[[-97.7317876,30.2916491],[-97.7310613,30.2912764],[-97.7307907,30.2916845],[-97.7301347,30.2913641],[-97.730412,30.290947],[-97.7302681,30.2908722],[-97.7301345,30.2908066],[-97.7302061,30.2907296],[-97.7302491,30.2906484],[-97.7304188,30.2904126],[-97.7307249,30.2903222],[-97.7308878,30.2901202],[-97.73071,30.2900366],[-97.7308804,30.2897789],[-97.7306882,30.2896793],[-97.7307716,30.289383],[-97.7310595,30.2894219],[-97.731333,30.289425],[-97.7313335,30.28959],[-97.7315029,30.2895862],[-97.7316294,30.2896704],[-97.7317396,30.2897214],[-97.7319,30.2897662],[-97.7320091,30.2897967],[-97.7322182,30.2898078],[-97.7324495,30.2897284],[-97.7326146,30.2896682],[-97.7327144,30.2895996],[-97.7329468,30.289417],[-97.7330172,30.2894495],[-97.7331073,30.2894912],[-97.7331911,30.2895299],[-97.7328815,30.290015],[-97.7326821,30.2903129],[-97.7317876,30.2916491]]]},"properties":{"k":"area","u":"park","s":"grass","name":"Eastwoods Neighborhood Park"}},{"type":"Feature","geometry":{"type":"Polygon","coordinates":[[[-97.7393997,30.2752952],[-97.7406979,30.2756577],[-97.7403926,30.2764812],[-97.739132,30.2761309],[-97.7391738,30.2760245],[-97.7391379,30.2760148],[-97.7393997,30.2752952]]]},"properties":{"k":"area","u":"garden","s":"grass","name":"Lady Bird Johnson Texas Capitol Flower Gardens"}},{"type":"Feature","geometry":{"type":"Polygon","coordinates":[[[-97.7392922,30.2946775],[-97.7390933,30.2945432],[-97.7391907,30.2944357],[-97.7393896,30.2945699],[-97.7392922,30.2946775]]]},"properties":{"k":"area","u":"pitch","s":"paving"}},{"type":"Feature","geometry":{"type":"Polygon","coordinates":[[[-97.7510213,30.2800807],[-97.7509757,30.2805463],[-97.7509726,30.2807525],[-97.7520428,30.2811718],[-97.7527744,30.2813681],[-97.7538003,30.2822436],[-97.7542509,30.2825632],[-97.754428,30.2831608],[-97.7545487,30.2836229],[-97.7545862,30.2837329],[-97.754896,30.2842182],[-97.7549644,30.2843571],[-97.7550234,30.2845598],[-97.7549698,30.2853137],[-97.7548739,30.2861562],[-97.7546814,30.2866895],[-97.7546251,30.2868968],[-97.7544179,30.2879542],[-97.7542576,30.2886604],[-97.7542355,30.2886981],[-97.7541805,30.2887514],[-97.7541376,30.2887792],[-97.7540934,30.2887954],[-97.7540558,30.2888029],[-97.7539834,30.2888046],[-97.753054,30.2885348],[-97.7529876,30.2885129],[-97.7529447,30.2884578],[-97.7529287,30.288389],[-97.7530754,30.2876894],[-97.7531345,30.2873945],[-97.7532277,30.2869118],[-97.7532579,30.2867879],[-97.7532914,30.2865981],[-97.7532981,30.2863726],[-97.7532636,30.2855378],[-97.7532345,30.2853404],[-97.7532049,30.2852205],[-97.7531412,30.285042],[-97.7527221,30.2842957],[-97.7524237,30.2837757],[-97.7523157,30.2836414],[-97.7515218,30.2828869],[-97.7514259,30.2827995],[-97.7511866,30.2825331],[-97.7510216,30.2822957],[-97.7508654,30.2819952],[-97.7507856,30.2818018],[-97.7507018,30.2814792],[-97.7506575,30.2812551],[-97.7506249,30.2810076],[-97.7505958,30.2807908],[-97.7505944,30.280587],[-97.7507031,30.2800577],[-97.7510213,30.2800807]]]},"properties":{"k":"area","u":"park","s":"grass","name":"Pease District Park"}},{"type":"Feature","geometry":{"type":"Polygon","coordinates":[[[-97.7468573,30.2783113],[-97.7468882,30.2782305],[-97.7468055,30.2782068],[-97.7467746,30.2782876],[-97.7468573,30.2783113]]]},"properties":{"k":"area","u":"garden","s":"grass"}},{"type":"Feature","geometry":{"type":"Polygon","coordinates":[[[-97.7503031,30.2791724],[-97.7497855,30.2791817],[-97.749756,30.2781787],[-97.7502736,30.2781671],[-97.7503031,30.2791724]]]},"properties":{"k":"area","u":"pitch","s":"grass","name":"House Park"}},{"type":"Feature","geometry":{"type":"Polygon","coordinates":[[[-97.7536499,30.2888411],[-97.7535428,30.2888125],[-97.7531147,30.2886983],[-97.7529507,30.2886545],[-97.7528624,30.2886456],[-97.75254,30.2893008],[-97.7522229,30.2898572],[-97.7511857,30.2911458],[-97.7507248,30.2915766],[-97.75051,30.2916767],[-97.7496638,30.2918543],[-97.747848,30.29218],[-97.7476731,30.2922517],[-97.747528,30.2923421],[-97.7473539,30.2924633],[-97.7472145,30.2926386],[-97.7471035,30.2929581],[-97.7471027,30.2931678],[-97.7471554,30.2933709],[-97.7477126,30.2942543],[-97.7483844,30.2952693],[-97.7487338,30.295808],[-97.7489061,30.2961694],[-97.7489963,30.2965283],[-97.7490229,30.2969562],[-97.7489844,30.2972995],[-97.7489045,30.2975726],[-97.7487588,30.2978672],[-97.748664,30.2980302],[-97.7486579,30.2981018],[-97.7486812,30.2982009],[-97.7487234,30.2982883],[-97.7489364,30.2985446],[-97.7492194,30.2989136],[-97.7493058,30.2990239],[-97.7493826,30.2989728],[-97.7496434,30.2988314],[-97.7499824,30.2988318],[-97.750311,30.2985621],[-97.7505122,30.2981946],[-97.7504736,30.2978698],[-97.7499468,30.2967176],[-97.7497751,30.2958359],[-97.7495434,30.2953844],[-97.7488827,30.2945195],[-97.7487294,30.2946383],[-97.7482378,30.2940677],[-97.7478921,30.2933882],[-97.7477216,30.2928468],[-97.7477986,30.2926853],[-97.7482881,30.2925761],[-97.7487886,30.2927471],[-97.7494213,30.2931014],[-97.7504001,30.2927708],[-97.7516926,30.2919112],[-97.75216,30.291029],[-97.7526001,30.2903081],[-97.7536499,30.2888411]]]},"properties":{"k":"area","u":"park","s":"grass","name":"Shoal Creek Greenbelt"}},{"type":"Feature","geometry":{"type":"Polygon","coordinates":[[[-97.7374406,30.2890252],[-97.7378148,30.2890491],[-97.7378245,30.2889356],[-97.7374503,30.2889117],[-97.7374406,30.2890252]]]},"properties":{"k":"area","u":"garden","s":"grass","name":"Garden patch"}},{"type":"Feature","geometry":{"type":"Polygon","coordinates":[[[-97.7398952,30.2816802],[-97.7398835,30.2816986],[-97.7398637,30.2817107],[-97.7398397,30.2817139],[-97.7398206,30.2817096],[-97.7398047,30.2816996],[-97.739794,30.2816852],[-97.7397901,30.2816685],[-97.7398222,30.2813589],[-97.7399335,30.2813665],[-97.7398952,30.2816802]]]},"properties":{"k":"area","u":"lawn","s":"grass"}},{"type":"Feature","geometry":{"type":"Polygon","coordinates":[[[-97.7397707,30.2829218],[-97.7396633,30.2829133],[-97.7396942,30.2826225],[-97.7398016,30.282631],[-97.7397707,30.2829218]]]},"properties":{"k":"area","u":"lawn","s":"grass"}},{"type":"Feature","geometry":{"type":"Polygon","coordinates":[[[-97.7397141,30.2835081],[-97.7397425,30.2832112],[-97.7396342,30.2832034],[-97.7396057,30.2835004],[-97.7397141,30.2835081]]]},"properties":{"k":"area","u":"lawn","s":"grass"}},{"type":"Feature","geometry":{"type":"Polygon","coordinates":[[[-97.7405236,30.2781897],[-97.7408224,30.2774097],[-97.7417968,30.2777034],[-97.741494,30.2784683],[-97.7405236,30.2781897]]]},"properties":{"k":"area","u":"construction","s":"dirt","name":"1500 Lavaca"}},{"type":"Feature","geometry":{"type":"Polygon","coordinates":[[[-97.7500283,30.277354],[-97.7489907,30.2770377],[-97.7488835,30.277005],[-97.748993,30.2767008],[-97.7498996,30.2769556],[-97.7500283,30.277354]]]},"properties":{"k":"area","u":"pitch","s":"concrete","name":"Heath Eiland and Morgan Moss BMX Skate Park"}},{"type":"Feature","geometry":{"type":"Polygon","coordinates":[[[-97.7521262,30.2815779],[-97.7521144,30.2815978],[-97.752106,30.2816216],[-97.7521123,30.2816536],[-97.7520712,30.2816387],[-97.7520271,30.2816401],[-97.7519981,30.2816416],[-97.7519647,30.2816333],[-97.7519304,30.2816091],[-97.7519184,30.2815903],[-97.7519084,30.2815645],[-97.7519111,30.2815441],[-97.751909,30.2815233],[-97.7518922,30.2815062],[-97.7518743,30.2814997],[-97.7518497,30.2814993],[-97.7518255,30.2815083],[-97.7518127,30.2815284],[-97.7517965,30.2815519],[-97.7517815,30.2815672],[-97.7517592,30.2815802],[-97.7517378,30.2815848],[-97.7517155,30.2815848],[-97.7516932,30.2815833],[-97.7516701,30.2815733],[-97.7516488,30.2815518],[-97.751637,30.281526],[-97.7516269,30.2814987],[-97.7516216,30.2814727],[-97.751621,30.2814456],[-97.7516239,30.2814285],[-97.7516311,30.2814156],[-97.7516416,30.2814043],[-97.7516677,30.2813902],[-97.7516982,30.2813876],[-97.7517166,30.2813905],[-97.7517438,30.2814053],[-97.7517624,30.2814312],[-97.75178,30.2814563],[-97.7518131,30.2814673],[-97.7518341,30.2814616],[-97.7518484,30.2814507],[-97.7518585,30.281434],[-97.7518586,30.2814123],[-97.7518467,30.2813855],[-97.7518281,30.2813667],[-97.751805,30.2813505],[-97.7518434,30.2813363],[-97.7518592,30.2813264],[-97.7518854,30.2813007],[-97.7519025,30.2812673],[-97.7519392,30.2813189],[-97.7519649,30.2813476],[-97.7519925,30.2813752],[-97.7520603,30.2814477],[-97.7520433,30.2814607],[-97.7520296,30.2814765],[-97.7520277,30.281496],[-97.7520306,30.281517],[-97.752047,30.2815428],[-97.7520733,30.2815609],[-97.7520974,30.281571],[-97.7521262,30.2815779]]]},"properties":{"k":"area","u":"playground","s":"sand"}},{"type":"Feature","geometry":{"type":"Polygon","coordinates":[[[-97.7399116,30.2891743],[-97.7399028,30.2892697],[-97.7395701,30.2892467],[-97.7395788,30.2891536],[-97.7394329,30.2891496],[-97.7394269,30.2889715],[-97.7394823,30.2883697],[-97.739576,30.2883762],[-97.739585,30.2882788],[-97.7396821,30.2882855],[-97.7396873,30.2882297],[-97.7400718,30.2882561],[-97.7400428,30.2883952],[-97.7400149,30.2886966],[-97.739988,30.2889866],[-97.7399116,30.2891743]]]},"properties":{"k":"area","u":"park","s":"grass","name":"Honors Quad"}},{"type":"Feature","geometry":{"type":"Polygon","coordinates":[[[-97.7261202,30.2817048],[-97.7273084,30.2816364],[-97.7272763,30.2813052],[-97.7272237,30.2813074],[-97.7271986,30.2808519],[-97.7260544,30.2809233],[-97.7260922,30.2813728],[-97.7261202,30.2817048]]]},"properties":{"k":"area","u":"lawn","s":"grass","name":"Texas Tennis Center"}},{"type":"Feature","geometry":{"type":"Polygon","coordinates":[[[-97.7393808,30.2867324],[-97.7393526,30.2870416],[-97.740078,30.2870954],[-97.7401067,30.2867893],[-97.7393808,30.2867324]]]},"properties":{"k":"area","u":"garden","s":"grass","name":"Memorial Garden"}},{"type":"Feature","geometry":{"type":"Polygon","coordinates":[[[-97.7303365,30.2817532],[-97.730324,30.281797],[-97.7302868,30.2817891],[-97.7302993,30.2817453],[-97.7303365,30.2817532]]]},"properties":{"k":"area","u":"water","s":"water"}},{"type":"Feature","geometry":{"type":"Polygon","coordinates":[[[-97.730324,30.281797],[-97.7303365,30.2817532],[-97.7303972,30.2817721],[-97.7304256,30.2817862],[-97.7304759,30.2818327],[-97.7305258,30.2819205],[-97.7304924,30.2818935],[-97.7304305,30.2818437],[-97.7303818,30.2818182],[-97.730324,30.281797]]]},"properties":{"k":"area","u":"track","s":"track"}},{"type":"Feature","geometry":{"type":"Polygon","coordinates":[[[-97.7302868,30.2817891],[-97.7302993,30.2817453],[-97.730251,30.2817345],[-97.7302048,30.2817321],[-97.730153,30.2817378],[-97.7300878,30.2817617],[-97.7299865,30.2818213],[-97.7300368,30.2818082],[-97.7300718,30.2817937],[-97.730109,30.2817841],[-97.7301691,30.2817771],[-97.7302377,30.2817793],[-97.7302868,30.2817891]]]},"properties":{"k":"area","u":"track","s":"track"}},{"type":"Feature","geometry":{"type":"Polygon","coordinates":[[[-97.7398257,30.2823565],[-97.7398141,30.282375],[-97.7397942,30.282387],[-97.7397702,30.2823903],[-97.7397512,30.2823859],[-97.7397352,30.2823759],[-97.7397246,30.2823616],[-97.7397207,30.2823449],[-97.7397581,30.2819731],[-97.7397663,30.2819565],[-97.7397812,30.2819437],[-97.7398004,30.2819366],[-97.7398214,30.2819363],[-97.7398445,30.2819448],[-97.7398608,30.2819614],[-97.7398668,30.2819824],[-97.7398257,30.2823565]]]},"properties":{"k":"area","u":"lawn","s":"grass"}},{"type":"Feature","geometry":{"type":"Polygon","coordinates":[[[-97.7424913,30.2896222],[-97.7423146,30.2896091],[-97.7423249,30.2895048],[-97.7425016,30.2895179],[-97.7424913,30.2896222]]]},"properties":{"k":"area","u":"pitch","s":"grass"}},{"type":"Feature","geometry":{"type":"Polygon","coordinates":[[[-97.7484921,30.2915117],[-97.7482621,30.291497],[-97.7482704,30.2914006],[-97.7485004,30.2914154],[-97.7484921,30.2915117]]]},"properties":{"k":"area","u":"pitch","s":"grass"}},{"type":"Feature","geometry":{"type":"Polygon","coordinates":[[[-97.7526926,30.2896762],[-97.7526731,30.2896383],[-97.7526559,30.2896019],[-97.7526841,30.2895642],[-97.7527728,30.289474],[-97.7528519,30.289393],[-97.7529717,30.2892531],[-97.75319,30.2889803],[-97.7533587,30.2887834],[-97.7534545,30.2885762],[-97.7535054,30.2884544],[-97.753592,30.2883156],[-97.753614,30.288213],[-97.7536548,30.2881402],[-97.753666,30.2880607],[-97.753668,30.2879463],[-97.753678,30.287849],[-97.7537421,30.2877812],[-97.7537448,30.2877027],[-97.753759,30.2876231],[-97.7538217,30.2875297],[-97.753776,30.2875293],[-97.7537782,30.2874668],[-97.7538303,30.2874002],[-97.7538479,30.2873185],[-97.7538478,30.2872362],[-97.7538614,30.2871875],[-97.7539052,30.2871435],[-97.7539212,30.2870622],[-97.7539365,30.2869014],[-97.7539569,30.2867454],[-97.7539832,30.2864442],[-97.7539648,30.2861893],[-97.7539614,30.2860543],[-97.7539566,30.2859028],[-97.7539435,30.2858957],[-97.7539496,30.2858649],[-97.7539281,30.2858389],[-97.7539064,30.2858177],[-97.7539174,30.2857789],[-97.7539057,30.2857442],[-97.7538936,30.2857132],[-97.7538945,30.2856878],[-97.7539059,30.285655],[-97.7539211,30.2856175],[-97.7539863,30.2855366],[-97.7540624,30.2854306],[-97.7541138,30.2853484],[-97.7541666,30.2852892],[-97.7542938,30.2851602],[-97.7543633,30.2850874],[-97.7544014,30.2850426],[-97.754422,30.2849893],[-97.7544794,30.2848992],[-97.7545211,30.2848276],[-97.7545495,30.2847187],[-97.7545584,30.2846509],[-97.7545276,30.2844842],[-97.7545086,30.2843929],[-97.7544537,30.2843269],[-97.7543623,30.2842749],[-97.7542122,30.2841806],[-97.754063,30.2841195],[-97.7538866,30.2840047],[-97.7537637,30.2839356],[-97.7537554,30.2839112],[-97.7534797,30.2837311],[-97.7533879,30.283644],[-97.7533068,30.2835676],[-97.7531679,30.2834793],[-97.7530468,30.2833907],[-97.7529314,30.2833042],[-97.7528447,30.2832483],[-97.7527774,30.2831935],[-97.752723,30.2831578],[-97.7526508,30.2831178],[-97.7525574,30.2830939],[-97.7523891,30.2829915],[-97.7522179,30.2829116],[-97.7520841,30.2828706],[-97.7519588,30.2827917],[-97.751747,30.2826625],[-97.7517238,30.2826422],[-97.7516627,30.2826321],[-97.7515966,30.2825623],[-97.7515709,30.2825253],[-97.7514036,30.2824091],[-97.751306,30.2823263],[-97.751205,30.2821685],[-97.7511577,30.2820987],[-97.7511089,30.2820051],[-97.7510865,30.2818922],[-97.7510527,30.2817595],[-97.7510048,30.2816005],[-97.750947,30.2813897],[-97.7509125,30.2812469],[-97.7508955,30.2810877],[-97.7508866,30.2809941],[-97.7508788,30.2809502],[-97.750869,30.2808952],[-97.7508555,30.2807447],[-97.7508455,30.2805811],[-97.7508629,30.2803763],[-97.7509065,30.2801955],[-97.7509309,30.2801253],[-97.7509434,30.2800892],[-97.750977,30.2798665],[-97.7510196,30.2796518],[-97.7510657,30.2794763],[-97.7511025,30.2792813],[-97.7511272,30.279152],[-97.7511383,30.2790939],[-97.7511368,30.2789544],[-97.7511389,30.2788062],[-97.7511413,30.2786533],[-97.7511335,30.2785118],[-97.7510749,30.2783317],[-97.7509776,30.2781859],[-97.7508682,30.27812],[-97.7507911,30.2780736],[-97.7507634,30.2780364],[-97.7507566,30.2780034],[-97.7507413,30.2779679],[-97.7507417,30.2779252],[-97.7506726,30.2777843],[-97.7506445,30.2776879],[-97.7505285,30.2775693],[-97.7505113,30.2775507],[-97.7504823,30.2775195],[-97.7504302,30.2774007],[-97.750424,30.2773346],[-97.7504244,30.2772567],[-97.7503309,30.277039],[-97.7502867,30.2769487],[-97.7502298,30.2767283],[-97.7502342,30.2766574],[-97.7502409,30.276618],[-97.7502733,30.2764291],[-97.750333,30.2763004],[-97.7504036,30.2762194],[-97.7505617,30.2761076],[-97.7507984,30.2759879],[-97.7509283,30.2758892],[-97.7510737,30.2757273],[-97.7511851,30.2756212],[-97.751311,30.2753788],[-97.7513512,30.2752936],[-97.7513541,30.2752349],[-97.7514182,30.2750847],[-97.7515083,30.2749206],[-97.751552,30.2748583],[-97.751704,30.2746703],[-97.7518467,30.2745165],[-97.7519546,30.274367],[-97.7520504,30.2742342],[-97.752104,30.2741581],[-97.7521296,30.2740858],[-97.7521419,30.2739911],[-97.7521147,30.2739246],[-97.7520235,30.2738682],[-97.7519049,30.2738251],[-97.7517802,30.2737411],[-97.7514783,30.2735202],[-97.7514458,30.2733746],[-97.7514392,30.273246],[-97.7513279,30.2732478],[-97.7514221,30.2734831],[-97.7514278,30.2734923],[-97.7515556,30.2736976],[-97.7516542,30.2738107],[-97.7518369,30.2738979],[-97.7519012,30.2739289],[-97.7519569,30.2739293],[-97.7520061,30.273968],[-97.7520371,30.2740075],[-97.7520469,30.2740513],[-97.7520554,30.2741236],[-97.7520236,30.2741705],[-97.7520054,30.2741974],[-97.7519222,30.2742996],[-97.7518272,30.2744619],[-97.7517212,30.2745779],[-97.751631,30.2746789],[-97.7514526,30.274889],[-97.7513757,30.2750103],[-97.7513403,30.2751589],[-97.7512986,30.2752574],[-97.7512698,30.2753598],[-97.7511368,30.2755908],[-97.7510291,30.275721],[-97.7508793,30.2758767],[-97.7507235,30.2759745],[-97.7505269,30.2760799],[-97.7503656,30.2762156],[-97.7502715,30.2763011],[-97.7501966,30.2763742],[-97.7501573,30.2766202],[-97.7501789,30.2767462],[-97.7502308,30.2769484],[-97.7502877,30.2771155],[-97.7503708,30.2773114],[-97.7503885,30.2774265],[-97.7504656,30.277586],[-97.7505567,30.2777239],[-97.7506498,30.2778456],[-97.7506946,30.2779861],[-97.7507426,30.2780984],[-97.7507751,30.278145],[-97.7508902,30.2782258],[-97.7509456,30.2782976],[-97.7509986,30.2783959],[-97.7510197,30.2784351],[-97.7510384,30.2784698],[-97.7510696,30.278614],[-97.7510783,30.2787605],[-97.7510386,30.2788566],[-97.7510264,30.2789242],[-97.7510295,30.2790761],[-97.7510105,30.2792403],[-97.7509928,30.2795048],[-97.7509347,30.2798014],[-97.7508705,30.280094],[-97.7508594,30.2801201],[-97.7508221,30.2802074],[-97.7507599,30.2803771],[-97.7507494,30.2806295],[-97.7507818,30.280917],[-97.750788,30.2809625],[-97.7508171,30.2811759],[-97.7508745,30.2814899],[-97.750983,30.2818107],[-97.751042,30.2820557],[-97.7511327,30.2822009],[-97.7512345,30.2823857],[-97.7513721,30.2825242],[-97.7515978,30.2826768],[-97.7517161,30.2827258],[-97.7519184,30.2828629],[-97.7521183,30.2829884],[-97.7522673,30.2830577],[-97.752468,30.2831335],[-97.7526106,30.2831895],[-97.7526682,30.2832609],[-97.7527775,30.2833308],[-97.7530217,30.2835188],[-97.7531374,30.2836112],[-97.7532923,30.283711],[-97.7533944,30.2837916],[-97.7535001,30.283839],[-97.7536074,30.2839326],[-97.7537889,30.2840062],[-97.7538925,30.2840398],[-97.7540405,30.2841319],[-97.754159,30.284187],[-97.7543151,30.2842628],[-97.7543652,30.2843077],[-97.7543847,30.2843753],[-97.7544249,30.2844581],[-97.7544437,30.2845019],[-97.7544571,30.2845398],[-97.7544572,30.284587],[-97.7544964,30.2846737],[-97.7545157,30.284729],[-97.7544957,30.284795],[-97.7544553,30.2848397],[-97.7543789,30.284877],[-97.7543115,30.2849508],[-97.7542643,30.2850063],[-97.7541403,30.2851878],[-97.7539743,30.2853923],[-97.7538852,30.2855743],[-97.7538425,30.2857297],[-97.7538338,30.2858896],[-97.7538373,30.2860297],[-97.753851,30.2862582],[-97.7538916,30.2863242],[-97.7538601,30.2866066],[-97.753811,30.2869591],[-97.7537792,30.2872454],[-97.7537695,30.2873488],[-97.7537288,30.2874877],[-97.7536807,30.2876404],[-97.7536162,30.2878612],[-97.7535397,30.2881151],[-97.7535674,30.2882005],[-97.7535503,30.2882635],[-97.7535238,30.2882824],[-97.7534833,30.2883493],[-97.7534692,30.2884059],[-97.7534539,30.2884376],[-97.7533904,30.2885618],[-97.7532469,30.2887754],[-97.7531873,30.2888341],[-97.753158,30.28888],[-97.7529986,30.2891108],[-97.7529345,30.2891514],[-97.7528687,30.2892335],[-97.7527674,30.2894055],[-97.7527078,30.2894879],[-97.7526538,30.2895488],[-97.7526219,30.2895699],[-97.7525862,30.2895848],[-97.7525235,30.2895791],[-97.7525907,30.2896426],[-97.7526926,30.2896762]]]},"properties":{"k":"area","u":"water","s":"water"}},{"type":"Feature","geometry":{"type":"Polygon","coordinates":[[[-97.7481989,30.2760232],[-97.7482129,30.2760256],[-97.7482716,30.2760265],[-97.7482781,30.2760246],[-97.7482813,30.2760196],[-97.7482818,30.2760129],[-97.7482763,30.2760073],[-97.7477444,30.2758582],[-97.7477128,30.2758531],[-97.7476624,30.2758526],[-97.7476442,30.2758529],[-97.7476403,30.2758671],[-97.7481989,30.2760232]]]},"properties":{"k":"area","u":"lawn","s":"grass"}},{"type":"Feature","geometry":{"type":"Polygon","coordinates":[[[-97.7414683,30.2765731],[-97.7414315,30.2765628],[-97.7413376,30.2768125],[-97.7413743,30.2768229],[-97.7414683,30.2765731]]]},"properties":{"k":"area","u":"water","s":"water"}},{"type":"Feature","geometry":{"type":"Polygon","coordinates":[[[-97.7413825,30.2766267],[-97.7413975,30.2765855],[-97.7413482,30.2765721],[-97.7413332,30.2766133],[-97.7413825,30.2766267]]]},"properties":{"k":"area","u":"lawn","s":"grass"}},{"type":"Feature","geometry":{"type":"Polygon","coordinates":[[[-97.7415851,30.2766842],[-97.7416005,30.2766436],[-97.7414898,30.2766123],[-97.7414744,30.2766529],[-97.7415851,30.2766842]]]},"properties":{"k":"area","u":"lawn","s":"grass"}},{"type":"Feature","geometry":{"type":"Polygon","coordinates":[[[-97.7415303,30.2768326],[-97.7415574,30.276761],[-97.7414467,30.2767298],[-97.7414196,30.2768014],[-97.7415303,30.2768326]]]},"properties":{"k":"area","u":"lawn","s":"grass"}},{"type":"Feature","geometry":{"type":"Polygon","coordinates":[[[-97.7413263,30.2767752],[-97.741352,30.276705],[-97.7413024,30.2766914],[-97.7412766,30.2767617],[-97.7413263,30.2767752]]]},"properties":{"k":"area","u":"lawn","s":"grass"}},{"type":"Feature","geometry":{"type":"Polygon","coordinates":[[[-97.7412534,30.276756],[-97.7412791,30.2766858],[-97.7412294,30.2766722],[-97.7412037,30.2767424],[-97.7412534,30.276756]]]},"properties":{"k":"area","u":"lawn","s":"grass"}},{"type":"Feature","geometry":{"type":"Polygon","coordinates":[[[-97.7416002,30.2768552],[-97.7416259,30.276785],[-97.7415763,30.2767714],[-97.7415505,30.2768416],[-97.7416002,30.2768552]]]},"properties":{"k":"area","u":"lawn","s":"grass"}},{"type":"Feature","geometry":{"type":"Polygon","coordinates":[[[-97.7493133,30.2793136],[-97.7484424,30.2790429],[-97.7486031,30.2786062],[-97.7487557,30.2781938],[-97.7484708,30.2781112],[-97.7486506,30.2776212],[-97.7480586,30.2774476],[-97.7480863,30.2773744],[-97.7487941,30.2775716],[-97.7489907,30.2770377],[-97.7488835,30.277005],[-97.7490028,30.2766813],[-97.7499192,30.2769348],[-97.7503399,30.2779615],[-97.7505161,30.2783277],[-97.7505567,30.2784925],[-97.7505831,30.2786698],[-97.750577,30.2788524],[-97.7505404,30.2791244],[-97.7505291,30.2792581],[-97.750488,30.2794335],[-97.7503943,30.2795434],[-97.7502381,30.2795982],[-97.7500905,30.2796296],[-97.7499816,30.2796296],[-97.7498479,30.2795913],[-97.7497442,30.279529],[-97.7496874,30.2794631],[-97.7493133,30.2793136]]]},"properties":{"k":"area","u":"park","s":"grass","name":"Austin Recreation Center"}},{"type":"Feature","geometry":{"type":"Polygon","coordinates":[[[-97.7388058,30.2795283],[-97.7388783,30.2793297],[-97.7389632,30.2791084],[-97.7390401,30.2789137],[-97.7391203,30.2789324],[-97.7391427,30.278862],[-97.7390441,30.2788335],[-97.7390587,30.2787922],[-97.739074,30.2787512],[-97.739749,30.2789391],[-97.7398344,30.2789633],[-97.7399789,30.2785728],[-97.7392306,30.2783626],[-97.7393876,30.2779506],[-97.7388724,30.2778022],[-97.7388549,30.2778522],[-97.7388503,30.2778641],[-97.7387755,30.2780592],[-97.7387991,30.278066],[-97.7387823,30.2781107],[-97.7386946,30.2783429],[-97.7386426,30.2784799],[-97.7386057,30.2785786],[-97.7385881,30.2786288],[-97.7386161,30.2786367],[-97.7386028,30.2786723],[-97.7385884,30.2787104],[-97.7385048,30.2786869],[-97.7381208,30.27858],[-97.7381099,30.2786123],[-97.7382241,30.2788117],[-97.7384324,30.278873],[-97.7382968,30.2792435],[-97.7380271,30.279353],[-97.7379411,30.2795825],[-97.7380735,30.2796192],[-97.7381612,30.2796431],[-97.7381308,30.2797245],[-97.7380748,30.2798748],[-97.7379878,30.27985],[-97.73798,30.2798478],[-97.7378735,30.2798196],[-97.7377846,30.2797944],[-97.7377822,30.2798034],[-97.7377812,30.2798124],[-97.7377826,30.2798234],[-97.7377847,30.2798341],[-97.7377901,30.2798537],[-97.7377994,30.2798733],[-97.7378178,30.2799095],[-97.7378212,30.2799262],[-97.7378222,30.2799428],[-97.7378166,30.2799705],[-97.7378314,30.2799749],[-97.7378217,30.2799946],[-97.7378129,30.2800162],[-97.7378093,30.280045],[-97.7378105,30.2800765],[-97.7378084,30.280093],[-97.7378041,30.2801095],[-97.7377952,30.2801252],[-97.7377821,30.2801403],[-97.7377747,30.280151],[-97.7377691,30.2801631],[-97.7377622,30.2801823],[-97.7377565,30.2802021],[-97.7377523,30.280242],[-97.7377533,30.2802922],[-97.7376804,30.2802712],[-97.7376592,30.280328],[-97.7376478,30.2803585],[-97.7376424,30.2803737],[-97.7376292,30.280411],[-97.7386956,30.2807123],[-97.7387195,30.2806394],[-97.7387386,30.2805886],[-97.7387424,30.2805786],[-97.7387509,30.2805807],[-97.7388051,30.2804239],[-97.7387762,30.2804142],[-97.7387384,30.2803873],[-97.7387124,30.2803513],[-97.738701,30.2803102],[-97.7387052,30.280268],[-97.7387246,30.2802291],[-97.7387573,30.2801975],[-97.7387999,30.2801765],[-97.7388007,30.2801473],[-97.7387943,30.2801194],[-97.7387742,30.2800755],[-97.7387445,30.2800341],[-97.7387072,30.2800204],[-97.7387265,30.2799698],[-97.7387624,30.2798757],[-97.7387742,30.2798449],[-97.7388897,30.2795522],[-97.7388058,30.2795283]]]},"properties":{"k":"area","u":"park","s":"grass","name":"Capitol Mall"}},{"type":"Feature","geometry":{"type":"Polygon","coordinates":[[[-97.7345056,30.2776985],[-97.7344903,30.2776916],[-97.7345313,30.2775865],[-97.7345532,30.2775995],[-97.7345547,30.2776393],[-97.7345056,30.2776985]]]},"properties":{"k":"area","u":"lawn","s":"grass"}},{"type":"Feature","geometry":{"type":"Polygon","coordinates":[[[-97.7346168,30.2774843],[-97.7345693,30.2774838],[-97.7346213,30.277349],[-97.7346422,30.2773492],[-97.7346168,30.2774843]]]},"properties":{"k":"area","u":"lawn","s":"grass"}},{"type":"Feature","geometry":{"type":"Polygon","coordinates":[[[-97.7354595,30.2759368],[-97.7354406,30.2759687],[-97.735423,30.2759891],[-97.7353838,30.2760047],[-97.7353341,30.2760134],[-97.735287,30.2760313],[-97.7352497,30.2760588],[-97.7352263,30.2760842],[-97.7351434,30.2760627],[-97.734692,30.277284],[-97.7346284,30.2772677],[-97.7345338,30.2775268],[-97.7344714,30.2775091],[-97.7344723,30.2775017],[-97.7344938,30.2774387],[-97.7345593,30.2772977],[-97.7346801,30.2770887],[-97.7347465,30.2769441],[-97.7347725,30.2768121],[-97.7348103,30.2766813],[-97.7348205,30.2765261],[-97.7348489,30.2763731],[-97.7349437,30.2761522],[-97.7349953,30.2760809],[-97.7351275,30.2759568],[-97.7352528,30.2759033],[-97.7352707,30.2758852],[-97.7354595,30.2759368]]]},"properties":{"k":"area","u":"scrub","s":"grass"}},{"type":"Feature","geometry":{"type":"Polygon","coordinates":[[[-97.734309,30.2880118],[-97.7342569,30.2880471],[-97.7342047,30.2880208],[-97.7341446,30.2879175],[-97.7340805,30.2878036],[-97.7340437,30.2875981],[-97.7340305,30.2874332],[-97.7340253,30.2872958],[-97.7340418,30.287211],[-97.7340309,30.2869763],[-97.7340142,30.2867916],[-97.7339814,30.2866494],[-97.7339097,30.2864128],[-97.7338716,30.2863028],[-97.7337568,30.2860951],[-97.7337557,30.286036],[-97.7337785,30.2859041],[-97.7338484,30.2857328],[-97.7338913,30.2856876],[-97.7339285,30.2856479],[-97.7339516,30.2855103],[-97.7339974,30.285403],[-97.7340393,30.2851831],[-97.7340954,30.2851033],[-97.734268,30.2849736],[-97.7343476,30.2849084],[-97.7344479,30.2848555],[-97.7345394,30.2848103],[-97.7346112,30.2847782],[-97.7346881,30.2847097],[-97.734772,30.2846556],[-97.7348892,30.2845522],[-97.7349494,30.2844751],[-97.7349875,30.2843976],[-97.735,30.2843088],[-97.7349696,30.2841922],[-97.7349344,30.2841083],[-97.7348902,30.2840415],[-97.7347508,30.2838441],[-97.734674,30.2837422],[-97.7345879,30.2836269],[-97.7345597,30.2835585],[-97.7344121,30.2833489],[-97.7343501,30.28327],[-97.7342865,30.2831268],[-97.7342217,30.2830094],[-97.734142,30.2828754],[-97.7340477,30.2827141],[-97.7339834,30.2826201],[-97.7338978,30.2824869],[-97.7337441,30.2822503],[-97.7336788,30.2821501],[-97.7336036,30.282061],[-97.7335566,30.2819549],[-97.7335143,30.2818786],[-97.7334719,30.281767],[-97.7334753,30.2816018],[-97.73353,30.2815341],[-97.7335577,30.2814003],[-97.7335728,30.2813072],[-97.7336636,30.281185],[-97.7337064,30.2810677],[-97.7337574,30.2809732],[-97.7338903,30.2808169],[-97.7340341,30.2806921],[-97.7341725,30.2806064],[-97.7342927,30.2805666],[-97.7343392,30.2805617],[-97.7344405,30.2805188],[-97.7345113,30.280491],[-97.7345794,30.2804677],[-97.7347744,30.2804168],[-97.7348638,30.2803934],[-97.7349795,30.2803458],[-97.7350689,30.2802848],[-97.7350916,30.2802534],[-97.7351195,30.2801616],[-97.7351705,30.2800954],[-97.7351976,30.2800358],[-97.7352209,30.2799864],[-97.7352398,30.2799497],[-97.7352579,30.2798958],[-97.735278,30.2798555],[-97.7352918,30.2798133],[-97.7353013,30.2797775],[-97.73531,30.2797355],[-97.7353136,30.2797183],[-97.7353319,30.2795771],[-97.7353512,30.2794732],[-97.7353527,30.2794007],[-97.7353396,30.2793579],[-97.7353364,30.2793226],[-97.735338,30.2792789],[-97.7353458,30.2792526],[-97.7353619,30.2791982],[-97.7353463,30.279153],[-97.7352487,30.2790968],[-97.7351796,30.2790634],[-97.7351567,30.2790388],[-97.7351051,30.2790204],[-97.7350468,30.2790148],[-97.7350162,30.2790044],[-97.7348864,30.2789854],[-97.7348444,30.2789834],[-97.734627,30.2789284],[-97.7344044,30.2788681],[-97.734223,30.2788279],[-97.7340439,30.2787768],[-97.7339182,30.2787237],[-97.7338514,30.2786557],[-97.7337943,30.2785829],[-97.7337881,30.2784973],[-97.7337715,30.2784136],[-97.733755,30.2783616],[-97.7337865,30.2782519],[-97.7337993,30.2781781],[-97.7338248,30.2780746],[-97.7338561,30.2779645],[-97.7339378,30.2778539],[-97.7340133,30.2777685],[-97.7340557,30.2777262],[-97.7340945,30.2776851],[-97.7341262,30.2776475],[-97.7341704,30.2776105],[-97.7342419,30.2775502],[-97.7342871,30.2775095],[-97.7343368,30.2774407],[-97.7343858,30.2773727],[-97.7344367,30.2772888],[-97.7345291,30.2771298],[-97.7346073,30.2770158],[-97.7346408,30.2769372],[-97.7346856,30.2768366],[-97.7347021,30.2767432],[-97.7346802,30.276697],[-97.7347175,30.2766268],[-97.7347512,30.2765289],[-97.7347512,30.2764447],[-97.7347746,30.276391],[-97.7347824,30.2763078],[-97.7347815,30.2762411],[-97.7347767,30.2761913],[-97.7348084,30.276143],[-97.7348358,30.2761038],[-97.7349169,30.2760297],[-97.7349998,30.2759352],[-97.7350589,30.275891],[-97.7350813,30.2758727],[-97.7351365,30.2758374],[-97.7352261,30.2757263],[-97.7353179,30.2755918],[-97.735355,30.2755461],[-97.7353986,30.2754679],[-97.7354321,30.2753947],[-97.7354318,30.2754943],[-97.7354063,30.2755839],[-97.7354152,30.2756189],[-97.7354247,30.2756077],[-97.735469,30.2755012],[-97.7354707,30.2755439],[-97.7354675,30.2755981],[-97.7354527,30.2756274],[-97.7353765,30.2757381],[-97.7352792,30.2758283],[-97.7351656,30.2759054],[-97.7350925,30.2759319],[-97.7350211,30.2759986],[-97.7349485,30.2760801],[-97.7348934,30.276124],[-97.734849,30.2761598],[-97.7348374,30.2762086],[-97.7348234,30.2762645],[-97.734838,30.2763333],[-97.7348327,30.276407],[-97.7348101,30.2765119],[-97.7348018,30.2765864],[-97.734793,30.2766806],[-97.7347698,30.2767645],[-97.7347445,30.2768702],[-97.7347119,30.2769681],[-97.7346593,30.2770757],[-97.7346131,30.2771522],[-97.7345507,30.2772665],[-97.73449,30.2773596],[-97.7344181,30.2774704],[-97.7343628,30.2775216],[-97.7343015,30.2775783],[-97.7341983,30.2776607],[-97.7341325,30.2777365],[-97.7340229,30.2778398],[-97.7339458,30.2779375],[-97.7339125,30.2780181],[-97.7338898,30.2780784],[-97.7338865,30.2781481],[-97.7338728,30.278212],[-97.7338717,30.2782549],[-97.7338682,30.2782926],[-97.7338582,30.278399],[-97.733882,30.2784981],[-97.7339277,30.2786009],[-97.733995,30.2786665],[-97.734109,30.2787101],[-97.7342237,30.2787421],[-97.7343408,30.2787589],[-97.7344496,30.2787736],[-97.7345295,30.2787992],[-97.7346051,30.2787947],[-97.7347027,30.2787995],[-97.7347783,30.278828],[-97.7349664,30.2788867],[-97.7349825,30.2789162],[-97.735141,30.2789795],[-97.7351959,30.2790113],[-97.7352366,30.2790388],[-97.7352891,30.2790711],[-97.7353752,30.2791082],[-97.7354005,30.2791474],[-97.7354142,30.2791846],[-97.735419,30.2792222],[-97.7354232,30.2792554],[-97.7354236,30.2793111],[-97.735422,30.2793871],[-97.7354348,30.2794334],[-97.7354243,30.279479],[-97.7354094,30.2795474],[-97.7354059,30.2796157],[-97.735382,30.279683],[-97.7353805,30.2797247],[-97.7353723,30.2797518],[-97.7353555,30.2798078],[-97.7353296,30.2798878],[-97.735306,30.2799119],[-97.7352811,30.279974],[-97.7352811,30.2800142],[-97.7352435,30.2800824],[-97.7352203,30.2801134],[-97.7351884,30.2801698],[-97.7351552,30.280198],[-97.7351307,30.2802521],[-97.735098,30.2803076],[-97.7350447,30.2803538],[-97.7350193,30.2803832],[-97.7349897,30.2803834],[-97.7349215,30.2804189],[-97.7348734,30.2804445],[-97.7347992,30.280458],[-97.734729,30.2804903],[-97.7346412,30.2805284],[-97.7346027,30.2805422],[-97.7345625,30.280548],[-97.7344998,30.28056],[-97.734471,30.2805851],[-97.7344135,30.2806163],[-97.7343588,30.2806324],[-97.7342553,30.2806777],[-97.7342133,30.2807124],[-97.7341638,30.2807206],[-97.7340916,30.2807631],[-97.734024,30.2808218],[-97.7339549,30.2808817],[-97.7339221,30.2809402],[-97.7338582,30.2810141],[-97.7338097,30.2810963],[-97.7337865,30.2811732],[-97.7337277,30.2812513],[-97.7337102,30.2813041],[-97.7336688,30.2813528],[-97.7336256,30.2814016],[-97.7336082,30.2814407],[-97.7335971,30.2814985],[-97.7335232,30.2816417],[-97.7335378,30.2817372],[-97.7335834,30.2818615],[-97.7336344,30.2819754],[-97.7336917,30.2820406],[-97.7337288,30.2821426],[-97.7337736,30.2822046],[-97.7338209,30.2822784],[-97.7338669,30.2823425],[-97.7339308,30.2824506],[-97.734005,30.282586],[-97.7340582,30.282686],[-97.7341001,30.282744],[-97.734153,30.2828076],[-97.7342054,30.2828849],[-97.7342635,30.2829802],[-97.7342956,30.2830393],[-97.7343129,30.2830932],[-97.7344039,30.2832308],[-97.7344425,30.2832908],[-97.7344528,30.2833235],[-97.7344927,30.2833844],[-97.7345425,30.2834639],[-97.734608,30.2835524],[-97.7346652,30.2836308],[-97.7347436,30.2837383],[-97.7347943,30.2838165],[-97.734852,30.2838936],[-97.7349178,30.2839941],[-97.7349547,30.2840507],[-97.7349773,30.2840971],[-97.7350238,30.2842144],[-97.7350191,30.2842858],[-97.7350336,30.284325],[-97.7350279,30.2844258],[-97.7350191,30.2844814],[-97.7349465,30.2845903],[-97.7348789,30.2846559],[-97.7348117,30.2847162],[-97.7346977,30.2848043],[-97.7346392,30.2848637],[-97.7345912,30.2848933],[-97.7344336,30.2849729],[-97.7343466,30.2850205],[-97.7342866,30.2850822],[-97.734186,30.285135],[-97.7341306,30.2851731],[-97.7340811,30.2852696],[-97.7340487,30.2853884],[-97.7340277,30.2854572],[-97.7340081,30.2855198],[-97.7339985,30.285657],[-97.7339566,30.2857453],[-97.7339247,30.2857904],[-97.7338568,30.2859152],[-97.7338426,30.2860237],[-97.7338935,30.2861726],[-97.7339289,30.2862676],[-97.7339989,30.2864855],[-97.7340212,30.2865922],[-97.7340394,30.2867363],[-97.7340603,30.2868746],[-97.7340806,30.2869899],[-97.7340891,30.2871782],[-97.7340803,30.2872485],[-97.73408,30.2873062],[-97.7340916,30.2873974],[-97.7341096,30.2874913],[-97.7341277,30.2876064],[-97.7341581,30.2876896],[-97.7341729,30.2878041],[-97.7342071,30.2878403],[-97.734309,30.2880118]]]},"properties":{"k":"area","u":"water","s":"water"}},{"type":"Feature","geometry":{"type":"Polygon","coordinates":[[[-97.7479954,30.2762178],[-97.7480141,30.2761698],[-97.7478148,30.2761118],[-97.747796,30.2761599],[-97.7479954,30.2762178]]]},"properties":{"k":"area","u":"lawn","s":"grass"}},{"type":"Feature","geometry":{"type":"Polygon","coordinates":[[[-97.7476412,30.2761189],[-97.74768,30.2760138],[-97.747597,30.2759615],[-97.7475303,30.2759424],[-97.7475078,30.2760047],[-97.7475536,30.2760187],[-97.7475287,30.2760867],[-97.7476412,30.2761189]]]},"properties":{"k":"area","u":"lawn","s":"grass"}},{"type":"Feature","geometry":{"type":"Polygon","coordinates":[[[-97.7474908,30.2760795],[-97.7475057,30.2760387],[-97.747477,30.2760308],[-97.7474828,30.2760149],[-97.7474118,30.2759955],[-97.747391,30.2760524],[-97.7474908,30.2760795]]]},"properties":{"k":"area","u":"lawn","s":"grass"}},{"type":"Feature","geometry":{"type":"Polygon","coordinates":[[[-97.7473069,30.2762282],[-97.747259,30.2762156],[-97.7473299,30.2760154],[-97.7473778,30.276028],[-97.7473069,30.2762282]]]},"properties":{"k":"area","u":"lawn","s":"grass"}},{"type":"Feature","geometry":{"type":"Polygon","coordinates":[[[-97.7474228,30.2762596],[-97.7473551,30.2761473],[-97.7473734,30.276094],[-97.7474762,30.2761193],[-97.7474228,30.2762596]]]},"properties":{"k":"area","u":"lawn","s":"grass"}},{"type":"Feature","geometry":{"type":"Polygon","coordinates":[[[-97.747387,30.2763533],[-97.7472885,30.2763227],[-97.7473446,30.2761729],[-97.7474118,30.2762853],[-97.747387,30.2763533]]]},"properties":{"k":"area","u":"lawn","s":"grass"}},{"type":"Feature","geometry":{"type":"Polygon","coordinates":[[[-97.7472498,30.2763795],[-97.7472056,30.2763679],[-97.7472545,30.276229],[-97.7472988,30.2762406],[-97.7472498,30.2763795]]]},"properties":{"k":"area","u":"lawn","s":"grass"}},{"type":"Feature","geometry":{"type":"Polygon","coordinates":[[[-97.7472301,30.2764245],[-97.7471882,30.276415],[-97.747031,30.2768322],[-97.7470438,30.2768444],[-97.7470761,30.2768532],[-97.7472301,30.2764245]]]},"properties":{"k":"area","u":"lawn","s":"grass"}},{"type":"Feature","geometry":{"type":"Polygon","coordinates":[[[-97.7476065,30.2761865],[-97.7476194,30.2761517],[-97.7474957,30.2761175],[-97.7474058,30.2763559],[-97.7474316,30.2763612],[-97.7474822,30.2762322],[-97.7474617,30.2762254],[-97.7474889,30.2761554],[-97.7476065,30.2761865]]]},"properties":{"k":"area","u":"lawn","s":"grass"}},{"type":"Feature","geometry":{"type":"Polygon","coordinates":[[[-97.7470489,30.2769226],[-97.7470006,30.2769094],[-97.7470207,30.2768584],[-97.747036,30.2768568],[-97.7470709,30.2768671],[-97.7470489,30.2769226]]]},"properties":{"k":"area","u":"lawn","s":"grass"}},{"type":"Feature","geometry":{"type":"Polygon","coordinates":[[[-97.7397914,30.2952737],[-97.739738,30.2952918],[-97.7397027,30.2952391],[-97.7396511,30.2951772],[-97.7394791,30.2950634],[-97.739266,30.2949204],[-97.7391536,30.2948219],[-97.7390474,30.2947484],[-97.7389228,30.2946149],[-97.7387597,30.2944616],[-97.738667,30.2943318],[-97.7386124,30.2941781],[-97.7385776,30.2940383],[-97.7384716,30.2937601],[-97.7384428,30.2936148],[-97.7383857,30.2934627],[-97.7382672,30.2933543],[-97.738146,30.2932569],[-97.7378761,30.2931016],[-97.7376241,30.2929874],[-97.737521,30.2929369],[-97.737362,30.2928762],[-97.7372114,30.2928691],[-97.7370948,30.2928661],[-97.7370025,30.2929116],[-97.7368931,30.2930268],[-97.7368095,30.2930621],[-97.7367327,30.2930506],[-97.7366643,30.2929839],[-97.7366097,30.2929207],[-97.736568,30.2928446],[-97.7365873,30.2927722],[-97.7365944,30.2927043],[-97.7365631,30.2926476],[-97.7365022,30.2925991],[-97.7363545,30.2924777],[-97.7361847,30.2924078],[-97.7361225,30.2923704],[-97.7360335,30.2920991],[-97.7357316,30.2917607],[-97.7354774,30.2915723],[-97.7352715,30.2913601],[-97.7351742,30.2912399],[-97.7350713,30.2911166],[-97.7349548,30.2909578],[-97.7349839,30.2908147],[-97.7349333,30.2907798],[-97.7348459,30.290753],[-97.7347733,30.2907292],[-97.7347377,30.2906398],[-97.734774,30.2905205],[-97.7347581,30.2901957],[-97.7346903,30.290087],[-97.7347056,30.2899409],[-97.7347115,30.2898379],[-97.7347361,30.2897445],[-97.7347626,30.2895874],[-97.7347909,30.2895041],[-97.7348154,30.2891693],[-97.7347927,30.2890599],[-97.7347433,30.2888035],[-97.7346733,30.2886338],[-97.7346273,30.288524],[-97.7345579,30.288386],[-97.7344244,30.2882109],[-97.7343528,30.2881285],[-97.7342972,30.2881038],[-97.7342569,30.2880471],[-97.734309,30.2880118],[-97.7344996,30.2882091],[-97.7345942,30.2883443],[-97.7346796,30.2885096],[-97.7347588,30.2886964],[-97.7348083,30.2888457],[-97.7348459,30.2890006],[-97.734864,30.289122],[-97.7348628,30.2891802],[-97.7348317,30.2895014],[-97.7348016,30.2896724],[-97.7347932,30.2898409],[-97.7347654,30.2899842],[-97.7347646,30.2901013],[-97.7348005,30.290199],[-97.7348295,30.2902675],[-97.7348353,30.290486],[-97.7348243,30.2906245],[-97.7348395,30.2906817],[-97.7349788,30.2907425],[-97.7350671,30.2908195],[-97.7350644,30.2908741],[-97.7350329,30.2909698],[-97.735144,30.2911435],[-97.7352442,30.2912754],[-97.7354039,30.2914195],[-97.735542,30.2915272],[-97.7356451,30.2916234],[-97.7358162,30.2917603],[-97.7359353,30.291871],[-97.7360496,30.2920222],[-97.7361275,30.292227],[-97.736185,30.2922951],[-97.7362043,30.2923401],[-97.7364349,30.2924855],[-97.7364776,30.2925172],[-97.7366228,30.2926654],[-97.7366429,30.2927463],[-97.7366312,30.292807],[-97.7366504,30.2928725],[-97.7367037,30.29295],[-97.7367674,30.293001],[-97.7368072,30.2930103],[-97.7368487,30.2930097],[-97.7369032,30.2929605],[-97.7370432,30.2928455],[-97.7370876,30.2928229],[-97.7371671,30.2928212],[-97.737296,30.2928371],[-97.73738,30.2928384],[-97.7376174,30.2929034],[-97.7378777,30.2930351],[-97.738186,30.2932294],[-97.7383072,30.2933184],[-97.7384306,30.2934469],[-97.7385148,30.2936565],[-97.7385444,30.2937809],[-97.7385911,30.293869],[-97.738598,30.2939389],[-97.7386872,30.294247],[-97.7387607,30.2943942],[-97.7388453,30.2944764],[-97.7390237,30.2946627],[-97.7391293,30.2947605],[-97.7393244,30.2948866],[-97.73952,30.2950156],[-97.739701,30.2951417],[-97.7397713,30.295222],[-97.7397914,30.2952737]]]},"properties":{"k":"area","u":"water","s":"water"}},{"type":"Feature","geometry":{"type":"Polygon","coordinates":[[[-97.7520474,30.2881963],[-97.7520298,30.2879805],[-97.7519148,30.2879875],[-97.7519324,30.2882033],[-97.7520474,30.2881963]]]},"properties":{"k":"area","u":"pitch","s":"grass"}},{"type":"Feature","geometry":{"type":"Polygon","coordinates":[[[-97.7518984,30.2882054],[-97.7518807,30.2879896],[-97.7517657,30.2879966],[-97.7517833,30.2882124],[-97.7518984,30.2882054]]]},"properties":{"k":"area","u":"pitch","s":"grass"}},{"type":"Feature","geometry":{"type":"Polygon","coordinates":[[[-97.7342528,30.2783987],[-97.7342624,30.2783749],[-97.7342687,30.2783512],[-97.7342632,30.278325],[-97.7342158,30.2782382],[-97.7341677,30.2781552],[-97.7341322,30.2780936],[-97.7341168,30.2780493],[-97.7341191,30.2779938],[-97.734141,30.2779333],[-97.7341803,30.2778834],[-97.7342235,30.277845],[-97.7343582,30.2777805],[-97.7343903,30.2777592],[-97.7344384,30.2777218],[-97.7344702,30.2776791],[-97.7344919,30.2776383],[-97.7345197,30.2775683],[-97.7344502,30.277549],[-97.7344514,30.2775451],[-97.7343628,30.2775216],[-97.7343015,30.2775783],[-97.7341983,30.2776607],[-97.7341325,30.2777365],[-97.7340229,30.2778398],[-97.7339458,30.2779375],[-97.7339125,30.2780181],[-97.7338898,30.2780784],[-97.7338865,30.2781481],[-97.7338728,30.278212],[-97.7338717,30.2782549],[-97.7338682,30.2782926],[-97.7338582,30.278399],[-97.733882,30.2784981],[-97.7339277,30.2786009],[-97.733995,30.2786665],[-97.734109,30.2787101],[-97.7342237,30.2787421],[-97.7343408,30.2787589],[-97.7344496,30.2787736],[-97.7345295,30.2787992],[-97.7346051,30.2787947],[-97.7347027,30.2787995],[-97.7347783,30.278828],[-97.7347947,30.2788074],[-97.7347972,30.2787833],[-97.7348514,30.2786705],[-97.7342658,30.2785068],[-97.7342674,30.2784964],[-97.7342234,30.2784859],[-97.7342528,30.2783987]]]},"properties":{"k":"area","u":"scrub","s":"grass"}},{"type":"Feature","geometry":{"type":"Polygon","coordinates":[[[-97.7308995,30.2816657],[-97.7314051,30.2817746],[-97.7316188,30.281176],[-97.7316403,30.2811022],[-97.7313845,30.2808948],[-97.7314485,30.2811107],[-97.7314391,30.2811628],[-97.7314305,30.2811727],[-97.731412,30.2811729],[-97.731363,30.2811651],[-97.7313149,30.2812418],[-97.7312173,30.2813559],[-97.731163,30.2814021],[-97.7311088,30.2814484],[-97.7309676,30.2815655],[-97.7309397,30.2816446],[-97.7308995,30.2816657]]]},"properties":{"k":"area","u":"park","s":"grass","name":"Dell Technologies Plaza"}},{"type":"Feature","geometry":{"type":"Polygon","coordinates":[[[-97.7328235,30.2757563],[-97.7329184,30.275501],[-97.7329565,30.2755115],[-97.7336331,30.2756991],[-97.7336954,30.2757164],[-97.7335651,30.2760668],[-97.7328569,30.2758705],[-97.7328726,30.2758281],[-97.7329549,30.2758509],[-97.7329745,30.2757982],[-97.7328235,30.2757563]]]},"properties":{"k":"area","u":"park","s":"grass","name":"Health Learning Building Courtyard"}},{"type":"Feature","geometry":{"type":"Polygon","coordinates":[[[-97.7428642,30.2766729],[-97.7429844,30.2763442],[-97.7425833,30.2762349],[-97.7424632,30.2765636],[-97.7428642,30.2766729]]]},"properties":{"k":"area","u":"construction","s":"dirt"}},{"type":"Feature","geometry":{"type":"Polygon","coordinates":[[[-97.7397698,30.2955178],[-97.7398249,30.295511],[-97.7398449,30.2957026],[-97.7398179,30.2958428],[-97.739766,30.2960133],[-97.7396448,30.2962897],[-97.7396378,30.2963137],[-97.7396502,30.2963234],[-97.7396842,30.296342],[-97.7396773,30.2963513],[-97.7396528,30.2963383],[-97.7396336,30.2963349],[-97.7396236,30.29634],[-97.7395322,30.2965174],[-97.7394327,30.2967247],[-97.7392985,30.2968705],[-97.7391736,30.297015],[-97.739104,30.2970897],[-97.7390804,30.2971149],[-97.7390589,30.297247],[-97.739058,30.2973835],[-97.7390638,30.2975543],[-97.7390573,30.2976603],[-97.7390523,30.2977394],[-97.7390254,30.2978449],[-97.7390202,30.2978742],[-97.7389426,30.2980194],[-97.7388418,30.2981038],[-97.7387163,30.2981904],[-97.7385691,30.2982953],[-97.7384699,30.2983997],[-97.7384065,30.2985475],[-97.7383436,30.298722],[-97.7383152,30.2987283],[-97.7382757,30.298711],[-97.7382654,30.2986779],[-97.7383205,30.2985526],[-97.7383834,30.298412],[-97.7384608,30.2983092],[-97.7386076,30.2982017],[-97.738731,30.2981307],[-97.7388633,30.2980294],[-97.7388965,30.2980103],[-97.7389819,30.2978456],[-97.7390102,30.2977055],[-97.7390205,30.2975091],[-97.7390126,30.2973695],[-97.7390179,30.2972247],[-97.7390294,30.2971187],[-97.7390534,30.2970708],[-97.7393065,30.2968057],[-97.7394005,30.2967012],[-97.7394814,30.2965368],[-97.7395341,30.2964175],[-97.7396456,30.2961857],[-97.7397077,30.2960547],[-97.7397589,30.2959161],[-97.7397836,30.2958276],[-97.7397911,30.2957168],[-97.7397702,30.2955746],[-97.7397698,30.2955178]]]},"properties":{"k":"area","u":"water","s":"water"}},{"type":"Feature","geometry":{"type":"Polygon","coordinates":[[[-97.7392008,30.2780446],[-97.7390389,30.2779992],[-97.7388017,30.2786309],[-97.7389635,30.2786768],[-97.7392008,30.2780446]]]},"properties":{"k":"area","u":"lawn","s":"grass"}},{"type":"Feature","geometry":{"type":"Polygon","coordinates":[[[-97.7382595,30.2805403],[-97.7383786,30.2802134],[-97.7382135,30.2802095],[-97.7381077,30.2804972],[-97.7382595,30.2805403]]]},"properties":{"k":"area","u":"lawn","s":"grass"}},{"type":"Feature","geometry":{"type":"Polygon","coordinates":[[[-97.7383853,30.2801925],[-97.7384047,30.2801446],[-97.7382658,30.2800765],[-97.7382232,30.2801847],[-97.7383853,30.2801925]]]},"properties":{"k":"area","u":"lawn","s":"grass"}},{"type":"Feature","geometry":{"type":"Polygon","coordinates":[[[-97.7384132,30.2801236],[-97.7384836,30.279936],[-97.7383332,30.2798947],[-97.7382729,30.2800511],[-97.7384132,30.2801236]]]},"properties":{"k":"area","u":"lawn","s":"grass"}},{"type":"Feature","geometry":{"type":"Polygon","coordinates":[[[-97.7384935,30.2799093],[-97.7383411,30.2798662],[-97.7384029,30.2797033],[-97.7385553,30.2797464],[-97.7384935,30.2799093]]]},"properties":{"k":"area","u":"lawn","s":"grass"}},{"type":"Feature","geometry":{"type":"Polygon","coordinates":[[[-97.7387991,30.278066],[-97.7387755,30.2780592],[-97.7388351,30.2779038],[-97.7388549,30.2778522],[-97.7389232,30.2778717],[-97.7389292,30.2778735],[-97.7389605,30.2778824],[-97.7389582,30.2778886],[-97.7388811,30.2780894],[-97.7387991,30.278066]]]},"properties":{"k":"area","u":"playground","s":"sand"}},{"type":"Feature","geometry":{"type":"Polygon","coordinates":[[[-97.7381427,30.2800397],[-97.7381292,30.2800334],[-97.7379067,30.279928],[-97.7378961,30.2800674],[-97.7378894,30.2801542],[-97.7380953,30.2801684],[-97.7381427,30.2800397]]]},"properties":{"k":"area","u":"lawn","s":"grass"}},{"type":"Feature","geometry":{"type":"Polygon","coordinates":[[[-97.7389052,30.2788314],[-97.7387431,30.2787859],[-97.7384702,30.2795113],[-97.7386323,30.2795568],[-97.7389052,30.2788314]]]},"properties":{"k":"area","u":"lawn","s":"grass"}},{"type":"Feature","geometry":{"type":"Polygon","coordinates":[[[-97.7396189,30.2765436],[-97.7396361,30.2765454],[-97.739655,30.2765492],[-97.7396799,30.276557],[-97.7396632,30.276601],[-97.7396571,30.2766085],[-97.7396498,30.2766129],[-97.7396386,30.2766141],[-97.7396294,30.2766115],[-97.739623,30.2766063],[-97.7396182,30.2765995],[-97.7396189,30.2765436]]]},"properties":{"k":"area","u":"lawn","s":"grass"}},{"type":"Feature","geometry":{"type":"Polygon","coordinates":[[[-97.7392015,30.2780432],[-97.7390394,30.2779975],[-97.7390677,30.2779226],[-97.7392306,30.2779687],[-97.7392015,30.2780432]]]},"properties":{"k":"area","u":"lawn","s":"grass"}},{"type":"Feature","geometry":{"type":"Polygon","coordinates":[[[-97.7471619,30.2779251],[-97.7472329,30.2777488],[-97.7470356,30.2776896],[-97.7469647,30.277866],[-97.7471619,30.2779251]]]},"properties":{"k":"area","u":"construction","s":"dirt","name":"Ashram"}},{"type":"Feature","geometry":{"type":"Polygon","coordinates":[[[-97.7296666,30.2848496],[-97.7296965,30.2848824],[-97.7297119,30.284922],[-97.7297112,30.2849637],[-97.7296943,30.2850028],[-97.7296632,30.2850348],[-97.7296215,30.285056],[-97.7295741,30.2850639],[-97.7295289,30.2850584],[-97.7294881,30.2850409],[-97.7294558,30.2850131],[-97.7294352,30.2849779],[-97.7294287,30.2849389],[-97.7294367,30.2849002],[-97.7294585,30.2848656],[-97.7294918,30.2848387],[-97.7295333,30.2848223],[-97.7295786,30.284818],[-97.7296258,30.2848272],[-97.7296666,30.2848496]]]},"properties":{"k":"area","u":"water","s":"water"}},{"type":"Feature","geometry":{"type":"Polygon","coordinates":[[[-97.7518516,30.281852],[-97.7519754,30.2817669],[-97.7518023,30.2815792],[-97.7516786,30.2816643],[-97.7518516,30.281852]]]},"properties":{"k":"area","u":"pitch","s":"concrete"}},{"type":"Feature","geometry":{"type":"Polygon","coordinates":[[[-97.7421154,30.2838959],[-97.742057,30.2844761],[-97.742425,30.2845038],[-97.7424836,30.2839235],[-97.7421154,30.2838959]]]},"properties":{"k":"area","u":"construction","s":"dirt"}},{"type":"Feature","geometry":{"type":"Polygon","coordinates":[[[-97.742122,30.2888458],[-97.7421244,30.2888243],[-97.7417014,30.2887886],[-97.741699,30.28881],[-97.742122,30.2888458]]]},"properties":{"k":"area","u":"lawn","s":"grass"}},{"type":"Feature","geometry":{"type":"Polygon","coordinates":[[[-97.7474831,30.2907929],[-97.7475127,30.2905304],[-97.7471142,30.2904968],[-97.7470846,30.2907595],[-97.7474831,30.2907929]]]},"properties":{"k":"area","u":"construction","s":"dirt"}},{"type":"Feature","geometry":{"type":"Polygon","coordinates":[[[-97.7486314,30.2907129],[-97.7486235,30.2908143],[-97.7488497,30.2908275],[-97.7488576,30.290726],[-97.7486314,30.2907129]]]},"properties":{"k":"area","u":"pitch","s":"grass"}},{"type":"Feature","geometry":{"type":"Polygon","coordinates":[[[-97.7516793,30.2748831],[-97.7515754,30.2750011],[-97.751471,30.275146],[-97.751463,30.275161],[-97.751444,30.275154],[-97.751415,30.275212],[-97.7514744,30.2752904],[-97.7512387,30.2756749],[-97.7511908,30.2757491],[-97.7508493,30.2760631],[-97.7507695,30.2761364],[-97.7505074,30.2762598],[-97.7504311,30.2763133],[-97.7503772,30.2764866],[-97.7503511,30.2764804],[-97.7503528,30.276476],[-97.7502689,30.2764522],[-97.7502733,30.2764291],[-97.750333,30.2763004],[-97.7504036,30.2762194],[-97.7505617,30.2761076],[-97.7507984,30.2759879],[-97.7509283,30.2758892],[-97.7510737,30.2757273],[-97.7511851,30.2756212],[-97.751311,30.2753788],[-97.7513512,30.2752936],[-97.7513541,30.2752349],[-97.7514182,30.2750847],[-97.7515083,30.2749206],[-97.751552,30.2748583],[-97.7515637,30.2748431],[-97.7516793,30.2748831]]]},"properties":{"k":"area","u":"wood","s":"wood"}},{"type":"Feature","geometry":{"type":"Polygon","coordinates":[[[-97.7501887,30.2764295],[-97.7500989,30.276404],[-97.7501394,30.2763469],[-97.7502366,30.2762498],[-97.7503678,30.2761219],[-97.7504815,30.2760096],[-97.7506355,30.2759132],[-97.7507965,30.2758024],[-97.7508687,30.2757191],[-97.7510139,30.2754716],[-97.7511157,30.2752502],[-97.7511614,30.2751205],[-97.7511664,30.2750822],[-97.7511855,30.2750641],[-97.7512288,30.2750426],[-97.7514435,30.2748026],[-97.7515078,30.2748243],[-97.7514526,30.274889],[-97.7513757,30.2750103],[-97.7513403,30.2751589],[-97.7512986,30.2752574],[-97.7512698,30.2753598],[-97.7511368,30.2755908],[-97.7510291,30.275721],[-97.7508793,30.2758767],[-97.7507235,30.2759745],[-97.7505269,30.2760799],[-97.7503656,30.2762156],[-97.7502715,30.2763011],[-97.7501966,30.2763742],[-97.7501887,30.2764295]]]},"properties":{"k":"area","u":"wood","s":"wood"}},{"type":"Feature","geometry":{"type":"Polygon","coordinates":[[[-97.7500494,30.27639],[-97.7501192,30.2763043],[-97.750214,30.2762078],[-97.7503129,30.2761089],[-97.7504191,30.2760199],[-97.7503275,30.2760561],[-97.750216,30.2761283],[-97.7501385,30.2761841],[-97.7500799,30.276252],[-97.7500403,30.2763101],[-97.7500221,30.2763544],[-97.750016,30.27637],[-97.7500165,30.2763778],[-97.7500231,30.2763862],[-97.7500266,30.2763888],[-97.7500284,30.276384],[-97.7500494,30.27639]]]},"properties":{"k":"area","u":"wood","s":"wood"}},{"type":"Feature","geometry":{"type":"Polygon","coordinates":[[[-97.750364,30.276657],[-97.7503651,30.2766534],[-97.7502932,30.2766329],[-97.7502409,30.276618],[-97.7502342,30.2766574],[-97.7502298,30.2767283],[-97.7502867,30.2769487],[-97.7504244,30.2772567],[-97.7504395,30.2773405],[-97.7504453,30.2773954],[-97.7504773,30.277437],[-97.7504831,30.2774683],[-97.7505093,30.2774866],[-97.7505252,30.2775053],[-97.7505113,30.2775507],[-97.7505285,30.2775693],[-97.7506445,30.2776879],[-97.7506726,30.2777843],[-97.7507417,30.2779252],[-97.750786,30.2779417],[-97.7508294,30.2779906],[-97.7508682,30.27812],[-97.7509776,30.2781859],[-97.7510749,30.2783317],[-97.7511335,30.2785118],[-97.7511413,30.2786533],[-97.7511389,30.2788062],[-97.7511368,30.2789544],[-97.7511383,30.2790939],[-97.7511272,30.279152],[-97.7511025,30.2792813],[-97.7510657,30.2794763],[-97.7510196,30.2796518],[-97.750977,30.2798665],[-97.7509434,30.2800892],[-97.7509309,30.2801253],[-97.7509065,30.2801955],[-97.7508629,30.2803763],[-97.7508455,30.2805811],[-97.7508555,30.2807447],[-97.750869,30.2808952],[-97.7508788,30.2809502],[-97.7509583,30.2809415],[-97.7509726,30.2807525],[-97.7509757,30.2805463],[-97.7510213,30.2800807],[-97.7510424,30.2799034],[-97.7511224,30.2794144],[-97.7511625,30.279156],[-97.7513117,30.2791726],[-97.7513457,30.2789614],[-97.7512491,30.2786788],[-97.7513327,30.2786561],[-97.7511889,30.278313],[-97.7511224,30.2781664],[-97.7510656,30.278181],[-97.7510211,30.2780552],[-97.7510069,30.2779801],[-97.750863,30.2778922],[-97.7508941,30.2778109],[-97.7508973,30.2777887],[-97.7508307,30.2777679],[-97.7508037,30.2777277],[-97.7507847,30.2777214],[-97.7508102,30.2776619],[-97.750752,30.277644],[-97.750747,30.277643],[-97.750671,30.27758],[-97.750545,30.277313],[-97.750536,30.277315],[-97.750529,30.277298],[-97.750538,30.277295],[-97.750476,30.277164],[-97.7505013,30.277155],[-97.7504427,30.2770104],[-97.750409,30.277019],[-97.750322,30.276748],[-97.750357,30.27674],[-97.750333,30.276665],[-97.750364,30.276657]]]},"properties":{"k":"area","u":"wood","s":"wood"}},{"type":"Feature","geometry":{"type":"Polygon","coordinates":[[[-97.7499688,30.2765409],[-97.7499599,30.2765467],[-97.7499599,30.2765608],[-97.7500314,30.2767325],[-97.7500605,30.2768042],[-97.7500703,30.2768057],[-97.7500754,30.2767997],[-97.7500445,30.2765624],[-97.7499688,30.2765409]]]},"properties":{"k":"area","u":"wood","s":"wood"}},{"type":"Feature","geometry":{"type":"Polygon","coordinates":[[[-97.7508594,30.2801201],[-97.7508221,30.2802074],[-97.7507599,30.2803771],[-97.7507494,30.2806295],[-97.7507818,30.280917],[-97.750788,30.2809625],[-97.7507129,30.2809716],[-97.7506676,30.2809771],[-97.7506599,30.2807842],[-97.7506688,30.2805828],[-97.7506872,30.2804098],[-97.7507086,30.2802737],[-97.750748,30.2801138],[-97.7508251,30.2798728],[-97.7509082,30.2795118],[-97.7509222,30.2794107],[-97.7509332,30.2789565],[-97.7509284,30.2786925],[-97.7509021,30.2785762],[-97.7508646,30.2784902],[-97.7507311,30.2781159],[-97.7507039,30.2780442],[-97.7506453,30.2779766],[-97.7505875,30.277923],[-97.7505577,30.2778819],[-97.7504464,30.2776561],[-97.7504039,30.2775642],[-97.750361,30.2774348],[-97.7503511,30.2773768],[-97.7503318,30.2773119],[-97.7502445,30.2771575],[-97.7501984,30.2770821],[-97.7501336,30.2769827],[-97.7501064,30.2769015],[-97.7500958,30.2768281],[-97.7500884,30.2767685],[-97.7500752,30.2766296],[-97.7500989,30.276404],[-97.7501887,30.2764295],[-97.7501573,30.2766202],[-97.7501789,30.2767462],[-97.7502308,30.2769484],[-97.7502877,30.2771155],[-97.7503708,30.2773114],[-97.7503885,30.2774265],[-97.7504656,30.277586],[-97.7505567,30.2777239],[-97.7506498,30.2778456],[-97.7506946,30.2779861],[-97.7507426,30.2780984],[-97.7507751,30.278145],[-97.7508902,30.2782258],[-97.7509116,30.2783073],[-97.7509558,30.2783798],[-97.7509986,30.2783959],[-97.7510197,30.2784351],[-97.7510384,30.2784698],[-97.7510547,30.2786275],[-97.7510285,30.2787537],[-97.7510386,30.2788566],[-97.7510264,30.2789242],[-97.7510295,30.2790761],[-97.7510105,30.2792403],[-97.7509928,30.2795048],[-97.7509347,30.2798014],[-97.7508705,30.280094],[-97.7508594,30.2801201]]]},"properties":{"k":"area","u":"wood","s":"wood"}},{"type":"Feature","geometry":{"type":"Polygon","coordinates":[[[-97.7272576,30.2815792],[-97.7272403,30.281367],[-97.7271241,30.281374],[-97.7271414,30.2815863],[-97.7272576,30.2815792]]]},"properties":{"k":"area","u":"pitch","s":"grass"}},{"type":"Feature","geometry":{"type":"Polygon","coordinates":[[[-97.7270688,30.2815892],[-97.7270516,30.281377],[-97.7269354,30.281384],[-97.7269527,30.2815963],[-97.7270688,30.2815892]]]},"properties":{"k":"area","u":"pitch","s":"grass"}},{"type":"Feature","geometry":{"type":"Polygon","coordinates":[[[-97.726877,30.2816045],[-97.7268598,30.2813923],[-97.7267436,30.2813993],[-97.7267609,30.2816116],[-97.726877,30.2816045]]]},"properties":{"k":"area","u":"pitch","s":"grass"}},{"type":"Feature","geometry":{"type":"Polygon","coordinates":[[[-97.7266475,30.2816172],[-97.7266303,30.2814049],[-97.726514,30.281412],[-97.7265313,30.2816242],[-97.7266475,30.2816172]]]},"properties":{"k":"area","u":"pitch","s":"grass"}},{"type":"Feature","geometry":{"type":"Polygon","coordinates":[[[-97.7264519,30.2816311],[-97.7264346,30.2814189],[-97.7263184,30.2814259],[-97.7263357,30.2816382],[-97.7264519,30.2816311]]]},"properties":{"k":"area","u":"pitch","s":"grass"}},{"type":"Feature","geometry":{"type":"Polygon","coordinates":[[[-97.7262608,30.2816391],[-97.7262436,30.2814269],[-97.7261274,30.2814339],[-97.7261446,30.2816462],[-97.7262608,30.2816391]]]},"properties":{"k":"area","u":"pitch","s":"grass"}},{"type":"Feature","geometry":{"type":"Polygon","coordinates":[[[-97.7271762,30.281121],[-97.7271589,30.2809087],[-97.7270427,30.2809158],[-97.72706,30.281128],[-97.7271762,30.281121]]]},"properties":{"k":"area","u":"pitch","s":"grass"}},{"type":"Feature","geometry":{"type":"Polygon","coordinates":[[[-97.7269857,30.281134],[-97.7269685,30.2809217],[-97.7268522,30.2809288],[-97.7268695,30.281141],[-97.7269857,30.281134]]]},"properties":{"k":"area","u":"pitch","s":"grass"}},{"type":"Feature","geometry":{"type":"Polygon","coordinates":[[[-97.7267962,30.2811483],[-97.726779,30.280936],[-97.7266628,30.2809431],[-97.7266801,30.2811553],[-97.7267962,30.2811483]]]},"properties":{"k":"area","u":"pitch","s":"grass"}},{"type":"Feature","geometry":{"type":"Polygon","coordinates":[[[-97.7266076,30.2811579],[-97.7265903,30.2809456],[-97.7264741,30.2809527],[-97.7264914,30.2811649],[-97.7266076,30.2811579]]]},"properties":{"k":"area","u":"pitch","s":"grass"}},{"type":"Feature","geometry":{"type":"Polygon","coordinates":[[[-97.7264189,30.2811713],[-97.7264017,30.2809591],[-97.7262855,30.2809661],[-97.7263027,30.2811784],[-97.7264189,30.2811713]]]},"properties":{"k":"area","u":"pitch","s":"grass"}},{"type":"Feature","geometry":{"type":"Polygon","coordinates":[[[-97.726225,30.2811818],[-97.7262077,30.2809696],[-97.7260915,30.2809766],[-97.7261088,30.2811889],[-97.726225,30.2811818]]]},"properties":{"k":"area","u":"pitch","s":"grass"}},{"type":"Feature","geometry":{"type":"Polygon","coordinates":[[[-97.727118,30.2837665],[-97.7276401,30.283886],[-97.7266997,30.286963],[-97.7261393,30.2868395],[-97.7258982,30.2867538],[-97.7256495,30.2865788],[-97.7254545,30.2862562],[-97.727118,30.2837665]]]},"properties":{"k":"area","u":"lawn","s":"grass","name":"Frank Denius Fields"}},{"type":"Feature","geometry":{"type":"Polygon","coordinates":[[[-97.7318732,30.2902942],[-97.7317684,30.2903377],[-97.7316592,30.2901415],[-97.7317639,30.290098],[-97.7318732,30.2902942]]]},"properties":{"k":"area","u":"pitch","s":"grass"}},{"type":"Feature","geometry":{"type":"Polygon","coordinates":[[[-97.7317484,30.2903456],[-97.7316421,30.2903884],[-97.7315362,30.2901923],[-97.7316424,30.2901495],[-97.7317484,30.2903456]]]},"properties":{"k":"area","u":"pitch","s":"grass"}},{"type":"Feature","geometry":{"type":"Polygon","coordinates":[[[-97.7313749,30.2908635],[-97.7312484,30.2908422],[-97.7312887,30.2906632],[-97.7314153,30.2906845],[-97.7313749,30.2908635]]]},"properties":{"k":"area","u":"pitch","s":"grass"}},{"type":"Feature","geometry":{"type":"Polygon","coordinates":[[[-97.7278964,30.2918943],[-97.7279342,30.2918391],[-97.7280719,30.2916379],[-97.7280767,30.2916108],[-97.7280635,30.2915925],[-97.727835,30.291463],[-97.727634,30.2917836],[-97.7278964,30.2918943]]]},"properties":{"k":"area","u":"park","s":"grass"}},{"type":"Feature","geometry":{"type":"Polygon","coordinates":[[[-97.7293625,30.2893915],[-97.7290237,30.2892227],[-97.7289842,30.2892884],[-97.7286536,30.2891416],[-97.7285982,30.2891087],[-97.7288069,30.2888076],[-97.7289363,30.2886578],[-97.7290308,30.2885552],[-97.7291413,30.2886225],[-97.7291886,30.2886407],[-97.7296054,30.2889935],[-97.7293625,30.2893915]]]},"properties":{"k":"area","u":"construction","s":"dirt"}},{"type":"Feature","geometry":{"type":"Polygon","coordinates":[[[-97.7355179,30.281195],[-97.7353712,30.2811838],[-97.7353509,30.2813817],[-97.7354976,30.2813929],[-97.7355179,30.281195]]]},"properties":{"k":"area","u":"pitch","s":"grass"}},{"type":"Feature","geometry":{"type":"Polygon","coordinates":[[[-97.7355421,30.2809562],[-97.7353954,30.280945],[-97.7353751,30.2811429],[-97.7355219,30.2811541],[-97.7355421,30.2809562]]]},"properties":{"k":"area","u":"pitch","s":"grass"}},{"type":"Feature","geometry":{"type":"Polygon","coordinates":[[[-97.7357289,30.2809697],[-97.7355822,30.2809585],[-97.7355619,30.2811564],[-97.7357086,30.2811676],[-97.7357289,30.2809697]]]},"properties":{"k":"area","u":"pitch","s":"grass"}},{"type":"Feature","geometry":{"type":"Polygon","coordinates":[[[-97.7471129,30.2945096],[-97.7463849,30.2944515],[-97.7464643,30.2938221],[-97.7462911,30.293727],[-97.746409,30.2924458],[-97.7467682,30.2919684],[-97.7487914,30.2914874],[-97.7495861,30.2913346],[-97.74967,30.2916453],[-97.7492357,30.2917758],[-97.7473995,30.292162],[-97.747306,30.292238],[-97.7470444,30.2923843],[-97.7470973,30.2924311],[-97.7469374,30.292719],[-97.746875,30.2930419],[-97.7469076,30.2932689],[-97.7468872,30.2934164],[-97.7469184,30.2935954],[-97.7469008,30.2936902],[-97.7468059,30.2937686],[-97.746791,30.2941617],[-97.7467951,30.2943606],[-97.747123,30.2944063],[-97.7471129,30.2945096]]]},"properties":{"k":"area","u":"wood","s":"wood"}},{"type":"Feature","geometry":{"type":"Polygon","coordinates":[[[-97.7484418,30.2957314],[-97.7475933,30.2944484],[-97.7472653,30.2943489],[-97.7472057,30.2948252],[-97.7477816,30.2949153],[-97.7479836,30.2955272],[-97.7480873,30.2957096],[-97.7484418,30.2957314]]]},"properties":{"k":"area","u":"wood","s":"wood"}},{"type":"Feature","geometry":{"type":"Polygon","coordinates":[[[-97.7275429,30.297507],[-97.7272801,30.2973809],[-97.7273488,30.2970769],[-97.7272067,30.2965998],[-97.727212,30.2961807],[-97.727491,30.2955091],[-97.7275446,30.2950111],[-97.7276117,30.2947425],[-97.7279288,30.2944287],[-97.7280619,30.2944886],[-97.7278427,30.2946794],[-97.7278118,30.2954455],[-97.7276393,30.2961851],[-97.7275592,30.2965655],[-97.7276177,30.2968661],[-97.7277102,30.2970763],[-97.7275429,30.297507]]]},"properties":{"k":"area","u":"wood","s":"wood"}},{"type":"Feature","geometry":{"type":"Polygon","coordinates":[[[-97.7282,30.2943684],[-97.728096,30.2943292],[-97.7283766,30.293836],[-97.7285485,30.2930277],[-97.7286691,30.2927544],[-97.7290404,30.2920568],[-97.7291406,30.2921002],[-97.7291367,30.2921254],[-97.7289672,30.2926362],[-97.7286776,30.2932428],[-97.7285236,30.2938759],[-97.728234,30.2943388],[-97.7282,30.2943684]]]},"properties":{"k":"area","u":"wood","s":"wood"}},{"type":"Feature","geometry":{"type":"Polygon","coordinates":[[[-97.7291837,30.2919452],[-97.7290802,30.2919045],[-97.7291331,30.2917605],[-97.7291265,30.29139],[-97.7293802,30.2910594],[-97.7295762,30.2909163],[-97.7301345,30.2908066],[-97.7302681,30.2908722],[-97.7296933,30.2910131],[-97.7294066,30.2912454],[-97.7292792,30.2915112],[-97.7291837,30.2919452]]]},"properties":{"k":"area","u":"wood","s":"wood"}},{"type":"Feature","geometry":{"type":"Polygon","coordinates":[[[-97.7272854,30.2976574],[-97.7273053,30.2975983],[-97.7273992,30.2974258],[-97.7274421,30.2973806],[-97.7275668,30.2973459],[-97.7276057,30.2972891],[-97.7276647,30.2971317],[-97.7276768,30.2970784],[-97.7276339,30.2969788],[-97.727532,30.2968051],[-97.7274233,30.2966789],[-97.7273885,30.2966175],[-97.7273684,30.2964855],[-97.7273751,30.296423],[-97.7274139,30.2963558],[-97.7275601,30.2961926],[-97.7276167,30.2960777],[-97.7276459,30.2959474],[-97.7276922,30.2958356],[-97.7277677,30.2954643],[-97.7277619,30.295424],[-97.7276906,30.2952254],[-97.7276744,30.2951706],[-97.7276928,30.2949192],[-97.7277021,30.2948434],[-97.7277452,30.2947516],[-97.7277776,30.2946772],[-97.7280086,30.294475],[-97.7281042,30.2943805],[-97.7282166,30.2942887],[-97.7283198,30.2941677],[-97.7284523,30.2939376],[-97.7285032,30.2938232],[-97.7285509,30.2936702],[-97.7285863,30.2934295],[-97.7286064,30.2932805],[-97.7286433,30.2931767],[-97.7287527,30.2929812],[-97.7288315,30.2928007],[-97.7289376,30.2925755],[-97.7291756,30.2918683],[-97.7292074,30.2916849],[-97.7292039,30.2915291],[-97.729211,30.2914405],[-97.7292287,30.2913992],[-97.729464,30.291115],[-97.7296746,30.2909851],[-97.7300445,30.2908919],[-97.7302621,30.2907788],[-97.7303382,30.2906444],[-97.7304515,30.2904595],[-97.730586,30.2904106],[-97.7308514,30.2903418],[-97.730954,30.2902914],[-97.7310478,30.2900958],[-97.7311699,30.2899063],[-97.7312743,30.2898467],[-97.731331,30.2897642],[-97.731446,30.2897367],[-97.7316035,30.2897535],[-97.7319291,30.2898467],[-97.7321149,30.2898849],[-97.732191,30.2899247],[-97.7322883,30.289914],[-97.7324387,30.289862],[-97.732736,30.2897016],[-97.7328953,30.2896389],[-97.7330899,30.2894999],[-97.7331073,30.2894912],[-97.7330172,30.2894495],[-97.7327378,30.2896435],[-97.7323874,30.2897948],[-97.7322476,30.2898361],[-97.7321574,30.2898406],[-97.7317946,30.2897597],[-97.7315309,30.2896726],[-97.7313717,30.2896833],[-97.7312602,30.2896939],[-97.7311452,30.2897902],[-97.7310779,30.2899125],[-97.7310018,30.2900882],[-97.7309063,30.2902425],[-97.7308178,30.2903036],[-97.7304409,30.2904213],[-97.7304174,30.2904366],[-97.7302568,30.2906604],[-97.7301968,30.2907657],[-97.7301287,30.2908148],[-97.7300301,30.290864],[-97.7296368,30.2909289],[-97.7295087,30.2909938],[-97.7293868,30.2910904],[-97.7292059,30.2913186],[-97.72915,30.2914054],[-97.7291489,30.2917038],[-97.7291398,30.2917846],[-97.7291083,30.2918855],[-97.7290341,30.2921154],[-97.7289345,30.2923699],[-97.728843,30.2925867],[-97.7287444,30.2928035],[-97.7286042,30.2931229],[-97.7285706,30.2932265],[-97.7285188,30.2934476],[-97.7284639,30.2937249],[-97.7283907,30.2939303],[-97.728224,30.2941936],[-97.7280502,30.2943708],[-97.7279039,30.2944919],[-97.727725,30.294656],[-97.7276213,30.2948842],[-97.727598,30.2951887],[-97.7276518,30.2954862],[-97.7276234,30.2957863],[-97.7274933,30.2961637],[-97.7273672,30.2963041],[-97.7273144,30.2964041],[-97.7273185,30.2966586],[-97.7273794,30.2968026],[-97.727475,30.2968868],[-97.727536,30.2969605],[-97.7275929,30.2970799],[-97.7275969,30.2971483],[-97.7275726,30.2972045],[-97.7275034,30.2972624],[-97.7273855,30.2973326],[-97.7273266,30.2973782],[-97.727225,30.2975643],[-97.7272381,30.2976437],[-97.7272854,30.2976574]]]},"properties":{"k":"area","u":"water","s":"water"}},{"type":"Feature","geometry":{"type":"Polygon","coordinates":[[[-97.7343528,30.2881285],[-97.7342992,30.2881695],[-97.7341428,30.2882885],[-97.734005,30.2884094],[-97.7338648,30.2885445],[-97.7337762,30.2886111],[-97.7337645,30.2886655],[-97.7337752,30.2889167],[-97.7337776,30.2890743],[-97.7335717,30.2890619],[-97.7336747,30.2889112],[-97.7336655,30.2886722],[-97.7336815,30.2886016],[-97.7337132,30.2885637],[-97.733823,30.2884552],[-97.7339451,30.288333],[-97.7340318,30.2882505],[-97.7340654,30.2881939],[-97.7342017,30.2881343],[-97.7342972,30.2881038],[-97.7343528,30.2881285]]]},"properties":{"k":"area","u":"water","s":"water"}},{"type":"Feature","geometry":{"type":"Polygon","coordinates":[[[-97.7396915,30.2849452],[-97.7395414,30.2849328],[-97.7395481,30.2848727],[-97.7395298,30.2848712],[-97.7395363,30.2848128],[-97.7395158,30.2848111],[-97.7395094,30.284869],[-97.7394863,30.2848671],[-97.7394793,30.2849301],[-97.7393165,30.2849166],[-97.7394044,30.2841257],[-97.7397791,30.2841568],[-97.7396915,30.2849452]]]},"properties":{"k":"area","u":"lawn","s":"grass"}},{"type":"Feature","geometry":{"type":"Polygon","coordinates":[[[-97.7400492,30.2854805],[-97.7400213,30.2854786],[-97.7400195,30.2854983],[-97.7396681,30.2854742],[-97.7396699,30.2854547],[-97.7396496,30.2854533],[-97.7396653,30.2852827],[-97.7396884,30.2852843],[-97.7396901,30.2852659],[-97.7400427,30.2852902],[-97.7400407,30.2853119],[-97.7400646,30.2853135],[-97.7400492,30.2854805]]]},"properties":{"k":"area","u":"lawn","s":"grass"}},{"type":"Feature","geometry":{"type":"Polygon","coordinates":[[[-97.73928,30.2854202],[-97.7392522,30.2854178],[-97.7392499,30.2854375],[-97.7389068,30.285408],[-97.7389087,30.2853921],[-97.7388863,30.2853902],[-97.7389061,30.2852182],[-97.7389281,30.2852201],[-97.7389303,30.285201],[-97.7392776,30.2852308],[-97.7392752,30.2852523],[-97.7392991,30.2852544],[-97.73928,30.2854202]]]},"properties":{"k":"area","u":"lawn","s":"grass"}},{"type":"Feature","geometry":{"type":"Polygon","coordinates":[[[-97.7265331,30.279583],[-97.7265099,30.2795786],[-97.7264912,30.2795679],[-97.7264838,30.2795468],[-97.7264855,30.2795292],[-97.7265008,30.2795151],[-97.7265257,30.2795077],[-97.7265512,30.279516],[-97.7265665,30.2795317],[-97.7265687,30.2795454],[-97.7265642,30.2795664],[-97.7265484,30.2795781],[-97.7265331,30.279583]]]},"properties":{"k":"area","u":"sand","s":"sand"}},{"type":"Feature","geometry":{"type":"Polygon","coordinates":[[[-97.7262788,30.279851],[-97.7262695,30.2798094],[-97.726299,30.2798034],[-97.7263226,30.2798161],[-97.7263285,30.2798437],[-97.7262788,30.279851]]]},"properties":{"k":"area","u":"sand","s":"sand"}},{"type":"Feature","geometry":{"type":"Polygon","coordinates":[[[-97.726538,30.2798106],[-97.7265328,30.2797879],[-97.7265448,30.2797678],[-97.7265786,30.2797613],[-97.7265861,30.2798048],[-97.726538,30.2798106]]]},"properties":{"k":"area","u":"sand","s":"sand"}},{"type":"Feature","geometry":{"type":"Polygon","coordinates":[[[-97.726233,30.279627],[-97.7262225,30.2795868],[-97.7262728,30.2795784],[-97.7262773,30.2796043],[-97.7262623,30.2796231],[-97.726233,30.279627]]]},"properties":{"k":"area","u":"sand","s":"sand"}},{"type":"Feature","geometry":{"type":"Polygon","coordinates":[[[-97.726405,30.2797049],[-97.7263923,30.2796925],[-97.7263885,30.2796737],[-97.7263968,30.2796608],[-97.7264148,30.2796523],[-97.7264336,30.2796562],[-97.7264479,30.2796666],[-97.7264494,30.2796822],[-97.7264456,30.2796938],[-97.7264321,30.2797042],[-97.7264186,30.2797068],[-97.726405,30.2797049]]]},"properties":{"k":"area","u":"sand","s":"sand"}},{"type":"Feature","geometry":{"type":"Polygon","coordinates":[[[-97.7398046,30.2831665],[-97.7398733,30.2825222],[-97.7408303,30.282613],[-97.7407291,30.2836587],[-97.7402507,30.2836232],[-97.7402969,30.2832088],[-97.7398046,30.2831665]]]},"properties":{"k":"area","u":"construction","s":"dirt","name":"Miriam and James J. Mulva Hall"}},{"type":"Feature","geometry":{"type":"Polygon","coordinates":[[[-97.7398843,30.2785434],[-97.7398487,30.2785589],[-97.7398267,30.2785665],[-97.7398119,30.2785685],[-97.7397463,30.278549],[-97.7396874,30.2785299],[-97.7396565,30.2785315],[-97.7395963,30.2785497],[-97.7395374,30.2785985],[-97.739515,30.2786453],[-97.7395114,30.2786898],[-97.7395284,30.2787518],[-97.7395483,30.2787778],[-97.7394855,30.2787688],[-97.7393816,30.2787528],[-97.7391865,30.2786995],[-97.7391797,30.2787014],[-97.73916,30.2786745],[-97.7391638,30.2786635],[-97.7391628,30.2786616],[-97.739233,30.2784735],[-97.7392353,30.2784554],[-97.7392353,30.2784384],[-97.7392119,30.2783541],[-97.7398843,30.2785434]]]},"properties":{"k":"area","u":"lawn","s":"grass"}},{"type":"Feature","geometry":{"type":"Polygon","coordinates":[[[-97.7398948,30.2785992],[-97.7399167,30.2786245],[-97.7399185,30.2786561],[-97.7398946,30.278712],[-97.7398593,30.2787569],[-97.7398187,30.2787922],[-97.739791,30.278806],[-97.7397525,30.2788069],[-97.739722,30.2787992],[-97.7396732,30.2787741],[-97.7396628,30.2787659],[-97.7396555,30.2787512],[-97.7396757,30.2787409],[-97.7396975,30.278721],[-97.7397095,30.2786936],[-97.7397096,30.2786689],[-97.739698,30.2786413],[-97.7396801,30.2786217],[-97.7396942,30.2786118],[-97.7397094,30.2786056],[-97.7397248,30.2786048],[-97.7397439,30.2786068],[-97.7397744,30.2786164],[-97.7398032,30.2786229],[-97.739829,30.2786247],[-97.7398557,30.2786179],[-97.7398948,30.2785992]]]},"properties":{"k":"area","u":"lawn","s":"grass"}},{"type":"Feature","geometry":{"type":"Polygon","coordinates":[[[-97.73531,30.2797355],[-97.7351672,30.2796918],[-97.7352658,30.279324],[-97.7352649,30.279298],[-97.735338,30.2792789],[-97.7353364,30.2793226],[-97.7353396,30.2793579],[-97.7353527,30.2794007],[-97.7353512,30.2794732],[-97.7353319,30.2795771],[-97.73531,30.2797355]]]},"properties":{"k":"area","u":"wood","s":"wood"}},{"type":"Feature","geometry":{"type":"Polygon","coordinates":[[[-97.7353723,30.2797518],[-97.7354744,30.2797781],[-97.7355981,30.2792625],[-97.7355065,30.2792292],[-97.7354232,30.2792554],[-97.7354236,30.2793111],[-97.735422,30.2793871],[-97.7354348,30.2794334],[-97.7354243,30.279479],[-97.7354094,30.2795474],[-97.7354059,30.2796157],[-97.735382,30.279683],[-97.7353723,30.2797518]]]},"properties":{"k":"area","u":"wood","s":"wood"}},{"type":"Feature","geometry":{"type":"Polygon","coordinates":[[[-97.7352638,30.2792676],[-97.7353458,30.2792526],[-97.7353619,30.2791982],[-97.7353463,30.279153],[-97.7352487,30.2790968],[-97.7351796,30.2790634],[-97.7351567,30.2790388],[-97.7351051,30.2790204],[-97.7350468,30.2790148],[-97.7350162,30.2790044],[-97.7348864,30.2789854],[-97.7348698,30.2790146],[-97.7348272,30.2790985],[-97.7348586,30.2791104],[-97.7352633,30.2792539],[-97.7352638,30.2792676]]]},"properties":{"k":"area","u":"wood","s":"wood"}},{"type":"Feature","geometry":{"type":"Polygon","coordinates":[[[-97.7354575,30.2792109],[-97.735419,30.2792222],[-97.7354142,30.2791846],[-97.7354005,30.2791474],[-97.7353752,30.2791082],[-97.7352891,30.2790711],[-97.7352366,30.2790388],[-97.7351959,30.2790113],[-97.735141,30.2789795],[-97.7349825,30.2789162],[-97.7349664,30.2788867],[-97.7349931,30.2788744],[-97.735002,30.2788701],[-97.7350516,30.2788858],[-97.7352467,30.2789669],[-97.7352869,30.2789899],[-97.7352682,30.2790345],[-97.7352653,30.2790436],[-97.7354568,30.2791155],[-97.7354482,30.279152],[-97.7354575,30.2792109]]]},"properties":{"k":"area","u":"wood","s":"wood"}},{"type":"Feature","geometry":{"type":"Polygon","coordinates":[[[-97.7472727,30.2889796],[-97.7472574,30.2891602],[-97.747147,30.2891532],[-97.7471624,30.2889726],[-97.7472727,30.2889796]]]},"properties":{"k":"area","u":"pitch","s":"grass"}},{"type":"Feature","geometry":{"type":"Polygon","coordinates":[[[-97.7338156,30.2900572],[-97.7337365,30.2901807],[-97.7335194,30.2900771],[-97.7335985,30.2899536],[-97.7338156,30.2900572]]]},"properties":{"k":"area","u":"pitch","s":"grass"}},{"type":"Feature","geometry":{"type":"Polygon","coordinates":[[[-97.7423771,30.2924341],[-97.7422227,30.2924255],[-97.7422431,30.2922452],[-97.7423921,30.2922552],[-97.7423771,30.2924341]]]},"properties":{"k":"area","u":"pitch","s":"grass"}},{"type":"Feature","geometry":{"type":"Polygon","coordinates":[[[-97.7423543,30.2834858],[-97.7423346,30.2837055],[-97.742168,30.2836944],[-97.7421877,30.2834747],[-97.7423543,30.2834858]]]},"properties":{"k":"area","u":"pitch","s":"grass"}},{"type":"Feature","geometry":{"type":"Polygon","coordinates":[[[-97.7422762,30.2833146],[-97.7422682,30.2834017],[-97.7422054,30.2833974],[-97.7422134,30.2833103],[-97.7422762,30.2833146]]]},"properties":{"k":"area","u":"pitch","s":"grass"}},{"type":"Feature","geometry":{"type":"Polygon","coordinates":[[[-97.7438681,30.2838481],[-97.7437295,30.283838],[-97.743735,30.2837822],[-97.7438736,30.2837923],[-97.7438681,30.2838481]]]},"properties":{"k":"area","u":"pitch","s":"grass"}},{"type":"Feature","geometry":{"type":"Polygon","coordinates":[[[-97.7437979,30.2837266],[-97.7436569,30.2837167],[-97.7436621,30.2836614],[-97.7438032,30.2836713],[-97.7437979,30.2837266]]]},"properties":{"k":"area","u":"pitch","s":"grass"}},{"type":"Feature","geometry":{"type":"Polygon","coordinates":[[[-97.7498671,30.2884555],[-97.7498611,30.2885272],[-97.7496539,30.2885142],[-97.74966,30.2884425],[-97.7498671,30.2884555]]]},"properties":{"k":"area","u":"pitch","s":"grass"}},{"type":"Feature","geometry":{"type":"Polygon","coordinates":[[[-97.7510866,30.2882809],[-97.7509722,30.2882736],[-97.7509856,30.2881164],[-97.7510999,30.2881236],[-97.7510866,30.2882809]]]},"properties":{"k":"area","u":"pitch","s":"grass"}},{"type":"Feature","geometry":{"type":"Polygon","coordinates":[[[-97.7451687,30.2909944],[-97.745159,30.2911004],[-97.744972,30.2910877],[-97.7449817,30.2909817],[-97.7451687,30.2909944]]]},"properties":{"k":"area","u":"pitch","s":"grass"}},{"type":"Feature","geometry":{"type":"Polygon","coordinates":[[[-97.7488762,30.2896986],[-97.7488836,30.2896025],[-97.7486948,30.2895916],[-97.7486873,30.2896876],[-97.7488762,30.2896986]]]},"properties":{"k":"area","u":"pitch","s":"grass"}},{"type":"Feature","geometry":{"type":"Polygon","coordinates":[[[-97.7500968,30.2770609],[-97.7500862,30.2770233],[-97.7500691,30.2770268],[-97.7500796,30.2770645],[-97.7500968,30.2770609]]]},"properties":{"k":"area","u":"lawn","s":"grass"}},{"type":"Feature","geometry":{"type":"Polygon","coordinates":[[[-97.7518498,30.2789285],[-97.751827,30.2789398],[-97.7518079,30.2789116],[-97.7518088,30.2789059],[-97.7518114,30.2789014],[-97.7518179,30.2788988],[-97.7518248,30.2788999],[-97.7518294,30.2789023],[-97.7518498,30.2789285]]]},"properties":{"k":"area","u":"park","s":"grass","name":"BEPI Park"}},{"type":"Feature","geometry":{"type":"Polygon","coordinates":[[[-97.7428421,30.2925221],[-97.7434633,30.2925604],[-97.7433909,30.2932238],[-97.74309,30.293205],[-97.743112,30.293005],[-97.7428141,30.2929879],[-97.7428421,30.2925221]]]},"properties":{"k":"area","u":"construction","s":"dirt"}},{"type":"Feature","geometry":{"type":"Polygon","coordinates":[[[-97.7475344,30.2933097],[-97.7477234,30.2937251],[-97.7481038,30.2944768],[-97.748687,30.2953598],[-97.7488772,30.2956463],[-97.74908,30.2961626],[-97.7493526,30.2969179],[-97.749416,30.2970091],[-97.7495787,30.2971551],[-97.7497667,30.2972609],[-97.7499083,30.2973211],[-97.7499611,30.2973758],[-97.7500478,30.2975765],[-97.7500647,30.2977061],[-97.7498914,30.2979341],[-97.7492976,30.2986967],[-97.7492131,30.2987369],[-97.7491624,30.2987423],[-97.7488159,30.2988901],[-97.7483151,30.298974],[-97.7478798,30.2989722],[-97.7477953,30.2989923],[-97.7477742,30.2990123],[-97.7477298,30.2990087],[-97.7476579,30.2989631],[-97.7475628,30.2989631],[-97.7474361,30.2989996],[-97.7472374,30.2990944],[-97.7471445,30.2992623],[-97.7470811,30.299421],[-97.747079,30.2995414],[-97.7472079,30.2998497],[-97.7474023,30.3001489],[-97.747584,30.3003442],[-97.7487736,30.3012691],[-97.7490885,30.3015701],[-97.7494033,30.3022014],[-97.7496463,30.3025389],[-97.7496991,30.302579],[-97.7499654,30.3026647],[-97.7500372,30.3027487],[-97.7500266,30.3028162],[-97.7499358,30.3030679],[-97.7497055,30.3033543],[-97.7493653,30.3037812],[-97.7491899,30.3042154],[-97.7489765,30.3045],[-97.7486511,30.304801],[-97.7483214,30.3049652],[-97.7478946,30.3053374],[-97.7476875,30.3054961],[-97.7475544,30.3056347],[-97.7474635,30.3058591],[-97.7474023,30.3060944],[-97.7474424,30.3062878],[-97.7475502,30.3065177],[-97.7478566,30.3070741],[-97.7480066,30.3072966],[-97.7481672,30.307417],[-97.74822,30.3076669],[-97.7483848,30.3081358],[-97.7485581,30.3084951],[-97.7486299,30.3087232],[-97.7488497,30.3097721],[-97.7488729,30.3100986],[-97.7489765,30.3106605],[-97.7487398,30.3122329],[-97.7486764,30.3124044],[-97.7486477,30.3125206],[-97.748657,30.3128396],[-97.7487411,30.3129383],[-97.7489229,30.3133232],[-97.7490813,30.3142809],[-97.7490868,30.3146918],[-97.7490877,30.3147625],[-97.7490951,30.3148696],[-97.7491109,30.3150963],[-97.7491578,30.3153973],[-97.7492102,30.3157347],[-97.7491638,30.3161597],[-97.7490327,30.3163731],[-97.7489144,30.3168036],[-97.7489102,30.3168729],[-97.7489739,30.3169555],[-97.7492821,30.3172487],[-97.7493856,30.3175296],[-97.7493835,30.3176682],[-97.7493222,30.3177777],[-97.7492563,30.3178756],[-97.7491701,30.3180039],[-97.7491152,30.3181698],[-97.7491553,30.3187061],[-97.749075,30.3188776],[-97.7490982,30.3190326],[-97.7492757,30.3196382],[-97.7492969,30.3199154],[-97.7492715,30.3206013],[-97.7491743,30.3208183],[-97.748982,30.3208913],[-97.7488827,30.320884],[-97.7483333,30.3207818],[-97.747393,30.3204462],[-97.7464717,30.320076],[-97.7460217,30.3200285],[-97.7459984,30.3201252],[-97.7463661,30.3201507],[-97.7469916,30.3204043],[-97.7477142,30.3207144],[-97.7478896,30.3207746],[-97.7481854,30.3208347],[-97.7485531,30.3209296],[-97.7489863,30.3209825],[-97.7491616,30.3209624],[-97.7492779,30.3208913],[-97.7493222,30.32076],[-97.7493856,30.3201453],[-97.7493962,30.3198425],[-97.7492102,30.3190016],[-97.7492145,30.3185474],[-97.7492208,30.3181534],[-97.7493193,30.3179206],[-97.7493965,30.3177872],[-97.7494755,30.3176673],[-97.7494873,30.3175524],[-97.7494107,30.3173451],[-97.7493832,30.3172067],[-97.7492438,30.3170502],[-97.7491584,30.3169514],[-97.7490653,30.3168348],[-97.7490249,30.316732],[-97.7490419,30.316681],[-97.7490683,30.3166017],[-97.7491336,30.3163729],[-97.7491995,30.316252],[-97.7492446,30.3161493],[-97.7492464,30.3161278],[-97.7492816,30.3157059],[-97.7492824,30.3156535],[-97.7492828,30.3155412],[-97.7492848,30.315419],[-97.7492411,30.3153322],[-97.7491984,30.3150598],[-97.7491963,30.315029],[-97.7491942,30.3149991],[-97.749213,30.3149077],[-97.7491536,30.3141474],[-97.7491388,30.3138008],[-97.7490775,30.3136567],[-97.7490522,30.3134451],[-97.7490057,30.3131733],[-97.7489317,30.3130347],[-97.7488514,30.3129015],[-97.748731,30.3128249],[-97.7487078,30.3127793],[-97.7486951,30.312513],[-97.7487014,30.3124564],[-97.7487986,30.3123105],[-97.7488683,30.3120496],[-97.7489339,30.3115918],[-97.7490268,30.3114094],[-97.7490289,30.3113254],[-97.7490268,30.3110737],[-97.7490501,30.3108986],[-97.7490649,30.3107125],[-97.7489592,30.3097384],[-97.7489,30.3092659],[-97.7487585,30.308788],[-97.748581,30.3082608],[-97.7484162,30.3078777],[-97.7482894,30.3076095],[-97.7483042,30.3075293],[-97.7482999,30.3074709],[-97.7480506,30.307148],[-97.74804,30.3070659],[-97.7478139,30.3067704],[-97.7477252,30.306577],[-97.7475414,30.3062213],[-97.7475287,30.3061355],[-97.7475181,30.3058947],[-97.7475498,30.3057634],[-97.7476364,30.305632],[-97.7477907,30.3055098],[-97.7478161,30.3054824],[-97.7482619,30.3051231],[-97.748376,30.3050245],[-97.748562,30.3049297],[-97.7486866,30.3048895],[-97.7487331,30.304864],[-97.7489655,30.3045904],[-97.7491029,30.3044645],[-97.7491304,30.3044262],[-97.7492593,30.3042985],[-97.7493332,30.3041872],[-97.7493797,30.3040212],[-97.74961,30.3036691],[-97.7499164,30.3032677],[-97.7500326,30.3030379],[-97.7500939,30.3028062],[-97.7500939,30.3026949],[-97.750039,30.3026237],[-97.7497136,30.302476],[-97.7494832,30.3021184],[-97.7492888,30.3017116],[-97.7490797,30.3014306],[-97.7487585,30.3011369],[-97.7477421,30.3003105],[-97.7474716,30.3000696],[-97.7472751,30.2997577],[-97.7471695,30.2995369],[-97.7471652,30.2994147],[-97.7471948,30.2992742],[-97.7472963,30.2991465],[-97.7474674,30.2990589],[-97.747609,30.299037],[-97.7478076,30.2991155],[-97.7482767,30.2990972],[-97.7489486,30.2989714],[-97.7492931,30.2987816],[-97.7493755,30.2987159],[-97.7496121,30.2984806],[-97.7501277,30.2977727],[-97.7501552,30.2975337],[-97.7501024,30.297375],[-97.7500411,30.297302],[-97.7496143,30.2970594],[-97.749479,30.2969389],[-97.7492529,30.2962621],[-97.7490691,30.2957932],[-97.7487902,30.2953042],[-97.7480886,30.2941931],[-97.7476437,30.2932815],[-97.7475344,30.2933097]]]},"properties":{"k":"area","u":"water","s":"water"}},{"type":"Feature","geometry":{"type":"Polygon","coordinates":[[[-97.7288645,30.2824616],[-97.7283623,30.2831465],[-97.7288785,30.2832655],[-97.7288645,30.2824616]]]},"properties":{"k":"area","u":"pitch","s":"grass"}},{"type":"Feature","geometry":{"type":"Polygon","coordinates":[[[-97.7324594,30.2820471],[-97.7324319,30.2823071],[-97.7329503,30.2823476],[-97.7329804,30.2820869],[-97.7324594,30.2820471]]]},"properties":{"k":"area","u":"pitch","s":"grass"}},{"type":"Feature","geometry":{"type":"Polygon","coordinates":[[[-97.7290695,30.2826442],[-97.7288934,30.2826321],[-97.7286551,30.2825558],[-97.7285334,30.2826638],[-97.7284055,30.282802],[-97.7282401,30.2830342],[-97.7283295,30.2831947],[-97.7289669,30.2833395],[-97.7290462,30.2833541],[-97.7290772,30.2832492],[-97.729043,30.2832032],[-97.7290294,30.2828275],[-97.7290695,30.2826442]]]},"properties":{"k":"area","u":"lawn","s":"grass"}},{"type":"Feature","geometry":{"type":"Polygon","coordinates":[[[-97.7305874,30.2827121],[-97.7305538,30.2827046],[-97.7305766,30.2826279],[-97.7305939,30.2826318],[-97.7306102,30.2826354],[-97.7305874,30.2827121]]]},"properties":{"k":"area","u":"track","s":"track"}},{"type":"Feature","geometry":{"type":"Polygon","coordinates":[[[-97.7307725,30.2821046],[-97.7307562,30.282101],[-97.7307389,30.2820971],[-97.7307617,30.2820204],[-97.7307953,30.2820279],[-97.7307725,30.2821046]]]},"properties":{"k":"area","u":"track","s":"track"}},{"type":"Feature","geometry":{"type":"Polygon","coordinates":[[[-97.7306311,30.2827203],[-97.7305974,30.2827129],[-97.7306202,30.2826362],[-97.7306375,30.28264],[-97.7306538,30.2826436],[-97.7306311,30.2827203]]]},"properties":{"k":"area","u":"track","s":"track"}},{"type":"Feature","geometry":{"type":"Polygon","coordinates":[[[-97.7308162,30.2821128],[-97.7307998,30.2821092],[-97.7307825,30.2821054],[-97.7308053,30.2820287],[-97.7308389,30.2820361],[-97.7308162,30.2821128]]]},"properties":{"k":"area","u":"track","s":"track"}},{"type":"Feature","geometry":{"type":"Polygon","coordinates":[[[-97.7305052,30.2828981],[-97.7305369,30.282905],[-97.7305689,30.282912],[-97.7305902,30.2828394],[-97.7305265,30.2828254],[-97.7305052,30.2828981]]]},"properties":{"k":"area","u":"track","s":"track"}},{"type":"Feature","geometry":{"type":"Polygon","coordinates":[[[-97.7304416,30.2833296],[-97.7304103,30.283323],[-97.730379,30.2833163],[-97.7303567,30.283394],[-97.7304193,30.2834073],[-97.7304416,30.2833296]]]},"properties":{"k":"area","u":"track","s":"track"}},{"type":"Feature","geometry":{"type":"Polygon","coordinates":[[[-97.7289207,30.2824106],[-97.7289137,30.2826297],[-97.7290538,30.2825976],[-97.7289207,30.2824106]]]},"properties":{"k":"area","u":"pitch","s":"dirt"}},{"type":"Feature","geometry":{"type":"Polygon","coordinates":[[[-97.7289652,30.2824504],[-97.7290167,30.2824682],[-97.7291628,30.2821529],[-97.7291113,30.2821351],[-97.7289652,30.2824504]]]},"properties":{"k":"area","u":"track","s":"track"}},{"type":"Feature","geometry":{"type":"Polygon","coordinates":[[[-97.7313267,30.2836321],[-97.7313642,30.2833724],[-97.7313072,30.2833654],[-97.7312422,30.2836196],[-97.7313267,30.2836321]]]},"properties":{"k":"area","u":"lawn","s":"grass"}},{"type":"Feature","geometry":{"type":"Polygon","coordinates":[[[-97.7312535,30.2848981],[-97.7312496,30.2849219],[-97.7309927,30.2849034],[-97.7309579,30.28489],[-97.730925,30.2848698],[-97.7309015,30.2848463],[-97.7308865,30.2848249],[-97.7308784,30.2848061],[-97.7308754,30.2847907],[-97.7311141,30.2840273],[-97.7311727,30.2840369],[-97.731218,30.2840443],[-97.7312242,30.2844976],[-97.7312535,30.2848981]]]},"properties":{"k":"area","u":"lawn","s":"grass"}},{"type":"Feature","geometry":{"type":"Polygon","coordinates":[[[-97.7320214,30.28244],[-97.7320244,30.2824067],[-97.7320048,30.2824045],[-97.7319825,30.282388],[-97.7319682,30.2823693],[-97.7319635,30.2823507],[-97.7319665,30.2823135],[-97.7319111,30.2823091],[-97.7318998,30.2824317],[-97.7320214,30.28244]]]},"properties":{"k":"area","u":"lawn","s":"grass"}},{"type":"Feature","geometry":{"type":"Polygon","coordinates":[[[-97.7317533,30.2824213],[-97.7317573,30.2823754],[-97.7317349,30.2823737],[-97.7317683,30.2820516],[-97.7318334,30.2820566],[-97.7318383,30.2820029],[-97.7316586,30.2819936],[-97.731617,30.2823011],[-97.7315875,30.2824089],[-97.7317533,30.2824213]]]},"properties":{"k":"area","u":"lawn","s":"grass"}},{"type":"Feature","geometry":{"type":"Polygon","coordinates":[[[-97.7314653,30.2830757],[-97.7314283,30.2830697],[-97.731391,30.2830637],[-97.7315124,30.2827117],[-97.7315467,30.2827189],[-97.7315613,30.2827331],[-97.7315346,30.2828086],[-97.7315124,30.2828919],[-97.7314901,30.2829742],[-97.7314653,30.2830757]]]},"properties":{"k":"area","u":"lawn","s":"grass"}},{"type":"Feature","geometry":{"type":"Polygon","coordinates":[[[-97.7313703,30.283326],[-97.7313173,30.2833202],[-97.731382,30.2831089],[-97.7314169,30.2831144],[-97.7313703,30.283326]]]},"properties":{"k":"area","u":"lawn","s":"grass"}},{"type":"Feature","geometry":{"type":"Polygon","coordinates":[[[-97.7294595,30.2868547],[-97.7295195,30.2869239],[-97.7295594,30.2870189],[-97.7295738,30.2871144],[-97.7295923,30.2872207],[-97.7296241,30.2873284],[-97.7296785,30.2874114],[-97.7297071,30.2874478],[-97.7297334,30.2874812],[-97.7297599,30.2874992],[-97.7298002,30.28741],[-97.7298354,30.28732],[-97.7298753,30.28719],[-97.7299188,30.2870435],[-97.7299651,30.2868976],[-97.7299152,30.2868874],[-97.7299245,30.2868593],[-97.7298099,30.2868674],[-97.7296603,30.2868787],[-97.7295829,30.2868782],[-97.7295329,30.2868715],[-97.7294595,30.2868547]]]},"properties":{"k":"area","u":"lawn","s":"grass"}},{"type":"Feature","geometry":{"type":"Polygon","coordinates":[[[-97.7297234,30.2856677],[-97.7296337,30.2856453],[-97.7294398,30.2862937],[-97.7292375,30.2862469],[-97.7291501,30.2865339],[-97.7291447,30.2865594],[-97.7291507,30.2865889],[-97.7291843,30.2866376],[-97.7292144,30.2866712],[-97.7292781,30.2867146],[-97.7293653,30.2867574],[-97.7294739,30.2867951],[-97.7295759,30.2868176],[-97.7296872,30.2868188],[-97.7297743,30.2868066],[-97.7298528,30.2867858],[-97.7298857,30.2867621],[-97.7299011,30.2867337],[-97.7298957,30.2867024],[-97.7298769,30.286663],[-97.7297723,30.2864529],[-97.7297643,30.2863944],[-97.7297656,30.2863301],[-97.729767,30.2862357],[-97.7297891,30.2861222],[-97.729828,30.286007],[-97.7298461,30.2859549],[-97.7298468,30.2859173],[-97.729834,30.2858732],[-97.7298025,30.2858333],[-97.7297723,30.2858043],[-97.7297475,30.2857789],[-97.7297274,30.2857464],[-97.72972,30.2857157],[-97.7297234,30.2856677]]]},"properties":{"k":"area","u":"lawn","s":"grass"}},{"type":"Feature","geometry":{"type":"Polygon","coordinates":[[[-97.7298414,30.2856046],[-97.7298106,30.2856202],[-97.7297837,30.2856457],[-97.7297656,30.2856781],[-97.7297663,30.2857175],[-97.7297878,30.2857557],[-97.729824,30.2857748],[-97.7298716,30.285787],[-97.7299259,30.2857841],[-97.7299641,30.2857592],[-97.7299829,30.2857291],[-97.7299889,30.2856943],[-97.7299869,30.2856642],[-97.7299681,30.2856272],[-97.7299299,30.2856086],[-97.7299031,30.2856028],[-97.7298756,30.2856017],[-97.7298414,30.2856046]]]},"properties":{"k":"area","u":"lawn","s":"grass"}},{"type":"Feature","geometry":{"type":"Polygon","coordinates":[[[-97.7301036,30.2853735],[-97.730064,30.2854118],[-97.7300322,30.2853753],[-97.7301036,30.2853735]]]},"properties":{"k":"area","u":"lawn","s":"grass"}},{"type":"Feature","geometry":{"type":"Polygon","coordinates":[[[-97.7305012,30.2852236],[-97.7304281,30.2852068],[-97.7303912,30.2852525],[-97.7303584,30.285278],[-97.7303111,30.2853073],[-97.7302578,30.2853324],[-97.7302156,30.2853625],[-97.730178,30.2853845],[-97.7301291,30.2854204],[-97.7300855,30.2854616],[-97.7300633,30.285494],[-97.7300473,30.2855484],[-97.7300439,30.2856324],[-97.7300452,30.285677],[-97.7300486,30.2857244],[-97.7300352,30.2857696],[-97.7300017,30.2858159],[-97.7299547,30.2858779],[-97.7299017,30.2859607],[-97.7298729,30.2860168],[-97.7298407,30.2861101],[-97.7298213,30.2862016],[-97.7298126,30.286322],[-97.7298159,30.2864089],[-97.7298675,30.2865374],[-97.7299145,30.2866434],[-97.7299594,30.2867233],[-97.7299802,30.2867389],[-97.7300131,30.2867482],[-97.7303503,30.2856277],[-97.7305012,30.2852236]]]},"properties":{"k":"area","u":"lawn","s":"grass"}},{"type":"Feature","geometry":{"type":"Polygon","coordinates":[[[-97.7292369,30.2853408],[-97.7295973,30.2854293],[-97.7296919,30.2854506],[-97.7296442,30.2856131],[-97.7297361,30.2856367],[-97.7297509,30.285615],[-97.7297777,30.2855878],[-97.7298059,30.2855721],[-97.7298427,30.2855629],[-97.7298984,30.2855594],[-97.7299433,30.2855693],[-97.7299742,30.2855716],[-97.7299842,30.2855629],[-97.7299929,30.2855484],[-97.7300017,30.2855229],[-97.7300124,30.2854859],[-97.7300131,30.2854471],[-97.7299996,30.2854239],[-97.7299708,30.2853926],[-97.7299373,30.2853776],[-97.7298897,30.2853672],[-97.7298307,30.2853533],[-97.729767,30.2853324],[-97.72972,30.2853185],[-97.7296731,30.2853122],[-97.7296221,30.2853064],[-97.7295772,30.2853029],[-97.7295423,30.2853064],[-97.7294746,30.2853093],[-97.7294096,30.2853232],[-97.7293586,30.2853295],[-97.729313,30.2853371],[-97.7292369,30.2853408]]]},"properties":{"k":"area","u":"lawn","s":"grass"}},{"type":"Feature","geometry":{"type":"Polygon","coordinates":[[[-97.7293487,30.2851394],[-97.729308,30.2851382],[-97.7292683,30.2851475],[-97.7292286,30.285166],[-97.7291963,30.2851941],[-97.7291786,30.2852346],[-97.7291762,30.2852728],[-97.7291843,30.2853063],[-97.7292278,30.2853151],[-97.7293036,30.2853139],[-97.7293962,30.2852977],[-97.7294666,30.2852855],[-97.7295618,30.2852809],[-97.7295712,30.2852757],[-97.7295712,30.2852682],[-97.7295611,30.2852566],[-97.7295363,30.2852386],[-97.7294914,30.2852114],[-97.7294397,30.2851807],[-97.7293888,30.2851552],[-97.7293487,30.2851394]]]},"properties":{"k":"area","u":"lawn","s":"grass"}},{"type":"Feature","geometry":{"type":"Polygon","coordinates":[[[-97.7302984,30.2844491],[-97.7302484,30.2843921],[-97.7301304,30.2843197],[-97.730007,30.284289],[-97.7298508,30.2842792],[-97.7297147,30.2842936],[-97.7296148,30.2843191],[-97.7296148,30.284351],[-97.729659,30.2843689],[-97.7297247,30.2843747],[-97.7298783,30.2843886],[-97.7299467,30.2844077],[-97.7300352,30.2844477],[-97.7301532,30.284463],[-97.7302286,30.2844604],[-97.7302984,30.2844491]]]},"properties":{"k":"area","u":"lawn","s":"grass"}},{"type":"Feature","geometry":{"type":"Polygon","coordinates":[[[-97.7294002,30.2838478],[-97.7292909,30.2842126],[-97.72937,30.284311],[-97.7293822,30.284326],[-97.7295195,30.284282],[-97.7296302,30.2842641],[-97.7297106,30.2842519],[-97.7297918,30.284245],[-97.7297361,30.2842097],[-97.7296999,30.2841732],[-97.7296878,30.2841419],[-97.7296536,30.2841176],[-97.7296027,30.2840904],[-97.7295537,30.2840331],[-97.7294002,30.2838478]]]},"properties":{"k":"area","u":"lawn","s":"grass"}},{"type":"Feature","geometry":{"type":"Polygon","coordinates":[[[-97.7306368,30.2848521],[-97.730758,30.2844517],[-97.7307728,30.2843961],[-97.7307822,30.2843562],[-97.7307374,30.2843459],[-97.7306282,30.2843578],[-97.7300172,30.2842214],[-97.7300315,30.2841635],[-97.7297202,30.2840897],[-97.7298141,30.283768],[-97.7298189,30.2837518],[-97.7298313,30.2837099],[-97.7294699,30.283626],[-97.7294116,30.28382],[-97.7296228,30.2840643],[-97.7296704,30.2840892],[-97.729716,30.2841251],[-97.7297301,30.284157],[-97.729769,30.2841923],[-97.7298421,30.2842322],[-97.7298655,30.2842395],[-97.7299128,30.284245],[-97.7299748,30.2842447],[-97.7300379,30.284254],[-97.7301207,30.2842751],[-97.7302444,30.284335],[-97.7303249,30.2843869],[-97.7304047,30.2844697],[-97.730459,30.2845611],[-97.7305254,30.2847117],[-97.7305468,30.2848026],[-97.7305544,30.2848501],[-97.7306166,30.284848],[-97.7306368,30.2848521]]]},"properties":{"k":"area","u":"lawn","s":"grass"}},{"type":"Feature","geometry":{"type":"Polygon","coordinates":[[[-97.7293013,30.2868826],[-97.7293029,30.2868747],[-97.7292875,30.2868686],[-97.7292728,30.2868541],[-97.7292691,30.2868287],[-97.7292687,30.2868188],[-97.7294367,30.2868683],[-97.7294709,30.2869068],[-97.7295098,30.2869543],[-97.7295393,30.2870371],[-97.7295517,30.287115],[-97.7295678,30.2872108],[-97.7295866,30.2872896],[-97.7296067,30.287346],[-97.7296536,30.2874219],[-97.729712,30.2874913],[-97.7297475,30.2875191],[-97.7296952,30.2876063],[-97.7296127,30.287685],[-97.7295343,30.2877557],[-97.7293854,30.28789],[-97.7292647,30.288],[-97.7292027,30.2880498],[-97.7291796,30.2880565],[-97.7291417,30.2880495],[-97.7290733,30.2880217],[-97.7289972,30.287989],[-97.7286559,30.2878321],[-97.7285549,30.2877823],[-97.7285254,30.2877571],[-97.7285285,30.2877267],[-97.7285419,30.2876969],[-97.7285747,30.2876665],[-97.7286247,30.2876349],[-97.7286807,30.287619],[-97.7287487,30.2876121],[-97.7288232,30.2876219],[-97.7289113,30.2876407],[-97.7290019,30.2876601],[-97.7290786,30.2876619],[-97.7291484,30.2876512],[-97.7291663,30.2876445],[-97.7292027,30.2876309],[-97.7292486,30.2875979],[-97.7292728,30.2875426],[-97.7292962,30.2873764],[-97.7292309,30.2873677],[-97.7292555,30.2872575],[-97.7293671,30.287283],[-97.7294505,30.2870104],[-97.7293068,30.2869776],[-97.7293338,30.2868901],[-97.7293013,30.2868826]]]},"properties":{"k":"area","u":"lawn","s":"grass"}},{"type":"Feature","geometry":{"type":"Polygon","coordinates":[[[-97.7282428,30.2861917],[-97.7286606,30.2862855],[-97.728682,30.2862247],[-97.728788,30.2862456],[-97.7288275,30.286271],[-97.7288765,30.2862925],[-97.7289241,30.2863347],[-97.7289455,30.2863984],[-97.7289455,30.286454],[-97.7289241,30.2864882],[-97.728902,30.2864972],[-97.728856,30.2865047],[-97.7287772,30.2864995],[-97.7287018,30.2864931],[-97.7286015,30.2864859],[-97.7284845,30.2864624],[-97.7283776,30.2864268],[-97.7282522,30.2863779],[-97.7282173,30.2863591],[-97.7281999,30.286335],[-97.7282428,30.2861917]]]},"properties":{"k":"area","u":"lawn","s":"grass"}},{"type":"Feature","geometry":{"type":"Polygon","coordinates":[[[-97.7280164,30.2863988],[-97.7280235,30.2863848],[-97.7280208,30.286364],[-97.7280091,30.2863423],[-97.7279923,30.2863243],[-97.7279615,30.2863069],[-97.7279099,30.2862815],[-97.7277674,30.2862276],[-97.7277037,30.2862126],[-97.7276688,30.2862045],[-97.7276195,30.2862004],[-97.7275451,30.2861969],[-97.7274767,30.2861984],[-97.727409,30.2861963],[-97.7273094,30.2861853],[-97.7272132,30.2861642],[-97.7271981,30.286214],[-97.7272724,30.2862301],[-97.7280164,30.2863988]]]},"properties":{"k":"area","u":"lawn","s":"grass"}},{"type":"Feature","geometry":{"type":"Polygon","coordinates":[[[-97.7280854,30.2861842],[-97.7280711,30.286234],[-97.7280463,30.2862612],[-97.7280115,30.2862757],[-97.7279793,30.2862716],[-97.7279471,30.2862618],[-97.7279196,30.286249],[-97.7278686,30.2862253],[-97.7278036,30.2862021],[-97.7277426,30.2861848],[-97.727646,30.2861668],[-97.7275629,30.286161],[-97.7275079,30.2861604],[-97.7274435,30.2861651],[-97.7273744,30.2861604],[-97.7273161,30.28615],[-97.7272524,30.2861373],[-97.7272269,30.2861309],[-97.7272678,30.2859925],[-97.727359,30.2860119],[-97.7280859,30.2861813],[-97.7280854,30.2861842]]]},"properties":{"k":"area","u":"lawn","s":"grass"}},{"type":"Feature","geometry":{"type":"Polygon","coordinates":[[[-97.7290771,30.2867755],[-97.7291729,30.2867962],[-97.7291776,30.2867667],[-97.7291675,30.2867105],[-97.7291387,30.2866625],[-97.7291058,30.2866277],[-97.7290488,30.2865959],[-97.7289744,30.2865745],[-97.7288892,30.2865635],[-97.7287705,30.2865542],[-97.7286619,30.2865472],[-97.7285881,30.2865403],[-97.7284721,30.2865177],[-97.7283776,30.2864864],[-97.7282703,30.2864505],[-97.728216,30.2864343],[-97.7281617,30.2864372],[-97.7280195,30.2869045],[-97.7280758,30.286923],[-97.7281697,30.2869584],[-97.7282777,30.2870105],[-97.7283742,30.2870579],[-97.7284849,30.2871222],[-97.7285694,30.2871824],[-97.7286183,30.2872264],[-97.7286357,30.2872279],[-97.7286612,30.2872247],[-97.7287021,30.2872192],[-97.7287414,30.2872149],[-97.7287652,30.2872207],[-97.7287856,30.2872253],[-97.7287999,30.287188],[-97.7287379,30.2871739],[-97.728874,30.2867291],[-97.7290771,30.2867755]]]},"properties":{"k":"area","u":"lawn","s":"grass"}},{"type":"Feature","geometry":{"type":"Polygon","coordinates":[[[-97.7293666,30.283758],[-97.7294075,30.2836121],[-97.7290478,30.2835273],[-97.7290389,30.2835278],[-97.7290305,30.283532],[-97.7290242,30.2835385],[-97.7290205,30.2835452],[-97.7290173,30.2835551],[-97.7289828,30.2836685],[-97.7293666,30.283758]]]},"properties":{"k":"area","u":"lawn","s":"grass"}},{"type":"Feature","geometry":{"type":"Polygon","coordinates":[[[-97.7287984,30.2861453],[-97.7291477,30.2862261],[-97.7290642,30.2864969],[-97.7290535,30.2865119],[-97.7290354,30.2865212],[-97.729018,30.2865223],[-97.7290079,30.2865218],[-97.7290032,30.2865137],[-97.7290045,30.2864974],[-97.7290059,30.2864668],[-97.7290052,30.2864245],[-97.7289911,30.2863764],[-97.7289764,30.2863417],[-97.7289368,30.2862936],[-97.7288973,30.2862664],[-97.7288597,30.2862508],[-97.7288262,30.2862317],[-97.7288034,30.2862114],[-97.7287953,30.2861871],[-97.7287953,30.2861622],[-97.7287984,30.2861453]]]},"properties":{"k":"area","u":"lawn","s":"grass"}},{"type":"Feature","geometry":{"type":"Polygon","coordinates":[[[-97.7305846,30.283717],[-97.7305529,30.2837099],[-97.7306235,30.2834773],[-97.7306533,30.283484],[-97.730644,30.2835147],[-97.7306356,30.2835127],[-97.7306205,30.2835594],[-97.7306316,30.2835621],[-97.7305846,30.283717]]]},"properties":{"k":"area","u":"lawn","s":"grass"}},{"type":"Feature","geometry":{"type":"Polygon","coordinates":[[[-97.7307023,30.2837444],[-97.730778,30.2834895],[-97.7309171,30.2835218],[-97.7309919,30.2835399],[-97.7309188,30.2837645],[-97.7308949,30.283761],[-97.7308878,30.2837865],[-97.7307023,30.2837444]]]},"properties":{"k":"area","u":"lawn","s":"grass"}},{"type":"Feature","geometry":{"type":"Polygon","coordinates":[[[-97.7288012,30.2872538],[-97.7289209,30.2872832],[-97.7289294,30.2872621],[-97.7291353,30.2873095],[-97.7291259,30.2873536],[-97.7291029,30.2874597],[-97.7290934,30.2874731],[-97.7290798,30.2874832],[-97.7290498,30.2874972],[-97.7290367,30.287502],[-97.729027,30.2875],[-97.7289221,30.2874123],[-97.7288299,30.2873414],[-97.7288094,30.2873197],[-97.728798,30.2872994],[-97.7287947,30.2872783],[-97.728797,30.2872649],[-97.7288012,30.2872538]]]},"properties":{"k":"area","u":"lawn","s":"grass"}},{"type":"Feature","geometry":{"type":"Polygon","coordinates":[[[-97.7280135,30.2869363],[-97.727936,30.2871787],[-97.7276983,30.2871251],[-97.72765,30.287113],[-97.7276199,30.287113],[-97.7276038,30.2871222],[-97.727591,30.2871367],[-97.7275863,30.2871477],[-97.7275417,30.2873046],[-97.7283798,30.2877028],[-97.7283923,30.287704],[-97.7284143,30.2877036],[-97.7284339,30.2877018],[-97.728447,30.2876983],[-97.7284658,30.2876862],[-97.7284822,30.2876693],[-97.7285067,30.2876444],[-97.7285244,30.2876279],[-97.7285559,30.2876058],[-97.7285908,30.2875859],[-97.7286109,30.2875763],[-97.7286391,30.2875681],[-97.7286857,30.2875608],[-97.72873,30.2875559],[-97.7287688,30.2875574],[-97.7288071,30.2875597],[-97.7288446,30.2875585],[-97.7288818,30.2875524],[-97.7289253,30.2875372],[-97.7289668,30.2875259],[-97.7290026,30.2875141],[-97.729001,30.2875041],[-97.7288175,30.2873602],[-97.728794,30.2873382],[-97.7287789,30.2873162],[-97.7287709,30.2872838],[-97.7287715,30.287258],[-97.7287719,30.2872453],[-97.7287454,30.287238],[-97.728676,30.2872496],[-97.7286424,30.2872554],[-97.7286072,30.2872528],[-97.7285834,30.2872374],[-97.7285305,30.2871868],[-97.7284567,30.2871324],[-97.7283447,30.2870684],[-97.7282153,30.2870061],[-97.7281248,30.2869659],[-97.7280135,30.2869363]]]},"properties":{"k":"area","u":"lawn","s":"grass"}},{"type":"Feature","geometry":{"type":"Polygon","coordinates":[[[-97.7350469,30.2878593],[-97.7349128,30.2878489],[-97.7348994,30.2879566],[-97.7347599,30.2880492],[-97.7348068,30.2885368],[-97.7349061,30.2887719],[-97.7350013,30.2892397],[-97.7347371,30.2891725],[-97.7346312,30.2888112],[-97.7345306,30.2886097],[-97.7341175,30.2880319],[-97.7338976,30.2877956],[-97.7337688,30.2876069],[-97.7337205,30.2875374],[-97.7336749,30.2874077],[-97.7336454,30.2872386],[-97.7336401,30.2871772],[-97.7336696,30.2871402],[-97.7336696,30.2871043],[-97.7351207,30.2872154],[-97.7351127,30.287264],[-97.7350469,30.2878593]]]},"properties":{"k":"area","u":"construction","s":"dirt","name":"102-1347 Engineering Discovery Building"}},{"type":"Feature","geometry":{"type":"Polygon","coordinates":[[[-97.7331854,30.2812982],[-97.7320106,30.2810324],[-97.7322172,30.2803873],[-97.7321735,30.2803038],[-97.7323258,30.2800202],[-97.7338439,30.2803954],[-97.7334335,30.28081],[-97.7331854,30.2812982]]]},"properties":{"k":"area","u":"construction","s":"dirt","name":"102-1471: Football Training Complex"}},{"type":"Feature","geometry":{"type":"Polygon","coordinates":[[[-97.7411073,30.2912489],[-97.7402061,30.2911817],[-97.7402598,30.2904707],[-97.7411851,30.2905517],[-97.7411073,30.2912489]]]},"properties":{"k":"area","u":"construction","s":"dirt","name":"CP1003754: Whitis Court Residence Halls"}},{"type":"Feature","geometry":{"type":"Polygon","coordinates":[[[-97.7513486,30.2809432],[-97.7512762,30.280949],[-97.751181,30.2809687],[-97.7510898,30.2810822],[-97.7510187,30.2812084],[-97.7518677,30.2823902],[-97.7523346,30.2827627],[-97.7525519,30.2827558],[-97.7525868,30.2827025],[-97.7525278,30.2824107],[-97.7523481,30.2821304],[-97.7522381,30.2820401],[-97.7520128,30.2820076],[-97.7518116,30.2819243],[-97.7516399,30.2817459],[-97.751589,30.2816116],[-97.7515675,30.2814332],[-97.751589,30.2812827],[-97.7515729,30.2811321],[-97.75153,30.281051],[-97.7515219,30.2810186],[-97.7513486,30.2809432]]]},"properties":{"k":"area","u":"lawn","s":"grass","name":"Kingsbury Commons"}},{"type":"Feature","geometry":{"type":"Polygon","coordinates":[[[-97.7340229,30.2814855],[-97.7344706,30.2817982],[-97.7351319,30.281092],[-97.7346844,30.2807794],[-97.7340229,30.2814855]]]},"properties":{"k":"area","u":"pitch","s":"grass","name":"Clark Field"}},{"type":"Feature","geometry":{"type":"Polygon","coordinates":[[[-97.7323535,30.2861489],[-97.7323421,30.2861304],[-97.7323329,30.2861061],[-97.7323345,30.2860801],[-97.7323455,30.2860237],[-97.7323522,30.2859812],[-97.7323637,30.2859651],[-97.7323827,30.2859611],[-97.7324176,30.285981],[-97.7324573,30.286017],[-97.7324978,30.2860455],[-97.7325111,30.2860574],[-97.732511,30.2860782],[-97.7324991,30.2861045],[-97.7324896,30.2861248],[-97.732471,30.2861525],[-97.7324449,30.2861928],[-97.7324258,30.2862039],[-97.7323999,30.2861972],[-97.7323664,30.2861648],[-97.7323535,30.2861489]]]},"properties":{"k":"area","u":"lawn","s":"grass"}},{"type":"Feature","geometry":{"type":"Polygon","coordinates":[[[-97.732412,30.2853057],[-97.7324089,30.2853491],[-97.7324011,30.2853873],[-97.7323738,30.2854151],[-97.7323435,30.2854323],[-97.7323081,30.2854442],[-97.7321406,30.285447],[-97.7319394,30.285428],[-97.7318158,30.2854202],[-97.7317698,30.285403],[-97.7317271,30.2853547],[-97.7316603,30.2852756],[-97.7316431,30.2852487],[-97.7316431,30.2852361],[-97.7323982,30.2852942],[-97.7324064,30.2852984],[-97.732412,30.2853057]]]},"properties":{"k":"area","u":"lawn","s":"grass"}},{"type":"Feature","geometry":{"type":"Polygon","coordinates":[[[-97.7357098,30.2814299],[-97.7353299,30.2814006],[-97.7353779,30.2809141],[-97.7357609,30.2809453],[-97.7357098,30.2814299]]]},"properties":{"k":"area","u":"lawn","s":"grass","name":"Caven-Clark Courts"}},{"type":"Feature","geometry":{"type":"Polygon","coordinates":[[[-97.7325094,30.2860259],[-97.7324773,30.2860028],[-97.7324178,30.2859606],[-97.7323866,30.2859434],[-97.7323807,30.2859189],[-97.7324239,30.2858833],[-97.7324786,30.2858561],[-97.7325352,30.2858269],[-97.7325701,30.2858094],[-97.7325836,30.2858091],[-97.732596,30.2858125],[-97.732582,30.2858668],[-97.7325457,30.2859753],[-97.7325356,30.2860199],[-97.7325295,30.2860313],[-97.7325094,30.2860259]]]},"properties":{"k":"area","u":"lawn","s":"grass"}},{"type":"Feature","geometry":{"type":"Polygon","coordinates":[[[-97.7321614,30.2859343],[-97.7320405,30.2859245],[-97.7320195,30.2859219],[-97.7320181,30.2859377],[-97.7319714,30.2862246],[-97.7319512,30.2862626],[-97.7319181,30.2862817],[-97.7320777,30.2864471],[-97.7322944,30.2863325],[-97.7323638,30.2862664],[-97.7323832,30.2862451],[-97.7323861,30.2862291],[-97.7323619,30.2861996],[-97.7323217,30.2861639],[-97.732304,30.2861207],[-97.7323053,30.2860719],[-97.7323234,30.2859856],[-97.732327,30.2859521],[-97.7322715,30.2859391],[-97.7321614,30.2859343]]]},"properties":{"k":"area","u":"lawn","s":"grass"}},{"type":"Feature","geometry":{"type":"Polygon","coordinates":[[[-97.7360559,30.2814659],[-97.7360626,30.2814113],[-97.7359993,30.2814056],[-97.7359927,30.2814601],[-97.7360559,30.2814659]]]},"properties":{"k":"area","u":"lawn","s":"grass"}},{"type":"Feature","geometry":{"type":"Polygon","coordinates":[[[-97.7308801,30.2859427],[-97.7308127,30.2860574],[-97.7307034,30.2861559],[-97.7305734,30.2862652],[-97.7304864,30.2863469],[-97.7304391,30.2864065],[-97.7303808,30.2864071],[-97.7303632,30.2863676],[-97.7303937,30.286256],[-97.7305472,30.2857531],[-97.7306132,30.2855316],[-97.7306392,30.2855175],[-97.730726,30.2855734],[-97.7308679,30.2856329],[-97.7309367,30.2856557],[-97.7309408,30.2856833],[-97.7309209,30.2857893],[-97.7309036,30.285897],[-97.7308801,30.2859427]]]},"properties":{"k":"area","u":"lawn","s":"grass"}},{"type":"Feature","geometry":{"type":"Polygon","coordinates":[[[-97.7358307,30.2812717],[-97.7357958,30.2812681],[-97.7357799,30.281272],[-97.7357716,30.2812849],[-97.7357587,30.281414],[-97.7358172,30.2814157],[-97.7358307,30.2812717]]]},"properties":{"k":"area","u":"lawn","s":"grass"}},{"type":"Feature","geometry":{"type":"Polygon","coordinates":[[[-97.7363493,30.2814891],[-97.736356,30.2814345],[-97.7362928,30.2814288],[-97.7362861,30.2814834],[-97.7363493,30.2814891]]]},"properties":{"k":"area","u":"lawn","s":"grass"}},{"type":"Feature","geometry":{"type":"Polygon","coordinates":[[[-97.7378103,30.2812979],[-97.7377974,30.2812869],[-97.7377971,30.2812775],[-97.7377962,30.2812651],[-97.7378334,30.2811432],[-97.7379269,30.2810769],[-97.7379395,30.2810672],[-97.7379524,30.2810674],[-97.7379656,30.2810694],[-97.7380156,30.28111],[-97.7378103,30.2812979]]]},"properties":{"k":"area","u":"lawn","s":"grass"}},{"type":"Feature","geometry":{"type":"Polygon","coordinates":[[[-97.737904,30.2813776],[-97.7378833,30.2815856],[-97.7378722,30.2815858],[-97.7378659,30.2816687],[-97.7379244,30.2816724],[-97.7379161,30.2817602],[-97.7378531,30.2817554],[-97.7378486,30.2817822],[-97.7377741,30.281777],[-97.7377785,30.281733],[-97.7377161,30.2817279],[-97.7377219,30.2816622],[-97.7377864,30.2816653],[-97.7377941,30.2815789],[-97.7377832,30.2815773],[-97.7378048,30.2813698],[-97.7377763,30.2813678],[-97.7377058,30.2814487],[-97.7376179,30.2816495],[-97.7376408,30.2817332],[-97.7376313,30.2817465],[-97.7377118,30.2818364],[-97.7377349,30.2818526],[-97.7377638,30.2818574],[-97.7378966,30.2818568],[-97.7379159,30.281849],[-97.7380129,30.2817194],[-97.7379832,30.281638],[-97.7379746,30.2815797],[-97.737941,30.2815313],[-97.7379388,30.2814884],[-97.7379507,30.2813835],[-97.737904,30.2813776]]]},"properties":{"k":"area","u":"lawn","s":"grass"}},{"type":"Feature","geometry":{"type":"Polygon","coordinates":[[[-97.7302512,30.2867469],[-97.730259,30.2867659],[-97.7302835,30.2867761],[-97.7303319,30.2867892],[-97.7303865,30.286796],[-97.7304341,30.2867793],[-97.7304573,30.2867582],[-97.7304858,30.2865144],[-97.7304598,30.2864879],[-97.7303988,30.2864736],[-97.730352,30.2864692],[-97.7303361,30.286473],[-97.7303223,30.2865031],[-97.7302512,30.2867469]]]},"properties":{"k":"area","u":"lawn","s":"grass"}},{"type":"Feature","geometry":{"type":"Polygon","coordinates":[[[-97.7301676,30.2869197],[-97.7300802,30.2872178],[-97.730062,30.2872163],[-97.7300536,30.2871454],[-97.7300685,30.2870934],[-97.7300811,30.287047],[-97.7301081,30.2870033],[-97.7301401,30.2869534],[-97.7301676,30.2869197]]]},"properties":{"k":"area","u":"lawn","s":"grass"}},{"type":"Feature","geometry":{"type":"Polygon","coordinates":[[[-97.7391326,30.283831],[-97.7390604,30.2838257],[-97.7390665,30.2837636],[-97.7391386,30.2837688],[-97.7391326,30.283831]]]},"properties":{"k":"area","u":"lawn","s":"grass"}},{"type":"Feature","geometry":{"type":"Polygon","coordinates":[[[-97.7301101,30.2869603],[-97.7300677,30.2870068],[-97.7300894,30.2869416],[-97.7301204,30.2868487],[-97.7301647,30.2868554],[-97.7301565,30.2868949],[-97.7301358,30.2869244],[-97.7301101,30.2869603]]]},"properties":{"k":"area","u":"lawn","s":"grass"}},{"type":"Feature","geometry":{"type":"Polygon","coordinates":[[[-97.7379603,30.2812357],[-97.7379555,30.2812445],[-97.7379529,30.2812637],[-97.737949,30.2812901],[-97.7379513,30.2813226],[-97.7379263,30.2813328],[-97.7379102,30.2812988],[-97.7379109,30.281235],[-97.7380222,30.2811349],[-97.7380033,30.28119],[-97.7379603,30.2812357]]]},"properties":{"k":"area","u":"lawn","s":"grass"}},{"type":"Feature","geometry":{"type":"Polygon","coordinates":[[[-97.7369097,30.2824059],[-97.7366325,30.2823847],[-97.7366461,30.2822524],[-97.7369233,30.2822735],[-97.7369097,30.2824059]]]},"properties":{"k":"area","u":"lawn","s":"grass"}},{"type":"Feature","geometry":{"type":"Polygon","coordinates":[[[-97.7273717,30.2792839],[-97.7274059,30.279255],[-97.7274217,30.279225],[-97.7274264,30.2791904],[-97.7274161,30.2791558],[-97.7273954,30.2791235],[-97.7273589,30.2790969],[-97.7273267,30.2790874],[-97.7272917,30.2790897],[-97.727258,30.2791096],[-97.7272383,30.2791366],[-97.7272383,30.279162],[-97.7272555,30.2792462],[-97.727268,30.2792687],[-97.727287,30.2792818],[-97.7273096,30.2792905],[-97.727328,30.2792933],[-97.7273496,30.2792919],[-97.7273717,30.2792839]]]},"properties":{"k":"area","u":"lawn","s":"grass"}},{"type":"Feature","geometry":{"type":"Polygon","coordinates":[[[-97.7272357,30.2823365],[-97.7271543,30.2822939],[-97.727366,30.2819661],[-97.7273733,30.2819503],[-97.7273858,30.2819473],[-97.7274164,30.2819537],[-97.7272947,30.2822221],[-97.7272357,30.2823365]]]},"properties":{"k":"area","u":"lawn","s":"grass"}},{"type":"Feature","geometry":{"type":"Polygon","coordinates":[[[-97.7339713,30.2822999],[-97.7339766,30.2823186],[-97.7339965,30.2823122],[-97.7340119,30.282297],[-97.7340189,30.2822773],[-97.734015,30.2822507],[-97.7339954,30.2822318],[-97.7339741,30.2822224],[-97.7339505,30.2822236],[-97.7339366,30.2822287],[-97.7339314,30.2822334],[-97.7339427,30.2822465],[-97.7339627,30.2822406],[-97.7339841,30.2822479],[-97.733994,30.2822577],[-97.7339974,30.2822717],[-97.733995,30.2822853],[-97.7339855,30.2822954],[-97.7339713,30.2822999]]]},"properties":{"k":"area","u":"lawn","s":"grass"}},{"type":"Feature","geometry":{"type":"Polygon","coordinates":[[[-97.7339833,30.2823304],[-97.7339877,30.282348],[-97.7340295,30.2823305],[-97.7340554,30.2823032],[-97.73406,30.2822662],[-97.7340478,30.2822338],[-97.7340237,30.2822085],[-97.7339961,30.2821911],[-97.7339622,30.2821884],[-97.7339371,30.2821916],[-97.7339087,30.282205],[-97.7339217,30.2822198],[-97.7339513,30.2822082],[-97.7339809,30.282209],[-97.7340026,30.2822178],[-97.7340219,30.282233],[-97.7340346,30.2822588],[-97.7340317,30.2822933],[-97.7340158,30.2823153],[-97.733994,30.2823286],[-97.7339833,30.2823304]]]},"properties":{"k":"area","u":"lawn","s":"grass"}},{"type":"Feature","geometry":{"type":"Polygon","coordinates":[[[-97.7348846,30.2856196],[-97.7340478,30.2855525],[-97.7338399,30.2854598],[-97.7338734,30.2851448],[-97.7342825,30.2851807],[-97.7343817,30.28508],[-97.7345373,30.2850487],[-97.7346204,30.285051],[-97.7347747,30.2851228],[-97.7348833,30.2852421],[-97.7349047,30.2854378],[-97.7348846,30.2856196]]]},"properties":{"k":"area","u":"construction","s":"dirt","name":"East Mall Improvements"}},{"type":"Feature","geometry":{"type":"Polygon","coordinates":[[[-97.7277639,30.2829116],[-97.7276589,30.283022],[-97.7276567,30.2830416],[-97.7276633,30.2830497],[-97.7276793,30.2830567],[-97.7276836,30.2830496],[-97.7277065,30.2830562],[-97.7277041,30.2830631],[-97.727869,30.2831037],[-97.7279197,30.2830811],[-97.7279806,30.2829612],[-97.72803,30.2828753],[-97.7280954,30.282777],[-97.728192,30.2826545],[-97.7282607,30.2825817],[-97.7283252,30.2825049],[-97.7283686,30.2824359],[-97.7283715,30.2824265],[-97.7283665,30.2824272],[-97.7281293,30.2826127],[-97.727996,30.2827119],[-97.727866,30.2828195],[-97.7278747,30.2828264],[-97.7278654,30.2828344],[-97.7278553,30.2828263],[-97.7277639,30.2829116]]]},"properties":{"k":"area","u":"lawn","s":"grass"}},{"type":"Feature","geometry":{"type":"Polygon","coordinates":[[[-97.7377983,30.2902866],[-97.7377948,30.2903324],[-97.7378118,30.2903349],[-97.7378048,30.2904345],[-97.7376177,30.2904262],[-97.7375853,30.2906653],[-97.7375939,30.2906859],[-97.7376078,30.2907072],[-97.7377785,30.2907162],[-97.7378068,30.2907103],[-97.737824,30.2907016],[-97.7378614,30.2903516],[-97.7377983,30.2902866]]]},"properties":{"k":"area","u":"lawn","s":"grass"}},{"type":"Feature","geometry":{"type":"Polygon","coordinates":[[[-97.7372958,30.2900925],[-97.7372976,30.2900597],[-97.7373137,30.290033],[-97.7373478,30.2900135],[-97.7373971,30.2900105],[-97.7374257,30.2900129],[-97.7374504,30.2900241],[-97.7374758,30.2900429],[-97.7374911,30.2900595],[-97.7375056,30.2900808],[-97.7375097,30.2901041],[-97.7375099,30.2901304],[-97.7374275,30.2901271],[-97.7373945,30.2904307],[-97.7375171,30.2904383],[-97.737514,30.2904876],[-97.7375388,30.2904904],[-97.737523,30.2906663],[-97.7375122,30.290681],[-97.7374957,30.2906879],[-97.7374742,30.2906899],[-97.7374744,30.2906794],[-97.7374399,30.2906777],[-97.7374401,30.2906856],[-97.737427,30.2906857],[-97.7374293,30.2906225],[-97.7373397,30.2906148],[-97.7373681,30.2902286],[-97.7373295,30.2902254],[-97.7372279,30.2902191],[-97.7371888,30.2901892],[-97.7371841,30.2901489],[-97.7371873,30.2900743],[-97.7372158,30.2900032],[-97.7372508,30.2899694],[-97.7372712,30.2899494],[-97.7372925,30.2899454],[-97.7373048,30.2899442],[-97.7373077,30.2899503],[-97.7372587,30.2899909],[-97.7372394,30.2900422],[-97.7372382,30.2900939],[-97.7372684,30.2901356],[-97.7372956,30.2901489],[-97.73733,30.2901603],[-97.7373676,30.290153],[-97.7373818,30.2901327],[-97.7373818,30.2901075],[-97.7373625,30.2900866],[-97.737341,30.2900742],[-97.7373243,30.2900744],[-97.7373095,30.2900825],[-97.7372958,30.2900925]]]},"properties":{"k":"area","u":"lawn","s":"grass"}},{"type":"Feature","geometry":{"type":"Polygon","coordinates":[[[-97.7375259,30.2900947],[-97.7375415,30.2899327],[-97.7373782,30.289921],[-97.7373803,30.289933],[-97.7373357,30.2899506],[-97.7372974,30.2899822],[-97.737262,30.2900284],[-97.7372499,30.2900735],[-97.7372605,30.2901038],[-97.7372822,30.2901242],[-97.7372792,30.2900808],[-97.7372905,30.2900388],[-97.7373154,30.2900113],[-97.7373526,30.2899964],[-97.7373929,30.2899871],[-97.7374379,30.289995],[-97.7374761,30.2900165],[-97.7374989,30.2900364],[-97.737518,30.2900593],[-97.7375259,30.2900947]]]},"properties":{"k":"area","u":"lawn","s":"grass"}},{"type":"Feature","geometry":{"type":"Polygon","coordinates":[[[-97.7379232,30.2910909],[-97.737981,30.291096],[-97.7379592,30.2912907],[-97.7378992,30.2913169],[-97.7379232,30.2910909]]]},"properties":{"k":"area","u":"lawn","s":"grass"}},{"type":"Feature","geometry":{"type":"Polygon","coordinates":[[[-97.7379809,30.2911459],[-97.7379862,30.2910956],[-97.7380289,30.2910995],[-97.7380363,30.2911028],[-97.7380403,30.291107],[-97.7380403,30.2911124],[-97.7380388,30.2911183],[-97.738034,30.2911237],[-97.7379809,30.2911459]]]},"properties":{"k":"area","u":"lawn","s":"grass"}},{"type":"Feature","geometry":{"type":"Polygon","coordinates":[[[-97.738313,30.2909782],[-97.7380912,30.2909647],[-97.7380905,30.2909489],[-97.7380845,30.2909366],[-97.7380735,30.2909281],[-97.7380784,30.2908776],[-97.738216,30.2908905],[-97.7382721,30.2909458],[-97.7382721,30.2909549],[-97.7383146,30.2909585],[-97.738313,30.2909782]]]},"properties":{"k":"area","u":"lawn","s":"grass"}},{"type":"Feature","geometry":{"type":"Polygon","coordinates":[[[-97.7379506,30.2913913],[-97.7379208,30.2913738],[-97.7379066,30.2913738],[-97.7378977,30.2913775],[-97.7378743,30.2916246],[-97.7378919,30.2916462],[-97.7379231,30.2916459],[-97.7379506,30.2913913]]]},"properties":{"k":"area","u":"lawn","s":"grass"}},{"type":"Feature","geometry":{"type":"Polygon","coordinates":[[[-97.7395332,30.2898481],[-97.739286,30.2898289],[-97.7392266,30.2898683],[-97.7392238,30.2898991],[-97.73927,30.2899015],[-97.7392723,30.28989],[-97.7392864,30.2898861],[-97.7394684,30.2899009],[-97.7394722,30.289871],[-97.7394823,30.2898669],[-97.7395271,30.2898703],[-97.7395266,30.2898546],[-97.7395333,30.289854],[-97.7395332,30.2898481]]]},"properties":{"k":"area","u":"lawn","s":"grass"}},{"type":"Feature","geometry":{"type":"Polygon","coordinates":[[[-97.7397599,30.2898954],[-97.7397991,30.289897],[-97.7397971,30.289922],[-97.7397578,30.2899191],[-97.7397583,30.2899232],[-97.7398707,30.2899331],[-97.7398749,30.2898901],[-97.7398816,30.2898891],[-97.7399289,30.289891],[-97.7399313,30.2898753],[-97.7399376,30.2898755],[-97.739942,30.289825],[-97.7398735,30.2898195],[-97.7398755,30.2898064],[-97.7398569,30.2898184],[-97.7398461,30.289832],[-97.7398343,30.2898407],[-97.7398019,30.2898591],[-97.7397746,30.2898664],[-97.7397626,30.2898685],[-97.7397599,30.2898954]]]},"properties":{"k":"area","u":"lawn","s":"grass"}},{"type":"Feature","geometry":{"type":"Polygon","coordinates":[[[-97.7392001,30.2900035],[-97.7392166,30.2898466],[-97.7391898,30.2898671],[-97.7391816,30.2898785],[-97.7391718,30.2899749],[-97.739173,30.289988],[-97.7391811,30.2899975],[-97.7392001,30.2900035]]]},"properties":{"k":"area","u":"lawn","s":"grass"}},{"type":"Feature","geometry":{"type":"Polygon","coordinates":[[[-97.739297,30.289993],[-97.7392325,30.2899886],[-97.7392313,30.2900026],[-97.7392147,30.2900014],[-97.7392227,30.2899142],[-97.7392632,30.289917],[-97.73926,30.2899514],[-97.7393005,30.2899541],[-97.739297,30.289993]]]},"properties":{"k":"area","u":"lawn","s":"grass"}},{"type":"Feature","geometry":{"type":"Polygon","coordinates":[[[-97.7395041,30.2839261],[-97.7394139,30.2839204],[-97.739411,30.2838744],[-97.7394148,30.2838421],[-97.7394343,30.2838084],[-97.7394547,30.2837874],[-97.7394731,30.2837753],[-97.7394802,30.2837846],[-97.7394968,30.2837781],[-97.7395083,30.2837804],[-97.739519,30.2837908],[-97.7394845,30.2838159],[-97.7394699,30.283845],[-97.7394677,30.2838715],[-97.7394765,30.2838949],[-97.7394895,30.2839132],[-97.7395041,30.2839261]]]},"properties":{"k":"area","u":"lawn","s":"grass"}},{"type":"Feature","geometry":{"type":"Polygon","coordinates":[[[-97.7397257,30.2839404],[-97.7397575,30.2839237],[-97.7397719,30.2838992],[-97.7397771,30.2838729],[-97.7397739,30.2838461],[-97.7397607,30.2838274],[-97.7397386,30.2838089],[-97.7397492,30.2837999],[-97.7397649,30.2837969],[-97.7397762,30.2838043],[-97.7397851,30.2837967],[-97.7398102,30.2838234],[-97.7398258,30.2838542],[-97.7398312,30.2838815],[-97.7398328,30.2839096],[-97.7398282,30.2839315],[-97.7398173,30.2839489],[-97.7397257,30.2839404]]]},"properties":{"k":"area","u":"lawn","s":"grass"}},{"type":"Feature","geometry":{"type":"Polygon","coordinates":[[[-97.7350651,30.2854871],[-97.7350389,30.2855115],[-97.7350076,30.2854848],[-97.734981,30.285449],[-97.7349687,30.2854032],[-97.734966,30.2853593],[-97.7349724,30.2853167],[-97.7349986,30.2852845],[-97.7350325,30.2852479],[-97.7350581,30.2852271],[-97.7350658,30.2852271],[-97.7350889,30.285253],[-97.7350404,30.2852882],[-97.7350107,30.285345],[-97.7350042,30.2853931],[-97.7350184,30.2854383],[-97.7350441,30.2854684],[-97.7350651,30.2854871]]]},"properties":{"k":"area","u":"lawn","s":"grass"}},{"type":"Feature","geometry":{"type":"Polygon","coordinates":[[[-97.7318494,30.2776511],[-97.7323858,30.2778086],[-97.7327184,30.2779939],[-97.7327828,30.2777993],[-97.7328471,30.2776233],[-97.7332012,30.2766736],[-97.7332656,30.2765207],[-97.7332963,30.2764053],[-97.7327335,30.2762508],[-97.7326335,30.2761987],[-97.731667,30.2759324],[-97.7316348,30.2760574],[-97.7314846,30.2764281],[-97.7313988,30.2766504],[-97.7311144,30.2773639],[-97.7310662,30.2775399],[-97.7314685,30.2775445],[-97.7318494,30.2776511]]]},"properties":{"k":"area","u":"construction","s":"dirt"}},{"type":"Feature","geometry":{"type":"Polygon","coordinates":[[[-97.7303651,30.2832973],[-97.7302721,30.2832759],[-97.7302069,30.2833151],[-97.7301358,30.2833446],[-97.7300599,30.2833644],[-97.7299818,30.2833735],[-97.7299026,30.2833721],[-97.729825,30.2833599],[-97.7297502,30.2833373],[-97.7296807,30.2833051],[-97.7296176,30.2832637],[-97.7295631,30.2832145],[-97.729518,30.2831582],[-97.7294836,30.2830969],[-97.7294825,30.2830943],[-97.7293916,30.2830733],[-97.7297676,30.2818358],[-97.7298809,30.281862],[-97.729878,30.2818718],[-97.7299152,30.2818511],[-97.7299865,30.2818213],[-97.7300368,30.2818082],[-97.730062,30.2818016],[-97.7301405,30.2817922],[-97.7302194,30.2817936],[-97.7302973,30.2818057],[-97.7303719,30.2818281],[-97.7304416,30.2818603],[-97.7304924,30.2818935],[-97.7305258,30.2819205],[-97.7305594,30.2819508],[-97.7306045,30.2820067],[-97.730639,30.2820683],[-97.7306402,30.2820711],[-97.7307313,30.2820924],[-97.7303651,30.2832973]]]},"properties":{"k":"area","u":"track","s":"track","name":"UT Track"}},{"type":"Feature","geometry":{"type":"Polygon","coordinates":[[[-97.7395019,30.2767718],[-97.7383327,30.2764517],[-97.7386593,30.2752322],[-97.7389178,30.2753038],[-97.7389577,30.2752713],[-97.7390163,30.2751137],[-97.7388648,30.2750725],[-97.7388682,30.2750524],[-97.738912,30.2749406],[-97.7389709,30.2747904],[-97.7389871,30.2747223],[-97.7389843,30.2746687],[-97.7389715,30.2746372],[-97.7389492,30.2746004],[-97.7389001,30.2745502],[-97.7388249,30.2745183],[-97.7387745,30.2745053],[-97.7387326,30.2744799],[-97.738705,30.274435],[-97.7387054,30.2743833],[-97.7394099,30.2725637],[-97.7394565,30.2725349],[-97.7394759,30.2725239],[-97.7395074,30.2725129],[-97.7395517,30.2725013],[-97.7395839,30.2724966],[-97.7396214,30.2724943],[-97.7396549,30.2724978],[-97.7397032,30.2725071],[-97.7422775,30.2732252],[-97.7423217,30.2732379],[-97.7423633,30.2732553],[-97.7424035,30.2732761],[-97.7424337,30.2732993],[-97.7424619,30.2733271],[-97.7424807,30.2733514],[-97.7425008,30.2733885],[-97.7425162,30.2734296],[-97.7425236,30.2734643],[-97.7425236,30.2734916],[-97.7425222,30.2735234],[-97.7425095,30.273572],[-97.7422396,30.274306],[-97.7418027,30.2754941],[-97.7417653,30.2755894],[-97.7417337,30.2756035],[-97.7416793,30.2756279],[-97.7416565,30.2756337],[-97.7416371,30.2756377],[-97.7416163,30.2756377],[-97.7414312,30.2755827],[-97.7414134,30.2756256],[-97.7413341,30.2758269],[-97.7412809,30.2759419],[-97.7412399,30.2760637],[-97.7408409,30.2770669],[-97.7408228,30.277114],[-97.7407995,30.277126],[-97.740773,30.2771348],[-97.7407479,30.2771326],[-97.7396415,30.2768046],[-97.7395019,30.2767718]]]},"properties":{"k":"area","u":"park","s":"grass","name":"Capitol Square"}},{"type":"Feature","geometry":{"type":"Polygon","coordinates":[[[-97.7405219,30.276238],[-97.7407398,30.2763005],[-97.7407661,30.2762282],[-97.7407948,30.2761494],[-97.7405762,30.2760886],[-97.7405219,30.276238]]]},"properties":{"k":"area","u":"lawn","s":"grass"}},{"type":"Feature","geometry":{"type":"Polygon","coordinates":[[[-97.7398712,30.2818553],[-97.7398565,30.281866],[-97.7398385,30.2818715],[-97.7398192,30.2818714],[-97.7398013,30.2818656],[-97.7397868,30.2818549],[-97.7397803,30.2818463],[-97.7397745,30.2818305],[-97.7397753,30.2818141],[-97.7397868,30.2817941],[-97.7398013,30.2817835],[-97.7398194,30.2817777],[-97.7398326,30.281777],[-97.7398513,30.2817809],[-97.7398673,30.2817901],[-97.7398785,30.2818033],[-97.739884,30.2818193],[-97.7398828,30.2818357],[-97.7398712,30.2818553]]]},"properties":{"k":"area","u":"lawn","s":"grass"}},{"type":"Feature","geometry":{"type":"Polygon","coordinates":[[[-97.7397539,30.283051],[-97.7397559,30.2830659],[-97.7397523,30.2830805],[-97.7397434,30.2830934],[-97.7397299,30.2831033],[-97.7397134,30.2831088],[-97.7396957,30.2831094],[-97.7396788,30.2831049],[-97.7396645,30.2830958],[-97.7396545,30.2830832],[-97.7396497,30.2830685],[-97.7396509,30.2830533],[-97.7396577,30.2830392],[-97.7396693,30.283028],[-97.7396844,30.2830206],[-97.7397015,30.2830178],[-97.7397187,30.2830199],[-97.7397342,30.2830267],[-97.7397464,30.2830374],[-97.7397539,30.283051]]]},"properties":{"k":"area","u":"lawn","s":"grass"}},{"type":"Feature","geometry":{"type":"Polygon","coordinates":[[[-97.729308,30.2849701],[-97.7293099,30.2849735],[-97.7293394,30.2850257],[-97.7293765,30.2850705],[-97.7294009,30.2851],[-97.7294484,30.2851424],[-97.7295404,30.2852005],[-97.7296678,30.285255],[-97.7297767,30.285292],[-97.7298788,30.2853208],[-97.7300002,30.2853325],[-97.730121,30.2853293],[-97.7302126,30.2853075],[-97.7302595,30.2852883],[-97.7303116,30.28526],[-97.7303514,30.285229],[-97.7303867,30.2851935],[-97.7304312,30.2851312],[-97.7304566,30.285091],[-97.7304817,30.2850353],[-97.7304947,30.2849723],[-97.7305005,30.2849121],[-97.7305019,30.2848519],[-97.7304865,30.2847909],[-97.7304677,30.2847217],[-97.7304419,30.2846565],[-97.7303878,30.2845619],[-97.730335,30.2844909],[-97.7302295,30.2845066],[-97.7301352,30.2845063],[-97.7300716,30.2844973],[-97.7300184,30.2844769],[-97.7299732,30.2844545],[-97.7299302,30.2844374],[-97.7298748,30.2844202],[-97.7298258,30.2844205],[-97.7296295,30.2844734],[-97.7294761,30.2845095],[-97.7293277,30.2845646],[-97.7293064,30.2846411],[-97.7292797,30.2847713],[-97.7292804,30.2848693],[-97.729308,30.2849701]]]},"properties":{"k":"area","u":"lawn","s":"grass"}},{"type":"Feature","geometry":{"type":"Polygon","coordinates":[[[-97.7406059,30.2779099],[-97.7407946,30.2774014],[-97.7393413,30.2769786],[-97.7393252,30.2769983],[-97.7391919,30.2769605],[-97.739125,30.2771411],[-97.7391521,30.2771517],[-97.7389311,30.277737],[-97.7393382,30.2778571],[-97.7394396,30.2775794],[-97.7405344,30.27789],[-97.7404376,30.2781758],[-97.740502,30.278189],[-97.7406059,30.2779099]]]},"properties":{"k":"area","u":"construction","s":"dirt","name":"Capitol Mall Phase II"}},{"type":"Feature","geometry":{"type":"Polygon","coordinates":[[[-97.7338845,30.281391],[-97.733876,30.2814211],[-97.7338665,30.2814592],[-97.7338652,30.2814994],[-97.7338656,30.2815557],[-97.7338804,30.2816372],[-97.7339079,30.2817015],[-97.7339395,30.281757],[-97.7339665,30.2817911],[-97.7340079,30.2818242],[-97.734045,30.2818367],[-97.7345103,30.2818735],[-97.7345449,30.2818666],[-97.7345724,30.2818475],[-97.7346079,30.2818176],[-97.7351359,30.2812522],[-97.7351762,30.281202],[-97.7351933,30.2811565],[-97.7352019,30.2810949],[-97.7351933,30.281042],[-97.7351606,30.2809792],[-97.7351377,30.28093],[-97.7351278,30.280866],[-97.7351335,30.2807921],[-97.7351021,30.2807207],[-97.7350736,30.2806653],[-97.7349966,30.2806198],[-97.7349368,30.280605],[-97.7348669,30.2805927],[-97.7347785,30.2806222],[-97.7347001,30.2806493],[-97.7346132,30.280701],[-97.7345234,30.2807429],[-97.7344649,30.2807626],[-97.7344193,30.2807872],[-97.7343552,30.2808278],[-97.7342768,30.2809078],[-97.7339033,30.2813534],[-97.7338845,30.281391]]]},"properties":{"k":"area","u":"track","s":"track"}},{"type":"Feature","geometry":{"type":"Polygon","coordinates":[[[-97.7519665,30.2908814],[-97.7518986,30.2910751],[-97.7518011,30.2912887],[-97.7517527,30.2913797],[-97.7517175,30.2914337],[-97.7516404,30.2914516],[-97.7515606,30.2914975],[-97.7515047,30.2915326],[-97.7514454,30.2915953],[-97.7514278,30.2916324],[-97.7514553,30.291624],[-97.751471,30.2916191],[-97.7514829,30.2916203],[-97.7514169,30.2916833],[-97.7513644,30.2916873],[-97.7513302,30.2917411],[-97.7512723,30.2917865],[-97.7512344,30.2918515],[-97.7511753,30.2919034],[-97.7511183,30.2919332],[-97.7510746,30.2919814],[-97.7510364,30.292016],[-97.750965,30.2920458],[-97.7507235,30.292112],[-97.7504668,30.2921519],[-97.7501809,30.292192],[-97.7499353,30.2921388],[-97.7498156,30.2921002],[-97.7496721,30.2921104],[-97.7494157,30.2921287],[-97.7491434,30.2921551],[-97.7489115,30.2921934],[-97.7486623,30.2922241],[-97.7484014,30.2922598],[-97.7481229,30.2923062],[-97.7480433,30.2922979],[-97.747951,30.2923036],[-97.747781,30.2923577],[-97.7476977,30.2924101],[-97.7476014,30.2924772],[-97.7475322,30.2925654],[-97.7475142,30.2926002],[-97.747474,30.2926781],[-97.747479,30.292808],[-97.7474888,30.2928925],[-97.7475051,30.2929663],[-97.7476437,30.2932815],[-97.7475886,30.2932973],[-97.7475344,30.2933097],[-97.7474232,30.2929694],[-97.7474027,30.2928513],[-97.7474068,30.2927893],[-97.7473961,30.2927038],[-97.7474369,30.2926687],[-97.7474438,30.2926068],[-97.7474633,30.2925462],[-97.7475531,30.2924562],[-97.7476208,30.2923929],[-97.7477809,30.2923358],[-97.7479372,30.2922796],[-97.748107,30.2922555],[-97.7484455,30.292191],[-97.7488792,30.2921118],[-97.7490802,30.2920918],[-97.7493989,30.2920533],[-97.7496117,30.2920198],[-97.7498848,30.2920395],[-97.7501991,30.2921068],[-97.7503307,30.2921195],[-97.7505016,30.2920934],[-97.7507205,30.2920407],[-97.7509347,30.2919687],[-97.7510827,30.2918951],[-97.7512052,30.2918158],[-97.751296,30.2917259],[-97.7513491,30.2916564],[-97.7513609,30.291605],[-97.7513826,30.2915917],[-97.7514318,30.2915614],[-97.751432,30.2915267],[-97.7515134,30.2914908],[-97.7515927,30.2914291],[-97.7516853,30.2913238],[-97.7517676,30.2912004],[-97.7517884,30.2911145],[-97.7518422,30.2909567],[-97.7518471,30.2908959],[-97.7518155,30.2908364],[-97.7518458,30.2907577],[-97.7518955,30.2907064],[-97.7519042,30.2906313],[-97.7519215,30.290512],[-97.7519589,30.2904175],[-97.7519926,30.2902904],[-97.7520877,30.2901586],[-97.7522473,30.2899868],[-97.7523653,30.2898656],[-97.7524715,30.289722],[-97.7525235,30.2895791],[-97.7525907,30.2896426],[-97.7526926,30.2896762],[-97.7525154,30.289849],[-97.7523388,30.2900075],[-97.7521739,30.2902135],[-97.7521536,30.290247],[-97.7521166,30.2903781],[-97.7520895,30.2904352],[-97.7520387,30.2904922],[-97.7520131,30.2905399],[-97.7520007,30.2906072],[-97.7519936,30.2906634],[-97.7519829,30.2907078],[-97.7519886,30.290764],[-97.7519878,30.2908214],[-97.7519665,30.2908814]]]},"properties":{"k":"area","u":"water","s":"water"}},{"type":"Feature","geometry":{"type":"Polygon","coordinates":[[[-97.7267147,30.2804534],[-97.7264954,30.2805252],[-97.7258981,30.2805105],[-97.7256887,30.2803732],[-97.7254901,30.2798764],[-97.7255173,30.2796621],[-97.7256311,30.279652],[-97.726161,30.2794698],[-97.7265618,30.2794134],[-97.7266557,30.2794713],[-97.7267162,30.2797848],[-97.7267147,30.2804534]]]},"properties":{"k":"area","u":"pitch","s":"grass"}},{"type":"Feature","geometry":{"type":"Polygon","coordinates":[[[-97.7351192,30.2809924],[-97.7350979,30.280911],[-97.7350974,30.2808107],[-97.7350788,30.280745],[-97.735063,30.2807203],[-97.7350446,30.2806909],[-97.7349572,30.2807244],[-97.7348955,30.2807298],[-97.7348302,30.2807245],[-97.7347756,30.2807172],[-97.734685,30.2806893],[-97.7346118,30.2807356],[-97.7345425,30.2807635],[-97.7344774,30.2807826],[-97.7344462,30.2808007],[-97.7343848,30.2808388],[-97.7339624,30.2813285],[-97.7339197,30.2814012],[-97.7339004,30.2814806],[-97.7338975,30.2815444],[-97.7339078,30.281616],[-97.7339343,30.2816883],[-97.7339635,30.2817315],[-97.73399,30.2817682],[-97.7340209,30.2817965],[-97.7340641,30.2818113],[-97.7344817,30.2818473],[-97.7345164,30.2818458],[-97.7345477,30.2818316],[-97.734576,30.2818088],[-97.7350998,30.2812353],[-97.735155,30.2811464],[-97.7351512,30.281054],[-97.7351192,30.2809924]]]},"properties":{"k":"area","u":"lawn","s":"grass"}},{"type":"Feature","geometry":{"type":"LineString","coordinates":[[-97.7363842,30.2872838],[-97.7364799,30.2872914],[-97.7365192,30.2872942],[-97.7365543,30.2872969],[-97.7368901,30.2873168],[-97.736958,30.287319],[-97.737027,30.2873213],[-97.7382757,30.2874192],[-97.7389125,30.2874732],[-97.7389649,30.287477],[-97.7390265,30.2874733],[-97.7391907,30.2874254]]},"properties":{"k":"path","u":"pedestrian","s":"asphalt","w":6.0,"wt":0,"name":"East 24th Street"}},{"type":"Feature","geometry":{"type":"LineString","coordinates":[[-97.7410261,30.2814742],[-97.7410136,30.2815969],[-97.7410102,30.2816303],[-97.740994,30.2817896],[-97.7409742,30.2819841],[-97.7409538,30.2821846],[-97.7409327,30.2823918],[-97.7409224,30.2824937],[-97.7409216,30.2825007],[-97.740915,30.2825798]]},"properties":{"k":"path","u":"pedestrian","s":"paving","w":6.0,"wt":0,"name":"Whitis Avenue"}},{"type":"Feature","geometry":{"type":"LineString","coordinates":[[-97.7323035,30.2868545],[-97.7322251,30.2868459],[-97.7321918,30.2868352]]},"properties":{"k":"path","u":"footway","s":"concrete","w":2.4,"wt":0}},{"type":"Feature","geometry":{"type":"LineString","coordinates":[[-97.7357176,30.2897177],[-97.7357683,30.2891956]]},"properties":{"k":"path","u":"footway","s":"concrete","w":2.4,"wt":0}},{"type":"Feature","geometry":{"type":"LineString","coordinates":[[-97.7320764,30.2787541],[-97.731833,30.2786848],[-97.731803,30.2785574],[-97.7318849,30.2783228],[-97.7320231,30.2779537]]},"properties":{"k":"path","u":"footway","s":"concrete","w":2.4,"wt":0}},{"type":"Feature","geometry":{"type":"LineString","coordinates":[[-97.7406723,30.2757605],[-97.7406702,30.2757667],[-97.7405693,30.2760227],[-97.7405508,30.2760697],[-97.7405276,30.2761285],[-97.7404916,30.2762321],[-97.7404383,30.2763886],[-97.7404104,30.2764604],[-97.7404535,30.2764721],[-97.7404292,30.2765262]]},"properties":{"k":"path","u":"footway","s":"concrete","w":2.4,"wt":0}},{"type":"Feature","geometry":{"type":"LineString","coordinates":[[-97.739541,30.274904],[-97.7395018,30.2749705],[-97.7394474,30.2750455],[-97.7394004,30.2751174],[-97.739393,30.275217],[-97.7393871,30.2752854],[-97.7393847,30.275314],[-97.7393527,30.2753969],[-97.739257,30.2756524],[-97.7392365,30.2757068],[-97.7392164,30.2757604],[-97.739178,30.2758693],[-97.73912,30.2760227],[-97.73914,30.2760284],[-97.7390969,30.2761718]]},"properties":{"k":"path","u":"footway","s":"concrete","w":2.4,"wt":0}},{"type":"Feature","geometry":{"type":"LineString","coordinates":[[-97.7375615,30.2821558],[-97.7375465,30.2822723],[-97.7375327,30.2824105],[-97.737513,30.2826082],[-97.7375075,30.2826583]]},"properties":{"k":"path","u":"pedestrian","s":"asphalt","w":6.0,"wt":0,"name":"Speedway"}},{"type":"Feature","geometry":{"type":"LineString","coordinates":[[-97.7350314,30.2820475],[-97.7349981,30.2821146],[-97.734993,30.2821249],[-97.7348656,30.282382],[-97.7348061,30.2825022],[-97.7347762,30.2825779],[-97.7347531,30.282646],[-97.734726,30.2827454],[-97.7347055,30.2828204],[-97.7346974,30.2828705],[-97.7346752,30.2830068],[-97.734663,30.2831567],[-97.7346615,30.2831637],[-97.7346474,30.2832289]]},"properties":{"k":"path","u":"pedestrian","s":"paving","w":6.0,"wt":0,"name":"Jester Circle"}},{"type":"Feature","geometry":{"type":"LineString","coordinates":[[-97.7373,30.284728],[-97.7372902,30.2848089],[-97.7372892,30.2848176]]},"properties":{"k":"path","u":"pedestrian","s":"paving","w":6.0,"wt":0,"name":"Speedway"}},{"type":"Feature","geometry":{"type":"LineString","coordinates":[[-97.737434,30.283469],[-97.7374283,30.2835225],[-97.7374036,30.2837548],[-97.7373717,30.2840541],[-97.7373601,30.2841632],[-97.7373346,30.2844025],[-97.7373,30.284728]]},"properties":{"k":"path","u":"pedestrian","s":"asphalt","w":6.0,"wt":0,"name":"Speedway"}},{"type":"Feature","geometry":{"type":"LineString","coordinates":[[-97.7506531,30.2809888],[-97.750642,30.2810208],[-97.7506749,30.2812461],[-97.7507007,30.281387],[-97.7507607,30.2816242],[-97.7508122,30.2817872],[-97.7508895,30.2819873],[-97.7510096,30.2822319],[-97.751044,30.2822912],[-97.7511041,30.2823135],[-97.7511298,30.2823505],[-97.7511212,30.2823728],[-97.7511985,30.2825136],[-97.7512957,30.282624],[-97.7513616,30.2826989],[-97.751456,30.2827952],[-97.7514817,30.2828026],[-97.7515075,30.2828323],[-97.751516,30.2828694],[-97.7516877,30.2830324],[-97.7519795,30.2832918],[-97.7522862,30.2835706],[-97.7523057,30.2835883],[-97.75234,30.2836328],[-97.7524688,30.2838107],[-97.7526233,30.2840775],[-97.7529065,30.2845889],[-97.7531039,30.2849224],[-97.7531897,30.2851151],[-97.7532241,30.285167],[-97.753267,30.2851967],[-97.7532842,30.2852337],[-97.7532756,30.2853078],[-97.753267,30.2853968],[-97.7532756,30.2855228],[-97.7533013,30.2858489],[-97.7532933,30.2862057]]},"properties":{"k":"path","u":"footway","s":"concrete","w":2.4,"wt":0}},{"type":"Feature","geometry":{"type":"LineString","coordinates":[[-97.7407462,30.2856774],[-97.7407927,30.2851818],[-97.7407978,30.2851279]]},"properties":{"k":"path","u":"footway","s":"concrete","w":2.4,"wt":0}},{"type":"Feature","geometry":{"type":"LineString","coordinates":[[-97.7404128,30.2850708],[-97.7404134,30.2850396],[-97.7404464,30.2847217],[-97.7405129,30.2840818],[-97.7405263,30.283953],[-97.7405362,30.2838473],[-97.7405412,30.283793]]},"properties":{"k":"path","u":"footway","s":"concrete","w":2.4,"wt":0}},{"type":"Feature","geometry":{"type":"LineString","coordinates":[[-97.7311831,30.2778304],[-97.7311297,30.2779609],[-97.7310822,30.2781002],[-97.7310557,30.2781708]]},"properties":{"k":"path","u":"footway","s":"concrete","w":2.4,"wt":0}},{"type":"Feature","geometry":{"type":"LineString","coordinates":[[-97.7310471,30.2779342],[-97.7311297,30.2779609],[-97.7312165,30.2779843]]},"properties":{"k":"path","u":"footway","s":"concrete","w":2.4,"wt":0}},{"type":"Feature","geometry":{"type":"LineString","coordinates":[[-97.7312098,30.2781363],[-97.7312485,30.2780243]]},"properties":{"k":"path","u":"footway","s":"concrete","w":2.4,"wt":0}},{"type":"Feature","geometry":{"type":"LineString","coordinates":[[-97.7338923,30.2774637],[-97.7338736,30.2774296],[-97.7337651,30.2774364],[-97.7332784,30.2773039]]},"properties":{"k":"path","u":"footway","s":"concrete","w":2.4,"wt":0}},{"type":"Feature","geometry":{"type":"LineString","coordinates":[[-97.7309168,30.2778274],[-97.731102,30.2777888],[-97.7311526,30.27783],[-97.7311831,30.2778304],[-97.7312289,30.2778258],[-97.7313164,30.2778075],[-97.7314018,30.2777852],[-97.7314767,30.2778028],[-97.7315207,30.2778151],[-97.7317621,30.2778824],[-97.7318136,30.2778968],[-97.7318737,30.2779128],[-97.7319189,30.2779252],[-97.7320231,30.2779537],[-97.7323253,30.2780365],[-97.7323367,30.2780483],[-97.7323377,30.2780634],[-97.7320764,30.2787541],[-97.7321059,30.2788556]]},"properties":{"k":"path","u":"footway","s":"concrete","w":2.4,"wt":0}},{"type":"Feature","geometry":{"type":"LineString","coordinates":[[-97.7308878,30.2780451],[-97.7308048,30.2782672],[-97.7309376,30.2783066],[-97.731069,30.2783425]]},"properties":{"k":"path","u":"footway","s":"concrete","w":2.4,"wt":0}},{"type":"Feature","geometry":{"type":"LineString","coordinates":[[-97.7309627,30.2780663],[-97.7310052,30.2779548]]},"properties":{"k":"path","u":"footway","s":"concrete","w":2.4,"wt":0}},{"type":"Feature","geometry":{"type":"LineString","coordinates":[[-97.7313442,30.2781751],[-97.7312098,30.2781363],[-97.7310822,30.2781002],[-97.7309627,30.2780663],[-97.7308878,30.2780451],[-97.7308213,30.2780266]]},"properties":{"k":"path","u":"footway","s":"concrete","w":2.4,"wt":0}},{"type":"Feature","geometry":{"type":"LineString","coordinates":[[-97.7323177,30.2800011],[-97.7324557,30.2800369],[-97.7324892,30.2800264],[-97.7328406,30.280104],[-97.7329589,30.2801326],[-97.7331701,30.2801802]]},"properties":{"k":"path","u":"footway","s":"concrete","w":2.4,"wt":0}},{"type":"Feature","geometry":{"type":"LineString","coordinates":[[-97.7397653,30.2768558],[-97.739933,30.2763953],[-97.7399453,30.2763616],[-97.7399607,30.2763303],[-97.7399996,30.2762666],[-97.7400913,30.2760064],[-97.74011,30.2759555],[-97.7401316,30.2758994],[-97.7402296,30.2756394],[-97.7402758,30.2755324]]},"properties":{"k":"path","u":"footway","s":"concrete","w":2.4,"wt":0}},{"type":"Feature","geometry":{"type":"LineString","coordinates":[[-97.7372026,30.2777477],[-97.7372464,30.2776307],[-97.7373468,30.2776584],[-97.7373624,30.2776642],[-97.7373732,30.2776818],[-97.7373905,30.2776969],[-97.737424,30.277716],[-97.7374562,30.2777276],[-97.7375066,30.2777429],[-97.73756,30.2777568]]},"properties":{"k":"path","u":"footway","s":"concrete","w":2.4,"wt":0}},{"type":"Feature","geometry":{"type":"LineString","coordinates":[[-97.7382973,30.2775446],[-97.7383232,30.2774138],[-97.7383708,30.2772678],[-97.7383851,30.2772281],[-97.7386023,30.2772859]]},"properties":{"k":"path","u":"footway","s":"concrete","w":2.4,"wt":0}},{"type":"Feature","geometry":{"type":"LineString","coordinates":[[-97.7395562,30.276143],[-97.7395745,30.276094],[-97.7396531,30.2758874],[-97.7396722,30.2758338],[-97.7396932,30.2757758],[-97.739786,30.2755194],[-97.7398279,30.2754061],[-97.7398416,30.2753708],[-97.7398514,30.2753105],[-97.7397917,30.2752984],[-97.7397971,30.2752242],[-97.7397917,30.2751698],[-97.739779,30.2751316],[-97.7397639,30.2751013],[-97.7397381,30.2750551],[-97.7397146,30.2750233],[-97.7397455,30.2749972],[-97.7397327,30.2749799],[-97.7397092,30.2749561],[-97.7396818,30.2749445],[-97.7396408,30.2749306],[-97.739601,30.2749195],[-97.739541,30.274904]]},"properties":{"k":"path","u":"footway","s":"concrete","w":2.4,"wt":0}},{"type":"Feature","geometry":{"type":"LineString","coordinates":[[-97.7395178,30.2762737],[-97.7395704,30.2762649]]},"properties":{"k":"path","u":"footway","s":"concrete","w":2.4,"wt":0}},{"type":"Feature","geometry":{"type":"LineString","coordinates":[[-97.7397713,30.275861],[-97.7397154,30.276014],[-97.7396898,30.2760825],[-97.7396536,30.2761826],[-97.7396493,30.2762173],[-97.7396538,30.276241],[-97.7396717,30.2762626],[-97.7396965,30.2762909],[-97.739728,30.2763089],[-97.7397684,30.2763177],[-97.7397998,30.276317],[-97.7398246,30.2763106],[-97.7398561,30.2762944],[-97.7398836,30.2762712],[-97.7398977,30.2762429],[-97.7399138,30.2761983],[-97.7400169,30.2759285],[-97.7400982,30.2757118],[-97.7401672,30.2755126],[-97.7401677,30.2755014],[-97.7401619,30.2754918]]},"properties":{"k":"path","u":"footway","s":"concrete","w":2.4,"wt":0}},{"type":"Feature","geometry":{"type":"LineString","coordinates":[[-97.739933,30.2763953],[-97.739905,30.2763633]]},"properties":{"k":"path","u":"footway","s":"concrete","w":2.4,"wt":0}},{"type":"Feature","geometry":{"type":"LineString","coordinates":[[-97.7400913,30.2760064],[-97.7405276,30.2761285]]},"properties":{"k":"path","u":"footway","s":"concrete","w":2.4,"wt":0}},{"type":"Feature","geometry":{"type":"LineString","coordinates":[[-97.7399996,30.2762666],[-97.7404383,30.2763886],[-97.7405236,30.2764124]]},"properties":{"k":"path","u":"footway","s":"concrete","w":2.4,"wt":0}},{"type":"Feature","geometry":{"type":"LineString","coordinates":[[-97.7411764,30.2761971],[-97.7412475,30.2762174],[-97.7412744,30.2761443],[-97.7413159,30.2760315]]},"properties":{"k":"path","u":"footway","s":"concrete","w":2.4,"wt":0}},{"type":"Feature","geometry":{"type":"LineString","coordinates":[[-97.7411019,30.2764024],[-97.7411202,30.2763224],[-97.7411355,30.2763036],[-97.7411575,30.2762457],[-97.741163,30.2762313],[-97.7411764,30.2761971],[-97.741163,30.2761682],[-97.7411463,30.2761589],[-97.74085,30.2760788],[-97.7407426,30.2760419],[-97.740813,30.2758572],[-97.7409236,30.2758901],[-97.74085,30.2760788]]},"properties":{"k":"path","u":"footway","s":"concrete","w":2.4,"wt":0}},{"type":"Feature","geometry":{"type":"LineString","coordinates":[[-97.7375327,30.2824105],[-97.737657,30.2824249]]},"properties":{"k":"path","u":"footway","s":"concrete","w":2.4,"wt":0}},{"type":"Feature","geometry":{"type":"LineString","coordinates":[[-97.7361082,30.2898692],[-97.7361056,30.2898883],[-97.736108,30.2899053],[-97.7361184,30.2899257],[-97.7361386,30.2899396],[-97.7361628,30.2899484],[-97.7361915,30.2899471],[-97.7362111,30.28994],[-97.7362262,30.2899284],[-97.7362373,30.2899162],[-97.7362444,30.2899022],[-97.736246,30.2898874],[-97.7362435,30.2898692],[-97.7362339,30.2898517],[-97.7362127,30.2898351],[-97.7361847,30.2898262],[-97.7361585,30.2898265],[-97.7361357,30.2898354],[-97.7361186,30.2898501],[-97.7361082,30.2898692]]},"properties":{"k":"path","u":"footway","s":"concrete","w":2.4,"wt":0}},{"type":"Feature","geometry":{"type":"LineString","coordinates":[[-97.7361628,30.2899484],[-97.7361592,30.2899888]]},"properties":{"k":"path","u":"footway","s":"concrete","w":2.4,"wt":0}},{"type":"Feature","geometry":{"type":"LineString","coordinates":[[-97.7357066,30.2898394],[-97.7357176,30.2897177]]},"properties":{"k":"path","u":"footway","s":"concrete","w":2.4,"wt":0}},{"type":"Feature","geometry":{"type":"LineString","coordinates":[[-97.7361082,30.2898692],[-97.7357586,30.2898433],[-97.7357066,30.2898394],[-97.7355931,30.2898318]]},"properties":{"k":"path","u":"footway","s":"concrete","w":2.4,"wt":0}},{"type":"Feature","geometry":{"type":"LineString","coordinates":[[-97.7371951,30.2857127],[-97.7371705,30.2859501],[-97.7371413,30.2862312],[-97.7371386,30.286259],[-97.7371305,30.2863357],[-97.7371008,30.2866219],[-97.7370813,30.2868095],[-97.7370698,30.2869179],[-97.7370321,30.2872734],[-97.737027,30.2873213]]},"properties":{"k":"path","u":"pedestrian","s":"paving","w":6.0,"wt":0,"name":"Speedway"}},{"type":"Feature","geometry":{"type":"LineString","coordinates":[[-97.7383188,30.2856198],[-97.7382949,30.2856185],[-97.738165,30.2856081]]},"properties":{"k":"path","u":"footway","s":"concrete","w":2.4,"wt":0}},{"type":"Feature","geometry":{"type":"LineString","coordinates":[[-97.7384305,30.2856275],[-97.7383691,30.2856233],[-97.7383587,30.2856226]]},"properties":{"k":"path","u":"footway","s":"concrete","w":2.4,"wt":0}},{"type":"Feature","geometry":{"type":"LineString","coordinates":[[-97.7383188,30.2856198],[-97.7383587,30.2856226]]},"properties":{"k":"path","u":"steps","s":"concrete","w":3.0,"wt":0}},{"type":"Feature","geometry":{"type":"LineString","coordinates":[[-97.7353152,30.2854273],[-97.7354674,30.28547]]},"properties":{"k":"path","u":"footway","s":"concrete","w":2.4,"wt":0}},{"type":"Feature","geometry":{"type":"LineString","coordinates":[[-97.7396702,30.2850384],[-97.7397056,30.2850297],[-97.7397081,30.2850017],[-97.7397108,30.2849772],[-97.739723,30.2848715],[-97.7397379,30.2847428],[-97.7397576,30.2845729],[-97.7398062,30.2841528],[-97.7398102,30.2841194],[-97.7398133,30.2840938]]},"properties":{"k":"path","u":"footway","s":"concrete","w":2.4,"wt":0,"name":"South Mall"}},{"type":"Feature","geometry":{"type":"LineString","coordinates":[[-97.7394164,30.2836882],[-97.7394125,30.2837251],[-97.739401,30.2837656],[-97.7393863,30.2838169],[-97.7393777,30.2838767],[-97.7393829,30.2839231],[-97.7393941,30.2839626],[-97.7393957,30.2839681]]},"properties":{"k":"path","u":"footway","s":"concrete","w":2.4,"wt":0,"name":"South Mall"}},{"type":"Feature","geometry":{"type":"LineString","coordinates":[[-97.7350645,30.2855452],[-97.7350177,30.2855193],[-97.7349925,30.2854962],[-97.7349637,30.2854569],[-97.7349483,30.2854215],[-97.7349436,30.2853991],[-97.7349424,30.2853584],[-97.7349521,30.2853146],[-97.7349625,30.2852916]]},"properties":{"k":"path","u":"footway","s":"concrete","w":2.4,"wt":0}},{"type":"Feature","geometry":{"type":"LineString","coordinates":[[-97.7351196,30.2851904],[-97.7351516,30.2851885],[-97.7351552,30.2852125]]},"properties":{"k":"path","u":"footway","s":"concrete","w":2.4,"wt":0}},{"type":"Feature","geometry":{"type":"LineString","coordinates":[[-97.7351259,30.2855355],[-97.7351483,30.2854922]]},"properties":{"k":"path","u":"steps","s":"concrete","w":3.0,"wt":0}},{"type":"Feature","geometry":{"type":"LineString","coordinates":[[-97.7384354,30.285574],[-97.7384379,30.2855467]]},"properties":{"k":"path","u":"steps","s":"concrete","w":3.0,"wt":0}},{"type":"Feature","geometry":{"type":"LineString","coordinates":[[-97.7350933,30.2851952],[-97.7351196,30.2851904]]},"properties":{"k":"path","u":"steps","s":"concrete","w":3.0,"wt":0}},{"type":"Feature","geometry":{"type":"LineString","coordinates":[[-97.7389197,30.28567],[-97.7388805,30.2856669]]},"properties":{"k":"path","u":"steps","s":"concrete","w":3.0,"wt":0}},{"type":"Feature","geometry":{"type":"LineString","coordinates":[[-97.7400774,30.2855652],[-97.7396059,30.285527]]},"properties":{"k":"path","u":"footway","s":"concrete","w":2.4,"wt":0}},{"type":"Feature","geometry":{"type":"LineString","coordinates":[[-97.7384252,30.2856867],[-97.7384224,30.2857188]]},"properties":{"k":"path","u":"steps","s":"concrete","w":3.0,"wt":0}},{"type":"Feature","geometry":{"type":"LineString","coordinates":[[-97.7348782,30.2847527],[-97.7349511,30.2847504]]},"properties":{"k":"path","u":"footway","s":"concrete","w":2.4,"wt":0}},{"type":"Feature","geometry":{"type":"LineString","coordinates":[[-97.7351259,30.2855355],[-97.7351192,30.2855641],[-97.7350645,30.2855452]]},"properties":{"k":"path","u":"footway","s":"concrete","w":2.4,"wt":0}},{"type":"Feature","geometry":{"type":"LineString","coordinates":[[-97.7384354,30.285574],[-97.7384305,30.2856275],[-97.7384252,30.2856867]]},"properties":{"k":"path","u":"footway","s":"concrete","w":2.4,"wt":0}},{"type":"Feature","geometry":{"type":"LineString","coordinates":[[-97.7384224,30.2857188],[-97.7384216,30.2857273]]},"properties":{"k":"path","u":"footway","s":"concrete","w":2.4,"wt":0}},{"type":"Feature","geometry":{"type":"LineString","coordinates":[[-97.7345041,30.2847088],[-97.7345203,30.2847116],[-97.7346073,30.2847269]]},"properties":{"k":"path","u":"footway","s":"concrete","w":2.4,"wt":0}},{"type":"Feature","geometry":{"type":"LineString","coordinates":[[-97.7398865,30.286016],[-97.7398916,30.2859659],[-97.739896,30.2859226],[-97.7399462,30.2858778]]},"properties":{"k":"path","u":"footway","s":"concrete","w":2.4,"wt":0}},{"type":"Feature","geometry":{"type":"LineString","coordinates":[[-97.7350645,30.2855452],[-97.7350946,30.2854986],[-97.7350459,30.2854573],[-97.735026,30.2854141],[-97.7350206,30.2853671],[-97.7350376,30.2853181],[-97.7350719,30.2852816],[-97.7351089,30.2852622],[-97.7350746,30.2852002]]},"properties":{"k":"path","u":"footway","s":"concrete","w":2.4,"wt":0}},{"type":"Feature","geometry":{"type":"LineString","coordinates":[[-97.7346073,30.2847269],[-97.7348782,30.2847527]]},"properties":{"k":"path","u":"footway","s":"concrete","w":2.4,"wt":0}},{"type":"Feature","geometry":{"type":"LineString","coordinates":[[-97.7372892,30.2848176],[-97.7372806,30.2849072],[-97.7372642,30.285077],[-97.7372481,30.2852431],[-97.7372283,30.2854485]]},"properties":{"k":"path","u":"pedestrian","s":"paving","w":6.0,"wt":0,"name":"Speedway"}},{"type":"Feature","geometry":{"type":"LineString","coordinates":[[-97.7375075,30.2826583],[-97.7374778,30.2830539],[-97.7374748,30.2830829],[-97.7374558,30.2832621],[-97.7374425,30.2833888],[-97.737434,30.283469]]},"properties":{"k":"path","u":"pedestrian","s":"asphalt","w":6.0,"wt":0,"name":"Speedway"}},{"type":"Feature","geometry":{"type":"LineString","coordinates":[[-97.7362246,30.2918954],[-97.7360814,30.2918847],[-97.7360615,30.2918645],[-97.7360382,30.2918171],[-97.7360008,30.2917747],[-97.7359435,30.2917384],[-97.7358325,30.291693],[-97.7357846,30.2916657],[-97.735649,30.2915386],[-97.7355544,30.2914328]]},"properties":{"k":"path","u":"footway","s":"concrete","w":2.4,"wt":0}},{"type":"Feature","geometry":{"type":"LineString","coordinates":[[-97.736246,30.2898874],[-97.7366717,30.2899124]]},"properties":{"k":"path","u":"footway","s":"concrete","w":2.4,"wt":0}},{"type":"Feature","geometry":{"type":"LineString","coordinates":[[-97.7366981,30.2905475],[-97.7366044,30.2905402],[-97.7357001,30.2904703]]},"properties":{"k":"path","u":"footway","s":"concrete","w":2.4,"wt":0}},{"type":"Feature","geometry":{"type":"LineString","coordinates":[[-97.7356853,30.2905941],[-97.7356866,30.2905832],[-97.7357001,30.2904703],[-97.7357113,30.2903504],[-97.7357586,30.2898433]]},"properties":{"k":"path","u":"footway","s":"concrete","w":2.4,"wt":0}},{"type":"Feature","geometry":{"type":"LineString","coordinates":[[-97.7329589,30.2801326],[-97.7329929,30.2800439],[-97.7330008,30.2800128],[-97.7330014,30.2799921],[-97.732991,30.2799732],[-97.7329714,30.2799649],[-97.7329974,30.2798906],[-97.7328311,30.2798397],[-97.7328546,30.2797774]]},"properties":{"k":"path","u":"footway","s":"concrete","w":2.4,"wt":0}},{"type":"Feature","geometry":{"type":"LineString","coordinates":[[-97.7312165,30.2779843],[-97.7312283,30.2779529],[-97.7312988,30.2779727],[-97.7312765,30.2780321],[-97.7312485,30.2780243],[-97.731206,30.2780123],[-97.7312165,30.2779843]]},"properties":{"k":"path","u":"footway","s":"concrete","w":2.4,"wt":0}},{"type":"Feature","geometry":{"type":"LineString","coordinates":[[-97.7310052,30.2779548],[-97.730963,30.2779429],[-97.7309838,30.2778877],[-97.7310569,30.2779083],[-97.7310471,30.2779342],[-97.7310361,30.2779634],[-97.7310052,30.2779548]]},"properties":{"k":"path","u":"footway","s":"concrete","w":2.4,"wt":0}},{"type":"Feature","geometry":{"type":"LineString","coordinates":[[-97.7329254,30.2797848],[-97.7328893,30.2797864],[-97.7328546,30.2797774],[-97.7328255,30.279759],[-97.7328053,30.2797331],[-97.7327963,30.2797029],[-97.7327996,30.2796718],[-97.7328125,30.2796463],[-97.7328337,30.2796254],[-97.7328613,30.279611],[-97.7328925,30.2796043],[-97.7329247,30.2796061],[-97.7329547,30.2796161],[-97.7329825,30.279636],[-97.733001,30.2796628],[-97.7330079,30.2796935],[-97.7330026,30.2797243],[-97.7329855,30.2797518],[-97.7329587,30.2797728],[-97.7329254,30.2797848]]},"properties":{"k":"path","u":"footway","s":"concrete","w":2.4,"wt":0}},{"type":"Feature","geometry":{"type":"LineString","coordinates":[[-97.7408873,30.2892234],[-97.7410103,30.2892323]]},"properties":{"k":"path","u":"footway","s":"concrete","w":2.4,"wt":0}},{"type":"Feature","geometry":{"type":"LineString","coordinates":[[-97.7382376,30.2879976],[-97.7380902,30.2880238]]},"properties":{"k":"path","u":"footway","s":"concrete","w":2.4,"wt":0}},{"type":"Feature","geometry":{"type":"LineString","coordinates":[[-97.7382025,30.2885022],[-97.7382303,30.2882396]]},"properties":{"k":"path","u":"footway","s":"concrete","w":2.4,"wt":0}},{"type":"Feature","geometry":{"type":"LineString","coordinates":[[-97.741041,30.2890192],[-97.7409065,30.2890135]]},"properties":{"k":"path","u":"footway","s":"concrete","w":2.4,"wt":0}},{"type":"Feature","geometry":{"type":"LineString","coordinates":[[-97.7359143,30.2891898],[-97.7359099,30.2892408],[-97.7358368,30.2892946]]},"properties":{"k":"path","u":"footway","s":"concrete","w":2.4,"wt":0}},{"type":"Feature","geometry":{"type":"LineString","coordinates":[[-97.738991,30.2885537],[-97.7382025,30.2885022],[-97.7381095,30.2884947]]},"properties":{"k":"path","u":"footway","s":"concrete","w":2.4,"wt":0}},{"type":"Feature","geometry":{"type":"LineString","coordinates":[[-97.7381277,30.2883044],[-97.7380665,30.2882783],[-97.7380715,30.2882255]]},"properties":{"k":"path","u":"footway","s":"concrete","w":2.4,"wt":0}},{"type":"Feature","geometry":{"type":"LineString","coordinates":[[-97.7389668,30.2888259],[-97.7386362,30.2888004],[-97.7386281,30.2888723]]},"properties":{"k":"path","u":"footway","s":"concrete","w":2.4,"wt":0}},{"type":"Feature","geometry":{"type":"LineString","coordinates":[[-97.7380759,30.2881792],[-97.7380796,30.2881286],[-97.7380902,30.2880238]]},"properties":{"k":"path","u":"footway","s":"concrete","w":2.4,"wt":0}},{"type":"Feature","geometry":{"type":"LineString","coordinates":[[-97.7368205,30.2884619],[-97.7367492,30.2884579],[-97.7366387,30.2884484],[-97.7362756,30.2884199]]},"properties":{"k":"path","u":"footway","s":"concrete","w":2.4,"wt":0}},{"type":"Feature","geometry":{"type":"LineString","coordinates":[[-97.7385524,30.2878405],[-97.7382561,30.2878195],[-97.7382376,30.2879976],[-97.7382384,30.2881411],[-97.7382336,30.2881894]]},"properties":{"k":"path","u":"footway","s":"concrete","w":2.4,"wt":0}},{"type":"Feature","geometry":{"type":"LineString","coordinates":[[-97.7385288,30.2881622],[-97.7382384,30.2881411],[-97.7380796,30.2881286]]},"properties":{"k":"path","u":"footway","s":"concrete","w":2.4,"wt":0}},{"type":"Feature","geometry":{"type":"LineString","coordinates":[[-97.739579,30.2879626],[-97.7396341,30.2879949],[-97.7396997,30.2880285]]},"properties":{"k":"path","u":"steps","s":"concrete","w":3.0,"wt":0}},{"type":"Feature","geometry":{"type":"LineString","coordinates":[[-97.7380715,30.2882255],[-97.7380759,30.2881792]]},"properties":{"k":"path","u":"steps","s":"concrete","w":3.0,"wt":0}},{"type":"Feature","geometry":{"type":"LineString","coordinates":[[-97.7382303,30.2882396],[-97.7382336,30.2881894]]},"properties":{"k":"path","u":"steps","s":"concrete","w":3.0,"wt":0}},{"type":"Feature","geometry":{"type":"LineString","coordinates":[[-97.7396997,30.2880285],[-97.7397706,30.2880484],[-97.7398486,30.288063],[-97.7399151,30.2880661],[-97.7399843,30.2880599],[-97.7400357,30.2880385],[-97.7401938,30.2879354],[-97.7403297,30.2879426]]},"properties":{"k":"path","u":"footway","s":"concrete","w":2.4,"wt":0}},{"type":"Feature","geometry":{"type":"LineString","coordinates":[[-97.7350183,30.2839685],[-97.7350339,30.2839572],[-97.7350469,30.2839507],[-97.735062,30.2839476],[-97.7350771,30.2839472],[-97.73509,30.2839507],[-97.7351029,30.2839572],[-97.7351141,30.283961],[-97.7351292,30.2839637],[-97.7354481,30.2839893],[-97.7354893,30.2836219]]},"properties":{"k":"path","u":"footway","s":"concrete","w":2.4,"wt":0}},{"type":"Feature","geometry":{"type":"LineString","coordinates":[[-97.7350142,30.2836941],[-97.7349938,30.2838808],[-97.7349949,30.2839264],[-97.7350029,30.2839528],[-97.7350183,30.2839685],[-97.7350356,30.2839864],[-97.7350537,30.284011],[-97.7350829,30.2840753],[-97.7350961,30.2840969],[-97.7351142,30.2841155],[-97.7351344,30.2841305],[-97.7351698,30.2841491],[-97.73519,30.2841647],[-97.7352171,30.284211],[-97.7352234,30.284238],[-97.735222,30.2842662],[-97.735215,30.2842897],[-97.7352046,30.2843089],[-97.7351879,30.2843317],[-97.7351733,30.2843605],[-97.735167,30.2843923],[-97.7351677,30.2844266],[-97.7351733,30.2844728]]},"properties":{"k":"path","u":"footway","s":"concrete","w":2.4,"wt":0}},{"type":"Feature","geometry":{"type":"LineString","coordinates":[[-97.7376379,30.2830955],[-97.7377118,30.2831012]]},"properties":{"k":"path","u":"steps","s":"concrete","w":3.0,"wt":0}},{"type":"Feature","geometry":{"type":"LineString","coordinates":[[-97.7347034,30.2823283],[-97.7346948,30.2823702]]},"properties":{"k":"path","u":"footway","s":"concrete","w":2.4,"wt":0}},{"type":"Feature","geometry":{"type":"LineString","coordinates":[[-97.7356158,30.2831563],[-97.7356167,30.2831476]]},"properties":{"k":"path","u":"steps","s":"concrete","w":3.0,"wt":0}},{"type":"Feature","geometry":{"type":"LineString","coordinates":[[-97.7347963,30.2827511],[-97.7348804,30.282757]]},"properties":{"k":"path","u":"footway","s":"concrete","w":2.4,"wt":0}},{"type":"Feature","geometry":{"type":"LineString","coordinates":[[-97.7371776,30.2825926],[-97.737513,30.2826082]]},"properties":{"k":"path","u":"footway","s":"concrete","w":2.4,"wt":0}},{"type":"Feature","geometry":{"type":"LineString","coordinates":[[-97.7347125,30.2823059],[-97.7347034,30.2823283]]},"properties":{"k":"path","u":"steps","s":"concrete","w":3.0,"wt":0}},{"type":"Feature","geometry":{"type":"LineString","coordinates":[[-97.7347629,30.2823749],[-97.7347354,30.282373]]},"properties":{"k":"path","u":"steps","s":"concrete","w":3.0,"wt":0}},{"type":"Feature","geometry":{"type":"LineString","coordinates":[[-97.7357615,30.2818904],[-97.7360904,30.2819575]]},"properties":{"k":"path","u":"footway","s":"concrete","w":2.4,"wt":0}},{"type":"Feature","geometry":{"type":"LineString","coordinates":[[-97.7348735,30.2828106],[-97.7348783,30.2827709]]},"properties":{"k":"path","u":"steps","s":"concrete","w":3.0,"wt":0}},{"type":"Feature","geometry":{"type":"LineString","coordinates":[[-97.7359699,30.2824919],[-97.7359651,30.2825353]]},"properties":{"k":"path","u":"footway","s":"concrete","w":2.4,"wt":0}},{"type":"Feature","geometry":{"type":"LineString","coordinates":[[-97.7346889,30.282415],[-97.7346948,30.2823702]]},"properties":{"k":"path","u":"footway","s":"concrete","w":2.4,"wt":0}},{"type":"Feature","geometry":{"type":"LineString","coordinates":[[-97.7369785,30.2819421],[-97.7369646,30.2820939]]},"properties":{"k":"path","u":"footway","s":"concrete","w":2.4,"wt":0}},{"type":"Feature","geometry":{"type":"LineString","coordinates":[[-97.734726,30.2827454],[-97.7347728,30.2827492]]},"properties":{"k":"path","u":"footway","s":"concrete","w":2.4,"wt":0}},{"type":"Feature","geometry":{"type":"LineString","coordinates":[[-97.7347728,30.2827492],[-97.7347963,30.2827511]]},"properties":{"k":"path","u":"steps","s":"concrete","w":3.0,"wt":0}},{"type":"Feature","geometry":{"type":"LineString","coordinates":[[-97.7362349,30.2825333],[-97.7362401,30.2824545]]},"properties":{"k":"path","u":"footway","s":"concrete","w":2.4,"wt":0}},{"type":"Feature","geometry":{"type":"LineString","coordinates":[[-97.7356294,30.2826803],[-97.7356909,30.2826422]]},"properties":{"k":"path","u":"footway","s":"concrete","w":2.4,"wt":0}},{"type":"Feature","geometry":{"type":"LineString","coordinates":[[-97.7353859,30.2818655],[-97.7356131,30.2818869]]},"properties":{"k":"path","u":"steps","s":"concrete","w":3.0,"wt":0}},{"type":"Feature","geometry":{"type":"LineString","coordinates":[[-97.7362312,30.2832857],[-97.7362463,30.2831428]]},"properties":{"k":"path","u":"footway","s":"concrete","w":2.4,"wt":0}},{"type":"Feature","geometry":{"type":"LineString","coordinates":[[-97.7356167,30.2831476],[-97.7356197,30.2831154]]},"properties":{"k":"path","u":"footway","s":"concrete","w":2.4,"wt":0}},{"type":"Feature","geometry":{"type":"LineString","coordinates":[[-97.7346897,30.2823697],[-97.7346584,30.282367]]},"properties":{"k":"path","u":"steps","s":"concrete","w":3.0,"wt":0}},{"type":"Feature","geometry":{"type":"LineString","coordinates":[[-97.7347762,30.2825779],[-97.7346902,30.2824306]]},"properties":{"k":"path","u":"footway","s":"concrete","w":2.4,"wt":0}},{"type":"Feature","geometry":{"type":"LineString","coordinates":[[-97.7360174,30.2824377],[-97.7360102,30.2824982]]},"properties":{"k":"path","u":"footway","s":"concrete","w":2.4,"wt":0}},{"type":"Feature","geometry":{"type":"LineString","coordinates":[[-97.7356108,30.283223],[-97.7356158,30.2831563]]},"properties":{"k":"path","u":"footway","s":"concrete","w":2.4,"wt":0}},{"type":"Feature","geometry":{"type":"LineString","coordinates":[[-97.7348091,30.2826443],[-97.7348247,30.2826688]]},"properties":{"k":"path","u":"steps","s":"concrete","w":3.0,"wt":0}},{"type":"Feature","geometry":{"type":"LineString","coordinates":[[-97.7346902,30.2824306],[-97.7346889,30.282415]]},"properties":{"k":"path","u":"steps","s":"concrete","w":3.0,"wt":0}},{"type":"Feature","geometry":{"type":"LineString","coordinates":[[-97.7374748,30.2830829],[-97.7376379,30.2830955]]},"properties":{"k":"path","u":"footway","s":"concrete","w":2.4,"wt":0}},{"type":"Feature","geometry":{"type":"LineString","coordinates":[[-97.7364218,30.2829503],[-97.7364224,30.2829434],[-97.7364007,30.2829419],[-97.7364002,30.2829497]]},"properties":{"k":"path","u":"footway","s":"concrete","w":2.4,"wt":0}},{"type":"Feature","geometry":{"type":"LineString","coordinates":[[-97.7341674,30.2834951],[-97.7343758,30.2835041]]},"properties":{"k":"path","u":"footway","s":"concrete","w":2.4,"wt":0}},{"type":"Feature","geometry":{"type":"LineString","coordinates":[[-97.7374778,30.2830539],[-97.7371023,30.283023]]},"properties":{"k":"path","u":"footway","s":"concrete","w":2.4,"wt":0}},{"type":"Feature","geometry":{"type":"LineString","coordinates":[[-97.7370146,30.2830523],[-97.736992,30.2833509]]},"properties":{"k":"path","u":"footway","s":"concrete","w":2.4,"wt":0}},{"type":"Feature","geometry":{"type":"LineString","coordinates":[[-97.7364185,30.2829889],[-97.7364218,30.2829503]]},"properties":{"k":"path","u":"steps","s":"concrete","w":3.0,"wt":0}},{"type":"Feature","geometry":{"type":"LineString","coordinates":[[-97.7380389,30.2831494],[-97.7382564,30.2833863]]},"properties":{"k":"path","u":"footway","s":"concrete","w":2.4,"wt":0}},{"type":"Feature","geometry":{"type":"LineString","coordinates":[[-97.7357401,30.2825184],[-97.7357467,30.282457]]},"properties":{"k":"path","u":"footway","s":"concrete","w":2.4,"wt":0}},{"type":"Feature","geometry":{"type":"LineString","coordinates":[[-97.7347762,30.2825779],[-97.7348091,30.2826443]]},"properties":{"k":"path","u":"footway","s":"concrete","w":2.4,"wt":0}},{"type":"Feature","geometry":{"type":"LineString","coordinates":[[-97.7364134,30.2830349],[-97.7364185,30.2829889]]},"properties":{"k":"path","u":"footway","s":"concrete","w":2.4,"wt":0}},{"type":"Feature","geometry":{"type":"LineString","coordinates":[[-97.7348656,30.282382],[-97.7347629,30.2823749]]},"properties":{"k":"path","u":"footway","s":"concrete","w":2.4,"wt":0}},{"type":"Feature","geometry":{"type":"LineString","coordinates":[[-97.7358545,30.2818103],[-97.7360904,30.2819575],[-97.736174,30.2821328],[-97.7362233,30.2821851],[-97.7363325,30.2822451],[-97.7364878,30.2822595]]},"properties":{"k":"path","u":"footway","s":"concrete","w":2.4,"wt":0}},{"type":"Feature","geometry":{"type":"LineString","coordinates":[[-97.7346584,30.282367],[-97.7346343,30.2823649],[-97.7345969,30.2823612]]},"properties":{"k":"path","u":"footway","s":"concrete","w":2.4,"wt":0}},{"type":"Feature","geometry":{"type":"LineString","coordinates":[[-97.7357486,30.2823122],[-97.7358619,30.28215],[-97.736174,30.2821328]]},"properties":{"k":"path","u":"footway","s":"concrete","w":2.4,"wt":0}},{"type":"Feature","geometry":{"type":"LineString","coordinates":[[-97.734508,30.2831331],[-97.7345058,30.2831551],[-97.7344996,30.2832167],[-97.7344937,30.2832955],[-97.7344863,30.2833312]]},"properties":{"k":"path","u":"footway","s":"concrete","w":2.4,"wt":0}},{"type":"Feature","geometry":{"type":"LineString","coordinates":[[-97.7373717,30.2840541],[-97.7371186,30.2840332],[-97.7370287,30.2840258],[-97.7369484,30.2840191],[-97.7368337,30.2840096]]},"properties":{"k":"path","u":"footway","s":"paving","w":2.4,"wt":0}},{"type":"Feature","geometry":{"type":"LineString","coordinates":[[-97.7371689,30.2835071],[-97.7371488,30.2837328],[-97.7371315,30.2838666],[-97.7371186,30.2840332],[-97.7371079,30.2841431]]},"properties":{"k":"path","u":"footway","s":"paving","w":2.4,"wt":0}},{"type":"Feature","geometry":{"type":"LineString","coordinates":[[-97.7343595,30.2836718],[-97.7343588,30.2837188]]},"properties":{"k":"path","u":"footway","s":"concrete","w":2.4,"wt":0}},{"type":"Feature","geometry":{"type":"LineString","coordinates":[[-97.734947,30.2821214],[-97.73472,30.2822935],[-97.7347125,30.2823059]]},"properties":{"k":"path","u":"footway","s":"concrete","w":2.4,"wt":0}},{"type":"Feature","geometry":{"type":"LineString","coordinates":[[-97.7356205,30.2831073],[-97.7356215,30.2830979],[-97.7356308,30.2830041]]},"properties":{"k":"path","u":"footway","s":"concrete","w":2.4,"wt":0}},{"type":"Feature","geometry":{"type":"LineString","coordinates":[[-97.7356562,30.2819171],[-97.7356413,30.2818895],[-97.7355031,30.2816305]]},"properties":{"k":"path","u":"footway","s":"concrete","w":2.4,"wt":0}},{"type":"Feature","geometry":{"type":"LineString","coordinates":[[-97.7363975,30.2829877],[-97.736395,30.2830179],[-97.7364656,30.2830234]]},"properties":{"k":"path","u":"footway","s":"concrete","w":2.4,"wt":0}},{"type":"Feature","geometry":{"type":"LineString","coordinates":[[-97.7356131,30.2818869],[-97.7356413,30.2818895],[-97.7357509,30.2818995]]},"properties":{"k":"path","u":"footway","s":"concrete","w":2.4,"wt":0}},{"type":"Feature","geometry":{"type":"LineString","coordinates":[[-97.7347354,30.282373],[-97.7346948,30.2823702],[-97.7346897,30.2823697]]},"properties":{"k":"path","u":"footway","s":"concrete","w":2.4,"wt":0}},{"type":"Feature","geometry":{"type":"LineString","coordinates":[[-97.734993,30.2821249],[-97.734947,30.2821214],[-97.7346647,30.2820994],[-97.7346343,30.2823649]]},"properties":{"k":"path","u":"footway","s":"concrete","w":2.4,"wt":0}},{"type":"Feature","geometry":{"type":"LineString","coordinates":[[-97.7350957,30.282083],[-97.7352003,30.2820917]]},"properties":{"k":"path","u":"footway","s":"concrete","w":2.4,"wt":0}},{"type":"Feature","geometry":{"type":"LineString","coordinates":[[-97.7377028,30.2813511],[-97.737775,30.2807419]]},"properties":{"k":"path","u":"footway","s":"concrete","w":2.4,"wt":0}},{"type":"Feature","geometry":{"type":"LineString","coordinates":[[-97.7348247,30.2826688],[-97.7348804,30.282757],[-97.7348783,30.2827709]]},"properties":{"k":"path","u":"footway","s":"concrete","w":2.4,"wt":0}},{"type":"Feature","geometry":{"type":"LineString","coordinates":[[-97.7370825,30.2835026],[-97.7370597,30.2837271],[-97.7370455,30.2838641],[-97.7370287,30.2840258]]},"properties":{"k":"path","u":"footway","s":"concrete","w":2.4,"wt":0}},{"type":"Feature","geometry":{"type":"LineString","coordinates":[[-97.7354541,30.2836182],[-97.7354893,30.2836219],[-97.7355229,30.283625],[-97.7355265,30.2835866],[-97.7356819,30.283597]]},"properties":{"k":"path","u":"footway","s":"concrete","w":2.4,"wt":0}},{"type":"Feature","geometry":{"type":"LineString","coordinates":[[-97.7385101,30.2834735],[-97.7384646,30.2834211],[-97.7382564,30.2833863],[-97.7381703,30.2833886],[-97.7380703,30.283381]]},"properties":{"k":"path","u":"footway","s":"concrete","w":2.4,"wt":0}},{"type":"Feature","geometry":{"type":"LineString","coordinates":[[-97.7344863,30.2833312],[-97.7343911,30.2834807],[-97.7343758,30.2835041],[-97.7343662,30.2835582],[-97.7343595,30.2836718]]},"properties":{"k":"path","u":"footway","s":"concrete","w":2.4,"wt":0}},{"type":"Feature","geometry":{"type":"LineString","coordinates":[[-97.7356649,30.2824442],[-97.7356468,30.2825097],[-97.7356294,30.2826803],[-97.735568,30.282869]]},"properties":{"k":"path","u":"footway","s":"concrete","w":2.4,"wt":0}},{"type":"Feature","geometry":{"type":"LineString","coordinates":[[-97.7357245,30.2819222],[-97.7357509,30.2818995],[-97.7357615,30.2818904],[-97.7358545,30.2818103],[-97.7358819,30.2817868],[-97.735909,30.2815797]]},"properties":{"k":"path","u":"footway","s":"concrete","w":2.4,"wt":0}},{"type":"Feature","geometry":{"type":"LineString","coordinates":[[-97.7354776,30.2829794],[-97.7355134,30.2830283],[-97.7355396,30.2830572],[-97.7355579,30.2830729],[-97.7355882,30.2830898],[-97.7356215,30.2830979]]},"properties":{"k":"path","u":"footway","s":"concrete","w":2.4,"wt":0}},{"type":"Feature","geometry":{"type":"LineString","coordinates":[[-97.7371695,30.2818459],[-97.7370463,30.2819465],[-97.7369785,30.2819421],[-97.736862,30.2819345],[-97.7366249,30.2818858],[-97.7363948,30.281867]]},"properties":{"k":"path","u":"footway","s":"concrete","w":2.4,"wt":0}},{"type":"Feature","geometry":{"type":"LineString","coordinates":[[-97.7362947,30.2825427],[-97.7362349,30.2825333],[-97.7360102,30.2824982],[-97.7359699,30.2824919],[-97.7357467,30.282457],[-97.7356649,30.2824442],[-97.735619,30.2824352],[-97.7356212,30.2824079]]},"properties":{"k":"path","u":"footway","s":"concrete","w":2.4,"wt":0}},{"type":"Feature","geometry":{"type":"LineString","coordinates":[[-97.7347445,30.2828411],[-97.7346974,30.2828705]]},"properties":{"k":"path","u":"footway","s":"concrete","w":2.4,"wt":0}},{"type":"Feature","geometry":{"type":"LineString","coordinates":[[-97.7348804,30.282757],[-97.7347767,30.2828211]]},"properties":{"k":"path","u":"footway","s":"concrete","w":2.4,"wt":0}},{"type":"Feature","geometry":{"type":"LineString","coordinates":[[-97.7347767,30.2828211],[-97.7347445,30.2828411]]},"properties":{"k":"path","u":"steps","s":"concrete","w":3.0,"wt":0}},{"type":"Feature","geometry":{"type":"LineString","coordinates":[[-97.7356205,30.2831073],[-97.7356197,30.2831154]]},"properties":{"k":"path","u":"steps","s":"concrete","w":3.0,"wt":0}},{"type":"Feature","geometry":{"type":"LineString","coordinates":[[-97.7364002,30.2829497],[-97.7363975,30.2829877]]},"properties":{"k":"path","u":"steps","s":"concrete","w":3.0,"wt":0}},{"type":"Feature","geometry":{"type":"LineString","coordinates":[[-97.7364935,30.2825025],[-97.7364852,30.2825841],[-97.7364391,30.2830369],[-97.7364134,30.2830349],[-97.736384,30.2830324],[-97.7363417,30.2830173],[-97.7361046,30.2829991],[-97.7360395,30.2830347],[-97.735658,30.2830086],[-97.7356308,30.2830041],[-97.7356224,30.2830015],[-97.7355847,30.2829867],[-97.7355491,30.282976],[-97.7355227,30.2829738],[-97.7354776,30.2829794],[-97.7354284,30.2829751],[-97.7353959,30.2829678],[-97.7353692,30.282957],[-97.735355,30.2829459],[-97.7353438,30.2829282],[-97.7353305,30.2829113],[-97.7353046,30.2828976]]},"properties":{"k":"path","u":"footway","s":"concrete","w":2.4,"wt":0}},{"type":"Feature","geometry":{"type":"LineString","coordinates":[[-97.7383762,30.2857395],[-97.7383573,30.2857379],[-97.7383338,30.285736],[-97.7383102,30.2857109],[-97.738289,30.2856882],[-97.7382949,30.2856185],[-97.7383003,30.2855606],[-97.7383329,30.2855383],[-97.7383787,30.2855064]]},"properties":{"k":"path","u":"footway","s":"concrete","w":2.4,"wt":0}},{"type":"Feature","geometry":{"type":"LineString","coordinates":[[-97.7364852,30.2825841],[-97.7364138,30.2825804]]},"properties":{"k":"path","u":"footway","s":"concrete","w":2.4,"wt":0}},{"type":"Feature","geometry":{"type":"LineString","coordinates":[[-97.7375465,30.2822723],[-97.7371499,30.2822516],[-97.7371541,30.282209],[-97.7370661,30.2822044]]},"properties":{"k":"path","u":"footway","s":"concrete","w":2.4,"wt":0}},{"type":"Feature","geometry":{"type":"LineString","coordinates":[[-97.7405263,30.283953],[-97.7401989,30.2839283],[-97.7399295,30.2839081],[-97.7399084,30.2841273],[-97.7398102,30.2841194],[-97.7393818,30.2840872],[-97.7393058,30.2840818],[-97.7392617,30.2840786],[-97.7392654,30.2840412]]},"properties":{"k":"path","u":"footway","s":"concrete","w":2.4,"wt":0}},{"type":"Feature","geometry":{"type":"LineString","coordinates":[[-97.7388611,30.2851685],[-97.7388303,30.2854602],[-97.7388087,30.2856614],[-97.7387865,30.285863],[-97.7387757,30.2859614],[-97.7387572,30.2861296],[-97.7387483,30.2862107],[-97.7388125,30.2862194],[-97.7388598,30.286237],[-97.7388843,30.2862603],[-97.7388975,30.2862963],[-97.7389072,30.2863472],[-97.7389023,30.2863838],[-97.7388898,30.2864197],[-97.7388891,30.2864539],[-97.7389037,30.2865042],[-97.7389389,30.2865587],[-97.7389686,30.2866047]]},"properties":{"k":"path","u":"footway","s":"concrete","w":2.4,"wt":0}},{"type":"Feature","geometry":{"type":"LineString","coordinates":[[-97.7378286,30.2849537],[-97.7379866,30.2847889]]},"properties":{"k":"path","u":"footway","s":"concrete","w":2.4,"wt":0}},{"type":"Feature","geometry":{"type":"LineString","coordinates":[[-97.7394423,30.2855347],[-97.7394383,30.2855783]]},"properties":{"k":"path","u":"steps","s":"concrete","w":3.0,"wt":0}},{"type":"Feature","geometry":{"type":"LineString","coordinates":[[-97.7354786,30.2853377],[-97.7353186,30.2853502]]},"properties":{"k":"path","u":"footway","s":"concrete","w":2.4,"wt":0}},{"type":"Feature","geometry":{"type":"LineString","coordinates":[[-97.7404266,30.2859144],[-97.7404235,30.286005]]},"properties":{"k":"path","u":"footway","s":"concrete","w":2.4,"wt":0}},{"type":"Feature","geometry":{"type":"LineString","coordinates":[[-97.7385638,30.2858436],[-97.7386771,30.2858528]]},"properties":{"k":"path","u":"footway","s":"concrete","w":2.4,"wt":0}},{"type":"Feature","geometry":{"type":"LineString","coordinates":[[-97.7387256,30.2840201],[-97.7387292,30.2839711]]},"properties":{"k":"path","u":"steps","s":"concrete","w":3.0,"wt":0}},{"type":"Feature","geometry":{"type":"LineString","coordinates":[[-97.7402724,30.2859937],[-97.7402742,30.2859028]]},"properties":{"k":"path","u":"footway","s":"concrete","w":2.4,"wt":0}},{"type":"Feature","geometry":{"type":"LineString","coordinates":[[-97.738639,30.2862535],[-97.7386372,30.2862684]]},"properties":{"k":"path","u":"footway","s":"concrete","w":2.4,"wt":0}},{"type":"Feature","geometry":{"type":"LineString","coordinates":[[-97.7386768,30.2861244],[-97.7386744,30.2861467]]},"properties":{"k":"path","u":"footway","s":"concrete","w":2.4,"wt":0}},{"type":"Feature","geometry":{"type":"LineString","coordinates":[[-97.7375618,30.2836073],[-97.7374938,30.28353]]},"properties":{"k":"path","u":"steps","s":"concrete","w":3.0,"wt":0}},{"type":"Feature","geometry":{"type":"LineString","coordinates":[[-97.7386771,30.2858528],[-97.7387865,30.285863]]},"properties":{"k":"path","u":"footway","s":"concrete","w":2.4,"wt":0}},{"type":"Feature","geometry":{"type":"LineString","coordinates":[[-97.7387213,30.2840651],[-97.7386549,30.2840606]]},"properties":{"k":"path","u":"steps","s":"concrete","w":3.0,"wt":0}},{"type":"Feature","geometry":{"type":"LineString","coordinates":[[-97.7384392,30.2855323],[-97.7384379,30.2855467]]},"properties":{"k":"path","u":"footway","s":"concrete","w":2.4,"wt":0}},{"type":"Feature","geometry":{"type":"LineString","coordinates":[[-97.7381743,30.2848056],[-97.7378286,30.2849537]]},"properties":{"k":"path","u":"footway","s":"concrete","w":2.4,"wt":0}},{"type":"Feature","geometry":{"type":"LineString","coordinates":[[-97.7386104,30.28621],[-97.738536,30.2862047]]},"properties":{"k":"path","u":"steps","s":"concrete","w":3.0,"wt":0}},{"type":"Feature","geometry":{"type":"LineString","coordinates":[[-97.7383008,30.2845227],[-97.7384822,30.2847071],[-97.7385107,30.284732],[-97.7383876,30.2848168]]},"properties":{"k":"path","u":"footway","s":"concrete","w":2.4,"wt":0}},{"type":"Feature","geometry":{"type":"LineString","coordinates":[[-97.7386421,30.2862274],[-97.738639,30.2862535]]},"properties":{"k":"path","u":"steps","s":"concrete","w":3.0,"wt":0}},{"type":"Feature","geometry":{"type":"LineString","coordinates":[[-97.7385279,30.283674],[-97.7385501,30.2834252]]},"properties":{"k":"path","u":"footway","s":"concrete","w":2.4,"wt":0}},{"type":"Feature","geometry":{"type":"LineString","coordinates":[[-97.7400732,30.2859788],[-97.7400726,30.2858874]]},"properties":{"k":"path","u":"footway","s":"concrete","w":2.4,"wt":0}},{"type":"Feature","geometry":{"type":"LineString","coordinates":[[-97.7387148,30.285456],[-97.7386051,30.2854476]]},"properties":{"k":"path","u":"footway","s":"concrete","w":2.4,"wt":0}},{"type":"Feature","geometry":{"type":"LineString","coordinates":[[-97.7375618,30.2836073],[-97.7381426,30.2836485]]},"properties":{"k":"path","u":"footway","s":"concrete","w":2.4,"wt":0}},{"type":"Feature","geometry":{"type":"LineString","coordinates":[[-97.7386744,30.2861467],[-97.7386722,30.2861675]]},"properties":{"k":"path","u":"steps","s":"concrete","w":3.0,"wt":0}},{"type":"Feature","geometry":{"type":"LineString","coordinates":[[-97.7399585,30.2857463],[-97.7399295,30.2857442]]},"properties":{"k":"path","u":"steps","s":"concrete","w":3.0,"wt":0}},{"type":"Feature","geometry":{"type":"LineString","coordinates":[[-97.7386438,30.2862123],[-97.7386421,30.2862274]]},"properties":{"k":"path","u":"footway","s":"concrete","w":2.4,"wt":0}},{"type":"Feature","geometry":{"type":"LineString","coordinates":[[-97.7383641,30.2856713],[-97.7383569,30.2856766]]},"properties":{"k":"path","u":"footway","s":"concrete","w":2.4,"wt":0}},{"type":"Feature","geometry":{"type":"LineString","coordinates":[[-97.7385279,30.283674],[-97.7385256,30.2837023]]},"properties":{"k":"path","u":"steps","s":"concrete","w":3.0,"wt":0}},{"type":"Feature","geometry":{"type":"LineString","coordinates":[[-97.7386975,30.2856523],[-97.7385847,30.285643]]},"properties":{"k":"path","u":"footway","s":"concrete","w":2.4,"wt":0}},{"type":"Feature","geometry":{"type":"LineString","coordinates":[[-97.7387572,30.2861296],[-97.7386768,30.2861244],[-97.7386671,30.2861236]]},"properties":{"k":"path","u":"footway","s":"concrete","w":2.4,"wt":0}},{"type":"Feature","geometry":{"type":"LineString","coordinates":[[-97.7391343,30.2838805],[-97.7391383,30.2838411],[-97.739148,30.2837447]]},"properties":{"k":"path","u":"footway","s":"concrete","w":2.4,"wt":0}},{"type":"Feature","geometry":{"type":"LineString","coordinates":[[-97.740072,30.2856232],[-97.7400774,30.2855652],[-97.7401062,30.2852684]]},"properties":{"k":"path","u":"footway","s":"concrete","w":2.4,"wt":0}},{"type":"Feature","geometry":{"type":"LineString","coordinates":[[-97.7390156,30.2838719],[-97.7390196,30.2838318],[-97.7390292,30.2837349]]},"properties":{"k":"path","u":"footway","s":"concrete","w":2.4,"wt":0}},{"type":"Feature","geometry":{"type":"LineString","coordinates":[[-97.7398404,30.2837906],[-97.7402081,30.2838206],[-97.7405362,30.2838473]]},"properties":{"k":"path","u":"footway","s":"concrete","w":2.4,"wt":0}},{"type":"Feature","geometry":{"type":"LineString","coordinates":[[-97.7388805,30.2856669],[-97.7388087,30.2856614],[-97.7386975,30.2856523]]},"properties":{"k":"path","u":"footway","s":"concrete","w":2.4,"wt":0}},{"type":"Feature","geometry":{"type":"LineString","coordinates":[[-97.7380408,30.2852304],[-97.7380708,30.2852865],[-97.7383329,30.2855383],[-97.7383443,30.2855503]]},"properties":{"k":"path","u":"footway","s":"concrete","w":2.4,"wt":0}},{"type":"Feature","geometry":{"type":"LineString","coordinates":[[-97.7401953,30.2839717],[-97.7401989,30.2839283],[-97.7402081,30.2838206]]},"properties":{"k":"path","u":"footway","s":"concrete","w":2.4,"wt":0}},{"type":"Feature","geometry":{"type":"LineString","coordinates":[[-97.7374499,30.2847869],[-97.7374547,30.2847417],[-97.7374585,30.2847009],[-97.7374725,30.2845531],[-97.7375618,30.2836073]]},"properties":{"k":"path","u":"footway","s":"concrete","w":2.4,"wt":0}},{"type":"Feature","geometry":{"type":"LineString","coordinates":[[-97.7386722,30.2861675],[-97.7386673,30.286214],[-97.7386438,30.2862123],[-97.7386104,30.28621]]},"properties":{"k":"path","u":"footway","s":"concrete","w":2.4,"wt":0}},{"type":"Feature","geometry":{"type":"LineString","coordinates":[[-97.7386361,30.2842405],[-97.738704,30.2842459],[-97.7387213,30.2840651],[-97.7387256,30.2840201]]},"properties":{"k":"path","u":"footway","s":"concrete","w":2.4,"wt":0}},{"type":"Feature","geometry":{"type":"LineString","coordinates":[[-97.7386315,30.284284],[-97.7386279,30.2843355],[-97.7386873,30.2844404],[-97.7386677,30.2846452]]},"properties":{"k":"path","u":"footway","s":"concrete","w":2.4,"wt":0}},{"type":"Feature","geometry":{"type":"LineString","coordinates":[[-97.7385279,30.283674],[-97.7385052,30.2836729],[-97.7384967,30.2837703],[-97.7385188,30.2837715]]},"properties":{"k":"path","u":"footway","s":"concrete","w":2.4,"wt":0}},{"type":"Feature","geometry":{"type":"LineString","coordinates":[[-97.7385188,30.2837715],[-97.7385414,30.2837727],[-97.7385492,30.2836754],[-97.7385279,30.283674]]},"properties":{"k":"path","u":"footway","s":"concrete","w":2.4,"wt":0}},{"type":"Feature","geometry":{"type":"LineString","coordinates":[[-97.738749,30.2837117],[-97.7390292,30.2837349],[-97.739148,30.2837447],[-97.739401,30.2837656]]},"properties":{"k":"path","u":"footway","s":"concrete","w":2.4,"wt":0}},{"type":"Feature","geometry":{"type":"LineString","coordinates":[[-97.7387292,30.2839711],[-97.7387415,30.28381],[-97.738749,30.2837117],[-97.7386425,30.2836877]]},"properties":{"k":"path","u":"footway","s":"concrete","w":2.4,"wt":0}},{"type":"Feature","geometry":{"type":"LineString","coordinates":[[-97.7380184,30.2853023],[-97.7379301,30.2852968],[-97.7377741,30.2852858],[-97.7376909,30.28528]]},"properties":{"k":"path","u":"footway","s":"concrete","w":2.4,"wt":0}},{"type":"Feature","geometry":{"type":"LineString","coordinates":[[-97.7384103,30.285987],[-97.7384126,30.2859167],[-97.7383417,30.2859119],[-97.7383573,30.2857379],[-97.73836,30.285712]]},"properties":{"k":"path","u":"footway","s":"concrete","w":2.4,"wt":0}},{"type":"Feature","geometry":{"type":"LineString","coordinates":[[-97.7396112,30.2857736],[-97.7395884,30.2857719],[-97.739588,30.2857388],[-97.7395806,30.285714],[-97.7395622,30.2856861],[-97.7395167,30.2856504]]},"properties":{"k":"path","u":"footway","s":"concrete","w":2.4,"wt":0}},{"type":"Feature","geometry":{"type":"LineString","coordinates":[[-97.7382266,30.2851525],[-97.7381188,30.2851442],[-97.738075,30.2851408],[-97.7379515,30.2851318],[-97.7377909,30.2851201],[-97.7377075,30.2851141]]},"properties":{"k":"path","u":"footway","s":"concrete","w":2.4,"wt":0}},{"type":"Feature","geometry":{"type":"LineString","coordinates":[[-97.7393388,30.2856366],[-97.7392944,30.285674],[-97.739279,30.285694],[-97.7392699,30.2857234],[-97.7392663,30.285748],[-97.7392123,30.285744]]},"properties":{"k":"path","u":"footway","s":"concrete","w":2.4,"wt":0}},{"type":"Feature","geometry":{"type":"LineString","coordinates":[[-97.7385188,30.2837715],[-97.7385178,30.2837926],[-97.7385318,30.2838093]]},"properties":{"k":"path","u":"footway","s":"concrete","w":2.4,"wt":0}},{"type":"Feature","geometry":{"type":"LineString","coordinates":[[-97.738536,30.2862047],[-97.7383749,30.2861932],[-97.7383199,30.2862077],[-97.7382525,30.2862476],[-97.7382073,30.2862889],[-97.7381842,30.2863147],[-97.7381555,30.2863466]]},"properties":{"k":"path","u":"footway","s":"concrete","w":2.4,"wt":0}},{"type":"Feature","geometry":{"type":"LineString","coordinates":[[-97.7378242,30.2847745],[-97.7378071,30.284952],[-97.7377909,30.2851201],[-97.7377741,30.2852858],[-97.7377547,30.2854759],[-97.7377532,30.2854909]]},"properties":{"k":"path","u":"footway","s":"concrete","w":2.4,"wt":0}},{"type":"Feature","geometry":{"type":"LineString","coordinates":[[-97.7386573,30.2840374],[-97.7386549,30.2840606],[-97.7386361,30.2842405],[-97.7386315,30.284284],[-97.7383008,30.2845227],[-97.7380558,30.2846995],[-97.7380517,30.2847525],[-97.7380485,30.2847944]]},"properties":{"k":"path","u":"footway","s":"concrete","w":2.4,"wt":0}},{"type":"Feature","geometry":{"type":"LineString","coordinates":[[-97.7377547,30.2854759],[-97.7379271,30.2853203],[-97.7379301,30.2852968],[-97.7379515,30.2851318],[-97.7379547,30.2851076],[-97.7378286,30.2849537],[-97.7378071,30.284952],[-97.7377244,30.2849456]]},"properties":{"k":"path","u":"footway","s":"concrete","w":2.4,"wt":0}},{"type":"Feature","geometry":{"type":"LineString","coordinates":[[-97.7383632,30.2856808],[-97.7383641,30.2856713],[-97.7383691,30.2856233],[-97.7383722,30.2855822],[-97.7383732,30.2855701]]},"properties":{"k":"path","u":"footway","s":"concrete","w":2.4,"wt":0}},{"type":"Feature","geometry":{"type":"LineString","coordinates":[[-97.7383753,30.285543],[-97.7383787,30.2855064],[-97.7383807,30.2854841],[-97.7383983,30.2853144]]},"properties":{"k":"path","u":"footway","s":"concrete","w":2.4,"wt":0}},{"type":"Feature","geometry":{"type":"LineString","coordinates":[[-97.7383732,30.2855701],[-97.7383753,30.285543]]},"properties":{"k":"path","u":"steps","s":"concrete","w":3.0,"wt":0}},{"type":"Feature","geometry":{"type":"LineString","coordinates":[[-97.738327,30.2856985],[-97.7383102,30.2857109],[-97.7380248,30.2859385],[-97.7379804,30.2859709]]},"properties":{"k":"path","u":"footway","s":"concrete","w":2.4,"wt":0}},{"type":"Feature","geometry":{"type":"LineString","coordinates":[[-97.7383569,30.2856766],[-97.738327,30.2856985]]},"properties":{"k":"path","u":"steps","s":"concrete","w":3.0,"wt":0}},{"type":"Feature","geometry":{"type":"LineString","coordinates":[[-97.7383443,30.2855503],[-97.7383636,30.2855716]]},"properties":{"k":"path","u":"steps","s":"concrete","w":3.0,"wt":0}},{"type":"Feature","geometry":{"type":"LineString","coordinates":[[-97.738165,30.2856081],[-97.7381217,30.2856043]]},"properties":{"k":"path","u":"steps","s":"concrete","w":3.0,"wt":0}},{"type":"Feature","geometry":{"type":"LineString","coordinates":[[-97.73836,30.285712],[-97.7383632,30.2856808]]},"properties":{"k":"path","u":"steps","s":"concrete","w":3.0,"wt":0}},{"type":"Feature","geometry":{"type":"LineString","coordinates":[[-97.7383636,30.2855716],[-97.7383722,30.2855822]]},"properties":{"k":"path","u":"footway","s":"concrete","w":2.4,"wt":0}},{"type":"Feature","geometry":{"type":"LineString","coordinates":[[-97.7370455,30.2838641],[-97.7371315,30.2838666]]},"properties":{"k":"path","u":"footway","s":"paving","w":2.4,"wt":0}},{"type":"Feature","geometry":{"type":"LineString","coordinates":[[-97.7370597,30.2837271],[-97.7371488,30.2837328],[-97.7374036,30.2837548]]},"properties":{"k":"path","u":"footway","s":"paving","w":2.4,"wt":0}},{"type":"Feature","geometry":{"type":"LineString","coordinates":[[-97.7365667,30.2878548],[-97.7368633,30.2878768],[-97.7369698,30.2878847]]},"properties":{"k":"path","u":"footway","s":"concrete","w":2.4,"wt":0}},{"type":"Feature","geometry":{"type":"LineString","coordinates":[[-97.7380597,30.2862067],[-97.7379576,30.286271]]},"properties":{"k":"path","u":"footway","s":"concrete","w":2.4,"wt":0}},{"type":"Feature","geometry":{"type":"LineString","coordinates":[[-97.7339105,30.285548],[-97.7340585,30.2855805]]},"properties":{"k":"path","u":"footway","s":"concrete","w":2.4,"wt":0}},{"type":"Feature","geometry":{"type":"LineString","coordinates":[[-97.7338219,30.2887172],[-97.7336284,30.2887057]]},"properties":{"k":"path","u":"footway","s":"concrete","w":2.4,"wt":0}},{"type":"Feature","geometry":{"type":"LineString","coordinates":[[-97.7336748,30.2881669],[-97.7334386,30.2880588]]},"properties":{"k":"path","u":"footway","s":"concrete","w":2.4,"wt":0}},{"type":"Feature","geometry":{"type":"LineString","coordinates":[[-97.7350699,30.2855864],[-97.7350377,30.2855739]]},"properties":{"k":"path","u":"steps","s":"concrete","w":3.0,"wt":0}},{"type":"Feature","geometry":{"type":"LineString","coordinates":[[-97.7383702,30.2865017],[-97.7382837,30.2873714]]},"properties":{"k":"path","u":"footway","s":"concrete","w":2.4,"wt":0}},{"type":"Feature","geometry":{"type":"LineString","coordinates":[[-97.733599,30.2885664],[-97.7334826,30.2885486]]},"properties":{"k":"path","u":"footway","s":"concrete","w":2.4,"wt":0}},{"type":"Feature","geometry":{"type":"LineString","coordinates":[[-97.7379576,30.286271],[-97.7379113,30.2862992]]},"properties":{"k":"path","u":"steps","s":"concrete","w":3.0,"wt":0}},{"type":"Feature","geometry":{"type":"LineString","coordinates":[[-97.7336284,30.2887057],[-97.7335745,30.2886961]]},"properties":{"k":"path","u":"footway","s":"concrete","w":2.4,"wt":0}},{"type":"Feature","geometry":{"type":"LineString","coordinates":[[-97.7346672,30.2856278],[-97.7345951,30.2856204]]},"properties":{"k":"path","u":"steps","s":"concrete","w":3.0,"wt":0}},{"type":"Feature","geometry":{"type":"LineString","coordinates":[[-97.7351192,30.2855641],[-97.7351112,30.2855946],[-97.7350699,30.2855864]]},"properties":{"k":"path","u":"footway","s":"concrete","w":2.4,"wt":0}},{"type":"Feature","geometry":{"type":"LineString","coordinates":[[-97.7379113,30.2862992],[-97.7378618,30.2863213],[-97.7376155,30.2863024]]},"properties":{"k":"path","u":"footway","s":"concrete","w":2.4,"wt":0}},{"type":"Feature","geometry":{"type":"LineString","coordinates":[[-97.7369484,30.2840191],[-97.7369409,30.284109],[-97.7369997,30.2841345]]},"properties":{"k":"path","u":"footway","s":"paving","w":2.4,"wt":0}},{"type":"Feature","geometry":{"type":"LineString","coordinates":[[-97.7380404,30.2861626],[-97.7378921,30.2862599],[-97.7378593,30.2862175]]},"properties":{"k":"path","u":"footway","s":"concrete","w":2.4,"wt":0}},{"type":"Feature","geometry":{"type":"LineString","coordinates":[[-97.7338861,30.2871754],[-97.7338357,30.2876299]]},"properties":{"k":"path","u":"footway","s":"concrete","w":2.4,"wt":0}},{"type":"Feature","geometry":{"type":"LineString","coordinates":[[-97.7340585,30.2855805],[-97.7342425,30.2855864],[-97.7345951,30.2856204]]},"properties":{"k":"path","u":"footway","s":"concrete","w":2.4,"wt":0}},{"type":"Feature","geometry":{"type":"LineString","coordinates":[[-97.7372642,30.285077],[-97.7363973,30.2850179],[-97.7363721,30.2853784]]},"properties":{"k":"path","u":"footway","s":"concrete","w":2.4,"wt":0}},{"type":"Feature","geometry":{"type":"LineString","coordinates":[[-97.7336519,30.2882876],[-97.7337602,30.2883034],[-97.7339113,30.2880968],[-97.7339191,30.2880861]]},"properties":{"k":"path","u":"footway","s":"concrete","w":2.4,"wt":0}},{"type":"Feature","geometry":{"type":"LineString","coordinates":[[-97.7350746,30.2852002],[-97.7350011,30.285207],[-97.7349417,30.2852043],[-97.7348847,30.2851937],[-97.734855,30.285184],[-97.7348139,30.2851715],[-97.7348013,30.2851785]]},"properties":{"k":"path","u":"footway","s":"concrete","w":2.4,"wt":0}},{"type":"Feature","geometry":{"type":"LineString","coordinates":[[-97.7349625,30.2852916],[-97.734972,30.2852756],[-97.7349979,30.2852454],[-97.7350344,30.2852159],[-97.7350746,30.2852002],[-97.7350933,30.2851952]]},"properties":{"k":"path","u":"footway","s":"concrete","w":2.4,"wt":0}},{"type":"Feature","geometry":{"type":"LineString","coordinates":[[-97.7337836,30.2854745],[-97.7338146,30.2855053],[-97.7338318,30.2855213],[-97.7338592,30.2855367],[-97.7339105,30.285548]]},"properties":{"k":"path","u":"footway","s":"concrete","w":2.4,"wt":0}},{"type":"Feature","geometry":{"type":"LineString","coordinates":[[-97.7335249,30.2878773],[-97.7336626,30.2880447],[-97.7336936,30.2880673],[-97.7337384,30.288082],[-97.7337938,30.2880953],[-97.7338549,30.2881024],[-97.7339113,30.2880968]]},"properties":{"k":"path","u":"footway","s":"concrete","w":2.4,"wt":0}},{"type":"Feature","geometry":{"type":"LineString","coordinates":[[-97.7342375,30.2870689],[-97.7341775,30.2869292],[-97.7341946,30.286758],[-97.7341692,30.286672],[-97.7341479,30.2866],[-97.7340164,30.2862511],[-97.734004,30.2862001],[-97.7340585,30.2855805]]},"properties":{"k":"path","u":"footway","s":"concrete","w":2.4,"wt":0}},{"type":"Feature","geometry":{"type":"LineString","coordinates":[[-97.735175,30.2855032],[-97.7351696,30.2856342],[-97.7351401,30.2856332],[-97.7351081,30.2856305],[-97.7350839,30.2856256],[-97.7350581,30.2856176],[-97.7350343,30.2856093],[-97.7350038,30.2855939]]},"properties":{"k":"path","u":"footway","s":"concrete","w":2.4,"wt":0}},{"type":"Feature","geometry":{"type":"LineString","coordinates":[[-97.7350377,30.2855739],[-97.735024,30.2855667],[-97.7350038,30.2855939],[-97.7349424,30.2856764],[-97.7346652,30.2856538],[-97.7346672,30.2856278],[-97.7349245,30.2856473],[-97.7350177,30.2855193]]},"properties":{"k":"path","u":"footway","s":"concrete","w":2.4,"wt":0}},{"type":"Feature","geometry":{"type":"LineString","coordinates":[[-97.733442,30.2890674],[-97.7334451,30.2890464],[-97.7335052,30.288983],[-97.7335266,30.2889373],[-97.7335745,30.2886961],[-97.733599,30.2885664],[-97.7336519,30.2882876],[-97.7336748,30.2881669],[-97.7336936,30.2880673]]},"properties":{"k":"path","u":"footway","s":"concrete","w":2.4,"wt":0}},{"type":"Feature","geometry":{"type":"LineString","coordinates":[[-97.7394622,30.287065],[-97.7394705,30.287022],[-97.7395002,30.2869978],[-97.7395011,30.2869571],[-97.73945,30.2869351],[-97.7393894,30.2869089],[-97.7393807,30.2868865],[-97.7393957,30.2867723],[-97.7394074,30.2867549],[-97.7394235,30.2867457],[-97.7394412,30.2867431],[-97.7394595,30.286746],[-97.7394859,30.2867604],[-97.7395019,30.2867809],[-97.7395086,30.2868033],[-97.7395086,30.2868244],[-97.7395012,30.2868457],[-97.7395006,30.2868572],[-97.7395086,30.2868728],[-97.7395256,30.2868863]]},"properties":{"k":"path","u":"footway","s":"concrete","w":2.4,"wt":0}},{"type":"Feature","geometry":{"type":"LineString","coordinates":[[-97.7392177,30.2877153],[-97.7392397,30.2875196]]},"properties":{"k":"path","u":"footway","s":"concrete","w":2.4,"wt":0}},{"type":"Feature","geometry":{"type":"LineString","coordinates":[[-97.7408777,30.2870551],[-97.740356,30.2870189],[-97.7402876,30.2870141]]},"properties":{"k":"path","u":"footway","s":"concrete","w":2.4,"wt":0}},{"type":"Feature","geometry":{"type":"LineString","coordinates":[[-97.7391988,30.2879703],[-97.7392061,30.2878835]]},"properties":{"k":"path","u":"footway","s":"concrete","w":2.4,"wt":0}},{"type":"Feature","geometry":{"type":"LineString","coordinates":[[-97.7392909,30.2870482],[-97.7394622,30.287065],[-97.7403022,30.287118]]},"properties":{"k":"path","u":"footway","s":"concrete","w":2.4,"wt":0}},{"type":"Feature","geometry":{"type":"LineString","coordinates":[[-97.7408719,30.2871112],[-97.7409675,30.2871174],[-97.740979,30.2870029]]},"properties":{"k":"path","u":"footway","s":"concrete","w":2.4,"wt":0}},{"type":"Feature","geometry":{"type":"LineString","coordinates":[[-97.7409636,30.28616],[-97.7409109,30.2867341],[-97.7408777,30.2870551],[-97.7408719,30.2871112],[-97.7408647,30.287174],[-97.7408473,30.2873578],[-97.7407065,30.2874531],[-97.7406734,30.2874309],[-97.7406243,30.2874266],[-97.7405938,30.2874389],[-97.7405735,30.2874699],[-97.7405761,30.2874892],[-97.7405906,30.2875],[-97.7406056,30.2875112],[-97.7406385,30.2875161],[-97.7406773,30.2875116],[-97.7407004,30.287488],[-97.7407065,30.2874531]]},"properties":{"k":"path","u":"footway","s":"concrete","w":2.4,"wt":0}},{"type":"Feature","geometry":{"type":"LineString","coordinates":[[-97.741445,30.2858607],[-97.7414657,30.2858622]]},"properties":{"k":"path","u":"steps","s":"concrete","w":3.0,"wt":0,"name":"West Mall"}},{"type":"Feature","geometry":{"type":"LineString","coordinates":[[-97.7339733,30.2821691],[-97.7339727,30.2821347],[-97.7339713,30.282114],[-97.7339707,30.2821052],[-97.7339747,30.28202]]},"properties":{"k":"path","u":"footway","s":"concrete","w":2.4,"wt":0}},{"type":"Feature","geometry":{"type":"LineString","coordinates":[[-97.7353854,30.2802944],[-97.7353822,30.2803248],[-97.7353715,30.2803815],[-97.735354,30.2804047],[-97.735069,30.2805487],[-97.7344994,30.2807197],[-97.7344287,30.2807498],[-97.734367,30.2807857],[-97.7343013,30.2808448],[-97.7338892,30.2813312],[-97.7338637,30.2813775],[-97.7338463,30.2814239],[-97.7338342,30.2814794],[-97.7338332,30.2815292],[-97.7338399,30.2815825],[-97.7338547,30.2816509],[-97.7338638,30.2818296]]},"properties":{"k":"path","u":"footway","s":"concrete","w":2.4,"wt":0}},{"type":"Feature","geometry":{"type":"LineString","coordinates":[[-97.733964,30.2822962],[-97.7339725,30.2823271],[-97.7339854,30.2823699]]},"properties":{"k":"path","u":"footway","s":"concrete","w":2.4,"wt":0}},{"type":"Feature","geometry":{"type":"LineString","coordinates":[[-97.7339371,30.2822798],[-97.7338969,30.2822814],[-97.7338083,30.2821106],[-97.7337237,30.2820065],[-97.7337381,30.2818187]]},"properties":{"k":"path","u":"footway","s":"concrete","w":2.4,"wt":0}},{"type":"Feature","geometry":{"type":"LineString","coordinates":[[-97.7343553,30.2804794],[-97.7344558,30.2806428]]},"properties":{"k":"path","u":"footway","s":"concrete","w":2.4,"wt":0}},{"type":"Feature","geometry":{"type":"LineString","coordinates":[[-97.7339419,30.2822539],[-97.7339232,30.2822319],[-97.7338935,30.282191],[-97.733911,30.2821812],[-97.733929,30.2821748],[-97.7339499,30.2821708],[-97.7339733,30.2821691],[-97.7339975,30.282172],[-97.7340176,30.2821783],[-97.7340377,30.2821887],[-97.7340525,30.2822015],[-97.7340665,30.2822194],[-97.7340765,30.2822385],[-97.7340819,30.2822599],[-97.7340832,30.2822813],[-97.7340779,30.2823017],[-97.7340658,30.2823236],[-97.7340484,30.2823421],[-97.7340305,30.2823555],[-97.7340098,30.2823637],[-97.7339854,30.2823699]]},"properties":{"k":"path","u":"footway","s":"concrete","w":2.4,"wt":0}},{"type":"Feature","geometry":{"type":"LineString","coordinates":[[-97.7341448,30.2823163],[-97.7341494,30.2822786],[-97.7341457,30.2822614],[-97.7341419,30.2822478],[-97.7341344,30.2822357],[-97.7341256,30.2822244],[-97.7341106,30.2822073],[-97.7340886,30.2821934],[-97.7340658,30.2821754],[-97.734041,30.2821592],[-97.7340102,30.2821447],[-97.7339813,30.282136],[-97.7339727,30.2821347],[-97.7338083,30.2821106]]},"properties":{"k":"path","u":"footway","s":"concrete","w":2.4,"wt":0}},{"type":"Feature","geometry":{"type":"LineString","coordinates":[[-97.7344558,30.2806428],[-97.7344994,30.2807197]]},"properties":{"k":"path","u":"footway","s":"concrete","w":2.4,"wt":0}},{"type":"Feature","geometry":{"type":"LineString","coordinates":[[-97.7339725,30.2823271],[-97.7339928,30.2823195],[-97.7340055,30.282312],[-97.7340156,30.2823027],[-97.734023,30.2822906],[-97.7340263,30.2822773],[-97.7340264,30.2822622],[-97.7340211,30.2822483],[-97.7340106,30.2822344],[-97.7339955,30.2822239],[-97.7339806,30.2822192],[-97.7339646,30.2822172],[-97.7339485,30.2822196],[-97.7339362,30.282224],[-97.7339232,30.2822319]]},"properties":{"k":"path","u":"footway","s":"concrete","w":2.4,"wt":0}},{"type":"Feature","geometry":{"type":"LineString","coordinates":[[-97.7343346,30.2804445],[-97.7343553,30.2804794]]},"properties":{"k":"path","u":"footway","s":"concrete","w":2.4,"wt":0}},{"type":"Feature","geometry":{"type":"LineString","coordinates":[[-97.733175,30.2818186],[-97.7331131,30.2818292]]},"properties":{"k":"path","u":"steps","s":"concrete","w":3.0,"wt":0}},{"type":"Feature","geometry":{"type":"LineString","coordinates":[[-97.7331131,30.2818292],[-97.7330201,30.2818065]]},"properties":{"k":"path","u":"footway","s":"concrete","w":2.4,"wt":0}},{"type":"Feature","geometry":{"type":"LineString","coordinates":[[-97.7329994,30.2818776],[-97.7330201,30.2818065],[-97.73309,30.2815604],[-97.7331413,30.2813799],[-97.7332014,30.281394]]},"properties":{"k":"path","u":"footway","s":"concrete","w":2.4,"wt":0}},{"type":"Feature","geometry":{"type":"LineString","coordinates":[[-97.7329732,30.2819677],[-97.7329785,30.2819495]]},"properties":{"k":"path","u":"footway","s":"concrete","w":2.4,"wt":0}},{"type":"Feature","geometry":{"type":"LineString","coordinates":[[-97.7329785,30.2819495],[-97.7329994,30.2818776]]},"properties":{"k":"path","u":"steps","s":"concrete","w":3.0,"wt":0}},{"type":"Feature","geometry":{"type":"LineString","coordinates":[[-97.731758,30.2854284],[-97.731617,30.2852411],[-97.7316,30.2852272]]},"properties":{"k":"path","u":"footway","s":"concrete","w":2.4,"wt":0}},{"type":"Feature","geometry":{"type":"LineString","coordinates":[[-97.7324179,30.2852892],[-97.7324226,30.2853679],[-97.7325203,30.285476],[-97.7326533,30.2855276]]},"properties":{"k":"path","u":"footway","s":"concrete","w":2.4,"wt":0}},{"type":"Feature","geometry":{"type":"LineString","coordinates":[[-97.731758,30.2854284],[-97.7318611,30.2854358]]},"properties":{"k":"path","u":"footway","s":"concrete","w":2.4,"wt":0}},{"type":"Feature","geometry":{"type":"LineString","coordinates":[[-97.7310212,30.2856253],[-97.7310217,30.285746],[-97.7310136,30.2857782],[-97.7309634,30.2862274],[-97.7309318,30.286488],[-97.7305002,30.2864515],[-97.7304665,30.2864487],[-97.730388,30.2864349],[-97.7303383,30.2864221]]},"properties":{"k":"path","u":"footway","s":"concrete","w":2.4,"wt":0}},{"type":"Feature","geometry":{"type":"LineString","coordinates":[[-97.7309634,30.2862274],[-97.7307175,30.2861513]]},"properties":{"k":"path","u":"footway","s":"concrete","w":2.4,"wt":0}},{"type":"Feature","geometry":{"type":"LineString","coordinates":[[-97.7310136,30.2857782],[-97.7309359,30.2857618]]},"properties":{"k":"path","u":"footway","s":"concrete","w":2.4,"wt":0}},{"type":"Feature","geometry":{"type":"LineString","coordinates":[[-97.7320979,30.2854528],[-97.7322289,30.2855421]]},"properties":{"k":"path","u":"footway","s":"concrete","w":2.4,"wt":0}},{"type":"Feature","geometry":{"type":"LineString","coordinates":[[-97.7310212,30.2856253],[-97.7309517,30.2856188],[-97.7309029,30.285615]]},"properties":{"k":"path","u":"footway","s":"concrete","w":2.4,"wt":0}},{"type":"Feature","geometry":{"type":"LineString","coordinates":[[-97.7309517,30.2856188],[-97.7309359,30.2857618],[-97.7309324,30.2857933],[-97.7309131,30.2858847],[-97.7308849,30.2859669],[-97.7308366,30.286041],[-97.7307809,30.2860967],[-97.7307175,30.2861513],[-97.730508,30.2863404],[-97.7304874,30.286369],[-97.7304763,30.2863914],[-97.7304665,30.2864487]]},"properties":{"k":"path","u":"footway","s":"concrete","w":2.4,"wt":0}},{"type":"Feature","geometry":{"type":"LineString","coordinates":[[-97.7316562,30.2863485],[-97.7315863,30.2869108]]},"properties":{"k":"path","u":"footway","s":"concrete","w":2.4,"wt":0}},{"type":"Feature","geometry":{"type":"LineString","coordinates":[[-97.7324226,30.2853679],[-97.7323556,30.2854205],[-97.732326,30.2854488],[-97.7322289,30.2855421],[-97.7321375,30.2856299],[-97.7320932,30.2856901],[-97.732045,30.2857804],[-97.7319792,30.2857741]]},"properties":{"k":"path","u":"footway","s":"concrete","w":2.4,"wt":0}},{"type":"Feature","geometry":{"type":"LineString","coordinates":[[-97.7328007,30.2856969],[-97.7329012,30.2856787],[-97.7329535,30.2856729],[-97.7330253,30.2856531],[-97.7331058,30.2856206],[-97.7332192,30.2854986],[-97.7333123,30.2854258],[-97.7333675,30.2853655]]},"properties":{"k":"path","u":"footway","s":"concrete","w":2.4,"wt":0}},{"type":"Feature","geometry":{"type":"LineString","coordinates":[[-97.7309029,30.285615],[-97.7308359,30.2855964],[-97.7307594,30.2855628],[-97.7306924,30.2855281]]},"properties":{"k":"path","u":"steps","s":"concrete","w":3.0,"wt":0}},{"type":"Feature","geometry":{"type":"LineString","coordinates":[[-97.7315542,30.285526],[-97.7316534,30.2854863],[-97.731758,30.2854284]]},"properties":{"k":"path","u":"footway","s":"concrete","w":2.4,"wt":0}},{"type":"Feature","geometry":{"type":"LineString","coordinates":[[-97.7306924,30.2855281],[-97.7306218,30.285489]]},"properties":{"k":"path","u":"footway","s":"concrete","w":2.4,"wt":0}},{"type":"Feature","geometry":{"type":"LineString","coordinates":[[-97.7318611,30.2854358],[-97.7320007,30.2854458]]},"properties":{"k":"path","u":"steps","s":"concrete","w":3.0,"wt":0}},{"type":"Feature","geometry":{"type":"LineString","coordinates":[[-97.7320069,30.2858962],[-97.7323245,30.2859218]]},"properties":{"k":"path","u":"footway","s":"concrete","w":2.4,"wt":0}},{"type":"Feature","geometry":{"type":"LineString","coordinates":[[-97.7323245,30.2859218],[-97.7323446,30.2859253],[-97.7324071,30.2859634],[-97.7325314,30.2860594]]},"properties":{"k":"path","u":"footway","s":"concrete","w":2.4,"wt":0}},{"type":"Feature","geometry":{"type":"LineString","coordinates":[[-97.73046,30.2868267],[-97.7305002,30.2864515]]},"properties":{"k":"path","u":"footway","s":"concrete","w":2.4,"wt":0}},{"type":"Feature","geometry":{"type":"LineString","coordinates":[[-97.7320007,30.2854458],[-97.7320979,30.2854528],[-97.732326,30.2854488]]},"properties":{"k":"path","u":"footway","s":"concrete","w":2.4,"wt":0}},{"type":"Feature","geometry":{"type":"LineString","coordinates":[[-97.7308748,30.2868577],[-97.73046,30.2868267],[-97.7302589,30.2868363],[-97.7302192,30.2868357],[-97.7302043,30.2868334]]},"properties":{"k":"path","u":"footway","s":"concrete","w":2.4,"wt":0}},{"type":"Feature","geometry":{"type":"LineString","coordinates":[[-97.7323063,30.2868287],[-97.7321159,30.2866346]]},"properties":{"k":"path","u":"footway","s":"concrete","w":2.4,"wt":0}},{"type":"Feature","geometry":{"type":"LineString","coordinates":[[-97.7321918,30.2868352],[-97.7320519,30.2867927]]},"properties":{"k":"path","u":"steps","s":"concrete","w":3.0,"wt":0}},{"type":"Feature","geometry":{"type":"LineString","coordinates":[[-97.7325484,30.2872959],[-97.7325558,30.2872103]]},"properties":{"k":"path","u":"footway","s":"concrete","w":2.4,"wt":0}},{"type":"Feature","geometry":{"type":"LineString","coordinates":[[-97.7323101,30.2874463],[-97.7323953,30.2872843]]},"properties":{"k":"path","u":"footway","s":"concrete","w":2.4,"wt":0}},{"type":"Feature","geometry":{"type":"LineString","coordinates":[[-97.7322615,30.2872749],[-97.7323101,30.2874463]]},"properties":{"k":"path","u":"footway","s":"concrete","w":2.4,"wt":0}},{"type":"Feature","geometry":{"type":"LineString","coordinates":[[-97.7333076,30.2869764],[-97.7332431,30.2869266],[-97.7328496,30.2868867],[-97.7327857,30.2868991],[-97.7327596,30.2869325]]},"properties":{"k":"path","u":"steps","s":"concrete","w":3.0,"wt":0}},{"type":"Feature","geometry":{"type":"LineString","coordinates":[[-97.7332929,30.2871363],[-97.7332349,30.28719],[-97.7328148,30.287159],[-97.7327625,30.2871212],[-97.7327411,30.2870751]]},"properties":{"k":"path","u":"steps","s":"concrete","w":3.0,"wt":0}},{"type":"Feature","geometry":{"type":"LineString","coordinates":[[-97.7328148,30.287159],[-97.7327685,30.2872122],[-97.7326811,30.2872895],[-97.7326224,30.2873014],[-97.7325484,30.2872959],[-97.7323953,30.2872843],[-97.7322615,30.2872749],[-97.7320179,30.2872598]]},"properties":{"k":"path","u":"footway","s":"concrete","w":2.4,"wt":0}},{"type":"Feature","geometry":{"type":"LineString","coordinates":[[-97.7299977,30.285593],[-97.7299027,30.2855798],[-97.7298422,30.2855813],[-97.7297927,30.2855976],[-97.729766,30.2856217],[-97.7297427,30.2856539],[-97.7297399,30.2856975],[-97.729744,30.2857362],[-97.7297672,30.28577],[-97.7298052,30.2857981],[-97.7298474,30.28582],[-97.7298989,30.2858298]]},"properties":{"k":"path","u":"footway","s":"concrete","w":2.4,"wt":0}},{"type":"Feature","geometry":{"type":"LineString","coordinates":[[-97.7293499,30.2843159],[-97.7292749,30.2842377],[-97.729254,30.2842158]]},"properties":{"k":"path","u":"footway","s":"concrete","w":2.4,"wt":0}},{"type":"Feature","geometry":{"type":"LineString","coordinates":[[-97.7303517,30.2844693],[-97.7302096,30.2844824],[-97.7301237,30.2844801],[-97.7300553,30.2844685],[-97.729932,30.2844164],[-97.7298072,30.2843943],[-97.7296423,30.2843828],[-97.7294124,30.2843652]]},"properties":{"k":"path","u":"footway","s":"concrete","w":2.4,"wt":0}},{"type":"Feature","geometry":{"type":"LineString","coordinates":[[-97.7305229,30.2848512],[-97.7305191,30.2849093],[-97.730513,30.284968],[-97.7305032,30.2850261],[-97.7304781,30.2850922],[-97.7304339,30.2851576],[-97.7304019,30.285198],[-97.7303921,30.2852103],[-97.7303334,30.285266],[-97.7302515,30.2853105],[-97.7301626,30.2853383],[-97.7300781,30.2853498],[-97.730024,30.2853488],[-97.7299422,30.2853473],[-97.7298287,30.2853244],[-97.7297388,30.2852953],[-97.7296785,30.2852757],[-97.7295256,30.285212],[-97.7294139,30.2851385],[-97.729362,30.2851043]]},"properties":{"k":"path","u":"footway","s":"concrete","w":2.4,"wt":0}},{"type":"Feature","geometry":{"type":"LineString","coordinates":[[-97.7291779,30.2853182],[-97.7292257,30.2853263],[-97.7292681,30.285329],[-97.7293264,30.2853244],[-97.7294471,30.2853047],[-97.7295068,30.285296],[-97.7295894,30.2852906],[-97.7297388,30.2852953]]},"properties":{"k":"path","u":"footway","s":"concrete","w":2.4,"wt":0}},{"type":"Feature","geometry":{"type":"LineString","coordinates":[[-97.7290698,30.2865767],[-97.7291687,30.286231]]},"properties":{"k":"path","u":"footway","s":"concrete","w":2.4,"wt":0}},{"type":"Feature","geometry":{"type":"LineString","coordinates":[[-97.7293887,30.2868019],[-97.7294838,30.2869014],[-97.7295287,30.2869645],[-97.7295534,30.2870258],[-97.7295828,30.2872272],[-97.7296011,30.2872962],[-97.7296161,30.287335],[-97.7296374,30.2873742],[-97.7297001,30.287457],[-97.7297281,30.2874896],[-97.7297684,30.2875183]]},"properties":{"k":"path","u":"footway","s":"concrete","w":2.4,"wt":0}},{"type":"Feature","geometry":{"type":"LineString","coordinates":[[-97.7297427,30.2856539],[-97.729639,30.2856275]]},"properties":{"k":"path","u":"footway","s":"concrete","w":2.4,"wt":0}},{"type":"Feature","geometry":{"type":"LineString","coordinates":[[-97.7299542,30.2867787],[-97.7298551,30.2868127],[-97.7297268,30.2868333],[-97.72959,30.2868426],[-97.7294988,30.2868331],[-97.7293887,30.2868019],[-97.7292802,30.2867523],[-97.7292331,30.286718],[-97.7291863,30.2866839],[-97.7291191,30.2866125],[-97.7290698,30.2865767],[-97.7290321,30.28656],[-97.7289577,30.2865411],[-97.7288993,30.2865322],[-97.7286311,30.2865172],[-97.7285345,30.2865044],[-97.7283186,30.2864407],[-97.7280829,30.2863405],[-97.727931,30.2862694],[-97.7277634,30.286208],[-97.7276695,30.2861825],[-97.7275622,30.2861732],[-97.7274549,30.2861767],[-97.7273812,30.2861756],[-97.7272886,30.2861593],[-97.7272038,30.2861453]]},"properties":{"k":"path","u":"footway","s":"concrete","w":2.4,"wt":0}},{"type":"Feature","geometry":{"type":"LineString","coordinates":[[-97.729182,30.2868553],[-97.7291903,30.2868252]]},"properties":{"k":"path","u":"steps","s":"concrete","w":3.0,"wt":0}},{"type":"Feature","geometry":{"type":"LineString","coordinates":[[-97.7291903,30.2868252],[-97.7292331,30.286718]]},"properties":{"k":"path","u":"footway","s":"concrete","w":2.4,"wt":0}},{"type":"Feature","geometry":{"type":"LineString","coordinates":[[-97.729592,30.2854472],[-97.7291716,30.2853428]]},"properties":{"k":"path","u":"steps","s":"concrete","w":3.0,"wt":0}},{"type":"Feature","geometry":{"type":"LineString","coordinates":[[-97.7299422,30.2853473],[-97.7299855,30.2853772],[-97.7300118,30.2853963],[-97.7300354,30.285432],[-97.7300463,30.2854599],[-97.7300414,30.2854773],[-97.7300148,30.2855365],[-97.7299977,30.285593],[-97.7300166,30.2856779],[-97.7300133,30.2857317],[-97.7299836,30.2857859],[-97.7299453,30.2858182],[-97.7298989,30.2858298],[-97.7298899,30.2858743],[-97.7298655,30.2859845],[-97.7298242,30.2860923],[-97.7297978,30.2861994],[-97.7297867,30.2863177],[-97.729793,30.2864153],[-97.7298179,30.286497],[-97.7299542,30.2867787]]},"properties":{"k":"path","u":"footway","s":"concrete","w":2.4,"wt":0}},{"type":"Feature","geometry":{"type":"LineString","coordinates":[[-97.7305229,30.2848512],[-97.7304979,30.284743],[-97.7304469,30.2846098],[-97.7303812,30.284501],[-97.7303571,30.2844751]]},"properties":{"k":"path","u":"steps","s":"paving","w":3.0,"wt":0}},{"type":"Feature","geometry":{"type":"LineString","coordinates":[[-97.7279155,30.2868788],[-97.728067,30.2869329],[-97.7282242,30.2869952],[-97.7283749,30.2870719],[-97.7284798,30.2871328],[-97.7285665,30.2872019],[-97.728603,30.287234],[-97.728616,30.2872385],[-97.7286329,30.2872406],[-97.7286626,30.2872369],[-97.7287452,30.2872269],[-97.728789,30.2872384],[-97.7288867,30.2872593],[-97.7288934,30.2872303],[-97.7291911,30.2872963],[-97.7291872,30.2873143]]},"properties":{"k":"path","u":"footway","s":"concrete","w":2.4,"wt":0}},{"type":"Feature","geometry":{"type":"LineString","coordinates":[[-97.728789,30.2872384],[-97.7287844,30.2872747],[-97.7287849,30.2872925],[-97.728791,30.2873104],[-97.7288175,30.2873462],[-97.7290026,30.2874921],[-97.7290693,30.2875692]]},"properties":{"k":"path","u":"footway","s":"concrete","w":2.4,"wt":0}},{"type":"Feature","geometry":{"type":"LineString","coordinates":[[-97.7289577,30.2865411],[-97.728964,30.2864095],[-97.7289564,30.286376],[-97.7289404,30.2863358],[-97.72891,30.2863029],[-97.7288059,30.2862485],[-97.7287769,30.2862221],[-97.7287652,30.2861894],[-97.7287649,30.2861376]]},"properties":{"k":"path","u":"footway","s":"concrete","w":2.4,"wt":0}},{"type":"Feature","geometry":{"type":"LineString","coordinates":[[-97.7269112,30.2858142],[-97.7268997,30.2856486],[-97.7268642,30.2856504],[-97.7266577,30.2856606],[-97.7263943,30.2856813]]},"properties":{"k":"path","u":"footway","s":"concrete","w":2.4,"wt":0}},{"type":"Feature","geometry":{"type":"LineString","coordinates":[[-97.7271388,30.2856334],[-97.7271146,30.2856288],[-97.7265709,30.2855257],[-97.7264561,30.2855039],[-97.7263088,30.2854758]]},"properties":{"k":"path","u":"footway","s":"concrete","w":2.4,"wt":0}},{"type":"Feature","geometry":{"type":"LineString","coordinates":[[-97.7268642,30.2856504],[-97.7268729,30.2856162]]},"properties":{"k":"path","u":"footway","s":"concrete","w":2.4,"wt":0}},{"type":"Feature","geometry":{"type":"LineString","coordinates":[[-97.7269962,30.2856405],[-97.727052,30.2857156],[-97.7270637,30.2857178],[-97.7271122,30.2857272]]},"properties":{"k":"path","u":"footway","s":"concrete","w":2.4,"wt":0}},{"type":"Feature","geometry":{"type":"LineString","coordinates":[[-97.7268729,30.2856162],[-97.7269962,30.2856405]]},"properties":{"k":"path","u":"steps","s":"concrete","w":3.0,"wt":0}},{"type":"Feature","geometry":{"type":"LineString","coordinates":[[-97.7265709,30.2855257],[-97.7266577,30.2856606]]},"properties":{"k":"path","u":"footway","s":"concrete","w":2.4,"wt":0}},{"type":"Feature","geometry":{"type":"LineString","coordinates":[[-97.7334393,30.2817924],[-97.7334132,30.2817898],[-97.7333995,30.2816816],[-97.7333924,30.2815999],[-97.7333938,30.2815354],[-97.7334088,30.2814253],[-97.7333936,30.2814238]]},"properties":{"k":"path","u":"footway","s":"concrete","w":2.4,"wt":0}},{"type":"Feature","geometry":{"type":"LineString","coordinates":[[-97.7332014,30.281394],[-97.7331837,30.2814796],[-97.7331825,30.2815465],[-97.7331862,30.2816504],[-97.7332009,30.2816754],[-97.7332039,30.2817229],[-97.7331969,30.2817398],[-97.7332109,30.2818127],[-97.733175,30.2818186]]},"properties":{"k":"path","u":"footway","s":"concrete","w":2.4,"wt":0}},{"type":"Feature","geometry":{"type":"LineString","coordinates":[[-97.7336287,30.2818095],[-97.7334393,30.2817924]]},"properties":{"k":"path","u":"footway","s":"concrete","w":2.4,"wt":0}},{"type":"Feature","geometry":{"type":"LineString","coordinates":[[-97.7349093,30.281809],[-97.7348012,30.2817956],[-97.7347505,30.2818315],[-97.7346939,30.2818582],[-97.7346419,30.2818755],[-97.7346003,30.2818836],[-97.734552,30.2818848],[-97.7338638,30.2818296],[-97.7337381,30.2818187],[-97.7336287,30.2818095]]},"properties":{"k":"path","u":"footway","s":"concrete","w":2.4,"wt":0}},{"type":"Feature","geometry":{"type":"LineString","coordinates":[[-97.7357981,30.2800823],[-97.735788,30.2801068],[-97.7357778,30.2801314],[-97.7357671,30.2803075],[-97.7357296,30.2804349],[-97.7357644,30.2804488],[-97.7358166,30.2804763]]},"properties":{"k":"path","u":"footway","s":"concrete","w":2.4,"wt":0}},{"type":"Feature","geometry":{"type":"LineString","coordinates":[[-97.7340937,30.277427],[-97.7344576,30.2775283]]},"properties":{"k":"path","u":"footway","s":"concrete","w":2.4,"wt":0}},{"type":"Feature","geometry":{"type":"LineString","coordinates":[[-97.7344576,30.2775283],[-97.7345344,30.2775523],[-97.734615,30.2775498],[-97.7346562,30.2775485],[-97.7347062,30.2775618],[-97.7349088,30.2776156],[-97.7349269,30.2776194],[-97.7349917,30.2776279],[-97.7350582,30.277628]]},"properties":{"k":"path","u":"footway","s":"concrete","w":2.4,"wt":0}},{"type":"Feature","geometry":{"type":"LineString","coordinates":[[-97.7369746,30.284377],[-97.7369634,30.2844937]]},"properties":{"k":"path","u":"footway","s":"paving","w":2.4,"wt":0}},{"type":"Feature","geometry":{"type":"LineString","coordinates":[[-97.735069,30.2805487],[-97.7351578,30.280718]]},"properties":{"k":"path","u":"footway","s":"concrete","w":2.4,"wt":0}},{"type":"Feature","geometry":{"type":"LineString","coordinates":[[-97.735335,30.2810556],[-97.7352933,30.2814415],[-97.7352826,30.2815582],[-97.7353132,30.2815946]]},"properties":{"k":"path","u":"footway","s":"concrete","w":2.4,"wt":0}},{"type":"Feature","geometry":{"type":"LineString","coordinates":[[-97.735494,30.2814929],[-97.7354967,30.2814578],[-97.7355027,30.2814104]]},"properties":{"k":"path","u":"footway","s":"concrete","w":2.4,"wt":0}},{"type":"Feature","geometry":{"type":"LineString","coordinates":[[-97.7351578,30.280718],[-97.735335,30.2810556]]},"properties":{"k":"path","u":"steps","s":"concrete","w":3.0,"wt":0}},{"type":"Feature","geometry":{"type":"LineString","coordinates":[[-97.7350323,30.2818384],[-97.734998,30.2818205],[-97.7349811,30.2818467],[-97.7349093,30.281809]]},"properties":{"k":"path","u":"steps","s":"concrete","w":3.0,"wt":0}},{"type":"Feature","geometry":{"type":"LineString","coordinates":[[-97.7354967,30.2814578],[-97.7352933,30.2814415]]},"properties":{"k":"path","u":"footway","s":"concrete","w":2.4,"wt":0}},{"type":"Feature","geometry":{"type":"LineString","coordinates":[[-97.7356122,30.2861605],[-97.7355098,30.2871545]]},"properties":{"k":"path","u":"footway","s":"concrete","w":2.4,"wt":0}},{"type":"Feature","geometry":{"type":"LineString","coordinates":[[-97.7349751,30.2856994],[-97.7350678,30.2857074]]},"properties":{"k":"path","u":"steps","s":"concrete","w":3.0,"wt":0}},{"type":"Feature","geometry":{"type":"LineString","coordinates":[[-97.7350678,30.2857074],[-97.7350912,30.2857094],[-97.7350838,30.2857777],[-97.7350431,30.285819]]},"properties":{"k":"path","u":"footway","s":"concrete","w":2.4,"wt":0}},{"type":"Feature","geometry":{"type":"LineString","coordinates":[[-97.735788,30.2860865],[-97.7357779,30.2861744],[-97.7356122,30.2861605],[-97.7355325,30.2861537],[-97.7354774,30.2860681]]},"properties":{"k":"path","u":"footway","s":"concrete","w":2.4,"wt":0}},{"type":"Feature","geometry":{"type":"LineString","coordinates":[[-97.7349424,30.2856764],[-97.7349571,30.2856978],[-97.7349751,30.2856994]]},"properties":{"k":"path","u":"footway","s":"concrete","w":2.4,"wt":0}},{"type":"Feature","geometry":{"type":"LineString","coordinates":[[-97.7380463,30.2867447],[-97.7380396,30.2868072]]},"properties":{"k":"path","u":"steps","s":"concrete","w":3.0,"wt":0}},{"type":"Feature","geometry":{"type":"LineString","coordinates":[[-97.7378988,30.2868933],[-97.7379109,30.2868945],[-97.7379224,30.2868955],[-97.7379251,30.2868655],[-97.7379022,30.2868408],[-97.7379133,30.2867342],[-97.7380463,30.2867447],[-97.7380814,30.2867475]]},"properties":{"k":"path","u":"footway","s":"concrete","w":2.4,"wt":0}},{"type":"Feature","geometry":{"type":"LineString","coordinates":[[-97.7379109,30.2868945],[-97.7379048,30.2869503],[-97.7379217,30.2869517]]},"properties":{"k":"path","u":"steps","s":"concrete","w":3.0,"wt":0}},{"type":"Feature","geometry":{"type":"LineString","coordinates":[[-97.7373214,30.2868267],[-97.7370813,30.2868095]]},"properties":{"k":"path","u":"footway","s":"concrete","w":2.4,"wt":0}},{"type":"Feature","geometry":{"type":"LineString","coordinates":[[-97.7381555,30.2863466],[-97.7381468,30.2863913],[-97.7380836,30.2865384]]},"properties":{"k":"path","u":"footway","s":"concrete","w":2.4,"wt":0}},{"type":"Feature","geometry":{"type":"LineString","coordinates":[[-97.7376286,30.2868495],[-97.7375689,30.2868452]]},"properties":{"k":"path","u":"steps","s":"concrete","w":3.0,"wt":0}},{"type":"Feature","geometry":{"type":"LineString","coordinates":[[-97.7380396,30.2868072],[-97.7380342,30.2868594]]},"properties":{"k":"path","u":"footway","s":"concrete","w":2.4,"wt":0}},{"type":"Feature","geometry":{"type":"LineString","coordinates":[[-97.7379217,30.2869517],[-97.7380242,30.2869607],[-97.7380342,30.2868594]]},"properties":{"k":"path","u":"footway","s":"concrete","w":2.4,"wt":0}},{"type":"Feature","geometry":{"type":"LineString","coordinates":[[-97.7375675,30.2869108],[-97.7376274,30.2868669],[-97.7376286,30.2868495],[-97.7376299,30.286831],[-97.737561,30.2867608]]},"properties":{"k":"path","u":"footway","s":"concrete","w":2.4,"wt":0}},{"type":"Feature","geometry":{"type":"LineString","coordinates":[[-97.7385318,30.2838093],[-97.7386206,30.283912]]},"properties":{"k":"path","u":"footway","s":"concrete","w":2.4,"wt":0}},{"type":"Feature","geometry":{"type":"LineString","coordinates":[[-97.7386206,30.283912],[-97.738664,30.2839655],[-97.7386573,30.2840374]]},"properties":{"k":"path","u":"footway","s":"concrete","w":2.4,"wt":0}},{"type":"Feature","geometry":{"type":"LineString","coordinates":[[-97.7311156,30.290126],[-97.7310223,30.2900562]]},"properties":{"k":"path","u":"footway","s":"concrete","w":2.4,"wt":0}},{"type":"Feature","geometry":{"type":"LineString","coordinates":[[-97.7295156,30.2911056],[-97.7293726,30.2910365]]},"properties":{"k":"path","u":"footway","s":"concrete","w":2.4,"wt":0}},{"type":"Feature","geometry":{"type":"LineString","coordinates":[[-97.7310223,30.2900562],[-97.7309397,30.2900019]]},"properties":{"k":"path","u":"footway","s":"concrete","w":2.4,"wt":0}},{"type":"Feature","geometry":{"type":"LineString","coordinates":[[-97.732298,30.2908668],[-97.732091,30.2907532],[-97.7320459,30.2907317],[-97.7319866,30.2907035],[-97.7316761,30.2905555],[-97.7315925,30.290505],[-97.731364,30.2903669],[-97.7312535,30.2902344],[-97.7311344,30.2901411],[-97.7311156,30.290126]]},"properties":{"k":"path","u":"footway","s":"concrete","w":2.4,"wt":0}},{"type":"Feature","geometry":{"type":"LineString","coordinates":[[-97.7416823,30.2864399],[-97.7418057,30.2864498],[-97.7422565,30.286486]]},"properties":{"k":"path","u":"pedestrian","s":"paving","w":6.0,"wt":0,"name":"West 23rd Street"}},{"type":"Feature","geometry":{"type":"LineString","coordinates":[[-97.7387148,30.285456],[-97.7388303,30.2854602],[-97.7392796,30.2855019]]},"properties":{"k":"path","u":"footway","s":"concrete","w":2.4,"wt":0}},{"type":"Feature","geometry":{"type":"LineString","coordinates":[[-97.7398916,30.2859659],[-97.7397431,30.2859549]]},"properties":{"k":"path","u":"footway","s":"concrete","w":2.4,"wt":0}},{"type":"Feature","geometry":{"type":"LineString","coordinates":[[-97.737657,30.2824249],[-97.7377524,30.2824235],[-97.738318,30.281996],[-97.7384415,30.2819584],[-97.7386032,30.2819093]]},"properties":{"k":"path","u":"footway","s":"concrete","w":2.4,"wt":0}},{"type":"Feature","geometry":{"type":"LineString","coordinates":[[-97.7393861,30.2840502],[-97.7393818,30.2840872],[-97.7393779,30.2841203],[-97.7392886,30.2849419],[-97.7392859,30.2849664],[-97.7392815,30.2849967],[-97.739299,30.2850101]]},"properties":{"k":"path","u":"footway","s":"concrete","w":2.4,"wt":0,"name":"South Mall"}},{"type":"Feature","geometry":{"type":"LineString","coordinates":[[-97.7393941,30.2839819],[-97.7393901,30.2840161]]},"properties":{"k":"path","u":"footway","s":"concrete","w":2.4,"wt":0,"name":"South Mall"}},{"type":"Feature","geometry":{"type":"LineString","coordinates":[[-97.7398215,30.2840272],[-97.7398254,30.2839951],[-97.7398468,30.283955],[-97.7398592,30.2839159],[-97.7398627,30.2838544],[-97.7398404,30.2837906],[-97.7398172,30.2837537],[-97.739821,30.2837201]]},"properties":{"k":"path","u":"footway","s":"concrete","w":2.4,"wt":0,"name":"South Mall"}},{"type":"Feature","geometry":{"type":"LineString","coordinates":[[-97.7398133,30.2840938],[-97.7398215,30.2840272]]},"properties":{"k":"path","u":"steps","s":"concrete","w":3.0,"wt":0,"name":"South Mall"}},{"type":"Feature","geometry":{"type":"LineString","coordinates":[[-97.7398404,30.2837906],[-97.7397963,30.283779],[-97.7397578,30.2837488],[-97.7396947,30.2837301],[-97.7395974,30.2837237],[-97.7395394,30.2837232],[-97.7394839,30.2837401],[-97.7394446,30.2837607],[-97.739401,30.2837656]]},"properties":{"k":"path","u":"footway","s":"concrete","w":2.4,"wt":0}},{"type":"Feature","geometry":{"type":"LineString","coordinates":[[-97.7405312,30.2874826],[-97.7405735,30.2874699]]},"properties":{"k":"path","u":"footway","s":"concrete","w":2.4,"wt":0}},{"type":"Feature","geometry":{"type":"LineString","coordinates":[[-97.7414396,30.2875681],[-97.7414382,30.2875782],[-97.741432,30.2875842],[-97.741421,30.2875862],[-97.7405771,30.2875381],[-97.7405906,30.2875]]},"properties":{"k":"path","u":"footway","s":"concrete","w":2.4,"wt":0}},{"type":"Feature","geometry":{"type":"LineString","coordinates":[[-97.7419534,30.2756027],[-97.7419448,30.2756295],[-97.7419071,30.2757475],[-97.7417122,30.2762683],[-97.7412744,30.2761443]]},"properties":{"k":"path","u":"footway","s":"concrete","w":2.4,"wt":0}},{"type":"Feature","geometry":{"type":"LineString","coordinates":[[-97.7402414,30.2955481],[-97.7402927,30.2954752],[-97.7404007,30.2953674],[-97.7404439,30.2953327],[-97.7404998,30.2952425],[-97.7405386,30.2951798],[-97.740668,30.294984],[-97.7406584,30.2949762]]},"properties":{"k":"path","u":"footway","s":"concrete","w":2.4,"wt":0}},{"type":"Feature","geometry":{"type":"LineString","coordinates":[[-97.7406584,30.2949762],[-97.7406329,30.2949658],[-97.7405805,30.2950544],[-97.7405543,30.2950864],[-97.7405151,30.2951175],[-97.7404649,30.2951448],[-97.740401,30.295182]]},"properties":{"k":"path","u":"cycleway","s":"asphalt","w":2.2,"wt":0}},{"type":"Feature","geometry":{"type":"LineString","coordinates":[[-97.7385256,30.2837023],[-97.7385214,30.2837529]]},"properties":{"k":"path","u":"steps","s":"concrete","w":3.0,"wt":0}},{"type":"Feature","geometry":{"type":"LineString","coordinates":[[-97.7505719,30.2779255],[-97.7505944,30.2779755],[-97.7506352,30.2780733],[-97.7506502,30.2781196],[-97.7506502,30.2781751],[-97.7506363,30.2782489],[-97.7506406,30.2782669],[-97.7506491,30.2782878],[-97.7506604,30.2782979],[-97.7506867,30.2783316]]},"properties":{"k":"path","u":"cycleway","s":"asphalt","w":2.2,"wt":0}},{"type":"Feature","geometry":{"type":"LineString","coordinates":[[-97.7509569,30.2809554],[-97.7507183,30.2809825]]},"properties":{"k":"path","u":"cycleway","s":"wood","w":2.2,"wt":0}},{"type":"Feature","geometry":{"type":"LineString","coordinates":[[-97.7507183,30.2809825],[-97.7506531,30.2809888]]},"properties":{"k":"path","u":"cycleway","s":"paving","w":2.2,"wt":0}},{"type":"Feature","geometry":{"type":"LineString","coordinates":[[-97.7336514,30.2782806],[-97.7336698,30.2782306],[-97.7337865,30.2779187],[-97.7339153,30.2775964],[-97.7338761,30.2775854],[-97.7338986,30.2775276]]},"properties":{"k":"path","u":"footway","s":"concrete","w":2.4,"wt":0}},{"type":"Feature","geometry":{"type":"LineString","coordinates":[[-97.748874,30.2776409],[-97.7484308,30.2775222]]},"properties":{"k":"path","u":"steps","s":"concrete","w":3.0,"wt":0}},{"type":"Feature","geometry":{"type":"LineString","coordinates":[[-97.7501716,30.2775919],[-97.7502655,30.2777866],[-97.7505053,30.2782835],[-97.7505753,30.2784295],[-97.7505892,30.2784808],[-97.7506042,30.2785648],[-97.7506014,30.2786427],[-97.7506026,30.2787382],[-97.7505449,30.2792947],[-97.7505374,30.2793295],[-97.7505304,30.2793616],[-97.7505059,30.2794343],[-97.7504836,30.2794715],[-97.7504495,30.2795152],[-97.7504261,30.2795392],[-97.7504128,30.2795519],[-97.75039,30.2795709],[-97.7503768,30.2795807],[-97.7503649,30.2795889],[-97.7503512,30.2795981],[-97.7503361,30.2796073],[-97.7503089,30.2796219],[-97.7502784,30.279636],[-97.750249,30.2796474],[-97.7502279,30.2796539],[-97.7502053,30.2796605],[-97.7501798,30.2796663],[-97.7501532,30.2796712],[-97.7501209,30.2796753],[-97.7496635,30.2796523],[-97.7496081,30.2796478],[-97.7495484,30.2796434],[-97.7494865,30.2796355],[-97.7494528,30.2796294],[-97.7493839,30.2796137],[-97.7478602,30.2791672],[-97.7474342,30.2790424]]},"properties":{"k":"path","u":"footway","s":"concrete","w":2.4,"wt":0}},{"type":"Feature","geometry":{"type":"LineString","coordinates":[[-97.7393504,30.2767466],[-97.7394606,30.2764354],[-97.7395178,30.2762737],[-97.7395562,30.276143]]},"properties":{"k":"path","u":"footway","s":"concrete","w":2.4,"wt":0}},{"type":"Feature","geometry":{"type":"LineString","coordinates":[[-97.7319866,30.2907035],[-97.7318817,30.2907477],[-97.7314388,30.2909207],[-97.7312586,30.2910039],[-97.7310123,30.2911175],[-97.7308877,30.291144],[-97.7305981,30.2911208],[-97.7305061,30.2911319],[-97.7303561,30.2911661]]},"properties":{"k":"path","u":"footway","s":"concrete","w":2.4,"wt":0}},{"type":"Feature","geometry":{"type":"LineString","coordinates":[[-97.7310052,30.2893971],[-97.7309821,30.2895154],[-97.7309751,30.2897319],[-97.7309626,30.2898614],[-97.7309397,30.2900019],[-97.730823,30.2901287]]},"properties":{"k":"path","u":"footway","s":"concrete","w":2.4,"wt":0}},{"type":"Feature","geometry":{"type":"LineString","coordinates":[[-97.7322338,30.290539],[-97.732139,30.2904207],[-97.7320943,30.2902873],[-97.732076,30.2902434],[-97.7320353,30.2900942],[-97.7319479,30.2899661],[-97.7318266,30.2899276],[-97.7317004,30.2899062],[-97.7315742,30.2899304],[-97.7314127,30.2899784],[-97.7313254,30.290015],[-97.7312417,30.2900481],[-97.7311742,30.2900933],[-97.7311344,30.2901411],[-97.7309897,30.2903275],[-97.7307833,30.2904931],[-97.730677,30.2906101],[-97.7303561,30.2911661],[-97.7301582,30.2914131]]},"properties":{"k":"path","u":"footway","s":"concrete","w":2.4,"wt":0}},{"type":"Feature","geometry":{"type":"LineString","coordinates":[[-97.7329547,30.2796161],[-97.733012,30.279466],[-97.7329129,30.279288]]},"properties":{"k":"path","u":"footway","s":"concrete","w":2.4,"wt":0}},{"type":"Feature","geometry":{"type":"LineString","coordinates":[[-97.7367938,30.2814686],[-97.7368031,30.2813257],[-97.7368066,30.2812826],[-97.7367835,30.2812461],[-97.7368056,30.2811508]]},"properties":{"k":"path","u":"footway","s":"concrete","w":2.4,"wt":0}},{"type":"Feature","geometry":{"type":"LineString","coordinates":[[-97.7379781,30.2809452],[-97.7377984,30.2807198],[-97.7377665,30.2806924],[-97.7377497,30.2806889],[-97.7377315,30.2806898],[-97.7376875,30.2807037],[-97.7376426,30.2806995],[-97.7375407,30.2806758],[-97.7374383,30.280652],[-97.7374303,30.2806041],[-97.7373144,30.2805975],[-97.7372573,30.2806002],[-97.7371387,30.2806385],[-97.7371154,30.2806472],[-97.7370973,30.2806508],[-97.7368732,30.2806675]]},"properties":{"k":"path","u":"footway","s":"concrete","w":2.4,"wt":0}},{"type":"Feature","geometry":{"type":"LineString","coordinates":[[-97.7368435,30.2806741],[-97.736816,30.2806476],[-97.7368236,30.2806011],[-97.7368447,30.2804722],[-97.7368616,30.2804447],[-97.7368884,30.2804317],[-97.7369036,30.2804279],[-97.7369075,30.2804198],[-97.7369541,30.2803227],[-97.7369856,30.2802202]]},"properties":{"k":"path","u":"footway","s":"concrete","w":2.4,"wt":0}},{"type":"Feature","geometry":{"type":"LineString","coordinates":[[-97.7384415,30.2819584],[-97.7384298,30.2821933],[-97.7384298,30.2822339],[-97.7384405,30.2822721],[-97.7384807,30.2823207],[-97.7387208,30.2825524],[-97.7387677,30.2825663],[-97.7388415,30.2826137],[-97.7389461,30.2827342],[-97.7391012,30.2827504]]},"properties":{"k":"path","u":"footway","s":"concrete","w":2.4,"wt":0}},{"type":"Feature","geometry":{"type":"LineString","coordinates":[[-97.7438459,30.2852113],[-97.7438229,30.2852096],[-97.7434093,30.2851784],[-97.7429766,30.285143]]},"properties":{"k":"path","u":"footway","s":"concrete","w":2.4,"wt":0}},{"type":"Feature","geometry":{"type":"LineString","coordinates":[[-97.7356866,30.2905832],[-97.735631,30.2905791]]},"properties":{"k":"path","u":"footway","s":"concrete","w":2.4,"wt":0}},{"type":"Feature","geometry":{"type":"LineString","coordinates":[[-97.735631,30.2905791],[-97.7356417,30.2904766]]},"properties":{"k":"path","u":"steps","s":"concrete","w":3.0,"wt":0}},{"type":"Feature","geometry":{"type":"LineString","coordinates":[[-97.7356417,30.2904766],[-97.7356484,30.2904118],[-97.7356388,30.2904109]]},"properties":{"k":"path","u":"footway","s":"concrete","w":2.4,"wt":0}},{"type":"Feature","geometry":{"type":"LineString","coordinates":[[-97.7384269,30.2904534],[-97.7383087,30.2904469]]},"properties":{"k":"path","u":"steps","s":"concrete","w":3.0,"wt":0}},{"type":"Feature","geometry":{"type":"LineString","coordinates":[[-97.7383087,30.2904469],[-97.7382645,30.2904444]]},"properties":{"k":"path","u":"footway","s":"concrete","w":2.4,"wt":0}},{"type":"Feature","geometry":{"type":"LineString","coordinates":[[-97.7384787,30.2904563],[-97.7384269,30.2904534],[-97.7384619,30.2900564]]},"properties":{"k":"path","u":"footway","s":"concrete","w":2.4,"wt":0}},{"type":"Feature","geometry":{"type":"LineString","coordinates":[[-97.7298366,30.2842568],[-97.7297562,30.2842029],[-97.7297136,30.2841684],[-97.729703,30.284134],[-97.7296657,30.2841041],[-97.7296099,30.2840766],[-97.7295647,30.284026],[-97.7293971,30.2838216],[-97.7294532,30.2836121]]},"properties":{"k":"path","u":"footway","s":"concrete","w":2.4,"wt":0}},{"type":"Feature","geometry":{"type":"LineString","coordinates":[[-97.7351552,30.2852125],[-97.7351736,30.2852627]]},"properties":{"k":"path","u":"steps","s":"concrete","w":3.0,"wt":0}},{"type":"Feature","geometry":{"type":"LineString","coordinates":[[-97.7351736,30.2852627],[-97.7351748,30.285272],[-97.7351932,30.285272],[-97.735197,30.2852482],[-97.7352435,30.2852589],[-97.7352865,30.285293],[-97.7353186,30.2853502],[-97.7353205,30.285387],[-97.7353152,30.2854273],[-97.7352677,30.2854741],[-97.7352188,30.2854969],[-97.735175,30.2855032],[-97.7351732,30.2854846],[-97.7351504,30.285483],[-97.7351483,30.2854922]]},"properties":{"k":"path","u":"footway","s":"concrete","w":2.4,"wt":0}},{"type":"Feature","geometry":{"type":"LineString","coordinates":[[-97.7371705,30.2859501],[-97.7368474,30.2859264],[-97.7366528,30.2859121],[-97.736269,30.2858839],[-97.7362145,30.2858804]]},"properties":{"k":"path","u":"footway","s":"paving","w":2.4,"wt":0}},{"type":"Feature","geometry":{"type":"LineString","coordinates":[[-97.7362145,30.2858804],[-97.7361683,30.285877]]},"properties":{"k":"path","u":"steps","s":"concrete","w":3.0,"wt":0}},{"type":"Feature","geometry":{"type":"LineString","coordinates":[[-97.7361579,30.2855492],[-97.7361247,30.2858747],[-97.7361494,30.285876],[-97.7361683,30.285877]]},"properties":{"k":"path","u":"footway","s":"concrete","w":2.4,"wt":0}},{"type":"Feature","geometry":{"type":"LineString","coordinates":[[-97.7363043,30.2855595],[-97.736269,30.2858839],[-97.7362371,30.2861826],[-97.7362212,30.2862263],[-97.7360428,30.2862123]]},"properties":{"k":"path","u":"footway","s":"paving","w":2.4,"wt":0}},{"type":"Feature","geometry":{"type":"LineString","coordinates":[[-97.7364767,30.2862017],[-97.7362371,30.2861826]]},"properties":{"k":"path","u":"footway","s":"paving","w":2.4,"wt":0}},{"type":"Feature","geometry":{"type":"LineString","coordinates":[[-97.7360428,30.2862123],[-97.7360194,30.2862104],[-97.7359631,30.2862057],[-97.7359232,30.2862024]]},"properties":{"k":"path","u":"footway","s":"concrete","w":2.4,"wt":0}},{"type":"Feature","geometry":{"type":"LineString","coordinates":[[-97.7359232,30.2862024],[-97.7358159,30.2861939]]},"properties":{"k":"path","u":"steps","s":"concrete","w":3.0,"wt":0}},{"type":"Feature","geometry":{"type":"LineString","coordinates":[[-97.7362212,30.2862263],[-97.7364723,30.286247]]},"properties":{"k":"path","u":"footway","s":"paving","w":2.4,"wt":0}},{"type":"Feature","geometry":{"type":"LineString","coordinates":[[-97.7358159,30.2861939],[-97.7357779,30.2861744]]},"properties":{"k":"path","u":"footway","s":"concrete","w":2.4,"wt":0}},{"type":"Feature","geometry":{"type":"LineString","coordinates":[[-97.7371413,30.2862312],[-97.7368828,30.2862156],[-97.7368771,30.28627],[-97.7368725,30.2863141],[-97.7371305,30.2863357]]},"properties":{"k":"path","u":"footway","s":"paving","w":2.4,"wt":0}},{"type":"Feature","geometry":{"type":"LineString","coordinates":[[-97.7368771,30.28627],[-97.7366828,30.2862556]]},"properties":{"k":"path","u":"footway","s":"paving","w":2.4,"wt":0}},{"type":"Feature","geometry":{"type":"LineString","coordinates":[[-97.7368474,30.2859264],[-97.7368425,30.2859976]]},"properties":{"k":"path","u":"footway","s":"concrete","w":2.4,"wt":0}},{"type":"Feature","geometry":{"type":"LineString","coordinates":[[-97.7366457,30.2859821],[-97.7366528,30.2859121]]},"properties":{"k":"path","u":"footway","s":"concrete","w":2.4,"wt":0}},{"type":"Feature","geometry":{"type":"LineString","coordinates":[[-97.7384415,30.2819584],[-97.7384767,30.281588],[-97.7384926,30.281421],[-97.7384975,30.281353],[-97.7385184,30.2811138]]},"properties":{"k":"path","u":"footway","s":"concrete","w":2.4,"wt":0}},{"type":"Feature","geometry":{"type":"LineString","coordinates":[[-97.7384926,30.281421],[-97.7380313,30.2813798],[-97.7379364,30.28137],[-97.7378587,30.2813651],[-97.7377756,30.2813598],[-97.7377024,30.2813551],[-97.7375525,30.2813439],[-97.7372555,30.2813246],[-97.7368066,30.2812826]]},"properties":{"k":"path","u":"footway","s":"concrete","w":2.4,"wt":0}},{"type":"Feature","geometry":{"type":"LineString","coordinates":[[-97.7408882,30.2901122],[-97.7409681,30.2893059]]},"properties":{"k":"path","u":"footway","s":"concrete","w":2.4,"wt":0}},{"type":"Feature","geometry":{"type":"LineString","coordinates":[[-97.741004,30.2893084],[-97.7409681,30.2893059],[-97.7409468,30.2893051]]},"properties":{"k":"path","u":"footway","s":"concrete","w":2.4,"wt":0}},{"type":"Feature","geometry":{"type":"LineString","coordinates":[[-97.7362512,30.2845512],[-97.735876,30.2845251],[-97.7358691,30.2846432]]},"properties":{"k":"path","u":"path","s":"paving","w":1.5,"wt":0}},{"type":"Feature","geometry":{"type":"LineString","coordinates":[[-97.7351733,30.2844728],[-97.7351875,30.2845096],[-97.7352255,30.2845967],[-97.7357879,30.2846373],[-97.7358691,30.2846432]]},"properties":{"k":"path","u":"footway","s":"concrete","w":2.4,"wt":0}},{"type":"Feature","geometry":{"type":"LineString","coordinates":[[-97.7351308,30.2849807],[-97.7348769,30.2849614],[-97.734855,30.285184]]},"properties":{"k":"path","u":"footway","s":"concrete","w":2.4,"wt":0}},{"type":"Feature","geometry":{"type":"LineString","coordinates":[[-97.7381384,30.2761092],[-97.7385652,30.276222]]},"properties":{"k":"path","u":"footway","s":"concrete","w":2.4,"wt":0}},{"type":"Feature","geometry":{"type":"LineString","coordinates":[[-97.7381539,30.283522],[-97.7381031,30.2835183],[-97.7380569,30.2835149],[-97.737434,30.283469],[-97.7371775,30.2834467],[-97.7370896,30.2834392],[-97.7369832,30.2834295]]},"properties":{"k":"path","u":"pedestrian","s":"asphalt","w":6.0,"wt":0,"name":"East 21st Street"}},{"type":"Feature","geometry":{"type":"LineString","coordinates":[[-97.7367938,30.2814686],[-97.7373848,30.2815093],[-97.7376215,30.281521]]},"properties":{"k":"path","u":"footway","s":"concrete","w":2.4,"wt":0}},{"type":"Feature","geometry":{"type":"LineString","coordinates":[[-97.7384807,30.2823207],[-97.738592,30.2822544],[-97.7390306,30.2822883],[-97.739087,30.2822927],[-97.7391416,30.2822969]]},"properties":{"k":"path","u":"footway","s":"concrete","w":2.4,"wt":0}},{"type":"Feature","geometry":{"type":"LineString","coordinates":[[-97.7359359,30.2889428],[-97.73594,30.2889142],[-97.7360043,30.2884672],[-97.7360142,30.2883982],[-97.7362756,30.2884199]]},"properties":{"k":"path","u":"footway","s":"concrete","w":2.4,"wt":0}},{"type":"Feature","geometry":{"type":"LineString","coordinates":[[-97.737027,30.2873213],[-97.7370218,30.2873726],[-97.7369945,30.2876444],[-97.7369926,30.2876631],[-97.7369848,30.2877403],[-97.7369784,30.2878024],[-97.7369698,30.2878847],[-97.7369325,30.2882231],[-97.736924,30.2882998]]},"properties":{"k":"path","u":"pedestrian","s":"paving","w":6.0,"wt":0,"name":"Speedway"}},{"type":"Feature","geometry":{"type":"LineString","coordinates":[[-97.738067,30.2808133],[-97.7381009,30.2807323]]},"properties":{"k":"path","u":"footway","s":"concrete","w":2.4,"wt":0}},{"type":"Feature","geometry":{"type":"LineString","coordinates":[[-97.736924,30.2882998],[-97.7367647,30.2882871],[-97.7366585,30.2882786],[-97.736291,30.2882507],[-97.7360346,30.2882286]]},"properties":{"k":"path","u":"footway","s":"concrete","w":2.4,"wt":0}},{"type":"Feature","geometry":{"type":"LineString","coordinates":[[-97.7360346,30.2882286],[-97.7360142,30.2883982],[-97.7358477,30.2883855],[-97.7358276,30.2885505],[-97.7358066,30.2887997],[-97.7358042,30.2888286],[-97.7357966,30.288906],[-97.7357683,30.2891956]]},"properties":{"k":"path","u":"footway","s":"concrete","w":2.4,"wt":0}},{"type":"Feature","geometry":{"type":"LineString","coordinates":[[-97.7358743,30.2880222],[-97.735865,30.2881237]]},"properties":{"k":"path","u":"steps","s":"concrete","w":3.0,"wt":0}},{"type":"Feature","geometry":{"type":"LineString","coordinates":[[-97.735865,30.2881237],[-97.7358752,30.2881487],[-97.7358665,30.2882127],[-97.7358547,30.2883208],[-97.7358477,30.2883855]]},"properties":{"k":"path","u":"footway","s":"concrete","w":2.4,"wt":0}},{"type":"Feature","geometry":{"type":"LineString","coordinates":[[-97.7360346,30.2882286],[-97.7358665,30.2882127]]},"properties":{"k":"path","u":"footway","s":"concrete","w":2.4,"wt":0}},{"type":"Feature","geometry":{"type":"LineString","coordinates":[[-97.7345594,30.2885663],[-97.734572,30.2885568]]},"properties":{"k":"path","u":"footway","s":"concrete","w":2.4,"wt":0}},{"type":"Feature","geometry":{"type":"LineString","coordinates":[[-97.734572,30.2885568],[-97.7346892,30.2884074]]},"properties":{"k":"path","u":"footway","s":"concrete","w":2.4,"wt":0}},{"type":"Feature","geometry":{"type":"LineString","coordinates":[[-97.7349293,30.2878677],[-97.7351068,30.2878666],[-97.7351275,30.2876184],[-97.7351307,30.2875937],[-97.7351532,30.2872673]]},"properties":{"k":"path","u":"footway","s":"concrete","w":2.4,"wt":0}},{"type":"Feature","geometry":{"type":"LineString","coordinates":[[-97.7379133,30.2867342],[-97.7376286,30.2868495]]},"properties":{"k":"path","u":"footway","s":"concrete","w":2.4,"wt":0}},{"type":"Feature","geometry":{"type":"LineString","coordinates":[[-97.7380525,30.2866947],[-97.7380463,30.2867447]]},"properties":{"k":"path","u":"footway","s":"concrete","w":2.4,"wt":0}},{"type":"Feature","geometry":{"type":"LineString","coordinates":[[-97.7403455,30.2890274],[-97.7402441,30.2890505],[-97.7401014,30.2890872],[-97.7400428,30.2890805],[-97.7397587,30.2890834]]},"properties":{"k":"path","u":"footway","s":"concrete","w":2.4,"wt":0}},{"type":"Feature","geometry":{"type":"LineString","coordinates":[[-97.737872,30.285673],[-97.7376634,30.2856574],[-97.7372127,30.2856236]]},"properties":{"k":"path","u":"steps","s":"concrete","w":3.0,"wt":0}},{"type":"Feature","geometry":{"type":"LineString","coordinates":[[-97.7372283,30.2854485],[-97.7372127,30.2856236]]},"properties":{"k":"path","u":"pedestrian","s":"paving","w":6.0,"wt":0,"name":"Speedway"}},{"type":"Feature","geometry":{"type":"LineString","coordinates":[[-97.7372283,30.2854485],[-97.7373781,30.2854603],[-97.7377532,30.2854909],[-97.7378913,30.2855003]]},"properties":{"k":"path","u":"steps","s":"concrete","w":3.0,"wt":0}},{"type":"Feature","geometry":{"type":"LineString","coordinates":[[-97.7372127,30.2856236],[-97.7371951,30.2857127]]},"properties":{"k":"path","u":"pedestrian","s":"paving","w":6.0,"wt":0,"name":"Speedway"}},{"type":"Feature","geometry":{"type":"LineString","coordinates":[[-97.7303517,30.2844693],[-97.7302699,30.2843817],[-97.7301385,30.2843029],[-97.7300151,30.2842624],[-97.7298756,30.2842543],[-97.7298366,30.2842568],[-97.7297142,30.2842645],[-97.7295363,30.2842914],[-97.7293918,30.2843379]]},"properties":{"k":"path","u":"footway","s":"concrete","w":2.4,"wt":0}},{"type":"Feature","geometry":{"type":"LineString","coordinates":[[-97.7318487,30.2915125],[-97.7318135,30.2914643],[-97.7318135,30.2913949],[-97.7317196,30.2912652],[-97.7316445,30.2911702],[-97.731489,30.2910984],[-97.7313334,30.2910312],[-97.7312586,30.2910039]]},"properties":{"k":"path","u":"footway","s":"concrete","w":2.4,"wt":0}},{"type":"Feature","geometry":{"type":"LineString","coordinates":[[-97.7318135,30.2913949],[-97.7320459,30.2907317]]},"properties":{"k":"path","u":"footway","s":"concrete","w":2.4,"wt":0}},{"type":"Feature","geometry":{"type":"LineString","coordinates":[[-97.7322338,30.290539],[-97.7319866,30.2907035]]},"properties":{"k":"path","u":"footway","s":"concrete","w":2.4,"wt":0}},{"type":"Feature","geometry":{"type":"LineString","coordinates":[[-97.7505224,30.2883041],[-97.7514934,30.2883788],[-97.7515999,30.288387],[-97.7516021,30.2883871],[-97.7526619,30.288472],[-97.7526854,30.2884672],[-97.7526954,30.2884616],[-97.7526979,30.2884549],[-97.7529543,30.2871365],[-97.7529565,30.2871092]]},"properties":{"k":"path","u":"footway","s":"paving","w":2.4,"wt":0}},{"type":"Feature","geometry":{"type":"LineString","coordinates":[[-97.7521437,30.2838859],[-97.7520867,30.2838564],[-97.7520411,30.2838494],[-97.7519714,30.2838471],[-97.7518816,30.2838572]]},"properties":{"k":"path","u":"footway","s":"paving","w":2.4,"wt":0}},{"type":"Feature","geometry":{"type":"LineString","coordinates":[[-97.751793,30.2838675],[-97.7512217,30.2839189],[-97.7510785,30.283926],[-97.750795,30.2839471],[-97.750674,30.2839629],[-97.7504923,30.2839864],[-97.7502286,30.2840099],[-97.7501689,30.2840154]]},"properties":{"k":"path","u":"footway","s":"paving","w":2.4,"wt":0}},{"type":"Feature","geometry":{"type":"LineString","coordinates":[[-97.7495192,30.284117],[-97.7495031,30.284249],[-97.7494874,30.2844029],[-97.749478,30.2844642],[-97.7494647,30.2845515],[-97.7494245,30.2850111],[-97.74941,30.2851771],[-97.7493804,30.2854843]]},"properties":{"k":"path","u":"footway","s":"concrete","w":2.4,"wt":0}},{"type":"Feature","geometry":{"type":"LineString","coordinates":[[-97.7481873,30.2853919],[-97.7487429,30.2854333],[-97.7488076,30.2854381],[-97.7492465,30.2854754],[-97.7493097,30.2848506],[-97.7493594,30.2843582],[-97.7493744,30.2842224]]},"properties":{"k":"path","u":"footway","s":"concrete","w":2.4,"wt":0}},{"type":"Feature","geometry":{"type":"LineString","coordinates":[[-97.7493744,30.2842224],[-97.7493824,30.2841402]]},"properties":{"k":"path","u":"footway","s":"concrete","w":2.4,"wt":0}},{"type":"Feature","geometry":{"type":"LineString","coordinates":[[-97.7493824,30.2841402],[-97.7494036,30.2839573],[-97.749415,30.2839307]]},"properties":{"k":"path","u":"footway","s":"concrete","w":2.4,"wt":0}},{"type":"Feature","geometry":{"type":"LineString","coordinates":[[-97.749415,30.2839307],[-97.7494141,30.2838998],[-97.7494052,30.2838954],[-97.7489153,30.283761],[-97.748897,30.283756],[-97.7488786,30.2837509],[-97.748482,30.28364],[-97.7484512,30.2836338],[-97.7484124,30.2836231],[-97.7483538,30.2836062]]},"properties":{"k":"path","u":"footway","s":"paving","w":2.4,"wt":0}},{"type":"Feature","geometry":{"type":"LineString","coordinates":[[-97.7483538,30.2836062],[-97.748347,30.2836178],[-97.7483406,30.2836813],[-97.7482353,30.2848312],[-97.7481873,30.2853919],[-97.7481853,30.2854144]]},"properties":{"k":"path","u":"footway","s":"paving","w":2.4,"wt":0}},{"type":"Feature","geometry":{"type":"LineString","coordinates":[[-97.7482283,30.2835809],[-97.7482097,30.2835783],[-97.7481613,30.2835705],[-97.7479434,30.2835102],[-97.747883,30.2834928],[-97.7476658,30.2834303]]},"properties":{"k":"path","u":"footway","s":"paving","w":2.4,"wt":0}},{"type":"Feature","geometry":{"type":"LineString","coordinates":[[-97.7476658,30.2834303],[-97.7476229,30.2834198]]},"properties":{"k":"path","u":"footway","s":"paving","w":2.4,"wt":0}},{"type":"Feature","geometry":{"type":"LineString","coordinates":[[-97.7476229,30.2834198],[-97.747352,30.2833411]]},"properties":{"k":"path","u":"footway","s":"paving","w":2.4,"wt":0}},{"type":"Feature","geometry":{"type":"LineString","coordinates":[[-97.747352,30.2833411],[-97.747332,30.2833352],[-97.747293,30.2833249]]},"properties":{"k":"path","u":"footway","s":"paving","w":2.4,"wt":0}},{"type":"Feature","geometry":{"type":"LineString","coordinates":[[-97.747293,30.2833249],[-97.747229,30.2833067],[-97.7468075,30.2831882]]},"properties":{"k":"path","u":"footway","s":"paving","w":2.4,"wt":0}},{"type":"Feature","geometry":{"type":"LineString","coordinates":[[-97.7468075,30.2831882],[-97.7467753,30.2834789]]},"properties":{"k":"path","u":"footway","s":"concrete","w":2.4,"wt":0}},{"type":"Feature","geometry":{"type":"LineString","coordinates":[[-97.7468075,30.2831882],[-97.7468124,30.2831641]]},"properties":{"k":"path","u":"footway","s":"concrete","w":2.4,"wt":0}},{"type":"Feature","geometry":{"type":"LineString","coordinates":[[-97.7468075,30.2831882],[-97.7467872,30.2831838]]},"properties":{"k":"path","u":"footway","s":"concrete","w":2.4,"wt":0}},{"type":"Feature","geometry":{"type":"LineString","coordinates":[[-97.7467753,30.2834789],[-97.7467713,30.2835171]]},"properties":{"k":"path","u":"footway","s":"concrete","w":2.4,"wt":0}},{"type":"Feature","geometry":{"type":"LineString","coordinates":[[-97.7467713,30.2835171],[-97.7467498,30.283743]]},"properties":{"k":"path","u":"footway","s":"concrete","w":2.4,"wt":0}},{"type":"Feature","geometry":{"type":"LineString","coordinates":[[-97.7417064,30.2825602],[-97.7418651,30.2825772],[-97.7418756,30.2825739],[-97.7419407,30.2824951],[-97.7419517,30.2824178],[-97.7419654,30.2821643],[-97.7419297,30.2819746],[-97.7419058,30.2819121],[-97.7418856,30.2818677],[-97.7418685,30.2818456],[-97.741847,30.2818272],[-97.7418246,30.2818167],[-97.7417401,30.2817917],[-97.7417228,30.2817859],[-97.7416128,30.281756],[-97.7415344,30.2817349],[-97.7414713,30.2817164],[-97.7414315,30.2817041],[-97.7413246,30.2816742],[-97.7411128,30.2816153],[-97.7410833,30.2816179]]},"properties":{"k":"path","u":"footway","s":"concrete","w":2.4,"wt":0}},{"type":"Feature","geometry":{"type":"LineString","coordinates":[[-97.7421941,30.2818939],[-97.7421806,30.2818884],[-97.7420982,30.2818635]]},"properties":{"k":"path","u":"footway","s":"concrete","w":2.4,"wt":0}},{"type":"Feature","geometry":{"type":"LineString","coordinates":[[-97.7431308,30.2821669],[-97.7431076,30.2821596],[-97.7430113,30.2821291],[-97.7429595,30.2821145],[-97.7428938,30.2820959],[-97.7427503,30.2820532],[-97.742736,30.2820488],[-97.7427328,30.2820498],[-97.7427026,30.2820419],[-97.7426637,30.2820339],[-97.742623,30.2820198],[-97.7423175,30.2819319],[-97.742287,30.2819252],[-97.7422806,30.2819208]]},"properties":{"k":"path","u":"footway","s":"paving","w":2.4,"wt":0}},{"type":"Feature","geometry":{"type":"LineString","coordinates":[[-97.7441098,30.2824516],[-97.7440989,30.2824484],[-97.7439774,30.2824129],[-97.7439316,30.2823971],[-97.7439061,30.2823892],[-97.743787,30.2823575],[-97.7437198,30.2823373],[-97.7436951,30.2823297],[-97.7436805,30.2823252],[-97.7436692,30.282316],[-97.7436267,30.2823084],[-97.7435853,30.2822959],[-97.7434916,30.2822678],[-97.7434407,30.2822537],[-97.7433216,30.2822203],[-97.7432849,30.282208]]},"properties":{"k":"path","u":"footway","s":"paving","w":2.4,"wt":0}},{"type":"Feature","geometry":{"type":"LineString","coordinates":[[-97.7451111,30.282752],[-97.7451013,30.2827444],[-97.745101,30.2827355],[-97.7450892,30.2827202],[-97.745014,30.2826915],[-97.7447098,30.2826118]]},"properties":{"k":"path","u":"footway","s":"concrete","w":2.4,"wt":0}},{"type":"Feature","geometry":{"type":"LineString","coordinates":[[-97.7466852,30.2831771],[-97.7466463,30.2831625]]},"properties":{"k":"path","u":"footway","s":"paving","w":2.4,"wt":0}},{"type":"Feature","geometry":{"type":"LineString","coordinates":[[-97.7483538,30.2836062],[-97.7483507,30.2836025]]},"properties":{"k":"path","u":"footway","s":"paving","w":2.4,"wt":0}},{"type":"Feature","geometry":{"type":"LineString","coordinates":[[-97.7500177,30.2840221],[-97.7495488,30.2839373]]},"properties":{"k":"path","u":"footway","s":"paving","w":2.4,"wt":0}},{"type":"Feature","geometry":{"type":"LineString","coordinates":[[-97.7495413,30.2839272],[-97.7495488,30.2839373]]},"properties":{"k":"path","u":"footway","s":"concrete","w":2.4,"wt":0}},{"type":"Feature","geometry":{"type":"LineString","coordinates":[[-97.7494141,30.2838998],[-97.7494276,30.283899]]},"properties":{"k":"path","u":"footway","s":"concrete","w":2.4,"wt":0}},{"type":"Feature","geometry":{"type":"LineString","coordinates":[[-97.7372365,30.2756247],[-97.7371587,30.2758402],[-97.7371399,30.2758934],[-97.7370692,30.2761097]]},"properties":{"k":"path","u":"footway","s":"concrete","w":2.4,"wt":0}},{"type":"Feature","geometry":{"type":"LineString","coordinates":[[-97.7370692,30.2761097],[-97.7370553,30.2761059],[-97.7361834,30.2758671],[-97.736172,30.275867]]},"properties":{"k":"path","u":"footway","s":"concrete","w":2.4,"wt":0}},{"type":"Feature","geometry":{"type":"LineString","coordinates":[[-97.7357787,30.2760029],[-97.7354814,30.2759205],[-97.7354066,30.2759006]]},"properties":{"k":"path","u":"footway","s":"concrete","w":2.4,"wt":0}},{"type":"Feature","geometry":{"type":"LineString","coordinates":[[-97.7348131,30.2787855],[-97.7348158,30.2787628],[-97.7348276,30.2787387],[-97.7348373,30.2787188],[-97.7348735,30.2786887],[-97.7349057,30.2786713],[-97.7349338,30.2786296],[-97.7349486,30.2785364],[-97.7352023,30.2778478],[-97.7352309,30.2777685],[-97.7352678,30.2776697],[-97.7352785,30.2776411],[-97.735346,30.27746],[-97.7353925,30.2773304],[-97.7355802,30.2768281],[-97.7356372,30.2766757],[-97.7356808,30.2765472],[-97.735717,30.2764581]]},"properties":{"k":"path","u":"footway","s":"paving","w":2.4,"wt":0}},{"type":"Feature","geometry":{"type":"LineString","coordinates":[[-97.7324113,30.2789283],[-97.7323557,30.2789253],[-97.7322745,30.2789045],[-97.7321059,30.2788556],[-97.7320902,30.2788509],[-97.7320676,30.2788442],[-97.731218,30.2786113],[-97.7309858,30.2785476],[-97.7309438,30.2785361],[-97.7308338,30.2784828],[-97.7307493,30.2784029],[-97.7307245,30.2783794]]},"properties":{"k":"path","u":"footway","s":"paving","w":2.4,"wt":0}},{"type":"Feature","geometry":{"type":"LineString","coordinates":[[-97.7361263,30.2760866],[-97.7361137,30.2760973],[-97.7360914,30.27615]]},"properties":{"k":"path","u":"footway","s":"concrete","w":2.4,"wt":0}},{"type":"Feature","geometry":{"type":"LineString","coordinates":[[-97.736363,30.2779642],[-97.7363658,30.2779569],[-97.736559,30.2774451],[-97.7365778,30.2773953],[-97.7366031,30.2773293],[-97.7366523,30.2772021],[-97.7366931,30.2770963],[-97.7367172,30.277034],[-97.7367293,30.2770012],[-97.736736,30.276983],[-97.7368453,30.2766899]]},"properties":{"k":"path","u":"footway","s":"paving","w":2.4,"wt":0}},{"type":"Feature","geometry":{"type":"LineString","coordinates":[[-97.7351154,30.2787232],[-97.735213,30.2787538],[-97.7354135,30.2788168],[-97.7355578,30.2788621],[-97.7357235,30.2789114],[-97.7358743,30.2789519],[-97.7359293,30.2789681],[-97.7359883,30.278982]]},"properties":{"k":"path","u":"footway","s":"paving","w":2.4,"wt":0}},{"type":"Feature","geometry":{"type":"LineString","coordinates":[[-97.7370256,30.2793913],[-97.7370231,30.2793967],[-97.7370283,30.2793997],[-97.7370353,30.2794053],[-97.7370419,30.2794136],[-97.7370459,30.2794245],[-97.7368306,30.2800139],[-97.7368173,30.2800522],[-97.7367997,30.2801031],[-97.7367786,30.2801497]]},"properties":{"k":"path","u":"footway","s":"paving","w":2.4,"wt":0}},{"type":"Feature","geometry":{"type":"LineString","coordinates":[[-97.7357988,30.2798839],[-97.7358428,30.2798955],[-97.7361466,30.279158],[-97.7361774,30.2790943],[-97.7362002,30.2790364]]},"properties":{"k":"path","u":"footway","s":"paving","w":2.4,"wt":0}},{"type":"Feature","geometry":{"type":"LineString","coordinates":[[-97.7363381,30.2780989],[-97.7363258,30.2780953],[-97.7363168,30.2780927],[-97.7354923,30.2778658],[-97.7354592,30.2778501]]},"properties":{"k":"path","u":"footway","s":"paving","w":2.4,"wt":0}},{"type":"Feature","geometry":{"type":"LineString","coordinates":[[-97.7351948,30.2786072],[-97.7354833,30.2786872],[-97.735526,30.2786985],[-97.7355652,30.2787089],[-97.7360477,30.2788388]]},"properties":{"k":"path","u":"footway","s":"paving","w":2.4,"wt":0}},{"type":"Feature","geometry":{"type":"LineString","coordinates":[[-97.7354592,30.2778501],[-97.7354572,30.2778728],[-97.7354353,30.2779403],[-97.7354291,30.2779575],[-97.7354163,30.2779929],[-97.7353723,30.2781117],[-97.7353248,30.2782385],[-97.7352581,30.2784166],[-97.7352459,30.2784509],[-97.7352334,30.2784861],[-97.7351948,30.2786072]]},"properties":{"k":"path","u":"footway","s":"paving","w":2.4,"wt":0}},{"type":"Feature","geometry":{"type":"LineString","coordinates":[[-97.7360477,30.2788388],[-97.7362592,30.2782633],[-97.7362756,30.2782233],[-97.7362945,30.278177],[-97.7363258,30.2780953]]},"properties":{"k":"path","u":"footway","s":"paving","w":2.4,"wt":0}},{"type":"Feature","geometry":{"type":"LineString","coordinates":[[-97.7307245,30.2783794],[-97.7307335,30.2782559],[-97.7307754,30.2781522],[-97.7308213,30.2780266],[-97.7308606,30.2779188],[-97.7308928,30.2778574],[-97.7309168,30.2778274],[-97.7309314,30.2777648],[-97.7309384,30.2777347],[-97.7310041,30.2775401],[-97.7310846,30.2773119],[-97.731219,30.2769319],[-97.7313058,30.2766839],[-97.7314854,30.2761833],[-97.7316331,30.275775],[-97.73165,30.2757143],[-97.7316653,30.2756592],[-97.7317216,30.2754577],[-97.7317364,30.2754125],[-97.731724,30.2753899],[-97.7317421,30.2753071],[-97.7317699,30.2751867],[-97.73178,30.2751415],[-97.7318088,30.2751079],[-97.7318691,30.275043]]},"properties":{"k":"path","u":"footway","s":"concrete","w":2.4,"wt":0}},{"type":"Feature","geometry":{"type":"LineString","coordinates":[[-97.7328229,30.2784721],[-97.7326966,30.2788955],[-97.7327029,30.2789342],[-97.7327072,30.2789614],[-97.7327324,30.2789819],[-97.7327631,30.2790068],[-97.7331011,30.2791003],[-97.7331198,30.279097],[-97.7331295,30.279121],[-97.7331383,30.279142],[-97.7332043,30.2791587],[-97.7334604,30.2792378],[-97.7344351,30.2795108],[-97.7344542,30.2795088]]},"properties":{"k":"path","u":"footway","s":"concrete","w":2.4,"wt":0}},{"type":"Feature","geometry":{"type":"LineString","coordinates":[[-97.7344542,30.2795088],[-97.7344636,30.2795058],[-97.7344728,30.2794974],[-97.7344819,30.2794797],[-97.7344872,30.2794577],[-97.7345288,30.2793176]]},"properties":{"k":"path","u":"footway","s":"paving","w":2.4,"wt":0}},{"type":"Feature","geometry":{"type":"LineString","coordinates":[[-97.7346745,30.2795585],[-97.7346796,30.2795318],[-97.7347813,30.279273],[-97.7348029,30.2791993],[-97.7348055,30.2791902],[-97.7348142,30.2791653],[-97.7348227,30.2791188]]},"properties":{"k":"path","u":"footway","s":"concrete","w":2.4,"wt":0}},{"type":"Feature","geometry":{"type":"LineString","coordinates":[[-97.735511,30.2798114],[-97.7351444,30.2797093]]},"properties":{"k":"path","u":"footway","s":"paving","w":2.4,"wt":0}},{"type":"Feature","geometry":{"type":"LineString","coordinates":[[-97.7359883,30.278982],[-97.7359629,30.2790457],[-97.7359226,30.2791534],[-97.7359173,30.2791708],[-97.7359025,30.2792078],[-97.7358597,30.2793166],[-97.7358569,30.2793236],[-97.7358464,30.2793524],[-97.7358361,30.2793807],[-97.7356644,30.2798442],[-97.7356627,30.2798488]]},"properties":{"k":"path","u":"footway","s":"paving","w":2.4,"wt":0}},{"type":"Feature","geometry":{"type":"LineString","coordinates":[[-97.7366836,30.2791753],[-97.7370711,30.2792803],[-97.7370986,30.2792855]]},"properties":{"k":"path","u":"footway","s":"paving","w":2.4,"wt":0}},{"type":"Feature","geometry":{"type":"LineString","coordinates":[[-97.7367786,30.2801497],[-97.736732,30.2801459],[-97.7367028,30.2801377],[-97.7358648,30.2799023],[-97.7358607,30.2799149]]},"properties":{"k":"path","u":"footway","s":"concrete","w":2.4,"wt":0}},{"type":"Feature","geometry":{"type":"LineString","coordinates":[[-97.7369519,30.2763877],[-97.7364812,30.276251],[-97.7364571,30.2762082],[-97.7363927,30.2761873],[-97.7363364,30.2762093],[-97.7363009,30.2762019],[-97.7360914,30.27615]]},"properties":{"k":"path","u":"footway","s":"concrete","w":2.4,"wt":0}},{"type":"Feature","geometry":{"type":"LineString","coordinates":[[-97.7359781,30.2764489],[-97.7357927,30.2769522],[-97.7355076,30.2777265]]},"properties":{"k":"path","u":"footway","s":"paving","w":2.4,"wt":0}},{"type":"Feature","geometry":{"type":"LineString","coordinates":[[-97.7369602,30.2802044],[-97.7371936,30.2795744],[-97.737215,30.2795142],[-97.7372779,30.2793342]]},"properties":{"k":"path","u":"footway","s":"paving","w":2.4,"wt":0}},{"type":"Feature","geometry":{"type":"LineString","coordinates":[[-97.7372779,30.2793342],[-97.7375132,30.2794095],[-97.737738,30.2794729],[-97.7378204,30.2794962],[-97.7378865,30.2795151],[-97.7382249,30.2796118],[-97.7383356,30.2796438],[-97.7383935,30.27966],[-97.7385999,30.2797198],[-97.7386449,30.2797328],[-97.7386913,30.2797466]]},"properties":{"k":"path","u":"footway","s":"paving","w":2.4,"wt":0}},{"type":"Feature","geometry":{"type":"LineString","coordinates":[[-97.7380706,30.2805068],[-97.7378093,30.2804311],[-97.7369915,30.2802132],[-97.7369602,30.2802044]]},"properties":{"k":"path","u":"footway","s":"concrete","w":2.4,"wt":0}},{"type":"Feature","geometry":{"type":"LineString","coordinates":[[-97.7382816,30.2805663],[-97.7382655,30.2805618],[-97.738364,30.2805899],[-97.738693,30.2806803],[-97.7387655,30.2807],[-97.7390852,30.2807849],[-97.7393109,30.2808452],[-97.7393931,30.2808677]]},"properties":{"k":"path","u":"footway","s":"paving","w":2.4,"wt":0}},{"type":"Feature","geometry":{"type":"LineString","coordinates":[[-97.7382816,30.2805663],[-97.7382879,30.2805493],[-97.738416,30.2802019],[-97.7384245,30.2801789],[-97.7384364,30.2801484],[-97.7385172,30.2799295],[-97.7385905,30.2797449],[-97.7385999,30.2797198]]},"properties":{"k":"path","u":"path","s":"concrete","w":1.5,"wt":0}},{"type":"Feature","geometry":{"type":"LineString","coordinates":[[-97.7389621,30.2798328],[-97.7390853,30.279869],[-97.7395739,30.2799994],[-97.7397406,30.2800348]]},"properties":{"k":"path","u":"footway","s":"paving","w":2.4,"wt":0}},{"type":"Feature","geometry":{"type":"LineString","coordinates":[[-97.7396845,30.2801877],[-97.739669,30.2802234],[-97.7396877,30.280229],[-97.7396366,30.2803678],[-97.7395657,30.2805605],[-97.7395535,30.2805933],[-97.7395043,30.280723],[-97.7394352,30.2807508],[-97.7393931,30.2808677],[-97.7393901,30.2808758]]},"properties":{"k":"path","u":"footway","s":"paving","w":2.4,"wt":0}},{"type":"Feature","geometry":{"type":"LineString","coordinates":[[-97.7396213,30.2809316],[-97.7397967,30.2804685],[-97.739814,30.2804182],[-97.7398262,30.2803828],[-97.7399268,30.2800909]]},"properties":{"k":"path","u":"footway","s":"paving","w":2.4,"wt":0}},{"type":"Feature","geometry":{"type":"LineString","coordinates":[[-97.7399268,30.2800909],[-97.7399312,30.2800921],[-97.7404337,30.280231],[-97.7404954,30.2802507],[-97.7407896,30.2803294]]},"properties":{"k":"path","u":"footway","s":"paving","w":2.4,"wt":0}},{"type":"Feature","geometry":{"type":"LineString","coordinates":[[-97.7407896,30.2803294],[-97.7406966,30.2805611],[-97.7406335,30.2806202],[-97.740602,30.2806506],[-97.7405738,30.2806772],[-97.7405477,30.2807073],[-97.7405256,30.2807531],[-97.7405175,30.2807878],[-97.7405175,30.2808567],[-97.7405222,30.2808961],[-97.7405309,30.2809343],[-97.740541,30.2809598],[-97.740545,30.280972],[-97.7404599,30.281199],[-97.7404471,30.2812047]]},"properties":{"k":"path","u":"footway","s":"paving","w":2.4,"wt":0}},{"type":"Feature","geometry":{"type":"LineString","coordinates":[[-97.7404471,30.2812047],[-97.7404297,30.2812008],[-97.7396104,30.2809586],[-97.7395989,30.2809552]]},"properties":{"k":"path","u":"footway","s":"paving","w":2.4,"wt":0}},{"type":"Feature","geometry":{"type":"LineString","coordinates":[[-97.7410053,30.2804084],[-97.7408545,30.2808114],[-97.7408515,30.2808188],[-97.7408421,30.2808418],[-97.7408078,30.2809238],[-97.7406848,30.2812283],[-97.7406865,30.2812417]]},"properties":{"k":"path","u":"footway","s":"paving","w":2.4,"wt":0}},{"type":"Feature","geometry":{"type":"LineString","coordinates":[[-97.7406865,30.2812417],[-97.7406948,30.2812554],[-97.7407163,30.2812654],[-97.7409373,30.2813291],[-97.7409978,30.2813454],[-97.7410573,30.2813615],[-97.7411559,30.2813916],[-97.7412957,30.281429],[-97.7413943,30.28146],[-97.7414629,30.2814818],[-97.7415073,30.2814959],[-97.7415529,30.2815086]]},"properties":{"k":"path","u":"footway","s":"paving","w":2.4,"wt":0}},{"type":"Feature","geometry":{"type":"LineString","coordinates":[[-97.7418642,30.2806433],[-97.7418186,30.2807695],[-97.7417257,30.281036]]},"properties":{"k":"path","u":"cycleway","s":"paving","w":2.2,"wt":0}},{"type":"Feature","geometry":{"type":"LineString","coordinates":[[-97.7418642,30.2806433],[-97.7410053,30.2804084]]},"properties":{"k":"path","u":"footway","s":"paving","w":2.4,"wt":0}},{"type":"Feature","geometry":{"type":"LineString","coordinates":[[-97.7373217,30.2786799],[-97.7371377,30.2791472]]},"properties":{"k":"path","u":"footway","s":"paving","w":2.4,"wt":0}},{"type":"Feature","geometry":{"type":"LineString","coordinates":[[-97.7371377,30.2791472],[-97.7371241,30.2791435],[-97.7367464,30.2790436],[-97.736676,30.2790236],[-97.7362521,30.2789064]]},"properties":{"k":"path","u":"footway","s":"paving","w":2.4,"wt":0}},{"type":"Feature","geometry":{"type":"LineString","coordinates":[[-97.7362521,30.2789064],[-97.7363001,30.27877],[-97.7363732,30.27856],[-97.7364449,30.2783536],[-97.7365191,30.278159],[-97.7365318,30.2781549]]},"properties":{"k":"path","u":"footway","s":"paving","w":2.4,"wt":0}},{"type":"Feature","geometry":{"type":"LineString","coordinates":[[-97.7365318,30.2781549],[-97.7366129,30.2781776],[-97.7367162,30.2782068],[-97.7373806,30.2783933],[-97.7373961,30.2783981]]},"properties":{"k":"path","u":"footway","s":"paving","w":2.4,"wt":0}},{"type":"Feature","geometry":{"type":"LineString","coordinates":[[-97.7368664,30.2772752],[-97.7366491,30.2778508],[-97.7365814,30.2780263]]},"properties":{"k":"path","u":"footway","s":"paving","w":2.4,"wt":0}},{"type":"Feature","geometry":{"type":"LineString","coordinates":[[-97.737042,30.2781456],[-97.7370532,30.2781486],[-97.7371521,30.2781752],[-97.7372255,30.2781701],[-97.7374547,30.2782368],[-97.7376221,30.2782867],[-97.7380011,30.2783832],[-97.7380273,30.2784217],[-97.738107,30.2784446],[-97.7381915,30.2784689]]},"properties":{"k":"path","u":"footway","s":"paving","w":2.4,"wt":0}},{"type":"Feature","geometry":{"type":"LineString","coordinates":[[-97.7387789,30.2786323],[-97.7388167,30.2785309],[-97.738828,30.2785007],[-97.7388441,30.2784573],[-97.7388724,30.2783823],[-97.7389019,30.2783041],[-97.7389571,30.278158],[-97.739012,30.2780123],[-97.7390259,30.2779754],[-97.7390477,30.2779179],[-97.7390591,30.2778872]]},"properties":{"k":"path","u":"path","s":"paving","w":1.5,"wt":0}},{"type":"Feature","geometry":{"type":"LineString","coordinates":[[-97.7390591,30.2778872],[-97.7390029,30.2778719],[-97.7384543,30.2777223],[-97.7384623,30.2777004],[-97.7380417,30.2775857],[-97.7376033,30.2774661]]},"properties":{"k":"path","u":"footway","s":"paving","w":2.4,"wt":0}},{"type":"Feature","geometry":{"type":"LineString","coordinates":[[-97.7375523,30.2753919],[-97.7374991,30.27551],[-97.7374609,30.2756148],[-97.7374354,30.2756832],[-97.7373549,30.275905],[-97.7373328,30.2759658],[-97.7372597,30.2761647]]},"properties":{"k":"path","u":"footway","s":"concrete","w":2.4,"wt":0}},{"type":"Feature","geometry":{"type":"LineString","coordinates":[[-97.7372597,30.2761647],[-97.7373125,30.2761816],[-97.7378722,30.2763374],[-97.7381418,30.276412],[-97.7381551,30.2764095]]},"properties":{"k":"path","u":"footway","s":"concrete","w":2.4,"wt":0}},{"type":"Feature","geometry":{"type":"LineString","coordinates":[[-97.7381551,30.2764095],[-97.7381626,30.2764039],[-97.7383416,30.2759151],[-97.7383538,30.2758728],[-97.7383631,30.2758407],[-97.7384318,30.2756253]]},"properties":{"k":"path","u":"footway","s":"paving","w":2.4,"wt":0}},{"type":"Feature","geometry":{"type":"LineString","coordinates":[[-97.738414,30.2761426],[-97.7383157,30.2764436],[-97.7383171,30.276457],[-97.7383228,30.2764681],[-97.7383341,30.2764732],[-97.7384216,30.276497],[-97.738525,30.2765241],[-97.7385709,30.2765362],[-97.7391968,30.2767053],[-97.7392575,30.2767216],[-97.7393504,30.2767466],[-97.739401,30.2767602],[-97.7394916,30.2767821]]},"properties":{"k":"path","u":"footway","s":"concrete","w":2.4,"wt":0}},{"type":"Feature","geometry":{"type":"LineString","coordinates":[[-97.7408066,30.277151],[-97.7408183,30.2771434],[-97.740827,30.2771312],[-97.7409538,30.2767994],[-97.7409807,30.2767299],[-97.7410101,30.2766517],[-97.7411019,30.2764024]]},"properties":{"k":"path","u":"footway","s":"paving","w":2.4,"wt":0}},{"type":"Feature","geometry":{"type":"LineString","coordinates":[[-97.7411575,30.2762457],[-97.7408257,30.2761491],[-97.7405508,30.2760697]]},"properties":{"k":"path","u":"footway","s":"paving","w":2.4,"wt":0}},{"type":"Feature","geometry":{"type":"LineString","coordinates":[[-97.7411575,30.2762457],[-97.7413235,30.2762943],[-97.7416644,30.2763941],[-97.7417599,30.2764221],[-97.7422169,30.2765457],[-97.7422294,30.2765494]]},"properties":{"k":"path","u":"footway","s":"paving","w":2.4,"wt":0}},{"type":"Feature","geometry":{"type":"LineString","coordinates":[[-97.7422109,30.2765584],[-97.7422169,30.2765457],[-97.7423632,30.2761532],[-97.7424947,30.2757837]]},"properties":{"k":"path","u":"footway","s":"paving","w":2.4,"wt":0}},{"type":"Feature","geometry":{"type":"LineString","coordinates":[[-97.7371245,30.2765402],[-97.7371347,30.2765095],[-97.7371607,30.2764323],[-97.7371768,30.2763947]]},"properties":{"k":"path","u":"footway","s":"paving","w":2.4,"wt":0}},{"type":"Feature","geometry":{"type":"LineString","coordinates":[[-97.7371768,30.2763947],[-97.7372044,30.2763969],[-97.7372218,30.2764049],[-97.7373016,30.276434],[-97.7373529,30.2764476],[-97.7374103,30.2764626],[-97.7374473,30.2764722],[-97.7376214,30.2765165],[-97.737683,30.2765227],[-97.7380386,30.2766248],[-97.7380722,30.276655]]},"properties":{"k":"path","u":"footway","s":"concrete","w":2.4,"wt":0}},{"type":"Feature","geometry":{"type":"LineString","coordinates":[[-97.738984,30.277733],[-97.7389265,30.2777168],[-97.7385615,30.2776171],[-97.7384903,30.2775976],[-97.7382973,30.2775446],[-97.7380794,30.2774828],[-97.7379397,30.2774387]]},"properties":{"k":"path","u":"footway","s":"paving","w":2.4,"wt":0}},{"type":"Feature","geometry":{"type":"LineString","coordinates":[[-97.7393202,30.2778259],[-97.739851,30.2779789],[-97.739855,30.2779801]]},"properties":{"k":"path","u":"footway","s":"paving","w":2.4,"wt":0}},{"type":"Feature","geometry":{"type":"LineString","coordinates":[[-97.7404196,30.2781422],[-97.7404981,30.2779309],[-97.7405168,30.2778857],[-97.7405197,30.2778531],[-97.7405212,30.2778235],[-97.7405785,30.2776761],[-97.7405996,30.2776183],[-97.7406084,30.2775941],[-97.740662,30.2774303],[-97.7407065,30.2774064],[-97.7407321,30.2773926]]},"properties":{"k":"path","u":"footway","s":"paving","w":2.4,"wt":0}},{"type":"Feature","geometry":{"type":"LineString","coordinates":[[-97.74038,30.2782775],[-97.7402741,30.2785558],[-97.7402312,30.2786687],[-97.740223,30.2786783],[-97.7402125,30.2787052],[-97.7401953,30.2787494],[-97.7401771,30.278798],[-97.740158,30.2788482],[-97.7401617,30.2788777],[-97.7401254,30.2789653],[-97.7400926,30.2789961],[-97.74009,30.2790043],[-97.7400842,30.2790251]]},"properties":{"k":"path","u":"footway","s":"paving","w":2.4,"wt":0}},{"type":"Feature","geometry":{"type":"LineString","coordinates":[[-97.7389796,30.2786885],[-97.7390384,30.2787032],[-97.73911,30.278724],[-97.739532,30.2788465],[-97.7398221,30.2789307],[-97.74006,30.2789997],[-97.74009,30.2790043]]},"properties":{"k":"path","u":"footway","s":"paving","w":2.4,"wt":0}},{"type":"Feature","geometry":{"type":"LineString","coordinates":[[-97.7400672,30.2791587],[-97.7400551,30.2791501],[-97.740043,30.2791436],[-97.7399932,30.279128],[-97.7398909,30.2790988],[-97.7398499,30.2790871],[-97.7394678,30.278978],[-97.7394385,30.2789697]]},"properties":{"k":"path","u":"footway","s":"paving","w":2.4,"wt":0}},{"type":"Feature","geometry":{"type":"LineString","coordinates":[[-97.738929,30.2788237],[-97.7388978,30.2789089],[-97.738831,30.2790915],[-97.7387962,30.2791864],[-97.7387633,30.2792761],[-97.73873,30.2793662],[-97.738655,30.2795704],[-97.7386508,30.2795827]]},"properties":{"k":"path","u":"path","s":"paving","w":1.5,"wt":0}},{"type":"Feature","geometry":{"type":"LineString","coordinates":[[-97.7386508,30.2795827],[-97.738696,30.2795958],[-97.7391024,30.2797137],[-97.7391555,30.2797295],[-97.7395633,30.2798483],[-97.7396089,30.2798602],[-97.7396627,30.279876],[-97.7397648,30.2799045]]},"properties":{"k":"path","u":"footway","s":"paving","w":2.4,"wt":0}},{"type":"Feature","geometry":{"type":"LineString","coordinates":[[-97.7397648,30.2799045],[-97.739772,30.2798882],[-97.7398533,30.2796782],[-97.7399164,30.2795058],[-97.7399245,30.2794797],[-97.7399691,30.2794406],[-97.740066,30.2791842],[-97.740067,30.2791723],[-97.7400672,30.2791587]]},"properties":{"k":"path","u":"footway","s":"paving","w":2.4,"wt":0}},{"type":"Feature","geometry":{"type":"LineString","coordinates":[[-97.7411219,30.2794574],[-97.7406286,30.2793191],[-97.740577,30.2793038],[-97.7405407,30.2792948],[-97.7403364,30.279234],[-97.7403116,30.2792255],[-97.7402544,30.2792104]]},"properties":{"k":"path","u":"footway","s":"paving","w":2.4,"wt":0}},{"type":"Feature","geometry":{"type":"LineString","coordinates":[[-97.7402544,30.2792104],[-97.7401196,30.2795625],[-97.7401132,30.2795849],[-97.7401065,30.2796155],[-97.7399814,30.279962]]},"properties":{"k":"path","u":"footway","s":"paving","w":2.4,"wt":0}},{"type":"Feature","geometry":{"type":"LineString","coordinates":[[-97.7399814,30.279962],[-97.7401114,30.2799989],[-97.7403296,30.2800607],[-97.7403494,30.2800663],[-97.7403996,30.2800806],[-97.7408457,30.2802071]]},"properties":{"k":"path","u":"footway","s":"paving","w":2.4,"wt":0}},{"type":"Feature","geometry":{"type":"LineString","coordinates":[[-97.7408457,30.2802071],[-97.7409752,30.2798549],[-97.7409851,30.27983],[-97.7409946,30.2798024],[-97.7409954,30.2797993],[-97.7410111,30.2797559],[-97.7410346,30.2796879],[-97.7410731,30.2795833],[-97.7411003,30.2795205],[-97.7411219,30.2794574]]},"properties":{"k":"path","u":"footway","s":"paving","w":2.4,"wt":0}},{"type":"Feature","geometry":{"type":"LineString","coordinates":[[-97.7411707,30.2793439],[-97.7411621,30.2793415],[-97.7402671,30.2790817]]},"properties":{"k":"path","u":"footway","s":"paving","w":2.4,"wt":0}},{"type":"Feature","geometry":{"type":"LineString","coordinates":[[-97.7402671,30.2790817],[-97.7402739,30.279069],[-97.7402753,30.2790577],[-97.7403221,30.2789128],[-97.740354,30.2788305],[-97.7404576,30.2785517],[-97.740486,30.2784767],[-97.7405411,30.2783351],[-97.7405451,30.278325],[-97.7405493,30.2783144],[-97.7405363,30.2783122]]},"properties":{"k":"path","u":"footway","s":"paving","w":2.4,"wt":0}},{"type":"Feature","geometry":{"type":"LineString","coordinates":[[-97.7405778,30.2782953],[-97.7405704,30.2783076],[-97.7405833,30.2783117],[-97.7414633,30.2785614],[-97.7414651,30.2785619]]},"properties":{"k":"path","u":"footway","s":"paving","w":2.4,"wt":0}},{"type":"Feature","geometry":{"type":"LineString","coordinates":[[-97.7414651,30.2785619],[-97.7414634,30.2785664],[-97.7413425,30.2788874],[-97.7412963,30.2790103],[-97.7411719,30.2793406],[-97.7411707,30.2793439]]},"properties":{"k":"path","u":"footway","s":"paving","w":2.4,"wt":0}},{"type":"Feature","geometry":{"type":"LineString","coordinates":[[-97.7387273,30.2787664],[-97.7386753,30.2787509],[-97.7385596,30.2787187],[-97.7381461,30.2786045],[-97.7377595,30.2784952],[-97.7376062,30.2784529],[-97.7375915,30.2784516],[-97.7375789,30.2784535]]},"properties":{"k":"path","u":"footway","s":"paving","w":2.4,"wt":0}},{"type":"Feature","geometry":{"type":"LineString","coordinates":[[-97.7375789,30.2784535],[-97.7375656,30.2784626],[-97.7375578,30.2784743],[-97.7374725,30.2787],[-97.7374354,30.2787981],[-97.7374077,30.2788732],[-97.7373912,30.2789156],[-97.7373564,30.2790037],[-97.7372873,30.2791933],[-97.7372974,30.2792267],[-97.7375508,30.2793007],[-97.7377635,30.2793627],[-97.7381959,30.2794857],[-97.7382659,30.2795059]]},"properties":{"k":"path","u":"footway","s":"paving","w":2.4,"wt":0}},{"type":"Feature","geometry":{"type":"LineString","coordinates":[[-97.7384444,30.2795229],[-97.7384484,30.2795113],[-97.7384629,30.2794727],[-97.7385217,30.2793156],[-97.7385383,30.2792714],[-97.7385748,30.2791741],[-97.738619,30.279056],[-97.738663,30.2789382],[-97.7386716,30.2789153],[-97.7386954,30.2788518],[-97.7387273,30.2787664]]},"properties":{"k":"path","u":"path","s":"paving","w":1.5,"wt":0}},{"type":"Feature","geometry":{"type":"LineString","coordinates":[[-97.7417765,30.2777005],[-97.7417637,30.277693],[-97.7416544,30.2776623],[-97.7416266,30.2776543],[-97.741581,30.2776412],[-97.7410174,30.2774891],[-97.7409007,30.2774521]]},"properties":{"k":"path","u":"footway","s":"paving","w":2.4,"wt":0}},{"type":"Feature","geometry":{"type":"LineString","coordinates":[[-97.7409007,30.2774521],[-97.7409073,30.2774688],[-97.7407723,30.2778359],[-97.7407636,30.2778594],[-97.7407462,30.2779042],[-97.7406369,30.278192]]},"properties":{"k":"path","u":"footway","s":"paving","w":2.4,"wt":0}},{"type":"Feature","geometry":{"type":"LineString","coordinates":[[-97.7406369,30.278192],[-97.7407073,30.2782146],[-97.7407516,30.2782261],[-97.740779,30.2782332],[-97.7409024,30.2782679],[-97.7409459,30.278281],[-97.7409715,30.2782887],[-97.7411476,30.2783396],[-97.7411874,30.2783495],[-97.7415032,30.278441]]},"properties":{"k":"path","u":"footway","s":"paving","w":2.4,"wt":0}},{"type":"Feature","geometry":{"type":"LineString","coordinates":[[-97.7415032,30.278441],[-97.7416061,30.2781791],[-97.7416916,30.2779611],[-97.7416965,30.2779231],[-97.7416985,30.2779077],[-97.7417748,30.27771],[-97.7417765,30.2777005]]},"properties":{"k":"path","u":"footway","s":"paving","w":2.4,"wt":0}},{"type":"Feature","geometry":{"type":"LineString","coordinates":[[-97.7421552,30.2766982],[-97.7417826,30.2765944],[-97.741721,30.2765771],[-97.7414787,30.2765084],[-97.741267,30.2764484]]},"properties":{"k":"path","u":"footway","s":"paving","w":2.4,"wt":0}},{"type":"Feature","geometry":{"type":"LineString","coordinates":[[-97.741267,30.2764484],[-97.7409731,30.2772061]]},"properties":{"k":"path","u":"footway","s":"paving","w":2.4,"wt":0}},{"type":"Feature","geometry":{"type":"LineString","coordinates":[[-97.7409731,30.2772061],[-97.7415217,30.2773663],[-97.7415737,30.2773815],[-97.7416253,30.2773965],[-97.7418601,30.2774598],[-97.7418677,30.2774618]]},"properties":{"k":"path","u":"footway","s":"concrete","w":2.4,"wt":0}},{"type":"Feature","geometry":{"type":"LineString","coordinates":[[-97.7420274,30.2770527],[-97.7421504,30.2767105],[-97.7421552,30.2766982]]},"properties":{"k":"path","u":"footway","s":"concrete","w":2.4,"wt":0}},{"type":"Feature","geometry":{"type":"LineString","coordinates":[[-97.7421492,30.2798793],[-97.7421899,30.2797675],[-97.7420795,30.2797336],[-97.7419508,30.2796974],[-97.741925,30.2796897],[-97.7419032,30.279682],[-97.7417788,30.2796485],[-97.7417655,30.2796429],[-97.7417211,30.2796336],[-97.7416779,30.2796178],[-97.7416324,30.2796042],[-97.7416024,30.2795952],[-97.7415317,30.2795781],[-97.7415015,30.2795677],[-97.7413376,30.279521]]},"properties":{"k":"path","u":"footway","s":"paving","w":2.4,"wt":0}},{"type":"Feature","geometry":{"type":"LineString","coordinates":[[-97.7413376,30.279521],[-97.7410553,30.2802637]]},"properties":{"k":"path","u":"footway","s":"paving","w":2.4,"wt":0}},{"type":"Feature","geometry":{"type":"LineString","coordinates":[[-97.7410553,30.2802637],[-97.7411104,30.2802796],[-97.7411605,30.2802941],[-97.7412237,30.2803123],[-97.7412458,30.2803187],[-97.7412953,30.280333],[-97.7413367,30.2803449],[-97.7413592,30.2803514],[-97.7413975,30.2803625],[-97.7414486,30.2803772],[-97.7414513,30.280378],[-97.7414744,30.2803847],[-97.7414954,30.2803907],[-97.7415238,30.2803989],[-97.7415285,30.2804003],[-97.741608,30.2804232],[-97.7419137,30.2805123]]},"properties":{"k":"path","u":"footway","s":"paving","w":2.4,"wt":0}},{"type":"Feature","geometry":{"type":"LineString","coordinates":[[-97.7432848,30.2800793],[-97.7432185,30.2802524],[-97.7431881,30.2803316],[-97.7431427,30.28045],[-97.7431227,30.2804634],[-97.7430577,30.2806385],[-97.7429906,30.2808194]]},"properties":{"k":"path","u":"footway","s":"paving","w":2.4,"wt":0}},{"type":"Feature","geometry":{"type":"LineString","coordinates":[[-97.7429906,30.2808194],[-97.7425974,30.2806902],[-97.7421429,30.2805591]]},"properties":{"k":"path","u":"footway","s":"paving","w":2.4,"wt":0}},{"type":"Feature","geometry":{"type":"LineString","coordinates":[[-97.7421429,30.2805591],[-97.7422608,30.2802262],[-97.742267,30.2802092],[-97.7422799,30.2801727],[-97.7422999,30.2801216],[-97.7424101,30.27983]]},"properties":{"k":"path","u":"footway","s":"paving","w":2.4,"wt":0}},{"type":"Feature","geometry":{"type":"LineString","coordinates":[[-97.7424101,30.27983],[-97.7432848,30.2800793]]},"properties":{"k":"path","u":"footway","s":"paving","w":2.4,"wt":0}},{"type":"Feature","geometry":{"type":"LineString","coordinates":[[-97.7426145,30.2787654],[-97.7425828,30.2787567],[-97.7421341,30.2786388],[-97.7420885,30.2786255],[-97.741715,30.2785181],[-97.7416989,30.2785181]]},"properties":{"k":"path","u":"footway","s":"paving","w":2.4,"wt":0}},{"type":"Feature","geometry":{"type":"LineString","coordinates":[[-97.7416989,30.2785181],[-97.7418333,30.2781555],[-97.7418504,30.2781101],[-97.7419868,30.2777556],[-97.7419937,30.2777518]]},"properties":{"k":"path","u":"footway","s":"paving","w":2.4,"wt":0}},{"type":"Feature","geometry":{"type":"LineString","coordinates":[[-97.7419937,30.2777518],[-97.7420081,30.2777508],[-97.7428493,30.2779957],[-97.7428533,30.2780096]]},"properties":{"k":"path","u":"footway","s":"concrete","w":2.4,"wt":0}},{"type":"Feature","geometry":{"type":"LineString","coordinates":[[-97.7428533,30.2780096],[-97.7428569,30.2780231],[-97.7427305,30.2783475],[-97.7427073,30.2784071],[-97.7426758,30.2784891],[-97.7426456,30.2785586],[-97.7425828,30.2787567],[-97.742581,30.2787742]]},"properties":{"k":"path","u":"footway","s":"paving","w":2.4,"wt":0}},{"type":"Feature","geometry":{"type":"LineString","coordinates":[[-97.7425573,30.2788548],[-97.7425544,30.2788834],[-97.7424052,30.2792894],[-97.7423756,30.2793081],[-97.7423623,30.2793166],[-97.7422477,30.2796304]]},"properties":{"k":"path","u":"footway","s":"concrete","w":2.4,"wt":0}},{"type":"Feature","geometry":{"type":"LineString","coordinates":[[-97.7425544,30.2788834],[-97.7421006,30.278754],[-97.741732,30.2786551],[-97.7416752,30.2786404],[-97.7416665,30.2786365],[-97.7416599,30.2786336]]},"properties":{"k":"path","u":"footway","s":"paving","w":2.4,"wt":0}},{"type":"Feature","geometry":{"type":"LineString","coordinates":[[-97.7415184,30.2790198],[-97.7414383,30.2792409],[-97.7414229,30.2792831],[-97.74139,30.279372],[-97.7413907,30.2793851]]},"properties":{"k":"path","u":"footway","s":"concrete","w":2.4,"wt":0}},{"type":"Feature","geometry":{"type":"LineString","coordinates":[[-97.7413907,30.2793851],[-97.7417967,30.2795003],[-97.7418102,30.2795044],[-97.7418482,30.2795174],[-97.7419658,30.2795507],[-97.7422477,30.2796304]]},"properties":{"k":"path","u":"footway","s":"paving","w":2.4,"wt":0}},{"type":"Feature","geometry":{"type":"LineString","coordinates":[[-97.7429555,30.2777792],[-97.7425836,30.277675],[-97.7425359,30.2776616],[-97.7423133,30.2775944],[-97.7420722,30.2775217]]},"properties":{"k":"path","u":"footway","s":"paving","w":2.4,"wt":0}},{"type":"Feature","geometry":{"type":"LineString","coordinates":[[-97.7429555,30.2777792],[-97.7429593,30.2777687],[-97.7429899,30.2776838],[-97.7430876,30.2774132],[-97.7430965,30.2773886],[-97.7431079,30.2773571],[-97.7432312,30.2770155],[-97.7432035,30.2769771]]},"properties":{"k":"path","u":"footway","s":"concrete","w":2.4,"wt":0}},{"type":"Feature","geometry":{"type":"LineString","coordinates":[[-97.7432323,30.276948],[-97.7432035,30.2769771],[-97.7423727,30.2767431],[-97.7423841,30.2767123]]},"properties":{"k":"path","u":"footway","s":"concrete","w":2.4,"wt":0}},{"type":"Feature","geometry":{"type":"LineString","coordinates":[[-97.7423377,30.276735],[-97.7423727,30.2767431],[-97.7422305,30.2771113]]},"properties":{"k":"path","u":"footway","s":"concrete","w":2.4,"wt":0}},{"type":"Feature","geometry":{"type":"LineString","coordinates":[[-97.742693,30.2758404],[-97.7425641,30.2762066],[-97.7424357,30.2765809]]},"properties":{"k":"path","u":"footway","s":"paving","w":2.4,"wt":0}},{"type":"Feature","geometry":{"type":"LineString","coordinates":[[-97.7424357,30.2765809],[-97.7432945,30.2768247]]},"properties":{"k":"path","u":"footway","s":"concrete","w":2.4,"wt":0}},{"type":"Feature","geometry":{"type":"LineString","coordinates":[[-97.7434434,30.2764238],[-97.7435761,30.2760684]]},"properties":{"k":"path","u":"footway","s":"concrete","w":2.4,"wt":0}},{"type":"Feature","geometry":{"type":"LineString","coordinates":[[-97.7411019,30.2764024],[-97.7410296,30.276387],[-97.7405824,30.2762577],[-97.7404916,30.2762321]]},"properties":{"k":"path","u":"footway","s":"concrete","w":2.4,"wt":0}},{"type":"Feature","geometry":{"type":"LineString","coordinates":[[-97.7450718,30.2825086],[-97.7450617,30.2824976],[-97.7450277,30.282416],[-97.7450196,30.282395],[-97.7450605,30.2822578],[-97.7450698,30.2822314],[-97.7450765,30.2822124],[-97.7451009,30.2821633],[-97.7451944,30.281921],[-97.7452079,30.2818823],[-97.7452127,30.2818684],[-97.7452807,30.2816878],[-97.7453072,30.2816173],[-97.7453247,30.2816223]]},"properties":{"k":"path","u":"footway","s":"paving","w":2.4,"wt":0}},{"type":"Feature","geometry":{"type":"LineString","coordinates":[[-97.7453247,30.2816223],[-97.7453777,30.2816374],[-97.7455847,30.2816963],[-97.7457026,30.2817314],[-97.74607,30.2818357],[-97.7460926,30.2818401],[-97.7461373,30.2818518],[-97.7461895,30.2818703]]},"properties":{"k":"path","u":"footway","s":"paving","w":2.4,"wt":0}},{"type":"Feature","geometry":{"type":"LineString","coordinates":[[-97.7461895,30.2818703],[-97.7459634,30.2824908],[-97.7459559,30.2825098],[-97.7459401,30.2825499],[-97.7458727,30.2827403]]},"properties":{"k":"path","u":"footway","s":"paving","w":2.4,"wt":0}},{"type":"Feature","geometry":{"type":"LineString","coordinates":[[-97.7458727,30.2827403],[-97.7456484,30.282675],[-97.7456075,30.2826623],[-97.7455878,30.2826562],[-97.7454221,30.2826074],[-97.7453724,30.2825965],[-97.7453184,30.2825846],[-97.7450718,30.2825086]]},"properties":{"k":"path","u":"footway","s":"paving","w":2.4,"wt":0}},{"type":"Feature","geometry":{"type":"LineString","coordinates":[[-97.7456073,30.2815635],[-97.7454227,30.28151]]},"properties":{"k":"path","u":"footway","s":"paving","w":2.4,"wt":0}},{"type":"Feature","geometry":{"type":"LineString","coordinates":[[-97.7453562,30.2814907],[-97.7454386,30.2812564],[-97.74563,30.2807454]]},"properties":{"k":"path","u":"footway","s":"paving","w":2.4,"wt":0}},{"type":"Feature","geometry":{"type":"LineString","coordinates":[[-97.7460229,30.2808571],[-97.74563,30.2807454]]},"properties":{"k":"path","u":"footway","s":"paving","w":2.4,"wt":0}},{"type":"Feature","geometry":{"type":"LineString","coordinates":[[-97.7465475,30.2808591],[-97.7462274,30.2807674],[-97.7456803,30.2806108]]},"properties":{"k":"path","u":"footway","s":"paving","w":2.4,"wt":0}},{"type":"Feature","geometry":{"type":"LineString","coordinates":[[-97.7459556,30.2798636],[-97.746833,30.2801189]]},"properties":{"k":"path","u":"footway","s":"paving","w":2.4,"wt":0}},{"type":"Feature","geometry":{"type":"LineString","coordinates":[[-97.7456803,30.2806108],[-97.7457789,30.2803433],[-97.7459556,30.2798636]]},"properties":{"k":"path","u":"footway","s":"paving","w":2.4,"wt":0}},{"type":"Feature","geometry":{"type":"LineString","coordinates":[[-97.746833,30.2801189],[-97.7467423,30.2803583],[-97.7467384,30.2803699],[-97.7467046,30.2804748],[-97.7466988,30.2805111],[-97.7466964,30.2805252],[-97.7466579,30.2805504],[-97.7465475,30.2808591]]},"properties":{"k":"path","u":"footway","s":"paving","w":2.4,"wt":0}},{"type":"Feature","geometry":{"type":"LineString","coordinates":[[-97.7462887,30.2789868],[-97.7468319,30.2791395],[-97.7471684,30.2792348],[-97.7471705,30.2792395]]},"properties":{"k":"path","u":"footway","s":"concrete","w":2.4,"wt":0}},{"type":"Feature","geometry":{"type":"LineString","coordinates":[[-97.7468921,30.2799727],[-97.7468772,30.2799757],[-97.7468664,30.2799743],[-97.7460167,30.2797334],[-97.7460102,30.2797282]]},"properties":{"k":"path","u":"footway","s":"paving","w":2.4,"wt":0}},{"type":"Feature","geometry":{"type":"LineString","coordinates":[[-97.7471705,30.2792395],[-97.7471725,30.2792442],[-97.7470533,30.2795748],[-97.7469136,30.2799539],[-97.746906,30.2799648],[-97.7468921,30.2799727]]},"properties":{"k":"path","u":"footway","s":"concrete","w":2.4,"wt":0}},{"type":"Feature","geometry":{"type":"LineString","coordinates":[[-97.7460102,30.2797282],[-97.7460109,30.2797238],[-97.7461938,30.2792358],[-97.7462532,30.2790915],[-97.7462657,30.2790659],[-97.7462772,30.2790535],[-97.7462728,30.2790374],[-97.7462887,30.2789868]]},"properties":{"k":"path","u":"footway","s":"concrete","w":2.4,"wt":0}},{"type":"Feature","geometry":{"type":"LineString","coordinates":[[-97.7472607,30.2789952],[-97.747249,30.2789965],[-97.7463815,30.2787495]]},"properties":{"k":"path","u":"footway","s":"concrete","w":2.4,"wt":0}},{"type":"Feature","geometry":{"type":"LineString","coordinates":[[-97.7463815,30.2787495],[-97.7465101,30.2783927],[-97.7465236,30.2783605],[-97.7465296,30.278346],[-97.746659,30.2779968]]},"properties":{"k":"path","u":"footway","s":"paving","w":2.4,"wt":0}},{"type":"Feature","geometry":{"type":"LineString","coordinates":[[-97.746659,30.2779968],[-97.746752,30.2780231],[-97.747097,30.2780969],[-97.7475391,30.2782097],[-97.7475478,30.2782198],[-97.7475549,30.2782316]]},"properties":{"k":"path","u":"footway","s":"paving","w":2.4,"wt":0}},{"type":"Feature","geometry":{"type":"LineString","coordinates":[[-97.7475549,30.2782316],[-97.7475569,30.2782452],[-97.7474053,30.2786176],[-97.7472703,30.2789864],[-97.7472607,30.2789952]]},"properties":{"k":"path","u":"footway","s":"concrete","w":2.4,"wt":0}},{"type":"Feature","geometry":{"type":"LineString","coordinates":[[-97.7484677,30.2835001],[-97.7488904,30.2836215],[-97.7489486,30.2836264],[-97.7490455,30.2836543],[-97.7490871,30.2836825],[-97.7493985,30.2837678],[-97.7494615,30.2837631]]},"properties":{"k":"path","u":"footway","s":"paving","w":2.4,"wt":0}},{"type":"Feature","geometry":{"type":"LineString","coordinates":[[-97.7466463,30.2831625],[-97.7463181,30.2830666]]},"properties":{"k":"path","u":"footway","s":"paving","w":2.4,"wt":0}},{"type":"Feature","geometry":{"type":"LineString","coordinates":[[-97.7463181,30.2830666],[-97.7462533,30.2830533],[-97.7461224,30.283019]]},"properties":{"k":"path","u":"footway","s":"concrete","w":2.4,"wt":0}},{"type":"Feature","geometry":{"type":"LineString","coordinates":[[-97.7461224,30.283019],[-97.7460673,30.2830016]]},"properties":{"k":"path","u":"footway","s":"concrete","w":2.4,"wt":0}},{"type":"Feature","geometry":{"type":"LineString","coordinates":[[-97.7460673,30.2830016],[-97.7459848,30.2829776],[-97.7457722,30.2829174]]},"properties":{"k":"path","u":"footway","s":"concrete","w":2.4,"wt":0}},{"type":"Feature","geometry":{"type":"LineString","coordinates":[[-97.7457722,30.2829174],[-97.7457439,30.2829086],[-97.7455948,30.2828621],[-97.7455704,30.2828545]]},"properties":{"k":"path","u":"footway","s":"paving","w":2.4,"wt":0}},{"type":"Feature","geometry":{"type":"LineString","coordinates":[[-97.7455704,30.2828545],[-97.7452715,30.2827692]]},"properties":{"k":"path","u":"footway","s":"paving","w":2.4,"wt":0}},{"type":"Feature","geometry":{"type":"LineString","coordinates":[[-97.7452715,30.2827692],[-97.7452395,30.2827884]]},"properties":{"k":"path","u":"footway","s":"paving","w":2.4,"wt":0}},{"type":"Feature","geometry":{"type":"LineString","coordinates":[[-97.7447098,30.2826118],[-97.7446787,30.2826039],[-97.7446464,30.2825941]]},"properties":{"k":"path","u":"footway","s":"paving","w":2.4,"wt":0}},{"type":"Feature","geometry":{"type":"LineString","coordinates":[[-97.7446464,30.2825941],[-97.7444489,30.2825369],[-97.7444225,30.2825288],[-97.7443857,30.2825176],[-97.7442686,30.2824868]]},"properties":{"k":"path","u":"footway","s":"concrete","w":2.4,"wt":0}},{"type":"Feature","geometry":{"type":"LineString","coordinates":[[-97.7485215,30.275967],[-97.7485581,30.2759719],[-97.7486328,30.2759718],[-97.7488606,30.2760351],[-97.7488999,30.2760492],[-97.7489098,30.2760587],[-97.7489176,30.2760704],[-97.7489271,30.2760803],[-97.7489395,30.2760896],[-97.7489533,30.2760963],[-97.7489894,30.2761047],[-97.7490202,30.2761148],[-97.7490475,30.2761237],[-97.7492153,30.2761719],[-97.7492293,30.2761746],[-97.7492962,30.2761756],[-97.7493277,30.2761795],[-97.7494111,30.2762008],[-97.7494698,30.2762173],[-97.7495218,30.2762319],[-97.7495525,30.2762396],[-97.7498531,30.2763245],[-97.7498504,30.2763558]]},"properties":{"k":"path","u":"footway","s":"paving","w":2.4,"wt":0}},{"type":"Feature","geometry":{"type":"LineString","coordinates":[[-97.7502661,30.2752549],[-97.7504807,30.2753139],[-97.7504928,30.2753186],[-97.7506005,30.2754436],[-97.7506269,30.2754743],[-97.7506671,30.2755213],[-97.7506792,30.2755606],[-97.7506863,30.2755967],[-97.7506878,30.2756373],[-97.7506845,30.275675],[-97.7506736,30.275723],[-97.7506639,30.2757494],[-97.750646,30.2757855],[-97.7506245,30.2758165],[-97.7506062,30.2758394],[-97.7505894,30.2758572],[-97.7505503,30.2758872],[-97.7502917,30.2760553],[-97.7501953,30.276118],[-97.7501418,30.2761592],[-97.7501114,30.2761882],[-97.7500788,30.2762248],[-97.7500555,30.2762561],[-97.7500208,30.2763188],[-97.7500117,30.2763392],[-97.7500123,30.2763878],[-97.7500248,30.2763936]]},"properties":{"k":"path","u":"footway","s":"paving","w":2.4,"wt":0}},{"type":"Feature","geometry":{"type":"LineString","coordinates":[[-97.7523743,30.2771264],[-97.752255,30.2770836],[-97.7517703,30.2769096],[-97.7517376,30.2768979],[-97.7515465,30.2768374]]},"properties":{"k":"path","u":"footway","s":"paving","w":2.4,"wt":0}},{"type":"Feature","geometry":{"type":"LineString","coordinates":[[-97.7515348,30.2768316],[-97.7515465,30.2768374]]},"properties":{"k":"path","u":"footway","s":"paving","w":2.4,"wt":0}},{"type":"Feature","geometry":{"type":"LineString","coordinates":[[-97.7505577,30.2855704],[-97.7505708,30.2855712],[-97.7505813,30.2854455],[-97.7505762,30.2854266],[-97.7505614,30.2854161],[-97.7505189,30.2854128]]},"properties":{"k":"path","u":"footway","s":"paving","w":2.4,"wt":0}},{"type":"Feature","geometry":{"type":"LineString","coordinates":[[-97.7482985,30.2834623],[-97.748275,30.2834576],[-97.7482529,30.2834501],[-97.7477942,30.2833187],[-97.7473615,30.2831957],[-97.7473115,30.2831798],[-97.747293,30.2831776]]},"properties":{"k":"path","u":"footway","s":"paving","w":2.4,"wt":0}},{"type":"Feature","geometry":{"type":"LineString","coordinates":[[-97.747205,30.2831215],[-97.7471873,30.2831164],[-97.7467725,30.2829976],[-97.7465834,30.2829438],[-97.7463135,30.2828669],[-97.7462489,30.2828495],[-97.746052,30.2827892]]},"properties":{"k":"path","u":"footway","s":"paving","w":2.4,"wt":0}},{"type":"Feature","geometry":{"type":"LineString","coordinates":[[-97.746052,30.2827892],[-97.7460274,30.2827942]]},"properties":{"k":"path","u":"footway","s":"paving","w":2.4,"wt":0}},{"type":"Feature","geometry":{"type":"LineString","coordinates":[[-97.746052,30.2827892],[-97.7461348,30.2825406],[-97.7461589,30.2824804],[-97.7461777,30.2824317]]},"properties":{"k":"path","u":"footway","s":"paving","w":2.4,"wt":0}},{"type":"Feature","geometry":{"type":"LineString","coordinates":[[-97.7464935,30.2815429],[-97.7465566,30.2813819],[-97.7465667,30.281357],[-97.7465847,30.2813124],[-97.7466907,30.2810298]]},"properties":{"k":"path","u":"footway","s":"paving","w":2.4,"wt":0}},{"type":"Feature","geometry":{"type":"LineString","coordinates":[[-97.7486634,30.2816257],[-97.7481907,30.2814879],[-97.7479559,30.2814174],[-97.7479365,30.2814115]]},"properties":{"k":"path","u":"footway","s":"paving","w":2.4,"wt":0}},{"type":"Feature","geometry":{"type":"LineString","coordinates":[[-97.7476747,30.2821552],[-97.7479559,30.2814174],[-97.7479636,30.2813949]]},"properties":{"k":"path","u":"footway","s":"paving","w":2.4,"wt":0}},{"type":"Feature","geometry":{"type":"LineString","coordinates":[[-97.7487452,30.2824694],[-97.7485313,30.2824063],[-97.7485005,30.2823964],[-97.7483851,30.2823646],[-97.748359,30.282357],[-97.7483275,30.2823484],[-97.7482832,30.2823368],[-97.748186,30.2823072],[-97.7481484,30.2822945],[-97.7476747,30.2821552]]},"properties":{"k":"path","u":"footway","s":"paving","w":2.4,"wt":0}},{"type":"Feature","geometry":{"type":"LineString","coordinates":[[-97.7504463,30.2855661],[-97.7504879,30.2851173]]},"properties":{"k":"path","u":"footway","s":"paving","w":2.4,"wt":0}},{"type":"Feature","geometry":{"type":"LineString","coordinates":[[-97.7467292,30.2809404],[-97.7467322,30.2809123]]},"properties":{"k":"path","u":"footway","s":"paving","w":2.4,"wt":0}},{"type":"Feature","geometry":{"type":"LineString","coordinates":[[-97.7465743,30.2808726],[-97.7465475,30.2808591]]},"properties":{"k":"path","u":"footway","s":"concrete","w":2.4,"wt":0}},{"type":"Feature","geometry":{"type":"LineString","coordinates":[[-97.7327596,30.2751507],[-97.7336759,30.2754098],[-97.7337281,30.2754248],[-97.7337281,30.2754903],[-97.7337257,30.2754972],[-97.7336257,30.2757699],[-97.7335794,30.2758963],[-97.7335238,30.2760481],[-97.7331141,30.277093],[-97.7328191,30.2778675],[-97.732749,30.2780492],[-97.7327897,30.2780997],[-97.732775,30.278145]]},"properties":{"k":"path","u":"footway","s":"concrete","w":2.4,"wt":0}},{"type":"Feature","geometry":{"type":"LineString","coordinates":[[-97.7339531,30.2755082],[-97.7339432,30.2755281],[-97.733933,30.2755546],[-97.7337997,30.2758992],[-97.7336836,30.2762323],[-97.7333691,30.2770675],[-97.7333371,30.2771544],[-97.7333133,30.2772134],[-97.7332784,30.2773039],[-97.7330559,30.2779383],[-97.7330277,30.2780102],[-97.7330281,30.2780239],[-97.7330187,30.2780482],[-97.7330018,30.278092],[-97.732975,30.2781585],[-97.7329181,30.2782995],[-97.7329102,30.2783165],[-97.7328927,30.278354],[-97.7328229,30.2784721]]},"properties":{"k":"path","u":"footway","s":"paving","w":2.4,"wt":0}},{"type":"Feature","geometry":{"type":"LineString","coordinates":[[-97.7375857,30.2817122],[-97.7373166,30.2816895],[-97.7363644,30.2816189],[-97.735909,30.2815797],[-97.7357691,30.2815682],[-97.7356721,30.2815722],[-97.7355977,30.2815918],[-97.7355232,30.2816194],[-97.7355031,30.2816305],[-97.7354554,30.2816568],[-97.7353932,30.2817024],[-97.7353621,30.2817366],[-97.7353537,30.281752],[-97.7353659,30.2817992],[-97.7353829,30.2818472],[-97.7353859,30.2818655],[-97.7353857,30.2819098],[-97.7353763,30.28211],[-97.7353461,30.2823833],[-97.7353169,30.2826827],[-97.7353207,30.2827404],[-97.7353405,30.2827844],[-97.7353861,30.2828258],[-97.7354321,30.2828483],[-97.7354706,30.2828617],[-97.735568,30.282869]]},"properties":{"k":"path","u":"footway","s":"concrete","w":2.4,"wt":0}},{"type":"Feature","geometry":{"type":"LineString","coordinates":[[-97.7484815,30.2761634],[-97.7492529,30.2763667],[-97.7497855,30.2765071],[-97.7498021,30.276515],[-97.7498089,30.2765404]]},"properties":{"k":"path","u":"footway","s":"paving","w":2.4,"wt":0}},{"type":"Feature","geometry":{"type":"LineString","coordinates":[[-97.7498089,30.2765404],[-97.7498149,30.2765625],[-97.7498157,30.276565],[-97.7499067,30.2768434],[-97.7499144,30.2768668]]},"properties":{"k":"path","u":"footway","s":"paving","w":2.4,"wt":0}},{"type":"Feature","geometry":{"type":"LineString","coordinates":[[-97.747795,30.2775689],[-97.7478008,30.2775544],[-97.747837,30.2774631],[-97.7478664,30.2773902]]},"properties":{"k":"path","u":"footway","s":"paving","w":2.4,"wt":0}},{"type":"Feature","geometry":{"type":"LineString","coordinates":[[-97.7480966,30.2761271],[-97.7477016,30.2760088],[-97.7476853,30.2760039],[-97.7475995,30.2759535],[-97.7475216,30.2759341],[-97.7474502,30.2759163]]},"properties":{"k":"path","u":"footway","s":"paving","w":2.4,"wt":0}},{"type":"Feature","geometry":{"type":"LineString","coordinates":[[-97.7474502,30.2759163],[-97.7474255,30.2759305],[-97.7474159,30.2759622],[-97.7474073,30.2759853],[-97.7473794,30.2760606],[-97.7473436,30.2761538],[-97.7472499,30.2764057],[-97.7471669,30.2766291],[-97.7470806,30.276861],[-97.7470772,30.2768703],[-97.7470112,30.2770486],[-97.7469863,30.2771158],[-97.7469512,30.2772109],[-97.7469174,30.2773031],[-97.7469047,30.2773376]]},"properties":{"k":"path","u":"footway","s":"paving","w":2.4,"wt":0}},{"type":"Feature","geometry":{"type":"LineString","coordinates":[[-97.7468675,30.2774396],[-97.7467294,30.2778126],[-97.7467196,30.2778406]]},"properties":{"k":"path","u":"footway","s":"paving","w":2.4,"wt":0}},{"type":"Feature","geometry":{"type":"LineString","coordinates":[[-97.7466794,30.277798],[-97.7467294,30.2778126],[-97.7476129,30.2780684],[-97.7476213,30.2780705]]},"properties":{"k":"path","u":"footway","s":"paving","w":2.4,"wt":0}},{"type":"Feature","geometry":{"type":"LineString","coordinates":[[-97.7476213,30.2780705],[-97.7477539,30.2777088],[-97.7477515,30.2776997]]},"properties":{"k":"path","u":"footway","s":"paving","w":2.4,"wt":0}},{"type":"Feature","geometry":{"type":"LineString","coordinates":[[-97.7477515,30.2776997],[-97.7477365,30.2776884],[-97.7468675,30.2774396]]},"properties":{"k":"path","u":"footway","s":"paving","w":2.4,"wt":0}},{"type":"Feature","geometry":{"type":"LineString","coordinates":[[-97.746443,30.277936],[-97.7463097,30.2782876],[-97.746308,30.2782921],[-97.7462807,30.278374],[-97.7462745,30.2783926],[-97.7461623,30.2786843]]},"properties":{"k":"path","u":"footway","s":"paving","w":2.4,"wt":0}},{"type":"Feature","geometry":{"type":"LineString","coordinates":[[-97.7454202,30.2781228],[-97.7454404,30.2780624],[-97.7454502,30.2780386],[-97.7455002,30.277908],[-97.7455126,30.2778743],[-97.7455813,30.2776865]]},"properties":{"k":"path","u":"footway","s":"concrete","w":2.4,"wt":0}},{"type":"Feature","geometry":{"type":"LineString","coordinates":[[-97.7461623,30.2786843],[-97.7458414,30.2785939],[-97.7453038,30.2784425]]},"properties":{"k":"path","u":"footway","s":"concrete","w":2.4,"wt":0}},{"type":"Feature","geometry":{"type":"LineString","coordinates":[[-97.7453038,30.2784425],[-97.7453059,30.278436],[-97.7453751,30.2782581]]},"properties":{"k":"path","u":"footway","s":"concrete","w":2.4,"wt":0}},{"type":"Feature","geometry":{"type":"LineString","coordinates":[[-97.7455813,30.2776865],[-97.7458489,30.2777637],[-97.746443,30.277936]]},"properties":{"k":"path","u":"footway","s":"paving","w":2.4,"wt":0}},{"type":"Feature","geometry":{"type":"LineString","coordinates":[[-97.7465134,30.2777486],[-97.7466414,30.2774049],[-97.7466521,30.2773774],[-97.7466623,30.2773508],[-97.7467959,30.2769891]]},"properties":{"k":"path","u":"footway","s":"paving","w":2.4,"wt":0}},{"type":"Feature","geometry":{"type":"LineString","coordinates":[[-97.7459364,30.2767428],[-97.7457946,30.277117],[-97.7456573,30.2775012]]},"properties":{"k":"path","u":"footway","s":"paving","w":2.4,"wt":0}},{"type":"Feature","geometry":{"type":"LineString","coordinates":[[-97.7467959,30.2769891],[-97.7459364,30.2767428]]},"properties":{"k":"path","u":"footway","s":"paving","w":2.4,"wt":0}},{"type":"Feature","geometry":{"type":"LineString","coordinates":[[-97.7456573,30.2775012],[-97.7462732,30.2776781],[-97.7465134,30.2777486]]},"properties":{"k":"path","u":"footway","s":"paving","w":2.4,"wt":0}},{"type":"Feature","geometry":{"type":"LineString","coordinates":[[-97.7468648,30.2768004],[-97.7460049,30.2765609]]},"properties":{"k":"path","u":"footway","s":"paving","w":2.4,"wt":0}},{"type":"Feature","geometry":{"type":"LineString","coordinates":[[-97.7472185,30.2758407],[-97.7472167,30.2758468],[-97.7471864,30.2759257],[-97.7471773,30.2759512],[-97.7471395,30.2760611],[-97.7471144,30.2761359],[-97.7470525,30.2763006],[-97.7470352,30.2763501],[-97.7470292,30.2763656],[-97.7469206,30.2766542],[-97.7469044,30.2766971],[-97.7468648,30.2768004]]},"properties":{"k":"path","u":"footway","s":"paving","w":2.4,"wt":0}},{"type":"Feature","geometry":{"type":"LineString","coordinates":[[-97.7460049,30.2765609],[-97.7461069,30.276287],[-97.7461709,30.2761131],[-97.7461739,30.276098],[-97.7461811,30.2760625],[-97.7461891,30.2760371],[-97.746239,30.2759038],[-97.7462633,30.2758453]]},"properties":{"k":"path","u":"footway","s":"concrete","w":2.4,"wt":0}},{"type":"Feature","geometry":{"type":"LineString","coordinates":[[-97.7449202,30.2762634],[-97.7457877,30.2765054],[-97.7458178,30.2765138]]},"properties":{"k":"path","u":"footway","s":"paving","w":2.4,"wt":0}},{"type":"Feature","geometry":{"type":"LineString","coordinates":[[-97.7458178,30.2765138],[-97.7458446,30.2764395],[-97.7458684,30.276372],[-97.7459782,30.2760674],[-97.7459846,30.2760443],[-97.7460359,30.2758615],[-97.7460393,30.2758493],[-97.7461499,30.2755675],[-97.7461603,30.275541]]},"properties":{"k":"path","u":"footway","s":"paving","w":2.4,"wt":0}},{"type":"Feature","geometry":{"type":"LineString","coordinates":[[-97.745715,30.2766797],[-97.7448231,30.2764263]]},"properties":{"k":"path","u":"footway","s":"paving","w":2.4,"wt":0}},{"type":"Feature","geometry":{"type":"LineString","coordinates":[[-97.7445442,30.2771795],[-97.7454421,30.2774392]]},"properties":{"k":"path","u":"footway","s":"paving","w":2.4,"wt":0}},{"type":"Feature","geometry":{"type":"LineString","coordinates":[[-97.7448395,30.276382],[-97.7448231,30.2764263],[-97.7446881,30.2767858],[-97.7445442,30.2771795]]},"properties":{"k":"path","u":"footway","s":"paving","w":2.4,"wt":0}},{"type":"Feature","geometry":{"type":"LineString","coordinates":[[-97.7454421,30.2774392],[-97.7455735,30.2770503],[-97.7456354,30.2768857],[-97.7456412,30.2768752],[-97.7456511,30.2768684],[-97.7456588,30.2768619],[-97.74566,30.2768525],[-97.7456538,30.2768347],[-97.7456619,30.2768164],[-97.7456658,30.2768059],[-97.7456682,30.2767997],[-97.7456841,30.2767595],[-97.745715,30.2766797]]},"properties":{"k":"path","u":"footway","s":"paving","w":2.4,"wt":0}},{"type":"Feature","geometry":{"type":"LineString","coordinates":[[-97.7453755,30.2776248],[-97.7453274,30.2777642],[-97.7453336,30.2777768],[-97.7453356,30.2777903],[-97.7453323,30.2778036],[-97.7453247,30.2778156],[-97.7453134,30.2778248],[-97.7452992,30.2778308],[-97.7452372,30.2780076],[-97.7450964,30.2783755]]},"properties":{"k":"path","u":"footway","s":"paving","w":2.4,"wt":0}},{"type":"Feature","geometry":{"type":"LineString","coordinates":[[-97.74423,30.2781258],[-97.7443654,30.2777585],[-97.7444967,30.2773743]]},"properties":{"k":"path","u":"footway","s":"paving","w":2.4,"wt":0}},{"type":"Feature","geometry":{"type":"LineString","coordinates":[[-97.7444967,30.2773743],[-97.7453755,30.2776248]]},"properties":{"k":"path","u":"footway","s":"paving","w":2.4,"wt":0}},{"type":"Feature","geometry":{"type":"LineString","coordinates":[[-97.7450964,30.2783755],[-97.744676,30.2782544],[-97.74423,30.2781258]]},"properties":{"k":"path","u":"footway","s":"concrete","w":2.4,"wt":0}},{"type":"Feature","geometry":{"type":"LineString","coordinates":[[-97.7460648,30.2789335],[-97.7460584,30.2789275],[-97.7460545,30.2789239],[-97.7452173,30.2786759]]},"properties":{"k":"path","u":"footway","s":"concrete","w":2.4,"wt":0}},{"type":"Feature","geometry":{"type":"LineString","coordinates":[[-97.7449661,30.279436],[-97.7451552,30.2794886],[-97.7451841,30.2794966],[-97.7457142,30.2796433],[-97.7457999,30.279667]]},"properties":{"k":"path","u":"footway","s":"paving","w":2.4,"wt":0}},{"type":"Feature","geometry":{"type":"LineString","coordinates":[[-97.7452173,30.2786759],[-97.745164,30.278816],[-97.7451502,30.2788512],[-97.7449335,30.2794284],[-97.7449661,30.279436]]},"properties":{"k":"path","u":"footway","s":"paving","w":2.4,"wt":0}},{"type":"Feature","geometry":{"type":"LineString","coordinates":[[-97.7457999,30.279667],[-97.7460648,30.2789335]]},"properties":{"k":"path","u":"footway","s":"paving","w":2.4,"wt":0}},{"type":"Feature","geometry":{"type":"LineString","coordinates":[[-97.7467322,30.2809123],[-97.7476124,30.2811775],[-97.7478965,30.2812571]]},"properties":{"k":"path","u":"footway","s":"paving","w":2.4,"wt":0}},{"type":"Feature","geometry":{"type":"LineString","coordinates":[[-97.7481843,30.2804974],[-97.7475217,30.2803145],[-97.7470136,30.2801687]]},"properties":{"k":"path","u":"footway","s":"paving","w":2.4,"wt":0}},{"type":"Feature","geometry":{"type":"LineString","coordinates":[[-97.7470136,30.2801687],[-97.7469206,30.2804189],[-97.7469036,30.2804587],[-97.7468913,30.2804874],[-97.7467322,30.2809123]]},"properties":{"k":"path","u":"footway","s":"paving","w":2.4,"wt":0}},{"type":"Feature","geometry":{"type":"LineString","coordinates":[[-97.7478889,30.2812771],[-97.7478965,30.2812571],[-97.7481843,30.2804974],[-97.7481954,30.2804697]]},"properties":{"k":"path","u":"footway","s":"paving","w":2.4,"wt":0}},{"type":"Feature","geometry":{"type":"LineString","coordinates":[[-97.748295,30.2804997],[-97.7479967,30.2812893],[-97.7479905,30.2813058]]},"properties":{"k":"path","u":"footway","s":"paving","w":2.4,"wt":0}},{"type":"Feature","geometry":{"type":"LineString","coordinates":[[-97.7457513,30.2798017],[-97.7448887,30.2795595]]},"properties":{"k":"path","u":"footway","s":"paving","w":2.4,"wt":0}},{"type":"Feature","geometry":{"type":"LineString","coordinates":[[-97.7446145,30.2802996],[-97.7448029,30.2803523],[-97.7448626,30.2803696],[-97.7451053,30.280442],[-97.7451547,30.2804577],[-97.745171,30.2804629],[-97.7454735,30.2805463]]},"properties":{"k":"path","u":"footway","s":"paving","w":2.4,"wt":0}},{"type":"Feature","geometry":{"type":"LineString","coordinates":[[-97.7448887,30.2795595],[-97.744743,30.2799528],[-97.7446145,30.2802996]]},"properties":{"k":"path","u":"footway","s":"paving","w":2.4,"wt":0}},{"type":"Feature","geometry":{"type":"LineString","coordinates":[[-97.7454735,30.2805463],[-97.7457513,30.2798017]]},"properties":{"k":"path","u":"footway","s":"paving","w":2.4,"wt":0}},{"type":"Feature","geometry":{"type":"LineString","coordinates":[[-97.7451409,30.2814304],[-97.7452668,30.2810807],[-97.7452849,30.2810422],[-97.7452893,30.2810327],[-97.7453664,30.280827],[-97.7453994,30.280837],[-97.7454469,30.2807134],[-97.7454446,30.2807006]]},"properties":{"k":"path","u":"footway","s":"paving","w":2.4,"wt":0}},{"type":"Feature","geometry":{"type":"LineString","coordinates":[[-97.7454446,30.2807006],[-97.7454364,30.2806899],[-97.7445513,30.2804409],[-97.7444271,30.2807916],[-97.7444124,30.2808045],[-97.7443796,30.2808331],[-97.744261,30.2811654],[-97.7442663,30.2811792]]},"properties":{"k":"path","u":"footway","s":"paving","w":2.4,"wt":0}},{"type":"Feature","geometry":{"type":"LineString","coordinates":[[-97.7442663,30.2811792],[-97.7448039,30.2813361],[-97.744864,30.2813534],[-97.7449771,30.2813858],[-97.7450856,30.2814156],[-97.7451409,30.2814304]]},"properties":{"k":"path","u":"footway","s":"paving","w":2.4,"wt":0}},{"type":"Feature","geometry":{"type":"LineString","coordinates":[[-97.7450904,30.2815661],[-97.7450664,30.2815596],[-97.7448848,30.2815102],[-97.7447949,30.2814845],[-97.7447844,30.2814819],[-97.7447383,30.2814598],[-97.7446786,30.2814436],[-97.7445428,30.2814068],[-97.7442105,30.2812966]]},"properties":{"k":"path","u":"footway","s":"paving","w":2.4,"wt":0}},{"type":"Feature","geometry":{"type":"LineString","coordinates":[[-97.7447692,30.2824245],[-97.7449168,30.2820207],[-97.7449267,30.2819906],[-97.744935,30.2819704],[-97.7450674,30.2816261],[-97.7450904,30.2815661]]},"properties":{"k":"path","u":"footway","s":"paving","w":2.4,"wt":0}},{"type":"Feature","geometry":{"type":"LineString","coordinates":[[-97.7442105,30.2812966],[-97.7441733,30.2814053],[-97.7440351,30.2817285],[-97.7439993,30.2818121],[-97.7440285,30.2818307],[-97.7440396,30.2818454],[-97.7440209,30.2818973],[-97.7440043,30.2819438],[-97.743917,30.2821806]]},"properties":{"k":"path","u":"footway","s":"paving","w":2.4,"wt":0}},{"type":"Feature","geometry":{"type":"LineString","coordinates":[[-97.743917,30.2821806],[-97.7440665,30.282229],[-97.7441238,30.2822463],[-97.7441447,30.2822526],[-97.7441686,30.2822612],[-97.7447692,30.2824245]]},"properties":{"k":"path","u":"footway","s":"paving","w":2.4,"wt":0}},{"type":"Feature","geometry":{"type":"LineString","coordinates":[[-97.7440254,30.2812554],[-97.7439831,30.2812429],[-97.7431357,30.2810103],[-97.7431219,30.2810056]]},"properties":{"k":"path","u":"footway","s":"paving","w":2.4,"wt":0}},{"type":"Feature","geometry":{"type":"LineString","coordinates":[[-97.7428566,30.281846],[-97.7428332,30.2818565]]},"properties":{"k":"path","u":"footway","s":"paving","w":2.4,"wt":0}},{"type":"Feature","geometry":{"type":"LineString","coordinates":[[-97.7431219,30.2810056],[-97.7429912,30.2813828],[-97.7429895,30.2814293],[-97.7429885,30.2814361],[-97.7429678,30.2815208],[-97.7429513,30.2815677],[-97.7429398,30.2816004],[-97.7428566,30.281846]]},"properties":{"k":"path","u":"footway","s":"paving","w":2.4,"wt":0}},{"type":"Feature","geometry":{"type":"LineString","coordinates":[[-97.7437008,30.2821175],[-97.7438572,30.2816945],[-97.7438638,30.2816789],[-97.7438783,30.2816378],[-97.7439176,30.2815326],[-97.7439516,30.2814451],[-97.7440254,30.2812554]]},"properties":{"k":"path","u":"footway","s":"paving","w":2.4,"wt":0}},{"type":"Feature","geometry":{"type":"LineString","coordinates":[[-97.744369,30.2803878],[-97.7443534,30.2803828],[-97.7440438,30.2802915],[-97.7438859,30.280248],[-97.7438255,30.2802307],[-97.7437766,30.2802169],[-97.7434861,30.280133]]},"properties":{"k":"path","u":"footway","s":"paving","w":2.4,"wt":0}},{"type":"Feature","geometry":{"type":"LineString","coordinates":[[-97.7432091,30.2808823],[-97.7433493,30.280923]]},"properties":{"k":"path","u":"footway","s":"paving","w":2.4,"wt":0}},{"type":"Feature","geometry":{"type":"LineString","coordinates":[[-97.7434861,30.280133],[-97.743345,30.2805081],[-97.7432091,30.2808823]]},"properties":{"k":"path","u":"footway","s":"paving","w":2.4,"wt":0}},{"type":"Feature","geometry":{"type":"LineString","coordinates":[[-97.7444041,30.2802399],[-97.7440424,30.280137],[-97.7439576,30.2801163],[-97.743934,30.2801124],[-97.7435308,30.2799979]]},"properties":{"k":"path","u":"footway","s":"paving","w":2.4,"wt":0}},{"type":"Feature","geometry":{"type":"LineString","coordinates":[[-97.7438144,30.2792532],[-97.7442297,30.2793747],[-97.7446825,30.2794953]]},"properties":{"k":"path","u":"footway","s":"paving","w":2.4,"wt":0}},{"type":"Feature","geometry":{"type":"LineString","coordinates":[[-97.7435308,30.2799979],[-97.7438144,30.2792532]]},"properties":{"k":"path","u":"footway","s":"paving","w":2.4,"wt":0}},{"type":"Feature","geometry":{"type":"LineString","coordinates":[[-97.7446825,30.2794953],[-97.7444041,30.2802399]]},"properties":{"k":"path","u":"footway","s":"paving","w":2.4,"wt":0}},{"type":"Feature","geometry":{"type":"LineString","coordinates":[[-97.7450002,30.278609],[-97.7446105,30.2784959],[-97.7445686,30.2784872],[-97.744545,30.2784819],[-97.7441397,30.2783721]]},"properties":{"k":"path","u":"footway","s":"paving","w":2.4,"wt":0}},{"type":"Feature","geometry":{"type":"LineString","coordinates":[[-97.7438615,30.2791169],[-97.7442836,30.2792355],[-97.7443229,30.2792424],[-97.7447343,30.2793597]]},"properties":{"k":"path","u":"footway","s":"paving","w":2.4,"wt":0}},{"type":"Feature","geometry":{"type":"LineString","coordinates":[[-97.7441397,30.2783721],[-97.7441107,30.2784442],[-97.7440957,30.2784802],[-97.7440922,30.2784885],[-97.7439878,30.2787762],[-97.7439809,30.2787917],[-97.7439712,30.2788135],[-97.7438615,30.2791169]]},"properties":{"k":"path","u":"footway","s":"paving","w":2.4,"wt":0}},{"type":"Feature","geometry":{"type":"LineString","coordinates":[[-97.7447343,30.2793597],[-97.7448656,30.2789906],[-97.7449523,30.2788345],[-97.7450141,30.2786478],[-97.745016,30.2786298],[-97.7450112,30.2786186],[-97.7450002,30.278609]]},"properties":{"k":"path","u":"footway","s":"paving","w":2.4,"wt":0}},{"type":"Feature","geometry":{"type":"LineString","coordinates":[[-97.7436257,30.2791881],[-97.742714,30.2789336]]},"properties":{"k":"path","u":"footway","s":"paving","w":2.4,"wt":0}},{"type":"Feature","geometry":{"type":"LineString","coordinates":[[-97.7424355,30.2796829],[-97.7433677,30.2799395]]},"properties":{"k":"path","u":"footway","s":"paving","w":2.4,"wt":0}},{"type":"Feature","geometry":{"type":"LineString","coordinates":[[-97.7433677,30.2799395],[-97.7435001,30.2795666],[-97.7435298,30.2794897],[-97.743633,30.2791992],[-97.7436257,30.2791881]]},"properties":{"k":"path","u":"footway","s":"paving","w":2.4,"wt":0}},{"type":"Feature","geometry":{"type":"LineString","coordinates":[[-97.7427322,30.2789039],[-97.742714,30.2789336],[-97.7424355,30.2796829]]},"properties":{"k":"path","u":"footway","s":"paving","w":2.4,"wt":0}},{"type":"Feature","geometry":{"type":"LineString","coordinates":[[-97.7427908,30.2788086],[-97.7427904,30.2787926],[-97.7429107,30.2784732],[-97.7429272,30.2784405],[-97.7429425,30.2784064],[-97.7430518,30.278088]]},"properties":{"k":"path","u":"footway","s":"paving","w":2.4,"wt":0}},{"type":"Feature","geometry":{"type":"LineString","coordinates":[[-97.7439477,30.2783009],[-97.7439479,30.2783118],[-97.7438968,30.2784546],[-97.7438122,30.2786928],[-97.7436671,30.2790592]]},"properties":{"k":"path","u":"footway","s":"paving","w":2.4,"wt":0}},{"type":"Feature","geometry":{"type":"LineString","coordinates":[[-97.7436671,30.2790592],[-97.7428023,30.2788122],[-97.7427908,30.2788086]]},"properties":{"k":"path","u":"footway","s":"paving","w":2.4,"wt":0}},{"type":"Feature","geometry":{"type":"LineString","coordinates":[[-97.7430518,30.278088],[-97.743074,30.2780823],[-97.7430988,30.2780759],[-97.7432642,30.2781198],[-97.7432934,30.2781391],[-97.7435316,30.278202],[-97.743565,30.2781997],[-97.7436139,30.2782125],[-97.7436477,30.2782216],[-97.7438019,30.2782629],[-97.7439329,30.278298],[-97.7439477,30.2783009]]},"properties":{"k":"path","u":"footway","s":"concrete","w":2.4,"wt":0}},{"type":"Feature","geometry":{"type":"LineString","coordinates":[[-97.7440262,30.2780662],[-97.7431711,30.277832],[-97.7431518,30.2778147],[-97.7431443,30.2778036]]},"properties":{"k":"path","u":"footway","s":"concrete","w":2.4,"wt":0}},{"type":"Feature","geometry":{"type":"LineString","coordinates":[[-97.7434327,30.2770685],[-97.7439465,30.2772182],[-97.7443023,30.2773194]]},"properties":{"k":"path","u":"footway","s":"paving","w":2.4,"wt":0}},{"type":"Feature","geometry":{"type":"LineString","coordinates":[[-97.7431443,30.2778036],[-97.7432758,30.2774651],[-97.7432868,30.2774419],[-97.7434327,30.2770685]]},"properties":{"k":"path","u":"footway","s":"paving","w":2.4,"wt":0}},{"type":"Feature","geometry":{"type":"LineString","coordinates":[[-97.7443023,30.2773194],[-97.7441547,30.2776974],[-97.7440262,30.2780662]]},"properties":{"k":"path","u":"footway","s":"paving","w":2.4,"wt":0}},{"type":"Feature","geometry":{"type":"LineString","coordinates":[[-97.7437734,30.2761417],[-97.7437996,30.2761345],[-97.7443028,30.2762779],[-97.7443917,30.2762892],[-97.7446468,30.2763615],[-97.7446574,30.2763789]]},"properties":{"k":"path","u":"footway","s":"paving","w":2.4,"wt":0}},{"type":"Feature","geometry":{"type":"LineString","coordinates":[[-97.7443736,30.2771329],[-97.7438073,30.2769696],[-97.7435063,30.2768843]]},"properties":{"k":"path","u":"footway","s":"paving","w":2.4,"wt":0}},{"type":"Feature","geometry":{"type":"LineString","coordinates":[[-97.7446574,30.2763789],[-97.7445214,30.2767364],[-97.7445204,30.2767392],[-97.7443736,30.2771329]]},"properties":{"k":"path","u":"footway","s":"paving","w":2.4,"wt":0}},{"type":"Feature","geometry":{"type":"LineString","coordinates":[[-97.743652,30.2764798],[-97.7437734,30.2761417]]},"properties":{"k":"path","u":"footway","s":"concrete","w":2.4,"wt":0}},{"type":"Feature","geometry":{"type":"LineString","coordinates":[[-97.7446982,30.2762349],[-97.7447069,30.2762071],[-97.7438515,30.2759666]]},"properties":{"k":"path","u":"footway","s":"paving","w":2.4,"wt":0}},{"type":"Feature","geometry":{"type":"LineString","coordinates":[[-97.7426259,30.2818095],[-97.7425505,30.2817866],[-97.742532,30.2817823],[-97.7424887,30.2817721],[-97.7423356,30.2817286],[-97.7422933,30.2817168],[-97.7422619,30.281708],[-97.7421813,30.2816851],[-97.742121,30.2816684],[-97.7420709,30.2816546],[-97.7420063,30.2816377],[-97.7419664,30.2816202]]},"properties":{"k":"path","u":"footway","s":"paving","w":2.4,"wt":0}},{"type":"Feature","geometry":{"type":"LineString","coordinates":[[-97.7420829,30.2807101],[-97.7422328,30.2807493],[-97.7422869,30.2807611],[-97.7425226,30.28083],[-97.7425661,30.280843],[-97.7426683,30.280874],[-97.7427113,30.2808863],[-97.7428115,30.2809177],[-97.7428408,30.2809249],[-97.742857,30.2809288],[-97.7429797,30.2809632]]},"properties":{"k":"path","u":"footway","s":"paving","w":2.4,"wt":0}},{"type":"Feature","geometry":{"type":"LineString","coordinates":[[-97.7429797,30.2809632],[-97.7428212,30.281389],[-97.742808,30.2814054],[-97.7427801,30.2814419],[-97.7427468,30.2814855],[-97.7426386,30.2817702],[-97.7426321,30.2817884],[-97.7426274,30.2818043],[-97.7426259,30.2818095]]},"properties":{"k":"path","u":"footway","s":"paving","w":2.4,"wt":0}},{"type":"Feature","geometry":{"type":"LineString","coordinates":[[-97.7419664,30.2816202],[-97.7419348,30.2815691],[-97.7419112,30.281518],[-97.741891,30.2814587],[-97.7418833,30.2814168],[-97.7418765,30.2813801],[-97.7418696,30.2813545],[-97.7418648,30.281326],[-97.741864,30.2812975],[-97.7418677,30.2812631],[-97.7418699,30.2812574],[-97.7419132,30.281163],[-97.7419263,30.2811284],[-97.7419356,30.281104],[-97.7419474,30.2810731],[-97.741965,30.2810266],[-97.7419741,30.281001],[-97.7420829,30.2807101]]},"properties":{"k":"path","u":"footway","s":"paving","w":2.4,"wt":0}},{"type":"Feature","geometry":{"type":"LineString","coordinates":[[-97.7417467,30.2815646],[-97.7415529,30.2815086]]},"properties":{"k":"path","u":"footway","s":"paving","w":2.4,"wt":0}},{"type":"Feature","geometry":{"type":"LineString","coordinates":[[-97.7514571,30.2837058],[-97.7516451,30.2836848],[-97.7516715,30.2836798],[-97.7516901,30.2836743],[-97.7517077,30.2836672],[-97.7517245,30.2836584],[-97.7517405,30.2836477],[-97.7517543,30.2836363],[-97.751767,30.2836238],[-97.7517875,30.2835951],[-97.7518012,30.283563],[-97.7518051,30.2835266],[-97.7518048,30.2835018],[-97.7517935,30.283463],[-97.7517309,30.2833793],[-97.7516215,30.2832532],[-97.7516029,30.2832501],[-97.7515838,30.2832459],[-97.7515657,30.2832379],[-97.7514046,30.2830521],[-97.7514011,30.2830305],[-97.7513342,30.2829679],[-97.7513076,30.282943],[-97.7512625,30.2828981],[-97.7512529,30.2828886],[-97.7512418,30.2828776],[-97.7511922,30.2828201]]},"properties":{"k":"path","u":"footway","s":"paving","w":2.4,"wt":0}},{"type":"Feature","geometry":{"type":"LineString","coordinates":[[-97.7474342,30.2790424],[-97.7475394,30.2787697],[-97.7480458,30.2774473]]},"properties":{"k":"path","u":"footway","s":"concrete","w":2.4,"wt":0}},{"type":"Feature","geometry":{"type":"LineString","coordinates":[[-97.750907,30.2778124],[-97.750913,30.2777047],[-97.7510048,30.2774803],[-97.7510172,30.27745],[-97.7511026,30.2772952],[-97.7512382,30.2769878],[-97.7512422,30.2769536]]},"properties":{"k":"path","u":"footway","s":"paving","w":2.4,"wt":0}},{"type":"Feature","geometry":{"type":"LineString","coordinates":[[-97.7512422,30.2769536],[-97.7512349,30.2769316],[-97.7512322,30.2769235],[-97.7512269,30.2769174],[-97.7512053,30.2768923],[-97.7511866,30.276883],[-97.7511624,30.2768789],[-97.7507834,30.2767629],[-97.7506023,30.2767155],[-97.7502963,30.2766247]]},"properties":{"k":"path","u":"footway","s":"paving","w":2.4,"wt":0}},{"type":"Feature","geometry":{"type":"LineString","coordinates":[[-97.7507449,30.2800813],[-97.7507436,30.2800022],[-97.7507561,30.2798762],[-97.7507828,30.2796917],[-97.7508114,30.2793815],[-97.7508468,30.2786517],[-97.7508468,30.2786084],[-97.750835,30.2785549],[-97.7508408,30.2785235]]},"properties":{"k":"path","u":"footway","s":"paving","w":2.4,"wt":0}},{"type":"Feature","geometry":{"type":"LineString","coordinates":[[-97.7512983,30.2774171],[-97.7512857,30.2773859],[-97.7512799,30.2773718],[-97.7512851,30.2773577],[-97.7514675,30.2769558]]},"properties":{"k":"path","u":"footway","s":"concrete","w":2.4,"wt":0}},{"type":"Feature","geometry":{"type":"LineString","coordinates":[[-97.7518571,30.2799986],[-97.7522338,30.2800317],[-97.7523546,30.2800383],[-97.7524514,30.2800376],[-97.7525013,30.280037],[-97.7526451,30.2800291],[-97.7526895,30.2800243],[-97.7527654,30.2800199],[-97.7528263,30.280018],[-97.7529375,30.2800183],[-97.7530033,30.2800235],[-97.7530308,30.2800223]]},"properties":{"k":"path","u":"footway","s":"concrete","w":2.4,"wt":0}},{"type":"Feature","geometry":{"type":"LineString","coordinates":[[-97.7504624,30.2797599],[-97.7503076,30.2804276]]},"properties":{"k":"path","u":"footway","s":"concrete","w":2.4,"wt":0}},{"type":"Feature","geometry":{"type":"LineString","coordinates":[[-97.7482287,30.2803705],[-97.7470688,30.2800439]]},"properties":{"k":"path","u":"footway","s":"paving","w":2.4,"wt":0}},{"type":"Feature","geometry":{"type":"LineString","coordinates":[[-97.7473695,30.2793042],[-97.7491702,30.2797883],[-97.7492537,30.2798122],[-97.7493304,30.2798347],[-97.7493904,30.2798568],[-97.7495987,30.2799578],[-97.7496723,30.2800002],[-97.7497777,30.2800736],[-97.749867,30.280152],[-97.7499218,30.2802088],[-97.7499651,30.2802584],[-97.7500027,30.2803148],[-97.7500314,30.2803702],[-97.7500523,30.2804238],[-97.7500622,30.2804707],[-97.7500653,30.2804915]]},"properties":{"k":"path","u":"footway","s":"concrete","w":2.4,"wt":0}},{"type":"Feature","geometry":{"type":"LineString","coordinates":[[-97.7470688,30.2800439],[-97.7473481,30.2793006],[-97.7473695,30.2793042]]},"properties":{"k":"path","u":"footway","s":"concrete","w":2.4,"wt":0}},{"type":"Feature","geometry":{"type":"LineString","coordinates":[[-97.7344351,30.2795108],[-97.7344337,30.2795144]]},"properties":{"k":"path","u":"footway","s":"paving","w":2.4,"wt":0}},{"type":"Feature","geometry":{"type":"LineString","coordinates":[[-97.7343745,30.2796804],[-97.7343689,30.279695],[-97.7344289,30.279712]]},"properties":{"k":"path","u":"footway","s":"paving","w":2.4,"wt":0}},{"type":"Feature","geometry":{"type":"LineString","coordinates":[[-97.7344791,30.2794987],[-97.7344728,30.2794974]]},"properties":{"k":"path","u":"footway","s":"paving","w":2.4,"wt":0}},{"type":"Feature","geometry":{"type":"LineString","coordinates":[[-97.7345966,30.2797601],[-97.7346153,30.2797648],[-97.7346224,30.2797452]]},"properties":{"k":"path","u":"footway","s":"paving","w":2.4,"wt":0}},{"type":"Feature","geometry":{"type":"LineString","coordinates":[[-97.7369602,30.2802044],[-97.7369186,30.2801944]]},"properties":{"k":"path","u":"footway","s":"concrete","w":2.4,"wt":0}},{"type":"Feature","geometry":{"type":"LineString","coordinates":[[-97.7369856,30.2802202],[-97.7369915,30.2802132]]},"properties":{"k":"path","u":"footway","s":"concrete","w":2.4,"wt":0}},{"type":"Feature","geometry":{"type":"LineString","coordinates":[[-97.7380706,30.2805068],[-97.7382655,30.2805618],[-97.7382816,30.2805663]]},"properties":{"k":"path","u":"footway","s":"concrete","w":2.4,"wt":0}},{"type":"Feature","geometry":{"type":"LineString","coordinates":[[-97.7382575,30.2805849],[-97.7382655,30.2805618]]},"properties":{"k":"path","u":"footway","s":"concrete","w":2.4,"wt":0}},{"type":"Feature","geometry":{"type":"LineString","coordinates":[[-97.7394574,30.280892],[-97.7393901,30.2808758]]},"properties":{"k":"path","u":"footway","s":"concrete","w":2.4,"wt":0}},{"type":"Feature","geometry":{"type":"LineString","coordinates":[[-97.73958,30.2809341],[-97.7395904,30.2809373],[-97.7395963,30.2809424],[-97.7395991,30.2809487],[-97.7395989,30.2809552],[-97.7395964,30.2809618]]},"properties":{"k":"path","u":"footway","s":"concrete","w":2.4,"wt":0}},{"type":"Feature","geometry":{"type":"LineString","coordinates":[[-97.7426504,30.281812],[-97.7426274,30.2818043]]},"properties":{"k":"path","u":"footway","s":"concrete","w":2.4,"wt":0}},{"type":"Feature","geometry":{"type":"LineString","coordinates":[[-97.7436945,30.2821409],[-97.7437008,30.2821175]]},"properties":{"k":"path","u":"footway","s":"concrete","w":2.4,"wt":0}},{"type":"Feature","geometry":{"type":"LineString","coordinates":[[-97.7437296,30.2821327],[-97.7437008,30.2821175]]},"properties":{"k":"path","u":"footway","s":"concrete","w":2.4,"wt":0}},{"type":"Feature","geometry":{"type":"LineString","coordinates":[[-97.7448112,30.2824402],[-97.7447692,30.2824245]]},"properties":{"k":"path","u":"footway","s":"paving","w":2.4,"wt":0}},{"type":"Feature","geometry":{"type":"LineString","coordinates":[[-97.7460149,30.2827851],[-97.7460274,30.2827942]]},"properties":{"k":"path","u":"footway","s":"concrete","w":2.4,"wt":0}},{"type":"Feature","geometry":{"type":"LineString","coordinates":[[-97.7460274,30.2827942],[-97.7460398,30.28281]]},"properties":{"k":"path","u":"footway","s":"concrete","w":2.4,"wt":0}},{"type":"Feature","geometry":{"type":"LineString","coordinates":[[-97.7472892,30.2831774],[-97.747293,30.2831776]]},"properties":{"k":"path","u":"footway","s":"concrete","w":2.4,"wt":0}},{"type":"Feature","geometry":{"type":"LineString","coordinates":[[-97.7483266,30.2834712],[-97.7483277,30.2834625]]},"properties":{"k":"path","u":"footway","s":"concrete","w":2.4,"wt":0}},{"type":"Feature","geometry":{"type":"LineString","coordinates":[[-97.7495017,30.2837765],[-97.7494615,30.2837631]]},"properties":{"k":"path","u":"footway","s":"concrete","w":2.4,"wt":0}},{"type":"Feature","geometry":{"type":"LineString","coordinates":[[-97.7518418,30.2835328],[-97.7518051,30.2835266]]},"properties":{"k":"path","u":"footway","s":"concrete","w":2.4,"wt":0}},{"type":"Feature","geometry":{"type":"LineString","coordinates":[[-97.7476625,30.2821484],[-97.7476747,30.2821552]]},"properties":{"k":"path","u":"footway","s":"concrete","w":2.4,"wt":0}},{"type":"Feature","geometry":{"type":"LineString","coordinates":[[-97.7476667,30.2821739],[-97.7476747,30.2821552]]},"properties":{"k":"path","u":"footway","s":"concrete","w":2.4,"wt":0}},{"type":"Feature","geometry":{"type":"LineString","coordinates":[[-97.7461985,30.2818614],[-97.7461895,30.2818703]]},"properties":{"k":"path","u":"footway","s":"concrete","w":2.4,"wt":0}},{"type":"Feature","geometry":{"type":"LineString","coordinates":[[-97.7454082,30.2815456],[-97.7454227,30.28151],[-97.7453562,30.2814907]]},"properties":{"k":"path","u":"footway","s":"concrete","w":2.4,"wt":0}},{"type":"Feature","geometry":{"type":"LineString","coordinates":[[-97.7453275,30.2814622],[-97.7453562,30.2814907]]},"properties":{"k":"path","u":"footway","s":"concrete","w":2.4,"wt":0}},{"type":"Feature","geometry":{"type":"LineString","coordinates":[[-97.7451946,30.2814268],[-97.7451509,30.2814141],[-97.7451409,30.2814304]]},"properties":{"k":"path","u":"footway","s":"concrete","w":2.4,"wt":0}},{"type":"Feature","geometry":{"type":"LineString","coordinates":[[-97.7451121,30.2814439],[-97.7451409,30.2814304]]},"properties":{"k":"path","u":"footway","s":"concrete","w":2.4,"wt":0}},{"type":"Feature","geometry":{"type":"LineString","coordinates":[[-97.7451232,30.281643],[-97.7450674,30.2816261]]},"properties":{"k":"path","u":"footway","s":"concrete","w":2.4,"wt":0}},{"type":"Feature","geometry":{"type":"LineString","coordinates":[[-97.7446795,30.2814217],[-97.7446786,30.2814436]]},"properties":{"k":"path","u":"footway","s":"concrete","w":2.4,"wt":0}},{"type":"Feature","geometry":{"type":"LineString","coordinates":[[-97.7442598,30.2812015],[-97.7442663,30.2811792]]},"properties":{"k":"path","u":"footway","s":"concrete","w":2.4,"wt":0}},{"type":"Feature","geometry":{"type":"LineString","coordinates":[[-97.7442471,30.2811806],[-97.7442663,30.2811792]]},"properties":{"k":"path","u":"footway","s":"concrete","w":2.4,"wt":0}},{"type":"Feature","geometry":{"type":"LineString","coordinates":[[-97.7440563,30.2812624],[-97.7440254,30.2812554]]},"properties":{"k":"path","u":"footway","s":"concrete","w":2.4,"wt":0}},{"type":"Feature","geometry":{"type":"LineString","coordinates":[[-97.7440299,30.2812409],[-97.7440254,30.2812554]]},"properties":{"k":"path","u":"footway","s":"concrete","w":2.4,"wt":0}},{"type":"Feature","geometry":{"type":"LineString","coordinates":[[-97.7433493,30.280923],[-97.7440754,30.2811234]]},"properties":{"k":"path","u":"footway","s":"concrete","w":2.4,"wt":0}},{"type":"Feature","geometry":{"type":"LineString","coordinates":[[-97.744369,30.2803878],[-97.7442267,30.2807534],[-97.7442194,30.2807825],[-97.7441811,30.2808276],[-97.7441573,30.2808963],[-97.7441578,30.2809296],[-97.7440754,30.2811234]]},"properties":{"k":"path","u":"footway","s":"paving","w":2.4,"wt":0}},{"type":"Feature","geometry":{"type":"LineString","coordinates":[[-97.7440754,30.2811234],[-97.744064,30.2811451]]},"properties":{"k":"path","u":"footway","s":"concrete","w":2.4,"wt":0}},{"type":"Feature","geometry":{"type":"LineString","coordinates":[[-97.7440754,30.2811234],[-97.744106,30.2811365]]},"properties":{"k":"path","u":"footway","s":"concrete","w":2.4,"wt":0}},{"type":"Feature","geometry":{"type":"LineString","coordinates":[[-97.7431432,30.2809916],[-97.7431357,30.2810103]]},"properties":{"k":"path","u":"footway","s":"concrete","w":2.4,"wt":0}},{"type":"Feature","geometry":{"type":"LineString","coordinates":[[-97.7431727,30.2808719],[-97.7431825,30.2808747],[-97.7432091,30.2808823]]},"properties":{"k":"path","u":"footway","s":"concrete","w":2.4,"wt":0}},{"type":"Feature","geometry":{"type":"LineString","coordinates":[[-97.7430328,30.2808295],[-97.7429906,30.2808194]]},"properties":{"k":"path","u":"footway","s":"concrete","w":2.4,"wt":0}},{"type":"Feature","geometry":{"type":"LineString","coordinates":[[-97.742984,30.2808342],[-97.7429906,30.2808194]]},"properties":{"k":"path","u":"footway","s":"concrete","w":2.4,"wt":0}},{"type":"Feature","geometry":{"type":"LineString","coordinates":[[-97.7421297,30.2805907],[-97.7421331,30.2805822],[-97.7421429,30.2805591]]},"properties":{"k":"path","u":"footway","s":"concrete","w":2.4,"wt":0}},{"type":"Feature","geometry":{"type":"LineString","coordinates":[[-97.7420978,30.2805629],[-97.7421129,30.2805671],[-97.7421429,30.2805591]]},"properties":{"k":"path","u":"footway","s":"concrete","w":2.4,"wt":0}},{"type":"Feature","geometry":{"type":"LineString","coordinates":[[-97.7420914,30.2806885],[-97.7420829,30.2807101]]},"properties":{"k":"path","u":"footway","s":"concrete","w":2.4,"wt":0}},{"type":"Feature","geometry":{"type":"LineString","coordinates":[[-97.7420519,30.2807008],[-97.7420829,30.2807101]]},"properties":{"k":"path","u":"footway","s":"concrete","w":2.4,"wt":0}},{"type":"Feature","geometry":{"type":"LineString","coordinates":[[-97.7418668,30.280636],[-97.7418642,30.2806433]]},"properties":{"k":"path","u":"footway","s":"concrete","w":2.4,"wt":0}},{"type":"Feature","geometry":{"type":"LineString","coordinates":[[-97.7419082,30.2806576],[-97.7418642,30.2806433]]},"properties":{"k":"path","u":"footway","s":"concrete","w":2.4,"wt":0}},{"type":"Feature","geometry":{"type":"LineString","coordinates":[[-97.7419057,30.2805334],[-97.7419137,30.2805123]]},"properties":{"k":"path","u":"footway","s":"concrete","w":2.4,"wt":0}},{"type":"Feature","geometry":{"type":"LineString","coordinates":[[-97.741957,30.2805235],[-97.7419404,30.2805192],[-97.7419137,30.2805123]]},"properties":{"k":"path","u":"footway","s":"concrete","w":2.4,"wt":0}},{"type":"Feature","geometry":{"type":"LineString","coordinates":[[-97.7410603,30.2802916],[-97.7410553,30.2802637]]},"properties":{"k":"path","u":"footway","s":"concrete","w":2.4,"wt":0}},{"type":"Feature","geometry":{"type":"LineString","coordinates":[[-97.7410379,30.2802609],[-97.7410553,30.2802637]]},"properties":{"k":"path","u":"footway","s":"concrete","w":2.4,"wt":0}},{"type":"Feature","geometry":{"type":"LineString","coordinates":[[-97.7410139,30.2803934],[-97.7410053,30.2804084]]},"properties":{"k":"path","u":"footway","s":"concrete","w":2.4,"wt":0}},{"type":"Feature","geometry":{"type":"LineString","coordinates":[[-97.7409817,30.2804011],[-97.7410053,30.2804084]]},"properties":{"k":"path","u":"footway","s":"concrete","w":2.4,"wt":0}},{"type":"Feature","geometry":{"type":"LineString","coordinates":[[-97.74084,30.2802247],[-97.7408457,30.2802071]]},"properties":{"k":"path","u":"footway","s":"concrete","w":2.4,"wt":0}},{"type":"Feature","geometry":{"type":"LineString","coordinates":[[-97.7408614,30.2802115],[-97.7408457,30.2802071]]},"properties":{"k":"path","u":"footway","s":"concrete","w":2.4,"wt":0}},{"type":"Feature","geometry":{"type":"LineString","coordinates":[[-97.7399384,30.280073],[-97.7399312,30.2800921]]},"properties":{"k":"path","u":"footway","s":"concrete","w":2.4,"wt":0}},{"type":"Feature","geometry":{"type":"LineString","coordinates":[[-97.7398914,30.2800797],[-97.7399268,30.2800909]]},"properties":{"k":"path","u":"footway","s":"concrete","w":2.4,"wt":0}},{"type":"Feature","geometry":{"type":"LineString","coordinates":[[-97.7399711,30.2799872],[-97.7399814,30.279962]]},"properties":{"k":"path","u":"footway","s":"concrete","w":2.4,"wt":0}},{"type":"Feature","geometry":{"type":"LineString","coordinates":[[-97.7399449,30.2799517],[-97.7399814,30.279962]]},"properties":{"k":"path","u":"footway","s":"concrete","w":2.4,"wt":0}},{"type":"Feature","geometry":{"type":"LineString","coordinates":[[-97.7397944,30.2798936],[-97.739772,30.2798882]]},"properties":{"k":"path","u":"footway","s":"concrete","w":2.4,"wt":0}},{"type":"Feature","geometry":{"type":"LineString","coordinates":[[-97.7397604,30.2799148],[-97.7397648,30.2799045]]},"properties":{"k":"path","u":"footway","s":"concrete","w":2.4,"wt":0}},{"type":"Feature","geometry":{"type":"LineString","coordinates":[[-97.7397485,30.2800109],[-97.7397406,30.2800348]]},"properties":{"k":"path","u":"footway","s":"concrete","w":2.4,"wt":0}},{"type":"Feature","geometry":{"type":"LineString","coordinates":[[-97.7397684,30.280042],[-97.7397406,30.2800348]]},"properties":{"k":"path","u":"footway","s":"concrete","w":2.4,"wt":0}},{"type":"Feature","geometry":{"type":"LineString","coordinates":[[-97.737257,30.2793145],[-97.7372779,30.2793342]]},"properties":{"k":"path","u":"footway","s":"concrete","w":2.4,"wt":0}},{"type":"Feature","geometry":{"type":"LineString","coordinates":[[-97.7372927,30.2792382],[-97.7372974,30.2792267]]},"properties":{"k":"path","u":"footway","s":"concrete","w":2.4,"wt":0}},{"type":"Feature","geometry":{"type":"LineString","coordinates":[[-97.7372776,30.2791904],[-97.7372873,30.2791933]]},"properties":{"k":"path","u":"footway","s":"concrete","w":2.4,"wt":0}},{"type":"Feature","geometry":{"type":"LineString","coordinates":[[-97.7371497,30.2791507],[-97.7371377,30.2791472]]},"properties":{"k":"path","u":"footway","s":"concrete","w":2.4,"wt":0}},{"type":"Feature","geometry":{"type":"LineString","coordinates":[[-97.7371127,30.2791715],[-97.7371241,30.2791435]]},"properties":{"k":"path","u":"footway","s":"concrete","w":2.4,"wt":0}},{"type":"Feature","geometry":{"type":"LineString","coordinates":[[-97.7370841,30.2792535],[-97.7370711,30.2792803]]},"properties":{"k":"path","u":"footway","s":"concrete","w":2.4,"wt":0}},{"type":"Feature","geometry":{"type":"LineString","coordinates":[[-97.7361987,30.2790271],[-97.7362002,30.2790364]]},"properties":{"k":"path","u":"footway","s":"concrete","w":2.4,"wt":0}},{"type":"Feature","geometry":{"type":"LineString","coordinates":[[-97.7360028,30.278985],[-97.7359883,30.278982]]},"properties":{"k":"path","u":"footway","s":"concrete","w":2.4,"wt":0}},{"type":"Feature","geometry":{"type":"LineString","coordinates":[[-97.7355054,30.2777297],[-97.7355076,30.2777265]]},"properties":{"k":"path","u":"footway","s":"concrete","w":2.4,"wt":0}},{"type":"Feature","geometry":{"type":"LineString","coordinates":[[-97.7363567,30.2779794],[-97.736363,30.2779642]]},"properties":{"k":"path","u":"footway","s":"concrete","w":2.4,"wt":0}},{"type":"Feature","geometry":{"type":"LineString","coordinates":[[-97.7363748,30.2779681],[-97.736363,30.2779642]]},"properties":{"k":"path","u":"footway","s":"concrete","w":2.4,"wt":0}},{"type":"Feature","geometry":{"type":"LineString","coordinates":[[-97.7363248,30.2780716],[-97.7363168,30.2780927]]},"properties":{"k":"path","u":"footway","s":"concrete","w":2.4,"wt":0}},{"type":"Feature","geometry":{"type":"LineString","coordinates":[[-97.7365057,30.2781548],[-97.7365191,30.278159]]},"properties":{"k":"path","u":"footway","s":"concrete","w":2.4,"wt":0}},{"type":"Feature","geometry":{"type":"LineString","coordinates":[[-97.7365397,30.2781407],[-97.7365318,30.2781549]]},"properties":{"k":"path","u":"footway","s":"concrete","w":2.4,"wt":0}},{"type":"Feature","geometry":{"type":"LineString","coordinates":[[-97.736564,30.2780211],[-97.7365814,30.2780263]]},"properties":{"k":"path","u":"footway","s":"concrete","w":2.4,"wt":0}},{"type":"Feature","geometry":{"type":"LineString","coordinates":[[-97.7365724,30.2780487],[-97.7365814,30.2780263]]},"properties":{"k":"path","u":"footway","s":"concrete","w":2.4,"wt":0}},{"type":"Feature","geometry":{"type":"LineString","coordinates":[[-97.737401,30.2783856],[-97.7373961,30.2783981]]},"properties":{"k":"path","u":"footway","s":"concrete","w":2.4,"wt":0}},{"type":"Feature","geometry":{"type":"LineString","coordinates":[[-97.7374292,30.2784361],[-97.7374135,30.278433]]},"properties":{"k":"path","u":"footway","s":"concrete","w":2.4,"wt":0}},{"type":"Feature","geometry":{"type":"LineString","coordinates":[[-97.7375716,30.278436],[-97.7375789,30.2784535]]},"properties":{"k":"path","u":"footway","s":"concrete","w":2.4,"wt":0}},{"type":"Feature","geometry":{"type":"LineString","coordinates":[[-97.7401271,30.2790145],[-97.74009,30.2790043]]},"properties":{"k":"path","u":"footway","s":"concrete","w":2.4,"wt":0}},{"type":"Feature","geometry":{"type":"LineString","coordinates":[[-97.7402204,30.2791988],[-97.7402544,30.2792104]]},"properties":{"k":"path","u":"footway","s":"concrete","w":2.4,"wt":0}},{"type":"Feature","geometry":{"type":"LineString","coordinates":[[-97.7402638,30.2791925],[-97.7402544,30.2792104]]},"properties":{"k":"path","u":"footway","s":"concrete","w":2.4,"wt":0}},{"type":"Feature","geometry":{"type":"LineString","coordinates":[[-97.741159,30.2793494],[-97.7411621,30.2793415]]},"properties":{"k":"path","u":"footway","s":"concrete","w":2.4,"wt":0}},{"type":"Feature","geometry":{"type":"LineString","coordinates":[[-97.7411826,30.2793443],[-97.7411719,30.2793406]]},"properties":{"k":"path","u":"footway","s":"concrete","w":2.4,"wt":0}},{"type":"Feature","geometry":{"type":"LineString","coordinates":[[-97.7411282,30.2794382],[-97.7411219,30.2794574]]},"properties":{"k":"path","u":"footway","s":"concrete","w":2.4,"wt":0}},{"type":"Feature","geometry":{"type":"LineString","coordinates":[[-97.7411371,30.2794619],[-97.7411219,30.2794574]]},"properties":{"k":"path","u":"footway","s":"concrete","w":2.4,"wt":0}},{"type":"Feature","geometry":{"type":"LineString","coordinates":[[-97.7413828,30.2794091],[-97.7413907,30.2793851]]},"properties":{"k":"path","u":"footway","s":"concrete","w":2.4,"wt":0}},{"type":"Feature","geometry":{"type":"LineString","coordinates":[[-97.741369,30.2793807],[-97.7413907,30.2793851]]},"properties":{"k":"path","u":"footway","s":"concrete","w":2.4,"wt":0}},{"type":"Feature","geometry":{"type":"LineString","coordinates":[[-97.7413232,30.2795137],[-97.7413376,30.279521]]},"properties":{"k":"path","u":"footway","s":"concrete","w":2.4,"wt":0}},{"type":"Feature","geometry":{"type":"LineString","coordinates":[[-97.741351,30.2795016],[-97.7413376,30.279521]]},"properties":{"k":"path","u":"footway","s":"concrete","w":2.4,"wt":0}},{"type":"Feature","geometry":{"type":"LineString","coordinates":[[-97.7422939,30.2796476],[-97.7422477,30.2796304]]},"properties":{"k":"path","u":"footway","s":"concrete","w":2.4,"wt":0}},{"type":"Feature","geometry":{"type":"LineString","coordinates":[[-97.7422414,30.2796585],[-97.7422477,30.2796304]]},"properties":{"k":"path","u":"footway","s":"concrete","w":2.4,"wt":0}},{"type":"Feature","geometry":{"type":"LineString","coordinates":[[-97.7422078,30.2797441],[-97.7421899,30.2797675]]},"properties":{"k":"path","u":"footway","s":"concrete","w":2.4,"wt":0}},{"type":"Feature","geometry":{"type":"LineString","coordinates":[[-97.7422423,30.2797805],[-97.7421899,30.2797675]]},"properties":{"k":"path","u":"footway","s":"concrete","w":2.4,"wt":0}},{"type":"Feature","geometry":{"type":"LineString","coordinates":[[-97.7424412,30.2797022],[-97.7424355,30.2796829]]},"properties":{"k":"path","u":"footway","s":"concrete","w":2.4,"wt":0}},{"type":"Feature","geometry":{"type":"LineString","coordinates":[[-97.7424254,30.279686],[-97.7424355,30.2796829]]},"properties":{"k":"path","u":"footway","s":"concrete","w":2.4,"wt":0}},{"type":"Feature","geometry":{"type":"LineString","coordinates":[[-97.7424209,30.2798193],[-97.7424101,30.27983]]},"properties":{"k":"path","u":"footway","s":"concrete","w":2.4,"wt":0}},{"type":"Feature","geometry":{"type":"LineString","coordinates":[[-97.7423795,30.2798203],[-97.7424101,30.27983]]},"properties":{"k":"path","u":"footway","s":"concrete","w":2.4,"wt":0}},{"type":"Feature","geometry":{"type":"LineString","coordinates":[[-97.7434988,30.2799861],[-97.7435308,30.2799979]]},"properties":{"k":"path","u":"footway","s":"concrete","w":2.4,"wt":0}},{"type":"Feature","geometry":{"type":"LineString","coordinates":[[-97.7435243,30.2800189],[-97.7435308,30.2799979]]},"properties":{"k":"path","u":"footway","s":"concrete","w":2.4,"wt":0}},{"type":"Feature","geometry":{"type":"LineString","coordinates":[[-97.7434473,30.280121],[-97.7434861,30.280133]]},"properties":{"k":"path","u":"footway","s":"concrete","w":2.4,"wt":0}},{"type":"Feature","geometry":{"type":"LineString","coordinates":[[-97.7434947,30.2801085],[-97.7434861,30.280133]]},"properties":{"k":"path","u":"footway","s":"concrete","w":2.4,"wt":0}},{"type":"Feature","geometry":{"type":"LineString","coordinates":[[-97.7443944,30.2802674],[-97.7444041,30.2802399]]},"properties":{"k":"path","u":"footway","s":"concrete","w":2.4,"wt":0}},{"type":"Feature","geometry":{"type":"LineString","coordinates":[[-97.7444367,30.2802498],[-97.7444041,30.2802399]]},"properties":{"k":"path","u":"footway","s":"concrete","w":2.4,"wt":0}},{"type":"Feature","geometry":{"type":"LineString","coordinates":[[-97.7443636,30.2803576],[-97.7443534,30.2803828]]},"properties":{"k":"path","u":"footway","s":"concrete","w":2.4,"wt":0}},{"type":"Feature","geometry":{"type":"LineString","coordinates":[[-97.7443866,30.2803929],[-97.744369,30.2803878]]},"properties":{"k":"path","u":"footway","s":"concrete","w":2.4,"wt":0}},{"type":"Feature","geometry":{"type":"LineString","coordinates":[[-97.7446016,30.2803256],[-97.7446145,30.2802996]]},"properties":{"k":"path","u":"footway","s":"concrete","w":2.4,"wt":0}},{"type":"Feature","geometry":{"type":"LineString","coordinates":[[-97.7445747,30.2802888],[-97.7446145,30.2802996]]},"properties":{"k":"path","u":"footway","s":"concrete","w":2.4,"wt":0}},{"type":"Feature","geometry":{"type":"LineString","coordinates":[[-97.7445234,30.2804324],[-97.7445513,30.2804409]]},"properties":{"k":"path","u":"footway","s":"concrete","w":2.4,"wt":0}},{"type":"Feature","geometry":{"type":"LineString","coordinates":[[-97.7445612,30.2804116],[-97.7445513,30.2804409]]},"properties":{"k":"path","u":"footway","s":"concrete","w":2.4,"wt":0}},{"type":"Feature","geometry":{"type":"LineString","coordinates":[[-97.7454897,30.2805715],[-97.7454735,30.2805463]]},"properties":{"k":"path","u":"footway","s":"concrete","w":2.4,"wt":0}},{"type":"Feature","geometry":{"type":"LineString","coordinates":[[-97.745621,30.2807385],[-97.74563,30.2807454]]},"properties":{"k":"path","u":"footway","s":"concrete","w":2.4,"wt":0}},{"type":"Feature","geometry":{"type":"LineString","coordinates":[[-97.7470622,30.2800569],[-97.7470688,30.2800439]]},"properties":{"k":"path","u":"footway","s":"concrete","w":2.4,"wt":0}},{"type":"Feature","geometry":{"type":"LineString","coordinates":[[-97.7470404,30.2800357],[-97.7470688,30.2800439]]},"properties":{"k":"path","u":"footway","s":"concrete","w":2.4,"wt":0}},{"type":"Feature","geometry":{"type":"LineString","coordinates":[[-97.7470167,30.2801465],[-97.7470136,30.2801687]]},"properties":{"k":"path","u":"footway","s":"concrete","w":2.4,"wt":0}},{"type":"Feature","geometry":{"type":"LineString","coordinates":[[-97.7469901,30.2801625],[-97.7470136,30.2801687]]},"properties":{"k":"path","u":"footway","s":"concrete","w":2.4,"wt":0}},{"type":"Feature","geometry":{"type":"LineString","coordinates":[[-97.7468951,30.2799991],[-97.7468921,30.2799727]]},"properties":{"k":"path","u":"footway","s":"concrete","w":2.4,"wt":0}},{"type":"Feature","geometry":{"type":"LineString","coordinates":[[-97.7468373,30.2801071],[-97.746833,30.2801189]]},"properties":{"k":"path","u":"footway","s":"concrete","w":2.4,"wt":0}},{"type":"Feature","geometry":{"type":"LineString","coordinates":[[-97.7468512,30.2801214],[-97.746833,30.2801189]]},"properties":{"k":"path","u":"footway","s":"concrete","w":2.4,"wt":0}},{"type":"Feature","geometry":{"type":"LineString","coordinates":[[-97.7459968,30.2797329],[-97.7460102,30.2797282]]},"properties":{"k":"path","u":"footway","s":"concrete","w":2.4,"wt":0}},{"type":"Feature","geometry":{"type":"LineString","coordinates":[[-97.7458073,30.2796758],[-97.7457999,30.279667]]},"properties":{"k":"path","u":"footway","s":"concrete","w":2.4,"wt":0}},{"type":"Feature","geometry":{"type":"LineString","coordinates":[[-97.7457753,30.2797991],[-97.7457513,30.2798017]]},"properties":{"k":"path","u":"footway","s":"concrete","w":2.4,"wt":0}},{"type":"Feature","geometry":{"type":"LineString","coordinates":[[-97.7448886,30.2795521],[-97.7448887,30.2795595]]},"properties":{"k":"path","u":"footway","s":"concrete","w":2.4,"wt":0}},{"type":"Feature","geometry":{"type":"LineString","coordinates":[[-97.7448574,30.2795506],[-97.7448887,30.2795595]]},"properties":{"k":"path","u":"footway","s":"concrete","w":2.4,"wt":0}},{"type":"Feature","geometry":{"type":"LineString","coordinates":[[-97.7447069,30.2795059],[-97.7446825,30.2794953]]},"properties":{"k":"path","u":"footway","s":"concrete","w":2.4,"wt":0}},{"type":"Feature","geometry":{"type":"LineString","coordinates":[[-97.7446839,30.2794854],[-97.7446825,30.2794953]]},"properties":{"k":"path","u":"footway","s":"concrete","w":2.4,"wt":0}},{"type":"Feature","geometry":{"type":"LineString","coordinates":[[-97.744931,30.2794336],[-97.7449335,30.2794284]]},"properties":{"k":"path","u":"footway","s":"concrete","w":2.4,"wt":0}},{"type":"Feature","geometry":{"type":"LineString","coordinates":[[-97.7449073,30.2794186],[-97.7449335,30.2794284]]},"properties":{"k":"path","u":"footway","s":"concrete","w":2.4,"wt":0}},{"type":"Feature","geometry":{"type":"LineString","coordinates":[[-97.7447609,30.2793665],[-97.7447343,30.2793597]]},"properties":{"k":"path","u":"footway","s":"concrete","w":2.4,"wt":0}},{"type":"Feature","geometry":{"type":"LineString","coordinates":[[-97.7447255,30.2793822],[-97.7447343,30.2793597]]},"properties":{"k":"path","u":"footway","s":"concrete","w":2.4,"wt":0}},{"type":"Feature","geometry":{"type":"LineString","coordinates":[[-97.743853,30.2791398],[-97.7438615,30.2791169]]},"properties":{"k":"path","u":"footway","s":"concrete","w":2.4,"wt":0}},{"type":"Feature","geometry":{"type":"LineString","coordinates":[[-97.7438239,30.2791063],[-97.7438615,30.2791169]]},"properties":{"k":"path","u":"footway","s":"concrete","w":2.4,"wt":0}},{"type":"Feature","geometry":{"type":"LineString","coordinates":[[-97.7438241,30.2792267],[-97.7438144,30.2792532]]},"properties":{"k":"path","u":"footway","s":"concrete","w":2.4,"wt":0}},{"type":"Feature","geometry":{"type":"LineString","coordinates":[[-97.7437733,30.2792397],[-97.7438144,30.2792532]]},"properties":{"k":"path","u":"footway","s":"concrete","w":2.4,"wt":0}},{"type":"Feature","geometry":{"type":"LineString","coordinates":[[-97.7436762,30.2790707],[-97.7436671,30.2790592]]},"properties":{"k":"path","u":"footway","s":"concrete","w":2.4,"wt":0}},{"type":"Feature","geometry":{"type":"LineString","coordinates":[[-97.7427832,30.2788221],[-97.7427908,30.2788086]]},"properties":{"k":"path","u":"footway","s":"concrete","w":2.4,"wt":0}},{"type":"Feature","geometry":{"type":"LineString","coordinates":[[-97.7427736,30.2788034],[-97.7427908,30.2788086]]},"properties":{"k":"path","u":"footway","s":"concrete","w":2.4,"wt":0}},{"type":"Feature","geometry":{"type":"LineString","coordinates":[[-97.7417041,30.2785246],[-97.7416989,30.2785181]]},"properties":{"k":"path","u":"footway","s":"concrete","w":2.4,"wt":0}},{"type":"Feature","geometry":{"type":"LineString","coordinates":[[-97.7416937,30.2785128],[-97.7416989,30.2785181]]},"properties":{"k":"path","u":"footway","s":"concrete","w":2.4,"wt":0}},{"type":"Feature","geometry":{"type":"LineString","coordinates":[[-97.7416657,30.2786303],[-97.7416665,30.2786365]]},"properties":{"k":"path","u":"footway","s":"concrete","w":2.4,"wt":0}},{"type":"Feature","geometry":{"type":"LineString","coordinates":[[-97.7416521,30.2786352],[-97.7416585,30.2786375]]},"properties":{"k":"path","u":"footway","s":"concrete","w":2.4,"wt":0}},{"type":"Feature","geometry":{"type":"LineString","coordinates":[[-97.7414655,30.2785568],[-97.7414633,30.2785614]]},"properties":{"k":"path","u":"footway","s":"concrete","w":2.4,"wt":0}},{"type":"Feature","geometry":{"type":"LineString","coordinates":[[-97.7414691,30.278568],[-97.7414634,30.2785664]]},"properties":{"k":"path","u":"footway","s":"concrete","w":2.4,"wt":0}},{"type":"Feature","geometry":{"type":"LineString","coordinates":[[-97.7415022,30.278466],[-97.7415032,30.278441]]},"properties":{"k":"path","u":"footway","s":"concrete","w":2.4,"wt":0}},{"type":"Feature","geometry":{"type":"LineString","coordinates":[[-97.7415113,30.2784608],[-97.7415032,30.278441]]},"properties":{"k":"path","u":"footway","s":"concrete","w":2.4,"wt":0}},{"type":"Feature","geometry":{"type":"LineString","coordinates":[[-97.7404035,30.2782842],[-97.74038,30.2782775]]},"properties":{"k":"path","u":"footway","s":"concrete","w":2.4,"wt":0}},{"type":"Feature","geometry":{"type":"LineString","coordinates":[[-97.7403886,30.2782558],[-97.74038,30.2782775]]},"properties":{"k":"path","u":"footway","s":"concrete","w":2.4,"wt":0}},{"type":"Feature","geometry":{"type":"LineString","coordinates":[[-97.7406232,30.278223],[-97.7406369,30.278192]]},"properties":{"k":"path","u":"footway","s":"concrete","w":2.4,"wt":0}},{"type":"Feature","geometry":{"type":"LineString","coordinates":[[-97.7405929,30.2781785],[-97.7406369,30.278192]]},"properties":{"k":"path","u":"footway","s":"concrete","w":2.4,"wt":0}},{"type":"Feature","geometry":{"type":"LineString","coordinates":[[-97.7404582,30.2781537],[-97.7404196,30.2781422]]},"properties":{"k":"path","u":"footway","s":"concrete","w":2.4,"wt":0}},{"type":"Feature","geometry":{"type":"LineString","coordinates":[[-97.7404141,30.2781555],[-97.7404196,30.2781422]]},"properties":{"k":"path","u":"footway","s":"concrete","w":2.4,"wt":0}},{"type":"Feature","geometry":{"type":"LineString","coordinates":[[-97.7392597,30.2779447],[-97.7392482,30.2779754],[-97.7391851,30.2781423],[-97.7391053,30.2783554],[-97.7390568,30.2784836],[-97.7390447,30.2785161],[-97.7389796,30.2786885]]},"properties":{"k":"path","u":"path","s":"paving","w":1.5,"wt":0}},{"type":"Feature","geometry":{"type":"LineString","coordinates":[[-97.7392597,30.2779447],[-97.7392754,30.2779495],[-97.7395147,30.2780231],[-97.7395445,30.2780314],[-97.7396739,30.2780678],[-97.7397011,30.2780767],[-97.7397162,30.2780817],[-97.7399244,30.278144],[-97.7399587,30.2781536],[-97.7399891,30.2781622],[-97.7401993,30.2782225],[-97.740235,30.2782324],[-97.7402584,30.2782394],[-97.7402694,30.2782427],[-97.7402813,30.2782464],[-97.74038,30.2782775]]},"properties":{"k":"path","u":"footway","s":"paving","w":2.4,"wt":0}},{"type":"Feature","geometry":{"type":"LineString","coordinates":[[-97.7380745,30.2774962],[-97.7380794,30.2774828]]},"properties":{"k":"path","u":"footway","s":"concrete","w":2.4,"wt":0}},{"type":"Feature","geometry":{"type":"LineString","coordinates":[[-97.7368728,30.2772622],[-97.7368664,30.2772752]]},"properties":{"k":"path","u":"footway","s":"concrete","w":2.4,"wt":0}},{"type":"Feature","geometry":{"type":"LineString","coordinates":[[-97.7368459,30.2772683],[-97.7368664,30.2772752]]},"properties":{"k":"path","u":"footway","s":"concrete","w":2.4,"wt":0}},{"type":"Feature","geometry":{"type":"LineString","coordinates":[[-97.7369015,30.2771648],[-97.7369061,30.2771526]]},"properties":{"k":"path","u":"footway","s":"concrete","w":2.4,"wt":0}},{"type":"Feature","geometry":{"type":"LineString","coordinates":[[-97.7371871,30.2763854],[-97.7371768,30.2763947]]},"properties":{"k":"path","u":"footway","s":"concrete","w":2.4,"wt":0}},{"type":"Feature","geometry":{"type":"LineString","coordinates":[[-97.7358707,30.2760216],[-97.7358654,30.2760362]]},"properties":{"k":"path","u":"footway","s":"concrete","w":2.4,"wt":0}},{"type":"Feature","geometry":{"type":"LineString","coordinates":[[-97.737169,30.2763932],[-97.7371768,30.2763947]]},"properties":{"k":"path","u":"footway","s":"concrete","w":2.4,"wt":0}},{"type":"Feature","geometry":{"type":"LineString","coordinates":[[-97.7408813,30.2774297],[-97.7409007,30.2774521]]},"properties":{"k":"path","u":"footway","s":"concrete","w":2.4,"wt":0}},{"type":"Feature","geometry":{"type":"LineString","coordinates":[[-97.7417907,30.2776901],[-97.7417765,30.2777005]]},"properties":{"k":"path","u":"footway","s":"concrete","w":2.4,"wt":0}},{"type":"Feature","geometry":{"type":"LineString","coordinates":[[-97.7418562,30.2774723],[-97.7418601,30.2774598]]},"properties":{"k":"path","u":"footway","s":"concrete","w":2.4,"wt":0}},{"type":"Feature","geometry":{"type":"LineString","coordinates":[[-97.7418775,30.2774616],[-97.7418687,30.2774593]]},"properties":{"k":"path","u":"footway","s":"concrete","w":2.4,"wt":0}},{"type":"Feature","geometry":{"type":"LineString","coordinates":[[-97.742876,30.2779972],[-97.7428493,30.2779957]]},"properties":{"k":"path","u":"footway","s":"concrete","w":2.4,"wt":0}},{"type":"Feature","geometry":{"type":"LineString","coordinates":[[-97.7428841,30.278014],[-97.7428533,30.2780096]]},"properties":{"k":"path","u":"footway","s":"concrete","w":2.4,"wt":0}},{"type":"Feature","geometry":{"type":"LineString","coordinates":[[-97.7430627,30.2780589],[-97.743074,30.2780823]]},"properties":{"k":"path","u":"footway","s":"concrete","w":2.4,"wt":0}},{"type":"Feature","geometry":{"type":"LineString","coordinates":[[-97.7431211,30.2778215],[-97.7431443,30.2778036]]},"properties":{"k":"path","u":"footway","s":"concrete","w":2.4,"wt":0}},{"type":"Feature","geometry":{"type":"LineString","coordinates":[[-97.7439591,30.2783126],[-97.7439479,30.2783118]]},"properties":{"k":"path","u":"footway","s":"concrete","w":2.4,"wt":0}},{"type":"Feature","geometry":{"type":"LineString","coordinates":[[-97.7440157,30.278087],[-97.7440262,30.2780662]]},"properties":{"k":"path","u":"footway","s":"concrete","w":2.4,"wt":0}},{"type":"Feature","geometry":{"type":"LineString","coordinates":[[-97.7440546,30.2780744],[-97.7440262,30.2780662]]},"properties":{"k":"path","u":"footway","s":"concrete","w":2.4,"wt":0}},{"type":"Feature","geometry":{"type":"LineString","coordinates":[[-97.7440998,30.2783597],[-97.7441397,30.2783721]]},"properties":{"k":"path","u":"footway","s":"concrete","w":2.4,"wt":0}},{"type":"Feature","geometry":{"type":"LineString","coordinates":[[-97.7441456,30.2783558],[-97.7441397,30.2783721]]},"properties":{"k":"path","u":"footway","s":"concrete","w":2.4,"wt":0}},{"type":"Feature","geometry":{"type":"LineString","coordinates":[[-97.7442225,30.278144],[-97.74423,30.2781258]]},"properties":{"k":"path","u":"footway","s":"concrete","w":2.4,"wt":0}},{"type":"Feature","geometry":{"type":"LineString","coordinates":[[-97.7441904,30.2781157],[-97.74423,30.2781258]]},"properties":{"k":"path","u":"footway","s":"concrete","w":2.4,"wt":0}},{"type":"Feature","geometry":{"type":"LineString","coordinates":[[-97.7450938,30.2783879],[-97.7450964,30.2783755]]},"properties":{"k":"path","u":"footway","s":"concrete","w":2.4,"wt":0}},{"type":"Feature","geometry":{"type":"LineString","coordinates":[[-97.7451201,30.278382],[-97.7450964,30.2783755]]},"properties":{"k":"path","u":"footway","s":"concrete","w":2.4,"wt":0}},{"type":"Feature","geometry":{"type":"LineString","coordinates":[[-97.7451786,30.278664],[-97.7452173,30.2786759]]},"properties":{"k":"path","u":"footway","s":"concrete","w":2.4,"wt":0}},{"type":"Feature","geometry":{"type":"LineString","coordinates":[[-97.7452217,30.2786627],[-97.7452173,30.2786759]]},"properties":{"k":"path","u":"footway","s":"concrete","w":2.4,"wt":0}},{"type":"Feature","geometry":{"type":"LineString","coordinates":[[-97.7452947,30.2784546],[-97.7453038,30.2784425]]},"properties":{"k":"path","u":"footway","s":"concrete","w":2.4,"wt":0}},{"type":"Feature","geometry":{"type":"LineString","coordinates":[[-97.7452669,30.2784251],[-97.7453059,30.278436]]},"properties":{"k":"path","u":"footway","s":"concrete","w":2.4,"wt":0}},{"type":"Feature","geometry":{"type":"LineString","coordinates":[[-97.7461905,30.2786969],[-97.7461623,30.2786843]]},"properties":{"k":"path","u":"footway","s":"concrete","w":2.4,"wt":0}},{"type":"Feature","geometry":{"type":"LineString","coordinates":[[-97.7461566,30.2786998],[-97.7461623,30.2786843]]},"properties":{"k":"path","u":"footway","s":"concrete","w":2.4,"wt":0}},{"type":"Feature","geometry":{"type":"LineString","coordinates":[[-97.746077,30.2789144],[-97.7460584,30.2789275]]},"properties":{"k":"path","u":"footway","s":"concrete","w":2.4,"wt":0}},{"type":"Feature","geometry":{"type":"LineString","coordinates":[[-97.7460887,30.2789306],[-97.7460648,30.2789335]]},"properties":{"k":"path","u":"footway","s":"concrete","w":2.4,"wt":0}},{"type":"Feature","geometry":{"type":"LineString","coordinates":[[-97.7463374,30.2787363],[-97.7463815,30.2787495]]},"properties":{"k":"path","u":"footway","s":"concrete","w":2.4,"wt":0}},{"type":"Feature","geometry":{"type":"LineString","coordinates":[[-97.7463763,30.27876],[-97.7463815,30.2787495]]},"properties":{"k":"path","u":"footway","s":"concrete","w":2.4,"wt":0}},{"type":"Feature","geometry":{"type":"LineString","coordinates":[[-97.7462955,30.2789682],[-97.7462887,30.2789868]]},"properties":{"k":"path","u":"footway","s":"concrete","w":2.4,"wt":0}},{"type":"Feature","geometry":{"type":"LineString","coordinates":[[-97.7462423,30.2789728],[-97.7462887,30.2789868]]},"properties":{"k":"path","u":"footway","s":"concrete","w":2.4,"wt":0}},{"type":"Feature","geometry":{"type":"LineString","coordinates":[[-97.7472642,30.2790058],[-97.7472607,30.2789952]]},"properties":{"k":"path","u":"footway","s":"concrete","w":2.4,"wt":0}},{"type":"Feature","geometry":{"type":"LineString","coordinates":[[-97.7471842,30.2792335],[-97.7471705,30.2792395]]},"properties":{"k":"path","u":"footway","s":"concrete","w":2.4,"wt":0}},{"type":"Feature","geometry":{"type":"LineString","coordinates":[[-97.7473409,30.279288],[-97.7473481,30.2793006]]},"properties":{"k":"path","u":"footway","s":"concrete","w":2.4,"wt":0}},{"type":"Feature","geometry":{"type":"LineString","coordinates":[[-97.7466136,30.2779857],[-97.746659,30.2779968]]},"properties":{"k":"path","u":"footway","s":"concrete","w":2.4,"wt":0}},{"type":"Feature","geometry":{"type":"LineString","coordinates":[[-97.7466712,30.2779637],[-97.746659,30.2779968]]},"properties":{"k":"path","u":"footway","s":"concrete","w":2.4,"wt":0}},{"type":"Feature","geometry":{"type":"LineString","coordinates":[[-97.7464734,30.2779446],[-97.746443,30.277936]]},"properties":{"k":"path","u":"footway","s":"concrete","w":2.4,"wt":0}},{"type":"Feature","geometry":{"type":"LineString","coordinates":[[-97.7464553,30.2779035],[-97.746443,30.277936]]},"properties":{"k":"path","u":"footway","s":"concrete","w":2.4,"wt":0}},{"type":"Feature","geometry":{"type":"LineString","coordinates":[[-97.7465005,30.2777819],[-97.7465134,30.2777486]]},"properties":{"k":"path","u":"footway","s":"concrete","w":2.4,"wt":0}},{"type":"Feature","geometry":{"type":"LineString","coordinates":[[-97.7465394,30.2777561],[-97.7465134,30.2777486]]},"properties":{"k":"path","u":"footway","s":"concrete","w":2.4,"wt":0}},{"type":"Feature","geometry":{"type":"LineString","coordinates":[[-97.7455394,30.2776734],[-97.7455813,30.2776865]]},"properties":{"k":"path","u":"footway","s":"concrete","w":2.4,"wt":0}},{"type":"Feature","geometry":{"type":"LineString","coordinates":[[-97.7455927,30.2776531],[-97.7455813,30.2776865]]},"properties":{"k":"path","u":"footway","s":"concrete","w":2.4,"wt":0}},{"type":"Feature","geometry":{"type":"LineString","coordinates":[[-97.7456385,30.2775348],[-97.7456573,30.2775012]]},"properties":{"k":"path","u":"footway","s":"concrete","w":2.4,"wt":0}},{"type":"Feature","geometry":{"type":"LineString","coordinates":[[-97.7456061,30.2774872],[-97.7456573,30.2775012]]},"properties":{"k":"path","u":"footway","s":"concrete","w":2.4,"wt":0}},{"type":"Feature","geometry":{"type":"LineString","coordinates":[[-97.7454018,30.2776337],[-97.7453755,30.2776248]]},"properties":{"k":"path","u":"footway","s":"concrete","w":2.4,"wt":0}},{"type":"Feature","geometry":{"type":"LineString","coordinates":[[-97.745384,30.2775958],[-97.7453755,30.2776248]]},"properties":{"k":"path","u":"footway","s":"concrete","w":2.4,"wt":0}},{"type":"Feature","geometry":{"type":"LineString","coordinates":[[-97.7445117,30.2773447],[-97.7444967,30.2773743]]},"properties":{"k":"path","u":"footway","s":"concrete","w":2.4,"wt":0}},{"type":"Feature","geometry":{"type":"LineString","coordinates":[[-97.7444675,30.2773656],[-97.7444967,30.2773743]]},"properties":{"k":"path","u":"footway","s":"concrete","w":2.4,"wt":0}},{"type":"Feature","geometry":{"type":"LineString","coordinates":[[-97.7443307,30.2773054],[-97.7443023,30.2773194]]},"properties":{"k":"path","u":"footway","s":"concrete","w":2.4,"wt":0}},{"type":"Feature","geometry":{"type":"LineString","coordinates":[[-97.7445382,30.2771947],[-97.7445442,30.2771795]]},"properties":{"k":"path","u":"footway","s":"concrete","w":2.4,"wt":0}},{"type":"Feature","geometry":{"type":"LineString","coordinates":[[-97.7443622,30.2771627],[-97.7443736,30.2771329]]},"properties":{"k":"path","u":"footway","s":"concrete","w":2.4,"wt":0}},{"type":"Feature","geometry":{"type":"LineString","coordinates":[[-97.7444028,30.2771413],[-97.7443736,30.2771329]]},"properties":{"k":"path","u":"footway","s":"concrete","w":2.4,"wt":0}},{"type":"Feature","geometry":{"type":"LineString","coordinates":[[-97.7434156,30.2770625],[-97.7434327,30.2770685]]},"properties":{"k":"path","u":"footway","s":"concrete","w":2.4,"wt":0}},{"type":"Feature","geometry":{"type":"LineString","coordinates":[[-97.7434465,30.2770323],[-97.7434327,30.2770685]]},"properties":{"k":"path","u":"footway","s":"concrete","w":2.4,"wt":0}},{"type":"Feature","geometry":{"type":"LineString","coordinates":[[-97.7434922,30.2769214],[-97.7435063,30.2768843]]},"properties":{"k":"path","u":"footway","s":"concrete","w":2.4,"wt":0}},{"type":"Feature","geometry":{"type":"LineString","coordinates":[[-97.7434634,30.2768721],[-97.7435063,30.2768843]]},"properties":{"k":"path","u":"footway","s":"concrete","w":2.4,"wt":0}},{"type":"Feature","geometry":{"type":"LineString","coordinates":[[-97.7432918,30.2768664],[-97.7432945,30.2768247]]},"properties":{"k":"path","u":"footway","s":"concrete","w":2.4,"wt":0}},{"type":"Feature","geometry":{"type":"LineString","coordinates":[[-97.7433276,30.2768383],[-97.7432945,30.2768247]]},"properties":{"k":"path","u":"footway","s":"concrete","w":2.4,"wt":0}},{"type":"Feature","geometry":{"type":"LineString","coordinates":[[-97.7424208,30.2766218],[-97.7424263,30.2766075],[-97.7424357,30.2765809]]},"properties":{"k":"path","u":"footway","s":"concrete","w":2.4,"wt":0}},{"type":"Feature","geometry":{"type":"LineString","coordinates":[[-97.7468279,30.2769973],[-97.7467959,30.2769891]]},"properties":{"k":"path","u":"footway","s":"concrete","w":2.4,"wt":0}},{"type":"Feature","geometry":{"type":"LineString","coordinates":[[-97.7468062,30.2769525],[-97.7467959,30.2769891]]},"properties":{"k":"path","u":"footway","s":"concrete","w":2.4,"wt":0}},{"type":"Feature","geometry":{"type":"LineString","coordinates":[[-97.7470273,30.2768463],[-97.7470806,30.276861]]},"properties":{"k":"path","u":"footway","s":"concrete","w":2.4,"wt":0}},{"type":"Feature","geometry":{"type":"LineString","coordinates":[[-97.7468539,30.2768308],[-97.7468648,30.2768004]]},"properties":{"k":"path","u":"footway","s":"concrete","w":2.4,"wt":0}},{"type":"Feature","geometry":{"type":"LineString","coordinates":[[-97.7468899,30.2768076],[-97.7468648,30.2768004]]},"properties":{"k":"path","u":"footway","s":"concrete","w":2.4,"wt":0}},{"type":"Feature","geometry":{"type":"LineString","coordinates":[[-97.7459488,30.2767066],[-97.7459364,30.2767428]]},"properties":{"k":"path","u":"footway","s":"concrete","w":2.4,"wt":0}},{"type":"Feature","geometry":{"type":"LineString","coordinates":[[-97.7458854,30.2767266],[-97.7459364,30.2767428]]},"properties":{"k":"path","u":"footway","s":"concrete","w":2.4,"wt":0}},{"type":"Feature","geometry":{"type":"LineString","coordinates":[[-97.7459906,30.2765949],[-97.7460049,30.2765609]]},"properties":{"k":"path","u":"footway","s":"concrete","w":2.4,"wt":0}},{"type":"Feature","geometry":{"type":"LineString","coordinates":[[-97.7459826,30.2765544],[-97.7460049,30.2765609]]},"properties":{"k":"path","u":"footway","s":"concrete","w":2.4,"wt":0}},{"type":"Feature","geometry":{"type":"LineString","coordinates":[[-97.7457577,30.2766919],[-97.745715,30.2766797]]},"properties":{"k":"path","u":"footway","s":"concrete","w":2.4,"wt":0}},{"type":"Feature","geometry":{"type":"LineString","coordinates":[[-97.7457276,30.2766465],[-97.745715,30.2766797]]},"properties":{"k":"path","u":"footway","s":"concrete","w":2.4,"wt":0}},{"type":"Feature","geometry":{"type":"LineString","coordinates":[[-97.7447983,30.27642],[-97.7448231,30.2764263]]},"properties":{"k":"path","u":"footway","s":"concrete","w":2.4,"wt":0}},{"type":"Feature","geometry":{"type":"LineString","coordinates":[[-97.7448814,30.2762524],[-97.7449125,30.2762612],[-97.7449202,30.2762634]]},"properties":{"k":"path","u":"footway","s":"concrete","w":2.4,"wt":0}},{"type":"Feature","geometry":{"type":"LineString","coordinates":[[-97.7446866,30.2763875],[-97.7446574,30.2763789]]},"properties":{"k":"path","u":"footway","s":"concrete","w":2.4,"wt":0}},{"type":"Feature","geometry":{"type":"LineString","coordinates":[[-97.743796,30.2761247],[-97.7437996,30.2761345]]},"properties":{"k":"path","u":"footway","s":"concrete","w":2.4,"wt":0}},{"type":"Feature","geometry":{"type":"LineString","coordinates":[[-97.7437671,30.2761302],[-97.7437734,30.2761417]]},"properties":{"k":"path","u":"footway","s":"concrete","w":2.4,"wt":0}},{"type":"Feature","geometry":{"type":"LineString","coordinates":[[-97.7435847,30.2760344],[-97.7435761,30.2760684]]},"properties":{"k":"path","u":"footway","s":"concrete","w":2.4,"wt":0}},{"type":"Feature","geometry":{"type":"LineString","coordinates":[[-97.7436058,30.2760805],[-97.7435761,30.2760684]]},"properties":{"k":"path","u":"footway","s":"concrete","w":2.4,"wt":0}},{"type":"Feature","geometry":{"type":"LineString","coordinates":[[-97.7512545,30.2769039],[-97.7512269,30.2769174]]},"properties":{"k":"path","u":"footway","s":"concrete","w":2.4,"wt":0}},{"type":"Feature","geometry":{"type":"LineString","coordinates":[[-97.7512672,30.2769247],[-97.7512349,30.2769316]]},"properties":{"k":"path","u":"footway","s":"concrete","w":2.4,"wt":0}},{"type":"Feature","geometry":{"type":"LineString","coordinates":[[-97.7515465,30.2768374],[-97.7516826,30.2765293],[-97.7519168,30.276027]]},"properties":{"k":"path","u":"footway","s":"paving","w":2.4,"wt":0}},{"type":"Feature","geometry":{"type":"LineString","coordinates":[[-97.7515465,30.2768374],[-97.751534,30.276833],[-97.7515191,30.2768277]]},"properties":{"k":"path","u":"footway","s":"paving","w":2.4,"wt":0}},{"type":"Feature","geometry":{"type":"LineString","coordinates":[[-97.7517014,30.2759757],[-97.7515181,30.276371]]},"properties":{"k":"path","u":"footway","s":"paving","w":2.4,"wt":0}},{"type":"Feature","geometry":{"type":"LineString","coordinates":[[-97.7436327,30.2822945],[-97.7436267,30.2823084]]},"properties":{"k":"path","u":"footway","s":"concrete","w":2.4,"wt":0}},{"type":"Feature","geometry":{"type":"LineString","coordinates":[[-97.7472356,30.2832666],[-97.747229,30.2833067]]},"properties":{"k":"path","u":"footway","s":"concrete","w":2.4,"wt":0}},{"type":"Feature","geometry":{"type":"LineString","coordinates":[[-97.7482421,30.2835813],[-97.7482283,30.2835809]]},"properties":{"k":"path","u":"footway","s":"concrete","w":2.4,"wt":0}},{"type":"Feature","geometry":{"type":"LineString","coordinates":[[-97.7483481,30.2836036],[-97.7483507,30.2836025]]},"properties":{"k":"path","u":"footway","s":"concrete","w":2.4,"wt":0}},{"type":"Feature","geometry":{"type":"LineString","coordinates":[[-97.742753,30.2820469],[-97.7427503,30.2820532]]},"properties":{"k":"path","u":"footway","s":"concrete","w":2.4,"wt":0}},{"type":"Feature","geometry":{"type":"LineString","coordinates":[[-97.7458913,30.2827457],[-97.7458727,30.2827403]]},"properties":{"k":"path","u":"footway","s":"paving","w":2.4,"wt":0}},{"type":"Feature","geometry":{"type":"LineString","coordinates":[[-97.7449057,30.2824707],[-97.7448885,30.2824673],[-97.7448636,30.2824531]]},"properties":{"k":"path","u":"footway","s":"concrete","w":2.4,"wt":0}},{"type":"Feature","geometry":{"type":"LineString","coordinates":[[-97.7439032,30.2821815],[-97.743917,30.2821806]]},"properties":{"k":"path","u":"footway","s":"concrete","w":2.4,"wt":0}},{"type":"Feature","geometry":{"type":"LineString","coordinates":[[-97.7404705,30.2812035],[-97.7404599,30.281199]]},"properties":{"k":"path","u":"footway","s":"concrete","w":2.4,"wt":0}},{"type":"Feature","geometry":{"type":"LineString","coordinates":[[-97.7305931,30.278675],[-97.7306003,30.2786485]]},"properties":{"k":"path","u":"footway","s":"concrete","w":2.4,"wt":0}},{"type":"Feature","geometry":{"type":"LineString","coordinates":[[-97.7328191,30.2778675],[-97.7328676,30.2778816]]},"properties":{"k":"path","u":"footway","s":"concrete","w":2.4,"wt":0}},{"type":"Feature","geometry":{"type":"LineString","coordinates":[[-97.7330406,30.277933],[-97.7330559,30.2779383]]},"properties":{"k":"path","u":"footway","s":"concrete","w":2.4,"wt":0}},{"type":"Feature","geometry":{"type":"LineString","coordinates":[[-97.7349486,30.2785364],[-97.734989,30.2785463]]},"properties":{"k":"path","u":"footway","s":"concrete","w":2.4,"wt":0}},{"type":"Feature","geometry":{"type":"LineString","coordinates":[[-97.7351654,30.2786013],[-97.7351948,30.2786072]]},"properties":{"k":"path","u":"footway","s":"concrete","w":2.4,"wt":0}},{"type":"Feature","geometry":{"type":"LineString","coordinates":[[-97.7351948,30.2786072],[-97.7351728,30.2786216]]},"properties":{"k":"path","u":"footway","s":"concrete","w":2.4,"wt":0}},{"type":"Feature","geometry":{"type":"LineString","coordinates":[[-97.7360477,30.2788388],[-97.7360509,30.2788528]]},"properties":{"k":"path","u":"footway","s":"concrete","w":2.4,"wt":0}},{"type":"Feature","geometry":{"type":"LineString","coordinates":[[-97.7362521,30.2789064],[-97.7362384,30.2789131]]},"properties":{"k":"path","u":"footway","s":"concrete","w":2.4,"wt":0}},{"type":"Feature","geometry":{"type":"LineString","coordinates":[[-97.7359883,30.278982],[-97.7359977,30.2789707]]},"properties":{"k":"path","u":"footway","s":"concrete","w":2.4,"wt":0}},{"type":"Feature","geometry":{"type":"LineString","coordinates":[[-97.7459848,30.2829776],[-97.7459937,30.2829591]]},"properties":{"k":"path","u":"footway","s":"concrete","w":2.4,"wt":0}},{"type":"Feature","geometry":{"type":"LineString","coordinates":[[-97.7448885,30.2824673],[-97.7448935,30.2824777]]},"properties":{"k":"path","u":"footway","s":"paving","w":2.4,"wt":0}},{"type":"Feature","geometry":{"type":"LineString","coordinates":[[-97.7428566,30.281846],[-97.7428676,30.2818632],[-97.7429957,30.2818968],[-97.7431712,30.2819428],[-97.7431814,30.2819575],[-97.7432479,30.2819849],[-97.7432968,30.2820051],[-97.743389,30.2820299],[-97.7434369,30.2820418],[-97.7434651,30.2820488],[-97.7435162,30.2820646],[-97.7435577,30.2820769],[-97.7435907,30.2820866],[-97.7437008,30.2821175]]},"properties":{"k":"path","u":"footway","s":"paving","w":2.4,"wt":0}},{"type":"Feature","geometry":{"type":"LineString","coordinates":[[-97.7428418,30.2818806],[-97.7428676,30.2818632]]},"properties":{"k":"path","u":"footway","s":"paving","w":2.4,"wt":0}},{"type":"Feature","geometry":{"type":"LineString","coordinates":[[-97.7414713,30.2817164],[-97.7414752,30.2817111]]},"properties":{"k":"path","u":"footway","s":"concrete","w":2.4,"wt":0}},{"type":"Feature","geometry":{"type":"LineString","coordinates":[[-97.7397599,30.2812137],[-97.7397211,30.281196],[-97.7395333,30.281142],[-97.7393288,30.2810831]]},"properties":{"k":"path","u":"footway","s":"paving","w":2.4,"wt":0}},{"type":"Feature","geometry":{"type":"LineString","coordinates":[[-97.7392438,30.2810626],[-97.7392323,30.2810593],[-97.7386876,30.2809004],[-97.7385045,30.2808472],[-97.7382142,30.2807632]]},"properties":{"k":"path","u":"footway","s":"paving","w":2.4,"wt":0}},{"type":"Feature","geometry":{"type":"LineString","coordinates":[[-97.73822,30.280752],[-97.7382142,30.2807632],[-97.7381009,30.2807323]]},"properties":{"k":"path","u":"footway","s":"concrete","w":2.4,"wt":0}},{"type":"Feature","geometry":{"type":"LineString","coordinates":[[-97.7467322,30.2809123],[-97.7467095,30.2809068]]},"properties":{"k":"path","u":"footway","s":"paving","w":2.4,"wt":0}},{"type":"Feature","geometry":{"type":"LineString","coordinates":[[-97.7480817,30.2773502],[-97.7480458,30.2773395]]},"properties":{"k":"path","u":"footway","s":"paving","w":2.4,"wt":0}},{"type":"Feature","geometry":{"type":"LineString","coordinates":[[-97.7479003,30.2772914],[-97.747923,30.2772989]]},"properties":{"k":"path","u":"footway","s":"paving","w":2.4,"wt":0}},{"type":"Feature","geometry":{"type":"LineString","coordinates":[[-97.7480699,30.2773785],[-97.7480817,30.2773502],[-97.7481106,30.2772873],[-97.7482242,30.2769635],[-97.7485025,30.2761945],[-97.7484815,30.2761634]]},"properties":{"k":"path","u":"footway","s":"paving","w":2.4,"wt":0}},{"type":"Feature","geometry":{"type":"LineString","coordinates":[[-97.7478847,30.277337],[-97.7478913,30.2773177],[-97.7479003,30.2772914],[-97.7480028,30.2770136],[-97.7481079,30.276729],[-97.7481101,30.2767229],[-97.7481292,30.2766714],[-97.7481368,30.2766519],[-97.7481641,30.2765823],[-97.7482018,30.276427]]},"properties":{"k":"path","u":"footway","s":"paving","w":2.4,"wt":0}},{"type":"Feature","geometry":{"type":"LineString","coordinates":[[-97.7476052,30.2780841],[-97.7476129,30.2780684]]},"properties":{"k":"path","u":"footway","s":"paving","w":2.4,"wt":0}},{"type":"Feature","geometry":{"type":"LineString","coordinates":[[-97.7419937,30.2777518],[-97.7419994,30.2777351]]},"properties":{"k":"path","u":"footway","s":"concrete","w":2.4,"wt":0}},{"type":"Feature","geometry":{"type":"LineString","coordinates":[[-97.7419868,30.2777556],[-97.7419594,30.2777468]]},"properties":{"k":"path","u":"footway","s":"concrete","w":2.4,"wt":0}},{"type":"Feature","geometry":{"type":"LineString","coordinates":[[-97.7424263,30.2766075],[-97.7424093,30.2766033]]},"properties":{"k":"path","u":"footway","s":"concrete","w":2.4,"wt":0}},{"type":"Feature","geometry":{"type":"LineString","coordinates":[[-97.7421552,30.2766982],[-97.742161,30.2766842],[-97.7421666,30.2766703]]},"properties":{"k":"path","u":"footway","s":"paving","w":2.4,"wt":0}},{"type":"Feature","geometry":{"type":"LineString","coordinates":[[-97.742161,30.2766842],[-97.7421765,30.2766889]]},"properties":{"k":"path","u":"footway","s":"asphalt","w":2.4,"wt":0}},{"type":"Feature","geometry":{"type":"LineString","coordinates":[[-97.739605,30.2770747],[-97.7396118,30.2770581]]},"properties":{"k":"path","u":"footway","s":"paving","w":2.4,"wt":0}},{"type":"Feature","geometry":{"type":"LineString","coordinates":[[-97.7397062,30.2768391],[-97.7396967,30.2768582]]},"properties":{"k":"path","u":"footway","s":"concrete","w":2.4,"wt":0}},{"type":"Feature","geometry":{"type":"LineString","coordinates":[[-97.7396585,30.2768258],[-97.7397062,30.2768391],[-97.7397125,30.2768411],[-97.7397653,30.2768558],[-97.7398831,30.2768895],[-97.7399436,30.2769067],[-97.7405618,30.2770879],[-97.7406288,30.2771086],[-97.7407663,30.2771516],[-97.7407797,30.2771551],[-97.7407932,30.2771539],[-97.7408066,30.277151]]},"properties":{"k":"path","u":"footway","s":"concrete","w":2.4,"wt":0}},{"type":"Feature","geometry":{"type":"LineString","coordinates":[[-97.7361137,30.2760973],[-97.7360973,30.2760952]]},"properties":{"k":"path","u":"footway","s":"concrete","w":2.4,"wt":0}},{"type":"Feature","geometry":{"type":"LineString","coordinates":[[-97.735877,30.2760522],[-97.7359018,30.2760583]]},"properties":{"k":"path","u":"footway","s":"concrete","w":2.4,"wt":0}},{"type":"Feature","geometry":{"type":"LineString","coordinates":[[-97.7394705,30.287022],[-97.7394522,30.2870014],[-97.7394459,30.2869752],[-97.73945,30.2869351]]},"properties":{"k":"path","u":"footway","s":"concrete","w":2.4,"wt":0}},{"type":"Feature","geometry":{"type":"LineString","coordinates":[[-97.7392597,30.2779447],[-97.7390591,30.2778872]]},"properties":{"k":"path","u":"footway","s":"concrete","w":2.4,"wt":0}},{"type":"Feature","geometry":{"type":"LineString","coordinates":[[-97.741684,30.281184],[-97.7416742,30.2812649],[-97.7416797,30.2813315],[-97.7416898,30.2813889],[-97.7417136,30.2814758],[-97.7417467,30.2815646]]},"properties":{"k":"path","u":"cycleway","s":"concrete","w":2.2,"wt":0}},{"type":"Feature","geometry":{"type":"LineString","coordinates":[[-97.7426125,30.2925543],[-97.7425806,30.2925545],[-97.7424256,30.2925431],[-97.742432,30.292466]]},"properties":{"k":"path","u":"footway","s":"concrete","w":2.4,"wt":0}},{"type":"Feature","geometry":{"type":"LineString","coordinates":[[-97.7508408,30.2785235],[-97.7508707,30.2783687],[-97.7509975,30.2779724]]},"properties":{"k":"path","u":"footway","s":"paving","w":2.4,"wt":0}},{"type":"Feature","geometry":{"type":"LineString","coordinates":[[-97.7509975,30.2779724],[-97.7510695,30.2778926],[-97.751158,30.2777028],[-97.7511668,30.2776722]]},"properties":{"k":"path","u":"footway","s":"concrete","w":2.4,"wt":0}},{"type":"Feature","geometry":{"type":"LineString","coordinates":[[-97.7507514,30.278274],[-97.750822,30.27804],[-97.750907,30.2778124]]},"properties":{"k":"path","u":"footway","s":"paving","w":2.4,"wt":0}},{"type":"Feature","geometry":{"type":"LineString","coordinates":[[-97.7506867,30.2783316],[-97.7507132,30.2783087],[-97.7507373,30.2783012],[-97.7507514,30.278274]]},"properties":{"k":"path","u":"footway","s":"paving","w":2.4,"wt":0}},{"type":"Feature","geometry":{"type":"LineString","coordinates":[[-97.7502656,30.2798578],[-97.7503756,30.2798723],[-97.7505604,30.2798943],[-97.7508472,30.2799162],[-97.7511338,30.2799364],[-97.7518571,30.2799986]]},"properties":{"k":"path","u":"footway","s":"concrete","w":2.4,"wt":0}},{"type":"Feature","geometry":{"type":"LineString","coordinates":[[-97.7496074,30.279717],[-97.749927,30.2797957],[-97.7500568,30.2798238],[-97.7502656,30.2798578]]},"properties":{"k":"path","u":"footway","s":"concrete","w":2.4,"wt":0}},{"type":"Feature","geometry":{"type":"LineString","coordinates":[[-97.7500248,30.2763936],[-97.7503492,30.2764856]]},"properties":{"k":"path","u":"footway","s":"paving","w":2.4,"wt":0}},{"type":"Feature","geometry":{"type":"LineString","coordinates":[[-97.7502963,30.2766247],[-97.7499719,30.2765327]]},"properties":{"k":"path","u":"footway","s":"paving","w":2.4,"wt":0}},{"type":"Feature","geometry":{"type":"LineString","coordinates":[[-97.7499719,30.2765327],[-97.7499577,30.2765326],[-97.749941,30.2765361]]},"properties":{"k":"path","u":"footway","s":"paving","w":2.4,"wt":0}},{"type":"Feature","geometry":{"type":"LineString","coordinates":[[-97.7503492,30.2764856],[-97.750636,30.2765712],[-97.7508356,30.2766308],[-97.7510118,30.2766834],[-97.751067,30.2767],[-97.7513256,30.2767776],[-97.7513491,30.2767649],[-97.7514969,30.2764205],[-97.7515181,30.276371]]},"properties":{"k":"path","u":"footway","s":"paving","w":2.4,"wt":0}},{"type":"Feature","geometry":{"type":"LineString","coordinates":[[-97.7372555,30.2813246],[-97.7373848,30.2815093]]},"properties":{"k":"path","u":"footway","s":"concrete","w":2.4,"wt":0}},{"type":"Feature","geometry":{"type":"LineString","coordinates":[[-97.7373848,30.2815093],[-97.7375525,30.2813439]]},"properties":{"k":"path","u":"footway","s":"concrete","w":2.4,"wt":0}},{"type":"Feature","geometry":{"type":"LineString","coordinates":[[-97.7375615,30.2821558],[-97.7375914,30.2818392],[-97.7375826,30.2817692],[-97.7375857,30.2817122]]},"properties":{"k":"path","u":"footway","s":"concrete","w":2.4,"wt":0}},{"type":"Feature","geometry":{"type":"LineString","coordinates":[[-97.7380836,30.2865384],[-97.7380633,30.2865857],[-97.7380525,30.2866947]]},"properties":{"k":"path","u":"footway","s":"concrete","w":2.4,"wt":0}},{"type":"Feature","geometry":{"type":"LineString","coordinates":[[-97.7375689,30.2868452],[-97.7375527,30.2868432]]},"properties":{"k":"path","u":"footway","s":"concrete","w":2.4,"wt":0}},{"type":"Feature","geometry":{"type":"LineString","coordinates":[[-97.7375527,30.2868432],[-97.7373214,30.2868267]]},"properties":{"k":"path","u":"footway","s":"concrete","w":2.4,"wt":0}},{"type":"Feature","geometry":{"type":"LineString","coordinates":[[-97.7380999,30.2930904],[-97.7380013,30.2927828]]},"properties":{"k":"path","u":"footway","s":"paving","w":2.4,"wt":0}},{"type":"Feature","geometry":{"type":"LineString","coordinates":[[-97.7381139,30.2931491],[-97.7380292,30.2932642]]},"properties":{"k":"path","u":"footway","s":"concrete","w":2.4,"wt":0,"name":"Austin Presbyterian Theological Seminary Bridge"}},{"type":"Feature","geometry":{"type":"LineString","coordinates":[[-97.7309841,30.2868658],[-97.7308748,30.2868577]]},"properties":{"k":"path","u":"footway","s":"concrete","w":2.4,"wt":0}},{"type":"Feature","geometry":{"type":"LineString","coordinates":[[-97.731845,30.2869312],[-97.7315863,30.2869108],[-97.7309841,30.2868658]]},"properties":{"k":"path","u":"footway","s":"concrete","w":2.4,"wt":0}},{"type":"Feature","geometry":{"type":"LineString","coordinates":[[-97.741571,30.2788713],[-97.7415184,30.2790198]]},"properties":{"k":"path","u":"footway","s":"concrete","w":2.4,"wt":0}},{"type":"Feature","geometry":{"type":"LineString","coordinates":[[-97.7416599,30.2786336],[-97.7416585,30.2786375],[-97.741571,30.2788713]]},"properties":{"k":"path","u":"footway","s":"concrete","w":2.4,"wt":0}},{"type":"Feature","geometry":{"type":"LineString","coordinates":[[-97.7385886,30.2881665],[-97.7385288,30.2881622]]},"properties":{"k":"path","u":"footway","s":"concrete","w":2.4,"wt":0}},{"type":"Feature","geometry":{"type":"LineString","coordinates":[[-97.7390247,30.2881981],[-97.7385886,30.2881665]]},"properties":{"k":"path","u":"footway","s":"concrete","w":2.4,"wt":0}},{"type":"Feature","geometry":{"type":"LineString","coordinates":[[-97.7332973,30.2771432],[-97.7333371,30.2771544]]},"properties":{"k":"path","u":"footway","s":"concrete","w":2.4,"wt":0}},{"type":"Feature","geometry":{"type":"LineString","coordinates":[[-97.7466463,30.2831625],[-97.7466244,30.2833288],[-97.746602,30.2835956],[-97.7465889,30.2837518],[-97.7465637,30.2840842],[-97.7465628,30.2840963]]},"properties":{"k":"path","u":"footway","s":"concrete","w":2.4,"wt":0}},{"type":"Feature","geometry":{"type":"LineString","coordinates":[[-97.7467498,30.283743],[-97.7467214,30.2840458],[-97.7467178,30.2841005],[-97.7467137,30.2841615],[-97.7466983,30.2842733],[-97.7466459,30.2846883],[-97.7466583,30.2847043]]},"properties":{"k":"path","u":"footway","s":"concrete","w":2.4,"wt":0}},{"type":"Feature","geometry":{"type":"LineString","coordinates":[[-97.7465637,30.2840842],[-97.7465901,30.2840894]]},"properties":{"k":"path","u":"footway","s":"concrete","w":2.4,"wt":0}},{"type":"Feature","geometry":{"type":"LineString","coordinates":[[-97.746694,30.2840993],[-97.7467178,30.2841005]]},"properties":{"k":"path","u":"footway","s":"concrete","w":2.4,"wt":0}},{"type":"Feature","geometry":{"type":"LineString","coordinates":[[-97.7465478,30.2841989],[-97.7465465,30.2842139],[-97.7465478,30.2842678],[-97.7465371,30.2844467],[-97.746519,30.2845376],[-97.7465009,30.2846859],[-97.7465003,30.2846933],[-97.7464955,30.2847571],[-97.7464781,30.2849933],[-97.7464553,30.2852516],[-97.7464546,30.2852683],[-97.7464736,30.2852694]]},"properties":{"k":"path","u":"footway","s":"concrete","w":2.4,"wt":0}},{"type":"Feature","geometry":{"type":"LineString","coordinates":[[-97.7453777,30.2816374],[-97.7453872,30.2816126]]},"properties":{"k":"path","u":"footway","s":"concrete","w":2.4,"wt":0}},{"type":"Feature","geometry":{"type":"LineString","coordinates":[[-97.7452807,30.2816878],[-97.7452202,30.2816703]]},"properties":{"k":"path","u":"footway","s":"concrete","w":2.4,"wt":0}},{"type":"Feature","geometry":{"type":"LineString","coordinates":[[-97.7481873,30.2853919],[-97.7481652,30.2853892]]},"properties":{"k":"path","u":"footway","s":"concrete","w":2.4,"wt":0}},{"type":"Feature","geometry":{"type":"LineString","coordinates":[[-97.7480537,30.2853816],[-97.7480264,30.2853796],[-97.7466131,30.2852736],[-97.7465859,30.2852739]]},"properties":{"k":"path","u":"footway","s":"concrete","w":2.4,"wt":0}},{"type":"Feature","geometry":{"type":"LineString","coordinates":[[-97.7480264,30.2853796],[-97.7480245,30.2853984]]},"properties":{"k":"path","u":"footway","s":"concrete","w":2.4,"wt":0}},{"type":"Feature","geometry":{"type":"LineString","coordinates":[[-97.7480148,30.2854924],[-97.7480127,30.285513],[-97.7479745,30.2858889],[-97.7479755,30.2859003],[-97.7479811,30.2859653],[-97.7479568,30.2862916],[-97.7479366,30.2862957],[-97.7479326,30.286323]]},"properties":{"k":"path","u":"footway","s":"concrete","w":2.4,"wt":0}},{"type":"Feature","geometry":{"type":"LineString","coordinates":[[-97.7362178,30.2962192],[-97.7363596,30.2959889],[-97.7364538,30.2958271],[-97.7366003,30.2955673],[-97.7366628,30.2954751],[-97.7366809,30.2954379],[-97.7366968,30.2953889],[-97.736707,30.2953487],[-97.7367173,30.2952918],[-97.736715,30.2952575],[-97.7366991,30.2952124],[-97.7366696,30.2951683],[-97.7365674,30.2950849],[-97.7364936,30.2950251],[-97.7364266,30.294984]]},"properties":{"k":"path","u":"footway","s":"concrete","w":2.4,"wt":0}},{"type":"Feature","geometry":{"type":"LineString","coordinates":[[-97.7362808,30.2948676],[-97.7361699,30.2947797],[-97.7358461,30.2945228],[-97.7358316,30.2945114]]},"properties":{"k":"path","u":"footway","s":"concrete","w":2.4,"wt":0}},{"type":"Feature","geometry":{"type":"LineString","coordinates":[[-97.7358461,30.2945228],[-97.7355913,30.2949293],[-97.7355234,30.2950074]]},"properties":{"k":"path","u":"footway","s":"concrete","w":2.4,"wt":0}},{"type":"Feature","geometry":{"type":"LineString","coordinates":[[-97.7355234,30.2950074],[-97.7353006,30.2951202],[-97.735163,30.2952419],[-97.7351125,30.2953111],[-97.7349907,30.2954975],[-97.7349727,30.2955229],[-97.7349088,30.2956132]]},"properties":{"k":"path","u":"footway","s":"concrete","w":2.4,"wt":0}},{"type":"Feature","geometry":{"type":"LineString","coordinates":[[-97.7357548,30.2944482],[-97.7355257,30.2948481]]},"properties":{"k":"path","u":"footway","s":"concrete","w":2.4,"wt":0}},{"type":"Feature","geometry":{"type":"LineString","coordinates":[[-97.7357548,30.2944482],[-97.7357147,30.2944025],[-97.7356603,30.2943638],[-97.7355879,30.2943148],[-97.7354935,30.2942385],[-97.7354752,30.294224],[-97.735305,30.2940894],[-97.7352885,30.2940764],[-97.7351728,30.2939831],[-97.7351539,30.2939832],[-97.7350722,30.2940238],[-97.734923,30.294107],[-97.7347768,30.2941789],[-97.7346611,30.2942701],[-97.7345687,30.2943612]]},"properties":{"k":"path","u":"footway","s":"concrete","w":2.4,"wt":0}},{"type":"Feature","geometry":{"type":"LineString","coordinates":[[-97.7362756,30.2884199],[-97.736291,30.2882507],[-97.7362971,30.2881772]]},"properties":{"k":"path","u":"footway","s":"concrete","w":2.4,"wt":0}},{"type":"Feature","geometry":{"type":"LineString","coordinates":[[-97.7366387,30.2884484],[-97.7366585,30.2882786],[-97.7366657,30.288202]]},"properties":{"k":"path","u":"footway","s":"concrete","w":2.4,"wt":0}},{"type":"Feature","geometry":{"type":"LineString","coordinates":[[-97.7366387,30.2884484],[-97.7366327,30.2885721],[-97.7366249,30.28864],[-97.7365514,30.2886548],[-97.7365343,30.2888279],[-97.7365301,30.28887]]},"properties":{"k":"path","u":"footway","s":"concrete","w":2.4,"wt":0}},{"type":"Feature","geometry":{"type":"LineString","coordinates":[[-97.7365343,30.2888279],[-97.7362299,30.2888008],[-97.7362567,30.2885444],[-97.7362617,30.2884891],[-97.7362756,30.2884199]]},"properties":{"k":"path","u":"footway","s":"concrete","w":2.4,"wt":0}},{"type":"Feature","geometry":{"type":"LineString","coordinates":[[-97.7366327,30.2885721],[-97.7362567,30.2885444]]},"properties":{"k":"path","u":"footway","s":"concrete","w":2.4,"wt":0}},{"type":"Feature","geometry":{"type":"LineString","coordinates":[[-97.7362617,30.2884891],[-97.7360043,30.2884672]]},"properties":{"k":"path","u":"footway","s":"concrete","w":2.4,"wt":0}},{"type":"Feature","geometry":{"type":"LineString","coordinates":[[-97.7359299,30.2931626],[-97.7358122,30.2932376],[-97.7355852,30.2934639],[-97.7355555,30.2934921],[-97.7352041,30.2938269]]},"properties":{"k":"path","u":"footway","s":"concrete","w":2.4,"wt":0}},{"type":"Feature","geometry":{"type":"LineString","coordinates":[[-97.7360662,30.2932849],[-97.7358725,30.293477],[-97.7358501,30.2934993],[-97.7357753,30.2935643],[-97.7357175,30.2936212],[-97.7356715,30.2936665],[-97.7355316,30.2938045],[-97.7355058,30.29383],[-97.7353789,30.2939582]]},"properties":{"k":"path","u":"footway","s":"concrete","w":2.4,"wt":0}},{"type":"Feature","geometry":{"type":"LineString","coordinates":[[-97.7353789,30.2939582],[-97.7353654,30.2939498]]},"properties":{"k":"path","u":"footway","s":"concrete","w":2.4,"wt":0}},{"type":"Feature","geometry":{"type":"LineString","coordinates":[[-97.7353789,30.2939582],[-97.735644,30.2941739],[-97.7357188,30.2942348],[-97.73578,30.2942847],[-97.7358118,30.2943123],[-97.7359348,30.294419],[-97.7361828,30.2946058],[-97.7363928,30.2947697],[-97.7364336,30.2948016],[-97.7365765,30.2949133],[-97.7367709,30.295075],[-97.7368811,30.2951664]]},"properties":{"k":"path","u":"footway","s":"concrete","w":2.4,"wt":0}},{"type":"Feature","geometry":{"type":"LineString","coordinates":[[-97.73653,30.2960049],[-97.736542,30.2959846],[-97.7368131,30.2955305],[-97.7369716,30.295294]]},"properties":{"k":"path","u":"footway","s":"concrete","w":2.4,"wt":0}},{"type":"Feature","geometry":{"type":"LineString","coordinates":[[-97.7395777,30.2960399],[-97.7395812,30.2959622],[-97.739587,30.2958723],[-97.7395895,30.2958237],[-97.7395953,30.2957634],[-97.7396125,30.2957085],[-97.7396442,30.2956351],[-97.739677,30.2955823],[-97.739719,30.2955245],[-97.7397322,30.2955122],[-97.7397542,30.2955034],[-97.7397943,30.2954962],[-97.7398432,30.2954945],[-97.7398867,30.2955055],[-97.7399517,30.2955342],[-97.7400055,30.2955705],[-97.7400461,30.2956068],[-97.7401346,30.2956519],[-97.7400969,30.2956954],[-97.7399713,30.295847],[-97.739918,30.2959166],[-97.7398711,30.295996],[-97.7397782,30.2961872],[-97.7397244,30.2963319],[-97.7396819,30.2964206],[-97.7396222,30.2965198],[-97.7395704,30.2966008],[-97.7395357,30.2966384],[-97.7394971,30.2966966],[-97.7394731,30.296738],[-97.7394433,30.2967426]]},"properties":{"k":"path","u":"footway","s":"concrete","w":2.4,"wt":0}},{"type":"Feature","geometry":{"type":"LineString","coordinates":[[-97.7401527,30.2956631],[-97.7401346,30.2956519]]},"properties":{"k":"path","u":"footway","s":"concrete","w":2.4,"wt":0}},{"type":"Feature","geometry":{"type":"LineString","coordinates":[[-97.7402414,30.2955481],[-97.7399466,30.2954077],[-97.7399065,30.2953886],[-97.7398901,30.2953717]]},"properties":{"k":"path","u":"footway","s":"concrete","w":2.4,"wt":0}},{"type":"Feature","geometry":{"type":"LineString","coordinates":[[-97.7399466,30.2954077],[-97.7399786,30.2953564],[-97.7400295,30.2953164],[-97.7401231,30.295285],[-97.7403021,30.295241],[-97.7403829,30.2952269],[-97.740432,30.295245],[-97.7404998,30.2952425],[-97.7405165,30.2952418],[-97.7405465,30.2952363],[-97.7406437,30.2952371],[-97.7406982,30.295245],[-97.7407355,30.2952387],[-97.7409626,30.2952387],[-97.7410089,30.2952418],[-97.7410753,30.2952465],[-97.7411262,30.2952308],[-97.741187,30.2952183],[-97.7413733,30.2951657],[-97.7414896,30.2952356],[-97.7414351,30.2952583],[-97.7413751,30.2952724],[-97.741336,30.2952826],[-97.7412997,30.2952991],[-97.7412188,30.2953548],[-97.7411125,30.295405],[-97.7409826,30.2954489],[-97.7409154,30.2954599],[-97.7408645,30.2954678],[-97.7408191,30.295485],[-97.7407246,30.2955039],[-97.7404447,30.2955486],[-97.7402793,30.2955643],[-97.7402414,30.2955481]]},"properties":{"k":"path","u":"footway","s":"concrete","w":2.4,"wt":0}},{"type":"Feature","geometry":{"type":"LineString","coordinates":[[-97.7403311,30.2955909],[-97.7402793,30.2955643]]},"properties":{"k":"path","u":"footway","s":"concrete","w":2.4,"wt":0}},{"type":"Feature","geometry":{"type":"LineString","coordinates":[[-97.7415353,30.2953105],[-97.7416037,30.2951643],[-97.7414896,30.2952356]]},"properties":{"k":"path","u":"footway","s":"concrete","w":2.4,"wt":0}},{"type":"Feature","geometry":{"type":"LineString","coordinates":[[-97.7416037,30.2951643],[-97.7417035,30.2949739],[-97.741671,30.2949579]]},"properties":{"k":"path","u":"footway","s":"concrete","w":2.4,"wt":0}},{"type":"Feature","geometry":{"type":"LineString","coordinates":[[-97.7415666,30.2949038],[-97.7412986,30.2947775],[-97.7409632,30.2946152]]},"properties":{"k":"path","u":"footway","s":"concrete","w":2.4,"wt":0}},{"type":"Feature","geometry":{"type":"LineString","coordinates":[[-97.7417453,30.2949949],[-97.7417035,30.2949739]]},"properties":{"k":"path","u":"footway","s":"concrete","w":2.4,"wt":0}},{"type":"Feature","geometry":{"type":"LineString","coordinates":[[-97.74115,30.2959676],[-97.7407892,30.2958057],[-97.7407468,30.2957979],[-97.7407191,30.2957836],[-97.740702,30.2957606],[-97.740472,30.2956537]]},"properties":{"k":"path","u":"footway","s":"concrete","w":2.4,"wt":0}},{"type":"Feature","geometry":{"type":"LineString","coordinates":[[-97.7408501,30.2945603],[-97.7401985,30.294254]]},"properties":{"k":"path","u":"footway","s":"concrete","w":2.4,"wt":0}},{"type":"Feature","geometry":{"type":"LineString","coordinates":[[-97.7403137,30.2951954],[-97.7402511,30.2951158],[-97.7401239,30.2949906],[-97.7399588,30.2948635],[-97.7398227,30.294746],[-97.7397447,30.2946342],[-97.7397224,30.2944955],[-97.7397023,30.2943048],[-97.7397134,30.2942201],[-97.7397268,30.2941527],[-97.7397469,30.2941045],[-97.7397826,30.2940641],[-97.739825,30.294039],[-97.7398941,30.2940294],[-97.7399811,30.294039],[-97.7400348,30.2940775],[-97.7400632,30.2941156]]},"properties":{"k":"path","u":"footway","s":"concrete","w":2.4,"wt":0}},{"type":"Feature","geometry":{"type":"LineString","coordinates":[[-97.7398882,30.2953112],[-97.7398517,30.2951832],[-97.7398027,30.2951023],[-97.7397,30.2949675],[-97.7396554,30.2948808],[-97.7395461,30.2946535],[-97.73941,30.294484],[-97.7392226,30.2941238],[-97.7391401,30.2939427],[-97.7390699,30.2938111],[-97.738917,30.2936017],[-97.7386961,30.2934785],[-97.7384396,30.293307],[-97.7382633,30.2931857],[-97.7380999,30.2930904]]},"properties":{"k":"path","u":"footway","s":"dirt","w":2.4,"wt":0}},{"type":"Feature","geometry":{"type":"LineString","coordinates":[[-97.7381139,30.2931491],[-97.7380999,30.2930904]]},"properties":{"k":"path","u":"footway","s":"concrete","w":2.4,"wt":0}},{"type":"Feature","geometry":{"type":"LineString","coordinates":[[-97.7313937,30.2960681],[-97.7309197,30.2958435],[-97.7306285,30.2957047]]},"properties":{"k":"path","u":"footway","s":"concrete","w":2.4,"wt":0}},{"type":"Feature","geometry":{"type":"LineString","coordinates":[[-97.7305235,30.295655],[-97.7298124,30.2953144]]},"properties":{"k":"path","u":"footway","s":"concrete","w":2.4,"wt":0}},{"type":"Feature","geometry":{"type":"LineString","coordinates":[[-97.729682,30.2952471],[-97.7289743,30.2949123]]},"properties":{"k":"path","u":"footway","s":"concrete","w":2.4,"wt":0}},{"type":"Feature","geometry":{"type":"LineString","coordinates":[[-97.728866,30.2948583],[-97.7282328,30.2945571],[-97.7281617,30.2945162],[-97.7280478,30.2944613]]},"properties":{"k":"path","u":"footway","s":"concrete","w":2.4,"wt":0}},{"type":"Feature","geometry":{"type":"LineString","coordinates":[[-97.731463,30.2959645],[-97.7310873,30.295779],[-97.7306668,30.2955838]]},"properties":{"k":"path","u":"footway","s":"concrete","w":2.4,"wt":0}},{"type":"Feature","geometry":{"type":"LineString","coordinates":[[-97.7305619,30.2955284],[-97.7301588,30.2953393],[-97.7300803,30.2953025],[-97.729776,30.2951503],[-97.7297535,30.295139]]},"properties":{"k":"path","u":"footway","s":"concrete","w":2.4,"wt":0}},{"type":"Feature","geometry":{"type":"LineString","coordinates":[[-97.728057,30.2943379],[-97.72766,30.294151],[-97.7275949,30.2941191],[-97.7275167,30.2940863],[-97.7273008,30.2939838],[-97.7270798,30.2938827],[-97.7269831,30.2938352],[-97.7269434,30.2938045],[-97.7268884,30.2937746],[-97.7269088,30.293714],[-97.7271888,30.2932559],[-97.7273507,30.2929851],[-97.7274534,30.2928208],[-97.7274949,30.2927835],[-97.7275229,30.292733]]},"properties":{"k":"path","u":"footway","s":"concrete","w":2.4,"wt":0}},{"type":"Feature","geometry":{"type":"LineString","coordinates":[[-97.7296497,30.2950845],[-97.7291273,30.2948383],[-97.7286376,30.2946071],[-97.7282354,30.2944155],[-97.7281401,30.2943782]]},"properties":{"k":"path","u":"footway","s":"concrete","w":2.4,"wt":0}},{"type":"Feature","geometry":{"type":"LineString","coordinates":[[-97.7281401,30.2943782],[-97.728057,30.2943379]]},"properties":{"k":"path","u":"footway","s":"concrete","w":2.4,"wt":0}},{"type":"Feature","geometry":{"type":"LineString","coordinates":[[-97.7270798,30.2938827],[-97.7271831,30.2937186],[-97.7271542,30.2937078],[-97.7269434,30.2938045]]},"properties":{"k":"path","u":"footway","s":"concrete","w":2.4,"wt":0}},{"type":"Feature","geometry":{"type":"LineString","coordinates":[[-97.7356642,30.2959753],[-97.7356072,30.2959537],[-97.7355,30.2959015],[-97.7353838,30.2958464],[-97.7353188,30.2958021],[-97.7352983,30.2957952],[-97.7352607,30.2957903],[-97.7351228,30.2957116],[-97.734921,30.2956289],[-97.7349088,30.2956132]]},"properties":{"k":"path","u":"footway","s":"concrete","w":2.4,"wt":0}},{"type":"Feature","geometry":{"type":"LineString","coordinates":[[-97.7356642,30.2959753],[-97.7357098,30.2958995],[-97.7357301,30.2958672],[-97.7358967,30.2956023],[-97.7359164,30.2955714],[-97.7359537,30.2955128]]},"properties":{"k":"path","u":"footway","s":"concrete","w":2.4,"wt":0}},{"type":"Feature","geometry":{"type":"LineString","coordinates":[[-97.7359537,30.2955128],[-97.736066,30.2953374]]},"properties":{"k":"path","u":"footway","s":"concrete","w":2.4,"wt":0}},{"type":"Feature","geometry":{"type":"LineString","coordinates":[[-97.7314183,30.2963289],[-97.7314797,30.296227],[-97.7315391,30.296131],[-97.731601,30.2960357],[-97.7316133,30.2960168],[-97.7316776,30.2959177],[-97.7318596,30.2956227],[-97.7318669,30.2956108]]},"properties":{"k":"path","u":"footway","s":"paving","w":2.4,"wt":0}},{"type":"Feature","geometry":{"type":"LineString","coordinates":[[-97.7319269,30.2955271],[-97.7322086,30.2950866],[-97.7322314,30.2950499],[-97.7323517,30.2948573],[-97.7325183,30.2946025],[-97.7325237,30.2945942]]},"properties":{"k":"path","u":"footway","s":"concrete","w":2.4,"wt":0}},{"type":"Feature","geometry":{"type":"LineString","coordinates":[[-97.7325849,30.2945025],[-97.7327453,30.2942464],[-97.7329034,30.2939913],[-97.7330151,30.293815],[-97.7330846,30.2937052],[-97.7331747,30.2935657],[-97.7332739,30.2934142],[-97.7333963,30.2932139],[-97.7334863,30.2930764],[-97.7336733,30.2927853]]},"properties":{"k":"path","u":"footway","s":"concrete","w":2.4,"wt":0}},{"type":"Feature","geometry":{"type":"LineString","coordinates":[[-97.7337403,30.2926787],[-97.7338995,30.2924295],[-97.7339953,30.292282],[-97.7340049,30.2922672],[-97.7340992,30.2921206],[-97.7341766,30.291991],[-97.7342643,30.2918525],[-97.734277,30.2918325]]},"properties":{"k":"path","u":"footway","s":"concrete","w":2.4,"wt":0}},{"type":"Feature","geometry":{"type":"LineString","coordinates":[[-97.7342643,30.2918525],[-97.7345782,30.2921106],[-97.7350447,30.2924805]]},"properties":{"k":"path","u":"footway","s":"concrete","w":2.4,"wt":0}},{"type":"Feature","geometry":{"type":"LineString","coordinates":[[-97.7343405,30.2917428],[-97.7343476,30.2917317],[-97.7344134,30.2916282],[-97.7344824,30.2915196],[-97.7344997,30.2914888],[-97.7345378,30.2914209],[-97.7345425,30.291396],[-97.7345898,30.2913262],[-97.7346274,30.2913045],[-97.734706,30.2912864],[-97.7347468,30.2913052],[-97.7347886,30.2913281],[-97.7348618,30.2913895],[-97.7353767,30.2919278],[-97.7355967,30.2921915],[-97.7356308,30.2922339],[-97.7357595,30.2923096],[-97.7357684,30.2923233]]},"properties":{"k":"path","u":"footway","s":"concrete","w":2.4,"wt":0}},{"type":"Feature","geometry":{"type":"LineString","coordinates":[[-97.7344617,30.2911417],[-97.7343357,30.2914109],[-97.7343255,30.2914328],[-97.7342789,30.2915415],[-97.7342746,30.2915515],[-97.7342567,30.2915933],[-97.7342016,30.2916681],[-97.7341088,30.291802],[-97.7340846,30.2918369]]},"properties":{"k":"path","u":"footway","s":"concrete","w":2.4,"wt":0}},{"type":"Feature","geometry":{"type":"LineString","coordinates":[[-97.7340337,30.2919248],[-97.7340264,30.2919348],[-97.7339152,30.2921192],[-97.7338511,30.2922228],[-97.733717,30.2924267],[-97.7336009,30.2926004]]},"properties":{"k":"path","u":"footway","s":"concrete","w":2.4,"wt":0}},{"type":"Feature","geometry":{"type":"LineString","coordinates":[[-97.7335419,30.2926963],[-97.7333938,30.2926341],[-97.7330926,30.2924958],[-97.7326284,30.2922712],[-97.7321601,30.2920518]]},"properties":{"k":"path","u":"footway","s":"concrete","w":2.4,"wt":0}},{"type":"Feature","geometry":{"type":"LineString","coordinates":[[-97.7336009,30.2926004],[-97.7333828,30.2924855],[-97.7332859,30.2924354],[-97.7332607,30.2924224],[-97.7330306,30.2923127],[-97.7328015,30.2922124],[-97.7327621,30.292193],[-97.7325543,30.2920906],[-97.7323812,30.2920111],[-97.732065,30.2918608],[-97.7318564,30.2917587],[-97.7318409,30.2917511]]},"properties":{"k":"path","u":"footway","s":"concrete","w":2.4,"wt":0}},{"type":"Feature","geometry":{"type":"LineString","coordinates":[[-97.7318439,30.2917779],[-97.7318564,30.2917587],[-97.73202,30.2915075],[-97.7321911,30.2912604],[-97.7322893,30.2911132],[-97.7322972,30.2911014]]},"properties":{"k":"path","u":"footway","s":"concrete","w":2.4,"wt":0}},{"type":"Feature","geometry":{"type":"LineString","coordinates":[[-97.7317869,30.2918582],[-97.7317114,30.2919727],[-97.7316888,30.2920068],[-97.7316665,30.2920396],[-97.7315658,30.2921874],[-97.7315257,30.2922461],[-97.7314581,30.292343],[-97.7313496,30.2924984],[-97.7311195,30.2928371],[-97.7310855,30.2928837]]},"properties":{"k":"path","u":"footway","s":"concrete","w":2.4,"wt":0}},{"type":"Feature","geometry":{"type":"LineString","coordinates":[[-97.7323532,30.2910115],[-97.7323602,30.2909951],[-97.7324523,30.2908543],[-97.7324893,30.2908076],[-97.7324823,30.2907757],[-97.7325733,30.2906444],[-97.7325973,30.2906349],[-97.7326654,30.2905433],[-97.7327424,30.2904249],[-97.7327784,30.2904059],[-97.7328111,30.2903612],[-97.7328215,30.2903471]]},"properties":{"k":"path","u":"footway","s":"concrete","w":2.4,"wt":0}},{"type":"Feature","geometry":{"type":"LineString","coordinates":[[-97.7327905,30.2903515],[-97.7328111,30.2903612],[-97.7330466,30.2904724],[-97.7333638,30.2906176],[-97.7336029,30.2907318],[-97.733675,30.2907662],[-97.7340442,30.2909433],[-97.7340886,30.2909634],[-97.7343874,30.2910988],[-97.7344617,30.2911417]]},"properties":{"k":"path","u":"footway","s":"concrete","w":2.4,"wt":0}},{"type":"Feature","geometry":{"type":"LineString","coordinates":[[-97.7328605,30.2902322],[-97.732889,30.2902454],[-97.7332027,30.2903903],[-97.7335129,30.2905372],[-97.7335209,30.290551],[-97.7335409,30.290558],[-97.7335549,30.2905571],[-97.7336629,30.2906063],[-97.7339491,30.290761],[-97.7339771,30.2907567],[-97.7340365,30.2907847],[-97.7341782,30.2908517],[-97.7344844,30.2910107],[-97.7345035,30.291016]]},"properties":{"k":"path","u":"footway","s":"concrete","w":2.4,"wt":0}},{"type":"Feature","geometry":{"type":"LineString","coordinates":[[-97.7328775,30.2902616],[-97.732889,30.2902454],[-97.7329215,30.2901994],[-97.7329485,30.2901545],[-97.7329385,30.2901121],[-97.7330121,30.2900102],[-97.7330413,30.2899641],[-97.7330626,30.2899558],[-97.7330786,30.2899324],[-97.7331042,30.2898913],[-97.7331226,30.2898616],[-97.7331617,30.2897838],[-97.7331767,30.2897588],[-97.7331727,30.289726],[-97.7332117,30.2896473],[-97.7332377,30.2896396],[-97.7332767,30.2895739]]},"properties":{"k":"path","u":"footway","s":"concrete","w":2.4,"wt":0}},{"type":"Feature","geometry":{"type":"LineString","coordinates":[[-97.7333523,30.289456],[-97.7333502,30.2894406],[-97.7333531,30.2894257],[-97.7333601,30.2894066],[-97.7333713,30.2893908],[-97.7333966,30.2893708],[-97.7334303,30.2893663],[-97.7335715,30.2893793],[-97.7336962,30.2893902],[-97.7340853,30.2894236],[-97.7343952,30.2894518],[-97.7344143,30.2894604],[-97.7344288,30.2894762],[-97.7344378,30.2894862],[-97.7344469,30.2895089],[-97.7344233,30.2898501],[-97.7344215,30.2898978],[-97.7344079,30.2899174],[-97.7343825,30.2899378],[-97.7343463,30.2899464]]},"properties":{"k":"path","u":"footway","s":"concrete","w":2.4,"wt":0}},{"type":"Feature","geometry":{"type":"LineString","coordinates":[[-97.7331838,30.2894525],[-97.7332015,30.2893475],[-97.7329583,30.2893277]]},"properties":{"k":"path","u":"footway","s":"concrete","w":2.4,"wt":0}},{"type":"Feature","geometry":{"type":"LineString","coordinates":[[-97.7331641,30.289521],[-97.7331597,30.2894971],[-97.7330668,30.2894576],[-97.7329857,30.2894175],[-97.7329472,30.2893994],[-97.732902,30.2893661],[-97.7328589,30.2893384],[-97.7328353,30.2893255],[-97.732783,30.2893153],[-97.7327255,30.2893153],[-97.7324855,30.2893305],[-97.7322188,30.2893526]]},"properties":{"k":"path","u":"footway","s":"concrete","w":2.4,"wt":0}},{"type":"Feature","geometry":{"type":"LineString","coordinates":[[-97.7331641,30.289521],[-97.7331564,30.2895469],[-97.7331383,30.2895668],[-97.7331181,30.2895905],[-97.7331116,30.2896236],[-97.7330678,30.2897136],[-97.7330213,30.2898095],[-97.7329823,30.2898138],[-97.7329512,30.2898644],[-97.7329555,30.2898843],[-97.7328898,30.2899954],[-97.7328627,30.2900109],[-97.7327713,30.2901151],[-97.7327085,30.2901488],[-97.7326758,30.2901988],[-97.7326615,30.2902205],[-97.732689,30.290291],[-97.7326838,30.2902985],[-97.7325886,30.2904364],[-97.732515,30.2905442],[-97.7324528,30.2906353],[-97.7323112,30.2908474],[-97.732298,30.2908668],[-97.7322367,30.2909566],[-97.7321985,30.2910127],[-97.7321566,30.2910364],[-97.7321521,30.291044],[-97.7320887,30.2911499],[-97.7320165,30.2912591],[-97.731859,30.2914967],[-97.7318487,30.2915125],[-97.7317976,30.2915909],[-97.7318062,30.2916084],[-97.7317448,30.291667],[-97.7317341,30.2916967],[-97.7317196,30.2917113],[-97.73169,30.291749],[-97.7316683,30.2917768],[-97.7315549,30.2919446],[-97.7315144,30.292002]]},"properties":{"k":"path","u":"footway","s":"concrete","w":2.4,"wt":0}},{"type":"Feature","geometry":{"type":"LineString","coordinates":[[-97.7314718,30.2920796],[-97.7314108,30.2921651],[-97.7312796,30.2923558],[-97.7311335,30.2925595],[-97.7310173,30.2927384],[-97.730962,30.2928198],[-97.7308367,30.2927601],[-97.7308182,30.2927513],[-97.7307952,30.2927552],[-97.7307837,30.2927503],[-97.7307722,30.2927304],[-97.7307221,30.2927066],[-97.7306558,30.2926752],[-97.7304035,30.2925554],[-97.7303556,30.2925327],[-97.7298827,30.2923121],[-97.7297573,30.2922445],[-97.7293534,30.2920727],[-97.729297,30.2920418],[-97.7292464,30.292014]]},"properties":{"k":"path","u":"footway","s":"concrete","w":2.4,"wt":0}},{"type":"Feature","geometry":{"type":"LineString","coordinates":[[-97.7289708,30.2918893],[-97.7288816,30.2918491],[-97.7286837,30.2917597],[-97.7285214,30.2916544]]},"properties":{"k":"path","u":"footway","s":"concrete","w":2.4,"wt":0}},{"type":"Feature","geometry":{"type":"LineString","coordinates":[[-97.7292464,30.292014],[-97.7289708,30.2918893]]},"properties":{"k":"path","u":"footway","s":"concrete","w":2.4,"wt":0}},{"type":"Feature","geometry":{"type":"LineString","coordinates":[[-97.7285214,30.2916544],[-97.7284719,30.2916246],[-97.728413,30.2915968],[-97.7283454,30.2915649],[-97.7281693,30.2914845],[-97.7279477,30.2913857],[-97.7278483,30.2913414],[-97.7277447,30.2912892],[-97.7276826,30.2912579],[-97.7275077,30.2911705],[-97.7273178,30.2910781],[-97.7273019,30.2910676],[-97.7272902,30.2910513],[-97.7272787,30.2910244],[-97.7272863,30.2909941],[-97.7272879,30.2909877],[-97.7273005,30.290941],[-97.7273097,30.2909062],[-97.7273535,30.2908436],[-97.7273638,30.2908247],[-97.7273799,30.290627],[-97.7273742,30.2905823],[-97.7273581,30.2905207],[-97.7273397,30.2904521],[-97.7273454,30.2904223],[-97.7273615,30.2903955]]},"properties":{"k":"path","u":"footway","s":"concrete","w":2.4,"wt":0}},{"type":"Feature","geometry":{"type":"LineString","coordinates":[[-97.7279714,30.2905425],[-97.7279875,30.2904909],[-97.7279852,30.2904491],[-97.7279806,30.2904332],[-97.7278598,30.2903726],[-97.7277436,30.2905574],[-97.727625,30.2907452]]},"properties":{"k":"path","u":"footway","s":"concrete","w":2.4,"wt":0}},{"type":"Feature","geometry":{"type":"LineString","coordinates":[[-97.727625,30.2907452],[-97.7276158,30.2907674],[-97.727602,30.2908009],[-97.7275675,30.2908406],[-97.7275514,30.2908714],[-97.7274939,30.2909062],[-97.7273696,30.2909956],[-97.7272863,30.2909941]]},"properties":{"k":"path","u":"footway","s":"concrete","w":2.4,"wt":0}},{"type":"Feature","geometry":{"type":"LineString","coordinates":[[-97.7273019,30.2910676],[-97.7273696,30.2909956]]},"properties":{"k":"path","u":"footway","s":"concrete","w":2.4,"wt":0}},{"type":"Feature","geometry":{"type":"LineString","coordinates":[[-97.7309453,30.2929552],[-97.7309485,30.2929717],[-97.7309676,30.292979],[-97.730905,30.2930899],[-97.7307213,30.2933741],[-97.7305992,30.2935583],[-97.7304963,30.293727],[-97.7303084,30.2940029],[-97.7302107,30.2941807],[-97.7299729,30.294067],[-97.7295961,30.2938874],[-97.7291853,30.2936894],[-97.7287564,30.2934887]]},"properties":{"k":"path","u":"footway","s":"concrete","w":2.4,"wt":0}},{"type":"Feature","geometry":{"type":"LineString","coordinates":[[-97.7311204,30.2930322],[-97.7311132,30.2930436],[-97.7310866,30.2930859],[-97.7310164,30.2931972],[-97.7308073,30.2935281],[-97.7306353,30.2937985],[-97.7304506,30.2940808],[-97.7302702,30.2943631],[-97.730077,30.2946692],[-97.7298795,30.2949799],[-97.729776,30.2951503]]},"properties":{"k":"path","u":"footway","s":"concrete","w":2.4,"wt":0}},{"type":"Feature","geometry":{"type":"LineString","coordinates":[[-97.730168,30.2942856],[-97.7300011,30.2942087],[-97.7296681,30.2940512],[-97.7293988,30.2939256],[-97.7291303,30.2937975],[-97.7286311,30.293558]]},"properties":{"k":"path","u":"footway","s":"concrete","w":2.4,"wt":0}},{"type":"Feature","geometry":{"type":"LineString","coordinates":[[-97.7310855,30.2928837],[-97.7311804,30.2929296],[-97.7314927,30.2930808],[-97.7315268,30.2930973],[-97.7320924,30.2933709],[-97.7323732,30.2935048],[-97.7324476,30.2935403],[-97.7328688,30.2937457],[-97.7331325,30.2933321],[-97.7335419,30.2926963]]},"properties":{"k":"path","u":"footway","s":"concrete","w":2.4,"wt":0}},{"type":"Feature","geometry":{"type":"LineString","coordinates":[[-97.7317519,30.2917018],[-97.7317341,30.2916967]]},"properties":{"k":"path","u":"footway","s":"concrete","w":2.4,"wt":0}},{"type":"Feature","geometry":{"type":"LineString","coordinates":[[-97.7344559,30.2891314],[-97.7344707,30.2890909],[-97.7344766,30.2890592],[-97.7344701,30.2890299],[-97.7344274,30.2889218],[-97.7343924,30.2888439],[-97.7343769,30.2887747],[-97.7343663,30.288746],[-97.7343415,30.2886976],[-97.7343241,30.2886635],[-97.7342754,30.2885149],[-97.7342689,30.2884913],[-97.7342303,30.2884344],[-97.734205,30.2884059]]},"properties":{"k":"path","u":"footway","s":"concrete","w":2.4,"wt":0}},{"type":"Feature","geometry":{"type":"LineString","coordinates":[[-97.7339935,30.2881658],[-97.7339191,30.2880861],[-97.7339003,30.2880664]]},"properties":{"k":"path","u":"footway","s":"concrete","w":2.4,"wt":0}},{"type":"Feature","geometry":{"type":"LineString","coordinates":[[-97.734205,30.2884059],[-97.7339935,30.2881658]]},"properties":{"k":"path","u":"footway","s":"concrete","w":2.4,"wt":0}},{"type":"Feature","geometry":{"type":"LineString","coordinates":[[-97.7344559,30.2891314],[-97.7344403,30.2891421],[-97.7344181,30.2891492],[-97.7343928,30.2891492],[-97.7342207,30.2891319],[-97.7339803,30.2891146],[-97.7337028,30.2890922],[-97.7334898,30.2890729],[-97.733442,30.2890674],[-97.7333844,30.2890608],[-97.7331515,30.2890422],[-97.7331314,30.2890422],[-97.733098,30.2890588],[-97.7330008,30.2890443],[-97.732914,30.2890313],[-97.7328836,30.2890371],[-97.7328285,30.2890129],[-97.7326863,30.2890151],[-97.7325099,30.2890316],[-97.7321889,30.2890539],[-97.7319626,30.2890704],[-97.7317173,30.289084],[-97.7314112,30.2891077],[-97.7313416,30.2891116],[-97.7312939,30.2891142],[-97.7311592,30.2891099],[-97.7310277,30.2891027],[-97.7308123,30.2890761],[-97.7306576,30.289041],[-97.7306379,30.2890363],[-97.7303607,30.2889699],[-97.7302118,30.2889275],[-97.7300721,30.288875],[-97.730018,30.2888549],[-97.7298675,30.2887695],[-97.729771,30.288712],[-97.7296587,30.2886201],[-97.7295422,30.2885159],[-97.7293659,30.2883227],[-97.7293647,30.2883084],[-97.7293636,30.2882955],[-97.7293626,30.2882847],[-97.7293726,30.2882552],[-97.729395,30.2882272],[-97.7295689,30.2880692],[-97.7297427,30.2879162],[-97.7298666,30.2877977],[-97.7299282,30.2877209],[-97.7299664,30.2876562],[-97.7299897,30.2876196],[-97.7300097,30.2876203],[-97.7300455,30.2876268],[-97.7301145,30.2876562],[-97.7302193,30.2877202],[-97.730351,30.2878224],[-97.7302975,30.2878767],[-97.7302501,30.2879105],[-97.7301561,30.2879478],[-97.730013,30.2880089],[-97.7299066,30.2880613],[-97.7295847,30.2882002],[-97.7293647,30.2883084]]},"properties":{"k":"path","u":"footway","s":"concrete","w":2.4,"wt":0}},{"type":"Feature","geometry":{"type":"LineString","coordinates":[[-97.7348742,30.2883351],[-97.7347404,30.2883432]]},"properties":{"k":"path","u":"footway","s":"concrete","w":2.4,"wt":0}},{"type":"Feature","geometry":{"type":"LineString","coordinates":[[-97.7347404,30.2883432],[-97.7347776,30.2882845],[-97.7347818,30.2882389],[-97.7347817,30.288186],[-97.7347756,30.2881319],[-97.7347756,30.2881017],[-97.7347831,30.2880834],[-97.7347869,30.2880742],[-97.7348321,30.2880183],[-97.7348822,30.2879865]]},"properties":{"k":"path","u":"footway","s":"concrete","w":2.4,"wt":0}},{"type":"Feature","geometry":{"type":"LineString","coordinates":[[-97.7346892,30.2884074],[-97.7347404,30.2883432]]},"properties":{"k":"path","u":"footway","s":"concrete","w":2.4,"wt":0}},{"type":"Feature","geometry":{"type":"LineString","coordinates":[[-97.7348822,30.2879865],[-97.7349061,30.2879713],[-97.7349293,30.2878677]]},"properties":{"k":"path","u":"footway","s":"concrete","w":2.4,"wt":0}},{"type":"Feature","geometry":{"type":"LineString","coordinates":[[-97.7348899,30.2881197],[-97.7347831,30.2880834]]},"properties":{"k":"path","u":"footway","s":"concrete","w":2.4,"wt":0}},{"type":"Feature","geometry":{"type":"LineString","coordinates":[[-97.7345594,30.2885663],[-97.734612,30.2886692],[-97.7346417,30.2887333],[-97.7346773,30.2888205],[-97.7347337,30.2890692],[-97.7347426,30.2891551],[-97.7347692,30.2891893]]},"properties":{"k":"path","u":"footway","s":"concrete","w":2.4,"wt":0}},{"type":"Feature","geometry":{"type":"LineString","coordinates":[[-97.7338923,30.2774637],[-97.7339068,30.2774868]]},"properties":{"k":"path","u":"steps","s":"concrete","w":3.0,"wt":0}},{"type":"Feature","geometry":{"type":"LineString","coordinates":[[-97.7338986,30.2775276],[-97.7339087,30.2775007]]},"properties":{"k":"path","u":"steps","s":"concrete","w":3.0,"wt":0}},{"type":"Feature","geometry":{"type":"LineString","coordinates":[[-97.7339087,30.2775007],[-97.7339114,30.2774945],[-97.7339068,30.2774868]]},"properties":{"k":"path","u":"footway","s":"concrete","w":2.4,"wt":0}},{"type":"Feature","geometry":{"type":"LineString","coordinates":[[-97.7338736,30.2774296],[-97.7338578,30.2773967],[-97.7338685,30.2773655]]},"properties":{"k":"path","u":"footway","s":"concrete","w":2.4,"wt":0}},{"type":"Feature","geometry":{"type":"LineString","coordinates":[[-97.7340937,30.277427],[-97.7338685,30.2773655],[-97.7333133,30.2772134]]},"properties":{"k":"path","u":"footway","s":"concrete","w":2.4,"wt":0}},{"type":"Feature","geometry":{"type":"LineString","coordinates":[[-97.7342584,30.2784489],[-97.7342746,30.2784021],[-97.7342836,30.2783694],[-97.7342874,30.2783386],[-97.7342738,30.2783111],[-97.7341521,30.2780923],[-97.7341409,30.2780358],[-97.7341432,30.2779926],[-97.7341675,30.2779346],[-97.7342299,30.2778648],[-97.7344053,30.2777782],[-97.7343931,30.2777669],[-97.7344298,30.2777377],[-97.734467,30.2777],[-97.7344828,30.27768],[-97.7345114,30.2776148],[-97.7345344,30.2775523],[-97.7346167,30.2773304],[-97.7346952,30.2773313]]},"properties":{"k":"path","u":"footway","s":"concrete","w":2.4,"wt":0}},{"type":"Feature","geometry":{"type":"LineString","coordinates":[[-97.7354814,30.2759205],[-97.7354655,30.2759664],[-97.7354474,30.2759954],[-97.7354177,30.276015],[-97.7353718,30.2760269],[-97.7353205,30.2760354],[-97.7352817,30.2760531],[-97.735261,30.2760727],[-97.735245,30.276115],[-97.7352322,30.2761519],[-97.7351384,30.276124],[-97.7346952,30.2773313],[-97.734615,30.2775498],[-97.7345695,30.2776456],[-97.7345451,30.2776749],[-97.7345058,30.2777222],[-97.7345022,30.2777266],[-97.7344687,30.2777684],[-97.7344201,30.2777917],[-97.7344053,30.2777782]]},"properties":{"k":"path","u":"footway","s":"concrete","w":2.4,"wt":0}},{"type":"Feature","geometry":{"type":"LineString","coordinates":[[-97.7357749,30.2763044],[-97.7352322,30.2761519]]},"properties":{"k":"path","u":"footway","s":"concrete","w":2.4,"wt":0}},{"type":"Feature","geometry":{"type":"LineString","coordinates":[[-97.7482338,30.2763453],[-97.7477867,30.2762231],[-97.7478027,30.2761804],[-97.7477899,30.2761768]]},"properties":{"k":"path","u":"footway","s":"concrete","w":2.4,"wt":0}},{"type":"Feature","geometry":{"type":"LineString","coordinates":[[-97.7480264,30.2763009],[-97.7480419,30.2762628]]},"properties":{"k":"path","u":"steps","s":"concrete","w":3.0,"wt":0}},{"type":"Feature","geometry":{"type":"LineString","coordinates":[[-97.7480419,30.2762628],[-97.7480458,30.2762525],[-97.7480966,30.2761271],[-97.7481002,30.276119]]},"properties":{"k":"path","u":"footway","s":"concrete","w":2.4,"wt":0}},{"type":"Feature","geometry":{"type":"LineString","coordinates":[[-97.7477142,30.2761554],[-97.7476851,30.2761472]]},"properties":{"k":"path","u":"steps","s":"concrete","w":3.0,"wt":0}},{"type":"Feature","geometry":{"type":"LineString","coordinates":[[-97.747628,30.2761926],[-97.7476509,30.2761374],[-97.7476822,30.2760593]]},"properties":{"k":"path","u":"footway","s":"concrete","w":2.4,"wt":0}},{"type":"Feature","geometry":{"type":"LineString","coordinates":[[-97.7476851,30.2761472],[-97.7476509,30.2761374],[-97.7474975,30.276094],[-97.7473794,30.2760606]]},"properties":{"k":"path","u":"footway","s":"concrete","w":2.4,"wt":0}},{"type":"Feature","geometry":{"type":"LineString","coordinates":[[-97.7476822,30.2760593],[-97.7476921,30.2760343]]},"properties":{"k":"path","u":"steps","s":"concrete","w":3.0,"wt":0}},{"type":"Feature","geometry":{"type":"LineString","coordinates":[[-97.7483062,30.276123],[-97.7482496,30.2761178],[-97.7482011,30.2761275],[-97.7481002,30.276119]]},"properties":{"k":"path","u":"footway","s":"paving","w":2.4,"wt":0}},{"type":"Feature","geometry":{"type":"LineString","coordinates":[[-97.7473436,30.2761538],[-97.7474243,30.2762828]]},"properties":{"k":"path","u":"footway","s":"concrete","w":2.4,"wt":0}},{"type":"Feature","geometry":{"type":"LineString","coordinates":[[-97.7474073,30.2759853],[-97.7474945,30.2760095],[-97.7475233,30.2760174],[-97.7474975,30.276094],[-97.7474243,30.2762828],[-97.7473659,30.2764386],[-97.7473077,30.2765935],[-97.7471934,30.2769011],[-97.7471892,30.2769137],[-97.7470993,30.2771497]]},"properties":{"k":"path","u":"footway","s":"concrete","w":2.4,"wt":0}},{"type":"Feature","geometry":{"type":"LineString","coordinates":[[-97.7470772,30.2768703],[-97.7471934,30.2769011]]},"properties":{"k":"path","u":"footway","s":"concrete","w":2.4,"wt":0}},{"type":"Feature","geometry":{"type":"LineString","coordinates":[[-97.7482289,30.2763606],[-97.7482338,30.2763453],[-97.7482777,30.2761904],[-97.7483062,30.276123]]},"properties":{"k":"path","u":"footway","s":"paving","w":2.4,"wt":0}},{"type":"Feature","geometry":{"type":"LineString","coordinates":[[-97.7351444,30.2797093],[-97.7350607,30.2796885],[-97.7350046,30.2796777],[-97.7347041,30.2795866],[-97.7346829,30.2795784],[-97.7346745,30.2795585]]},"properties":{"k":"path","u":"footway","s":"paving","w":2.4,"wt":0}},{"type":"Feature","geometry":{"type":"LineString","coordinates":[[-97.7356602,30.2798573],[-97.7356627,30.2798488],[-97.73558,30.2798284],[-97.735511,30.2798114]]},"properties":{"k":"path","u":"footway","s":"paving","w":2.4,"wt":0}},{"type":"Feature","geometry":{"type":"LineString","coordinates":[[-97.7349737,30.2788635],[-97.7349912,30.2788653],[-97.7351113,30.2787484],[-97.7351154,30.2787232]]},"properties":{"k":"path","u":"footway","s":"concrete","w":2.4,"wt":0}},{"type":"Feature","geometry":{"type":"LineString","coordinates":[[-97.7348227,30.2791188],[-97.7348171,30.2790967],[-97.7348631,30.2790006],[-97.7349369,30.2789029],[-97.7349737,30.2788635]]},"properties":{"k":"path","u":"footway","s":"concrete","w":2.4,"wt":0}},{"type":"Feature","geometry":{"type":"LineString","coordinates":[[-97.7346334,30.2790674],[-97.7346562,30.279057],[-97.7346817,30.2789991],[-97.7347125,30.2789504],[-97.73481,30.2788133],[-97.7348131,30.2787855]]},"properties":{"k":"path","u":"footway","s":"paving","w":2.4,"wt":0}},{"type":"Feature","geometry":{"type":"LineString","coordinates":[[-97.7359203,30.2876834],[-97.7351275,30.2876184]]},"properties":{"k":"path","u":"footway","s":"concrete","w":2.4,"wt":0}},{"type":"Feature","geometry":{"type":"LineString","coordinates":[[-97.7358743,30.2880222],[-97.7359164,30.2877309],[-97.7359203,30.2876834]]},"properties":{"k":"path","u":"footway","s":"concrete","w":2.4,"wt":0}},{"type":"Feature","geometry":{"type":"LineString","coordinates":[[-97.7414787,30.2765084],[-97.7414714,30.2765283]]},"properties":{"k":"path","u":"footway","s":"concrete","w":2.4,"wt":0}},{"type":"Feature","geometry":{"type":"LineString","coordinates":[[-97.7414714,30.2765283],[-97.7414636,30.2765501]]},"properties":{"k":"path","u":"steps","s":"brick","w":3.0,"wt":0}},{"type":"Feature","geometry":{"type":"LineString","coordinates":[[-97.7413507,30.2768399],[-97.7413437,30.2768594]]},"properties":{"k":"path","u":"steps","s":"brick","w":3.0,"wt":0}},{"type":"Feature","geometry":{"type":"LineString","coordinates":[[-97.7415057,30.2766839],[-97.7414949,30.2767157]]},"properties":{"k":"path","u":"steps","s":"concrete","w":3.0,"wt":0}},{"type":"Feature","geometry":{"type":"LineString","coordinates":[[-97.7414949,30.2767157],[-97.7414936,30.2767193],[-97.7415061,30.2767226],[-97.7415074,30.2767189]]},"properties":{"k":"path","u":"footway","s":"concrete","w":2.4,"wt":0}},{"type":"Feature","geometry":{"type":"LineString","coordinates":[[-97.7415074,30.2767189],[-97.7415183,30.2766873]]},"properties":{"k":"path","u":"steps","s":"concrete","w":3.0,"wt":0}},{"type":"Feature","geometry":{"type":"LineString","coordinates":[[-97.7278981,30.2914872],[-97.7278927,30.2915538],[-97.7278811,30.2916048],[-97.7278534,30.2916481],[-97.7278475,30.2917062],[-97.7278697,30.2917606],[-97.7279342,30.2918391]]},"properties":{"k":"path","u":"footway","s":"concrete","w":2.4,"wt":0}},{"type":"Feature","geometry":{"type":"LineString","coordinates":[[-97.7366717,30.2899124],[-97.7367145,30.2896155],[-97.736701,30.2895832],[-97.7366582,30.2895624],[-97.7357965,30.2895058],[-97.7356582,30.2895006],[-97.7350163,30.2894767]]},"properties":{"k":"path","u":"footway","s":"concrete","w":2.4,"wt":0}},{"type":"Feature","geometry":{"type":"LineString","coordinates":[[-97.731463,30.2959645],[-97.7317209,30.2955552],[-97.7319841,30.2951375]]},"properties":{"k":"path","u":"footway","s":"paving","w":2.4,"wt":0}},{"type":"Feature","geometry":{"type":"LineString","coordinates":[[-97.7319841,30.2951375],[-97.7322892,30.294664]]},"properties":{"k":"path","u":"footway","s":"concrete","w":2.4,"wt":0}},{"type":"Feature","geometry":{"type":"LineString","coordinates":[[-97.7361885,30.2931864],[-97.7361911,30.2931463],[-97.7362755,30.2930532],[-97.7363862,30.2929378],[-97.7364142,30.2929086],[-97.7364681,30.2928524],[-97.7364906,30.2927976]]},"properties":{"k":"path","u":"footway","s":"concrete","w":2.4,"wt":0}},{"type":"Feature","geometry":{"type":"LineString","coordinates":[[-97.7364137,30.292702],[-97.7363668,30.292749],[-97.7363085,30.2928047],[-97.7362823,30.2928249],[-97.7362544,30.2928358],[-97.7362166,30.2928405],[-97.7361895,30.2928366],[-97.7361589,30.2928272],[-97.7361319,30.2928047],[-97.7361156,30.2927868],[-97.7361012,30.2927347],[-97.7360661,30.292538],[-97.7360255,30.2924359],[-97.7359562,30.2922663],[-97.7358651,30.292099],[-97.7357011,30.2919216],[-97.7353885,30.2915964],[-97.7351497,30.2913365],[-97.735001,30.2911754],[-97.734927,30.2910474],[-97.7347739,30.2907755],[-97.7347082,30.2906549],[-97.7347036,30.2906316],[-97.734719,30.2905717],[-97.7347622,30.2905032]]},"properties":{"k":"path","u":"footway","s":"concrete","w":2.4,"wt":0}},{"type":"Feature","geometry":{"type":"LineString","coordinates":[[-97.7348532,30.2904511],[-97.7348776,30.2904402]]},"properties":{"k":"path","u":"footway","s":"concrete","w":2.4,"wt":0}},{"type":"Feature","geometry":{"type":"LineString","coordinates":[[-97.7347622,30.2905032],[-97.7348532,30.2904511]]},"properties":{"k":"path","u":"footway","s":"concrete","w":2.4,"wt":0}},{"type":"Feature","geometry":{"type":"LineString","coordinates":[[-97.7365096,30.2925058],[-97.736517,30.2924818],[-97.7365241,30.2924357],[-97.7365241,30.2923727],[-97.7365213,30.2922539],[-97.73651,30.2920902],[-97.7365114,30.2918671],[-97.7365423,30.2914645],[-97.7365676,30.2911408],[-97.7365759,30.2909717],[-97.7365873,30.2906995],[-97.7366044,30.2905402],[-97.7366168,30.2904247],[-97.7366238,30.29036],[-97.7366547,30.2900556],[-97.7366717,30.2899124]]},"properties":{"k":"path","u":"footway","s":"concrete","w":2.4,"wt":0}},{"type":"Feature","geometry":{"type":"LineString","coordinates":[[-97.7347264,30.2894615],[-97.7346942,30.2895646]]},"properties":{"k":"path","u":"footway","s":"concrete","w":2.4,"wt":0}},{"type":"Feature","geometry":{"type":"LineString","coordinates":[[-97.7346942,30.2895646],[-97.7346465,30.289829],[-97.7345973,30.2900952],[-97.7346039,30.2901343],[-97.7346137,30.2901616],[-97.73463,30.2901936],[-97.7346671,30.2902388],[-97.7347151,30.2902802]]},"properties":{"k":"path","u":"footway","s":"concrete","w":2.4,"wt":0}},{"type":"Feature","geometry":{"type":"LineString","coordinates":[[-97.7347151,30.2902802],[-97.7348557,30.2903141]]},"properties":{"k":"path","u":"footway","s":"concrete","w":2.4,"wt":0}},{"type":"Feature","geometry":{"type":"LineString","coordinates":[[-97.7348557,30.2903141],[-97.7348863,30.290315]]},"properties":{"k":"path","u":"footway","s":"concrete","w":2.4,"wt":0}},{"type":"Feature","geometry":{"type":"LineString","coordinates":[[-97.7349582,30.290316],[-97.7349822,30.2903169],[-97.7349888,30.2902378],[-97.7350167,30.2902135],[-97.7350302,30.2899998],[-97.7350645,30.2896581],[-97.735002,30.2896105],[-97.7350163,30.2894767]]},"properties":{"k":"path","u":"footway","s":"concrete","w":2.4,"wt":0}},{"type":"Feature","geometry":{"type":"LineString","coordinates":[[-97.7349822,30.2903169],[-97.7349812,30.2903319],[-97.7352041,30.2903467]]},"properties":{"k":"path","u":"footway","s":"concrete","w":2.4,"wt":0}},{"type":"Feature","geometry":{"type":"LineString","coordinates":[[-97.7343626,30.2900872],[-97.7343865,30.2901181],[-97.7343738,30.2902216],[-97.7343702,30.2903235],[-97.7343629,30.2904081],[-97.734372,30.2904928]]},"properties":{"k":"path","u":"footway","s":"concrete","w":2.4,"wt":0}},{"type":"Feature","geometry":{"type":"LineString","coordinates":[[-97.7345045,30.2908675],[-97.7345301,30.2909155],[-97.7345184,30.2909713]]},"properties":{"k":"path","u":"footway","s":"concrete","w":2.4,"wt":0}},{"type":"Feature","geometry":{"type":"LineString","coordinates":[[-97.7341088,30.291802],[-97.7339691,30.2917457],[-97.7338086,30.2916756],[-97.7337308,30.2916412],[-97.7336745,30.2916162],[-97.7336349,30.2915989],[-97.7334699,30.2915264],[-97.7332776,30.291435],[-97.7332021,30.2913991]]},"properties":{"k":"path","u":"footway","s":"concrete","w":2.4,"wt":0}},{"type":"Feature","geometry":{"type":"LineString","coordinates":[[-97.7331016,30.2913513],[-97.7328882,30.2912498],[-97.732826,30.2912202],[-97.7324396,30.2910359],[-97.7323602,30.2909951]]},"properties":{"k":"path","u":"footway","s":"concrete","w":2.4,"wt":0}},{"type":"Feature","geometry":{"type":"LineString","coordinates":[[-97.7332021,30.2913991],[-97.7331518,30.2913752],[-97.7331016,30.2913513]]},"properties":{"k":"path","u":"footway","s":"concrete","w":2.4,"wt":0}},{"type":"Feature","geometry":{"type":"LineString","coordinates":[[-97.7322893,30.2911132],[-97.7324411,30.2911838],[-97.7324645,30.2911949],[-97.7327429,30.291327],[-97.7327569,30.2913339],[-97.7328147,30.291362],[-97.733126,30.2915137],[-97.733213,30.2915501],[-97.73334,30.2916033],[-97.733413,30.2916375],[-97.7335861,30.2917188],[-97.7336867,30.2917696],[-97.7337132,30.2917828],[-97.7338706,30.2918592],[-97.7340264,30.2919348]]},"properties":{"k":"path","u":"footway","s":"concrete","w":2.4,"wt":0}},{"type":"Feature","geometry":{"type":"LineString","coordinates":[[-97.7371463,30.2939496],[-97.7374509,30.294187],[-97.7375353,30.2942465],[-97.7376747,30.2943171],[-97.7380201,30.2944726],[-97.7383058,30.2946079],[-97.7383554,30.2946314],[-97.7384082,30.2946564],[-97.7384315,30.294672],[-97.7384462,30.2946921],[-97.7384857,30.2947115]]},"properties":{"k":"path","u":"footway","s":"concrete","w":2.4,"wt":0}},{"type":"Feature","geometry":{"type":"LineString","coordinates":[[-97.7386376,30.2947737],[-97.738946,30.2949133],[-97.7389779,30.2949294],[-97.7390305,30.2949559],[-97.7392164,30.2950373],[-97.7394015,30.2951261],[-97.7394592,30.2951552],[-97.7395015,30.2951783],[-97.7395634,30.2952178],[-97.7396352,30.2952658],[-97.7396796,30.2952902],[-97.7397063,30.2953011],[-97.7397408,30.2953072],[-97.7397633,30.2953072],[-97.739807,30.2953035],[-97.739833,30.295295]]},"properties":{"k":"path","u":"footway","s":"concrete","w":2.4,"wt":0}},{"type":"Feature","geometry":{"type":"LineString","coordinates":[[-97.7365544,30.293474],[-97.7366547,30.2935518],[-97.7369433,30.2937876],[-97.7370681,30.2938872]]},"properties":{"k":"path","u":"footway","s":"concrete","w":2.4,"wt":0}},{"type":"Feature","geometry":{"type":"LineString","coordinates":[[-97.7361885,30.2931864],[-97.7362492,30.2932418],[-97.7362725,30.2932564],[-97.7363077,30.2932771],[-97.7363253,30.2932953],[-97.7364541,30.2933962],[-97.7364968,30.2934293]]},"properties":{"k":"path","u":"footway","s":"concrete","w":2.4,"wt":0}},{"type":"Feature","geometry":{"type":"LineString","coordinates":[[-97.7371024,30.2941006],[-97.7370756,30.29408],[-97.7368548,30.2939097],[-97.7367524,30.2938305],[-97.7366522,30.2937494],[-97.7365161,30.2936394],[-97.7364142,30.2935612],[-97.7361785,30.2933803],[-97.7360662,30.2932849]]},"properties":{"k":"path","u":"footway","s":"concrete","w":2.4,"wt":0}},{"type":"Feature","geometry":{"type":"LineString","coordinates":[[-97.739631,30.2954773],[-97.7396069,30.2954637],[-97.7396153,30.2954011],[-97.739427,30.2953144]]},"properties":{"k":"path","u":"footway","s":"concrete","w":2.4,"wt":0}},{"type":"Feature","geometry":{"type":"LineString","coordinates":[[-97.7392952,30.295253],[-97.7391224,30.2951737],[-97.7389134,30.2950788],[-97.7388472,30.2950468],[-97.7386416,30.2949474],[-97.7384774,30.2948688],[-97.7384628,30.2948618]]},"properties":{"k":"path","u":"footway","s":"concrete","w":2.4,"wt":0}},{"type":"Feature","geometry":{"type":"LineString","coordinates":[[-97.7392952,30.295253],[-97.7392903,30.2952686],[-97.739178,30.2954522],[-97.7390342,30.295689],[-97.7389702,30.295785]]},"properties":{"k":"path","u":"footway","s":"concrete","w":2.4,"wt":0}},{"type":"Feature","geometry":{"type":"LineString","coordinates":[[-97.7384774,30.2948688],[-97.7383513,30.2950513],[-97.7383323,30.2950788],[-97.7382187,30.2952634],[-97.7382042,30.2952895]]},"properties":{"k":"path","u":"footway","s":"concrete","w":2.4,"wt":0}},{"type":"Feature","geometry":{"type":"LineString","coordinates":[[-97.7379193,30.2946021],[-97.737812,30.2945516],[-97.737522,30.2944166],[-97.7374925,30.2944586],[-97.7372911,30.29479],[-97.7370449,30.2951777],[-97.7370341,30.2951948]]},"properties":{"k":"path","u":"footway","s":"concrete","w":2.4,"wt":0}},{"type":"Feature","geometry":{"type":"LineString","coordinates":[[-97.7374533,30.2953667],[-97.7371396,30.2952162],[-97.7370449,30.2951777],[-97.7370205,30.2951678]]},"properties":{"k":"path","u":"footway","s":"concrete","w":2.4,"wt":0}},{"type":"Feature","geometry":{"type":"LineString","coordinates":[[-97.738195,30.2950582],[-97.7383379,30.2948435],[-97.7383595,30.2948118]]},"properties":{"k":"path","u":"footway","s":"concrete","w":2.4,"wt":0}},{"type":"Feature","geometry":{"type":"LineString","coordinates":[[-97.738195,30.2950582],[-97.7381484,30.2951257],[-97.7381484,30.2951448],[-97.7380726,30.295245]]},"properties":{"k":"path","u":"footway","s":"concrete","w":2.4,"wt":0}},{"type":"Feature","geometry":{"type":"LineString","coordinates":[[-97.7393209,30.2769707],[-97.7393158,30.2769865]]},"properties":{"k":"path","u":"footway","s":"concrete","w":2.4,"wt":0}},{"type":"Feature","geometry":{"type":"LineString","coordinates":[[-97.7405704,30.2783076],[-97.7405493,30.2783144]]},"properties":{"k":"path","u":"footway","s":"concrete","w":2.4,"wt":0}},{"type":"Feature","geometry":{"type":"LineString","coordinates":[[-97.7473077,30.2765935],[-97.7471669,30.2766291]]},"properties":{"k":"path","u":"footway","s":"concrete","w":2.4,"wt":0}},{"type":"Feature","geometry":{"type":"LineString","coordinates":[[-97.7469863,30.2771158],[-97.7470993,30.2771497],[-97.7477032,30.2773234],[-97.7477203,30.2772766],[-97.7478913,30.2773177]]},"properties":{"k":"path","u":"footway","s":"concrete","w":2.4,"wt":0}},{"type":"Feature","geometry":{"type":"LineString","coordinates":[[-97.7473768,30.2764411],[-97.7473659,30.2764386],[-97.7472499,30.2764057]]},"properties":{"k":"path","u":"footway","s":"paving","w":2.4,"wt":0}},{"type":"Feature","geometry":{"type":"LineString","coordinates":[[-97.7473768,30.2764411],[-97.7473902,30.2764451]]},"properties":{"k":"path","u":"steps","s":"concrete","w":3.0,"wt":0}},{"type":"Feature","geometry":{"type":"LineString","coordinates":[[-97.7473902,30.2764451],[-97.7473994,30.2764474]]},"properties":{"k":"path","u":"footway","s":"concrete","w":2.4,"wt":0}},{"type":"Feature","geometry":{"type":"LineString","coordinates":[[-97.7471892,30.2769137],[-97.7472301,30.2769248],[-97.747234,30.2769133],[-97.7473205,30.2769394]]},"properties":{"k":"path","u":"footway","s":"concrete","w":2.4,"wt":0}},{"type":"Feature","geometry":{"type":"LineString","coordinates":[[-97.7473205,30.2769394],[-97.7473422,30.2769461],[-97.7473626,30.2769524]]},"properties":{"k":"path","u":"footway","s":"paving","w":2.4,"wt":0}},{"type":"Feature","geometry":{"type":"LineString","coordinates":[[-97.7473312,30.276975],[-97.7473422,30.2769461],[-97.7474078,30.2767723]]},"properties":{"k":"path","u":"footway","s":"concrete","w":2.4,"wt":0}},{"type":"Feature","geometry":{"type":"LineString","coordinates":[[-97.7473626,30.2769524],[-97.7477171,30.2770496],[-97.7477304,30.2770135],[-97.7477629,30.2770224],[-97.7477877,30.2769547],[-97.7480028,30.2770136]]},"properties":{"k":"path","u":"footway","s":"concrete","w":2.4,"wt":0}},{"type":"Feature","geometry":{"type":"LineString","coordinates":[[-97.7477877,30.2769547],[-97.7477963,30.2769268]]},"properties":{"k":"path","u":"footway","s":"concrete","w":2.4,"wt":0}},{"type":"Feature","geometry":{"type":"LineString","coordinates":[[-97.7477963,30.2769268],[-97.7478058,30.2768961]]},"properties":{"k":"path","u":"steps","s":"concrete","w":3.0,"wt":0}},{"type":"Feature","geometry":{"type":"LineString","coordinates":[[-97.7478058,30.2768961],[-97.7478101,30.2768806]]},"properties":{"k":"path","u":"footway","s":"concrete","w":2.4,"wt":0}},{"type":"Feature","geometry":{"type":"LineString","coordinates":[[-97.7481368,30.2766519],[-97.7480057,30.2766152]]},"properties":{"k":"path","u":"footway","s":"concrete","w":2.4,"wt":0}},{"type":"Feature","geometry":{"type":"LineString","coordinates":[[-97.7480215,30.2766713],[-97.7480116,30.2766946],[-97.7480351,30.2767016]]},"properties":{"k":"path","u":"footway","s":"concrete","w":2.4,"wt":0}},{"type":"Feature","geometry":{"type":"LineString","coordinates":[[-97.7480614,30.2767089],[-97.7481101,30.2767229]]},"properties":{"k":"path","u":"footway","s":"concrete","w":2.4,"wt":0}},{"type":"Feature","geometry":{"type":"LineString","coordinates":[[-97.7480351,30.2767016],[-97.7480614,30.2767089]]},"properties":{"k":"path","u":"steps","s":"concrete","w":3.0,"wt":0}},{"type":"Feature","geometry":{"type":"LineString","coordinates":[[-97.7481641,30.2765823],[-97.7481144,30.2765682]]},"properties":{"k":"path","u":"footway","s":"concrete","w":2.4,"wt":0}},{"type":"Feature","geometry":{"type":"LineString","coordinates":[[-97.7481144,30.2765682],[-97.7480894,30.2765611]]},"properties":{"k":"path","u":"steps","s":"concrete","w":3.0,"wt":0}},{"type":"Feature","geometry":{"type":"LineString","coordinates":[[-97.7480894,30.2765611],[-97.7480657,30.276554],[-97.7480579,30.2765734]]},"properties":{"k":"path","u":"footway","s":"concrete","w":2.4,"wt":0}},{"type":"Feature","geometry":{"type":"LineString","coordinates":[[-97.7480477,30.2766019],[-97.748039,30.2766253],[-97.7480314,30.2766461]]},"properties":{"k":"path","u":"footway","s":"concrete","w":2.4,"wt":0}},{"type":"Feature","geometry":{"type":"LineString","coordinates":[[-97.7480314,30.2766461],[-97.7480215,30.2766713]]},"properties":{"k":"path","u":"steps","s":"concrete","w":3.0,"wt":0}},{"type":"Feature","geometry":{"type":"LineString","coordinates":[[-97.7480579,30.2765734],[-97.7480477,30.2766019]]},"properties":{"k":"path","u":"steps","s":"concrete","w":3.0,"wt":0}},{"type":"Feature","geometry":{"type":"LineString","coordinates":[[-97.748039,30.2766253],[-97.7480055,30.276616]]},"properties":{"k":"path","u":"footway","s":"concrete","w":2.4,"wt":0}},{"type":"Feature","geometry":{"type":"LineString","coordinates":[[-97.738693,30.2806803],[-97.7387265,30.2805859]]},"properties":{"k":"path","u":"footway","s":"concrete","w":2.4,"wt":0}},{"type":"Feature","geometry":{"type":"LineString","coordinates":[[-97.7399164,30.2795058],[-97.7398871,30.279497]]},"properties":{"k":"path","u":"footway","s":"concrete","w":2.4,"wt":0}},{"type":"Feature","geometry":{"type":"LineString","coordinates":[[-97.7398871,30.279497],[-97.739864,30.2794902]]},"properties":{"k":"path","u":"steps","s":"concrete","w":3.0,"wt":0}},{"type":"Feature","geometry":{"type":"LineString","coordinates":[[-97.739864,30.2794902],[-97.7398427,30.2794838],[-97.7397973,30.2794701]]},"properties":{"k":"path","u":"footway","s":"concrete","w":2.4,"wt":0}},{"type":"Feature","geometry":{"type":"LineString","coordinates":[[-97.7397973,30.2794701],[-97.7397803,30.2794651]]},"properties":{"k":"path","u":"steps","s":"concrete","w":3.0,"wt":0}},{"type":"Feature","geometry":{"type":"LineString","coordinates":[[-97.7397803,30.2794651],[-97.7396854,30.2794368]]},"properties":{"k":"path","u":"footway","s":"concrete","w":2.4,"wt":0}},{"type":"Feature","geometry":{"type":"LineString","coordinates":[[-97.7390853,30.279869],[-97.7391247,30.2798231]]},"properties":{"k":"path","u":"footway","s":"asphalt","w":2.4,"wt":0}},{"type":"Feature","geometry":{"type":"LineString","coordinates":[[-97.7391518,30.2797412],[-97.7391555,30.2797295]]},"properties":{"k":"path","u":"footway","s":"concrete","w":2.4,"wt":0}},{"type":"Feature","geometry":{"type":"LineString","coordinates":[[-97.7391555,30.2797295],[-97.7391878,30.2796392],[-97.7392116,30.2795723],[-97.7392138,30.2795662]]},"properties":{"k":"path","u":"footway","s":"concrete","w":2.4,"wt":0}},{"type":"Feature","geometry":{"type":"LineString","coordinates":[[-97.7398832,30.279439],[-97.7399146,30.2793562],[-97.7398742,30.2793448],[-97.7398428,30.2794276],[-97.7398623,30.2794331],[-97.7398832,30.279439]]},"properties":{"k":"path","u":"footway","s":"concrete","w":2.4,"wt":0}},{"type":"Feature","geometry":{"type":"LineString","coordinates":[[-97.7398117,30.2796228],[-97.7398432,30.2795401],[-97.7398236,30.2795345],[-97.7398028,30.2795286],[-97.7397714,30.2796114],[-97.7398117,30.2796228]]},"properties":{"k":"path","u":"footway","s":"concrete","w":2.4,"wt":0}},{"type":"Feature","geometry":{"type":"LineString","coordinates":[[-97.7398623,30.2794331],[-97.7398586,30.2794425]]},"properties":{"k":"path","u":"footway","s":"concrete","w":2.4,"wt":0}},{"type":"Feature","geometry":{"type":"LineString","coordinates":[[-97.7398586,30.2794425],[-97.7398549,30.2794523]]},"properties":{"k":"path","u":"steps","s":"concrete","w":3.0,"wt":0}},{"type":"Feature","geometry":{"type":"LineString","coordinates":[[-97.7398236,30.2795345],[-97.7398267,30.2795256]]},"properties":{"k":"path","u":"footway","s":"concrete","w":2.4,"wt":0}},{"type":"Feature","geometry":{"type":"LineString","coordinates":[[-97.7398267,30.2795256],[-97.7398304,30.2795152]]},"properties":{"k":"path","u":"steps","s":"concrete","w":3.0,"wt":0}},{"type":"Feature","geometry":{"type":"LineString","coordinates":[[-97.7398304,30.2795152],[-97.7398427,30.2794838],[-97.7398549,30.2794523]]},"properties":{"k":"path","u":"footway","s":"concrete","w":2.4,"wt":0}},{"type":"Feature","geometry":{"type":"LineString","coordinates":[[-97.7397406,30.2800348],[-97.7397336,30.2800547]]},"properties":{"k":"path","u":"footway","s":"paving","w":2.4,"wt":0}},{"type":"Feature","geometry":{"type":"LineString","coordinates":[[-97.739669,30.2802234],[-97.7396336,30.280213],[-97.739583,30.2803519],[-97.739561,30.2804123],[-97.7395122,30.2805461],[-97.7394843,30.2806225],[-97.7394692,30.2806182]]},"properties":{"k":"path","u":"footway","s":"concrete","w":2.4,"wt":0}},{"type":"Feature","geometry":{"type":"LineString","coordinates":[[-97.7395657,30.2805605],[-97.7395122,30.2805461],[-97.7394972,30.2805421]]},"properties":{"k":"path","u":"footway","s":"concrete","w":2.4,"wt":0}},{"type":"Feature","geometry":{"type":"LineString","coordinates":[[-97.7395687,30.2803476],[-97.739583,30.2803519],[-97.7395979,30.2803565]]},"properties":{"k":"path","u":"footway","s":"concrete","w":2.4,"wt":0}},{"type":"Feature","geometry":{"type":"LineString","coordinates":[[-97.7395979,30.2803565],[-97.7396144,30.2803613]]},"properties":{"k":"path","u":"steps","s":"concrete","w":3.0,"wt":0}},{"type":"Feature","geometry":{"type":"LineString","coordinates":[[-97.7396144,30.2803613],[-97.7396366,30.2803678]]},"properties":{"k":"path","u":"footway","s":"concrete","w":2.4,"wt":0}},{"type":"Feature","geometry":{"type":"LineString","coordinates":[[-97.739561,30.2804123],[-97.7395463,30.2804084]]},"properties":{"k":"path","u":"footway","s":"concrete","w":2.4,"wt":0}},{"type":"Feature","geometry":{"type":"LineString","coordinates":[[-97.7396148,30.2809475],[-97.7396213,30.2809316]]},"properties":{"k":"path","u":"steps","s":"paving","w":3.0,"wt":0}},{"type":"Feature","geometry":{"type":"LineString","coordinates":[[-97.7396148,30.2809475],[-97.7396104,30.2809586]]},"properties":{"k":"path","u":"footway","s":"concrete","w":2.4,"wt":0}},{"type":"Feature","geometry":{"type":"LineString","coordinates":[[-97.7395377,30.2811284],[-97.7395333,30.281142]]},"properties":{"k":"path","u":"footway","s":"concrete","w":2.4,"wt":0}},{"type":"Feature","geometry":{"type":"LineString","coordinates":[[-97.7347062,30.2775618],[-97.7346752,30.277659],[-97.7347004,30.2777114],[-97.7346179,30.2777495],[-97.7344946,30.2778054],[-97.7344687,30.2777684]]},"properties":{"k":"path","u":"footway","s":"concrete","w":2.4,"wt":0}},{"type":"Feature","geometry":{"type":"LineString","coordinates":[[-97.7346179,30.2777495],[-97.7345451,30.2776749]]},"properties":{"k":"path","u":"footway","s":"concrete","w":2.4,"wt":0}},{"type":"Feature","geometry":{"type":"LineString","coordinates":[[-97.7345022,30.2777266],[-97.734467,30.2777]]},"properties":{"k":"path","u":"footway","s":"concrete","w":2.4,"wt":0}},{"type":"Feature","geometry":{"type":"LineString","coordinates":[[-97.7347004,30.2777114],[-97.7347297,30.2777678],[-97.7349151,30.2777065],[-97.734914,30.2776582],[-97.7349269,30.2776194]]},"properties":{"k":"path","u":"footway","s":"concrete","w":2.4,"wt":0}},{"type":"Feature","geometry":{"type":"LineString","coordinates":[[-97.7351541,30.2776334],[-97.7352417,30.2776619],[-97.7352678,30.2776697]]},"properties":{"k":"path","u":"footway","s":"concrete","w":2.4,"wt":0}},{"type":"Feature","geometry":{"type":"LineString","coordinates":[[-97.7350582,30.277628],[-97.7350768,30.2776277],[-97.7351154,30.2776287],[-97.7351348,30.2776309],[-97.7351541,30.2776334]]},"properties":{"k":"path","u":"footway","s":"concrete","w":2.4,"wt":0}},{"type":"Feature","geometry":{"type":"LineString","coordinates":[[-97.7480458,30.2762525],[-97.7480292,30.2762474]]},"properties":{"k":"path","u":"footway","s":"concrete","w":2.4,"wt":0}},{"type":"Feature","geometry":{"type":"LineString","coordinates":[[-97.7480292,30.2762474],[-97.7479975,30.2762373]]},"properties":{"k":"path","u":"steps","s":"concrete","w":3.0,"wt":0}},{"type":"Feature","geometry":{"type":"LineString","coordinates":[[-97.7477899,30.2761768],[-97.7477627,30.2761691]]},"properties":{"k":"path","u":"steps","s":"concrete","w":3.0,"wt":0}},{"type":"Feature","geometry":{"type":"LineString","coordinates":[[-97.7477627,30.2761691],[-97.7477519,30.2761661]]},"properties":{"k":"path","u":"footway","s":"concrete","w":2.4,"wt":0}},{"type":"Feature","geometry":{"type":"LineString","coordinates":[[-97.7477519,30.2761661],[-97.7477259,30.2761587]]},"properties":{"k":"path","u":"steps","s":"concrete","w":3.0,"wt":0}},{"type":"Feature","geometry":{"type":"LineString","coordinates":[[-97.7477259,30.2761587],[-97.7477142,30.2761554]]},"properties":{"k":"path","u":"footway","s":"concrete","w":2.4,"wt":0}},{"type":"Feature","geometry":{"type":"LineString","coordinates":[[-97.7476921,30.2760343],[-97.7477016,30.2760088]]},"properties":{"k":"path","u":"footway","s":"concrete","w":2.4,"wt":0}},{"type":"Feature","geometry":{"type":"LineString","coordinates":[[-97.7479975,30.2762373],[-97.7478027,30.2761804]]},"properties":{"k":"path","u":"footway","s":"concrete","w":2.4,"wt":0}},{"type":"Feature","geometry":{"type":"LineString","coordinates":[[-97.7474945,30.2760095],[-97.7475216,30.2759341]]},"properties":{"k":"path","u":"footway","s":"concrete","w":2.4,"wt":0}},{"type":"Feature","geometry":{"type":"LineString","coordinates":[[-97.7364137,30.292702],[-97.7364454,30.2926564],[-97.7364518,30.2926487]]},"properties":{"k":"path","u":"footway","s":"concrete","w":2.4,"wt":0}},{"type":"Feature","geometry":{"type":"LineString","coordinates":[[-97.7364518,30.2926487],[-97.7365096,30.2925058]]},"properties":{"k":"path","u":"footway","s":"concrete","w":2.4,"wt":0}},{"type":"Feature","geometry":{"type":"LineString","coordinates":[[-97.7450791,30.2815366],[-97.7450664,30.2815596]]},"properties":{"k":"path","u":"footway","s":"concrete","w":2.4,"wt":0}},{"type":"Feature","geometry":{"type":"LineString","coordinates":[[-97.7325229,30.2793902],[-97.7325467,30.2793971],[-97.7326588,30.2794294],[-97.7326855,30.2794403],[-97.7327164,30.2794683],[-97.7327334,30.2794956],[-97.7327426,30.2795284],[-97.732735,30.2795673],[-97.7327145,30.2795951],[-97.7326918,30.2796115],[-97.7326797,30.2796414],[-97.7326715,30.2796687],[-97.7326576,30.2797151],[-97.7326449,30.2797572],[-97.7325984,30.2797476],[-97.732588,30.2797481],[-97.7325775,30.2797575],[-97.7325558,30.2797912],[-97.7325318,30.2798104],[-97.7324913,30.2798255],[-97.7324542,30.2798314],[-97.732409,30.279836],[-97.7323874,30.2798332],[-97.7323671,30.2798305]]},"properties":{"k":"path","u":"footway","s":"concrete","w":2.4,"wt":0}},{"type":"Feature","geometry":{"type":"LineString","coordinates":[[-97.7319906,30.2809514],[-97.7320383,30.2808749],[-97.7320537,30.2808214],[-97.73207,30.2807651],[-97.7321323,30.2805493],[-97.7321551,30.280483],[-97.7321631,30.2804517],[-97.7321652,30.280441],[-97.7321688,30.2804226],[-97.7321743,30.2803888],[-97.732165,30.2803599],[-97.7321597,30.2803268],[-97.7321551,30.2802962],[-97.7321605,30.2802557],[-97.732181,30.2801876],[-97.7321961,30.2801479],[-97.7322163,30.2801138],[-97.7322625,30.2800459],[-97.7322986,30.2799849],[-97.7323333,30.2799057],[-97.7323671,30.2798305],[-97.7323695,30.2798253]]},"properties":{"k":"path","u":"cycleway","s":"concrete","w":2.2,"wt":0}},{"type":"Feature","geometry":{"type":"LineString","coordinates":[[-97.7324015,30.2797408],[-97.7324308,30.2796514],[-97.7324682,30.279545],[-97.7325229,30.2793902],[-97.7325605,30.2792845],[-97.7325781,30.2792631],[-97.7325891,30.2792498],[-97.7326052,30.2792373],[-97.7326233,30.2792233],[-97.7326332,30.2791997]]},"properties":{"k":"path","u":"cycleway","s":"concrete","w":2.2,"wt":0}},{"type":"Feature","geometry":{"type":"LineString","coordinates":[[-97.7343689,30.279695],[-97.7329129,30.279288]]},"properties":{"k":"path","u":"footway","s":"concrete","w":2.4,"wt":0}},{"type":"Feature","geometry":{"type":"LineString","coordinates":[[-97.7326797,30.2796414],[-97.7327996,30.2796718]]},"properties":{"k":"path","u":"footway","s":"concrete","w":2.4,"wt":0}},{"type":"Feature","geometry":{"type":"LineString","coordinates":[[-97.729975,30.2871788],[-97.7300433,30.2871264],[-97.7300659,30.2870534],[-97.7300723,30.2870311],[-97.7300846,30.2870131],[-97.7301054,30.2869824],[-97.7301289,30.2869535],[-97.7301553,30.2869204],[-97.7301688,30.2868965],[-97.7301891,30.2868307],[-97.7302778,30.2865442],[-97.7304553,30.2859585],[-97.7306059,30.2854608],[-97.730651,30.2853495],[-97.7306873,30.2852863],[-97.7307057,30.2852382],[-97.7307174,30.2852039],[-97.7307279,30.285175]]},"properties":{"k":"path","u":"cycleway","s":"asphalt","w":2.2,"wt":0}},{"type":"Feature","geometry":{"type":"LineString","coordinates":[[-97.7301977,30.2869093],[-97.7302192,30.2868357],[-97.7303383,30.2864221],[-97.7305203,30.2858246],[-97.7306218,30.285489],[-97.7306881,30.2853364],[-97.730731,30.2852461],[-97.7307552,30.2851785],[-97.7307664,30.2851552]]},"properties":{"k":"path","u":"footway","s":"concrete","w":2.4,"wt":0}},{"type":"Feature","geometry":{"type":"LineString","coordinates":[[-97.7300108,30.2867956],[-97.7299542,30.2867787]]},"properties":{"k":"path","u":"footway","s":"concrete","w":2.4,"wt":0}},{"type":"Feature","geometry":{"type":"LineString","coordinates":[[-97.7309135,30.2839368],[-97.7309107,30.2839452],[-97.7308946,30.2839971],[-97.7308339,30.284204],[-97.7307709,30.2844856],[-97.730693,30.2847282],[-97.7306514,30.2848551],[-97.7306286,30.2849172],[-97.7306098,30.2849688],[-97.7305449,30.2851496],[-97.7305294,30.2851879],[-97.7305138,30.2852274],[-97.7304156,30.2854766],[-97.7303863,30.2855593],[-97.7303595,30.2856344],[-97.7302699,30.2859278],[-97.7300499,30.2866543],[-97.7300108,30.2867956],[-97.7298512,30.2873129]]},"properties":{"k":"path","u":"footway","s":"concrete","w":2.4,"wt":0}},{"type":"Feature","geometry":{"type":"LineString","coordinates":[[-97.7298884,30.2872908],[-97.7299282,30.2873826]]},"properties":{"k":"path","u":"cycleway","s":"asphalt","w":2.2,"wt":0}},{"type":"Feature","geometry":{"type":"LineString","coordinates":[[-97.7298512,30.2873129],[-97.7298098,30.287421],[-97.7297906,30.2874709],[-97.7297684,30.2875183],[-97.7297135,30.2876156],[-97.7296078,30.2877147],[-97.7292173,30.2880636],[-97.7291995,30.2880727],[-97.7291822,30.2880741],[-97.7291741,30.2880748],[-97.7291354,30.288062],[-97.7288208,30.2879161],[-97.7285218,30.2877799],[-97.728448,30.2877452],[-97.7282436,30.2876491],[-97.7278212,30.2874505],[-97.7274045,30.2872518],[-97.7271344,30.2871324],[-97.7269354,30.2870762]]},"properties":{"k":"path","u":"footway","s":"concrete","w":2.4,"wt":0}},{"type":"Feature","geometry":{"type":"LineString","coordinates":[[-97.7301977,30.2869093],[-97.7300245,30.2874282],[-97.7300413,30.2874717]]},"properties":{"k":"path","u":"footway","s":"concrete","w":2.4,"wt":0}},{"type":"Feature","geometry":{"type":"LineString","coordinates":[[-97.7308525,30.2848642],[-97.7308574,30.2848497],[-97.7308487,30.2848261],[-97.7308654,30.2847614],[-97.7309523,30.2844984],[-97.7310953,30.2840428],[-97.7311551,30.2838133],[-97.7311778,30.2836955],[-97.7312133,30.2836026],[-97.7312834,30.2833392],[-97.7313662,30.2830825],[-97.731455,30.282809],[-97.7314928,30.2827093],[-97.731552,30.2825121]]},"properties":{"k":"path","u":"footway","s":"concrete","w":2.4,"wt":0}},{"type":"Feature","geometry":{"type":"LineString","coordinates":[[-97.7310953,30.2840428],[-97.73108,30.284039]]},"properties":{"k":"path","u":"footway","s":"concrete","w":2.4,"wt":0}},{"type":"Feature","geometry":{"type":"LineString","coordinates":[[-97.7309066,30.284001],[-97.7308946,30.2839971]]},"properties":{"k":"path","u":"footway","s":"concrete","w":2.4,"wt":0}},{"type":"Feature","geometry":{"type":"LineString","coordinates":[[-97.7300463,30.2854599],[-97.7300697,30.2854325],[-97.730099,30.2854012],[-97.7301258,30.2853741],[-97.7301626,30.2853383]]},"properties":{"k":"path","u":"footway","s":"concrete","w":2.4,"wt":0}},{"type":"Feature","geometry":{"type":"LineString","coordinates":[[-97.7326928,30.2853116],[-97.7324179,30.2852892],[-97.7323722,30.2852853],[-97.7316442,30.2852228],[-97.7316281,30.2852228],[-97.7316,30.2852272],[-97.7314757,30.2852166],[-97.7313492,30.2852058],[-97.7313292,30.2851999],[-97.7312994,30.285191],[-97.7308107,30.2851611],[-97.7307552,30.2851785]]},"properties":{"k":"path","u":"footway","s":"concrete","w":2.4,"wt":0}},{"type":"Feature","geometry":{"type":"LineString","coordinates":[[-97.7323722,30.2852853],[-97.7323746,30.2852662]]},"properties":{"k":"path","u":"footway","s":"concrete","w":2.4,"wt":0}},{"type":"Feature","geometry":{"type":"LineString","coordinates":[[-97.732395,30.2850641],[-97.7323966,30.2850431],[-97.7322229,30.2850334],[-97.7320337,30.2849818],[-97.7319732,30.2850081],[-97.7317956,30.2849648],[-97.7317273,30.2849881],[-97.7315462,30.284949],[-97.7314786,30.2849673],[-97.7313762,30.2849587],[-97.7311212,30.2849374],[-97.7310525,30.2849317],[-97.730974,30.2849191],[-97.7309237,30.2848982],[-97.7308861,30.2848705],[-97.7308574,30.2848497]]},"properties":{"k":"path","u":"footway","s":"concrete","w":2.4,"wt":0}},{"type":"Feature","geometry":{"type":"LineString","coordinates":[[-97.7323966,30.2850431],[-97.7333124,30.2851052],[-97.7335933,30.2851243],[-97.7335976,30.2851493]]},"properties":{"k":"path","u":"footway","s":"concrete","w":2.4,"wt":0}},{"type":"Feature","geometry":{"type":"LineString","coordinates":[[-97.7328693,30.2853264],[-97.7333675,30.2853655],[-97.7335519,30.2853789],[-97.7335761,30.285366]]},"properties":{"k":"path","u":"footway","s":"concrete","w":2.4,"wt":0}},{"type":"Feature","geometry":{"type":"LineString","coordinates":[[-97.7337836,30.2854745],[-97.7337941,30.2853896],[-97.7337757,30.2853883]]},"properties":{"k":"path","u":"footway","s":"concrete","w":2.4,"wt":0}},{"type":"Feature","geometry":{"type":"LineString","coordinates":[[-97.7395147,30.2780231],[-97.7395009,30.2780618],[-97.7394977,30.2780708]]},"properties":{"k":"path","u":"footway","s":"concrete","w":2.4,"wt":0}},{"type":"Feature","geometry":{"type":"LineString","coordinates":[[-97.7394941,30.2780808],[-97.7394921,30.2780864]]},"properties":{"k":"path","u":"footway","s":"concrete","w":2.4,"wt":0}},{"type":"Feature","geometry":{"type":"LineString","coordinates":[[-97.7394977,30.2780708],[-97.7394941,30.2780808]]},"properties":{"k":"path","u":"steps","s":"concrete","w":3.0,"wt":0}},{"type":"Feature","geometry":{"type":"LineString","coordinates":[[-97.7393368,30.2781867],[-97.7393454,30.2781892]]},"properties":{"k":"path","u":"steps","s":"paving","w":3.0,"wt":0}},{"type":"Feature","geometry":{"type":"LineString","coordinates":[[-97.7393454,30.2781892],[-97.7393525,30.2781913]]},"properties":{"k":"path","u":"footway","s":"paving","w":2.4,"wt":0}},{"type":"Feature","geometry":{"type":"LineString","coordinates":[[-97.7378735,30.2798196],[-97.737869,30.27986],[-97.7378423,30.2800635],[-97.737834,30.2801633],[-97.7378279,30.2802428],[-97.7378106,30.2804162],[-97.7378093,30.2804311]]},"properties":{"k":"path","u":"footway","s":"concrete","w":2.4,"wt":0}},{"type":"Feature","geometry":{"type":"LineString","coordinates":[[-97.7380706,30.2805068],[-97.7380782,30.2804869],[-97.7381114,30.2803997],[-97.738191,30.2801911],[-97.7382447,30.2800502],[-97.7382756,30.2799691],[-97.7383128,30.2798717],[-97.7383323,30.2798204],[-97.7383382,30.2798049],[-97.7383826,30.2796886],[-97.7383935,30.27966]]},"properties":{"k":"path","u":"path","s":"concrete","w":1.5,"wt":0}},{"type":"Feature","geometry":{"type":"LineString","coordinates":[[-97.7365814,30.2780263],[-97.7369515,30.2781363],[-97.7369803,30.2781279]]},"properties":{"k":"path","u":"footway","s":"paving","w":2.4,"wt":0}},{"type":"Feature","geometry":{"type":"LineString","coordinates":[[-97.7372504,30.2773826],[-97.7371889,30.2773647],[-97.7371245,30.2773467],[-97.7368664,30.2772752]]},"properties":{"k":"path","u":"footway","s":"paving","w":2.4,"wt":0}},{"type":"Feature","geometry":{"type":"LineString","coordinates":[[-97.7371788,30.2780987],[-97.7371629,30.2781458]]},"properties":{"k":"path","u":"steps","s":"concrete","w":3.0,"wt":0}},{"type":"Feature","geometry":{"type":"LineString","coordinates":[[-97.7372491,30.2780541],[-97.7372373,30.2780861]]},"properties":{"k":"path","u":"steps","s":"concrete","w":3.0,"wt":0}},{"type":"Feature","geometry":{"type":"LineString","coordinates":[[-97.7371788,30.2780987],[-97.7371818,30.2780897],[-97.7372317,30.2781024],[-97.7372373,30.2780861]]},"properties":{"k":"path","u":"footway","s":"concrete","w":2.4,"wt":0}},{"type":"Feature","geometry":{"type":"LineString","coordinates":[[-97.7371629,30.2781458],[-97.7371521,30.2781752]]},"properties":{"k":"path","u":"footway","s":"concrete","w":2.4,"wt":0}},{"type":"Feature","geometry":{"type":"LineString","coordinates":[[-97.7372491,30.2780541],[-97.7373473,30.2777897]]},"properties":{"k":"path","u":"footway","s":"concrete","w":2.4,"wt":0}},{"type":"Feature","geometry":{"type":"LineString","coordinates":[[-97.7375402,30.277449],[-97.7374088,30.2774133],[-97.7373715,30.2774038],[-97.7373568,30.2774142],[-97.7373411,30.2774105]]},"properties":{"k":"path","u":"footway","s":"paving","w":2.4,"wt":0}},{"type":"Feature","geometry":{"type":"LineString","coordinates":[[-97.7373205,30.2777187],[-97.7373357,30.2776837]]},"properties":{"k":"path","u":"steps","s":"concrete","w":3.0,"wt":0}},{"type":"Feature","geometry":{"type":"LineString","coordinates":[[-97.7373473,30.2777897],[-97.73736,30.2777556]]},"properties":{"k":"path","u":"steps","s":"concrete","w":3.0,"wt":0}},{"type":"Feature","geometry":{"type":"LineString","coordinates":[[-97.73736,30.2777556],[-97.737364,30.2777459],[-97.7373154,30.2777309],[-97.7373205,30.2777187]]},"properties":{"k":"path","u":"footway","s":"concrete","w":2.4,"wt":0}},{"type":"Feature","geometry":{"type":"LineString","coordinates":[[-97.7373357,30.2776837],[-97.7373468,30.2776584]]},"properties":{"k":"path","u":"footway","s":"concrete","w":2.4,"wt":0}},{"type":"Feature","geometry":{"type":"LineString","coordinates":[[-97.7374368,30.2782969],[-97.7374547,30.2782368]]},"properties":{"k":"path","u":"footway","s":"concrete","w":2.4,"wt":0}},{"type":"Feature","geometry":{"type":"LineString","coordinates":[[-97.7371026,30.2780195],[-97.7370532,30.2781486]]},"properties":{"k":"path","u":"footway","s":"concrete","w":2.4,"wt":0}},{"type":"Feature","geometry":{"type":"LineString","coordinates":[[-97.7389796,30.2786885],[-97.7387789,30.2786323]]},"properties":{"k":"path","u":"footway","s":"paving","w":2.4,"wt":0}},{"type":"Feature","geometry":{"type":"LineString","coordinates":[[-97.7373961,30.2783981],[-97.7374055,30.2784067],[-97.7374118,30.2784157],[-97.7374133,30.2784247],[-97.7374135,30.278433],[-97.7373494,30.2786016]]},"properties":{"k":"path","u":"footway","s":"paving","w":2.4,"wt":0}},{"type":"Feature","geometry":{"type":"LineString","coordinates":[[-97.738416,30.2802019],[-97.738191,30.2801911],[-97.7381324,30.2801871],[-97.7380631,30.2801815],[-97.737834,30.2801633]]},"properties":{"k":"path","u":"footway","s":"paving","w":2.4,"wt":0}},{"type":"Feature","geometry":{"type":"LineString","coordinates":[[-97.7362002,30.2790364],[-97.7366383,30.2791623]]},"properties":{"k":"path","u":"footway","s":"paving","w":2.4,"wt":0}},{"type":"Feature","geometry":{"type":"LineString","coordinates":[[-97.7370986,30.2792855],[-97.7370808,30.2793312],[-97.7370775,30.2793352],[-97.7370719,30.2793382],[-97.737061,30.2793405],[-97.7370543,30.2793403],[-97.7370482,30.2793399],[-97.7370453,30.279346]]},"properties":{"k":"path","u":"footway","s":"paving","w":2.4,"wt":0}},{"type":"Feature","geometry":{"type":"LineString","coordinates":[[-97.7356836,30.2798495],[-97.7356644,30.2798442]]},"properties":{"k":"path","u":"footway","s":"concrete","w":2.4,"wt":0}},{"type":"Feature","geometry":{"type":"LineString","coordinates":[[-97.7357549,30.2800953],[-97.735788,30.2801068]]},"properties":{"k":"path","u":"footway","s":"concrete","w":2.4,"wt":0}},{"type":"Feature","geometry":{"type":"LineString","coordinates":[[-97.7386913,30.2797466],[-97.7387101,30.2797521],[-97.738743,30.2797478],[-97.7388559,30.2797779]]},"properties":{"k":"path","u":"footway","s":"paving","w":2.4,"wt":0}},{"type":"Feature","geometry":{"type":"LineString","coordinates":[[-97.7389413,30.2792288],[-97.7388483,30.2792004]]},"properties":{"k":"path","u":"steps","s":"concrete","w":3.0,"wt":0}},{"type":"Feature","geometry":{"type":"LineString","coordinates":[[-97.7389152,30.279303],[-97.7388194,30.2792753]]},"properties":{"k":"path","u":"steps","s":"concrete","w":3.0,"wt":0}},{"type":"Feature","geometry":{"type":"LineString","coordinates":[[-97.738969,30.2791558],[-97.7388765,30.2791271]]},"properties":{"k":"path","u":"steps","s":"concrete","w":3.0,"wt":0}},{"type":"Feature","geometry":{"type":"LineString","coordinates":[[-97.7388139,30.2792896],[-97.7387633,30.2792761]]},"properties":{"k":"path","u":"footway","s":"paving","w":2.4,"wt":0}},{"type":"Feature","geometry":{"type":"LineString","coordinates":[[-97.7388483,30.2792004],[-97.7387962,30.2791864]]},"properties":{"k":"path","u":"footway","s":"paving","w":2.4,"wt":0}},{"type":"Feature","geometry":{"type":"LineString","coordinates":[[-97.7389541,30.2789254],[-97.7388978,30.2789089]]},"properties":{"k":"path","u":"footway","s":"paving","w":2.4,"wt":0}},{"type":"Feature","geometry":{"type":"LineString","coordinates":[[-97.7389152,30.279303],[-97.7389414,30.2793106],[-97.7389699,30.2792376],[-97.7389985,30.2791644],[-97.738969,30.2791558]]},"properties":{"k":"path","u":"footway","s":"paving","w":2.4,"wt":0}},{"type":"Feature","geometry":{"type":"LineString","coordinates":[[-97.7389413,30.2792288],[-97.7389699,30.2792376],[-97.7390011,30.2792472]]},"properties":{"k":"path","u":"footway","s":"paving","w":2.4,"wt":0}},{"type":"Feature","geometry":{"type":"LineString","coordinates":[[-97.7394385,30.2789697],[-97.738987,30.2788401],[-97.738929,30.2788237]]},"properties":{"k":"path","u":"footway","s":"paving","w":2.4,"wt":0}},{"type":"Feature","geometry":{"type":"LineString","coordinates":[[-97.7394678,30.278978],[-97.7393855,30.2790447],[-97.7390804,30.2789573],[-97.7389985,30.2791644]]},"properties":{"k":"path","u":"footway","s":"paving","w":2.4,"wt":0}},{"type":"Feature","geometry":{"type":"LineString","coordinates":[[-97.7392116,30.2795723],[-97.738879,30.2794821],[-97.7389414,30.2793106]]},"properties":{"k":"path","u":"footway","s":"paving","w":2.4,"wt":0}},{"type":"Feature","geometry":{"type":"LineString","coordinates":[[-97.7380454,30.2775747],[-97.7380417,30.2775857]]},"properties":{"k":"path","u":"footway","s":"concrete","w":2.4,"wt":0}},{"type":"Feature","geometry":{"type":"LineString","coordinates":[[-97.7387621,30.2768309],[-97.7387101,30.2769686],[-97.7386864,30.2769619],[-97.7385925,30.2769355],[-97.7385686,30.2769287],[-97.7386205,30.2767911]]},"properties":{"k":"path","u":"footway","s":"paving","w":2.4,"wt":0}},{"type":"Feature","geometry":{"type":"LineString","coordinates":[[-97.7386827,30.2769719],[-97.7386733,30.276997]]},"properties":{"k":"path","u":"steps","s":"concrete","w":3.0,"wt":0}},{"type":"Feature","geometry":{"type":"LineString","coordinates":[[-97.7385879,30.2769474],[-97.7385793,30.2769709]]},"properties":{"k":"path","u":"steps","s":"concrete","w":3.0,"wt":0}},{"type":"Feature","geometry":{"type":"LineString","coordinates":[[-97.7386733,30.276997],[-97.7386141,30.2771555]]},"properties":{"k":"path","u":"footway","s":"paving","w":2.4,"wt":0}},{"type":"Feature","geometry":{"type":"LineString","coordinates":[[-97.7385793,30.2769709],[-97.7385196,30.2771293]]},"properties":{"k":"path","u":"footway","s":"paving","w":2.4,"wt":0}},{"type":"Feature","geometry":{"type":"LineString","coordinates":[[-97.7385879,30.2769474],[-97.7385925,30.2769355]]},"properties":{"k":"path","u":"footway","s":"concrete","w":2.4,"wt":0}},{"type":"Feature","geometry":{"type":"LineString","coordinates":[[-97.7386827,30.2769719],[-97.7386864,30.2769619]]},"properties":{"k":"path","u":"footway","s":"concrete","w":2.4,"wt":0}},{"type":"Feature","geometry":{"type":"LineString","coordinates":[[-97.7385196,30.2771293],[-97.7385037,30.2771724],[-97.7385979,30.2771983],[-97.7386306,30.2772073],[-97.7387053,30.2772279],[-97.7385815,30.2775628]]},"properties":{"k":"path","u":"footway","s":"concrete","w":2.4,"wt":0}},{"type":"Feature","geometry":{"type":"LineString","coordinates":[[-97.7386141,30.2771555],[-97.7385979,30.2771983]]},"properties":{"k":"path","u":"footway","s":"concrete","w":2.4,"wt":0}},{"type":"Feature","geometry":{"type":"LineString","coordinates":[[-97.7386306,30.2772073],[-97.7386023,30.2772859],[-97.7384903,30.2775976]]},"properties":{"k":"path","u":"footway","s":"concrete","w":2.4,"wt":0}},{"type":"Feature","geometry":{"type":"LineString","coordinates":[[-97.7385815,30.2775628],[-97.7385738,30.277584]]},"properties":{"k":"path","u":"steps","s":"concrete","w":3.0,"wt":0}},{"type":"Feature","geometry":{"type":"LineString","coordinates":[[-97.7385738,30.277584],[-97.7385615,30.2776171]]},"properties":{"k":"path","u":"footway","s":"paving","w":2.4,"wt":0}},{"type":"Feature","geometry":{"type":"LineString","coordinates":[[-97.7361256,30.2778873],[-97.7363658,30.2779569]]},"properties":{"k":"path","u":"footway","s":"paving","w":2.4,"wt":0}},{"type":"Feature","geometry":{"type":"LineString","coordinates":[[-97.7369036,30.2804279],[-97.7369202,30.280423],[-97.7369321,30.2804221],[-97.7369441,30.2804223],[-97.7369616,30.2804261],[-97.7377838,30.2806429],[-97.7380036,30.2807049],[-97.7381009,30.2807323]]},"properties":{"k":"path","u":"footway","s":"concrete","w":2.4,"wt":0}},{"type":"Feature","geometry":{"type":"LineString","coordinates":[[-97.7376215,30.281521],[-97.7376914,30.2814424],[-97.7377024,30.2813551],[-97.7377028,30.2813511]]},"properties":{"k":"path","u":"footway","s":"concrete","w":2.4,"wt":0}},{"type":"Feature","geometry":{"type":"LineString","coordinates":[[-97.7380036,30.2807049],[-97.738009,30.2806912]]},"properties":{"k":"path","u":"footway","s":"concrete","w":2.4,"wt":0}},{"type":"Feature","geometry":{"type":"LineString","coordinates":[[-97.738663,30.2799864],[-97.7386112,30.2799551],[-97.7385951,30.2799509],[-97.7385172,30.2799295],[-97.7383128,30.2798717],[-97.7382548,30.279855],[-97.7382149,30.2798437],[-97.7381433,30.2798232]]},"properties":{"k":"path","u":"footway","s":"paving","w":2.4,"wt":0}},{"type":"Feature","geometry":{"type":"LineString","coordinates":[[-97.7384364,30.2801484],[-97.7382447,30.2800502],[-97.7381918,30.2800222],[-97.738145,30.2799984],[-97.7380884,30.2799703],[-97.7379884,30.2799215],[-97.737869,30.27986]]},"properties":{"k":"path","u":"footway","s":"paving","w":2.4,"wt":0}},{"type":"Feature","geometry":{"type":"LineString","coordinates":[[-97.7381308,30.2797245],[-97.7381768,30.2797383],[-97.7382138,30.279641],[-97.7382249,30.2796118],[-97.7382514,30.2795434],[-97.7382659,30.2795059],[-97.7382788,30.2794745],[-97.7383712,30.2792262],[-97.7384529,30.2790067],[-97.738478,30.2789392],[-97.7385047,30.2788665],[-97.7385146,30.2788396],[-97.7385272,30.2788043],[-97.7385596,30.2787187]]},"properties":{"k":"path","u":"footway","s":"concrete","w":2.4,"wt":0}},{"type":"Feature","geometry":{"type":"LineString","coordinates":[[-97.7392547,30.2770217],[-97.7391537,30.2769941],[-97.7391714,30.2769458]]},"properties":{"k":"path","u":"footway","s":"concrete","w":2.4,"wt":0}},{"type":"Feature","geometry":{"type":"LineString","coordinates":[[-97.7391537,30.2769941],[-97.73909,30.2771717],[-97.739121,30.27718],[-97.7390983,30.2772433],[-97.7389265,30.2777168]]},"properties":{"k":"path","u":"footway","s":"concrete","w":2.4,"wt":0}},{"type":"Feature","geometry":{"type":"LineString","coordinates":[[-97.7391498,30.2772572],[-97.7391307,30.2772517]]},"properties":{"k":"path","u":"steps","s":"concrete","w":3.0,"wt":0}},{"type":"Feature","geometry":{"type":"LineString","coordinates":[[-97.7391307,30.2772517],[-97.7390983,30.2772433]]},"properties":{"k":"path","u":"footway","s":"concrete","w":2.4,"wt":0}},{"type":"Feature","geometry":{"type":"LineString","coordinates":[[-97.7391622,30.2772604],[-97.7391498,30.2772572]]},"properties":{"k":"path","u":"footway","s":"concrete","w":2.4,"wt":0}},{"type":"Feature","geometry":{"type":"LineString","coordinates":[[-97.7446468,30.2763615],[-97.7446656,30.2763429]]},"properties":{"k":"path","u":"footway","s":"concrete","w":2.4,"wt":0}},{"type":"Feature","geometry":{"type":"LineString","coordinates":[[-97.7447069,30.2762071],[-97.7447208,30.2762041]]},"properties":{"k":"path","u":"footway","s":"concrete","w":2.4,"wt":0}},{"type":"Feature","geometry":{"type":"LineString","coordinates":[[-97.7449023,30.2762897],[-97.7449125,30.2762612]]},"properties":{"k":"path","u":"footway","s":"concrete","w":2.4,"wt":0}},{"type":"Feature","geometry":{"type":"LineString","coordinates":[[-97.7378279,30.2802428],[-97.7381114,30.2803997]]},"properties":{"k":"path","u":"footway","s":"concrete","w":2.4,"wt":0}},{"type":"Feature","geometry":{"type":"LineString","coordinates":[[-97.7332348,30.2812731],[-97.7332488,30.2812252]]},"properties":{"k":"path","u":"footway","s":"concrete","w":2.4,"wt":0}},{"type":"Feature","geometry":{"type":"LineString","coordinates":[[-97.7320635,30.280981],[-97.7320454,30.2809771]]},"properties":{"k":"path","u":"steps","s":"concrete","w":3.0,"wt":0}},{"type":"Feature","geometry":{"type":"LineString","coordinates":[[-97.7335238,30.2760481],[-97.7328688,30.2758653],[-97.7328776,30.27584],[-97.7326297,30.2757695]]},"properties":{"k":"path","u":"footway","s":"concrete","w":2.4,"wt":0}},{"type":"Feature","geometry":{"type":"LineString","coordinates":[[-97.7385951,30.2799509],[-97.7385361,30.2801103],[-97.7385017,30.2802014],[-97.7384688,30.280289],[-97.7383916,30.2805079],[-97.7383704,30.2805725],[-97.738364,30.2805899]]},"properties":{"k":"path","u":"footway","s":"concrete","w":2.4,"wt":0}},{"type":"Feature","geometry":{"type":"LineString","coordinates":[[-97.7380513,30.2802775],[-97.7380464,30.2802888],[-97.7380881,30.280301],[-97.7381324,30.2801871],[-97.7381918,30.2800222],[-97.7382177,30.2799529],[-97.7382548,30.279855],[-97.7382731,30.2798028],[-97.7382799,30.2797875],[-97.7383243,30.2796733],[-97.7383356,30.2796438]]},"properties":{"k":"path","u":"footway","s":"concrete","w":2.4,"wt":0}},{"type":"Feature","geometry":{"type":"LineString","coordinates":[[-97.7381961,30.2799461],[-97.7382177,30.2799529],[-97.7382756,30.2799691]]},"properties":{"k":"path","u":"footway","s":"concrete","w":2.4,"wt":0}},{"type":"Feature","geometry":{"type":"LineString","coordinates":[[-97.7374354,30.2787981],[-97.7374596,30.2788038],[-97.7374799,30.2787958],[-97.7375001,30.2787741],[-97.7375118,30.2787549]]},"properties":{"k":"path","u":"footway","s":"concrete","w":2.4,"wt":0}},{"type":"Feature","geometry":{"type":"LineString","coordinates":[[-97.7383323,30.2798204],[-97.7382731,30.2798028]]},"properties":{"k":"path","u":"footway","s":"paving","w":2.4,"wt":0}},{"type":"Feature","geometry":{"type":"LineString","coordinates":[[-97.7380884,30.2799703],[-97.7381433,30.2798232],[-97.7381768,30.2797383]]},"properties":{"k":"path","u":"footway","s":"paving","w":2.4,"wt":0}},{"type":"Feature","geometry":{"type":"LineString","coordinates":[[-97.7385427,30.2804442],[-97.7383916,30.2805079]]},"properties":{"k":"path","u":"footway","s":"paving","w":2.4,"wt":0}},{"type":"Feature","geometry":{"type":"LineString","coordinates":[[-97.7387823,30.2781107],[-97.7389028,30.2781434]]},"properties":{"k":"path","u":"footway","s":"paving","w":2.4,"wt":0}},{"type":"Feature","geometry":{"type":"LineString","coordinates":[[-97.7388189,30.278367],[-97.7387589,30.2783507],[-97.7387642,30.2783364]]},"properties":{"k":"path","u":"footway","s":"concrete","w":2.4,"wt":0}},{"type":"Feature","geometry":{"type":"LineString","coordinates":[[-97.7384245,30.2801789],[-97.7385017,30.2802014]]},"properties":{"k":"path","u":"footway","s":"paving","w":2.4,"wt":0}},{"type":"Feature","geometry":{"type":"LineString","coordinates":[[-97.7519376,30.2836268],[-97.7519125,30.2835962],[-97.7518925,30.283572]]},"properties":{"k":"path","u":"footway","s":"concrete","w":2.4,"wt":0}},{"type":"Feature","geometry":{"type":"LineString","coordinates":[[-97.7515235,30.2908574],[-97.7517231,30.2908347]]},"properties":{"k":"path","u":"footway","s":"gravel","w":2.4,"wt":0}},{"type":"Feature","geometry":{"type":"LineString","coordinates":[[-97.7386753,30.2787509],[-97.7386434,30.2788374],[-97.7386201,30.2789006],[-97.738612,30.2789236],[-97.738568,30.2790409],[-97.7385233,30.2791601],[-97.738487,30.2792575],[-97.7384699,30.2793],[-97.7384081,30.279456],[-97.7383882,30.2795061]]},"properties":{"k":"path","u":"footway","s":"paving","w":2.4,"wt":0}},{"type":"Feature","geometry":{"type":"LineString","coordinates":[[-97.7389019,30.2783041],[-97.7388485,30.278289]]},"properties":{"k":"path","u":"footway","s":"paving","w":2.4,"wt":0}},{"type":"Feature","geometry":{"type":"LineString","coordinates":[[-97.7387912,30.2784421],[-97.7388441,30.2784573]]},"properties":{"k":"path","u":"footway","s":"paving","w":2.4,"wt":0}},{"type":"Feature","geometry":{"type":"LineString","coordinates":[[-97.7512957,30.282624],[-97.7515564,30.282813],[-97.7530492,30.2837811],[-97.7535561,30.2841762],[-97.7537734,30.2843606],[-97.7538555,30.2844606],[-97.7538653,30.2849333],[-97.7538034,30.2851827],[-97.7536841,30.2854816],[-97.7536199,30.2856937],[-97.7534878,30.2860674],[-97.753438,30.2861651],[-97.7533454,30.2862597]]},"properties":{"k":"path","u":"path","s":"dirt","w":1.5,"wt":0}},{"type":"Feature","geometry":{"type":"LineString","coordinates":[[-97.7359134,30.2929896],[-97.7359046,30.2929535],[-97.7358859,30.2929382]]},"properties":{"k":"path","u":"footway","s":"concrete","w":2.4,"wt":0}},{"type":"Feature","geometry":{"type":"LineString","coordinates":[[-97.7361005,30.2929898],[-97.7361224,30.292996],[-97.7361577,30.2928949]]},"properties":{"k":"path","u":"footway","s":"concrete","w":2.4,"wt":0}},{"type":"Feature","geometry":{"type":"LineString","coordinates":[[-97.7439578,30.2954148],[-97.7439996,30.295365],[-97.7441719,30.2935157],[-97.7441856,30.2934092],[-97.7441967,30.2933209],[-97.744275,30.2926373],[-97.7442704,30.2925716],[-97.744267,30.2925221],[-97.7444399,30.2907411],[-97.7444478,30.2906627],[-97.7444531,30.2906075],[-97.7445078,30.2900417],[-97.7445132,30.2899744],[-97.7445698,30.2893875],[-97.7445776,30.2893063],[-97.7445848,30.289228],[-97.7446284,30.2887562],[-97.7446395,30.2886415],[-97.7446628,30.288422],[-97.7446965,30.2881443],[-97.7447113,30.2879979],[-97.7447184,30.287928],[-97.7447238,30.2878734],[-97.7447889,30.2872113],[-97.7448937,30.2861248],[-97.7449384,30.2856802],[-97.7449809,30.2852936],[-97.7449896,30.2852149],[-97.7449951,30.2851595],[-97.7450527,30.284581],[-97.7450987,30.2841124],[-97.7451054,30.2840438],[-97.7451122,30.2839749],[-97.7451416,30.2836785],[-97.7451564,30.2834908],[-97.74522,30.2828168],[-97.7452231,30.2827838]]},"properties":{"k":"path","u":"cycleway","s":"concrete","w":2.2,"wt":0}},{"type":"Feature","geometry":{"type":"LineString","coordinates":[[-97.7319512,30.2809978],[-97.7319724,30.2809714],[-97.7319906,30.2809514]]},"properties":{"k":"path","u":"cycleway","s":"concrete","w":2.2,"wt":0}},{"type":"Feature","geometry":{"type":"LineString","coordinates":[[-97.740994,30.2817896],[-97.7410555,30.2818775],[-97.7410947,30.2819425],[-97.7410913,30.2819663],[-97.7410872,30.2819948],[-97.7410736,30.2820889],[-97.7410759,30.2821276],[-97.7411047,30.2821632],[-97.7411708,30.2822451],[-97.741115,30.2822977],[-97.7410123,30.2823723],[-97.7409327,30.2823918]]},"properties":{"k":"path","u":"footway","s":"paving","w":2.4,"wt":0}},{"type":"Feature","geometry":{"type":"LineString","coordinates":[[-97.7411047,30.2821632],[-97.7409978,30.2821872],[-97.7409538,30.2821846]]},"properties":{"k":"path","u":"footway","s":"paving","w":2.4,"wt":0}},{"type":"Feature","geometry":{"type":"LineString","coordinates":[[-97.7409742,30.2819841],[-97.7410872,30.2819948]]},"properties":{"k":"path","u":"footway","s":"paving","w":2.4,"wt":0}},{"type":"Feature","geometry":{"type":"LineString","coordinates":[[-97.7410913,30.2819663],[-97.7412017,30.2820016],[-97.7413968,30.2820558],[-97.7413785,30.2822189],[-97.7411708,30.2822451]]},"properties":{"k":"path","u":"footway","s":"paving","w":2.4,"wt":0}},{"type":"Feature","geometry":{"type":"LineString","coordinates":[[-97.7414986,30.2825443],[-97.7409916,30.282506],[-97.7409216,30.2825007]]},"properties":{"k":"path","u":"footway","s":"concrete","w":2.4,"wt":0}},{"type":"Feature","geometry":{"type":"LineString","coordinates":[[-97.738987,30.2788401],[-97.7389541,30.2789254],[-97.7388847,30.2791058],[-97.7388765,30.2791271],[-97.7388483,30.2792004],[-97.7388194,30.2792753],[-97.7388139,30.2792896],[-97.7387791,30.2793798],[-97.738696,30.2795958]]},"properties":{"k":"path","u":"footway","s":"concrete","w":2.4,"wt":0}},{"type":"Feature","geometry":{"type":"LineString","coordinates":[[-97.7377865,30.2787624],[-97.7375269,30.2788745],[-97.7375176,30.2788588],[-97.7374542,30.278887],[-97.7374077,30.2788732]]},"properties":{"k":"path","u":"footway","s":"paving","w":2.4,"wt":0}},{"type":"Feature","geometry":{"type":"LineString","coordinates":[[-97.738179,30.278668],[-97.7381997,30.278708]]},"properties":{"k":"path","u":"steps","s":"concrete","w":3.0,"wt":0}},{"type":"Feature","geometry":{"type":"LineString","coordinates":[[-97.738179,30.278668],[-97.7381461,30.2786045]]},"properties":{"k":"path","u":"footway","s":"concrete","w":2.4,"wt":0}},{"type":"Feature","geometry":{"type":"LineString","coordinates":[[-97.7381997,30.278708],[-97.7382432,30.2787922],[-97.7385047,30.2788665]]},"properties":{"k":"path","u":"footway","s":"concrete","w":2.4,"wt":0}},{"type":"Feature","geometry":{"type":"LineString","coordinates":[[-97.7391028,30.2785322],[-97.7390447,30.2785161]]},"properties":{"k":"path","u":"footway","s":"concrete","w":2.4,"wt":0}},{"type":"Feature","geometry":{"type":"LineString","coordinates":[[-97.7435761,30.2760684],[-97.7434977,30.276046]]},"properties":{"k":"path","u":"footway","s":"paving","w":2.4,"wt":0}},{"type":"Feature","geometry":{"type":"LineString","coordinates":[[-97.7434977,30.276046],[-97.7433514,30.2760042]]},"properties":{"k":"path","u":"footway","s":"paving","w":2.4,"wt":0}},{"type":"Feature","geometry":{"type":"LineString","coordinates":[[-97.7433514,30.2760042],[-97.7432063,30.2759627]]},"properties":{"k":"path","u":"footway","s":"paving","w":2.4,"wt":0}},{"type":"Feature","geometry":{"type":"LineString","coordinates":[[-97.7300469,30.2868038],[-97.7300332,30.2868007],[-97.7300108,30.2867956]]},"properties":{"k":"path","u":"footway","s":"asphalt","w":2.4,"wt":0}},{"type":"Feature","geometry":{"type":"LineString","coordinates":[[-97.7331141,30.277093],[-97.7331538,30.2771041]]},"properties":{"k":"path","u":"footway","s":"asphalt","w":2.4,"wt":0}},{"type":"Feature","geometry":{"type":"LineString","coordinates":[[-97.7320454,30.2809771],[-97.7320364,30.2809749],[-97.732043,30.2809544],[-97.7320259,30.2809499],[-97.7320227,30.2809586],[-97.7320113,30.280956],[-97.7320019,30.2809542]]},"properties":{"k":"path","u":"footway","s":"concrete","w":2.4,"wt":0}},{"type":"Feature","geometry":{"type":"LineString","coordinates":[[-97.7318227,30.2811888],[-97.7318307,30.2811754],[-97.7318724,30.2811048]]},"properties":{"k":"path","u":"cycleway","s":"asphalt","w":2.2,"wt":0}},{"type":"Feature","geometry":{"type":"LineString","coordinates":[[-97.7319276,30.281096],[-97.731923,30.2811053],[-97.7318671,30.2811866],[-97.7318589,30.2811985],[-97.7317569,30.2814139],[-97.7317256,30.2814918],[-97.7316986,30.281564],[-97.7316754,30.2816773],[-97.7316676,30.281749],[-97.7316631,30.2817899]]},"properties":{"k":"path","u":"footway","s":"concrete","w":2.4,"wt":0}},{"type":"Feature","geometry":{"type":"LineString","coordinates":[[-97.7316254,30.2817802],[-97.7316325,30.2817314],[-97.7316411,30.2816445],[-97.7316699,30.2815473],[-97.7317178,30.2814074],[-97.7317775,30.2812771],[-97.7318227,30.2811888]]},"properties":{"k":"path","u":"cycleway","s":"concrete","w":2.2,"wt":0}},{"type":"Feature","geometry":{"type":"LineString","coordinates":[[-97.7316607,30.2818212],[-97.7316631,30.2817899]]},"properties":{"k":"path","u":"footway","s":"concrete","w":2.4,"wt":0}},{"type":"Feature","geometry":{"type":"LineString","coordinates":[[-97.7316366,30.2820029],[-97.7316437,30.2819543],[-97.7316566,30.2818603],[-97.7316607,30.2818212]]},"properties":{"k":"path","u":"footway","s":"concrete","w":2.4,"wt":0}},{"type":"Feature","geometry":{"type":"LineString","coordinates":[[-97.7390115,30.2778494],[-97.7390029,30.2778719],[-97.7389715,30.2779593],[-97.7389574,30.2779971],[-97.7389028,30.2781434],[-97.7388485,30.278289],[-97.7388189,30.278367],[-97.7387912,30.2784421]]},"properties":{"k":"path","u":"footway","s":"paving","w":2.4,"wt":0}},{"type":"Feature","geometry":{"type":"LineString","coordinates":[[-97.7387542,30.2784325],[-97.7387912,30.2784421]]},"properties":{"k":"path","u":"footway","s":"paving","w":2.4,"wt":0}},{"type":"Feature","geometry":{"type":"LineString","coordinates":[[-97.7389028,30.2781434],[-97.7389571,30.278158]]},"properties":{"k":"path","u":"footway","s":"paving","w":2.4,"wt":0}},{"type":"Feature","geometry":{"type":"LineString","coordinates":[[-97.7504669,30.2760018],[-97.7504351,30.2760046],[-97.7502965,30.2760595],[-97.7502917,30.2760553]]},"properties":{"k":"path","u":"cycleway","s":"concrete","w":2.2,"wt":0}},{"type":"Feature","geometry":{"type":"LineString","coordinates":[[-97.7387823,30.2781107],[-97.7387574,30.2781038],[-97.7386209,30.278475],[-97.7386426,30.2784799]]},"properties":{"k":"path","u":"footway","s":"paving","w":2.4,"wt":0}},{"type":"Feature","geometry":{"type":"LineString","coordinates":[[-97.7388724,30.2783823],[-97.7388189,30.278367]]},"properties":{"k":"path","u":"footway","s":"paving","w":2.4,"wt":0}},{"type":"Feature","geometry":{"type":"LineString","coordinates":[[-97.7386426,30.2784799],[-97.738656,30.2784834]]},"properties":{"k":"path","u":"steps","s":"concrete","w":3.0,"wt":0}},{"type":"Feature","geometry":{"type":"LineString","coordinates":[[-97.738656,30.2784834],[-97.7386682,30.2784869]]},"properties":{"k":"path","u":"footway","s":"concrete","w":2.4,"wt":0}},{"type":"Feature","geometry":{"type":"LineString","coordinates":[[-97.7386682,30.2784869],[-97.7386831,30.2784912]]},"properties":{"k":"path","u":"steps","s":"concrete","w":3.0,"wt":0}},{"type":"Feature","geometry":{"type":"LineString","coordinates":[[-97.7386831,30.2784912],[-97.738764,30.2785144],[-97.7388167,30.2785309]]},"properties":{"k":"path","u":"footway","s":"paving","w":2.4,"wt":0}},{"type":"Feature","geometry":{"type":"LineString","coordinates":[[-97.738145,30.2799984],[-97.7381292,30.2800334]]},"properties":{"k":"path","u":"footway","s":"paving","w":2.4,"wt":0}},{"type":"Feature","geometry":{"type":"LineString","coordinates":[[-97.7378961,30.2800674],[-97.7378423,30.2800635]]},"properties":{"k":"path","u":"footway","s":"paving","w":2.4,"wt":0}},{"type":"Feature","geometry":{"type":"LineString","coordinates":[[-97.7375656,30.2784626],[-97.7375757,30.2784909],[-97.737586,30.2785127],[-97.7376011,30.2785363],[-97.7376261,30.2785659],[-97.737644,30.2785572],[-97.7376814,30.2785512],[-97.7377141,30.2785357],[-97.7377378,30.278519],[-97.7377595,30.2784952]]},"properties":{"k":"path","u":"footway","s":"gravel","w":2.4,"wt":0}},{"type":"Feature","geometry":{"type":"LineString","coordinates":[[-97.7376261,30.2785659],[-97.7376102,30.2785766],[-97.7375934,30.2785892],[-97.7375758,30.2786158],[-97.7375614,30.278642],[-97.7375415,30.2786622],[-97.7375143,30.2786856],[-97.7374934,30.2786953],[-97.7374725,30.2787]]},"properties":{"k":"path","u":"footway","s":"gravel","w":2.4,"wt":0}},{"type":"Feature","geometry":{"type":"LineString","coordinates":[[-97.7418374,30.285833],[-97.7418642,30.2858354],[-97.7419324,30.285076]]},"properties":{"k":"path","u":"footway","s":"concrete","w":2.4,"wt":0}},{"type":"Feature","geometry":{"type":"LineString","coordinates":[[-97.7418642,30.2858354],[-97.7418444,30.2860421],[-97.7418369,30.2861215],[-97.7418112,30.2861199]]},"properties":{"k":"path","u":"footway","s":"concrete","w":2.4,"wt":0}},{"type":"Feature","geometry":{"type":"LineString","coordinates":[[-97.7417235,30.2876522],[-97.7417222,30.2876334],[-97.7417186,30.2875821],[-97.7417099,30.2874577],[-97.7418057,30.2864498],[-97.7418369,30.2861215]]},"properties":{"k":"path","u":"footway","s":"concrete","w":2.4,"wt":0}},{"type":"Feature","geometry":{"type":"LineString","coordinates":[[-97.7417186,30.2875821],[-97.7416873,30.2875807]]},"properties":{"k":"path","u":"footway","s":"concrete","w":2.4,"wt":0}},{"type":"Feature","geometry":{"type":"LineString","coordinates":[[-97.7414646,30.2875693],[-97.7414396,30.2875681]]},"properties":{"k":"path","u":"footway","s":"concrete","w":2.4,"wt":0}},{"type":"Feature","geometry":{"type":"LineString","coordinates":[[-97.7391053,30.2783554],[-97.7391628,30.278371],[-97.7391148,30.2785001],[-97.7391028,30.2785322],[-97.7390384,30.2787032],[-97.738987,30.2788401]]},"properties":{"k":"path","u":"footway","s":"concrete","w":2.4,"wt":0}},{"type":"Feature","geometry":{"type":"LineString","coordinates":[[-97.7387912,30.2784421],[-97.738764,30.2785144],[-97.7387248,30.2786167],[-97.7386753,30.2787509]]},"properties":{"k":"path","u":"footway","s":"paving","w":2.4,"wt":0}},{"type":"Feature","geometry":{"type":"LineString","coordinates":[[-97.7382799,30.2797875],[-97.7383382,30.2798049]]},"properties":{"k":"path","u":"footway","s":"paving","w":2.4,"wt":0}},{"type":"Feature","geometry":{"type":"LineString","coordinates":[[-97.738663,30.2789382],[-97.738612,30.2789236]]},"properties":{"k":"path","u":"footway","s":"paving","w":2.4,"wt":0}},{"type":"Feature","geometry":{"type":"LineString","coordinates":[[-97.7387273,30.2787664],[-97.738929,30.2788237]]},"properties":{"k":"path","u":"footway","s":"paving","w":2.4,"wt":0}},{"type":"Feature","geometry":{"type":"LineString","coordinates":[[-97.738929,30.2788237],[-97.7389796,30.2786885]]},"properties":{"k":"path","u":"path","s":"paving","w":1.5,"wt":0}},{"type":"Feature","geometry":{"type":"LineString","coordinates":[[-97.7382788,30.2794745],[-97.7383882,30.2795061],[-97.7384444,30.2795229],[-97.7386508,30.2795827]]},"properties":{"k":"path","u":"footway","s":"paving","w":2.4,"wt":0}},{"type":"Feature","geometry":{"type":"LineString","coordinates":[[-97.738619,30.279056],[-97.738568,30.2790409],[-97.7384529,30.2790067]]},"properties":{"k":"path","u":"footway","s":"paving","w":2.4,"wt":0}},{"type":"Feature","geometry":{"type":"LineString","coordinates":[[-97.7385383,30.2792714],[-97.738487,30.2792575],[-97.7384281,30.2792416],[-97.7383712,30.2792262]]},"properties":{"k":"path","u":"footway","s":"paving","w":2.4,"wt":0}},{"type":"Feature","geometry":{"type":"LineString","coordinates":[[-97.7393118,30.2781794],[-97.7392846,30.2781714]]},"properties":{"k":"path","u":"steps","s":"concrete","w":3.0,"wt":0}},{"type":"Feature","geometry":{"type":"LineString","coordinates":[[-97.7392846,30.2781714],[-97.7392645,30.2781655]]},"properties":{"k":"path","u":"footway","s":"concrete","w":2.4,"wt":0}},{"type":"Feature","geometry":{"type":"LineString","coordinates":[[-97.7392645,30.2781655],[-97.7392373,30.2781576]]},"properties":{"k":"path","u":"steps","s":"concrete","w":3.0,"wt":0}},{"type":"Feature","geometry":{"type":"LineString","coordinates":[[-97.7392373,30.2781576],[-97.7391851,30.2781423]]},"properties":{"k":"path","u":"footway","s":"paving","w":2.4,"wt":0}},{"type":"Feature","geometry":{"type":"LineString","coordinates":[[-97.7387791,30.2793798],[-97.73873,30.2793662]]},"properties":{"k":"path","u":"footway","s":"paving","w":2.4,"wt":0}},{"type":"Feature","geometry":{"type":"LineString","coordinates":[[-97.7388847,30.2791058],[-97.738831,30.2790915]]},"properties":{"k":"path","u":"footway","s":"paving","w":2.4,"wt":0}},{"type":"Feature","geometry":{"type":"LineString","coordinates":[[-97.7386954,30.2788518],[-97.7386434,30.2788374],[-97.7385272,30.2788043]]},"properties":{"k":"path","u":"footway","s":"paving","w":2.4,"wt":0}},{"type":"Feature","geometry":{"type":"LineString","coordinates":[[-97.7389574,30.2779971],[-97.739012,30.2780123]]},"properties":{"k":"path","u":"footway","s":"paving","w":2.4,"wt":0}},{"type":"Feature","geometry":{"type":"LineString","coordinates":[[-97.7390259,30.2779754],[-97.7389715,30.2779593]]},"properties":{"k":"path","u":"footway","s":"paving","w":2.4,"wt":0}},{"type":"Feature","geometry":{"type":"LineString","coordinates":[[-97.7387624,30.2798757],[-97.7386553,30.2798415]]},"properties":{"k":"path","u":"footway","s":"concrete","w":2.4,"wt":0}},{"type":"Feature","geometry":{"type":"LineString","coordinates":[[-97.7384362,30.2792199],[-97.7384281,30.2792416]]},"properties":{"k":"path","u":"footway","s":"paving","w":2.4,"wt":0}},{"type":"Feature","geometry":{"type":"LineString","coordinates":[[-97.7382263,30.2798152],[-97.7382149,30.2798437]]},"properties":{"k":"path","u":"footway","s":"paving","w":2.4,"wt":0}},{"type":"Feature","geometry":{"type":"LineString","coordinates":[[-97.7385748,30.2791741],[-97.7385233,30.2791601]]},"properties":{"k":"path","u":"footway","s":"paving","w":2.4,"wt":0}},{"type":"Feature","geometry":{"type":"LineString","coordinates":[[-97.7384307,30.2792896],[-97.7384699,30.2793],[-97.7385217,30.2793156]]},"properties":{"k":"path","u":"footway","s":"paving","w":2.4,"wt":0}},{"type":"Feature","geometry":{"type":"LineString","coordinates":[[-97.7395757,30.2780836],[-97.7395009,30.2780618]]},"properties":{"k":"path","u":"footway","s":"concrete","w":2.4,"wt":0}},{"type":"Feature","geometry":{"type":"LineString","coordinates":[[-97.7393118,30.2781794],[-97.7393368,30.2781867]]},"properties":{"k":"path","u":"footway","s":"concrete","w":2.4,"wt":0}},{"type":"Feature","geometry":{"type":"LineString","coordinates":[[-97.7390414,30.2777694],[-97.739048,30.2777515]]},"properties":{"k":"path","u":"footway","s":"concrete","w":2.4,"wt":0}},{"type":"Feature","geometry":{"type":"LineString","coordinates":[[-97.7392837,30.2779296],[-97.7392754,30.2779495]]},"properties":{"k":"path","u":"footway","s":"concrete","w":2.4,"wt":0}},{"type":"Feature","geometry":{"type":"LineString","coordinates":[[-97.7401316,30.2758994],[-97.7405693,30.2760227]]},"properties":{"k":"path","u":"footway","s":"concrete","w":2.4,"wt":0}},{"type":"Feature","geometry":{"type":"LineString","coordinates":[[-97.7404535,30.2764721],[-97.7404965,30.2764838],[-97.7405236,30.2764124],[-97.7405824,30.2762577]]},"properties":{"k":"path","u":"footway","s":"concrete","w":2.4,"wt":0}},{"type":"Feature","geometry":{"type":"LineString","coordinates":[[-97.7417122,30.2762683],[-97.7416644,30.2763941]]},"properties":{"k":"path","u":"footway","s":"concrete","w":2.4,"wt":0}},{"type":"Feature","geometry":{"type":"LineString","coordinates":[[-97.7395562,30.276143],[-97.73914,30.2760284]]},"properties":{"k":"path","u":"footway","s":"paving","w":2.4,"wt":0}},{"type":"Feature","geometry":{"type":"LineString","coordinates":[[-97.7380556,30.2802005],[-97.7380599,30.2801893]]},"properties":{"k":"path","u":"steps","s":"concrete","w":3.0,"wt":0}},{"type":"Feature","geometry":{"type":"LineString","coordinates":[[-97.7380599,30.2801893],[-97.7380631,30.2801815]]},"properties":{"k":"path","u":"footway","s":"paving","w":2.4,"wt":0}},{"type":"Feature","geometry":{"type":"LineString","coordinates":[[-97.7478008,30.2775544],[-97.7469174,30.2773031]]},"properties":{"k":"path","u":"footway","s":"concrete","w":2.4,"wt":0}},{"type":"Feature","geometry":{"type":"LineString","coordinates":[[-97.7524661,30.281908],[-97.7524312,30.2818648],[-97.7519824,30.2813092],[-97.7519154,30.2811797],[-97.7518825,30.2811149],[-97.7517574,30.2810672],[-97.7515907,30.2810037],[-97.7515449,30.2809886],[-97.7515284,30.2809832],[-97.7513364,30.2809171],[-97.751249,30.2809275],[-97.7511554,30.2809602],[-97.7511205,30.2809834]]},"properties":{"k":"path","u":"footway","s":"concrete","w":2.4,"wt":0}},{"type":"Feature","geometry":{"type":"LineString","coordinates":[[-97.7511205,30.2809834],[-97.7510849,30.2810287],[-97.7510487,30.2810938],[-97.751039,30.2811446],[-97.7510635,30.2812276],[-97.7511161,30.2813187],[-97.7512903,30.281567],[-97.7514963,30.2818857],[-97.7517366,30.2822119],[-97.7518851,30.2823653],[-97.7519967,30.2824765],[-97.7521855,30.2826174],[-97.7526748,30.2828842],[-97.752901,30.2830063],[-97.7530181,30.2830695],[-97.7531726,30.2831658],[-97.7535502,30.2834401],[-97.7537906,30.2835883],[-97.7539708,30.2836624],[-97.7541253,30.2836921],[-97.7541962,30.2837254],[-97.7542783,30.2837863],[-97.7544257,30.283907],[-97.7545287,30.2840478],[-97.7545631,30.2841368]]},"properties":{"k":"path","u":"cycleway","s":"gravel","w":2.2,"wt":0}},{"type":"Feature","geometry":{"type":"LineString","coordinates":[[-97.7476732,30.2926964],[-97.7476151,30.2929604],[-97.7476312,30.2930864],[-97.7477369,30.2932847],[-97.7478656,30.293507],[-97.7479858,30.293759],[-97.7481059,30.294048],[-97.7484278,30.2944481]]},"properties":{"k":"path","u":"cycleway","s":"paving","w":2.2,"wt":0}},{"type":"Feature","geometry":{"type":"LineString","coordinates":[[-97.7517231,30.2908347],[-97.7517034,30.2909259],[-97.7515608,30.291192],[-97.7514462,30.2913252],[-97.7513868,30.2913544],[-97.7511923,30.2914499],[-97.7510393,30.2916211],[-97.7508142,30.2917909],[-97.7506837,30.2918155],[-97.7505913,30.2918466],[-97.7505336,30.291866],[-97.7503964,30.2918503]]},"properties":{"k":"path","u":"footway","s":"gravel","w":2.4,"wt":0}},{"type":"Feature","geometry":{"type":"LineString","coordinates":[[-97.7518155,30.2908364],[-97.7518962,30.2908605],[-97.7519665,30.2908814]]},"properties":{"k":"path","u":"footway","s":"gravel","w":2.4,"wt":0}},{"type":"Feature","geometry":{"type":"LineString","coordinates":[[-97.7415529,30.2815086],[-97.741684,30.281184]]},"properties":{"k":"path","u":"footway","s":"paving","w":2.4,"wt":0}},{"type":"Feature","geometry":{"type":"LineString","coordinates":[[-97.7511205,30.2809834],[-97.7510927,30.2809587],[-97.7510522,30.2809478],[-97.7509569,30.2809554]]},"properties":{"k":"path","u":"cycleway","s":"concrete","w":2.2,"wt":0}},{"type":"Feature","geometry":{"type":"LineString","coordinates":[[-97.7380999,30.2930904],[-97.7380858,30.2930927],[-97.7378175,30.2929268],[-97.7375144,30.2928362]]},"properties":{"k":"path","u":"footway","s":"concrete","w":2.4,"wt":0}},{"type":"Feature","geometry":{"type":"LineString","coordinates":[[-97.7380292,30.2932642],[-97.7380463,30.2932784],[-97.7380885,30.2933612],[-97.7380872,30.2934069],[-97.7380791,30.2934521],[-97.7380825,30.2935082],[-97.7381006,30.2935656],[-97.7381214,30.2936165],[-97.7381663,30.2936431],[-97.7382146,30.2936808],[-97.7382424,30.2937063],[-97.7382468,30.2937103],[-97.7382548,30.2937497],[-97.7382576,30.2938073]]},"properties":{"k":"path","u":"footway","s":"concrete","w":2.4,"wt":0}},{"type":"Feature","geometry":{"type":"LineString","coordinates":[[-97.7382424,30.2937063],[-97.7382396,30.2936615],[-97.7382237,30.2936072],[-97.7381936,30.2935568],[-97.7381741,30.2935171],[-97.7381564,30.2934651],[-97.7381334,30.2934178],[-97.7381122,30.293378],[-97.7380885,30.2933612]]},"properties":{"k":"path","u":"footway","s":"concrete","w":2.4,"wt":0}},{"type":"Feature","geometry":{"type":"LineString","coordinates":[[-97.7372844,30.2936407],[-97.7372893,30.2936347],[-97.7372477,30.2935999],[-97.7372088,30.2936005],[-97.7371935,30.2935888],[-97.73718,30.2935785],[-97.7371243,30.2935432],[-97.737127,30.2935102],[-97.7371418,30.2934749],[-97.7371536,30.2934676],[-97.7371813,30.2934506],[-97.7371981,30.2934349],[-97.7372021,30.2934158],[-97.7371968,30.2933869],[-97.7371787,30.2933602],[-97.7371076,30.2932946],[-97.7370405,30.2932225],[-97.7370078,30.2931781],[-97.7370056,30.293157],[-97.7370132,30.2931298],[-97.7370272,30.2931106],[-97.7370424,30.293098],[-97.7370949,30.2930864],[-97.7371175,30.2930802],[-97.737137,30.2930748],[-97.7372099,30.2930632],[-97.7372847,30.2930597],[-97.7373465,30.2930536],[-97.7373696,30.2930524]]},"properties":{"k":"path","u":"footway","s":"concrete","w":2.4,"wt":0}},{"type":"Feature","geometry":{"type":"LineString","coordinates":[[-97.7373595,30.293014],[-97.7373166,30.2929835],[-97.7372658,30.2929503],[-97.7372614,30.2929497],[-97.737236,30.2929462],[-97.7372086,30.2929578],[-97.7371882,30.292976],[-97.7371537,30.2930224],[-97.7371263,30.2930632],[-97.7371175,30.2930802]]},"properties":{"k":"path","u":"footway","s":"concrete","w":2.4,"wt":0}},{"type":"Feature","geometry":{"type":"LineString","coordinates":[[-97.7372021,30.2934158],[-97.7372455,30.2934082],[-97.7372861,30.2934042],[-97.7373303,30.2933849],[-97.7374305,30.293345],[-97.7374782,30.2933239],[-97.737527,30.2932915],[-97.7375456,30.2932763]]},"properties":{"k":"path","u":"footway","s":"concrete","w":2.4,"wt":0}},{"type":"Feature","geometry":{"type":"LineString","coordinates":[[-97.7372861,30.2934042],[-97.7373222,30.2934253],[-97.7373486,30.2934498]]},"properties":{"k":"path","u":"footway","s":"concrete","w":2.4,"wt":0}},{"type":"Feature","geometry":{"type":"LineString","coordinates":[[-97.7381214,30.2936165],[-97.7380145,30.2935991]]},"properties":{"k":"path","u":"footway","s":"concrete","w":2.4,"wt":0}},{"type":"Feature","geometry":{"type":"LineString","coordinates":[[-97.7372518,30.2928895],[-97.7372518,30.2928121]]},"properties":{"k":"path","u":"footway","s":"concrete","w":2.4,"wt":0}},{"type":"Feature","geometry":{"type":"LineString","coordinates":[[-97.7372614,30.2929497],[-97.7372518,30.2929076],[-97.7372518,30.2928895]]},"properties":{"k":"path","u":"footway","s":"concrete","w":2.4,"wt":0}},{"type":"Feature","geometry":{"type":"LineString","coordinates":[[-97.7372518,30.2928121],[-97.737259,30.2927635]]},"properties":{"k":"path","u":"footway","s":"concrete","w":2.4,"wt":0}},{"type":"Feature","geometry":{"type":"LineString","coordinates":[[-97.7374345,30.2937025],[-97.7374177,30.2936881]]},"properties":{"k":"path","u":"footway","s":"concrete","w":2.4,"wt":0}},{"type":"Feature","geometry":{"type":"LineString","coordinates":[[-97.7379437,30.2938247],[-97.7379453,30.2938508],[-97.7379272,30.2938836],[-97.7379243,30.2939239],[-97.7379237,30.2939733]]},"properties":{"k":"path","u":"footway","s":"concrete","w":2.4,"wt":0}},{"type":"Feature","geometry":{"type":"LineString","coordinates":[[-97.7371536,30.2934676],[-97.7371477,30.2934503],[-97.737084,30.293391]]},"properties":{"k":"path","u":"footway","s":"concrete","w":2.4,"wt":0}},{"type":"Feature","geometry":{"type":"LineString","coordinates":[[-97.7375623,30.2935072],[-97.7374328,30.2935364],[-97.7374271,30.2935371]]},"properties":{"k":"path","u":"footway","s":"concrete","w":2.4,"wt":0}},{"type":"Feature","geometry":{"type":"LineString","coordinates":[[-97.7380013,30.2927828],[-97.7380444,30.2926009],[-97.7380574,30.2924864]]},"properties":{"k":"path","u":"footway","s":"concrete","w":2.4,"wt":0}},{"type":"Feature","geometry":{"type":"LineString","coordinates":[[-97.7375144,30.2928362],[-97.7374971,30.2928124],[-97.7373522,30.292758],[-97.7372867,30.2927391]]},"properties":{"k":"path","u":"footway","s":"concrete","w":2.4,"wt":0}},{"type":"Feature","geometry":{"type":"LineString","coordinates":[[-97.7376274,30.2933478],[-97.737598,30.2933704],[-97.7375688,30.2934093],[-97.7375623,30.2935072],[-97.73756,30.293629],[-97.737532,30.2936497],[-97.7374719,30.2936552],[-97.7374118,30.2936482],[-97.7373697,30.2936164],[-97.7373306,30.2935917],[-97.7372769,30.29357],[-97.7372361,30.2935776],[-97.7371935,30.2935888]]},"properties":{"k":"path","u":"footway","s":"concrete","w":2.4,"wt":0}},{"type":"Feature","geometry":{"type":"LineString","coordinates":[[-97.7302838,30.2762814],[-97.7303489,30.2761065]]},"properties":{"k":"path","u":"footway","s":"concrete","w":2.4,"wt":0}},{"type":"Feature","geometry":{"type":"LineString","coordinates":[[-97.730134,30.2765829],[-97.7302146,30.2764206],[-97.7302335,30.2763775]]},"properties":{"k":"path","u":"footway","s":"concrete","w":2.4,"wt":0}},{"type":"Feature","geometry":{"type":"LineString","coordinates":[[-97.7302335,30.2763775],[-97.7302152,30.2763061],[-97.7301953,30.2762744],[-97.7301568,30.2762361],[-97.7301154,30.2762144],[-97.7300488,30.2761972],[-97.7299939,30.2762018],[-97.7293454,30.2762971],[-97.7287447,30.2763954],[-97.7286928,30.2763904],[-97.7286601,30.2763843]]},"properties":{"k":"path","u":"footway","s":"concrete","w":2.4,"wt":0}},{"type":"Feature","geometry":{"type":"LineString","coordinates":[[-97.7310212,30.2856253],[-97.7310498,30.2856154]]},"properties":{"k":"path","u":"footway","s":"concrete","w":2.4,"wt":0}},{"type":"Feature","geometry":{"type":"LineString","coordinates":[[-97.7386913,30.2797466],[-97.7386553,30.2798415],[-97.7386112,30.2799551]]},"properties":{"k":"path","u":"footway","s":"concrete","w":2.4,"wt":0}},{"type":"Feature","geometry":{"type":"LineString","coordinates":[[-97.7319808,30.2810049],[-97.7320113,30.280956],[-97.7320522,30.2808949],[-97.7320734,30.280825],[-97.7320904,30.2807691],[-97.7321879,30.2804476],[-97.7321967,30.2803851],[-97.7321735,30.2803038],[-97.7321917,30.280222],[-97.7322195,30.2801461],[-97.7322611,30.2800874],[-97.7323177,30.2800011],[-97.7323874,30.2798332],[-97.7324044,30.2797863],[-97.7324576,30.2796391],[-97.7325467,30.2793971],[-97.7325789,30.2793096],[-97.7326118,30.2792793],[-97.7326543,30.2792588],[-97.7326739,30.2792494],[-97.7327212,30.2792418],[-97.7327749,30.2792499],[-97.7329129,30.279288]]},"properties":{"k":"path","u":"footway","s":"concrete","w":2.4,"wt":0}},{"type":"Feature","geometry":{"type":"LineString","coordinates":[[-97.7323739,30.2791494],[-97.7323731,30.2791682],[-97.7323828,30.2791901],[-97.7323919,30.2792109],[-97.7323936,30.2792233],[-97.7323951,30.2792343],[-97.7323839,30.2792766],[-97.7322033,30.2797725],[-97.7321652,30.2798211]]},"properties":{"k":"path","u":"cycleway","s":"asphalt","w":2.2,"wt":0}},{"type":"Feature","geometry":{"type":"LineString","coordinates":[[-97.7320845,30.2800742],[-97.7318351,30.2808641],[-97.7318151,30.2809084],[-97.7317969,30.2809508]]},"properties":{"k":"path","u":"cycleway","s":"asphalt","w":2.2,"wt":0}},{"type":"Feature","geometry":{"type":"LineString","coordinates":[[-97.7317297,30.2810983],[-97.7317108,30.2811365],[-97.731586,30.2813886],[-97.7315387,30.2815212],[-97.7315088,30.2816536],[-97.7314977,30.2817228]]},"properties":{"k":"path","u":"cycleway","s":"asphalt","w":2.2,"wt":0}},{"type":"Feature","geometry":{"type":"LineString","coordinates":[[-97.7314851,30.2818442],[-97.731464,30.2820531],[-97.7314612,30.2820805],[-97.7314449,30.2822103]]},"properties":{"k":"path","u":"cycleway","s":"asphalt","w":2.2,"wt":0}},{"type":"Feature","geometry":{"type":"LineString","coordinates":[[-97.7314104,30.2823779],[-97.7313037,30.2827269],[-97.7311715,30.2831769],[-97.7309855,30.2837766],[-97.730972,30.2838191]]},"properties":{"k":"path","u":"cycleway","s":"asphalt","w":2.2,"wt":0}},{"type":"Feature","geometry":{"type":"LineString","coordinates":[[-97.7311551,30.2838133],[-97.7311438,30.2838105]]},"properties":{"k":"path","u":"footway","s":"concrete","w":2.4,"wt":0}},{"type":"Feature","geometry":{"type":"LineString","coordinates":[[-97.7309469,30.2838292],[-97.7309502,30.2838153],[-97.730961,30.2837691],[-97.7309732,30.2837739]]},"properties":{"k":"path","u":"footway","s":"concrete","w":2.4,"wt":0}},{"type":"Feature","geometry":{"type":"LineString","coordinates":[[-97.730961,30.2837691],[-97.7309853,30.2837242],[-97.7310383,30.2835447],[-97.7310527,30.2834961],[-97.7311386,30.2832051],[-97.7313421,30.2825084],[-97.7313864,30.2823609],[-97.7314019,30.2822769],[-97.7314248,30.2821532],[-97.731436,30.2820505],[-97.731451,30.2819134],[-97.7314549,30.2818776],[-97.7314622,30.2817886],[-97.7314686,30.2817106],[-97.7314851,30.2815905],[-97.7315155,30.2814834],[-97.731572,30.2813303],[-97.7316661,30.281146],[-97.7316771,30.2811244],[-97.7317257,30.2810271],[-97.7317368,30.281005],[-97.7317886,30.2809013],[-97.731814,30.2808561],[-97.7320629,30.2800532],[-97.7321164,30.2799057],[-97.7321801,30.2797304],[-97.7323384,30.2792838],[-97.7323508,30.2792509],[-97.7323532,30.2792222],[-97.7323419,30.2791944],[-97.732336,30.2791677],[-97.7323413,30.2791364]]},"properties":{"k":"path","u":"footway","s":"concrete","w":2.4,"wt":0}},{"type":"Feature","geometry":{"type":"LineString","coordinates":[[-97.7308363,30.2848444],[-97.7308462,30.2848145],[-97.730855,30.2847711],[-97.7308565,30.2847594],[-97.7308612,30.2847245],[-97.7310509,30.2840882],[-97.7310658,30.284036],[-97.7310863,30.283964],[-97.7311108,30.2838781],[-97.7311309,30.2838078],[-97.7311373,30.283785],[-97.7311518,30.283694],[-97.7311676,30.2835576],[-97.7311901,30.2834374],[-97.7312099,30.2833692],[-97.7313261,30.2829897],[-97.7313664,30.2828882],[-97.7314285,30.2827575],[-97.7314744,30.2826293],[-97.7315018,30.2825369],[-97.7315143,30.2825001],[-97.7315577,30.282348],[-97.7315795,30.2822443],[-97.7315921,30.2821398],[-97.7315984,30.2820654],[-97.731602,30.2820227]]},"properties":{"k":"path","u":"cycleway","s":"asphalt","w":2.2,"wt":0}},{"type":"Feature","geometry":{"type":"LineString","coordinates":[[-97.7316335,30.2820685],[-97.7316124,30.2820667]]},"properties":{"k":"path","u":"footway","s":"concrete","w":2.4,"wt":0}},{"type":"Feature","geometry":{"type":"LineString","coordinates":[[-97.7326981,30.2790111],[-97.7326985,30.2789956],[-97.7326932,30.2789788],[-97.7326874,30.2789657],[-97.7326733,30.2789326],[-97.7326664,30.2788972],[-97.7326709,30.2788552],[-97.7326374,30.2787592]]},"properties":{"k":"path","u":"cycleway","s":"asphalt","w":2.2,"wt":0}},{"type":"Feature","geometry":{"type":"LineString","coordinates":[[-97.7326233,30.2792233],[-97.7326502,30.2792139],[-97.7327077,30.2792088],[-97.7328617,30.2791765]]},"properties":{"k":"path","u":"cycleway","s":"asphalt","w":2.2,"wt":0}},{"type":"Feature","geometry":{"type":"LineString","coordinates":[[-97.7328617,30.2791765],[-97.7327656,30.2790312],[-97.7327256,30.2790035],[-97.7327161,30.278997],[-97.7326932,30.2789788]]},"properties":{"k":"path","u":"cycleway","s":"asphalt","w":2.2,"wt":0}},{"type":"Feature","geometry":{"type":"LineString","coordinates":[[-97.7326374,30.2787592],[-97.7325089,30.2788388],[-97.7324825,30.278877],[-97.7324719,30.2788925],[-97.7324547,30.2789085],[-97.7324383,30.2789238],[-97.732428,30.2789463]]},"properties":{"k":"path","u":"cycleway","s":"asphalt","w":2.2,"wt":0}},{"type":"Feature","geometry":{"type":"LineString","coordinates":[[-97.7326874,30.2789657],[-97.732669,30.278956],[-97.7326505,30.2789506]]},"properties":{"k":"path","u":"cycleway","s":"asphalt","w":2.2,"wt":0}},{"type":"Feature","geometry":{"type":"LineString","coordinates":[[-97.7324866,30.2789069],[-97.7324699,30.2789056],[-97.7324547,30.2789085]]},"properties":{"k":"path","u":"cycleway","s":"asphalt","w":2.2,"wt":0}},{"type":"Feature","geometry":{"type":"LineString","coordinates":[[-97.7323828,30.2791901],[-97.732395,30.2791969],[-97.7324177,30.2792026]]},"properties":{"k":"path","u":"cycleway","s":"asphalt","w":2.2,"wt":0}},{"type":"Feature","geometry":{"type":"LineString","coordinates":[[-97.7325684,30.2792351],[-97.7326052,30.2792373]]},"properties":{"k":"path","u":"cycleway","s":"asphalt","w":2.2,"wt":0}},{"type":"Feature","geometry":{"type":"LineString","coordinates":[[-97.731451,30.2819134],[-97.7310172,30.2818155],[-97.7303427,30.2816632],[-97.7299327,30.2815707],[-97.7295782,30.2814877]]},"properties":{"k":"path","u":"footway","s":"concrete","w":2.4,"wt":0}},{"type":"Feature","geometry":{"type":"LineString","coordinates":[[-97.7310162,30.2838969],[-97.7310506,30.2839551],[-97.7310863,30.283964]]},"properties":{"k":"path","u":"cycleway","s":"asphalt","w":2.2,"wt":0}},{"type":"Feature","geometry":{"type":"LineString","coordinates":[[-97.7311108,30.2838781],[-97.7310756,30.2838701],[-97.7310162,30.2838969]]},"properties":{"k":"path","u":"cycleway","s":"asphalt","w":2.2,"wt":0}},{"type":"Feature","geometry":{"type":"LineString","coordinates":[[-97.7309308,30.2839589],[-97.7309172,30.2840032],[-97.7308598,30.2841996],[-97.7308048,30.284434],[-97.7307105,30.2847318],[-97.7306701,30.2848591],[-97.7306002,30.2850799],[-97.730571,30.2851563],[-97.7305636,30.2851755],[-97.730556,30.2851955],[-97.7305406,30.2852356],[-97.7304945,30.2853561],[-97.7304121,30.2855618],[-97.7303493,30.2857577],[-97.7300332,30.2868007],[-97.7299349,30.2871247],[-97.7298884,30.2872908]]},"properties":{"k":"path","u":"cycleway","s":"paving","w":2.2,"wt":0}},{"type":"Feature","geometry":{"type":"LineString","coordinates":[[-97.7308654,30.2847614],[-97.7308614,30.2847608]]},"properties":{"k":"path","u":"footway","s":"concrete","w":2.4,"wt":0}},{"type":"Feature","geometry":{"type":"LineString","coordinates":[[-97.730693,30.2847282],[-97.7307024,30.2847302]]},"properties":{"k":"path","u":"footway","s":"concrete","w":2.4,"wt":0}},{"type":"Feature","geometry":{"type":"LineString","coordinates":[[-97.7306286,30.2849172],[-97.7305191,30.2849093]]},"properties":{"k":"path","u":"footway","s":"concrete","w":2.4,"wt":0}},{"type":"Feature","geometry":{"type":"LineString","coordinates":[[-97.7305294,30.2851879],[-97.7304339,30.2851576]]},"properties":{"k":"path","u":"footway","s":"concrete","w":2.4,"wt":0}},{"type":"Feature","geometry":{"type":"LineString","coordinates":[[-97.7314481,30.2820517],[-97.731436,30.2820505]]},"properties":{"k":"path","u":"footway","s":"concrete","w":2.4,"wt":0}},{"type":"Feature","geometry":{"type":"LineString","coordinates":[[-97.7318022,30.2809052],[-97.7317886,30.2809013]]},"properties":{"k":"path","u":"footway","s":"concrete","w":2.4,"wt":0}},{"type":"Feature","geometry":{"type":"LineString","coordinates":[[-97.7327324,30.2789819],[-97.7327288,30.2789945]]},"properties":{"k":"path","u":"footway","s":"concrete","w":2.4,"wt":0}},{"type":"Feature","geometry":{"type":"LineString","coordinates":[[-97.7326456,30.279227],[-97.7326543,30.2792588]]},"properties":{"k":"path","u":"footway","s":"concrete","w":2.4,"wt":0}},{"type":"Feature","geometry":{"type":"LineString","coordinates":[[-97.7326118,30.2792793],[-97.7325905,30.2792658]]},"properties":{"k":"path","u":"footway","s":"concrete","w":2.4,"wt":0}},{"type":"Feature","geometry":{"type":"LineString","coordinates":[[-97.7323808,30.2792206],[-97.7323532,30.2792222]]},"properties":{"k":"path","u":"footway","s":"concrete","w":2.4,"wt":0}},{"type":"Feature","geometry":{"type":"LineString","coordinates":[[-97.7324021,30.2789495],[-97.7324113,30.2789283],[-97.7324186,30.2789114],[-97.7324445,30.2788835],[-97.7324511,30.2788716],[-97.7325144,30.2787576],[-97.7325369,30.278681],[-97.7325691,30.2785715],[-97.73263,30.2784545],[-97.7326941,30.2783332],[-97.7327271,30.2782501],[-97.7327495,30.2782254]]},"properties":{"k":"path","u":"footway","s":"concrete","w":2.4,"wt":0}},{"type":"Feature","geometry":{"type":"LineString","coordinates":[[-97.7324511,30.2788716],[-97.7324711,30.2788737]]},"properties":{"k":"path","u":"footway","s":"concrete","w":2.4,"wt":0}},{"type":"Feature","geometry":{"type":"LineString","coordinates":[[-97.7327029,30.2789342],[-97.7326845,30.2789359]]},"properties":{"k":"path","u":"footway","s":"concrete","w":2.4,"wt":0}},{"type":"Feature","geometry":{"type":"LineString","coordinates":[[-97.7366664,30.2772061],[-97.7366523,30.2772021]]},"properties":{"k":"path","u":"footway","s":"concrete","w":2.4,"wt":0}},{"type":"Feature","geometry":{"type":"LineString","coordinates":[[-97.7369061,30.2771526],[-97.7368863,30.277147]]},"properties":{"k":"path","u":"footway","s":"concrete","w":2.4,"wt":0}},{"type":"Feature","geometry":{"type":"LineString","coordinates":[[-97.7367119,30.277101],[-97.7366931,30.2770963]]},"properties":{"k":"path","u":"footway","s":"concrete","w":2.4,"wt":0}},{"type":"Feature","geometry":{"type":"LineString","coordinates":[[-97.745081,30.2758241],[-97.7449202,30.2762634]]},"properties":{"k":"path","u":"footway","s":"paving","w":2.4,"wt":0}},{"type":"Feature","geometry":{"type":"LineString","coordinates":[[-97.744874,30.275764],[-97.7447208,30.2762041],[-97.7447419,30.2762216]]},"properties":{"k":"path","u":"footway","s":"paving","w":2.4,"wt":0}},{"type":"Feature","geometry":{"type":"LineString","coordinates":[[-97.7435063,30.2768843],[-97.7436298,30.2765509],[-97.7436317,30.2765449]]},"properties":{"k":"path","u":"footway","s":"concrete","w":2.4,"wt":0}},{"type":"Feature","geometry":{"type":"LineString","coordinates":[[-97.7432945,30.2768247],[-97.7434227,30.2764841]]},"properties":{"k":"path","u":"footway","s":"concrete","w":2.4,"wt":0}},{"type":"Feature","geometry":{"type":"LineString","coordinates":[[-97.7422088,30.2771597],[-97.7421223,30.2773925],[-97.7421072,30.2774371],[-97.7421002,30.2774579],[-97.7420722,30.2775217]]},"properties":{"k":"path","u":"footway","s":"concrete","w":2.4,"wt":0}},{"type":"Feature","geometry":{"type":"LineString","coordinates":[[-97.7418677,30.2774618],[-97.7418687,30.2774593],[-97.742009,30.2771051]]},"properties":{"k":"path","u":"footway","s":"concrete","w":2.4,"wt":0}},{"type":"Feature","geometry":{"type":"LineString","coordinates":[[-97.731697,30.281132],[-97.7316771,30.2811244]]},"properties":{"k":"path","u":"footway","s":"concrete","w":2.4,"wt":0}},{"type":"Feature","geometry":{"type":"LineString","coordinates":[[-97.7318501,30.2811817],[-97.7318671,30.2811866]]},"properties":{"k":"path","u":"footway","s":"concrete","w":2.4,"wt":0}},{"type":"Feature","geometry":{"type":"LineString","coordinates":[[-97.732336,30.2791677],[-97.7322011,30.2791284],[-97.731916,30.2790452],[-97.7318793,30.2790531],[-97.7318519,30.279062],[-97.7318176,30.2790842],[-97.7317831,30.2790933],[-97.7317569,30.2790913],[-97.7317117,30.2790733],[-97.731614,30.2790276],[-97.7315564,30.2789991],[-97.7315419,30.2789846],[-97.7315322,30.2789605],[-97.7315077,30.2789106],[-97.7314911,30.2788968],[-97.7314727,30.2788907],[-97.7311161,30.2788395],[-97.7308673,30.2787696],[-97.7307766,30.2787462],[-97.7307179,30.2787374],[-97.7306348,30.2787281],[-97.7306083,30.2787277],[-97.7305571,30.2787506]]},"properties":{"k":"path","u":"footway","s":"concrete","w":2.4,"wt":0}},{"type":"Feature","geometry":{"type":"LineString","coordinates":[[-97.7399181,30.2779983],[-97.7401236,30.2780566],[-97.7404196,30.2781422]]},"properties":{"k":"path","u":"footway","s":"paving","w":2.4,"wt":0}},{"type":"Feature","geometry":{"type":"LineString","coordinates":[[-97.7369061,30.2771526],[-97.7369154,30.2771195]]},"properties":{"k":"path","u":"footway","s":"paving","w":2.4,"wt":0}},{"type":"Feature","geometry":{"type":"LineString","coordinates":[[-97.7369708,30.2769768],[-97.7369976,30.2769033]]},"properties":{"k":"path","u":"footway","s":"paving","w":2.4,"wt":0}},{"type":"Feature","geometry":{"type":"LineString","coordinates":[[-97.7346213,30.2790894],[-97.7346334,30.2790674]]},"properties":{"k":"path","u":"footway","s":"paving","w":2.4,"wt":0}},{"type":"Feature","geometry":{"type":"LineString","coordinates":[[-97.738067,30.2808133],[-97.7380501,30.2808553]]},"properties":{"k":"path","u":"steps","s":"concrete","w":3.0,"wt":0}},{"type":"Feature","geometry":{"type":"LineString","coordinates":[[-97.7380501,30.2808553],[-97.7380297,30.2808993],[-97.7379896,30.2809474],[-97.7379781,30.2809452],[-97.7379616,30.2809421],[-97.7379536,30.2809434],[-97.7378802,30.2809935]]},"properties":{"k":"path","u":"footway","s":"concrete","w":2.4,"wt":0}},{"type":"Feature","geometry":{"type":"LineString","coordinates":[[-97.7379896,30.2809474],[-97.7380064,30.2809516],[-97.7380144,30.2809682],[-97.7380275,30.2810046],[-97.7380274,30.2810187],[-97.7380223,30.2810337],[-97.7380119,30.281043],[-97.7379965,30.2810482],[-97.7378933,30.2810238],[-97.7378843,30.2810174],[-97.7378793,30.2810087],[-97.7378802,30.2809935]]},"properties":{"k":"path","u":"footway","s":"concrete","w":2.4,"wt":0}},{"type":"Feature","geometry":{"type":"LineString","coordinates":[[-97.7368366,30.2810071],[-97.7368386,30.2809823],[-97.736821,30.2808442],[-97.7368333,30.2807541],[-97.7368435,30.2806741]]},"properties":{"k":"path","u":"footway","s":"concrete","w":2.4,"wt":0}},{"type":"Feature","geometry":{"type":"LineString","coordinates":[[-97.7368431,30.2806701],[-97.7368435,30.2806741]]},"properties":{"k":"path","u":"footway","s":"concrete","w":2.4,"wt":0}},{"type":"Feature","geometry":{"type":"LineString","coordinates":[[-97.7368732,30.2806675],[-97.7368431,30.2806701]]},"properties":{"k":"path","u":"steps","s":"concrete","w":3.0,"wt":0}},{"type":"Feature","geometry":{"type":"LineString","coordinates":[[-97.7371387,30.2806385],[-97.7371039,30.280591],[-97.7370473,30.2805466],[-97.7370032,30.280526],[-97.7369187,30.2805204],[-97.7368835,30.2805436],[-97.7368236,30.2806011]]},"properties":{"k":"path","u":"footway","s":"concrete","w":2.4,"wt":0}},{"type":"Feature","geometry":{"type":"LineString","coordinates":[[-97.7264221,30.2888819],[-97.7264771,30.2889005],[-97.7265561,30.2888999],[-97.7266288,30.2888584],[-97.7266503,30.2888278],[-97.7266574,30.2887927],[-97.7266611,30.2887743],[-97.7266358,30.2886466],[-97.7265365,30.2883163],[-97.7265093,30.2881935],[-97.7264954,30.2880527],[-97.726491,30.2879735],[-97.7264964,30.2878704],[-97.7264992,30.2878545],[-97.7265207,30.2876924],[-97.7265574,30.2875548],[-97.7266181,30.2873381],[-97.7266109,30.287324],[-97.7265985,30.2872999],[-97.7264088,30.2872502],[-97.7260775,30.2871732],[-97.7260023,30.2871557],[-97.7256454,30.2870941],[-97.7256356,30.2870924],[-97.7253878,30.2870684],[-97.7251615,30.2870547],[-97.7250565,30.2870547],[-97.7250028,30.2870657],[-97.7249775,30.2870771],[-97.7249377,30.2870951]]},"properties":{"k":"path","u":"footway","s":"concrete","w":2.4,"wt":0}},{"type":"Feature","geometry":{"type":"LineString","coordinates":[[-97.7289452,30.2883758],[-97.7288643,30.2883076],[-97.7287252,30.2882246],[-97.7285299,30.2881258],[-97.7281784,30.2879593],[-97.7275967,30.2876836],[-97.7274427,30.2876135],[-97.7272828,30.2875407],[-97.7272705,30.2875351],[-97.7272193,30.2875057],[-97.7270654,30.287434],[-97.7270353,30.28742],[-97.7269443,30.2873845],[-97.726895,30.2873746],[-97.7268305,30.2873757]]},"properties":{"k":"path","u":"footway","s":"concrete","w":2.4,"wt":0}},{"type":"Feature","geometry":{"type":"LineString","coordinates":[[-97.7269354,30.2870762],[-97.7269357,30.2870557],[-97.7269381,30.2870276],[-97.7270549,30.2866364],[-97.7270722,30.2865793],[-97.7272016,30.2861499],[-97.7272038,30.2861453],[-97.7273602,30.2856301],[-97.7273761,30.2855768],[-97.7273886,30.2855347],[-97.7275889,30.2848709],[-97.7276073,30.2848119],[-97.7276183,30.2847764],[-97.7279212,30.2837858],[-97.7279376,30.2837304],[-97.7279476,30.2836963],[-97.7280459,30.2833657],[-97.7280591,30.2833438],[-97.7280671,30.2833388],[-97.7280916,30.2833239],[-97.7281363,30.2833198],[-97.7288567,30.2834777],[-97.728929,30.2834934],[-97.7290314,30.283515],[-97.7294532,30.2836121],[-97.7298901,30.2837103]]},"properties":{"k":"path","u":"footway","s":"paving","w":2.4,"wt":0}},{"type":"Feature","geometry":{"type":"LineString","coordinates":[[-97.7304658,30.2837084],[-97.7299494,30.2835972],[-97.729307,30.2834483],[-97.7290455,30.2833918],[-97.7283811,30.283235],[-97.7281592,30.2831847],[-97.7281495,30.2831776],[-97.7281423,30.2831724],[-97.7281334,30.2831519],[-97.7282446,30.2829465],[-97.728377,30.2827731],[-97.7284865,30.2826537],[-97.7287423,30.2824313],[-97.7290045,30.2821818],[-97.7291285,30.2820431],[-97.7292755,30.281881],[-97.7293988,30.2817271],[-97.7295486,30.2815291],[-97.7295782,30.2814877],[-97.7295895,30.2814719],[-97.7296272,30.2814191],[-97.7296434,30.2813866],[-97.7296685,30.281355],[-97.7296983,30.2813439],[-97.729747,30.2813411],[-97.7298037,30.2813106],[-97.7298376,30.2812895],[-97.7298604,30.2812456],[-97.7298705,30.2812019],[-97.7298686,30.281167],[-97.7298325,30.2811053],[-97.7297725,30.2810654],[-97.729732,30.2810556],[-97.7296505,30.2810583],[-97.7295822,30.2810949],[-97.7295544,30.2811288],[-97.7293543,30.2813966],[-97.7295016,30.2814365],[-97.7295895,30.2814719]]},"properties":{"k":"path","u":"footway","s":"concrete","w":2.4,"wt":0}},{"type":"Feature","geometry":{"type":"LineString","coordinates":[[-97.7295822,30.2810949],[-97.7296454,30.2809928],[-97.7297453,30.2808689],[-97.7298733,30.2806208],[-97.7300247,30.2803273],[-97.7300414,30.2802786],[-97.7300731,30.2801863],[-97.7300861,30.2801482],[-97.7303594,30.2802128],[-97.7307328,30.2803012]]},"properties":{"k":"path","u":"footway","s":"concrete","w":2.4,"wt":0}},{"type":"Feature","geometry":{"type":"LineString","coordinates":[[-97.7262814,30.284962],[-97.7259965,30.2853996],[-97.725556,30.2860717],[-97.7254245,30.286272],[-97.725419,30.2863244],[-97.7254214,30.2863647],[-97.7254247,30.2863774],[-97.7254314,30.2864026],[-97.7254934,30.2864851],[-97.7256259,30.2865875],[-97.725878,30.2867613],[-97.7259095,30.2867753],[-97.7259867,30.2868096],[-97.7261161,30.2868631],[-97.7267015,30.2870062]]},"properties":{"k":"path","u":"footway","s":"concrete","w":2.4,"wt":0}},{"type":"Feature","geometry":{"type":"LineString","coordinates":[[-97.7267015,30.2870062],[-97.7269305,30.2862841],[-97.7271122,30.2857272],[-97.7271388,30.2856334],[-97.7276575,30.2839021],[-97.7277026,30.2837546],[-97.7278272,30.2833463],[-97.7278495,30.2832797]]},"properties":{"k":"path","u":"footway","s":"concrete","w":2.4,"wt":0}},{"type":"Feature","geometry":{"type":"LineString","coordinates":[[-97.7279055,30.2831055],[-97.7278732,30.2831103],[-97.7276513,30.2830571],[-97.7276463,30.2830398],[-97.7276411,30.2830221],[-97.7278162,30.2828536],[-97.7279754,30.282717],[-97.7283949,30.2823955],[-97.7283148,30.2825285],[-97.7281387,30.2827267],[-97.728057,30.2828389],[-97.7279055,30.2831055]]},"properties":{"k":"path","u":"footway","s":"concrete","w":2.4,"wt":0}},{"type":"Feature","geometry":{"type":"LineString","coordinates":[[-97.7278495,30.2832797],[-97.727828,30.2832491],[-97.7277085,30.2832217],[-97.727507,30.2831755],[-97.7274891,30.2831728],[-97.72747,30.2831741],[-97.7274554,30.2831843],[-97.7272092,30.2835489],[-97.7265514,30.2845528],[-97.7263184,30.2849059],[-97.7262814,30.284962]]},"properties":{"k":"path","u":"footway","s":"concrete","w":2.4,"wt":0}},{"type":"Feature","geometry":{"type":"LineString","coordinates":[[-97.7303102,30.2892672],[-97.7308715,30.2893838],[-97.7310052,30.2893971],[-97.731081,30.2894046],[-97.7313244,30.2894099],[-97.7322188,30.2893526]]},"properties":{"k":"path","u":"footway","s":"concrete","w":2.4,"wt":0}},{"type":"Feature","geometry":{"type":"LineString","coordinates":[[-97.724751,30.2863004],[-97.7248107,30.2862076],[-97.7248721,30.2861118],[-97.7248866,30.2860893],[-97.7251397,30.2857014],[-97.7253097,30.2854468],[-97.7255798,30.2850331],[-97.7258715,30.2845817],[-97.7260725,30.2842753],[-97.7260944,30.284242],[-97.7264358,30.2837174],[-97.7265617,30.283529],[-97.7266244,30.2834296],[-97.726842,30.2830847]]},"properties":{"k":"path","u":"footway","s":"concrete","w":2.4,"wt":0}},{"type":"Feature","geometry":{"type":"LineString","coordinates":[[-97.7268559,30.2829405],[-97.7268903,30.2829255],[-97.7269293,30.2828878],[-97.7269382,30.2828726],[-97.7271835,30.2824532],[-97.7272585,30.2823242],[-97.7274254,30.2819601],[-97.7274413,30.2819228],[-97.7274726,30.2818492],[-97.7277006,30.281302],[-97.7278927,30.2808444],[-97.7279211,30.2807756],[-97.7279543,30.2806954],[-97.7282501,30.2799956],[-97.7283779,30.2797083],[-97.7286912,30.2790768],[-97.7286758,30.2790183],[-97.7286439,30.2789167],[-97.7285951,30.27882],[-97.7285715,30.2788001],[-97.7286157,30.2787673]]},"properties":{"k":"path","u":"footway","s":"paving","w":2.4,"wt":0}},{"type":"Feature","geometry":{"type":"LineString","coordinates":[[-97.7287071,30.2787185],[-97.728893,30.2786919]]},"properties":{"k":"path","u":"footway","s":"concrete","w":2.4,"wt":0}},{"type":"Feature","geometry":{"type":"LineString","coordinates":[[-97.7303805,30.2787239],[-97.7303317,30.2787197]]},"properties":{"k":"path","u":"footway","s":"concrete","w":2.4,"wt":0}},{"type":"Feature","geometry":{"type":"LineString","coordinates":[[-97.7292218,30.2786559],[-97.7291148,30.2786604]]},"properties":{"k":"path","u":"footway","s":"concrete","w":2.4,"wt":0}},{"type":"Feature","geometry":{"type":"LineString","coordinates":[[-97.7303317,30.2787197],[-97.7300888,30.2786935],[-97.7298548,30.2786709],[-97.7296375,30.2786611],[-97.729423,30.2786559],[-97.7292218,30.2786559]]},"properties":{"k":"path","u":"footway","s":"concrete","w":2.4,"wt":0}},{"type":"Feature","geometry":{"type":"LineString","coordinates":[[-97.7289894,30.2785676],[-97.7290857,30.2783809],[-97.7295494,30.2775995],[-97.7295777,30.2775502],[-97.7297723,30.2772108],[-97.7300649,30.2767009],[-97.7300829,30.2766702],[-97.730134,30.2765829]]},"properties":{"k":"path","u":"footway","s":"paving","w":2.4,"wt":0}},{"type":"Feature","geometry":{"type":"LineString","coordinates":[[-97.7304489,30.2786251],[-97.7303944,30.2786146]]},"properties":{"k":"path","u":"footway","s":"concrete","w":2.4,"wt":0}},{"type":"Feature","geometry":{"type":"LineString","coordinates":[[-97.7303944,30.2786146],[-97.7301816,30.2785859],[-97.7299701,30.2785663],[-97.7297648,30.2785573],[-97.7295294,30.2785563],[-97.7292567,30.2785601]]},"properties":{"k":"path","u":"footway","s":"concrete","w":2.4,"wt":0}},{"type":"Feature","geometry":{"type":"LineString","coordinates":[[-97.7305571,30.2787506],[-97.7305339,30.2787667],[-97.7305184,30.2788107],[-97.7302828,30.2793799],[-97.7300329,30.2799957],[-97.7300402,30.2800265],[-97.7300627,30.2800434],[-97.7300751,30.2800886],[-97.7300861,30.2801482]]},"properties":{"k":"path","u":"footway","s":"concrete","w":2.4,"wt":0}},{"type":"Feature","geometry":{"type":"LineString","coordinates":[[-97.7269877,30.2830844],[-97.7273632,30.2831538]]},"properties":{"k":"path","u":"footway","s":"concrete","w":2.4,"wt":0}},{"type":"Feature","geometry":{"type":"LineString","coordinates":[[-97.7421146,30.2966892],[-97.7421579,30.2966189],[-97.7421858,30.2965754],[-97.7422096,30.2965366],[-97.7423555,30.2963114],[-97.7425251,30.2960404],[-97.742851,30.2955199]]},"properties":{"k":"path","u":"footway","s":"concrete","w":2.4,"wt":0}},{"type":"Feature","geometry":{"type":"LineString","coordinates":[[-97.7422102,30.2943433],[-97.7420821,30.2940852],[-97.741906,30.2937268],[-97.7416574,30.2932341],[-97.7416496,30.2932196],[-97.7414822,30.2929109],[-97.7414794,30.2929063],[-97.7411902,30.2924265]]},"properties":{"k":"path","u":"footway","s":"concrete","w":2.4,"wt":0}},{"type":"Feature","geometry":{"type":"LineString","coordinates":[[-97.7426581,30.2919739],[-97.7419173,30.2919242],[-97.741782,30.2919157],[-97.7412955,30.2918887]]},"properties":{"k":"path","u":"footway","s":"concrete","w":2.4,"wt":0}},{"type":"Feature","geometry":{"type":"LineString","coordinates":[[-97.742642,30.2946678],[-97.7428743,30.2951529],[-97.742897,30.2951998],[-97.7429226,30.2952777],[-97.7429213,30.2952993],[-97.7429368,30.295332],[-97.7429749,30.2953656],[-97.7430785,30.2954161],[-97.7431956,30.295473],[-97.7433351,30.2955409],[-97.7437273,30.2957317],[-97.7438309,30.2957821]]},"properties":{"k":"path","u":"footway","s":"concrete","w":2.4,"wt":0}},{"type":"Feature","geometry":{"type":"LineString","coordinates":[[-97.7362339,30.2898517],[-97.736701,30.2895832],[-97.7367138,30.2895751]]},"properties":{"k":"path","u":"footway","s":"concrete","w":2.4,"wt":0}},{"type":"Feature","geometry":{"type":"LineString","coordinates":[[-97.7366616,30.291581],[-97.7366698,30.2914843],[-97.7367114,30.2909923],[-97.7367191,30.2909023],[-97.7367294,30.2907797],[-97.7367313,30.2907576],[-97.7367505,30.2907519],[-97.7368051,30.2907356]]},"properties":{"k":"path","u":"footway","s":"concrete","w":2.4,"wt":0}},{"type":"Feature","geometry":{"type":"LineString","coordinates":[[-97.7368751,30.2896165],[-97.736913,30.2896017],[-97.7370566,30.2895926],[-97.7379239,30.2896523]]},"properties":{"k":"path","u":"footway","s":"concrete","w":2.4,"wt":0}},{"type":"Feature","geometry":{"type":"LineString","coordinates":[[-97.7380618,30.2896677],[-97.7384549,30.2896906],[-97.7387388,30.2897104]]},"properties":{"k":"path","u":"footway","s":"concrete","w":2.4,"wt":0}},{"type":"Feature","geometry":{"type":"LineString","coordinates":[[-97.7388839,30.2895279],[-97.7389258,30.2895086],[-97.7389899,30.2888408],[-97.7389668,30.2888259],[-97.7389873,30.2885937],[-97.738991,30.2885537],[-97.7390247,30.2881981],[-97.7390415,30.2880202],[-97.7389371,30.2879738],[-97.7388589,30.2879326],[-97.7388264,30.2878915],[-97.7388194,30.2878592],[-97.7388162,30.2878375],[-97.738857,30.2875346],[-97.7388536,30.2875181]]},"properties":{"k":"path","u":"footway","s":"concrete","w":2.4,"wt":0}},{"type":"Feature","geometry":{"type":"LineString","coordinates":[[-97.7398853,30.2897853],[-97.7401677,30.2898034],[-97.7401823,30.2898251],[-97.7401619,30.2899684],[-97.7401031,30.2904865],[-97.7400536,30.2909113],[-97.7400452,30.2909818],[-97.7400338,30.2910779],[-97.7400123,30.2912597],[-97.7400052,30.2913244],[-97.7399523,30.2918099]]},"properties":{"k":"path","u":"footway","s":"concrete","w":2.4,"wt":0}},{"type":"Feature","geometry":{"type":"LineString","coordinates":[[-97.7403527,30.2898502],[-97.7403719,30.289855],[-97.7410305,30.2899049],[-97.7412669,30.2899241]]},"properties":{"k":"path","u":"footway","s":"concrete","w":2.4,"wt":0}},{"type":"Feature","geometry":{"type":"LineString","coordinates":[[-97.7413161,30.2896301],[-97.7412746,30.2896736],[-97.7409273,30.2896428],[-97.7403819,30.2895884]]},"properties":{"k":"path","u":"footway","s":"concrete","w":2.4,"wt":0}},{"type":"Feature","geometry":{"type":"LineString","coordinates":[[-97.7412669,30.2899241],[-97.7412829,30.2899468],[-97.7412328,30.2903805],[-97.7412319,30.2903896],[-97.7412242,30.2904707],[-97.7410893,30.2918917]]},"properties":{"k":"path","u":"footway","s":"concrete","w":2.4,"wt":0}},{"type":"Feature","geometry":{"type":"LineString","coordinates":[[-97.7413105,30.2919131],[-97.7412955,30.2918887],[-97.7413409,30.2916074],[-97.7413621,30.2913873],[-97.7414137,30.2908789],[-97.741422,30.2908003],[-97.7414243,30.2907782],[-97.7414469,30.2906026],[-97.7414552,30.2905252]]},"properties":{"k":"path","u":"footway","s":"concrete","w":2.4,"wt":0}},{"type":"Feature","geometry":{"type":"LineString","coordinates":[[-97.7415972,30.2890135],[-97.7415796,30.2889913],[-97.7416018,30.2888224],[-97.7416053,30.2887945],[-97.7416187,30.2886874],[-97.7416672,30.2881228],[-97.7416974,30.2877955],[-97.7417022,30.287778],[-97.7417203,30.2877576]]},"properties":{"k":"path","u":"footway","s":"concrete","w":2.4,"wt":0}},{"type":"Feature","geometry":{"type":"LineString","coordinates":[[-97.7414745,30.2877866],[-97.7414035,30.2885664],[-97.7413898,30.2887173]]},"properties":{"k":"path","u":"footway","s":"concrete","w":2.4,"wt":0}},{"type":"Feature","geometry":{"type":"LineString","coordinates":[[-97.7414745,30.2877866],[-97.7414494,30.2877829]]},"properties":{"k":"path","u":"footway","s":"concrete","w":2.4,"wt":0}},{"type":"Feature","geometry":{"type":"LineString","coordinates":[[-97.7414494,30.2877829],[-97.7410249,30.2877554],[-97.740967,30.2877517],[-97.740732,30.2877318],[-97.7405736,30.2877184],[-97.740532,30.2877148]]},"properties":{"k":"path","u":"footway","s":"concrete","w":2.4,"wt":0}},{"type":"Feature","geometry":{"type":"LineString","coordinates":[[-97.7405771,30.2876741],[-97.7405736,30.2877184],[-97.7405284,30.2881722],[-97.740513,30.2883422],[-97.7404863,30.2886361]]},"properties":{"k":"path","u":"footway","s":"concrete","w":2.4,"wt":0}},{"type":"Feature","geometry":{"type":"LineString","coordinates":[[-97.7401838,30.2895846],[-97.7400385,30.2895763],[-97.7395313,30.2895473],[-97.7392105,30.289529]]},"properties":{"k":"path","u":"footway","s":"concrete","w":2.4,"wt":0}},{"type":"Feature","geometry":{"type":"LineString","coordinates":[[-97.7392105,30.289529],[-97.7391963,30.2894816],[-97.7392386,30.2890549],[-97.7392522,30.2889181],[-97.7393396,30.2880291],[-97.7394524,30.2880124],[-97.7394992,30.2879949],[-97.7395419,30.2879799],[-97.739579,30.2879626],[-97.7395913,30.287947],[-97.7396255,30.2875801]]},"properties":{"k":"path","u":"footway","s":"concrete","w":2.4,"wt":0}},{"type":"Feature","geometry":{"type":"LineString","coordinates":[[-97.7395475,30.2875737],[-97.7394622,30.2875668],[-97.7394052,30.2875469],[-97.7393552,30.2875149],[-97.7393051,30.287493],[-97.7392527,30.2874803],[-97.739244,30.2874815],[-97.7391957,30.2874843],[-97.7391218,30.287503],[-97.7390555,30.2875289],[-97.7389839,30.2875375],[-97.7389336,30.287532]]},"properties":{"k":"path","u":"footway","s":"concrete","w":2.4,"wt":0}},{"type":"Feature","geometry":{"type":"LineString","coordinates":[[-97.7369087,30.2893796],[-97.7369903,30.2887835],[-97.7369687,30.2887489],[-97.7369947,30.2884467],[-97.736924,30.2882998]]},"properties":{"k":"path","u":"footway","s":"concrete","w":2.4,"wt":0}},{"type":"Feature","geometry":{"type":"LineString","coordinates":[[-97.7367453,30.2893668],[-97.7367806,30.2888967],[-97.7368133,30.2885132],[-97.7368205,30.2884619],[-97.736824,30.2884375],[-97.736924,30.2882998]]},"properties":{"k":"path","u":"footway","s":"concrete","w":2.4,"wt":0}},{"type":"Feature","geometry":{"type":"LineString","coordinates":[[-97.7369087,30.2893796],[-97.7379165,30.2894458],[-97.7381091,30.289461],[-97.7381207,30.2894599],[-97.7388839,30.2895279]]},"properties":{"k":"path","u":"footway","s":"concrete","w":2.4,"wt":0}},{"type":"Feature","geometry":{"type":"LineString","coordinates":[[-97.740732,30.2877318],[-97.740728,30.2877833],[-97.7407133,30.2878186],[-97.7406987,30.2878592],[-97.7407018,30.2878938],[-97.7407203,30.287927],[-97.7407565,30.2879576],[-97.7407679,30.2879703],[-97.7407811,30.2879849]]},"properties":{"k":"path","u":"footway","s":"concrete","w":2.4,"wt":0}},{"type":"Feature","geometry":{"type":"LineString","coordinates":[[-97.7407679,30.2879703],[-97.7406887,30.2879722],[-97.7406648,30.2879802],[-97.740654,30.2879962],[-97.7406463,30.2880401],[-97.7406217,30.2881066],[-97.7406024,30.288199],[-97.7405801,30.288225],[-97.7405577,30.2882483],[-97.7405547,30.2882722],[-97.7405562,30.2882908],[-97.7405708,30.2883154],[-97.7405847,30.2883314],[-97.7406409,30.2883515]]},"properties":{"k":"path","u":"footway","s":"concrete","w":2.4,"wt":0}},{"type":"Feature","geometry":{"type":"LineString","coordinates":[[-97.7414396,30.2875681],[-97.7414928,30.2869577],[-97.7415918,30.2860244],[-97.7416032,30.2859168],[-97.7416075,30.2858762],[-97.7416121,30.2858211],[-97.7416756,30.2850608],[-97.7416782,30.2850296],[-97.741679,30.2850213],[-97.7416827,30.2849796],[-97.7416883,30.2849166],[-97.7417093,30.2848979],[-97.7417123,30.284855],[-97.7417804,30.2838872]]},"properties":{"k":"path","u":"footway","s":"concrete","w":2.4,"wt":0}},{"type":"Feature","geometry":{"type":"LineString","coordinates":[[-97.7419324,30.285076],[-97.7419474,30.2850487],[-97.7423632,30.2850794],[-97.7423894,30.2850882],[-97.7424369,30.2851043],[-97.7428441,30.2851328]]},"properties":{"k":"path","u":"footway","s":"concrete","w":2.4,"wt":0}},{"type":"Feature","geometry":{"type":"LineString","coordinates":[[-97.7419632,30.2849458],[-97.7419646,30.2849329],[-97.7419807,30.2847858],[-97.7420338,30.2843069],[-97.7420749,30.2839017],[-97.742076,30.2838893],[-97.7420778,30.2838719]]},"properties":{"k":"path","u":"footway","s":"concrete","w":2.4,"wt":0}},{"type":"Feature","geometry":{"type":"LineString","coordinates":[[-97.7420362,30.2839003],[-97.7420749,30.2839017]]},"properties":{"k":"path","u":"footway","s":"concrete","w":2.4,"wt":0}},{"type":"Feature","geometry":{"type":"LineString","coordinates":[[-97.7420879,30.2837612],[-97.7420885,30.2837491],[-97.7420895,30.2837263],[-97.7420901,30.2837109],[-97.7420955,30.2834761],[-97.7420878,30.2833518],[-97.7420932,30.2833145],[-97.7421055,30.2832706],[-97.7421544,30.2829602],[-97.7421792,30.282669],[-97.74219,30.2825416],[-97.7422317,30.282208],[-97.7422601,30.2819605],[-97.7422806,30.2819208]]},"properties":{"k":"path","u":"footway","s":"concrete","w":2.4,"wt":0}},{"type":"Feature","geometry":{"type":"LineString","coordinates":[[-97.7417804,30.2838872],[-97.741108,30.283839],[-97.7410323,30.2838336],[-97.7408634,30.2838165],[-97.7407178,30.2838059],[-97.7405412,30.283793]]},"properties":{"k":"path","u":"footway","s":"concrete","w":2.4,"wt":0}},{"type":"Feature","geometry":{"type":"LineString","coordinates":[[-97.7397947,30.2835637],[-97.7398371,30.2835774],[-97.740691,30.2836416],[-97.740714,30.2836164]]},"properties":{"k":"path","u":"footway","s":"concrete","w":2.4,"wt":0}},{"type":"Feature","geometry":{"type":"LineString","coordinates":[[-97.7408715,30.2836317],[-97.7408762,30.2836502],[-97.7417958,30.2837076]]},"properties":{"k":"path","u":"footway","s":"concrete","w":2.4,"wt":0}},{"type":"Feature","geometry":{"type":"LineString","coordinates":[[-97.7395213,30.2835415],[-97.7394755,30.2835391],[-97.7394337,30.2835369],[-97.7393651,30.2835322],[-97.7390252,30.2835089],[-97.7385101,30.2834735]]},"properties":{"k":"path","u":"footway","s":"concrete","w":2.4,"wt":0}},{"type":"Feature","geometry":{"type":"LineString","coordinates":[[-97.740461,30.2874766],[-97.7404049,30.2874724],[-97.7401201,30.2874975],[-97.7400931,30.2874953],[-97.7395758,30.287453],[-97.7394219,30.2874404],[-97.7393192,30.2873913],[-97.7392545,30.2873859],[-97.7391617,30.2873781],[-97.738997,30.287429],[-97.7382837,30.2873714],[-97.7378465,30.287336],[-97.7370321,30.2872734]]},"properties":{"k":"path","u":"footway","s":"concrete","w":2.4,"wt":0}},{"type":"Feature","geometry":{"type":"LineString","coordinates":[[-97.7401838,30.2895846],[-97.740194,30.2895554],[-97.7402102,30.2893926],[-97.7402285,30.2892082],[-97.7402441,30.2890505],[-97.7402674,30.2887162],[-97.7402893,30.2884024],[-97.7403297,30.2879426],[-97.7403601,30.2876991]]},"properties":{"k":"path","u":"footway","s":"concrete","w":2.4,"wt":0}},{"type":"Feature","geometry":{"type":"LineString","coordinates":[[-97.7351127,30.287264],[-97.73487,30.2872424],[-97.7345512,30.28722],[-97.7343244,30.2872041],[-97.7341799,30.2871966]]},"properties":{"k":"path","u":"footway","s":"concrete","w":2.4,"wt":0}},{"type":"Feature","geometry":{"type":"LineString","coordinates":[[-97.7339134,30.2871756],[-97.7338861,30.2871754],[-97.7336555,30.2871552]]},"properties":{"k":"path","u":"footway","s":"concrete","w":2.4,"wt":0}},{"type":"Feature","geometry":{"type":"LineString","coordinates":[[-97.7341799,30.2871966],[-97.7339134,30.2871756]]},"properties":{"k":"path","u":"footway","s":"concrete","w":2.4,"wt":0}},{"type":"Feature","geometry":{"type":"LineString","coordinates":[[-97.7335933,30.2851243],[-97.7336268,30.2851115],[-97.7336468,30.2850834],[-97.7336894,30.2848341],[-97.7337075,30.2847298],[-97.7336627,30.28465],[-97.7336721,30.2846004],[-97.7336817,30.2845477],[-97.7337417,30.2845169],[-97.7337721,30.2843625],[-97.733777,30.2843378],[-97.7338455,30.2839217],[-97.7338601,30.2838328],[-97.7338709,30.2835167],[-97.733846,30.2832886],[-97.7338242,30.2831376],[-97.7338085,30.2830016],[-97.7337896,30.2829086],[-97.7337262,30.2828089],[-97.7336336,30.2827],[-97.7335446,30.2826008],[-97.7334189,30.2824489],[-97.733317,30.2822011],[-97.7332861,30.2820968],[-97.7332311,30.2819115],[-97.7332109,30.2818127]]},"properties":{"k":"path","u":"footway","s":"concrete","w":2.4,"wt":0}},{"type":"Feature","geometry":{"type":"LineString","coordinates":[[-97.7334132,30.2817898],[-97.7334444,30.2819092],[-97.7334819,30.2820343],[-97.7336107,30.2823088],[-97.7338266,30.2825856],[-97.7339647,30.2827778],[-97.7340747,30.2829504],[-97.7341283,30.2830905],[-97.7341418,30.2831345],[-97.7341926,30.2831378]]},"properties":{"k":"path","u":"footway","s":"concrete","w":2.4,"wt":0}},{"type":"Feature","geometry":{"type":"LineString","coordinates":[[-97.7341926,30.2831378],[-97.734406,30.2831495]]},"properties":{"k":"path","u":"footway","s":"concrete","w":2.4,"wt":0}},{"type":"Feature","geometry":{"type":"LineString","coordinates":[[-97.7341602,30.2832858],[-97.7341663,30.2834213],[-97.7341674,30.2834951],[-97.7341592,30.2836146],[-97.7341575,30.2836314],[-97.7341468,30.2837361],[-97.7341231,30.2838321],[-97.7340942,30.283949],[-97.7340132,30.2843764],[-97.7339983,30.2844395],[-97.7339407,30.2846836],[-97.7339273,30.2847466],[-97.733866,30.2850342],[-97.7338402,30.2851721]]},"properties":{"k":"path","u":"footway","s":"concrete","w":2.4,"wt":0}},{"type":"Feature","geometry":{"type":"LineString","coordinates":[[-97.7337941,30.2853896],[-97.7338033,30.2853794],[-97.7339096,30.2853796]]},"properties":{"k":"path","u":"footway","s":"concrete","w":2.4,"wt":0}},{"type":"Feature","geometry":{"type":"LineString","coordinates":[[-97.7338402,30.2851721],[-97.7339313,30.2851845]]},"properties":{"k":"path","u":"footway","s":"concrete","w":2.4,"wt":0}},{"type":"Feature","geometry":{"type":"LineString","coordinates":[[-97.7337836,30.2854745],[-97.7336919,30.2859739],[-97.733661,30.2861774],[-97.7336591,30.2870035]]},"properties":{"k":"path","u":"footway","s":"concrete","w":2.4,"wt":0}},{"type":"Feature","geometry":{"type":"LineString","coordinates":[[-97.7335761,30.285366],[-97.7335748,30.2854032],[-97.7335311,30.2856769],[-97.7334546,30.2861561],[-97.73345,30.2862918],[-97.7334423,30.2865153],[-97.7334408,30.286947],[-97.7334406,30.2869929],[-97.7334446,30.2871404],[-97.7334441,30.2871826],[-97.7334423,30.2873188],[-97.7334417,30.2873624],[-97.7335147,30.2875316],[-97.7335434,30.2876192],[-97.7335671,30.2876913],[-97.7336703,30.287815],[-97.733772,30.2879041],[-97.7338059,30.2879413],[-97.733853,30.288],[-97.7339003,30.2880664]]},"properties":{"k":"path","u":"footway","s":"concrete","w":2.4,"wt":0}},{"type":"Feature","geometry":{"type":"LineString","coordinates":[[-97.7341546,30.2880459],[-97.7340479,30.2879129],[-97.7339262,30.2877972],[-97.7338507,30.2876562],[-97.7338357,30.2876299],[-97.7337671,30.2875539],[-97.7337295,30.2875056],[-97.7336919,30.2874056],[-97.7336726,30.2873134]]},"properties":{"k":"path","u":"footway","s":"concrete","w":2.4,"wt":0}},{"type":"Feature","geometry":{"type":"LineString","coordinates":[[-97.7345594,30.2885663],[-97.7344839,30.2884224],[-97.7343849,30.2883118]]},"properties":{"k":"path","u":"footway","s":"concrete","w":2.4,"wt":0}},{"type":"Feature","geometry":{"type":"LineString","coordinates":[[-97.7343849,30.2883118],[-97.7341546,30.2880459]]},"properties":{"k":"path","u":"footway","s":"concrete","w":2.4,"wt":0}},{"type":"Feature","geometry":{"type":"LineString","coordinates":[[-97.7338861,30.2871754],[-97.7336726,30.2873134]]},"properties":{"k":"path","u":"footway","s":"concrete","w":2.4,"wt":0}},{"type":"Feature","geometry":{"type":"LineString","coordinates":[[-97.7336726,30.2873134],[-97.7336624,30.2872064],[-97.7336555,30.2871552]]},"properties":{"k":"path","u":"footway","s":"concrete","w":2.4,"wt":0}},{"type":"Feature","geometry":{"type":"LineString","coordinates":[[-97.7370321,30.2872734],[-97.7369504,30.2872444],[-97.736528,30.2872184],[-97.7361832,30.2871972],[-97.7361229,30.2871935],[-97.7356334,30.287168],[-97.7355098,30.2871545],[-97.7352056,30.2871308],[-97.7349094,30.2871078],[-97.7348194,30.2871008],[-97.7343312,30.287074],[-97.7342375,30.2870689],[-97.7341926,30.2870645]]},"properties":{"k":"path","u":"footway","s":"concrete","w":2.4,"wt":0}},{"type":"Feature","geometry":{"type":"LineString","coordinates":[[-97.7339085,30.2870393],[-97.7338954,30.287036],[-97.7338496,30.2870241],[-97.7337975,30.2870105],[-97.7336591,30.2870035]]},"properties":{"k":"path","u":"footway","s":"concrete","w":2.4,"wt":0}},{"type":"Feature","geometry":{"type":"LineString","coordinates":[[-97.7341926,30.2870645],[-97.7339085,30.2870393]]},"properties":{"k":"path","u":"footway","s":"concrete","w":2.4,"wt":0}},{"type":"Feature","geometry":{"type":"LineString","coordinates":[[-97.7324147,30.2862397],[-97.7323406,30.2861627],[-97.7323165,30.2861268],[-97.732308,30.2860898],[-97.7323446,30.2859253],[-97.7323688,30.2858917],[-97.7324124,30.2858569],[-97.7326139,30.2857792]]},"properties":{"k":"path","u":"footway","s":"concrete","w":2.4,"wt":0}},{"type":"Feature","geometry":{"type":"LineString","coordinates":[[-97.7328693,30.2853264],[-97.7328044,30.2856788],[-97.7328007,30.2856969],[-97.7327331,30.2860306],[-97.7327168,30.2860982],[-97.7326806,30.2861203],[-97.732582,30.2862851],[-97.7325744,30.2862978],[-97.7324518,30.2864238],[-97.732375,30.2864705],[-97.7322995,30.2865164],[-97.7322264,30.2865609],[-97.7321447,30.2866093],[-97.7321159,30.2866346],[-97.7320805,30.2866829],[-97.7320618,30.2867434],[-97.7320519,30.2867927],[-97.7320256,30.2870015],[-97.7320242,30.287048],[-97.7320179,30.2872598],[-97.7320127,30.287328],[-97.7320042,30.2874378],[-97.7319977,30.2875226],[-97.7319964,30.2875388],[-97.7319778,30.2876648],[-97.7319579,30.2877445],[-97.7319019,30.2878332],[-97.731863,30.2878696],[-97.7318307,30.2878967],[-97.7317034,30.2879713],[-97.7315575,30.2880015],[-97.7314185,30.2880005],[-97.7313792,30.287997],[-97.7313215,30.2879918],[-97.7309025,30.2879541],[-97.7306013,30.2879219],[-97.7304483,30.2878775],[-97.7304028,30.2878594],[-97.7303673,30.2878362],[-97.730351,30.2878224]]},"properties":{"k":"path","u":"footway","s":"concrete","w":2.4,"wt":0}},{"type":"Feature","geometry":{"type":"LineString","coordinates":[[-97.7320127,30.287328],[-97.7322131,30.2873973],[-97.7323101,30.2874463],[-97.7324095,30.2874997],[-97.7324657,30.2875084]]},"properties":{"k":"path","u":"footway","s":"concrete","w":2.4,"wt":0}},{"type":"Feature","geometry":{"type":"LineString","coordinates":[[-97.7324543,30.2876128],[-97.7322626,30.2875372],[-97.7319977,30.2875226]]},"properties":{"k":"path","u":"footway","s":"concrete","w":2.4,"wt":0}},{"type":"Feature","geometry":{"type":"LineString","coordinates":[[-97.7326928,30.2853116],[-97.7326847,30.2854131],[-97.7326533,30.2855276],[-97.7326139,30.2857792],[-97.7325528,30.2860065],[-97.7325314,30.2860594],[-97.7324828,30.2861446],[-97.7324147,30.2862397],[-97.7323006,30.2863402],[-97.7321337,30.2864359],[-97.7320435,30.2864838],[-97.7319702,30.2865226],[-97.7319002,30.2866194],[-97.731878,30.2866698],[-97.7318593,30.2867706],[-97.731845,30.2869312],[-97.7318395,30.2869924],[-97.731843,30.2870247],[-97.7318628,30.2870338],[-97.7318418,30.2873564],[-97.7318301,30.2875358],[-97.7318068,30.2876568],[-97.7317659,30.2877375],[-97.7316935,30.2877909],[-97.7315524,30.2878277],[-97.7314811,30.2878463],[-97.730707,30.2877879],[-97.7305506,30.2877576],[-97.7304502,30.2877012],[-97.7303112,30.2875943],[-97.730205,30.2875288],[-97.7300777,30.2874804],[-97.7300413,30.2874717]]},"properties":{"k":"path","u":"footway","s":"concrete","w":2.4,"wt":0}},{"type":"Feature","geometry":{"type":"LineString","coordinates":[[-97.7331413,30.2813799],[-97.7330175,30.281352],[-97.731923,30.2811053]]},"properties":{"k":"path","u":"footway","s":"paving","w":2.4,"wt":0}},{"type":"Feature","geometry":{"type":"LineString","coordinates":[[-97.7344289,30.279712],[-97.7343468,30.2799653],[-97.7342759,30.2801383],[-97.7342482,30.2801901],[-97.7341511,30.2802713],[-97.7339755,30.2803884],[-97.7336998,30.2805507],[-97.7336516,30.280587],[-97.7335519,30.2806624],[-97.7335288,30.280701],[-97.733387,30.2807555],[-97.7332488,30.2812252]]},"properties":{"k":"path","u":"footway","s":"paving","w":2.4,"wt":0}},{"type":"Feature","geometry":{"type":"LineString","coordinates":[[-97.7334088,30.2814253],[-97.7334336,30.2813095],[-97.7335073,30.2811058],[-97.733624,30.2809263],[-97.7337163,30.2808195],[-97.7338202,30.2807257],[-97.7339264,30.2806471],[-97.7340677,30.2805593],[-97.7342253,30.2804817],[-97.7343346,30.2804445],[-97.7345335,30.2804021]]},"properties":{"k":"path","u":"footway","s":"concrete","w":2.4,"wt":0}},{"type":"Feature","geometry":{"type":"LineString","coordinates":[[-97.7352994,30.2803043],[-97.7353854,30.2802944],[-97.7355057,30.2802645],[-97.7355691,30.2802488],[-97.7356718,30.2801873],[-97.7357549,30.2800953]]},"properties":{"k":"path","u":"footway","s":"concrete","w":2.4,"wt":0}},{"type":"Feature","geometry":{"type":"LineString","coordinates":[[-97.7345335,30.2804021],[-97.7352994,30.2803043]]},"properties":{"k":"path","u":"footway","s":"concrete","w":2.4,"wt":0}},{"type":"Feature","geometry":{"type":"LineString","coordinates":[[-97.7346153,30.2797648],[-97.7345008,30.2800764],[-97.7344632,30.2801888],[-97.7344876,30.2802177],[-97.734516,30.2802221]]},"properties":{"k":"path","u":"footway","s":"concrete","w":2.4,"wt":0}},{"type":"Feature","geometry":{"type":"LineString","coordinates":[[-97.7353062,30.280125],[-97.7353891,30.2801142],[-97.7354856,30.2800835],[-97.7355151,30.2800642],[-97.7355263,30.2800536],[-97.7355354,30.2800155]]},"properties":{"k":"path","u":"footway","s":"concrete","w":2.4,"wt":0}},{"type":"Feature","geometry":{"type":"LineString","coordinates":[[-97.734516,30.2802221],[-97.7353062,30.280125]]},"properties":{"k":"path","u":"footway","s":"concrete","w":2.4,"wt":0}},{"type":"Feature","geometry":{"type":"LineString","coordinates":[[-97.7350804,30.2798907],[-97.7346153,30.2797648]]},"properties":{"k":"path","u":"footway","s":"concrete","w":2.4,"wt":0}},{"type":"Feature","geometry":{"type":"LineString","coordinates":[[-97.7355354,30.2800155],[-97.7354536,30.2799918]]},"properties":{"k":"path","u":"footway","s":"concrete","w":2.4,"wt":0}},{"type":"Feature","geometry":{"type":"LineString","coordinates":[[-97.7354536,30.2799918],[-97.7350804,30.2798907]]},"properties":{"k":"path","u":"footway","s":"concrete","w":2.4,"wt":0}},{"type":"Feature","geometry":{"type":"LineString","coordinates":[[-97.7366498,30.2803605],[-97.7366318,30.2803455],[-97.735788,30.2801068]]},"properties":{"k":"path","u":"footway","s":"paving","w":2.4,"wt":0}},{"type":"Feature","geometry":{"type":"LineString","coordinates":[[-97.7366348,30.2806298],[-97.7366817,30.2806347],[-97.7366972,30.2806483],[-97.7366983,30.2806684],[-97.7366207,30.2814582]]},"properties":{"k":"path","u":"footway","s":"concrete","w":2.4,"wt":0}},{"type":"Feature","geometry":{"type":"LineString","coordinates":[[-97.7385101,30.2834735],[-97.7380646,30.2834381],[-97.7374425,30.2833888]]},"properties":{"k":"path","u":"footway","s":"concrete","w":2.4,"wt":0}},{"type":"Feature","geometry":{"type":"LineString","coordinates":[[-97.7341602,30.2832858],[-97.7341947,30.2832792]]},"properties":{"k":"path","u":"footway","s":"concrete","w":2.4,"wt":0}},{"type":"Feature","geometry":{"type":"LineString","coordinates":[[-97.7344616,30.2832946],[-97.7344937,30.2832955]]},"properties":{"k":"path","u":"footway","s":"concrete","w":2.4,"wt":0}},{"type":"Feature","geometry":{"type":"LineString","coordinates":[[-97.7341947,30.2832792],[-97.7344616,30.2832946]]},"properties":{"k":"path","u":"footway","s":"concrete","w":2.4,"wt":0}},{"type":"Feature","geometry":{"type":"LineString","coordinates":[[-97.7344937,30.2832955],[-97.7346257,30.2833085],[-97.7349601,30.2833413],[-97.7360307,30.2834223],[-97.7360812,30.2834262],[-97.7369846,30.2834956],[-97.7370825,30.2835026],[-97.7371689,30.2835071],[-97.7374283,30.2835225],[-97.7374938,30.28353],[-97.7375307,30.2835308],[-97.7381489,30.2835781]]},"properties":{"k":"path","u":"footway","s":"concrete","w":2.4,"wt":0}},{"type":"Feature","geometry":{"type":"LineString","coordinates":[[-97.734406,30.2831495],[-97.7345058,30.2831551],[-97.7346615,30.2831637],[-97.7347513,30.2831579],[-97.7356108,30.283223],[-97.7356556,30.2832278],[-97.7362312,30.2832857]]},"properties":{"k":"path","u":"footway","s":"concrete","w":2.4,"wt":0}},{"type":"Feature","geometry":{"type":"LineString","coordinates":[[-97.7362312,30.2832857],[-97.7363572,30.2832968],[-97.736525,30.2833116],[-97.7366389,30.2833212],[-97.736992,30.2833509],[-97.7374425,30.2833888]]},"properties":{"k":"path","u":"footway","s":"concrete","w":2.4,"wt":0}},{"type":"Feature","geometry":{"type":"LineString","coordinates":[[-97.7343626,30.2900872],[-97.7332767,30.2895739]]},"properties":{"k":"path","u":"footway","s":"concrete","w":2.4,"wt":0}},{"type":"Feature","geometry":{"type":"LineString","coordinates":[[-97.7417958,30.2837076],[-97.7418241,30.2831829],[-97.7418276,30.2831468],[-97.7418366,30.2829597],[-97.741862,30.2827328],[-97.7418525,30.2826931]]},"properties":{"k":"path","u":"footway","s":"concrete","w":2.4,"wt":0}},{"type":"Feature","geometry":{"type":"LineString","coordinates":[[-97.7516021,30.2883871],[-97.7516499,30.2879232],[-97.7516516,30.2879063],[-97.7516694,30.2878012],[-97.7516909,30.2877414],[-97.7517279,30.2876702],[-97.751808,30.2875718],[-97.7518712,30.2875245],[-97.7519128,30.2875013]]},"properties":{"k":"path","u":"footway","s":"concrete","w":2.4,"wt":0}},{"type":"Feature","geometry":{"type":"LineString","coordinates":[[-97.7519128,30.2875013],[-97.7519413,30.2875009],[-97.7520329,30.2874999],[-97.7522786,30.2874806],[-97.7524751,30.2873609],[-97.7525005,30.2873476],[-97.7525236,30.2873589],[-97.7525244,30.2873895],[-97.7525097,30.2874088],[-97.7524874,30.2874221],[-97.7524828,30.2874374],[-97.7524851,30.2874653]]},"properties":{"k":"path","u":"footway","s":"concrete","w":2.4,"wt":0}},{"type":"Feature","geometry":{"type":"LineString","coordinates":[[-97.7519413,30.2875009],[-97.7518497,30.2876341],[-97.7518374,30.2876587],[-97.7518467,30.2877882],[-97.7518593,30.2877967]]},"properties":{"k":"path","u":"footway","s":"concrete","w":2.4,"wt":0}},{"type":"Feature","geometry":{"type":"LineString","coordinates":[[-97.7518593,30.2877967],[-97.7518676,30.2877908],[-97.7518867,30.2877618],[-97.7519013,30.2877432],[-97.7520399,30.2877359],[-97.7520536,30.2879007],[-97.7520553,30.2879221]]},"properties":{"k":"path","u":"footway","s":"concrete","w":2.4,"wt":0}},{"type":"Feature","geometry":{"type":"LineString","coordinates":[[-97.7516499,30.2879232],[-97.751889,30.2879101],[-97.7520536,30.2879007]]},"properties":{"k":"path","u":"footway","s":"concrete","w":2.4,"wt":0}},{"type":"Feature","geometry":{"type":"LineString","coordinates":[[-97.7438939,30.2960249],[-97.7435704,30.2958751],[-97.7434933,30.2958393],[-97.7432699,30.2957282],[-97.742851,30.2955199]]},"properties":{"k":"path","u":"footway","s":"concrete","w":2.4,"wt":0}},{"type":"Feature","geometry":{"type":"LineString","coordinates":[[-97.7268305,30.2873757],[-97.726789,30.2875214],[-97.7267247,30.2877593],[-97.7267061,30.2878752],[-97.7267037,30.2879841],[-97.7267107,30.2881061],[-97.7267341,30.2882462],[-97.7268123,30.2885225],[-97.72688,30.2887533],[-97.7268981,30.2888126],[-97.7272108,30.2898406],[-97.7272944,30.2901154],[-97.7273025,30.290149],[-97.7273229,30.290233],[-97.727329,30.2902594],[-97.7273497,30.2902708],[-97.7274267,30.2902739],[-97.7275842,30.2902441],[-97.7276408,30.2902273],[-97.7277107,30.2901929],[-97.7278434,30.2901012],[-97.7279089,30.2900172],[-97.7282101,30.289531],[-97.728261,30.2894488],[-97.7283061,30.289381],[-97.7284719,30.2891314],[-97.7285504,30.2890133],[-97.7285768,30.2889686],[-97.7285965,30.2889353],[-97.7287795,30.2886259],[-97.7289361,30.2884044],[-97.7289452,30.2883758]]},"properties":{"k":"path","u":"footway","s":"concrete","w":2.4,"wt":0}},{"type":"Feature","geometry":{"type":"LineString","coordinates":[[-97.7422408,30.2952262],[-97.7420291,30.2951157],[-97.7419829,30.2950942],[-97.7418506,30.2950326]]},"properties":{"k":"path","u":"footway","s":"concrete","w":2.4,"wt":0}},{"type":"Feature","geometry":{"type":"LineString","coordinates":[[-97.7410893,30.2918917],[-97.7408739,30.2918745],[-97.7401843,30.2918196]]},"properties":{"k":"path","u":"footway","s":"concrete","w":2.4,"wt":0}},{"type":"Feature","geometry":{"type":"LineString","coordinates":[[-97.7410595,30.2921072],[-97.7404077,30.2920388]]},"properties":{"k":"path","u":"footway","s":"concrete","w":2.4,"wt":0}},{"type":"Feature","geometry":{"type":"LineString","coordinates":[[-97.7402543,30.2920243],[-97.7399415,30.2919958],[-97.7396848,30.2919721],[-97.7393413,30.2919404],[-97.739142,30.2919246],[-97.7390191,30.2919149],[-97.7389024,30.2919057],[-97.7388045,30.291898]]},"properties":{"k":"path","u":"footway","s":"concrete","w":2.4,"wt":0}},{"type":"Feature","geometry":{"type":"LineString","coordinates":[[-97.7399415,30.2919958],[-97.7399103,30.2920123],[-97.7398865,30.2920249],[-97.7398115,30.2920825],[-97.7397237,30.2921384],[-97.7396611,30.292177],[-97.7396097,30.2922094],[-97.7395568,30.2922244],[-97.7395009,30.2922306],[-97.7394833,30.2922276],[-97.7394372,30.2922195],[-97.7393694,30.292189],[-97.739334,30.2921646],[-97.7393211,30.2921442],[-97.7393257,30.2920981],[-97.7393413,30.2919404]]},"properties":{"k":"path","u":"footway","s":"concrete","w":2.4,"wt":0}},{"type":"Feature","geometry":{"type":"LineString","coordinates":[[-97.739303,30.292318],[-97.7393206,30.2922936],[-97.7393581,30.2922697],[-97.7393905,30.292255],[-97.7394357,30.2922444],[-97.7394627,30.2922413],[-97.7394706,30.2922404],[-97.7394821,30.2922415],[-97.7395065,30.2922444],[-97.7395538,30.2922626],[-97.7395912,30.2922874],[-97.7396072,30.2923025],[-97.7396292,30.2923237],[-97.7396426,30.2923508],[-97.7396415,30.2923778]]},"properties":{"k":"path","u":"footway","s":"concrete","w":2.4,"wt":0}},{"type":"Feature","geometry":{"type":"LineString","coordinates":[[-97.7396426,30.2923508],[-97.7396549,30.2922271],[-97.7396611,30.292177],[-97.7396775,30.2920329],[-97.7396848,30.2919721]]},"properties":{"k":"path","u":"footway","s":"concrete","w":2.4,"wt":0}},{"type":"Feature","geometry":{"type":"LineString","coordinates":[[-97.7394833,30.2922276],[-97.7394821,30.2922415]]},"properties":{"k":"path","u":"footway","s":"concrete","w":2.4,"wt":0}},{"type":"Feature","geometry":{"type":"LineString","coordinates":[[-97.7398989,30.2927383],[-97.7398968,30.2926785],[-97.7399117,30.2926],[-97.7399312,30.2925357],[-97.7399379,30.2924887],[-97.739944,30.2924115],[-97.7399404,30.2923206],[-97.7399353,30.2922785],[-97.7399353,30.2922054],[-97.7399286,30.2921415],[-97.7399235,30.2920883],[-97.7399103,30.2920123]]},"properties":{"k":"path","u":"footway","s":"concrete","w":2.4,"wt":0}},{"type":"Feature","geometry":{"type":"LineString","coordinates":[[-97.7390191,30.2919149],[-97.73898,30.2922636],[-97.7389686,30.292394],[-97.7389635,30.292477],[-97.738973,30.292536],[-97.7389825,30.2926353],[-97.7389964,30.2926932],[-97.7390609,30.292703],[-97.7391045,30.2927106],[-97.7391039,30.2927325],[-97.7391159,30.2927516],[-97.7391437,30.2927712],[-97.7391677,30.2927751],[-97.7393296,30.2927849],[-97.7393625,30.292774],[-97.7393928,30.292756],[-97.7394073,30.2927505],[-97.7394383,30.2927505],[-97.7394687,30.2927527],[-97.7394902,30.2927494],[-97.7395098,30.292733],[-97.7395218,30.2927145],[-97.7395173,30.292697],[-97.7395047,30.292679],[-97.7394817,30.2926755]]},"properties":{"k":"path","u":"footway","s":"concrete","w":2.4,"wt":0}},{"type":"Feature","geometry":{"type":"LineString","coordinates":[[-97.739142,30.2919246],[-97.7391445,30.2919412],[-97.7391577,30.2919584],[-97.7392113,30.2920041],[-97.739275,30.292043],[-97.7393017,30.2920623],[-97.7393177,30.2920833],[-97.7393257,30.2920981]]},"properties":{"k":"path","u":"footway","s":"concrete","w":2.4,"wt":0}},{"type":"Feature","geometry":{"type":"LineString","coordinates":[[-97.7377217,30.2916435],[-97.7372972,30.2916118],[-97.7372688,30.2915992],[-97.7372644,30.2915648],[-97.7372258,30.2915614],[-97.7367946,30.2915228],[-97.7367782,30.2915059],[-97.7367731,30.2914922],[-97.7366698,30.2914843]]},"properties":{"k":"path","u":"footway","s":"concrete","w":2.4,"wt":0}},{"type":"Feature","geometry":{"type":"LineString","coordinates":[[-97.7366549,30.2916882],[-97.737011,30.291731],[-97.7374224,30.2917706],[-97.737493,30.2917772],[-97.7375678,30.2917843],[-97.7387513,30.2918931],[-97.7388045,30.291898]]},"properties":{"k":"path","u":"footway","s":"concrete","w":2.4,"wt":0}},{"type":"Feature","geometry":{"type":"LineString","coordinates":[[-97.7409641,30.2815819],[-97.7409241,30.2815705],[-97.7405336,30.2814592],[-97.740458,30.2814418],[-97.740295,30.2813814],[-97.7401216,30.2813169],[-97.7400972,30.2813064],[-97.7400871,30.281302],[-97.7400536,30.2812921],[-97.7400309,30.2812982]]},"properties":{"k":"path","u":"footway","s":"concrete","w":2.4,"wt":0}},{"type":"Feature","geometry":{"type":"LineString","coordinates":[[-97.7409241,30.2815705],[-97.740823,30.2824961],[-97.7409216,30.2825007]]},"properties":{"k":"path","u":"footway","s":"concrete","w":2.4,"wt":0}},{"type":"Feature","geometry":{"type":"LineString","coordinates":[[-97.740823,30.2824961],[-97.7399794,30.282431],[-97.7398907,30.2824241]]},"properties":{"k":"path","u":"footway","s":"concrete","w":2.4,"wt":0}},{"type":"Feature","geometry":{"type":"LineString","coordinates":[[-97.7395894,30.2825247],[-97.7395857,30.282558],[-97.7395476,30.282897],[-97.7394755,30.2835391]]},"properties":{"k":"path","u":"footway","s":"concrete","w":2.4,"wt":0}},{"type":"Feature","geometry":{"type":"LineString","coordinates":[[-97.7396319,30.2824026],[-97.7395982,30.282403],[-97.7395674,30.2824065],[-97.7395552,30.2824079],[-97.7393723,30.2823959],[-97.7391738,30.2823828]]},"properties":{"k":"path","u":"footway","s":"concrete","w":2.4,"wt":0}},{"type":"Feature","geometry":{"type":"LineString","coordinates":[[-97.7397211,30.281196],[-97.739669,30.2816845],[-97.7395982,30.282403]]},"properties":{"k":"path","u":"footway","s":"concrete","w":2.4,"wt":0}},{"type":"Feature","geometry":{"type":"LineString","coordinates":[[-97.7400972,30.2813064],[-97.7400901,30.2813695],[-97.740066,30.2813717],[-97.7400566,30.2813619],[-97.7400509,30.2813471],[-97.7400351,30.2813362],[-97.7400269,30.2813258],[-97.7400309,30.2812982]]},"properties":{"k":"path","u":"footway","s":"concrete","w":2.4,"wt":0}},{"type":"Feature","geometry":{"type":"LineString","coordinates":[[-97.7400901,30.2813695],[-97.7400772,30.281508],[-97.7399794,30.282431]]},"properties":{"k":"path","u":"footway","s":"concrete","w":2.4,"wt":0}},{"type":"Feature","geometry":{"type":"LineString","coordinates":[[-97.7495192,30.284117],[-97.7495331,30.2840826],[-97.7495111,30.2840817],[-97.7495175,30.2839787],[-97.7495328,30.2839629],[-97.7495488,30.2839373]]},"properties":{"k":"path","u":"footway","s":"concrete","w":2.4,"wt":0}},{"type":"Feature","geometry":{"type":"LineString","coordinates":[[-97.7526119,30.2886242],[-97.7526132,30.2886052],[-97.7521133,30.2885752],[-97.7520513,30.2885722],[-97.751799,30.2885493],[-97.751615,30.2885332],[-97.7514161,30.2885157],[-97.7509548,30.2884802],[-97.7509121,30.2884886]]},"properties":{"k":"path","u":"footway","s":"concrete","w":2.4,"wt":0}},{"type":"Feature","geometry":{"type":"LineString","coordinates":[[-97.7424471,30.2878157],[-97.7425132,30.2878208],[-97.7427306,30.2878376],[-97.74303,30.2878666],[-97.743049,30.2878764]]},"properties":{"k":"path","u":"footway","s":"concrete","w":2.4,"wt":0}},{"type":"Feature","geometry":{"type":"LineString","coordinates":[[-97.7480086,30.2871545],[-97.7480373,30.2868238],[-97.7480425,30.2867857],[-97.7480579,30.2867551],[-97.7480603,30.2867273],[-97.7481036,30.2862376],[-97.7481216,30.2860398],[-97.7481339,30.2858758],[-97.7481657,30.2855742],[-97.7481712,30.2855325],[-97.7481749,30.2855042]]},"properties":{"k":"path","u":"footway","s":"concrete","w":2.4,"wt":0}},{"type":"Feature","geometry":{"type":"LineString","coordinates":[[-97.7436027,30.2877798],[-97.7431822,30.2877489],[-97.7431749,30.2877484],[-97.7431593,30.2877471],[-97.7430403,30.2877374],[-97.7427386,30.2877129]]},"properties":{"k":"path","u":"footway","s":"concrete","w":2.4,"wt":0}},{"type":"Feature","geometry":{"type":"LineString","coordinates":[[-97.7398853,30.2897853],[-97.739846,30.2898133],[-97.7398144,30.2898406],[-97.7397784,30.289857],[-97.7397,30.289858],[-97.7392574,30.2898286],[-97.7392208,30.289857],[-97.7392161,30.2899042],[-97.7392006,30.2900599],[-97.7391904,30.2901621],[-97.7391386,30.2906725],[-97.7391131,30.2909079],[-97.7391082,30.2909531],[-97.7390864,30.2909843],[-97.7390716,30.2910055],[-97.7390023,30.2917368]]},"properties":{"k":"path","u":"footway","s":"concrete","w":2.4,"wt":0}},{"type":"Feature","geometry":{"type":"LineString","coordinates":[[-97.7421792,30.282669],[-97.742634,30.2827047]]},"properties":{"k":"path","u":"footway","s":"asphalt","w":2.4,"wt":0}},{"type":"Feature","geometry":{"type":"LineString","coordinates":[[-97.7289894,30.2785676],[-97.728431,30.2785817],[-97.7272904,30.2786714],[-97.7252255,30.278986],[-97.7252045,30.2789885],[-97.7251976,30.2789893]]},"properties":{"k":"path","u":"footway","s":"concrete","w":2.4,"wt":0}},{"type":"Feature","geometry":{"type":"LineString","coordinates":[[-97.7285715,30.2788001],[-97.7283393,30.278761],[-97.7282654,30.2787588],[-97.7280064,30.278794],[-97.7273349,30.2788852],[-97.7272666,30.2788941]]},"properties":{"k":"path","u":"footway","s":"concrete","w":2.4,"wt":0}},{"type":"Feature","geometry":{"type":"LineString","coordinates":[[-97.7271406,30.279263],[-97.7270609,30.2788842],[-97.7270432,30.2788633],[-97.7270134,30.2788515],[-97.7266102,30.2789155],[-97.726314,30.2789584],[-97.7260541,30.2789981],[-97.7259264,30.2790176],[-97.7255279,30.2790785],[-97.7253794,30.2791018],[-97.7252309,30.2791251]]},"properties":{"k":"path","u":"footway","s":"paving","w":2.4,"wt":0}},{"type":"Feature","geometry":{"type":"LineString","coordinates":[[-97.7432312,30.2770155],[-97.7432613,30.2770121]]},"properties":{"k":"path","u":"footway","s":"concrete","w":2.4,"wt":0}},{"type":"Feature","geometry":{"type":"LineString","coordinates":[[-97.7500926,30.2768888],[-97.7500684,30.2768415],[-97.7499562,30.2765749],[-97.749941,30.2765449],[-97.749941,30.2765361]]},"properties":{"k":"path","u":"footway","s":"concrete","w":2.4,"wt":0}},{"type":"Feature","geometry":{"type":"LineString","coordinates":[[-97.7315419,30.2789846],[-97.731472,30.2791735],[-97.7313632,30.2792302],[-97.7312049,30.2793104],[-97.7310124,30.2794344],[-97.7308399,30.2795679],[-97.7307327,30.2796615],[-97.7305834,30.2798128],[-97.7304276,30.2800058]]},"properties":{"k":"path","u":"footway","s":"concrete","w":2.4,"wt":0}},{"type":"Feature","geometry":{"type":"LineString","coordinates":[[-97.7315069,30.2812419],[-97.731438,30.2810085],[-97.7314628,30.2809252],[-97.7316337,30.2810563],[-97.7316771,30.2811244]]},"properties":{"k":"path","u":"footway","s":"concrete","w":2.4,"wt":0}},{"type":"Feature","geometry":{"type":"LineString","coordinates":[[-97.7315069,30.2812419],[-97.7314157,30.281672],[-97.7312432,30.2814545],[-97.7315069,30.2812419]]},"properties":{"k":"path","u":"footway","s":"concrete","w":2.4,"wt":0}},{"type":"Feature","geometry":{"type":"LineString","coordinates":[[-97.7314686,30.2817106],[-97.7314157,30.281672]]},"properties":{"k":"path","u":"steps","s":"concrete","w":3.0,"wt":0}},{"type":"Feature","geometry":{"type":"LineString","coordinates":[[-97.7315069,30.2812419],[-97.7315743,30.2812009],[-97.7316068,30.2811189]]},"properties":{"k":"path","u":"footway","s":"concrete","w":2.4,"wt":0}},{"type":"Feature","geometry":{"type":"LineString","coordinates":[[-97.7316068,30.2811189],[-97.7316337,30.2810563]]},"properties":{"k":"path","u":"steps","s":"concrete","w":3.0,"wt":0}},{"type":"Feature","geometry":{"type":"LineString","coordinates":[[-97.7316068,30.2811189],[-97.7316661,30.281146]]},"properties":{"k":"path","u":"steps","s":"concrete","w":3.0,"wt":0}},{"type":"Feature","geometry":{"type":"LineString","coordinates":[[-97.731124,30.2817107],[-97.7310557,30.2817359],[-97.7310379,30.2817412],[-97.7310119,30.281743],[-97.7309834,30.2817387]]},"properties":{"k":"path","u":"footway","s":"concrete","w":2.4,"wt":0}},{"type":"Feature","geometry":{"type":"LineString","coordinates":[[-97.7309834,30.2817387],[-97.7303879,30.2816155]]},"properties":{"k":"path","u":"steps","s":"paving","w":3.0,"wt":0}},{"type":"Feature","geometry":{"type":"LineString","coordinates":[[-97.7310172,30.2818155],[-97.731029,30.2817755]]},"properties":{"k":"path","u":"steps","s":"concrete","w":3.0,"wt":0}},{"type":"Feature","geometry":{"type":"LineString","coordinates":[[-97.731029,30.2817755],[-97.7310379,30.2817412]]},"properties":{"k":"path","u":"footway","s":"concrete","w":2.4,"wt":0}},{"type":"Feature","geometry":{"type":"LineString","coordinates":[[-97.7300135,30.281277],[-97.7299959,30.2812624],[-97.7299857,30.281254],[-97.7299735,30.281244]]},"properties":{"k":"path","u":"footway","s":"concrete","w":2.4,"wt":0}},{"type":"Feature","geometry":{"type":"LineString","coordinates":[[-97.7303602,30.2816095],[-97.7303482,30.2816465],[-97.7303427,30.2816632]]},"properties":{"k":"path","u":"footway","s":"concrete","w":2.4,"wt":0}},{"type":"Feature","geometry":{"type":"LineString","coordinates":[[-97.7303879,30.2816155],[-97.7303602,30.2816095],[-97.730372,30.2815718]]},"properties":{"k":"path","u":"footway","s":"concrete","w":2.4,"wt":0}},{"type":"Feature","geometry":{"type":"LineString","coordinates":[[-97.729943,30.2812189],[-97.7299258,30.2812048],[-97.7298972,30.2811813],[-97.7298686,30.281167]]},"properties":{"k":"path","u":"footway","s":"concrete","w":2.4,"wt":0}},{"type":"Feature","geometry":{"type":"LineString","coordinates":[[-97.730372,30.2815718],[-97.7303169,30.2815265],[-97.7303096,30.2815205]]},"properties":{"k":"path","u":"footway","s":"concrete","w":2.4,"wt":0}},{"type":"Feature","geometry":{"type":"LineString","coordinates":[[-97.7303096,30.2815205],[-97.7302793,30.2814956]]},"properties":{"k":"path","u":"steps","s":"paving","w":3.0,"wt":0}},{"type":"Feature","geometry":{"type":"LineString","coordinates":[[-97.7302793,30.2814956],[-97.7302594,30.2814792],[-97.7302527,30.2814737],[-97.7302373,30.2814611]]},"properties":{"k":"path","u":"footway","s":"concrete","w":2.4,"wt":0}},{"type":"Feature","geometry":{"type":"LineString","coordinates":[[-97.7302373,30.2814611],[-97.7302117,30.28144]]},"properties":{"k":"path","u":"steps","s":"paving","w":3.0,"wt":0}},{"type":"Feature","geometry":{"type":"LineString","coordinates":[[-97.7302117,30.28144],[-97.7301932,30.2814248],[-97.7301864,30.2814191],[-97.7301747,30.2814096]]},"properties":{"k":"path","u":"footway","s":"concrete","w":2.4,"wt":0}},{"type":"Feature","geometry":{"type":"LineString","coordinates":[[-97.7301747,30.2814096],[-97.7301467,30.2813865]]},"properties":{"k":"path","u":"steps","s":"paving","w":3.0,"wt":0}},{"type":"Feature","geometry":{"type":"LineString","coordinates":[[-97.7301467,30.2813865],[-97.7301207,30.2813651],[-97.7301135,30.2813592],[-97.7301042,30.2813516]]},"properties":{"k":"path","u":"footway","s":"concrete","w":2.4,"wt":0}},{"type":"Feature","geometry":{"type":"LineString","coordinates":[[-97.7301042,30.2813516],[-97.730075,30.2813275]]},"properties":{"k":"path","u":"steps","s":"paving","w":3.0,"wt":0}},{"type":"Feature","geometry":{"type":"LineString","coordinates":[[-97.730075,30.2813275],[-97.7300535,30.2813102],[-97.7300453,30.2813036],[-97.7300378,30.2812975]]},"properties":{"k":"path","u":"footway","s":"concrete","w":2.4,"wt":0}},{"type":"Feature","geometry":{"type":"LineString","coordinates":[[-97.7300378,30.2812975],[-97.7300135,30.281277]]},"properties":{"k":"path","u":"steps","s":"paving","w":3.0,"wt":0}},{"type":"Feature","geometry":{"type":"LineString","coordinates":[[-97.7299735,30.281244],[-97.729943,30.2812189]]},"properties":{"k":"path","u":"steps","s":"paving","w":3.0,"wt":0}},{"type":"Feature","geometry":{"type":"LineString","coordinates":[[-97.7299258,30.2812048],[-97.7299024,30.281291],[-97.72992,30.2813094],[-97.7299857,30.281254]]},"properties":{"k":"path","u":"footway","s":"concrete","w":2.4,"wt":0}},{"type":"Feature","geometry":{"type":"LineString","coordinates":[[-97.7299959,30.2812624],[-97.7299676,30.2813507],[-97.729979,30.2813609],[-97.7300453,30.2813036]]},"properties":{"k":"path","u":"footway","s":"concrete","w":2.4,"wt":0}},{"type":"Feature","geometry":{"type":"LineString","coordinates":[[-97.7300535,30.2813102],[-97.7300212,30.281414],[-97.7300351,30.2814257],[-97.7301135,30.2813592]]},"properties":{"k":"path","u":"footway","s":"concrete","w":2.4,"wt":0}},{"type":"Feature","geometry":{"type":"LineString","coordinates":[[-97.7301207,30.2813651],[-97.7300949,30.2814467],[-97.7301237,30.2814724],[-97.7301864,30.2814191]]},"properties":{"k":"path","u":"footway","s":"concrete","w":2.4,"wt":0}},{"type":"Feature","geometry":{"type":"LineString","coordinates":[[-97.7301932,30.2814248],[-97.7301635,30.2815223],[-97.7301819,30.281539],[-97.7302527,30.2814737]]},"properties":{"k":"path","u":"footway","s":"concrete","w":2.4,"wt":0}},{"type":"Feature","geometry":{"type":"LineString","coordinates":[[-97.7302594,30.2814792],[-97.7302328,30.2815737],[-97.7302434,30.2815843],[-97.7303169,30.2815265]]},"properties":{"k":"path","u":"footway","s":"concrete","w":2.4,"wt":0}},{"type":"Feature","geometry":{"type":"LineString","coordinates":[[-97.729732,30.2810556],[-97.7297468,30.2810324],[-97.7297562,30.2810178]]},"properties":{"k":"path","u":"footway","s":"concrete","w":2.4,"wt":0}},{"type":"Feature","geometry":{"type":"LineString","coordinates":[[-97.7297562,30.2810178],[-97.7297778,30.2809836]]},"properties":{"k":"path","u":"steps","s":"concrete","w":3.0,"wt":0}},{"type":"Feature","geometry":{"type":"LineString","coordinates":[[-97.7297778,30.2809836],[-97.7299392,30.2806562],[-97.7301227,30.2803136],[-97.7301655,30.2802709],[-97.7302179,30.2802503],[-97.7303426,30.2802666],[-97.7307952,30.2803769]]},"properties":{"k":"path","u":"footway","s":"concrete","w":2.4,"wt":0}},{"type":"Feature","geometry":{"type":"LineString","coordinates":[[-97.7303426,30.2802666],[-97.7303594,30.2802128]]},"properties":{"k":"path","u":"steps","s":"concrete","w":3.0,"wt":0}},{"type":"Feature","geometry":{"type":"LineString","coordinates":[[-97.7301227,30.2803136],[-97.7300414,30.2802786]]},"properties":{"k":"path","u":"footway","s":"concrete","w":2.4,"wt":0}},{"type":"Feature","geometry":{"type":"LineString","coordinates":[[-97.7299392,30.2806562],[-97.7298733,30.2806208]]},"properties":{"k":"path","u":"footway","s":"concrete","w":2.4,"wt":0}},{"type":"Feature","geometry":{"type":"LineString","coordinates":[[-97.7296454,30.2809928],[-97.7297468,30.2810324]]},"properties":{"k":"path","u":"footway","s":"concrete","w":2.4,"wt":0}},{"type":"Feature","geometry":{"type":"LineString","coordinates":[[-97.7322011,30.2791284],[-97.7321877,30.2791624]]},"properties":{"k":"path","u":"footway","s":"concrete","w":2.4,"wt":0}},{"type":"Feature","geometry":{"type":"LineString","coordinates":[[-97.7321877,30.2791624],[-97.7321746,30.2791983]]},"properties":{"k":"path","u":"steps","s":"concrete","w":3.0,"wt":0}},{"type":"Feature","geometry":{"type":"LineString","coordinates":[[-97.7321746,30.2791983],[-97.7321642,30.2792184],[-97.731954,30.279301]]},"properties":{"k":"path","u":"footway","s":"concrete","w":2.4,"wt":0}},{"type":"Feature","geometry":{"type":"LineString","coordinates":[[-97.7313203,30.2795203],[-97.7311513,30.2796226],[-97.7309249,30.279818],[-97.7308661,30.2798877],[-97.7307088,30.2800741]]},"properties":{"k":"path","u":"footway","s":"concrete","w":2.4,"wt":0}},{"type":"Feature","geometry":{"type":"LineString","coordinates":[[-97.7318293,30.279277],[-97.7314014,30.2794771]]},"properties":{"k":"path","u":"footway","s":"concrete","w":2.4,"wt":0}},{"type":"Feature","geometry":{"type":"LineString","coordinates":[[-97.7320786,30.2791335],[-97.7319286,30.2791994],[-97.7319202,30.2792362]]},"properties":{"k":"path","u":"footway","s":"concrete","w":2.4,"wt":0}},{"type":"Feature","geometry":{"type":"LineString","coordinates":[[-97.7370117,30.2768671],[-97.7370385,30.2767979]]},"properties":{"k":"path","u":"footway","s":"paving","w":2.4,"wt":0}},{"type":"Feature","geometry":{"type":"LineString","coordinates":[[-97.7369372,30.276441],[-97.7369519,30.2763877],[-97.7369763,30.276335]]},"properties":{"k":"path","u":"footway","s":"concrete","w":2.4,"wt":0}},{"type":"Feature","geometry":{"type":"LineString","coordinates":[[-97.7368728,30.2766147],[-97.736909,30.2765163]]},"properties":{"k":"path","u":"footway","s":"paving","w":2.4,"wt":0}},{"type":"Feature","geometry":{"type":"LineString","coordinates":[[-97.7370576,30.2767373],[-97.7370859,30.2766557]]},"properties":{"k":"path","u":"footway","s":"paving","w":2.4,"wt":0}},{"type":"Feature","geometry":{"type":"LineString","coordinates":[[-97.7360446,30.2762765],[-97.7360048,30.2763803]]},"properties":{"k":"path","u":"footway","s":"paving","w":2.4,"wt":0}},{"type":"Feature","geometry":{"type":"LineString","coordinates":[[-97.7360914,30.27615],[-97.7360697,30.2762089]]},"properties":{"k":"path","u":"footway","s":"paving","w":2.4,"wt":0}},{"type":"Feature","geometry":{"type":"LineString","coordinates":[[-97.7357623,30.2763416],[-97.7357749,30.2763044],[-97.7357952,30.2762564],[-97.735877,30.2760522],[-97.7358654,30.2760362],[-97.7357787,30.2760029]]},"properties":{"k":"path","u":"footway","s":"concrete","w":2.4,"wt":0}},{"type":"Feature","geometry":{"type":"LineString","coordinates":[[-97.7318849,30.2783228],[-97.731979,30.2783489]]},"properties":{"k":"path","u":"footway","s":"concrete","w":2.4,"wt":0}},{"type":"Feature","geometry":{"type":"LineString","coordinates":[[-97.7313442,30.2781751],[-97.7312564,30.2784218],[-97.7311938,30.2784031],[-97.7312007,30.2783802],[-97.731069,30.2783425]]},"properties":{"k":"path","u":"footway","s":"concrete","w":2.4,"wt":0}},{"type":"Feature","geometry":{"type":"LineString","coordinates":[[-97.7445219,30.2955122],[-97.7449591,30.2955371],[-97.744886,30.2963541]]},"properties":{"k":"path","u":"footway","s":"concrete","w":2.4,"wt":0}},{"type":"Feature","geometry":{"type":"LineString","coordinates":[[-97.7439824,30.2958859],[-97.743986,30.2958385],[-97.744012,30.2954945],[-97.7440402,30.2954795],[-97.7444767,30.2955102]]},"properties":{"k":"path","u":"footway","s":"concrete","w":2.4,"wt":0}},{"type":"Feature","geometry":{"type":"LineString","coordinates":[[-97.7439824,30.2958859],[-97.743998,30.2959241],[-97.7440297,30.2959489],[-97.7442502,30.296057]]},"properties":{"k":"path","u":"footway","s":"concrete","w":2.4,"wt":0}},{"type":"Feature","geometry":{"type":"LineString","coordinates":[[-97.7453988,30.2965932],[-97.7450171,30.2964147],[-97.7450979,30.2955472],[-97.7455212,30.2955768],[-97.7455513,30.295579],[-97.7455764,30.2955809],[-97.7459928,30.2956058]]},"properties":{"k":"path","u":"footway","s":"concrete","w":2.4,"wt":0}},{"type":"Feature","geometry":{"type":"LineString","coordinates":[[-97.7427385,30.2934164],[-97.7427127,30.2937477],[-97.742642,30.2946678]]},"properties":{"k":"path","u":"footway","s":"concrete","w":2.4,"wt":0}},{"type":"Feature","geometry":{"type":"LineString","coordinates":[[-97.7434508,30.2932642],[-97.7440757,30.2933111]]},"properties":{"k":"path","u":"footway","s":"concrete","w":2.4,"wt":0}},{"type":"Feature","geometry":{"type":"LineString","coordinates":[[-97.7427532,30.2932286],[-97.7433921,30.2932606]]},"properties":{"k":"path","u":"footway","s":"concrete","w":2.4,"wt":0}},{"type":"Feature","geometry":{"type":"LineString","coordinates":[[-97.7433664,30.2934549],[-97.7427385,30.2934164]]},"properties":{"k":"path","u":"footway","s":"concrete","w":2.4,"wt":0}},{"type":"Feature","geometry":{"type":"LineString","coordinates":[[-97.7440584,30.2935033],[-97.7439733,30.2935002],[-97.7439266,30.2934862],[-97.7434289,30.2934586]]},"properties":{"k":"path","u":"footway","s":"concrete","w":2.4,"wt":0}},{"type":"Feature","geometry":{"type":"LineString","coordinates":[[-97.7442471,30.2933444],[-97.7442339,30.2933253],[-97.7443073,30.2925741],[-97.7444862,30.2907449],[-97.7444966,30.290745],[-97.7452983,30.2907973]]},"properties":{"k":"path","u":"footway","s":"concrete","w":2.4,"wt":0}},{"type":"Feature","geometry":{"type":"LineString","coordinates":[[-97.7450461,30.2933971],[-97.7451474,30.2923642],[-97.7451583,30.2921878],[-97.7452571,30.2911581]]},"properties":{"k":"path","u":"footway","s":"concrete","w":2.4,"wt":0}},{"type":"Feature","geometry":{"type":"LineString","coordinates":[[-97.7450461,30.2933971],[-97.7442471,30.2933444]]},"properties":{"k":"path","u":"footway","s":"concrete","w":2.4,"wt":0}},{"type":"Feature","geometry":{"type":"LineString","coordinates":[[-97.7438707,30.2955639],[-97.7440584,30.2935033]]},"properties":{"k":"path","u":"footway","s":"concrete","w":2.4,"wt":0}},{"type":"Feature","geometry":{"type":"LineString","coordinates":[[-97.7438309,30.2957821],[-97.7438578,30.2957409],[-97.7438652,30.2956325]]},"properties":{"k":"path","u":"footway","s":"concrete","w":2.4,"wt":0}},{"type":"Feature","geometry":{"type":"LineString","coordinates":[[-97.7440493,30.2953688],[-97.7441624,30.2941823],[-97.7442253,30.2935221],[-97.7442268,30.2935056],[-97.7450733,30.2935688],[-97.7451306,30.2935683],[-97.7451138,30.2937803]]},"properties":{"k":"path","u":"footway","s":"concrete","w":2.4,"wt":0}},{"type":"Feature","geometry":{"type":"LineString","coordinates":[[-97.7445143,30.2953999],[-97.7440493,30.2953688]]},"properties":{"k":"path","u":"footway","s":"concrete","w":2.4,"wt":0}},{"type":"Feature","geometry":{"type":"LineString","coordinates":[[-97.7450166,30.2949409],[-97.7449691,30.2954343]]},"properties":{"k":"path","u":"footway","s":"concrete","w":2.4,"wt":0}},{"type":"Feature","geometry":{"type":"LineString","coordinates":[[-97.7451079,30.2954444],[-97.7451607,30.2949282],[-97.7451448,30.2948648],[-97.7451403,30.2947991],[-97.7452349,30.2938671]]},"properties":{"k":"path","u":"footway","s":"concrete","w":2.4,"wt":0}},{"type":"Feature","geometry":{"type":"LineString","coordinates":[[-97.736542,30.2959846],[-97.7384194,30.2968758]]},"properties":{"k":"path","u":"footway","s":"concrete","w":2.4,"wt":0}},{"type":"Feature","geometry":{"type":"LineString","coordinates":[[-97.7426554,30.2954198],[-97.7424299,30.2957809],[-97.7422662,30.2960431],[-97.7421548,30.2962214],[-97.7420437,30.2963948]]},"properties":{"k":"path","u":"footway","s":"concrete","w":2.4,"wt":0}},{"type":"Feature","geometry":{"type":"LineString","coordinates":[[-97.7410552,30.2960917],[-97.7402595,30.2957144]]},"properties":{"k":"path","u":"footway","s":"concrete","w":2.4,"wt":0}},{"type":"Feature","geometry":{"type":"LineString","coordinates":[[-97.7419203,30.2933574],[-97.7419596,30.2934419],[-97.7420075,30.293539]]},"properties":{"k":"path","u":"footway","s":"concrete","w":2.4,"wt":0}},{"type":"Feature","geometry":{"type":"LineString","coordinates":[[-97.7413052,30.2920109],[-97.7413138,30.2921043],[-97.7413159,30.2921263],[-97.7413221,30.2921418],[-97.7413866,30.2923012],[-97.7414088,30.2923609],[-97.7418227,30.2931888]]},"properties":{"k":"path","u":"footway","s":"concrete","w":2.4,"wt":0}},{"type":"Feature","geometry":{"type":"LineString","coordinates":[[-97.7343476,30.2917317],[-97.7355297,30.2926654],[-97.7358218,30.2928866],[-97.735835,30.2928965]]},"properties":{"k":"path","u":"footway","s":"concrete","w":2.4,"wt":0}},{"type":"Feature","geometry":{"type":"LineString","coordinates":[[-97.7348427,30.2935385],[-97.7343793,30.2931733],[-97.7338556,30.2927559]]},"properties":{"k":"path","u":"footway","s":"concrete","w":2.4,"wt":0}},{"type":"Feature","geometry":{"type":"LineString","coordinates":[[-97.7352041,30.2938269],[-97.7348892,30.2935754]]},"properties":{"k":"path","u":"footway","s":"concrete","w":2.4,"wt":0}},{"type":"Feature","geometry":{"type":"LineString","coordinates":[[-97.7343817,30.2944808],[-97.7343251,30.2945567],[-97.7342546,30.2946799],[-97.7341691,30.2947777],[-97.7341553,30.2947744],[-97.7341175,30.2945928],[-97.7341029,30.2944738],[-97.7341198,30.2943075],[-97.7341414,30.2941891],[-97.7341684,30.2940282],[-97.734203,30.2938998],[-97.73423,30.2938087],[-97.7342839,30.2937096],[-97.7342947,30.293699],[-97.7343801,30.2935786],[-97.7344958,30.2934503],[-97.7346628,30.2935819],[-97.7347429,30.2936092]]},"properties":{"k":"path","u":"footway","s":"concrete","w":2.4,"wt":0}},{"type":"Feature","geometry":{"type":"LineString","coordinates":[[-97.7343817,30.2944808],[-97.7345312,30.2942706],[-97.7346651,30.2941495],[-97.7348261,30.2940445],[-97.7350833,30.2939267]]},"properties":{"k":"path","u":"footway","s":"concrete","w":2.4,"wt":0}},{"type":"Feature","geometry":{"type":"LineString","coordinates":[[-97.7345263,30.2944515],[-97.7344316,30.2945607],[-97.7343892,30.2946333],[-97.7342896,30.2948037],[-97.7342056,30.2948893],[-97.7339534,30.2951545]]},"properties":{"k":"path","u":"footway","s":"concrete","w":2.4,"wt":0}},{"type":"Feature","geometry":{"type":"LineString","coordinates":[[-97.7352132,30.2950537],[-97.7350685,30.2949434],[-97.7350007,30.2948186],[-97.7345687,30.2943612]]},"properties":{"k":"path","u":"footway","s":"concrete","w":2.4,"wt":0}},{"type":"Feature","geometry":{"type":"LineString","coordinates":[[-97.7351174,30.2951141],[-97.734989,30.2950031],[-97.7348882,30.2948289],[-97.7348528,30.2948121],[-97.7347678,30.2947074],[-97.7345263,30.2944515]]},"properties":{"k":"path","u":"footway","s":"concrete","w":2.4,"wt":0}},{"type":"Feature","geometry":{"type":"LineString","coordinates":[[-97.7351174,30.2951141],[-97.7348641,30.2955164],[-97.7348202,30.2955716]]},"properties":{"k":"path","u":"footway","s":"concrete","w":2.4,"wt":0}},{"type":"Feature","geometry":{"type":"LineString","coordinates":[[-97.7336776,30.2951512],[-97.7337338,30.2951816],[-97.733772,30.2951933],[-97.734383,30.2954805],[-97.7346626,30.2956081],[-97.7347105,30.2956559]]},"properties":{"k":"path","u":"footway","s":"concrete","w":2.4,"wt":0}},{"type":"Feature","geometry":{"type":"LineString","coordinates":[[-97.7353074,30.2959604],[-97.735322,30.2959439],[-97.7353451,30.2959397],[-97.7356039,30.2960851]]},"properties":{"k":"path","u":"footway","s":"concrete","w":2.4,"wt":0}},{"type":"Feature","geometry":{"type":"LineString","coordinates":[[-97.7347838,30.2958939],[-97.734736,30.2958709],[-97.7348271,30.2957166],[-97.734885,30.2957433],[-97.7349348,30.2957468],[-97.7352194,30.2958828],[-97.7352288,30.2958987],[-97.7352194,30.2959162]]},"properties":{"k":"path","u":"footway","s":"concrete","w":2.4,"wt":0}},{"type":"Feature","geometry":{"type":"LineString","coordinates":[[-97.7413052,30.2920109],[-97.7413446,30.2920006],[-97.7417918,30.292027],[-97.7419347,30.2920381]]},"properties":{"k":"path","u":"footway","s":"concrete","w":2.4,"wt":0}},{"type":"Feature","geometry":{"type":"LineString","coordinates":[[-97.7426519,30.2920903],[-97.7423847,30.2920728],[-97.7423485,30.2920519],[-97.7422681,30.2920473],[-97.7422272,30.2920571],[-97.7420112,30.2920427]]},"properties":{"k":"path","u":"footway","s":"concrete","w":2.4,"wt":0}},{"type":"Feature","geometry":{"type":"LineString","coordinates":[[-97.7427532,30.2932286],[-97.7429776,30.2906287]]},"properties":{"k":"path","u":"footway","s":"concrete","w":2.4,"wt":0}},{"type":"Feature","geometry":{"type":"LineString","coordinates":[[-97.7425316,30.2932119],[-97.7426125,30.2925543],[-97.7426519,30.2920903]]},"properties":{"k":"path","u":"footway","s":"concrete","w":2.4,"wt":0}},{"type":"Feature","geometry":{"type":"LineString","coordinates":[[-97.7419442,30.2949206],[-97.7421935,30.2945271],[-97.7422537,30.294432]]},"properties":{"k":"path","u":"footway","s":"concrete","w":2.4,"wt":0}},{"type":"Feature","geometry":{"type":"LineString","coordinates":[[-97.7426652,30.2952579],[-97.7423989,30.2951333],[-97.7419442,30.2949206]]},"properties":{"k":"path","u":"footway","s":"concrete","w":2.4,"wt":0}},{"type":"Feature","geometry":{"type":"LineString","coordinates":[[-97.7426652,30.2952579],[-97.7426776,30.2952502],[-97.7425979,30.295073],[-97.7425144,30.2949257],[-97.7423909,30.2947078],[-97.7422537,30.294432]]},"properties":{"k":"path","u":"footway","s":"concrete","w":2.4,"wt":0}},{"type":"Feature","geometry":{"type":"LineString","coordinates":[[-97.7425026,30.2944557],[-97.7425168,30.2944777],[-97.7425177,30.2945124],[-97.7425601,30.2945766]]},"properties":{"k":"path","u":"footway","s":"concrete","w":2.4,"wt":0}},{"type":"Feature","geometry":{"type":"LineString","coordinates":[[-97.7424951,30.2935673],[-97.7425154,30.2933971]]},"properties":{"k":"path","u":"footway","s":"concrete","w":2.4,"wt":0}},{"type":"Feature","geometry":{"type":"LineString","coordinates":[[-97.7425154,30.2933971],[-97.7420878,30.2933686],[-97.7419203,30.2933574]]},"properties":{"k":"path","u":"footway","s":"concrete","w":2.4,"wt":0}},{"type":"Feature","geometry":{"type":"LineString","coordinates":[[-97.7423971,30.2943029],[-97.7424231,30.2943002],[-97.7424364,30.2942758],[-97.7424885,30.2936326]]},"properties":{"k":"path","u":"footway","s":"concrete","w":2.4,"wt":0}},{"type":"Feature","geometry":{"type":"LineString","coordinates":[[-97.7420385,30.2936131],[-97.7423449,30.2942143],[-97.7423971,30.2943029]]},"properties":{"k":"path","u":"footway","s":"concrete","w":2.4,"wt":0}},{"type":"Feature","geometry":{"type":"LineString","coordinates":[[-97.7349378,30.2894729],[-97.7347264,30.2894615]]},"properties":{"k":"path","u":"footway","s":"concrete","w":2.4,"wt":0}},{"type":"Feature","geometry":{"type":"LineString","coordinates":[[-97.7359394,30.2893018],[-97.7362399,30.2893213]]},"properties":{"k":"path","u":"footway","s":"concrete","w":2.4,"wt":0}},{"type":"Feature","geometry":{"type":"LineString","coordinates":[[-97.7363064,30.2893256],[-97.7366563,30.2893483],[-97.7367453,30.2893668]]},"properties":{"k":"path","u":"footway","s":"concrete","w":2.4,"wt":0}},{"type":"Feature","geometry":{"type":"LineString","coordinates":[[-97.7368131,30.2906511],[-97.7368008,30.2906083],[-97.7368735,30.2898984],[-97.736913,30.2896017],[-97.7369291,30.2895725]]},"properties":{"k":"path","u":"footway","s":"concrete","w":2.4,"wt":0}},{"type":"Feature","geometry":{"type":"LineString","coordinates":[[-97.7378832,30.2913867],[-97.7378554,30.2916535]]},"properties":{"k":"path","u":"footway","s":"concrete","w":2.4,"wt":0}},{"type":"Feature","geometry":{"type":"LineString","coordinates":[[-97.7379134,30.2910963],[-97.7378906,30.2913157]]},"properties":{"k":"path","u":"footway","s":"concrete","w":2.4,"wt":0}},{"type":"Feature","geometry":{"type":"LineString","coordinates":[[-97.7380007,30.290666],[-97.7379515,30.2906903],[-97.737921,30.2910229]]},"properties":{"k":"path","u":"footway","s":"concrete","w":2.4,"wt":0}},{"type":"Feature","geometry":{"type":"LineString","coordinates":[[-97.7380618,30.2896677],[-97.7379665,30.2905795],[-97.7380047,30.2906011]]},"properties":{"k":"path","u":"footway","s":"concrete","w":2.4,"wt":0}},{"type":"Feature","geometry":{"type":"LineString","coordinates":[[-97.7378147,30.2908201],[-97.7378106,30.290856],[-97.7377217,30.2916435]]},"properties":{"k":"path","u":"footway","s":"concrete","w":2.4,"wt":0}},{"type":"Feature","geometry":{"type":"LineString","coordinates":[[-97.7379239,30.2896523],[-97.737827,30.2906931]]},"properties":{"k":"path","u":"footway","s":"concrete","w":2.4,"wt":0}},{"type":"Feature","geometry":{"type":"LineString","coordinates":[[-97.7392228,30.2897471],[-97.7395186,30.2897653],[-97.739774,30.289779]]},"properties":{"k":"path","u":"footway","s":"concrete","w":2.4,"wt":0}},{"type":"Feature","geometry":{"type":"LineString","coordinates":[[-97.7401843,30.2918196],[-97.7402138,30.2915213],[-97.7403234,30.2904131],[-97.7403719,30.289855]]},"properties":{"k":"path","u":"footway","s":"concrete","w":2.4,"wt":0}},{"type":"Feature","geometry":{"type":"LineString","coordinates":[[-97.7388302,30.2917243],[-97.738339,30.2916886],[-97.7378554,30.2916535]]},"properties":{"k":"path","u":"footway","s":"concrete","w":2.4,"wt":0}},{"type":"Feature","geometry":{"type":"LineString","coordinates":[[-97.7399523,30.2918099],[-97.7390023,30.2917368]]},"properties":{"k":"path","u":"footway","s":"concrete","w":2.4,"wt":0}},{"type":"Feature","geometry":{"type":"LineString","coordinates":[[-97.7388302,30.2917243],[-97.7388981,30.2910453],[-97.7389136,30.2908909],[-97.7389305,30.2907221],[-97.7389434,30.2905929],[-97.7389557,30.2904701],[-97.7390289,30.2897379]]},"properties":{"k":"path","u":"footway","s":"concrete","w":2.4,"wt":0}},{"type":"Feature","geometry":{"type":"LineString","coordinates":[[-97.747766,30.2880996],[-97.7470856,30.2880506],[-97.7470521,30.2880482],[-97.7464616,30.2880056],[-97.7456671,30.2879476],[-97.7456418,30.2879456],[-97.7454802,30.2879331],[-97.7447878,30.2878776],[-97.7447542,30.2878749]]},"properties":{"k":"path","u":"footway","s":"concrete","w":2.4,"wt":0}},{"type":"Feature","geometry":{"type":"LineString","coordinates":[[-97.744593,30.2879888],[-97.7445762,30.2879876],[-97.743968,30.2879412]]},"properties":{"k":"path","u":"footway","s":"concrete","w":2.4,"wt":0}},{"type":"Feature","geometry":{"type":"LineString","coordinates":[[-97.7445291,30.288552],[-97.7445452,30.2885308],[-97.744593,30.2879888]]},"properties":{"k":"path","u":"footway","s":"concrete","w":2.4,"wt":0}},{"type":"Feature","geometry":{"type":"LineString","coordinates":[[-97.743912,30.2885117],[-97.743968,30.2879412]]},"properties":{"k":"path","u":"footway","s":"concrete","w":2.4,"wt":0}},{"type":"Feature","geometry":{"type":"LineString","coordinates":[[-97.7445291,30.288552],[-97.743912,30.2885117]]},"properties":{"k":"path","u":"footway","s":"concrete","w":2.4,"wt":0}},{"type":"Feature","geometry":{"type":"LineString","coordinates":[[-97.7445203,30.2886552],[-97.7440116,30.2886228],[-97.7439032,30.2886149]]},"properties":{"k":"path","u":"footway","s":"concrete","w":2.4,"wt":0}},{"type":"Feature","geometry":{"type":"LineString","coordinates":[[-97.7404698,30.288775],[-97.7404458,30.2888036],[-97.7403688,30.2895667],[-97.7403819,30.2895884]]},"properties":{"k":"path","u":"footway","s":"concrete","w":2.4,"wt":0}},{"type":"Feature","geometry":{"type":"LineString","coordinates":[[-97.7388536,30.2875181],[-97.7380904,30.2874497],[-97.7372878,30.2873892],[-97.7370218,30.2873726],[-97.736954,30.2873921],[-97.736634,30.2873758],[-97.7364611,30.287367],[-97.7364144,30.2873647],[-97.7362191,30.2873497],[-97.7360462,30.2873364],[-97.7359604,30.2873298],[-97.7352181,30.2872729]]},"properties":{"k":"path","u":"footway","s":"concrete","w":2.4,"wt":0}},{"type":"Feature","geometry":{"type":"LineString","coordinates":[[-97.7395475,30.2875737],[-97.7395198,30.2878809],[-97.7395108,30.2879039],[-97.7394856,30.2879242],[-97.739366,30.2879618],[-97.7392766,30.2879734],[-97.7391988,30.2879703],[-97.7391253,30.2879624],[-97.7390128,30.2879305],[-97.7389223,30.2878806],[-97.7389031,30.2878487],[-97.7389019,30.2878171],[-97.7389247,30.2875486],[-97.7389336,30.287532]]},"properties":{"k":"path","u":"footway","s":"concrete","w":2.4,"wt":0}},{"type":"Feature","geometry":{"type":"LineString","coordinates":[[-97.7403601,30.2876991],[-97.7403624,30.2876693],[-97.7402642,30.287663],[-97.7401555,30.2876233],[-97.7400368,30.2876137],[-97.7396255,30.2875801]]},"properties":{"k":"path","u":"footway","s":"concrete","w":2.4,"wt":0}},{"type":"Feature","geometry":{"type":"LineString","coordinates":[[-97.7427613,30.2913819],[-97.7428337,30.290622]]},"properties":{"k":"path","u":"footway","s":"concrete","w":2.4,"wt":0}},{"type":"Feature","geometry":{"type":"LineString","coordinates":[[-97.7427509,30.291498],[-97.7427583,30.2914164]]},"properties":{"k":"path","u":"footway","s":"concrete","w":2.4,"wt":0}},{"type":"Feature","geometry":{"type":"LineString","coordinates":[[-97.7426581,30.2919739],[-97.7426956,30.2919448],[-97.7427457,30.2915475]]},"properties":{"k":"path","u":"footway","s":"concrete","w":2.4,"wt":0}},{"type":"Feature","geometry":{"type":"LineString","coordinates":[[-97.7429776,30.2906287],[-97.7443177,30.2907168]]},"properties":{"k":"path","u":"footway","s":"concrete","w":2.4,"wt":0}},{"type":"Feature","geometry":{"type":"LineString","coordinates":[[-97.7428337,30.290622],[-97.7427643,30.2906116],[-97.7419668,30.2905605]]},"properties":{"k":"path","u":"footway","s":"concrete","w":2.4,"wt":0}},{"type":"Feature","geometry":{"type":"LineString","coordinates":[[-97.7443287,30.2906006],[-97.7436917,30.2905599]]},"properties":{"k":"path","u":"footway","s":"concrete","w":2.4,"wt":0}},{"type":"Feature","geometry":{"type":"LineString","coordinates":[[-97.7435432,30.2905516],[-97.7429451,30.2905029]]},"properties":{"k":"path","u":"footway","s":"concrete","w":2.4,"wt":0}},{"type":"Feature","geometry":{"type":"LineString","coordinates":[[-97.7436674,30.2892927],[-97.743644,30.2895211],[-97.7435432,30.2905516]]},"properties":{"k":"path","u":"footway","s":"concrete","w":2.4,"wt":0}},{"type":"Feature","geometry":{"type":"LineString","coordinates":[[-97.7438228,30.2893057],[-97.7438123,30.2894122],[-97.7438184,30.2894501],[-97.743809,30.2895448],[-97.7437842,30.2895802],[-97.7437661,30.2897828],[-97.7437875,30.289828],[-97.7437654,30.2900874],[-97.7437346,30.2901308],[-97.7436917,30.2905599]]},"properties":{"k":"path","u":"footway","s":"concrete","w":2.4,"wt":0}},{"type":"Feature","geometry":{"type":"LineString","coordinates":[[-97.743072,30.2891372],[-97.7435781,30.2891778],[-97.7437125,30.2891842]]},"properties":{"k":"path","u":"footway","s":"concrete","w":2.4,"wt":0}},{"type":"Feature","geometry":{"type":"LineString","coordinates":[[-97.7427813,30.2904875],[-97.7429146,30.2892507]]},"properties":{"k":"path","u":"footway","s":"concrete","w":2.4,"wt":0}},{"type":"Feature","geometry":{"type":"LineString","coordinates":[[-97.7429451,30.2905029],[-97.7430216,30.2896854],[-97.7430588,30.2892628]]},"properties":{"k":"path","u":"footway","s":"concrete","w":2.4,"wt":0}},{"type":"Feature","geometry":{"type":"LineString","coordinates":[[-97.743049,30.2878764],[-97.7430072,30.2882984],[-97.7429964,30.2884075],[-97.7429369,30.2890076],[-97.7429251,30.2891265]]},"properties":{"k":"path","u":"footway","s":"concrete","w":2.4,"wt":0}},{"type":"Feature","geometry":{"type":"LineString","coordinates":[[-97.7432048,30.287892],[-97.743072,30.2891372]]},"properties":{"k":"path","u":"footway","s":"concrete","w":2.4,"wt":0}},{"type":"Feature","geometry":{"type":"LineString","coordinates":[[-97.7432048,30.287892],[-97.7432286,30.2878759],[-97.7438209,30.2879239]]},"properties":{"k":"path","u":"footway","s":"concrete","w":2.4,"wt":0}},{"type":"Feature","geometry":{"type":"LineString","coordinates":[[-97.7442683,30.2878295],[-97.7441658,30.2878211],[-97.7437171,30.2877882]]},"properties":{"k":"path","u":"footway","s":"concrete","w":2.4,"wt":0}},{"type":"Feature","geometry":{"type":"LineString","coordinates":[[-97.7446728,30.2887299],[-97.7446813,30.2886445],[-97.7447346,30.2881458],[-97.7447482,30.2879995]]},"properties":{"k":"path","u":"footway","s":"concrete","w":2.4,"wt":0}},{"type":"Feature","geometry":{"type":"LineString","coordinates":[[-97.745663,30.2893255],[-97.7450499,30.2892931],[-97.7446184,30.2892604]]},"properties":{"k":"path","u":"footway","s":"concrete","w":2.4,"wt":0}},{"type":"Feature","geometry":{"type":"LineString","coordinates":[[-97.7445547,30.290014],[-97.7445538,30.290025],[-97.7445036,30.2906112]]},"properties":{"k":"path","u":"footway","s":"concrete","w":2.4,"wt":0}},{"type":"Feature","geometry":{"type":"LineString","coordinates":[[-97.7446049,30.2893904],[-97.7445603,30.2899509]]},"properties":{"k":"path","u":"footway","s":"concrete","w":2.4,"wt":0}},{"type":"Feature","geometry":{"type":"LineString","coordinates":[[-97.7460529,30.2894729],[-97.7450889,30.2894177],[-97.7446049,30.2893904]]},"properties":{"k":"path","u":"footway","s":"concrete","w":2.4,"wt":0}},{"type":"Feature","geometry":{"type":"LineString","coordinates":[[-97.7445036,30.2906112],[-97.7453555,30.2906658],[-97.7459905,30.2907039],[-97.7464563,30.2907309],[-97.7464787,30.2907322]]},"properties":{"k":"path","u":"footway","s":"concrete","w":2.4,"wt":0}},{"type":"Feature","geometry":{"type":"LineString","coordinates":[[-97.7425772,30.2876986],[-97.7425918,30.2876755],[-97.7426109,30.2875323],[-97.7426484,30.286985],[-97.7426559,30.2868906],[-97.7426839,30.2865802],[-97.7422514,30.2865421]]},"properties":{"k":"path","u":"footway","s":"concrete","w":2.4,"wt":0}},{"type":"Feature","geometry":{"type":"LineString","coordinates":[[-97.7425772,30.2876986],[-97.7425319,30.2876949],[-97.7423966,30.2876836],[-97.7421499,30.2876652],[-97.7417222,30.2876334]]},"properties":{"k":"path","u":"footway","s":"concrete","w":2.4,"wt":0}},{"type":"Feature","geometry":{"type":"LineString","coordinates":[[-97.7437196,30.2866627],[-97.7432927,30.2866273],[-97.7432671,30.2866252],[-97.7428418,30.28659],[-97.7428115,30.2869651],[-97.7428068,30.287035],[-97.7427796,30.2871996],[-97.7427502,30.2875351],[-97.7427386,30.2877129]]},"properties":{"k":"path","u":"footway","s":"concrete","w":2.4,"wt":0}},{"type":"Feature","geometry":{"type":"LineString","coordinates":[[-97.7417203,30.2877576],[-97.7418327,30.2877667],[-97.74229,30.2878032]]},"properties":{"k":"path","u":"footway","s":"concrete","w":2.4,"wt":0}},{"type":"Feature","geometry":{"type":"LineString","coordinates":[[-97.7423243,30.2890713],[-97.742335,30.2889618],[-97.7423938,30.2883607],[-97.7424041,30.2882557],[-97.7424471,30.2878157]]},"properties":{"k":"path","u":"footway","s":"paving","w":2.4,"wt":0}},{"type":"Feature","geometry":{"type":"LineString","coordinates":[[-97.7421697,30.289057],[-97.7415972,30.2890135]]},"properties":{"k":"path","u":"footway","s":"concrete","w":2.4,"wt":0}},{"type":"Feature","geometry":{"type":"LineString","coordinates":[[-97.74229,30.2878032],[-97.7421967,30.2887822],[-97.742189,30.288874],[-97.7421697,30.289057]]},"properties":{"k":"path","u":"footway","s":"concrete","w":2.4,"wt":0}},{"type":"Feature","geometry":{"type":"LineString","coordinates":[[-97.7421672,30.2891849],[-97.7415878,30.2891304]]},"properties":{"k":"path","u":"footway","s":"concrete","w":2.4,"wt":0}},{"type":"Feature","geometry":{"type":"LineString","coordinates":[[-97.7420397,30.2904203],[-97.7420896,30.2899369],[-97.7421672,30.2891849]]},"properties":{"k":"path","u":"footway","s":"concrete","w":2.4,"wt":0}},{"type":"Feature","geometry":{"type":"LineString","coordinates":[[-97.7423162,30.2892047],[-97.7421932,30.2904405]]},"properties":{"k":"path","u":"footway","s":"concrete","w":2.4,"wt":0}},{"type":"Feature","geometry":{"type":"LineString","coordinates":[[-97.7421932,30.2904405],[-97.7427813,30.2904875]]},"properties":{"k":"path","u":"footway","s":"concrete","w":2.4,"wt":0}},{"type":"Feature","geometry":{"type":"LineString","coordinates":[[-97.7429251,30.2891265],[-97.7423243,30.2890713]]},"properties":{"k":"path","u":"footway","s":"concrete","w":2.4,"wt":0}},{"type":"Feature","geometry":{"type":"LineString","coordinates":[[-97.7429146,30.2892507],[-97.7423162,30.2892047]]},"properties":{"k":"path","u":"footway","s":"concrete","w":2.4,"wt":0}},{"type":"Feature","geometry":{"type":"LineString","coordinates":[[-97.7444568,30.2892177],[-97.7445203,30.2886552]]},"properties":{"k":"path","u":"footway","s":"concrete","w":2.4,"wt":0}},{"type":"Feature","geometry":{"type":"LineString","coordinates":[[-97.7438209,30.2879239],[-97.7437217,30.2888928]]},"properties":{"k":"path","u":"footway","s":"concrete","w":2.4,"wt":0}},{"type":"Feature","geometry":{"type":"LineString","coordinates":[[-97.7439032,30.2886149],[-97.7438569,30.2891769]]},"properties":{"k":"path","u":"footway","s":"concrete","w":2.4,"wt":0}},{"type":"Feature","geometry":{"type":"LineString","coordinates":[[-97.7443287,30.2906006],[-97.7444474,30.2893694],[-97.744448,30.2893544]]},"properties":{"k":"path","u":"footway","s":"concrete","w":2.4,"wt":0}},{"type":"Feature","geometry":{"type":"LineString","coordinates":[[-97.7438352,30.2891934],[-97.7438569,30.2891769],[-97.7439428,30.2891822],[-97.7444568,30.2892177]]},"properties":{"k":"path","u":"footway","s":"concrete","w":2.4,"wt":0}},{"type":"Feature","geometry":{"type":"LineString","coordinates":[[-97.7438228,30.2893057],[-97.744448,30.2893544]]},"properties":{"k":"path","u":"footway","s":"concrete","w":2.4,"wt":0}},{"type":"Feature","geometry":{"type":"LineString","coordinates":[[-97.7440757,30.2933111],[-97.7441372,30.2926961],[-97.7443315,30.2907322],[-97.7443177,30.2907168]]},"properties":{"k":"path","u":"footway","s":"concrete","w":2.4,"wt":0}},{"type":"Feature","geometry":{"type":"LineString","coordinates":[[-97.7419013,30.2931921],[-97.7425316,30.2932119]]},"properties":{"k":"path","u":"footway","s":"concrete","w":2.4,"wt":0}},{"type":"Feature","geometry":{"type":"LineString","coordinates":[[-97.7411902,30.2924265],[-97.7411756,30.2924624],[-97.7411663,30.2926202]]},"properties":{"k":"path","u":"footway","s":"concrete","w":2.4,"wt":0}},{"type":"Feature","geometry":{"type":"LineString","coordinates":[[-97.7414703,30.2947042],[-97.7418334,30.2948662]]},"properties":{"k":"path","u":"footway","s":"concrete","w":2.4,"wt":0}},{"type":"Feature","geometry":{"type":"LineString","coordinates":[[-97.7411579,30.2927333],[-97.7409643,30.2944382],[-97.7409935,30.2944781],[-97.7413987,30.2946736]]},"properties":{"k":"path","u":"footway","s":"concrete","w":2.4,"wt":0}},{"type":"Feature","geometry":{"type":"LineString","coordinates":[[-97.7410025,30.2927892],[-97.7410318,30.2924666],[-97.7410538,30.2924678],[-97.7410935,30.2924493],[-97.7411168,30.2924142],[-97.7411327,30.292367],[-97.7411371,30.2923303],[-97.7411336,30.2922814],[-97.7411185,30.292247],[-97.7410823,30.2921951],[-97.7410522,30.2921599],[-97.7410595,30.2921072]]},"properties":{"k":"path","u":"footway","s":"concrete","w":2.4,"wt":0}},{"type":"Feature","geometry":{"type":"LineString","coordinates":[[-97.7383595,30.2948118],[-97.7379634,30.2946239]]},"properties":{"k":"path","u":"footway","s":"concrete","w":2.4,"wt":0}},{"type":"Feature","geometry":{"type":"LineString","coordinates":[[-97.7426554,30.2954198],[-97.7422813,30.2952454]]},"properties":{"k":"path","u":"footway","s":"concrete","w":2.4,"wt":0}},{"type":"Feature","geometry":{"type":"LineString","coordinates":[[-97.7414628,30.2903735],[-97.7420397,30.2904203]]},"properties":{"k":"path","u":"footway","s":"concrete","w":2.4,"wt":0}},{"type":"Feature","geometry":{"type":"LineString","coordinates":[[-97.7414552,30.2905252],[-97.7415555,30.290535],[-97.741913,30.2905601]]},"properties":{"k":"path","u":"footway","s":"concrete","w":2.4,"wt":0}},{"type":"Feature","geometry":{"type":"LineString","coordinates":[[-97.7368131,30.2906511],[-97.7368557,30.2906152],[-97.7368565,30.2905893],[-97.7374049,30.2906272]]},"properties":{"k":"path","u":"footway","s":"concrete","w":2.4,"wt":0}},{"type":"Feature","geometry":{"type":"LineString","coordinates":[[-97.7368051,30.2907356],[-97.7368296,30.2907365],[-97.7368278,30.2907768],[-97.7368272,30.29079],[-97.7378106,30.290856]]},"properties":{"k":"path","u":"footway","s":"concrete","w":2.4,"wt":0}},{"type":"Feature","geometry":{"type":"LineString","coordinates":[[-97.7344519,30.2907715],[-97.7344246,30.2907217],[-97.7344119,30.2906771]]},"properties":{"k":"path","u":"footway","s":"concrete","w":2.4,"wt":0}},{"type":"Feature","geometry":{"type":"LineString","coordinates":[[-97.7414628,30.2903735],[-97.7414453,30.2903588],[-97.7414893,30.2899442],[-97.7415225,30.2896671],[-97.7415633,30.2892333],[-97.7415679,30.2891582],[-97.7415878,30.2891304]]},"properties":{"k":"path","u":"footway","s":"paving","w":2.4,"wt":0}},{"type":"Feature","geometry":{"type":"LineString","coordinates":[[-97.7408964,30.288673],[-97.7404863,30.2886361]]},"properties":{"k":"path","u":"footway","s":"concrete","w":2.4,"wt":0}},{"type":"Feature","geometry":{"type":"LineString","coordinates":[[-97.7413898,30.2887173],[-97.7409844,30.2886809]]},"properties":{"k":"path","u":"footway","s":"concrete","w":2.4,"wt":0}},{"type":"Feature","geometry":{"type":"LineString","coordinates":[[-97.7409729,30.2888137],[-97.7405425,30.2887806],[-97.7404698,30.288775]]},"properties":{"k":"path","u":"footway","s":"concrete","w":2.4,"wt":0}},{"type":"Feature","geometry":{"type":"LineString","coordinates":[[-97.741378,30.2888448],[-97.7410621,30.2888205]]},"properties":{"k":"path","u":"footway","s":"concrete","w":2.4,"wt":0}},{"type":"Feature","geometry":{"type":"LineString","coordinates":[[-97.741378,30.2888448],[-97.7413161,30.2896301]]},"properties":{"k":"path","u":"footway","s":"concrete","w":2.4,"wt":0}},{"type":"Feature","geometry":{"type":"LineString","coordinates":[[-97.7446184,30.2892604],[-97.7446214,30.2892318],[-97.7446692,30.2887829]]},"properties":{"k":"path","u":"footway","s":"concrete","w":2.4,"wt":0}},{"type":"Feature","geometry":{"type":"LineString","coordinates":[[-97.7451942,30.2931539],[-97.7454155,30.2908057]]},"properties":{"k":"path","u":"footway","s":"concrete","w":2.4,"wt":0}},{"type":"Feature","geometry":{"type":"LineString","coordinates":[[-97.7403253,30.2927123],[-97.7403561,30.292412],[-97.7403469,30.2923576],[-97.7403805,30.2921707],[-97.7404211,30.2920882],[-97.7404181,30.292061],[-97.7404077,30.2920388]]},"properties":{"k":"path","u":"footway","s":"concrete","w":2.4,"wt":0}},{"type":"Feature","geometry":{"type":"LineString","coordinates":[[-97.7322338,30.290539],[-97.732276,30.2905329],[-97.732515,30.2905442]]},"properties":{"k":"path","u":"footway","s":"concrete","w":2.4,"wt":0}},{"type":"Feature","geometry":{"type":"LineString","coordinates":[[-97.7315925,30.290505],[-97.7314886,30.2904952],[-97.7313504,30.290504],[-97.7311632,30.2905497]]},"properties":{"k":"path","u":"footway","s":"concrete","w":2.4,"wt":0}},{"type":"Feature","geometry":{"type":"LineString","coordinates":[[-97.7272666,30.2788941],[-97.7272416,30.2788977],[-97.7272155,30.2789064],[-97.7272069,30.2789259],[-97.7272087,30.2789514],[-97.727227,30.2789716],[-97.7272616,30.2789883],[-97.7273317,30.2789927],[-97.7273907,30.2790076],[-97.7274354,30.2790286],[-97.7274801,30.2790602],[-97.7275065,30.279091],[-97.7275248,30.2791305],[-97.727538,30.2791673],[-97.7275385,30.279181],[-97.727539,30.279213],[-97.7275258,30.2792577],[-97.7275096,30.2792964],[-97.7274821,30.2793279],[-97.7274425,30.2793604],[-97.7274029,30.2793806],[-97.727351,30.2793973],[-97.7273195,30.2794078],[-97.7273073,30.2794227],[-97.7273033,30.2794403],[-97.7273403,30.279628]]},"properties":{"k":"path","u":"footway","s":"concrete","w":2.4,"wt":0}},{"type":"Feature","geometry":{"type":"LineString","coordinates":[[-97.727605,30.2797355],[-97.7275681,30.2797245],[-97.7275326,30.2797228],[-97.7274977,30.2797251],[-97.7274635,30.2797378],[-97.7274287,30.2797477],[-97.7273904,30.2797564],[-97.7273747,30.2797631],[-97.7273683,30.2797749],[-97.7273683,30.2797888],[-97.7273683,30.2798264],[-97.7273656,30.2800071],[-97.7273596,30.2800349],[-97.7273373,30.2801043],[-97.7272684,30.2803186],[-97.7272369,30.2804281],[-97.7272362,30.2804536],[-97.7272463,30.2804721],[-97.7272603,30.2804866],[-97.7272771,30.2804935],[-97.7274045,30.2805329]]},"properties":{"k":"path","u":"footway","s":"concrete","w":2.4,"wt":0}},{"type":"Feature","geometry":{"type":"LineString","coordinates":[[-97.7271774,30.2802858],[-97.7272491,30.2800512],[-97.7272626,30.2800014],[-97.7272666,30.2799632],[-97.7272626,30.2799273],[-97.7272471,30.2798787],[-97.727217,30.2798051],[-97.7272042,30.2797669],[-97.7271868,30.2796643],[-97.7271311,30.2793824],[-97.7271432,30.2792741],[-97.7271406,30.279263]]},"properties":{"k":"path","u":"footway","s":"concrete","w":2.4,"wt":0}},{"type":"Feature","geometry":{"type":"LineString","coordinates":[[-97.7271774,30.2802858],[-97.7271445,30.2803896],[-97.7271295,30.280424],[-97.72711,30.2804561],[-97.7270799,30.2804912],[-97.727041,30.2805256],[-97.7269985,30.2805531],[-97.7269777,30.2805631],[-97.7269569,30.280573],[-97.726903,30.2805829],[-97.7266066,30.2806372],[-97.7265668,30.2806165],[-97.7265464,30.2806142],[-97.7265092,30.2806165],[-97.7264703,30.2806265],[-97.7264491,30.2806394],[-97.7264208,30.28067],[-97.7263615,30.28067],[-97.7259492,30.2806196],[-97.7259147,30.2806043],[-97.7257952,30.2805309],[-97.7255068,30.2803651],[-97.7254052,30.2799244],[-97.7253272,30.2795785],[-97.7252906,30.279416],[-97.7252578,30.2792564],[-97.7252309,30.2791251]]},"properties":{"k":"path","u":"footway","s":"concrete","w":2.4,"wt":0}},{"type":"Feature","geometry":{"type":"LineString","coordinates":[[-97.726842,30.2830847],[-97.7268173,30.2830806],[-97.7265001,30.2831287],[-97.7264361,30.2831387],[-97.7261398,30.2831853],[-97.7259702,30.2832119],[-97.7254453,30.2833036],[-97.725168,30.2833487],[-97.7250189,30.283373],[-97.7249389,30.2833866],[-97.724186,30.2835143],[-97.7240926,30.2835299],[-97.7240489,30.2835373],[-97.7239933,30.2835468],[-97.723555,30.2836197],[-97.7225827,30.2837807],[-97.7223386,30.2838198],[-97.7223446,30.2838345],[-97.7222778,30.2838617],[-97.7222608,30.2838551]]},"properties":{"k":"path","u":"footway","s":"concrete","w":2.4,"wt":0}},{"type":"Feature","geometry":{"type":"LineString","coordinates":[[-97.726113,30.283062],[-97.7261919,30.2830454],[-97.7268559,30.2829405]]},"properties":{"k":"path","u":"footway","s":"concrete","w":2.4,"wt":0}},{"type":"Feature","geometry":{"type":"LineString","coordinates":[[-97.7260117,30.2825972],[-97.7260015,30.2825504],[-97.7258275,30.2817921],[-97.725802,30.281681],[-97.725724,30.2813307],[-97.7256579,30.2810338],[-97.72555,30.280571],[-97.7255339,30.2805023],[-97.7255068,30.2803651]]},"properties":{"k":"path","u":"footway","s":"concrete","w":2.4,"wt":0}},{"type":"Feature","geometry":{"type":"LineString","coordinates":[[-97.7279644,30.2944211],[-97.7277276,30.2943034],[-97.7275352,30.2942053],[-97.7268117,30.2938741]]},"properties":{"k":"path","u":"footway","s":"concrete","w":2.4,"wt":0}},{"type":"Feature","geometry":{"type":"LineString","coordinates":[[-97.7280478,30.2944613],[-97.7279644,30.2944211]]},"properties":{"k":"path","u":"footway","s":"concrete","w":2.4,"wt":0}},{"type":"Feature","geometry":{"type":"LineString","coordinates":[[-97.7268117,30.2938741],[-97.7268051,30.2939003],[-97.7267857,30.2939301],[-97.7267596,30.2939549],[-97.7263745,30.2945809],[-97.7263541,30.29459],[-97.7263482,30.2946026]]},"properties":{"k":"path","u":"footway","s":"concrete","w":2.4,"wt":0}},{"type":"Feature","geometry":{"type":"LineString","coordinates":[[-97.7266922,30.2938308],[-97.7267054,30.2938378]]},"properties":{"k":"path","u":"footway","s":"concrete","w":2.4,"wt":0}},{"type":"Feature","geometry":{"type":"LineString","coordinates":[[-97.7266922,30.2938308],[-97.7267039,30.293808]]},"properties":{"k":"path","u":"footway","s":"concrete","w":2.4,"wt":0}},{"type":"Feature","geometry":{"type":"LineString","coordinates":[[-97.7267898,30.2938738],[-97.7268117,30.2938741]]},"properties":{"k":"path","u":"footway","s":"concrete","w":2.4,"wt":0}},{"type":"Feature","geometry":{"type":"LineString","coordinates":[[-97.7268117,30.2938741],[-97.7268184,30.2938625]]},"properties":{"k":"path","u":"footway","s":"concrete","w":2.4,"wt":0}},{"type":"Feature","geometry":{"type":"LineString","coordinates":[[-97.7266922,30.2938308],[-97.725955,30.2934912]]},"properties":{"k":"path","u":"footway","s":"concrete","w":2.4,"wt":0}},{"type":"Feature","geometry":{"type":"LineString","coordinates":[[-97.7256254,30.2931728],[-97.7256447,30.2931467],[-97.725872,30.2928808],[-97.7259189,30.2928259],[-97.7260353,30.2926952],[-97.7260591,30.2926685],[-97.7262602,30.2924426],[-97.726391,30.2922922],[-97.7264624,30.29221],[-97.7264922,30.2921757],[-97.7268295,30.2917942],[-97.7270079,30.291573],[-97.7271105,30.2914161],[-97.7271366,30.2913755],[-97.7272191,30.2913113],[-97.7272868,30.2912727],[-97.7273318,30.291247],[-97.7273633,30.2912406],[-97.7273894,30.291247],[-97.7274263,30.2912586],[-97.7278756,30.2914728],[-97.7278981,30.2914872],[-97.7280734,30.291588]]},"properties":{"k":"path","u":"footway","s":"concrete","w":2.4,"wt":0}},{"type":"Feature","geometry":{"type":"LineString","coordinates":[[-97.7272541,30.291178],[-97.7272436,30.2911808],[-97.7272323,30.2911838]]},"properties":{"k":"path","u":"footway","s":"concrete","w":2.4,"wt":0}},{"type":"Feature","geometry":{"type":"LineString","coordinates":[[-97.7272436,30.2911808],[-97.7272588,30.2912175]]},"properties":{"k":"path","u":"footway","s":"concrete","w":2.4,"wt":0}},{"type":"Feature","geometry":{"type":"LineString","coordinates":[[-97.7270193,30.291075],[-97.7270235,30.2910999],[-97.7270199,30.2911174],[-97.7269645,30.2912486],[-97.7269038,30.2913665],[-97.726844,30.2914559],[-97.7268302,30.2914764],[-97.7267602,30.2915692],[-97.726592,30.2917614],[-97.7265582,30.2918],[-97.7265411,30.2918098]]},"properties":{"k":"path","u":"footway","s":"concrete","w":2.4,"wt":0}},{"type":"Feature","geometry":{"type":"LineString","coordinates":[[-97.7264442,30.2919338],[-97.7261837,30.2922473],[-97.7258793,30.2925949]]},"properties":{"k":"path","u":"footway","s":"concrete","w":2.4,"wt":0}},{"type":"Feature","geometry":{"type":"LineString","coordinates":[[-97.7445905,30.2878604],[-97.7443485,30.2878369]]},"properties":{"k":"path","u":"footway","s":"concrete","w":2.4,"wt":0}},{"type":"Feature","geometry":{"type":"LineString","coordinates":[[-97.7513868,30.2913544],[-97.751302,30.2914934],[-97.7510838,30.2917334],[-97.7509499,30.2918458],[-97.7509196,30.2918712],[-97.7507508,30.2919376],[-97.7506555,30.2919574],[-97.7505913,30.2918466]]},"properties":{"k":"path","u":"footway","s":"gravel","w":2.4,"wt":0}},{"type":"Feature","geometry":{"type":"LineString","coordinates":[[-97.7508142,30.2917909],[-97.7509499,30.2918458]]},"properties":{"k":"path","u":"footway","s":"gravel","w":2.4,"wt":0}},{"type":"Feature","geometry":{"type":"LineString","coordinates":[[-97.7517049,30.2905646],[-97.7517231,30.2908347]]},"properties":{"k":"path","u":"footway","s":"gravel","w":2.4,"wt":0}},{"type":"Feature","geometry":{"type":"LineString","coordinates":[[-97.7493537,30.2958157],[-97.7494449,30.29596],[-97.7494874,30.2960342],[-97.7494997,30.2962045],[-97.7495479,30.2965015]]},"properties":{"k":"path","u":"cycleway","s":"gravel","w":2.2,"wt":0}},{"type":"Feature","geometry":{"type":"LineString","coordinates":[[-97.7484278,30.2944481],[-97.7484578,30.2944853],[-97.7487153,30.2948484],[-97.7489471,30.2951893],[-97.7490157,30.2953375]]},"properties":{"k":"path","u":"cycleway","s":"gravel","w":2.2,"wt":0}},{"type":"Feature","geometry":{"type":"LineString","coordinates":[[-97.7490157,30.2953375],[-97.7490415,30.295419],[-97.749093,30.2955302],[-97.749196,30.295671],[-97.7493537,30.2958157]]},"properties":{"k":"path","u":"cycleway","s":"paving","w":2.2,"wt":0}},{"type":"Feature","geometry":{"type":"LineString","coordinates":[[-97.7350528,30.2818491],[-97.735236,30.2816043],[-97.7352509,30.2815679],[-97.7352619,30.2815226],[-97.7352687,30.2814818],[-97.7353054,30.2810741],[-97.7353014,30.2810533],[-97.735138,30.2807425]]},"properties":{"k":"path","u":"footway","s":"concrete","w":2.4,"wt":0}},{"type":"Feature","geometry":{"type":"LineString","coordinates":[[-97.7394197,30.2775671],[-97.7393445,30.2777626],[-97.7393202,30.2778259]]},"properties":{"k":"path","u":"footway","s":"concrete","w":2.4,"wt":0}},{"type":"Feature","geometry":{"type":"LineString","coordinates":[[-97.7524746,30.2819248],[-97.7523165,30.2819856],[-97.7521465,30.2819945],[-97.751995,30.2819648],[-97.7518365,30.2818815],[-97.7517355,30.2817972],[-97.7516339,30.2816356],[-97.751602,30.2814861],[-97.7516079,30.2813779],[-97.7516229,30.2812675],[-97.7516281,30.2811481],[-97.7516272,30.2811457],[-97.7515877,30.2810456],[-97.7515449,30.2809886]]},"properties":{"k":"path","u":"footway","s":"paving","w":2.4,"wt":0}},{"type":"Feature","geometry":{"type":"LineString","coordinates":[[-97.7387789,30.2786323],[-97.7387273,30.2787664]]},"properties":{"k":"path","u":"path","s":"paving","w":1.5,"wt":0}},{"type":"Feature","geometry":{"type":"LineString","coordinates":[[-97.7381915,30.2784689],[-97.7387248,30.2786167],[-97.7387789,30.2786323]]},"properties":{"k":"path","u":"footway","s":"paving","w":2.4,"wt":0}},{"type":"Feature","geometry":{"type":"LineString","coordinates":[[-97.7394069,30.2777802],[-97.7393797,30.2777727]]},"properties":{"k":"path","u":"steps","s":"concrete","w":3.0,"wt":0}},{"type":"Feature","geometry":{"type":"LineString","coordinates":[[-97.7393797,30.2777727],[-97.7393675,30.2777691]]},"properties":{"k":"path","u":"footway","s":"concrete","w":2.4,"wt":0}},{"type":"Feature","geometry":{"type":"LineString","coordinates":[[-97.7393675,30.2777691],[-97.7393597,30.2777669]]},"properties":{"k":"path","u":"steps","s":"concrete","w":3.0,"wt":0}},{"type":"Feature","geometry":{"type":"LineString","coordinates":[[-97.7393597,30.2777669],[-97.7393445,30.2777626]]},"properties":{"k":"path","u":"footway","s":"concrete","w":2.4,"wt":0}},{"type":"Feature","geometry":{"type":"LineString","coordinates":[[-97.7270193,30.291075],[-97.7269772,30.2910552],[-97.7268822,30.2910106],[-97.7266637,30.2909081],[-97.7256921,30.2904381]]},"properties":{"k":"path","u":"footway","s":"concrete","w":2.4,"wt":0}},{"type":"Feature","geometry":{"type":"LineString","coordinates":[[-97.7270808,30.2909114],[-97.7271064,30.2908648],[-97.7271192,30.2907841],[-97.7271289,30.2904286],[-97.7271247,30.290304],[-97.7270959,30.2901736],[-97.7270476,30.2900244],[-97.727027,30.2899659],[-97.7267673,30.2891199],[-97.7267549,30.2890955],[-97.7267101,30.2890822],[-97.7263992,30.2890206],[-97.7262559,30.2889692],[-97.7257893,30.2887094]]},"properties":{"k":"path","u":"footway","s":"concrete","w":2.4,"wt":0}},{"type":"Feature","geometry":{"type":"LineString","coordinates":[[-97.7263786,30.2877523],[-97.7264193,30.2877824],[-97.7264429,30.2878099],[-97.7264529,30.2878522],[-97.7264435,30.2879],[-97.7264181,30.2879388],[-97.7263774,30.2879642],[-97.7263391,30.287977],[-97.726296,30.2879759],[-97.7262571,30.2879683],[-97.7262417,30.2879719],[-97.7262252,30.2879917],[-97.7261185,30.2881797],[-97.726178,30.2882092],[-97.7261875,30.2882235],[-97.7264234,30.2883416]]},"properties":{"k":"path","u":"footway","s":"concrete","w":2.4,"wt":0}},{"type":"Feature","geometry":{"type":"LineString","coordinates":[[-97.7264529,30.2878522],[-97.7264992,30.2878545]]},"properties":{"k":"path","u":"footway","s":"concrete","w":2.4,"wt":0}},{"type":"Feature","geometry":{"type":"LineString","coordinates":[[-97.7466131,30.2852736],[-97.7466338,30.2850373],[-97.7466521,30.2848001]]},"properties":{"k":"path","u":"footway","s":"concrete","w":2.4,"wt":0}},{"type":"Feature","geometry":{"type":"LineString","coordinates":[[-97.7466131,30.2852736],[-97.7466107,30.2852963]]},"properties":{"k":"path","u":"footway","s":"concrete","w":2.4,"wt":0}},{"type":"Feature","geometry":{"type":"LineString","coordinates":[[-97.7466029,30.2853964],[-97.7466018,30.2854138],[-97.7471357,30.2854508],[-97.7477031,30.2854914],[-97.7480127,30.285513]]},"properties":{"k":"path","u":"footway","s":"concrete","w":2.4,"wt":0}},{"type":"Feature","geometry":{"type":"LineString","coordinates":[[-97.7480127,30.285513],[-97.7480374,30.2855156]]},"properties":{"k":"path","u":"footway","s":"concrete","w":2.4,"wt":0}},{"type":"Feature","geometry":{"type":"LineString","coordinates":[[-97.7481712,30.2855325],[-97.7481495,30.2855301]]},"properties":{"k":"path","u":"footway","s":"concrete","w":2.4,"wt":0}},{"type":"Feature","geometry":{"type":"LineString","coordinates":[[-97.7493804,30.2854843],[-97.7493674,30.2854836]]},"properties":{"k":"path","u":"footway","s":"concrete","w":2.4,"wt":0}},{"type":"Feature","geometry":{"type":"LineString","coordinates":[[-97.7492641,30.2854766],[-97.7492465,30.2854754]]},"properties":{"k":"path","u":"footway","s":"concrete","w":2.4,"wt":0}},{"type":"Feature","geometry":{"type":"LineString","coordinates":[[-97.7495609,30.2856318],[-97.749511,30.2856283],[-97.7493707,30.2856183],[-97.7492055,30.2856065],[-97.7487454,30.285571]]},"properties":{"k":"path","u":"footway","s":"concrete","w":2.4,"wt":0}},{"type":"Feature","geometry":{"type":"LineString","coordinates":[[-97.7486894,30.2855679],[-97.7481712,30.2855325]]},"properties":{"k":"path","u":"footway","s":"concrete","w":2.4,"wt":0}},{"type":"Feature","geometry":{"type":"LineString","coordinates":[[-97.7464546,30.2852683],[-97.7455967,30.2852015],[-97.7454827,30.285192],[-97.7452472,30.2851743],[-97.7452239,30.2851724],[-97.7450382,30.285162],[-97.7450044,30.2851601]]},"properties":{"k":"path","u":"footway","s":"concrete","w":2.4,"wt":0}},{"type":"Feature","geometry":{"type":"LineString","coordinates":[[-97.7449058,30.2851534],[-97.7448899,30.2851524],[-97.7448631,30.2851508],[-97.7444297,30.2851247],[-97.7442952,30.2851166],[-97.7441176,30.2851059],[-97.7440056,30.2851]]},"properties":{"k":"path","u":"footway","s":"concrete","w":2.4,"wt":0}},{"type":"Feature","geometry":{"type":"LineString","coordinates":[[-97.7439843,30.2852215],[-97.7439998,30.2852226],[-97.7444177,30.285253],[-97.7448523,30.2852843],[-97.7448916,30.2852874]]},"properties":{"k":"path","u":"footway","s":"concrete","w":2.4,"wt":0}},{"type":"Feature","geometry":{"type":"LineString","coordinates":[[-97.7449956,30.2852947],[-97.7450229,30.2852966],[-97.7457061,30.2853447],[-97.7464467,30.2854009],[-97.7464778,30.2854032]]},"properties":{"k":"path","u":"footway","s":"concrete","w":2.4,"wt":0}},{"type":"Feature","geometry":{"type":"LineString","coordinates":[[-97.7466018,30.2854138],[-97.746569,30.285412]]},"properties":{"k":"path","u":"footway","s":"concrete","w":2.4,"wt":0}},{"type":"Feature","geometry":{"type":"LineString","coordinates":[[-97.7464546,30.2852683],[-97.7464524,30.2852879]]},"properties":{"k":"path","u":"footway","s":"concrete","w":2.4,"wt":0}},{"type":"Feature","geometry":{"type":"LineString","coordinates":[[-97.7464467,30.2854009],[-97.7464487,30.2853851]]},"properties":{"k":"path","u":"footway","s":"concrete","w":2.4,"wt":0}},{"type":"Feature","geometry":{"type":"LineString","coordinates":[[-97.7465684,30.2857509],[-97.7466018,30.2854138]]},"properties":{"k":"path","u":"footway","s":"concrete","w":2.4,"wt":0}},{"type":"Feature","geometry":{"type":"LineString","coordinates":[[-97.7465571,30.2858433],[-97.7465279,30.2862018],[-97.7465279,30.2862113]]},"properties":{"k":"path","u":"footway","s":"concrete","w":2.4,"wt":0}},{"type":"Feature","geometry":{"type":"LineString","coordinates":[[-97.7449429,30.2861054],[-97.7449442,30.286093],[-97.7449805,30.2857341]]},"properties":{"k":"path","u":"footway","s":"concrete","w":2.4,"wt":0}},{"type":"Feature","geometry":{"type":"LineString","coordinates":[[-97.7450382,30.285162],[-97.7450969,30.2845844],[-97.7451265,30.2841123]]},"properties":{"k":"path","u":"footway","s":"concrete","w":2.4,"wt":0}},{"type":"Feature","geometry":{"type":"LineString","coordinates":[[-97.7451549,30.2840028],[-97.7451567,30.2839812],[-97.7451813,30.2836816],[-97.7451968,30.2834937],[-97.7452537,30.2828038],[-97.7452395,30.2827884]]},"properties":{"k":"path","u":"footway","s":"concrete","w":2.4,"wt":0}},{"type":"Feature","geometry":{"type":"LineString","coordinates":[[-97.7430872,30.2839629],[-97.7431022,30.2839639],[-97.7434889,30.2839966]]},"properties":{"k":"path","u":"footway","s":"concrete","w":2.4,"wt":0}},{"type":"Feature","geometry":{"type":"LineString","coordinates":[[-97.7431025,30.2839519],[-97.7431022,30.2839639]]},"properties":{"k":"path","u":"footway","s":"concrete","w":2.4,"wt":0}},{"type":"Feature","geometry":{"type":"LineString","coordinates":[[-97.7431144,30.2838317],[-97.7431154,30.2838229],[-97.7431063,30.2838223]]},"properties":{"k":"path","u":"footway","s":"concrete","w":2.4,"wt":0}},{"type":"Feature","geometry":{"type":"LineString","coordinates":[[-97.7429526,30.2839518],[-97.7429359,30.2839498],[-97.7429372,30.2839323]]},"properties":{"k":"path","u":"footway","s":"concrete","w":2.4,"wt":0}},{"type":"Feature","geometry":{"type":"LineString","coordinates":[[-97.742963,30.2838118],[-97.7429464,30.28381],[-97.7429453,30.2838238]]},"properties":{"k":"path","u":"footway","s":"concrete","w":2.4,"wt":0}},{"type":"Feature","geometry":{"type":"LineString","coordinates":[[-97.742076,30.2838893],[-97.7424829,30.2839162]]},"properties":{"k":"path","u":"footway","s":"concrete","w":2.4,"wt":0}},{"type":"Feature","geometry":{"type":"LineString","coordinates":[[-97.7425435,30.2839209],[-97.7429359,30.2839498]]},"properties":{"k":"path","u":"footway","s":"concrete","w":2.4,"wt":0}},{"type":"Feature","geometry":{"type":"LineString","coordinates":[[-97.7429464,30.28381],[-97.7425615,30.2837816]]},"properties":{"k":"path","u":"footway","s":"concrete","w":2.4,"wt":0}},{"type":"Feature","geometry":{"type":"LineString","coordinates":[[-97.7420885,30.2837491],[-97.7425025,30.2837764]]},"properties":{"k":"path","u":"footway","s":"concrete","w":2.4,"wt":0}},{"type":"Feature","geometry":{"type":"LineString","coordinates":[[-97.7442686,30.2824868],[-97.7442627,30.2825084],[-97.7442542,30.2826071],[-97.7442146,30.2830649],[-97.7441299,30.2838976],[-97.7441278,30.2839141]]},"properties":{"k":"path","u":"footway","s":"concrete","w":2.4,"wt":0}},{"type":"Feature","geometry":{"type":"LineString","coordinates":[[-97.7439654,30.2838864],[-97.7435853,30.28386]]},"properties":{"k":"path","u":"footway","s":"concrete","w":2.4,"wt":0}},{"type":"Feature","geometry":{"type":"LineString","coordinates":[[-97.7431154,30.2838229],[-97.7434964,30.2838508]]},"properties":{"k":"path","u":"footway","s":"concrete","w":2.4,"wt":0}},{"type":"Feature","geometry":{"type":"LineString","coordinates":[[-97.7435652,30.2840025],[-97.7439564,30.2840295],[-97.7439746,30.2840304]]},"properties":{"k":"path","u":"footway","s":"concrete","w":2.4,"wt":0}},{"type":"Feature","geometry":{"type":"LineString","coordinates":[[-97.7445109,30.2839321],[-97.7441299,30.2838976]]},"properties":{"k":"path","u":"footway","s":"concrete","w":2.4,"wt":0}},{"type":"Feature","geometry":{"type":"LineString","coordinates":[[-97.7473618,30.284849],[-97.7466618,30.284794],[-97.7466521,30.2848001]]},"properties":{"k":"path","u":"footway","s":"concrete","w":2.4,"wt":0}},{"type":"Feature","geometry":{"type":"LineString","coordinates":[[-97.7502869,30.2805049],[-97.750257,30.2805289]]},"properties":{"k":"path","u":"footway","s":"paving","w":2.4,"wt":0}},{"type":"Feature","geometry":{"type":"LineString","coordinates":[[-97.7504817,30.2795834],[-97.7504953,30.2795932],[-97.7504763,30.2796974]]},"properties":{"k":"path","u":"footway","s":"paving","w":2.4,"wt":0}},{"type":"Feature","geometry":{"type":"LineString","coordinates":[[-97.745047,30.2786298],[-97.7450112,30.2786186],[-97.7450158,30.2786086]]},"properties":{"k":"path","u":"footway","s":"concrete","w":2.4,"wt":0}},{"type":"Feature","geometry":{"type":"LineString","coordinates":[[-97.7431763,30.2808939],[-97.7431825,30.2808747]]},"properties":{"k":"path","u":"footway","s":"concrete","w":2.4,"wt":0}},{"type":"Feature","geometry":{"type":"LineString","coordinates":[[-97.7457737,30.2765368],[-97.7457877,30.2765054]]},"properties":{"k":"path","u":"footway","s":"concrete","w":2.4,"wt":0}},{"type":"Feature","geometry":{"type":"LineString","coordinates":[[-97.7470112,30.2770486],[-97.7469616,30.277035]]},"properties":{"k":"path","u":"footway","s":"concrete","w":2.4,"wt":0}},{"type":"Feature","geometry":{"type":"LineString","coordinates":[[-97.7454421,30.2774392],[-97.7454705,30.277448]]},"properties":{"k":"path","u":"footway","s":"concrete","w":2.4,"wt":0}},{"type":"Feature","geometry":{"type":"LineString","coordinates":[[-97.7454421,30.2774392],[-97.7454303,30.277472]]},"properties":{"k":"path","u":"footway","s":"concrete","w":2.4,"wt":0}},{"type":"Feature","geometry":{"type":"LineString","coordinates":[[-97.7395982,30.282403],[-97.7395965,30.2824263]]},"properties":{"k":"path","u":"footway","s":"concrete","w":2.4,"wt":0}},{"type":"Feature","geometry":{"type":"LineString","coordinates":[[-97.7396112,30.2825586],[-97.7395857,30.282558]]},"properties":{"k":"path","u":"footway","s":"concrete","w":2.4,"wt":0}},{"type":"Feature","geometry":{"type":"LineString","coordinates":[[-97.7395894,30.2825247],[-97.7391245,30.2824976]]},"properties":{"k":"path","u":"footway","s":"concrete","w":2.4,"wt":0}},{"type":"Feature","geometry":{"type":"LineString","coordinates":[[-97.7398839,30.2825799],[-97.7399206,30.2825828],[-97.7403308,30.282615],[-97.7408019,30.2826518],[-97.7408131,30.2826528]]},"properties":{"k":"path","u":"footway","s":"concrete","w":2.4,"wt":0}},{"type":"Feature","geometry":{"type":"LineString","coordinates":[[-97.7408715,30.2836317],[-97.7409416,30.2829952],[-97.7409466,30.2829469],[-97.7409754,30.2826651],[-97.7409769,30.2826506]]},"properties":{"k":"path","u":"footway","s":"concrete","w":2.4,"wt":0}},{"type":"Feature","geometry":{"type":"LineString","coordinates":[[-97.7409633,30.2826642],[-97.7409754,30.2826651],[-97.7414087,30.2826973],[-97.741503,30.2827043],[-97.741862,30.2827328]]},"properties":{"k":"path","u":"footway","s":"concrete","w":2.4,"wt":0}},{"type":"Feature","geometry":{"type":"LineString","coordinates":[[-97.7409902,30.2825261],[-97.7409916,30.282506]]},"properties":{"k":"path","u":"footway","s":"concrete","w":2.4,"wt":0}},{"type":"Feature","geometry":{"type":"LineString","coordinates":[[-97.7408042,30.282636],[-97.7408019,30.2826518]]},"properties":{"k":"path","u":"footway","s":"concrete","w":2.4,"wt":0}},{"type":"Feature","geometry":{"type":"LineString","coordinates":[[-97.7408209,30.282514],[-97.740823,30.2824961]]},"properties":{"k":"path","u":"footway","s":"concrete","w":2.4,"wt":0}},{"type":"Feature","geometry":{"type":"LineString","coordinates":[[-97.740714,30.2836164],[-97.7408131,30.2826528]]},"properties":{"k":"path","u":"footway","s":"concrete","w":2.4,"wt":0}},{"type":"Feature","geometry":{"type":"LineString","coordinates":[[-97.7397947,30.2835637],[-97.7398237,30.2834852],[-97.7398585,30.2831322],[-97.7399206,30.2825828]]},"properties":{"k":"path","u":"footway","s":"concrete","w":2.4,"wt":0}},{"type":"Feature","geometry":{"type":"LineString","coordinates":[[-97.7393288,30.2810831],[-97.7393075,30.2811024],[-97.7393008,30.2811237],[-97.739251,30.2815551],[-97.7392356,30.2816916],[-97.7392233,30.2818008],[-97.7392162,30.2818657],[-97.7391807,30.2821919],[-97.7391652,30.2823702],[-97.7391738,30.2823828]]},"properties":{"k":"path","u":"footway","s":"concrete","w":2.4,"wt":0}},{"type":"Feature","geometry":{"type":"LineString","coordinates":[[-97.7422615,30.2864337],[-97.7426941,30.2864702],[-97.7427157,30.286472]]},"properties":{"k":"path","u":"footway","s":"concrete","w":2.4,"wt":0}},{"type":"Feature","geometry":{"type":"LineString","coordinates":[[-97.7426921,30.2864897],[-97.7426941,30.2864702]]},"properties":{"k":"path","u":"footway","s":"concrete","w":2.4,"wt":0}},{"type":"Feature","geometry":{"type":"LineString","coordinates":[[-97.7428487,30.2864804],[-97.7429529,30.2854016],[-97.7429766,30.285143]]},"properties":{"k":"path","u":"footway","s":"concrete","w":2.4,"wt":0}},{"type":"Feature","geometry":{"type":"LineString","coordinates":[[-97.7428549,30.2850105],[-97.7424009,30.2849709],[-97.7419646,30.2849329]]},"properties":{"k":"path","u":"footway","s":"concrete","w":2.4,"wt":0}},{"type":"Feature","geometry":{"type":"LineString","coordinates":[[-97.7438482,30.2850891],[-97.7429904,30.2850242]]},"properties":{"k":"path","u":"footway","s":"concrete","w":2.4,"wt":0}},{"type":"Feature","geometry":{"type":"LineString","coordinates":[[-97.7439998,30.2852226],[-97.7440016,30.2852057]]},"properties":{"k":"path","u":"footway","s":"concrete","w":2.4,"wt":0}},{"type":"Feature","geometry":{"type":"LineString","coordinates":[[-97.7438229,30.2852096],[-97.7438242,30.2851936]]},"properties":{"k":"path","u":"footway","s":"concrete","w":2.4,"wt":0}},{"type":"Feature","geometry":{"type":"LineString","coordinates":[[-97.7439998,30.2852226],[-97.7439623,30.2855754],[-97.7439275,30.2859834],[-97.7438815,30.2865531],[-97.7438803,30.2865677],[-97.7442525,30.2865916]]},"properties":{"k":"path","u":"footway","s":"concrete","w":2.4,"wt":0}},{"type":"Feature","geometry":{"type":"LineString","coordinates":[[-97.7431822,30.2877489],[-97.7432196,30.2874027],[-97.7432465,30.2870851],[-97.7432927,30.2866273]]},"properties":{"k":"path","u":"footway","s":"concrete","w":2.4,"wt":0}},{"type":"Feature","geometry":{"type":"LineString","coordinates":[[-97.7428487,30.2864804],[-97.7432315,30.2864995],[-97.7432788,30.2865033],[-97.7433082,30.2865056],[-97.7437221,30.2865396]]},"properties":{"k":"path","u":"footway","s":"concrete","w":2.4,"wt":0}},{"type":"Feature","geometry":{"type":"LineString","coordinates":[[-97.7438815,30.2865531],[-97.7438613,30.2865516]]},"properties":{"k":"path","u":"footway","s":"concrete","w":2.4,"wt":0}},{"type":"Feature","geometry":{"type":"LineString","coordinates":[[-97.7438514,30.2866701],[-97.7442464,30.2866988]]},"properties":{"k":"path","u":"footway","s":"concrete","w":2.4,"wt":0}},{"type":"Feature","geometry":{"type":"LineString","coordinates":[[-97.7447131,30.2867335],[-97.7443214,30.2867068]]},"properties":{"k":"path","u":"footway","s":"concrete","w":2.4,"wt":0}},{"type":"Feature","geometry":{"type":"LineString","coordinates":[[-97.7448565,30.2852581],[-97.7448523,30.2852843],[-97.7448272,30.2854905],[-97.7448135,30.285711],[-97.7448061,30.2858306],[-97.7447943,30.2858652],[-97.7447856,30.285945],[-97.7447363,30.2864612],[-97.744724,30.2866239],[-97.744327,30.2865964]]},"properties":{"k":"path","u":"footway","s":"concrete","w":2.4,"wt":0}},{"type":"Feature","geometry":{"type":"LineString","coordinates":[[-97.7449869,30.2856541],[-97.7450229,30.2852966]]},"properties":{"k":"path","u":"footway","s":"concrete","w":2.4,"wt":0}},{"type":"Feature","geometry":{"type":"LineString","coordinates":[[-97.7449335,30.2861951],[-97.744932,30.2862113],[-97.7448421,30.2871715]]},"properties":{"k":"path","u":"footway","s":"concrete","w":2.4,"wt":0}},{"type":"Feature","geometry":{"type":"LineString","coordinates":[[-97.744724,30.2866239],[-97.7447227,30.2866378]]},"properties":{"k":"path","u":"footway","s":"concrete","w":2.4,"wt":0}},{"type":"Feature","geometry":{"type":"LineString","coordinates":[[-97.746156,30.2894785],[-97.7465606,30.2895002],[-97.7465791,30.2895127],[-97.7465826,30.2895242],[-97.7465863,30.2895366],[-97.7465242,30.2900518]]},"properties":{"k":"path","u":"footway","s":"concrete","w":2.4,"wt":0}},{"type":"Feature","geometry":{"type":"LineString","coordinates":[[-97.7465175,30.2901383],[-97.7464563,30.2907309],[-97.7464549,30.2907439]]},"properties":{"k":"path","u":"footway","s":"concrete","w":2.4,"wt":0}},{"type":"Feature","geometry":{"type":"LineString","coordinates":[[-97.7465843,30.2907387],[-97.7466042,30.29074],[-97.7470172,30.2907684]]},"properties":{"k":"path","u":"footway","s":"concrete","w":2.4,"wt":0}},{"type":"Feature","geometry":{"type":"LineString","coordinates":[[-97.7466042,30.29074],[-97.7466473,30.2903272],[-97.7466567,30.2902372],[-97.7467168,30.2895339],[-97.746726,30.2895131],[-97.7467419,30.2895065],[-97.7471611,30.2895295],[-97.7472015,30.2895317],[-97.7476249,30.2895602]]},"properties":{"k":"path","u":"footway","s":"concrete","w":2.4,"wt":0}},{"type":"Feature","geometry":{"type":"LineString","coordinates":[[-97.7465648,30.2893894],[-97.7461385,30.2893566],[-97.7458145,30.2893349],[-97.7457411,30.2893304]]},"properties":{"k":"path","u":"footway","s":"concrete","w":2.4,"wt":0}},{"type":"Feature","geometry":{"type":"LineString","coordinates":[[-97.7430588,30.2892628],[-97.7436674,30.2892927],[-97.7437013,30.2892944]]},"properties":{"k":"path","u":"footway","s":"concrete","w":2.4,"wt":0}},{"type":"Feature","geometry":{"type":"LineString","coordinates":[[-97.7459762,30.2901048],[-97.7445538,30.290025]]},"properties":{"k":"path","u":"footway","s":"concrete","w":2.4,"wt":0}},{"type":"Feature","geometry":{"type":"LineString","coordinates":[[-97.74669,30.2881487],[-97.7457094,30.2880739],[-97.7453887,30.2880495],[-97.7451507,30.2880314],[-97.7447783,30.2880019],[-97.7447482,30.2879995]]},"properties":{"k":"path","u":"footway","s":"concrete","w":2.4,"wt":0}},{"type":"Feature","geometry":{"type":"LineString","coordinates":[[-97.7468503,30.2881609],[-97.7468268,30.2884267],[-97.7467945,30.2887745],[-97.7467898,30.2888217],[-97.7467474,30.28925],[-97.74674,30.2893865],[-97.7467513,30.2893949],[-97.7476262,30.289439]]},"properties":{"k":"path","u":"footway","s":"concrete","w":2.4,"wt":0}},{"type":"Feature","geometry":{"type":"LineString","coordinates":[[-97.74669,30.2881487],[-97.7466356,30.2887819],[-97.7466313,30.2888328],[-97.7466008,30.2891907],[-97.7465847,30.2893655],[-97.7465807,30.2893791],[-97.7465648,30.2893894]]},"properties":{"k":"path","u":"footway","s":"concrete","w":2.4,"wt":0}},{"type":"Feature","geometry":{"type":"LineString","coordinates":[[-97.7476267,30.2909421],[-97.7476554,30.2909413],[-97.7476857,30.2909405],[-97.7477052,30.2909492],[-97.7481459,30.290972],[-97.7486194,30.2909966],[-97.7489167,30.2910195],[-97.7490164,30.2910261],[-97.7490707,30.2910241],[-97.749112,30.2910139],[-97.7491468,30.290994],[-97.7491757,30.290964],[-97.7491863,30.2909222],[-97.7491957,30.2906747]]},"properties":{"k":"path","u":"footway","s":"concrete","w":2.4,"wt":0}},{"type":"Feature","geometry":{"type":"LineString","coordinates":[[-97.7491999,30.2905804],[-97.7492498,30.2901022]]},"properties":{"k":"path","u":"footway","s":"concrete","w":2.4,"wt":0}},{"type":"Feature","geometry":{"type":"LineString","coordinates":[[-97.749261,30.2899996],[-97.7492967,30.2896452],[-97.7492855,30.2896302],[-97.7492771,30.289619]]},"properties":{"k":"path","u":"footway","s":"concrete","w":2.4,"wt":0}},{"type":"Feature","geometry":{"type":"LineString","coordinates":[[-97.7491541,30.2896111],[-97.7485906,30.2895668],[-97.7484847,30.2895309],[-97.7477721,30.2894969],[-97.7477654,30.2895759],[-97.7477383,30.2898976]]},"properties":{"k":"path","u":"footway","s":"concrete","w":2.4,"wt":0}},{"type":"Feature","geometry":{"type":"LineString","coordinates":[[-97.7477295,30.2900099],[-97.7476959,30.2904203],[-97.7476637,30.290813],[-97.7476621,30.2908368]]},"properties":{"k":"path","u":"footway","s":"concrete","w":2.4,"wt":0}},{"type":"Feature","geometry":{"type":"LineString","coordinates":[[-97.7476554,30.2909413],[-97.747655,30.2909333]]},"properties":{"k":"path","u":"footway","s":"concrete","w":2.4,"wt":0}},{"type":"Feature","geometry":{"type":"LineString","coordinates":[[-97.74903,30.290888],[-97.7490246,30.2909038],[-97.7490069,30.2909108],[-97.7489778,30.2909132],[-97.7488294,30.2909044],[-97.7484916,30.2908808],[-97.7476952,30.2908253],[-97.7476637,30.290813],[-97.7476273,30.2908102]]},"properties":{"k":"path","u":"footway","s":"concrete","w":2.4,"wt":0}},{"type":"Feature","geometry":{"type":"LineString","coordinates":[[-97.7475189,30.2908036],[-97.7474921,30.2907982],[-97.7470581,30.2907709],[-97.7470172,30.2907684]]},"properties":{"k":"path","u":"footway","s":"concrete","w":2.4,"wt":0}},{"type":"Feature","geometry":{"type":"LineString","coordinates":[[-97.7475146,30.2909339],[-97.7469193,30.2909013],[-97.7465924,30.290882],[-97.74644,30.290873],[-97.7460936,30.2908526],[-97.746072,30.2908521]]},"properties":{"k":"path","u":"footway","s":"concrete","w":2.4,"wt":0}},{"type":"Feature","geometry":{"type":"LineString","coordinates":[[-97.7459447,30.2908419],[-97.7454155,30.2908057]]},"properties":{"k":"path","u":"footway","s":"concrete","w":2.4,"wt":0}},{"type":"Feature","geometry":{"type":"LineString","coordinates":[[-97.7490862,30.290097],[-97.7485731,30.2900641],[-97.7477295,30.2900099]]},"properties":{"k":"path","u":"footway","s":"concrete","w":2.4,"wt":0}},{"type":"Feature","geometry":{"type":"LineString","coordinates":[[-97.7477383,30.2898976],[-97.7477595,30.2899109],[-97.748267,30.2899419]]},"properties":{"k":"path","u":"footway","s":"concrete","w":2.4,"wt":0}},{"type":"Feature","geometry":{"type":"LineString","coordinates":[[-97.7492855,30.2896302],[-97.7493121,30.2896162],[-97.7495715,30.2896384],[-97.7496051,30.2896402],[-97.7496187,30.2896514],[-97.7496366,30.2896429],[-97.7497859,30.2896445],[-97.749937,30.2896653]]},"properties":{"k":"path","u":"footway","s":"concrete","w":2.4,"wt":0}},{"type":"Feature","geometry":{"type":"LineString","coordinates":[[-97.7493116,30.2894956],[-97.749312,30.2894869],[-97.7493173,30.2893848],[-97.7493075,30.289324],[-97.7493106,30.2892558],[-97.7493142,30.2892238],[-97.7493165,30.2891997],[-97.7493198,30.2891631]]},"properties":{"k":"path","u":"footway","s":"concrete","w":2.4,"wt":0}},{"type":"Feature","geometry":{"type":"LineString","coordinates":[[-97.7494189,30.2883545],[-97.7494045,30.2884994],[-97.7493767,30.2886766],[-97.7493755,30.2887133],[-97.7493673,30.288749],[-97.7493608,30.2887633],[-97.749344,30.2889157],[-97.7493989,30.2889955],[-97.7493881,30.2891706],[-97.7493306,30.289199],[-97.7493165,30.2891997]]},"properties":{"k":"path","u":"footway","s":"concrete","w":2.4,"wt":0}},{"type":"Feature","geometry":{"type":"LineString","coordinates":[[-97.7477893,30.2893854],[-97.7477889,30.2893673],[-97.7478269,30.2889844],[-97.747855,30.2886887],[-97.7478751,30.2884694],[-97.7478893,30.2882334]]},"properties":{"k":"path","u":"footway","s":"concrete","w":2.4,"wt":0}},{"type":"Feature","geometry":{"type":"LineString","coordinates":[[-97.747751,30.288227],[-97.7468503,30.2881609]]},"properties":{"k":"path","u":"footway","s":"concrete","w":2.4,"wt":0}},{"type":"Feature","geometry":{"type":"LineString","coordinates":[[-97.747766,30.2880996],[-97.7478156,30.2875355],[-97.7478187,30.2875001]]},"properties":{"k":"path","u":"footway","s":"concrete","w":2.4,"wt":0}},{"type":"Feature","geometry":{"type":"LineString","coordinates":[[-97.7478356,30.2873843],[-97.747837,30.2873568],[-97.7478648,30.2873579]]},"properties":{"k":"path","u":"footway","s":"concrete","w":2.4,"wt":0}},{"type":"Feature","geometry":{"type":"LineString","coordinates":[[-97.7478156,30.2875355],[-97.7453862,30.2873397]]},"properties":{"k":"path","u":"footway","s":"concrete","w":2.4,"wt":0}},{"type":"Feature","geometry":{"type":"LineString","coordinates":[[-97.747837,30.2873568],[-97.7470117,30.2872953],[-97.7464195,30.2872614]]},"properties":{"k":"path","u":"footway","s":"concrete","w":2.4,"wt":0}},{"type":"Feature","geometry":{"type":"LineString","coordinates":[[-97.747925,30.2864106],[-97.7479219,30.2864448],[-97.747921,30.286454]]},"properties":{"k":"path","u":"footway","s":"concrete","w":2.4,"wt":0}},{"type":"Feature","geometry":{"type":"LineString","coordinates":[[-97.7479219,30.2864448],[-97.7476081,30.2864247],[-97.746866,30.2863691],[-97.74652,30.2863463],[-97.7465225,30.2863031]]},"properties":{"k":"path","u":"footway","s":"concrete","w":2.4,"wt":0}},{"type":"Feature","geometry":{"type":"LineString","coordinates":[[-97.7491541,30.2896111],[-97.7491631,30.2896258],[-97.7491125,30.28999]]},"properties":{"k":"path","u":"footway","s":"concrete","w":2.4,"wt":0}},{"type":"Feature","geometry":{"type":"LineString","coordinates":[[-97.7483479,30.297948],[-97.7483605,30.2979268],[-97.7483944,30.2979094],[-97.7484744,30.2978754],[-97.7485491,30.2978113],[-97.748609,30.2977349],[-97.7486461,30.2976612],[-97.7486926,30.2975647],[-97.748731,30.2974732],[-97.7487668,30.2973655],[-97.7488034,30.29722],[-97.7488338,30.2970039],[-97.7488361,30.296907],[-97.7488334,30.2967356],[-97.748811,30.2965581],[-97.748756,30.2963045],[-97.7487158,30.2961636],[-97.7486608,30.2960339],[-97.7485432,30.2958309],[-97.7483935,30.2955993],[-97.7481753,30.2952685],[-97.7480739,30.295133],[-97.7479518,30.2949462],[-97.7479304,30.2949061],[-97.7477381,30.2946104],[-97.7474337,30.2941611],[-97.7473313,30.2940202]]},"properties":{"k":"path","u":"footway","s":"concrete","w":2.4,"wt":0}},{"type":"Feature","geometry":{"type":"LineString","coordinates":[[-97.7472529,30.2939503],[-97.7472775,30.2939529],[-97.7472879,30.2939626]]},"properties":{"k":"path","u":"footway","s":"concrete","w":2.4,"wt":0}},{"type":"Feature","geometry":{"type":"LineString","coordinates":[[-97.747179,30.2939335],[-97.7471837,30.2938904],[-97.7471802,30.2938024],[-97.7471751,30.2937809],[-97.7471004,30.2936613],[-97.7470584,30.2936257],[-97.7469899,30.293505],[-97.7469459,30.2933914],[-97.7469443,30.2933494],[-97.746947,30.2933202],[-97.7469377,30.2932822],[-97.7469081,30.2931898],[-97.7469011,30.2930813],[-97.7469089,30.2929633],[-97.7469346,30.2928928],[-97.7469311,30.2928656],[-97.7469237,30.2928273],[-97.7469338,30.2927886],[-97.7469918,30.2926421],[-97.7470428,30.2925484],[-97.7471366,30.292418],[-97.7472335,30.2923182],[-97.7472767,30.2922839],[-97.7473347,30.2922547],[-97.7473782,30.2922032],[-97.7474487,30.2921562],[-97.7475215,30.2921162],[-97.7476619,30.2920567],[-97.7479694,30.2919939],[-97.7487209,30.2918612],[-97.7491641,30.2917758],[-97.7495132,30.2917002],[-97.7497164,30.2916276],[-97.7504126,30.2915083],[-97.7505371,30.2914643],[-97.7506356,30.2914112],[-97.750699,30.2913719],[-97.7507737,30.2913047],[-97.751173,30.2908833],[-97.7513555,30.2906578],[-97.7514104,30.2905701],[-97.7515816,30.2903497],[-97.7518412,30.2899995],[-97.7519775,30.2898238],[-97.7519844,30.2898148]]},"properties":{"k":"path","u":"footway","s":"concrete","w":2.4,"wt":0}},{"type":"Feature","geometry":{"type":"LineString","coordinates":[[-97.7461144,30.295615],[-97.7461274,30.2956167],[-97.7461161,30.295697],[-97.7460987,30.2957519],[-97.7460838,30.2960277],[-97.7460617,30.2962782],[-97.7460093,30.2968298],[-97.7460114,30.2968817]]},"properties":{"k":"path","u":"footway","s":"concrete","w":2.4,"wt":0}},{"type":"Feature","geometry":{"type":"LineString","coordinates":[[-97.7492863,30.288344],[-97.7485882,30.2882886],[-97.7478893,30.2882334]]},"properties":{"k":"path","u":"footway","s":"concrete","w":2.4,"wt":0}},{"type":"Feature","geometry":{"type":"LineString","coordinates":[[-97.7479166,30.2880964],[-97.7485705,30.2881535],[-97.7486465,30.2881594],[-97.749256,30.2882066],[-97.7492992,30.2882099]]},"properties":{"k":"path","u":"footway","s":"paving","w":2.4,"wt":0}},{"type":"Feature","geometry":{"type":"LineString","coordinates":[[-97.7494207,30.2882193],[-97.7494305,30.2881347],[-97.7494379,30.2880716],[-97.7494709,30.287708],[-97.749482,30.2876962],[-97.7494861,30.2876065],[-97.7494808,30.2875841],[-97.7494908,30.2875581],[-97.7494937,30.2875327],[-97.7494973,30.2874996],[-97.7494832,30.2874425],[-97.7494796,30.2874084],[-97.7494884,30.2873234],[-97.7495156,30.287061],[-97.7495286,30.2870376],[-97.7495405,30.2869462],[-97.7495522,30.2868562],[-97.7495814,30.2865679],[-97.7495829,30.2865537]]},"properties":{"k":"path","u":"footway","s":"concrete","w":2.4,"wt":0}},{"type":"Feature","geometry":{"type":"LineString","coordinates":[[-97.7496672,30.2856371],[-97.7496961,30.2856404],[-97.7496448,30.2857947],[-97.7496295,30.2858844],[-97.7496145,30.2860394],[-97.7495964,30.2862267],[-97.7495728,30.2864416],[-97.7495811,30.2864518],[-97.7495899,30.28646]]},"properties":{"k":"path","u":"footway","s":"concrete","w":2.4,"wt":0}},{"type":"Feature","geometry":{"type":"LineString","coordinates":[[-97.7511406,30.2866646],[-97.7511385,30.2866815],[-97.7511151,30.286679]]},"properties":{"k":"path","u":"footway","s":"concrete","w":2.4,"wt":0}},{"type":"Feature","geometry":{"type":"LineString","coordinates":[[-97.7509988,30.286664],[-97.7502727,30.2866167],[-97.7500011,30.2865893],[-97.7499754,30.286595],[-97.7495814,30.2865679]]},"properties":{"k":"path","u":"footway","s":"concrete","w":2.4,"wt":0}},{"type":"Feature","geometry":{"type":"LineString","coordinates":[[-97.751157,30.2865737],[-97.7511577,30.2865648],[-97.7511873,30.2861977],[-97.7511922,30.2861648],[-97.751196,30.2861392],[-97.7512155,30.2858931],[-97.751234,30.2857569],[-97.7512109,30.2857556]]},"properties":{"k":"path","u":"footway","s":"concrete","w":2.4,"wt":0}},{"type":"Feature","geometry":{"type":"LineString","coordinates":[[-97.7511577,30.2865648],[-97.7511375,30.2865643]]},"properties":{"k":"path","u":"footway","s":"concrete","w":2.4,"wt":0}},{"type":"Feature","geometry":{"type":"LineString","coordinates":[[-97.7511577,30.2865648],[-97.7516369,30.2865959],[-97.7521442,30.286633],[-97.7521836,30.2866388]]},"properties":{"k":"path","u":"footway","s":"concrete","w":2.4,"wt":0}},{"type":"Feature","geometry":{"type":"LineString","coordinates":[[-97.7511385,30.2866815],[-97.751661,30.2867163],[-97.7521237,30.286748]]},"properties":{"k":"path","u":"footway","s":"concrete","w":2.4,"wt":0}},{"type":"Feature","geometry":{"type":"LineString","coordinates":[[-97.7511151,30.286679],[-97.7510025,30.2868198],[-97.7508291,30.2870715],[-97.7507442,30.2872243],[-97.7506914,30.2873231],[-97.750661,30.2873463],[-97.7506065,30.2874374],[-97.7505945,30.2875591],[-97.7505641,30.2878164],[-97.7505606,30.2878468],[-97.7505703,30.287872],[-97.7505541,30.2879963],[-97.7505389,30.2880028],[-97.7505238,30.2880327],[-97.7504997,30.2882648],[-97.7505136,30.2882957],[-97.7505224,30.2883041]]},"properties":{"k":"path","u":"footway","s":"concrete","w":2.4,"wt":0}},{"type":"Feature","geometry":{"type":"LineString","coordinates":[[-97.7510024,30.2865629],[-97.7510031,30.2865526],[-97.7510269,30.2862297]]},"properties":{"k":"path","u":"footway","s":"concrete","w":2.4,"wt":0}},{"type":"Feature","geometry":{"type":"LineString","coordinates":[[-97.7505708,30.2855712],[-97.7508824,30.2855914],[-97.7511481,30.2856146],[-97.7511864,30.2856179],[-97.7516837,30.2856566],[-97.7517425,30.2856629]]},"properties":{"k":"path","u":"footway","s":"concrete","w":2.4,"wt":0}},{"type":"Feature","geometry":{"type":"LineString","coordinates":[[-97.751234,30.2857569],[-97.751315,30.2857615],[-97.7514197,30.2857776],[-97.7518248,30.2858052],[-97.7520341,30.2858216]]},"properties":{"k":"path","u":"footway","s":"concrete","w":2.4,"wt":0}},{"type":"Feature","geometry":{"type":"LineString","coordinates":[[-97.7511024,30.2857456],[-97.7506973,30.2857207],[-97.7505537,30.2857091],[-97.7499471,30.2856599],[-97.7496961,30.2856404]]},"properties":{"k":"path","u":"footway","s":"concrete","w":2.4,"wt":0}},{"type":"Feature","geometry":{"type":"LineString","coordinates":[[-97.7504463,30.2855661],[-97.7499497,30.2855243],[-97.7498905,30.285521],[-97.7497828,30.2855151],[-97.7493804,30.2854843]]},"properties":{"k":"path","u":"footway","s":"concrete","w":2.4,"wt":0}},{"type":"Feature","geometry":{"type":"LineString","coordinates":[[-97.7493707,30.2856183],[-97.7493739,30.2855933]]},"properties":{"k":"path","u":"footway","s":"concrete","w":2.4,"wt":0}},{"type":"Feature","geometry":{"type":"LineString","coordinates":[[-97.7493792,30.2855064],[-97.7493804,30.2854843]]},"properties":{"k":"path","u":"footway","s":"concrete","w":2.4,"wt":0}},{"type":"Feature","geometry":{"type":"LineString","coordinates":[[-97.7479018,30.2881026],[-97.7479166,30.2880964],[-97.7479655,30.2876375],[-97.7479716,30.2875284],[-97.7479881,30.287366],[-97.7480029,30.2872202]]},"properties":{"k":"path","u":"footway","s":"concrete","w":2.4,"wt":0}},{"type":"Feature","geometry":{"type":"LineString","coordinates":[[-97.7419596,30.2934419],[-97.742035,30.2934463]]},"properties":{"k":"path","u":"footway","s":"concrete","w":2.4,"wt":0}},{"type":"Feature","geometry":{"type":"LineString","coordinates":[[-97.7464467,30.2854009],[-97.7464127,30.2857542]]},"properties":{"k":"path","u":"footway","s":"concrete","w":2.4,"wt":0}},{"type":"Feature","geometry":{"type":"LineString","coordinates":[[-97.7464014,30.2858346],[-97.7463741,30.2862045]]},"properties":{"k":"path","u":"footway","s":"concrete","w":2.4,"wt":0}},{"type":"Feature","geometry":{"type":"LineString","coordinates":[[-97.7463661,30.2862906],[-97.7463655,30.2862966],[-97.7463638,30.2863204],[-97.7463352,30.286711]]},"properties":{"k":"path","u":"footway","s":"concrete","w":2.4,"wt":0}},{"type":"Feature","geometry":{"type":"LineString","coordinates":[[-97.7463322,30.2867489],[-97.7462726,30.2872553]]},"properties":{"k":"path","u":"footway","s":"concrete","w":2.4,"wt":0}},{"type":"Feature","geometry":{"type":"LineString","coordinates":[[-97.7463971,30.2862005],[-97.7463741,30.2862045],[-97.7449442,30.286093]]},"properties":{"k":"path","u":"footway","s":"concrete","w":2.4,"wt":0}},{"type":"Feature","geometry":{"type":"LineString","coordinates":[[-97.7463638,30.2863204],[-97.745414,30.286248],[-97.744932,30.2862113]]},"properties":{"k":"path","u":"footway","s":"concrete","w":2.4,"wt":0}},{"type":"Feature","geometry":{"type":"LineString","coordinates":[[-97.7462726,30.2872553],[-97.7453475,30.2871941]]},"properties":{"k":"path","u":"footway","s":"concrete","w":2.4,"wt":0}},{"type":"Feature","geometry":{"type":"LineString","coordinates":[[-97.7441088,30.2840171],[-97.7441069,30.2840374],[-97.7440056,30.2851]]},"properties":{"k":"path","u":"footway","s":"concrete","w":2.4,"wt":0}},{"type":"Feature","geometry":{"type":"LineString","coordinates":[[-97.7439564,30.2840295],[-97.7438482,30.2850891]]},"properties":{"k":"path","u":"footway","s":"concrete","w":2.4,"wt":0}},{"type":"Feature","geometry":{"type":"LineString","coordinates":[[-97.7439585,30.2840041],[-97.7439564,30.2840295]]},"properties":{"k":"path","u":"footway","s":"concrete","w":2.4,"wt":0}},{"type":"Feature","geometry":{"type":"LineString","coordinates":[[-97.7449657,30.2840972],[-97.7445283,30.2840634],[-97.7441069,30.2840374],[-97.7440986,30.2840369]]},"properties":{"k":"path","u":"footway","s":"concrete","w":2.4,"wt":0}},{"type":"Feature","geometry":{"type":"LineString","coordinates":[[-97.7449724,30.2839593],[-97.7449927,30.2839611]]},"properties":{"k":"path","u":"footway","s":"concrete","w":2.4,"wt":0}},{"type":"Feature","geometry":{"type":"LineString","coordinates":[[-97.7451265,30.2841123],[-97.7451114,30.2841132]]},"properties":{"k":"path","u":"footway","s":"concrete","w":2.4,"wt":0}},{"type":"Feature","geometry":{"type":"LineString","coordinates":[[-97.7449946,30.2841055],[-97.7449657,30.2840972]]},"properties":{"k":"path","u":"footway","s":"concrete","w":2.4,"wt":0}},{"type":"Feature","geometry":{"type":"LineString","coordinates":[[-97.7449657,30.2840972],[-97.7448899,30.2851524]]},"properties":{"k":"path","u":"footway","s":"concrete","w":2.4,"wt":0}},{"type":"Feature","geometry":{"type":"LineString","coordinates":[[-97.7451013,30.2827444],[-97.7449724,30.2839593]]},"properties":{"k":"path","u":"footway","s":"concrete","w":2.4,"wt":0}},{"type":"Feature","geometry":{"type":"LineString","coordinates":[[-97.7449724,30.2839593],[-97.7445778,30.2839386]]},"properties":{"k":"path","u":"footway","s":"concrete","w":2.4,"wt":0}},{"type":"Feature","geometry":{"type":"LineString","coordinates":[[-97.7440989,30.2824484],[-97.7440707,30.2827662],[-97.7439654,30.2838864]]},"properties":{"k":"path","u":"footway","s":"concrete","w":2.4,"wt":0}},{"type":"Feature","geometry":{"type":"LineString","coordinates":[[-97.7431063,30.2838223],[-97.7432556,30.2822308],[-97.7432849,30.282208]]},"properties":{"k":"path","u":"footway","s":"concrete","w":2.4,"wt":0}},{"type":"Feature","geometry":{"type":"LineString","coordinates":[[-97.7431308,30.2821669],[-97.7430688,30.2827747],[-97.7429922,30.2835253],[-97.742963,30.2838118]]},"properties":{"k":"path","u":"footway","s":"concrete","w":2.4,"wt":0}},{"type":"Feature","geometry":{"type":"LineString","coordinates":[[-97.7374585,30.2847009],[-97.7380517,30.2847525],[-97.7380942,30.2847561],[-97.7382429,30.2847791],[-97.738342,30.284804],[-97.7383876,30.2848168],[-97.7386276,30.284884],[-97.7392886,30.2849419],[-97.7397108,30.2849772],[-97.7398521,30.2849886],[-97.7403674,30.2850224],[-97.7404134,30.2850396],[-97.7406382,30.2850806],[-97.741067,30.2851053],[-97.7411396,30.2851036],[-97.7414667,30.2849616],[-97.7415035,30.2849456],[-97.7415859,30.2849099],[-97.7417123,30.284855]]},"properties":{"k":"path","u":"footway","s":"concrete","w":2.4,"wt":0}},{"type":"Feature","geometry":{"type":"LineString","coordinates":[[-97.7401173,30.2851534],[-97.7401494,30.2851549],[-97.7403763,30.2851653],[-97.7407927,30.2851818],[-97.7411737,30.2851896],[-97.7413048,30.2851212],[-97.7413835,30.285093],[-97.7414622,30.2850654]]},"properties":{"k":"path","u":"footway","s":"concrete","w":2.4,"wt":0}},{"type":"Feature","geometry":{"type":"LineString","coordinates":[[-97.7415287,30.2850427],[-97.741592,30.2850217],[-97.741679,30.2850213]]},"properties":{"k":"path","u":"footway","s":"concrete","w":2.4,"wt":0}},{"type":"Feature","geometry":{"type":"LineString","coordinates":[[-97.740356,30.2870189],[-97.7403435,30.2870943],[-97.740408,30.2872002],[-97.740508,30.2873147],[-97.7405412,30.2873724],[-97.7405312,30.2874826]]},"properties":{"k":"path","u":"footway","s":"concrete","w":2.4,"wt":0}},{"type":"Feature","geometry":{"type":"LineString","coordinates":[[-97.7405312,30.2874826],[-97.7405337,30.2875163],[-97.7405771,30.2875381]]},"properties":{"k":"path","u":"footway","s":"concrete","w":2.4,"wt":0}},{"type":"Feature","geometry":{"type":"LineString","coordinates":[[-97.7428441,30.2851328],[-97.7426941,30.2864702]]},"properties":{"k":"path","u":"footway","s":"concrete","w":2.4,"wt":0}},{"type":"Feature","geometry":{"type":"LineString","coordinates":[[-97.7270808,30.2909114],[-97.7270491,30.2909233],[-97.7270313,30.2909262],[-97.726972,30.2908964]]},"properties":{"k":"path","u":"footway","s":"paving","w":2.4,"wt":0}},{"type":"Feature","geometry":{"type":"LineString","coordinates":[[-97.7514675,30.2769558],[-97.7518253,30.2770795],[-97.7519031,30.2771048],[-97.7519182,30.2771009],[-97.752307,30.2772383],[-97.7523336,30.2772436]]},"properties":{"k":"path","u":"footway","s":"concrete","w":2.4,"wt":0}},{"type":"Feature","geometry":{"type":"LineString","coordinates":[[-97.7525764,30.2791619],[-97.7525263,30.2791786],[-97.7524786,30.2791786],[-97.7522198,30.2791094],[-97.7520873,30.2790468],[-97.7519548,30.2789364],[-97.7519286,30.2789017],[-97.7518701,30.2788253],[-97.7518123,30.278673]]},"properties":{"k":"path","u":"footway","s":"concrete","w":2.4,"wt":0}},{"type":"Feature","geometry":{"type":"LineString","coordinates":[[-97.7517368,30.2784894],[-97.7514272,30.2777251],[-97.7512983,30.2774171]]},"properties":{"k":"path","u":"footway","s":"concrete","w":2.4,"wt":0}},{"type":"Feature","geometry":{"type":"LineString","coordinates":[[-97.7513364,30.2809171],[-97.7513697,30.2808726],[-97.7514062,30.2808728],[-97.7515377,30.2809231],[-97.751545,30.2809382],[-97.7515449,30.2809886]]},"properties":{"k":"path","u":"footway","s":"concrete","w":2.4,"wt":0}},{"type":"Feature","geometry":{"type":"LineString","coordinates":[[-97.7514217,30.280783],[-97.7514559,30.2807158],[-97.7515048,30.2804257],[-97.7515169,30.2803591],[-97.7515229,30.2803169],[-97.7516007,30.2799549],[-97.7516014,30.279919],[-97.7517755,30.2789835],[-97.7517912,30.2789729]]},"properties":{"k":"path","u":"footway","s":"concrete","w":2.4,"wt":0}},{"type":"Feature","geometry":{"type":"LineString","coordinates":[[-97.7519138,30.2789107],[-97.7519286,30.2789017]]},"properties":{"k":"path","u":"footway","s":"concrete","w":2.4,"wt":0}},{"type":"Feature","geometry":{"type":"LineString","coordinates":[[-97.7472015,30.2928918],[-97.7471982,30.2930602],[-97.7472178,30.29336],[-97.7472521,30.2934712],[-97.7473036,30.2935897],[-97.7475268,30.2939529],[-97.7478958,30.2945013],[-97.7483593,30.2952053],[-97.7486473,30.2956451],[-97.7487799,30.2958353],[-97.7488829,30.296065],[-97.7489773,30.2963318],[-97.7490524,30.2967616],[-97.749061,30.2968731],[-97.7490566,30.296988],[-97.7490369,30.2971752],[-97.7490087,30.2973376],[-97.748931,30.2975606],[-97.7488066,30.2978232],[-97.7487154,30.2979803],[-97.7486855,30.2980882],[-97.7486851,30.2981638],[-97.7486678,30.2981639]]},"properties":{"k":"path","u":"footway","s":"concrete","w":2.4,"wt":0}},{"type":"Feature","geometry":{"type":"LineString","coordinates":[[-97.7515235,30.2908574],[-97.7512877,30.2911232],[-97.751056,30.2913673],[-97.7508637,30.2915438],[-97.7506484,30.291701],[-97.7504949,30.2918024],[-97.7503964,30.2918503],[-97.7502559,30.2919075],[-97.7500827,30.2919263],[-97.7499215,30.2919404],[-97.7498621,30.2919569]]},"properties":{"k":"path","u":"footway","s":"concrete","w":2.4,"wt":0}},{"type":"Feature","geometry":{"type":"LineString","coordinates":[[-97.7514434,30.2736177],[-97.7514932,30.2736837],[-97.751559,30.2737523],[-97.7516867,30.2738801],[-97.7517049,30.2739376],[-97.7517049,30.2739969],[-97.7517049,30.274034],[-97.7516968,30.2742049],[-97.7516885,30.2743818],[-97.7516877,30.2745158],[-97.7516677,30.2745677],[-97.7516362,30.2746196],[-97.7515246,30.2747085],[-97.7513737,30.2748688],[-97.7512671,30.2749828],[-97.751241,30.2750117],[-97.7512126,30.2750364],[-97.7511843,30.2750475],[-97.7511687,30.2750515],[-97.7511216,30.275127],[-97.7510908,30.2751984],[-97.7510665,30.2753026],[-97.7510342,30.2753975],[-97.7509868,30.2754839],[-97.7509167,30.2756008],[-97.7508242,30.2757377],[-97.7507474,30.2758121],[-97.7506468,30.2758862],[-97.7504902,30.2759816],[-97.7504669,30.2760018],[-97.7504038,30.2760567],[-97.7503909,30.2760687],[-97.7501939,30.2762528],[-97.7501366,30.2763163],[-97.7500827,30.2763837],[-97.7500759,30.2764108],[-97.7500605,30.2765758],[-97.7500742,30.2767247],[-97.7500926,30.2768888],[-97.750133,30.2769961],[-97.7501806,30.2770832],[-97.7502133,30.2771296],[-97.7502658,30.2772214],[-97.7503278,30.277334],[-97.7503499,30.2774386],[-97.7503989,30.2775712],[-97.7504982,30.2777799],[-97.7505719,30.2779255],[-97.7506663,30.2780145],[-97.7506964,30.2780567],[-97.7507284,30.2781385],[-97.7508895,30.2786],[-97.7509152,30.2787483],[-97.7509227,30.2789039],[-97.7509115,30.2792768],[-97.7508997,30.2794728],[-97.7508501,30.2797148],[-97.7508011,30.2798978],[-97.7507449,30.2800813]]},"properties":{"k":"path","u":"cycleway","s":"concrete","w":2.2,"wt":0}},{"type":"Feature","geometry":{"type":"LineString","coordinates":[[-97.7507449,30.2800813],[-97.7506921,30.2802752],[-97.7506406,30.2805716],[-97.750632,30.2807421],[-97.7506406,30.2808904],[-97.7506521,30.2809581],[-97.7506531,30.2809888]]},"properties":{"k":"path","u":"cycleway","s":"concrete","w":2.2,"wt":0}},{"type":"Feature","geometry":{"type":"LineString","coordinates":[[-97.7345203,30.2847116],[-97.7345449,30.2845151],[-97.7347984,30.2845325],[-97.7348252,30.2842592],[-97.7346911,30.2842499],[-97.7347112,30.2839882],[-97.73462,30.2839824],[-97.734626,30.2839264],[-97.7345808,30.2839234],[-97.7345788,30.2838591],[-97.7345593,30.283827],[-97.734432,30.2837645],[-97.7344003,30.2837783],[-97.7343752,30.2837839],[-97.7343577,30.2837803],[-97.7343372,30.2837697],[-97.7343262,30.2837571],[-97.7343256,30.283742],[-97.7343443,30.2837249],[-97.7343588,30.2837188],[-97.7343769,30.2837153],[-97.7344032,30.2837224],[-97.7344301,30.283734],[-97.7344377,30.2837486],[-97.734432,30.2837645]]},"properties":{"k":"path","u":"footway","s":"concrete","w":2.4,"wt":0}},{"type":"Feature","geometry":{"type":"LineString","coordinates":[[-97.7341231,30.2838321],[-97.7342074,30.2838172],[-97.734239,30.2838085],[-97.7342502,30.2838019],[-97.7343262,30.2837571]]},"properties":{"k":"path","u":"footway","s":"concrete","w":2.4,"wt":0}},{"type":"Feature","geometry":{"type":"LineString","coordinates":[[-97.7510166,30.2865547],[-97.7510031,30.2865526],[-97.7495728,30.2864416]]},"properties":{"k":"path","u":"footway","s":"concrete","w":2.4,"wt":0}},{"type":"Feature","geometry":{"type":"LineString","coordinates":[[-97.7500216,30.2895401],[-97.7499912,30.2895383],[-97.7499487,30.2895351],[-97.749312,30.2894869]]},"properties":{"k":"path","u":"footway","s":"concrete","w":2.4,"wt":0}},{"type":"Feature","geometry":{"type":"LineString","coordinates":[[-97.7412743,30.2960221],[-97.7414746,30.2957005]]},"properties":{"k":"path","u":"footway","s":"concrete","w":2.4,"wt":0}},{"type":"Feature","geometry":{"type":"LineString","coordinates":[[-97.74115,30.2959676],[-97.7413274,30.2956931],[-97.7413954,30.2955797]]},"properties":{"k":"path","u":"footway","s":"asphalt","w":2.4,"wt":0}},{"type":"Feature","geometry":{"type":"LineString","coordinates":[[-97.7335564,30.2951125],[-97.733266,30.2949832],[-97.7329583,30.2948121],[-97.7325183,30.2946025]]},"properties":{"k":"path","u":"footway","s":"concrete","w":2.4,"wt":0}},{"type":"Feature","geometry":{"type":"LineString","coordinates":[[-97.7292235,30.2960285],[-97.7287731,30.2958192]]},"properties":{"k":"path","u":"footway","s":"concrete","w":2.4,"wt":0}},{"type":"Feature","geometry":{"type":"LineString","coordinates":[[-97.7281719,30.291645],[-97.7281546,30.2916527],[-97.7281408,30.2916665],[-97.7278283,30.292179],[-97.7278392,30.2922032]]},"properties":{"k":"path","u":"footway","s":"concrete","w":2.4,"wt":0}},{"type":"Feature","geometry":{"type":"LineString","coordinates":[[-97.7277953,30.2922971],[-97.727747,30.2923838],[-97.7276055,30.2926173],[-97.7275577,30.2926882],[-97.7275229,30.292733]]},"properties":{"k":"path","u":"footway","s":"concrete","w":2.4,"wt":0}},{"type":"Feature","geometry":{"type":"LineString","coordinates":[[-97.7267491,30.2937264],[-97.7263479,30.2935406],[-97.7263238,30.2935094],[-97.7262257,30.2934552],[-97.7260432,30.2933698],[-97.7259436,30.2933466],[-97.7257034,30.2932386],[-97.7256254,30.2931728]]},"properties":{"k":"path","u":"footway","s":"concrete","w":2.4,"wt":0}},{"type":"Feature","geometry":{"type":"LineString","coordinates":[[-97.7262888,30.2947007],[-97.726141,30.294938],[-97.7258708,30.2953994]]},"properties":{"k":"path","u":"footway","s":"concrete","w":2.4,"wt":0}},{"type":"Feature","geometry":{"type":"LineString","coordinates":[[-97.7274969,30.2830228],[-97.7270598,30.2829163]]},"properties":{"k":"path","u":"footway","s":"concrete","w":2.4,"wt":0}},{"type":"Feature","geometry":{"type":"LineString","coordinates":[[-97.7291224,30.2885653],[-97.729144,30.2886045],[-97.729198,30.2886291],[-97.7294162,30.2888304],[-97.7296011,30.2889763]]},"properties":{"k":"path","u":"footway","s":"concrete","w":2.4,"wt":0}},{"type":"Feature","geometry":{"type":"LineString","coordinates":[[-97.729331,30.2902053],[-97.7296119,30.290341],[-97.7299732,30.2897666],[-97.7300031,30.2897061],[-97.7300447,30.2896222]]},"properties":{"k":"path","u":"footway","s":"concrete","w":2.4,"wt":0}},{"type":"Feature","geometry":{"type":"LineString","coordinates":[[-97.7301053,30.2905662],[-97.7297079,30.2903875]]},"properties":{"k":"path","u":"footway","s":"concrete","w":2.4,"wt":0}},{"type":"Feature","geometry":{"type":"LineString","coordinates":[[-97.7279181,30.2902994],[-97.727926,30.2902894],[-97.7282199,30.2898135]]},"properties":{"k":"path","u":"footway","s":"concrete","w":2.4,"wt":0}},{"type":"Feature","geometry":{"type":"LineString","coordinates":[[-97.7255879,30.2902405],[-97.7256798,30.2902846],[-97.7261668,30.2905183],[-97.7262608,30.2905634],[-97.7263215,30.2905918],[-97.726972,30.2908964]]},"properties":{"k":"path","u":"footway","s":"concrete","w":2.4,"wt":0}},{"type":"Feature","geometry":{"type":"LineString","coordinates":[[-97.731096,30.2930368],[-97.7311132,30.2930436]]},"properties":{"k":"path","u":"footway","s":"concrete","w":2.4,"wt":0}},{"type":"Feature","geometry":{"type":"LineString","coordinates":[[-97.7405129,30.2840818],[-97.7406932,30.2841003],[-97.7406767,30.284261],[-97.7406493,30.2845287],[-97.7406426,30.2845943],[-97.7404464,30.2847217]]},"properties":{"k":"path","u":"footway","s":"concrete","w":2.4,"wt":0}},{"type":"Feature","geometry":{"type":"LineString","coordinates":[[-97.7406932,30.2841003],[-97.7406956,30.284065],[-97.7409263,30.2840832],[-97.7409363,30.2839879],[-97.7410941,30.2840002],[-97.7415555,30.2840297],[-97.7417804,30.2838872]]},"properties":{"k":"path","u":"footway","s":"concrete","w":2.4,"wt":0}},{"type":"Feature","geometry":{"type":"LineString","coordinates":[[-97.7410941,30.2840002],[-97.741108,30.283839]]},"properties":{"k":"path","u":"footway","s":"concrete","w":2.4,"wt":0}},{"type":"Feature","geometry":{"type":"LineString","coordinates":[[-97.7406956,30.284065],[-97.7407178,30.2838059]]},"properties":{"k":"path","u":"footway","s":"concrete","w":2.4,"wt":0}},{"type":"Feature","geometry":{"type":"LineString","coordinates":[[-97.7409309,30.2842813],[-97.7406767,30.284261]]},"properties":{"k":"path","u":"footway","s":"concrete","w":2.4,"wt":0}},{"type":"Feature","geometry":{"type":"LineString","coordinates":[[-97.7306003,30.2786485],[-97.7306965,30.2784266]]},"properties":{"k":"path","u":"footway","s":"concrete","w":2.4,"wt":0}},{"type":"Feature","geometry":{"type":"LineString","coordinates":[[-97.7526042,30.2892605],[-97.7523829,30.2896436],[-97.7522628,30.2898437],[-97.7520911,30.2900734],[-97.7517907,30.2904366],[-97.7517049,30.2905646],[-97.7516987,30.2905739],[-97.7516113,30.2907201],[-97.7515235,30.2908574]]},"properties":{"k":"path","u":"footway","s":"concrete","w":2.4,"wt":0}},{"type":"Feature","geometry":{"type":"LineString","coordinates":[[-97.7519665,30.2908814],[-97.7520164,30.2908963],[-97.7520865,30.2909172]]},"properties":{"k":"path","u":"footway","s":"gravel","w":2.4,"wt":0}},{"type":"Feature","geometry":{"type":"LineString","coordinates":[[-97.7401494,30.2851549],[-97.7401585,30.2850623],[-97.7397056,30.2850297],[-97.7392815,30.2849967],[-97.7386994,30.2849535],[-97.7385532,30.2849427],[-97.7382243,30.2850148],[-97.7381188,30.2851442],[-97.7380708,30.2852865],[-97.7380379,30.285468],[-97.7380124,30.2857294],[-97.7380248,30.2859385]]},"properties":{"k":"path","u":"footway","s":"concrete","w":2.4,"wt":0}},{"type":"Feature","geometry":{"type":"LineString","coordinates":[[-97.7386994,30.2849535],[-97.738697,30.2849946],[-97.7387879,30.2850002],[-97.7387802,30.2850787],[-97.7388682,30.2850853]]},"properties":{"k":"path","u":"footway","s":"concrete","w":2.4,"wt":0}},{"type":"Feature","geometry":{"type":"LineString","coordinates":[[-97.7520865,30.2909172],[-97.7519109,30.2911407],[-97.751763,30.2914431],[-97.7517478,30.2914742]]},"properties":{"k":"path","u":"cycleway","s":"paving","w":2.2,"wt":0}},{"type":"Feature","geometry":{"type":"LineString","coordinates":[[-97.7517231,30.2908347],[-97.7518155,30.2908364]]},"properties":{"k":"path","u":"steps","s":"limestone","w":3.0,"wt":0}},{"type":"Feature","geometry":{"type":"LineString","coordinates":[[-97.739532,30.2788465],[-97.7395484,30.278818]]},"properties":{"k":"path","u":"footway","s":"concrete","w":2.4,"wt":0}},{"type":"Feature","geometry":{"type":"LineString","coordinates":[[-97.7391698,30.2786898],[-97.73911,30.278724]]},"properties":{"k":"path","u":"footway","s":"concrete","w":2.4,"wt":0}},{"type":"Feature","geometry":{"type":"LineString","coordinates":[[-97.7399226,30.2785523],[-97.7398939,30.2785712],[-97.7398623,30.2785841],[-97.7398312,30.2785897],[-97.7397963,30.2785878],[-97.739752,30.2785759],[-97.7396918,30.2785636],[-97.7396477,30.2785722],[-97.739625,30.2785936],[-97.739606,30.2786114],[-97.7395784,30.2786636],[-97.7395743,30.2787104],[-97.7395769,30.2787398],[-97.7395792,30.2787523],[-97.7395815,30.2787648],[-97.7395832,30.2787694],[-97.7396028,30.2787894],[-97.7396267,30.2788074],[-97.7397817,30.2788788],[-97.7398173,30.2788954],[-97.7398256,30.2789028],[-97.7398287,30.2789104],[-97.7398278,30.2789167],[-97.7398221,30.2789307]]},"properties":{"k":"path","u":"footway","s":"concrete","w":2.4,"wt":0}},{"type":"Feature","geometry":{"type":"LineString","coordinates":[[-97.7395568,30.2788038],[-97.7395815,30.2787648]]},"properties":{"k":"path","u":"footway","s":"concrete","w":2.4,"wt":0}},{"type":"Feature","geometry":{"type":"LineString","coordinates":[[-97.7395568,30.2788038],[-97.7395484,30.278818]]},"properties":{"k":"path","u":"steps","s":"concrete","w":3.0,"wt":0}},{"type":"Feature","geometry":{"type":"LineString","coordinates":[[-97.739625,30.2785936],[-97.7396702,30.2786339],[-97.7396844,30.2786512],[-97.73969,30.2786665],[-97.7396905,30.2786867],[-97.7396854,30.2787051],[-97.7396757,30.27872],[-97.7396555,30.2787354],[-97.7395792,30.2787523]]},"properties":{"k":"path","u":"footway","s":"concrete","w":2.4,"wt":0}},{"type":"Feature","geometry":{"type":"LineString","coordinates":[[-97.7398357,30.28359],[-97.7398371,30.2835774]]},"properties":{"k":"path","u":"footway","s":"concrete","w":2.4,"wt":0,"name":"South Mall"}},{"type":"Feature","geometry":{"type":"LineString","coordinates":[[-97.7394337,30.2835369],[-97.7394316,30.2835542]]},"properties":{"k":"path","u":"footway","s":"concrete","w":2.4,"wt":0,"name":"South Mall"}},{"type":"Feature","geometry":{"type":"LineString","coordinates":[[-97.7425601,30.2945766],[-97.7426249,30.2946449],[-97.742642,30.2946678]]},"properties":{"k":"path","u":"footway","s":"concrete","w":2.4,"wt":0}},{"type":"Feature","geometry":{"type":"LineString","coordinates":[[-97.7358993,30.293087],[-97.7358957,30.2930977],[-97.7359274,30.2931215],[-97.7359429,30.2931419],[-97.7359299,30.2931626]]},"properties":{"k":"path","u":"footway","s":"concrete","w":2.4,"wt":0}},{"type":"Feature","geometry":{"type":"LineString","coordinates":[[-97.7359312,30.292989],[-97.7359134,30.2929896],[-97.7359131,30.2930326]]},"properties":{"k":"path","u":"footway","s":"concrete","w":2.4,"wt":0}},{"type":"Feature","geometry":{"type":"LineString","coordinates":[[-97.7361911,30.2931463],[-97.7361852,30.293131]]},"properties":{"k":"path","u":"footway","s":"concrete","w":2.4,"wt":0}},{"type":"Feature","geometry":{"type":"LineString","coordinates":[[-97.7360662,30.2932849],[-97.7360831,30.2932718]]},"properties":{"k":"path","u":"footway","s":"concrete","w":2.4,"wt":0}},{"type":"Feature","geometry":{"type":"LineString","coordinates":[[-97.7360662,30.2932849],[-97.7360347,30.2932567]]},"properties":{"k":"path","u":"footway","s":"concrete","w":2.4,"wt":0}},{"type":"Feature","geometry":{"type":"LineString","coordinates":[[-97.7361224,30.292996],[-97.7361289,30.2930054]]},"properties":{"k":"path","u":"footway","s":"concrete","w":2.4,"wt":0}},{"type":"Feature","geometry":{"type":"LineString","coordinates":[[-97.7358218,30.2928866],[-97.7358914,30.2928352],[-97.7359135,30.2928031],[-97.7359277,30.2927688],[-97.735917,30.2927],[-97.7358631,30.2925166],[-97.7358365,30.2924876],[-97.7358286,30.2924693]]},"properties":{"k":"path","u":"footway","s":"concrete","w":2.4,"wt":0}},{"type":"Feature","geometry":{"type":"LineString","coordinates":[[-97.736186,30.2928429],[-97.7361895,30.2928366]]},"properties":{"k":"path","u":"footway","s":"concrete","w":2.4,"wt":0}},{"type":"Feature","geometry":{"type":"LineString","coordinates":[[-97.7347383,30.2911418],[-97.7347259,30.2911352]]},"properties":{"k":"path","u":"footway","s":"concrete","w":2.4,"wt":0}},{"type":"Feature","geometry":{"type":"LineString","coordinates":[[-97.7347571,30.2911324],[-97.7347383,30.2911418],[-97.7347645,30.2912113]]},"properties":{"k":"path","u":"footway","s":"concrete","w":2.4,"wt":0}},{"type":"Feature","geometry":{"type":"LineString","coordinates":[[-97.7346468,30.2910927],[-97.7346327,30.2910852],[-97.7346242,30.2910767]]},"properties":{"k":"path","u":"footway","s":"concrete","w":2.4,"wt":0}},{"type":"Feature","geometry":{"type":"LineString","coordinates":[[-97.7344146,30.293387],[-97.7341114,30.2931516]]},"properties":{"k":"path","u":"footway","s":"concrete","w":2.4,"wt":0}},{"type":"Feature","geometry":{"type":"LineString","coordinates":[[-97.7358597,30.2793166],[-97.735671,30.2792684],[-97.7355068,30.2792153],[-97.7355012,30.279216]]},"properties":{"k":"path","u":"footway","s":"concrete","w":2.4,"wt":0}},{"type":"Feature","geometry":{"type":"LineString","coordinates":[[-97.7355012,30.279216],[-97.7352645,30.2792858]]},"properties":{"k":"path","u":"footway","s":"concrete","w":2.4,"wt":0}},{"type":"Feature","geometry":{"type":"LineString","coordinates":[[-97.7474274,30.2914965],[-97.7471751,30.291481],[-97.7471523,30.291497],[-97.7470947,30.2914942],[-97.7470501,30.2914552],[-97.7470104,30.2914524],[-97.7469838,30.2914698],[-97.7468508,30.2914616],[-97.7467532,30.2914557]]},"properties":{"k":"path","u":"footway","s":"concrete","w":2.4,"wt":0}},{"type":"Feature","geometry":{"type":"LineString","coordinates":[[-97.7371243,30.2935432],[-97.7371035,30.2936108]]},"properties":{"k":"path","u":"footway","s":"concrete","w":2.4,"wt":0}},{"type":"Feature","geometry":{"type":"LineString","coordinates":[[-97.7372053,30.2936793],[-97.7371441,30.2936356],[-97.7371147,30.2936146],[-97.7371035,30.2936108],[-97.737086,30.2936038],[-97.7369611,30.293503],[-97.7369343,30.2934491],[-97.7368537,30.2933838],[-97.7367962,30.2933687],[-97.7366114,30.2932226]]},"properties":{"k":"path","u":"footway","s":"concrete","w":2.4,"wt":0}},{"type":"Feature","geometry":{"type":"LineString","coordinates":[[-97.7301048,30.2897466],[-97.7302175,30.289801],[-97.730444,30.2899011]]},"properties":{"k":"path","u":"footway","s":"concrete","w":2.4,"wt":0}},{"type":"Feature","geometry":{"type":"LineString","coordinates":[[-97.7380102,30.2889409],[-97.7380102,30.288927],[-97.7380754,30.2883547],[-97.7380665,30.2882783]]},"properties":{"k":"path","u":"footway","s":"concrete","w":2.4,"wt":0}},{"type":"Feature","geometry":{"type":"LineString","coordinates":[[-97.7384081,30.279456],[-97.7384629,30.2794727]]},"properties":{"k":"path","u":"footway","s":"concrete","w":2.4,"wt":0}},{"type":"Feature","geometry":{"type":"LineString","coordinates":[[-97.7391058,30.2823657],[-97.7390842,30.2823486],[-97.739087,30.2822927]]},"properties":{"k":"path","u":"footway","s":"concrete","w":2.4,"wt":0}},{"type":"Feature","geometry":{"type":"LineString","coordinates":[[-97.7390306,30.2822883],[-97.7390575,30.2819731],[-97.7390485,30.2819497],[-97.7390222,30.2819157],[-97.7390148,30.2819008],[-97.7390632,30.2814922],[-97.739215,30.2813831],[-97.7392372,30.2810746],[-97.7392323,30.2810593]]},"properties":{"k":"path","u":"footway","s":"concrete","w":2.4,"wt":0}},{"type":"Feature","geometry":{"type":"LineString","coordinates":[[-97.7393651,30.2835322],[-97.7393782,30.283418],[-97.7392881,30.2834089],[-97.7392918,30.2833724],[-97.739381,30.2833784]]},"properties":{"k":"path","u":"footway","s":"concrete","w":2.4,"wt":0}},{"type":"Feature","geometry":{"type":"LineString","coordinates":[[-97.7350788,30.2818627],[-97.7352311,30.2816687],[-97.7352733,30.2816236],[-97.7353132,30.2815946],[-97.7353778,30.28155],[-97.7354412,30.2815168],[-97.735494,30.2814929],[-97.7355848,30.2814653],[-97.7356756,30.2814481],[-97.7357104,30.2814433]]},"properties":{"k":"path","u":"footway","s":"concrete","w":2.4,"wt":0}},{"type":"Feature","geometry":{"type":"LineString","coordinates":[[-97.7357875,30.2814336],[-97.7358527,30.281432]]},"properties":{"k":"path","u":"footway","s":"concrete","w":2.4,"wt":0}},{"type":"Feature","geometry":{"type":"LineString","coordinates":[[-97.7359646,30.2814615],[-97.7359913,30.2814755],[-97.7363642,30.2815034]]},"properties":{"k":"path","u":"footway","s":"concrete","w":2.4,"wt":0}},{"type":"Feature","geometry":{"type":"LineString","coordinates":[[-97.7367446,30.2814656],[-97.7367938,30.2814686]]},"properties":{"k":"path","u":"footway","s":"concrete","w":2.4,"wt":0}},{"type":"Feature","geometry":{"type":"LineString","coordinates":[[-97.7366498,30.2803605],[-97.7366463,30.2804196],[-97.7366423,30.2805047]]},"properties":{"k":"path","u":"footway","s":"concrete","w":2.4,"wt":0}},{"type":"Feature","geometry":{"type":"LineString","coordinates":[[-97.7365103,30.2815136],[-97.7365213,30.2815141],[-97.7365275,30.2814514],[-97.7366207,30.2814582]]},"properties":{"k":"path","u":"footway","s":"concrete","w":2.4,"wt":0}},{"type":"Feature","geometry":{"type":"LineString","coordinates":[[-97.7350788,30.2818627],[-97.7350528,30.2818491],[-97.7350323,30.2818384]]},"properties":{"k":"path","u":"footway","s":"concrete","w":2.4,"wt":0}},{"type":"Feature","geometry":{"type":"LineString","coordinates":[[-97.7353046,30.2828976],[-97.7352818,30.2828805],[-97.7352264,30.2828161],[-97.7352026,30.2827669],[-97.7351875,30.2826701],[-97.7352233,30.2824041],[-97.7352573,30.2820965]]},"properties":{"k":"path","u":"footway","s":"concrete","w":2.4,"wt":0}},{"type":"Feature","geometry":{"type":"LineString","coordinates":[[-97.7375857,30.2817122],[-97.7377148,30.2818494],[-97.7377429,30.2818634],[-97.7378901,30.2818681],[-97.7379269,30.281855],[-97.7380232,30.2817933],[-97.738033,30.2817662],[-97.7380351,30.2817363],[-97.7379864,30.2815747],[-97.7379799,30.2815429],[-97.7380313,30.2813798]]},"properties":{"k":"path","u":"footway","s":"concrete","w":2.4,"wt":0}},{"type":"Feature","geometry":{"type":"LineString","coordinates":[[-97.7352181,30.2872729],[-97.7351943,30.2872708],[-97.7351532,30.2872673],[-97.7351127,30.287264]]},"properties":{"k":"path","u":"footway","s":"concrete","w":2.4,"wt":0}},{"type":"Feature","geometry":{"type":"LineString","coordinates":[[-97.7414667,30.2849616],[-97.7412868,30.2848207],[-97.7409251,30.2846404],[-97.7409052,30.2848298],[-97.7407887,30.2848192],[-97.7408183,30.2845415],[-97.7406493,30.2845287]]},"properties":{"k":"path","u":"footway","s":"concrete","w":2.4,"wt":0}},{"type":"Feature","geometry":{"type":"LineString","coordinates":[[-97.7408183,30.2845415],[-97.7409047,30.2845475]]},"properties":{"k":"path","u":"footway","s":"concrete","w":2.4,"wt":0}},{"type":"Feature","geometry":{"type":"LineString","coordinates":[[-97.7404464,30.2847217],[-97.7403507,30.2847164]]},"properties":{"k":"path","u":"footway","s":"concrete","w":2.4,"wt":0}},{"type":"Feature","geometry":{"type":"LineString","coordinates":[[-97.7409251,30.2846404],[-97.7409305,30.2846006]]},"properties":{"k":"path","u":"footway","s":"concrete","w":2.4,"wt":0}},{"type":"Feature","geometry":{"type":"LineString","coordinates":[[-97.7441115,30.2838903],[-97.7441299,30.2838976]]},"properties":{"k":"path","u":"footway","s":"concrete","w":2.4,"wt":0}},{"type":"Feature","geometry":{"type":"LineString","coordinates":[[-97.7448631,30.2851508],[-97.7448612,30.2851653]]},"properties":{"k":"path","u":"footway","s":"concrete","w":2.4,"wt":0}},{"type":"Feature","geometry":{"type":"LineString","coordinates":[[-97.749256,30.2882066],[-97.7492884,30.2878618]]},"properties":{"k":"path","u":"footway","s":"concrete","w":2.4,"wt":0}},{"type":"Feature","geometry":{"type":"LineString","coordinates":[[-97.7494207,30.2882193],[-97.7497398,30.288244],[-97.7503856,30.2882936]]},"properties":{"k":"path","u":"footway","s":"concrete","w":2.4,"wt":0}},{"type":"Feature","geometry":{"type":"LineString","coordinates":[[-97.7507812,30.2884691],[-97.7502394,30.2884216],[-97.7501,30.2884102],[-97.7494189,30.2883545],[-97.7493999,30.2883529]]},"properties":{"k":"path","u":"footway","s":"concrete","w":2.4,"wt":0}},{"type":"Feature","geometry":{"type":"LineString","coordinates":[[-97.7505694,30.2855853],[-97.7505708,30.2855712]]},"properties":{"k":"path","u":"footway","s":"concrete","w":2.4,"wt":0}},{"type":"Feature","geometry":{"type":"LineString","coordinates":[[-97.7466042,30.29074],[-97.7466026,30.2907535]]},"properties":{"k":"path","u":"footway","s":"concrete","w":2.4,"wt":0}},{"type":"Feature","geometry":{"type":"LineString","coordinates":[[-97.74644,30.290873],[-97.7464405,30.2908509]]},"properties":{"k":"path","u":"footway","s":"concrete","w":2.4,"wt":0}},{"type":"Feature","geometry":{"type":"LineString","coordinates":[[-97.747837,30.2873568],[-97.7478962,30.2868634],[-97.7478989,30.2868188],[-97.747921,30.286454]]},"properties":{"k":"path","u":"footway","s":"concrete","w":2.4,"wt":0}},{"type":"Feature","geometry":{"type":"LineString","coordinates":[[-97.749511,30.2856283],[-97.749547,30.2856717],[-97.7495194,30.2860316],[-97.7495166,30.2860679],[-97.7495054,30.2861693],[-97.7495033,30.286201],[-97.7495164,30.2862196],[-97.7495559,30.2862256]]},"properties":{"k":"path","u":"footway","s":"concrete","w":2.4,"wt":0}},{"type":"Feature","geometry":{"type":"LineString","coordinates":[[-97.7482097,30.2835783],[-97.7481709,30.2839148],[-97.7481656,30.2839478],[-97.7481602,30.2839811],[-97.7481478,30.2841275],[-97.7481421,30.2843842],[-97.7481417,30.2844008],[-97.7481063,30.2846157]]},"properties":{"k":"path","u":"footway","s":"concrete","w":2.4,"wt":0}},{"type":"Feature","geometry":{"type":"LineString","coordinates":[[-97.7465465,30.2842139],[-97.7462429,30.2841851],[-97.7457423,30.2841519],[-97.7451471,30.284109],[-97.7451265,30.2841123]]},"properties":{"k":"path","u":"footway","s":"concrete","w":2.4,"wt":0}},{"type":"Feature","geometry":{"type":"LineString","coordinates":[[-97.7451471,30.284109],[-97.7451483,30.2840966]]},"properties":{"k":"path","u":"footway","s":"concrete","w":2.4,"wt":0}},{"type":"Feature","geometry":{"type":"LineString","coordinates":[[-97.7451567,30.2839812],[-97.7452071,30.2839934],[-97.7458628,30.2840438],[-97.7465143,30.2840899],[-97.7465637,30.2840842]]},"properties":{"k":"path","u":"footway","s":"concrete","w":2.4,"wt":0}},{"type":"Feature","geometry":{"type":"LineString","coordinates":[[-97.7471873,30.2831164],[-97.7472594,30.2829424],[-97.7472979,30.2828406],[-97.747349,30.2827057]]},"properties":{"k":"path","u":"footway","s":"concrete","w":2.4,"wt":0}},{"type":"Feature","geometry":{"type":"LineString","coordinates":[[-97.7503635,30.282073],[-97.7502384,30.2818863],[-97.7501868,30.2817905]]},"properties":{"k":"path","u":"footway","s":"concrete","w":2.4,"wt":0}},{"type":"Feature","geometry":{"type":"LineString","coordinates":[[-97.7511164,30.2827267],[-97.7509022,30.2824414],[-97.7507452,30.2821727],[-97.7506271,30.2819019],[-97.7505825,30.2817641],[-97.7505336,30.2816143],[-97.7504321,30.2810702],[-97.7504102,30.2809836],[-97.7503856,30.2809062],[-97.7503686,30.2808601],[-97.7503448,30.2808053],[-97.7503286,30.2807705],[-97.7503062,30.280727],[-97.7502839,30.2806872],[-97.7501983,30.2805614],[-97.75014,30.2804927],[-97.7501151,30.2804914]]},"properties":{"k":"path","u":"footway","s":"concrete","w":2.4,"wt":0}},{"type":"Feature","geometry":{"type":"LineString","coordinates":[[-97.7479366,30.2862957],[-97.7470968,30.2862366],[-97.7465279,30.2862018]]},"properties":{"k":"path","u":"footway","s":"concrete","w":2.4,"wt":0}},{"type":"Feature","geometry":{"type":"LineString","coordinates":[[-97.7465279,30.2862018],[-97.7465009,30.2862005]]},"properties":{"k":"path","u":"footway","s":"concrete","w":2.4,"wt":0}},{"type":"Feature","geometry":{"type":"LineString","coordinates":[[-97.751906,30.293973],[-97.7519621,30.293921],[-97.7520029,30.2938833],[-97.7520811,30.2938016],[-97.7521582,30.2936917],[-97.7522084,30.293606],[-97.7522458,30.2935133],[-97.7522749,30.2934397],[-97.7522971,30.2933429],[-97.7523123,30.293227],[-97.7523146,30.2930879],[-97.7523238,30.2930067]]},"properties":{"k":"path","u":"footway","s":"concrete","w":2.4,"wt":0}},{"type":"Feature","geometry":{"type":"LineString","coordinates":[[-97.749643,30.292326],[-97.7496057,30.2923248],[-97.749505,30.2922916],[-97.7493333,30.2922768],[-97.749093,30.292299],[-97.7488527,30.2923286],[-97.7482368,30.2923868],[-97.747907,30.2924701],[-97.7477798,30.292551],[-97.7476849,30.2926128]]},"properties":{"k":"path","u":"cycleway","s":"paving","w":2.2,"wt":0}},{"type":"Feature","geometry":{"type":"LineString","coordinates":[[-97.7497823,30.2919445],[-97.7497259,30.2919092],[-97.7496879,30.2918892],[-97.7496513,30.2918738],[-97.7496046,30.2918791],[-97.74919,30.2919485],[-97.7489707,30.2919929],[-97.7484967,30.2920779],[-97.7480683,30.2921629],[-97.7478671,30.2922085],[-97.7477328,30.2922483],[-97.7475697,30.2923373],[-97.7474838,30.2923891],[-97.747326,30.292552],[-97.7472667,30.2926387],[-97.7472035,30.2927973]]},"properties":{"k":"path","u":"footway","s":"concrete","w":2.4,"wt":0}},{"type":"Feature","geometry":{"type":"LineString","coordinates":[[-97.7513342,30.2829679],[-97.751223,30.283052],[-97.7511769,30.2830761]]},"properties":{"k":"path","u":"footway","s":"concrete","w":2.4,"wt":0}},{"type":"Feature","geometry":{"type":"LineString","coordinates":[[-97.7460961,30.2808764],[-97.7465162,30.2810001],[-97.7464526,30.2811633]]},"properties":{"k":"path","u":"footway","s":"concrete","w":2.4,"wt":0}},{"type":"Feature","geometry":{"type":"LineString","coordinates":[[-97.7499144,30.2768668],[-97.749963,30.277033],[-97.7500969,30.2774327]]},"properties":{"k":"path","u":"footway","s":"paving","w":2.4,"wt":0}},{"type":"Feature","geometry":{"type":"LineString","coordinates":[[-97.7495525,30.2762396],[-97.7495963,30.2761115]]},"properties":{"k":"path","u":"footway","s":"concrete","w":2.4,"wt":0}},{"type":"Feature","geometry":{"type":"LineString","coordinates":[[-97.7373899,30.2862733],[-97.7371386,30.286259]]},"properties":{"k":"path","u":"footway","s":"concrete","w":2.4,"wt":0}},{"type":"Feature","geometry":{"type":"LineString","coordinates":[[-97.7516272,30.2811457],[-97.7516482,30.2811192],[-97.7516719,30.2811019],[-97.7517048,30.2810846],[-97.751735,30.2810735],[-97.7517574,30.2810672]]},"properties":{"k":"path","u":"footway","s":"concrete","w":2.4,"wt":0}},{"type":"Feature","geometry":{"type":"LineString","coordinates":[[-97.7430072,30.2882984],[-97.7429462,30.2882941],[-97.7424041,30.2882557]]},"properties":{"k":"path","u":"footway","s":"brick","w":2.4,"wt":0}},{"type":"Feature","geometry":{"type":"LineString","coordinates":[[-97.7421107,30.279947],[-97.7421233,30.2799507],[-97.7421336,30.2799538]]},"properties":{"k":"path","u":"footway","s":"concrete","w":2.4,"wt":0}},{"type":"Feature","geometry":{"type":"LineString","coordinates":[[-97.742058,30.2801302],[-97.7420755,30.2801346],[-97.7420902,30.2800952],[-97.7421146,30.2801023],[-97.7421647,30.2799626],[-97.742186,30.2799029],[-97.74217,30.2798987],[-97.7421745,30.2798866],[-97.7421492,30.2798793]]},"properties":{"k":"path","u":"footway","s":"concrete","w":2.4,"wt":0}},{"type":"Feature","geometry":{"type":"LineString","coordinates":[[-97.7421336,30.2799538],[-97.742155,30.2799601]]},"properties":{"k":"path","u":"steps","s":"concrete","w":3.0,"wt":0}},{"type":"Feature","geometry":{"type":"LineString","coordinates":[[-97.742155,30.2799601],[-97.7421647,30.2799626]]},"properties":{"k":"path","u":"footway","s":"concrete","w":2.4,"wt":0}},{"type":"Feature","geometry":{"type":"LineString","coordinates":[[-97.7419404,30.2805192],[-97.7419626,30.2804605],[-97.7419367,30.2804532],[-97.7419764,30.2803512],[-97.7419866,30.2803541],[-97.7420298,30.2802426],[-97.7420169,30.2802389],[-97.7420223,30.2802241],[-97.7420521,30.2801465],[-97.742058,30.2801302],[-97.7421202,30.2799593],[-97.7421233,30.2799507]]},"properties":{"k":"path","u":"footway","s":"concrete","w":2.4,"wt":0}},{"type":"Feature","geometry":{"type":"LineString","coordinates":[[-97.7419854,30.280314],[-97.7419786,30.2803329]]},"properties":{"k":"path","u":"steps","s":"concrete","w":3.0,"wt":0}},{"type":"Feature","geometry":{"type":"LineString","coordinates":[[-97.7419786,30.2803329],[-97.7419716,30.2803498],[-97.7419764,30.2803512]]},"properties":{"k":"path","u":"footway","s":"concrete","w":2.4,"wt":0}},{"type":"Feature","geometry":{"type":"LineString","coordinates":[[-97.7419854,30.280314],[-97.7420132,30.280238],[-97.7420169,30.2802389]]},"properties":{"k":"path","u":"footway","s":"concrete","w":2.4,"wt":0}},{"type":"Feature","geometry":{"type":"LineString","coordinates":[[-97.7505861,30.2784169],[-97.7505753,30.2784295]]},"properties":{"k":"path","u":"footway","s":"concrete","w":2.4,"wt":0}},{"type":"Feature","geometry":{"type":"LineString","coordinates":[[-97.7367294,30.2907797],[-97.7367776,30.29078],[-97.7368278,30.2907768]]},"properties":{"k":"path","u":"path","s":"gravel","w":1.5,"wt":0}},{"type":"Feature","geometry":{"type":"LineString","coordinates":[[-97.7367505,30.2907519],[-97.7367831,30.2907648],[-97.7368278,30.2907768]]},"properties":{"k":"path","u":"path","s":"gravel","w":1.5,"wt":0}},{"type":"Feature","geometry":{"type":"LineString","coordinates":[[-97.7368051,30.2907356],[-97.7368149,30.2907567],[-97.7368278,30.2907768]]},"properties":{"k":"path","u":"path","s":"gravel","w":1.5,"wt":0}},{"type":"Feature","geometry":{"type":"LineString","coordinates":[[-97.7311205,30.2838057],[-97.7310992,30.2838012]]},"properties":{"k":"path","u":"footway","s":"concrete","w":2.4,"wt":0}},{"type":"Feature","geometry":{"type":"LineString","coordinates":[[-97.7305636,30.2851755],[-97.730625,30.2851914],[-97.7306913,30.2852084],[-97.7307174,30.2852039]]},"properties":{"k":"path","u":"cycleway","s":"asphalt","w":2.2,"wt":0}},{"type":"Feature","geometry":{"type":"LineString","coordinates":[[-97.7305439,30.285192],[-97.7305294,30.2851879]]},"properties":{"k":"path","u":"footway","s":"concrete","w":2.4,"wt":0}},{"type":"Feature","geometry":{"type":"LineString","coordinates":[[-97.730731,30.2852461],[-97.7307165,30.2852412]]},"properties":{"k":"path","u":"footway","s":"concrete","w":2.4,"wt":0}},{"type":"Feature","geometry":{"type":"LineString","coordinates":[[-97.7307906,30.2850559],[-97.7308037,30.2850163]]},"properties":{"k":"path","u":"footway","s":"concrete","w":2.4,"wt":0}},{"type":"Feature","geometry":{"type":"LineString","coordinates":[[-97.7414893,30.2899442],[-97.7414795,30.2899445]]},"properties":{"k":"path","u":"footway","s":"concrete","w":2.4,"wt":0}},{"type":"Feature","geometry":{"type":"LineString","coordinates":[[-97.7412956,30.2899477],[-97.7412829,30.2899468]]},"properties":{"k":"path","u":"footway","s":"concrete","w":2.4,"wt":0}},{"type":"Feature","geometry":{"type":"LineString","coordinates":[[-97.7412669,30.2899241],[-97.7412689,30.2898963]]},"properties":{"k":"path","u":"footway","s":"concrete","w":2.4,"wt":0}},{"type":"Feature","geometry":{"type":"LineString","coordinates":[[-97.741274,30.2896889],[-97.7412746,30.2896736]]},"properties":{"k":"path","u":"footway","s":"concrete","w":2.4,"wt":0}},{"type":"Feature","geometry":{"type":"LineString","coordinates":[[-97.741334,30.2896307],[-97.7413161,30.2896301]]},"properties":{"k":"path","u":"footway","s":"concrete","w":2.4,"wt":0}},{"type":"Feature","geometry":{"type":"LineString","coordinates":[[-97.7415225,30.2896671],[-97.7415091,30.2896652]]},"properties":{"k":"path","u":"footway","s":"concrete","w":2.4,"wt":0}},{"type":"Feature","geometry":{"type":"LineString","coordinates":[[-97.7318628,30.2870338],[-97.7318755,30.2870364]]},"properties":{"k":"path","u":"footway","s":"concrete","w":2.4,"wt":0}},{"type":"Feature","geometry":{"type":"LineString","coordinates":[[-97.7320242,30.287048],[-97.7320121,30.2870491]]},"properties":{"k":"path","u":"footway","s":"concrete","w":2.4,"wt":0}},{"type":"Feature","geometry":{"type":"LineString","coordinates":[[-97.742028,30.283869],[-97.7420341,30.2838096],[-97.7420397,30.283755]]},"properties":{"k":"path","u":"cycleway","s":"asphalt","w":2.2,"wt":0}},{"type":"Feature","geometry":{"type":"LineString","coordinates":[[-97.7418675,30.2845335],[-97.7419576,30.2844685],[-97.7420059,30.2843787],[-97.7420253,30.2842039],[-97.7420045,30.2840973],[-97.7420248,30.2838997],[-97.742028,30.283869]]},"properties":{"k":"path","u":"cycleway","s":"asphalt","w":2.2,"wt":0}},{"type":"Feature","geometry":{"type":"LineString","coordinates":[[-97.7420397,30.283755],[-97.7420414,30.2837383],[-97.7420457,30.2837241],[-97.7420696,30.2836439],[-97.7420833,30.2834859],[-97.7420746,30.2833402],[-97.7420783,30.2832372],[-97.7420044,30.2831725]]},"properties":{"k":"path","u":"cycleway","s":"asphalt","w":2.2,"wt":0}},{"type":"Feature","geometry":{"type":"LineString","coordinates":[[-97.7418444,30.2860421],[-97.7418214,30.2860405]]},"properties":{"k":"path","u":"footway","s":"concrete","w":2.4,"wt":0}},{"type":"Feature","geometry":{"type":"LineString","coordinates":[[-97.7416163,30.2860261],[-97.7415918,30.2860244]]},"properties":{"k":"path","u":"footway","s":"concrete","w":2.4,"wt":0}},{"type":"Feature","geometry":{"type":"LineString","coordinates":[[-97.7367368,30.2895488],[-97.7368095,30.2895541],[-97.7368796,30.2895591]]},"properties":{"k":"path","u":"cycleway","s":"asphalt","w":2.2,"wt":0}},{"type":"Feature","geometry":{"type":"LineString","coordinates":[[-97.7368796,30.2895591],[-97.7369281,30.2895627],[-97.7371699,30.2895802],[-97.7373616,30.2895692],[-97.7374695,30.2895129]]},"properties":{"k":"path","u":"cycleway","s":"asphalt","w":2.2,"wt":0}},{"type":"Feature","geometry":{"type":"LineString","coordinates":[[-97.7362,30.2894524],[-97.7363062,30.2894974],[-97.7364745,30.2895298],[-97.736718,30.2895474],[-97.7367368,30.2895488]]},"properties":{"k":"path","u":"cycleway","s":"asphalt","w":2.2,"wt":0}},{"type":"Feature","geometry":{"type":"LineString","coordinates":[[-97.7264649,30.2765649],[-97.726049,30.2766359],[-97.7257264,30.2766899]]},"properties":{"k":"path","u":"footway","s":"concrete","w":2.4,"wt":0}},{"type":"Feature","geometry":{"type":"LineString","coordinates":[[-97.7268562,30.2766265],[-97.7264971,30.2766845],[-97.7260794,30.2767576]]},"properties":{"k":"path","u":"footway","s":"concrete","w":2.4,"wt":0}},{"type":"Feature","geometry":{"type":"LineString","coordinates":[[-97.7393138,30.2864163],[-97.7393096,30.2864779],[-97.7393073,30.2865124],[-97.7392985,30.286581],[-97.7392914,30.2866322]]},"properties":{"k":"path","u":"footway","s":"concrete","w":2.4,"wt":0}},{"type":"Feature","geometry":{"type":"LineString","coordinates":[[-97.7392985,30.286581],[-97.7389389,30.2865587],[-97.7386909,30.286542],[-97.738599,30.2865327],[-97.7385487,30.2865257],[-97.7385177,30.2865183],[-97.7384724,30.2865016],[-97.7384064,30.2864753],[-97.7383205,30.2864244],[-97.7381842,30.2863147],[-97.7381131,30.2862032],[-97.7380639,30.2860729],[-97.7380567,30.2860461],[-97.7380398,30.2859923],[-97.7380248,30.2859385]]},"properties":{"k":"path","u":"footway","s":"concrete","w":2.4,"wt":0}},{"type":"Feature","geometry":{"type":"LineString","coordinates":[[-97.7394083,30.2864246],[-97.7394032,30.28648],[-97.7393935,30.2865854],[-97.7393931,30.2865889],[-97.7393884,30.2866405]]},"properties":{"k":"path","u":"footway","s":"concrete","w":2.4,"wt":0}},{"type":"Feature","geometry":{"type":"LineString","coordinates":[[-97.7397847,30.2864575],[-97.7397814,30.28649],[-97.739768,30.2866219],[-97.7397632,30.2866726]]},"properties":{"k":"path","u":"footway","s":"concrete","w":2.4,"wt":0}},{"type":"Feature","geometry":{"type":"LineString","coordinates":[[-97.739768,30.2866219],[-97.7393931,30.2865889]]},"properties":{"k":"path","u":"footway","s":"concrete","w":2.4,"wt":0}},{"type":"Feature","geometry":{"type":"LineString","coordinates":[[-97.741709,30.2810938],[-97.741684,30.281184]]},"properties":{"k":"path","u":"cycleway","s":"paving","w":2.2,"wt":0}},{"type":"Feature","geometry":{"type":"LineString","coordinates":[[-97.7355054,30.2777297],[-97.7357043,30.2777839],[-97.7358525,30.2778201]]},"properties":{"k":"path","u":"footway","s":"concrete","w":2.4,"wt":0}},{"type":"Feature","geometry":{"type":"LineString","coordinates":[[-97.7357043,30.2777839],[-97.7356825,30.2778455]]},"properties":{"k":"path","u":"footway","s":"concrete","w":2.4,"wt":0}},{"type":"Feature","geometry":{"type":"LineString","coordinates":[[-97.7284238,30.2957956],[-97.728505,30.2958336],[-97.7285682,30.2958632]]},"properties":{"k":"path","u":"footway","s":"concrete","w":2.4,"wt":0}},{"type":"Feature","geometry":{"type":"LineString","coordinates":[[-97.7283719,30.2957713],[-97.7284238,30.2957956]]},"properties":{"k":"path","u":"footway","s":"concrete","w":2.4,"wt":0}},{"type":"Feature","geometry":{"type":"LineString","coordinates":[[-97.7508159,30.2897431],[-97.7508243,30.2897635],[-97.7508215,30.2898338],[-97.7508068,30.2899989],[-97.7507881,30.2901977],[-97.7507803,30.2902532],[-97.7507631,30.2902692],[-97.7507507,30.2902807],[-97.7507484,30.2903268]]},"properties":{"k":"path","u":"footway","s":"concrete","w":2.4,"wt":0}},{"type":"Feature","geometry":{"type":"LineString","coordinates":[[-97.7506696,30.2905377],[-97.750708,30.2905357],[-97.7507324,30.2905422],[-97.7507421,30.2905476],[-97.7507423,30.2905629],[-97.7507413,30.29058],[-97.7507358,30.290615],[-97.7507223,30.2907759],[-97.7507071,30.2909466],[-97.7507056,30.290965],[-97.7507034,30.2909711],[-97.7507013,30.2909772],[-97.7506899,30.290978]]},"properties":{"k":"path","u":"footway","s":"concrete","w":2.4,"wt":0}},{"type":"Feature","geometry":{"type":"LineString","coordinates":[[-97.7500203,30.2896722],[-97.7501664,30.2896848],[-97.7505272,30.289716],[-97.7506456,30.2897222]]},"properties":{"k":"path","u":"footway","s":"concrete","w":2.4,"wt":0}},{"type":"Feature","geometry":{"type":"LineString","coordinates":[[-97.7500216,30.2895401],[-97.7501441,30.2895495],[-97.7506729,30.2895933]]},"properties":{"k":"path","u":"footway","s":"concrete","w":2.4,"wt":0}},{"type":"Feature","geometry":{"type":"LineString","coordinates":[[-97.750833,30.2896071],[-97.7510061,30.2896204],[-97.7514788,30.2896576]]},"properties":{"k":"path","u":"footway","s":"concrete","w":2.4,"wt":0}},{"type":"Feature","geometry":{"type":"LineString","coordinates":[[-97.7515353,30.289662],[-97.7515702,30.2896657],[-97.7515831,30.2896669],[-97.7515928,30.2896669],[-97.7516026,30.2896596],[-97.7516104,30.2896505],[-97.7516144,30.2896339],[-97.7516167,30.2896207]]},"properties":{"k":"path","u":"footway","s":"concrete","w":2.4,"wt":0}},{"type":"Feature","geometry":{"type":"LineString","coordinates":[[-97.7516932,30.2896278],[-97.7516894,30.2896586],[-97.7516902,30.2896743],[-97.7516944,30.2896813],[-97.7517031,30.2896851],[-97.7517148,30.2896887],[-97.7520476,30.2897137],[-97.7520614,30.2897131],[-97.7520709,30.2897114]]},"properties":{"k":"path","u":"footway","s":"concrete","w":2.4,"wt":0}},{"type":"Feature","geometry":{"type":"LineString","coordinates":[[-97.7519775,30.2898238],[-97.7519564,30.2898177],[-97.7516727,30.289795],[-97.7516201,30.2897911],[-97.7516015,30.2897866],[-97.7515756,30.2897791],[-97.7514972,30.2897734],[-97.7514696,30.2897794],[-97.7514493,30.2897831],[-97.7514157,30.2897891],[-97.7512061,30.2897721],[-97.7509595,30.289751],[-97.7508159,30.2897431]]},"properties":{"k":"path","u":"footway","s":"concrete","w":2.4,"wt":0}},{"type":"Feature","geometry":{"type":"LineString","coordinates":[[-97.7452571,30.2911581],[-97.74526,30.2911499],[-97.745266,30.2911442],[-97.7452787,30.2911428],[-97.7453273,30.2911443]]},"properties":{"k":"path","u":"footway","s":"concrete","w":2.4,"wt":0}},{"type":"Feature","geometry":{"type":"LineString","coordinates":[[-97.74903,30.290888],[-97.7490923,30.2908936]]},"properties":{"k":"path","u":"footway","s":"concrete","w":2.4,"wt":0}},{"type":"Feature","geometry":{"type":"LineString","coordinates":[[-97.7476262,30.289439],[-97.7476386,30.2893995],[-97.747652,30.2893742],[-97.7476654,30.2893537],[-97.747668,30.2893328],[-97.7476773,30.2891278],[-97.7476809,30.2890886],[-97.747686,30.2890726],[-97.7476896,30.2890557],[-97.7476948,30.2890001]]},"properties":{"k":"path","u":"footway","s":"concrete","w":2.4,"wt":0}},{"type":"Feature","geometry":{"type":"LineString","coordinates":[[-97.7284776,30.2762635],[-97.7284715,30.2762511],[-97.7284627,30.2762416],[-97.7284532,30.2762369],[-97.7281459,30.2762847],[-97.7275325,30.2763868],[-97.7271631,30.2764483],[-97.7268317,30.276507],[-97.7264649,30.2765649]]},"properties":{"k":"path","u":"footway","s":"concrete","w":2.4,"wt":0}},{"type":"Feature","geometry":{"type":"LineString","coordinates":[[-97.7260794,30.2767576],[-97.725754,30.2768073]]},"properties":{"k":"path","u":"footway","s":"concrete","w":2.4,"wt":0}},{"type":"Feature","geometry":{"type":"LineString","coordinates":[[-97.7268562,30.2766265],[-97.7272048,30.2765643],[-97.727561,30.2765033],[-97.7281657,30.2764047],[-97.7284044,30.2763631],[-97.728427,30.2763586],[-97.7284511,30.2763501],[-97.7284671,30.2763428],[-97.728482,30.2763306],[-97.7284881,30.2763188]]},"properties":{"k":"path","u":"footway","s":"concrete","w":2.4,"wt":0}},{"type":"Feature","geometry":{"type":"LineString","coordinates":[[-97.728505,30.2958336],[-97.7285399,30.295779]]},"properties":{"k":"path","u":"footway","s":"concrete","w":2.4,"wt":0}},{"type":"Feature","geometry":{"type":"LineString","coordinates":[[-97.7291114,30.288531],[-97.7291224,30.2885653]]},"properties":{"k":"path","u":"footway","s":"concrete","w":2.4,"wt":0}},{"type":"Feature","geometry":{"type":"LineString","coordinates":[[-97.7518349,30.2789489],[-97.7518548,30.2789392]]},"properties":{"k":"path","u":"footway","s":"concrete","w":2.4,"wt":0}},{"type":"Feature","geometry":{"type":"LineString","coordinates":[[-97.7497066,30.2838103],[-97.7497292,30.2838312],[-97.7497648,30.2838482],[-97.7499861,30.2838712],[-97.7501874,30.2838583],[-97.7511383,30.2837486]]},"properties":{"k":"path","u":"footway","s":"paving","w":2.4,"wt":0}},{"type":"Feature","geometry":{"type":"LineString","coordinates":[[-97.7512209,30.2837356],[-97.7513756,30.2837151]]},"properties":{"k":"path","u":"footway","s":"paving","w":2.4,"wt":0}},{"type":"Feature","geometry":{"type":"LineString","coordinates":[[-97.7318223,30.2824264],[-97.7318273,30.282378]]},"properties":{"k":"path","u":"footway","s":"concrete","w":2.4,"wt":0}},{"type":"Feature","geometry":{"type":"LineString","coordinates":[[-97.7337262,30.2828089],[-97.733616,30.2828667]]},"properties":{"k":"path","u":"steps","s":"concrete","w":3.0,"wt":0}},{"type":"Feature","geometry":{"type":"LineString","coordinates":[[-97.7336336,30.2827],[-97.7335265,30.282759]]},"properties":{"k":"path","u":"steps","s":"concrete","w":3.0,"wt":0}},{"type":"Feature","geometry":{"type":"LineString","coordinates":[[-97.7335446,30.2826008],[-97.7335095,30.2826191],[-97.7333711,30.2824858],[-97.7333337,30.2825085],[-97.7334385,30.2826797]]},"properties":{"k":"path","u":"footway","s":"concrete","w":2.4,"wt":0}},{"type":"Feature","geometry":{"type":"LineString","coordinates":[[-97.7337896,30.2829086],[-97.7337574,30.2829158],[-97.7337372,30.2829227],[-97.7336821,30.2829476],[-97.7336438,30.28299],[-97.7336052,30.2830162],[-97.7335703,30.2830191],[-97.7335265,30.283012],[-97.7334553,30.2829967],[-97.7333877,30.2829772],[-97.7333495,30.2829749]]},"properties":{"k":"path","u":"footway","s":"paving","w":2.4,"wt":0}},{"type":"Feature","geometry":{"type":"LineString","coordinates":[[-97.7502655,30.2777866],[-97.7500905,30.2778633],[-97.7500879,30.2779468],[-97.7500883,30.2779894],[-97.7498692,30.2779932],[-97.7497158,30.2781237],[-97.7496888,30.2782128],[-97.7496911,30.2782849],[-97.7496853,30.2783349]]},"properties":{"k":"path","u":"footway","s":"concrete","w":2.4,"wt":0}},{"type":"Feature","geometry":{"type":"LineString","coordinates":[[-97.7496911,30.2782849],[-97.7496218,30.2783436]]},"properties":{"k":"path","u":"footway","s":"concrete","w":2.4,"wt":0}},{"type":"Feature","geometry":{"type":"LineString","coordinates":[[-97.7500883,30.2779894],[-97.7502852,30.2779857],[-97.7503254,30.2780514],[-97.7503871,30.2781878],[-97.7503749,30.2782908],[-97.7503761,30.2783396]]},"properties":{"k":"path","u":"footway","s":"concrete","w":2.4,"wt":0}},{"type":"Feature","geometry":{"type":"LineString","coordinates":[[-97.7503871,30.2781878],[-97.7504459,30.2783281]]},"properties":{"k":"path","u":"footway","s":"concrete","w":2.4,"wt":0}},{"type":"Feature","geometry":{"type":"LineString","coordinates":[[-97.7303863,30.2855593],[-97.7300414,30.2854773]]},"properties":{"k":"path","u":"footway","s":"paving","w":2.4,"wt":0}},{"type":"Feature","geometry":{"type":"LineString","coordinates":[[-97.7313762,30.2849587],[-97.7313803,30.2849086]]},"properties":{"k":"path","u":"footway","s":"concrete","w":2.4,"wt":0}},{"type":"Feature","geometry":{"type":"LineString","coordinates":[[-97.731552,30.2825121],[-97.7315779,30.2823798],[-97.7316335,30.2820685],[-97.7316366,30.2820029]]},"properties":{"k":"path","u":"footway","s":"concrete","w":2.4,"wt":0}},{"type":"Feature","geometry":{"type":"LineString","coordinates":[[-97.7314538,30.2824819],[-97.7315143,30.2825001],[-97.731552,30.2825121]]},"properties":{"k":"path","u":"footway","s":"concrete","w":2.4,"wt":0}},{"type":"Feature","geometry":{"type":"LineString","coordinates":[[-97.731552,30.2825121],[-97.7315719,30.282517]]},"properties":{"k":"path","u":"footway","s":"concrete","w":2.4,"wt":0}},{"type":"Feature","geometry":{"type":"LineString","coordinates":[[-97.7333124,30.2851052],[-97.7333148,30.2850769],[-97.7333221,30.2849889]]},"properties":{"k":"path","u":"footway","s":"concrete","w":2.4,"wt":0}},{"type":"Feature","geometry":{"type":"LineString","coordinates":[[-97.7333221,30.2849889],[-97.7333285,30.2849214]]},"properties":{"k":"path","u":"steps","s":"concrete","w":3.0,"wt":0}},{"type":"Feature","geometry":{"type":"LineString","coordinates":[[-97.7336894,30.2848341],[-97.7336591,30.2848309],[-97.7335614,30.2848217]]},"properties":{"k":"path","u":"footway","s":"concrete","w":2.4,"wt":0}},{"type":"Feature","geometry":{"type":"LineString","coordinates":[[-97.7335614,30.2848217],[-97.7334852,30.2848146]]},"properties":{"k":"path","u":"steps","s":"concrete","w":3.0,"wt":0}},{"type":"Feature","geometry":{"type":"LineString","coordinates":[[-97.7264662,30.2854846],[-97.7265097,30.2854043]]},"properties":{"k":"path","u":"steps","s":"concrete","w":3.0,"wt":0}},{"type":"Feature","geometry":{"type":"LineString","coordinates":[[-97.7270799,30.2804912],[-97.7269935,30.2804272],[-97.7269794,30.2804167],[-97.72696,30.2804024]]},"properties":{"k":"path","u":"footway","s":"concrete","w":2.4,"wt":0}},{"type":"Feature","geometry":{"type":"LineString","coordinates":[[-97.7272042,30.2797669],[-97.7271254,30.279778],[-97.7270709,30.2797858]]},"properties":{"k":"path","u":"footway","s":"concrete","w":2.4,"wt":0}},{"type":"Feature","geometry":{"type":"LineString","coordinates":[[-97.7271445,30.2803896],[-97.7269935,30.2804272]]},"properties":{"k":"path","u":"footway","s":"concrete","w":2.4,"wt":0}},{"type":"Feature","geometry":{"type":"LineString","coordinates":[[-97.7269777,30.2805631],[-97.7269935,30.2804272]]},"properties":{"k":"path","u":"footway","s":"concrete","w":2.4,"wt":0}},{"type":"Feature","geometry":{"type":"LineString","coordinates":[[-97.7280064,30.278794],[-97.7279277,30.2789689]]},"properties":{"k":"path","u":"footway","s":"paving","w":2.4,"wt":0}},{"type":"Feature","geometry":{"type":"LineString","coordinates":[[-97.7269658,30.2789102],[-97.7269131,30.2789753]]},"properties":{"k":"path","u":"steps","s":"concrete","w":3.0,"wt":0}},{"type":"Feature","geometry":{"type":"LineString","coordinates":[[-97.7270134,30.2788515],[-97.7269658,30.2789102]]},"properties":{"k":"path","u":"footway","s":"concrete","w":2.4,"wt":0}},{"type":"Feature","geometry":{"type":"LineString","coordinates":[[-97.733643,30.2851292],[-97.7336268,30.2851115]]},"properties":{"k":"path","u":"footway","s":"concrete","w":2.4,"wt":0}},{"type":"Feature","geometry":{"type":"LineString","coordinates":[[-97.7313865,30.2830862],[-97.7314224,30.2830927]]},"properties":{"k":"path","u":"steps","s":"concrete","w":3.0,"wt":0}},{"type":"Feature","geometry":{"type":"LineString","coordinates":[[-97.7313662,30.2830825],[-97.7313865,30.2830862]]},"properties":{"k":"path","u":"footway","s":"concrete","w":2.4,"wt":0}},{"type":"Feature","geometry":{"type":"LineString","coordinates":[[-97.7312834,30.2833392],[-97.7313124,30.283342]]},"properties":{"k":"path","u":"footway","s":"concrete","w":2.4,"wt":0}},{"type":"Feature","geometry":{"type":"LineString","coordinates":[[-97.729712,30.2850522],[-97.7294139,30.2851385]]},"properties":{"k":"path","u":"footway","s":"concrete","w":2.4,"wt":0}},{"type":"Feature","geometry":{"type":"LineString","coordinates":[[-97.7282436,30.2876491],[-97.728222,30.2874123]]},"properties":{"k":"path","u":"footway","s":"concrete","w":2.4,"wt":0}},{"type":"Feature","geometry":{"type":"LineString","coordinates":[[-97.7267768,30.2808762],[-97.7267571,30.2806444]]},"properties":{"k":"path","u":"footway","s":"concrete","w":2.4,"wt":0}},{"type":"Feature","geometry":{"type":"LineString","coordinates":[[-97.7347692,30.2891893],[-97.7348139,30.289214],[-97.7349356,30.2892269],[-97.7350185,30.2892331],[-97.7358368,30.2892946]]},"properties":{"k":"path","u":"footway","s":"concrete","w":2.4,"wt":0}},{"type":"Feature","geometry":{"type":"LineString","coordinates":[[-97.737659,30.2856974],[-97.7376573,30.285713]]},"properties":{"k":"path","u":"footway","s":"concrete","w":2.4,"wt":0}},{"type":"Feature","geometry":{"type":"LineString","coordinates":[[-97.7376562,30.2857227],[-97.7376535,30.2857477]]},"properties":{"k":"path","u":"footway","s":"concrete","w":2.4,"wt":0}},{"type":"Feature","geometry":{"type":"LineString","coordinates":[[-97.7376573,30.285713],[-97.7376562,30.2857227]]},"properties":{"k":"path","u":"steps","s":"concrete","w":3.0,"wt":0}},{"type":"Feature","geometry":{"type":"LineString","coordinates":[[-97.7376634,30.2856574],[-97.7376606,30.2856831]]},"properties":{"k":"path","u":"footway","s":"concrete","w":2.4,"wt":0}},{"type":"Feature","geometry":{"type":"LineString","coordinates":[[-97.7376606,30.2856831],[-97.737659,30.2856974]]},"properties":{"k":"path","u":"steps","s":"concrete","w":3.0,"wt":0}},{"type":"Feature","geometry":{"type":"LineString","coordinates":[[-97.7362169,30.2868444],[-97.7362613,30.2868487]]},"properties":{"k":"path","u":"steps","s":"concrete","w":3.0,"wt":0}},{"type":"Feature","geometry":{"type":"LineString","coordinates":[[-97.7365192,30.2872942],[-97.736528,30.2872184],[-97.7365386,30.2871335]]},"properties":{"k":"path","u":"footway","s":"concrete","w":2.4,"wt":0}},{"type":"Feature","geometry":{"type":"LineString","coordinates":[[-97.7371008,30.2866219],[-97.7367828,30.2865957],[-97.7366951,30.2865885]]},"properties":{"k":"path","u":"footway","s":"concrete","w":2.4,"wt":0}},{"type":"Feature","geometry":{"type":"LineString","coordinates":[[-97.739723,30.2848715],[-97.7398544,30.2848797]]},"properties":{"k":"path","u":"footway","s":"concrete","w":2.4,"wt":0}},{"type":"Feature","geometry":{"type":"LineString","coordinates":[[-97.732995,30.2814528],[-97.7329307,30.2814386]]},"properties":{"k":"path","u":"footway","s":"concrete","w":2.4,"wt":0}},{"type":"Feature","geometry":{"type":"LineString","coordinates":[[-97.7330145,30.2813649],[-97.7330101,30.2813836]]},"properties":{"k":"path","u":"steps","s":"concrete","w":3.0,"wt":0}},{"type":"Feature","geometry":{"type":"LineString","coordinates":[[-97.7330175,30.281352],[-97.7330145,30.2813649]]},"properties":{"k":"path","u":"footway","s":"concrete","w":2.4,"wt":0}},{"type":"Feature","geometry":{"type":"LineString","coordinates":[[-97.7330101,30.2813836],[-97.732995,30.2814528],[-97.73309,30.2815604]]},"properties":{"k":"path","u":"footway","s":"concrete","w":2.4,"wt":0}},{"type":"Feature","geometry":{"type":"LineString","coordinates":[[-97.7361794,30.2870921],[-97.7361932,30.2870921]]},"properties":{"k":"path","u":"footway","s":"concrete","w":2.4,"wt":0}},{"type":"Feature","geometry":{"type":"LineString","coordinates":[[-97.7334423,30.2873188],[-97.7334094,30.2873446],[-97.7333252,30.2875301]]},"properties":{"k":"path","u":"footway","s":"concrete","w":2.4,"wt":0}},{"type":"Feature","geometry":{"type":"LineString","coordinates":[[-97.7375159,30.2849381],[-97.7374348,30.2849288]]},"properties":{"k":"path","u":"steps","s":"concrete","w":3.0,"wt":0}},{"type":"Feature","geometry":{"type":"LineString","coordinates":[[-97.737483,30.285266],[-97.7374461,30.2852629]]},"properties":{"k":"path","u":"steps","s":"concrete","w":3.0,"wt":0}},{"type":"Feature","geometry":{"type":"LineString","coordinates":[[-97.7372481,30.2852431],[-97.7373996,30.2852589],[-97.7374461,30.2852629]]},"properties":{"k":"path","u":"footway","s":"concrete","w":2.4,"wt":0}},{"type":"Feature","geometry":{"type":"LineString","coordinates":[[-97.7389819,30.2859798],[-97.7387757,30.2859614]]},"properties":{"k":"path","u":"footway","s":"concrete","w":2.4,"wt":0}},{"type":"Feature","geometry":{"type":"LineString","coordinates":[[-97.73997,30.2845911],[-97.7400137,30.2845579]]},"properties":{"k":"path","u":"footway","s":"concrete","w":2.4,"wt":0}},{"type":"Feature","geometry":{"type":"LineString","coordinates":[[-97.7397379,30.2847428],[-97.7400988,30.2847713],[-97.7401143,30.2846028],[-97.73997,30.2845911],[-97.7397576,30.2845729]]},"properties":{"k":"path","u":"footway","s":"concrete","w":2.4,"wt":0}},{"type":"Feature","geometry":{"type":"LineString","coordinates":[[-97.7365561,30.2865704],[-97.7362471,30.286545]]},"properties":{"k":"path","u":"footway","s":"concrete","w":2.4,"wt":0}},{"type":"Feature","geometry":{"type":"LineString","coordinates":[[-97.7367828,30.2865957],[-97.7367912,30.286529]]},"properties":{"k":"path","u":"footway","s":"concrete","w":2.4,"wt":0}},{"type":"Feature","geometry":{"type":"LineString","coordinates":[[-97.7368594,30.2869001],[-97.7370698,30.2869179]]},"properties":{"k":"path","u":"footway","s":"concrete","w":2.4,"wt":0}},{"type":"Feature","geometry":{"type":"LineString","coordinates":[[-97.7344915,30.2894435],[-97.734521,30.2894457]]},"properties":{"k":"path","u":"footway","s":"concrete","w":2.4,"wt":0}},{"type":"Feature","geometry":{"type":"LineString","coordinates":[[-97.7344915,30.2894435],[-97.7344936,30.2894202]]},"properties":{"k":"path","u":"footway","s":"concrete","w":2.4,"wt":0}},{"type":"Feature","geometry":{"type":"LineString","coordinates":[[-97.7344724,30.2894535],[-97.7344915,30.2894435]]},"properties":{"k":"path","u":"footway","s":"concrete","w":2.4,"wt":0}},{"type":"Feature","geometry":{"type":"LineString","coordinates":[[-97.7345129,30.289206],[-97.7345158,30.2891745]]},"properties":{"k":"path","u":"footway","s":"concrete","w":2.4,"wt":0}},{"type":"Feature","geometry":{"type":"LineString","coordinates":[[-97.7345158,30.2891745],[-97.7344986,30.2891622]]},"properties":{"k":"path","u":"footway","s":"concrete","w":2.4,"wt":0}},{"type":"Feature","geometry":{"type":"LineString","coordinates":[[-97.7345158,30.2891745],[-97.7345425,30.2891758]]},"properties":{"k":"path","u":"footway","s":"concrete","w":2.4,"wt":0}},{"type":"Feature","geometry":{"type":"LineString","coordinates":[[-97.7408739,30.2918745],[-97.7408785,30.2918229]]},"properties":{"k":"path","u":"footway","s":"concrete","w":2.4,"wt":0}},{"type":"Feature","geometry":{"type":"LineString","coordinates":[[-97.7402138,30.2915213],[-97.7402497,30.2915233]]},"properties":{"k":"path","u":"footway","s":"concrete","w":2.4,"wt":0}},{"type":"Feature","geometry":{"type":"LineString","coordinates":[[-97.7374348,30.2849288],[-97.7372806,30.2849072]]},"properties":{"k":"path","u":"footway","s":"concrete","w":2.4,"wt":0}},{"type":"Feature","geometry":{"type":"LineString","coordinates":[[-97.7373781,30.2854603],[-97.7373996,30.2852589]]},"properties":{"k":"path","u":"footway","s":"concrete","w":2.4,"wt":0}},{"type":"Feature","geometry":{"type":"LineString","coordinates":[[-97.7338647,30.2887268],[-97.7338219,30.2887172]]},"properties":{"k":"path","u":"footway","s":"concrete","w":2.4,"wt":0}},{"type":"Feature","geometry":{"type":"LineString","coordinates":[[-97.732546,30.2780384],[-97.7325278,30.2780333]]},"properties":{"k":"path","u":"footway","s":"concrete","w":2.4,"wt":0}},{"type":"Feature","geometry":{"type":"LineString","coordinates":[[-97.7324489,30.2780114],[-97.7324287,30.2780059]]},"properties":{"k":"path","u":"footway","s":"concrete","w":2.4,"wt":0}},{"type":"Feature","geometry":{"type":"LineString","coordinates":[[-97.7393836,30.2819619],[-97.7393899,30.2818766]]},"properties":{"k":"path","u":"footway","s":"concrete","w":2.4,"wt":0}},{"type":"Feature","geometry":{"type":"LineString","coordinates":[[-97.7407106,30.2773788],[-97.7407065,30.2774064]]},"properties":{"k":"path","u":"footway","s":"concrete","w":2.4,"wt":0}},{"type":"Feature","geometry":{"type":"LineString","coordinates":[[-97.7291831,30.2881382],[-97.729167,30.2881543]]},"properties":{"k":"path","u":"footway","s":"concrete","w":2.4,"wt":0}},{"type":"Feature","geometry":{"type":"LineString","coordinates":[[-97.7292002,30.2881523],[-97.7291831,30.2881382]]},"properties":{"k":"path","u":"footway","s":"concrete","w":2.4,"wt":0}},{"type":"Feature","geometry":{"type":"LineString","coordinates":[[-97.7291831,30.2881382],[-97.7291829,30.2881238]]},"properties":{"k":"path","u":"footway","s":"concrete","w":2.4,"wt":0}},{"type":"Feature","geometry":{"type":"LineString","coordinates":[[-97.7291114,30.288531],[-97.7290986,30.2885191]]},"properties":{"k":"path","u":"footway","s":"concrete","w":2.4,"wt":0}},{"type":"Feature","geometry":{"type":"LineString","coordinates":[[-97.729124,30.2885192],[-97.7291114,30.288531]]},"properties":{"k":"path","u":"footway","s":"concrete","w":2.4,"wt":0}},{"type":"Feature","geometry":{"type":"LineString","coordinates":[[-97.7297069,30.2890366],[-97.7298799,30.2891239],[-97.7300314,30.2891829],[-97.7301998,30.2892406]]},"properties":{"k":"path","u":"footway","s":"concrete","w":2.4,"wt":0}},{"type":"Feature","geometry":{"type":"LineString","coordinates":[[-97.7274021,30.2805386],[-97.7274045,30.2805329]]},"properties":{"k":"path","u":"footway","s":"concrete","w":2.4,"wt":0}},{"type":"Feature","geometry":{"type":"LineString","coordinates":[[-97.7273394,30.281288],[-97.7273063,30.2812889]]},"properties":{"k":"path","u":"steps","s":"concrete","w":3.0,"wt":0}},{"type":"Feature","geometry":{"type":"LineString","coordinates":[[-97.7273326,30.2811918],[-97.7272971,30.2811929]]},"properties":{"k":"path","u":"steps","s":"concrete","w":3.0,"wt":0}},{"type":"Feature","geometry":{"type":"LineString","coordinates":[[-97.7272201,30.2812719],[-97.7271789,30.2812748]]},"properties":{"k":"path","u":"steps","s":"paving","w":3.0,"wt":0}},{"type":"Feature","geometry":{"type":"LineString","coordinates":[[-97.7272161,30.2812213],[-97.727178,30.281223]]},"properties":{"k":"path","u":"steps","s":"paving","w":3.0,"wt":0}},{"type":"Feature","geometry":{"type":"LineString","coordinates":[[-97.7272215,30.2812931],[-97.7272201,30.2812719],[-97.7272161,30.2812213],[-97.7272143,30.281198]]},"properties":{"k":"path","u":"footway","s":"concrete","w":2.4,"wt":0}},{"type":"Feature","geometry":{"type":"LineString","coordinates":[[-97.7272215,30.2812931],[-97.7273063,30.2812889]]},"properties":{"k":"path","u":"footway","s":"concrete","w":2.4,"wt":0}},{"type":"Feature","geometry":{"type":"LineString","coordinates":[[-97.7272971,30.2811929],[-97.7272143,30.281198]]},"properties":{"k":"path","u":"footway","s":"concrete","w":2.4,"wt":0}},{"type":"Feature","geometry":{"type":"LineString","coordinates":[[-97.7273326,30.2811918],[-97.7273544,30.2811904],[-97.7274871,30.2811817]]},"properties":{"k":"path","u":"footway","s":"paving","w":2.4,"wt":0}},{"type":"Feature","geometry":{"type":"LineString","coordinates":[[-97.7273394,30.281288],[-97.7273626,30.2812868],[-97.7274992,30.2812799]]},"properties":{"k":"path","u":"footway","s":"paving","w":2.4,"wt":0}},{"type":"Feature","geometry":{"type":"LineString","coordinates":[[-97.7273111,30.2811106],[-97.7274329,30.2810998]]},"properties":{"k":"path","u":"footway","s":"paving","w":2.4,"wt":0}},{"type":"Feature","geometry":{"type":"LineString","coordinates":[[-97.7259358,30.2813149],[-97.7259431,30.281404],[-97.7259869,30.2814015],[-97.7259986,30.2815127],[-97.7260222,30.2815112],[-97.7260211,30.2815005]]},"properties":{"k":"path","u":"footway","s":"paving","w":2.4,"wt":0}},{"type":"Feature","geometry":{"type":"LineString","coordinates":[[-97.7260211,30.2815005],[-97.7260182,30.2814697]]},"properties":{"k":"path","u":"steps","s":"paving","w":3.0,"wt":0}},{"type":"Feature","geometry":{"type":"LineString","coordinates":[[-97.7260182,30.2814697],[-97.7260174,30.2814563],[-97.7260299,30.2814557]]},"properties":{"k":"path","u":"footway","s":"paving","w":2.4,"wt":0}},{"type":"Feature","geometry":{"type":"LineString","coordinates":[[-97.7260299,30.2814557],[-97.7260739,30.2814534]]},"properties":{"k":"path","u":"steps","s":"paving","w":3.0,"wt":0}},{"type":"Feature","geometry":{"type":"LineString","coordinates":[[-97.7260739,30.2814534],[-97.7260869,30.2814525],[-97.7260826,30.2813889],[-97.7260785,30.2813389],[-97.7260754,30.2813007],[-97.7260651,30.2811744],[-97.7260522,30.2811749]]},"properties":{"k":"path","u":"footway","s":"paving","w":2.4,"wt":0}},{"type":"Feature","geometry":{"type":"LineString","coordinates":[[-97.7260522,30.2811749],[-97.7260061,30.2811772]]},"properties":{"k":"path","u":"steps","s":"paving","w":3.0,"wt":0}},{"type":"Feature","geometry":{"type":"LineString","coordinates":[[-97.7260061,30.2811772],[-97.7259921,30.281178],[-97.7259914,30.2811713]]},"properties":{"k":"path","u":"footway","s":"paving","w":2.4,"wt":0}},{"type":"Feature","geometry":{"type":"LineString","coordinates":[[-97.7260754,30.2813007],[-97.7261501,30.2812977]]},"properties":{"k":"path","u":"footway","s":"paving","w":2.4,"wt":0}},{"type":"Feature","geometry":{"type":"LineString","coordinates":[[-97.7261545,30.2813352],[-97.7260785,30.2813389]]},"properties":{"k":"path","u":"footway","s":"paving","w":2.4,"wt":0}},{"type":"Feature","geometry":{"type":"LineString","coordinates":[[-97.7261545,30.2813352],[-97.7261799,30.2813333]]},"properties":{"k":"path","u":"steps","s":"paving","w":3.0,"wt":0}},{"type":"Feature","geometry":{"type":"LineString","coordinates":[[-97.7261501,30.2812977],[-97.7261769,30.281296]]},"properties":{"k":"path","u":"steps","s":"paving","w":3.0,"wt":0}},{"type":"Feature","geometry":{"type":"LineString","coordinates":[[-97.7261799,30.2813333],[-97.726197,30.2813325],[-97.7265827,30.2813098]]},"properties":{"k":"path","u":"footway","s":"paving","w":2.4,"wt":0}},{"type":"Feature","geometry":{"type":"LineString","coordinates":[[-97.7265827,30.2813098],[-97.7266096,30.2813084]]},"properties":{"k":"path","u":"steps","s":"paving","w":3.0,"wt":0}},{"type":"Feature","geometry":{"type":"LineString","coordinates":[[-97.7265854,30.2812707],[-97.7261769,30.281296]]},"properties":{"k":"path","u":"footway","s":"paving","w":2.4,"wt":0}},{"type":"Feature","geometry":{"type":"LineString","coordinates":[[-97.7265854,30.2812707],[-97.7266112,30.2812692]]},"properties":{"k":"path","u":"steps","s":"paving","w":3.0,"wt":0}},{"type":"Feature","geometry":{"type":"LineString","coordinates":[[-97.7267732,30.2812983],[-97.7271789,30.2812748]]},"properties":{"k":"path","u":"footway","s":"paving","w":2.4,"wt":0}},{"type":"Feature","geometry":{"type":"LineString","coordinates":[[-97.727178,30.281223],[-97.7267692,30.281244]]},"properties":{"k":"path","u":"footway","s":"paving","w":2.4,"wt":0}},{"type":"Feature","geometry":{"type":"LineString","coordinates":[[-97.7267732,30.2812983],[-97.7267442,30.2813001]]},"properties":{"k":"path","u":"steps","s":"paving","w":3.0,"wt":0}},{"type":"Feature","geometry":{"type":"LineString","coordinates":[[-97.7267692,30.281244],[-97.7267435,30.2812455]]},"properties":{"k":"path","u":"steps","s":"paving","w":3.0,"wt":0}},{"type":"Feature","geometry":{"type":"LineString","coordinates":[[-97.7267376,30.2813232],[-97.7267357,30.2813004],[-97.7267312,30.2812463],[-97.7267293,30.2812236],[-97.7266215,30.2812303],[-97.7266247,30.2812684],[-97.726628,30.2813078],[-97.7266298,30.2813299],[-97.7267376,30.2813232]]},"properties":{"k":"path","u":"footway","s":"paving","w":2.4,"wt":0}},{"type":"Feature","geometry":{"type":"LineString","coordinates":[[-97.7267442,30.2813001],[-97.7267357,30.2813004]]},"properties":{"k":"path","u":"footway","s":"paving","w":2.4,"wt":0}},{"type":"Feature","geometry":{"type":"LineString","coordinates":[[-97.7267435,30.2812455],[-97.7267312,30.2812463]]},"properties":{"k":"path","u":"footway","s":"paving","w":2.4,"wt":0}},{"type":"Feature","geometry":{"type":"LineString","coordinates":[[-97.7266096,30.2813084],[-97.726628,30.2813078]]},"properties":{"k":"path","u":"footway","s":"paving","w":2.4,"wt":0}},{"type":"Feature","geometry":{"type":"LineString","coordinates":[[-97.7266112,30.2812692],[-97.7266247,30.2812684]]},"properties":{"k":"path","u":"footway","s":"paving","w":2.4,"wt":0}},{"type":"Feature","geometry":{"type":"LineString","coordinates":[[-97.7273403,30.279628],[-97.7273321,30.2796299]]},"properties":{"k":"path","u":"footway","s":"concrete","w":2.4,"wt":0}},{"type":"Feature","geometry":{"type":"LineString","coordinates":[[-97.727195,30.2796624],[-97.7271868,30.2796643]]},"properties":{"k":"path","u":"footway","s":"concrete","w":2.4,"wt":0}},{"type":"Feature","geometry":{"type":"LineString","coordinates":[[-97.7273403,30.279628],[-97.7273422,30.2796356]]},"properties":{"k":"path","u":"footway","s":"concrete","w":2.4,"wt":0}},{"type":"Feature","geometry":{"type":"LineString","coordinates":[[-97.7273728,30.2797555],[-97.7273747,30.2797631]]},"properties":{"k":"path","u":"footway","s":"concrete","w":2.4,"wt":0}},{"type":"Feature","geometry":{"type":"LineString","coordinates":[[-97.7273737,30.2801148],[-97.7273943,30.2801194]]},"properties":{"k":"path","u":"steps","s":"paving","w":3.0,"wt":0}},{"type":"Feature","geometry":{"type":"LineString","coordinates":[[-97.7273737,30.2801148],[-97.7273373,30.2801043]]},"properties":{"k":"path","u":"footway","s":"concrete","w":2.4,"wt":0}},{"type":"Feature","geometry":{"type":"LineString","coordinates":[[-97.7273943,30.2801194],[-97.7274009,30.2801213],[-97.7273105,30.2803306],[-97.7272684,30.2803186]]},"properties":{"k":"path","u":"footway","s":"concrete","w":2.4,"wt":0}},{"type":"Feature","geometry":{"type":"LineString","coordinates":[[-97.7275854,30.2792846],[-97.7276221,30.2792048],[-97.7275385,30.279181]]},"properties":{"k":"path","u":"footway","s":"concrete","w":2.4,"wt":0}},{"type":"Feature","geometry":{"type":"LineString","coordinates":[[-97.726104,30.2830633],[-97.726113,30.283062]]},"properties":{"k":"path","u":"footway","s":"concrete","w":2.4,"wt":0}},{"type":"Feature","geometry":{"type":"LineString","coordinates":[[-97.726113,30.283062],[-97.7260261,30.2826636]]},"properties":{"k":"path","u":"footway","s":"concrete","w":2.4,"wt":0}},{"type":"Feature","geometry":{"type":"LineString","coordinates":[[-97.7260261,30.2826636],[-97.7260203,30.2826401],[-97.7260117,30.2825972]]},"properties":{"k":"path","u":"footway","s":"concrete","w":2.4,"wt":0}},{"type":"Feature","geometry":{"type":"LineString","coordinates":[[-97.7320347,30.2808179],[-97.7319523,30.2806861]]},"properties":{"k":"path","u":"footway","s":"asphalt","w":2.4,"wt":0}},{"type":"Feature","geometry":{"type":"LineString","coordinates":[[-97.7320347,30.2808179],[-97.7320402,30.2808194]]},"properties":{"k":"path","u":"footway","s":"asphalt","w":2.4,"wt":0}},{"type":"Feature","geometry":{"type":"LineString","coordinates":[[-97.7320611,30.2808227],[-97.7320734,30.280825]]},"properties":{"k":"path","u":"footway","s":"concrete","w":2.4,"wt":0}},{"type":"Feature","geometry":{"type":"LineString","coordinates":[[-97.7320501,30.2807612],[-97.7319689,30.2806305]]},"properties":{"k":"path","u":"footway","s":"asphalt","w":2.4,"wt":0}},{"type":"Feature","geometry":{"type":"LineString","coordinates":[[-97.7320501,30.2807612],[-97.7320625,30.2807636]]},"properties":{"k":"path","u":"footway","s":"asphalt","w":2.4,"wt":0}},{"type":"Feature","geometry":{"type":"LineString","coordinates":[[-97.732078,30.2807667],[-97.7320904,30.2807691]]},"properties":{"k":"path","u":"footway","s":"concrete","w":2.4,"wt":0}},{"type":"Feature","geometry":{"type":"LineString","coordinates":[[-97.7318151,30.2809084],[-97.7318022,30.2809052]]},"properties":{"k":"path","u":"footway","s":"concrete","w":2.4,"wt":0}},{"type":"Feature","geometry":{"type":"LineString","coordinates":[[-97.7319753,30.2810124],[-97.7319808,30.2810049]]},"properties":{"k":"path","u":"footway","s":"concrete","w":2.4,"wt":0}},{"type":"Feature","geometry":{"type":"LineString","coordinates":[[-97.7326576,30.2797151],[-97.7325526,30.2796931]]},"properties":{"k":"path","u":"footway","s":"asphalt","w":2.4,"wt":0}},{"type":"Feature","geometry":{"type":"LineString","coordinates":[[-97.7326715,30.2796687],[-97.7325664,30.2796456]]},"properties":{"k":"path","u":"footway","s":"asphalt","w":2.4,"wt":0}},{"type":"Feature","geometry":{"type":"LineString","coordinates":[[-97.7341602,30.2832858],[-97.7341593,30.2832786]]},"properties":{"k":"path","u":"footway","s":"concrete","w":2.4,"wt":0}},{"type":"Feature","geometry":{"type":"LineString","coordinates":[[-97.7341427,30.2831417],[-97.7341418,30.2831345]]},"properties":{"k":"path","u":"footway","s":"concrete","w":2.4,"wt":0}},{"type":"Feature","geometry":{"type":"LineString","coordinates":[[-97.7341602,30.2832858],[-97.7341498,30.2832858]]},"properties":{"k":"path","u":"footway","s":"concrete","w":2.4,"wt":0}},{"type":"Feature","geometry":{"type":"LineString","coordinates":[[-97.7339612,30.2832846],[-97.733846,30.2832886]]},"properties":{"k":"path","u":"footway","s":"concrete","w":2.4,"wt":0}},{"type":"Feature","geometry":{"type":"LineString","coordinates":[[-97.7338242,30.2831376],[-97.7339216,30.2831367]]},"properties":{"k":"path","u":"footway","s":"concrete","w":2.4,"wt":0}},{"type":"Feature","geometry":{"type":"LineString","coordinates":[[-97.7341314,30.2831345],[-97.7341418,30.2831345]]},"properties":{"k":"path","u":"footway","s":"concrete","w":2.4,"wt":0}},{"type":"Feature","geometry":{"type":"LineString","coordinates":[[-97.7339713,30.282114],[-97.7339879,30.2821152]]},"properties":{"k":"path","u":"steps","s":"concrete","w":3.0,"wt":0}},{"type":"Feature","geometry":{"type":"LineString","coordinates":[[-97.7349981,30.2821146],[-97.7350631,30.2820848],[-97.7350796,30.2820817],[-97.7350957,30.282083]]},"properties":{"k":"path","u":"footway","s":"concrete","w":2.4,"wt":0}},{"type":"Feature","geometry":{"type":"LineString","coordinates":[[-97.7352003,30.2820917],[-97.7352573,30.2820965]]},"properties":{"k":"path","u":"footway","s":"concrete","w":2.4,"wt":0}},{"type":"Feature","geometry":{"type":"LineString","coordinates":[[-97.7282754,30.2897244],[-97.7285957,30.2892177],[-97.7286396,30.2891427],[-97.7285627,30.2891053]]},"properties":{"k":"path","u":"footway","s":"concrete","w":2.4,"wt":0}},{"type":"Feature","geometry":{"type":"LineString","coordinates":[[-97.7360673,30.2859338],[-97.7360451,30.2859327],[-97.7360358,30.2859323]]},"properties":{"k":"path","u":"footway","s":"concrete","w":2.4,"wt":0}},{"type":"Feature","geometry":{"type":"LineString","coordinates":[[-97.7360824,30.2859346],[-97.7360673,30.2859338]]},"properties":{"k":"path","u":"steps","s":"concrete","w":3.0,"wt":0}},{"type":"Feature","geometry":{"type":"LineString","coordinates":[[-97.7360451,30.2859327],[-97.7360427,30.2859566]]},"properties":{"k":"path","u":"footway","s":"concrete","w":2.4,"wt":0}},{"type":"Feature","geometry":{"type":"LineString","coordinates":[[-97.7361494,30.285876],[-97.7361444,30.2859395],[-97.7360824,30.2859346]]},"properties":{"k":"path","u":"footway","s":"concrete","w":2.4,"wt":0}},{"type":"Feature","geometry":{"type":"LineString","coordinates":[[-97.7360373,30.2860041],[-97.7360427,30.2859566]]},"properties":{"k":"path","u":"steps","s":"concrete","w":3.0,"wt":0}},{"type":"Feature","geometry":{"type":"LineString","coordinates":[[-97.7360194,30.2862104],[-97.7360373,30.2860041]]},"properties":{"k":"path","u":"footway","s":"concrete","w":2.4,"wt":0}},{"type":"Feature","geometry":{"type":"LineString","coordinates":[[-97.7362613,30.2868487],[-97.7362509,30.2869656],[-97.7362057,30.2869615]]},"properties":{"k":"path","u":"footway","s":"concrete","w":2.4,"wt":0}},{"type":"Feature","geometry":{"type":"LineString","coordinates":[[-97.7362613,30.2868487],[-97.7362684,30.2868494]]},"properties":{"k":"path","u":"footway","s":"concrete","w":2.4,"wt":0}},{"type":"Feature","geometry":{"type":"LineString","coordinates":[[-97.7369325,30.2882231],[-97.7368386,30.2882137],[-97.7366657,30.288202],[-97.7362971,30.2881772],[-97.7358752,30.2881487]]},"properties":{"k":"path","u":"footway","s":"concrete","w":2.4,"wt":0}},{"type":"Feature","geometry":{"type":"LineString","coordinates":[[-97.7368633,30.2878768],[-97.7368386,30.2882137]]},"properties":{"k":"path","u":"footway","s":"concrete","w":2.4,"wt":0}},{"type":"Feature","geometry":{"type":"LineString","coordinates":[[-97.7357113,30.2903504],[-97.7357692,30.2903575]]},"properties":{"k":"path","u":"footway","s":"concrete","w":2.4,"wt":0}},{"type":"Feature","geometry":{"type":"LineString","coordinates":[[-97.7364841,30.2904183],[-97.7366168,30.2904247]]},"properties":{"k":"path","u":"footway","s":"concrete","w":2.4,"wt":0}},{"type":"Feature","geometry":{"type":"LineString","coordinates":[[-97.735634,30.289756],[-97.7356582,30.2895006]]},"properties":{"k":"path","u":"footway","s":"concrete","w":2.4,"wt":0}},{"type":"Feature","geometry":{"type":"LineString","coordinates":[[-97.7351068,30.2878666],[-97.7350987,30.287936]]},"properties":{"k":"path","u":"footway","s":"concrete","w":2.4,"wt":0}},{"type":"Feature","geometry":{"type":"LineString","coordinates":[[-97.7358066,30.2887997],[-97.7355877,30.2887801]]},"properties":{"k":"path","u":"footway","s":"concrete","w":2.4,"wt":0}},{"type":"Feature","geometry":{"type":"LineString","coordinates":[[-97.7359165,30.2891654],[-97.7359143,30.2891898]]},"properties":{"k":"path","u":"steps","s":"concrete","w":3.0,"wt":0}},{"type":"Feature","geometry":{"type":"LineString","coordinates":[[-97.7359292,30.2890197],[-97.7359165,30.2891654]]},"properties":{"k":"path","u":"footway","s":"concrete","w":2.4,"wt":0}},{"type":"Feature","geometry":{"type":"LineString","coordinates":[[-97.7359359,30.2889428],[-97.7359292,30.2890197]]},"properties":{"k":"path","u":"steps","s":"concrete","w":3.0,"wt":0}},{"type":"Feature","geometry":{"type":"LineString","coordinates":[[-97.7357966,30.288906],[-97.7359139,30.288912],[-97.73594,30.2889142]]},"properties":{"k":"path","u":"footway","s":"concrete","w":2.4,"wt":0}},{"type":"Feature","geometry":{"type":"LineString","coordinates":[[-97.7358547,30.2883208],[-97.7358299,30.2883193],[-97.7356463,30.2883076]]},"properties":{"k":"path","u":"footway","s":"concrete","w":2.4,"wt":0}},{"type":"Feature","geometry":{"type":"LineString","coordinates":[[-97.7368875,30.2876376],[-97.7369945,30.2876444]]},"properties":{"k":"path","u":"footway","s":"concrete","w":2.4,"wt":0}},{"type":"Feature","geometry":{"type":"LineString","coordinates":[[-97.736634,30.2873758],[-97.7366312,30.2873932]]},"properties":{"k":"path","u":"footway","s":"concrete","w":2.4,"wt":0}},{"type":"Feature","geometry":{"type":"LineString","coordinates":[[-97.7364527,30.2874425],[-97.7365515,30.2874519]]},"properties":{"k":"path","u":"footway","s":"concrete","w":2.4,"wt":0}},{"type":"Feature","geometry":{"type":"LineString","coordinates":[[-97.7358861,30.2881299],[-97.7358752,30.2881487]]},"properties":{"k":"path","u":"footway","s":"concrete","w":2.4,"wt":0}},{"type":"Feature","geometry":{"type":"LineString","coordinates":[[-97.7359232,30.2876406],[-97.7359656,30.2876429]]},"properties":{"k":"path","u":"footway","s":"concrete","w":2.4,"wt":0}},{"type":"Feature","geometry":{"type":"LineString","coordinates":[[-97.735924,30.287625],[-97.7359232,30.2876406]]},"properties":{"k":"path","u":"footway","s":"concrete","w":2.4,"wt":0}},{"type":"Feature","geometry":{"type":"LineString","coordinates":[[-97.7359232,30.2876406],[-97.7359134,30.2879136],[-97.7358861,30.2881299]]},"properties":{"k":"path","u":"footway","s":"concrete","w":2.4,"wt":0}},{"type":"Feature","geometry":{"type":"LineString","coordinates":[[-97.7364274,30.2876691],[-97.7359656,30.2876429]]},"properties":{"k":"path","u":"steps","s":"concrete","w":3.0,"wt":0}},{"type":"Feature","geometry":{"type":"LineString","coordinates":[[-97.7364258,30.287683],[-97.7364216,30.2877229]]},"properties":{"k":"path","u":"steps","s":"concrete","w":3.0,"wt":0}},{"type":"Feature","geometry":{"type":"LineString","coordinates":[[-97.736418,30.2877639],[-97.7364216,30.2877229]]},"properties":{"k":"path","u":"footway","s":"concrete","w":2.4,"wt":0}},{"type":"Feature","geometry":{"type":"LineString","coordinates":[[-97.7365647,30.2878724],[-97.7365667,30.2878548],[-97.7365744,30.2877746]]},"properties":{"k":"path","u":"footway","s":"concrete","w":2.4,"wt":0}},{"type":"Feature","geometry":{"type":"LineString","coordinates":[[-97.7364137,30.2876272],[-97.7364318,30.2876297]]},"properties":{"k":"path","u":"footway","s":"concrete","w":2.4,"wt":0}},{"type":"Feature","geometry":{"type":"LineString","coordinates":[[-97.7364611,30.287367],[-97.7364527,30.2874425],[-97.7364318,30.2876297],[-97.7364274,30.2876691],[-97.7364258,30.287683]]},"properties":{"k":"path","u":"footway","s":"concrete","w":2.4,"wt":0}},{"type":"Feature","geometry":{"type":"LineString","coordinates":[[-97.7362387,30.2866287],[-97.7359803,30.2866075],[-97.7359925,30.2864757],[-97.7359374,30.2864673],[-97.7359631,30.2862057]]},"properties":{"k":"path","u":"footway","s":"concrete","w":2.4,"wt":0}},{"type":"Feature","geometry":{"type":"LineString","coordinates":[[-97.7360462,30.2873364],[-97.736043,30.2873851]]},"properties":{"k":"path","u":"steps","s":"concrete","w":3.0,"wt":0}},{"type":"Feature","geometry":{"type":"LineString","coordinates":[[-97.736043,30.2873851],[-97.7360406,30.2874224]]},"properties":{"k":"path","u":"footway","s":"concrete","w":2.4,"wt":0}},{"type":"Feature","geometry":{"type":"LineString","coordinates":[[-97.7362191,30.2873497],[-97.7362126,30.2873978],[-97.736043,30.2873851]]},"properties":{"k":"path","u":"footway","s":"concrete","w":2.4,"wt":0}},{"type":"Feature","geometry":{"type":"LineString","coordinates":[[-97.7402674,30.2887162],[-97.7401766,30.2887123]]},"properties":{"k":"path","u":"footway","s":"concrete","w":2.4,"wt":0}},{"type":"Feature","geometry":{"type":"LineString","coordinates":[[-97.7404099,30.2877043],[-97.7403601,30.2876991]]},"properties":{"k":"path","u":"footway","s":"concrete","w":2.4,"wt":0}},{"type":"Feature","geometry":{"type":"LineString","coordinates":[[-97.7404006,30.2875003],[-97.7404049,30.2874724]]},"properties":{"k":"path","u":"footway","s":"concrete","w":2.4,"wt":0}},{"type":"Feature","geometry":{"type":"LineString","coordinates":[[-97.7405334,30.2888567],[-97.7405282,30.2889]]},"properties":{"k":"path","u":"steps","s":"concrete","w":3.0,"wt":0}},{"type":"Feature","geometry":{"type":"LineString","coordinates":[[-97.7405425,30.2887806],[-97.7405334,30.2888567]]},"properties":{"k":"path","u":"footway","s":"concrete","w":2.4,"wt":0}},{"type":"Feature","geometry":{"type":"LineString","coordinates":[[-97.7402102,30.2893926],[-97.7401592,30.2894238],[-97.7401136,30.2894429],[-97.7400559,30.289462],[-97.7399976,30.2894788],[-97.7399559,30.2894928]]},"properties":{"k":"path","u":"footway","s":"concrete","w":2.4,"wt":0}},{"type":"Feature","geometry":{"type":"LineString","coordinates":[[-97.7401014,30.2890872],[-97.7401753,30.2891349],[-97.7402008,30.2891633],[-97.7402285,30.2892082]]},"properties":{"k":"path","u":"footway","s":"concrete","w":2.4,"wt":0}},{"type":"Feature","geometry":{"type":"LineString","coordinates":[[-97.7359803,30.2866075],[-97.7359776,30.2866415],[-97.7359322,30.2866381]]},"properties":{"k":"path","u":"footway","s":"concrete","w":2.4,"wt":0}},{"type":"Feature","geometry":{"type":"LineString","coordinates":[[-97.7315661,30.2860614],[-97.731615,30.2861813]]},"properties":{"k":"path","u":"footway","s":"concrete","w":2.4,"wt":0}},{"type":"Feature","geometry":{"type":"LineString","coordinates":[[-97.7315661,30.2860614],[-97.7315748,30.2859458]]},"properties":{"k":"path","u":"steps","s":"concrete","w":3.0,"wt":0}},{"type":"Feature","geometry":{"type":"LineString","coordinates":[[-97.7315587,30.2862638],[-97.7315144,30.2862461],[-97.7315459,30.2859688],[-97.7315748,30.2859458]]},"properties":{"k":"path","u":"footway","s":"concrete","w":2.4,"wt":0}},{"type":"Feature","geometry":{"type":"LineString","coordinates":[[-97.7393398,30.2839576],[-97.7393509,30.2838684],[-97.7393278,30.2838665],[-97.7393058,30.2840818]]},"properties":{"k":"path","u":"footway","s":"concrete","w":2.4,"wt":0}},{"type":"Feature","geometry":{"type":"LineString","coordinates":[[-97.7392659,30.2840352],[-97.7392838,30.2838525],[-97.7391383,30.2838411],[-97.7390196,30.2838318],[-97.7387415,30.28381]]},"properties":{"k":"path","u":"footway","s":"concrete","w":2.4,"wt":0}},{"type":"Feature","geometry":{"type":"LineString","coordinates":[[-97.7392654,30.2840412],[-97.7392659,30.2840352]]},"properties":{"k":"path","u":"steps","s":"paving","w":3.0,"wt":0}},{"type":"Feature","geometry":{"type":"LineString","coordinates":[[-97.7393941,30.2839626],[-97.7393398,30.2839576]]},"properties":{"k":"path","u":"footway","s":"concrete","w":2.4,"wt":0}},{"type":"Feature","geometry":{"type":"LineString","coordinates":[[-97.7393957,30.2839681],[-97.7393941,30.2839819]]},"properties":{"k":"path","u":"steps","s":"concrete","w":3.0,"wt":0,"name":"South Mall"}},{"type":"Feature","geometry":{"type":"LineString","coordinates":[[-97.7393901,30.2840161],[-97.7393861,30.2840502]]},"properties":{"k":"path","u":"steps","s":"concrete","w":3.0,"wt":0,"name":"South Mall"}},{"type":"Feature","geometry":{"type":"LineString","coordinates":[[-97.7303571,30.2844751],[-97.7303517,30.2844693]]},"properties":{"k":"path","u":"footway","s":"paving","w":2.4,"wt":0}},{"type":"Feature","geometry":{"type":"LineString","coordinates":[[-97.7300161,30.2837391],[-97.7300392,30.2837444],[-97.7301835,30.2837776],[-97.7302787,30.2837995],[-97.7303067,30.283806],[-97.7305284,30.2838571],[-97.7309107,30.2839452]]},"properties":{"k":"path","u":"footway","s":"concrete","w":2.4,"wt":0}},{"type":"Feature","geometry":{"type":"LineString","coordinates":[[-97.7298901,30.2837103],[-97.7299028,30.2837132]]},"properties":{"k":"path","u":"footway","s":"paving","w":2.4,"wt":0}},{"type":"Feature","geometry":{"type":"LineString","coordinates":[[-97.7300033,30.2837362],[-97.7300161,30.2837391]]},"properties":{"k":"path","u":"footway","s":"paving","w":2.4,"wt":0}},{"type":"Feature","geometry":{"type":"LineString","coordinates":[[-97.7292749,30.2842377],[-97.7293971,30.2838216]]},"properties":{"k":"path","u":"footway","s":"paving","w":2.4,"wt":0}},{"type":"Feature","geometry":{"type":"LineString","coordinates":[[-97.7301739,30.2838388],[-97.730262,30.2838597],[-97.7302904,30.2838665],[-97.7303001,30.2838688]]},"properties":{"k":"path","u":"footway","s":"concrete","w":2.4,"wt":0}},{"type":"Feature","geometry":{"type":"LineString","coordinates":[[-97.7302787,30.2837995],[-97.730262,30.2838597]]},"properties":{"k":"path","u":"footway","s":"asphalt","w":2.4,"wt":0}},{"type":"Feature","geometry":{"type":"LineString","coordinates":[[-97.7300217,30.2837997],[-97.7300089,30.2838416],[-97.7300018,30.2838642]]},"properties":{"k":"path","u":"footway","s":"concrete","w":2.4,"wt":0}},{"type":"Feature","geometry":{"type":"LineString","coordinates":[[-97.7301835,30.2837776],[-97.730167,30.2838335]]},"properties":{"k":"path","u":"footway","s":"concrete","w":2.4,"wt":0}},{"type":"Feature","geometry":{"type":"LineString","coordinates":[[-97.730167,30.2838335],[-97.730155,30.2838693]]},"properties":{"k":"path","u":"steps","s":"concrete","w":3.0,"wt":0}},{"type":"Feature","geometry":{"type":"LineString","coordinates":[[-97.730155,30.2838693],[-97.7301533,30.2838746],[-97.7301509,30.2838822]]},"properties":{"k":"path","u":"footway","s":"concrete","w":2.4,"wt":0}},{"type":"Feature","geometry":{"type":"LineString","coordinates":[[-97.7301509,30.2838822],[-97.7301459,30.2838976]]},"properties":{"k":"path","u":"steps","s":"concrete","w":3.0,"wt":0}},{"type":"Feature","geometry":{"type":"LineString","coordinates":[[-97.7301533,30.2838746],[-97.7300089,30.2838416]]},"properties":{"k":"path","u":"footway","s":"concrete","w":2.4,"wt":0}},{"type":"Feature","geometry":{"type":"LineString","coordinates":[[-97.7300392,30.2837444],[-97.7300217,30.2837997]]},"properties":{"k":"path","u":"footway","s":"concrete","w":2.4,"wt":0}},{"type":"Feature","geometry":{"type":"LineString","coordinates":[[-97.7305208,30.2838756],[-97.7305159,30.283891]]},"properties":{"k":"path","u":"steps","s":"concrete","w":3.0,"wt":0}},{"type":"Feature","geometry":{"type":"LineString","coordinates":[[-97.73052,30.2839017],[-97.7305401,30.2839055]]},"properties":{"k":"path","u":"steps","s":"concrete","w":3.0,"wt":0}},{"type":"Feature","geometry":{"type":"LineString","coordinates":[[-97.7305159,30.283891],[-97.7305132,30.2839005],[-97.73052,30.2839017]]},"properties":{"k":"path","u":"footway","s":"concrete","w":2.4,"wt":0}},{"type":"Feature","geometry":{"type":"LineString","coordinates":[[-97.7305208,30.2838756],[-97.7305284,30.2838571]]},"properties":{"k":"path","u":"footway","s":"concrete","w":2.4,"wt":0}},{"type":"Feature","geometry":{"type":"LineString","coordinates":[[-97.7306319,30.2839254],[-97.7306627,30.2839333]]},"properties":{"k":"path","u":"steps","s":"concrete","w":3.0,"wt":0}},{"type":"Feature","geometry":{"type":"LineString","coordinates":[[-97.7306319,30.2839254],[-97.7305401,30.2839055]]},"properties":{"k":"path","u":"footway","s":"concrete","w":2.4,"wt":0}},{"type":"Feature","geometry":{"type":"LineString","coordinates":[[-97.7310469,30.2834953],[-97.731032,30.283493]]},"properties":{"k":"path","u":"steps","s":"concrete","w":3.0,"wt":0}},{"type":"Feature","geometry":{"type":"LineString","coordinates":[[-97.7310469,30.2834953],[-97.7310527,30.2834961]]},"properties":{"k":"path","u":"footway","s":"concrete","w":2.4,"wt":0}},{"type":"Feature","geometry":{"type":"LineString","coordinates":[[-97.731032,30.283493],[-97.73094,30.2834734],[-97.7309322,30.2834717]]},"properties":{"k":"path","u":"footway","s":"concrete","w":2.4,"wt":0}},{"type":"Feature","geometry":{"type":"LineString","coordinates":[[-97.73094,30.2834734],[-97.7309254,30.2835167],[-97.7310383,30.2835447]]},"properties":{"k":"path","u":"footway","s":"concrete","w":2.4,"wt":0}},{"type":"Feature","geometry":{"type":"LineString","coordinates":[[-97.7309502,30.2838153],[-97.7306744,30.283754],[-97.7306621,30.2837512]]},"properties":{"k":"path","u":"footway","s":"concrete","w":2.4,"wt":0}},{"type":"Feature","geometry":{"type":"LineString","coordinates":[[-97.7306621,30.2837512],[-97.7306494,30.2837483]]},"properties":{"k":"path","u":"footway","s":"concrete","w":2.4,"wt":0}},{"type":"Feature","geometry":{"type":"LineString","coordinates":[[-97.7304784,30.2837111],[-97.7304658,30.2837084]]},"properties":{"k":"path","u":"footway","s":"concrete","w":2.4,"wt":0}},{"type":"Feature","geometry":{"type":"LineString","coordinates":[[-97.7282806,30.28523],[-97.7283073,30.2851493]]},"properties":{"k":"path","u":"footway","s":"asphalt","w":2.4,"wt":0}},{"type":"Feature","geometry":{"type":"LineString","coordinates":[[-97.7282062,30.2852123],[-97.7282306,30.2851313]]},"properties":{"k":"path","u":"footway","s":"asphalt","w":2.4,"wt":0}},{"type":"Feature","geometry":{"type":"LineString","coordinates":[[-97.728405,30.2844678],[-97.72843,30.2843925]]},"properties":{"k":"path","u":"footway","s":"asphalt","w":2.4,"wt":0}},{"type":"Feature","geometry":{"type":"LineString","coordinates":[[-97.7283229,30.284448],[-97.728345,30.2843735]]},"properties":{"k":"path","u":"footway","s":"asphalt","w":2.4,"wt":0}},{"type":"Feature","geometry":{"type":"LineString","coordinates":[[-97.7279731,30.2863965],[-97.7279573,30.2864518]]},"properties":{"k":"path","u":"footway","s":"asphalt","w":2.4,"wt":0}},{"type":"Feature","geometry":{"type":"LineString","coordinates":[[-97.7278729,30.2871492],[-97.7278811,30.2871125],[-97.7278551,30.2870696]]},"properties":{"k":"path","u":"footway","s":"asphalt","w":2.4,"wt":0}},{"type":"Feature","geometry":{"type":"LineString","coordinates":[[-97.7405835,30.2905068],[-97.7405114,30.2904294]]},"properties":{"k":"path","u":"footway","s":"concrete","w":2.4,"wt":0}},{"type":"Feature","geometry":{"type":"LineString","coordinates":[[-97.7382774,30.2909856],[-97.7382694,30.2910773]]},"properties":{"k":"path","u":"footway","s":"asphalt","w":2.4,"wt":0}},{"type":"Feature","geometry":{"type":"LineString","coordinates":[[-97.7383079,30.2909877],[-97.7382774,30.2909856],[-97.7381771,30.2909787],[-97.7380813,30.2909721],[-97.7380824,30.2909478],[-97.738061,30.2909279],[-97.738035,30.2909033],[-97.7380304,30.2908751]]},"properties":{"k":"path","u":"footway","s":"concrete","w":2.4,"wt":0}},{"type":"Feature","geometry":{"type":"LineString","coordinates":[[-97.7381771,30.2909787],[-97.7381684,30.2910725]]},"properties":{"k":"path","u":"footway","s":"asphalt","w":2.4,"wt":0}},{"type":"Feature","geometry":{"type":"LineString","coordinates":[[-97.7380813,30.2909721],[-97.738074,30.2910669]]},"properties":{"k":"path","u":"footway","s":"asphalt","w":2.4,"wt":0}},{"type":"Feature","geometry":{"type":"LineString","coordinates":[[-97.7380606,30.2924584],[-97.7380694,30.2923583]]},"properties":{"k":"path","u":"footway","s":"asphalt","w":2.4,"wt":0}},{"type":"Feature","geometry":{"type":"LineString","coordinates":[[-97.7380574,30.2924864],[-97.7380606,30.2924584]]},"properties":{"k":"path","u":"footway","s":"asphalt","w":2.4,"wt":0}},{"type":"Feature","geometry":{"type":"LineString","coordinates":[[-97.7382386,30.2907286],[-97.738191,30.2906463]]},"properties":{"k":"path","u":"footway","s":"asphalt","w":2.4,"wt":0}},{"type":"Feature","geometry":{"type":"LineString","coordinates":[[-97.7381445,30.2907238],[-97.7380967,30.2906396]]},"properties":{"k":"path","u":"footway","s":"asphalt","w":2.4,"wt":0}},{"type":"Feature","geometry":{"type":"LineString","coordinates":[[-97.7388844,30.2904637],[-97.7389557,30.2904701]]},"properties":{"k":"path","u":"footway","s":"paving","w":2.4,"wt":0}},{"type":"Feature","geometry":{"type":"LineString","coordinates":[[-97.7392161,30.2899042],[-97.7392492,30.2899073]]},"properties":{"k":"path","u":"footway","s":"concrete","w":2.4,"wt":0}},{"type":"Feature","geometry":{"type":"LineString","coordinates":[[-97.7392492,30.2899073],[-97.739266,30.2899089]]},"properties":{"k":"path","u":"steps","s":"concrete","w":3.0,"wt":0}},{"type":"Feature","geometry":{"type":"LineString","coordinates":[[-97.739266,30.2899089],[-97.7392698,30.2899091],[-97.7392693,30.2899157]]},"properties":{"k":"path","u":"footway","s":"concrete","w":2.4,"wt":0}},{"type":"Feature","geometry":{"type":"LineString","coordinates":[[-97.7392693,30.2899157],[-97.7392676,30.2899287]]},"properties":{"k":"path","u":"steps","s":"concrete","w":3.0,"wt":0}},{"type":"Feature","geometry":{"type":"LineString","coordinates":[[-97.7392676,30.2899287],[-97.7392659,30.2899431],[-97.7392699,30.2899436]]},"properties":{"k":"path","u":"footway","s":"concrete","w":2.4,"wt":0}},{"type":"Feature","geometry":{"type":"LineString","coordinates":[[-97.7394221,30.2901143],[-97.7392968,30.2901051]]},"properties":{"k":"path","u":"footway","s":"asphalt","w":2.4,"wt":0}},{"type":"Feature","geometry":{"type":"LineString","coordinates":[[-97.7387827,30.2897133],[-97.7388754,30.2897199],[-97.7390289,30.2897379]]},"properties":{"k":"path","u":"footway","s":"concrete","w":2.4,"wt":0}},{"type":"Feature","geometry":{"type":"LineString","coordinates":[[-97.7387388,30.2897104],[-97.7387827,30.2897133]]},"properties":{"k":"path","u":"footway","s":"concrete","w":2.4,"wt":0}},{"type":"Feature","geometry":{"type":"LineString","coordinates":[[-97.7392845,30.2883996],[-97.7392305,30.288434]]},"properties":{"k":"path","u":"footway","s":"asphalt","w":2.4,"wt":0}},{"type":"Feature","geometry":{"type":"LineString","coordinates":[[-97.7392783,30.2884632],[-97.739224,30.2885024]]},"properties":{"k":"path","u":"footway","s":"asphalt","w":2.4,"wt":0}},{"type":"Feature","geometry":{"type":"LineString","coordinates":[[-97.7392061,30.2878835],[-97.7392079,30.2878616]]},"properties":{"k":"path","u":"steps","s":"concrete","w":3.0,"wt":0}},{"type":"Feature","geometry":{"type":"LineString","coordinates":[[-97.7392426,30.2874943],[-97.739244,30.2874815],[-97.7392506,30.2874223]]},"properties":{"k":"path","u":"footway","s":"concrete","w":2.4,"wt":0}},{"type":"Feature","geometry":{"type":"LineString","coordinates":[[-97.7392397,30.2875196],[-97.7392426,30.2874943]]},"properties":{"k":"path","u":"steps","s":"concrete","w":3.0,"wt":0}},{"type":"Feature","geometry":{"type":"LineString","coordinates":[[-97.7403694,30.287615],[-97.7403741,30.2875619]]},"properties":{"k":"path","u":"footway","s":"concrete","w":2.4,"wt":0}},{"type":"Feature","geometry":{"type":"LineString","coordinates":[[-97.7390849,30.2820123],[-97.7391652,30.282101]]},"properties":{"k":"path","u":"footway","s":"paving","w":2.4,"wt":0}},{"type":"Feature","geometry":{"type":"LineString","coordinates":[[-97.7335021,30.2856923],[-97.7334404,30.2860403],[-97.7334162,30.2860375],[-97.7334382,30.2859154]]},"properties":{"k":"path","u":"footway","s":"paving","w":2.4,"wt":0}},{"type":"Feature","geometry":{"type":"LineString","coordinates":[[-97.7334698,30.2857398],[-97.733476,30.2857052]]},"properties":{"k":"path","u":"steps","s":"paving","w":3.0,"wt":0}},{"type":"Feature","geometry":{"type":"LineString","coordinates":[[-97.7334466,30.2858688],[-97.733452,30.2858389]]},"properties":{"k":"path","u":"footway","s":"paving","w":2.4,"wt":0}},{"type":"Feature","geometry":{"type":"LineString","coordinates":[[-97.733452,30.2858389],[-97.7334578,30.2858069]]},"properties":{"k":"path","u":"steps","s":"paving","w":3.0,"wt":0}},{"type":"Feature","geometry":{"type":"LineString","coordinates":[[-97.7334578,30.2858069],[-97.7334613,30.2857872]]},"properties":{"k":"path","u":"footway","s":"paving","w":2.4,"wt":0}},{"type":"Feature","geometry":{"type":"LineString","coordinates":[[-97.7334613,30.2857872],[-97.7334662,30.2857599]]},"properties":{"k":"path","u":"steps","s":"paving","w":3.0,"wt":0}},{"type":"Feature","geometry":{"type":"LineString","coordinates":[[-97.7334662,30.2857599],[-97.7334698,30.2857398]]},"properties":{"k":"path","u":"footway","s":"paving","w":2.4,"wt":0}},{"type":"Feature","geometry":{"type":"LineString","coordinates":[[-97.733476,30.2857052],[-97.7334791,30.2856879]]},"properties":{"k":"path","u":"footway","s":"paving","w":2.4,"wt":0}},{"type":"Feature","geometry":{"type":"LineString","coordinates":[[-97.7334382,30.2859154],[-97.7334466,30.2858688],[-97.7333835,30.2858607]]},"properties":{"k":"path","u":"footway","s":"paving","w":2.4,"wt":0}},{"type":"Feature","geometry":{"type":"LineString","coordinates":[[-97.7335311,30.2856769],[-97.7335057,30.2856729],[-97.7334825,30.2856693],[-97.7334791,30.2856879]]},"properties":{"k":"path","u":"footway","s":"concrete","w":2.4,"wt":0}},{"type":"Feature","geometry":{"type":"LineString","coordinates":[[-97.7335021,30.2856923],[-97.7335057,30.2856729]]},"properties":{"k":"path","u":"footway","s":"concrete","w":2.4,"wt":0}},{"type":"Feature","geometry":{"type":"LineString","coordinates":[[-97.7264561,30.2855039],[-97.7264662,30.2854846]]},"properties":{"k":"path","u":"footway","s":"concrete","w":2.4,"wt":0}},{"type":"Feature","geometry":{"type":"LineString","coordinates":[[-97.7313416,30.2891116],[-97.7311383,30.2890516],[-97.7306379,30.2890363]]},"properties":{"k":"path","u":"footway","s":"concrete","w":2.4,"wt":0}},{"type":"Feature","geometry":{"type":"LineString","coordinates":[[-97.7293626,30.2882847],[-97.7293518,30.2882759]]},"properties":{"k":"path","u":"footway","s":"concrete","w":2.4,"wt":0}},{"type":"Feature","geometry":{"type":"LineString","coordinates":[[-97.732582,30.2862851],[-97.7324769,30.2862747]]},"properties":{"k":"path","u":"footway","s":"asphalt","w":2.4,"wt":0}},{"type":"Feature","geometry":{"type":"LineString","coordinates":[[-97.7324518,30.2864238],[-97.7323388,30.286388]]},"properties":{"k":"path","u":"footway","s":"asphalt","w":2.4,"wt":0}},{"type":"Feature","geometry":{"type":"LineString","coordinates":[[-97.732375,30.2864705],[-97.7322822,30.286427]]},"properties":{"k":"path","u":"footway","s":"asphalt","w":2.4,"wt":0}},{"type":"Feature","geometry":{"type":"LineString","coordinates":[[-97.7322995,30.2865164],[-97.7322018,30.2864724]]},"properties":{"k":"path","u":"footway","s":"asphalt","w":2.4,"wt":0}},{"type":"Feature","geometry":{"type":"LineString","coordinates":[[-97.7313792,30.287997],[-97.7313563,30.2879115]]},"properties":{"k":"path","u":"footway","s":"asphalt","w":2.4,"wt":0}},{"type":"Feature","geometry":{"type":"LineString","coordinates":[[-97.7313215,30.2879918],[-97.7312953,30.2879063]]},"properties":{"k":"path","u":"footway","s":"asphalt","w":2.4,"wt":0}},{"type":"Feature","geometry":{"type":"LineString","coordinates":[[-97.7299897,30.2876196],[-97.729976,30.2876132]]},"properties":{"k":"path","u":"footway","s":"concrete","w":2.4,"wt":0}},{"type":"Feature","geometry":{"type":"LineString","coordinates":[[-97.7297821,30.2875244],[-97.7297684,30.2875183]]},"properties":{"k":"path","u":"footway","s":"concrete","w":2.4,"wt":0}},{"type":"Feature","geometry":{"type":"LineString","coordinates":[[-97.7375857,30.2817122],[-97.7375928,30.2816334]]},"properties":{"k":"path","u":"footway","s":"concrete","w":2.4,"wt":0}},{"type":"Feature","geometry":{"type":"LineString","coordinates":[[-97.7375928,30.2816334],[-97.7375999,30.2815546],[-97.7376215,30.281521]]},"properties":{"k":"path","u":"footway","s":"concrete","w":2.4,"wt":0}},{"type":"Feature","geometry":{"type":"LineString","coordinates":[[-97.7378587,30.2813651],[-97.737858,30.281374],[-97.7378351,30.2815764]]},"properties":{"k":"path","u":"footway","s":"paving","w":2.4,"wt":0}},{"type":"Feature","geometry":{"type":"LineString","coordinates":[[-97.738009,30.2806912],[-97.738011,30.2806853]]},"properties":{"k":"path","u":"footway","s":"concrete","w":2.4,"wt":0}},{"type":"Feature","geometry":{"type":"LineString","coordinates":[[-97.7380686,30.2805127],[-97.7380706,30.2805068]]},"properties":{"k":"path","u":"footway","s":"concrete","w":2.4,"wt":0}},{"type":"Feature","geometry":{"type":"LineString","coordinates":[[-97.7376914,30.2814424],[-97.7377756,30.2813598],[-97.7380194,30.2811204],[-97.7380184,30.2810874],[-97.7379965,30.2810482]]},"properties":{"k":"path","u":"footway","s":"concrete","w":2.4,"wt":0}},{"type":"Feature","geometry":{"type":"LineString","coordinates":[[-97.7352645,30.2792858],[-97.7351789,30.279318]]},"properties":{"k":"path","u":"footway","s":"concrete","w":2.4,"wt":0}},{"type":"Feature","geometry":{"type":"LineString","coordinates":[[-97.7510048,30.2774803],[-97.750903,30.2774499],[-97.7508891,30.2774833],[-97.7507724,30.2774458],[-97.7507702,30.2774511],[-97.7507302,30.2774386],[-97.7505357,30.2770505],[-97.7504642,30.2768145],[-97.7504983,30.2767495],[-97.7505776,30.2767718]]},"properties":{"k":"path","u":"footway","s":"concrete","w":2.4,"wt":0}},{"type":"Feature","geometry":{"type":"LineString","coordinates":[[-97.739048,30.2777515],[-97.7393158,30.2769865]]},"properties":{"k":"path","u":"path","s":"gravel","w":1.5,"wt":0}},{"type":"Feature","geometry":{"type":"LineString","coordinates":[[-97.739605,30.2770747],[-97.7393158,30.2769865]]},"properties":{"k":"path","u":"path","s":"gravel","w":1.5,"wt":0}},{"type":"Feature","geometry":{"type":"LineString","coordinates":[[-97.739605,30.2770747],[-97.7394197,30.2775671]]},"properties":{"k":"path","u":"path","s":"gravel","w":1.5,"wt":0}}]}