{"type":"FeatureCollection","features":[{"type":"Feature","properties":{"kind":"front","fam":"plBulk","wd":"#39332e","wg":"#59493b","wn":"#0e0f16","base":0.0,"h":0.55,"nm":"7-Eleven","cat":"convenience","src":"S","bid":"0221a779-38df-440f-87d7-9797b8d89574"},"geometry":{"type":"Polygon","coordinates":[[[-97.7419962,30.2812316],[-97.741989,30.2812512],[-97.7419935,30.2812524],[-97.7420006,30.2812328],[-97.7419962,30.2812316]]]}},{"type":"Feature","properties":{"kind":"front","fam":"plGlass","wd":"#6e7a84","wg":"#858584","wn":"#14171f","base":0.55,"h":4.3,"nm":"7-Eleven","cat":"convenience","src":"S","bid":"0221a779-38df-440f-87d7-9797b8d89574"},"geometry":{"type":"Polygon","coordinates":[[[-97.7419962,30.2812316],[-97.741989,30.2812512],[-97.7419935,30.2812524],[-97.7420006,30.2812328],[-97.7419962,30.2812316]]]}},{"type":"Feature","properties":{"kind":"front","fam":"plSign","wd":"#f4811f","wg":"#f68a2d","wn":"#f19545","base":4.3,"h":5.35,"nm":"7-Eleven","cat":"convenience","src":"S","bid":"0221a779-38df-440f-87d7-9797b8d89574"},"geometry":{"type":"Polygon","coordinates":[[[-97.7419962,30.2812316],[-97.741989,30.2812512],[-97.7419935,30.2812524],[-97.7420006,30.2812328],[-97.7419962,30.2812316]]]}},{"type":"Feature","properties":{"kind":"awning","fam":"plAwn","wd":"#c67028","wg":"#cf7c36","wn":"#1d1615","base":3.84,"h":4.2,"nm":"7-Eleven","cat":"convenience","src":"S","bid":"0221a779-38df-440f-87d7-9797b8d89574"},"geometry":{"type":"Polygon","coordinates":[[[-97.7419862,30.2812289],[-97.7419791,30.2812485],[-97.7419905,30.2812516],[-97.7419977,30.281232],[-97.7419862,30.2812289]]]}},{"type":"Feature","properties":{"kind":"front","fam":"plBulk","wd":"#39332e","wg":"#59493b","wn":"#0e0f16","base":0.0,"h":0.55,"nm":"7-Eleven","cat":"convenience","src":"S","bid":"0221a779-38df-440f-87d7-9797b8d89574"},"geometry":{"type":"Polygon","coordinates":[[[-97.741989,30.2812512],[-97.741965,30.2813202],[-97.7419695,30.2813214],[-97.7419935,30.2812524],[-97.741989,30.2812512]]]}},{"type":"Feature","properties":{"kind":"front","fam":"plGlass","wd":"#6e7a84","wg":"#858584","wn":"#14171f","base":0.55,"h":4.3,"nm":"7-Eleven","cat":"convenience","src":"S","bid":"0221a779-38df-440f-87d7-9797b8d89574"},"geometry":{"type":"Polygon","coordinates":[[[-97.741989,30.2812512],[-97.741965,30.2813202],[-97.7419695,30.2813214],[-97.7419935,30.2812524],[-97.741989,30.2812512]]]}},{"type":"Feature","properties":{"kind":"front","fam":"plSign","wd":"#f4811f","wg":"#f68a2d","wn":"#f19545","base":4.3,"h":5.35,"nm":"7-Eleven","cat":"convenience","src":"S","bid":"0221a779-38df-440f-87d7-9797b8d89574"},"geometry":{"type":"Polygon","coordinates":[[[-97.741989,30.2812512],[-97.741965,30.2813202],[-97.7419695,30.2813214],[-97.7419935,30.2812524],[-97.741989,30.2812512]]]}},{"type":"Feature","properties":{"kind":"awning","fam":"plAwn","wd":"#c67028","wg":"#cf7c36","wn":"#1d1615","base":3.84,"h":4.2,"nm":"7-Eleven","cat":"convenience","src":"S","bid":"0221a779-38df-440f-87d7-9797b8d89574"},"geometry":{"type":"Polygon","coordinates":[[[-97.741979,30.2812486],[-97.741955,30.2813176],[-97.7419665,30.2813206],[-97.7419905,30.2812516],[-97.741979,30.2812486]]]}},{"type":"Feature","properties":{"kind":"front","fam":"plBulk","wd":"#39332e","wg":"#59493b","wn":"#0e0f16","base":0.0,"h":0.55,"nm":"7-Eleven","cat":"convenience","src":"S","bid":"0221a779-38df-440f-87d7-9797b8d89574"},"geometry":{"type":"Polygon","coordinates":[[[-97.741967,30.2813236],[-97.7420135,30.2813366],[-97.7420149,30.2813328],[-97.7419685,30.2813197],[-97.741967,30.2813236]]]}},{"type":"Feature","properties":{"kind":"front","fam":"plGlass","wd":"#6e7a84","wg":"#858584","wn":"#14171f","base":0.55,"h":4.3,"nm":"7-Eleven","cat":"convenience","src":"S","bid":"0221a779-38df-440f-87d7-9797b8d89574"},"geometry":{"type":"Polygon","coordinates":[[[-97.741967,30.2813236],[-97.7420135,30.2813366],[-97.7420149,30.2813328],[-97.7419685,30.2813197],[-97.741967,30.2813236]]]}},{"type":"Feature","properties":{"kind":"front","fam":"plSign","wd":"#f4811f","wg":"#f68a2d","wn":"#f19545","base":4.3,"h":5.35,"nm":"7-Eleven","cat":"convenience","src":"S","bid":"0221a779-38df-440f-87d7-9797b8d89574"},"geometry":{"type":"Polygon","coordinates":[[[-97.741967,30.2813236],[-97.7420135,30.2813366],[-97.7420149,30.2813328],[-97.7419685,30.2813197],[-97.741967,30.2813236]]]}},{"type":"Feature","properties":{"kind":"awning","fam":"plAwn","wd":"#c67028","wg":"#cf7c36","wn":"#1d1615","base":3.84,"h":4.2,"nm":"7-Eleven","cat":"convenience","src":"S","bid":"0221a779-38df-440f-87d7-9797b8d89574"},"geometry":{"type":"Polygon","coordinates":[[[-97.7419638,30.2813321],[-97.7420102,30.2813452],[-97.742014,30.2813354],[-97.7419675,30.2813223],[-97.7419638,30.2813321]]]}},{"type":"Feature","properties":{"kind":"label","nm":"7-Eleven","cat":"convenience","src":"S","sign":"#f4811f","dark":0},"geometry":{"type":"Point","coordinates":[-97.7419535,30.2812909]}},{"type":"Feature","properties":{"kind":"front","fam":"plBulk","wd":"#39332e","wg":"#59493b","wn":"#0e0f16","base":0.0,"h":0.55,"nm":"Shoe Palace","cat":"shoes","src":"S","bid":"046bb3f1-0dbc-4f2c-81ec-86e6c3f9463e"},"geometry":{"type":"Polygon","coordinates":[[[-97.7419874,30.287631],[-97.7421414,30.2876432],[-97.7421418,30.2876392],[-97.7419878,30.287627],[-97.7419874,30.287631]]]}},{"type":"Feature","properties":{"kind":"front","fam":"plGlass","wd":"#6e7a84","wg":"#858584","wn":"#14171f","base":0.55,"h":4.3,"nm":"Shoe Palace","cat":"shoes","src":"S","bid":"046bb3f1-0dbc-4f2c-81ec-86e6c3f9463e"},"geometry":{"type":"Polygon","coordinates":[[[-97.7419874,30.287631],[-97.7421414,30.2876432],[-97.7421418,30.2876392],[-97.7419878,30.287627],[-97.7419874,30.287631]]]}},{"type":"Feature","properties":{"kind":"front","fam":"plSign","wd":"#cb2229","wg":"#d23835","wn":"#f15154","base":4.3,"h":5.35,"nm":"Shoe Palace","cat":"shoes","src":"S","bid":"046bb3f1-0dbc-4f2c-81ec-86e6c3f9463e"},"geometry":{"type":"Polygon","coordinates":[[[-97.7419874,30.287631],[-97.7421414,30.2876432],[-97.7421418,30.2876392],[-97.7419878,30.287627],[-97.7419874,30.287631]]]}},{"type":"Feature","properties":{"kind":"awning","fam":"plAwn","wd":"#a62630","wg":"#b43e3d","wn":"#1a0d16","base":3.84,"h":4.2,"nm":"Shoe Palace","cat":"shoes","src":"S","bid":"046bb3f1-0dbc-4f2c-81ec-86e6c3f9463e"},"geometry":{"type":"Polygon","coordinates":[[[-97.7419865,30.28764],[-97.7421405,30.2876521],[-97.7421416,30.2876418],[-97.7419876,30.2876297],[-97.7419865,30.28764]]]}},{"type":"Feature","properties":{"kind":"label","nm":"Shoe Palace","cat":"shoes","src":"S","sign":"#cb2229","dark":1},"geometry":{"type":"Point","coordinates":[-97.7420632,30.2876551]}},{"type":"Feature","properties":{"kind":"front","fam":"plBulk","wd":"#39332e","wg":"#59493b","wn":"#0e0f16","base":0.0,"h":0.55,"nm":"Dirty Martin's","cat":"fast_food","src":"S","bid":"04869312-826c-40f0-9dde-ec8b937dfce2"},"geometry":{"type":"Polygon","coordinates":[[[-97.7422618,30.2939858],[-97.7422606,30.2940387],[-97.7422653,30.2940388],[-97.7422665,30.2939859],[-97.7422618,30.2939858]]]}},{"type":"Feature","properties":{"kind":"front","fam":"plGlass","wd":"#6e7a84","wg":"#858584","wn":"#14171f","base":0.55,"h":4.3,"nm":"Dirty Martin's","cat":"fast_food","src":"S","bid":"04869312-826c-40f0-9dde-ec8b937dfce2"},"geometry":{"type":"Polygon","coordinates":[[[-97.7422618,30.2939858],[-97.7422606,30.2940387],[-97.7422653,30.2940388],[-97.7422665,30.2939859],[-97.7422618,30.2939858]]]}},{"type":"Feature","properties":{"kind":"front","fam":"plSign","wd":"#cf5300","wg":"#d66212","wn":"#f17d2d","base":4.3,"h":5.35,"nm":"Dirty Martin's","cat":"fast_food","src":"S","bid":"04869312-826c-40f0-9dde-ec8b937dfce2"},"geometry":{"type":"Polygon","coordinates":[[[-97.7422618,30.2939858],[-97.7422606,30.2940387],[-97.7422653,30.2940388],[-97.7422665,30.2939859],[-97.7422618,30.2939858]]]}},{"type":"Feature","properties":{"kind":"awning","fam":"plAwn","wd":"#a94c10","wg":"#b75e22","wn":"#1a1213","base":3.84,"h":4.2,"nm":"Dirty Martin's","cat":"fast_food","src":"S","bid":"04869312-826c-40f0-9dde-ec8b937dfce2"},"geometry":{"type":"Polygon","coordinates":[[[-97.7422514,30.2939856],[-97.7422502,30.2940386],[-97.7422621,30.2940388],[-97.7422634,30.2939858],[-97.7422514,30.2939856]]]}},{"type":"Feature","properties":{"kind":"front","fam":"plBulk","wd":"#39332e","wg":"#59493b","wn":"#0e0f16","base":0.0,"h":0.55,"nm":"Dirty Martin's","cat":"fast_food","src":"S","bid":"04869312-826c-40f0-9dde-ec8b937dfce2"},"geometry":{"type":"Polygon","coordinates":[[[-97.7422636,30.2940465],[-97.7423584,30.2940479],[-97.7423584,30.2940439],[-97.7422637,30.2940425],[-97.7422636,30.2940465]]]}},{"type":"Feature","properties":{"kind":"front","fam":"plGlass","wd":"#6e7a84","wg":"#858584","wn":"#14171f","base":0.55,"h":4.3,"nm":"Dirty Martin's","cat":"fast_food","src":"S","bid":"04869312-826c-40f0-9dde-ec8b937dfce2"},"geometry":{"type":"Polygon","coordinates":[[[-97.7422636,30.2940465],[-97.7423584,30.2940479],[-97.7423584,30.2940439],[-97.7422637,30.2940425],[-97.7422636,30.2940465]]]}},{"type":"Feature","properties":{"kind":"front","fam":"plSign","wd":"#cf5300","wg":"#d66212","wn":"#f17d2d","base":4.3,"h":5.35,"nm":"Dirty Martin's","cat":"fast_food","src":"S","bid":"04869312-826c-40f0-9dde-ec8b937dfce2"},"geometry":{"type":"Polygon","coordinates":[[[-97.7422636,30.2940465],[-97.7423584,30.2940479],[-97.7423584,30.2940439],[-97.7422637,30.2940425],[-97.7422636,30.2940465]]]}},{"type":"Feature","properties":{"kind":"awning","fam":"plAwn","wd":"#a94c10","wg":"#b75e22","wn":"#1a1213","base":3.84,"h":4.2,"nm":"Dirty Martin's","cat":"fast_food","src":"S","bid":"04869312-826c-40f0-9dde-ec8b937dfce2"},"geometry":{"type":"Polygon","coordinates":[[[-97.7422635,30.2940555],[-97.7423582,30.2940569],[-97.7423584,30.2940466],[-97.7422637,30.2940451],[-97.7422635,30.2940555]]]}},{"type":"Feature","properties":{"kind":"label","nm":"Dirty Martin's","cat":"fast_food","src":"S","sign":"#cf5300","dark":1},"geometry":{"type":"Point","coordinates":[-97.74228,30.2940647]}},{"type":"Feature","properties":{"kind":"front","fam":"plBulk","wd":"#39332e","wg":"#59493b","wn":"#0e0f16","base":0.0,"h":0.55,"nm":"Prufrock's","cat":"cafe","src":"G","bid":"04ac46be-ba31-4ff5-ab58-e36988f6a5fb"},"geometry":{"type":"Polygon","coordinates":[[[-97.737738,30.2825343],[-97.7377245,30.2826686],[-97.7377291,30.2826689],[-97.7377427,30.2825347],[-97.737738,30.2825343]]]}},{"type":"Feature","properties":{"kind":"front","fam":"plGlass","wd":"#6e7a84","wg":"#858584","wn":"#14171f","base":0.55,"h":4.3,"nm":"Prufrock's","cat":"cafe","src":"G","bid":"04ac46be-ba31-4ff5-ab58-e36988f6a5fb"},"geometry":{"type":"Polygon","coordinates":[[[-97.737738,30.2825343],[-97.7377245,30.2826686],[-97.7377291,30.2826689],[-97.7377427,30.2825347],[-97.737738,30.2825343]]]}},{"type":"Feature","properties":{"kind":"front","fam":"plSign","wd":"#4a3b30","wg":"#634d3b","wn":"#bda18a","base":4.3,"h":5.35,"nm":"Prufrock's","cat":"cafe","src":"G","bid":"04ac46be-ba31-4ff5-ab58-e36988f6a5fb"},"geometry":{"type":"Polygon","coordinates":[[[-97.737738,30.2825343],[-97.7377245,30.2826686],[-97.7377291,30.2826689],[-97.7377427,30.2825347],[-97.737738,30.2825343]]]}},{"type":"Feature","properties":{"kind":"awning","fam":"plAwn","wd":"#423a35","wg":"#604f41","wn":"#0f1017","base":3.84,"h":4.2,"nm":"Prufrock's","cat":"cafe","src":"G","bid":"04ac46be-ba31-4ff5-ab58-e36988f6a5fb"},"geometry":{"type":"Polygon","coordinates":[[[-97.7377276,30.2825335],[-97.7377141,30.2826678],[-97.737726,30.2826687],[-97.7377396,30.2825344],[-97.7377276,30.2825335]]]}},{"type":"Feature","properties":{"kind":"label","nm":"Prufrock's","cat":"cafe","src":"G","sign":"#4a3b30","dark":1},"geometry":{"type":"Point","coordinates":[-97.7377105,30.2825999]}},{"type":"Feature","properties":{"kind":"front","fam":"plBulk","wd":"#39332e","wg":"#59493b","wn":"#0e0f16","base":0.0,"h":0.55,"nm":"Foxtrot","cat":"convenience","src":"G","bid":"092630c8-fefa-4b5d-8015-e17d6bde8d7b"},"geometry":{"type":"Polygon","coordinates":[[[-97.7419031,30.2863708],[-97.7419419,30.2863738],[-97.7419423,30.2863698],[-97.7419035,30.2863668],[-97.7419031,30.2863708]]]}},{"type":"Feature","properties":{"kind":"front","fam":"plGlass","wd":"#6e7a84","wg":"#858584","wn":"#14171f","base":0.55,"h":4.3,"nm":"Foxtrot","cat":"convenience","src":"G","bid":"092630c8-fefa-4b5d-8015-e17d6bde8d7b"},"geometry":{"type":"Polygon","coordinates":[[[-97.7419031,30.2863708],[-97.7419419,30.2863738],[-97.7419423,30.2863698],[-97.7419035,30.2863668],[-97.7419031,30.2863708]]]}},{"type":"Feature","properties":{"kind":"front","fam":"plSign","wd":"#20488c","wg":"#3f598b","wn":"#5f93ec","base":4.3,"h":5.35,"nm":"Foxtrot","cat":"convenience","src":"G","bid":"092630c8-fefa-4b5d-8015-e17d6bde8d7b"},"geometry":{"type":"Polygon","coordinates":[[[-97.7419031,30.2863708],[-97.7419419,30.2863738],[-97.7419423,30.2863698],[-97.7419035,30.2863668],[-97.7419031,30.2863708]]]}},{"type":"Feature","properties":{"kind":"awning","fam":"plAwn","wd":"#22447c","wg":"#45587d","wn":"#0b111e","base":3.84,"h":4.2,"nm":"Foxtrot","cat":"convenience","src":"G","bid":"092630c8-fefa-4b5d-8015-e17d6bde8d7b"},"geometry":{"type":"Polygon","coordinates":[[[-97.7419022,30.2863798],[-97.741941,30.2863828],[-97.7419421,30.2863725],[-97.7419032,30.2863695],[-97.7419022,30.2863798]]]}},{"type":"Feature","properties":{"kind":"front","fam":"plBulk","wd":"#39332e","wg":"#59493b","wn":"#0e0f16","base":0.0,"h":0.55,"nm":"Foxtrot","cat":"convenience","src":"G","bid":"092630c8-fefa-4b5d-8015-e17d6bde8d7b"},"geometry":{"type":"Polygon","coordinates":[[[-97.7418717,30.2862268],[-97.7418612,30.2863274],[-97.7418658,30.2863278],[-97.7418764,30.2862271],[-97.7418717,30.2862268]]]}},{"type":"Feature","properties":{"kind":"front","fam":"plGlass","wd":"#6e7a84","wg":"#858584","wn":"#14171f","base":0.55,"h":4.3,"nm":"Foxtrot","cat":"convenience","src":"G","bid":"092630c8-fefa-4b5d-8015-e17d6bde8d7b"},"geometry":{"type":"Polygon","coordinates":[[[-97.7418717,30.2862268],[-97.7418612,30.2863274],[-97.7418658,30.2863278],[-97.7418764,30.2862271],[-97.7418717,30.2862268]]]}},{"type":"Feature","properties":{"kind":"front","fam":"plSign","wd":"#20488c","wg":"#3f598b","wn":"#5f93ec","base":4.3,"h":5.35,"nm":"Foxtrot","cat":"convenience","src":"G","bid":"092630c8-fefa-4b5d-8015-e17d6bde8d7b"},"geometry":{"type":"Polygon","coordinates":[[[-97.7418717,30.2862268],[-97.7418612,30.2863274],[-97.7418658,30.2863278],[-97.7418764,30.2862271],[-97.7418717,30.2862268]]]}},{"type":"Feature","properties":{"kind":"awning","fam":"plAwn","wd":"#22447c","wg":"#45587d","wn":"#0b111e","base":3.84,"h":4.2,"nm":"Foxtrot","cat":"convenience","src":"G","bid":"092630c8-fefa-4b5d-8015-e17d6bde8d7b"},"geometry":{"type":"Polygon","coordinates":[[[-97.7418613,30.286226],[-97.7418508,30.2863266],[-97.7418627,30.2863276],[-97.7418732,30.2862269],[-97.7418613,30.286226]]]}},{"type":"Feature","properties":{"kind":"label","nm":"Foxtrot","cat":"convenience","src":"G","sign":"#20488c","dark":1},"geometry":{"type":"Point","coordinates":[-97.7418475,30.2862587]}},{"type":"Feature","properties":{"kind":"front","fam":"plBulk","wd":"#39332e","wg":"#59493b","wn":"#0e0f16","base":0.0,"h":0.55,"nm":"Gong Cha","cat":"cafe","src":"G","bid":"0e189df9-9783-442e-be10-5ad33510e9d9"},"geometry":{"type":"Polygon","coordinates":[[[-97.7410064,30.2836452],[-97.7411619,30.2836572],[-97.7411623,30.2836532],[-97.7410069,30.2836412],[-97.7410064,30.2836452]]]}},{"type":"Feature","properties":{"kind":"front","fam":"plGlass","wd":"#6e7a84","wg":"#858584","wn":"#14171f","base":0.55,"h":4.3,"nm":"Gong Cha","cat":"cafe","src":"G","bid":"0e189df9-9783-442e-be10-5ad33510e9d9"},"geometry":{"type":"Polygon","coordinates":[[[-97.7410064,30.2836452],[-97.7411619,30.2836572],[-97.7411623,30.2836532],[-97.7410069,30.2836412],[-97.7410064,30.2836452]]]}},{"type":"Feature","properties":{"kind":"front","fam":"plSign","wd":"#6b4a33","wg":"#805a3e","wn":"#e1ab82","base":4.3,"h":5.35,"nm":"Gong Cha","cat":"cafe","src":"G","bid":"0e189df9-9783-442e-be10-5ad33510e9d9"},"geometry":{"type":"Polygon","coordinates":[[[-97.7410064,30.2836452],[-97.7411619,30.2836572],[-97.7411623,30.2836532],[-97.7410069,30.2836412],[-97.7410064,30.2836452]]]}},{"type":"Feature","properties":{"kind":"awning","fam":"plAwn","wd":"#5c4537","wg":"#765843","wn":"#121117","base":3.84,"h":4.2,"nm":"Gong Cha","cat":"cafe","src":"G","bid":"0e189df9-9783-442e-be10-5ad33510e9d9"},"geometry":{"type":"Polygon","coordinates":[[[-97.7410055,30.2836541],[-97.7411609,30.2836661],[-97.741162,30.2836558],[-97.7410066,30.2836439],[-97.7410055,30.2836541]]]}},{"type":"Feature","properties":{"kind":"label","nm":"Gong Cha","cat":"cafe","src":"G","sign":"#6b4a33","dark":1},"geometry":{"type":"Point","coordinates":[-97.7410823,30.2836691]}},{"type":"Feature","properties":{"kind":"front","fam":"plBulk","wd":"#39332e","wg":"#59493b","wn":"#0e0f16","base":0.0,"h":0.55,"nm":"Target","cat":"department_store","src":"S","bid":"0e189df9-9783-442e-be10-5ad33510e9d9"},"geometry":{"type":"Polygon","coordinates":[[[-97.7413369,30.2836707],[-97.7414923,30.2836827],[-97.7414927,30.2836786],[-97.7413373,30.2836667],[-97.7413369,30.2836707]]]}},{"type":"Feature","properties":{"kind":"front","fam":"plGlass","wd":"#6e7a84","wg":"#858584","wn":"#14171f","base":0.55,"h":4.3,"nm":"Target","cat":"department_store","src":"S","bid":"0e189df9-9783-442e-be10-5ad33510e9d9"},"geometry":{"type":"Polygon","coordinates":[[[-97.7413369,30.2836707],[-97.7414923,30.2836827],[-97.7414927,30.2836786],[-97.7413373,30.2836667],[-97.7413369,30.2836707]]]}},{"type":"Feature","properties":{"kind":"front","fam":"plSign","wd":"#cc0000","wg":"#d31b12","wn":"#f1312d","base":4.3,"h":5.35,"nm":"Target","cat":"department_store","src":"S","bid":"0e189df9-9783-442e-be10-5ad33510e9d9"},"geometry":{"type":"Polygon","coordinates":[[[-97.7413369,30.2836707],[-97.7414923,30.2836827],[-97.7414927,30.2836786],[-97.7413373,30.2836667],[-97.7413369,30.2836707]]]}},{"type":"Feature","properties":{"kind":"awning","fam":"plAwn","wd":"#a70c10","wg":"#b52822","wn":"#1a0b13","base":3.84,"h":4.2,"nm":"Target","cat":"department_store","src":"S","bid":"0e189df9-9783-442e-be10-5ad33510e9d9"},"geometry":{"type":"Polygon","coordinates":[[[-97.7413359,30.2836796],[-97.7414914,30.2836916],[-97.7414924,30.2836813],[-97.741337,30.2836693],[-97.7413359,30.2836796]]]}},{"type":"Feature","properties":{"kind":"label","nm":"Target","cat":"department_store","src":"S","sign":"#cc0000","dark":1},"geometry":{"type":"Point","coordinates":[-97.7414127,30.2836946]}},{"type":"Feature","properties":{"kind":"front","fam":"plBulk","wd":"#39332e","wg":"#59493b","wn":"#0e0f16","base":0.0,"h":0.55,"nm":"Oma's Kitchen","cat":"restaurant","src":"G","bid":"0e189df9-9783-442e-be10-5ad33510e9d9"},"geometry":{"type":"Polygon","coordinates":[[[-97.7416673,30.2836962],[-97.7417323,30.2837012],[-97.7417327,30.2836972],[-97.7416677,30.2836921],[-97.7416673,30.2836962]]]}},{"type":"Feature","properties":{"kind":"front","fam":"plGlass","wd":"#6e7a84","wg":"#858584","wn":"#14171f","base":0.55,"h":4.3,"nm":"Oma's Kitchen","cat":"restaurant","src":"G","bid":"0e189df9-9783-442e-be10-5ad33510e9d9"},"geometry":{"type":"Polygon","coordinates":[[[-97.7416673,30.2836962],[-97.7417323,30.2837012],[-97.7417327,30.2836972],[-97.7416677,30.2836921],[-97.7416673,30.2836962]]]}},{"type":"Feature","properties":{"kind":"front","fam":"plSign","wd":"#6b4a33","wg":"#805a3e","wn":"#e1ab82","base":4.3,"h":5.35,"nm":"Oma's Kitchen","cat":"restaurant","src":"G","bid":"0e189df9-9783-442e-be10-5ad33510e9d9"},"geometry":{"type":"Polygon","coordinates":[[[-97.7416673,30.2836962],[-97.7417323,30.2837012],[-97.7417327,30.2836972],[-97.7416677,30.2836921],[-97.7416673,30.2836962]]]}},{"type":"Feature","properties":{"kind":"awning","fam":"plAwn","wd":"#5c4537","wg":"#765843","wn":"#121117","base":3.84,"h":4.2,"nm":"Oma's Kitchen","cat":"restaurant","src":"G","bid":"0e189df9-9783-442e-be10-5ad33510e9d9"},"geometry":{"type":"Polygon","coordinates":[[[-97.7416663,30.2837051],[-97.7417314,30.2837101],[-97.7417325,30.2836998],[-97.7416674,30.2836948],[-97.7416663,30.2837051]]]}},{"type":"Feature","properties":{"kind":"front","fam":"plBulk","wd":"#39332e","wg":"#59493b","wn":"#0e0f16","base":0.0,"h":0.55,"nm":"Oma's Kitchen","cat":"restaurant","src":"G","bid":"0e189df9-9783-442e-be10-5ad33510e9d9"},"geometry":{"type":"Polygon","coordinates":[[[-97.7417357,30.2836987],[-97.7417439,30.2836207],[-97.7417392,30.2836203],[-97.741731,30.2836984],[-97.7417357,30.2836987]]]}},{"type":"Feature","properties":{"kind":"front","fam":"plGlass","wd":"#6e7a84","wg":"#858584","wn":"#14171f","base":0.55,"h":4.3,"nm":"Oma's Kitchen","cat":"restaurant","src":"G","bid":"0e189df9-9783-442e-be10-5ad33510e9d9"},"geometry":{"type":"Polygon","coordinates":[[[-97.7417357,30.2836987],[-97.7417439,30.2836207],[-97.7417392,30.2836203],[-97.741731,30.2836984],[-97.7417357,30.2836987]]]}},{"type":"Feature","properties":{"kind":"front","fam":"plSign","wd":"#6b4a33","wg":"#805a3e","wn":"#e1ab82","base":4.3,"h":5.35,"nm":"Oma's Kitchen","cat":"restaurant","src":"G","bid":"0e189df9-9783-442e-be10-5ad33510e9d9"},"geometry":{"type":"Polygon","coordinates":[[[-97.7417357,30.2836987],[-97.7417439,30.2836207],[-97.7417392,30.2836203],[-97.741731,30.2836984],[-97.7417357,30.2836987]]]}},{"type":"Feature","properties":{"kind":"awning","fam":"plAwn","wd":"#5c4537","wg":"#765843","wn":"#121117","base":3.84,"h":4.2,"nm":"Oma's Kitchen","cat":"restaurant","src":"G","bid":"0e189df9-9783-442e-be10-5ad33510e9d9"},"geometry":{"type":"Polygon","coordinates":[[[-97.7417461,30.2836995],[-97.7417542,30.2836215],[-97.7417423,30.2836206],[-97.7417342,30.2836986],[-97.7417461,30.2836995]]]}},{"type":"Feature","properties":{"kind":"label","nm":"Oma's Kitchen","cat":"restaurant","src":"G","sign":"#6b4a33","dark":1},"geometry":{"type":"Point","coordinates":[-97.7417576,30.2836894]}},{"type":"Feature","properties":{"kind":"front","fam":"plBulk","wd":"#39332e","wg":"#59493b","wn":"#0e0f16","base":0.0,"h":0.55,"nm":"Starbucks","cat":"cafe","src":"S","bid":"0e189df9-9783-442e-be10-5ad33510e9d9"},"geometry":{"type":"Polygon","coordinates":[[[-97.7417596,30.2834696],[-97.7417737,30.2833354],[-97.741769,30.2833351],[-97.741755,30.2834693],[-97.7417596,30.2834696]]]}},{"type":"Feature","properties":{"kind":"front","fam":"plGlass","wd":"#6e7a84","wg":"#858584","wn":"#14171f","base":0.55,"h":4.3,"nm":"Starbucks","cat":"cafe","src":"S","bid":"0e189df9-9783-442e-be10-5ad33510e9d9"},"geometry":{"type":"Polygon","coordinates":[[[-97.7417596,30.2834696],[-97.7417737,30.2833354],[-97.741769,30.2833351],[-97.741755,30.2834693],[-97.7417596,30.2834696]]]}},{"type":"Feature","properties":{"kind":"front","fam":"plSign","wd":"#006241","wg":"#246f4a","wn":"#33efab","base":4.3,"h":5.35,"nm":"Starbucks","cat":"cafe","src":"S","bid":"0e189df9-9783-442e-be10-5ad33510e9d9"},"geometry":{"type":"Polygon","coordinates":[[[-97.7417596,30.2834696],[-97.7417737,30.2833354],[-97.741769,30.2833351],[-97.741755,30.2834693],[-97.7417596,30.2834696]]]}},{"type":"Feature","properties":{"kind":"awning","fam":"plAwn","wd":"#095842","wg":"#30684c","wn":"#091318","base":3.84,"h":4.2,"nm":"Starbucks","cat":"cafe","src":"S","bid":"0e189df9-9783-442e-be10-5ad33510e9d9"},"geometry":{"type":"Polygon","coordinates":[[[-97.74177,30.2834704],[-97.741784,30.2833362],[-97.7417721,30.2833353],[-97.7417581,30.2834695],[-97.74177,30.2834704]]]}},{"type":"Feature","properties":{"kind":"label","nm":"Starbucks","cat":"cafe","src":"S","sign":"#006241","dark":1},"geometry":{"type":"Point","coordinates":[-97.7417874,30.2834041]}},{"type":"Feature","properties":{"kind":"front","fam":"plBulk","wd":"#39332e","wg":"#59493b","wn":"#0e0f16","base":0.0,"h":0.55,"nm":"Target","cat":"supermarket","src":"S","bid":"0e189df9-9783-442e-be10-5ad33510e9d9"},"geometry":{"type":"Polygon","coordinates":[[[-97.7417894,30.2831843],[-97.7417949,30.283132],[-97.7417902,30.2831317],[-97.7417848,30.283184],[-97.7417894,30.2831843]]]}},{"type":"Feature","properties":{"kind":"front","fam":"plGlass","wd":"#6e7a84","wg":"#858584","wn":"#14171f","base":0.55,"h":4.3,"nm":"Target","cat":"supermarket","src":"S","bid":"0e189df9-9783-442e-be10-5ad33510e9d9"},"geometry":{"type":"Polygon","coordinates":[[[-97.7417894,30.2831843],[-97.7417949,30.283132],[-97.7417902,30.2831317],[-97.7417848,30.283184],[-97.7417894,30.2831843]]]}},{"type":"Feature","properties":{"kind":"front","fam":"plSign","wd":"#cc0000","wg":"#d31b12","wn":"#f1312d","base":4.3,"h":5.35,"nm":"Target","cat":"supermarket","src":"S","bid":"0e189df9-9783-442e-be10-5ad33510e9d9"},"geometry":{"type":"Polygon","coordinates":[[[-97.7417894,30.2831843],[-97.7417949,30.283132],[-97.7417902,30.2831317],[-97.7417848,30.283184],[-97.7417894,30.2831843]]]}},{"type":"Feature","properties":{"kind":"awning","fam":"plAwn","wd":"#a70c10","wg":"#b52822","wn":"#1a0b13","base":3.84,"h":4.2,"nm":"Target","cat":"supermarket","src":"S","bid":"0e189df9-9783-442e-be10-5ad33510e9d9"},"geometry":{"type":"Polygon","coordinates":[[[-97.7417998,30.2831851],[-97.7418053,30.2831328],[-97.7417934,30.2831319],[-97.7417879,30.2831842],[-97.7417998,30.2831851]]]}},{"type":"Feature","properties":{"kind":"front","fam":"plBulk","wd":"#39332e","wg":"#59493b","wn":"#0e0f16","base":0.0,"h":0.55,"nm":"Target","cat":"supermarket","src":"S","bid":"0e189df9-9783-442e-be10-5ad33510e9d9"},"geometry":{"type":"Polygon","coordinates":[[[-97.7417921,30.2831291],[-97.7417532,30.2831261],[-97.7417528,30.2831302],[-97.7417917,30.2831331],[-97.7417921,30.2831291]]]}},{"type":"Feature","properties":{"kind":"front","fam":"plGlass","wd":"#6e7a84","wg":"#858584","wn":"#14171f","base":0.55,"h":4.3,"nm":"Target","cat":"supermarket","src":"S","bid":"0e189df9-9783-442e-be10-5ad33510e9d9"},"geometry":{"type":"Polygon","coordinates":[[[-97.7417921,30.2831291],[-97.7417532,30.2831261],[-97.7417528,30.2831302],[-97.7417917,30.2831331],[-97.7417921,30.2831291]]]}},{"type":"Feature","properties":{"kind":"front","fam":"plSign","wd":"#cc0000","wg":"#d31b12","wn":"#f1312d","base":4.3,"h":5.35,"nm":"Target","cat":"supermarket","src":"S","bid":"0e189df9-9783-442e-be10-5ad33510e9d9"},"geometry":{"type":"Polygon","coordinates":[[[-97.7417921,30.2831291],[-97.7417532,30.2831261],[-97.7417528,30.2831302],[-97.7417917,30.2831331],[-97.7417921,30.2831291]]]}},{"type":"Feature","properties":{"kind":"awning","fam":"plAwn","wd":"#a70c10","wg":"#b52822","wn":"#1a0b13","base":3.84,"h":4.2,"nm":"Target","cat":"supermarket","src":"S","bid":"0e189df9-9783-442e-be10-5ad33510e9d9"},"geometry":{"type":"Polygon","coordinates":[[[-97.741793,30.2831202],[-97.7417541,30.2831172],[-97.741753,30.2831275],[-97.7417919,30.2831305],[-97.741793,30.2831202]]]}},{"type":"Feature","properties":{"kind":"front","fam":"plBulk","wd":"#39332e","wg":"#59493b","wn":"#0e0f16","base":0.0,"h":0.55,"nm":"Target","cat":"supermarket","src":"S","bid":"0e189df9-9783-442e-be10-5ad33510e9d9"},"geometry":{"type":"Polygon","coordinates":[[[-97.7409317,30.2833058],[-97.7409267,30.2833542],[-97.7409314,30.2833545],[-97.7409364,30.2833062],[-97.7409317,30.2833058]]]}},{"type":"Feature","properties":{"kind":"front","fam":"plGlass","wd":"#6e7a84","wg":"#858584","wn":"#14171f","base":0.55,"h":4.3,"nm":"Target","cat":"supermarket","src":"S","bid":"0e189df9-9783-442e-be10-5ad33510e9d9"},"geometry":{"type":"Polygon","coordinates":[[[-97.7409317,30.2833058],[-97.7409267,30.2833542],[-97.7409314,30.2833545],[-97.7409364,30.2833062],[-97.7409317,30.2833058]]]}},{"type":"Feature","properties":{"kind":"front","fam":"plSign","wd":"#cc0000","wg":"#d31b12","wn":"#f1312d","base":4.3,"h":5.35,"nm":"Target","cat":"supermarket","src":"S","bid":"0e189df9-9783-442e-be10-5ad33510e9d9"},"geometry":{"type":"Polygon","coordinates":[[[-97.7409317,30.2833058],[-97.7409267,30.2833542],[-97.7409314,30.2833545],[-97.7409364,30.2833062],[-97.7409317,30.2833058]]]}},{"type":"Feature","properties":{"kind":"awning","fam":"plAwn","wd":"#a70c10","wg":"#b52822","wn":"#1a0b13","base":3.84,"h":4.2,"nm":"Target","cat":"supermarket","src":"S","bid":"0e189df9-9783-442e-be10-5ad33510e9d9"},"geometry":{"type":"Polygon","coordinates":[[[-97.7409213,30.283305],[-97.7409164,30.2833534],[-97.7409283,30.2833543],[-97.7409333,30.2833059],[-97.7409213,30.283305]]]}},{"type":"Feature","properties":{"kind":"label","nm":"Target","cat":"supermarket","src":"S","sign":"#cc0000","dark":1},"geometry":{"type":"Point","coordinates":[-97.7417768,30.2831099]}},{"type":"Feature","properties":{"kind":"front","fam":"plBulk","wd":"#39332e","wg":"#59493b","wn":"#0e0f16","base":0.0,"h":0.55,"nm":"Dobie Tower Food Court","cat":"food_court","src":"G","bid":"0e189df9-9783-442e-be10-5ad33510e9d9"},"geometry":{"type":"Polygon","coordinates":[[[-97.7409963,30.2834342],[-97.7410104,30.2834766],[-97.7410149,30.2834755],[-97.7410008,30.2834331],[-97.7409963,30.2834342]]]}},{"type":"Feature","properties":{"kind":"front","fam":"plGlass","wd":"#6e7a84","wg":"#858584","wn":"#14171f","base":0.55,"h":4.3,"nm":"Dobie Tower Food Court","cat":"food_court","src":"G","bid":"0e189df9-9783-442e-be10-5ad33510e9d9"},"geometry":{"type":"Polygon","coordinates":[[[-97.7409963,30.2834342],[-97.7410104,30.2834766],[-97.7410149,30.2834755],[-97.7410008,30.2834331],[-97.7409963,30.2834342]]]}},{"type":"Feature","properties":{"kind":"front","fam":"plSign","wd":"#4a4038","wg":"#635242","wn":"#a8988a","base":4.3,"h":5.35,"nm":"Dobie Tower Food Court","cat":"food_court","src":"G","bid":"0e189df9-9783-442e-be10-5ad33510e9d9"},"geometry":{"type":"Polygon","coordinates":[[[-97.7409963,30.2834342],[-97.7410104,30.2834766],[-97.7410149,30.2834755],[-97.7410008,30.2834331],[-97.7409963,30.2834342]]]}},{"type":"Feature","properties":{"kind":"awning","fam":"plAwn","wd":"#423e3b","wg":"#605246","wn":"#0f1017","base":3.84,"h":4.2,"nm":"Dobie Tower Food Court","cat":"food_court","src":"G","bid":"0e189df9-9783-442e-be10-5ad33510e9d9"},"geometry":{"type":"Polygon","coordinates":[[[-97.7409863,30.2834367],[-97.7410004,30.2834791],[-97.7410119,30.2834763],[-97.7409978,30.2834338],[-97.7409863,30.2834367]]]}},{"type":"Feature","properties":{"kind":"front","fam":"plBulk","wd":"#39332e","wg":"#59493b","wn":"#0e0f16","base":0.0,"h":0.55,"nm":"Dobie Tower Food Court","cat":"food_court","src":"G","bid":"0e189df9-9783-442e-be10-5ad33510e9d9"},"geometry":{"type":"Polygon","coordinates":[[[-97.740913,30.2834682],[-97.7409036,30.2835584],[-97.7409083,30.2835588],[-97.7409177,30.2834685],[-97.740913,30.2834682]]]}},{"type":"Feature","properties":{"kind":"front","fam":"plGlass","wd":"#6e7a84","wg":"#858584","wn":"#14171f","base":0.55,"h":4.3,"nm":"Dobie Tower Food Court","cat":"food_court","src":"G","bid":"0e189df9-9783-442e-be10-5ad33510e9d9"},"geometry":{"type":"Polygon","coordinates":[[[-97.740913,30.2834682],[-97.7409036,30.2835584],[-97.7409083,30.2835588],[-97.7409177,30.2834685],[-97.740913,30.2834682]]]}},{"type":"Feature","properties":{"kind":"front","fam":"plSign","wd":"#4a4038","wg":"#635242","wn":"#a8988a","base":4.3,"h":5.35,"nm":"Dobie Tower Food Court","cat":"food_court","src":"G","bid":"0e189df9-9783-442e-be10-5ad33510e9d9"},"geometry":{"type":"Polygon","coordinates":[[[-97.740913,30.2834682],[-97.7409036,30.2835584],[-97.7409083,30.2835588],[-97.7409177,30.2834685],[-97.740913,30.2834682]]]}},{"type":"Feature","properties":{"kind":"awning","fam":"plAwn","wd":"#423e3b","wg":"#605246","wn":"#0f1017","base":3.84,"h":4.2,"nm":"Dobie Tower Food Court","cat":"food_court","src":"G","bid":"0e189df9-9783-442e-be10-5ad33510e9d9"},"geometry":{"type":"Polygon","coordinates":[[[-97.7409026,30.2834674],[-97.7408933,30.2835576],[-97.7409052,30.2835585],[-97.7409145,30.2834683],[-97.7409026,30.2834674]]]}},{"type":"Feature","properties":{"kind":"label","nm":"Dobie Tower Food Court","cat":"food_court","src":"G","sign":"#4a4038","dark":1},"geometry":{"type":"Point","coordinates":[-97.7408899,30.2834897]}},{"type":"Feature","properties":{"kind":"front","fam":"plBulk","wd":"#39332e","wg":"#59493b","wn":"#0e0f16","base":0.0,"h":0.55,"nm":"Burger Bar","cat":"restaurant","src":"G","bid":"12126a99-0b70-410e-a37b-cd25080f2036"},"geometry":{"type":"Polygon","coordinates":[[[-97.7430352,30.28257],[-97.7430481,30.2824358],[-97.7430434,30.2824354],[-97.7430305,30.2825697],[-97.7430352,30.28257]]]}},{"type":"Feature","properties":{"kind":"front","fam":"plGlass","wd":"#6e7a84","wg":"#858584","wn":"#14171f","base":0.55,"h":4.3,"nm":"Burger Bar","cat":"restaurant","src":"G","bid":"12126a99-0b70-410e-a37b-cd25080f2036"},"geometry":{"type":"Polygon","coordinates":[[[-97.7430352,30.28257],[-97.7430481,30.2824358],[-97.7430434,30.2824354],[-97.7430305,30.2825697],[-97.7430352,30.28257]]]}},{"type":"Feature","properties":{"kind":"front","fam":"plSign","wd":"#3a3f4a","wg":"#565152","wn":"#8e939e","base":4.3,"h":5.35,"nm":"Burger Bar","cat":"restaurant","src":"G","bid":"12126a99-0b70-410e-a37b-cd25080f2036"},"geometry":{"type":"Polygon","coordinates":[[[-97.7430352,30.28257],[-97.7430481,30.2824358],[-97.7430434,30.2824354],[-97.7430305,30.2825697],[-97.7430352,30.28257]]]}},{"type":"Feature","properties":{"kind":"awning","fam":"plAwn","wd":"#363d49","wg":"#565252","wn":"#0e1019","base":3.84,"h":4.2,"nm":"Burger Bar","cat":"restaurant","src":"G","bid":"12126a99-0b70-410e-a37b-cd25080f2036"},"geometry":{"type":"Polygon","coordinates":[[[-97.7430455,30.2825708],[-97.7430585,30.2824365],[-97.7430465,30.2824356],[-97.7430336,30.2825699],[-97.7430455,30.2825708]]]}},{"type":"Feature","properties":{"kind":"label","nm":"Burger Bar","cat":"restaurant","src":"G","sign":"#3a3f4a","dark":1},"geometry":{"type":"Point","coordinates":[-97.7430624,30.2825044]}},{"type":"Feature","properties":{"kind":"front","fam":"plBulk","wd":"#39332e","wg":"#59493b","wn":"#0e0f16","base":0.0,"h":0.55,"nm":"Jimmy John's","cat":"fast_food","src":"S","bid":"12a8cbfc-5d0d-4131-b055-d3c0516929d8"},"geometry":{"type":"Polygon","coordinates":[[[-97.7440337,30.2820857],[-97.743966,30.2820664],[-97.7439645,30.2820703],[-97.7440323,30.2820895],[-97.7440337,30.2820857]]]}},{"type":"Feature","properties":{"kind":"front","fam":"plGlass","wd":"#6e7a84","wg":"#858584","wn":"#14171f","base":0.55,"h":4.3,"nm":"Jimmy John's","cat":"fast_food","src":"S","bid":"12a8cbfc-5d0d-4131-b055-d3c0516929d8"},"geometry":{"type":"Polygon","coordinates":[[[-97.7440337,30.2820857],[-97.743966,30.2820664],[-97.7439645,30.2820703],[-97.7440323,30.2820895],[-97.7440337,30.2820857]]]}},{"type":"Feature","properties":{"kind":"front","fam":"plSign","wd":"#e4002b","wg":"#e81b37","wn":"#f13151","base":4.3,"h":5.35,"nm":"Jimmy John's","cat":"fast_food","src":"S","bid":"12a8cbfc-5d0d-4131-b055-d3c0516929d8"},"geometry":{"type":"Polygon","coordinates":[[[-97.7440337,30.2820857],[-97.743966,30.2820664],[-97.7439645,30.2820703],[-97.7440323,30.2820895],[-97.7440337,30.2820857]]]}},{"type":"Feature","properties":{"kind":"awning","fam":"plAwn","wd":"#b90c31","wg":"#c4283e","wn":"#1c0b16","base":3.84,"h":4.2,"nm":"Jimmy John's","cat":"fast_food","src":"S","bid":"12a8cbfc-5d0d-4131-b055-d3c0516929d8"},"geometry":{"type":"Polygon","coordinates":[[[-97.744037,30.2820772],[-97.7439692,30.2820579],[-97.7439655,30.2820677],[-97.7440332,30.282087],[-97.744037,30.2820772]]]}},{"type":"Feature","properties":{"kind":"front","fam":"plBulk","wd":"#39332e","wg":"#59493b","wn":"#0e0f16","base":0.0,"h":0.55,"nm":"Jimmy John's","cat":"fast_food","src":"S","bid":"12a8cbfc-5d0d-4131-b055-d3c0516929d8"},"geometry":{"type":"Polygon","coordinates":[[[-97.743962,30.2820682],[-97.7439354,30.2821376],[-97.7439398,30.2821389],[-97.7439665,30.2820694],[-97.743962,30.2820682]]]}},{"type":"Feature","properties":{"kind":"front","fam":"plGlass","wd":"#6e7a84","wg":"#858584","wn":"#14171f","base":0.55,"h":4.3,"nm":"Jimmy John's","cat":"fast_food","src":"S","bid":"12a8cbfc-5d0d-4131-b055-d3c0516929d8"},"geometry":{"type":"Polygon","coordinates":[[[-97.743962,30.2820682],[-97.7439354,30.2821376],[-97.7439398,30.2821389],[-97.7439665,30.2820694],[-97.743962,30.2820682]]]}},{"type":"Feature","properties":{"kind":"front","fam":"plSign","wd":"#e4002b","wg":"#e81b37","wn":"#f13151","base":4.3,"h":5.35,"nm":"Jimmy John's","cat":"fast_food","src":"S","bid":"12a8cbfc-5d0d-4131-b055-d3c0516929d8"},"geometry":{"type":"Polygon","coordinates":[[[-97.743962,30.2820682],[-97.7439354,30.2821376],[-97.7439398,30.2821389],[-97.7439665,30.2820694],[-97.743962,30.2820682]]]}},{"type":"Feature","properties":{"kind":"awning","fam":"plAwn","wd":"#b90c31","wg":"#c4283e","wn":"#1c0b16","base":3.84,"h":4.2,"nm":"Jimmy John's","cat":"fast_food","src":"S","bid":"12a8cbfc-5d0d-4131-b055-d3c0516929d8"},"geometry":{"type":"Polygon","coordinates":[[[-97.7439522,30.2820653],[-97.7439255,30.2821348],[-97.7439369,30.282138],[-97.7439635,30.2820686],[-97.7439522,30.2820653]]]}},{"type":"Feature","properties":{"kind":"label","nm":"Jimmy John's","cat":"fast_food","src":"S","sign":"#e4002b","dark":1},"geometry":{"type":"Point","coordinates":[-97.7439402,30.282068]}},{"type":"Feature","properties":{"kind":"front","fam":"plBulk","wd":"#39332e","wg":"#59493b","wn":"#0e0f16","base":0.0,"h":0.55,"nm":"Ph\u1edf Th\u00e1is\u01a1n","cat":"restaurant","src":"G","bid":"14973f85-3c67-41a7-a2da-28bc19be5099"},"geometry":{"type":"Polygon","coordinates":[[[-97.7422331,30.2824646],[-97.7422273,30.2825329],[-97.742232,30.2825332],[-97.7422378,30.2824649],[-97.7422331,30.2824646]]]}},{"type":"Feature","properties":{"kind":"front","fam":"plGlass","wd":"#6e7a84","wg":"#858584","wn":"#14171f","base":0.55,"h":4.3,"nm":"Ph\u1edf Th\u00e1is\u01a1n","cat":"restaurant","src":"G","bid":"14973f85-3c67-41a7-a2da-28bc19be5099"},"geometry":{"type":"Polygon","coordinates":[[[-97.7422331,30.2824646],[-97.7422273,30.2825329],[-97.742232,30.2825332],[-97.7422378,30.2824649],[-97.7422331,30.2824646]]]}},{"type":"Feature","properties":{"kind":"front","fam":"plSign","wd":"#3a3f4a","wg":"#565152","wn":"#8e939e","base":4.3,"h":5.28,"nm":"Ph\u1edf Th\u00e1is\u01a1n","cat":"restaurant","src":"G","bid":"14973f85-3c67-41a7-a2da-28bc19be5099"},"geometry":{"type":"Polygon","coordinates":[[[-97.7422331,30.2824646],[-97.7422273,30.2825329],[-97.742232,30.2825332],[-97.7422378,30.2824649],[-97.7422331,30.2824646]]]}},{"type":"Feature","properties":{"kind":"awning","fam":"plAwn","wd":"#363d49","wg":"#565252","wn":"#0e1019","base":3.84,"h":4.2,"nm":"Ph\u1edf Th\u00e1is\u01a1n","cat":"restaurant","src":"G","bid":"14973f85-3c67-41a7-a2da-28bc19be5099"},"geometry":{"type":"Polygon","coordinates":[[[-97.7422228,30.282464],[-97.7422169,30.2825322],[-97.7422288,30.282533],[-97.7422347,30.2824647],[-97.7422228,30.282464]]]}},{"type":"Feature","properties":{"kind":"front","fam":"plBulk","wd":"#39332e","wg":"#59493b","wn":"#0e0f16","base":0.0,"h":0.55,"nm":"Ph\u1edf Th\u00e1is\u01a1n","cat":"restaurant","src":"G","bid":"14973f85-3c67-41a7-a2da-28bc19be5099"},"geometry":{"type":"Polygon","coordinates":[[[-97.7422302,30.2825358],[-97.7423067,30.2825406],[-97.7423071,30.2825366],[-97.7422305,30.2825318],[-97.7422302,30.2825358]]]}},{"type":"Feature","properties":{"kind":"front","fam":"plGlass","wd":"#6e7a84","wg":"#858584","wn":"#14171f","base":0.55,"h":4.3,"nm":"Ph\u1edf Th\u00e1is\u01a1n","cat":"restaurant","src":"G","bid":"14973f85-3c67-41a7-a2da-28bc19be5099"},"geometry":{"type":"Polygon","coordinates":[[[-97.7422302,30.2825358],[-97.7423067,30.2825406],[-97.7423071,30.2825366],[-97.7422305,30.2825318],[-97.7422302,30.2825358]]]}},{"type":"Feature","properties":{"kind":"front","fam":"plSign","wd":"#3a3f4a","wg":"#565152","wn":"#8e939e","base":4.3,"h":5.28,"nm":"Ph\u1edf Th\u00e1is\u01a1n","cat":"restaurant","src":"G","bid":"14973f85-3c67-41a7-a2da-28bc19be5099"},"geometry":{"type":"Polygon","coordinates":[[[-97.7422302,30.2825358],[-97.7423067,30.2825406],[-97.7423071,30.2825366],[-97.7422305,30.2825318],[-97.7422302,30.2825358]]]}},{"type":"Feature","properties":{"kind":"awning","fam":"plAwn","wd":"#363d49","wg":"#565252","wn":"#0e1019","base":3.84,"h":4.2,"nm":"Ph\u1edf Th\u00e1is\u01a1n","cat":"restaurant","src":"G","bid":"14973f85-3c67-41a7-a2da-28bc19be5099"},"geometry":{"type":"Polygon","coordinates":[[[-97.7422294,30.2825447],[-97.742306,30.2825495],[-97.7423068,30.2825392],[-97.7422303,30.2825344],[-97.7422294,30.2825447]]]}},{"type":"Feature","properties":{"kind":"label","nm":"Ph\u1edf Th\u00e1is\u01a1n","cat":"restaurant","src":"G","sign":"#3a3f4a","dark":1},"geometry":{"type":"Point","coordinates":[-97.7422068,30.2825288]}},{"type":"Feature","properties":{"kind":"front","fam":"plBulk","wd":"#39332e","wg":"#59493b","wn":"#0e0f16","base":0.0,"h":0.55,"nm":"Conscious Cravings","cat":"cafe","src":"G","bid":"176b7e6b-f1d0-432c-a185-130948f9a3e1"},"geometry":{"type":"Polygon","coordinates":[[[-97.7450443,30.2831019],[-97.7450567,30.2829676],[-97.745052,30.2829672],[-97.7450397,30.2831016],[-97.7450443,30.2831019]]]}},{"type":"Feature","properties":{"kind":"front","fam":"plGlass","wd":"#6e7a84","wg":"#858584","wn":"#14171f","base":0.55,"h":4.3,"nm":"Conscious Cravings","cat":"cafe","src":"G","bid":"176b7e6b-f1d0-432c-a185-130948f9a3e1"},"geometry":{"type":"Polygon","coordinates":[[[-97.7450443,30.2831019],[-97.7450567,30.2829676],[-97.745052,30.2829672],[-97.7450397,30.2831016],[-97.7450443,30.2831019]]]}},{"type":"Feature","properties":{"kind":"front","fam":"plSign","wd":"#7a5c3c","wg":"#8d6a46","wn":"#e1b585","base":4.3,"h":5.35,"nm":"Conscious Cravings","cat":"cafe","src":"G","bid":"176b7e6b-f1d0-432c-a185-130948f9a3e1"},"geometry":{"type":"Polygon","coordinates":[[[-97.7450443,30.2831019],[-97.7450567,30.2829676],[-97.745052,30.2829672],[-97.7450397,30.2831016],[-97.7450443,30.2831019]]]}},{"type":"Feature","properties":{"kind":"awning","fam":"plAwn","wd":"#67533e","wg":"#7f6449","wn":"#131218","base":3.84,"h":4.2,"nm":"Conscious Cravings","cat":"cafe","src":"G","bid":"176b7e6b-f1d0-432c-a185-130948f9a3e1"},"geometry":{"type":"Polygon","coordinates":[[[-97.7450547,30.2831026],[-97.7450671,30.2829683],[-97.7450551,30.2829674],[-97.7450428,30.2831018],[-97.7450547,30.2831026]]]}},{"type":"Feature","properties":{"kind":"label","nm":"Conscious Cravings","cat":"cafe","src":"G","sign":"#7a5c3c","dark":1},"geometry":{"type":"Point","coordinates":[-97.7450713,30.2830361]}},{"type":"Feature","properties":{"kind":"front","fam":"plBulk","wd":"#39332e","wg":"#59493b","wn":"#0e0f16","base":0.0,"h":0.55,"nm":"Jenn's Copy & Binding","cat":"copyshop","src":"G","bid":"1795b775-5e1f-452d-abc0-afb85c21a5b1"},"geometry":{"type":"Polygon","coordinates":[[[-97.7415492,30.2897135],[-97.7415457,30.2897531],[-97.7415504,30.2897534],[-97.7415539,30.2897138],[-97.7415492,30.2897135]]]}},{"type":"Feature","properties":{"kind":"front","fam":"plGlass","wd":"#6e7a84","wg":"#858584","wn":"#14171f","base":0.55,"h":4.3,"nm":"Jenn's Copy & Binding","cat":"copyshop","src":"G","bid":"1795b775-5e1f-452d-abc0-afb85c21a5b1"},"geometry":{"type":"Polygon","coordinates":[[[-97.7415492,30.2897135],[-97.7415457,30.2897531],[-97.7415504,30.2897534],[-97.7415539,30.2897138],[-97.7415492,30.2897135]]]}},{"type":"Feature","properties":{"kind":"front","fam":"plSign","wd":"#20488c","wg":"#3f598b","wn":"#5f93ec","base":4.3,"h":5.35,"nm":"Jenn's Copy & Binding","cat":"copyshop","src":"G","bid":"1795b775-5e1f-452d-abc0-afb85c21a5b1"},"geometry":{"type":"Polygon","coordinates":[[[-97.7415492,30.2897135],[-97.7415457,30.2897531],[-97.7415504,30.2897534],[-97.7415539,30.2897138],[-97.7415492,30.2897135]]]}},{"type":"Feature","properties":{"kind":"awning","fam":"plAwn","wd":"#22447c","wg":"#45587d","wn":"#0b111e","base":3.84,"h":4.2,"nm":"Jenn's Copy & Binding","cat":"copyshop","src":"G","bid":"1795b775-5e1f-452d-abc0-afb85c21a5b1"},"geometry":{"type":"Polygon","coordinates":[[[-97.7415389,30.2897128],[-97.7415353,30.2897524],[-97.7415472,30.2897532],[-97.7415508,30.2897136],[-97.7415389,30.2897128]]]}},{"type":"Feature","properties":{"kind":"front","fam":"plBulk","wd":"#39332e","wg":"#59493b","wn":"#0e0f16","base":0.0,"h":0.55,"nm":"Jenn's Copy & Binding","cat":"copyshop","src":"G","bid":"1795b775-5e1f-452d-abc0-afb85c21a5b1"},"geometry":{"type":"Polygon","coordinates":[[[-97.7416891,30.2897006],[-97.7415796,30.2896914],[-97.7415792,30.2896954],[-97.7416887,30.2897046],[-97.7416891,30.2897006]]]}},{"type":"Feature","properties":{"kind":"front","fam":"plGlass","wd":"#6e7a84","wg":"#858584","wn":"#14171f","base":0.55,"h":4.3,"nm":"Jenn's Copy & Binding","cat":"copyshop","src":"G","bid":"1795b775-5e1f-452d-abc0-afb85c21a5b1"},"geometry":{"type":"Polygon","coordinates":[[[-97.7416891,30.2897006],[-97.7415796,30.2896914],[-97.7415792,30.2896954],[-97.7416887,30.2897046],[-97.7416891,30.2897006]]]}},{"type":"Feature","properties":{"kind":"front","fam":"plSign","wd":"#20488c","wg":"#3f598b","wn":"#5f93ec","base":4.3,"h":5.35,"nm":"Jenn's Copy & Binding","cat":"copyshop","src":"G","bid":"1795b775-5e1f-452d-abc0-afb85c21a5b1"},"geometry":{"type":"Polygon","coordinates":[[[-97.7416891,30.2897006],[-97.7415796,30.2896914],[-97.7415792,30.2896954],[-97.7416887,30.2897046],[-97.7416891,30.2897006]]]}},{"type":"Feature","properties":{"kind":"awning","fam":"plAwn","wd":"#22447c","wg":"#45587d","wn":"#0b111e","base":3.84,"h":4.2,"nm":"Jenn's Copy & Binding","cat":"copyshop","src":"G","bid":"1795b775-5e1f-452d-abc0-afb85c21a5b1"},"geometry":{"type":"Polygon","coordinates":[[[-97.7416901,30.2896916],[-97.7415807,30.2896825],[-97.7415795,30.2896928],[-97.741689,30.2897019],[-97.7416901,30.2896916]]]}},{"type":"Feature","properties":{"kind":"label","nm":"Jenn's Copy & Binding","cat":"copyshop","src":"G","sign":"#20488c","dark":1},"geometry":{"type":"Point","coordinates":[-97.7416593,30.28968]}},{"type":"Feature","properties":{"kind":"front","fam":"plBulk","wd":"#39332e","wg":"#59493b","wn":"#0e0f16","base":0.0,"h":0.55,"nm":"C. Jane","cat":"clothes","src":"G","bid":"189786bb-9ad1-41a3-887c-a7d7c098ade1"},"geometry":{"type":"Polygon","coordinates":[[[-97.7417626,30.2873056],[-97.7417577,30.2873534],[-97.7417624,30.2873537],[-97.7417673,30.287306],[-97.7417626,30.2873056]]]}},{"type":"Feature","properties":{"kind":"front","fam":"plGlass","wd":"#6e7a84","wg":"#858584","wn":"#14171f","base":0.55,"h":3.67,"nm":"C. Jane","cat":"clothes","src":"G","bid":"189786bb-9ad1-41a3-887c-a7d7c098ade1"},"geometry":{"type":"Polygon","coordinates":[[[-97.7417626,30.2873056],[-97.7417577,30.2873534],[-97.7417624,30.2873537],[-97.7417673,30.287306],[-97.7417626,30.2873056]]]}},{"type":"Feature","properties":{"kind":"front","fam":"plSign","wd":"#4a3a3a","wg":"#634c44","wn":"#a38c89","base":3.67,"h":4.49,"nm":"C. Jane","cat":"clothes","src":"G","bid":"189786bb-9ad1-41a3-887c-a7d7c098ade1"},"geometry":{"type":"Polygon","coordinates":[[[-97.7417626,30.2873056],[-97.7417577,30.2873534],[-97.7417624,30.2873537],[-97.7417673,30.287306],[-97.7417626,30.2873056]]]}},{"type":"Feature","properties":{"kind":"awning","fam":"plAwn","wd":"#42393d","wg":"#604e48","wn":"#0f1018","base":3.21,"h":3.57,"nm":"C. Jane","cat":"clothes","src":"G","bid":"189786bb-9ad1-41a3-887c-a7d7c098ade1"},"geometry":{"type":"Polygon","coordinates":[[[-97.7417523,30.2873048],[-97.7417473,30.2873526],[-97.7417592,30.2873535],[-97.7417642,30.2873057],[-97.7417523,30.2873048]]]}},{"type":"Feature","properties":{"kind":"front","fam":"plBulk","wd":"#39332e","wg":"#59493b","wn":"#0e0f16","base":0.0,"h":0.55,"nm":"C. Jane","cat":"clothes","src":"G","bid":"189786bb-9ad1-41a3-887c-a7d7c098ade1"},"geometry":{"type":"Polygon","coordinates":[[[-97.7417605,30.2873563],[-97.7418553,30.2873636],[-97.7418558,30.2873596],[-97.7417609,30.2873523],[-97.7417605,30.2873563]]]}},{"type":"Feature","properties":{"kind":"front","fam":"plGlass","wd":"#6e7a84","wg":"#858584","wn":"#14171f","base":0.55,"h":3.67,"nm":"C. Jane","cat":"clothes","src":"G","bid":"189786bb-9ad1-41a3-887c-a7d7c098ade1"},"geometry":{"type":"Polygon","coordinates":[[[-97.7417605,30.2873563],[-97.7418553,30.2873636],[-97.7418558,30.2873596],[-97.7417609,30.2873523],[-97.7417605,30.2873563]]]}},{"type":"Feature","properties":{"kind":"front","fam":"plSign","wd":"#4a3a3a","wg":"#634c44","wn":"#a38c89","base":3.67,"h":4.49,"nm":"C. Jane","cat":"clothes","src":"G","bid":"189786bb-9ad1-41a3-887c-a7d7c098ade1"},"geometry":{"type":"Polygon","coordinates":[[[-97.7417605,30.2873563],[-97.7418553,30.2873636],[-97.7418558,30.2873596],[-97.7417609,30.2873523],[-97.7417605,30.2873563]]]}},{"type":"Feature","properties":{"kind":"awning","fam":"plAwn","wd":"#42393d","wg":"#604e48","wn":"#0f1018","base":3.21,"h":3.57,"nm":"C. Jane","cat":"clothes","src":"G","bid":"189786bb-9ad1-41a3-887c-a7d7c098ade1"},"geometry":{"type":"Polygon","coordinates":[[[-97.7417596,30.2873652],[-97.7418544,30.2873725],[-97.7418555,30.2873622],[-97.7417607,30.2873549],[-97.7417596,30.2873652]]]}},{"type":"Feature","properties":{"kind":"label","nm":"C. Jane","cat":"clothes","src":"G","sign":"#4a3a3a","dark":1},"geometry":{"type":"Point","coordinates":[-97.7417784,30.2873757]}},{"type":"Feature","properties":{"kind":"front","fam":"plBulk","wd":"#39332e","wg":"#59493b","wn":"#0e0f16","base":0.0,"h":0.55,"nm":"K-Bop","cat":"restaurant","src":"G","bid":"1a919dc3-b33a-4260-be64-09b51bc933e9"},"geometry":{"type":"Polygon","coordinates":[[[-97.7422823,30.2828663],[-97.7422069,30.2828623],[-97.7422066,30.2828663],[-97.742282,30.2828704],[-97.7422823,30.2828663]]]}},{"type":"Feature","properties":{"kind":"front","fam":"plGlass","wd":"#6e7a84","wg":"#858584","wn":"#14171f","base":0.55,"h":4.3,"nm":"K-Bop","cat":"restaurant","src":"G","bid":"1a919dc3-b33a-4260-be64-09b51bc933e9"},"geometry":{"type":"Polygon","coordinates":[[[-97.7422823,30.2828663],[-97.7422069,30.2828623],[-97.7422066,30.2828663],[-97.742282,30.2828704],[-97.7422823,30.2828663]]]}},{"type":"Feature","properties":{"kind":"front","fam":"plSign","wd":"#7a4a2c","wg":"#8d5a38","wn":"#f1a472","base":4.3,"h":5.35,"nm":"K-Bop","cat":"restaurant","src":"G","bid":"1a919dc3-b33a-4260-be64-09b51bc933e9"},"geometry":{"type":"Polygon","coordinates":[[[-97.7422823,30.2828663],[-97.7422069,30.2828623],[-97.7422066,30.2828663],[-97.742282,30.2828704],[-97.7422823,30.2828663]]]}},{"type":"Feature","properties":{"kind":"awning","fam":"plAwn","wd":"#674532","wg":"#7f583f","wn":"#131116","base":3.84,"h":4.2,"nm":"K-Bop","cat":"restaurant","src":"G","bid":"1a919dc3-b33a-4260-be64-09b51bc933e9"},"geometry":{"type":"Polygon","coordinates":[[[-97.7422829,30.2828574],[-97.7422075,30.2828533],[-97.7422068,30.2828637],[-97.7422822,30.2828677],[-97.7422829,30.2828574]]]}},{"type":"Feature","properties":{"kind":"front","fam":"plBulk","wd":"#39332e","wg":"#59493b","wn":"#0e0f16","base":0.0,"h":0.55,"nm":"K-Bop","cat":"restaurant","src":"G","bid":"1a919dc3-b33a-4260-be64-09b51bc933e9"},"geometry":{"type":"Polygon","coordinates":[[[-97.7422036,30.2828648],[-97.742201,30.2829033],[-97.7422056,30.2829035],[-97.7422083,30.2828651],[-97.7422036,30.2828648]]]}},{"type":"Feature","properties":{"kind":"front","fam":"plGlass","wd":"#6e7a84","wg":"#858584","wn":"#14171f","base":0.55,"h":4.3,"nm":"K-Bop","cat":"restaurant","src":"G","bid":"1a919dc3-b33a-4260-be64-09b51bc933e9"},"geometry":{"type":"Polygon","coordinates":[[[-97.7422036,30.2828648],[-97.742201,30.2829033],[-97.7422056,30.2829035],[-97.7422083,30.2828651],[-97.7422036,30.2828648]]]}},{"type":"Feature","properties":{"kind":"front","fam":"plSign","wd":"#7a4a2c","wg":"#8d5a38","wn":"#f1a472","base":4.3,"h":5.35,"nm":"K-Bop","cat":"restaurant","src":"G","bid":"1a919dc3-b33a-4260-be64-09b51bc933e9"},"geometry":{"type":"Polygon","coordinates":[[[-97.7422036,30.2828648],[-97.742201,30.2829033],[-97.7422056,30.2829035],[-97.7422083,30.2828651],[-97.7422036,30.2828648]]]}},{"type":"Feature","properties":{"kind":"awning","fam":"plAwn","wd":"#674532","wg":"#7f583f","wn":"#131116","base":3.84,"h":4.2,"nm":"K-Bop","cat":"restaurant","src":"G","bid":"1a919dc3-b33a-4260-be64-09b51bc933e9"},"geometry":{"type":"Polygon","coordinates":[[[-97.7421932,30.2828643],[-97.7421906,30.2829027],[-97.7422025,30.2829033],[-97.7422051,30.2828649],[-97.7421932,30.2828643]]]}},{"type":"Feature","properties":{"kind":"label","nm":"K-Bop","cat":"restaurant","src":"G","sign":"#7a4a2c","dark":1},"geometry":{"type":"Point","coordinates":[-97.7422236,30.2828452]}},{"type":"Feature","properties":{"kind":"front","fam":"plBulk","wd":"#39332e","wg":"#59493b","wn":"#0e0f16","base":0.0,"h":0.55,"nm":"Shake Smart","cat":"fast_food","src":"G","bid":"1bb698db-9765-47b4-8f32-a428eefce38a"},"geometry":{"type":"Polygon","coordinates":[[[-97.7362317,30.2844129],[-97.7363872,30.2844245],[-97.7363876,30.2844205],[-97.7362321,30.2844089],[-97.7362317,30.2844129]]]}},{"type":"Feature","properties":{"kind":"front","fam":"plGlass","wd":"#6e7a84","wg":"#858584","wn":"#14171f","base":0.55,"h":4.3,"nm":"Shake Smart","cat":"fast_food","src":"G","bid":"1bb698db-9765-47b4-8f32-a428eefce38a"},"geometry":{"type":"Polygon","coordinates":[[[-97.7362317,30.2844129],[-97.7363872,30.2844245],[-97.7363876,30.2844205],[-97.7362321,30.2844089],[-97.7362317,30.2844129]]]}},{"type":"Feature","properties":{"kind":"front","fam":"plSign","wd":"#b0761c","wg":"#bb802a","wn":"#f1b04b","base":4.3,"h":5.35,"nm":"Shake Smart","cat":"fast_food","src":"G","bid":"1bb698db-9765-47b4-8f32-a428eefce38a"},"geometry":{"type":"Polygon","coordinates":[[[-97.7362317,30.2844129],[-97.7363872,30.2844245],[-97.7363876,30.2844205],[-97.7362321,30.2844089],[-97.7362317,30.2844129]]]}},{"type":"Feature","properties":{"kind":"awning","fam":"plAwn","wd":"#916726","wg":"#a37535","wn":"#181515","base":3.84,"h":4.2,"nm":"Shake Smart","cat":"fast_food","src":"G","bid":"1bb698db-9765-47b4-8f32-a428eefce38a"},"geometry":{"type":"Polygon","coordinates":[[[-97.7362309,30.2844218],[-97.7363863,30.2844334],[-97.7363873,30.2844231],[-97.7362319,30.2844115],[-97.7362309,30.2844218]]]}},{"type":"Feature","properties":{"kind":"label","nm":"Shake Smart","cat":"fast_food","src":"G","sign":"#b0761c","dark":1},"geometry":{"type":"Point","coordinates":[-97.7363077,30.2844366]}},{"type":"Feature","properties":{"kind":"front","fam":"plBulk","wd":"#39332e","wg":"#59493b","wn":"#0e0f16","base":0.0,"h":0.55,"nm":"Davis Gallery and Framing","cat":"frame","src":"G","bid":"1d2b5aff-dbff-4fc3-aae8-c9ec7a5a27a5"},"geometry":{"type":"Polygon","coordinates":[[[-97.7496836,30.2762692],[-97.7497736,30.2762942],[-97.7497751,30.2762903],[-97.749685,30.2762653],[-97.7496836,30.2762692]]]}},{"type":"Feature","properties":{"kind":"front","fam":"plGlass","wd":"#6e7a84","wg":"#858584","wn":"#14171f","base":0.55,"h":4.3,"nm":"Davis Gallery and Framing","cat":"frame","src":"G","bid":"1d2b5aff-dbff-4fc3-aae8-c9ec7a5a27a5"},"geometry":{"type":"Polygon","coordinates":[[[-97.7496836,30.2762692],[-97.7497736,30.2762942],[-97.7497751,30.2762903],[-97.749685,30.2762653],[-97.7496836,30.2762692]]]}},{"type":"Feature","properties":{"kind":"front","fam":"plSign","wd":"#3a3228","wg":"#564635","wn":"#b09e87","base":4.3,"h":5.35,"nm":"Davis Gallery and Framing","cat":"frame","src":"G","bid":"1d2b5aff-dbff-4fc3-aae8-c9ec7a5a27a5"},"geometry":{"type":"Polygon","coordinates":[[[-97.7496836,30.2762692],[-97.7497736,30.2762942],[-97.7497751,30.2762903],[-97.749685,30.2762653],[-97.7496836,30.2762692]]]}},{"type":"Feature","properties":{"kind":"awning","fam":"plAwn","wd":"#36332f","wg":"#56493c","wn":"#0e0f16","base":3.84,"h":4.2,"nm":"Davis Gallery and Framing","cat":"frame","src":"G","bid":"1d2b5aff-dbff-4fc3-aae8-c9ec7a5a27a5"},"geometry":{"type":"Polygon","coordinates":[[[-97.7496804,30.2762777],[-97.7497705,30.2763027],[-97.7497741,30.2762929],[-97.749684,30.2762679],[-97.7496804,30.2762777]]]}},{"type":"Feature","properties":{"kind":"front","fam":"plBulk","wd":"#39332e","wg":"#59493b","wn":"#0e0f16","base":0.0,"h":0.55,"nm":"Davis Gallery and Framing","cat":"frame","src":"G","bid":"1d2b5aff-dbff-4fc3-aae8-c9ec7a5a27a5"},"geometry":{"type":"Polygon","coordinates":[[[-97.7498047,30.2762108],[-97.749847,30.2762225],[-97.7498485,30.2762186],[-97.7498062,30.2762069],[-97.7498047,30.2762108]]]}},{"type":"Feature","properties":{"kind":"front","fam":"plGlass","wd":"#6e7a84","wg":"#858584","wn":"#14171f","base":0.55,"h":4.3,"nm":"Davis Gallery and Framing","cat":"frame","src":"G","bid":"1d2b5aff-dbff-4fc3-aae8-c9ec7a5a27a5"},"geometry":{"type":"Polygon","coordinates":[[[-97.7498047,30.2762108],[-97.749847,30.2762225],[-97.7498485,30.2762186],[-97.7498062,30.2762069],[-97.7498047,30.2762108]]]}},{"type":"Feature","properties":{"kind":"front","fam":"plSign","wd":"#3a3228","wg":"#564635","wn":"#b09e87","base":4.3,"h":5.35,"nm":"Davis Gallery and Framing","cat":"frame","src":"G","bid":"1d2b5aff-dbff-4fc3-aae8-c9ec7a5a27a5"},"geometry":{"type":"Polygon","coordinates":[[[-97.7498047,30.2762108],[-97.749847,30.2762225],[-97.7498485,30.2762186],[-97.7498062,30.2762069],[-97.7498047,30.2762108]]]}},{"type":"Feature","properties":{"kind":"awning","fam":"plAwn","wd":"#36332f","wg":"#56493c","wn":"#0e0f16","base":3.84,"h":4.2,"nm":"Davis Gallery and Framing","cat":"frame","src":"G","bid":"1d2b5aff-dbff-4fc3-aae8-c9ec7a5a27a5"},"geometry":{"type":"Polygon","coordinates":[[[-97.7498016,30.2762193],[-97.7498439,30.276231],[-97.7498475,30.2762212],[-97.7498052,30.2762095],[-97.7498016,30.2762193]]]}},{"type":"Feature","properties":{"kind":"front","fam":"plBulk","wd":"#39332e","wg":"#59493b","wn":"#0e0f16","base":0.0,"h":0.55,"nm":"Davis Gallery and Framing","cat":"frame","src":"G","bid":"1d2b5aff-dbff-4fc3-aae8-c9ec7a5a27a5"},"geometry":{"type":"Polygon","coordinates":[[[-97.749851,30.2762207],[-97.7498562,30.2762067],[-97.7498517,30.2762055],[-97.7498465,30.2762195],[-97.749851,30.2762207]]]}},{"type":"Feature","properties":{"kind":"front","fam":"plGlass","wd":"#6e7a84","wg":"#858584","wn":"#14171f","base":0.55,"h":4.3,"nm":"Davis Gallery and Framing","cat":"frame","src":"G","bid":"1d2b5aff-dbff-4fc3-aae8-c9ec7a5a27a5"},"geometry":{"type":"Polygon","coordinates":[[[-97.749851,30.2762207],[-97.7498562,30.2762067],[-97.7498517,30.2762055],[-97.7498465,30.2762195],[-97.749851,30.2762207]]]}},{"type":"Feature","properties":{"kind":"front","fam":"plSign","wd":"#3a3228","wg":"#564635","wn":"#b09e87","base":4.3,"h":5.35,"nm":"Davis Gallery and Framing","cat":"frame","src":"G","bid":"1d2b5aff-dbff-4fc3-aae8-c9ec7a5a27a5"},"geometry":{"type":"Polygon","coordinates":[[[-97.749851,30.2762207],[-97.7498562,30.2762067],[-97.7498517,30.2762055],[-97.7498465,30.2762195],[-97.749851,30.2762207]]]}},{"type":"Feature","properties":{"kind":"awning","fam":"plAwn","wd":"#36332f","wg":"#56493c","wn":"#0e0f16","base":3.84,"h":4.2,"nm":"Davis Gallery and Framing","cat":"frame","src":"G","bid":"1d2b5aff-dbff-4fc3-aae8-c9ec7a5a27a5"},"geometry":{"type":"Polygon","coordinates":[[[-97.7498609,30.2762235],[-97.7498661,30.2762095],[-97.7498547,30.2762063],[-97.7498495,30.2762203],[-97.7498609,30.2762235]]]}},{"type":"Feature","properties":{"kind":"label","nm":"Davis Gallery and Framing","cat":"frame","src":"G","sign":"#3a3228","dark":1},"geometry":{"type":"Point","coordinates":[-97.7497515,30.2763069]}},{"type":"Feature","properties":{"kind":"front","fam":"plBulk","wd":"#39332e","wg":"#59493b","wn":"#0e0f16","base":0.0,"h":0.55,"nm":"Tomlinson's Feed","cat":"pet","src":"G","bid":"1d5be266-eb84-4cf7-94ea-ef72c9812434"},"geometry":{"type":"Polygon","coordinates":[[[-97.7510157,30.2769236],[-97.750929,30.2768953],[-97.7509273,30.2768991],[-97.7510141,30.2769274],[-97.7510157,30.2769236]]]}},{"type":"Feature","properties":{"kind":"front","fam":"plGlass","wd":"#6e7a84","wg":"#858584","wn":"#14171f","base":0.55,"h":4.1,"nm":"Tomlinson's Feed","cat":"pet","src":"G","bid":"1d5be266-eb84-4cf7-94ea-ef72c9812434"},"geometry":{"type":"Polygon","coordinates":[[[-97.7510157,30.2769236],[-97.750929,30.2768953],[-97.7509273,30.2768991],[-97.7510141,30.2769274],[-97.7510157,30.2769236]]]}},{"type":"Feature","properties":{"kind":"front","fam":"plSign","wd":"#3a4a2a","wg":"#565a36","wn":"#adca87","base":4.1,"h":5.02,"nm":"Tomlinson's Feed","cat":"pet","src":"G","bid":"1d5be266-eb84-4cf7-94ea-ef72c9812434"},"geometry":{"type":"Polygon","coordinates":[[[-97.7510157,30.2769236],[-97.750929,30.2768953],[-97.7509273,30.2768991],[-97.7510141,30.2769274],[-97.7510157,30.2769236]]]}},{"type":"Feature","properties":{"kind":"awning","fam":"plAwn","wd":"#364531","wg":"#56583e","wn":"#0e1116","base":3.64,"h":4.0,"nm":"Tomlinson's Feed","cat":"pet","src":"G","bid":"1d5be266-eb84-4cf7-94ea-ef72c9812434"},"geometry":{"type":"Polygon","coordinates":[[[-97.7510194,30.2769152],[-97.7509327,30.2768869],[-97.7509285,30.2768965],[-97.7510152,30.2769248],[-97.7510194,30.2769152]]]}},{"type":"Feature","properties":{"kind":"front","fam":"plBulk","wd":"#39332e","wg":"#59493b","wn":"#0e0f16","base":0.0,"h":0.55,"nm":"Tomlinson's Feed","cat":"pet","src":"G","bid":"1d5be266-eb84-4cf7-94ea-ef72c9812434"},"geometry":{"type":"Polygon","coordinates":[[[-97.750925,30.2768968],[-97.7509022,30.2769479],[-97.7509066,30.2769493],[-97.7509294,30.2768983],[-97.750925,30.2768968]]]}},{"type":"Feature","properties":{"kind":"front","fam":"plGlass","wd":"#6e7a84","wg":"#858584","wn":"#14171f","base":0.55,"h":4.1,"nm":"Tomlinson's Feed","cat":"pet","src":"G","bid":"1d5be266-eb84-4cf7-94ea-ef72c9812434"},"geometry":{"type":"Polygon","coordinates":[[[-97.750925,30.2768968],[-97.7509022,30.2769479],[-97.7509066,30.2769493],[-97.7509294,30.2768983],[-97.750925,30.2768968]]]}},{"type":"Feature","properties":{"kind":"front","fam":"plSign","wd":"#3a4a2a","wg":"#565a36","wn":"#adca87","base":4.1,"h":5.02,"nm":"Tomlinson's Feed","cat":"pet","src":"G","bid":"1d5be266-eb84-4cf7-94ea-ef72c9812434"},"geometry":{"type":"Polygon","coordinates":[[[-97.750925,30.2768968],[-97.7509022,30.2769479],[-97.7509066,30.2769493],[-97.7509294,30.2768983],[-97.750925,30.2768968]]]}},{"type":"Feature","properties":{"kind":"awning","fam":"plAwn","wd":"#364531","wg":"#56583e","wn":"#0e1116","base":3.64,"h":4.0,"nm":"Tomlinson's Feed","cat":"pet","src":"G","bid":"1d5be266-eb84-4cf7-94ea-ef72c9812434"},"geometry":{"type":"Polygon","coordinates":[[[-97.7509153,30.2768936],[-97.7508925,30.2769447],[-97.7509037,30.2769484],[-97.7509264,30.2768973],[-97.7509153,30.2768936]]]}},{"type":"Feature","properties":{"kind":"label","nm":"Tomlinson's Feed","cat":"pet","src":"G","sign":"#3a4a2a","dark":1},"geometry":{"type":"Point","coordinates":[-97.7509501,30.276883]}},{"type":"Feature","properties":{"kind":"front","fam":"plBulk","wd":"#39332e","wg":"#59493b","wn":"#0e0f16","base":0.0,"h":0.55,"nm":"The Tavern","cat":"pub","src":"G","bid":"1d88bbf2-0038-40b3-a635-2bbd28a1e092"},"geometry":{"type":"Polygon","coordinates":[[[-97.7511178,30.2771886],[-97.7511271,30.2771679],[-97.7511227,30.2771664],[-97.7511134,30.2771872],[-97.7511178,30.2771886]]]}},{"type":"Feature","properties":{"kind":"front","fam":"plGlass","wd":"#6e7a84","wg":"#858584","wn":"#14171f","base":0.55,"h":4.3,"nm":"The Tavern","cat":"pub","src":"G","bid":"1d88bbf2-0038-40b3-a635-2bbd28a1e092"},"geometry":{"type":"Polygon","coordinates":[[[-97.7511178,30.2771886],[-97.7511271,30.2771679],[-97.7511227,30.2771664],[-97.7511134,30.2771872],[-97.7511178,30.2771886]]]}},{"type":"Feature","properties":{"kind":"front","fam":"plSign","wd":"#2b2018","wg":"#493627","wn":"#c8a284","base":4.3,"h":5.35,"nm":"The Tavern","cat":"pub","src":"G","bid":"1d88bbf2-0038-40b3-a635-2bbd28a1e092"},"geometry":{"type":"Polygon","coordinates":[[[-97.7511178,30.2771886],[-97.7511271,30.2771679],[-97.7511227,30.2771664],[-97.7511134,30.2771872],[-97.7511178,30.2771886]]]}},{"type":"Feature","properties":{"kind":"awning","fam":"plAwn","wd":"#2a2523","wg":"#4c3d32","wn":"#0c0d15","base":3.84,"h":4.2,"nm":"The Tavern","cat":"pub","src":"G","bid":"1d88bbf2-0038-40b3-a635-2bbd28a1e092"},"geometry":{"type":"Polygon","coordinates":[[[-97.7511275,30.2771919],[-97.7511368,30.2771711],[-97.7511257,30.2771674],[-97.7511163,30.2771881],[-97.7511275,30.2771919]]]}},{"type":"Feature","properties":{"kind":"front","fam":"plBulk","wd":"#39332e","wg":"#59493b","wn":"#0e0f16","base":0.0,"h":0.55,"nm":"The Tavern","cat":"pub","src":"G","bid":"1d88bbf2-0038-40b3-a635-2bbd28a1e092"},"geometry":{"type":"Polygon","coordinates":[[[-97.7511187,30.2771651],[-97.7511387,30.2771206],[-97.7511343,30.2771191],[-97.7511143,30.2771636],[-97.7511187,30.2771651]]]}},{"type":"Feature","properties":{"kind":"front","fam":"plGlass","wd":"#6e7a84","wg":"#858584","wn":"#14171f","base":0.55,"h":4.3,"nm":"The Tavern","cat":"pub","src":"G","bid":"1d88bbf2-0038-40b3-a635-2bbd28a1e092"},"geometry":{"type":"Polygon","coordinates":[[[-97.7511187,30.2771651],[-97.7511387,30.2771206],[-97.7511343,30.2771191],[-97.7511143,30.2771636],[-97.7511187,30.2771651]]]}},{"type":"Feature","properties":{"kind":"front","fam":"plSign","wd":"#2b2018","wg":"#493627","wn":"#c8a284","base":4.3,"h":5.35,"nm":"The Tavern","cat":"pub","src":"G","bid":"1d88bbf2-0038-40b3-a635-2bbd28a1e092"},"geometry":{"type":"Polygon","coordinates":[[[-97.7511187,30.2771651],[-97.7511387,30.2771206],[-97.7511343,30.2771191],[-97.7511143,30.2771636],[-97.7511187,30.2771651]]]}},{"type":"Feature","properties":{"kind":"awning","fam":"plAwn","wd":"#2a2523","wg":"#4c3d32","wn":"#0c0d15","base":3.84,"h":4.2,"nm":"The Tavern","cat":"pub","src":"G","bid":"1d88bbf2-0038-40b3-a635-2bbd28a1e092"},"geometry":{"type":"Polygon","coordinates":[[[-97.7511284,30.2771683],[-97.7511484,30.2771238],[-97.7511373,30.2771201],[-97.7511173,30.2771646],[-97.7511284,30.2771683]]]}},{"type":"Feature","properties":{"kind":"front","fam":"plBulk","wd":"#39332e","wg":"#59493b","wn":"#0e0f16","base":0.0,"h":0.55,"nm":"The Tavern","cat":"pub","src":"G","bid":"1d88bbf2-0038-40b3-a635-2bbd28a1e092"},"geometry":{"type":"Polygon","coordinates":[[[-97.7511669,30.27713],[-97.7511941,30.2770696],[-97.7511897,30.2770681],[-97.7511625,30.2771285],[-97.7511669,30.27713]]]}},{"type":"Feature","properties":{"kind":"front","fam":"plGlass","wd":"#6e7a84","wg":"#858584","wn":"#14171f","base":0.55,"h":4.3,"nm":"The Tavern","cat":"pub","src":"G","bid":"1d88bbf2-0038-40b3-a635-2bbd28a1e092"},"geometry":{"type":"Polygon","coordinates":[[[-97.7511669,30.27713],[-97.7511941,30.2770696],[-97.7511897,30.2770681],[-97.7511625,30.2771285],[-97.7511669,30.27713]]]}},{"type":"Feature","properties":{"kind":"front","fam":"plSign","wd":"#2b2018","wg":"#493627","wn":"#c8a284","base":4.3,"h":5.35,"nm":"The Tavern","cat":"pub","src":"G","bid":"1d88bbf2-0038-40b3-a635-2bbd28a1e092"},"geometry":{"type":"Polygon","coordinates":[[[-97.7511669,30.27713],[-97.7511941,30.2770696],[-97.7511897,30.2770681],[-97.7511625,30.2771285],[-97.7511669,30.27713]]]}},{"type":"Feature","properties":{"kind":"awning","fam":"plAwn","wd":"#2a2523","wg":"#4c3d32","wn":"#0c0d15","base":3.84,"h":4.2,"nm":"The Tavern","cat":"pub","src":"G","bid":"1d88bbf2-0038-40b3-a635-2bbd28a1e092"},"geometry":{"type":"Polygon","coordinates":[[[-97.7511766,30.2771332],[-97.7512038,30.2770729],[-97.7511926,30.2770691],[-97.7511655,30.2771295],[-97.7511766,30.2771332]]]}},{"type":"Feature","properties":{"kind":"label","nm":"The Tavern","cat":"pub","src":"G","sign":"#2b2018","dark":1},"geometry":{"type":"Point","coordinates":[-97.7511566,30.2771304]}},{"type":"Feature","properties":{"kind":"front","fam":"plBulk","wd":"#39332e","wg":"#59493b","wn":"#0e0f16","base":0.0,"h":0.55,"nm":"Rancho Rio Eatery","cat":"food_court","src":"G","bid":"1e7376ff-05e6-410d-a458-ddc0debbece7"},"geometry":{"type":"Polygon","coordinates":[[[-97.7448364,30.2906265],[-97.7449804,30.2906362],[-97.7449807,30.2906322],[-97.7448368,30.2906225],[-97.7448364,30.2906265]]]}},{"type":"Feature","properties":{"kind":"front","fam":"plGlass","wd":"#6e7a84","wg":"#858584","wn":"#14171f","base":0.55,"h":4.3,"nm":"Rancho Rio Eatery","cat":"food_court","src":"G","bid":"1e7376ff-05e6-410d-a458-ddc0debbece7"},"geometry":{"type":"Polygon","coordinates":[[[-97.7448364,30.2906265],[-97.7449804,30.2906362],[-97.7449807,30.2906322],[-97.7448368,30.2906225],[-97.7448364,30.2906265]]]}},{"type":"Feature","properties":{"kind":"front","fam":"plSign","wd":"#4a4038","wg":"#635242","wn":"#a8988a","base":4.3,"h":5.35,"nm":"Rancho Rio Eatery","cat":"food_court","src":"G","bid":"1e7376ff-05e6-410d-a458-ddc0debbece7"},"geometry":{"type":"Polygon","coordinates":[[[-97.7448364,30.2906265],[-97.7449804,30.2906362],[-97.7449807,30.2906322],[-97.7448368,30.2906225],[-97.7448364,30.2906265]]]}},{"type":"Feature","properties":{"kind":"awning","fam":"plAwn","wd":"#423e3b","wg":"#605246","wn":"#0f1017","base":3.84,"h":4.2,"nm":"Rancho Rio Eatery","cat":"food_court","src":"G","bid":"1e7376ff-05e6-410d-a458-ddc0debbece7"},"geometry":{"type":"Polygon","coordinates":[[[-97.7448356,30.2906355],[-97.7449796,30.2906451],[-97.7449805,30.2906348],[-97.7448365,30.2906252],[-97.7448356,30.2906355]]]}},{"type":"Feature","properties":{"kind":"front","fam":"plBulk","wd":"#39332e","wg":"#59493b","wn":"#0e0f16","base":0.0,"h":0.55,"nm":"Rancho Rio Eatery","cat":"food_court","src":"G","bid":"1e7376ff-05e6-410d-a458-ddc0debbece7"},"geometry":{"type":"Polygon","coordinates":[[[-97.7449837,30.2906338],[-97.7449849,30.2906238],[-97.7449802,30.2906233],[-97.744979,30.2906334],[-97.7449837,30.2906338]]]}},{"type":"Feature","properties":{"kind":"front","fam":"plGlass","wd":"#6e7a84","wg":"#858584","wn":"#14171f","base":0.55,"h":4.3,"nm":"Rancho Rio Eatery","cat":"food_court","src":"G","bid":"1e7376ff-05e6-410d-a458-ddc0debbece7"},"geometry":{"type":"Polygon","coordinates":[[[-97.7449837,30.2906338],[-97.7449849,30.2906238],[-97.7449802,30.2906233],[-97.744979,30.2906334],[-97.7449837,30.2906338]]]}},{"type":"Feature","properties":{"kind":"front","fam":"plSign","wd":"#4a4038","wg":"#635242","wn":"#a8988a","base":4.3,"h":5.35,"nm":"Rancho Rio Eatery","cat":"food_court","src":"G","bid":"1e7376ff-05e6-410d-a458-ddc0debbece7"},"geometry":{"type":"Polygon","coordinates":[[[-97.7449837,30.2906338],[-97.7449849,30.2906238],[-97.7449802,30.2906233],[-97.744979,30.2906334],[-97.7449837,30.2906338]]]}},{"type":"Feature","properties":{"kind":"awning","fam":"plAwn","wd":"#423e3b","wg":"#605246","wn":"#0f1017","base":3.84,"h":4.2,"nm":"Rancho Rio Eatery","cat":"food_court","src":"G","bid":"1e7376ff-05e6-410d-a458-ddc0debbece7"},"geometry":{"type":"Polygon","coordinates":[[[-97.7449941,30.2906347],[-97.7449953,30.2906247],[-97.7449834,30.2906236],[-97.7449822,30.2906336],[-97.7449941,30.2906347]]]}},{"type":"Feature","properties":{"kind":"label","nm":"Rancho Rio Eatery","cat":"food_court","src":"G","sign":"#4a4038","dark":1},"geometry":{"type":"Point","coordinates":[-97.7449126,30.2906497]}},{"type":"Feature","properties":{"kind":"front","fam":"plBulk","wd":"#39332e","wg":"#59493b","wn":"#0e0f16","base":0.0,"h":0.55,"nm":"7-Eleven","cat":"convenience","src":"S","bid":"208bab24-cf3c-4776-992c-bea88833c8d2"},"geometry":{"type":"Polygon","coordinates":[[[-97.7419156,30.29069],[-97.7419187,30.2906598],[-97.741914,30.2906595],[-97.741911,30.2906897],[-97.7419156,30.29069]]]}},{"type":"Feature","properties":{"kind":"front","fam":"plGlass","wd":"#6e7a84","wg":"#858584","wn":"#14171f","base":0.55,"h":4.3,"nm":"7-Eleven","cat":"convenience","src":"S","bid":"208bab24-cf3c-4776-992c-bea88833c8d2"},"geometry":{"type":"Polygon","coordinates":[[[-97.7419156,30.29069],[-97.7419187,30.2906598],[-97.741914,30.2906595],[-97.741911,30.2906897],[-97.7419156,30.29069]]]}},{"type":"Feature","properties":{"kind":"front","fam":"plSign","wd":"#f4811f","wg":"#f68a2d","wn":"#f19545","base":4.3,"h":5.35,"nm":"7-Eleven","cat":"convenience","src":"S","bid":"208bab24-cf3c-4776-992c-bea88833c8d2"},"geometry":{"type":"Polygon","coordinates":[[[-97.7419156,30.29069],[-97.7419187,30.2906598],[-97.741914,30.2906595],[-97.741911,30.2906897],[-97.7419156,30.29069]]]}},{"type":"Feature","properties":{"kind":"awning","fam":"plAwn","wd":"#c67028","wg":"#cf7c36","wn":"#1d1615","base":3.84,"h":4.2,"nm":"7-Eleven","cat":"convenience","src":"S","bid":"208bab24-cf3c-4776-992c-bea88833c8d2"},"geometry":{"type":"Polygon","coordinates":[[[-97.741926,30.2906908],[-97.7419291,30.2906606],[-97.7419172,30.2906597],[-97.7419141,30.2906899],[-97.741926,30.2906908]]]}},{"type":"Feature","properties":{"kind":"front","fam":"plBulk","wd":"#39332e","wg":"#59493b","wn":"#0e0f16","base":0.0,"h":0.55,"nm":"7-Eleven","cat":"convenience","src":"S","bid":"208bab24-cf3c-4776-992c-bea88833c8d2"},"geometry":{"type":"Polygon","coordinates":[[[-97.7419159,30.2906569],[-97.7417954,30.2906478],[-97.741795,30.2906519],[-97.7419155,30.2906609],[-97.7419159,30.2906569]]]}},{"type":"Feature","properties":{"kind":"front","fam":"plGlass","wd":"#6e7a84","wg":"#858584","wn":"#14171f","base":0.55,"h":4.3,"nm":"7-Eleven","cat":"convenience","src":"S","bid":"208bab24-cf3c-4776-992c-bea88833c8d2"},"geometry":{"type":"Polygon","coordinates":[[[-97.7419159,30.2906569],[-97.7417954,30.2906478],[-97.741795,30.2906519],[-97.7419155,30.2906609],[-97.7419159,30.2906569]]]}},{"type":"Feature","properties":{"kind":"front","fam":"plSign","wd":"#f4811f","wg":"#f68a2d","wn":"#f19545","base":4.3,"h":5.35,"nm":"7-Eleven","cat":"convenience","src":"S","bid":"208bab24-cf3c-4776-992c-bea88833c8d2"},"geometry":{"type":"Polygon","coordinates":[[[-97.7419159,30.2906569],[-97.7417954,30.2906478],[-97.741795,30.2906519],[-97.7419155,30.2906609],[-97.7419159,30.2906569]]]}},{"type":"Feature","properties":{"kind":"awning","fam":"plAwn","wd":"#c67028","wg":"#cf7c36","wn":"#1d1615","base":3.84,"h":4.2,"nm":"7-Eleven","cat":"convenience","src":"S","bid":"208bab24-cf3c-4776-992c-bea88833c8d2"},"geometry":{"type":"Polygon","coordinates":[[[-97.7419168,30.290648],[-97.7417963,30.2906389],[-97.7417953,30.2906492],[-97.7419157,30.2906583],[-97.7419168,30.290648]]]}},{"type":"Feature","properties":{"kind":"label","nm":"7-Eleven","cat":"convenience","src":"S","sign":"#f4811f","dark":0},"geometry":{"type":"Point","coordinates":[-97.7418749,30.2906358]}},{"type":"Feature","properties":{"kind":"front","fam":"plBulk","wd":"#39332e","wg":"#59493b","wn":"#0e0f16","base":0.0,"h":0.55,"nm":"Starbucks","cat":"cafe","src":"S","bid":"22515591-054e-462c-94a3-bfee9bc21b82"},"geometry":{"type":"Polygon","coordinates":[[[-97.7443433,30.2781082],[-97.7444506,30.2781388],[-97.7444521,30.2781349],[-97.7443447,30.2781043],[-97.7443433,30.2781082]]]}},{"type":"Feature","properties":{"kind":"front","fam":"plGlass","wd":"#6e7a84","wg":"#858584","wn":"#14171f","base":0.55,"h":4.3,"nm":"Starbucks","cat":"cafe","src":"S","bid":"22515591-054e-462c-94a3-bfee9bc21b82"},"geometry":{"type":"Polygon","coordinates":[[[-97.7443433,30.2781082],[-97.7444506,30.2781388],[-97.7444521,30.2781349],[-97.7443447,30.2781043],[-97.7443433,30.2781082]]]}},{"type":"Feature","properties":{"kind":"front","fam":"plSign","wd":"#006241","wg":"#246f4a","wn":"#33efab","base":4.3,"h":5.35,"nm":"Starbucks","cat":"cafe","src":"S","bid":"22515591-054e-462c-94a3-bfee9bc21b82"},"geometry":{"type":"Polygon","coordinates":[[[-97.7443433,30.2781082],[-97.7444506,30.2781388],[-97.7444521,30.2781349],[-97.7443447,30.2781043],[-97.7443433,30.2781082]]]}},{"type":"Feature","properties":{"kind":"awning","fam":"plAwn","wd":"#095842","wg":"#30684c","wn":"#091318","base":3.84,"h":4.2,"nm":"Starbucks","cat":"cafe","src":"S","bid":"22515591-054e-462c-94a3-bfee9bc21b82"},"geometry":{"type":"Polygon","coordinates":[[[-97.74434,30.2781167],[-97.7444474,30.2781473],[-97.7444511,30.2781375],[-97.7443438,30.2781069],[-97.74434,30.2781167]]]}},{"type":"Feature","properties":{"kind":"front","fam":"plBulk","wd":"#39332e","wg":"#59493b","wn":"#0e0f16","base":0.0,"h":0.55,"nm":"Starbucks","cat":"cafe","src":"S","bid":"22515591-054e-462c-94a3-bfee9bc21b82"},"geometry":{"type":"Polygon","coordinates":[[[-97.7444506,30.2781388],[-97.7444915,30.2781504],[-97.7444929,30.2781466],[-97.7444521,30.2781349],[-97.7444506,30.2781388]]]}},{"type":"Feature","properties":{"kind":"front","fam":"plGlass","wd":"#6e7a84","wg":"#858584","wn":"#14171f","base":0.55,"h":4.3,"nm":"Starbucks","cat":"cafe","src":"S","bid":"22515591-054e-462c-94a3-bfee9bc21b82"},"geometry":{"type":"Polygon","coordinates":[[[-97.7444506,30.2781388],[-97.7444915,30.2781504],[-97.7444929,30.2781466],[-97.7444521,30.2781349],[-97.7444506,30.2781388]]]}},{"type":"Feature","properties":{"kind":"front","fam":"plSign","wd":"#006241","wg":"#246f4a","wn":"#33efab","base":4.3,"h":5.35,"nm":"Starbucks","cat":"cafe","src":"S","bid":"22515591-054e-462c-94a3-bfee9bc21b82"},"geometry":{"type":"Polygon","coordinates":[[[-97.7444506,30.2781388],[-97.7444915,30.2781504],[-97.7444929,30.2781466],[-97.7444521,30.2781349],[-97.7444506,30.2781388]]]}},{"type":"Feature","properties":{"kind":"awning","fam":"plAwn","wd":"#095842","wg":"#30684c","wn":"#091318","base":3.84,"h":4.2,"nm":"Starbucks","cat":"cafe","src":"S","bid":"22515591-054e-462c-94a3-bfee9bc21b82"},"geometry":{"type":"Polygon","coordinates":[[[-97.7444474,30.2781473],[-97.7444882,30.2781589],[-97.7444919,30.2781491],[-97.7444511,30.2781375],[-97.7444474,30.2781473]]]}},{"type":"Feature","properties":{"kind":"label","nm":"Starbucks","cat":"cafe","src":"S","sign":"#006241","dark":1},"geometry":{"type":"Point","coordinates":[-97.7444108,30.2781463]}},{"type":"Feature","properties":{"kind":"front","fam":"plBulk","wd":"#39332e","wg":"#59493b","wn":"#0e0f16","base":0.0,"h":0.55,"nm":"Pluckers Wing Bar","cat":"restaurant","src":"S","bid":"24e04326-a7f3-42cc-bad0-76c3427e389c"},"geometry":{"type":"Polygon","coordinates":[[[-97.7449522,30.2862459],[-97.7449408,30.2863803],[-97.7449455,30.2863806],[-97.7449569,30.2862462],[-97.7449522,30.2862459]]]}},{"type":"Feature","properties":{"kind":"front","fam":"plGlass","wd":"#6e7a84","wg":"#858584","wn":"#14171f","base":0.55,"h":4.3,"nm":"Pluckers Wing Bar","cat":"restaurant","src":"S","bid":"24e04326-a7f3-42cc-bad0-76c3427e389c"},"geometry":{"type":"Polygon","coordinates":[[[-97.7449522,30.2862459],[-97.7449408,30.2863803],[-97.7449455,30.2863806],[-97.7449569,30.2862462],[-97.7449522,30.2862459]]]}},{"type":"Feature","properties":{"kind":"front","fam":"plSign","wd":"#ffe525","wg":"#ffe032","wn":"#f1dc49","base":4.3,"h":5.35,"nm":"Pluckers Wing Bar","cat":"restaurant","src":"S","bid":"24e04326-a7f3-42cc-bad0-76c3427e389c"},"geometry":{"type":"Polygon","coordinates":[[[-97.7449522,30.2862459],[-97.7449408,30.2863803],[-97.7449455,30.2863806],[-97.7449569,30.2862462],[-97.7449522,30.2862459]]]}},{"type":"Feature","properties":{"kind":"awning","fam":"plAwn","wd":"#cebd2d","wg":"#d6bd3b","wn":"#1e1e16","base":3.84,"h":4.2,"nm":"Pluckers Wing Bar","cat":"restaurant","src":"S","bid":"24e04326-a7f3-42cc-bad0-76c3427e389c"},"geometry":{"type":"Polygon","coordinates":[[[-97.7449418,30.2862452],[-97.7449304,30.2863796],[-97.7449424,30.2863804],[-97.7449538,30.286246],[-97.7449418,30.2862452]]]}},{"type":"Feature","properties":{"kind":"label","nm":"Pluckers Wing Bar","cat":"restaurant","src":"S","sign":"#ffe525","dark":0},"geometry":{"type":"Point","coordinates":[-97.7449258,30.2863118]}},{"type":"Feature","properties":{"kind":"front","fam":"plBulk","wd":"#39332e","wg":"#59493b","wn":"#0e0f16","base":0.0,"h":0.55,"nm":"CoCo's Cafe","cat":"cafe","src":"G","bid":"25272be7-25c8-4932-b3ce-3b9c7324ed1e"},"geometry":{"type":"Polygon","coordinates":[[[-97.7422268,30.2825383],[-97.7422227,30.2825871],[-97.7422274,30.2825874],[-97.7422315,30.2825386],[-97.7422268,30.2825383]]]}},{"type":"Feature","properties":{"kind":"front","fam":"plGlass","wd":"#6e7a84","wg":"#858584","wn":"#14171f","base":0.55,"h":4.03,"nm":"CoCo's Cafe","cat":"cafe","src":"G","bid":"25272be7-25c8-4932-b3ce-3b9c7324ed1e"},"geometry":{"type":"Polygon","coordinates":[[[-97.7422268,30.2825383],[-97.7422227,30.2825871],[-97.7422274,30.2825874],[-97.7422315,30.2825386],[-97.7422268,30.2825383]]]}},{"type":"Feature","properties":{"kind":"front","fam":"plSign","wd":"#6b4a33","wg":"#805a3e","wn":"#e1ab82","base":4.03,"h":4.93,"nm":"CoCo's Cafe","cat":"cafe","src":"G","bid":"25272be7-25c8-4932-b3ce-3b9c7324ed1e"},"geometry":{"type":"Polygon","coordinates":[[[-97.7422268,30.2825383],[-97.7422227,30.2825871],[-97.7422274,30.2825874],[-97.7422315,30.2825386],[-97.7422268,30.2825383]]]}},{"type":"Feature","properties":{"kind":"awning","fam":"plAwn","wd":"#5c4537","wg":"#765843","wn":"#121117","base":3.57,"h":3.93,"nm":"CoCo's Cafe","cat":"cafe","src":"G","bid":"25272be7-25c8-4932-b3ce-3b9c7324ed1e"},"geometry":{"type":"Polygon","coordinates":[[[-97.7422165,30.2825376],[-97.7422123,30.2825864],[-97.7422242,30.2825872],[-97.7422284,30.2825384],[-97.7422165,30.2825376]]]}},{"type":"Feature","properties":{"kind":"front","fam":"plBulk","wd":"#39332e","wg":"#59493b","wn":"#0e0f16","base":0.0,"h":0.55,"nm":"CoCo's Cafe","cat":"cafe","src":"G","bid":"25272be7-25c8-4932-b3ce-3b9c7324ed1e"},"geometry":{"type":"Polygon","coordinates":[[[-97.7422324,30.2825904],[-97.7422689,30.2825927],[-97.7422692,30.2825887],[-97.7422327,30.2825864],[-97.7422324,30.2825904]]]}},{"type":"Feature","properties":{"kind":"front","fam":"plGlass","wd":"#6e7a84","wg":"#858584","wn":"#14171f","base":0.55,"h":4.03,"nm":"CoCo's Cafe","cat":"cafe","src":"G","bid":"25272be7-25c8-4932-b3ce-3b9c7324ed1e"},"geometry":{"type":"Polygon","coordinates":[[[-97.7422324,30.2825904],[-97.7422689,30.2825927],[-97.7422692,30.2825887],[-97.7422327,30.2825864],[-97.7422324,30.2825904]]]}},{"type":"Feature","properties":{"kind":"front","fam":"plSign","wd":"#6b4a33","wg":"#805a3e","wn":"#e1ab82","base":4.03,"h":4.93,"nm":"CoCo's Cafe","cat":"cafe","src":"G","bid":"25272be7-25c8-4932-b3ce-3b9c7324ed1e"},"geometry":{"type":"Polygon","coordinates":[[[-97.7422324,30.2825904],[-97.7422689,30.2825927],[-97.7422692,30.2825887],[-97.7422327,30.2825864],[-97.7422324,30.2825904]]]}},{"type":"Feature","properties":{"kind":"awning","fam":"plAwn","wd":"#5c4537","wg":"#765843","wn":"#121117","base":3.57,"h":3.93,"nm":"CoCo's Cafe","cat":"cafe","src":"G","bid":"25272be7-25c8-4932-b3ce-3b9c7324ed1e"},"geometry":{"type":"Polygon","coordinates":[[[-97.7422316,30.2825993],[-97.7422681,30.2826016],[-97.742269,30.2825913],[-97.7422325,30.282589],[-97.7422316,30.2825993]]]}},{"type":"Feature","properties":{"kind":"front","fam":"plBulk","wd":"#39332e","wg":"#59493b","wn":"#0e0f16","base":0.0,"h":0.55,"nm":"CoCo's Cafe","cat":"cafe","src":"G","bid":"25272be7-25c8-4932-b3ce-3b9c7324ed1e"},"geometry":{"type":"Polygon","coordinates":[[[-97.7422689,30.2825927],[-97.7423216,30.282596],[-97.7423219,30.282592],[-97.7422692,30.2825887],[-97.7422689,30.2825927]]]}},{"type":"Feature","properties":{"kind":"front","fam":"plGlass","wd":"#6e7a84","wg":"#858584","wn":"#14171f","base":0.55,"h":4.03,"nm":"CoCo's Cafe","cat":"cafe","src":"G","bid":"25272be7-25c8-4932-b3ce-3b9c7324ed1e"},"geometry":{"type":"Polygon","coordinates":[[[-97.7422689,30.2825927],[-97.7423216,30.282596],[-97.7423219,30.282592],[-97.7422692,30.2825887],[-97.7422689,30.2825927]]]}},{"type":"Feature","properties":{"kind":"front","fam":"plSign","wd":"#6b4a33","wg":"#805a3e","wn":"#e1ab82","base":4.03,"h":4.93,"nm":"CoCo's Cafe","cat":"cafe","src":"G","bid":"25272be7-25c8-4932-b3ce-3b9c7324ed1e"},"geometry":{"type":"Polygon","coordinates":[[[-97.7422689,30.2825927],[-97.7423216,30.282596],[-97.7423219,30.282592],[-97.7422692,30.2825887],[-97.7422689,30.2825927]]]}},{"type":"Feature","properties":{"kind":"awning","fam":"plAwn","wd":"#5c4537","wg":"#765843","wn":"#121117","base":3.57,"h":3.93,"nm":"CoCo's Cafe","cat":"cafe","src":"G","bid":"25272be7-25c8-4932-b3ce-3b9c7324ed1e"},"geometry":{"type":"Polygon","coordinates":[[[-97.7422681,30.2826016],[-97.7423208,30.2826049],[-97.7423217,30.2825946],[-97.742269,30.2825913],[-97.7422681,30.2826016]]]}},{"type":"Feature","properties":{"kind":"label","nm":"CoCo's Cafe","cat":"cafe","src":"G","sign":"#6b4a33","dark":1},"geometry":{"type":"Point","coordinates":[-97.7422472,30.2826093]}},{"type":"Feature","properties":{"kind":"front","fam":"plBulk","wd":"#39332e","wg":"#59493b","wn":"#0e0f16","base":0.0,"h":0.55,"nm":"Miss Behavin","cat":"clothes","src":"G","bid":"267d6b29-7936-4304-9950-a1f6a20056f4"},"geometry":{"type":"Polygon","coordinates":[[[-97.7418036,30.2869196],[-97.7417986,30.2869699],[-97.7418033,30.2869702],[-97.7418082,30.28692],[-97.7418036,30.2869196]]]}},{"type":"Feature","properties":{"kind":"front","fam":"plGlass","wd":"#6e7a84","wg":"#858584","wn":"#14171f","base":0.55,"h":4.3,"nm":"Miss Behavin","cat":"clothes","src":"G","bid":"267d6b29-7936-4304-9950-a1f6a20056f4"},"geometry":{"type":"Polygon","coordinates":[[[-97.7418036,30.2869196],[-97.7417986,30.2869699],[-97.7418033,30.2869702],[-97.7418082,30.28692],[-97.7418036,30.2869196]]]}},{"type":"Feature","properties":{"kind":"front","fam":"plSign","wd":"#2a2a2e","wg":"#483f3a","wn":"#767475","base":4.3,"h":5.35,"nm":"Miss Behavin","cat":"clothes","src":"G","bid":"267d6b29-7936-4304-9950-a1f6a20056f4"},"geometry":{"type":"Polygon","coordinates":[[[-97.7418036,30.2869196],[-97.7417986,30.2869699],[-97.7418033,30.2869702],[-97.7418082,30.28692],[-97.7418036,30.2869196]]]}},{"type":"Feature","properties":{"kind":"awning","fam":"plAwn","wd":"#2a2d34","wg":"#4c4440","wn":"#0c0e17","base":3.84,"h":4.2,"nm":"Miss Behavin","cat":"clothes","src":"G","bid":"267d6b29-7936-4304-9950-a1f6a20056f4"},"geometry":{"type":"Polygon","coordinates":[[[-97.7417932,30.2869189],[-97.7417882,30.2869691],[-97.7418001,30.28697],[-97.7418051,30.2869198],[-97.7417932,30.2869189]]]}},{"type":"Feature","properties":{"kind":"front","fam":"plBulk","wd":"#39332e","wg":"#59493b","wn":"#0e0f16","base":0.0,"h":0.55,"nm":"Miss Behavin","cat":"clothes","src":"G","bid":"267d6b29-7936-4304-9950-a1f6a20056f4"},"geometry":{"type":"Polygon","coordinates":[[[-97.7418014,30.2869728],[-97.7418921,30.2869795],[-97.7418925,30.2869755],[-97.7418018,30.2869688],[-97.7418014,30.2869728]]]}},{"type":"Feature","properties":{"kind":"front","fam":"plGlass","wd":"#6e7a84","wg":"#858584","wn":"#14171f","base":0.55,"h":4.3,"nm":"Miss Behavin","cat":"clothes","src":"G","bid":"267d6b29-7936-4304-9950-a1f6a20056f4"},"geometry":{"type":"Polygon","coordinates":[[[-97.7418014,30.2869728],[-97.7418921,30.2869795],[-97.7418925,30.2869755],[-97.7418018,30.2869688],[-97.7418014,30.2869728]]]}},{"type":"Feature","properties":{"kind":"front","fam":"plSign","wd":"#2a2a2e","wg":"#483f3a","wn":"#767475","base":4.3,"h":5.35,"nm":"Miss Behavin","cat":"clothes","src":"G","bid":"267d6b29-7936-4304-9950-a1f6a20056f4"},"geometry":{"type":"Polygon","coordinates":[[[-97.7418014,30.2869728],[-97.7418921,30.2869795],[-97.7418925,30.2869755],[-97.7418018,30.2869688],[-97.7418014,30.2869728]]]}},{"type":"Feature","properties":{"kind":"awning","fam":"plAwn","wd":"#2a2d34","wg":"#4c4440","wn":"#0c0e17","base":3.84,"h":4.2,"nm":"Miss Behavin","cat":"clothes","src":"G","bid":"267d6b29-7936-4304-9950-a1f6a20056f4"},"geometry":{"type":"Polygon","coordinates":[[[-97.7418005,30.2869817],[-97.7418912,30.2869885],[-97.7418922,30.2869782],[-97.7418016,30.2869714],[-97.7418005,30.2869817]]]}},{"type":"Feature","properties":{"kind":"label","nm":"Miss Behavin","cat":"clothes","src":"G","sign":"#2a2a2e","dark":1},"geometry":{"type":"Point","coordinates":[-97.7418159,30.2869919]}},{"type":"Feature","properties":{"kind":"front","fam":"plBulk","wd":"#39332e","wg":"#59493b","wn":"#0e0f16","base":0.0,"h":0.55,"nm":"Dive","cat":"bar","src":"G","bid":"292683d4-df73-4a53-bf2c-445f399169a6"},"geometry":{"type":"Polygon","coordinates":[[[-97.742143,30.2798754],[-97.7421807,30.2797777],[-97.7421762,30.2797764],[-97.7421386,30.2798741],[-97.742143,30.2798754]]]}},{"type":"Feature","properties":{"kind":"front","fam":"plGlass","wd":"#6e7a84","wg":"#858584","wn":"#14171f","base":0.55,"h":4.3,"nm":"Dive","cat":"bar","src":"G","bid":"292683d4-df73-4a53-bf2c-445f399169a6"},"geometry":{"type":"Polygon","coordinates":[[[-97.742143,30.2798754],[-97.7421807,30.2797777],[-97.7421762,30.2797764],[-97.7421386,30.2798741],[-97.742143,30.2798754]]]}},{"type":"Feature","properties":{"kind":"front","fam":"plSign","wd":"#1f2630","wg":"#3e3b3b","wn":"#8b9bb1","base":4.3,"h":5.35,"nm":"Dive","cat":"bar","src":"G","bid":"292683d4-df73-4a53-bf2c-445f399169a6"},"geometry":{"type":"Polygon","coordinates":[[[-97.742143,30.2798754],[-97.7421807,30.2797777],[-97.7421762,30.2797764],[-97.7421386,30.2798741],[-97.742143,30.2798754]]]}},{"type":"Feature","properties":{"kind":"awning","fam":"plAwn","wd":"#212935","wg":"#454141","wn":"#0b0e17","base":3.84,"h":4.2,"nm":"Dive","cat":"bar","src":"G","bid":"292683d4-df73-4a53-bf2c-445f399169a6"},"geometry":{"type":"Polygon","coordinates":[[[-97.7421529,30.2798783],[-97.7421905,30.2797805],[-97.7421792,30.2797772],[-97.7421415,30.279875],[-97.7421529,30.2798783]]]}},{"type":"Feature","properties":{"kind":"front","fam":"plBulk","wd":"#39332e","wg":"#59493b","wn":"#0e0f16","base":0.0,"h":0.55,"nm":"Dive","cat":"bar","src":"G","bid":"292683d4-df73-4a53-bf2c-445f399169a6"},"geometry":{"type":"Polygon","coordinates":[[[-97.7421787,30.2797742],[-97.7421438,30.2797642],[-97.7421424,30.2797681],[-97.7421772,30.2797781],[-97.7421787,30.2797742]]]}},{"type":"Feature","properties":{"kind":"front","fam":"plGlass","wd":"#6e7a84","wg":"#858584","wn":"#14171f","base":0.55,"h":4.3,"nm":"Dive","cat":"bar","src":"G","bid":"292683d4-df73-4a53-bf2c-445f399169a6"},"geometry":{"type":"Polygon","coordinates":[[[-97.7421787,30.2797742],[-97.7421438,30.2797642],[-97.7421424,30.2797681],[-97.7421772,30.2797781],[-97.7421787,30.2797742]]]}},{"type":"Feature","properties":{"kind":"front","fam":"plSign","wd":"#1f2630","wg":"#3e3b3b","wn":"#8b9bb1","base":4.3,"h":5.35,"nm":"Dive","cat":"bar","src":"G","bid":"292683d4-df73-4a53-bf2c-445f399169a6"},"geometry":{"type":"Polygon","coordinates":[[[-97.7421787,30.2797742],[-97.7421438,30.2797642],[-97.7421424,30.2797681],[-97.7421772,30.2797781],[-97.7421787,30.2797742]]]}},{"type":"Feature","properties":{"kind":"awning","fam":"plAwn","wd":"#212935","wg":"#454141","wn":"#0b0e17","base":3.84,"h":4.2,"nm":"Dive","cat":"bar","src":"G","bid":"292683d4-df73-4a53-bf2c-445f399169a6"},"geometry":{"type":"Polygon","coordinates":[[[-97.742182,30.2797657],[-97.7421471,30.2797557],[-97.7421433,30.2797655],[-97.7421782,30.2797755],[-97.742182,30.2797657]]]}},{"type":"Feature","properties":{"kind":"label","nm":"Dive","cat":"bar","src":"G","sign":"#1f2630","dark":1},"geometry":{"type":"Point","coordinates":[-97.7421874,30.2798172]}},{"type":"Feature","properties":{"kind":"front","fam":"plBulk","wd":"#39332e","wg":"#59493b","wn":"#0e0f16","base":0.0,"h":0.55,"nm":"Arturo's","cat":"cafe","src":"G","bid":"292683d4-df73-4a53-bf2c-445f399169a6"},"geometry":{"type":"Polygon","coordinates":[[[-97.7420611,30.2797404],[-97.7419131,30.2796978],[-97.7419116,30.2797017],[-97.7420596,30.2797443],[-97.7420611,30.2797404]]]}},{"type":"Feature","properties":{"kind":"front","fam":"plGlass","wd":"#6e7a84","wg":"#858584","wn":"#14171f","base":0.55,"h":4.3,"nm":"Arturo's","cat":"cafe","src":"G","bid":"292683d4-df73-4a53-bf2c-445f399169a6"},"geometry":{"type":"Polygon","coordinates":[[[-97.7420611,30.2797404],[-97.7419131,30.2796978],[-97.7419116,30.2797017],[-97.7420596,30.2797443],[-97.7420611,30.2797404]]]}},{"type":"Feature","properties":{"kind":"front","fam":"plSign","wd":"#7a5c3c","wg":"#8d6a46","wn":"#e1b585","base":4.3,"h":5.35,"nm":"Arturo's","cat":"cafe","src":"G","bid":"292683d4-df73-4a53-bf2c-445f399169a6"},"geometry":{"type":"Polygon","coordinates":[[[-97.7420611,30.2797404],[-97.7419131,30.2796978],[-97.7419116,30.2797017],[-97.7420596,30.2797443],[-97.7420611,30.2797404]]]}},{"type":"Feature","properties":{"kind":"awning","fam":"plAwn","wd":"#67533e","wg":"#7f6449","wn":"#131218","base":3.84,"h":4.2,"nm":"Arturo's","cat":"cafe","src":"G","bid":"292683d4-df73-4a53-bf2c-445f399169a6"},"geometry":{"type":"Polygon","coordinates":[[[-97.7420644,30.2797319],[-97.7419163,30.2796893],[-97.7419126,30.2796991],[-97.7420606,30.2797417],[-97.7420644,30.2797319]]]}},{"type":"Feature","properties":{"kind":"label","nm":"Arturo's","cat":"cafe","src":"G","sign":"#7a5c3c","dark":1},"geometry":{"type":"Point","coordinates":[-97.7419937,30.2797021]}},{"type":"Feature","properties":{"kind":"front","fam":"plBulk","wd":"#39332e","wg":"#59493b","wn":"#0e0f16","base":0.0,"h":0.55,"nm":"1914 Noodles & More","cat":"restaurant","src":"G","bid":"3092f8d4-20c3-4346-b503-b17fb29a536b"},"geometry":{"type":"Polygon","coordinates":[[[-97.7422655,30.2825952],[-97.7422606,30.2826542],[-97.7422653,30.2826545],[-97.7422702,30.2825955],[-97.7422655,30.2825952]]]}},{"type":"Feature","properties":{"kind":"front","fam":"plGlass","wd":"#6e7a84","wg":"#858584","wn":"#14171f","base":0.55,"h":4.3,"nm":"1914 Noodles & More","cat":"restaurant","src":"G","bid":"3092f8d4-20c3-4346-b503-b17fb29a536b"},"geometry":{"type":"Polygon","coordinates":[[[-97.7422655,30.2825952],[-97.7422606,30.2826542],[-97.7422653,30.2826545],[-97.7422702,30.2825955],[-97.7422655,30.2825952]]]}},{"type":"Feature","properties":{"kind":"front","fam":"plSign","wd":"#3a3f4a","wg":"#565152","wn":"#8e939e","base":4.3,"h":5.35,"nm":"1914 Noodles & More","cat":"restaurant","src":"G","bid":"3092f8d4-20c3-4346-b503-b17fb29a536b"},"geometry":{"type":"Polygon","coordinates":[[[-97.7422655,30.2825952],[-97.7422606,30.2826542],[-97.7422653,30.2826545],[-97.7422702,30.2825955],[-97.7422655,30.2825952]]]}},{"type":"Feature","properties":{"kind":"awning","fam":"plAwn","wd":"#363d49","wg":"#565252","wn":"#0e1019","base":3.84,"h":4.2,"nm":"1914 Noodles & More","cat":"restaurant","src":"G","bid":"3092f8d4-20c3-4346-b503-b17fb29a536b"},"geometry":{"type":"Polygon","coordinates":[[[-97.7422552,30.2825945],[-97.7422502,30.2826536],[-97.7422621,30.2826543],[-97.7422671,30.2825953],[-97.7422552,30.2825945]]]}},{"type":"Feature","properties":{"kind":"front","fam":"plBulk","wd":"#39332e","wg":"#59493b","wn":"#0e0f16","base":0.0,"h":0.55,"nm":"1914 Noodles & More","cat":"restaurant","src":"G","bid":"3092f8d4-20c3-4346-b503-b17fb29a536b"},"geometry":{"type":"Polygon","coordinates":[[[-97.7422625,30.2826657],[-97.7423151,30.2826692],[-97.7423154,30.2826652],[-97.7422628,30.2826617],[-97.7422625,30.2826657]]]}},{"type":"Feature","properties":{"kind":"front","fam":"plGlass","wd":"#6e7a84","wg":"#858584","wn":"#14171f","base":0.55,"h":4.3,"nm":"1914 Noodles & More","cat":"restaurant","src":"G","bid":"3092f8d4-20c3-4346-b503-b17fb29a536b"},"geometry":{"type":"Polygon","coordinates":[[[-97.7422625,30.2826657],[-97.7423151,30.2826692],[-97.7423154,30.2826652],[-97.7422628,30.2826617],[-97.7422625,30.2826657]]]}},{"type":"Feature","properties":{"kind":"front","fam":"plSign","wd":"#3a3f4a","wg":"#565152","wn":"#8e939e","base":4.3,"h":5.35,"nm":"1914 Noodles & More","cat":"restaurant","src":"G","bid":"3092f8d4-20c3-4346-b503-b17fb29a536b"},"geometry":{"type":"Polygon","coordinates":[[[-97.7422625,30.2826657],[-97.7423151,30.2826692],[-97.7423154,30.2826652],[-97.7422628,30.2826617],[-97.7422625,30.2826657]]]}},{"type":"Feature","properties":{"kind":"awning","fam":"plAwn","wd":"#363d49","wg":"#565252","wn":"#0e1019","base":3.84,"h":4.2,"nm":"1914 Noodles & More","cat":"restaurant","src":"G","bid":"3092f8d4-20c3-4346-b503-b17fb29a536b"},"geometry":{"type":"Polygon","coordinates":[[[-97.7422617,30.2826746],[-97.7423143,30.2826782],[-97.7423152,30.2826679],[-97.7422626,30.2826643],[-97.7422617,30.2826746]]]}},{"type":"Feature","properties":{"kind":"label","nm":"1914 Noodles & More","cat":"restaurant","src":"G","sign":"#3a3f4a","dark":1},"geometry":{"type":"Point","coordinates":[-97.7422404,30.2826461]}},{"type":"Feature","properties":{"kind":"front","fam":"plBulk","wd":"#39332e","wg":"#59493b","wn":"#0e0f16","base":0.0,"h":0.55,"nm":"Diablo Rojo Tattoos & Piercing","cat":"tattoo","src":"G","bid":"32f197b2-3b03-412e-8f09-f95c1711f3d0"},"geometry":{"type":"Polygon","coordinates":[[[-97.7414334,30.2911131],[-97.7415347,30.2911207],[-97.7415351,30.2911167],[-97.7414338,30.2911091],[-97.7414334,30.2911131]]]}},{"type":"Feature","properties":{"kind":"front","fam":"plGlass","wd":"#6e7a84","wg":"#858584","wn":"#14171f","base":0.55,"h":4.3,"nm":"Diablo Rojo Tattoos & Piercing","cat":"tattoo","src":"G","bid":"32f197b2-3b03-412e-8f09-f95c1711f3d0"},"geometry":{"type":"Polygon","coordinates":[[[-97.7414334,30.2911131],[-97.7415347,30.2911207],[-97.7415351,30.2911167],[-97.7414338,30.2911091],[-97.7414334,30.2911131]]]}},{"type":"Feature","properties":{"kind":"front","fam":"plSign","wd":"#241f24","wg":"#433531","wn":"#81777c","base":4.3,"h":5.35,"nm":"Diablo Rojo Tattoos & Piercing","cat":"tattoo","src":"G","bid":"32f197b2-3b03-412e-8f09-f95c1711f3d0"},"geometry":{"type":"Polygon","coordinates":[[[-97.7414334,30.2911131],[-97.7415347,30.2911207],[-97.7415351,30.2911167],[-97.7414338,30.2911091],[-97.7414334,30.2911131]]]}},{"type":"Feature","properties":{"kind":"awning","fam":"plAwn","wd":"#25242c","wg":"#483d3a","wn":"#0c0d16","base":3.84,"h":4.2,"nm":"Diablo Rojo Tattoos & Piercing","cat":"tattoo","src":"G","bid":"32f197b2-3b03-412e-8f09-f95c1711f3d0"},"geometry":{"type":"Polygon","coordinates":[[[-97.7414325,30.2911221],[-97.7415338,30.2911297],[-97.7415348,30.2911194],[-97.7414335,30.2911118],[-97.7414325,30.2911221]]]}},{"type":"Feature","properties":{"kind":"front","fam":"plBulk","wd":"#39332e","wg":"#59493b","wn":"#0e0f16","base":0.0,"h":0.55,"nm":"Diablo Rojo Tattoos & Piercing","cat":"tattoo","src":"G","bid":"32f197b2-3b03-412e-8f09-f95c1711f3d0"},"geometry":{"type":"Polygon","coordinates":[[[-97.7414165,30.2910442],[-97.7414118,30.2910909],[-97.7414164,30.2910913],[-97.7414212,30.2910445],[-97.7414165,30.2910442]]]}},{"type":"Feature","properties":{"kind":"front","fam":"plGlass","wd":"#6e7a84","wg":"#858584","wn":"#14171f","base":0.55,"h":4.3,"nm":"Diablo Rojo Tattoos & Piercing","cat":"tattoo","src":"G","bid":"32f197b2-3b03-412e-8f09-f95c1711f3d0"},"geometry":{"type":"Polygon","coordinates":[[[-97.7414165,30.2910442],[-97.7414118,30.2910909],[-97.7414164,30.2910913],[-97.7414212,30.2910445],[-97.7414165,30.2910442]]]}},{"type":"Feature","properties":{"kind":"front","fam":"plSign","wd":"#241f24","wg":"#433531","wn":"#81777c","base":4.3,"h":5.35,"nm":"Diablo Rojo Tattoos & Piercing","cat":"tattoo","src":"G","bid":"32f197b2-3b03-412e-8f09-f95c1711f3d0"},"geometry":{"type":"Polygon","coordinates":[[[-97.7414165,30.2910442],[-97.7414118,30.2910909],[-97.7414164,30.2910913],[-97.7414212,30.2910445],[-97.7414165,30.2910442]]]}},{"type":"Feature","properties":{"kind":"awning","fam":"plAwn","wd":"#25242c","wg":"#483d3a","wn":"#0c0d16","base":3.84,"h":4.2,"nm":"Diablo Rojo Tattoos & Piercing","cat":"tattoo","src":"G","bid":"32f197b2-3b03-412e-8f09-f95c1711f3d0"},"geometry":{"type":"Polygon","coordinates":[[[-97.7414061,30.2910434],[-97.7414014,30.2910901],[-97.7414133,30.291091],[-97.741418,30.2910443],[-97.7414061,30.2910434]]]}},{"type":"Feature","properties":{"kind":"label","nm":"Diablo Rojo Tattoos & Piercing","cat":"tattoo","src":"G","sign":"#241f24","dark":1},"geometry":{"type":"Point","coordinates":[-97.7415093,30.2911369]}},{"type":"Feature","properties":{"kind":"front","fam":"plBulk","wd":"#39332e","wg":"#59493b","wn":"#0e0f16","base":0.0,"h":0.55,"nm":"Halal Bros","cat":"restaurant","src":"G","bid":"35b808d7-1648-4cfc-96c7-2e65d153cf3a"},"geometry":{"type":"Polygon","coordinates":[[[-97.7415651,30.2925456],[-97.7415629,30.2925647],[-97.7415676,30.2925651],[-97.7415698,30.292546],[-97.7415651,30.2925456]]]}},{"type":"Feature","properties":{"kind":"front","fam":"plGlass","wd":"#6e7a84","wg":"#858584","wn":"#14171f","base":0.55,"h":4.3,"nm":"Halal Bros","cat":"restaurant","src":"G","bid":"35b808d7-1648-4cfc-96c7-2e65d153cf3a"},"geometry":{"type":"Polygon","coordinates":[[[-97.7415651,30.2925456],[-97.7415629,30.2925647],[-97.7415676,30.2925651],[-97.7415698,30.292546],[-97.7415651,30.2925456]]]}},{"type":"Feature","properties":{"kind":"front","fam":"plSign","wd":"#7a4a2c","wg":"#8d5a38","wn":"#f1a472","base":4.3,"h":5.35,"nm":"Halal Bros","cat":"restaurant","src":"G","bid":"35b808d7-1648-4cfc-96c7-2e65d153cf3a"},"geometry":{"type":"Polygon","coordinates":[[[-97.7415651,30.2925456],[-97.7415629,30.2925647],[-97.7415676,30.2925651],[-97.7415698,30.292546],[-97.7415651,30.2925456]]]}},{"type":"Feature","properties":{"kind":"awning","fam":"plAwn","wd":"#674532","wg":"#7f583f","wn":"#131116","base":3.84,"h":4.2,"nm":"Halal Bros","cat":"restaurant","src":"G","bid":"35b808d7-1648-4cfc-96c7-2e65d153cf3a"},"geometry":{"type":"Polygon","coordinates":[[[-97.7415548,30.2925447],[-97.7415525,30.2925638],[-97.7415644,30.2925649],[-97.7415667,30.2925457],[-97.7415548,30.2925447]]]}},{"type":"Feature","properties":{"kind":"front","fam":"plBulk","wd":"#39332e","wg":"#59493b","wn":"#0e0f16","base":0.0,"h":0.55,"nm":"Halal Bros","cat":"restaurant","src":"G","bid":"35b808d7-1648-4cfc-96c7-2e65d153cf3a"},"geometry":{"type":"Polygon","coordinates":[[[-97.7415657,30.2925677],[-97.7416779,30.2925767],[-97.7416783,30.2925727],[-97.7415661,30.2925637],[-97.7415657,30.2925677]]]}},{"type":"Feature","properties":{"kind":"front","fam":"plGlass","wd":"#6e7a84","wg":"#858584","wn":"#14171f","base":0.55,"h":4.3,"nm":"Halal Bros","cat":"restaurant","src":"G","bid":"35b808d7-1648-4cfc-96c7-2e65d153cf3a"},"geometry":{"type":"Polygon","coordinates":[[[-97.7415657,30.2925677],[-97.7416779,30.2925767],[-97.7416783,30.2925727],[-97.7415661,30.2925637],[-97.7415657,30.2925677]]]}},{"type":"Feature","properties":{"kind":"front","fam":"plSign","wd":"#7a4a2c","wg":"#8d5a38","wn":"#f1a472","base":4.3,"h":5.35,"nm":"Halal Bros","cat":"restaurant","src":"G","bid":"35b808d7-1648-4cfc-96c7-2e65d153cf3a"},"geometry":{"type":"Polygon","coordinates":[[[-97.7415657,30.2925677],[-97.7416779,30.2925767],[-97.7416783,30.2925727],[-97.7415661,30.2925637],[-97.7415657,30.2925677]]]}},{"type":"Feature","properties":{"kind":"awning","fam":"plAwn","wd":"#674532","wg":"#7f583f","wn":"#131116","base":3.84,"h":4.2,"nm":"Halal Bros","cat":"restaurant","src":"G","bid":"35b808d7-1648-4cfc-96c7-2e65d153cf3a"},"geometry":{"type":"Polygon","coordinates":[[[-97.7415647,30.2925766],[-97.7416769,30.2925856],[-97.7416781,30.2925753],[-97.7415659,30.2925663],[-97.7415647,30.2925766]]]}},{"type":"Feature","properties":{"kind":"front","fam":"plBulk","wd":"#39332e","wg":"#59493b","wn":"#0e0f16","base":0.0,"h":0.55,"nm":"Halal Bros","cat":"restaurant","src":"G","bid":"35b808d7-1648-4cfc-96c7-2e65d153cf3a"},"geometry":{"type":"Polygon","coordinates":[[[-97.7415499,30.2924588],[-97.7415482,30.2924769],[-97.7415528,30.2924772],[-97.7415546,30.2924591],[-97.7415499,30.2924588]]]}},{"type":"Feature","properties":{"kind":"front","fam":"plGlass","wd":"#6e7a84","wg":"#858584","wn":"#14171f","base":0.55,"h":4.3,"nm":"Halal Bros","cat":"restaurant","src":"G","bid":"35b808d7-1648-4cfc-96c7-2e65d153cf3a"},"geometry":{"type":"Polygon","coordinates":[[[-97.7415499,30.2924588],[-97.7415482,30.2924769],[-97.7415528,30.2924772],[-97.7415546,30.2924591],[-97.7415499,30.2924588]]]}},{"type":"Feature","properties":{"kind":"front","fam":"plSign","wd":"#7a4a2c","wg":"#8d5a38","wn":"#f1a472","base":4.3,"h":5.35,"nm":"Halal Bros","cat":"restaurant","src":"G","bid":"35b808d7-1648-4cfc-96c7-2e65d153cf3a"},"geometry":{"type":"Polygon","coordinates":[[[-97.7415499,30.2924588],[-97.7415482,30.2924769],[-97.7415528,30.2924772],[-97.7415546,30.2924591],[-97.7415499,30.2924588]]]}},{"type":"Feature","properties":{"kind":"awning","fam":"plAwn","wd":"#674532","wg":"#7f583f","wn":"#131116","base":3.84,"h":4.2,"nm":"Halal Bros","cat":"restaurant","src":"G","bid":"35b808d7-1648-4cfc-96c7-2e65d153cf3a"},"geometry":{"type":"Polygon","coordinates":[[[-97.7415395,30.292458],[-97.7415378,30.2924762],[-97.7415497,30.292477],[-97.7415514,30.2924589],[-97.7415395,30.292458]]]}},{"type":"Feature","properties":{"kind":"label","nm":"Halal Bros","cat":"restaurant","src":"G","sign":"#7a4a2c","dark":1},"geometry":{"type":"Point","coordinates":[-97.7416193,30.29259]}},{"type":"Feature","properties":{"kind":"front","fam":"plBulk","wd":"#39332e","wg":"#59493b","wn":"#0e0f16","base":0.0,"h":0.55,"nm":"Urban Outfitters","cat":"clothes","src":"S","bid":"3923ae08-4428-4da5-9286-4cbdc325600d"},"geometry":{"type":"Polygon","coordinates":[[[-97.74169,30.2881203],[-97.7416816,30.2881998],[-97.7416863,30.2882001],[-97.7416946,30.2881206],[-97.74169,30.2881203]]]}},{"type":"Feature","properties":{"kind":"front","fam":"plGlass","wd":"#6e7a84","wg":"#858584","wn":"#14171f","base":0.55,"h":4.3,"nm":"Urban Outfitters","cat":"clothes","src":"S","bid":"3923ae08-4428-4da5-9286-4cbdc325600d"},"geometry":{"type":"Polygon","coordinates":[[[-97.74169,30.2881203],[-97.7416816,30.2881998],[-97.7416863,30.2882001],[-97.7416946,30.2881206],[-97.74169,30.2881203]]]}},{"type":"Feature","properties":{"kind":"front","fam":"plSign","wd":"#1a1a1a","wg":"#3a3129","wn":"#5a5955","base":4.3,"h":5.35,"nm":"Urban Outfitters","cat":"clothes","src":"S","bid":"3923ae08-4428-4da5-9286-4cbdc325600d"},"geometry":{"type":"Polygon","coordinates":[[[-97.74169,30.2881203],[-97.7416816,30.2881998],[-97.7416863,30.2882001],[-97.7416946,30.2881206],[-97.74169,30.2881203]]]}},{"type":"Feature","properties":{"kind":"awning","fam":"plAwn","wd":"#1d2024","wg":"#413933","wn":"#0b0d15","base":3.84,"h":4.2,"nm":"Urban Outfitters","cat":"clothes","src":"S","bid":"3923ae08-4428-4da5-9286-4cbdc325600d"},"geometry":{"type":"Polygon","coordinates":[[[-97.7416796,30.2881195],[-97.7416712,30.2881989],[-97.7416831,30.2881999],[-97.7416915,30.2881204],[-97.7416796,30.2881195]]]}},{"type":"Feature","properties":{"kind":"front","fam":"plBulk","wd":"#39332e","wg":"#59493b","wn":"#0e0f16","base":0.0,"h":0.55,"nm":"Urban Outfitters","cat":"clothes","src":"S","bid":"3923ae08-4428-4da5-9286-4cbdc325600d"},"geometry":{"type":"Polygon","coordinates":[[[-97.7416844,30.2882027],[-97.7417478,30.2882077],[-97.7417482,30.2882037],[-97.7416848,30.2881987],[-97.7416844,30.2882027]]]}},{"type":"Feature","properties":{"kind":"front","fam":"plGlass","wd":"#6e7a84","wg":"#858584","wn":"#14171f","base":0.55,"h":4.3,"nm":"Urban Outfitters","cat":"clothes","src":"S","bid":"3923ae08-4428-4da5-9286-4cbdc325600d"},"geometry":{"type":"Polygon","coordinates":[[[-97.7416844,30.2882027],[-97.7417478,30.2882077],[-97.7417482,30.2882037],[-97.7416848,30.2881987],[-97.7416844,30.2882027]]]}},{"type":"Feature","properties":{"kind":"front","fam":"plSign","wd":"#1a1a1a","wg":"#3a3129","wn":"#5a5955","base":4.3,"h":5.35,"nm":"Urban Outfitters","cat":"clothes","src":"S","bid":"3923ae08-4428-4da5-9286-4cbdc325600d"},"geometry":{"type":"Polygon","coordinates":[[[-97.7416844,30.2882027],[-97.7417478,30.2882077],[-97.7417482,30.2882037],[-97.7416848,30.2881987],[-97.7416844,30.2882027]]]}},{"type":"Feature","properties":{"kind":"awning","fam":"plAwn","wd":"#1d2024","wg":"#413933","wn":"#0b0d15","base":3.84,"h":4.2,"nm":"Urban Outfitters","cat":"clothes","src":"S","bid":"3923ae08-4428-4da5-9286-4cbdc325600d"},"geometry":{"type":"Polygon","coordinates":[[[-97.7416835,30.2882116],[-97.7417468,30.2882166],[-97.7417479,30.2882063],[-97.7416846,30.2882013],[-97.7416835,30.2882116]]]}},{"type":"Feature","properties":{"kind":"label","nm":"Urban Outfitters","cat":"clothes","src":"S","sign":"#1a1a1a","dark":1},"geometry":{"type":"Point","coordinates":[-97.7416622,30.2881857]}},{"type":"Feature","properties":{"kind":"front","fam":"plBulk","wd":"#39332e","wg":"#59493b","wn":"#0e0f16","base":0.0,"h":0.55,"nm":"Sweetgreen","cat":"fast_food","src":"S","bid":"3b9b52a7-aa0d-419e-a39e-7d838074ad06"},"geometry":{"type":"Polygon","coordinates":[[[-97.7419254,30.2857096],[-97.741917,30.2857905],[-97.7419217,30.2857908],[-97.7419301,30.2857099],[-97.7419254,30.2857096]]]}},{"type":"Feature","properties":{"kind":"front","fam":"plGlass","wd":"#6e7a84","wg":"#858584","wn":"#14171f","base":0.55,"h":4.3,"nm":"Sweetgreen","cat":"fast_food","src":"S","bid":"3b9b52a7-aa0d-419e-a39e-7d838074ad06"},"geometry":{"type":"Polygon","coordinates":[[[-97.7419254,30.2857096],[-97.741917,30.2857905],[-97.7419217,30.2857908],[-97.7419301,30.2857099],[-97.7419254,30.2857096]]]}},{"type":"Feature","properties":{"kind":"front","fam":"plSign","wd":"#00473c","wg":"#245846","wn":"#33efce","base":4.3,"h":5.35,"nm":"Sweetgreen","cat":"fast_food","src":"S","bid":"3b9b52a7-aa0d-419e-a39e-7d838074ad06"},"geometry":{"type":"Polygon","coordinates":[[[-97.7419254,30.2857096],[-97.741917,30.2857905],[-97.7419217,30.2857908],[-97.7419301,30.2857099],[-97.7419254,30.2857096]]]}},{"type":"Feature","properties":{"kind":"awning","fam":"plAwn","wd":"#09433e","wg":"#305749","wn":"#091118","base":3.84,"h":4.2,"nm":"Sweetgreen","cat":"fast_food","src":"S","bid":"3b9b52a7-aa0d-419e-a39e-7d838074ad06"},"geometry":{"type":"Polygon","coordinates":[[[-97.7419151,30.2857087],[-97.7419066,30.2857897],[-97.7419185,30.2857906],[-97.741927,30.2857097],[-97.7419151,30.2857087]]]}},{"type":"Feature","properties":{"kind":"front","fam":"plBulk","wd":"#39332e","wg":"#59493b","wn":"#0e0f16","base":0.0,"h":0.55,"nm":"Sweetgreen","cat":"fast_food","src":"S","bid":"3b9b52a7-aa0d-419e-a39e-7d838074ad06"},"geometry":{"type":"Polygon","coordinates":[[[-97.7419198,30.2857934],[-97.7419815,30.2857982],[-97.741982,30.2857941],[-97.7419202,30.2857894],[-97.7419198,30.2857934]]]}},{"type":"Feature","properties":{"kind":"front","fam":"plGlass","wd":"#6e7a84","wg":"#858584","wn":"#14171f","base":0.55,"h":4.3,"nm":"Sweetgreen","cat":"fast_food","src":"S","bid":"3b9b52a7-aa0d-419e-a39e-7d838074ad06"},"geometry":{"type":"Polygon","coordinates":[[[-97.7419198,30.2857934],[-97.7419815,30.2857982],[-97.741982,30.2857941],[-97.7419202,30.2857894],[-97.7419198,30.2857934]]]}},{"type":"Feature","properties":{"kind":"front","fam":"plSign","wd":"#00473c","wg":"#245846","wn":"#33efce","base":4.3,"h":5.35,"nm":"Sweetgreen","cat":"fast_food","src":"S","bid":"3b9b52a7-aa0d-419e-a39e-7d838074ad06"},"geometry":{"type":"Polygon","coordinates":[[[-97.7419198,30.2857934],[-97.7419815,30.2857982],[-97.741982,30.2857941],[-97.7419202,30.2857894],[-97.7419198,30.2857934]]]}},{"type":"Feature","properties":{"kind":"awning","fam":"plAwn","wd":"#09433e","wg":"#305749","wn":"#091118","base":3.84,"h":4.2,"nm":"Sweetgreen","cat":"fast_food","src":"S","bid":"3b9b52a7-aa0d-419e-a39e-7d838074ad06"},"geometry":{"type":"Polygon","coordinates":[[[-97.7419189,30.2858023],[-97.7419806,30.2858071],[-97.7419817,30.2857968],[-97.74192,30.285792],[-97.7419189,30.2858023]]]}},{"type":"Feature","properties":{"kind":"label","nm":"Sweetgreen","cat":"fast_food","src":"S","sign":"#00473c","dark":1},"geometry":{"type":"Point","coordinates":[-97.7418977,30.285775]}},{"type":"Feature","properties":{"kind":"front","fam":"plBulk","wd":"#39332e","wg":"#59493b","wn":"#0e0f16","base":0.0,"h":0.55,"nm":"Chipotle","cat":"fast_food","src":"S","bid":"3cc9f7e2-40ea-41e2-b6f2-3269ce16c789"},"geometry":{"type":"Polygon","coordinates":[[[-97.7419356,30.2856123],[-97.741927,30.2856946],[-97.7419317,30.2856949],[-97.7419402,30.2856127],[-97.7419356,30.2856123]]]}},{"type":"Feature","properties":{"kind":"front","fam":"plGlass","wd":"#6e7a84","wg":"#858584","wn":"#14171f","base":0.55,"h":4.3,"nm":"Chipotle","cat":"fast_food","src":"S","bid":"3cc9f7e2-40ea-41e2-b6f2-3269ce16c789"},"geometry":{"type":"Polygon","coordinates":[[[-97.7419356,30.2856123],[-97.741927,30.2856946],[-97.7419317,30.2856949],[-97.7419402,30.2856127],[-97.7419356,30.2856123]]]}},{"type":"Feature","properties":{"kind":"front","fam":"plSign","wd":"#ac2318","wg":"#b83927","wn":"#f15848","base":4.3,"h":5.35,"nm":"Chipotle","cat":"fast_food","src":"S","bid":"3cc9f7e2-40ea-41e2-b6f2-3269ce16c789"},"geometry":{"type":"Polygon","coordinates":[[[-97.7419356,30.2856123],[-97.741927,30.2856946],[-97.7419317,30.2856949],[-97.7419402,30.2856127],[-97.7419356,30.2856123]]]}},{"type":"Feature","properties":{"kind":"awning","fam":"plAwn","wd":"#8e2723","wg":"#a03f32","wn":"#170e15","base":3.84,"h":4.2,"nm":"Chipotle","cat":"fast_food","src":"S","bid":"3cc9f7e2-40ea-41e2-b6f2-3269ce16c789"},"geometry":{"type":"Polygon","coordinates":[[[-97.7419252,30.2856115],[-97.7419166,30.2856938],[-97.7419285,30.2856947],[-97.7419371,30.2856125],[-97.7419252,30.2856115]]]}},{"type":"Feature","properties":{"kind":"front","fam":"plBulk","wd":"#39332e","wg":"#59493b","wn":"#0e0f16","base":0.0,"h":0.55,"nm":"Chipotle","cat":"fast_food","src":"S","bid":"3cc9f7e2-40ea-41e2-b6f2-3269ce16c789"},"geometry":{"type":"Polygon","coordinates":[[[-97.7419298,30.2856975],[-97.74199,30.2857021],[-97.7419904,30.2856981],[-97.7419302,30.2856935],[-97.7419298,30.2856975]]]}},{"type":"Feature","properties":{"kind":"front","fam":"plGlass","wd":"#6e7a84","wg":"#858584","wn":"#14171f","base":0.55,"h":4.3,"nm":"Chipotle","cat":"fast_food","src":"S","bid":"3cc9f7e2-40ea-41e2-b6f2-3269ce16c789"},"geometry":{"type":"Polygon","coordinates":[[[-97.7419298,30.2856975],[-97.74199,30.2857021],[-97.7419904,30.2856981],[-97.7419302,30.2856935],[-97.7419298,30.2856975]]]}},{"type":"Feature","properties":{"kind":"front","fam":"plSign","wd":"#ac2318","wg":"#b83927","wn":"#f15848","base":4.3,"h":5.35,"nm":"Chipotle","cat":"fast_food","src":"S","bid":"3cc9f7e2-40ea-41e2-b6f2-3269ce16c789"},"geometry":{"type":"Polygon","coordinates":[[[-97.7419298,30.2856975],[-97.74199,30.2857021],[-97.7419904,30.2856981],[-97.7419302,30.2856935],[-97.7419298,30.2856975]]]}},{"type":"Feature","properties":{"kind":"awning","fam":"plAwn","wd":"#8e2723","wg":"#a03f32","wn":"#170e15","base":3.84,"h":4.2,"nm":"Chipotle","cat":"fast_food","src":"S","bid":"3cc9f7e2-40ea-41e2-b6f2-3269ce16c789"},"geometry":{"type":"Polygon","coordinates":[[[-97.7419289,30.2857064],[-97.7419891,30.2857111],[-97.7419902,30.2857008],[-97.74193,30.2856961],[-97.7419289,30.2857064]]]}},{"type":"Feature","properties":{"kind":"label","nm":"Chipotle","cat":"fast_food","src":"S","sign":"#ac2318","dark":1},"geometry":{"type":"Point","coordinates":[-97.7419078,30.2856778]}},{"type":"Feature","properties":{"kind":"front","fam":"plBulk","wd":"#39332e","wg":"#59493b","wn":"#0e0f16","base":0.0,"h":0.55,"nm":"Team Shop","cat":"yes","src":"G","bid":"3dba7cda-9a40-4783-89e8-ccd18d5d34a3"},"geometry":{"type":"Polygon","coordinates":[[[-97.7338131,30.2839169],[-97.7338317,30.2837831],[-97.7338271,30.2837826],[-97.7338085,30.2839164],[-97.7338131,30.2839169]]]}},{"type":"Feature","properties":{"kind":"front","fam":"plGlass","wd":"#6e7a84","wg":"#858584","wn":"#14171f","base":0.55,"h":4.3,"nm":"Team Shop","cat":"yes","src":"G","bid":"3dba7cda-9a40-4783-89e8-ccd18d5d34a3"},"geometry":{"type":"Polygon","coordinates":[[[-97.7338131,30.2839169],[-97.7338317,30.2837831],[-97.7338271,30.2837826],[-97.7338085,30.2839164],[-97.7338131,30.2839169]]]}},{"type":"Feature","properties":{"kind":"front","fam":"plSign","wd":"#4a4038","wg":"#635242","wn":"#a8988a","base":4.3,"h":5.35,"nm":"Team Shop","cat":"yes","src":"G","bid":"3dba7cda-9a40-4783-89e8-ccd18d5d34a3"},"geometry":{"type":"Polygon","coordinates":[[[-97.7338131,30.2839169],[-97.7338317,30.2837831],[-97.7338271,30.2837826],[-97.7338085,30.2839164],[-97.7338131,30.2839169]]]}},{"type":"Feature","properties":{"kind":"awning","fam":"plAwn","wd":"#423e3b","wg":"#605246","wn":"#0f1017","base":3.84,"h":4.2,"nm":"Team Shop","cat":"yes","src":"G","bid":"3dba7cda-9a40-4783-89e8-ccd18d5d34a3"},"geometry":{"type":"Polygon","coordinates":[[[-97.7338234,30.283918],[-97.733842,30.2837842],[-97.7338302,30.283783],[-97.7338116,30.2839168],[-97.7338234,30.283918]]]}},{"type":"Feature","properties":{"kind":"label","nm":"Team Shop","cat":"yes","src":"G","sign":"#4a4038","dark":1},"geometry":{"type":"Point","coordinates":[-97.7338431,30.2838522]}},{"type":"Feature","properties":{"kind":"front","fam":"plBulk","wd":"#39332e","wg":"#59493b","wn":"#0e0f16","base":0.0,"h":0.55,"nm":"Taco Shack","cat":"fast_food","src":"G","bid":"43ee5f3d-66b2-4113-9fae-1d573b44c775"},"geometry":{"type":"Polygon","coordinates":[[[-97.7425069,30.2951808],[-97.7425326,30.2951924],[-97.7425347,30.2951888],[-97.7425091,30.2951773],[-97.7425069,30.2951808]]]}},{"type":"Feature","properties":{"kind":"front","fam":"plGlass","wd":"#6e7a84","wg":"#858584","wn":"#14171f","base":0.55,"h":4.3,"nm":"Taco Shack","cat":"fast_food","src":"G","bid":"43ee5f3d-66b2-4113-9fae-1d573b44c775"},"geometry":{"type":"Polygon","coordinates":[[[-97.7425069,30.2951808],[-97.7425326,30.2951924],[-97.7425347,30.2951888],[-97.7425091,30.2951773],[-97.7425069,30.2951808]]]}},{"type":"Feature","properties":{"kind":"front","fam":"plSign","wd":"#c25a1e","wg":"#cb682c","wn":"#f1894b","base":4.3,"h":5.35,"nm":"Taco Shack","cat":"fast_food","src":"G","bid":"43ee5f3d-66b2-4113-9fae-1d573b44c775"},"geometry":{"type":"Polygon","coordinates":[[[-97.7425069,30.2951808],[-97.7425326,30.2951924],[-97.7425347,30.2951888],[-97.7425091,30.2951773],[-97.7425069,30.2951808]]]}},{"type":"Feature","properties":{"kind":"awning","fam":"plAwn","wd":"#9f5227","wg":"#ae6336","wn":"#191215","base":3.84,"h":4.2,"nm":"Taco Shack","cat":"fast_food","src":"G","bid":"43ee5f3d-66b2-4113-9fae-1d573b44c775"},"geometry":{"type":"Polygon","coordinates":[[[-97.7425021,30.2951888],[-97.7425278,30.2952004],[-97.7425333,30.2951912],[-97.7425076,30.2951796],[-97.7425021,30.2951888]]]}},{"type":"Feature","properties":{"kind":"front","fam":"plBulk","wd":"#39332e","wg":"#59493b","wn":"#0e0f16","base":0.0,"h":0.55,"nm":"Taco Shack","cat":"fast_food","src":"G","bid":"43ee5f3d-66b2-4113-9fae-1d573b44c775"},"geometry":{"type":"Polygon","coordinates":[[[-97.7425771,30.2951383],[-97.7425947,30.2951103],[-97.7425906,30.2951084],[-97.742573,30.2951364],[-97.7425771,30.2951383]]]}},{"type":"Feature","properties":{"kind":"front","fam":"plGlass","wd":"#6e7a84","wg":"#858584","wn":"#14171f","base":0.55,"h":4.3,"nm":"Taco Shack","cat":"fast_food","src":"G","bid":"43ee5f3d-66b2-4113-9fae-1d573b44c775"},"geometry":{"type":"Polygon","coordinates":[[[-97.7425771,30.2951383],[-97.7425947,30.2951103],[-97.7425906,30.2951084],[-97.742573,30.2951364],[-97.7425771,30.2951383]]]}},{"type":"Feature","properties":{"kind":"front","fam":"plSign","wd":"#c25a1e","wg":"#cb682c","wn":"#f1894b","base":4.3,"h":5.35,"nm":"Taco Shack","cat":"fast_food","src":"G","bid":"43ee5f3d-66b2-4113-9fae-1d573b44c775"},"geometry":{"type":"Polygon","coordinates":[[[-97.7425771,30.2951383],[-97.7425947,30.2951103],[-97.7425906,30.2951084],[-97.742573,30.2951364],[-97.7425771,30.2951383]]]}},{"type":"Feature","properties":{"kind":"awning","fam":"plAwn","wd":"#9f5227","wg":"#ae6336","wn":"#191215","base":3.84,"h":4.2,"nm":"Taco Shack","cat":"fast_food","src":"G","bid":"43ee5f3d-66b2-4113-9fae-1d573b44c775"},"geometry":{"type":"Polygon","coordinates":[[[-97.7425862,30.2951426],[-97.7426039,30.2951146],[-97.7425934,30.2951096],[-97.7425757,30.2951376],[-97.7425862,30.2951426]]]}},{"type":"Feature","properties":{"kind":"front","fam":"plBulk","wd":"#39332e","wg":"#59493b","wn":"#0e0f16","base":0.0,"h":0.55,"nm":"Taco Shack","cat":"fast_food","src":"G","bid":"43ee5f3d-66b2-4113-9fae-1d573b44c775"},"geometry":{"type":"Polygon","coordinates":[[[-97.7425949,30.2951079],[-97.7425584,30.2950367],[-97.7425541,30.2950383],[-97.7425906,30.2951095],[-97.7425949,30.2951079]]]}},{"type":"Feature","properties":{"kind":"front","fam":"plGlass","wd":"#6e7a84","wg":"#858584","wn":"#14171f","base":0.55,"h":4.3,"nm":"Taco Shack","cat":"fast_food","src":"G","bid":"43ee5f3d-66b2-4113-9fae-1d573b44c775"},"geometry":{"type":"Polygon","coordinates":[[[-97.7425949,30.2951079],[-97.7425584,30.2950367],[-97.7425541,30.2950383],[-97.7425906,30.2951095],[-97.7425949,30.2951079]]]}},{"type":"Feature","properties":{"kind":"front","fam":"plSign","wd":"#c25a1e","wg":"#cb682c","wn":"#f1894b","base":4.3,"h":5.35,"nm":"Taco Shack","cat":"fast_food","src":"G","bid":"43ee5f3d-66b2-4113-9fae-1d573b44c775"},"geometry":{"type":"Polygon","coordinates":[[[-97.7425949,30.2951079],[-97.7425584,30.2950367],[-97.7425541,30.2950383],[-97.7425906,30.2951095],[-97.7425949,30.2951079]]]}},{"type":"Feature","properties":{"kind":"awning","fam":"plAwn","wd":"#9f5227","wg":"#ae6336","wn":"#191215","base":3.84,"h":4.2,"nm":"Taco Shack","cat":"fast_food","src":"G","bid":"43ee5f3d-66b2-4113-9fae-1d573b44c775"},"geometry":{"type":"Polygon","coordinates":[[[-97.7426044,30.2951043],[-97.7425679,30.2950331],[-97.742557,30.2950372],[-97.7425934,30.2951085],[-97.7426044,30.2951043]]]}},{"type":"Feature","properties":{"kind":"label","nm":"Taco Shack","cat":"fast_food","src":"G","sign":"#c25a1e","dark":1},"geometry":{"type":"Point","coordinates":[-97.742609,30.295091]}},{"type":"Feature","properties":{"kind":"front","fam":"plBulk","wd":"#39332e","wg":"#59493b","wn":"#0e0f16","base":0.0,"h":0.55,"nm":"The Star Cafe","cat":"cafe","src":"G","bid":"459de063-2bcf-43fa-a94b-5818307d9d53"},"geometry":{"type":"Polygon","coordinates":[[[-97.7396109,30.2802416],[-97.7396219,30.2802119],[-97.7396174,30.2802107],[-97.7396065,30.2802404],[-97.7396109,30.2802416]]]}},{"type":"Feature","properties":{"kind":"front","fam":"plGlass","wd":"#6e7a84","wg":"#858584","wn":"#14171f","base":0.55,"h":4.3,"nm":"The Star Cafe","cat":"cafe","src":"G","bid":"459de063-2bcf-43fa-a94b-5818307d9d53"},"geometry":{"type":"Polygon","coordinates":[[[-97.7396109,30.2802416],[-97.7396219,30.2802119],[-97.7396174,30.2802107],[-97.7396065,30.2802404],[-97.7396109,30.2802416]]]}},{"type":"Feature","properties":{"kind":"front","fam":"plSign","wd":"#4a3b30","wg":"#634d3b","wn":"#bda18a","base":4.3,"h":5.35,"nm":"The Star Cafe","cat":"cafe","src":"G","bid":"459de063-2bcf-43fa-a94b-5818307d9d53"},"geometry":{"type":"Polygon","coordinates":[[[-97.7396109,30.2802416],[-97.7396219,30.2802119],[-97.7396174,30.2802107],[-97.7396065,30.2802404],[-97.7396109,30.2802416]]]}},{"type":"Feature","properties":{"kind":"awning","fam":"plAwn","wd":"#423a35","wg":"#604f41","wn":"#0f1017","base":3.84,"h":4.2,"nm":"The Star Cafe","cat":"cafe","src":"G","bid":"459de063-2bcf-43fa-a94b-5818307d9d53"},"geometry":{"type":"Polygon","coordinates":[[[-97.7396209,30.2802444],[-97.7396318,30.2802146],[-97.7396204,30.2802115],[-97.7396095,30.2802412],[-97.7396209,30.2802444]]]}},{"type":"Feature","properties":{"kind":"front","fam":"plBulk","wd":"#39332e","wg":"#59493b","wn":"#0e0f16","base":0.0,"h":0.55,"nm":"The Star Cafe","cat":"cafe","src":"G","bid":"459de063-2bcf-43fa-a94b-5818307d9d53"},"geometry":{"type":"Polygon","coordinates":[[[-97.7396199,30.2802086],[-97.7395065,30.2801749],[-97.739505,30.2801787],[-97.7396184,30.2802124],[-97.7396199,30.2802086]]]}},{"type":"Feature","properties":{"kind":"front","fam":"plGlass","wd":"#6e7a84","wg":"#858584","wn":"#14171f","base":0.55,"h":4.3,"nm":"The Star Cafe","cat":"cafe","src":"G","bid":"459de063-2bcf-43fa-a94b-5818307d9d53"},"geometry":{"type":"Polygon","coordinates":[[[-97.7396199,30.2802086],[-97.7395065,30.2801749],[-97.739505,30.2801787],[-97.7396184,30.2802124],[-97.7396199,30.2802086]]]}},{"type":"Feature","properties":{"kind":"front","fam":"plSign","wd":"#4a3b30","wg":"#634d3b","wn":"#bda18a","base":4.3,"h":5.35,"nm":"The Star Cafe","cat":"cafe","src":"G","bid":"459de063-2bcf-43fa-a94b-5818307d9d53"},"geometry":{"type":"Polygon","coordinates":[[[-97.7396199,30.2802086],[-97.7395065,30.2801749],[-97.739505,30.2801787],[-97.7396184,30.2802124],[-97.7396199,30.2802086]]]}},{"type":"Feature","properties":{"kind":"awning","fam":"plAwn","wd":"#423a35","wg":"#604f41","wn":"#0f1017","base":3.84,"h":4.2,"nm":"The Star Cafe","cat":"cafe","src":"G","bid":"459de063-2bcf-43fa-a94b-5818307d9d53"},"geometry":{"type":"Polygon","coordinates":[[[-97.7396233,30.2802001],[-97.7395099,30.2801664],[-97.739506,30.2801762],[-97.7396194,30.2802098],[-97.7396233,30.2802001]]]}},{"type":"Feature","properties":{"kind":"label","nm":"The Star Cafe","cat":"cafe","src":"G","sign":"#4a3b30","dark":1},"geometry":{"type":"Point","coordinates":[-97.739587,30.2801798]}},{"type":"Feature","properties":{"kind":"front","fam":"plBulk","wd":"#39332e","wg":"#59493b","wn":"#0e0f16","base":0.0,"h":0.55,"nm":"Mary's Cafe","cat":"restaurant","src":"G","bid":"47430ddb-cff3-4e93-bbc7-26231e96cae1"},"geometry":{"type":"Polygon","coordinates":[[[-97.7264351,30.2917026],[-97.7264687,30.2916493],[-97.7264646,30.2916474],[-97.726431,30.2917007],[-97.7264351,30.2917026]]]}},{"type":"Feature","properties":{"kind":"front","fam":"plGlass","wd":"#6e7a84","wg":"#858584","wn":"#14171f","base":0.55,"h":4.3,"nm":"Mary's Cafe","cat":"restaurant","src":"G","bid":"47430ddb-cff3-4e93-bbc7-26231e96cae1"},"geometry":{"type":"Polygon","coordinates":[[[-97.7264351,30.2917026],[-97.7264687,30.2916493],[-97.7264646,30.2916474],[-97.726431,30.2917007],[-97.7264351,30.2917026]]]}},{"type":"Feature","properties":{"kind":"front","fam":"plSign","wd":"#3a3f4a","wg":"#565152","wn":"#8e939e","base":4.3,"h":5.35,"nm":"Mary's Cafe","cat":"restaurant","src":"G","bid":"47430ddb-cff3-4e93-bbc7-26231e96cae1"},"geometry":{"type":"Polygon","coordinates":[[[-97.7264351,30.2917026],[-97.7264687,30.2916493],[-97.7264646,30.2916474],[-97.726431,30.2917007],[-97.7264351,30.2917026]]]}},{"type":"Feature","properties":{"kind":"awning","fam":"plAwn","wd":"#363d49","wg":"#565252","wn":"#0e1019","base":3.84,"h":4.2,"nm":"Mary's Cafe","cat":"restaurant","src":"G","bid":"47430ddb-cff3-4e93-bbc7-26231e96cae1"},"geometry":{"type":"Polygon","coordinates":[[[-97.7264443,30.2917069],[-97.7264779,30.2916536],[-97.7264674,30.2916486],[-97.7264338,30.291702],[-97.7264443,30.2917069]]]}},{"type":"Feature","properties":{"kind":"front","fam":"plBulk","wd":"#39332e","wg":"#59493b","wn":"#0e0f16","base":0.0,"h":0.55,"nm":"Mary's Cafe","cat":"restaurant","src":"G","bid":"47430ddb-cff3-4e93-bbc7-26231e96cae1"},"geometry":{"type":"Polygon","coordinates":[[[-97.7264797,30.2916553],[-97.7265207,30.2915903],[-97.7265166,30.2915883],[-97.7264756,30.2916534],[-97.7264797,30.2916553]]]}},{"type":"Feature","properties":{"kind":"front","fam":"plGlass","wd":"#6e7a84","wg":"#858584","wn":"#14171f","base":0.55,"h":4.3,"nm":"Mary's Cafe","cat":"restaurant","src":"G","bid":"47430ddb-cff3-4e93-bbc7-26231e96cae1"},"geometry":{"type":"Polygon","coordinates":[[[-97.7264797,30.2916553],[-97.7265207,30.2915903],[-97.7265166,30.2915883],[-97.7264756,30.2916534],[-97.7264797,30.2916553]]]}},{"type":"Feature","properties":{"kind":"front","fam":"plSign","wd":"#3a3f4a","wg":"#565152","wn":"#8e939e","base":4.3,"h":5.35,"nm":"Mary's Cafe","cat":"restaurant","src":"G","bid":"47430ddb-cff3-4e93-bbc7-26231e96cae1"},"geometry":{"type":"Polygon","coordinates":[[[-97.7264797,30.2916553],[-97.7265207,30.2915903],[-97.7265166,30.2915883],[-97.7264756,30.2916534],[-97.7264797,30.2916553]]]}},{"type":"Feature","properties":{"kind":"awning","fam":"plAwn","wd":"#363d49","wg":"#565252","wn":"#0e1019","base":3.84,"h":4.2,"nm":"Mary's Cafe","cat":"restaurant","src":"G","bid":"47430ddb-cff3-4e93-bbc7-26231e96cae1"},"geometry":{"type":"Polygon","coordinates":[[[-97.7264889,30.2916596],[-97.7265298,30.2915946],[-97.7265193,30.2915896],[-97.7264784,30.2916546],[-97.7264889,30.2916596]]]}},{"type":"Feature","properties":{"kind":"label","nm":"Mary's Cafe","cat":"restaurant","src":"G","sign":"#3a3f4a","dark":1},"geometry":{"type":"Point","coordinates":[-97.7265017,30.291658]}},{"type":"Feature","properties":{"kind":"front","fam":"plBulk","wd":"#39332e","wg":"#59493b","wn":"#0e0f16","base":0.0,"h":0.55,"nm":"Tiff's Treats","cat":"bakery","src":"G","bid":"47fd259c-fbab-4db7-a0bf-5b6dc01e03ac"},"geometry":{"type":"Polygon","coordinates":[[[-97.7440415,30.2818621],[-97.744031,30.2818912],[-97.7440355,30.2818924],[-97.7440459,30.2818632],[-97.7440415,30.2818621]]]}},{"type":"Feature","properties":{"kind":"front","fam":"plGlass","wd":"#6e7a84","wg":"#858584","wn":"#14171f","base":0.55,"h":4.25,"nm":"Tiff's Treats","cat":"bakery","src":"G","bid":"47fd259c-fbab-4db7-a0bf-5b6dc01e03ac"},"geometry":{"type":"Polygon","coordinates":[[[-97.7440415,30.2818621],[-97.744031,30.2818912],[-97.7440355,30.2818924],[-97.7440459,30.2818632],[-97.7440415,30.2818621]]]}},{"type":"Feature","properties":{"kind":"front","fam":"plSign","wd":"#8c5a2c","wg":"#9c6838","wn":"#f1ab69","base":4.25,"h":5.19,"nm":"Tiff's Treats","cat":"bakery","src":"G","bid":"47fd259c-fbab-4db7-a0bf-5b6dc01e03ac"},"geometry":{"type":"Polygon","coordinates":[[[-97.7440415,30.2818621],[-97.744031,30.2818912],[-97.7440355,30.2818924],[-97.7440459,30.2818632],[-97.7440415,30.2818621]]]}},{"type":"Feature","properties":{"kind":"awning","fam":"plAwn","wd":"#755232","wg":"#8b633f","wn":"#141216","base":3.79,"h":4.15,"nm":"Tiff's Treats","cat":"bakery","src":"G","bid":"47fd259c-fbab-4db7-a0bf-5b6dc01e03ac"},"geometry":{"type":"Polygon","coordinates":[[[-97.7440315,30.2818594],[-97.7440211,30.2818885],[-97.7440325,30.2818916],[-97.744043,30.2818625],[-97.7440315,30.2818594]]]}},{"type":"Feature","properties":{"kind":"front","fam":"plBulk","wd":"#39332e","wg":"#59493b","wn":"#0e0f16","base":0.0,"h":0.55,"nm":"Tiff's Treats","cat":"bakery","src":"G","bid":"47fd259c-fbab-4db7-a0bf-5b6dc01e03ac"},"geometry":{"type":"Polygon","coordinates":[[[-97.744184,30.28182],[-97.744099,30.2817964],[-97.7440975,30.2818003],[-97.7441825,30.2818239],[-97.744184,30.28182]]]}},{"type":"Feature","properties":{"kind":"front","fam":"plGlass","wd":"#6e7a84","wg":"#858584","wn":"#14171f","base":0.55,"h":4.25,"nm":"Tiff's Treats","cat":"bakery","src":"G","bid":"47fd259c-fbab-4db7-a0bf-5b6dc01e03ac"},"geometry":{"type":"Polygon","coordinates":[[[-97.744184,30.28182],[-97.744099,30.2817964],[-97.7440975,30.2818003],[-97.7441825,30.2818239],[-97.744184,30.28182]]]}},{"type":"Feature","properties":{"kind":"front","fam":"plSign","wd":"#8c5a2c","wg":"#9c6838","wn":"#f1ab69","base":4.25,"h":5.19,"nm":"Tiff's Treats","cat":"bakery","src":"G","bid":"47fd259c-fbab-4db7-a0bf-5b6dc01e03ac"},"geometry":{"type":"Polygon","coordinates":[[[-97.744184,30.28182],[-97.744099,30.2817964],[-97.7440975,30.2818003],[-97.7441825,30.2818239],[-97.744184,30.28182]]]}},{"type":"Feature","properties":{"kind":"awning","fam":"plAwn","wd":"#755232","wg":"#8b633f","wn":"#141216","base":3.79,"h":4.15,"nm":"Tiff's Treats","cat":"bakery","src":"G","bid":"47fd259c-fbab-4db7-a0bf-5b6dc01e03ac"},"geometry":{"type":"Polygon","coordinates":[[[-97.7441871,30.2818115],[-97.7441021,30.2817879],[-97.7440985,30.2817977],[-97.7441835,30.2818213],[-97.7441871,30.2818115]]]}},{"type":"Feature","properties":{"kind":"front","fam":"plBulk","wd":"#39332e","wg":"#59493b","wn":"#0e0f16","base":0.0,"h":0.55,"nm":"Tiff's Treats","cat":"bakery","src":"G","bid":"47fd259c-fbab-4db7-a0bf-5b6dc01e03ac"},"geometry":{"type":"Polygon","coordinates":[[[-97.744095,30.2817982],[-97.7440862,30.2818243],[-97.7440906,30.2818254],[-97.7440995,30.2817994],[-97.744095,30.2817982]]]}},{"type":"Feature","properties":{"kind":"front","fam":"plGlass","wd":"#6e7a84","wg":"#858584","wn":"#14171f","base":0.55,"h":4.25,"nm":"Tiff's Treats","cat":"bakery","src":"G","bid":"47fd259c-fbab-4db7-a0bf-5b6dc01e03ac"},"geometry":{"type":"Polygon","coordinates":[[[-97.744095,30.2817982],[-97.7440862,30.2818243],[-97.7440906,30.2818254],[-97.7440995,30.2817994],[-97.744095,30.2817982]]]}},{"type":"Feature","properties":{"kind":"front","fam":"plSign","wd":"#8c5a2c","wg":"#9c6838","wn":"#f1ab69","base":4.25,"h":5.19,"nm":"Tiff's Treats","cat":"bakery","src":"G","bid":"47fd259c-fbab-4db7-a0bf-5b6dc01e03ac"},"geometry":{"type":"Polygon","coordinates":[[[-97.744095,30.2817982],[-97.7440862,30.2818243],[-97.7440906,30.2818254],[-97.7440995,30.2817994],[-97.744095,30.2817982]]]}},{"type":"Feature","properties":{"kind":"awning","fam":"plAwn","wd":"#755232","wg":"#8b633f","wn":"#141216","base":3.79,"h":4.15,"nm":"Tiff's Treats","cat":"bakery","src":"G","bid":"47fd259c-fbab-4db7-a0bf-5b6dc01e03ac"},"geometry":{"type":"Polygon","coordinates":[[[-97.744085,30.2817957],[-97.7440762,30.2818218],[-97.7440876,30.2818247],[-97.7440965,30.2817986],[-97.744085,30.2817957]]]}},{"type":"Feature","properties":{"kind":"label","nm":"Tiff's Treats","cat":"bakery","src":"G","sign":"#8c5a2c","dark":1},"geometry":{"type":"Point","coordinates":[-97.7441497,30.2817916]}},{"type":"Feature","properties":{"kind":"front","fam":"plBulk","wd":"#39332e","wg":"#59493b","wn":"#0e0f16","base":0.0,"h":0.55,"nm":"Clay Pit","cat":"restaurant","src":"G","bid":"4bf3f71c-4b9e-4af2-971b-fc1879af1bea"},"geometry":{"type":"Polygon","coordinates":[[[-97.7424337,30.2791112],[-97.7424807,30.2789827],[-97.7424762,30.2789814],[-97.7424292,30.2791099],[-97.7424337,30.2791112]]]}},{"type":"Feature","properties":{"kind":"front","fam":"plGlass","wd":"#6e7a84","wg":"#858584","wn":"#14171f","base":0.55,"h":4.3,"nm":"Clay Pit","cat":"restaurant","src":"G","bid":"4bf3f71c-4b9e-4af2-971b-fc1879af1bea"},"geometry":{"type":"Polygon","coordinates":[[[-97.7424337,30.2791112],[-97.7424807,30.2789827],[-97.7424762,30.2789814],[-97.7424292,30.2791099],[-97.7424337,30.2791112]]]}},{"type":"Feature","properties":{"kind":"front","fam":"plSign","wd":"#8c2f24","wg":"#9c4331","wn":"#f1715e","base":4.3,"h":5.35,"nm":"Clay Pit","cat":"restaurant","src":"G","bid":"4bf3f71c-4b9e-4af2-971b-fc1879af1bea"},"geometry":{"type":"Polygon","coordinates":[[[-97.7424337,30.2791112],[-97.7424807,30.2789827],[-97.7424762,30.2789814],[-97.7424292,30.2791099],[-97.7424337,30.2791112]]]}},{"type":"Feature","properties":{"kind":"awning","fam":"plAwn","wd":"#75302c","wg":"#8b473a","wn":"#140f16","base":3.84,"h":4.2,"nm":"Clay Pit","cat":"restaurant","src":"G","bid":"4bf3f71c-4b9e-4af2-971b-fc1879af1bea"},"geometry":{"type":"Polygon","coordinates":[[[-97.7424436,30.2791139],[-97.7424906,30.2789854],[-97.7424792,30.2789823],[-97.7424322,30.2791108],[-97.7424436,30.2791139]]]}},{"type":"Feature","properties":{"kind":"label","nm":"Clay Pit","cat":"restaurant","src":"G","sign":"#8c2f24","dark":1},"geometry":{"type":"Point","coordinates":[-97.742477,30.2790523]}},{"type":"Feature","properties":{"kind":"front","fam":"plBulk","wd":"#39332e","wg":"#59493b","wn":"#0e0f16","base":0.0,"h":0.55,"nm":"Fete Accompli","cat":"cafe","src":"G","bid":"4c8dda49-66a8-4c8f-b2ee-1cd4aa8db002"},"geometry":{"type":"Polygon","coordinates":[[[-97.7507313,30.2765828],[-97.7507789,30.2765985],[-97.7507806,30.2765947],[-97.7507329,30.2765791],[-97.7507313,30.2765828]]]}},{"type":"Feature","properties":{"kind":"front","fam":"plGlass","wd":"#6e7a84","wg":"#858584","wn":"#14171f","base":0.55,"h":3.89,"nm":"Fete Accompli","cat":"cafe","src":"G","bid":"4c8dda49-66a8-4c8f-b2ee-1cd4aa8db002"},"geometry":{"type":"Polygon","coordinates":[[[-97.7507313,30.2765828],[-97.7507789,30.2765985],[-97.7507806,30.2765947],[-97.7507329,30.2765791],[-97.7507313,30.2765828]]]}},{"type":"Feature","properties":{"kind":"front","fam":"plSign","wd":"#3d3a34","wg":"#584c3f","wn":"#8f8a7f","base":3.89,"h":4.75,"nm":"Fete Accompli","cat":"cafe","src":"G","bid":"4c8dda49-66a8-4c8f-b2ee-1cd4aa8db002"},"geometry":{"type":"Polygon","coordinates":[[[-97.7507313,30.2765828],[-97.7507789,30.2765985],[-97.7507806,30.2765947],[-97.7507329,30.2765791],[-97.7507313,30.2765828]]]}},{"type":"Feature","properties":{"kind":"awning","fam":"plAwn","wd":"#383938","wg":"#584e44","wn":"#0e1017","base":3.43,"h":3.79,"nm":"Fete Accompli","cat":"cafe","src":"G","bid":"4c8dda49-66a8-4c8f-b2ee-1cd4aa8db002"},"geometry":{"type":"Polygon","coordinates":[[[-97.7507276,30.2765912],[-97.7507752,30.2766069],[-97.7507794,30.2765973],[-97.7507318,30.2765816],[-97.7507276,30.2765912]]]}},{"type":"Feature","properties":{"kind":"front","fam":"plBulk","wd":"#39332e","wg":"#59493b","wn":"#0e0f16","base":0.0,"h":0.55,"nm":"Fete Accompli","cat":"cafe","src":"G","bid":"4c8dda49-66a8-4c8f-b2ee-1cd4aa8db002"},"geometry":{"type":"Polygon","coordinates":[[[-97.7507839,30.276573],[-97.7508224,30.2764886],[-97.7508181,30.2764871],[-97.7507795,30.2765715],[-97.7507839,30.276573]]]}},{"type":"Feature","properties":{"kind":"front","fam":"plGlass","wd":"#6e7a84","wg":"#858584","wn":"#14171f","base":0.55,"h":3.89,"nm":"Fete Accompli","cat":"cafe","src":"G","bid":"4c8dda49-66a8-4c8f-b2ee-1cd4aa8db002"},"geometry":{"type":"Polygon","coordinates":[[[-97.7507839,30.276573],[-97.7508224,30.2764886],[-97.7508181,30.2764871],[-97.7507795,30.2765715],[-97.7507839,30.276573]]]}},{"type":"Feature","properties":{"kind":"front","fam":"plSign","wd":"#3d3a34","wg":"#584c3f","wn":"#8f8a7f","base":3.89,"h":4.75,"nm":"Fete Accompli","cat":"cafe","src":"G","bid":"4c8dda49-66a8-4c8f-b2ee-1cd4aa8db002"},"geometry":{"type":"Polygon","coordinates":[[[-97.7507839,30.276573],[-97.7508224,30.2764886],[-97.7508181,30.2764871],[-97.7507795,30.2765715],[-97.7507839,30.276573]]]}},{"type":"Feature","properties":{"kind":"awning","fam":"plAwn","wd":"#383938","wg":"#584e44","wn":"#0e1017","base":3.43,"h":3.79,"nm":"Fete Accompli","cat":"cafe","src":"G","bid":"4c8dda49-66a8-4c8f-b2ee-1cd4aa8db002"},"geometry":{"type":"Polygon","coordinates":[[[-97.7507936,30.2765763],[-97.7508321,30.2764918],[-97.750821,30.2764881],[-97.7507825,30.2765725],[-97.7507936,30.2765763]]]}},{"type":"Feature","properties":{"kind":"label","nm":"Fete Accompli","cat":"cafe","src":"G","sign":"#3d3a34","dark":1},"geometry":{"type":"Point","coordinates":[-97.7508132,30.2765578]}},{"type":"Feature","properties":{"kind":"front","fam":"plBulk","wd":"#39332e","wg":"#59493b","wn":"#0e0f16","base":0.0,"h":0.55,"nm":"Twin Liquors","cat":"alcohol","src":"G","bid":"4cfcd575-d660-414a-bee6-cddaf97c5658"},"geometry":{"type":"Polygon","coordinates":[[[-97.7416244,30.2787653],[-97.7415876,30.2788631],[-97.741592,30.2788644],[-97.7416289,30.2787665],[-97.7416244,30.2787653]]]}},{"type":"Feature","properties":{"kind":"front","fam":"plGlass","wd":"#6e7a84","wg":"#858584","wn":"#14171f","base":0.55,"h":4.3,"nm":"Twin Liquors","cat":"alcohol","src":"G","bid":"4cfcd575-d660-414a-bee6-cddaf97c5658"},"geometry":{"type":"Polygon","coordinates":[[[-97.7416244,30.2787653],[-97.7415876,30.2788631],[-97.741592,30.2788644],[-97.7416289,30.2787665],[-97.7416244,30.2787653]]]}},{"type":"Feature","properties":{"kind":"front","fam":"plSign","wd":"#22303a","wg":"#414444","wn":"#8cabc0","base":4.3,"h":5.35,"nm":"Twin Liquors","cat":"alcohol","src":"G","bid":"4cfcd575-d660-414a-bee6-cddaf97c5658"},"geometry":{"type":"Polygon","coordinates":[[[-97.7416244,30.2787653],[-97.7415876,30.2788631],[-97.741592,30.2788644],[-97.7416289,30.2787665],[-97.7416244,30.2787653]]]}},{"type":"Feature","properties":{"kind":"awning","fam":"plAwn","wd":"#23313d","wg":"#464848","wn":"#0b0f18","base":3.84,"h":4.2,"nm":"Twin Liquors","cat":"alcohol","src":"G","bid":"4cfcd575-d660-414a-bee6-cddaf97c5658"},"geometry":{"type":"Polygon","coordinates":[[[-97.7416145,30.2787625],[-97.7415777,30.2788604],[-97.741589,30.2788636],[-97.7416259,30.2787657],[-97.7416145,30.2787625]]]}},{"type":"Feature","properties":{"kind":"label","nm":"Twin Liquors","cat":"alcohol","src":"G","sign":"#22303a","dark":1},"geometry":{"type":"Point","coordinates":[-97.7415862,30.2788087]}},{"type":"Feature","properties":{"kind":"front","fam":"plBulk","wd":"#39332e","wg":"#59493b","wn":"#0e0f16","base":0.0,"h":0.55,"nm":"Roppolo's Pizzeria","cat":"restaurant","src":"G","bid":"4e494278-cf8e-4b77-aa5e-60a15e5cab04"},"geometry":{"type":"Polygon","coordinates":[[[-97.7414758,30.2909495],[-97.7414728,30.2909789],[-97.7414775,30.2909792],[-97.7414804,30.2909498],[-97.7414758,30.2909495]]]}},{"type":"Feature","properties":{"kind":"front","fam":"plGlass","wd":"#6e7a84","wg":"#858584","wn":"#14171f","base":0.55,"h":4.3,"nm":"Roppolo's Pizzeria","cat":"restaurant","src":"G","bid":"4e494278-cf8e-4b77-aa5e-60a15e5cab04"},"geometry":{"type":"Polygon","coordinates":[[[-97.7414758,30.2909495],[-97.7414728,30.2909789],[-97.7414775,30.2909792],[-97.7414804,30.2909498],[-97.7414758,30.2909495]]]}},{"type":"Feature","properties":{"kind":"front","fam":"plSign","wd":"#8c2f24","wg":"#9c4331","wn":"#f1715e","base":4.3,"h":5.35,"nm":"Roppolo's Pizzeria","cat":"restaurant","src":"G","bid":"4e494278-cf8e-4b77-aa5e-60a15e5cab04"},"geometry":{"type":"Polygon","coordinates":[[[-97.7414758,30.2909495],[-97.7414728,30.2909789],[-97.7414775,30.2909792],[-97.7414804,30.2909498],[-97.7414758,30.2909495]]]}},{"type":"Feature","properties":{"kind":"awning","fam":"plAwn","wd":"#75302c","wg":"#8b473a","wn":"#140f16","base":3.84,"h":4.2,"nm":"Roppolo's Pizzeria","cat":"restaurant","src":"G","bid":"4e494278-cf8e-4b77-aa5e-60a15e5cab04"},"geometry":{"type":"Polygon","coordinates":[[[-97.7414654,30.2909487],[-97.7414624,30.2909781],[-97.7414743,30.290979],[-97.7414773,30.2909496],[-97.7414654,30.2909487]]]}},{"type":"Feature","properties":{"kind":"front","fam":"plBulk","wd":"#39332e","wg":"#59493b","wn":"#0e0f16","base":0.0,"h":0.55,"nm":"Roppolo's Pizzeria","cat":"restaurant","src":"G","bid":"4e494278-cf8e-4b77-aa5e-60a15e5cab04"},"geometry":{"type":"Polygon","coordinates":[[[-97.7415015,30.2909811],[-97.7414946,30.2910503],[-97.7414993,30.2910506],[-97.7415062,30.2909814],[-97.7415015,30.2909811]]]}},{"type":"Feature","properties":{"kind":"front","fam":"plGlass","wd":"#6e7a84","wg":"#858584","wn":"#14171f","base":0.55,"h":4.3,"nm":"Roppolo's Pizzeria","cat":"restaurant","src":"G","bid":"4e494278-cf8e-4b77-aa5e-60a15e5cab04"},"geometry":{"type":"Polygon","coordinates":[[[-97.7415015,30.2909811],[-97.7414946,30.2910503],[-97.7414993,30.2910506],[-97.7415062,30.2909814],[-97.7415015,30.2909811]]]}},{"type":"Feature","properties":{"kind":"front","fam":"plSign","wd":"#8c2f24","wg":"#9c4331","wn":"#f1715e","base":4.3,"h":5.35,"nm":"Roppolo's Pizzeria","cat":"restaurant","src":"G","bid":"4e494278-cf8e-4b77-aa5e-60a15e5cab04"},"geometry":{"type":"Polygon","coordinates":[[[-97.7415015,30.2909811],[-97.7414946,30.2910503],[-97.7414993,30.2910506],[-97.7415062,30.2909814],[-97.7415015,30.2909811]]]}},{"type":"Feature","properties":{"kind":"awning","fam":"plAwn","wd":"#75302c","wg":"#8b473a","wn":"#140f16","base":3.84,"h":4.2,"nm":"Roppolo's Pizzeria","cat":"restaurant","src":"G","bid":"4e494278-cf8e-4b77-aa5e-60a15e5cab04"},"geometry":{"type":"Polygon","coordinates":[[[-97.7414911,30.2909803],[-97.7414842,30.2910495],[-97.7414961,30.2910504],[-97.741503,30.2909812],[-97.7414911,30.2909803]]]}},{"type":"Feature","properties":{"kind":"front","fam":"plBulk","wd":"#39332e","wg":"#59493b","wn":"#0e0f16","base":0.0,"h":0.55,"nm":"Roppolo's Pizzeria","cat":"restaurant","src":"G","bid":"4e494278-cf8e-4b77-aa5e-60a15e5cab04"},"geometry":{"type":"Polygon","coordinates":[[[-97.7414974,30.2910532],[-97.7415387,30.2910563],[-97.7415391,30.2910523],[-97.7414978,30.2910492],[-97.7414974,30.2910532]]]}},{"type":"Feature","properties":{"kind":"front","fam":"plGlass","wd":"#6e7a84","wg":"#858584","wn":"#14171f","base":0.55,"h":4.3,"nm":"Roppolo's Pizzeria","cat":"restaurant","src":"G","bid":"4e494278-cf8e-4b77-aa5e-60a15e5cab04"},"geometry":{"type":"Polygon","coordinates":[[[-97.7414974,30.2910532],[-97.7415387,30.2910563],[-97.7415391,30.2910523],[-97.7414978,30.2910492],[-97.7414974,30.2910532]]]}},{"type":"Feature","properties":{"kind":"front","fam":"plSign","wd":"#8c2f24","wg":"#9c4331","wn":"#f1715e","base":4.3,"h":5.35,"nm":"Roppolo's Pizzeria","cat":"restaurant","src":"G","bid":"4e494278-cf8e-4b77-aa5e-60a15e5cab04"},"geometry":{"type":"Polygon","coordinates":[[[-97.7414974,30.2910532],[-97.7415387,30.2910563],[-97.7415391,30.2910523],[-97.7414978,30.2910492],[-97.7414974,30.2910532]]]}},{"type":"Feature","properties":{"kind":"awning","fam":"plAwn","wd":"#75302c","wg":"#8b473a","wn":"#140f16","base":3.84,"h":4.2,"nm":"Roppolo's Pizzeria","cat":"restaurant","src":"G","bid":"4e494278-cf8e-4b77-aa5e-60a15e5cab04"},"geometry":{"type":"Polygon","coordinates":[[[-97.7414965,30.2910621],[-97.7415378,30.2910653],[-97.7415388,30.291055],[-97.7414976,30.2910518],[-97.7414965,30.2910621]]]}},{"type":"Feature","properties":{"kind":"label","nm":"Roppolo's Pizzeria","cat":"restaurant","src":"G","sign":"#8c2f24","dark":1},"geometry":{"type":"Point","coordinates":[-97.741477,30.2910172]}},{"type":"Feature","properties":{"kind":"front","fam":"plBulk","wd":"#39332e","wg":"#59493b","wn":"#0e0f16","base":0.0,"h":0.55,"nm":"Starbucks","cat":"cafe","src":"S","bid":"4fe52d88-e63b-49d8-8032-350db80c3b50"},"geometry":{"type":"Polygon","coordinates":[[[-97.7448028,30.2850427],[-97.74481,30.284988],[-97.7448053,30.2849875],[-97.7447982,30.2850422],[-97.7448028,30.2850427]]]}},{"type":"Feature","properties":{"kind":"front","fam":"plGlass","wd":"#6e7a84","wg":"#858584","wn":"#14171f","base":0.55,"h":4.3,"nm":"Starbucks","cat":"cafe","src":"S","bid":"4fe52d88-e63b-49d8-8032-350db80c3b50"},"geometry":{"type":"Polygon","coordinates":[[[-97.7448028,30.2850427],[-97.74481,30.284988],[-97.7448053,30.2849875],[-97.7447982,30.2850422],[-97.7448028,30.2850427]]]}},{"type":"Feature","properties":{"kind":"front","fam":"plSign","wd":"#006241","wg":"#246f4a","wn":"#33efab","base":4.3,"h":5.35,"nm":"Starbucks","cat":"cafe","src":"S","bid":"4fe52d88-e63b-49d8-8032-350db80c3b50"},"geometry":{"type":"Polygon","coordinates":[[[-97.7448028,30.2850427],[-97.74481,30.284988],[-97.7448053,30.2849875],[-97.7447982,30.2850422],[-97.7448028,30.2850427]]]}},{"type":"Feature","properties":{"kind":"awning","fam":"plAwn","wd":"#095842","wg":"#30684c","wn":"#091318","base":3.84,"h":4.2,"nm":"Starbucks","cat":"cafe","src":"S","bid":"4fe52d88-e63b-49d8-8032-350db80c3b50"},"geometry":{"type":"Polygon","coordinates":[[[-97.7448132,30.2850437],[-97.7448203,30.284989],[-97.7448085,30.2849879],[-97.7448013,30.2850425],[-97.7448132,30.2850437]]]}},{"type":"Feature","properties":{"kind":"front","fam":"plBulk","wd":"#39332e","wg":"#59493b","wn":"#0e0f16","base":0.0,"h":0.55,"nm":"Starbucks","cat":"cafe","src":"S","bid":"4fe52d88-e63b-49d8-8032-350db80c3b50"},"geometry":{"type":"Polygon","coordinates":[[[-97.7447743,30.2849849],[-97.7447782,30.28495],[-97.7447735,30.2849496],[-97.7447696,30.2849845],[-97.7447743,30.2849849]]]}},{"type":"Feature","properties":{"kind":"front","fam":"plGlass","wd":"#6e7a84","wg":"#858584","wn":"#14171f","base":0.55,"h":4.3,"nm":"Starbucks","cat":"cafe","src":"S","bid":"4fe52d88-e63b-49d8-8032-350db80c3b50"},"geometry":{"type":"Polygon","coordinates":[[[-97.7447743,30.2849849],[-97.7447782,30.28495],[-97.7447735,30.2849496],[-97.7447696,30.2849845],[-97.7447743,30.2849849]]]}},{"type":"Feature","properties":{"kind":"front","fam":"plSign","wd":"#006241","wg":"#246f4a","wn":"#33efab","base":4.3,"h":5.35,"nm":"Starbucks","cat":"cafe","src":"S","bid":"4fe52d88-e63b-49d8-8032-350db80c3b50"},"geometry":{"type":"Polygon","coordinates":[[[-97.7447743,30.2849849],[-97.7447782,30.28495],[-97.7447735,30.2849496],[-97.7447696,30.2849845],[-97.7447743,30.2849849]]]}},{"type":"Feature","properties":{"kind":"awning","fam":"plAwn","wd":"#095842","wg":"#30684c","wn":"#091318","base":3.84,"h":4.2,"nm":"Starbucks","cat":"cafe","src":"S","bid":"4fe52d88-e63b-49d8-8032-350db80c3b50"},"geometry":{"type":"Polygon","coordinates":[[[-97.7447847,30.2849857],[-97.7447886,30.2849508],[-97.7447767,30.2849498],[-97.7447728,30.2849847],[-97.7447847,30.2849857]]]}},{"type":"Feature","properties":{"kind":"front","fam":"plBulk","wd":"#39332e","wg":"#59493b","wn":"#0e0f16","base":0.0,"h":0.55,"nm":"Starbucks","cat":"cafe","src":"S","bid":"4fe52d88-e63b-49d8-8032-350db80c3b50"},"geometry":{"type":"Polygon","coordinates":[[[-97.7447754,30.284947],[-97.7447239,30.2849429],[-97.7447235,30.2849469],[-97.744775,30.284951],[-97.7447754,30.284947]]]}},{"type":"Feature","properties":{"kind":"front","fam":"plGlass","wd":"#6e7a84","wg":"#858584","wn":"#14171f","base":0.55,"h":4.3,"nm":"Starbucks","cat":"cafe","src":"S","bid":"4fe52d88-e63b-49d8-8032-350db80c3b50"},"geometry":{"type":"Polygon","coordinates":[[[-97.7447754,30.284947],[-97.7447239,30.2849429],[-97.7447235,30.2849469],[-97.744775,30.284951],[-97.7447754,30.284947]]]}},{"type":"Feature","properties":{"kind":"front","fam":"plSign","wd":"#006241","wg":"#246f4a","wn":"#33efab","base":4.3,"h":5.35,"nm":"Starbucks","cat":"cafe","src":"S","bid":"4fe52d88-e63b-49d8-8032-350db80c3b50"},"geometry":{"type":"Polygon","coordinates":[[[-97.7447754,30.284947],[-97.7447239,30.2849429],[-97.7447235,30.2849469],[-97.744775,30.284951],[-97.7447754,30.284947]]]}},{"type":"Feature","properties":{"kind":"awning","fam":"plAwn","wd":"#095842","wg":"#30684c","wn":"#091318","base":3.84,"h":4.2,"nm":"Starbucks","cat":"cafe","src":"S","bid":"4fe52d88-e63b-49d8-8032-350db80c3b50"},"geometry":{"type":"Polygon","coordinates":[[[-97.7447763,30.2849381],[-97.7447248,30.2849339],[-97.7447237,30.2849442],[-97.7447752,30.2849484],[-97.7447763,30.2849381]]]}},{"type":"Feature","properties":{"kind":"label","nm":"Starbucks","cat":"cafe","src":"S","sign":"#006241","dark":1},"geometry":{"type":"Point","coordinates":[-97.7447964,30.2849743]}},{"type":"Feature","properties":{"kind":"front","fam":"plBulk","wd":"#39332e","wg":"#59493b","wn":"#0e0f16","base":0.0,"h":0.55,"nm":"Enfield Nails","cat":"beauty","src":"G","bid":"4fffadc2-7474-4787-bd66-ca70f12b1dcc"},"geometry":{"type":"Polygon","coordinates":[[[-97.7509232,30.2768934],[-97.7508523,30.2768704],[-97.7508507,30.2768742],[-97.7509215,30.2768972],[-97.7509232,30.2768934]]]}},{"type":"Feature","properties":{"kind":"front","fam":"plGlass","wd":"#6e7a84","wg":"#858584","wn":"#14171f","base":0.55,"h":4.03,"nm":"Enfield Nails","cat":"beauty","src":"G","bid":"4fffadc2-7474-4787-bd66-ca70f12b1dcc"},"geometry":{"type":"Polygon","coordinates":[[[-97.7509232,30.2768934],[-97.7508523,30.2768704],[-97.7508507,30.2768742],[-97.7509215,30.2768972],[-97.7509232,30.2768934]]]}},{"type":"Feature","properties":{"kind":"front","fam":"plSign","wd":"#5a2a4a","wg":"#713f52","wn":"#e184bd","base":4.03,"h":4.93,"nm":"Enfield Nails","cat":"beauty","src":"G","bid":"4fffadc2-7474-4787-bd66-ca70f12b1dcc"},"geometry":{"type":"Polygon","coordinates":[[[-97.7509232,30.2768934],[-97.7508523,30.2768704],[-97.7508507,30.2768742],[-97.7509215,30.2768972],[-97.7509232,30.2768934]]]}},{"type":"Feature","properties":{"kind":"awning","fam":"plAwn","wd":"#4f2d49","wg":"#6b4452","wn":"#100e19","base":3.57,"h":3.93,"nm":"Enfield Nails","cat":"beauty","src":"G","bid":"4fffadc2-7474-4787-bd66-ca70f12b1dcc"},"geometry":{"type":"Polygon","coordinates":[[[-97.7509268,30.276885],[-97.750856,30.276862],[-97.7508517,30.2768716],[-97.7509226,30.2768946],[-97.7509268,30.276885]]]}},{"type":"Feature","properties":{"kind":"front","fam":"plBulk","wd":"#39332e","wg":"#59493b","wn":"#0e0f16","base":0.0,"h":0.55,"nm":"Enfield Nails","cat":"beauty","src":"G","bid":"4fffadc2-7474-4787-bd66-ca70f12b1dcc"},"geometry":{"type":"Polygon","coordinates":[[[-97.7508483,30.2768719],[-97.7508209,30.2769332],[-97.7508253,30.2769347],[-97.7508527,30.2768734],[-97.7508483,30.2768719]]]}},{"type":"Feature","properties":{"kind":"front","fam":"plGlass","wd":"#6e7a84","wg":"#858584","wn":"#14171f","base":0.55,"h":4.03,"nm":"Enfield Nails","cat":"beauty","src":"G","bid":"4fffadc2-7474-4787-bd66-ca70f12b1dcc"},"geometry":{"type":"Polygon","coordinates":[[[-97.7508483,30.2768719],[-97.7508209,30.2769332],[-97.7508253,30.2769347],[-97.7508527,30.2768734],[-97.7508483,30.2768719]]]}},{"type":"Feature","properties":{"kind":"front","fam":"plSign","wd":"#5a2a4a","wg":"#713f52","wn":"#e184bd","base":4.03,"h":4.93,"nm":"Enfield Nails","cat":"beauty","src":"G","bid":"4fffadc2-7474-4787-bd66-ca70f12b1dcc"},"geometry":{"type":"Polygon","coordinates":[[[-97.7508483,30.2768719],[-97.7508209,30.2769332],[-97.7508253,30.2769347],[-97.7508527,30.2768734],[-97.7508483,30.2768719]]]}},{"type":"Feature","properties":{"kind":"awning","fam":"plAwn","wd":"#4f2d49","wg":"#6b4452","wn":"#100e19","base":3.57,"h":3.93,"nm":"Enfield Nails","cat":"beauty","src":"G","bid":"4fffadc2-7474-4787-bd66-ca70f12b1dcc"},"geometry":{"type":"Polygon","coordinates":[[[-97.7508386,30.2768687],[-97.7508112,30.27693],[-97.7508224,30.2769337],[-97.7508497,30.2768724],[-97.7508386,30.2768687]]]}},{"type":"Feature","properties":{"kind":"label","nm":"Enfield Nails","cat":"beauty","src":"G","sign":"#5a2a4a","dark":1},"geometry":{"type":"Point","coordinates":[-97.750862,30.2768543]}},{"type":"Feature","properties":{"kind":"front","fam":"plBulk","wd":"#39332e","wg":"#59493b","wn":"#0e0f16","base":0.0,"h":0.55,"nm":"CAVA","cat":"restaurant","src":"G","bid":"5227a4ab-cbbc-4913-b385-0409c2db9503"},"geometry":{"type":"Polygon","coordinates":[[[-97.7417097,30.2886117],[-97.7417737,30.288616],[-97.7417741,30.2886119],[-97.74171,30.2886077],[-97.7417097,30.2886117]]]}},{"type":"Feature","properties":{"kind":"front","fam":"plGlass","wd":"#6e7a84","wg":"#858584","wn":"#14171f","base":0.55,"h":4.3,"nm":"CAVA","cat":"restaurant","src":"G","bid":"5227a4ab-cbbc-4913-b385-0409c2db9503"},"geometry":{"type":"Polygon","coordinates":[[[-97.7417097,30.2886117],[-97.7417737,30.288616],[-97.7417741,30.2886119],[-97.74171,30.2886077],[-97.7417097,30.2886117]]]}},{"type":"Feature","properties":{"kind":"front","fam":"plSign","wd":"#3a3f4a","wg":"#565152","wn":"#8e939e","base":4.3,"h":5.35,"nm":"CAVA","cat":"restaurant","src":"G","bid":"5227a4ab-cbbc-4913-b385-0409c2db9503"},"geometry":{"type":"Polygon","coordinates":[[[-97.7417097,30.2886117],[-97.7417737,30.288616],[-97.7417741,30.2886119],[-97.74171,30.2886077],[-97.7417097,30.2886117]]]}},{"type":"Feature","properties":{"kind":"awning","fam":"plAwn","wd":"#363d49","wg":"#565252","wn":"#0e1019","base":3.84,"h":4.2,"nm":"CAVA","cat":"restaurant","src":"G","bid":"5227a4ab-cbbc-4913-b385-0409c2db9503"},"geometry":{"type":"Polygon","coordinates":[[[-97.7417089,30.2886207],[-97.7417729,30.2886249],[-97.7417738,30.2886146],[-97.7417098,30.2886104],[-97.7417089,30.2886207]]]}},{"type":"Feature","properties":{"kind":"front","fam":"plBulk","wd":"#39332e","wg":"#59493b","wn":"#0e0f16","base":0.0,"h":0.55,"nm":"CAVA","cat":"restaurant","src":"G","bid":"5227a4ab-cbbc-4913-b385-0409c2db9503"},"geometry":{"type":"Polygon","coordinates":[[[-97.7416485,30.2884639],[-97.7416414,30.2885429],[-97.7416461,30.2885433],[-97.7416532,30.2884642],[-97.7416485,30.2884639]]]}},{"type":"Feature","properties":{"kind":"front","fam":"plGlass","wd":"#6e7a84","wg":"#858584","wn":"#14171f","base":0.55,"h":4.3,"nm":"CAVA","cat":"restaurant","src":"G","bid":"5227a4ab-cbbc-4913-b385-0409c2db9503"},"geometry":{"type":"Polygon","coordinates":[[[-97.7416485,30.2884639],[-97.7416414,30.2885429],[-97.7416461,30.2885433],[-97.7416532,30.2884642],[-97.7416485,30.2884639]]]}},{"type":"Feature","properties":{"kind":"front","fam":"plSign","wd":"#3a3f4a","wg":"#565152","wn":"#8e939e","base":4.3,"h":5.35,"nm":"CAVA","cat":"restaurant","src":"G","bid":"5227a4ab-cbbc-4913-b385-0409c2db9503"},"geometry":{"type":"Polygon","coordinates":[[[-97.7416485,30.2884639],[-97.7416414,30.2885429],[-97.7416461,30.2885433],[-97.7416532,30.2884642],[-97.7416485,30.2884639]]]}},{"type":"Feature","properties":{"kind":"awning","fam":"plAwn","wd":"#363d49","wg":"#565252","wn":"#0e1019","base":3.84,"h":4.2,"nm":"CAVA","cat":"restaurant","src":"G","bid":"5227a4ab-cbbc-4913-b385-0409c2db9503"},"geometry":{"type":"Polygon","coordinates":[[[-97.7416381,30.2884632],[-97.7416311,30.2885423],[-97.741643,30.2885431],[-97.74165,30.288464],[-97.7416381,30.2884632]]]}},{"type":"Feature","properties":{"kind":"label","nm":"CAVA","cat":"restaurant","src":"G","sign":"#3a3f4a","dark":1},"geometry":{"type":"Point","coordinates":[-97.7416267,30.2884744]}},{"type":"Feature","properties":{"kind":"front","fam":"plBulk","wd":"#39332e","wg":"#59493b","wn":"#0e0f16","base":0.0,"h":0.55,"nm":"Dollar Slice Club","cat":"restaurant","src":"G","bid":"5eca50d9-18c0-4bc7-aa7b-33fef6ba6c65"},"geometry":{"type":"Polygon","coordinates":[[[-97.7421046,30.2865471],[-97.7419998,30.286539],[-97.7419993,30.286543],[-97.7421042,30.2865511],[-97.7421046,30.2865471]]]}},{"type":"Feature","properties":{"kind":"front","fam":"plGlass","wd":"#6e7a84","wg":"#858584","wn":"#14171f","base":0.55,"h":4.3,"nm":"Dollar Slice Club","cat":"restaurant","src":"G","bid":"5eca50d9-18c0-4bc7-aa7b-33fef6ba6c65"},"geometry":{"type":"Polygon","coordinates":[[[-97.7421046,30.2865471],[-97.7419998,30.286539],[-97.7419993,30.286543],[-97.7421042,30.2865511],[-97.7421046,30.2865471]]]}},{"type":"Feature","properties":{"kind":"front","fam":"plSign","wd":"#6b4a33","wg":"#805a3e","wn":"#e1ab82","base":4.3,"h":5.35,"nm":"Dollar Slice Club","cat":"restaurant","src":"G","bid":"5eca50d9-18c0-4bc7-aa7b-33fef6ba6c65"},"geometry":{"type":"Polygon","coordinates":[[[-97.7421046,30.2865471],[-97.7419998,30.286539],[-97.7419993,30.286543],[-97.7421042,30.2865511],[-97.7421046,30.2865471]]]}},{"type":"Feature","properties":{"kind":"awning","fam":"plAwn","wd":"#5c4537","wg":"#765843","wn":"#121117","base":3.84,"h":4.2,"nm":"Dollar Slice Club","cat":"restaurant","src":"G","bid":"5eca50d9-18c0-4bc7-aa7b-33fef6ba6c65"},"geometry":{"type":"Polygon","coordinates":[[[-97.7421055,30.2865381],[-97.7420007,30.28653],[-97.7419996,30.2865403],[-97.7421044,30.2865484],[-97.7421055,30.2865381]]]}},{"type":"Feature","properties":{"kind":"front","fam":"plBulk","wd":"#39332e","wg":"#59493b","wn":"#0e0f16","base":0.0,"h":0.55,"nm":"Dollar Slice Club","cat":"restaurant","src":"G","bid":"5eca50d9-18c0-4bc7-aa7b-33fef6ba6c65"},"geometry":{"type":"Polygon","coordinates":[[[-97.7418741,30.28653],[-97.7418436,30.2865519],[-97.7418466,30.286555],[-97.7418771,30.2865331],[-97.7418741,30.28653]]]}},{"type":"Feature","properties":{"kind":"front","fam":"plGlass","wd":"#6e7a84","wg":"#858584","wn":"#14171f","base":0.55,"h":4.3,"nm":"Dollar Slice Club","cat":"restaurant","src":"G","bid":"5eca50d9-18c0-4bc7-aa7b-33fef6ba6c65"},"geometry":{"type":"Polygon","coordinates":[[[-97.7418741,30.28653],[-97.7418436,30.2865519],[-97.7418466,30.286555],[-97.7418771,30.2865331],[-97.7418741,30.28653]]]}},{"type":"Feature","properties":{"kind":"front","fam":"plSign","wd":"#6b4a33","wg":"#805a3e","wn":"#e1ab82","base":4.3,"h":5.35,"nm":"Dollar Slice Club","cat":"restaurant","src":"G","bid":"5eca50d9-18c0-4bc7-aa7b-33fef6ba6c65"},"geometry":{"type":"Polygon","coordinates":[[[-97.7418741,30.28653],[-97.7418436,30.2865519],[-97.7418466,30.286555],[-97.7418771,30.2865331],[-97.7418741,30.28653]]]}},{"type":"Feature","properties":{"kind":"awning","fam":"plAwn","wd":"#5c4537","wg":"#765843","wn":"#121117","base":3.84,"h":4.2,"nm":"Dollar Slice Club","cat":"restaurant","src":"G","bid":"5eca50d9-18c0-4bc7-aa7b-33fef6ba6c65"},"geometry":{"type":"Polygon","coordinates":[[[-97.7418675,30.2865231],[-97.741837,30.286545],[-97.7418446,30.286553],[-97.7418751,30.2865311],[-97.7418675,30.2865231]]]}},{"type":"Feature","properties":{"kind":"front","fam":"plBulk","wd":"#39332e","wg":"#59493b","wn":"#0e0f16","base":0.0,"h":0.55,"nm":"Dollar Slice Club","cat":"restaurant","src":"G","bid":"5eca50d9-18c0-4bc7-aa7b-33fef6ba6c65"},"geometry":{"type":"Polygon","coordinates":[[[-97.7418425,30.2865538],[-97.7418415,30.2865633],[-97.7418461,30.2865637],[-97.7418472,30.2865541],[-97.7418425,30.2865538]]]}},{"type":"Feature","properties":{"kind":"front","fam":"plGlass","wd":"#6e7a84","wg":"#858584","wn":"#14171f","base":0.55,"h":4.3,"nm":"Dollar Slice Club","cat":"restaurant","src":"G","bid":"5eca50d9-18c0-4bc7-aa7b-33fef6ba6c65"},"geometry":{"type":"Polygon","coordinates":[[[-97.7418425,30.2865538],[-97.7418415,30.2865633],[-97.7418461,30.2865637],[-97.7418472,30.2865541],[-97.7418425,30.2865538]]]}},{"type":"Feature","properties":{"kind":"front","fam":"plSign","wd":"#6b4a33","wg":"#805a3e","wn":"#e1ab82","base":4.3,"h":5.35,"nm":"Dollar Slice Club","cat":"restaurant","src":"G","bid":"5eca50d9-18c0-4bc7-aa7b-33fef6ba6c65"},"geometry":{"type":"Polygon","coordinates":[[[-97.7418425,30.2865538],[-97.7418415,30.2865633],[-97.7418461,30.2865637],[-97.7418472,30.2865541],[-97.7418425,30.2865538]]]}},{"type":"Feature","properties":{"kind":"awning","fam":"plAwn","wd":"#5c4537","wg":"#765843","wn":"#121117","base":3.84,"h":4.2,"nm":"Dollar Slice Club","cat":"restaurant","src":"G","bid":"5eca50d9-18c0-4bc7-aa7b-33fef6ba6c65"},"geometry":{"type":"Polygon","coordinates":[[[-97.7418321,30.2865529],[-97.7418311,30.2865625],[-97.741843,30.2865635],[-97.741844,30.2865539],[-97.7418321,30.2865529]]]}},{"type":"Feature","properties":{"kind":"label","nm":"Dollar Slice Club","cat":"restaurant","src":"G","sign":"#6b4a33","dark":1},"geometry":{"type":"Point","coordinates":[-97.7420287,30.2865232]}},{"type":"Feature","properties":{"kind":"front","fam":"plBulk","wd":"#39332e","wg":"#59493b","wn":"#0e0f16","base":0.0,"h":0.55,"nm":"Kesos Taco House","cat":"restaurant","src":"G","bid":"5ee3dd7b-a7af-4eac-98ce-29381a35d000"},"geometry":{"type":"Polygon","coordinates":[[[-97.7444166,30.2826234],[-97.7443662,30.2826203],[-97.7443659,30.2826243],[-97.7444162,30.2826274],[-97.7444166,30.2826234]]]}},{"type":"Feature","properties":{"kind":"front","fam":"plGlass","wd":"#6e7a84","wg":"#858584","wn":"#14171f","base":0.55,"h":3.1,"nm":"Kesos Taco House","cat":"restaurant","src":"G","bid":"5ee3dd7b-a7af-4eac-98ce-29381a35d000"},"geometry":{"type":"Polygon","coordinates":[[[-97.7444166,30.2826234],[-97.7443662,30.2826203],[-97.7443659,30.2826243],[-97.7444162,30.2826274],[-97.7444166,30.2826234]]]}},{"type":"Feature","properties":{"kind":"front","fam":"plSign","wd":"#3a3f4a","wg":"#565152","wn":"#8e939e","base":3.1,"h":3.78,"nm":"Kesos Taco House","cat":"restaurant","src":"G","bid":"5ee3dd7b-a7af-4eac-98ce-29381a35d000"},"geometry":{"type":"Polygon","coordinates":[[[-97.7444166,30.2826234],[-97.7443662,30.2826203],[-97.7443659,30.2826243],[-97.7444162,30.2826274],[-97.7444166,30.2826234]]]}},{"type":"Feature","properties":{"kind":"awning","fam":"plAwn","wd":"#363d49","wg":"#565252","wn":"#0e1019","base":2.64,"h":3.0,"nm":"Kesos Taco House","cat":"restaurant","src":"G","bid":"5ee3dd7b-a7af-4eac-98ce-29381a35d000"},"geometry":{"type":"Polygon","coordinates":[[[-97.7444173,30.2826144],[-97.7443669,30.2826114],[-97.7443661,30.2826217],[-97.7444165,30.2826247],[-97.7444173,30.2826144]]]}},{"type":"Feature","properties":{"kind":"front","fam":"plBulk","wd":"#39332e","wg":"#59493b","wn":"#0e0f16","base":0.0,"h":0.55,"nm":"Kesos Taco House","cat":"restaurant","src":"G","bid":"5ee3dd7b-a7af-4eac-98ce-29381a35d000"},"geometry":{"type":"Polygon","coordinates":[[[-97.7443629,30.2826228],[-97.7443573,30.2827025],[-97.7443619,30.2827027],[-97.7443676,30.2826231],[-97.7443629,30.2826228]]]}},{"type":"Feature","properties":{"kind":"front","fam":"plGlass","wd":"#6e7a84","wg":"#858584","wn":"#14171f","base":0.55,"h":3.1,"nm":"Kesos Taco House","cat":"restaurant","src":"G","bid":"5ee3dd7b-a7af-4eac-98ce-29381a35d000"},"geometry":{"type":"Polygon","coordinates":[[[-97.7443629,30.2826228],[-97.7443573,30.2827025],[-97.7443619,30.2827027],[-97.7443676,30.2826231],[-97.7443629,30.2826228]]]}},{"type":"Feature","properties":{"kind":"front","fam":"plSign","wd":"#3a3f4a","wg":"#565152","wn":"#8e939e","base":3.1,"h":3.78,"nm":"Kesos Taco House","cat":"restaurant","src":"G","bid":"5ee3dd7b-a7af-4eac-98ce-29381a35d000"},"geometry":{"type":"Polygon","coordinates":[[[-97.7443629,30.2826228],[-97.7443573,30.2827025],[-97.7443619,30.2827027],[-97.7443676,30.2826231],[-97.7443629,30.2826228]]]}},{"type":"Feature","properties":{"kind":"awning","fam":"plAwn","wd":"#363d49","wg":"#565252","wn":"#0e1019","base":2.64,"h":3.0,"nm":"Kesos Taco House","cat":"restaurant","src":"G","bid":"5ee3dd7b-a7af-4eac-98ce-29381a35d000"},"geometry":{"type":"Polygon","coordinates":[[[-97.7443525,30.2826223],[-97.7443469,30.2827019],[-97.7443588,30.2827025],[-97.7443644,30.2826229],[-97.7443525,30.2826223]]]}},{"type":"Feature","properties":{"kind":"label","nm":"Kesos Taco House","cat":"restaurant","src":"G","sign":"#3a3f4a","dark":1},"geometry":{"type":"Point","coordinates":[-97.7443408,30.2826398]}},{"type":"Feature","properties":{"kind":"front","fam":"plBulk","wd":"#39332e","wg":"#59493b","wn":"#0e0f16","base":0.0,"h":0.55,"nm":"Trudy's Texas Star","cat":"restaurant","src":"S","bid":"61d388f0-d0f1-4dcf-bf4a-157007f04e39"},"geometry":{"type":"Polygon","coordinates":[[[-97.7408994,30.2957014],[-97.7409935,30.2957454],[-97.7409957,30.2957418],[-97.7409016,30.2956978],[-97.7408994,30.2957014]]]}},{"type":"Feature","properties":{"kind":"front","fam":"plGlass","wd":"#6e7a84","wg":"#858584","wn":"#14171f","base":0.55,"h":4.3,"nm":"Trudy's Texas Star","cat":"restaurant","src":"S","bid":"61d388f0-d0f1-4dcf-bf4a-157007f04e39"},"geometry":{"type":"Polygon","coordinates":[[[-97.7408994,30.2957014],[-97.7409935,30.2957454],[-97.7409957,30.2957418],[-97.7409016,30.2956978],[-97.7408994,30.2957014]]]}},{"type":"Feature","properties":{"kind":"front","fam":"plSign","wd":"#e43e24","wg":"#e85031","wn":"#f1654b","base":4.3,"h":5.35,"nm":"Trudy's Texas Star","cat":"restaurant","src":"S","bid":"61d388f0-d0f1-4dcf-bf4a-157007f04e39"},"geometry":{"type":"Polygon","coordinates":[[[-97.7408994,30.2957014],[-97.7409935,30.2957454],[-97.7409957,30.2957418],[-97.7409016,30.2956978],[-97.7408994,30.2957014]]]}},{"type":"Feature","properties":{"kind":"awning","fam":"plAwn","wd":"#b93c2c","wg":"#c4513a","wn":"#1c1016","base":3.84,"h":4.2,"nm":"Trudy's Texas Star","cat":"restaurant","src":"S","bid":"61d388f0-d0f1-4dcf-bf4a-157007f04e39"},"geometry":{"type":"Polygon","coordinates":[[[-97.7408944,30.2957093],[-97.7409886,30.2957533],[-97.7409943,30.2957442],[-97.7409001,30.2957002],[-97.7408944,30.2957093]]]}},{"type":"Feature","properties":{"kind":"front","fam":"plBulk","wd":"#39332e","wg":"#59493b","wn":"#0e0f16","base":0.0,"h":0.55,"nm":"Trudy's Texas Star","cat":"restaurant","src":"S","bid":"61d388f0-d0f1-4dcf-bf4a-157007f04e39"},"geometry":{"type":"Polygon","coordinates":[[[-97.7410213,30.2957337],[-97.7409981,30.295771],[-97.7410022,30.2957729],[-97.7410254,30.2957356],[-97.7410213,30.2957337]]]}},{"type":"Feature","properties":{"kind":"front","fam":"plGlass","wd":"#6e7a84","wg":"#858584","wn":"#14171f","base":0.55,"h":4.3,"nm":"Trudy's Texas Star","cat":"restaurant","src":"S","bid":"61d388f0-d0f1-4dcf-bf4a-157007f04e39"},"geometry":{"type":"Polygon","coordinates":[[[-97.7410213,30.2957337],[-97.7409981,30.295771],[-97.7410022,30.2957729],[-97.7410254,30.2957356],[-97.7410213,30.2957337]]]}},{"type":"Feature","properties":{"kind":"front","fam":"plSign","wd":"#e43e24","wg":"#e85031","wn":"#f1654b","base":4.3,"h":5.35,"nm":"Trudy's Texas Star","cat":"restaurant","src":"S","bid":"61d388f0-d0f1-4dcf-bf4a-157007f04e39"},"geometry":{"type":"Polygon","coordinates":[[[-97.7410213,30.2957337],[-97.7409981,30.295771],[-97.7410022,30.2957729],[-97.7410254,30.2957356],[-97.7410213,30.2957337]]]}},{"type":"Feature","properties":{"kind":"awning","fam":"plAwn","wd":"#b93c2c","wg":"#c4513a","wn":"#1c1016","base":3.84,"h":4.2,"nm":"Trudy's Texas Star","cat":"restaurant","src":"S","bid":"61d388f0-d0f1-4dcf-bf4a-157007f04e39"},"geometry":{"type":"Polygon","coordinates":[[[-97.7410121,30.2957295],[-97.7409889,30.2957667],[-97.7409995,30.2957716],[-97.7410226,30.2957344],[-97.7410121,30.2957295]]]}},{"type":"Feature","properties":{"kind":"label","nm":"Trudy's Texas Star","cat":"restaurant","src":"S","sign":"#e43e24","dark":1},"geometry":{"type":"Point","coordinates":[-97.7409581,30.2957492]}},{"type":"Feature","properties":{"kind":"front","fam":"plBulk","wd":"#39332e","wg":"#59493b","wn":"#0e0f16","base":0.0,"h":0.55,"nm":"William Paul Floral Design","cat":"florist","src":"G","bid":"62b54af5-1d86-4035-8ca4-a37771929c01"},"geometry":{"type":"Polygon","coordinates":[[[-97.7419725,30.2768814],[-97.7420582,30.2769044],[-97.7420596,30.2769005],[-97.7419739,30.2768775],[-97.7419725,30.2768814]]]}},{"type":"Feature","properties":{"kind":"front","fam":"plGlass","wd":"#6e7a84","wg":"#858584","wn":"#14171f","base":0.55,"h":4.3,"nm":"William Paul Floral Design","cat":"florist","src":"G","bid":"62b54af5-1d86-4035-8ca4-a37771929c01"},"geometry":{"type":"Polygon","coordinates":[[[-97.7419725,30.2768814],[-97.7420582,30.2769044],[-97.7420596,30.2769005],[-97.7419739,30.2768775],[-97.7419725,30.2768814]]]}},{"type":"Feature","properties":{"kind":"front","fam":"plSign","wd":"#3a4a30","wg":"#565a3b","wn":"#a1bb8a","base":4.3,"h":5.35,"nm":"William Paul Floral Design","cat":"florist","src":"G","bid":"62b54af5-1d86-4035-8ca4-a37771929c01"},"geometry":{"type":"Polygon","coordinates":[[[-97.7419725,30.2768814],[-97.7420582,30.2769044],[-97.7420596,30.2769005],[-97.7419739,30.2768775],[-97.7419725,30.2768814]]]}},{"type":"Feature","properties":{"kind":"awning","fam":"plAwn","wd":"#364535","wg":"#565841","wn":"#0e1117","base":3.84,"h":4.2,"nm":"William Paul Floral Design","cat":"florist","src":"G","bid":"62b54af5-1d86-4035-8ca4-a37771929c01"},"geometry":{"type":"Polygon","coordinates":[[[-97.7419694,30.2768899],[-97.7420551,30.276913],[-97.7420586,30.2769031],[-97.7419729,30.2768801],[-97.7419694,30.2768899]]]}},{"type":"Feature","properties":{"kind":"front","fam":"plBulk","wd":"#39332e","wg":"#59493b","wn":"#0e0f16","base":0.0,"h":0.55,"nm":"William Paul Floral Design","cat":"florist","src":"G","bid":"62b54af5-1d86-4035-8ca4-a37771929c01"},"geometry":{"type":"Polygon","coordinates":[[[-97.7420621,30.2769026],[-97.7420818,30.2768479],[-97.7420773,30.2768467],[-97.7420576,30.2769014],[-97.7420621,30.2769026]]]}},{"type":"Feature","properties":{"kind":"front","fam":"plGlass","wd":"#6e7a84","wg":"#858584","wn":"#14171f","base":0.55,"h":4.3,"nm":"William Paul Floral Design","cat":"florist","src":"G","bid":"62b54af5-1d86-4035-8ca4-a37771929c01"},"geometry":{"type":"Polygon","coordinates":[[[-97.7420621,30.2769026],[-97.7420818,30.2768479],[-97.7420773,30.2768467],[-97.7420576,30.2769014],[-97.7420621,30.2769026]]]}},{"type":"Feature","properties":{"kind":"front","fam":"plSign","wd":"#3a4a30","wg":"#565a3b","wn":"#a1bb8a","base":4.3,"h":5.35,"nm":"William Paul Floral Design","cat":"florist","src":"G","bid":"62b54af5-1d86-4035-8ca4-a37771929c01"},"geometry":{"type":"Polygon","coordinates":[[[-97.7420621,30.2769026],[-97.7420818,30.2768479],[-97.7420773,30.2768467],[-97.7420576,30.2769014],[-97.7420621,30.2769026]]]}},{"type":"Feature","properties":{"kind":"awning","fam":"plAwn","wd":"#364535","wg":"#565841","wn":"#0e1117","base":3.84,"h":4.2,"nm":"William Paul Floral Design","cat":"florist","src":"G","bid":"62b54af5-1d86-4035-8ca4-a37771929c01"},"geometry":{"type":"Polygon","coordinates":[[[-97.742072,30.2769053],[-97.7420917,30.2768506],[-97.7420803,30.2768475],[-97.7420606,30.2769022],[-97.742072,30.2769053]]]}},{"type":"Feature","properties":{"kind":"label","nm":"William Paul Floral Design","cat":"florist","src":"G","sign":"#3a4a30","dark":1},"geometry":{"type":"Point","coordinates":[-97.7420408,30.2769185]}},{"type":"Feature","properties":{"kind":"front","fam":"plBulk","wd":"#39332e","wg":"#59493b","wn":"#0e0f16","base":0.0,"h":0.55,"nm":"Einstein Bros. Bagels","cat":"fast_food","src":"S","bid":"637567b0-2abe-4f31-b08d-1162a7bb1c40"},"geometry":{"type":"Polygon","coordinates":[[[-97.7417606,30.2880661],[-97.7418347,30.2880719],[-97.7418351,30.2880679],[-97.741761,30.2880621],[-97.7417606,30.2880661]]]}},{"type":"Feature","properties":{"kind":"front","fam":"plGlass","wd":"#6e7a84","wg":"#858584","wn":"#14171f","base":0.55,"h":4.3,"nm":"Einstein Bros. Bagels","cat":"fast_food","src":"S","bid":"637567b0-2abe-4f31-b08d-1162a7bb1c40"},"geometry":{"type":"Polygon","coordinates":[[[-97.7417606,30.2880661],[-97.7418347,30.2880719],[-97.7418351,30.2880679],[-97.741761,30.2880621],[-97.7417606,30.2880661]]]}},{"type":"Feature","properties":{"kind":"front","fam":"plSign","wd":"#f2b826","wg":"#f4b933","wn":"#f1c24b","base":4.3,"h":5.35,"nm":"Einstein Bros. Bagels","cat":"fast_food","src":"S","bid":"637567b0-2abe-4f31-b08d-1162a7bb1c40"},"geometry":{"type":"Polygon","coordinates":[[[-97.7417606,30.2880661],[-97.7418347,30.2880719],[-97.7418351,30.2880679],[-97.741761,30.2880621],[-97.7417606,30.2880661]]]}},{"type":"Feature","properties":{"kind":"awning","fam":"plAwn","wd":"#c49a2d","wg":"#cda03b","wn":"#1d1a16","base":3.84,"h":4.2,"nm":"Einstein Bros. Bagels","cat":"fast_food","src":"S","bid":"637567b0-2abe-4f31-b08d-1162a7bb1c40"},"geometry":{"type":"Polygon","coordinates":[[[-97.7417596,30.288075],[-97.7418337,30.2880809],[-97.7418348,30.2880706],[-97.7417607,30.2880648],[-97.7417596,30.288075]]]}},{"type":"Feature","properties":{"kind":"front","fam":"plBulk","wd":"#39332e","wg":"#59493b","wn":"#0e0f16","base":0.0,"h":0.55,"nm":"Einstein Bros. Bagels","cat":"fast_food","src":"S","bid":"637567b0-2abe-4f31-b08d-1162a7bb1c40"},"geometry":{"type":"Polygon","coordinates":[[[-97.7417095,30.2879353],[-97.7417021,30.2880055],[-97.7417067,30.2880058],[-97.7417142,30.2879356],[-97.7417095,30.2879353]]]}},{"type":"Feature","properties":{"kind":"front","fam":"plGlass","wd":"#6e7a84","wg":"#858584","wn":"#14171f","base":0.55,"h":4.3,"nm":"Einstein Bros. Bagels","cat":"fast_food","src":"S","bid":"637567b0-2abe-4f31-b08d-1162a7bb1c40"},"geometry":{"type":"Polygon","coordinates":[[[-97.7417095,30.2879353],[-97.7417021,30.2880055],[-97.7417067,30.2880058],[-97.7417142,30.2879356],[-97.7417095,30.2879353]]]}},{"type":"Feature","properties":{"kind":"front","fam":"plSign","wd":"#f2b826","wg":"#f4b933","wn":"#f1c24b","base":4.3,"h":5.35,"nm":"Einstein Bros. Bagels","cat":"fast_food","src":"S","bid":"637567b0-2abe-4f31-b08d-1162a7bb1c40"},"geometry":{"type":"Polygon","coordinates":[[[-97.7417095,30.2879353],[-97.7417021,30.2880055],[-97.7417067,30.2880058],[-97.7417142,30.2879356],[-97.7417095,30.2879353]]]}},{"type":"Feature","properties":{"kind":"awning","fam":"plAwn","wd":"#c49a2d","wg":"#cda03b","wn":"#1d1a16","base":3.84,"h":4.2,"nm":"Einstein Bros. Bagels","cat":"fast_food","src":"S","bid":"637567b0-2abe-4f31-b08d-1162a7bb1c40"},"geometry":{"type":"Polygon","coordinates":[[[-97.7416991,30.2879344],[-97.7416917,30.2880046],[-97.7417036,30.2880056],[-97.741711,30.2879354],[-97.7416991,30.2879344]]]}},{"type":"Feature","properties":{"kind":"label","nm":"Einstein Bros. Bagels","cat":"fast_food","src":"S","sign":"#f2b826","dark":0},"geometry":{"type":"Point","coordinates":[-97.7416884,30.2879374]}},{"type":"Feature","properties":{"kind":"front","fam":"plBulk","wd":"#39332e","wg":"#59493b","wn":"#0e0f16","base":0.0,"h":0.55,"nm":"Arab Cowboy","cat":"cafe","src":"G","bid":"6d8f3d61-7cd5-49a8-b3f5-4cf05af07fd3"},"geometry":{"type":"Polygon","coordinates":[[[-97.74692,30.2879266],[-97.7469124,30.2880158],[-97.7469171,30.2880161],[-97.7469246,30.2879269],[-97.74692,30.2879266]]]}},{"type":"Feature","properties":{"kind":"front","fam":"plGlass","wd":"#6e7a84","wg":"#858584","wn":"#14171f","base":0.55,"h":4.3,"nm":"Arab Cowboy","cat":"cafe","src":"G","bid":"6d8f3d61-7cd5-49a8-b3f5-4cf05af07fd3"},"geometry":{"type":"Polygon","coordinates":[[[-97.74692,30.2879266],[-97.7469124,30.2880158],[-97.7469171,30.2880161],[-97.7469246,30.2879269],[-97.74692,30.2879266]]]}},{"type":"Feature","properties":{"kind":"front","fam":"plSign","wd":"#7a5c3c","wg":"#8d6a46","wn":"#e1b585","base":4.3,"h":5.35,"nm":"Arab Cowboy","cat":"cafe","src":"G","bid":"6d8f3d61-7cd5-49a8-b3f5-4cf05af07fd3"},"geometry":{"type":"Polygon","coordinates":[[[-97.74692,30.2879266],[-97.7469124,30.2880158],[-97.7469171,30.2880161],[-97.7469246,30.2879269],[-97.74692,30.2879266]]]}},{"type":"Feature","properties":{"kind":"awning","fam":"plAwn","wd":"#67533e","wg":"#7f6449","wn":"#131218","base":3.84,"h":4.2,"nm":"Arab Cowboy","cat":"cafe","src":"G","bid":"6d8f3d61-7cd5-49a8-b3f5-4cf05af07fd3"},"geometry":{"type":"Polygon","coordinates":[[[-97.7469096,30.287926],[-97.746902,30.2880151],[-97.7469139,30.2880159],[-97.7469215,30.2879267],[-97.7469096,30.287926]]]}},{"type":"Feature","properties":{"kind":"front","fam":"plBulk","wd":"#39332e","wg":"#59493b","wn":"#0e0f16","base":0.0,"h":0.55,"nm":"Arab Cowboy","cat":"cafe","src":"G","bid":"6d8f3d61-7cd5-49a8-b3f5-4cf05af07fd3"},"geometry":{"type":"Polygon","coordinates":[[[-97.7469153,30.2880187],[-97.7469676,30.2880221],[-97.7469679,30.2880181],[-97.7469156,30.2880147],[-97.7469153,30.2880187]]]}},{"type":"Feature","properties":{"kind":"front","fam":"plGlass","wd":"#6e7a84","wg":"#858584","wn":"#14171f","base":0.55,"h":4.3,"nm":"Arab Cowboy","cat":"cafe","src":"G","bid":"6d8f3d61-7cd5-49a8-b3f5-4cf05af07fd3"},"geometry":{"type":"Polygon","coordinates":[[[-97.7469153,30.2880187],[-97.7469676,30.2880221],[-97.7469679,30.2880181],[-97.7469156,30.2880147],[-97.7469153,30.2880187]]]}},{"type":"Feature","properties":{"kind":"front","fam":"plSign","wd":"#7a5c3c","wg":"#8d6a46","wn":"#e1b585","base":4.3,"h":5.35,"nm":"Arab Cowboy","cat":"cafe","src":"G","bid":"6d8f3d61-7cd5-49a8-b3f5-4cf05af07fd3"},"geometry":{"type":"Polygon","coordinates":[[[-97.7469153,30.2880187],[-97.7469676,30.2880221],[-97.7469679,30.2880181],[-97.7469156,30.2880147],[-97.7469153,30.2880187]]]}},{"type":"Feature","properties":{"kind":"awning","fam":"plAwn","wd":"#67533e","wg":"#7f6449","wn":"#131218","base":3.84,"h":4.2,"nm":"Arab Cowboy","cat":"cafe","src":"G","bid":"6d8f3d61-7cd5-49a8-b3f5-4cf05af07fd3"},"geometry":{"type":"Polygon","coordinates":[[[-97.7469145,30.2880276],[-97.7469668,30.2880311],[-97.7469677,30.2880208],[-97.7469154,30.2880173],[-97.7469145,30.2880276]]]}},{"type":"Feature","properties":{"kind":"label","nm":"Arab Cowboy","cat":"cafe","src":"G","sign":"#7a5c3c","dark":1},"geometry":{"type":"Point","coordinates":[-97.7468935,30.2879925]}},{"type":"Feature","properties":{"kind":"front","fam":"plBulk","wd":"#39332e","wg":"#59493b","wn":"#0e0f16","base":0.0,"h":0.55,"nm":"Sip Pho","cat":"restaurant","src":"G","bid":"6e3e769a-7047-4787-8d8f-baa0ed2dd57f"},"geometry":{"type":"Polygon","coordinates":[[[-97.7425078,30.2956086],[-97.7424562,30.2955836],[-97.7424539,30.2955871],[-97.7425055,30.2956121],[-97.7425078,30.2956086]]]}},{"type":"Feature","properties":{"kind":"front","fam":"plGlass","wd":"#6e7a84","wg":"#858584","wn":"#14171f","base":0.55,"h":3.82,"nm":"Sip Pho","cat":"restaurant","src":"G","bid":"6e3e769a-7047-4787-8d8f-baa0ed2dd57f"},"geometry":{"type":"Polygon","coordinates":[[[-97.7425078,30.2956086],[-97.7424562,30.2955836],[-97.7424539,30.2955871],[-97.7425055,30.2956121],[-97.7425078,30.2956086]]]}},{"type":"Feature","properties":{"kind":"front","fam":"plSign","wd":"#8c2f24","wg":"#9c4331","wn":"#f1715e","base":3.82,"h":4.66,"nm":"Sip Pho","cat":"restaurant","src":"G","bid":"6e3e769a-7047-4787-8d8f-baa0ed2dd57f"},"geometry":{"type":"Polygon","coordinates":[[[-97.7425078,30.2956086],[-97.7424562,30.2955836],[-97.7424539,30.2955871],[-97.7425055,30.2956121],[-97.7425078,30.2956086]]]}},{"type":"Feature","properties":{"kind":"awning","fam":"plAwn","wd":"#75302c","wg":"#8b473a","wn":"#140f16","base":3.36,"h":3.72,"nm":"Sip Pho","cat":"restaurant","src":"G","bid":"6e3e769a-7047-4787-8d8f-baa0ed2dd57f"},"geometry":{"type":"Polygon","coordinates":[[[-97.7425129,30.2956007],[-97.7424613,30.2955757],[-97.7424555,30.2955847],[-97.7425071,30.2956098],[-97.7425129,30.2956007]]]}},{"type":"Feature","properties":{"kind":"front","fam":"plBulk","wd":"#39332e","wg":"#59493b","wn":"#0e0f16","base":0.0,"h":0.55,"nm":"Sip Pho","cat":"restaurant","src":"G","bid":"6e3e769a-7047-4787-8d8f-baa0ed2dd57f"},"geometry":{"type":"Polygon","coordinates":[[[-97.7424311,30.2954012],[-97.7423466,30.2953604],[-97.7423443,30.2953639],[-97.7424288,30.2954048],[-97.7424311,30.2954012]]]}},{"type":"Feature","properties":{"kind":"front","fam":"plGlass","wd":"#6e7a84","wg":"#858584","wn":"#14171f","base":0.55,"h":3.82,"nm":"Sip Pho","cat":"restaurant","src":"G","bid":"6e3e769a-7047-4787-8d8f-baa0ed2dd57f"},"geometry":{"type":"Polygon","coordinates":[[[-97.7424311,30.2954012],[-97.7423466,30.2953604],[-97.7423443,30.2953639],[-97.7424288,30.2954048],[-97.7424311,30.2954012]]]}},{"type":"Feature","properties":{"kind":"front","fam":"plSign","wd":"#8c2f24","wg":"#9c4331","wn":"#f1715e","base":3.82,"h":4.66,"nm":"Sip Pho","cat":"restaurant","src":"G","bid":"6e3e769a-7047-4787-8d8f-baa0ed2dd57f"},"geometry":{"type":"Polygon","coordinates":[[[-97.7424311,30.2954012],[-97.7423466,30.2953604],[-97.7423443,30.2953639],[-97.7424288,30.2954048],[-97.7424311,30.2954012]]]}},{"type":"Feature","properties":{"kind":"awning","fam":"plAwn","wd":"#75302c","wg":"#8b473a","wn":"#140f16","base":3.36,"h":3.72,"nm":"Sip Pho","cat":"restaurant","src":"G","bid":"6e3e769a-7047-4787-8d8f-baa0ed2dd57f"},"geometry":{"type":"Polygon","coordinates":[[[-97.7424362,30.2953934],[-97.7423517,30.2953525],[-97.7423459,30.2953615],[-97.7424304,30.2954024],[-97.7424362,30.2953934]]]}},{"type":"Feature","properties":{"kind":"label","nm":"Sip Pho","cat":"restaurant","src":"G","sign":"#8c2f24","dark":1},"geometry":{"type":"Point","coordinates":[-97.7424249,30.2953776]}},{"type":"Feature","properties":{"kind":"front","fam":"plBulk","wd":"#39332e","wg":"#59493b","wn":"#0e0f16","base":0.0,"h":0.55,"nm":"Kins Dining","cat":"fast_food","src":"G","bid":"71504854-4c08-49db-9cca-f888f8114174"},"geometry":{"type":"Polygon","coordinates":[[[-97.7399914,30.290393],[-97.7400038,30.2902587],[-97.7399991,30.2902584],[-97.7399867,30.2903927],[-97.7399914,30.290393]]]}},{"type":"Feature","properties":{"kind":"front","fam":"plGlass","wd":"#6e7a84","wg":"#858584","wn":"#14171f","base":0.55,"h":4.3,"nm":"Kins Dining","cat":"fast_food","src":"G","bid":"71504854-4c08-49db-9cca-f888f8114174"},"geometry":{"type":"Polygon","coordinates":[[[-97.7399914,30.290393],[-97.7400038,30.2902587],[-97.7399991,30.2902584],[-97.7399867,30.2903927],[-97.7399914,30.290393]]]}},{"type":"Feature","properties":{"kind":"front","fam":"plSign","wd":"#8c2f24","wg":"#9c4331","wn":"#f1715e","base":4.3,"h":5.35,"nm":"Kins Dining","cat":"fast_food","src":"G","bid":"71504854-4c08-49db-9cca-f888f8114174"},"geometry":{"type":"Polygon","coordinates":[[[-97.7399914,30.290393],[-97.7400038,30.2902587],[-97.7399991,30.2902584],[-97.7399867,30.2903927],[-97.7399914,30.290393]]]}},{"type":"Feature","properties":{"kind":"awning","fam":"plAwn","wd":"#75302c","wg":"#8b473a","wn":"#140f16","base":3.84,"h":4.2,"nm":"Kins Dining","cat":"fast_food","src":"G","bid":"71504854-4c08-49db-9cca-f888f8114174"},"geometry":{"type":"Polygon","coordinates":[[[-97.7400017,30.2903937],[-97.7400142,30.2902594],[-97.7400023,30.2902586],[-97.7399898,30.2903929],[-97.7400017,30.2903937]]]}},{"type":"Feature","properties":{"kind":"label","nm":"Kins Dining","cat":"fast_food","src":"G","sign":"#8c2f24","dark":1},"geometry":{"type":"Point","coordinates":[-97.7400183,30.2903273]}},{"type":"Feature","properties":{"kind":"front","fam":"plBulk","wd":"#39332e","wg":"#59493b","wn":"#0e0f16","base":0.0,"h":0.55,"nm":"Rio Mart","cat":"convenience","src":"G","bid":"73c958f3-3b1a-407c-9a9d-d3ab1e66b2c5"},"geometry":{"type":"Polygon","coordinates":[[[-97.7449257,30.2842038],[-97.7449353,30.2841195],[-97.7449306,30.2841191],[-97.7449211,30.2842034],[-97.7449257,30.2842038]]]}},{"type":"Feature","properties":{"kind":"front","fam":"plGlass","wd":"#6e7a84","wg":"#858584","wn":"#14171f","base":0.55,"h":4.3,"nm":"Rio Mart","cat":"convenience","src":"G","bid":"73c958f3-3b1a-407c-9a9d-d3ab1e66b2c5"},"geometry":{"type":"Polygon","coordinates":[[[-97.7449257,30.2842038],[-97.7449353,30.2841195],[-97.7449306,30.2841191],[-97.7449211,30.2842034],[-97.7449257,30.2842038]]]}},{"type":"Feature","properties":{"kind":"front","fam":"plSign","wd":"#8c2f24","wg":"#9c4331","wn":"#f1715e","base":4.3,"h":5.35,"nm":"Rio Mart","cat":"convenience","src":"G","bid":"73c958f3-3b1a-407c-9a9d-d3ab1e66b2c5"},"geometry":{"type":"Polygon","coordinates":[[[-97.7449257,30.2842038],[-97.7449353,30.2841195],[-97.7449306,30.2841191],[-97.7449211,30.2842034],[-97.7449257,30.2842038]]]}},{"type":"Feature","properties":{"kind":"awning","fam":"plAwn","wd":"#75302c","wg":"#8b473a","wn":"#140f16","base":3.84,"h":4.2,"nm":"Rio Mart","cat":"convenience","src":"G","bid":"73c958f3-3b1a-407c-9a9d-d3ab1e66b2c5"},"geometry":{"type":"Polygon","coordinates":[[[-97.7449361,30.2842047],[-97.7449457,30.2841203],[-97.7449338,30.2841193],[-97.7449242,30.2842037],[-97.7449361,30.2842047]]]}},{"type":"Feature","properties":{"kind":"front","fam":"plBulk","wd":"#39332e","wg":"#59493b","wn":"#0e0f16","base":0.0,"h":0.55,"nm":"Rio Mart","cat":"convenience","src":"G","bid":"73c958f3-3b1a-407c-9a9d-d3ab1e66b2c5"},"geometry":{"type":"Polygon","coordinates":[[[-97.7449325,30.2841165],[-97.7448749,30.2841116],[-97.7448745,30.2841157],[-97.744932,30.2841205],[-97.7449325,30.2841165]]]}},{"type":"Feature","properties":{"kind":"front","fam":"plGlass","wd":"#6e7a84","wg":"#858584","wn":"#14171f","base":0.55,"h":4.3,"nm":"Rio Mart","cat":"convenience","src":"G","bid":"73c958f3-3b1a-407c-9a9d-d3ab1e66b2c5"},"geometry":{"type":"Polygon","coordinates":[[[-97.7449325,30.2841165],[-97.7448749,30.2841116],[-97.7448745,30.2841157],[-97.744932,30.2841205],[-97.7449325,30.2841165]]]}},{"type":"Feature","properties":{"kind":"front","fam":"plSign","wd":"#8c2f24","wg":"#9c4331","wn":"#f1715e","base":4.3,"h":5.35,"nm":"Rio Mart","cat":"convenience","src":"G","bid":"73c958f3-3b1a-407c-9a9d-d3ab1e66b2c5"},"geometry":{"type":"Polygon","coordinates":[[[-97.7449325,30.2841165],[-97.7448749,30.2841116],[-97.7448745,30.2841157],[-97.744932,30.2841205],[-97.7449325,30.2841165]]]}},{"type":"Feature","properties":{"kind":"awning","fam":"plAwn","wd":"#75302c","wg":"#8b473a","wn":"#140f16","base":3.84,"h":4.2,"nm":"Rio Mart","cat":"convenience","src":"G","bid":"73c958f3-3b1a-407c-9a9d-d3ab1e66b2c5"},"geometry":{"type":"Polygon","coordinates":[[[-97.7449335,30.2841076],[-97.7448759,30.2841027],[-97.7448748,30.284113],[-97.7449324,30.2841179],[-97.7449335,30.2841076]]]}},{"type":"Feature","properties":{"kind":"label","nm":"Rio Mart","cat":"convenience","src":"G","sign":"#8c2f24","dark":1},"geometry":{"type":"Point","coordinates":[-97.744954,30.2841385]}},{"type":"Feature","properties":{"kind":"front","fam":"plBulk","wd":"#39332e","wg":"#59493b","wn":"#0e0f16","base":0.0,"h":0.55,"nm":"Lucky Lab Coffee","cat":"cafe","src":"G","bid":"762c1e22-349c-4120-9c3c-ba426095f959"},"geometry":{"type":"Polygon","coordinates":[[[-97.7421422,30.288593],[-97.7421485,30.2885333],[-97.7421438,30.288533],[-97.7421376,30.2885927],[-97.7421422,30.288593]]]}},{"type":"Feature","properties":{"kind":"front","fam":"plGlass","wd":"#6e7a84","wg":"#858584","wn":"#14171f","base":0.55,"h":4.3,"nm":"Lucky Lab Coffee","cat":"cafe","src":"G","bid":"762c1e22-349c-4120-9c3c-ba426095f959"},"geometry":{"type":"Polygon","coordinates":[[[-97.7421422,30.288593],[-97.7421485,30.2885333],[-97.7421438,30.288533],[-97.7421376,30.2885927],[-97.7421422,30.288593]]]}},{"type":"Feature","properties":{"kind":"front","fam":"plSign","wd":"#7a5c3c","wg":"#8d6a46","wn":"#e1b585","base":4.3,"h":5.35,"nm":"Lucky Lab Coffee","cat":"cafe","src":"G","bid":"762c1e22-349c-4120-9c3c-ba426095f959"},"geometry":{"type":"Polygon","coordinates":[[[-97.7421422,30.288593],[-97.7421485,30.2885333],[-97.7421438,30.288533],[-97.7421376,30.2885927],[-97.7421422,30.288593]]]}},{"type":"Feature","properties":{"kind":"awning","fam":"plAwn","wd":"#67533e","wg":"#7f6449","wn":"#131218","base":3.84,"h":4.2,"nm":"Lucky Lab Coffee","cat":"cafe","src":"G","bid":"762c1e22-349c-4120-9c3c-ba426095f959"},"geometry":{"type":"Polygon","coordinates":[[[-97.7421526,30.2885939],[-97.7421589,30.2885342],[-97.742147,30.2885332],[-97.7421407,30.2885929],[-97.7421526,30.2885939]]]}},{"type":"Feature","properties":{"kind":"front","fam":"plBulk","wd":"#39332e","wg":"#59493b","wn":"#0e0f16","base":0.0,"h":0.55,"nm":"Lucky Lab Coffee","cat":"cafe","src":"G","bid":"762c1e22-349c-4120-9c3c-ba426095f959"},"geometry":{"type":"Polygon","coordinates":[[[-97.7421457,30.2885304],[-97.7420594,30.2885236],[-97.742059,30.2885276],[-97.7421453,30.2885344],[-97.7421457,30.2885304]]]}},{"type":"Feature","properties":{"kind":"front","fam":"plGlass","wd":"#6e7a84","wg":"#858584","wn":"#14171f","base":0.55,"h":4.3,"nm":"Lucky Lab Coffee","cat":"cafe","src":"G","bid":"762c1e22-349c-4120-9c3c-ba426095f959"},"geometry":{"type":"Polygon","coordinates":[[[-97.7421457,30.2885304],[-97.7420594,30.2885236],[-97.742059,30.2885276],[-97.7421453,30.2885344],[-97.7421457,30.2885304]]]}},{"type":"Feature","properties":{"kind":"front","fam":"plSign","wd":"#7a5c3c","wg":"#8d6a46","wn":"#e1b585","base":4.3,"h":5.35,"nm":"Lucky Lab Coffee","cat":"cafe","src":"G","bid":"762c1e22-349c-4120-9c3c-ba426095f959"},"geometry":{"type":"Polygon","coordinates":[[[-97.7421457,30.2885304],[-97.7420594,30.2885236],[-97.742059,30.2885276],[-97.7421453,30.2885344],[-97.7421457,30.2885304]]]}},{"type":"Feature","properties":{"kind":"awning","fam":"plAwn","wd":"#67533e","wg":"#7f6449","wn":"#131218","base":3.84,"h":4.2,"nm":"Lucky Lab Coffee","cat":"cafe","src":"G","bid":"762c1e22-349c-4120-9c3c-ba426095f959"},"geometry":{"type":"Polygon","coordinates":[[[-97.7421466,30.2885215],[-97.7420604,30.2885147],[-97.7420593,30.288525],[-97.7421455,30.2885318],[-97.7421466,30.2885215]]]}},{"type":"Feature","properties":{"kind":"label","nm":"Lucky Lab Coffee","cat":"cafe","src":"G","sign":"#7a5c3c","dark":1},"geometry":{"type":"Point","coordinates":[-97.742139,30.2885118]}},{"type":"Feature","properties":{"kind":"front","fam":"plBulk","wd":"#39332e","wg":"#59493b","wn":"#0e0f16","base":0.0,"h":0.55,"nm":"7-Eleven","cat":"convenience","src":"S","bid":"7bbb119b-02e9-4e56-a594-b8e9986eabff"},"geometry":{"type":"Polygon","coordinates":[[[-97.7417917,30.2870364],[-97.7417842,30.2871102],[-97.7417889,30.2871105],[-97.7417963,30.2870367],[-97.7417917,30.2870364]]]}},{"type":"Feature","properties":{"kind":"front","fam":"plGlass","wd":"#6e7a84","wg":"#858584","wn":"#14171f","base":0.55,"h":4.3,"nm":"7-Eleven","cat":"convenience","src":"S","bid":"7bbb119b-02e9-4e56-a594-b8e9986eabff"},"geometry":{"type":"Polygon","coordinates":[[[-97.7417917,30.2870364],[-97.7417842,30.2871102],[-97.7417889,30.2871105],[-97.7417963,30.2870367],[-97.7417917,30.2870364]]]}},{"type":"Feature","properties":{"kind":"front","fam":"plSign","wd":"#f4811f","wg":"#f68a2d","wn":"#f19545","base":4.3,"h":5.35,"nm":"7-Eleven","cat":"convenience","src":"S","bid":"7bbb119b-02e9-4e56-a594-b8e9986eabff"},"geometry":{"type":"Polygon","coordinates":[[[-97.7417917,30.2870364],[-97.7417842,30.2871102],[-97.7417889,30.2871105],[-97.7417963,30.2870367],[-97.7417917,30.2870364]]]}},{"type":"Feature","properties":{"kind":"awning","fam":"plAwn","wd":"#c67028","wg":"#cf7c36","wn":"#1d1615","base":3.84,"h":4.2,"nm":"7-Eleven","cat":"convenience","src":"S","bid":"7bbb119b-02e9-4e56-a594-b8e9986eabff"},"geometry":{"type":"Polygon","coordinates":[[[-97.7417813,30.2870356],[-97.7417738,30.2871094],[-97.7417857,30.2871103],[-97.7417932,30.2870365],[-97.7417813,30.2870356]]]}},{"type":"Feature","properties":{"kind":"front","fam":"plBulk","wd":"#39332e","wg":"#59493b","wn":"#0e0f16","base":0.0,"h":0.55,"nm":"7-Eleven","cat":"convenience","src":"S","bid":"7bbb119b-02e9-4e56-a594-b8e9986eabff"},"geometry":{"type":"Polygon","coordinates":[[[-97.7417871,30.2871131],[-97.7418571,30.2871179],[-97.7418575,30.2871139],[-97.7417874,30.2871091],[-97.7417871,30.2871131]]]}},{"type":"Feature","properties":{"kind":"front","fam":"plGlass","wd":"#6e7a84","wg":"#858584","wn":"#14171f","base":0.55,"h":4.3,"nm":"7-Eleven","cat":"convenience","src":"S","bid":"7bbb119b-02e9-4e56-a594-b8e9986eabff"},"geometry":{"type":"Polygon","coordinates":[[[-97.7417871,30.2871131],[-97.7418571,30.2871179],[-97.7418575,30.2871139],[-97.7417874,30.2871091],[-97.7417871,30.2871131]]]}},{"type":"Feature","properties":{"kind":"front","fam":"plSign","wd":"#f4811f","wg":"#f68a2d","wn":"#f19545","base":4.3,"h":5.35,"nm":"7-Eleven","cat":"convenience","src":"S","bid":"7bbb119b-02e9-4e56-a594-b8e9986eabff"},"geometry":{"type":"Polygon","coordinates":[[[-97.7417871,30.2871131],[-97.7418571,30.2871179],[-97.7418575,30.2871139],[-97.7417874,30.2871091],[-97.7417871,30.2871131]]]}},{"type":"Feature","properties":{"kind":"awning","fam":"plAwn","wd":"#c67028","wg":"#cf7c36","wn":"#1d1615","base":3.84,"h":4.2,"nm":"7-Eleven","cat":"convenience","src":"S","bid":"7bbb119b-02e9-4e56-a594-b8e9986eabff"},"geometry":{"type":"Polygon","coordinates":[[[-97.7417862,30.287122],[-97.7418563,30.2871268],[-97.7418572,30.2871165],[-97.7417872,30.2871117],[-97.7417862,30.287122]]]}},{"type":"Feature","properties":{"kind":"label","nm":"7-Eleven","cat":"convenience","src":"S","sign":"#f4811f","dark":0},"geometry":{"type":"Point","coordinates":[-97.7417641,30.2871019]}},{"type":"Feature","properties":{"kind":"front","fam":"plBulk","wd":"#39332e","wg":"#59493b","wn":"#0e0f16","base":0.0,"h":0.55,"nm":"Cabo Bob's","cat":"restaurant","src":"S","bid":"811f4a08-f8da-4d88-b1a4-e10ac050b20f"},"geometry":{"type":"Polygon","coordinates":[[[-97.7441809,30.2957803],[-97.7441913,30.295781],[-97.7441917,30.295777],[-97.7441812,30.2957763],[-97.7441809,30.2957803]]]}},{"type":"Feature","properties":{"kind":"front","fam":"plGlass","wd":"#6e7a84","wg":"#858584","wn":"#14171f","base":0.55,"h":4.3,"nm":"Cabo Bob's","cat":"restaurant","src":"S","bid":"811f4a08-f8da-4d88-b1a4-e10ac050b20f"},"geometry":{"type":"Polygon","coordinates":[[[-97.7441809,30.2957803],[-97.7441913,30.295781],[-97.7441917,30.295777],[-97.7441812,30.2957763],[-97.7441809,30.2957803]]]}},{"type":"Feature","properties":{"kind":"front","fam":"plSign","wd":"#00b6de","wg":"#24b7d1","wn":"#33cdec","base":4.3,"h":5.35,"nm":"Cabo Bob's","cat":"restaurant","src":"S","bid":"811f4a08-f8da-4d88-b1a4-e10ac050b20f"},"geometry":{"type":"Polygon","coordinates":[[[-97.7441809,30.2957803],[-97.7441913,30.295781],[-97.7441917,30.295777],[-97.7441812,30.2957763],[-97.7441809,30.2957803]]]}},{"type":"Feature","properties":{"kind":"awning","fam":"plAwn","wd":"#0999bc","wg":"#309fb3","wn":"#091a26","base":3.84,"h":4.2,"nm":"Cabo Bob's","cat":"restaurant","src":"S","bid":"811f4a08-f8da-4d88-b1a4-e10ac050b20f"},"geometry":{"type":"Polygon","coordinates":[[[-97.74418,30.2957892],[-97.7441905,30.29579],[-97.7441914,30.2957797],[-97.744181,30.2957789],[-97.74418,30.2957892]]]}},{"type":"Feature","properties":{"kind":"front","fam":"plBulk","wd":"#39332e","wg":"#59493b","wn":"#0e0f16","base":0.0,"h":0.55,"nm":"Cabo Bob's","cat":"restaurant","src":"S","bid":"811f4a08-f8da-4d88-b1a4-e10ac050b20f"},"geometry":{"type":"Polygon","coordinates":[[[-97.7442993,30.2956463],[-97.7441978,30.2956392],[-97.7441974,30.2956432],[-97.7442989,30.2956503],[-97.7442993,30.2956463]]]}},{"type":"Feature","properties":{"kind":"front","fam":"plGlass","wd":"#6e7a84","wg":"#858584","wn":"#14171f","base":0.55,"h":4.3,"nm":"Cabo Bob's","cat":"restaurant","src":"S","bid":"811f4a08-f8da-4d88-b1a4-e10ac050b20f"},"geometry":{"type":"Polygon","coordinates":[[[-97.7442993,30.2956463],[-97.7441978,30.2956392],[-97.7441974,30.2956432],[-97.7442989,30.2956503],[-97.7442993,30.2956463]]]}},{"type":"Feature","properties":{"kind":"front","fam":"plSign","wd":"#00b6de","wg":"#24b7d1","wn":"#33cdec","base":4.3,"h":5.35,"nm":"Cabo Bob's","cat":"restaurant","src":"S","bid":"811f4a08-f8da-4d88-b1a4-e10ac050b20f"},"geometry":{"type":"Polygon","coordinates":[[[-97.7442993,30.2956463],[-97.7441978,30.2956392],[-97.7441974,30.2956432],[-97.7442989,30.2956503],[-97.7442993,30.2956463]]]}},{"type":"Feature","properties":{"kind":"awning","fam":"plAwn","wd":"#0999bc","wg":"#309fb3","wn":"#091a26","base":3.84,"h":4.2,"nm":"Cabo Bob's","cat":"restaurant","src":"S","bid":"811f4a08-f8da-4d88-b1a4-e10ac050b20f"},"geometry":{"type":"Polygon","coordinates":[[[-97.7443001,30.2956374],[-97.7441987,30.2956302],[-97.7441977,30.2956405],[-97.7442991,30.2956477],[-97.7443001,30.2956374]]]}},{"type":"Feature","properties":{"kind":"front","fam":"plBulk","wd":"#39332e","wg":"#59493b","wn":"#0e0f16","base":0.0,"h":0.55,"nm":"Cabo Bob's","cat":"restaurant","src":"S","bid":"811f4a08-f8da-4d88-b1a4-e10ac050b20f"},"geometry":{"type":"Polygon","coordinates":[[[-97.7441564,30.2956394],[-97.7441134,30.2956468],[-97.7441144,30.2956508],[-97.7441573,30.2956433],[-97.7441564,30.2956394]]]}},{"type":"Feature","properties":{"kind":"front","fam":"plGlass","wd":"#6e7a84","wg":"#858584","wn":"#14171f","base":0.55,"h":4.3,"nm":"Cabo Bob's","cat":"restaurant","src":"S","bid":"811f4a08-f8da-4d88-b1a4-e10ac050b20f"},"geometry":{"type":"Polygon","coordinates":[[[-97.7441564,30.2956394],[-97.7441134,30.2956468],[-97.7441144,30.2956508],[-97.7441573,30.2956433],[-97.7441564,30.2956394]]]}},{"type":"Feature","properties":{"kind":"front","fam":"plSign","wd":"#00b6de","wg":"#24b7d1","wn":"#33cdec","base":4.3,"h":5.35,"nm":"Cabo Bob's","cat":"restaurant","src":"S","bid":"811f4a08-f8da-4d88-b1a4-e10ac050b20f"},"geometry":{"type":"Polygon","coordinates":[[[-97.7441564,30.2956394],[-97.7441134,30.2956468],[-97.7441144,30.2956508],[-97.7441573,30.2956433],[-97.7441564,30.2956394]]]}},{"type":"Feature","properties":{"kind":"awning","fam":"plAwn","wd":"#0999bc","wg":"#309fb3","wn":"#091a26","base":3.84,"h":4.2,"nm":"Cabo Bob's","cat":"restaurant","src":"S","bid":"811f4a08-f8da-4d88-b1a4-e10ac050b20f"},"geometry":{"type":"Polygon","coordinates":[[[-97.7441543,30.2956305],[-97.7441114,30.295638],[-97.7441137,30.2956481],[-97.7441567,30.2956407],[-97.7441543,30.2956305]]]}},{"type":"Feature","properties":{"kind":"label","nm":"Cabo Bob's","cat":"restaurant","src":"S","sign":"#00b6de","dark":1},"geometry":{"type":"Point","coordinates":[-97.7442336,30.2956237]}},{"type":"Feature","properties":{"kind":"front","fam":"plBulk","wd":"#39332e","wg":"#59493b","wn":"#0e0f16","base":0.0,"h":0.55,"nm":"Wingstop","cat":"fast_food","src":"S","bid":"81f43505-cabd-41a3-ae0f-b18cd34a2084"},"geometry":{"type":"Polygon","coordinates":[[[-97.7418103,30.2868578],[-97.7418041,30.2869142],[-97.7418088,30.2869146],[-97.741815,30.2868581],[-97.7418103,30.2868578]]]}},{"type":"Feature","properties":{"kind":"front","fam":"plGlass","wd":"#6e7a84","wg":"#858584","wn":"#14171f","base":0.55,"h":4.3,"nm":"Wingstop","cat":"fast_food","src":"S","bid":"81f43505-cabd-41a3-ae0f-b18cd34a2084"},"geometry":{"type":"Polygon","coordinates":[[[-97.7418103,30.2868578],[-97.7418041,30.2869142],[-97.7418088,30.2869146],[-97.741815,30.2868581],[-97.7418103,30.2868578]]]}},{"type":"Feature","properties":{"kind":"front","fam":"plSign","wd":"#006938","wg":"#247542","wn":"#33ef93","base":4.3,"h":5.35,"nm":"Wingstop","cat":"fast_food","src":"S","bid":"81f43505-cabd-41a3-ae0f-b18cd34a2084"},"geometry":{"type":"Polygon","coordinates":[[[-97.7418103,30.2868578],[-97.7418041,30.2869142],[-97.7418088,30.2869146],[-97.741815,30.2868581],[-97.7418103,30.2868578]]]}},{"type":"Feature","properties":{"kind":"awning","fam":"plAwn","wd":"#095d3b","wg":"#306d46","wn":"#091317","base":3.84,"h":4.2,"nm":"Wingstop","cat":"fast_food","src":"S","bid":"81f43505-cabd-41a3-ae0f-b18cd34a2084"},"geometry":{"type":"Polygon","coordinates":[[[-97.7417999,30.2868569],[-97.7417937,30.2869134],[-97.7418056,30.2869144],[-97.7418119,30.2868579],[-97.7417999,30.2868569]]]}},{"type":"Feature","properties":{"kind":"front","fam":"plBulk","wd":"#39332e","wg":"#59493b","wn":"#0e0f16","base":0.0,"h":0.55,"nm":"Wingstop","cat":"fast_food","src":"S","bid":"81f43505-cabd-41a3-ae0f-b18cd34a2084"},"geometry":{"type":"Polygon","coordinates":[[[-97.7418069,30.2869172],[-97.7418969,30.2869239],[-97.7418973,30.2869198],[-97.7418073,30.2869132],[-97.7418069,30.2869172]]]}},{"type":"Feature","properties":{"kind":"front","fam":"plGlass","wd":"#6e7a84","wg":"#858584","wn":"#14171f","base":0.55,"h":4.3,"nm":"Wingstop","cat":"fast_food","src":"S","bid":"81f43505-cabd-41a3-ae0f-b18cd34a2084"},"geometry":{"type":"Polygon","coordinates":[[[-97.7418069,30.2869172],[-97.7418969,30.2869239],[-97.7418973,30.2869198],[-97.7418073,30.2869132],[-97.7418069,30.2869172]]]}},{"type":"Feature","properties":{"kind":"front","fam":"plSign","wd":"#006938","wg":"#247542","wn":"#33ef93","base":4.3,"h":5.35,"nm":"Wingstop","cat":"fast_food","src":"S","bid":"81f43505-cabd-41a3-ae0f-b18cd34a2084"},"geometry":{"type":"Polygon","coordinates":[[[-97.7418069,30.2869172],[-97.7418969,30.2869239],[-97.7418973,30.2869198],[-97.7418073,30.2869132],[-97.7418069,30.2869172]]]}},{"type":"Feature","properties":{"kind":"awning","fam":"plAwn","wd":"#095d3b","wg":"#306d46","wn":"#091317","base":3.84,"h":4.2,"nm":"Wingstop","cat":"fast_food","src":"S","bid":"81f43505-cabd-41a3-ae0f-b18cd34a2084"},"geometry":{"type":"Polygon","coordinates":[[[-97.741806,30.2869261],[-97.741896,30.2869328],[-97.7418971,30.2869225],[-97.7418071,30.2869158],[-97.741806,30.2869261]]]}},{"type":"Feature","properties":{"kind":"label","nm":"Wingstop","cat":"fast_food","src":"S","sign":"#006938","dark":1},"geometry":{"type":"Point","coordinates":[-97.7418174,30.286936]}},{"type":"Feature","properties":{"kind":"front","fam":"plBulk","wd":"#39332e","wg":"#59493b","wn":"#0e0f16","base":0.0,"h":0.55,"nm":"Clown Dog Bikes","cat":"bicycle","src":"G","bid":"8313f17d-875c-41d1-a459-e176b021e8d5"},"geometry":{"type":"Polygon","coordinates":[[[-97.7352755,30.2918361],[-97.7351768,30.2917317],[-97.7351732,30.2917343],[-97.7352719,30.2918386],[-97.7352755,30.2918361]]]}},{"type":"Feature","properties":{"kind":"front","fam":"plGlass","wd":"#6e7a84","wg":"#858584","wn":"#14171f","base":0.55,"h":4.3,"nm":"Clown Dog Bikes","cat":"bicycle","src":"G","bid":"8313f17d-875c-41d1-a459-e176b021e8d5"},"geometry":{"type":"Polygon","coordinates":[[[-97.7352755,30.2918361],[-97.7351768,30.2917317],[-97.7351732,30.2917343],[-97.7352719,30.2918386],[-97.7352755,30.2918361]]]}},{"type":"Feature","properties":{"kind":"front","fam":"plSign","wd":"#2a3a30","wg":"#484c3b","wn":"#8ca791","base":4.3,"h":5.35,"nm":"Clown Dog Bikes","cat":"bicycle","src":"G","bid":"8313f17d-875c-41d1-a459-e176b021e8d5"},"geometry":{"type":"Polygon","coordinates":[[[-97.7352755,30.2918361],[-97.7351768,30.2917317],[-97.7351732,30.2917343],[-97.7352719,30.2918386],[-97.7352755,30.2918361]]]}},{"type":"Feature","properties":{"kind":"awning","fam":"plAwn","wd":"#2a3935","wg":"#4c4e41","wn":"#0c1017","base":3.84,"h":4.2,"nm":"Clown Dog Bikes","cat":"bicycle","src":"G","bid":"8313f17d-875c-41d1-a459-e176b021e8d5"},"geometry":{"type":"Polygon","coordinates":[[[-97.7352836,30.2918304],[-97.7351849,30.291726],[-97.7351756,30.2917326],[-97.7352743,30.2918369],[-97.7352836,30.2918304]]]}},{"type":"Feature","properties":{"kind":"label","nm":"Clown Dog Bikes","cat":"bicycle","src":"G","sign":"#2a3a30","dark":1},"geometry":{"type":"Point","coordinates":[-97.7352423,30.2917725]}},{"type":"Feature","properties":{"kind":"front","fam":"plBulk","wd":"#39332e","wg":"#59493b","wn":"#0e0f16","base":0.0,"h":0.55,"nm":"Taco Joint","cat":"restaurant","src":"G","bid":"8313f17d-875c-41d1-a459-e176b021e8d5"},"geometry":{"type":"Polygon","coordinates":[[[-97.7350102,30.2915556],[-97.7349115,30.2914513],[-97.7349079,30.2914538],[-97.7350066,30.2915582],[-97.7350102,30.2915556]]]}},{"type":"Feature","properties":{"kind":"front","fam":"plGlass","wd":"#6e7a84","wg":"#858584","wn":"#14171f","base":0.55,"h":4.3,"nm":"Taco Joint","cat":"restaurant","src":"G","bid":"8313f17d-875c-41d1-a459-e176b021e8d5"},"geometry":{"type":"Polygon","coordinates":[[[-97.7350102,30.2915556],[-97.7349115,30.2914513],[-97.7349079,30.2914538],[-97.7350066,30.2915582],[-97.7350102,30.2915556]]]}},{"type":"Feature","properties":{"kind":"front","fam":"plSign","wd":"#3a3f4a","wg":"#565152","wn":"#8e939e","base":4.3,"h":5.35,"nm":"Taco Joint","cat":"restaurant","src":"G","bid":"8313f17d-875c-41d1-a459-e176b021e8d5"},"geometry":{"type":"Polygon","coordinates":[[[-97.7350102,30.2915556],[-97.7349115,30.2914513],[-97.7349079,30.2914538],[-97.7350066,30.2915582],[-97.7350102,30.2915556]]]}},{"type":"Feature","properties":{"kind":"awning","fam":"plAwn","wd":"#363d49","wg":"#565252","wn":"#0e1019","base":3.84,"h":4.2,"nm":"Taco Joint","cat":"restaurant","src":"G","bid":"8313f17d-875c-41d1-a459-e176b021e8d5"},"geometry":{"type":"Polygon","coordinates":[[[-97.7350183,30.2915499],[-97.7349196,30.2914456],[-97.7349103,30.2914521],[-97.735009,30.2915565],[-97.7350183,30.2915499]]]}},{"type":"Feature","properties":{"kind":"label","nm":"Taco Joint","cat":"restaurant","src":"G","sign":"#3a3f4a","dark":1},"geometry":{"type":"Point","coordinates":[-97.734977,30.2914921]}},{"type":"Feature","properties":{"kind":"front","fam":"plBulk","wd":"#39332e","wg":"#59493b","wn":"#0e0f16","base":0.0,"h":0.55,"nm":"Posse East","cat":"pub","src":"G","bid":"8313f17d-875c-41d1-a459-e176b021e8d5"},"geometry":{"type":"Polygon","coordinates":[[[-97.7347181,30.2912956],[-97.7347106,30.2912917],[-97.7347082,30.2912952],[-97.7347157,30.2912991],[-97.7347181,30.2912956]]]}},{"type":"Feature","properties":{"kind":"front","fam":"plGlass","wd":"#6e7a84","wg":"#858584","wn":"#14171f","base":0.55,"h":4.3,"nm":"Posse East","cat":"pub","src":"G","bid":"8313f17d-875c-41d1-a459-e176b021e8d5"},"geometry":{"type":"Polygon","coordinates":[[[-97.7347181,30.2912956],[-97.7347106,30.2912917],[-97.7347082,30.2912952],[-97.7347157,30.2912991],[-97.7347181,30.2912956]]]}},{"type":"Feature","properties":{"kind":"front","fam":"plSign","wd":"#2b2018","wg":"#493627","wn":"#c8a284","base":4.3,"h":5.35,"nm":"Posse East","cat":"pub","src":"G","bid":"8313f17d-875c-41d1-a459-e176b021e8d5"},"geometry":{"type":"Polygon","coordinates":[[[-97.7347181,30.2912956],[-97.7347106,30.2912917],[-97.7347082,30.2912952],[-97.7347157,30.2912991],[-97.7347181,30.2912956]]]}},{"type":"Feature","properties":{"kind":"awning","fam":"plAwn","wd":"#2a2523","wg":"#4c3d32","wn":"#0c0d15","base":3.84,"h":4.2,"nm":"Posse East","cat":"pub","src":"G","bid":"8313f17d-875c-41d1-a459-e176b021e8d5"},"geometry":{"type":"Polygon","coordinates":[[[-97.7347235,30.291288],[-97.734716,30.291284],[-97.7347098,30.2912928],[-97.7347173,30.2912968],[-97.7347235,30.291288]]]}},{"type":"Feature","properties":{"kind":"front","fam":"plBulk","wd":"#39332e","wg":"#59493b","wn":"#0e0f16","base":0.0,"h":0.55,"nm":"Posse East","cat":"pub","src":"G","bid":"8313f17d-875c-41d1-a459-e176b021e8d5"},"geometry":{"type":"Polygon","coordinates":[[[-97.7347083,30.2912914],[-97.7346343,30.2913058],[-97.7346353,30.2913097],[-97.7347093,30.2912953],[-97.7347083,30.2912914]]]}},{"type":"Feature","properties":{"kind":"front","fam":"plGlass","wd":"#6e7a84","wg":"#858584","wn":"#14171f","base":0.55,"h":4.3,"nm":"Posse East","cat":"pub","src":"G","bid":"8313f17d-875c-41d1-a459-e176b021e8d5"},"geometry":{"type":"Polygon","coordinates":[[[-97.7347083,30.2912914],[-97.7346343,30.2913058],[-97.7346353,30.2913097],[-97.7347093,30.2912953],[-97.7347083,30.2912914]]]}},{"type":"Feature","properties":{"kind":"front","fam":"plSign","wd":"#2b2018","wg":"#493627","wn":"#c8a284","base":4.3,"h":5.35,"nm":"Posse East","cat":"pub","src":"G","bid":"8313f17d-875c-41d1-a459-e176b021e8d5"},"geometry":{"type":"Polygon","coordinates":[[[-97.7347083,30.2912914],[-97.7346343,30.2913058],[-97.7346353,30.2913097],[-97.7347093,30.2912953],[-97.7347083,30.2912914]]]}},{"type":"Feature","properties":{"kind":"awning","fam":"plAwn","wd":"#2a2523","wg":"#4c3d32","wn":"#0c0d15","base":3.84,"h":4.2,"nm":"Posse East","cat":"pub","src":"G","bid":"8313f17d-875c-41d1-a459-e176b021e8d5"},"geometry":{"type":"Polygon","coordinates":[[[-97.734706,30.2912826],[-97.734632,30.291297],[-97.7346347,30.2913071],[-97.7347087,30.2912927],[-97.734706,30.2912826]]]}},{"type":"Feature","properties":{"kind":"front","fam":"plBulk","wd":"#39332e","wg":"#59493b","wn":"#0e0f16","base":0.0,"h":0.55,"nm":"Posse East","cat":"pub","src":"G","bid":"8313f17d-875c-41d1-a459-e176b021e8d5"},"geometry":{"type":"Polygon","coordinates":[[[-97.734632,30.2913076],[-97.734616,30.2913542],[-97.7346205,30.2913554],[-97.7346365,30.2913088],[-97.734632,30.2913076]]]}},{"type":"Feature","properties":{"kind":"front","fam":"plGlass","wd":"#6e7a84","wg":"#858584","wn":"#14171f","base":0.55,"h":4.3,"nm":"Posse East","cat":"pub","src":"G","bid":"8313f17d-875c-41d1-a459-e176b021e8d5"},"geometry":{"type":"Polygon","coordinates":[[[-97.734632,30.2913076],[-97.734616,30.2913542],[-97.7346205,30.2913554],[-97.7346365,30.2913088],[-97.734632,30.2913076]]]}},{"type":"Feature","properties":{"kind":"front","fam":"plSign","wd":"#2b2018","wg":"#493627","wn":"#c8a284","base":4.3,"h":5.35,"nm":"Posse East","cat":"pub","src":"G","bid":"8313f17d-875c-41d1-a459-e176b021e8d5"},"geometry":{"type":"Polygon","coordinates":[[[-97.734632,30.2913076],[-97.734616,30.2913542],[-97.7346205,30.2913554],[-97.7346365,30.2913088],[-97.734632,30.2913076]]]}},{"type":"Feature","properties":{"kind":"awning","fam":"plAwn","wd":"#2a2523","wg":"#4c3d32","wn":"#0c0d15","base":3.84,"h":4.2,"nm":"Posse East","cat":"pub","src":"G","bid":"8313f17d-875c-41d1-a459-e176b021e8d5"},"geometry":{"type":"Polygon","coordinates":[[[-97.734622,30.2913051],[-97.734606,30.2913517],[-97.7346175,30.2913546],[-97.7346335,30.291308],[-97.734622,30.2913051]]]}},{"type":"Feature","properties":{"kind":"front","fam":"plBulk","wd":"#39332e","wg":"#59493b","wn":"#0e0f16","base":0.0,"h":0.55,"nm":"Posse East","cat":"pub","src":"G","bid":"8313f17d-875c-41d1-a459-e176b021e8d5"},"geometry":{"type":"Polygon","coordinates":[[[-97.7346159,30.2913552],[-97.7346167,30.2913682],[-97.7346214,30.291368],[-97.7346206,30.2913549],[-97.7346159,30.2913552]]]}},{"type":"Feature","properties":{"kind":"front","fam":"plGlass","wd":"#6e7a84","wg":"#858584","wn":"#14171f","base":0.55,"h":4.3,"nm":"Posse East","cat":"pub","src":"G","bid":"8313f17d-875c-41d1-a459-e176b021e8d5"},"geometry":{"type":"Polygon","coordinates":[[[-97.7346159,30.2913552],[-97.7346167,30.2913682],[-97.7346214,30.291368],[-97.7346206,30.2913549],[-97.7346159,30.2913552]]]}},{"type":"Feature","properties":{"kind":"front","fam":"plSign","wd":"#2b2018","wg":"#493627","wn":"#c8a284","base":4.3,"h":5.35,"nm":"Posse East","cat":"pub","src":"G","bid":"8313f17d-875c-41d1-a459-e176b021e8d5"},"geometry":{"type":"Polygon","coordinates":[[[-97.7346159,30.2913552],[-97.7346167,30.2913682],[-97.7346214,30.291368],[-97.7346206,30.2913549],[-97.7346159,30.2913552]]]}},{"type":"Feature","properties":{"kind":"awning","fam":"plAwn","wd":"#2a2523","wg":"#4c3d32","wn":"#0c0d15","base":3.84,"h":4.2,"nm":"Posse East","cat":"pub","src":"G","bid":"8313f17d-875c-41d1-a459-e176b021e8d5"},"geometry":{"type":"Polygon","coordinates":[[[-97.7346055,30.2913557],[-97.7346063,30.2913687],[-97.7346183,30.2913681],[-97.7346174,30.2913551],[-97.7346055,30.2913557]]]}},{"type":"Feature","properties":{"kind":"label","nm":"Posse East","cat":"pub","src":"G","sign":"#2b2018","dark":1},"geometry":{"type":"Point","coordinates":[-97.7346362,30.291287]}},{"type":"Feature","properties":{"kind":"front","fam":"plBulk","wd":"#39332e","wg":"#59493b","wn":"#0e0f16","base":0.0,"h":0.55,"nm":"Whataburger","cat":"fast_food","src":"S","bid":"85f2991c-98e0-43fc-ac58-70f92b77cae9"},"geometry":{"type":"Polygon","coordinates":[[[-97.7422901,30.2934202],[-97.7421361,30.29341],[-97.7421358,30.2934141],[-97.7422898,30.2934242],[-97.7422901,30.2934202]]]}},{"type":"Feature","properties":{"kind":"front","fam":"plGlass","wd":"#6e7a84","wg":"#858584","wn":"#14171f","base":0.55,"h":3.96,"nm":"Whataburger","cat":"fast_food","src":"S","bid":"85f2991c-98e0-43fc-ac58-70f92b77cae9"},"geometry":{"type":"Polygon","coordinates":[[[-97.7422901,30.2934202],[-97.7421361,30.29341],[-97.7421358,30.2934141],[-97.7422898,30.2934242],[-97.7422901,30.2934202]]]}},{"type":"Feature","properties":{"kind":"front","fam":"plSign","wd":"#ff770f","wg":"#ff811f","wn":"#f18a38","base":3.96,"h":4.84,"nm":"Whataburger","cat":"fast_food","src":"S","bid":"85f2991c-98e0-43fc-ac58-70f92b77cae9"},"geometry":{"type":"Polygon","coordinates":[[[-97.7422901,30.2934202],[-97.7421361,30.29341],[-97.7421358,30.2934141],[-97.7422898,30.2934242],[-97.7422901,30.2934202]]]}},{"type":"Feature","properties":{"kind":"awning","fam":"plAwn","wd":"#ce681c","wg":"#d6762c","wn":"#1e1514","base":3.5,"h":3.86,"nm":"Whataburger","cat":"fast_food","src":"S","bid":"85f2991c-98e0-43fc-ac58-70f92b77cae9"},"geometry":{"type":"Polygon","coordinates":[[[-97.7422909,30.2934113],[-97.7421369,30.2934011],[-97.742136,30.2934114],[-97.74229,30.2934216],[-97.7422909,30.2934113]]]}},{"type":"Feature","properties":{"kind":"label","nm":"Whataburger","cat":"fast_food","src":"S","sign":"#ff770f","dark":0},"geometry":{"type":"Point","coordinates":[-97.7422155,30.2933973]}},{"type":"Feature","properties":{"kind":"front","fam":"plBulk","wd":"#39332e","wg":"#59493b","wn":"#0e0f16","base":0.0,"h":0.55,"nm":"Nourish","cat":"cafe","src":"G","bid":"866e9c84-7564-4b01-8805-35088be79cd9"},"geometry":{"type":"Polygon","coordinates":[[[-97.7353261,30.2773109],[-97.7353733,30.2771825],[-97.7353689,30.2771813],[-97.7353217,30.2773097],[-97.7353261,30.2773109]]]}},{"type":"Feature","properties":{"kind":"front","fam":"plGlass","wd":"#6e7a84","wg":"#858584","wn":"#14171f","base":0.55,"h":4.3,"nm":"Nourish","cat":"cafe","src":"G","bid":"866e9c84-7564-4b01-8805-35088be79cd9"},"geometry":{"type":"Polygon","coordinates":[[[-97.7353261,30.2773109],[-97.7353733,30.2771825],[-97.7353689,30.2771813],[-97.7353217,30.2773097],[-97.7353261,30.2773109]]]}},{"type":"Feature","properties":{"kind":"front","fam":"plSign","wd":"#4a3b30","wg":"#634d3b","wn":"#bda18a","base":4.3,"h":5.35,"nm":"Nourish","cat":"cafe","src":"G","bid":"866e9c84-7564-4b01-8805-35088be79cd9"},"geometry":{"type":"Polygon","coordinates":[[[-97.7353261,30.2773109],[-97.7353733,30.2771825],[-97.7353689,30.2771813],[-97.7353217,30.2773097],[-97.7353261,30.2773109]]]}},{"type":"Feature","properties":{"kind":"awning","fam":"plAwn","wd":"#423a35","wg":"#604f41","wn":"#0f1017","base":3.84,"h":4.2,"nm":"Nourish","cat":"cafe","src":"G","bid":"866e9c84-7564-4b01-8805-35088be79cd9"},"geometry":{"type":"Polygon","coordinates":[[[-97.735336,30.2773137],[-97.7353832,30.2771852],[-97.7353718,30.2771821],[-97.7353246,30.2773105],[-97.735336,30.2773137]]]}},{"type":"Feature","properties":{"kind":"label","nm":"Nourish","cat":"cafe","src":"G","sign":"#4a3b30","dark":1},"geometry":{"type":"Point","coordinates":[-97.7353696,30.2772522]}},{"type":"Feature","properties":{"kind":"front","fam":"plBulk","wd":"#39332e","wg":"#59493b","wn":"#0e0f16","base":0.0,"h":0.55,"nm":"Snarf's Sandwiches","cat":"fast_food","src":"G","bid":"887fd922-eb4d-49bc-a9ae-ce15990f7749"},"geometry":{"type":"Polygon","coordinates":[[[-97.7284172,30.2888652],[-97.728471,30.2887797],[-97.7284669,30.2887778],[-97.7284131,30.2888633],[-97.7284172,30.2888652]]]}},{"type":"Feature","properties":{"kind":"front","fam":"plGlass","wd":"#6e7a84","wg":"#858584","wn":"#14171f","base":0.55,"h":4.18,"nm":"Snarf's Sandwiches","cat":"fast_food","src":"G","bid":"887fd922-eb4d-49bc-a9ae-ce15990f7749"},"geometry":{"type":"Polygon","coordinates":[[[-97.7284172,30.2888652],[-97.728471,30.2887797],[-97.7284669,30.2887778],[-97.7284131,30.2888633],[-97.7284172,30.2888652]]]}},{"type":"Feature","properties":{"kind":"front","fam":"plSign","wd":"#b0761c","wg":"#bb802a","wn":"#f1b04b","base":4.18,"h":5.1,"nm":"Snarf's Sandwiches","cat":"fast_food","src":"G","bid":"887fd922-eb4d-49bc-a9ae-ce15990f7749"},"geometry":{"type":"Polygon","coordinates":[[[-97.7284172,30.2888652],[-97.728471,30.2887797],[-97.7284669,30.2887778],[-97.7284131,30.2888633],[-97.7284172,30.2888652]]]}},{"type":"Feature","properties":{"kind":"awning","fam":"plAwn","wd":"#916726","wg":"#a37535","wn":"#181515","base":3.72,"h":4.08,"nm":"Snarf's Sandwiches","cat":"fast_food","src":"G","bid":"887fd922-eb4d-49bc-a9ae-ce15990f7749"},"geometry":{"type":"Polygon","coordinates":[[[-97.7284263,30.2888695],[-97.7284802,30.288784],[-97.7284697,30.2887791],[-97.7284158,30.2888646],[-97.7284263,30.2888695]]]}},{"type":"Feature","properties":{"kind":"front","fam":"plBulk","wd":"#39332e","wg":"#59493b","wn":"#0e0f16","base":0.0,"h":0.55,"nm":"Snarf's Sandwiches","cat":"fast_food","src":"G","bid":"887fd922-eb4d-49bc-a9ae-ce15990f7749"},"geometry":{"type":"Polygon","coordinates":[[[-97.7287236,30.2883786],[-97.7287443,30.2883457],[-97.7287402,30.2883438],[-97.7287195,30.2883766],[-97.7287236,30.2883786]]]}},{"type":"Feature","properties":{"kind":"front","fam":"plGlass","wd":"#6e7a84","wg":"#858584","wn":"#14171f","base":0.55,"h":4.18,"nm":"Snarf's Sandwiches","cat":"fast_food","src":"G","bid":"887fd922-eb4d-49bc-a9ae-ce15990f7749"},"geometry":{"type":"Polygon","coordinates":[[[-97.7287236,30.2883786],[-97.7287443,30.2883457],[-97.7287402,30.2883438],[-97.7287195,30.2883766],[-97.7287236,30.2883786]]]}},{"type":"Feature","properties":{"kind":"front","fam":"plSign","wd":"#b0761c","wg":"#bb802a","wn":"#f1b04b","base":4.18,"h":5.1,"nm":"Snarf's Sandwiches","cat":"fast_food","src":"G","bid":"887fd922-eb4d-49bc-a9ae-ce15990f7749"},"geometry":{"type":"Polygon","coordinates":[[[-97.7287236,30.2883786],[-97.7287443,30.2883457],[-97.7287402,30.2883438],[-97.7287195,30.2883766],[-97.7287236,30.2883786]]]}},{"type":"Feature","properties":{"kind":"awning","fam":"plAwn","wd":"#916726","wg":"#a37535","wn":"#181515","base":3.72,"h":4.08,"nm":"Snarf's Sandwiches","cat":"fast_food","src":"G","bid":"887fd922-eb4d-49bc-a9ae-ce15990f7749"},"geometry":{"type":"Polygon","coordinates":[[[-97.7287327,30.2883829],[-97.7287534,30.28835],[-97.7287429,30.2883451],[-97.7287222,30.2883779],[-97.7287327,30.2883829]]]}},{"type":"Feature","properties":{"kind":"label","nm":"Snarf's Sandwiches","cat":"fast_food","src":"G","sign":"#b0761c","dark":1},"geometry":{"type":"Point","coordinates":[-97.7284727,30.2888146]}},{"type":"Feature","properties":{"kind":"front","fam":"plBulk","wd":"#39332e","wg":"#59493b","wn":"#0e0f16","base":0.0,"h":0.55,"nm":"Subway","cat":"fast_food","src":"S","bid":"8ab9c8cb-7c18-46be-acf5-06e6b9d46a8d"},"geometry":{"type":"Polygon","coordinates":[[[-97.7428366,30.2949683],[-97.7428329,30.2950449],[-97.7428376,30.2950451],[-97.7428413,30.2949684],[-97.7428366,30.2949683]]]}},{"type":"Feature","properties":{"kind":"front","fam":"plGlass","wd":"#6e7a84","wg":"#858584","wn":"#14171f","base":0.55,"h":4.3,"nm":"Subway","cat":"fast_food","src":"S","bid":"8ab9c8cb-7c18-46be-acf5-06e6b9d46a8d"},"geometry":{"type":"Polygon","coordinates":[[[-97.7428366,30.2949683],[-97.7428329,30.2950449],[-97.7428376,30.2950451],[-97.7428413,30.2949684],[-97.7428366,30.2949683]]]}},{"type":"Feature","properties":{"kind":"front","fam":"plSign","wd":"#028940","wg":"#259049","wn":"#36ef86","base":4.3,"h":5.35,"nm":"Subway","cat":"fast_food","src":"S","bid":"8ab9c8cb-7c18-46be-acf5-06e6b9d46a8d"},"geometry":{"type":"Polygon","coordinates":[[[-97.7428366,30.2949683],[-97.7428329,30.2950449],[-97.7428376,30.2950451],[-97.7428413,30.2949684],[-97.7428366,30.2949683]]]}},{"type":"Feature","properties":{"kind":"awning","fam":"plAwn","wd":"#0b7642","wg":"#32824c","wn":"#091618","base":3.84,"h":4.2,"nm":"Subway","cat":"fast_food","src":"S","bid":"8ab9c8cb-7c18-46be-acf5-06e6b9d46a8d"},"geometry":{"type":"Polygon","coordinates":[[[-97.7428262,30.2949679],[-97.7428225,30.2950445],[-97.7428344,30.2950449],[-97.7428382,30.2949683],[-97.7428262,30.2949679]]]}},{"type":"Feature","properties":{"kind":"front","fam":"plBulk","wd":"#39332e","wg":"#59493b","wn":"#0e0f16","base":0.0,"h":0.55,"nm":"Subway","cat":"fast_food","src":"S","bid":"8ab9c8cb-7c18-46be-acf5-06e6b9d46a8d"},"geometry":{"type":"Polygon","coordinates":[[[-97.7428358,30.2950477],[-97.7428401,30.295048],[-97.7428405,30.295044],[-97.7428361,30.2950437],[-97.7428358,30.2950477]]]}},{"type":"Feature","properties":{"kind":"front","fam":"plGlass","wd":"#6e7a84","wg":"#858584","wn":"#14171f","base":0.55,"h":4.3,"nm":"Subway","cat":"fast_food","src":"S","bid":"8ab9c8cb-7c18-46be-acf5-06e6b9d46a8d"},"geometry":{"type":"Polygon","coordinates":[[[-97.7428358,30.2950477],[-97.7428401,30.295048],[-97.7428405,30.295044],[-97.7428361,30.2950437],[-97.7428358,30.2950477]]]}},{"type":"Feature","properties":{"kind":"front","fam":"plSign","wd":"#028940","wg":"#259049","wn":"#36ef86","base":4.3,"h":5.35,"nm":"Subway","cat":"fast_food","src":"S","bid":"8ab9c8cb-7c18-46be-acf5-06e6b9d46a8d"},"geometry":{"type":"Polygon","coordinates":[[[-97.7428358,30.2950477],[-97.7428401,30.295048],[-97.7428405,30.295044],[-97.7428361,30.2950437],[-97.7428358,30.2950477]]]}},{"type":"Feature","properties":{"kind":"awning","fam":"plAwn","wd":"#0b7642","wg":"#32824c","wn":"#091618","base":3.84,"h":4.2,"nm":"Subway","cat":"fast_food","src":"S","bid":"8ab9c8cb-7c18-46be-acf5-06e6b9d46a8d"},"geometry":{"type":"Polygon","coordinates":[[[-97.7428349,30.2950566],[-97.7428393,30.2950569],[-97.7428402,30.2950466],[-97.7428359,30.2950463],[-97.7428349,30.2950566]]]}},{"type":"Feature","properties":{"kind":"label","nm":"Subway","cat":"fast_food","src":"S","sign":"#028940","dark":1},"geometry":{"type":"Point","coordinates":[-97.7428139,30.2950077]}},{"type":"Feature","properties":{"kind":"front","fam":"plBulk","wd":"#39332e","wg":"#59493b","wn":"#0e0f16","base":0.0,"h":0.55,"nm":"AT&T","cat":"telecommunication","src":"S","bid":"8ab9c8cb-7c18-46be-acf5-06e6b9d46a8d"},"geometry":{"type":"Polygon","coordinates":[[[-97.7428525,30.2950488],[-97.7429454,30.2950553],[-97.7429458,30.2950512],[-97.7428529,30.2950448],[-97.7428525,30.2950488]]]}},{"type":"Feature","properties":{"kind":"front","fam":"plGlass","wd":"#6e7a84","wg":"#858584","wn":"#14171f","base":0.55,"h":4.3,"nm":"AT&T","cat":"telecommunication","src":"S","bid":"8ab9c8cb-7c18-46be-acf5-06e6b9d46a8d"},"geometry":{"type":"Polygon","coordinates":[[[-97.7428525,30.2950488],[-97.7429454,30.2950553],[-97.7429458,30.2950512],[-97.7428529,30.2950448],[-97.7428525,30.2950488]]]}},{"type":"Feature","properties":{"kind":"front","fam":"plSign","wd":"#067ab4","wg":"#2984ad","wn":"#39b2ec","base":4.3,"h":5.35,"nm":"AT&T","cat":"telecommunication","src":"S","bid":"8ab9c8cb-7c18-46be-acf5-06e6b9d46a8d"},"geometry":{"type":"Polygon","coordinates":[[[-97.7428525,30.2950488],[-97.7429454,30.2950553],[-97.7429458,30.2950512],[-97.7428529,30.2950448],[-97.7428525,30.2950488]]]}},{"type":"Feature","properties":{"kind":"awning","fam":"plAwn","wd":"#0e6a9b","wg":"#357797","wn":"#091522","base":3.84,"h":4.2,"nm":"AT&T","cat":"telecommunication","src":"S","bid":"8ab9c8cb-7c18-46be-acf5-06e6b9d46a8d"},"geometry":{"type":"Polygon","coordinates":[[[-97.7428517,30.2950578],[-97.7429446,30.2950642],[-97.7429455,30.2950539],[-97.7428527,30.2950475],[-97.7428517,30.2950578]]]}},{"type":"Feature","properties":{"kind":"label","nm":"AT&T","cat":"telecommunication","src":"S","sign":"#067ab4","dark":1},"geometry":{"type":"Point","coordinates":[-97.7428973,30.29507]}},{"type":"Feature","properties":{"kind":"front","fam":"plBulk","wd":"#39332e","wg":"#59493b","wn":"#0e0f16","base":0.0,"h":0.55,"nm":"JuiceLand","cat":"fast_food","src":"S","bid":"8ab9c8cb-7c18-46be-acf5-06e6b9d46a8d"},"geometry":{"type":"Polygon","coordinates":[[[-97.7429578,30.2950561],[-97.7430009,30.2950591],[-97.7430013,30.2950551],[-97.7429582,30.2950521],[-97.7429578,30.2950561]]]}},{"type":"Feature","properties":{"kind":"front","fam":"plGlass","wd":"#6e7a84","wg":"#858584","wn":"#14171f","base":0.55,"h":4.3,"nm":"JuiceLand","cat":"fast_food","src":"S","bid":"8ab9c8cb-7c18-46be-acf5-06e6b9d46a8d"},"geometry":{"type":"Polygon","coordinates":[[[-97.7429578,30.2950561],[-97.7430009,30.2950591],[-97.7430013,30.2950551],[-97.7429582,30.2950521],[-97.7429578,30.2950561]]]}},{"type":"Feature","properties":{"kind":"front","fam":"plSign","wd":"#144635","wg":"#355740","wn":"#69efbd","base":4.3,"h":5.35,"nm":"JuiceLand","cat":"fast_food","src":"S","bid":"8ab9c8cb-7c18-46be-acf5-06e6b9d46a8d"},"geometry":{"type":"Polygon","coordinates":[[[-97.7429578,30.2950561],[-97.7430009,30.2950591],[-97.7430013,30.2950551],[-97.7429582,30.2950521],[-97.7429578,30.2950561]]]}},{"type":"Feature","properties":{"kind":"awning","fam":"plAwn","wd":"#184239","wg":"#3d5645","wn":"#0a1117","base":3.84,"h":4.2,"nm":"JuiceLand","cat":"fast_food","src":"S","bid":"8ab9c8cb-7c18-46be-acf5-06e6b9d46a8d"},"geometry":{"type":"Polygon","coordinates":[[[-97.742957,30.2950651],[-97.7430001,30.2950681],[-97.743001,30.2950578],[-97.742958,30.2950548],[-97.742957,30.2950651]]]}},{"type":"Feature","properties":{"kind":"front","fam":"plBulk","wd":"#39332e","wg":"#59493b","wn":"#0e0f16","base":0.0,"h":0.55,"nm":"JuiceLand","cat":"fast_food","src":"S","bid":"8ab9c8cb-7c18-46be-acf5-06e6b9d46a8d"},"geometry":{"type":"Polygon","coordinates":[[[-97.7427711,30.2948211],[-97.7427909,30.2948607],[-97.7427952,30.2948591],[-97.7427754,30.2948195],[-97.7427711,30.2948211]]]}},{"type":"Feature","properties":{"kind":"front","fam":"plGlass","wd":"#6e7a84","wg":"#858584","wn":"#14171f","base":0.55,"h":4.3,"nm":"JuiceLand","cat":"fast_food","src":"S","bid":"8ab9c8cb-7c18-46be-acf5-06e6b9d46a8d"},"geometry":{"type":"Polygon","coordinates":[[[-97.7427711,30.2948211],[-97.7427909,30.2948607],[-97.7427952,30.2948591],[-97.7427754,30.2948195],[-97.7427711,30.2948211]]]}},{"type":"Feature","properties":{"kind":"front","fam":"plSign","wd":"#144635","wg":"#355740","wn":"#69efbd","base":4.3,"h":5.35,"nm":"JuiceLand","cat":"fast_food","src":"S","bid":"8ab9c8cb-7c18-46be-acf5-06e6b9d46a8d"},"geometry":{"type":"Polygon","coordinates":[[[-97.7427711,30.2948211],[-97.7427909,30.2948607],[-97.7427952,30.2948591],[-97.7427754,30.2948195],[-97.7427711,30.2948211]]]}},{"type":"Feature","properties":{"kind":"awning","fam":"plAwn","wd":"#184239","wg":"#3d5645","wn":"#0a1117","base":3.84,"h":4.2,"nm":"JuiceLand","cat":"fast_food","src":"S","bid":"8ab9c8cb-7c18-46be-acf5-06e6b9d46a8d"},"geometry":{"type":"Polygon","coordinates":[[[-97.7427616,30.2948246],[-97.7427814,30.2948642],[-97.7427924,30.2948602],[-97.7427726,30.2948205],[-97.7427616,30.2948246]]]}},{"type":"Feature","properties":{"kind":"label","nm":"JuiceLand","cat":"fast_food","src":"S","sign":"#144635","dark":1},"geometry":{"type":"Point","coordinates":[-97.7427537,30.2948316]}},{"type":"Feature","properties":{"kind":"front","fam":"plBulk","wd":"#39332e","wg":"#59493b","wn":"#0e0f16","base":0.0,"h":0.55,"nm":"Ken's Donuts","cat":"cafe","src":"G","bid":"8ab9c8cb-7c18-46be-acf5-06e6b9d46a8d"},"geometry":{"type":"Polygon","coordinates":[[[-97.7427959,30.2948706],[-97.7428101,30.2948991],[-97.7428144,30.2948975],[-97.7428002,30.294869],[-97.7427959,30.2948706]]]}},{"type":"Feature","properties":{"kind":"front","fam":"plGlass","wd":"#6e7a84","wg":"#858584","wn":"#14171f","base":0.55,"h":4.3,"nm":"Ken's Donuts","cat":"cafe","src":"G","bid":"8ab9c8cb-7c18-46be-acf5-06e6b9d46a8d"},"geometry":{"type":"Polygon","coordinates":[[[-97.7427959,30.2948706],[-97.7428101,30.2948991],[-97.7428144,30.2948975],[-97.7428002,30.294869],[-97.7427959,30.2948706]]]}},{"type":"Feature","properties":{"kind":"front","fam":"plSign","wd":"#6b4a33","wg":"#805a3e","wn":"#e1ab82","base":4.3,"h":5.35,"nm":"Ken's Donuts","cat":"cafe","src":"G","bid":"8ab9c8cb-7c18-46be-acf5-06e6b9d46a8d"},"geometry":{"type":"Polygon","coordinates":[[[-97.7427959,30.2948706],[-97.7428101,30.2948991],[-97.7428144,30.2948975],[-97.7428002,30.294869],[-97.7427959,30.2948706]]]}},{"type":"Feature","properties":{"kind":"awning","fam":"plAwn","wd":"#5c4537","wg":"#765843","wn":"#121117","base":3.84,"h":4.2,"nm":"Ken's Donuts","cat":"cafe","src":"G","bid":"8ab9c8cb-7c18-46be-acf5-06e6b9d46a8d"},"geometry":{"type":"Polygon","coordinates":[[[-97.7427863,30.2948741],[-97.7428006,30.2949026],[-97.7428116,30.2948985],[-97.7427973,30.29487],[-97.7427863,30.2948741]]]}},{"type":"Feature","properties":{"kind":"front","fam":"plBulk","wd":"#39332e","wg":"#59493b","wn":"#0e0f16","base":0.0,"h":0.55,"nm":"Ken's Donuts","cat":"cafe","src":"G","bid":"8ab9c8cb-7c18-46be-acf5-06e6b9d46a8d"},"geometry":{"type":"Polygon","coordinates":[[[-97.7428192,30.2948961],[-97.7428426,30.2949412],[-97.7428469,30.2949395],[-97.7428234,30.2948944],[-97.7428192,30.2948961]]]}},{"type":"Feature","properties":{"kind":"front","fam":"plGlass","wd":"#6e7a84","wg":"#858584","wn":"#14171f","base":0.55,"h":4.3,"nm":"Ken's Donuts","cat":"cafe","src":"G","bid":"8ab9c8cb-7c18-46be-acf5-06e6b9d46a8d"},"geometry":{"type":"Polygon","coordinates":[[[-97.7428192,30.2948961],[-97.7428426,30.2949412],[-97.7428469,30.2949395],[-97.7428234,30.2948944],[-97.7428192,30.2948961]]]}},{"type":"Feature","properties":{"kind":"front","fam":"plSign","wd":"#6b4a33","wg":"#805a3e","wn":"#e1ab82","base":4.3,"h":5.35,"nm":"Ken's Donuts","cat":"cafe","src":"G","bid":"8ab9c8cb-7c18-46be-acf5-06e6b9d46a8d"},"geometry":{"type":"Polygon","coordinates":[[[-97.7428192,30.2948961],[-97.7428426,30.2949412],[-97.7428469,30.2949395],[-97.7428234,30.2948944],[-97.7428192,30.2948961]]]}},{"type":"Feature","properties":{"kind":"awning","fam":"plAwn","wd":"#5c4537","wg":"#765843","wn":"#121117","base":3.84,"h":4.2,"nm":"Ken's Donuts","cat":"cafe","src":"G","bid":"8ab9c8cb-7c18-46be-acf5-06e6b9d46a8d"},"geometry":{"type":"Polygon","coordinates":[[[-97.7428097,30.2948998],[-97.7428331,30.2949449],[-97.742844,30.2949406],[-97.7428206,30.2948956],[-97.7428097,30.2948998]]]}},{"type":"Feature","properties":{"kind":"label","nm":"Ken's Donuts","cat":"cafe","src":"G","sign":"#6b4a33","dark":1},"geometry":{"type":"Point","coordinates":[-97.7428045,30.2949119]}},{"type":"Feature","properties":{"kind":"front","fam":"plBulk","wd":"#39332e","wg":"#59493b","wn":"#0e0f16","base":0.0,"h":0.55,"nm":"Torchy's Tacos","cat":"fast_food","src":"S","bid":"8c74e3e7-8c9e-44e3-8bed-764924ccb65a"},"geometry":{"type":"Polygon","coordinates":[[[-97.7417557,30.2936135],[-97.7417339,30.2935699],[-97.7417296,30.2935715],[-97.7417514,30.2936151],[-97.7417557,30.2936135]]]}},{"type":"Feature","properties":{"kind":"front","fam":"plGlass","wd":"#6e7a84","wg":"#858584","wn":"#14171f","base":0.55,"h":4.3,"nm":"Torchy's Tacos","cat":"fast_food","src":"S","bid":"8c74e3e7-8c9e-44e3-8bed-764924ccb65a"},"geometry":{"type":"Polygon","coordinates":[[[-97.7417557,30.2936135],[-97.7417339,30.2935699],[-97.7417296,30.2935715],[-97.7417514,30.2936151],[-97.7417557,30.2936135]]]}},{"type":"Feature","properties":{"kind":"front","fam":"plSign","wd":"#e33f3d","wg":"#e75147","wn":"#f16660","base":4.3,"h":5.35,"nm":"Torchy's Tacos","cat":"fast_food","src":"S","bid":"8c74e3e7-8c9e-44e3-8bed-764924ccb65a"},"geometry":{"type":"Polygon","coordinates":[[[-97.7417557,30.2936135],[-97.7417339,30.2935699],[-97.7417296,30.2935715],[-97.7417514,30.2936151],[-97.7417557,30.2936135]]]}},{"type":"Feature","properties":{"kind":"awning","fam":"plAwn","wd":"#b93d3f","wg":"#c4524a","wn":"#1c1018","base":3.84,"h":4.2,"nm":"Torchy's Tacos","cat":"fast_food","src":"S","bid":"8c74e3e7-8c9e-44e3-8bed-764924ccb65a"},"geometry":{"type":"Polygon","coordinates":[[[-97.7417652,30.29361],[-97.7417434,30.2935664],[-97.7417324,30.2935705],[-97.7417542,30.2936141],[-97.7417652,30.29361]]]}},{"type":"Feature","properties":{"kind":"front","fam":"plBulk","wd":"#39332e","wg":"#59493b","wn":"#0e0f16","base":0.0,"h":0.55,"nm":"Torchy's Tacos","cat":"fast_food","src":"S","bid":"8c74e3e7-8c9e-44e3-8bed-764924ccb65a"},"geometry":{"type":"Polygon","coordinates":[[[-97.7418789,30.2938959],[-97.7418529,30.2938429],[-97.7418486,30.2938445],[-97.7418746,30.2938975],[-97.7418789,30.2938959]]]}},{"type":"Feature","properties":{"kind":"front","fam":"plGlass","wd":"#6e7a84","wg":"#858584","wn":"#14171f","base":0.55,"h":4.3,"nm":"Torchy's Tacos","cat":"fast_food","src":"S","bid":"8c74e3e7-8c9e-44e3-8bed-764924ccb65a"},"geometry":{"type":"Polygon","coordinates":[[[-97.7418789,30.2938959],[-97.7418529,30.2938429],[-97.7418486,30.2938445],[-97.7418746,30.2938975],[-97.7418789,30.2938959]]]}},{"type":"Feature","properties":{"kind":"front","fam":"plSign","wd":"#e33f3d","wg":"#e75147","wn":"#f16660","base":4.3,"h":5.35,"nm":"Torchy's Tacos","cat":"fast_food","src":"S","bid":"8c74e3e7-8c9e-44e3-8bed-764924ccb65a"},"geometry":{"type":"Polygon","coordinates":[[[-97.7418789,30.2938959],[-97.7418529,30.2938429],[-97.7418486,30.2938445],[-97.7418746,30.2938975],[-97.7418789,30.2938959]]]}},{"type":"Feature","properties":{"kind":"awning","fam":"plAwn","wd":"#b93d3f","wg":"#c4524a","wn":"#1c1018","base":3.84,"h":4.2,"nm":"Torchy's Tacos","cat":"fast_food","src":"S","bid":"8c74e3e7-8c9e-44e3-8bed-764924ccb65a"},"geometry":{"type":"Polygon","coordinates":[[[-97.7418885,30.2938924],[-97.7418625,30.2938394],[-97.7418514,30.2938435],[-97.7418774,30.2938965],[-97.7418885,30.2938924]]]}},{"type":"Feature","properties":{"kind":"front","fam":"plBulk","wd":"#39332e","wg":"#59493b","wn":"#0e0f16","base":0.0,"h":0.55,"nm":"Torchy's Tacos","cat":"fast_food","src":"S","bid":"8c74e3e7-8c9e-44e3-8bed-764924ccb65a"},"geometry":{"type":"Polygon","coordinates":[[[-97.7418559,30.2938419],[-97.7418424,30.2938146],[-97.7418381,30.2938162],[-97.7418516,30.2938435],[-97.7418559,30.2938419]]]}},{"type":"Feature","properties":{"kind":"front","fam":"plGlass","wd":"#6e7a84","wg":"#858584","wn":"#14171f","base":0.55,"h":4.3,"nm":"Torchy's Tacos","cat":"fast_food","src":"S","bid":"8c74e3e7-8c9e-44e3-8bed-764924ccb65a"},"geometry":{"type":"Polygon","coordinates":[[[-97.7418559,30.2938419],[-97.7418424,30.2938146],[-97.7418381,30.2938162],[-97.7418516,30.2938435],[-97.7418559,30.2938419]]]}},{"type":"Feature","properties":{"kind":"front","fam":"plSign","wd":"#e33f3d","wg":"#e75147","wn":"#f16660","base":4.3,"h":5.35,"nm":"Torchy's Tacos","cat":"fast_food","src":"S","bid":"8c74e3e7-8c9e-44e3-8bed-764924ccb65a"},"geometry":{"type":"Polygon","coordinates":[[[-97.7418559,30.2938419],[-97.7418424,30.2938146],[-97.7418381,30.2938162],[-97.7418516,30.2938435],[-97.7418559,30.2938419]]]}},{"type":"Feature","properties":{"kind":"awning","fam":"plAwn","wd":"#b93d3f","wg":"#c4524a","wn":"#1c1018","base":3.84,"h":4.2,"nm":"Torchy's Tacos","cat":"fast_food","src":"S","bid":"8c74e3e7-8c9e-44e3-8bed-764924ccb65a"},"geometry":{"type":"Polygon","coordinates":[[[-97.7418654,30.2938384],[-97.741852,30.2938111],[-97.741841,30.2938151],[-97.7418544,30.2938425],[-97.7418654,30.2938384]]]}},{"type":"Feature","properties":{"kind":"label","nm":"Torchy's Tacos","cat":"fast_food","src":"S","sign":"#e33f3d","dark":1},"geometry":{"type":"Point","coordinates":[-97.741889,30.2938706]}},{"type":"Feature","properties":{"kind":"front","fam":"plBulk","wd":"#39332e","wg":"#59493b","wn":"#0e0f16","base":0.0,"h":0.55,"nm":"Thundercloud Subs","cat":"fast_food","src":"S","bid":"8fb58c0b-fa6c-43c6-89d6-20e0d43cc315"},"geometry":{"type":"Polygon","coordinates":[[[-97.750501,30.2764931],[-97.750526,30.2765005],[-97.7505275,30.2764967],[-97.7505025,30.2764893],[-97.750501,30.2764931]]]}},{"type":"Feature","properties":{"kind":"front","fam":"plGlass","wd":"#6e7a84","wg":"#858584","wn":"#14171f","base":0.55,"h":4.3,"nm":"Thundercloud Subs","cat":"fast_food","src":"S","bid":"8fb58c0b-fa6c-43c6-89d6-20e0d43cc315"},"geometry":{"type":"Polygon","coordinates":[[[-97.750501,30.2764931],[-97.750526,30.2765005],[-97.7505275,30.2764967],[-97.7505025,30.2764893],[-97.750501,30.2764931]]]}},{"type":"Feature","properties":{"kind":"front","fam":"plSign","wd":"#ff4d00","wg":"#ff5d12","wn":"#f16a2d","base":4.3,"h":5.35,"nm":"Thundercloud Subs","cat":"fast_food","src":"S","bid":"8fb58c0b-fa6c-43c6-89d6-20e0d43cc315"},"geometry":{"type":"Polygon","coordinates":[[[-97.750501,30.2764931],[-97.750526,30.2765005],[-97.7505275,30.2764967],[-97.7505025,30.2764893],[-97.750501,30.2764931]]]}},{"type":"Feature","properties":{"kind":"awning","fam":"plAwn","wd":"#ce4810","wg":"#d65b22","wn":"#1e1113","base":3.84,"h":4.2,"nm":"Thundercloud Subs","cat":"fast_food","src":"S","bid":"8fb58c0b-fa6c-43c6-89d6-20e0d43cc315"},"geometry":{"type":"Polygon","coordinates":[[[-97.7504976,30.2765016],[-97.7505226,30.276509],[-97.7505265,30.2764993],[-97.7505015,30.2764919],[-97.7504976,30.2765016]]]}},{"type":"Feature","properties":{"kind":"front","fam":"plBulk","wd":"#39332e","wg":"#59493b","wn":"#0e0f16","base":0.0,"h":0.55,"nm":"Thundercloud Subs","cat":"fast_food","src":"S","bid":"8fb58c0b-fa6c-43c6-89d6-20e0d43cc315"},"geometry":{"type":"Polygon","coordinates":[[[-97.750534,30.2764998],[-97.750571,30.2764028],[-97.7505665,30.2764016],[-97.7505295,30.2764986],[-97.750534,30.2764998]]]}},{"type":"Feature","properties":{"kind":"front","fam":"plGlass","wd":"#6e7a84","wg":"#858584","wn":"#14171f","base":0.55,"h":4.3,"nm":"Thundercloud Subs","cat":"fast_food","src":"S","bid":"8fb58c0b-fa6c-43c6-89d6-20e0d43cc315"},"geometry":{"type":"Polygon","coordinates":[[[-97.750534,30.2764998],[-97.750571,30.2764028],[-97.7505665,30.2764016],[-97.7505295,30.2764986],[-97.750534,30.2764998]]]}},{"type":"Feature","properties":{"kind":"front","fam":"plSign","wd":"#ff4d00","wg":"#ff5d12","wn":"#f16a2d","base":4.3,"h":5.35,"nm":"Thundercloud Subs","cat":"fast_food","src":"S","bid":"8fb58c0b-fa6c-43c6-89d6-20e0d43cc315"},"geometry":{"type":"Polygon","coordinates":[[[-97.750534,30.2764998],[-97.750571,30.2764028],[-97.7505665,30.2764016],[-97.7505295,30.2764986],[-97.750534,30.2764998]]]}},{"type":"Feature","properties":{"kind":"awning","fam":"plAwn","wd":"#ce4810","wg":"#d65b22","wn":"#1e1113","base":3.84,"h":4.2,"nm":"Thundercloud Subs","cat":"fast_food","src":"S","bid":"8fb58c0b-fa6c-43c6-89d6-20e0d43cc315"},"geometry":{"type":"Polygon","coordinates":[[[-97.7505438,30.2765027],[-97.7505808,30.2764057],[-97.7505695,30.2764024],[-97.7505325,30.2764994],[-97.7505438,30.2765027]]]}},{"type":"Feature","properties":{"kind":"front","fam":"plBulk","wd":"#39332e","wg":"#59493b","wn":"#0e0f16","base":0.0,"h":0.55,"nm":"Thundercloud Subs","cat":"fast_food","src":"S","bid":"8fb58c0b-fa6c-43c6-89d6-20e0d43cc315"},"geometry":{"type":"Polygon","coordinates":[[[-97.750377,30.2764606],[-97.7503878,30.2764636],[-97.7503893,30.2764598],[-97.7503785,30.2764567],[-97.750377,30.2764606]]]}},{"type":"Feature","properties":{"kind":"front","fam":"plGlass","wd":"#6e7a84","wg":"#858584","wn":"#14171f","base":0.55,"h":4.3,"nm":"Thundercloud Subs","cat":"fast_food","src":"S","bid":"8fb58c0b-fa6c-43c6-89d6-20e0d43cc315"},"geometry":{"type":"Polygon","coordinates":[[[-97.750377,30.2764606],[-97.7503878,30.2764636],[-97.7503893,30.2764598],[-97.7503785,30.2764567],[-97.750377,30.2764606]]]}},{"type":"Feature","properties":{"kind":"front","fam":"plSign","wd":"#ff4d00","wg":"#ff5d12","wn":"#f16a2d","base":4.3,"h":5.35,"nm":"Thundercloud Subs","cat":"fast_food","src":"S","bid":"8fb58c0b-fa6c-43c6-89d6-20e0d43cc315"},"geometry":{"type":"Polygon","coordinates":[[[-97.750377,30.2764606],[-97.7503878,30.2764636],[-97.7503893,30.2764598],[-97.7503785,30.2764567],[-97.750377,30.2764606]]]}},{"type":"Feature","properties":{"kind":"awning","fam":"plAwn","wd":"#ce4810","wg":"#d65b22","wn":"#1e1113","base":3.84,"h":4.2,"nm":"Thundercloud Subs","cat":"fast_food","src":"S","bid":"8fb58c0b-fa6c-43c6-89d6-20e0d43cc315"},"geometry":{"type":"Polygon","coordinates":[[[-97.7503738,30.2764691],[-97.7503845,30.2764721],[-97.7503883,30.2764623],[-97.7503775,30.2764593],[-97.7503738,30.2764691]]]}},{"type":"Feature","properties":{"kind":"label","nm":"Thundercloud Subs","cat":"fast_food","src":"S","sign":"#ff4d00","dark":1},"geometry":{"type":"Point","coordinates":[-97.7505699,30.2764632]}},{"type":"Feature","properties":{"kind":"front","fam":"plBulk","wd":"#39332e","wg":"#59493b","wn":"#0e0f16","base":0.0,"h":0.55,"nm":"Texas Chili Parlor","cat":"restaurant","src":"G","bid":"92219916-964e-444f-8d29-6a9bc1ff6c67"},"geometry":{"type":"Polygon","coordinates":[[[-97.7419465,30.2770283],[-97.7420077,30.2770448],[-97.7420091,30.2770409],[-97.7419478,30.2770245],[-97.7419465,30.2770283]]]}},{"type":"Feature","properties":{"kind":"front","fam":"plGlass","wd":"#6e7a84","wg":"#858584","wn":"#14171f","base":0.55,"h":4.3,"nm":"Texas Chili Parlor","cat":"restaurant","src":"G","bid":"92219916-964e-444f-8d29-6a9bc1ff6c67"},"geometry":{"type":"Polygon","coordinates":[[[-97.7419465,30.2770283],[-97.7420077,30.2770448],[-97.7420091,30.2770409],[-97.7419478,30.2770245],[-97.7419465,30.2770283]]]}},{"type":"Feature","properties":{"kind":"front","fam":"plSign","wd":"#8c2f24","wg":"#9c4331","wn":"#f1715e","base":4.3,"h":5.35,"nm":"Texas Chili Parlor","cat":"restaurant","src":"G","bid":"92219916-964e-444f-8d29-6a9bc1ff6c67"},"geometry":{"type":"Polygon","coordinates":[[[-97.7419465,30.2770283],[-97.7420077,30.2770448],[-97.7420091,30.2770409],[-97.7419478,30.2770245],[-97.7419465,30.2770283]]]}},{"type":"Feature","properties":{"kind":"awning","fam":"plAwn","wd":"#75302c","wg":"#8b473a","wn":"#140f16","base":3.84,"h":4.2,"nm":"Texas Chili Parlor","cat":"restaurant","src":"G","bid":"92219916-964e-444f-8d29-6a9bc1ff6c67"},"geometry":{"type":"Polygon","coordinates":[[[-97.7419434,30.2770369],[-97.7420046,30.2770534],[-97.7420081,30.2770435],[-97.7419469,30.2770271],[-97.7419434,30.2770369]]]}},{"type":"Feature","properties":{"kind":"front","fam":"plBulk","wd":"#39332e","wg":"#59493b","wn":"#0e0f16","base":0.0,"h":0.55,"nm":"Texas Chili Parlor","cat":"restaurant","src":"G","bid":"92219916-964e-444f-8d29-6a9bc1ff6c67"},"geometry":{"type":"Polygon","coordinates":[[[-97.7420116,30.277043],[-97.7420389,30.2769672],[-97.7420344,30.276966],[-97.7420071,30.2770418],[-97.7420116,30.277043]]]}},{"type":"Feature","properties":{"kind":"front","fam":"plGlass","wd":"#6e7a84","wg":"#858584","wn":"#14171f","base":0.55,"h":4.3,"nm":"Texas Chili Parlor","cat":"restaurant","src":"G","bid":"92219916-964e-444f-8d29-6a9bc1ff6c67"},"geometry":{"type":"Polygon","coordinates":[[[-97.7420116,30.277043],[-97.7420389,30.2769672],[-97.7420344,30.276966],[-97.7420071,30.2770418],[-97.7420116,30.277043]]]}},{"type":"Feature","properties":{"kind":"front","fam":"plSign","wd":"#8c2f24","wg":"#9c4331","wn":"#f1715e","base":4.3,"h":5.35,"nm":"Texas Chili Parlor","cat":"restaurant","src":"G","bid":"92219916-964e-444f-8d29-6a9bc1ff6c67"},"geometry":{"type":"Polygon","coordinates":[[[-97.7420116,30.277043],[-97.7420389,30.2769672],[-97.7420344,30.276966],[-97.7420071,30.2770418],[-97.7420116,30.277043]]]}},{"type":"Feature","properties":{"kind":"awning","fam":"plAwn","wd":"#75302c","wg":"#8b473a","wn":"#140f16","base":3.84,"h":4.2,"nm":"Texas Chili Parlor","cat":"restaurant","src":"G","bid":"92219916-964e-444f-8d29-6a9bc1ff6c67"},"geometry":{"type":"Polygon","coordinates":[[[-97.7420215,30.2770457],[-97.7420488,30.2769698],[-97.7420374,30.2769668],[-97.7420101,30.2770426],[-97.7420215,30.2770457]]]}},{"type":"Feature","properties":{"kind":"label","nm":"Texas Chili Parlor","cat":"restaurant","src":"G","sign":"#8c2f24","dark":1},"geometry":{"type":"Point","coordinates":[-97.7420356,30.2770369]}},{"type":"Feature","properties":{"kind":"front","fam":"plBulk","wd":"#39332e","wg":"#59493b","wn":"#0e0f16","base":0.0,"h":0.55,"nm":"Hole in the Wall","cat":"pub","src":"G","bid":"9503af74-c20b-4b1c-aae1-79e4a21f4845"},"geometry":{"type":"Polygon","coordinates":[[[-97.742057,30.2900301],[-97.7419014,30.2900191],[-97.741901,30.2900231],[-97.7420566,30.2900341],[-97.742057,30.2900301]]]}},{"type":"Feature","properties":{"kind":"front","fam":"plGlass","wd":"#6e7a84","wg":"#858584","wn":"#14171f","base":0.55,"h":4.3,"nm":"Hole in the Wall","cat":"pub","src":"G","bid":"9503af74-c20b-4b1c-aae1-79e4a21f4845"},"geometry":{"type":"Polygon","coordinates":[[[-97.742057,30.2900301],[-97.7419014,30.2900191],[-97.741901,30.2900231],[-97.7420566,30.2900341],[-97.742057,30.2900301]]]}},{"type":"Feature","properties":{"kind":"front","fam":"plSign","wd":"#2b2018","wg":"#493627","wn":"#c8a284","base":4.3,"h":5.35,"nm":"Hole in the Wall","cat":"pub","src":"G","bid":"9503af74-c20b-4b1c-aae1-79e4a21f4845"},"geometry":{"type":"Polygon","coordinates":[[[-97.742057,30.2900301],[-97.7419014,30.2900191],[-97.741901,30.2900231],[-97.7420566,30.2900341],[-97.742057,30.2900301]]]}},{"type":"Feature","properties":{"kind":"awning","fam":"plAwn","wd":"#2a2523","wg":"#4c3d32","wn":"#0c0d15","base":3.84,"h":4.2,"nm":"Hole in the Wall","cat":"pub","src":"G","bid":"9503af74-c20b-4b1c-aae1-79e4a21f4845"},"geometry":{"type":"Polygon","coordinates":[[[-97.7420578,30.2900211],[-97.7419023,30.2900101],[-97.7419013,30.2900204],[-97.7420568,30.2900314],[-97.7420578,30.2900211]]]}},{"type":"Feature","properties":{"kind":"label","nm":"Hole in the Wall","cat":"pub","src":"G","sign":"#2b2018","dark":1},"geometry":{"type":"Point","coordinates":[-97.7419809,30.2900067]}},{"type":"Feature","properties":{"kind":"front","fam":"plBulk","wd":"#39332e","wg":"#59493b","wn":"#0e0f16","base":0.0,"h":0.55,"nm":"Amy's Ice Creams","cat":"ice_cream","src":"S","bid":"970f260c-3556-4709-8a25-635099fb7408"},"geometry":{"type":"Polygon","coordinates":[[[-97.7513352,30.2764829],[-97.7513552,30.2764415],[-97.7513509,30.2764399],[-97.7513309,30.2764814],[-97.7513352,30.2764829]]]}},{"type":"Feature","properties":{"kind":"front","fam":"plGlass","wd":"#6e7a84","wg":"#858584","wn":"#14171f","base":0.55,"h":3.17,"nm":"Amy's Ice Creams","cat":"ice_cream","src":"S","bid":"970f260c-3556-4709-8a25-635099fb7408"},"geometry":{"type":"Polygon","coordinates":[[[-97.7513352,30.2764829],[-97.7513552,30.2764415],[-97.7513509,30.2764399],[-97.7513309,30.2764814],[-97.7513352,30.2764829]]]}},{"type":"Feature","properties":{"kind":"front","fam":"plSign","wd":"#ff64bf","wg":"#ff71b6","wn":"#f17cbc","base":3.17,"h":3.87,"nm":"Amy's Ice Creams","cat":"ice_cream","src":"S","bid":"970f260c-3556-4709-8a25-635099fb7408"},"geometry":{"type":"Polygon","coordinates":[[[-97.7513352,30.2764829],[-97.7513552,30.2764415],[-97.7513509,30.2764399],[-97.7513309,30.2764814],[-97.7513352,30.2764829]]]}},{"type":"Feature","properties":{"kind":"awning","fam":"plAwn","wd":"#ce59a4","wg":"#d6699f","wn":"#1e1323","base":2.71,"h":3.07,"nm":"Amy's Ice Creams","cat":"ice_cream","src":"S","bid":"970f260c-3556-4709-8a25-635099fb7408"},"geometry":{"type":"Polygon","coordinates":[[[-97.7513448,30.2764864],[-97.7513648,30.2764449],[-97.7513537,30.2764409],[-97.7513337,30.2764824],[-97.7513448,30.2764864]]]}},{"type":"Feature","properties":{"kind":"label","nm":"Amy's Ice Creams","cat":"ice_cream","src":"S","sign":"#ff64bf","dark":0},"geometry":{"type":"Point","coordinates":[-97.7513644,30.2764691]}},{"type":"Feature","properties":{"kind":"front","fam":"plBulk","wd":"#39332e","wg":"#59493b","wn":"#0e0f16","base":0.0,"h":0.55,"nm":"Square Peg Coffee","cat":"cafe","src":"G","bid":"9ae72393-cc40-415e-9dba-bcac8849c3a7"},"geometry":{"type":"Polygon","coordinates":[[[-97.7363853,30.2952689],[-97.7364446,30.2953079],[-97.7364474,30.2953047],[-97.7363882,30.2952657],[-97.7363853,30.2952689]]]}},{"type":"Feature","properties":{"kind":"front","fam":"plGlass","wd":"#6e7a84","wg":"#858584","wn":"#14171f","base":0.55,"h":4.3,"nm":"Square Peg Coffee","cat":"cafe","src":"G","bid":"9ae72393-cc40-415e-9dba-bcac8849c3a7"},"geometry":{"type":"Polygon","coordinates":[[[-97.7363853,30.2952689],[-97.7364446,30.2953079],[-97.7364474,30.2953047],[-97.7363882,30.2952657],[-97.7363853,30.2952689]]]}},{"type":"Feature","properties":{"kind":"front","fam":"plSign","wd":"#6b4a33","wg":"#805a3e","wn":"#e1ab82","base":4.3,"h":5.35,"nm":"Square Peg Coffee","cat":"cafe","src":"G","bid":"9ae72393-cc40-415e-9dba-bcac8849c3a7"},"geometry":{"type":"Polygon","coordinates":[[[-97.7363853,30.2952689],[-97.7364446,30.2953079],[-97.7364474,30.2953047],[-97.7363882,30.2952657],[-97.7363853,30.2952689]]]}},{"type":"Feature","properties":{"kind":"awning","fam":"plAwn","wd":"#5c4537","wg":"#765843","wn":"#121117","base":3.84,"h":4.2,"nm":"Square Peg Coffee","cat":"cafe","src":"G","bid":"9ae72393-cc40-415e-9dba-bcac8849c3a7"},"geometry":{"type":"Polygon","coordinates":[[[-97.736379,30.2952761],[-97.7364383,30.2953151],[-97.7364456,30.2953069],[-97.7363863,30.2952679],[-97.736379,30.2952761]]]}},{"type":"Feature","properties":{"kind":"front","fam":"plBulk","wd":"#39332e","wg":"#59493b","wn":"#0e0f16","base":0.0,"h":0.55,"nm":"Square Peg Coffee","cat":"cafe","src":"G","bid":"9ae72393-cc40-415e-9dba-bcac8849c3a7"},"geometry":{"type":"Polygon","coordinates":[[[-97.7365274,30.2953879],[-97.7366063,30.2953703],[-97.7366051,30.2953664],[-97.7365262,30.295384],[-97.7365274,30.2953879]]]}},{"type":"Feature","properties":{"kind":"front","fam":"plGlass","wd":"#6e7a84","wg":"#858584","wn":"#14171f","base":0.55,"h":4.3,"nm":"Square Peg Coffee","cat":"cafe","src":"G","bid":"9ae72393-cc40-415e-9dba-bcac8849c3a7"},"geometry":{"type":"Polygon","coordinates":[[[-97.7365274,30.2953879],[-97.7366063,30.2953703],[-97.7366051,30.2953664],[-97.7365262,30.295384],[-97.7365274,30.2953879]]]}},{"type":"Feature","properties":{"kind":"front","fam":"plSign","wd":"#6b4a33","wg":"#805a3e","wn":"#e1ab82","base":4.3,"h":5.35,"nm":"Square Peg Coffee","cat":"cafe","src":"G","bid":"9ae72393-cc40-415e-9dba-bcac8849c3a7"},"geometry":{"type":"Polygon","coordinates":[[[-97.7365274,30.2953879],[-97.7366063,30.2953703],[-97.7366051,30.2953664],[-97.7365262,30.295384],[-97.7365274,30.2953879]]]}},{"type":"Feature","properties":{"kind":"awning","fam":"plAwn","wd":"#5c4537","wg":"#765843","wn":"#121117","base":3.84,"h":4.2,"nm":"Square Peg Coffee","cat":"cafe","src":"G","bid":"9ae72393-cc40-415e-9dba-bcac8849c3a7"},"geometry":{"type":"Polygon","coordinates":[[[-97.73653,30.2953966],[-97.7366089,30.295379],[-97.7366059,30.295369],[-97.736527,30.2953866],[-97.73653,30.2953966]]]}},{"type":"Feature","properties":{"kind":"label","nm":"Square Peg Coffee","cat":"cafe","src":"G","sign":"#6b4a33","dark":1},"geometry":{"type":"Point","coordinates":[-97.7365368,30.2954043]}},{"type":"Feature","properties":{"kind":"front","fam":"plBulk","wd":"#39332e","wg":"#59493b","wn":"#0e0f16","base":0.0,"h":0.55,"nm":"Vaquero Taquero","cat":"restaurant","src":"G","bid":"9ae72393-cc40-415e-9dba-bcac8849c3a7"},"geometry":{"type":"Polygon","coordinates":[[[-97.7365897,30.2952364],[-97.7365921,30.2952173],[-97.7365874,30.2952169],[-97.7365851,30.2952359],[-97.7365897,30.2952364]]]}},{"type":"Feature","properties":{"kind":"front","fam":"plGlass","wd":"#6e7a84","wg":"#858584","wn":"#14171f","base":0.55,"h":4.3,"nm":"Vaquero Taquero","cat":"restaurant","src":"G","bid":"9ae72393-cc40-415e-9dba-bcac8849c3a7"},"geometry":{"type":"Polygon","coordinates":[[[-97.7365897,30.2952364],[-97.7365921,30.2952173],[-97.7365874,30.2952169],[-97.7365851,30.2952359],[-97.7365897,30.2952364]]]}},{"type":"Feature","properties":{"kind":"front","fam":"plSign","wd":"#3a3f4a","wg":"#565152","wn":"#8e939e","base":4.3,"h":5.35,"nm":"Vaquero Taquero","cat":"restaurant","src":"G","bid":"9ae72393-cc40-415e-9dba-bcac8849c3a7"},"geometry":{"type":"Polygon","coordinates":[[[-97.7365897,30.2952364],[-97.7365921,30.2952173],[-97.7365874,30.2952169],[-97.7365851,30.2952359],[-97.7365897,30.2952364]]]}},{"type":"Feature","properties":{"kind":"awning","fam":"plAwn","wd":"#363d49","wg":"#565252","wn":"#0e1019","base":3.84,"h":4.2,"nm":"Vaquero Taquero","cat":"restaurant","src":"G","bid":"9ae72393-cc40-415e-9dba-bcac8849c3a7"},"geometry":{"type":"Polygon","coordinates":[[[-97.7366001,30.2952373],[-97.7366024,30.2952183],[-97.7365906,30.2952171],[-97.7365882,30.2952362],[-97.7366001,30.2952373]]]}},{"type":"Feature","properties":{"kind":"front","fam":"plBulk","wd":"#39332e","wg":"#59493b","wn":"#0e0f16","base":0.0,"h":0.55,"nm":"Vaquero Taquero","cat":"restaurant","src":"G","bid":"9ae72393-cc40-415e-9dba-bcac8849c3a7"},"geometry":{"type":"Polygon","coordinates":[[[-97.7365911,30.295215],[-97.7365616,30.2951916],[-97.7365584,30.2951946],[-97.7365879,30.295218],[-97.7365911,30.295215]]]}},{"type":"Feature","properties":{"kind":"front","fam":"plGlass","wd":"#6e7a84","wg":"#858584","wn":"#14171f","base":0.55,"h":4.3,"nm":"Vaquero Taquero","cat":"restaurant","src":"G","bid":"9ae72393-cc40-415e-9dba-bcac8849c3a7"},"geometry":{"type":"Polygon","coordinates":[[[-97.7365911,30.295215],[-97.7365616,30.2951916],[-97.7365584,30.2951946],[-97.7365879,30.295218],[-97.7365911,30.295215]]]}},{"type":"Feature","properties":{"kind":"front","fam":"plSign","wd":"#3a3f4a","wg":"#565152","wn":"#8e939e","base":4.3,"h":5.35,"nm":"Vaquero Taquero","cat":"restaurant","src":"G","bid":"9ae72393-cc40-415e-9dba-bcac8849c3a7"},"geometry":{"type":"Polygon","coordinates":[[[-97.7365911,30.295215],[-97.7365616,30.2951916],[-97.7365584,30.2951946],[-97.7365879,30.295218],[-97.7365911,30.295215]]]}},{"type":"Feature","properties":{"kind":"awning","fam":"plAwn","wd":"#363d49","wg":"#565252","wn":"#0e1019","base":3.84,"h":4.2,"nm":"Vaquero Taquero","cat":"restaurant","src":"G","bid":"9ae72393-cc40-415e-9dba-bcac8849c3a7"},"geometry":{"type":"Polygon","coordinates":[[[-97.7365981,30.2952084],[-97.7365686,30.295185],[-97.7365605,30.2951926],[-97.7365901,30.295216],[-97.7365981,30.2952084]]]}},{"type":"Feature","properties":{"kind":"front","fam":"plBulk","wd":"#39332e","wg":"#59493b","wn":"#0e0f16","base":0.0,"h":0.55,"nm":"Vaquero Taquero","cat":"restaurant","src":"G","bid":"9ae72393-cc40-415e-9dba-bcac8849c3a7"},"geometry":{"type":"Polygon","coordinates":[[[-97.7363942,30.2950638],[-97.7363509,30.2951355],[-97.736355,30.2951374],[-97.7363984,30.2950656],[-97.7363942,30.2950638]]]}},{"type":"Feature","properties":{"kind":"front","fam":"plGlass","wd":"#6e7a84","wg":"#858584","wn":"#14171f","base":0.55,"h":4.3,"nm":"Vaquero Taquero","cat":"restaurant","src":"G","bid":"9ae72393-cc40-415e-9dba-bcac8849c3a7"},"geometry":{"type":"Polygon","coordinates":[[[-97.7363942,30.2950638],[-97.7363509,30.2951355],[-97.736355,30.2951374],[-97.7363984,30.2950656],[-97.7363942,30.2950638]]]}},{"type":"Feature","properties":{"kind":"front","fam":"plSign","wd":"#3a3f4a","wg":"#565152","wn":"#8e939e","base":4.3,"h":5.35,"nm":"Vaquero Taquero","cat":"restaurant","src":"G","bid":"9ae72393-cc40-415e-9dba-bcac8849c3a7"},"geometry":{"type":"Polygon","coordinates":[[[-97.7363942,30.2950638],[-97.7363509,30.2951355],[-97.736355,30.2951374],[-97.7363984,30.2950656],[-97.7363942,30.2950638]]]}},{"type":"Feature","properties":{"kind":"awning","fam":"plAwn","wd":"#363d49","wg":"#565252","wn":"#0e1019","base":3.84,"h":4.2,"nm":"Vaquero Taquero","cat":"restaurant","src":"G","bid":"9ae72393-cc40-415e-9dba-bcac8849c3a7"},"geometry":{"type":"Polygon","coordinates":[[[-97.736385,30.2950596],[-97.7363417,30.2951314],[-97.7363523,30.2951362],[-97.7363956,30.2950644],[-97.736385,30.2950596]]]}},{"type":"Feature","properties":{"kind":"label","nm":"Vaquero Taquero","cat":"restaurant","src":"G","sign":"#3a3f4a","dark":1},"geometry":{"type":"Point","coordinates":[-97.7363685,30.2950675]}},{"type":"Feature","properties":{"kind":"front","fam":"plBulk","wd":"#39332e","wg":"#59493b","wn":"#0e0f16","base":0.0,"h":0.55,"nm":"Jester City Limits","cat":"fast_food","src":"G","bid":"9e2404d3-4b0a-4a49-af45-cf00706890ac"},"geometry":{"type":"Polygon","coordinates":[[[-97.7369739,30.2832654],[-97.7369764,30.2832105],[-97.7369717,30.2832103],[-97.7369692,30.2832653],[-97.7369739,30.2832654]]]}},{"type":"Feature","properties":{"kind":"front","fam":"plGlass","wd":"#6e7a84","wg":"#858584","wn":"#14171f","base":0.55,"h":4.3,"nm":"Jester City Limits","cat":"fast_food","src":"G","bid":"9e2404d3-4b0a-4a49-af45-cf00706890ac"},"geometry":{"type":"Polygon","coordinates":[[[-97.7369739,30.2832654],[-97.7369764,30.2832105],[-97.7369717,30.2832103],[-97.7369692,30.2832653],[-97.7369739,30.2832654]]]}},{"type":"Feature","properties":{"kind":"front","fam":"plSign","wd":"#8c2f24","wg":"#9c4331","wn":"#f1715e","base":4.3,"h":5.35,"nm":"Jester City Limits","cat":"fast_food","src":"G","bid":"9e2404d3-4b0a-4a49-af45-cf00706890ac"},"geometry":{"type":"Polygon","coordinates":[[[-97.7369739,30.2832654],[-97.7369764,30.2832105],[-97.7369717,30.2832103],[-97.7369692,30.2832653],[-97.7369739,30.2832654]]]}},{"type":"Feature","properties":{"kind":"awning","fam":"plAwn","wd":"#75302c","wg":"#8b473a","wn":"#140f16","base":3.84,"h":4.2,"nm":"Jester City Limits","cat":"fast_food","src":"G","bid":"9e2404d3-4b0a-4a49-af45-cf00706890ac"},"geometry":{"type":"Polygon","coordinates":[[[-97.7369843,30.2832658],[-97.7369868,30.2832109],[-97.7369749,30.2832105],[-97.7369723,30.2832654],[-97.7369843,30.2832658]]]}},{"type":"Feature","properties":{"kind":"front","fam":"plBulk","wd":"#39332e","wg":"#59493b","wn":"#0e0f16","base":0.0,"h":0.55,"nm":"Jester City Limits","cat":"fast_food","src":"G","bid":"9e2404d3-4b0a-4a49-af45-cf00706890ac"},"geometry":{"type":"Polygon","coordinates":[[[-97.7370314,30.2832117],[-97.7370283,30.2832419],[-97.737033,30.2832422],[-97.737036,30.283212],[-97.7370314,30.2832117]]]}},{"type":"Feature","properties":{"kind":"front","fam":"plGlass","wd":"#6e7a84","wg":"#858584","wn":"#14171f","base":0.55,"h":4.3,"nm":"Jester City Limits","cat":"fast_food","src":"G","bid":"9e2404d3-4b0a-4a49-af45-cf00706890ac"},"geometry":{"type":"Polygon","coordinates":[[[-97.7370314,30.2832117],[-97.7370283,30.2832419],[-97.737033,30.2832422],[-97.737036,30.283212],[-97.7370314,30.2832117]]]}},{"type":"Feature","properties":{"kind":"front","fam":"plSign","wd":"#8c2f24","wg":"#9c4331","wn":"#f1715e","base":4.3,"h":5.35,"nm":"Jester City Limits","cat":"fast_food","src":"G","bid":"9e2404d3-4b0a-4a49-af45-cf00706890ac"},"geometry":{"type":"Polygon","coordinates":[[[-97.7370314,30.2832117],[-97.7370283,30.2832419],[-97.737033,30.2832422],[-97.737036,30.283212],[-97.7370314,30.2832117]]]}},{"type":"Feature","properties":{"kind":"awning","fam":"plAwn","wd":"#75302c","wg":"#8b473a","wn":"#140f16","base":3.84,"h":4.2,"nm":"Jester City Limits","cat":"fast_food","src":"G","bid":"9e2404d3-4b0a-4a49-af45-cf00706890ac"},"geometry":{"type":"Polygon","coordinates":[[[-97.737021,30.2832109],[-97.737018,30.2832411],[-97.7370299,30.283242],[-97.7370329,30.2832118],[-97.737021,30.2832109]]]}},{"type":"Feature","properties":{"kind":"label","nm":"Jester City Limits","cat":"fast_food","src":"G","sign":"#8c2f24","dark":1},"geometry":{"type":"Point","coordinates":[-97.7369966,30.2832235]}},{"type":"Feature","properties":{"kind":"front","fam":"plBulk","wd":"#39332e","wg":"#59493b","wn":"#0e0f16","base":0.0,"h":0.55,"nm":"Jester City Market","cat":"convenience","src":"G","bid":"9e2404d3-4b0a-4a49-af45-cf00706890ac"},"geometry":{"type":"Polygon","coordinates":[[[-97.7370272,30.2832526],[-97.7370261,30.283264],[-97.7370308,30.2832643],[-97.7370319,30.283253],[-97.7370272,30.2832526]]]}},{"type":"Feature","properties":{"kind":"front","fam":"plGlass","wd":"#6e7a84","wg":"#858584","wn":"#14171f","base":0.55,"h":4.3,"nm":"Jester City Market","cat":"convenience","src":"G","bid":"9e2404d3-4b0a-4a49-af45-cf00706890ac"},"geometry":{"type":"Polygon","coordinates":[[[-97.7370272,30.2832526],[-97.7370261,30.283264],[-97.7370308,30.2832643],[-97.7370319,30.283253],[-97.7370272,30.2832526]]]}},{"type":"Feature","properties":{"kind":"front","fam":"plSign","wd":"#8c2f24","wg":"#9c4331","wn":"#f1715e","base":4.3,"h":5.35,"nm":"Jester City Market","cat":"convenience","src":"G","bid":"9e2404d3-4b0a-4a49-af45-cf00706890ac"},"geometry":{"type":"Polygon","coordinates":[[[-97.7370272,30.2832526],[-97.7370261,30.283264],[-97.7370308,30.2832643],[-97.7370319,30.283253],[-97.7370272,30.2832526]]]}},{"type":"Feature","properties":{"kind":"awning","fam":"plAwn","wd":"#75302c","wg":"#8b473a","wn":"#140f16","base":3.84,"h":4.2,"nm":"Jester City Market","cat":"convenience","src":"G","bid":"9e2404d3-4b0a-4a49-af45-cf00706890ac"},"geometry":{"type":"Polygon","coordinates":[[[-97.7370169,30.2832518],[-97.7370157,30.2832632],[-97.7370276,30.2832641],[-97.7370288,30.2832527],[-97.7370169,30.2832518]]]}},{"type":"Feature","properties":{"kind":"front","fam":"plBulk","wd":"#39332e","wg":"#59493b","wn":"#0e0f16","base":0.0,"h":0.55,"nm":"Jester City Market","cat":"convenience","src":"G","bid":"9e2404d3-4b0a-4a49-af45-cf00706890ac"},"geometry":{"type":"Polygon","coordinates":[[[-97.7370289,30.2832669],[-97.7371142,30.2832732],[-97.7371146,30.2832692],[-97.7370293,30.2832629],[-97.7370289,30.2832669]]]}},{"type":"Feature","properties":{"kind":"front","fam":"plGlass","wd":"#6e7a84","wg":"#858584","wn":"#14171f","base":0.55,"h":4.3,"nm":"Jester City Market","cat":"convenience","src":"G","bid":"9e2404d3-4b0a-4a49-af45-cf00706890ac"},"geometry":{"type":"Polygon","coordinates":[[[-97.7370289,30.2832669],[-97.7371142,30.2832732],[-97.7371146,30.2832692],[-97.7370293,30.2832629],[-97.7370289,30.2832669]]]}},{"type":"Feature","properties":{"kind":"front","fam":"plSign","wd":"#8c2f24","wg":"#9c4331","wn":"#f1715e","base":4.3,"h":5.35,"nm":"Jester City Market","cat":"convenience","src":"G","bid":"9e2404d3-4b0a-4a49-af45-cf00706890ac"},"geometry":{"type":"Polygon","coordinates":[[[-97.7370289,30.2832669],[-97.7371142,30.2832732],[-97.7371146,30.2832692],[-97.7370293,30.2832629],[-97.7370289,30.2832669]]]}},{"type":"Feature","properties":{"kind":"awning","fam":"plAwn","wd":"#75302c","wg":"#8b473a","wn":"#140f16","base":3.84,"h":4.2,"nm":"Jester City Market","cat":"convenience","src":"G","bid":"9e2404d3-4b0a-4a49-af45-cf00706890ac"},"geometry":{"type":"Polygon","coordinates":[[[-97.737028,30.2832758],[-97.7371133,30.2832822],[-97.7371143,30.2832719],[-97.7370291,30.2832655],[-97.737028,30.2832758]]]}},{"type":"Feature","properties":{"kind":"label","nm":"Jester City Market","cat":"convenience","src":"G","sign":"#8c2f24","dark":1},"geometry":{"type":"Point","coordinates":[-97.7370632,30.2832875]}},{"type":"Feature","properties":{"kind":"front","fam":"plBulk","wd":"#39332e","wg":"#59493b","wn":"#0e0f16","base":0.0,"h":0.55,"nm":"La Fonda","cat":"fast_food","src":"G","bid":"9e2404d3-4b0a-4a49-af45-cf00706890ac"},"geometry":{"type":"Polygon","coordinates":[[[-97.7371313,30.2832282],[-97.7372026,30.2832336],[-97.737203,30.2832296],[-97.7371317,30.2832242],[-97.7371313,30.2832282]]]}},{"type":"Feature","properties":{"kind":"front","fam":"plGlass","wd":"#6e7a84","wg":"#858584","wn":"#14171f","base":0.55,"h":4.3,"nm":"La Fonda","cat":"fast_food","src":"G","bid":"9e2404d3-4b0a-4a49-af45-cf00706890ac"},"geometry":{"type":"Polygon","coordinates":[[[-97.7371313,30.2832282],[-97.7372026,30.2832336],[-97.737203,30.2832296],[-97.7371317,30.2832242],[-97.7371313,30.2832282]]]}},{"type":"Feature","properties":{"kind":"front","fam":"plSign","wd":"#b0761c","wg":"#bb802a","wn":"#f1b04b","base":4.3,"h":5.35,"nm":"La Fonda","cat":"fast_food","src":"G","bid":"9e2404d3-4b0a-4a49-af45-cf00706890ac"},"geometry":{"type":"Polygon","coordinates":[[[-97.7371313,30.2832282],[-97.7372026,30.2832336],[-97.737203,30.2832296],[-97.7371317,30.2832242],[-97.7371313,30.2832282]]]}},{"type":"Feature","properties":{"kind":"awning","fam":"plAwn","wd":"#916726","wg":"#a37535","wn":"#181515","base":3.84,"h":4.2,"nm":"La Fonda","cat":"fast_food","src":"G","bid":"9e2404d3-4b0a-4a49-af45-cf00706890ac"},"geometry":{"type":"Polygon","coordinates":[[[-97.7371304,30.2832371],[-97.7372017,30.2832425],[-97.7372028,30.2832322],[-97.7371314,30.2832268],[-97.7371304,30.2832371]]]}},{"type":"Feature","properties":{"kind":"front","fam":"plBulk","wd":"#39332e","wg":"#59493b","wn":"#0e0f16","base":0.0,"h":0.55,"nm":"La Fonda","cat":"fast_food","src":"G","bid":"9e2404d3-4b0a-4a49-af45-cf00706890ac"},"geometry":{"type":"Polygon","coordinates":[[[-97.7372077,30.2832142],[-97.7372101,30.2831908],[-97.7372054,30.2831905],[-97.7372031,30.2832138],[-97.7372077,30.2832142]]]}},{"type":"Feature","properties":{"kind":"front","fam":"plGlass","wd":"#6e7a84","wg":"#858584","wn":"#14171f","base":0.55,"h":4.3,"nm":"La Fonda","cat":"fast_food","src":"G","bid":"9e2404d3-4b0a-4a49-af45-cf00706890ac"},"geometry":{"type":"Polygon","coordinates":[[[-97.7372077,30.2832142],[-97.7372101,30.2831908],[-97.7372054,30.2831905],[-97.7372031,30.2832138],[-97.7372077,30.2832142]]]}},{"type":"Feature","properties":{"kind":"front","fam":"plSign","wd":"#b0761c","wg":"#bb802a","wn":"#f1b04b","base":4.3,"h":5.35,"nm":"La Fonda","cat":"fast_food","src":"G","bid":"9e2404d3-4b0a-4a49-af45-cf00706890ac"},"geometry":{"type":"Polygon","coordinates":[[[-97.7372077,30.2832142],[-97.7372101,30.2831908],[-97.7372054,30.2831905],[-97.7372031,30.2832138],[-97.7372077,30.2832142]]]}},{"type":"Feature","properties":{"kind":"awning","fam":"plAwn","wd":"#916726","wg":"#a37535","wn":"#181515","base":3.84,"h":4.2,"nm":"La Fonda","cat":"fast_food","src":"G","bid":"9e2404d3-4b0a-4a49-af45-cf00706890ac"},"geometry":{"type":"Polygon","coordinates":[[[-97.7372181,30.283215],[-97.7372204,30.2831916],[-97.7372085,30.2831907],[-97.7372062,30.2832141],[-97.7372181,30.283215]]]}},{"type":"Feature","properties":{"kind":"label","nm":"La Fonda","cat":"fast_food","src":"G","sign":"#b0761c","dark":1},"geometry":{"type":"Point","coordinates":[-97.7371787,30.2832498]}},{"type":"Feature","properties":{"kind":"front","fam":"plBulk","wd":"#39332e","wg":"#59493b","wn":"#0e0f16","base":0.0,"h":0.55,"nm":"Wendy's","cat":"fast_food","src":"S","bid":"9e2404d3-4b0a-4a49-af45-cf00706890ac"},"geometry":{"type":"Polygon","coordinates":[[[-97.7372112,30.2831801],[-97.7372197,30.2830951],[-97.7372151,30.2830948],[-97.7372065,30.2831797],[-97.7372112,30.2831801]]]}},{"type":"Feature","properties":{"kind":"front","fam":"plGlass","wd":"#6e7a84","wg":"#858584","wn":"#14171f","base":0.55,"h":4.3,"nm":"Wendy's","cat":"fast_food","src":"S","bid":"9e2404d3-4b0a-4a49-af45-cf00706890ac"},"geometry":{"type":"Polygon","coordinates":[[[-97.7372112,30.2831801],[-97.7372197,30.2830951],[-97.7372151,30.2830948],[-97.7372065,30.2831797],[-97.7372112,30.2831801]]]}},{"type":"Feature","properties":{"kind":"front","fam":"plSign","wd":"#bb252d","wg":"#c53a39","wn":"#f1565b","base":4.3,"h":5.35,"nm":"Wendy's","cat":"fast_food","src":"S","bid":"9e2404d3-4b0a-4a49-af45-cf00706890ac"},"geometry":{"type":"Polygon","coordinates":[[[-97.7372112,30.2831801],[-97.7372197,30.2830951],[-97.7372151,30.2830948],[-97.7372065,30.2831797],[-97.7372112,30.2831801]]]}},{"type":"Feature","properties":{"kind":"awning","fam":"plAwn","wd":"#9a2933","wg":"#aa4140","wn":"#190e16","base":3.84,"h":4.2,"nm":"Wendy's","cat":"fast_food","src":"S","bid":"9e2404d3-4b0a-4a49-af45-cf00706890ac"},"geometry":{"type":"Polygon","coordinates":[[[-97.7372215,30.2831809],[-97.7372301,30.2830959],[-97.7372182,30.283095],[-97.7372096,30.28318],[-97.7372215,30.2831809]]]}},{"type":"Feature","properties":{"kind":"label","nm":"Wendy's","cat":"fast_food","src":"S","sign":"#bb252d","dark":1},"geometry":{"type":"Point","coordinates":[-97.7372362,30.2831392]}},{"type":"Feature","properties":{"kind":"front","fam":"plBulk","wd":"#39332e","wg":"#59493b","wn":"#0e0f16","base":0.0,"h":0.55,"nm":"J2 Dining","cat":"fast_food","src":"G","bid":"9e2404d3-4b0a-4a49-af45-cf00706890ac"},"geometry":{"type":"Polygon","coordinates":[[[-97.7372208,30.2830844],[-97.7372231,30.2830616],[-97.7372184,30.2830613],[-97.7372162,30.283084],[-97.7372208,30.2830844]]]}},{"type":"Feature","properties":{"kind":"front","fam":"plGlass","wd":"#6e7a84","wg":"#858584","wn":"#14171f","base":0.55,"h":4.3,"nm":"J2 Dining","cat":"fast_food","src":"G","bid":"9e2404d3-4b0a-4a49-af45-cf00706890ac"},"geometry":{"type":"Polygon","coordinates":[[[-97.7372208,30.2830844],[-97.7372231,30.2830616],[-97.7372184,30.2830613],[-97.7372162,30.283084],[-97.7372208,30.2830844]]]}},{"type":"Feature","properties":{"kind":"front","fam":"plSign","wd":"#c25a1e","wg":"#cb682c","wn":"#f1894b","base":4.3,"h":5.35,"nm":"J2 Dining","cat":"fast_food","src":"G","bid":"9e2404d3-4b0a-4a49-af45-cf00706890ac"},"geometry":{"type":"Polygon","coordinates":[[[-97.7372208,30.2830844],[-97.7372231,30.2830616],[-97.7372184,30.2830613],[-97.7372162,30.283084],[-97.7372208,30.2830844]]]}},{"type":"Feature","properties":{"kind":"awning","fam":"plAwn","wd":"#9f5227","wg":"#ae6336","wn":"#191215","base":3.84,"h":4.2,"nm":"J2 Dining","cat":"fast_food","src":"G","bid":"9e2404d3-4b0a-4a49-af45-cf00706890ac"},"geometry":{"type":"Polygon","coordinates":[[[-97.7372312,30.2830852],[-97.7372335,30.2830624],[-97.7372216,30.2830615],[-97.7372193,30.2830843],[-97.7372312,30.2830852]]]}},{"type":"Feature","properties":{"kind":"front","fam":"plBulk","wd":"#39332e","wg":"#59493b","wn":"#0e0f16","base":0.0,"h":0.55,"nm":"J2 Dining","cat":"fast_food","src":"G","bid":"9e2404d3-4b0a-4a49-af45-cf00706890ac"},"geometry":{"type":"Polygon","coordinates":[[[-97.7367738,30.2832893],[-97.7368459,30.2832937],[-97.7368462,30.2832897],[-97.7367741,30.2832853],[-97.7367738,30.2832893]]]}},{"type":"Feature","properties":{"kind":"front","fam":"plGlass","wd":"#6e7a84","wg":"#858584","wn":"#14171f","base":0.55,"h":4.3,"nm":"J2 Dining","cat":"fast_food","src":"G","bid":"9e2404d3-4b0a-4a49-af45-cf00706890ac"},"geometry":{"type":"Polygon","coordinates":[[[-97.7367738,30.2832893],[-97.7368459,30.2832937],[-97.7368462,30.2832897],[-97.7367741,30.2832853],[-97.7367738,30.2832893]]]}},{"type":"Feature","properties":{"kind":"front","fam":"plSign","wd":"#c25a1e","wg":"#cb682c","wn":"#f1894b","base":4.3,"h":5.35,"nm":"J2 Dining","cat":"fast_food","src":"G","bid":"9e2404d3-4b0a-4a49-af45-cf00706890ac"},"geometry":{"type":"Polygon","coordinates":[[[-97.7367738,30.2832893],[-97.7368459,30.2832937],[-97.7368462,30.2832897],[-97.7367741,30.2832853],[-97.7367738,30.2832893]]]}},{"type":"Feature","properties":{"kind":"awning","fam":"plAwn","wd":"#9f5227","wg":"#ae6336","wn":"#191215","base":3.84,"h":4.2,"nm":"J2 Dining","cat":"fast_food","src":"G","bid":"9e2404d3-4b0a-4a49-af45-cf00706890ac"},"geometry":{"type":"Polygon","coordinates":[[[-97.736773,30.2832982],[-97.7368452,30.2833027],[-97.736846,30.2832924],[-97.7367739,30.2832879],[-97.736773,30.2832982]]]}},{"type":"Feature","properties":{"kind":"label","nm":"J2 Dining","cat":"fast_food","src":"G","sign":"#c25a1e","dark":1},"geometry":{"type":"Point","coordinates":[-97.7367952,30.2833086]}},{"type":"Feature","properties":{"kind":"front","fam":"plBulk","wd":"#39332e","wg":"#59493b","wn":"#0e0f16","base":0.0,"h":0.55,"nm":"Jester Java","cat":"cafe","src":"G","bid":"9e2404d3-4b0a-4a49-af45-cf00706890ac"},"geometry":{"type":"Polygon","coordinates":[[[-97.7368584,30.2832945],[-97.7368946,30.2832967],[-97.7368949,30.2832927],[-97.7368587,30.2832904],[-97.7368584,30.2832945]]]}},{"type":"Feature","properties":{"kind":"front","fam":"plGlass","wd":"#6e7a84","wg":"#858584","wn":"#14171f","base":0.55,"h":4.3,"nm":"Jester Java","cat":"cafe","src":"G","bid":"9e2404d3-4b0a-4a49-af45-cf00706890ac"},"geometry":{"type":"Polygon","coordinates":[[[-97.7368584,30.2832945],[-97.7368946,30.2832967],[-97.7368949,30.2832927],[-97.7368587,30.2832904],[-97.7368584,30.2832945]]]}},{"type":"Feature","properties":{"kind":"front","fam":"plSign","wd":"#6b4a33","wg":"#805a3e","wn":"#e1ab82","base":4.3,"h":5.35,"nm":"Jester Java","cat":"cafe","src":"G","bid":"9e2404d3-4b0a-4a49-af45-cf00706890ac"},"geometry":{"type":"Polygon","coordinates":[[[-97.7368584,30.2832945],[-97.7368946,30.2832967],[-97.7368949,30.2832927],[-97.7368587,30.2832904],[-97.7368584,30.2832945]]]}},{"type":"Feature","properties":{"kind":"awning","fam":"plAwn","wd":"#5c4537","wg":"#765843","wn":"#121117","base":3.84,"h":4.2,"nm":"Jester Java","cat":"cafe","src":"G","bid":"9e2404d3-4b0a-4a49-af45-cf00706890ac"},"geometry":{"type":"Polygon","coordinates":[[[-97.7368576,30.2833034],[-97.7368938,30.2833056],[-97.7368947,30.2832953],[-97.7368585,30.2832931],[-97.7368576,30.2833034]]]}},{"type":"Feature","properties":{"kind":"front","fam":"plBulk","wd":"#39332e","wg":"#59493b","wn":"#0e0f16","base":0.0,"h":0.55,"nm":"Jester Java","cat":"cafe","src":"G","bid":"9e2404d3-4b0a-4a49-af45-cf00706890ac"},"geometry":{"type":"Polygon","coordinates":[[[-97.7369093,30.2832978],[-97.7369661,30.2832754],[-97.7369642,30.2832717],[-97.7369074,30.2832941],[-97.7369093,30.2832978]]]}},{"type":"Feature","properties":{"kind":"front","fam":"plGlass","wd":"#6e7a84","wg":"#858584","wn":"#14171f","base":0.55,"h":4.3,"nm":"Jester Java","cat":"cafe","src":"G","bid":"9e2404d3-4b0a-4a49-af45-cf00706890ac"},"geometry":{"type":"Polygon","coordinates":[[[-97.7369093,30.2832978],[-97.7369661,30.2832754],[-97.7369642,30.2832717],[-97.7369074,30.2832941],[-97.7369093,30.2832978]]]}},{"type":"Feature","properties":{"kind":"front","fam":"plSign","wd":"#6b4a33","wg":"#805a3e","wn":"#e1ab82","base":4.3,"h":5.35,"nm":"Jester Java","cat":"cafe","src":"G","bid":"9e2404d3-4b0a-4a49-af45-cf00706890ac"},"geometry":{"type":"Polygon","coordinates":[[[-97.7369093,30.2832978],[-97.7369661,30.2832754],[-97.7369642,30.2832717],[-97.7369074,30.2832941],[-97.7369093,30.2832978]]]}},{"type":"Feature","properties":{"kind":"awning","fam":"plAwn","wd":"#5c4537","wg":"#765843","wn":"#121117","base":3.84,"h":4.2,"nm":"Jester Java","cat":"cafe","src":"G","bid":"9e2404d3-4b0a-4a49-af45-cf00706890ac"},"geometry":{"type":"Polygon","coordinates":[[[-97.7369136,30.2833059],[-97.7369704,30.2832836],[-97.7369655,30.2832742],[-97.7369086,30.2832965],[-97.7369136,30.2833059]]]}},{"type":"Feature","properties":{"kind":"label","nm":"Jester Java","cat":"cafe","src":"G","sign":"#6b4a33","dark":1},"geometry":{"type":"Point","coordinates":[-97.7369298,30.2833094]}},{"type":"Feature","properties":{"kind":"front","fam":"plBulk","wd":"#39332e","wg":"#59493b","wn":"#0e0f16","base":0.0,"h":0.55,"nm":"Domino's","cat":"fast_food","src":"S","bid":"9f1e1dcd-9fc3-4771-b83e-e290483f80b7"},"geometry":{"type":"Polygon","coordinates":[[[-97.7425051,30.2821178],[-97.7424733,30.2821154],[-97.7424729,30.2821194],[-97.7425047,30.2821218],[-97.7425051,30.2821178]]]}},{"type":"Feature","properties":{"kind":"front","fam":"plGlass","wd":"#6e7a84","wg":"#858584","wn":"#14171f","base":0.55,"h":4.3,"nm":"Domino's","cat":"fast_food","src":"S","bid":"9f1e1dcd-9fc3-4771-b83e-e290483f80b7"},"geometry":{"type":"Polygon","coordinates":[[[-97.7425051,30.2821178],[-97.7424733,30.2821154],[-97.7424729,30.2821194],[-97.7425047,30.2821218],[-97.7425051,30.2821178]]]}},{"type":"Feature","properties":{"kind":"front","fam":"plSign","wd":"#0b648f","wg":"#2d718d","wn":"#42b6ec","base":4.3,"h":5.35,"nm":"Domino's","cat":"fast_food","src":"S","bid":"9f1e1dcd-9fc3-4771-b83e-e290483f80b7"},"geometry":{"type":"Polygon","coordinates":[[[-97.7425051,30.2821178],[-97.7424733,30.2821154],[-97.7424729,30.2821194],[-97.7425047,30.2821218],[-97.7425051,30.2821178]]]}},{"type":"Feature","properties":{"kind":"awning","fam":"plAwn","wd":"#12597f","wg":"#38697f","wn":"#0a131f","base":3.84,"h":4.2,"nm":"Domino's","cat":"fast_food","src":"S","bid":"9f1e1dcd-9fc3-4771-b83e-e290483f80b7"},"geometry":{"type":"Polygon","coordinates":[[[-97.742506,30.2821089],[-97.7424742,30.2821065],[-97.7424731,30.2821168],[-97.742505,30.2821192],[-97.742506,30.2821089]]]}},{"type":"Feature","properties":{"kind":"front","fam":"plBulk","wd":"#39332e","wg":"#59493b","wn":"#0e0f16","base":0.0,"h":0.55,"nm":"Domino's","cat":"fast_food","src":"S","bid":"9f1e1dcd-9fc3-4771-b83e-e290483f80b7"},"geometry":{"type":"Polygon","coordinates":[[[-97.7424761,30.2821183],[-97.7424821,30.2820589],[-97.7424774,30.2820586],[-97.7424714,30.282118],[-97.7424761,30.2821183]]]}},{"type":"Feature","properties":{"kind":"front","fam":"plGlass","wd":"#6e7a84","wg":"#858584","wn":"#14171f","base":0.55,"h":4.3,"nm":"Domino's","cat":"fast_food","src":"S","bid":"9f1e1dcd-9fc3-4771-b83e-e290483f80b7"},"geometry":{"type":"Polygon","coordinates":[[[-97.7424761,30.2821183],[-97.7424821,30.2820589],[-97.7424774,30.2820586],[-97.7424714,30.282118],[-97.7424761,30.2821183]]]}},{"type":"Feature","properties":{"kind":"front","fam":"plSign","wd":"#0b648f","wg":"#2d718d","wn":"#42b6ec","base":4.3,"h":5.35,"nm":"Domino's","cat":"fast_food","src":"S","bid":"9f1e1dcd-9fc3-4771-b83e-e290483f80b7"},"geometry":{"type":"Polygon","coordinates":[[[-97.7424761,30.2821183],[-97.7424821,30.2820589],[-97.7424774,30.2820586],[-97.7424714,30.282118],[-97.7424761,30.2821183]]]}},{"type":"Feature","properties":{"kind":"awning","fam":"plAwn","wd":"#12597f","wg":"#38697f","wn":"#0a131f","base":3.84,"h":4.2,"nm":"Domino's","cat":"fast_food","src":"S","bid":"9f1e1dcd-9fc3-4771-b83e-e290483f80b7"},"geometry":{"type":"Polygon","coordinates":[[[-97.7424865,30.2821191],[-97.7424925,30.2820597],[-97.7424806,30.2820588],[-97.7424746,30.2821182],[-97.7424865,30.2821191]]]}},{"type":"Feature","properties":{"kind":"front","fam":"plBulk","wd":"#39332e","wg":"#59493b","wn":"#0e0f16","base":0.0,"h":0.55,"nm":"Domino's","cat":"fast_food","src":"S","bid":"9f1e1dcd-9fc3-4771-b83e-e290483f80b7"},"geometry":{"type":"Polygon","coordinates":[[[-97.7424793,30.282056],[-97.7424244,30.2820519],[-97.742424,30.2820559],[-97.7424789,30.28206],[-97.7424793,30.282056]]]}},{"type":"Feature","properties":{"kind":"front","fam":"plGlass","wd":"#6e7a84","wg":"#858584","wn":"#14171f","base":0.55,"h":4.3,"nm":"Domino's","cat":"fast_food","src":"S","bid":"9f1e1dcd-9fc3-4771-b83e-e290483f80b7"},"geometry":{"type":"Polygon","coordinates":[[[-97.7424793,30.282056],[-97.7424244,30.2820519],[-97.742424,30.2820559],[-97.7424789,30.28206],[-97.7424793,30.282056]]]}},{"type":"Feature","properties":{"kind":"front","fam":"plSign","wd":"#0b648f","wg":"#2d718d","wn":"#42b6ec","base":4.3,"h":5.35,"nm":"Domino's","cat":"fast_food","src":"S","bid":"9f1e1dcd-9fc3-4771-b83e-e290483f80b7"},"geometry":{"type":"Polygon","coordinates":[[[-97.7424793,30.282056],[-97.7424244,30.2820519],[-97.742424,30.2820559],[-97.7424789,30.28206],[-97.7424793,30.282056]]]}},{"type":"Feature","properties":{"kind":"awning","fam":"plAwn","wd":"#12597f","wg":"#38697f","wn":"#0a131f","base":3.84,"h":4.2,"nm":"Domino's","cat":"fast_food","src":"S","bid":"9f1e1dcd-9fc3-4771-b83e-e290483f80b7"},"geometry":{"type":"Polygon","coordinates":[[[-97.7424802,30.2820471],[-97.7424253,30.2820429],[-97.7424243,30.2820532],[-97.7424791,30.2820574],[-97.7424802,30.2820471]]]}},{"type":"Feature","properties":{"kind":"label","nm":"Domino's","cat":"fast_food","src":"S","sign":"#0b648f","dark":1},"geometry":{"type":"Point","coordinates":[-97.7425008,30.2820803]}},{"type":"Feature","properties":{"kind":"front","fam":"plBulk","wd":"#39332e","wg":"#59493b","wn":"#0e0f16","base":0.0,"h":0.55,"nm":"7-Eleven","cat":"convenience","src":"S","bid":"a2d750de-b937-4626-af2d-8ec5c822681f"},"geometry":{"type":"Polygon","coordinates":[[[-97.7437463,30.2785035],[-97.743693,30.2784879],[-97.7436915,30.2784918],[-97.7437449,30.2785073],[-97.7437463,30.2785035]]]}},{"type":"Feature","properties":{"kind":"front","fam":"plGlass","wd":"#6e7a84","wg":"#858584","wn":"#14171f","base":0.55,"h":4.3,"nm":"7-Eleven","cat":"convenience","src":"S","bid":"a2d750de-b937-4626-af2d-8ec5c822681f"},"geometry":{"type":"Polygon","coordinates":[[[-97.7437463,30.2785035],[-97.743693,30.2784879],[-97.7436915,30.2784918],[-97.7437449,30.2785073],[-97.7437463,30.2785035]]]}},{"type":"Feature","properties":{"kind":"front","fam":"plSign","wd":"#f4811f","wg":"#f68a2d","wn":"#f19545","base":4.3,"h":5.35,"nm":"7-Eleven","cat":"convenience","src":"S","bid":"a2d750de-b937-4626-af2d-8ec5c822681f"},"geometry":{"type":"Polygon","coordinates":[[[-97.7437463,30.2785035],[-97.743693,30.2784879],[-97.7436915,30.2784918],[-97.7437449,30.2785073],[-97.7437463,30.2785035]]]}},{"type":"Feature","properties":{"kind":"awning","fam":"plAwn","wd":"#c67028","wg":"#cf7c36","wn":"#1d1615","base":3.84,"h":4.2,"nm":"7-Eleven","cat":"convenience","src":"S","bid":"a2d750de-b937-4626-af2d-8ec5c822681f"},"geometry":{"type":"Polygon","coordinates":[[[-97.7437497,30.278495],[-97.7436963,30.2784794],[-97.7436925,30.2784892],[-97.7437458,30.2785048],[-97.7437497,30.278495]]]}},{"type":"Feature","properties":{"kind":"front","fam":"plBulk","wd":"#39332e","wg":"#59493b","wn":"#0e0f16","base":0.0,"h":0.55,"nm":"7-Eleven","cat":"convenience","src":"S","bid":"a2d750de-b937-4626-af2d-8ec5c822681f"},"geometry":{"type":"Polygon","coordinates":[[[-97.743741,30.2786319],[-97.7437731,30.2785503],[-97.7437687,30.278549],[-97.7437365,30.2786306],[-97.743741,30.2786319]]]}},{"type":"Feature","properties":{"kind":"front","fam":"plGlass","wd":"#6e7a84","wg":"#858584","wn":"#14171f","base":0.55,"h":4.3,"nm":"7-Eleven","cat":"convenience","src":"S","bid":"a2d750de-b937-4626-af2d-8ec5c822681f"},"geometry":{"type":"Polygon","coordinates":[[[-97.743741,30.2786319],[-97.7437731,30.2785503],[-97.7437687,30.278549],[-97.7437365,30.2786306],[-97.743741,30.2786319]]]}},{"type":"Feature","properties":{"kind":"front","fam":"plSign","wd":"#f4811f","wg":"#f68a2d","wn":"#f19545","base":4.3,"h":5.35,"nm":"7-Eleven","cat":"convenience","src":"S","bid":"a2d750de-b937-4626-af2d-8ec5c822681f"},"geometry":{"type":"Polygon","coordinates":[[[-97.743741,30.2786319],[-97.7437731,30.2785503],[-97.7437687,30.278549],[-97.7437365,30.2786306],[-97.743741,30.2786319]]]}},{"type":"Feature","properties":{"kind":"awning","fam":"plAwn","wd":"#c67028","wg":"#cf7c36","wn":"#1d1615","base":3.84,"h":4.2,"nm":"7-Eleven","cat":"convenience","src":"S","bid":"a2d750de-b937-4626-af2d-8ec5c822681f"},"geometry":{"type":"Polygon","coordinates":[[[-97.7437508,30.2786348],[-97.743783,30.2785532],[-97.7437717,30.2785499],[-97.7437395,30.2786314],[-97.7437508,30.2786348]]]}},{"type":"Feature","properties":{"kind":"label","nm":"7-Eleven","cat":"convenience","src":"S","sign":"#f4811f","dark":0},"geometry":{"type":"Point","coordinates":[-97.7437677,30.2786199]}},{"type":"Feature","properties":{"kind":"front","fam":"plBulk","wd":"#39332e","wg":"#59493b","wn":"#0e0f16","base":0.0,"h":0.55,"nm":"iClips","cat":"hairdresser","src":"G","bid":"a6d55ae5-0aa1-49fa-8185-a0a686465292"},"geometry":{"type":"Polygon","coordinates":[[[-97.7416247,30.2895248],[-97.7415673,30.2895206],[-97.7415669,30.2895246],[-97.7416243,30.2895289],[-97.7416247,30.2895248]]]}},{"type":"Feature","properties":{"kind":"front","fam":"plGlass","wd":"#6e7a84","wg":"#858584","wn":"#14171f","base":0.55,"h":3.74,"nm":"iClips","cat":"hairdresser","src":"G","bid":"a6d55ae5-0aa1-49fa-8185-a0a686465292"},"geometry":{"type":"Polygon","coordinates":[[[-97.7416247,30.2895248],[-97.7415673,30.2895206],[-97.7415669,30.2895246],[-97.7416243,30.2895289],[-97.7416247,30.2895248]]]}},{"type":"Feature","properties":{"kind":"front","fam":"plSign","wd":"#3a2a3a","wg":"#563f44","wn":"#a98aa3","base":3.74,"h":4.58,"nm":"iClips","cat":"hairdresser","src":"G","bid":"a6d55ae5-0aa1-49fa-8185-a0a686465292"},"geometry":{"type":"Polygon","coordinates":[[[-97.7416247,30.2895248],[-97.7415673,30.2895206],[-97.7415669,30.2895246],[-97.7416243,30.2895289],[-97.7416247,30.2895248]]]}},{"type":"Feature","properties":{"kind":"awning","fam":"plAwn","wd":"#362d3d","wg":"#564448","wn":"#0e0e18","base":3.28,"h":3.64,"nm":"iClips","cat":"hairdresser","src":"G","bid":"a6d55ae5-0aa1-49fa-8185-a0a686465292"},"geometry":{"type":"Polygon","coordinates":[[[-97.7416255,30.2895159],[-97.7415681,30.2895117],[-97.7415671,30.289522],[-97.7416245,30.2895262],[-97.7416255,30.2895159]]]}},{"type":"Feature","properties":{"kind":"front","fam":"plBulk","wd":"#39332e","wg":"#59493b","wn":"#0e0f16","base":0.0,"h":0.55,"nm":"iClips","cat":"hairdresser","src":"G","bid":"a6d55ae5-0aa1-49fa-8185-a0a686465292"},"geometry":{"type":"Polygon","coordinates":[[[-97.7415639,30.289523],[-97.7415598,30.2895606],[-97.7415645,30.289561],[-97.7415686,30.2895234],[-97.7415639,30.289523]]]}},{"type":"Feature","properties":{"kind":"front","fam":"plGlass","wd":"#6e7a84","wg":"#858584","wn":"#14171f","base":0.55,"h":3.74,"nm":"iClips","cat":"hairdresser","src":"G","bid":"a6d55ae5-0aa1-49fa-8185-a0a686465292"},"geometry":{"type":"Polygon","coordinates":[[[-97.7415639,30.289523],[-97.7415598,30.2895606],[-97.7415645,30.289561],[-97.7415686,30.2895234],[-97.7415639,30.289523]]]}},{"type":"Feature","properties":{"kind":"front","fam":"plSign","wd":"#3a2a3a","wg":"#563f44","wn":"#a98aa3","base":3.74,"h":4.58,"nm":"iClips","cat":"hairdresser","src":"G","bid":"a6d55ae5-0aa1-49fa-8185-a0a686465292"},"geometry":{"type":"Polygon","coordinates":[[[-97.7415639,30.289523],[-97.7415598,30.2895606],[-97.7415645,30.289561],[-97.7415686,30.2895234],[-97.7415639,30.289523]]]}},{"type":"Feature","properties":{"kind":"awning","fam":"plAwn","wd":"#362d3d","wg":"#564448","wn":"#0e0e18","base":3.28,"h":3.64,"nm":"iClips","cat":"hairdresser","src":"G","bid":"a6d55ae5-0aa1-49fa-8185-a0a686465292"},"geometry":{"type":"Polygon","coordinates":[[[-97.7415535,30.2895222],[-97.7415494,30.2895598],[-97.7415613,30.2895608],[-97.7415654,30.2895232],[-97.7415535,30.2895222]]]}},{"type":"Feature","properties":{"kind":"front","fam":"plBulk","wd":"#39332e","wg":"#59493b","wn":"#0e0f16","base":0.0,"h":0.55,"nm":"iClips","cat":"hairdresser","src":"G","bid":"a6d55ae5-0aa1-49fa-8185-a0a686465292"},"geometry":{"type":"Polygon","coordinates":[[[-97.7415689,30.289564],[-97.7416234,30.2895681],[-97.7416238,30.2895641],[-97.7415693,30.28956],[-97.7415689,30.289564]]]}},{"type":"Feature","properties":{"kind":"front","fam":"plGlass","wd":"#6e7a84","wg":"#858584","wn":"#14171f","base":0.55,"h":3.74,"nm":"iClips","cat":"hairdresser","src":"G","bid":"a6d55ae5-0aa1-49fa-8185-a0a686465292"},"geometry":{"type":"Polygon","coordinates":[[[-97.7415689,30.289564],[-97.7416234,30.2895681],[-97.7416238,30.2895641],[-97.7415693,30.28956],[-97.7415689,30.289564]]]}},{"type":"Feature","properties":{"kind":"front","fam":"plSign","wd":"#3a2a3a","wg":"#563f44","wn":"#a98aa3","base":3.74,"h":4.58,"nm":"iClips","cat":"hairdresser","src":"G","bid":"a6d55ae5-0aa1-49fa-8185-a0a686465292"},"geometry":{"type":"Polygon","coordinates":[[[-97.7415689,30.289564],[-97.7416234,30.2895681],[-97.7416238,30.2895641],[-97.7415693,30.28956],[-97.7415689,30.289564]]]}},{"type":"Feature","properties":{"kind":"awning","fam":"plAwn","wd":"#362d3d","wg":"#564448","wn":"#0e0e18","base":3.28,"h":3.64,"nm":"iClips","cat":"hairdresser","src":"G","bid":"a6d55ae5-0aa1-49fa-8185-a0a686465292"},"geometry":{"type":"Polygon","coordinates":[[[-97.741568,30.2895729],[-97.7416225,30.289577],[-97.7416236,30.2895667],[-97.7415691,30.2895626],[-97.741568,30.2895729]]]}},{"type":"Feature","properties":{"kind":"label","nm":"iClips","cat":"hairdresser","src":"G","sign":"#3a2a3a","dark":1},"geometry":{"type":"Point","coordinates":[-97.7415413,30.2895389]}},{"type":"Feature","properties":{"kind":"front","fam":"plBulk","wd":"#39332e","wg":"#59493b","wn":"#0e0f16","base":0.0,"h":0.55,"nm":"Medici Roasting","cat":"cafe","src":"G","bid":"a97b43f1-ac93-4f72-b42b-bedc894001de"},"geometry":{"type":"Polygon","coordinates":[[[-97.7419561,30.2854145],[-97.7419508,30.2854659],[-97.7419555,30.2854662],[-97.7419608,30.2854149],[-97.7419561,30.2854145]]]}},{"type":"Feature","properties":{"kind":"front","fam":"plGlass","wd":"#6e7a84","wg":"#858584","wn":"#14171f","base":0.55,"h":4.3,"nm":"Medici Roasting","cat":"cafe","src":"G","bid":"a97b43f1-ac93-4f72-b42b-bedc894001de"},"geometry":{"type":"Polygon","coordinates":[[[-97.7419561,30.2854145],[-97.7419508,30.2854659],[-97.7419555,30.2854662],[-97.7419608,30.2854149],[-97.7419561,30.2854145]]]}},{"type":"Feature","properties":{"kind":"front","fam":"plSign","wd":"#3d3a34","wg":"#584c3f","wn":"#8f8a7f","base":4.3,"h":5.35,"nm":"Medici Roasting","cat":"cafe","src":"G","bid":"a97b43f1-ac93-4f72-b42b-bedc894001de"},"geometry":{"type":"Polygon","coordinates":[[[-97.7419561,30.2854145],[-97.7419508,30.2854659],[-97.7419555,30.2854662],[-97.7419608,30.2854149],[-97.7419561,30.2854145]]]}},{"type":"Feature","properties":{"kind":"awning","fam":"plAwn","wd":"#383938","wg":"#584e44","wn":"#0e1017","base":3.84,"h":4.2,"nm":"Medici Roasting","cat":"cafe","src":"G","bid":"a97b43f1-ac93-4f72-b42b-bedc894001de"},"geometry":{"type":"Polygon","coordinates":[[[-97.7419458,30.2854137],[-97.7419404,30.2854651],[-97.7419523,30.285466],[-97.7419577,30.2854146],[-97.7419458,30.2854137]]]}},{"type":"Feature","properties":{"kind":"front","fam":"plBulk","wd":"#39332e","wg":"#59493b","wn":"#0e0f16","base":0.0,"h":0.55,"nm":"Medici Roasting","cat":"cafe","src":"G","bid":"a97b43f1-ac93-4f72-b42b-bedc894001de"},"geometry":{"type":"Polygon","coordinates":[[[-97.7419536,30.2854688],[-97.742026,30.2854744],[-97.7420264,30.2854704],[-97.741954,30.2854648],[-97.7419536,30.2854688]]]}},{"type":"Feature","properties":{"kind":"front","fam":"plGlass","wd":"#6e7a84","wg":"#858584","wn":"#14171f","base":0.55,"h":4.3,"nm":"Medici Roasting","cat":"cafe","src":"G","bid":"a97b43f1-ac93-4f72-b42b-bedc894001de"},"geometry":{"type":"Polygon","coordinates":[[[-97.7419536,30.2854688],[-97.742026,30.2854744],[-97.7420264,30.2854704],[-97.741954,30.2854648],[-97.7419536,30.2854688]]]}},{"type":"Feature","properties":{"kind":"front","fam":"plSign","wd":"#3d3a34","wg":"#584c3f","wn":"#8f8a7f","base":4.3,"h":5.35,"nm":"Medici Roasting","cat":"cafe","src":"G","bid":"a97b43f1-ac93-4f72-b42b-bedc894001de"},"geometry":{"type":"Polygon","coordinates":[[[-97.7419536,30.2854688],[-97.742026,30.2854744],[-97.7420264,30.2854704],[-97.741954,30.2854648],[-97.7419536,30.2854688]]]}},{"type":"Feature","properties":{"kind":"awning","fam":"plAwn","wd":"#383938","wg":"#584e44","wn":"#0e1017","base":3.84,"h":4.2,"nm":"Medici Roasting","cat":"cafe","src":"G","bid":"a97b43f1-ac93-4f72-b42b-bedc894001de"},"geometry":{"type":"Polygon","coordinates":[[[-97.7419527,30.2854777],[-97.742025,30.2854833],[-97.7420261,30.285473],[-97.7419538,30.2854674],[-97.7419527,30.2854777]]]}},{"type":"Feature","properties":{"kind":"label","nm":"Medici Roasting","cat":"cafe","src":"G","sign":"#3d3a34","dark":1},"geometry":{"type":"Point","coordinates":[-97.7419582,30.2854872]}},{"type":"Feature","properties":{"kind":"front","fam":"plBulk","wd":"#39332e","wg":"#59493b","wn":"#0e0f16","base":0.0,"h":0.55,"nm":"Raku Sushi & Asian Bistro","cat":"restaurant","src":"G","bid":"aa4e407e-1ded-49af-882c-0ea22d6d5759"},"geometry":{"type":"Polygon","coordinates":[[[-97.745035,30.2865695],[-97.7449082,30.2866089],[-97.7449098,30.2866127],[-97.7450366,30.2865733],[-97.745035,30.2865695]]]}},{"type":"Feature","properties":{"kind":"front","fam":"plGlass","wd":"#6e7a84","wg":"#858584","wn":"#14171f","base":0.55,"h":4.3,"nm":"Raku Sushi & Asian Bistro","cat":"restaurant","src":"G","bid":"aa4e407e-1ded-49af-882c-0ea22d6d5759"},"geometry":{"type":"Polygon","coordinates":[[[-97.745035,30.2865695],[-97.7449082,30.2866089],[-97.7449098,30.2866127],[-97.7450366,30.2865733],[-97.745035,30.2865695]]]}},{"type":"Feature","properties":{"kind":"front","fam":"plSign","wd":"#6b4a33","wg":"#805a3e","wn":"#e1ab82","base":4.3,"h":5.35,"nm":"Raku Sushi & Asian Bistro","cat":"restaurant","src":"G","bid":"aa4e407e-1ded-49af-882c-0ea22d6d5759"},"geometry":{"type":"Polygon","coordinates":[[[-97.745035,30.2865695],[-97.7449082,30.2866089],[-97.7449098,30.2866127],[-97.7450366,30.2865733],[-97.745035,30.2865695]]]}},{"type":"Feature","properties":{"kind":"awning","fam":"plAwn","wd":"#5c4537","wg":"#765843","wn":"#121117","base":3.84,"h":4.2,"nm":"Raku Sushi & Asian Bistro","cat":"restaurant","src":"G","bid":"aa4e407e-1ded-49af-882c-0ea22d6d5759"},"geometry":{"type":"Polygon","coordinates":[[[-97.7450315,30.2865611],[-97.7449047,30.2866004],[-97.7449088,30.2866101],[-97.7450355,30.2865708],[-97.7450315,30.2865611]]]}},{"type":"Feature","properties":{"kind":"front","fam":"plBulk","wd":"#39332e","wg":"#59493b","wn":"#0e0f16","base":0.0,"h":0.55,"nm":"Raku Sushi & Asian Bistro","cat":"restaurant","src":"G","bid":"aa4e407e-1ded-49af-882c-0ea22d6d5759"},"geometry":{"type":"Polygon","coordinates":[[[-97.7449062,30.2866112],[-97.7449044,30.2866295],[-97.7449091,30.2866299],[-97.7449109,30.2866115],[-97.7449062,30.2866112]]]}},{"type":"Feature","properties":{"kind":"front","fam":"plGlass","wd":"#6e7a84","wg":"#858584","wn":"#14171f","base":0.55,"h":4.3,"nm":"Raku Sushi & Asian Bistro","cat":"restaurant","src":"G","bid":"aa4e407e-1ded-49af-882c-0ea22d6d5759"},"geometry":{"type":"Polygon","coordinates":[[[-97.7449062,30.2866112],[-97.7449044,30.2866295],[-97.7449091,30.2866299],[-97.7449109,30.2866115],[-97.7449062,30.2866112]]]}},{"type":"Feature","properties":{"kind":"front","fam":"plSign","wd":"#6b4a33","wg":"#805a3e","wn":"#e1ab82","base":4.3,"h":5.35,"nm":"Raku Sushi & Asian Bistro","cat":"restaurant","src":"G","bid":"aa4e407e-1ded-49af-882c-0ea22d6d5759"},"geometry":{"type":"Polygon","coordinates":[[[-97.7449062,30.2866112],[-97.7449044,30.2866295],[-97.7449091,30.2866299],[-97.7449109,30.2866115],[-97.7449062,30.2866112]]]}},{"type":"Feature","properties":{"kind":"awning","fam":"plAwn","wd":"#5c4537","wg":"#765843","wn":"#121117","base":3.84,"h":4.2,"nm":"Raku Sushi & Asian Bistro","cat":"restaurant","src":"G","bid":"aa4e407e-1ded-49af-882c-0ea22d6d5759"},"geometry":{"type":"Polygon","coordinates":[[[-97.7448958,30.2866104],[-97.744894,30.2866288],[-97.744906,30.2866297],[-97.7449077,30.2866113],[-97.7448958,30.2866104]]]}},{"type":"Feature","properties":{"kind":"label","nm":"Raku Sushi & Asian Bistro","cat":"restaurant","src":"G","sign":"#6b4a33","dark":1},"geometry":{"type":"Point","coordinates":[-97.7449545,30.2865754]}},{"type":"Feature","properties":{"kind":"front","fam":"plBulk","wd":"#39332e","wg":"#59493b","wn":"#0e0f16","base":0.0,"h":0.55,"nm":"TSAOCAA","cat":"cafe","src":"G","bid":"aa4e407e-1ded-49af-882c-0ea22d6d5759"},"geometry":{"type":"Polygon","coordinates":[[[-97.7449003,30.2866717],[-97.7448873,30.286806],[-97.744892,30.2868063],[-97.744905,30.286672],[-97.7449003,30.2866717]]]}},{"type":"Feature","properties":{"kind":"front","fam":"plGlass","wd":"#6e7a84","wg":"#858584","wn":"#14171f","base":0.55,"h":4.3,"nm":"TSAOCAA","cat":"cafe","src":"G","bid":"aa4e407e-1ded-49af-882c-0ea22d6d5759"},"geometry":{"type":"Polygon","coordinates":[[[-97.7449003,30.2866717],[-97.7448873,30.286806],[-97.744892,30.2868063],[-97.744905,30.286672],[-97.7449003,30.2866717]]]}},{"type":"Feature","properties":{"kind":"front","fam":"plSign","wd":"#3d3a34","wg":"#584c3f","wn":"#8f8a7f","base":4.3,"h":5.35,"nm":"TSAOCAA","cat":"cafe","src":"G","bid":"aa4e407e-1ded-49af-882c-0ea22d6d5759"},"geometry":{"type":"Polygon","coordinates":[[[-97.7449003,30.2866717],[-97.7448873,30.286806],[-97.744892,30.2868063],[-97.744905,30.286672],[-97.7449003,30.2866717]]]}},{"type":"Feature","properties":{"kind":"awning","fam":"plAwn","wd":"#383938","wg":"#584e44","wn":"#0e1017","base":3.84,"h":4.2,"nm":"TSAOCAA","cat":"cafe","src":"G","bid":"aa4e407e-1ded-49af-882c-0ea22d6d5759"},"geometry":{"type":"Polygon","coordinates":[[[-97.74489,30.2866709],[-97.744877,30.2868052],[-97.7448889,30.2868061],[-97.7449019,30.2866718],[-97.74489,30.2866709]]]}},{"type":"Feature","properties":{"kind":"label","nm":"TSAOCAA","cat":"cafe","src":"G","sign":"#3d3a34","dark":1},"geometry":{"type":"Point","coordinates":[-97.7448731,30.2867373]}},{"type":"Feature","properties":{"kind":"front","fam":"plBulk","wd":"#39332e","wg":"#59493b","wn":"#0e0f16","base":0.0,"h":0.55,"nm":"Quarters Market","cat":"convenience","src":"G","bid":"aa4e407e-1ded-49af-882c-0ea22d6d5759"},"geometry":{"type":"Polygon","coordinates":[[[-97.7448833,30.2868481],[-97.7448703,30.2869824],[-97.7448749,30.2869827],[-97.7448879,30.2868484],[-97.7448833,30.2868481]]]}},{"type":"Feature","properties":{"kind":"front","fam":"plGlass","wd":"#6e7a84","wg":"#858584","wn":"#14171f","base":0.55,"h":4.3,"nm":"Quarters Market","cat":"convenience","src":"G","bid":"aa4e407e-1ded-49af-882c-0ea22d6d5759"},"geometry":{"type":"Polygon","coordinates":[[[-97.7448833,30.2868481],[-97.7448703,30.2869824],[-97.7448749,30.2869827],[-97.7448879,30.2868484],[-97.7448833,30.2868481]]]}},{"type":"Feature","properties":{"kind":"front","fam":"plSign","wd":"#1f6b4a","wg":"#3e7752","wn":"#6aefb1","base":4.3,"h":5.35,"nm":"Quarters Market","cat":"convenience","src":"G","bid":"aa4e407e-1ded-49af-882c-0ea22d6d5759"},"geometry":{"type":"Polygon","coordinates":[[[-97.7448833,30.2868481],[-97.7448703,30.2869824],[-97.7448749,30.2869827],[-97.7448879,30.2868484],[-97.7448833,30.2868481]]]}},{"type":"Feature","properties":{"kind":"awning","fam":"plAwn","wd":"#215f49","wg":"#456e52","wn":"#0b1419","base":3.84,"h":4.2,"nm":"Quarters Market","cat":"convenience","src":"G","bid":"aa4e407e-1ded-49af-882c-0ea22d6d5759"},"geometry":{"type":"Polygon","coordinates":[[[-97.7448729,30.2868474],[-97.7448599,30.2869816],[-97.7448718,30.2869825],[-97.7448848,30.2868482],[-97.7448729,30.2868474]]]}},{"type":"Feature","properties":{"kind":"label","nm":"Quarters Market","cat":"convenience","src":"G","sign":"#1f6b4a","dark":1},"geometry":{"type":"Point","coordinates":[-97.744856,30.2869138]}},{"type":"Feature","properties":{"kind":"front","fam":"plBulk","wd":"#39332e","wg":"#59493b","wn":"#0e0f16","base":0.0,"h":0.55,"nm":"Zalat Pizza","cat":"restaurant","src":"G","bid":"aa4e407e-1ded-49af-882c-0ea22d6d5759"},"geometry":{"type":"Polygon","coordinates":[[[-97.7448662,30.2870245],[-97.7448577,30.2871124],[-97.7448624,30.2871127],[-97.7448709,30.2870249],[-97.7448662,30.2870245]]]}},{"type":"Feature","properties":{"kind":"front","fam":"plGlass","wd":"#6e7a84","wg":"#858584","wn":"#14171f","base":0.55,"h":4.3,"nm":"Zalat Pizza","cat":"restaurant","src":"G","bid":"aa4e407e-1ded-49af-882c-0ea22d6d5759"},"geometry":{"type":"Polygon","coordinates":[[[-97.7448662,30.2870245],[-97.7448577,30.2871124],[-97.7448624,30.2871127],[-97.7448709,30.2870249],[-97.7448662,30.2870245]]]}},{"type":"Feature","properties":{"kind":"front","fam":"plSign","wd":"#3a3f4a","wg":"#565152","wn":"#8e939e","base":4.3,"h":5.35,"nm":"Zalat Pizza","cat":"restaurant","src":"G","bid":"aa4e407e-1ded-49af-882c-0ea22d6d5759"},"geometry":{"type":"Polygon","coordinates":[[[-97.7448662,30.2870245],[-97.7448577,30.2871124],[-97.7448624,30.2871127],[-97.7448709,30.2870249],[-97.7448662,30.2870245]]]}},{"type":"Feature","properties":{"kind":"awning","fam":"plAwn","wd":"#363d49","wg":"#565252","wn":"#0e1019","base":3.84,"h":4.2,"nm":"Zalat Pizza","cat":"restaurant","src":"G","bid":"aa4e407e-1ded-49af-882c-0ea22d6d5759"},"geometry":{"type":"Polygon","coordinates":[[[-97.7448558,30.2870238],[-97.7448473,30.2871116],[-97.7448592,30.2871125],[-97.7448677,30.2870246],[-97.7448558,30.2870238]]]}},{"type":"Feature","properties":{"kind":"front","fam":"plBulk","wd":"#39332e","wg":"#59493b","wn":"#0e0f16","base":0.0,"h":0.55,"nm":"Zalat Pizza","cat":"restaurant","src":"G","bid":"aa4e407e-1ded-49af-882c-0ea22d6d5759"},"geometry":{"type":"Polygon","coordinates":[[[-97.7448594,30.287115],[-97.7449076,30.2871359],[-97.7449097,30.2871323],[-97.7448615,30.2871114],[-97.7448594,30.287115]]]}},{"type":"Feature","properties":{"kind":"front","fam":"plGlass","wd":"#6e7a84","wg":"#858584","wn":"#14171f","base":0.55,"h":4.3,"nm":"Zalat Pizza","cat":"restaurant","src":"G","bid":"aa4e407e-1ded-49af-882c-0ea22d6d5759"},"geometry":{"type":"Polygon","coordinates":[[[-97.7448594,30.287115],[-97.7449076,30.2871359],[-97.7449097,30.2871323],[-97.7448615,30.2871114],[-97.7448594,30.287115]]]}},{"type":"Feature","properties":{"kind":"front","fam":"plSign","wd":"#3a3f4a","wg":"#565152","wn":"#8e939e","base":4.3,"h":5.35,"nm":"Zalat Pizza","cat":"restaurant","src":"G","bid":"aa4e407e-1ded-49af-882c-0ea22d6d5759"},"geometry":{"type":"Polygon","coordinates":[[[-97.7448594,30.287115],[-97.7449076,30.2871359],[-97.7449097,30.2871323],[-97.7448615,30.2871114],[-97.7448594,30.287115]]]}},{"type":"Feature","properties":{"kind":"awning","fam":"plAwn","wd":"#363d49","wg":"#565252","wn":"#0e1019","base":3.84,"h":4.2,"nm":"Zalat Pizza","cat":"restaurant","src":"G","bid":"aa4e407e-1ded-49af-882c-0ea22d6d5759"},"geometry":{"type":"Polygon","coordinates":[[[-97.7448547,30.287123],[-97.7449029,30.2871439],[-97.7449083,30.2871347],[-97.7448601,30.2871138],[-97.7448547,30.287123]]]}},{"type":"Feature","properties":{"kind":"label","nm":"Zalat Pizza","cat":"restaurant","src":"G","sign":"#3a3f4a","dark":1},"geometry":{"type":"Point","coordinates":[-97.744839,30.2870902]}},{"type":"Feature","properties":{"kind":"front","fam":"plBulk","wd":"#39332e","wg":"#59493b","wn":"#0e0f16","base":0.0,"h":0.55,"nm":"1972 Pub","cat":"restaurant","src":"G","bid":"ab63bfdc-53a9-4e88-82a2-6f940512dbdf"},"geometry":{"type":"Polygon","coordinates":[[[-97.7416456,30.28997],[-97.7416487,30.2899702],[-97.7416491,30.2899662],[-97.7416461,30.2899659],[-97.7416456,30.28997]]]}},{"type":"Feature","properties":{"kind":"front","fam":"plGlass","wd":"#6e7a84","wg":"#858584","wn":"#14171f","base":0.55,"h":4.3,"nm":"1972 Pub","cat":"restaurant","src":"G","bid":"ab63bfdc-53a9-4e88-82a2-6f940512dbdf"},"geometry":{"type":"Polygon","coordinates":[[[-97.7416456,30.28997],[-97.7416487,30.2899702],[-97.7416491,30.2899662],[-97.7416461,30.2899659],[-97.7416456,30.28997]]]}},{"type":"Feature","properties":{"kind":"front","fam":"plSign","wd":"#7a4a2c","wg":"#8d5a38","wn":"#f1a472","base":4.3,"h":5.35,"nm":"1972 Pub","cat":"restaurant","src":"G","bid":"ab63bfdc-53a9-4e88-82a2-6f940512dbdf"},"geometry":{"type":"Polygon","coordinates":[[[-97.7416456,30.28997],[-97.7416487,30.2899702],[-97.7416491,30.2899662],[-97.7416461,30.2899659],[-97.7416456,30.28997]]]}},{"type":"Feature","properties":{"kind":"awning","fam":"plAwn","wd":"#674532","wg":"#7f583f","wn":"#131116","base":3.84,"h":4.2,"nm":"1972 Pub","cat":"restaurant","src":"G","bid":"ab63bfdc-53a9-4e88-82a2-6f940512dbdf"},"geometry":{"type":"Polygon","coordinates":[[[-97.7416446,30.2899789],[-97.7416477,30.2899792],[-97.7416488,30.2899689],[-97.7416458,30.2899686],[-97.7416446,30.2899789]]]}},{"type":"Feature","properties":{"kind":"front","fam":"plBulk","wd":"#39332e","wg":"#59493b","wn":"#0e0f16","base":0.0,"h":0.55,"nm":"1972 Pub","cat":"restaurant","src":"G","bid":"ab63bfdc-53a9-4e88-82a2-6f940512dbdf"},"geometry":{"type":"Polygon","coordinates":[[[-97.7416643,30.2898344],[-97.7415416,30.2898252],[-97.7415412,30.2898292],[-97.7416639,30.2898384],[-97.7416643,30.2898344]]]}},{"type":"Feature","properties":{"kind":"front","fam":"plGlass","wd":"#6e7a84","wg":"#858584","wn":"#14171f","base":0.55,"h":4.3,"nm":"1972 Pub","cat":"restaurant","src":"G","bid":"ab63bfdc-53a9-4e88-82a2-6f940512dbdf"},"geometry":{"type":"Polygon","coordinates":[[[-97.7416643,30.2898344],[-97.7415416,30.2898252],[-97.7415412,30.2898292],[-97.7416639,30.2898384],[-97.7416643,30.2898344]]]}},{"type":"Feature","properties":{"kind":"front","fam":"plSign","wd":"#7a4a2c","wg":"#8d5a38","wn":"#f1a472","base":4.3,"h":5.35,"nm":"1972 Pub","cat":"restaurant","src":"G","bid":"ab63bfdc-53a9-4e88-82a2-6f940512dbdf"},"geometry":{"type":"Polygon","coordinates":[[[-97.7416643,30.2898344],[-97.7415416,30.2898252],[-97.7415412,30.2898292],[-97.7416639,30.2898384],[-97.7416643,30.2898344]]]}},{"type":"Feature","properties":{"kind":"awning","fam":"plAwn","wd":"#674532","wg":"#7f583f","wn":"#131116","base":3.84,"h":4.2,"nm":"1972 Pub","cat":"restaurant","src":"G","bid":"ab63bfdc-53a9-4e88-82a2-6f940512dbdf"},"geometry":{"type":"Polygon","coordinates":[[[-97.7416652,30.2898255],[-97.7415425,30.2898163],[-97.7415414,30.2898266],[-97.7416642,30.2898358],[-97.7416652,30.2898255]]]}},{"type":"Feature","properties":{"kind":"front","fam":"plBulk","wd":"#39332e","wg":"#59493b","wn":"#0e0f16","base":0.0,"h":0.55,"nm":"1972 Pub","cat":"restaurant","src":"G","bid":"ab63bfdc-53a9-4e88-82a2-6f940512dbdf"},"geometry":{"type":"Polygon","coordinates":[[[-97.7415382,30.2898276],[-97.7415351,30.2898532],[-97.7415398,30.2898536],[-97.7415429,30.289828],[-97.7415382,30.2898276]]]}},{"type":"Feature","properties":{"kind":"front","fam":"plGlass","wd":"#6e7a84","wg":"#858584","wn":"#14171f","base":0.55,"h":4.3,"nm":"1972 Pub","cat":"restaurant","src":"G","bid":"ab63bfdc-53a9-4e88-82a2-6f940512dbdf"},"geometry":{"type":"Polygon","coordinates":[[[-97.7415382,30.2898276],[-97.7415351,30.2898532],[-97.7415398,30.2898536],[-97.7415429,30.289828],[-97.7415382,30.2898276]]]}},{"type":"Feature","properties":{"kind":"front","fam":"plSign","wd":"#7a4a2c","wg":"#8d5a38","wn":"#f1a472","base":4.3,"h":5.35,"nm":"1972 Pub","cat":"restaurant","src":"G","bid":"ab63bfdc-53a9-4e88-82a2-6f940512dbdf"},"geometry":{"type":"Polygon","coordinates":[[[-97.7415382,30.2898276],[-97.7415351,30.2898532],[-97.7415398,30.2898536],[-97.7415429,30.289828],[-97.7415382,30.2898276]]]}},{"type":"Feature","properties":{"kind":"awning","fam":"plAwn","wd":"#674532","wg":"#7f583f","wn":"#131116","base":3.84,"h":4.2,"nm":"1972 Pub","cat":"restaurant","src":"G","bid":"ab63bfdc-53a9-4e88-82a2-6f940512dbdf"},"geometry":{"type":"Polygon","coordinates":[[[-97.7415278,30.2898267],[-97.7415248,30.2898523],[-97.7415367,30.2898533],[-97.7415397,30.2898278],[-97.7415278,30.2898267]]]}},{"type":"Feature","properties":{"kind":"label","nm":"1972 Pub","cat":"restaurant","src":"G","sign":"#7a4a2c","dark":1},"geometry":{"type":"Point","coordinates":[-97.7415914,30.2898109]}},{"type":"Feature","properties":{"kind":"front","fam":"plBulk","wd":"#39332e","wg":"#59493b","wn":"#0e0f16","base":0.0,"h":0.55,"nm":"Crown and Anchor Pub","cat":"pub","src":"G","bid":"ac7f53c7-e3a0-4995-adaf-1d60447b6f9d"},"geometry":{"type":"Polygon","coordinates":[[[-97.7355256,30.2925688],[-97.7356106,30.2926348],[-97.7356137,30.2926318],[-97.7355287,30.2925658],[-97.7355256,30.2925688]]]}},{"type":"Feature","properties":{"kind":"front","fam":"plGlass","wd":"#6e7a84","wg":"#858584","wn":"#14171f","base":0.55,"h":4.18,"nm":"Crown and Anchor Pub","cat":"pub","src":"G","bid":"ac7f53c7-e3a0-4995-adaf-1d60447b6f9d"},"geometry":{"type":"Polygon","coordinates":[[[-97.7355256,30.2925688],[-97.7356106,30.2926348],[-97.7356137,30.2926318],[-97.7355287,30.2925658],[-97.7355256,30.2925688]]]}},{"type":"Feature","properties":{"kind":"front","fam":"plSign","wd":"#3a2822","wg":"#563d2f","wn":"#c59886","base":4.18,"h":5.1,"nm":"Crown and Anchor Pub","cat":"pub","src":"G","bid":"ac7f53c7-e3a0-4995-adaf-1d60447b6f9d"},"geometry":{"type":"Polygon","coordinates":[[[-97.7355256,30.2925688],[-97.7356106,30.2926348],[-97.7356137,30.2926318],[-97.7355287,30.2925658],[-97.7355256,30.2925688]]]}},{"type":"Feature","properties":{"kind":"awning","fam":"plAwn","wd":"#362b2a","wg":"#564338","wn":"#0e0e15","base":3.72,"h":4.08,"nm":"Crown and Anchor Pub","cat":"pub","src":"G","bid":"ac7f53c7-e3a0-4995-adaf-1d60447b6f9d"},"geometry":{"type":"Polygon","coordinates":[[[-97.7355187,30.2925755],[-97.7356037,30.2926415],[-97.7356117,30.2926338],[-97.7355267,30.2925678],[-97.7355187,30.2925755]]]}},{"type":"Feature","properties":{"kind":"front","fam":"plBulk","wd":"#39332e","wg":"#59493b","wn":"#0e0f16","base":0.0,"h":0.55,"nm":"Crown and Anchor Pub","cat":"pub","src":"G","bid":"ac7f53c7-e3a0-4995-adaf-1d60447b6f9d"},"geometry":{"type":"Polygon","coordinates":[[[-97.7356945,30.2925581],[-97.7357207,30.2925329],[-97.7357173,30.2925302],[-97.735691,30.2925554],[-97.7356945,30.2925581]]]}},{"type":"Feature","properties":{"kind":"front","fam":"plGlass","wd":"#6e7a84","wg":"#858584","wn":"#14171f","base":0.55,"h":4.18,"nm":"Crown and Anchor Pub","cat":"pub","src":"G","bid":"ac7f53c7-e3a0-4995-adaf-1d60447b6f9d"},"geometry":{"type":"Polygon","coordinates":[[[-97.7356945,30.2925581],[-97.7357207,30.2925329],[-97.7357173,30.2925302],[-97.735691,30.2925554],[-97.7356945,30.2925581]]]}},{"type":"Feature","properties":{"kind":"front","fam":"plSign","wd":"#3a2822","wg":"#563d2f","wn":"#c59886","base":4.18,"h":5.1,"nm":"Crown and Anchor Pub","cat":"pub","src":"G","bid":"ac7f53c7-e3a0-4995-adaf-1d60447b6f9d"},"geometry":{"type":"Polygon","coordinates":[[[-97.7356945,30.2925581],[-97.7357207,30.2925329],[-97.7357173,30.2925302],[-97.735691,30.2925554],[-97.7356945,30.2925581]]]}},{"type":"Feature","properties":{"kind":"awning","fam":"plAwn","wd":"#362b2a","wg":"#564338","wn":"#0e0e15","base":3.72,"h":4.08,"nm":"Crown and Anchor Pub","cat":"pub","src":"G","bid":"ac7f53c7-e3a0-4995-adaf-1d60447b6f9d"},"geometry":{"type":"Polygon","coordinates":[[[-97.7357023,30.2925641],[-97.7357285,30.2925389],[-97.7357196,30.292532],[-97.7356934,30.2925572],[-97.7357023,30.2925641]]]}},{"type":"Feature","properties":{"kind":"label","nm":"Crown and Anchor Pub","cat":"pub","src":"G","sign":"#3a2822","dark":1},"geometry":{"type":"Point","coordinates":[-97.7355679,30.2926258]}},{"type":"Feature","properties":{"kind":"front","fam":"plBulk","wd":"#39332e","wg":"#59493b","wn":"#0e0f16","base":0.0,"h":0.55,"nm":"Jodie's Coiffures","cat":"hairdresser","src":"G","bid":"ad0c59d9-6fdb-49f8-bb3b-7bb67c64fc98"},"geometry":{"type":"Polygon","coordinates":[[[-97.7440993,30.2955818],[-97.7440949,30.2956298],[-97.7440996,30.2956301],[-97.7441039,30.2955821],[-97.7440993,30.2955818]]]}},{"type":"Feature","properties":{"kind":"front","fam":"plGlass","wd":"#6e7a84","wg":"#858584","wn":"#14171f","base":0.55,"h":4.3,"nm":"Jodie's Coiffures","cat":"hairdresser","src":"G","bid":"ad0c59d9-6fdb-49f8-bb3b-7bb67c64fc98"},"geometry":{"type":"Polygon","coordinates":[[[-97.7440993,30.2955818],[-97.7440949,30.2956298],[-97.7440996,30.2956301],[-97.7441039,30.2955821],[-97.7440993,30.2955818]]]}},{"type":"Feature","properties":{"kind":"front","fam":"plSign","wd":"#3a2a3a","wg":"#563f44","wn":"#a98aa3","base":4.3,"h":5.35,"nm":"Jodie's Coiffures","cat":"hairdresser","src":"G","bid":"ad0c59d9-6fdb-49f8-bb3b-7bb67c64fc98"},"geometry":{"type":"Polygon","coordinates":[[[-97.7440993,30.2955818],[-97.7440949,30.2956298],[-97.7440996,30.2956301],[-97.7441039,30.2955821],[-97.7440993,30.2955818]]]}},{"type":"Feature","properties":{"kind":"awning","fam":"plAwn","wd":"#362d3d","wg":"#564448","wn":"#0e0e18","base":3.84,"h":4.2,"nm":"Jodie's Coiffures","cat":"hairdresser","src":"G","bid":"ad0c59d9-6fdb-49f8-bb3b-7bb67c64fc98"},"geometry":{"type":"Polygon","coordinates":[[[-97.7440889,30.2955811],[-97.7440845,30.2956291],[-97.7440964,30.2956299],[-97.7441008,30.2955819],[-97.7440889,30.2955811]]]}},{"type":"Feature","properties":{"kind":"front","fam":"plBulk","wd":"#39332e","wg":"#59493b","wn":"#0e0f16","base":0.0,"h":0.55,"nm":"Jodie's Coiffures","cat":"hairdresser","src":"G","bid":"ad0c59d9-6fdb-49f8-bb3b-7bb67c64fc98"},"geometry":{"type":"Polygon","coordinates":[[[-97.7443522,30.2955923],[-97.7443082,30.2955893],[-97.7443079,30.2955933],[-97.7443519,30.2955963],[-97.7443522,30.2955923]]]}},{"type":"Feature","properties":{"kind":"front","fam":"plGlass","wd":"#6e7a84","wg":"#858584","wn":"#14171f","base":0.55,"h":4.3,"nm":"Jodie's Coiffures","cat":"hairdresser","src":"G","bid":"ad0c59d9-6fdb-49f8-bb3b-7bb67c64fc98"},"geometry":{"type":"Polygon","coordinates":[[[-97.7443522,30.2955923],[-97.7443082,30.2955893],[-97.7443079,30.2955933],[-97.7443519,30.2955963],[-97.7443522,30.2955923]]]}},{"type":"Feature","properties":{"kind":"front","fam":"plSign","wd":"#3a2a3a","wg":"#563f44","wn":"#a98aa3","base":4.3,"h":5.35,"nm":"Jodie's Coiffures","cat":"hairdresser","src":"G","bid":"ad0c59d9-6fdb-49f8-bb3b-7bb67c64fc98"},"geometry":{"type":"Polygon","coordinates":[[[-97.7443522,30.2955923],[-97.7443082,30.2955893],[-97.7443079,30.2955933],[-97.7443519,30.2955963],[-97.7443522,30.2955923]]]}},{"type":"Feature","properties":{"kind":"awning","fam":"plAwn","wd":"#362d3d","wg":"#564448","wn":"#0e0e18","base":3.84,"h":4.2,"nm":"Jodie's Coiffures","cat":"hairdresser","src":"G","bid":"ad0c59d9-6fdb-49f8-bb3b-7bb67c64fc98"},"geometry":{"type":"Polygon","coordinates":[[[-97.7443531,30.2955834],[-97.7443091,30.2955804],[-97.7443081,30.2955907],[-97.7443521,30.2955937],[-97.7443531,30.2955834]]]}},{"type":"Feature","properties":{"kind":"front","fam":"plBulk","wd":"#39332e","wg":"#59493b","wn":"#0e0f16","base":0.0,"h":0.55,"nm":"Jodie's Coiffures","cat":"hairdresser","src":"G","bid":"ad0c59d9-6fdb-49f8-bb3b-7bb67c64fc98"},"geometry":{"type":"Polygon","coordinates":[[[-97.7443111,30.2955922],[-97.7443151,30.2955439],[-97.7443104,30.2955436],[-97.7443064,30.2955919],[-97.7443111,30.2955922]]]}},{"type":"Feature","properties":{"kind":"front","fam":"plGlass","wd":"#6e7a84","wg":"#858584","wn":"#14171f","base":0.55,"h":4.3,"nm":"Jodie's Coiffures","cat":"hairdresser","src":"G","bid":"ad0c59d9-6fdb-49f8-bb3b-7bb67c64fc98"},"geometry":{"type":"Polygon","coordinates":[[[-97.7443111,30.2955922],[-97.7443151,30.2955439],[-97.7443104,30.2955436],[-97.7443064,30.2955919],[-97.7443111,30.2955922]]]}},{"type":"Feature","properties":{"kind":"front","fam":"plSign","wd":"#3a2a3a","wg":"#563f44","wn":"#a98aa3","base":4.3,"h":5.35,"nm":"Jodie's Coiffures","cat":"hairdresser","src":"G","bid":"ad0c59d9-6fdb-49f8-bb3b-7bb67c64fc98"},"geometry":{"type":"Polygon","coordinates":[[[-97.7443111,30.2955922],[-97.7443151,30.2955439],[-97.7443104,30.2955436],[-97.7443064,30.2955919],[-97.7443111,30.2955922]]]}},{"type":"Feature","properties":{"kind":"awning","fam":"plAwn","wd":"#362d3d","wg":"#564448","wn":"#0e0e18","base":3.84,"h":4.2,"nm":"Jodie's Coiffures","cat":"hairdresser","src":"G","bid":"ad0c59d9-6fdb-49f8-bb3b-7bb67c64fc98"},"geometry":{"type":"Polygon","coordinates":[[[-97.7443215,30.2955928],[-97.7443254,30.2955445],[-97.7443135,30.2955438],[-97.7443096,30.2955921],[-97.7443215,30.2955928]]]}},{"type":"Feature","properties":{"kind":"label","nm":"Jodie's Coiffures","cat":"hairdresser","src":"G","sign":"#3a2a3a","dark":1},"geometry":{"type":"Point","coordinates":[-97.7443317,30.2955729]}},{"type":"Feature","properties":{"kind":"front","fam":"plBulk","wd":"#39332e","wg":"#59493b","wn":"#0e0f16","base":0.0,"h":0.55,"nm":"Polkadots Bakery","cat":"bakery","src":"G","bid":"ad0c59d9-6fdb-49f8-bb3b-7bb67c64fc98"},"geometry":{"type":"Polygon","coordinates":[[[-97.7442759,30.2955042],[-97.7442053,30.2954993],[-97.7442049,30.2955033],[-97.7442755,30.2955083],[-97.7442759,30.2955042]]]}},{"type":"Feature","properties":{"kind":"front","fam":"plGlass","wd":"#6e7a84","wg":"#858584","wn":"#14171f","base":0.55,"h":4.3,"nm":"Polkadots Bakery","cat":"bakery","src":"G","bid":"ad0c59d9-6fdb-49f8-bb3b-7bb67c64fc98"},"geometry":{"type":"Polygon","coordinates":[[[-97.7442759,30.2955042],[-97.7442053,30.2954993],[-97.7442049,30.2955033],[-97.7442755,30.2955083],[-97.7442759,30.2955042]]]}},{"type":"Feature","properties":{"kind":"front","fam":"plSign","wd":"#b07a3c","wg":"#bb8446","wn":"#f1b56e","base":4.3,"h":5.35,"nm":"Polkadots Bakery","cat":"bakery","src":"G","bid":"ad0c59d9-6fdb-49f8-bb3b-7bb67c64fc98"},"geometry":{"type":"Polygon","coordinates":[[[-97.7442759,30.2955042],[-97.7442053,30.2954993],[-97.7442049,30.2955033],[-97.7442755,30.2955083],[-97.7442759,30.2955042]]]}},{"type":"Feature","properties":{"kind":"awning","fam":"plAwn","wd":"#916a3e","wg":"#a37749","wn":"#181518","base":3.84,"h":4.2,"nm":"Polkadots Bakery","cat":"bakery","src":"G","bid":"ad0c59d9-6fdb-49f8-bb3b-7bb67c64fc98"},"geometry":{"type":"Polygon","coordinates":[[[-97.7442767,30.2954953],[-97.7442061,30.2954904],[-97.7442051,30.2955007],[-97.7442758,30.2955056],[-97.7442767,30.2954953]]]}},{"type":"Feature","properties":{"kind":"front","fam":"plBulk","wd":"#39332e","wg":"#59493b","wn":"#0e0f16","base":0.0,"h":0.55,"nm":"Polkadots Bakery","cat":"bakery","src":"G","bid":"ad0c59d9-6fdb-49f8-bb3b-7bb67c64fc98"},"geometry":{"type":"Polygon","coordinates":[[[-97.7442042,30.2955063],[-97.7441193,30.2955008],[-97.744119,30.2955049],[-97.7442039,30.2955103],[-97.7442042,30.2955063]]]}},{"type":"Feature","properties":{"kind":"front","fam":"plGlass","wd":"#6e7a84","wg":"#858584","wn":"#14171f","base":0.55,"h":4.3,"nm":"Polkadots Bakery","cat":"bakery","src":"G","bid":"ad0c59d9-6fdb-49f8-bb3b-7bb67c64fc98"},"geometry":{"type":"Polygon","coordinates":[[[-97.7442042,30.2955063],[-97.7441193,30.2955008],[-97.744119,30.2955049],[-97.7442039,30.2955103],[-97.7442042,30.2955063]]]}},{"type":"Feature","properties":{"kind":"front","fam":"plSign","wd":"#b07a3c","wg":"#bb8446","wn":"#f1b56e","base":4.3,"h":5.35,"nm":"Polkadots Bakery","cat":"bakery","src":"G","bid":"ad0c59d9-6fdb-49f8-bb3b-7bb67c64fc98"},"geometry":{"type":"Polygon","coordinates":[[[-97.7442042,30.2955063],[-97.7441193,30.2955008],[-97.744119,30.2955049],[-97.7442039,30.2955103],[-97.7442042,30.2955063]]]}},{"type":"Feature","properties":{"kind":"awning","fam":"plAwn","wd":"#916a3e","wg":"#a37749","wn":"#181518","base":3.84,"h":4.2,"nm":"Polkadots Bakery","cat":"bakery","src":"G","bid":"ad0c59d9-6fdb-49f8-bb3b-7bb67c64fc98"},"geometry":{"type":"Polygon","coordinates":[[[-97.744205,30.2954974],[-97.7441201,30.2954919],[-97.7441192,30.2955022],[-97.7442041,30.2955077],[-97.744205,30.2954974]]]}},{"type":"Feature","properties":{"kind":"label","nm":"Polkadots Bakery","cat":"bakery","src":"G","sign":"#b07a3c","dark":1},"geometry":{"type":"Point","coordinates":[-97.7441987,30.2954879]}},{"type":"Feature","properties":{"kind":"front","fam":"plBulk","wd":"#39332e","wg":"#59493b","wn":"#0e0f16","base":0.0,"h":0.55,"nm":"Haraz Coffee House","cat":"cafe","src":"G","bid":"ae03685e-07e1-4037-a967-f7a4cbbb1f68"},"geometry":{"type":"Polygon","coordinates":[[[-97.743486,30.2822807],[-97.7434824,30.2822797],[-97.7434809,30.2822835],[-97.7434846,30.2822846],[-97.743486,30.2822807]]]}},{"type":"Feature","properties":{"kind":"front","fam":"plGlass","wd":"#6e7a84","wg":"#858584","wn":"#14171f","base":0.55,"h":4.3,"nm":"Haraz Coffee House","cat":"cafe","src":"G","bid":"ae03685e-07e1-4037-a967-f7a4cbbb1f68"},"geometry":{"type":"Polygon","coordinates":[[[-97.743486,30.2822807],[-97.7434824,30.2822797],[-97.7434809,30.2822835],[-97.7434846,30.2822846],[-97.743486,30.2822807]]]}},{"type":"Feature","properties":{"kind":"front","fam":"plSign","wd":"#3d3a34","wg":"#584c3f","wn":"#8f8a7f","base":4.3,"h":5.35,"nm":"Haraz Coffee House","cat":"cafe","src":"G","bid":"ae03685e-07e1-4037-a967-f7a4cbbb1f68"},"geometry":{"type":"Polygon","coordinates":[[[-97.743486,30.2822807],[-97.7434824,30.2822797],[-97.7434809,30.2822835],[-97.7434846,30.2822846],[-97.743486,30.2822807]]]}},{"type":"Feature","properties":{"kind":"awning","fam":"plAwn","wd":"#383938","wg":"#584e44","wn":"#0e1017","base":3.84,"h":4.2,"nm":"Haraz Coffee House","cat":"cafe","src":"G","bid":"ae03685e-07e1-4037-a967-f7a4cbbb1f68"},"geometry":{"type":"Polygon","coordinates":[[[-97.7434893,30.2822722],[-97.7434856,30.2822711],[-97.7434819,30.282281],[-97.7434856,30.282282],[-97.7434893,30.2822722]]]}},{"type":"Feature","properties":{"kind":"front","fam":"plBulk","wd":"#39332e","wg":"#59493b","wn":"#0e0f16","base":0.0,"h":0.55,"nm":"Haraz Coffee House","cat":"cafe","src":"G","bid":"ae03685e-07e1-4037-a967-f7a4cbbb1f68"},"geometry":{"type":"Polygon","coordinates":[[[-97.7432719,30.2822238],[-97.7432604,30.2823548],[-97.7432651,30.2823551],[-97.7432766,30.2822241],[-97.7432719,30.2822238]]]}},{"type":"Feature","properties":{"kind":"front","fam":"plGlass","wd":"#6e7a84","wg":"#858584","wn":"#14171f","base":0.55,"h":4.3,"nm":"Haraz Coffee House","cat":"cafe","src":"G","bid":"ae03685e-07e1-4037-a967-f7a4cbbb1f68"},"geometry":{"type":"Polygon","coordinates":[[[-97.7432719,30.2822238],[-97.7432604,30.2823548],[-97.7432651,30.2823551],[-97.7432766,30.2822241],[-97.7432719,30.2822238]]]}},{"type":"Feature","properties":{"kind":"front","fam":"plSign","wd":"#3d3a34","wg":"#584c3f","wn":"#8f8a7f","base":4.3,"h":5.35,"nm":"Haraz Coffee House","cat":"cafe","src":"G","bid":"ae03685e-07e1-4037-a967-f7a4cbbb1f68"},"geometry":{"type":"Polygon","coordinates":[[[-97.7432719,30.2822238],[-97.7432604,30.2823548],[-97.7432651,30.2823551],[-97.7432766,30.2822241],[-97.7432719,30.2822238]]]}},{"type":"Feature","properties":{"kind":"awning","fam":"plAwn","wd":"#383938","wg":"#584e44","wn":"#0e1017","base":3.84,"h":4.2,"nm":"Haraz Coffee House","cat":"cafe","src":"G","bid":"ae03685e-07e1-4037-a967-f7a4cbbb1f68"},"geometry":{"type":"Polygon","coordinates":[[[-97.7432615,30.2822231],[-97.7432501,30.2823542],[-97.743262,30.2823549],[-97.7432734,30.2822239],[-97.7432615,30.2822231]]]}},{"type":"Feature","properties":{"kind":"label","nm":"Haraz Coffee House","cat":"cafe","src":"G","sign":"#3d3a34","dark":1},"geometry":{"type":"Point","coordinates":[-97.7432456,30.2822863]}},{"type":"Feature","properties":{"kind":"front","fam":"plBulk","wd":"#39332e","wg":"#59493b","wn":"#0e0f16","base":0.0,"h":0.55,"nm":"Playa Bowls","cat":"beverages","src":"G","bid":"ae03685e-07e1-4037-a967-f7a4cbbb1f68"},"geometry":{"type":"Polygon","coordinates":[[[-97.7432432,30.2825522],[-97.7432339,30.2826588],[-97.7432386,30.2826591],[-97.7432479,30.2825525],[-97.7432432,30.2825522]]]}},{"type":"Feature","properties":{"kind":"front","fam":"plGlass","wd":"#6e7a84","wg":"#858584","wn":"#14171f","base":0.55,"h":4.3,"nm":"Playa Bowls","cat":"beverages","src":"G","bid":"ae03685e-07e1-4037-a967-f7a4cbbb1f68"},"geometry":{"type":"Polygon","coordinates":[[[-97.7432432,30.2825522],[-97.7432339,30.2826588],[-97.7432386,30.2826591],[-97.7432479,30.2825525],[-97.7432432,30.2825522]]]}},{"type":"Feature","properties":{"kind":"front","fam":"plSign","wd":"#8c4a2c","wg":"#9c5a38","wn":"#f19569","base":4.3,"h":5.35,"nm":"Playa Bowls","cat":"beverages","src":"G","bid":"ae03685e-07e1-4037-a967-f7a4cbbb1f68"},"geometry":{"type":"Polygon","coordinates":[[[-97.7432432,30.2825522],[-97.7432339,30.2826588],[-97.7432386,30.2826591],[-97.7432479,30.2825525],[-97.7432432,30.2825522]]]}},{"type":"Feature","properties":{"kind":"awning","fam":"plAwn","wd":"#754532","wg":"#8b583f","wn":"#141116","base":3.84,"h":4.2,"nm":"Playa Bowls","cat":"beverages","src":"G","bid":"ae03685e-07e1-4037-a967-f7a4cbbb1f68"},"geometry":{"type":"Polygon","coordinates":[[[-97.7432328,30.2825515],[-97.7432235,30.2826581],[-97.7432354,30.2826589],[-97.7432448,30.2825523],[-97.7432328,30.2825515]]]}},{"type":"Feature","properties":{"kind":"front","fam":"plBulk","wd":"#39332e","wg":"#59493b","wn":"#0e0f16","base":0.0,"h":0.55,"nm":"Playa Bowls","cat":"beverages","src":"G","bid":"ae03685e-07e1-4037-a967-f7a4cbbb1f68"},"geometry":{"type":"Polygon","coordinates":[[[-97.7436417,30.2824445],[-97.7436444,30.2824168],[-97.7436397,30.2824165],[-97.743637,30.2824442],[-97.7436417,30.2824445]]]}},{"type":"Feature","properties":{"kind":"front","fam":"plGlass","wd":"#6e7a84","wg":"#858584","wn":"#14171f","base":0.55,"h":4.3,"nm":"Playa Bowls","cat":"beverages","src":"G","bid":"ae03685e-07e1-4037-a967-f7a4cbbb1f68"},"geometry":{"type":"Polygon","coordinates":[[[-97.7436417,30.2824445],[-97.7436444,30.2824168],[-97.7436397,30.2824165],[-97.743637,30.2824442],[-97.7436417,30.2824445]]]}},{"type":"Feature","properties":{"kind":"front","fam":"plSign","wd":"#8c4a2c","wg":"#9c5a38","wn":"#f19569","base":4.3,"h":5.35,"nm":"Playa Bowls","cat":"beverages","src":"G","bid":"ae03685e-07e1-4037-a967-f7a4cbbb1f68"},"geometry":{"type":"Polygon","coordinates":[[[-97.7436417,30.2824445],[-97.7436444,30.2824168],[-97.7436397,30.2824165],[-97.743637,30.2824442],[-97.7436417,30.2824445]]]}},{"type":"Feature","properties":{"kind":"awning","fam":"plAwn","wd":"#754532","wg":"#8b583f","wn":"#141116","base":3.84,"h":4.2,"nm":"Playa Bowls","cat":"beverages","src":"G","bid":"ae03685e-07e1-4037-a967-f7a4cbbb1f68"},"geometry":{"type":"Polygon","coordinates":[[[-97.7436521,30.2824453],[-97.7436548,30.2824176],[-97.7436428,30.2824167],[-97.7436401,30.2824444],[-97.7436521,30.2824453]]]}},{"type":"Feature","properties":{"kind":"label","nm":"Playa Bowls","cat":"beverages","src":"G","sign":"#8c4a2c","dark":1},"geometry":{"type":"Point","coordinates":[-97.7432166,30.282618]}},{"type":"Feature","properties":{"kind":"front","fam":"plBulk","wd":"#39332e","wg":"#59493b","wn":"#0e0f16","base":0.0,"h":0.55,"nm":"CVS Pharmacy","cat":"chemist","src":"S","bid":"ae797eee-1543-4076-b290-e6d620ca7990"},"geometry":{"type":"Polygon","coordinates":[[[-97.7419902,30.2878076],[-97.7418348,30.2877953],[-97.7418344,30.2877993],[-97.7419898,30.2878116],[-97.7419902,30.2878076]]]}},{"type":"Feature","properties":{"kind":"front","fam":"plGlass","wd":"#6e7a84","wg":"#858584","wn":"#14171f","base":0.55,"h":4.3,"nm":"CVS Pharmacy","cat":"chemist","src":"S","bid":"ae797eee-1543-4076-b290-e6d620ca7990"},"geometry":{"type":"Polygon","coordinates":[[[-97.7419902,30.2878076],[-97.7418348,30.2877953],[-97.7418344,30.2877993],[-97.7419898,30.2878116],[-97.7419902,30.2878076]]]}},{"type":"Feature","properties":{"kind":"front","fam":"plSign","wd":"#cc0000","wg":"#d31b12","wn":"#f1312d","base":4.3,"h":5.35,"nm":"CVS Pharmacy","cat":"chemist","src":"S","bid":"ae797eee-1543-4076-b290-e6d620ca7990"},"geometry":{"type":"Polygon","coordinates":[[[-97.7419902,30.2878076],[-97.7418348,30.2877953],[-97.7418344,30.2877993],[-97.7419898,30.2878116],[-97.7419902,30.2878076]]]}},{"type":"Feature","properties":{"kind":"awning","fam":"plAwn","wd":"#a70c10","wg":"#b52822","wn":"#1a0b13","base":3.84,"h":4.2,"nm":"CVS Pharmacy","cat":"chemist","src":"S","bid":"ae797eee-1543-4076-b290-e6d620ca7990"},"geometry":{"type":"Polygon","coordinates":[[[-97.7419912,30.2877986],[-97.7418358,30.2877864],[-97.7418347,30.2877967],[-97.7419901,30.2878089],[-97.7419912,30.2877986]]]}},{"type":"Feature","properties":{"kind":"label","nm":"CVS Pharmacy","cat":"chemist","src":"S","sign":"#cc0000","dark":1},"geometry":{"type":"Point","coordinates":[-97.7419144,30.2877836]}},{"type":"Feature","properties":{"kind":"front","fam":"plBulk","wd":"#39332e","wg":"#59493b","wn":"#0e0f16","base":0.0,"h":0.55,"nm":"Raising Cane's","cat":"fast_food","src":"S","bid":"b32544f3-3221-480b-86bd-236b0eeb7be1"},"geometry":{"type":"Polygon","coordinates":[[[-97.7423819,30.2816413],[-97.7424691,30.2816668],[-97.7424706,30.281663],[-97.7423834,30.2816375],[-97.7423819,30.2816413]]]}},{"type":"Feature","properties":{"kind":"front","fam":"plGlass","wd":"#6e7a84","wg":"#858584","wn":"#14171f","base":0.55,"h":4.3,"nm":"Raising Cane's","cat":"fast_food","src":"S","bid":"b32544f3-3221-480b-86bd-236b0eeb7be1"},"geometry":{"type":"Polygon","coordinates":[[[-97.7423819,30.2816413],[-97.7424691,30.2816668],[-97.7424706,30.281663],[-97.7423834,30.2816375],[-97.7423819,30.2816413]]]}},{"type":"Feature","properties":{"kind":"front","fam":"plSign","wd":"#e71a2a","wg":"#ea3136","wn":"#f14650","base":4.3,"h":5.35,"nm":"Raising Cane's","cat":"fast_food","src":"S","bid":"b32544f3-3221-480b-86bd-236b0eeb7be1"},"geometry":{"type":"Polygon","coordinates":[[[-97.7423819,30.2816413],[-97.7424691,30.2816668],[-97.7424706,30.281663],[-97.7423834,30.2816375],[-97.7423819,30.2816413]]]}},{"type":"Feature","properties":{"kind":"awning","fam":"plAwn","wd":"#bc2031","wg":"#c7393e","wn":"#1c0d16","base":3.84,"h":4.2,"nm":"Raising Cane's","cat":"fast_food","src":"S","bid":"b32544f3-3221-480b-86bd-236b0eeb7be1"},"geometry":{"type":"Polygon","coordinates":[[[-97.7423786,30.2816498],[-97.7424657,30.2816753],[-97.7424696,30.2816655],[-97.7423824,30.28164],[-97.7423786,30.2816498]]]}},{"type":"Feature","properties":{"kind":"label","nm":"Raising Cane's","cat":"fast_food","src":"S","sign":"#e71a2a","dark":1},"geometry":{"type":"Point","coordinates":[-97.7424188,30.2816711]}},{"type":"Feature","properties":{"kind":"front","fam":"plBulk","wd":"#39332e","wg":"#59493b","wn":"#0e0f16","base":0.0,"h":0.55,"nm":"Starbucks","cat":"cafe","src":"S","bid":"b3c9b903-4f3e-4975-b9ef-072adc2333e7"},"geometry":{"type":"Polygon","coordinates":[[[-97.7426022,30.2878329],[-97.742589,30.2878319],[-97.7425886,30.2878359],[-97.7426018,30.2878369],[-97.7426022,30.2878329]]]}},{"type":"Feature","properties":{"kind":"front","fam":"plGlass","wd":"#6e7a84","wg":"#858584","wn":"#14171f","base":0.55,"h":4.3,"nm":"Starbucks","cat":"cafe","src":"S","bid":"b3c9b903-4f3e-4975-b9ef-072adc2333e7"},"geometry":{"type":"Polygon","coordinates":[[[-97.7426022,30.2878329],[-97.742589,30.2878319],[-97.7425886,30.2878359],[-97.7426018,30.2878369],[-97.7426022,30.2878329]]]}},{"type":"Feature","properties":{"kind":"front","fam":"plSign","wd":"#006241","wg":"#246f4a","wn":"#33efab","base":4.3,"h":5.35,"nm":"Starbucks","cat":"cafe","src":"S","bid":"b3c9b903-4f3e-4975-b9ef-072adc2333e7"},"geometry":{"type":"Polygon","coordinates":[[[-97.7426022,30.2878329],[-97.742589,30.2878319],[-97.7425886,30.2878359],[-97.7426018,30.2878369],[-97.7426022,30.2878329]]]}},{"type":"Feature","properties":{"kind":"awning","fam":"plAwn","wd":"#095842","wg":"#30684c","wn":"#091318","base":3.84,"h":4.2,"nm":"Starbucks","cat":"cafe","src":"S","bid":"b3c9b903-4f3e-4975-b9ef-072adc2333e7"},"geometry":{"type":"Polygon","coordinates":[[[-97.7426031,30.2878239],[-97.7425899,30.287823],[-97.7425888,30.2878333],[-97.7426021,30.2878342],[-97.7426031,30.2878239]]]}},{"type":"Feature","properties":{"kind":"front","fam":"plBulk","wd":"#39332e","wg":"#59493b","wn":"#0e0f16","base":0.0,"h":0.55,"nm":"Starbucks","cat":"cafe","src":"S","bid":"b3c9b903-4f3e-4975-b9ef-072adc2333e7"},"geometry":{"type":"Polygon","coordinates":[[[-97.7425435,30.2879472],[-97.7425314,30.2880682],[-97.7425361,30.2880685],[-97.7425481,30.2879475],[-97.7425435,30.2879472]]]}},{"type":"Feature","properties":{"kind":"front","fam":"plGlass","wd":"#6e7a84","wg":"#858584","wn":"#14171f","base":0.55,"h":4.3,"nm":"Starbucks","cat":"cafe","src":"S","bid":"b3c9b903-4f3e-4975-b9ef-072adc2333e7"},"geometry":{"type":"Polygon","coordinates":[[[-97.7425435,30.2879472],[-97.7425314,30.2880682],[-97.7425361,30.2880685],[-97.7425481,30.2879475],[-97.7425435,30.2879472]]]}},{"type":"Feature","properties":{"kind":"front","fam":"plSign","wd":"#006241","wg":"#246f4a","wn":"#33efab","base":4.3,"h":5.35,"nm":"Starbucks","cat":"cafe","src":"S","bid":"b3c9b903-4f3e-4975-b9ef-072adc2333e7"},"geometry":{"type":"Polygon","coordinates":[[[-97.7425435,30.2879472],[-97.7425314,30.2880682],[-97.7425361,30.2880685],[-97.7425481,30.2879475],[-97.7425435,30.2879472]]]}},{"type":"Feature","properties":{"kind":"awning","fam":"plAwn","wd":"#095842","wg":"#30684c","wn":"#091318","base":3.84,"h":4.2,"nm":"Starbucks","cat":"cafe","src":"S","bid":"b3c9b903-4f3e-4975-b9ef-072adc2333e7"},"geometry":{"type":"Polygon","coordinates":[[[-97.7425331,30.2879464],[-97.742521,30.2880674],[-97.7425329,30.2880683],[-97.742545,30.2879473],[-97.7425331,30.2879464]]]}},{"type":"Feature","properties":{"kind":"label","nm":"Starbucks","cat":"cafe","src":"S","sign":"#006241","dark":1},"geometry":{"type":"Point","coordinates":[-97.7425172,30.2880013]}},{"type":"Feature","properties":{"kind":"front","fam":"plBulk","wd":"#39332e","wg":"#59493b","wn":"#0e0f16","base":0.0,"h":0.55,"nm":"Red River Cafe","cat":"cafe","src":"G","bid":"b42fd834-ecc8-4143-a5a8-d9106fa481f7"},"geometry":{"type":"Polygon","coordinates":[[[-97.7283986,30.2896763],[-97.7283713,30.2897197],[-97.7283754,30.2897216],[-97.7284027,30.2896782],[-97.7283986,30.2896763]]]}},{"type":"Feature","properties":{"kind":"front","fam":"plGlass","wd":"#6e7a84","wg":"#858584","wn":"#14171f","base":0.55,"h":4.3,"nm":"Red River Cafe","cat":"cafe","src":"G","bid":"b42fd834-ecc8-4143-a5a8-d9106fa481f7"},"geometry":{"type":"Polygon","coordinates":[[[-97.7283986,30.2896763],[-97.7283713,30.2897197],[-97.7283754,30.2897216],[-97.7284027,30.2896782],[-97.7283986,30.2896763]]]}},{"type":"Feature","properties":{"kind":"front","fam":"plSign","wd":"#4a3b30","wg":"#634d3b","wn":"#bda18a","base":4.3,"h":5.35,"nm":"Red River Cafe","cat":"cafe","src":"G","bid":"b42fd834-ecc8-4143-a5a8-d9106fa481f7"},"geometry":{"type":"Polygon","coordinates":[[[-97.7283986,30.2896763],[-97.7283713,30.2897197],[-97.7283754,30.2897216],[-97.7284027,30.2896782],[-97.7283986,30.2896763]]]}},{"type":"Feature","properties":{"kind":"awning","fam":"plAwn","wd":"#423a35","wg":"#604f41","wn":"#0f1017","base":3.84,"h":4.2,"nm":"Red River Cafe","cat":"cafe","src":"G","bid":"b42fd834-ecc8-4143-a5a8-d9106fa481f7"},"geometry":{"type":"Polygon","coordinates":[[[-97.7283894,30.289672],[-97.7283621,30.2897154],[-97.7283726,30.2897204],[-97.7283999,30.2896769],[-97.7283894,30.289672]]]}},{"type":"Feature","properties":{"kind":"front","fam":"plBulk","wd":"#39332e","wg":"#59493b","wn":"#0e0f16","base":0.0,"h":0.55,"nm":"Red River Cafe","cat":"cafe","src":"G","bid":"b42fd834-ecc8-4143-a5a8-d9106fa481f7"},"geometry":{"type":"Polygon","coordinates":[[[-97.7283725,30.2897234],[-97.7284517,30.2897609],[-97.7284539,30.2897573],[-97.7283748,30.2897198],[-97.7283725,30.2897234]]]}},{"type":"Feature","properties":{"kind":"front","fam":"plGlass","wd":"#6e7a84","wg":"#858584","wn":"#14171f","base":0.55,"h":4.3,"nm":"Red River Cafe","cat":"cafe","src":"G","bid":"b42fd834-ecc8-4143-a5a8-d9106fa481f7"},"geometry":{"type":"Polygon","coordinates":[[[-97.7283725,30.2897234],[-97.7284517,30.2897609],[-97.7284539,30.2897573],[-97.7283748,30.2897198],[-97.7283725,30.2897234]]]}},{"type":"Feature","properties":{"kind":"front","fam":"plSign","wd":"#4a3b30","wg":"#634d3b","wn":"#bda18a","base":4.3,"h":5.35,"nm":"Red River Cafe","cat":"cafe","src":"G","bid":"b42fd834-ecc8-4143-a5a8-d9106fa481f7"},"geometry":{"type":"Polygon","coordinates":[[[-97.7283725,30.2897234],[-97.7284517,30.2897609],[-97.7284539,30.2897573],[-97.7283748,30.2897198],[-97.7283725,30.2897234]]]}},{"type":"Feature","properties":{"kind":"awning","fam":"plAwn","wd":"#423a35","wg":"#604f41","wn":"#0f1017","base":3.84,"h":4.2,"nm":"Red River Cafe","cat":"cafe","src":"G","bid":"b42fd834-ecc8-4143-a5a8-d9106fa481f7"},"geometry":{"type":"Polygon","coordinates":[[[-97.7283675,30.2897312],[-97.7284467,30.2897687],[-97.7284524,30.2897597],[-97.7283732,30.2897222],[-97.7283675,30.2897312]]]}},{"type":"Feature","properties":{"kind":"front","fam":"plBulk","wd":"#39332e","wg":"#59493b","wn":"#0e0f16","base":0.0,"h":0.55,"nm":"Red River Cafe","cat":"cafe","src":"G","bid":"b42fd834-ecc8-4143-a5a8-d9106fa481f7"},"geometry":{"type":"Polygon","coordinates":[[[-97.7285198,30.2896511],[-97.7285124,30.2896476],[-97.7285102,30.2896511],[-97.7285176,30.2896547],[-97.7285198,30.2896511]]]}},{"type":"Feature","properties":{"kind":"front","fam":"plGlass","wd":"#6e7a84","wg":"#858584","wn":"#14171f","base":0.55,"h":4.3,"nm":"Red River Cafe","cat":"cafe","src":"G","bid":"b42fd834-ecc8-4143-a5a8-d9106fa481f7"},"geometry":{"type":"Polygon","coordinates":[[[-97.7285198,30.2896511],[-97.7285124,30.2896476],[-97.7285102,30.2896511],[-97.7285176,30.2896547],[-97.7285198,30.2896511]]]}},{"type":"Feature","properties":{"kind":"front","fam":"plSign","wd":"#4a3b30","wg":"#634d3b","wn":"#bda18a","base":4.3,"h":5.35,"nm":"Red River Cafe","cat":"cafe","src":"G","bid":"b42fd834-ecc8-4143-a5a8-d9106fa481f7"},"geometry":{"type":"Polygon","coordinates":[[[-97.7285198,30.2896511],[-97.7285124,30.2896476],[-97.7285102,30.2896511],[-97.7285176,30.2896547],[-97.7285198,30.2896511]]]}},{"type":"Feature","properties":{"kind":"awning","fam":"plAwn","wd":"#423a35","wg":"#604f41","wn":"#0f1017","base":3.84,"h":4.2,"nm":"Red River Cafe","cat":"cafe","src":"G","bid":"b42fd834-ecc8-4143-a5a8-d9106fa481f7"},"geometry":{"type":"Polygon","coordinates":[[[-97.7285249,30.2896433],[-97.7285175,30.2896397],[-97.7285117,30.2896488],[-97.7285191,30.2896523],[-97.7285249,30.2896433]]]}},{"type":"Feature","properties":{"kind":"label","nm":"Red River Cafe","cat":"cafe","src":"G","sign":"#4a3b30","dark":1},"geometry":{"type":"Point","coordinates":[-97.7283807,30.2897477]}},{"type":"Feature","properties":{"kind":"front","fam":"plBulk","wd":"#39332e","wg":"#59493b","wn":"#0e0f16","base":0.0,"h":0.55,"nm":"Hook'em Hut","cat":"convenience","src":"G","bid":"bbd0117e-c54d-4157-804f-440a75736e31"},"geometry":{"type":"Polygon","coordinates":[[[-97.73587,30.2845741],[-97.735867,30.2846262],[-97.7358716,30.2846264],[-97.7358747,30.2845743],[-97.73587,30.2845741]]]}},{"type":"Feature","properties":{"kind":"front","fam":"plGlass","wd":"#6e7a84","wg":"#858584","wn":"#14171f","base":0.55,"h":4.3,"nm":"Hook'em Hut","cat":"convenience","src":"G","bid":"bbd0117e-c54d-4157-804f-440a75736e31"},"geometry":{"type":"Polygon","coordinates":[[[-97.73587,30.2845741],[-97.735867,30.2846262],[-97.7358716,30.2846264],[-97.7358747,30.2845743],[-97.73587,30.2845741]]]}},{"type":"Feature","properties":{"kind":"front","fam":"plSign","wd":"#1f6b4a","wg":"#3e7752","wn":"#6aefb1","base":4.3,"h":5.35,"nm":"Hook'em Hut","cat":"convenience","src":"G","bid":"bbd0117e-c54d-4157-804f-440a75736e31"},"geometry":{"type":"Polygon","coordinates":[[[-97.73587,30.2845741],[-97.735867,30.2846262],[-97.7358716,30.2846264],[-97.7358747,30.2845743],[-97.73587,30.2845741]]]}},{"type":"Feature","properties":{"kind":"awning","fam":"plAwn","wd":"#215f49","wg":"#456e52","wn":"#0b1419","base":3.84,"h":4.2,"nm":"Hook'em Hut","cat":"convenience","src":"G","bid":"bbd0117e-c54d-4157-804f-440a75736e31"},"geometry":{"type":"Polygon","coordinates":[[[-97.7358596,30.2845737],[-97.7358566,30.2846257],[-97.7358685,30.2846263],[-97.7358716,30.2845742],[-97.7358596,30.2845737]]]}},{"type":"Feature","properties":{"kind":"front","fam":"plBulk","wd":"#39332e","wg":"#59493b","wn":"#0e0f16","base":0.0,"h":0.55,"nm":"Hook'em Hut","cat":"convenience","src":"G","bid":"bbd0117e-c54d-4157-804f-440a75736e31"},"geometry":{"type":"Polygon","coordinates":[[[-97.7358651,30.2846607],[-97.7358609,30.2847432],[-97.7358655,30.2847433],[-97.7358698,30.2846608],[-97.7358651,30.2846607]]]}},{"type":"Feature","properties":{"kind":"front","fam":"plGlass","wd":"#6e7a84","wg":"#858584","wn":"#14171f","base":0.55,"h":4.3,"nm":"Hook'em Hut","cat":"convenience","src":"G","bid":"bbd0117e-c54d-4157-804f-440a75736e31"},"geometry":{"type":"Polygon","coordinates":[[[-97.7358651,30.2846607],[-97.7358609,30.2847432],[-97.7358655,30.2847433],[-97.7358698,30.2846608],[-97.7358651,30.2846607]]]}},{"type":"Feature","properties":{"kind":"front","fam":"plSign","wd":"#1f6b4a","wg":"#3e7752","wn":"#6aefb1","base":4.3,"h":5.35,"nm":"Hook'em Hut","cat":"convenience","src":"G","bid":"bbd0117e-c54d-4157-804f-440a75736e31"},"geometry":{"type":"Polygon","coordinates":[[[-97.7358651,30.2846607],[-97.7358609,30.2847432],[-97.7358655,30.2847433],[-97.7358698,30.2846608],[-97.7358651,30.2846607]]]}},{"type":"Feature","properties":{"kind":"awning","fam":"plAwn","wd":"#215f49","wg":"#456e52","wn":"#0b1419","base":3.84,"h":4.2,"nm":"Hook'em Hut","cat":"convenience","src":"G","bid":"bbd0117e-c54d-4157-804f-440a75736e31"},"geometry":{"type":"Polygon","coordinates":[[[-97.7358547,30.2846603],[-97.7358505,30.2847428],[-97.7358624,30.2847432],[-97.7358666,30.2846607],[-97.7358547,30.2846603]]]}},{"type":"Feature","properties":{"kind":"label","nm":"Hook'em Hut","cat":"convenience","src":"G","sign":"#1f6b4a","dark":1},"geometry":{"type":"Point","coordinates":[-97.7358435,30.2846751]}},{"type":"Feature","properties":{"kind":"front","fam":"plBulk","wd":"#39332e","wg":"#59493b","wn":"#0e0f16","base":0.0,"h":0.55,"nm":"Chick-fil-A","cat":"fast_food","src":"S","bid":"bbd0117e-c54d-4157-804f-440a75736e31"},"geometry":{"type":"Polygon","coordinates":[[[-97.7358558,30.2848415],[-97.7358489,30.2849761],[-97.7358536,30.2849763],[-97.7358605,30.2848417],[-97.7358558,30.2848415]]]}},{"type":"Feature","properties":{"kind":"front","fam":"plGlass","wd":"#6e7a84","wg":"#858584","wn":"#14171f","base":0.55,"h":4.3,"nm":"Chick-fil-A","cat":"fast_food","src":"S","bid":"bbd0117e-c54d-4157-804f-440a75736e31"},"geometry":{"type":"Polygon","coordinates":[[[-97.7358558,30.2848415],[-97.7358489,30.2849761],[-97.7358536,30.2849763],[-97.7358605,30.2848417],[-97.7358558,30.2848415]]]}},{"type":"Feature","properties":{"kind":"front","fam":"plSign","wd":"#e51636","wg":"#e92e41","wn":"#f1435a","base":4.3,"h":5.35,"nm":"Chick-fil-A","cat":"fast_food","src":"S","bid":"bbd0117e-c54d-4157-804f-440a75736e31"},"geometry":{"type":"Polygon","coordinates":[[[-97.7358558,30.2848415],[-97.7358489,30.2849761],[-97.7358536,30.2849763],[-97.7358605,30.2848417],[-97.7358558,30.2848415]]]}},{"type":"Feature","properties":{"kind":"awning","fam":"plAwn","wd":"#ba1d3a","wg":"#c53746","wn":"#1c0c17","base":3.84,"h":4.2,"nm":"Chick-fil-A","cat":"fast_food","src":"S","bid":"bbd0117e-c54d-4157-804f-440a75736e31"},"geometry":{"type":"Polygon","coordinates":[[[-97.7358454,30.2848411],[-97.7358385,30.2849757],[-97.7358505,30.2849762],[-97.7358574,30.2848415],[-97.7358454,30.2848411]]]}},{"type":"Feature","properties":{"kind":"label","nm":"Chick-fil-A","cat":"fast_food","src":"S","sign":"#e51636","dark":1},"geometry":{"type":"Point","coordinates":[-97.7358316,30.284908]}},{"type":"Feature","properties":{"kind":"front","fam":"plBulk","wd":"#39332e","wg":"#59493b","wn":"#0e0f16","base":0.0,"h":0.55,"nm":"Sabor Tacos y M\u00e1s","cat":"fast_food","src":"G","bid":"bbd0117e-c54d-4157-804f-440a75736e31"},"geometry":{"type":"Polygon","coordinates":[[[-97.7358439,30.2850744],[-97.735837,30.285209],[-97.7358417,30.2852092],[-97.7358486,30.2850746],[-97.7358439,30.2850744]]]}},{"type":"Feature","properties":{"kind":"front","fam":"plGlass","wd":"#6e7a84","wg":"#858584","wn":"#14171f","base":0.55,"h":4.3,"nm":"Sabor Tacos y M\u00e1s","cat":"fast_food","src":"G","bid":"bbd0117e-c54d-4157-804f-440a75736e31"},"geometry":{"type":"Polygon","coordinates":[[[-97.7358439,30.2850744],[-97.735837,30.285209],[-97.7358417,30.2852092],[-97.7358486,30.2850746],[-97.7358439,30.2850744]]]}},{"type":"Feature","properties":{"kind":"front","fam":"plSign","wd":"#c25a1e","wg":"#cb682c","wn":"#f1894b","base":4.3,"h":5.35,"nm":"Sabor Tacos y M\u00e1s","cat":"fast_food","src":"G","bid":"bbd0117e-c54d-4157-804f-440a75736e31"},"geometry":{"type":"Polygon","coordinates":[[[-97.7358439,30.2850744],[-97.735837,30.285209],[-97.7358417,30.2852092],[-97.7358486,30.2850746],[-97.7358439,30.2850744]]]}},{"type":"Feature","properties":{"kind":"awning","fam":"plAwn","wd":"#9f5227","wg":"#ae6336","wn":"#191215","base":3.84,"h":4.2,"nm":"Sabor Tacos y M\u00e1s","cat":"fast_food","src":"G","bid":"bbd0117e-c54d-4157-804f-440a75736e31"},"geometry":{"type":"Polygon","coordinates":[[[-97.7358335,30.285074],[-97.7358266,30.2852086],[-97.7358386,30.2852091],[-97.7358455,30.2850745],[-97.7358335,30.285074]]]}},{"type":"Feature","properties":{"kind":"label","nm":"Sabor Tacos y M\u00e1s","cat":"fast_food","src":"G","sign":"#c25a1e","dark":1},"geometry":{"type":"Point","coordinates":[-97.7358197,30.2851409]}},{"type":"Feature","properties":{"kind":"front","fam":"plBulk","wd":"#39332e","wg":"#59493b","wn":"#0e0f16","base":0.0,"h":0.55,"nm":"M\u00f6ge Tee","cat":"cafe","src":"G","bid":"be85876f-a01d-46e9-b27e-9043f56d9147"},"geometry":{"type":"Polygon","coordinates":[[[-97.7422084,30.2827946],[-97.7422048,30.2828455],[-97.7422095,30.2828458],[-97.7422131,30.2827949],[-97.7422084,30.2827946]]]}},{"type":"Feature","properties":{"kind":"front","fam":"plGlass","wd":"#6e7a84","wg":"#858584","wn":"#14171f","base":0.55,"h":4.3,"nm":"M\u00f6ge Tee","cat":"cafe","src":"G","bid":"be85876f-a01d-46e9-b27e-9043f56d9147"},"geometry":{"type":"Polygon","coordinates":[[[-97.7422084,30.2827946],[-97.7422048,30.2828455],[-97.7422095,30.2828458],[-97.7422131,30.2827949],[-97.7422084,30.2827946]]]}},{"type":"Feature","properties":{"kind":"front","fam":"plSign","wd":"#7a5c3c","wg":"#8d6a46","wn":"#e1b585","base":4.3,"h":5.35,"nm":"M\u00f6ge Tee","cat":"cafe","src":"G","bid":"be85876f-a01d-46e9-b27e-9043f56d9147"},"geometry":{"type":"Polygon","coordinates":[[[-97.7422084,30.2827946],[-97.7422048,30.2828455],[-97.7422095,30.2828458],[-97.7422131,30.2827949],[-97.7422084,30.2827946]]]}},{"type":"Feature","properties":{"kind":"awning","fam":"plAwn","wd":"#67533e","wg":"#7f6449","wn":"#131218","base":3.84,"h":4.2,"nm":"M\u00f6ge Tee","cat":"cafe","src":"G","bid":"be85876f-a01d-46e9-b27e-9043f56d9147"},"geometry":{"type":"Polygon","coordinates":[[[-97.742198,30.2827941],[-97.7421944,30.282845],[-97.7422063,30.2828456],[-97.74221,30.2827947],[-97.742198,30.2827941]]]}},{"type":"Feature","properties":{"kind":"front","fam":"plBulk","wd":"#39332e","wg":"#59493b","wn":"#0e0f16","base":0.0,"h":0.55,"nm":"M\u00f6ge Tee","cat":"cafe","src":"G","bid":"be85876f-a01d-46e9-b27e-9043f56d9147"},"geometry":{"type":"Polygon","coordinates":[[[-97.742302,30.2827753],[-97.7422258,30.2827712],[-97.7422255,30.2827753],[-97.7423017,30.2827793],[-97.742302,30.2827753]]]}},{"type":"Feature","properties":{"kind":"front","fam":"plGlass","wd":"#6e7a84","wg":"#858584","wn":"#14171f","base":0.55,"h":4.3,"nm":"M\u00f6ge Tee","cat":"cafe","src":"G","bid":"be85876f-a01d-46e9-b27e-9043f56d9147"},"geometry":{"type":"Polygon","coordinates":[[[-97.742302,30.2827753],[-97.7422258,30.2827712],[-97.7422255,30.2827753],[-97.7423017,30.2827793],[-97.742302,30.2827753]]]}},{"type":"Feature","properties":{"kind":"front","fam":"plSign","wd":"#7a5c3c","wg":"#8d6a46","wn":"#e1b585","base":4.3,"h":5.35,"nm":"M\u00f6ge Tee","cat":"cafe","src":"G","bid":"be85876f-a01d-46e9-b27e-9043f56d9147"},"geometry":{"type":"Polygon","coordinates":[[[-97.742302,30.2827753],[-97.7422258,30.2827712],[-97.7422255,30.2827753],[-97.7423017,30.2827793],[-97.742302,30.2827753]]]}},{"type":"Feature","properties":{"kind":"awning","fam":"plAwn","wd":"#67533e","wg":"#7f6449","wn":"#131218","base":3.84,"h":4.2,"nm":"M\u00f6ge Tee","cat":"cafe","src":"G","bid":"be85876f-a01d-46e9-b27e-9043f56d9147"},"geometry":{"type":"Polygon","coordinates":[[[-97.7423026,30.2827663],[-97.7422265,30.2827623],[-97.7422257,30.2827726],[-97.7423019,30.2827766],[-97.7423026,30.2827663]]]}},{"type":"Feature","properties":{"kind":"label","nm":"M\u00f6ge Tee","cat":"cafe","src":"G","sign":"#7a5c3c","dark":1},"geometry":{"type":"Point","coordinates":[-97.7422947,30.2827569]}},{"type":"Feature","properties":{"kind":"front","fam":"plBulk","wd":"#39332e","wg":"#59493b","wn":"#0e0f16","base":0.0,"h":0.55,"nm":"House Park Bar-B-Que","cat":"restaurant","src":"G","bid":"bf9f176f-6a08-4ce5-8c73-e8e440f11dbc"},"geometry":{"type":"Polygon","coordinates":[[[-97.7504529,30.2768143],[-97.750447,30.2767963],[-97.7504425,30.2767974],[-97.7504484,30.2768154],[-97.7504529,30.2768143]]]}},{"type":"Feature","properties":{"kind":"front","fam":"plGlass","wd":"#6e7a84","wg":"#858584","wn":"#14171f","base":0.55,"h":4.3,"nm":"House Park Bar-B-Que","cat":"restaurant","src":"G","bid":"bf9f176f-6a08-4ce5-8c73-e8e440f11dbc"},"geometry":{"type":"Polygon","coordinates":[[[-97.7504529,30.2768143],[-97.750447,30.2767963],[-97.7504425,30.2767974],[-97.7504484,30.2768154],[-97.7504529,30.2768143]]]}},{"type":"Feature","properties":{"kind":"front","fam":"plSign","wd":"#7a4a2c","wg":"#8d5a38","wn":"#f1a472","base":4.3,"h":5.35,"nm":"House Park Bar-B-Que","cat":"restaurant","src":"G","bid":"bf9f176f-6a08-4ce5-8c73-e8e440f11dbc"},"geometry":{"type":"Polygon","coordinates":[[[-97.7504529,30.2768143],[-97.750447,30.2767963],[-97.7504425,30.2767974],[-97.7504484,30.2768154],[-97.7504529,30.2768143]]]}},{"type":"Feature","properties":{"kind":"awning","fam":"plAwn","wd":"#674532","wg":"#7f583f","wn":"#131116","base":3.84,"h":4.2,"nm":"House Park Bar-B-Que","cat":"restaurant","src":"G","bid":"bf9f176f-6a08-4ce5-8c73-e8e440f11dbc"},"geometry":{"type":"Polygon","coordinates":[[[-97.7504629,30.2768119],[-97.750457,30.2767938],[-97.7504455,30.2767966],[-97.7504514,30.2768147],[-97.7504629,30.2768119]]]}},{"type":"Feature","properties":{"kind":"front","fam":"plBulk","wd":"#39332e","wg":"#59493b","wn":"#0e0f16","base":0.0,"h":0.55,"nm":"House Park Bar-B-Que","cat":"restaurant","src":"G","bid":"bf9f176f-6a08-4ce5-8c73-e8e440f11dbc"},"geometry":{"type":"Polygon","coordinates":[[[-97.75046,30.2767383],[-97.750437,30.2766663],[-97.7504325,30.2766674],[-97.7504555,30.2767394],[-97.75046,30.2767383]]]}},{"type":"Feature","properties":{"kind":"front","fam":"plGlass","wd":"#6e7a84","wg":"#858584","wn":"#14171f","base":0.55,"h":4.3,"nm":"House Park Bar-B-Que","cat":"restaurant","src":"G","bid":"bf9f176f-6a08-4ce5-8c73-e8e440f11dbc"},"geometry":{"type":"Polygon","coordinates":[[[-97.75046,30.2767383],[-97.750437,30.2766663],[-97.7504325,30.2766674],[-97.7504555,30.2767394],[-97.75046,30.2767383]]]}},{"type":"Feature","properties":{"kind":"front","fam":"plSign","wd":"#7a4a2c","wg":"#8d5a38","wn":"#f1a472","base":4.3,"h":5.35,"nm":"House Park Bar-B-Que","cat":"restaurant","src":"G","bid":"bf9f176f-6a08-4ce5-8c73-e8e440f11dbc"},"geometry":{"type":"Polygon","coordinates":[[[-97.75046,30.2767383],[-97.750437,30.2766663],[-97.7504325,30.2766674],[-97.7504555,30.2767394],[-97.75046,30.2767383]]]}},{"type":"Feature","properties":{"kind":"awning","fam":"plAwn","wd":"#674532","wg":"#7f583f","wn":"#131116","base":3.84,"h":4.2,"nm":"House Park Bar-B-Que","cat":"restaurant","src":"G","bid":"bf9f176f-6a08-4ce5-8c73-e8e440f11dbc"},"geometry":{"type":"Polygon","coordinates":[[[-97.75047,30.2767359],[-97.750447,30.2766639],[-97.7504355,30.2766666],[-97.7504585,30.2767386],[-97.75047,30.2767359]]]}},{"type":"Feature","properties":{"kind":"front","fam":"plBulk","wd":"#39332e","wg":"#59493b","wn":"#0e0f16","base":0.0,"h":0.55,"nm":"House Park Bar-B-Que","cat":"restaurant","src":"G","bid":"bf9f176f-6a08-4ce5-8c73-e8e440f11dbc"},"geometry":{"type":"Polygon","coordinates":[[[-97.7504332,30.2766644],[-97.7503871,30.2766755],[-97.7503884,30.2766794],[-97.7504344,30.2766683],[-97.7504332,30.2766644]]]}},{"type":"Feature","properties":{"kind":"front","fam":"plGlass","wd":"#6e7a84","wg":"#858584","wn":"#14171f","base":0.55,"h":4.3,"nm":"House Park Bar-B-Que","cat":"restaurant","src":"G","bid":"bf9f176f-6a08-4ce5-8c73-e8e440f11dbc"},"geometry":{"type":"Polygon","coordinates":[[[-97.7504332,30.2766644],[-97.7503871,30.2766755],[-97.7503884,30.2766794],[-97.7504344,30.2766683],[-97.7504332,30.2766644]]]}},{"type":"Feature","properties":{"kind":"front","fam":"plSign","wd":"#7a4a2c","wg":"#8d5a38","wn":"#f1a472","base":4.3,"h":5.35,"nm":"House Park Bar-B-Que","cat":"restaurant","src":"G","bid":"bf9f176f-6a08-4ce5-8c73-e8e440f11dbc"},"geometry":{"type":"Polygon","coordinates":[[[-97.7504332,30.2766644],[-97.7503871,30.2766755],[-97.7503884,30.2766794],[-97.7504344,30.2766683],[-97.7504332,30.2766644]]]}},{"type":"Feature","properties":{"kind":"awning","fam":"plAwn","wd":"#674532","wg":"#7f583f","wn":"#131116","base":3.84,"h":4.2,"nm":"House Park Bar-B-Que","cat":"restaurant","src":"G","bid":"bf9f176f-6a08-4ce5-8c73-e8e440f11dbc"},"geometry":{"type":"Polygon","coordinates":[[[-97.7504304,30.2766558],[-97.7503843,30.2766669],[-97.7503875,30.2766768],[-97.7504336,30.2766657],[-97.7504304,30.2766558]]]}},{"type":"Feature","properties":{"kind":"label","nm":"House Park Bar-B-Que","cat":"restaurant","src":"G","sign":"#7a4a2c","dark":1},"geometry":{"type":"Point","coordinates":[-97.7504651,30.2766866]}},{"type":"Feature","properties":{"kind":"front","fam":"plBulk","wd":"#39332e","wg":"#59493b","wn":"#0e0f16","base":0.0,"h":0.55,"nm":"Rally House","cat":"clothes","src":"S","bid":"c0368fde-2194-44e6-9b80-51b70a90c538"},"geometry":{"type":"Polygon","coordinates":[[[-97.7419474,30.2854986],[-97.7419371,30.2855978],[-97.7419418,30.2855981],[-97.7419521,30.285499],[-97.7419474,30.2854986]]]}},{"type":"Feature","properties":{"kind":"front","fam":"plGlass","wd":"#6e7a84","wg":"#858584","wn":"#14171f","base":0.55,"h":4.3,"nm":"Rally House","cat":"clothes","src":"S","bid":"c0368fde-2194-44e6-9b80-51b70a90c538"},"geometry":{"type":"Polygon","coordinates":[[[-97.7419474,30.2854986],[-97.7419371,30.2855978],[-97.7419418,30.2855981],[-97.7419521,30.285499],[-97.7419474,30.2854986]]]}},{"type":"Feature","properties":{"kind":"front","fam":"plSign","wd":"#d42e12","wg":"#da4222","wn":"#f15a3d","base":4.3,"h":5.35,"nm":"Rally House","cat":"clothes","src":"S","bid":"c0368fde-2194-44e6-9b80-51b70a90c538"},"geometry":{"type":"Polygon","coordinates":[[[-97.7419474,30.2854986],[-97.7419371,30.2855978],[-97.7419418,30.2855981],[-97.7419521,30.285499],[-97.7419474,30.2854986]]]}},{"type":"Feature","properties":{"kind":"awning","fam":"plAwn","wd":"#ad301e","wg":"#ba472e","wn":"#1b0f14","base":3.84,"h":4.2,"nm":"Rally House","cat":"clothes","src":"S","bid":"c0368fde-2194-44e6-9b80-51b70a90c538"},"geometry":{"type":"Polygon","coordinates":[[[-97.741937,30.2854978],[-97.7419267,30.285597],[-97.7419386,30.2855979],[-97.7419489,30.2854987],[-97.741937,30.2854978]]]}},{"type":"Feature","properties":{"kind":"front","fam":"plBulk","wd":"#39332e","wg":"#59493b","wn":"#0e0f16","base":0.0,"h":0.55,"nm":"Rally House","cat":"clothes","src":"S","bid":"c0368fde-2194-44e6-9b80-51b70a90c538"},"geometry":{"type":"Polygon","coordinates":[[[-97.7419399,30.2856007],[-97.7419805,30.2856038],[-97.741981,30.2855998],[-97.7419403,30.2855967],[-97.7419399,30.2856007]]]}},{"type":"Feature","properties":{"kind":"front","fam":"plGlass","wd":"#6e7a84","wg":"#858584","wn":"#14171f","base":0.55,"h":4.3,"nm":"Rally House","cat":"clothes","src":"S","bid":"c0368fde-2194-44e6-9b80-51b70a90c538"},"geometry":{"type":"Polygon","coordinates":[[[-97.7419399,30.2856007],[-97.7419805,30.2856038],[-97.741981,30.2855998],[-97.7419403,30.2855967],[-97.7419399,30.2856007]]]}},{"type":"Feature","properties":{"kind":"front","fam":"plSign","wd":"#d42e12","wg":"#da4222","wn":"#f15a3d","base":4.3,"h":5.35,"nm":"Rally House","cat":"clothes","src":"S","bid":"c0368fde-2194-44e6-9b80-51b70a90c538"},"geometry":{"type":"Polygon","coordinates":[[[-97.7419399,30.2856007],[-97.7419805,30.2856038],[-97.741981,30.2855998],[-97.7419403,30.2855967],[-97.7419399,30.2856007]]]}},{"type":"Feature","properties":{"kind":"awning","fam":"plAwn","wd":"#ad301e","wg":"#ba472e","wn":"#1b0f14","base":3.84,"h":4.2,"nm":"Rally House","cat":"clothes","src":"S","bid":"c0368fde-2194-44e6-9b80-51b70a90c538"},"geometry":{"type":"Polygon","coordinates":[[[-97.741939,30.2856096],[-97.7419796,30.2856128],[-97.7419807,30.2856025],[-97.7419401,30.2855993],[-97.741939,30.2856096]]]}},{"type":"Feature","properties":{"kind":"label","nm":"Rally House","cat":"clothes","src":"S","sign":"#d42e12","dark":1},"geometry":{"type":"Point","coordinates":[-97.7419197,30.2855641]}},{"type":"Feature","properties":{"kind":"front","fam":"plBulk","wd":"#39332e","wg":"#59493b","wn":"#0e0f16","base":0.0,"h":0.55,"nm":"United States Postal Service","cat":"copyshop","src":"S","bid":"c0b36869-bf04-447d-8dd4-40977fa47b56"},"geometry":{"type":"Polygon","coordinates":[[[-97.7407254,30.285249],[-97.7405699,30.2852374],[-97.7405695,30.2852414],[-97.7407249,30.285253],[-97.7407254,30.285249]]]}},{"type":"Feature","properties":{"kind":"front","fam":"plGlass","wd":"#6e7a84","wg":"#858584","wn":"#14171f","base":0.55,"h":4.3,"nm":"United States Postal Service","cat":"copyshop","src":"S","bid":"c0b36869-bf04-447d-8dd4-40977fa47b56"},"geometry":{"type":"Polygon","coordinates":[[[-97.7407254,30.285249],[-97.7405699,30.2852374],[-97.7405695,30.2852414],[-97.7407249,30.285253],[-97.7407254,30.285249]]]}},{"type":"Feature","properties":{"kind":"front","fam":"plSign","wd":"#004b87","wg":"#245b86","wn":"#339bec","base":4.3,"h":5.35,"nm":"United States Postal Service","cat":"copyshop","src":"S","bid":"c0b36869-bf04-447d-8dd4-40977fa47b56"},"geometry":{"type":"Polygon","coordinates":[[[-97.7407254,30.285249],[-97.7405699,30.2852374],[-97.7405695,30.2852414],[-97.7407249,30.285253],[-97.7407254,30.285249]]]}},{"type":"Feature","properties":{"kind":"awning","fam":"plAwn","wd":"#094678","wg":"#30597a","wn":"#09111e","base":3.84,"h":4.2,"nm":"United States Postal Service","cat":"copyshop","src":"S","bid":"c0b36869-bf04-447d-8dd4-40977fa47b56"},"geometry":{"type":"Polygon","coordinates":[[[-97.7407262,30.28524],[-97.7405708,30.2852284],[-97.7405698,30.2852387],[-97.7407252,30.2852503],[-97.7407262,30.28524]]]}},{"type":"Feature","properties":{"kind":"label","nm":"United States Postal Service","cat":"copyshop","src":"S","sign":"#004b87","dark":1},"geometry":{"type":"Point","coordinates":[-97.7406494,30.2852253]}},{"type":"Feature","properties":{"kind":"front","fam":"plBulk","wd":"#39332e","wg":"#59493b","wn":"#0e0f16","base":0.0,"h":0.55,"nm":"Pizza Press","cat":"restaurant","src":"G","bid":"c1821b77-75e2-4b29-82f2-9636b79efbbc"},"geometry":{"type":"Polygon","coordinates":[[[-97.7420995,30.2906793],[-97.7421001,30.2906701],[-97.7420954,30.2906699],[-97.7420949,30.2906791],[-97.7420995,30.2906793]]]}},{"type":"Feature","properties":{"kind":"front","fam":"plGlass","wd":"#6e7a84","wg":"#858584","wn":"#14171f","base":0.55,"h":4.3,"nm":"Pizza Press","cat":"restaurant","src":"G","bid":"c1821b77-75e2-4b29-82f2-9636b79efbbc"},"geometry":{"type":"Polygon","coordinates":[[[-97.7420995,30.2906793],[-97.7421001,30.2906701],[-97.7420954,30.2906699],[-97.7420949,30.2906791],[-97.7420995,30.2906793]]]}},{"type":"Feature","properties":{"kind":"front","fam":"plSign","wd":"#3a3f4a","wg":"#565152","wn":"#8e939e","base":4.3,"h":5.35,"nm":"Pizza Press","cat":"restaurant","src":"G","bid":"c1821b77-75e2-4b29-82f2-9636b79efbbc"},"geometry":{"type":"Polygon","coordinates":[[[-97.7420995,30.2906793],[-97.7421001,30.2906701],[-97.7420954,30.2906699],[-97.7420949,30.2906791],[-97.7420995,30.2906793]]]}},{"type":"Feature","properties":{"kind":"awning","fam":"plAwn","wd":"#363d49","wg":"#565252","wn":"#0e1019","base":3.84,"h":4.2,"nm":"Pizza Press","cat":"restaurant","src":"G","bid":"c1821b77-75e2-4b29-82f2-9636b79efbbc"},"geometry":{"type":"Polygon","coordinates":[[[-97.7421099,30.2906798],[-97.7421105,30.2906706],[-97.7420986,30.2906701],[-97.742098,30.2906793],[-97.7421099,30.2906798]]]}},{"type":"Feature","properties":{"kind":"front","fam":"plBulk","wd":"#39332e","wg":"#59493b","wn":"#0e0f16","base":0.0,"h":0.55,"nm":"Pizza Press","cat":"restaurant","src":"G","bid":"c1821b77-75e2-4b29-82f2-9636b79efbbc"},"geometry":{"type":"Polygon","coordinates":[[[-97.7420861,30.2906692],[-97.7420891,30.2906292],[-97.7420844,30.2906289],[-97.7420814,30.2906689],[-97.7420861,30.2906692]]]}},{"type":"Feature","properties":{"kind":"front","fam":"plGlass","wd":"#6e7a84","wg":"#858584","wn":"#14171f","base":0.55,"h":4.3,"nm":"Pizza Press","cat":"restaurant","src":"G","bid":"c1821b77-75e2-4b29-82f2-9636b79efbbc"},"geometry":{"type":"Polygon","coordinates":[[[-97.7420861,30.2906692],[-97.7420891,30.2906292],[-97.7420844,30.2906289],[-97.7420814,30.2906689],[-97.7420861,30.2906692]]]}},{"type":"Feature","properties":{"kind":"front","fam":"plSign","wd":"#3a3f4a","wg":"#565152","wn":"#8e939e","base":4.3,"h":5.35,"nm":"Pizza Press","cat":"restaurant","src":"G","bid":"c1821b77-75e2-4b29-82f2-9636b79efbbc"},"geometry":{"type":"Polygon","coordinates":[[[-97.7420861,30.2906692],[-97.7420891,30.2906292],[-97.7420844,30.2906289],[-97.7420814,30.2906689],[-97.7420861,30.2906692]]]}},{"type":"Feature","properties":{"kind":"awning","fam":"plAwn","wd":"#363d49","wg":"#565252","wn":"#0e1019","base":3.84,"h":4.2,"nm":"Pizza Press","cat":"restaurant","src":"G","bid":"c1821b77-75e2-4b29-82f2-9636b79efbbc"},"geometry":{"type":"Polygon","coordinates":[[[-97.7420965,30.2906698],[-97.7420995,30.2906298],[-97.7420876,30.2906291],[-97.7420846,30.2906691],[-97.7420965,30.2906698]]]}},{"type":"Feature","properties":{"kind":"front","fam":"plBulk","wd":"#39332e","wg":"#59493b","wn":"#0e0f16","base":0.0,"h":0.55,"nm":"Pizza Press","cat":"restaurant","src":"G","bid":"c1821b77-75e2-4b29-82f2-9636b79efbbc"},"geometry":{"type":"Polygon","coordinates":[[[-97.7420863,30.2906263],[-97.7420363,30.2906223],[-97.7420359,30.2906263],[-97.7420859,30.2906303],[-97.7420863,30.2906263]]]}},{"type":"Feature","properties":{"kind":"front","fam":"plGlass","wd":"#6e7a84","wg":"#858584","wn":"#14171f","base":0.55,"h":4.3,"nm":"Pizza Press","cat":"restaurant","src":"G","bid":"c1821b77-75e2-4b29-82f2-9636b79efbbc"},"geometry":{"type":"Polygon","coordinates":[[[-97.7420863,30.2906263],[-97.7420363,30.2906223],[-97.7420359,30.2906263],[-97.7420859,30.2906303],[-97.7420863,30.2906263]]]}},{"type":"Feature","properties":{"kind":"front","fam":"plSign","wd":"#3a3f4a","wg":"#565152","wn":"#8e939e","base":4.3,"h":5.35,"nm":"Pizza Press","cat":"restaurant","src":"G","bid":"c1821b77-75e2-4b29-82f2-9636b79efbbc"},"geometry":{"type":"Polygon","coordinates":[[[-97.7420863,30.2906263],[-97.7420363,30.2906223],[-97.7420359,30.2906263],[-97.7420859,30.2906303],[-97.7420863,30.2906263]]]}},{"type":"Feature","properties":{"kind":"awning","fam":"plAwn","wd":"#363d49","wg":"#565252","wn":"#0e1019","base":3.84,"h":4.2,"nm":"Pizza Press","cat":"restaurant","src":"G","bid":"c1821b77-75e2-4b29-82f2-9636b79efbbc"},"geometry":{"type":"Polygon","coordinates":[[[-97.7420872,30.2906174],[-97.7420372,30.2906134],[-97.7420361,30.2906237],[-97.7420861,30.2906277],[-97.7420872,30.2906174]]]}},{"type":"Feature","properties":{"kind":"front","fam":"plBulk","wd":"#39332e","wg":"#59493b","wn":"#0e0f16","base":0.0,"h":0.55,"nm":"Pizza Press","cat":"restaurant","src":"G","bid":"c1821b77-75e2-4b29-82f2-9636b79efbbc"},"geometry":{"type":"Polygon","coordinates":[[[-97.7420352,30.2906393],[-97.7419866,30.2906361],[-97.7419863,30.2906401],[-97.7420349,30.2906433],[-97.7420352,30.2906393]]]}},{"type":"Feature","properties":{"kind":"front","fam":"plGlass","wd":"#6e7a84","wg":"#858584","wn":"#14171f","base":0.55,"h":4.3,"nm":"Pizza Press","cat":"restaurant","src":"G","bid":"c1821b77-75e2-4b29-82f2-9636b79efbbc"},"geometry":{"type":"Polygon","coordinates":[[[-97.7420352,30.2906393],[-97.7419866,30.2906361],[-97.7419863,30.2906401],[-97.7420349,30.2906433],[-97.7420352,30.2906393]]]}},{"type":"Feature","properties":{"kind":"front","fam":"plSign","wd":"#3a3f4a","wg":"#565152","wn":"#8e939e","base":4.3,"h":5.35,"nm":"Pizza Press","cat":"restaurant","src":"G","bid":"c1821b77-75e2-4b29-82f2-9636b79efbbc"},"geometry":{"type":"Polygon","coordinates":[[[-97.7420352,30.2906393],[-97.7419866,30.2906361],[-97.7419863,30.2906401],[-97.7420349,30.2906433],[-97.7420352,30.2906393]]]}},{"type":"Feature","properties":{"kind":"awning","fam":"plAwn","wd":"#363d49","wg":"#565252","wn":"#0e1019","base":3.84,"h":4.2,"nm":"Pizza Press","cat":"restaurant","src":"G","bid":"c1821b77-75e2-4b29-82f2-9636b79efbbc"},"geometry":{"type":"Polygon","coordinates":[[[-97.742036,30.2906304],[-97.7419874,30.2906271],[-97.7419865,30.2906374],[-97.7420351,30.2906407],[-97.742036,30.2906304]]]}},{"type":"Feature","properties":{"kind":"label","nm":"Pizza Press","cat":"restaurant","src":"G","sign":"#3a3f4a","dark":1},"geometry":{"type":"Point","coordinates":[-97.7420673,30.2906068]}},{"type":"Feature","properties":{"kind":"front","fam":"plBulk","wd":"#39332e","wg":"#59493b","wn":"#0e0f16","base":0.0,"h":0.55,"nm":"Scholz Garten","cat":"pub","src":"S","bid":"c2f1b1be-e18b-4475-9193-0578c82b9989"},"geometry":{"type":"Polygon","coordinates":[[[-97.7364812,30.277578],[-97.7365104,30.2774974],[-97.7365059,30.2774962],[-97.7364767,30.2775768],[-97.7364812,30.277578]]]}},{"type":"Feature","properties":{"kind":"front","fam":"plGlass","wd":"#6e7a84","wg":"#858584","wn":"#14171f","base":0.55,"h":4.3,"nm":"Scholz Garten","cat":"pub","src":"S","bid":"c2f1b1be-e18b-4475-9193-0578c82b9989"},"geometry":{"type":"Polygon","coordinates":[[[-97.7364812,30.277578],[-97.7365104,30.2774974],[-97.7365059,30.2774962],[-97.7364767,30.2775768],[-97.7364812,30.277578]]]}},{"type":"Feature","properties":{"kind":"front","fam":"plSign","wd":"#a88541","wg":"#b48d4a","wn":"#f0c777","base":4.3,"h":5.35,"nm":"Scholz Garten","cat":"pub","src":"S","bid":"c2f1b1be-e18b-4475-9193-0578c82b9989"},"geometry":{"type":"Polygon","coordinates":[[[-97.7364812,30.277578],[-97.7365104,30.2774974],[-97.7365059,30.2774962],[-97.7364767,30.2775768],[-97.7364812,30.277578]]]}},{"type":"Feature","properties":{"kind":"awning","fam":"plAwn","wd":"#8b7342","wg":"#9e7f4c","wn":"#171618","base":3.84,"h":4.2,"nm":"Scholz Garten","cat":"pub","src":"S","bid":"c2f1b1be-e18b-4475-9193-0578c82b9989"},"geometry":{"type":"Polygon","coordinates":[[[-97.7364911,30.2775807],[-97.7365203,30.2775001],[-97.7365089,30.277497],[-97.7364797,30.2775776],[-97.7364911,30.2775807]]]}},{"type":"Feature","properties":{"kind":"front","fam":"plBulk","wd":"#39332e","wg":"#59493b","wn":"#0e0f16","base":0.0,"h":0.55,"nm":"Scholz Garten","cat":"pub","src":"S","bid":"c2f1b1be-e18b-4475-9193-0578c82b9989"},"geometry":{"type":"Polygon","coordinates":[[[-97.7365084,30.277494],[-97.7364531,30.2774782],[-97.7364516,30.277482],[-97.7365069,30.2774979],[-97.7365084,30.277494]]]}},{"type":"Feature","properties":{"kind":"front","fam":"plGlass","wd":"#6e7a84","wg":"#858584","wn":"#14171f","base":0.55,"h":4.3,"nm":"Scholz Garten","cat":"pub","src":"S","bid":"c2f1b1be-e18b-4475-9193-0578c82b9989"},"geometry":{"type":"Polygon","coordinates":[[[-97.7365084,30.277494],[-97.7364531,30.2774782],[-97.7364516,30.277482],[-97.7365069,30.2774979],[-97.7365084,30.277494]]]}},{"type":"Feature","properties":{"kind":"front","fam":"plSign","wd":"#a88541","wg":"#b48d4a","wn":"#f0c777","base":4.3,"h":5.35,"nm":"Scholz Garten","cat":"pub","src":"S","bid":"c2f1b1be-e18b-4475-9193-0578c82b9989"},"geometry":{"type":"Polygon","coordinates":[[[-97.7365084,30.277494],[-97.7364531,30.2774782],[-97.7364516,30.277482],[-97.7365069,30.2774979],[-97.7365084,30.277494]]]}},{"type":"Feature","properties":{"kind":"awning","fam":"plAwn","wd":"#8b7342","wg":"#9e7f4c","wn":"#171618","base":3.84,"h":4.2,"nm":"Scholz Garten","cat":"pub","src":"S","bid":"c2f1b1be-e18b-4475-9193-0578c82b9989"},"geometry":{"type":"Polygon","coordinates":[[[-97.7365117,30.2774855],[-97.7364564,30.2774696],[-97.7364526,30.2774794],[-97.7365079,30.2774953],[-97.7365117,30.2774855]]]}},{"type":"Feature","properties":{"kind":"label","nm":"Scholz Garten","cat":"pub","src":"S","sign":"#a88541","dark":1},"geometry":{"type":"Point","coordinates":[-97.7365243,30.2775191]}},{"type":"Feature","properties":{"kind":"front","fam":"plBulk","wd":"#39332e","wg":"#59493b","wn":"#0e0f16","base":0.0,"h":0.55,"nm":"Good Company","cat":"clothes","src":"G","bid":"c78f98bd-c6bd-447c-92f7-b2af18c3fb75"},"geometry":{"type":"Polygon","coordinates":[[[-97.7510748,30.2770496],[-97.7510938,30.2770069],[-97.7510895,30.2770055],[-97.7510704,30.2770482],[-97.7510748,30.2770496]]]}},{"type":"Feature","properties":{"kind":"front","fam":"plGlass","wd":"#6e7a84","wg":"#858584","wn":"#14171f","base":0.55,"h":4.3,"nm":"Good Company","cat":"clothes","src":"G","bid":"c78f98bd-c6bd-447c-92f7-b2af18c3fb75"},"geometry":{"type":"Polygon","coordinates":[[[-97.7510748,30.2770496],[-97.7510938,30.2770069],[-97.7510895,30.2770055],[-97.7510704,30.2770482],[-97.7510748,30.2770496]]]}},{"type":"Feature","properties":{"kind":"front","fam":"plSign","wd":"#2a2a2e","wg":"#483f3a","wn":"#767475","base":4.3,"h":5.35,"nm":"Good Company","cat":"clothes","src":"G","bid":"c78f98bd-c6bd-447c-92f7-b2af18c3fb75"},"geometry":{"type":"Polygon","coordinates":[[[-97.7510748,30.2770496],[-97.7510938,30.2770069],[-97.7510895,30.2770055],[-97.7510704,30.2770482],[-97.7510748,30.2770496]]]}},{"type":"Feature","properties":{"kind":"awning","fam":"plAwn","wd":"#2a2d34","wg":"#4c4440","wn":"#0c0e17","base":3.84,"h":4.2,"nm":"Good Company","cat":"clothes","src":"G","bid":"c78f98bd-c6bd-447c-92f7-b2af18c3fb75"},"geometry":{"type":"Polygon","coordinates":[[[-97.7510845,30.2770528],[-97.7511036,30.2770102],[-97.7510924,30.2770065],[-97.7510733,30.2770491],[-97.7510845,30.2770528]]]}},{"type":"Feature","properties":{"kind":"front","fam":"plBulk","wd":"#39332e","wg":"#59493b","wn":"#0e0f16","base":0.0,"h":0.55,"nm":"Good Company","cat":"clothes","src":"G","bid":"c78f98bd-c6bd-447c-92f7-b2af18c3fb75"},"geometry":{"type":"Polygon","coordinates":[[[-97.7511132,30.2769561],[-97.7510292,30.276928],[-97.7510275,30.2769318],[-97.7511115,30.2769599],[-97.7511132,30.2769561]]]}},{"type":"Feature","properties":{"kind":"front","fam":"plGlass","wd":"#6e7a84","wg":"#858584","wn":"#14171f","base":0.55,"h":4.3,"nm":"Good Company","cat":"clothes","src":"G","bid":"c78f98bd-c6bd-447c-92f7-b2af18c3fb75"},"geometry":{"type":"Polygon","coordinates":[[[-97.7511132,30.2769561],[-97.7510292,30.276928],[-97.7510275,30.2769318],[-97.7511115,30.2769599],[-97.7511132,30.2769561]]]}},{"type":"Feature","properties":{"kind":"front","fam":"plSign","wd":"#2a2a2e","wg":"#483f3a","wn":"#767475","base":4.3,"h":5.35,"nm":"Good Company","cat":"clothes","src":"G","bid":"c78f98bd-c6bd-447c-92f7-b2af18c3fb75"},"geometry":{"type":"Polygon","coordinates":[[[-97.7511132,30.2769561],[-97.7510292,30.276928],[-97.7510275,30.2769318],[-97.7511115,30.2769599],[-97.7511132,30.2769561]]]}},{"type":"Feature","properties":{"kind":"awning","fam":"plAwn","wd":"#2a2d34","wg":"#4c4440","wn":"#0c0e17","base":3.84,"h":4.2,"nm":"Good Company","cat":"clothes","src":"G","bid":"c78f98bd-c6bd-447c-92f7-b2af18c3fb75"},"geometry":{"type":"Polygon","coordinates":[[[-97.751117,30.2769477],[-97.751033,30.2769196],[-97.7510287,30.2769292],[-97.7511127,30.2769573],[-97.751117,30.2769477]]]}},{"type":"Feature","properties":{"kind":"front","fam":"plBulk","wd":"#39332e","wg":"#59493b","wn":"#0e0f16","base":0.0,"h":0.55,"nm":"Good Company","cat":"clothes","src":"G","bid":"c78f98bd-c6bd-447c-92f7-b2af18c3fb75"},"geometry":{"type":"Polygon","coordinates":[[[-97.7510252,30.2769295],[-97.7510205,30.27694],[-97.7510249,30.2769415],[-97.7510296,30.276931],[-97.7510252,30.2769295]]]}},{"type":"Feature","properties":{"kind":"front","fam":"plGlass","wd":"#6e7a84","wg":"#858584","wn":"#14171f","base":0.55,"h":4.3,"nm":"Good Company","cat":"clothes","src":"G","bid":"c78f98bd-c6bd-447c-92f7-b2af18c3fb75"},"geometry":{"type":"Polygon","coordinates":[[[-97.7510252,30.2769295],[-97.7510205,30.27694],[-97.7510249,30.2769415],[-97.7510296,30.276931],[-97.7510252,30.2769295]]]}},{"type":"Feature","properties":{"kind":"front","fam":"plSign","wd":"#2a2a2e","wg":"#483f3a","wn":"#767475","base":4.3,"h":5.35,"nm":"Good Company","cat":"clothes","src":"G","bid":"c78f98bd-c6bd-447c-92f7-b2af18c3fb75"},"geometry":{"type":"Polygon","coordinates":[[[-97.7510252,30.2769295],[-97.7510205,30.27694],[-97.7510249,30.2769415],[-97.7510296,30.276931],[-97.7510252,30.2769295]]]}},{"type":"Feature","properties":{"kind":"awning","fam":"plAwn","wd":"#2a2d34","wg":"#4c4440","wn":"#0c0e17","base":3.84,"h":4.2,"nm":"Good Company","cat":"clothes","src":"G","bid":"c78f98bd-c6bd-447c-92f7-b2af18c3fb75"},"geometry":{"type":"Polygon","coordinates":[[[-97.7510155,30.2769263],[-97.7510108,30.2769368],[-97.751022,30.2769405],[-97.7510266,30.27693],[-97.7510155,30.2769263]]]}},{"type":"Feature","properties":{"kind":"label","nm":"Good Company","cat":"clothes","src":"G","sign":"#2a2a2e","dark":1},"geometry":{"type":"Point","coordinates":[-97.7510974,30.2769315]}},{"type":"Feature","properties":{"kind":"front","fam":"plBulk","wd":"#39332e","wg":"#59493b","wn":"#0e0f16","base":0.0,"h":0.55,"nm":"Counter Cafe","cat":"cafe","src":"G","bid":"ccd0fb64-e14f-4409-81aa-6468b5e0801d"},"geometry":{"type":"Polygon","coordinates":[[[-97.743248,30.2954081],[-97.7433405,30.2954148],[-97.7433409,30.2954107],[-97.7432483,30.2954041],[-97.743248,30.2954081]]]}},{"type":"Feature","properties":{"kind":"front","fam":"plGlass","wd":"#6e7a84","wg":"#858584","wn":"#14171f","base":0.55,"h":4.18,"nm":"Counter Cafe","cat":"cafe","src":"G","bid":"ccd0fb64-e14f-4409-81aa-6468b5e0801d"},"geometry":{"type":"Polygon","coordinates":[[[-97.743248,30.2954081],[-97.7433405,30.2954148],[-97.7433409,30.2954107],[-97.7432483,30.2954041],[-97.743248,30.2954081]]]}},{"type":"Feature","properties":{"kind":"front","fam":"plSign","wd":"#6b4a33","wg":"#805a3e","wn":"#e1ab82","base":4.18,"h":5.1,"nm":"Counter Cafe","cat":"cafe","src":"G","bid":"ccd0fb64-e14f-4409-81aa-6468b5e0801d"},"geometry":{"type":"Polygon","coordinates":[[[-97.743248,30.2954081],[-97.7433405,30.2954148],[-97.7433409,30.2954107],[-97.7432483,30.2954041],[-97.743248,30.2954081]]]}},{"type":"Feature","properties":{"kind":"awning","fam":"plAwn","wd":"#5c4537","wg":"#765843","wn":"#121117","base":3.72,"h":4.08,"nm":"Counter Cafe","cat":"cafe","src":"G","bid":"ccd0fb64-e14f-4409-81aa-6468b5e0801d"},"geometry":{"type":"Polygon","coordinates":[[[-97.7432471,30.2954171],[-97.7433396,30.2954237],[-97.7433406,30.2954134],[-97.7432481,30.2954068],[-97.7432471,30.2954171]]]}},{"type":"Feature","properties":{"kind":"front","fam":"plBulk","wd":"#39332e","wg":"#59493b","wn":"#0e0f16","base":0.0,"h":0.55,"nm":"Counter Cafe","cat":"cafe","src":"G","bid":"ccd0fb64-e14f-4409-81aa-6468b5e0801d"},"geometry":{"type":"Polygon","coordinates":[[[-97.7437931,30.2954912],[-97.7437945,30.2954757],[-97.7437898,30.2954754],[-97.7437884,30.2954909],[-97.7437931,30.2954912]]]}},{"type":"Feature","properties":{"kind":"front","fam":"plGlass","wd":"#6e7a84","wg":"#858584","wn":"#14171f","base":0.55,"h":4.18,"nm":"Counter Cafe","cat":"cafe","src":"G","bid":"ccd0fb64-e14f-4409-81aa-6468b5e0801d"},"geometry":{"type":"Polygon","coordinates":[[[-97.7437931,30.2954912],[-97.7437945,30.2954757],[-97.7437898,30.2954754],[-97.7437884,30.2954909],[-97.7437931,30.2954912]]]}},{"type":"Feature","properties":{"kind":"front","fam":"plSign","wd":"#6b4a33","wg":"#805a3e","wn":"#e1ab82","base":4.18,"h":5.1,"nm":"Counter Cafe","cat":"cafe","src":"G","bid":"ccd0fb64-e14f-4409-81aa-6468b5e0801d"},"geometry":{"type":"Polygon","coordinates":[[[-97.7437931,30.2954912],[-97.7437945,30.2954757],[-97.7437898,30.2954754],[-97.7437884,30.2954909],[-97.7437931,30.2954912]]]}},{"type":"Feature","properties":{"kind":"awning","fam":"plAwn","wd":"#5c4537","wg":"#765843","wn":"#121117","base":3.72,"h":4.08,"nm":"Counter Cafe","cat":"cafe","src":"G","bid":"ccd0fb64-e14f-4409-81aa-6468b5e0801d"},"geometry":{"type":"Polygon","coordinates":[[[-97.7438035,30.2954919],[-97.7438049,30.2954764],[-97.7437929,30.2954756],[-97.7437916,30.2954911],[-97.7438035,30.2954919]]]}},{"type":"Feature","properties":{"kind":"label","nm":"Counter Cafe","cat":"cafe","src":"G","sign":"#6b4a33","dark":1},"geometry":{"type":"Point","coordinates":[-97.7433015,30.29543]}},{"type":"Feature","properties":{"kind":"front","fam":"plBulk","wd":"#39332e","wg":"#59493b","wn":"#0e0f16","base":0.0,"h":0.55,"nm":"Dooby's Smoking Depot","cat":"cannabis","src":"G","bid":"ccd0fb64-e14f-4409-81aa-6468b5e0801d"},"geometry":{"type":"Polygon","coordinates":[[[-97.7437955,30.2954649],[-97.743804,30.2953695],[-97.7437994,30.2953692],[-97.7437908,30.2954646],[-97.7437955,30.2954649]]]}},{"type":"Feature","properties":{"kind":"front","fam":"plGlass","wd":"#6e7a84","wg":"#858584","wn":"#14171f","base":0.55,"h":4.18,"nm":"Dooby's Smoking Depot","cat":"cannabis","src":"G","bid":"ccd0fb64-e14f-4409-81aa-6468b5e0801d"},"geometry":{"type":"Polygon","coordinates":[[[-97.7437955,30.2954649],[-97.743804,30.2953695],[-97.7437994,30.2953692],[-97.7437908,30.2954646],[-97.7437955,30.2954649]]]}},{"type":"Feature","properties":{"kind":"front","fam":"plSign","wd":"#2a3a2a","wg":"#484c36","wn":"#8ca786","base":4.18,"h":5.1,"nm":"Dooby's Smoking Depot","cat":"cannabis","src":"G","bid":"ccd0fb64-e14f-4409-81aa-6468b5e0801d"},"geometry":{"type":"Polygon","coordinates":[[[-97.7437955,30.2954649],[-97.743804,30.2953695],[-97.7437994,30.2953692],[-97.7437908,30.2954646],[-97.7437955,30.2954649]]]}},{"type":"Feature","properties":{"kind":"awning","fam":"plAwn","wd":"#2a3931","wg":"#4c4e3e","wn":"#0c1016","base":3.72,"h":4.08,"nm":"Dooby's Smoking Depot","cat":"cannabis","src":"G","bid":"ccd0fb64-e14f-4409-81aa-6468b5e0801d"},"geometry":{"type":"Polygon","coordinates":[[[-97.7438058,30.2954656],[-97.7438144,30.2953702],[-97.7438025,30.2953694],[-97.7437939,30.2954648],[-97.7438058,30.2954656]]]}},{"type":"Feature","properties":{"kind":"label","nm":"Dooby's Smoking Depot","cat":"cannabis","src":"G","sign":"#2a3a2a","dark":1},"geometry":{"type":"Point","coordinates":[-97.7438205,30.2954186]}},{"type":"Feature","properties":{"kind":"front","fam":"plBulk","wd":"#39332e","wg":"#59493b","wn":"#0e0f16","base":0.0,"h":0.55,"nm":"Alienated Majesty Books","cat":"books","src":"G","bid":"ccd0fb64-e14f-4409-81aa-6468b5e0801d"},"geometry":{"type":"Polygon","coordinates":[[[-97.743805,30.2953587],[-97.7438061,30.2953462],[-97.7438014,30.2953459],[-97.7438003,30.2953584],[-97.743805,30.2953587]]]}},{"type":"Feature","properties":{"kind":"front","fam":"plGlass","wd":"#6e7a84","wg":"#858584","wn":"#14171f","base":0.55,"h":4.18,"nm":"Alienated Majesty Books","cat":"books","src":"G","bid":"ccd0fb64-e14f-4409-81aa-6468b5e0801d"},"geometry":{"type":"Polygon","coordinates":[[[-97.743805,30.2953587],[-97.7438061,30.2953462],[-97.7438014,30.2953459],[-97.7438003,30.2953584],[-97.743805,30.2953587]]]}},{"type":"Feature","properties":{"kind":"front","fam":"plSign","wd":"#3a2f28","wg":"#564335","wn":"#b09887","base":4.18,"h":5.1,"nm":"Alienated Majesty Books","cat":"books","src":"G","bid":"ccd0fb64-e14f-4409-81aa-6468b5e0801d"},"geometry":{"type":"Polygon","coordinates":[[[-97.743805,30.2953587],[-97.7438061,30.2953462],[-97.7438014,30.2953459],[-97.7438003,30.2953584],[-97.743805,30.2953587]]]}},{"type":"Feature","properties":{"kind":"awning","fam":"plAwn","wd":"#36302f","wg":"#56473c","wn":"#0e0f16","base":3.72,"h":4.08,"nm":"Alienated Majesty Books","cat":"books","src":"G","bid":"ccd0fb64-e14f-4409-81aa-6468b5e0801d"},"geometry":{"type":"Polygon","coordinates":[[[-97.7438154,30.2953594],[-97.7438165,30.2953469],[-97.7438046,30.2953461],[-97.7438034,30.2953586],[-97.7438154,30.2953594]]]}},{"type":"Feature","properties":{"kind":"front","fam":"plBulk","wd":"#39332e","wg":"#59493b","wn":"#0e0f16","base":0.0,"h":0.55,"nm":"Alienated Majesty Books","cat":"books","src":"G","bid":"ccd0fb64-e14f-4409-81aa-6468b5e0801d"},"geometry":{"type":"Polygon","coordinates":[[[-97.7438032,30.2953433],[-97.7437072,30.2953367],[-97.7437069,30.2953407],[-97.7438029,30.2953473],[-97.7438032,30.2953433]]]}},{"type":"Feature","properties":{"kind":"front","fam":"plGlass","wd":"#6e7a84","wg":"#858584","wn":"#14171f","base":0.55,"h":4.18,"nm":"Alienated Majesty Books","cat":"books","src":"G","bid":"ccd0fb64-e14f-4409-81aa-6468b5e0801d"},"geometry":{"type":"Polygon","coordinates":[[[-97.7438032,30.2953433],[-97.7437072,30.2953367],[-97.7437069,30.2953407],[-97.7438029,30.2953473],[-97.7438032,30.2953433]]]}},{"type":"Feature","properties":{"kind":"front","fam":"plSign","wd":"#3a2f28","wg":"#564335","wn":"#b09887","base":4.18,"h":5.1,"nm":"Alienated Majesty Books","cat":"books","src":"G","bid":"ccd0fb64-e14f-4409-81aa-6468b5e0801d"},"geometry":{"type":"Polygon","coordinates":[[[-97.7438032,30.2953433],[-97.7437072,30.2953367],[-97.7437069,30.2953407],[-97.7438029,30.2953473],[-97.7438032,30.2953433]]]}},{"type":"Feature","properties":{"kind":"awning","fam":"plAwn","wd":"#36302f","wg":"#56473c","wn":"#0e0f16","base":3.72,"h":4.08,"nm":"Alienated Majesty Books","cat":"books","src":"G","bid":"ccd0fb64-e14f-4409-81aa-6468b5e0801d"},"geometry":{"type":"Polygon","coordinates":[[[-97.7438041,30.2953344],[-97.7437081,30.2953278],[-97.7437071,30.295338],[-97.7438031,30.2953447],[-97.7438041,30.2953344]]]}},{"type":"Feature","properties":{"kind":"label","nm":"Alienated Majesty Books","cat":"books","src":"G","sign":"#3a2f28","dark":1},"geometry":{"type":"Point","coordinates":[-97.7437642,30.2953226]}},{"type":"Feature","properties":{"kind":"front","fam":"plBulk","wd":"#39332e","wg":"#59493b","wn":"#0e0f16","base":0.0,"h":0.55,"nm":"ALC Steaks","cat":"restaurant","src":"G","bid":"d250362e-f92c-4abd-b685-fc8331529930"},"geometry":{"type":"Polygon","coordinates":[[[-97.7509427,30.2776292],[-97.7509879,30.2775179],[-97.7509835,30.2775166],[-97.7509383,30.2776278],[-97.7509427,30.2776292]]]}},{"type":"Feature","properties":{"kind":"front","fam":"plGlass","wd":"#6e7a84","wg":"#858584","wn":"#14171f","base":0.55,"h":4.3,"nm":"ALC Steaks","cat":"restaurant","src":"G","bid":"d250362e-f92c-4abd-b685-fc8331529930"},"geometry":{"type":"Polygon","coordinates":[[[-97.7509427,30.2776292],[-97.7509879,30.2775179],[-97.7509835,30.2775166],[-97.7509383,30.2776278],[-97.7509427,30.2776292]]]}},{"type":"Feature","properties":{"kind":"front","fam":"plSign","wd":"#7a4a2c","wg":"#8d5a38","wn":"#f1a472","base":4.3,"h":5.35,"nm":"ALC Steaks","cat":"restaurant","src":"G","bid":"d250362e-f92c-4abd-b685-fc8331529930"},"geometry":{"type":"Polygon","coordinates":[[[-97.7509427,30.2776292],[-97.7509879,30.2775179],[-97.7509835,30.2775166],[-97.7509383,30.2776278],[-97.7509427,30.2776292]]]}},{"type":"Feature","properties":{"kind":"awning","fam":"plAwn","wd":"#674532","wg":"#7f583f","wn":"#131116","base":3.84,"h":4.2,"nm":"ALC Steaks","cat":"restaurant","src":"G","bid":"d250362e-f92c-4abd-b685-fc8331529930"},"geometry":{"type":"Polygon","coordinates":[[[-97.7509526,30.2776321],[-97.7509978,30.2775209],[-97.7509865,30.2775174],[-97.7509413,30.2776287],[-97.7509526,30.2776321]]]}},{"type":"Feature","properties":{"kind":"front","fam":"plBulk","wd":"#39332e","wg":"#59493b","wn":"#0e0f16","base":0.0,"h":0.55,"nm":"ALC Steaks","cat":"restaurant","src":"G","bid":"d250362e-f92c-4abd-b685-fc8331529930"},"geometry":{"type":"Polygon","coordinates":[[[-97.7509639,30.2775099],[-97.7509706,30.2774941],[-97.7509662,30.2774927],[-97.7509595,30.2775085],[-97.7509639,30.2775099]]]}},{"type":"Feature","properties":{"kind":"front","fam":"plGlass","wd":"#6e7a84","wg":"#858584","wn":"#14171f","base":0.55,"h":4.3,"nm":"ALC Steaks","cat":"restaurant","src":"G","bid":"d250362e-f92c-4abd-b685-fc8331529930"},"geometry":{"type":"Polygon","coordinates":[[[-97.7509639,30.2775099],[-97.7509706,30.2774941],[-97.7509662,30.2774927],[-97.7509595,30.2775085],[-97.7509639,30.2775099]]]}},{"type":"Feature","properties":{"kind":"front","fam":"plSign","wd":"#7a4a2c","wg":"#8d5a38","wn":"#f1a472","base":4.3,"h":5.35,"nm":"ALC Steaks","cat":"restaurant","src":"G","bid":"d250362e-f92c-4abd-b685-fc8331529930"},"geometry":{"type":"Polygon","coordinates":[[[-97.7509639,30.2775099],[-97.7509706,30.2774941],[-97.7509662,30.2774927],[-97.7509595,30.2775085],[-97.7509639,30.2775099]]]}},{"type":"Feature","properties":{"kind":"awning","fam":"plAwn","wd":"#674532","wg":"#7f583f","wn":"#131116","base":3.84,"h":4.2,"nm":"ALC Steaks","cat":"restaurant","src":"G","bid":"d250362e-f92c-4abd-b685-fc8331529930"},"geometry":{"type":"Polygon","coordinates":[[[-97.7509737,30.277513],[-97.7509803,30.2774972],[-97.7509691,30.2774936],[-97.7509625,30.2775095],[-97.7509737,30.277513]]]}},{"type":"Feature","properties":{"kind":"label","nm":"ALC Steaks","cat":"restaurant","src":"G","sign":"#7a4a2c","dark":1},"geometry":{"type":"Point","coordinates":[-97.7509882,30.2775715]}},{"type":"Feature","properties":{"kind":"front","fam":"plBulk","wd":"#39332e","wg":"#59493b","wn":"#0e0f16","base":0.0,"h":0.55,"nm":"Tapioca House","cat":"cafe","src":"G","bid":"d512c1fb-2e30-4d4a-a7d5-eac32521d397"},"geometry":{"type":"Polygon","coordinates":[[[-97.7422438,30.2824497],[-97.7423352,30.2824552],[-97.7423356,30.2824512],[-97.7422441,30.2824456],[-97.7422438,30.2824497]]]}},{"type":"Feature","properties":{"kind":"front","fam":"plGlass","wd":"#6e7a84","wg":"#858584","wn":"#14171f","base":0.55,"h":4.3,"nm":"Tapioca House","cat":"cafe","src":"G","bid":"d512c1fb-2e30-4d4a-a7d5-eac32521d397"},"geometry":{"type":"Polygon","coordinates":[[[-97.7422438,30.2824497],[-97.7423352,30.2824552],[-97.7423356,30.2824512],[-97.7422441,30.2824456],[-97.7422438,30.2824497]]]}},{"type":"Feature","properties":{"kind":"front","fam":"plSign","wd":"#7a5c3c","wg":"#8d6a46","wn":"#e1b585","base":4.3,"h":5.35,"nm":"Tapioca House","cat":"cafe","src":"G","bid":"d512c1fb-2e30-4d4a-a7d5-eac32521d397"},"geometry":{"type":"Polygon","coordinates":[[[-97.7422438,30.2824497],[-97.7423352,30.2824552],[-97.7423356,30.2824512],[-97.7422441,30.2824456],[-97.7422438,30.2824497]]]}},{"type":"Feature","properties":{"kind":"awning","fam":"plAwn","wd":"#67533e","wg":"#7f6449","wn":"#131218","base":3.84,"h":4.2,"nm":"Tapioca House","cat":"cafe","src":"G","bid":"d512c1fb-2e30-4d4a-a7d5-eac32521d397"},"geometry":{"type":"Polygon","coordinates":[[[-97.7422431,30.2824586],[-97.7423345,30.2824642],[-97.7423354,30.2824539],[-97.7422439,30.2824483],[-97.7422431,30.2824586]]]}},{"type":"Feature","properties":{"kind":"front","fam":"plBulk","wd":"#39332e","wg":"#59493b","wn":"#0e0f16","base":0.0,"h":0.55,"nm":"Tapioca House","cat":"cafe","src":"G","bid":"d512c1fb-2e30-4d4a-a7d5-eac32521d397"},"geometry":{"type":"Polygon","coordinates":[[[-97.7422388,30.2823875],[-97.7422351,30.2824411],[-97.7422397,30.2824413],[-97.7422435,30.2823878],[-97.7422388,30.2823875]]]}},{"type":"Feature","properties":{"kind":"front","fam":"plGlass","wd":"#6e7a84","wg":"#858584","wn":"#14171f","base":0.55,"h":4.3,"nm":"Tapioca House","cat":"cafe","src":"G","bid":"d512c1fb-2e30-4d4a-a7d5-eac32521d397"},"geometry":{"type":"Polygon","coordinates":[[[-97.7422388,30.2823875],[-97.7422351,30.2824411],[-97.7422397,30.2824413],[-97.7422435,30.2823878],[-97.7422388,30.2823875]]]}},{"type":"Feature","properties":{"kind":"front","fam":"plSign","wd":"#7a5c3c","wg":"#8d6a46","wn":"#e1b585","base":4.3,"h":5.35,"nm":"Tapioca House","cat":"cafe","src":"G","bid":"d512c1fb-2e30-4d4a-a7d5-eac32521d397"},"geometry":{"type":"Polygon","coordinates":[[[-97.7422388,30.2823875],[-97.7422351,30.2824411],[-97.7422397,30.2824413],[-97.7422435,30.2823878],[-97.7422388,30.2823875]]]}},{"type":"Feature","properties":{"kind":"awning","fam":"plAwn","wd":"#67533e","wg":"#7f6449","wn":"#131218","base":3.84,"h":4.2,"nm":"Tapioca House","cat":"cafe","src":"G","bid":"d512c1fb-2e30-4d4a-a7d5-eac32521d397"},"geometry":{"type":"Polygon","coordinates":[[[-97.7422284,30.282387],[-97.7422247,30.2824405],[-97.7422366,30.2824411],[-97.7422403,30.2823876],[-97.7422284,30.282387]]]}},{"type":"Feature","properties":{"kind":"label","nm":"Tapioca House","cat":"cafe","src":"G","sign":"#7a5c3c","dark":1},"geometry":{"type":"Point","coordinates":[-97.742319,30.2824723]}},{"type":"Feature","properties":{"kind":"front","fam":"plBulk","wd":"#39332e","wg":"#59493b","wn":"#0e0f16","base":0.0,"h":0.55,"nm":"Idlewild Coffee","cat":"cafe","src":"G","bid":"d7c85692-b606-4a29-9c2b-a7dd2e7db699"},"geometry":{"type":"Polygon","coordinates":[[[-97.7495912,30.2764895],[-97.7494625,30.2764546],[-97.7494611,30.2764585],[-97.7495898,30.2764934],[-97.7495912,30.2764895]]]}},{"type":"Feature","properties":{"kind":"front","fam":"plGlass","wd":"#6e7a84","wg":"#858584","wn":"#14171f","base":0.55,"h":4.3,"nm":"Idlewild Coffee","cat":"cafe","src":"G","bid":"d7c85692-b606-4a29-9c2b-a7dd2e7db699"},"geometry":{"type":"Polygon","coordinates":[[[-97.7495912,30.2764895],[-97.7494625,30.2764546],[-97.7494611,30.2764585],[-97.7495898,30.2764934],[-97.7495912,30.2764895]]]}},{"type":"Feature","properties":{"kind":"front","fam":"plSign","wd":"#3d3a34","wg":"#584c3f","wn":"#8f8a7f","base":4.3,"h":5.35,"nm":"Idlewild Coffee","cat":"cafe","src":"G","bid":"d7c85692-b606-4a29-9c2b-a7dd2e7db699"},"geometry":{"type":"Polygon","coordinates":[[[-97.7495912,30.2764895],[-97.7494625,30.2764546],[-97.7494611,30.2764585],[-97.7495898,30.2764934],[-97.7495912,30.2764895]]]}},{"type":"Feature","properties":{"kind":"awning","fam":"plAwn","wd":"#383938","wg":"#584e44","wn":"#0e1017","base":3.84,"h":4.2,"nm":"Idlewild Coffee","cat":"cafe","src":"G","bid":"d7c85692-b606-4a29-9c2b-a7dd2e7db699"},"geometry":{"type":"Polygon","coordinates":[[[-97.7495943,30.2764809],[-97.7494657,30.2764461],[-97.7494621,30.2764559],[-97.7495907,30.2764908],[-97.7495943,30.2764809]]]}},{"type":"Feature","properties":{"kind":"front","fam":"plBulk","wd":"#39332e","wg":"#59493b","wn":"#0e0f16","base":0.0,"h":0.55,"nm":"Idlewild Coffee","cat":"cafe","src":"G","bid":"d7c85692-b606-4a29-9c2b-a7dd2e7db699"},"geometry":{"type":"Polygon","coordinates":[[[-97.7494625,30.2764546],[-97.7494423,30.2764491],[-97.7494409,30.276453],[-97.7494611,30.2764585],[-97.7494625,30.2764546]]]}},{"type":"Feature","properties":{"kind":"front","fam":"plGlass","wd":"#6e7a84","wg":"#858584","wn":"#14171f","base":0.55,"h":4.3,"nm":"Idlewild Coffee","cat":"cafe","src":"G","bid":"d7c85692-b606-4a29-9c2b-a7dd2e7db699"},"geometry":{"type":"Polygon","coordinates":[[[-97.7494625,30.2764546],[-97.7494423,30.2764491],[-97.7494409,30.276453],[-97.7494611,30.2764585],[-97.7494625,30.2764546]]]}},{"type":"Feature","properties":{"kind":"front","fam":"plSign","wd":"#3d3a34","wg":"#584c3f","wn":"#8f8a7f","base":4.3,"h":5.35,"nm":"Idlewild Coffee","cat":"cafe","src":"G","bid":"d7c85692-b606-4a29-9c2b-a7dd2e7db699"},"geometry":{"type":"Polygon","coordinates":[[[-97.7494625,30.2764546],[-97.7494423,30.2764491],[-97.7494409,30.276453],[-97.7494611,30.2764585],[-97.7494625,30.2764546]]]}},{"type":"Feature","properties":{"kind":"awning","fam":"plAwn","wd":"#383938","wg":"#584e44","wn":"#0e1017","base":3.84,"h":4.2,"nm":"Idlewild Coffee","cat":"cafe","src":"G","bid":"d7c85692-b606-4a29-9c2b-a7dd2e7db699"},"geometry":{"type":"Polygon","coordinates":[[[-97.7494657,30.2764461],[-97.7494454,30.2764406],[-97.7494418,30.2764504],[-97.7494621,30.2764559],[-97.7494657,30.2764461]]]}},{"type":"Feature","properties":{"kind":"label","nm":"Idlewild Coffee","cat":"cafe","src":"G","sign":"#3d3a34","dark":1},"geometry":{"type":"Point","coordinates":[-97.749523,30.2764522]}},{"type":"Feature","properties":{"kind":"front","fam":"plBulk","wd":"#39332e","wg":"#59493b","wn":"#0e0f16","base":0.0,"h":0.55,"nm":"No-Comply Skate Shop","cat":"sports","src":"G","bid":"d7c85692-b606-4a29-9c2b-a7dd2e7db699"},"geometry":{"type":"Polygon","coordinates":[[[-97.7498061,30.2768411],[-97.7498132,30.2768201],[-97.7498087,30.2768189],[-97.7498016,30.27684],[-97.7498061,30.2768411]]]}},{"type":"Feature","properties":{"kind":"front","fam":"plGlass","wd":"#6e7a84","wg":"#858584","wn":"#14171f","base":0.55,"h":4.3,"nm":"No-Comply Skate Shop","cat":"sports","src":"G","bid":"d7c85692-b606-4a29-9c2b-a7dd2e7db699"},"geometry":{"type":"Polygon","coordinates":[[[-97.7498061,30.2768411],[-97.7498132,30.2768201],[-97.7498087,30.2768189],[-97.7498016,30.27684],[-97.7498061,30.2768411]]]}},{"type":"Feature","properties":{"kind":"front","fam":"plSign","wd":"#20304a","wg":"#3f4452","wn":"#82a6e1","base":4.3,"h":5.35,"nm":"No-Comply Skate Shop","cat":"sports","src":"G","bid":"d7c85692-b606-4a29-9c2b-a7dd2e7db699"},"geometry":{"type":"Polygon","coordinates":[[[-97.7498061,30.2768411],[-97.7498132,30.2768201],[-97.7498087,30.2768189],[-97.7498016,30.27684],[-97.7498061,30.2768411]]]}},{"type":"Feature","properties":{"kind":"awning","fam":"plAwn","wd":"#223149","wg":"#454852","wn":"#0b0f19","base":3.84,"h":4.2,"nm":"No-Comply Skate Shop","cat":"sports","src":"G","bid":"d7c85692-b606-4a29-9c2b-a7dd2e7db699"},"geometry":{"type":"Polygon","coordinates":[[[-97.7498161,30.2768436],[-97.7498232,30.2768226],[-97.7498117,30.2768197],[-97.7498046,30.2768407],[-97.7498161,30.2768436]]]}},{"type":"Feature","properties":{"kind":"front","fam":"plBulk","wd":"#39332e","wg":"#59493b","wn":"#0e0f16","base":0.0,"h":0.55,"nm":"No-Comply Skate Shop","cat":"sports","src":"G","bid":"d7c85692-b606-4a29-9c2b-a7dd2e7db699"},"geometry":{"type":"Polygon","coordinates":[[[-97.7498132,30.2768201],[-97.7498429,30.2767324],[-97.7498384,30.2767312],[-97.7498087,30.2768189],[-97.7498132,30.2768201]]]}},{"type":"Feature","properties":{"kind":"front","fam":"plGlass","wd":"#6e7a84","wg":"#858584","wn":"#14171f","base":0.55,"h":4.3,"nm":"No-Comply Skate Shop","cat":"sports","src":"G","bid":"d7c85692-b606-4a29-9c2b-a7dd2e7db699"},"geometry":{"type":"Polygon","coordinates":[[[-97.7498132,30.2768201],[-97.7498429,30.2767324],[-97.7498384,30.2767312],[-97.7498087,30.2768189],[-97.7498132,30.2768201]]]}},{"type":"Feature","properties":{"kind":"front","fam":"plSign","wd":"#20304a","wg":"#3f4452","wn":"#82a6e1","base":4.3,"h":5.35,"nm":"No-Comply Skate Shop","cat":"sports","src":"G","bid":"d7c85692-b606-4a29-9c2b-a7dd2e7db699"},"geometry":{"type":"Polygon","coordinates":[[[-97.7498132,30.2768201],[-97.7498429,30.2767324],[-97.7498384,30.2767312],[-97.7498087,30.2768189],[-97.7498132,30.2768201]]]}},{"type":"Feature","properties":{"kind":"awning","fam":"plAwn","wd":"#223149","wg":"#454852","wn":"#0b0f19","base":3.84,"h":4.2,"nm":"No-Comply Skate Shop","cat":"sports","src":"G","bid":"d7c85692-b606-4a29-9c2b-a7dd2e7db699"},"geometry":{"type":"Polygon","coordinates":[[[-97.7498232,30.2768226],[-97.7498529,30.2767349],[-97.7498414,30.276732],[-97.7498117,30.2768197],[-97.7498232,30.2768226]]]}},{"type":"Feature","properties":{"kind":"front","fam":"plBulk","wd":"#39332e","wg":"#59493b","wn":"#0e0f16","base":0.0,"h":0.55,"nm":"No-Comply Skate Shop","cat":"sports","src":"G","bid":"d7c85692-b606-4a29-9c2b-a7dd2e7db699"},"geometry":{"type":"Polygon","coordinates":[[[-97.749843,30.2767311],[-97.7498381,30.27671],[-97.7498335,30.2767108],[-97.7498384,30.2767319],[-97.749843,30.2767311]]]}},{"type":"Feature","properties":{"kind":"front","fam":"plGlass","wd":"#6e7a84","wg":"#858584","wn":"#14171f","base":0.55,"h":4.3,"nm":"No-Comply Skate Shop","cat":"sports","src":"G","bid":"d7c85692-b606-4a29-9c2b-a7dd2e7db699"},"geometry":{"type":"Polygon","coordinates":[[[-97.749843,30.2767311],[-97.7498381,30.27671],[-97.7498335,30.2767108],[-97.7498384,30.2767319],[-97.749843,30.2767311]]]}},{"type":"Feature","properties":{"kind":"front","fam":"plSign","wd":"#20304a","wg":"#3f4452","wn":"#82a6e1","base":4.3,"h":5.35,"nm":"No-Comply Skate Shop","cat":"sports","src":"G","bid":"d7c85692-b606-4a29-9c2b-a7dd2e7db699"},"geometry":{"type":"Polygon","coordinates":[[[-97.749843,30.2767311],[-97.7498381,30.27671],[-97.7498335,30.2767108],[-97.7498384,30.2767319],[-97.749843,30.2767311]]]}},{"type":"Feature","properties":{"kind":"awning","fam":"plAwn","wd":"#223149","wg":"#454852","wn":"#0b0f19","base":3.84,"h":4.2,"nm":"No-Comply Skate Shop","cat":"sports","src":"G","bid":"d7c85692-b606-4a29-9c2b-a7dd2e7db699"},"geometry":{"type":"Polygon","coordinates":[[[-97.7498532,30.2767293],[-97.7498483,30.2767083],[-97.7498365,30.2767103],[-97.7498414,30.2767313],[-97.7498532,30.2767293]]]}},{"type":"Feature","properties":{"kind":"label","nm":"No-Comply Skate Shop","cat":"sports","src":"G","sign":"#20304a","dark":1},"geometry":{"type":"Point","coordinates":[-97.7498479,30.2767815]}},{"type":"Feature","properties":{"kind":"front","fam":"plBulk","wd":"#39332e","wg":"#59493b","wn":"#0e0f16","base":0.0,"h":0.55,"nm":"Monkies Vintage & Thrift","cat":"second_hand","src":"G","bid":"d8630595-19db-4fc1-b0b1-91c9dc0eaae8"},"geometry":{"type":"Polygon","coordinates":[[[-97.7423631,30.2821932],[-97.7423544,30.2821925],[-97.742354,30.2821965],[-97.7423627,30.2821972],[-97.7423631,30.2821932]]]}},{"type":"Feature","properties":{"kind":"front","fam":"plGlass","wd":"#6e7a84","wg":"#858584","wn":"#14171f","base":0.55,"h":4.3,"nm":"Monkies Vintage & Thrift","cat":"second_hand","src":"G","bid":"d8630595-19db-4fc1-b0b1-91c9dc0eaae8"},"geometry":{"type":"Polygon","coordinates":[[[-97.7423631,30.2821932],[-97.7423544,30.2821925],[-97.742354,30.2821965],[-97.7423627,30.2821972],[-97.7423631,30.2821932]]]}},{"type":"Feature","properties":{"kind":"front","fam":"plSign","wd":"#4a3a4a","wg":"#634c52","wn":"#a38c9e","base":4.3,"h":5.35,"nm":"Monkies Vintage & Thrift","cat":"second_hand","src":"G","bid":"d8630595-19db-4fc1-b0b1-91c9dc0eaae8"},"geometry":{"type":"Polygon","coordinates":[[[-97.7423631,30.2821932],[-97.7423544,30.2821925],[-97.742354,30.2821965],[-97.7423627,30.2821972],[-97.7423631,30.2821932]]]}},{"type":"Feature","properties":{"kind":"awning","fam":"plAwn","wd":"#423949","wg":"#604e52","wn":"#0f1019","base":3.84,"h":4.2,"nm":"Monkies Vintage & Thrift","cat":"second_hand","src":"G","bid":"d8630595-19db-4fc1-b0b1-91c9dc0eaae8"},"geometry":{"type":"Polygon","coordinates":[[[-97.7423639,30.2821842],[-97.7423553,30.2821836],[-97.7423542,30.2821939],[-97.7423629,30.2821945],[-97.7423639,30.2821842]]]}},{"type":"Feature","properties":{"kind":"front","fam":"plBulk","wd":"#39332e","wg":"#59493b","wn":"#0e0f16","base":0.0,"h":0.55,"nm":"Monkies Vintage & Thrift","cat":"second_hand","src":"G","bid":"d8630595-19db-4fc1-b0b1-91c9dc0eaae8"},"geometry":{"type":"Polygon","coordinates":[[[-97.7423544,30.2821925],[-97.7422626,30.2821857],[-97.7422622,30.2821897],[-97.742354,30.2821965],[-97.7423544,30.2821925]]]}},{"type":"Feature","properties":{"kind":"front","fam":"plGlass","wd":"#6e7a84","wg":"#858584","wn":"#14171f","base":0.55,"h":4.3,"nm":"Monkies Vintage & Thrift","cat":"second_hand","src":"G","bid":"d8630595-19db-4fc1-b0b1-91c9dc0eaae8"},"geometry":{"type":"Polygon","coordinates":[[[-97.7423544,30.2821925],[-97.7422626,30.2821857],[-97.7422622,30.2821897],[-97.742354,30.2821965],[-97.7423544,30.2821925]]]}},{"type":"Feature","properties":{"kind":"front","fam":"plSign","wd":"#4a3a4a","wg":"#634c52","wn":"#a38c9e","base":4.3,"h":5.35,"nm":"Monkies Vintage & Thrift","cat":"second_hand","src":"G","bid":"d8630595-19db-4fc1-b0b1-91c9dc0eaae8"},"geometry":{"type":"Polygon","coordinates":[[[-97.7423544,30.2821925],[-97.7422626,30.2821857],[-97.7422622,30.2821897],[-97.742354,30.2821965],[-97.7423544,30.2821925]]]}},{"type":"Feature","properties":{"kind":"awning","fam":"plAwn","wd":"#423949","wg":"#604e52","wn":"#0f1019","base":3.84,"h":4.2,"nm":"Monkies Vintage & Thrift","cat":"second_hand","src":"G","bid":"d8630595-19db-4fc1-b0b1-91c9dc0eaae8"},"geometry":{"type":"Polygon","coordinates":[[[-97.7423553,30.2821836],[-97.7422635,30.2821768],[-97.7422624,30.2821871],[-97.7423542,30.2821939],[-97.7423553,30.2821836]]]}},{"type":"Feature","properties":{"kind":"front","fam":"plBulk","wd":"#39332e","wg":"#59493b","wn":"#0e0f16","base":0.0,"h":0.55,"nm":"Monkies Vintage & Thrift","cat":"second_hand","src":"G","bid":"d8630595-19db-4fc1-b0b1-91c9dc0eaae8"},"geometry":{"type":"Polygon","coordinates":[[[-97.742253,30.2822103],[-97.7422482,30.2822577],[-97.7422529,30.2822581],[-97.7422577,30.2822106],[-97.742253,30.2822103]]]}},{"type":"Feature","properties":{"kind":"front","fam":"plGlass","wd":"#6e7a84","wg":"#858584","wn":"#14171f","base":0.55,"h":4.3,"nm":"Monkies Vintage & Thrift","cat":"second_hand","src":"G","bid":"d8630595-19db-4fc1-b0b1-91c9dc0eaae8"},"geometry":{"type":"Polygon","coordinates":[[[-97.742253,30.2822103],[-97.7422482,30.2822577],[-97.7422529,30.2822581],[-97.7422577,30.2822106],[-97.742253,30.2822103]]]}},{"type":"Feature","properties":{"kind":"front","fam":"plSign","wd":"#4a3a4a","wg":"#634c52","wn":"#a38c9e","base":4.3,"h":5.35,"nm":"Monkies Vintage & Thrift","cat":"second_hand","src":"G","bid":"d8630595-19db-4fc1-b0b1-91c9dc0eaae8"},"geometry":{"type":"Polygon","coordinates":[[[-97.742253,30.2822103],[-97.7422482,30.2822577],[-97.7422529,30.2822581],[-97.7422577,30.2822106],[-97.742253,30.2822103]]]}},{"type":"Feature","properties":{"kind":"awning","fam":"plAwn","wd":"#423949","wg":"#604e52","wn":"#0f1019","base":3.84,"h":4.2,"nm":"Monkies Vintage & Thrift","cat":"second_hand","src":"G","bid":"d8630595-19db-4fc1-b0b1-91c9dc0eaae8"},"geometry":{"type":"Polygon","coordinates":[[[-97.7422426,30.2822095],[-97.7422379,30.282257],[-97.7422498,30.2822579],[-97.7422545,30.2822104],[-97.7422426,30.2822095]]]}},{"type":"Feature","properties":{"kind":"label","nm":"Monkies Vintage & Thrift","cat":"second_hand","src":"G","sign":"#4a3a4a","dark":1},"geometry":{"type":"Point","coordinates":[-97.7422871,30.2821695]}},{"type":"Feature","properties":{"kind":"front","fam":"plBulk","wd":"#39332e","wg":"#59493b","wn":"#0e0f16","base":0.0,"h":0.55,"nm":"The UPS Store","cat":"copyshop","src":"S","bid":"dad129ff-730f-4ca6-824c-4b09bb3f4b6d"},"geometry":{"type":"Polygon","coordinates":[[[-97.7440741,30.2825932],[-97.7440869,30.282459],[-97.7440823,30.2824586],[-97.7440694,30.2825929],[-97.7440741,30.2825932]]]}},{"type":"Feature","properties":{"kind":"front","fam":"plGlass","wd":"#6e7a84","wg":"#858584","wn":"#14171f","base":0.55,"h":4.3,"nm":"The UPS Store","cat":"copyshop","src":"S","bid":"dad129ff-730f-4ca6-824c-4b09bb3f4b6d"},"geometry":{"type":"Polygon","coordinates":[[[-97.7440741,30.2825932],[-97.7440869,30.282459],[-97.7440823,30.2824586],[-97.7440694,30.2825929],[-97.7440741,30.2825932]]]}},{"type":"Feature","properties":{"kind":"front","fam":"plSign","wd":"#fab80a","wg":"#fbb91b","wn":"#f1bd35","base":4.3,"h":5.35,"nm":"The UPS Store","cat":"copyshop","src":"S","bid":"dad129ff-730f-4ca6-824c-4b09bb3f4b6d"},"geometry":{"type":"Polygon","coordinates":[[[-97.7440741,30.2825932],[-97.7440869,30.282459],[-97.7440823,30.2824586],[-97.7440694,30.2825929],[-97.7440741,30.2825932]]]}},{"type":"Feature","properties":{"kind":"awning","fam":"plAwn","wd":"#ca9a18","wg":"#d2a029","wn":"#1e1a13","base":3.84,"h":4.2,"nm":"The UPS Store","cat":"copyshop","src":"S","bid":"dad129ff-730f-4ca6-824c-4b09bb3f4b6d"},"geometry":{"type":"Polygon","coordinates":[[[-97.7440844,30.282594],[-97.7440973,30.2824597],[-97.7440854,30.2824589],[-97.7440725,30.2825931],[-97.7440844,30.282594]]]}},{"type":"Feature","properties":{"kind":"label","nm":"The UPS Store","cat":"copyshop","src":"S","sign":"#fab80a","dark":0},"geometry":{"type":"Point","coordinates":[-97.7441012,30.2825276]}},{"type":"Feature","properties":{"kind":"front","fam":"plBulk","wd":"#39332e","wg":"#59493b","wn":"#0e0f16","base":0.0,"h":0.55,"nm":"P. Terry's","cat":"fast_food","src":"S","bid":"e1478b54-e0c7-4d75-bd6a-801a383667d8"},"geometry":{"type":"Polygon","coordinates":[[[-97.7435926,30.2819862],[-97.7435806,30.281961],[-97.7435763,30.2819625],[-97.7435883,30.2819878],[-97.7435926,30.2819862]]]}},{"type":"Feature","properties":{"kind":"front","fam":"plGlass","wd":"#6e7a84","wg":"#858584","wn":"#14171f","base":0.55,"h":4.3,"nm":"P. Terry's","cat":"fast_food","src":"S","bid":"e1478b54-e0c7-4d75-bd6a-801a383667d8"},"geometry":{"type":"Polygon","coordinates":[[[-97.7435926,30.2819862],[-97.7435806,30.281961],[-97.7435763,30.2819625],[-97.7435883,30.2819878],[-97.7435926,30.2819862]]]}},{"type":"Feature","properties":{"kind":"front","fam":"plSign","wd":"#da291c","wg":"#df3e2a","wn":"#f15546","base":4.3,"h":5.35,"nm":"P. Terry's","cat":"fast_food","src":"S","bid":"e1478b54-e0c7-4d75-bd6a-801a383667d8"},"geometry":{"type":"Polygon","coordinates":[[[-97.7435926,30.2819862],[-97.7435806,30.281961],[-97.7435763,30.2819625],[-97.7435883,30.2819878],[-97.7435926,30.2819862]]]}},{"type":"Feature","properties":{"kind":"awning","fam":"plAwn","wd":"#b22c26","wg":"#be4335","wn":"#1b0e15","base":3.84,"h":4.2,"nm":"P. Terry's","cat":"fast_food","src":"S","bid":"e1478b54-e0c7-4d75-bd6a-801a383667d8"},"geometry":{"type":"Polygon","coordinates":[[[-97.7436022,30.2819828],[-97.7435902,30.2819576],[-97.7435791,30.2819615],[-97.7435912,30.2819868],[-97.7436022,30.2819828]]]}},{"type":"Feature","properties":{"kind":"front","fam":"plBulk","wd":"#39332e","wg":"#59493b","wn":"#0e0f16","base":0.0,"h":0.55,"nm":"P. Terry's","cat":"fast_food","src":"S","bid":"e1478b54-e0c7-4d75-bd6a-801a383667d8"},"geometry":{"type":"Polygon","coordinates":[[[-97.7435806,30.2819629],[-97.7436156,30.2818774],[-97.7436112,30.2818761],[-97.7435762,30.2819616],[-97.7435806,30.2819629]]]}},{"type":"Feature","properties":{"kind":"front","fam":"plGlass","wd":"#6e7a84","wg":"#858584","wn":"#14171f","base":0.55,"h":4.3,"nm":"P. Terry's","cat":"fast_food","src":"S","bid":"e1478b54-e0c7-4d75-bd6a-801a383667d8"},"geometry":{"type":"Polygon","coordinates":[[[-97.7435806,30.2819629],[-97.7436156,30.2818774],[-97.7436112,30.2818761],[-97.7435762,30.2819616],[-97.7435806,30.2819629]]]}},{"type":"Feature","properties":{"kind":"front","fam":"plSign","wd":"#da291c","wg":"#df3e2a","wn":"#f15546","base":4.3,"h":5.35,"nm":"P. Terry's","cat":"fast_food","src":"S","bid":"e1478b54-e0c7-4d75-bd6a-801a383667d8"},"geometry":{"type":"Polygon","coordinates":[[[-97.7435806,30.2819629],[-97.7436156,30.2818774],[-97.7436112,30.2818761],[-97.7435762,30.2819616],[-97.7435806,30.2819629]]]}},{"type":"Feature","properties":{"kind":"awning","fam":"plAwn","wd":"#b22c26","wg":"#be4335","wn":"#1b0e15","base":3.84,"h":4.2,"nm":"P. Terry's","cat":"fast_food","src":"S","bid":"e1478b54-e0c7-4d75-bd6a-801a383667d8"},"geometry":{"type":"Polygon","coordinates":[[[-97.7435905,30.2819659],[-97.7436255,30.2818804],[-97.7436142,30.2818769],[-97.7435792,30.2819624],[-97.7435905,30.2819659]]]}},{"type":"Feature","properties":{"kind":"front","fam":"plBulk","wd":"#39332e","wg":"#59493b","wn":"#0e0f16","base":0.0,"h":0.55,"nm":"P. Terry's","cat":"fast_food","src":"S","bid":"e1478b54-e0c7-4d75-bd6a-801a383667d8"},"geometry":{"type":"Polygon","coordinates":[[[-97.7436414,30.2818669],[-97.7436476,30.281851],[-97.7436432,30.2818497],[-97.7436369,30.2818656],[-97.7436414,30.2818669]]]}},{"type":"Feature","properties":{"kind":"front","fam":"plGlass","wd":"#6e7a84","wg":"#858584","wn":"#14171f","base":0.55,"h":4.3,"nm":"P. Terry's","cat":"fast_food","src":"S","bid":"e1478b54-e0c7-4d75-bd6a-801a383667d8"},"geometry":{"type":"Polygon","coordinates":[[[-97.7436414,30.2818669],[-97.7436476,30.281851],[-97.7436432,30.2818497],[-97.7436369,30.2818656],[-97.7436414,30.2818669]]]}},{"type":"Feature","properties":{"kind":"front","fam":"plSign","wd":"#da291c","wg":"#df3e2a","wn":"#f15546","base":4.3,"h":5.35,"nm":"P. Terry's","cat":"fast_food","src":"S","bid":"e1478b54-e0c7-4d75-bd6a-801a383667d8"},"geometry":{"type":"Polygon","coordinates":[[[-97.7436414,30.2818669],[-97.7436476,30.281851],[-97.7436432,30.2818497],[-97.7436369,30.2818656],[-97.7436414,30.2818669]]]}},{"type":"Feature","properties":{"kind":"awning","fam":"plAwn","wd":"#b22c26","wg":"#be4335","wn":"#1b0e15","base":3.84,"h":4.2,"nm":"P. Terry's","cat":"fast_food","src":"S","bid":"e1478b54-e0c7-4d75-bd6a-801a383667d8"},"geometry":{"type":"Polygon","coordinates":[[[-97.7436512,30.2818698],[-97.7436575,30.281854],[-97.7436462,30.2818506],[-97.7436399,30.2818664],[-97.7436512,30.2818698]]]}},{"type":"Feature","properties":{"kind":"label","nm":"P. Terry's","cat":"fast_food","src":"S","sign":"#da291c","dark":1},"geometry":{"type":"Point","coordinates":[-97.7436157,30.2819311]}},{"type":"Feature","properties":{"kind":"front","fam":"plBulk","wd":"#39332e","wg":"#59493b","wn":"#0e0f16","base":0.0,"h":0.55,"nm":"In-N-Out Burger","cat":"fast_food","src":"S","bid":"e1722b3a-f610-42d2-97e6-5b1be4096219"},"geometry":{"type":"Polygon","coordinates":[[[-97.7417167,30.2921536],[-97.7416393,30.2921473],[-97.7416389,30.2921513],[-97.7417163,30.2921576],[-97.7417167,30.2921536]]]}},{"type":"Feature","properties":{"kind":"front","fam":"plGlass","wd":"#6e7a84","wg":"#858584","wn":"#14171f","base":0.55,"h":4.3,"nm":"In-N-Out Burger","cat":"fast_food","src":"S","bid":"e1722b3a-f610-42d2-97e6-5b1be4096219"},"geometry":{"type":"Polygon","coordinates":[[[-97.7417167,30.2921536],[-97.7416393,30.2921473],[-97.7416389,30.2921513],[-97.7417163,30.2921576],[-97.7417167,30.2921536]]]}},{"type":"Feature","properties":{"kind":"front","fam":"plSign","wd":"#e02a27","wg":"#e43f34","wn":"#f1544e","base":4.3,"h":5.35,"nm":"In-N-Out Burger","cat":"fast_food","src":"S","bid":"e1722b3a-f610-42d2-97e6-5b1be4096219"},"geometry":{"type":"Polygon","coordinates":[[[-97.7417167,30.2921536],[-97.7416393,30.2921473],[-97.7416389,30.2921513],[-97.7417163,30.2921576],[-97.7417167,30.2921536]]]}},{"type":"Feature","properties":{"kind":"awning","fam":"plAwn","wd":"#b62d2e","wg":"#c2443b","wn":"#1c0e16","base":3.84,"h":4.2,"nm":"In-N-Out Burger","cat":"fast_food","src":"S","bid":"e1722b3a-f610-42d2-97e6-5b1be4096219"},"geometry":{"type":"Polygon","coordinates":[[[-97.7417177,30.2921446],[-97.7416403,30.2921384],[-97.7416391,30.2921487],[-97.7417166,30.2921549],[-97.7417177,30.2921446]]]}},{"type":"Feature","properties":{"kind":"front","fam":"plBulk","wd":"#39332e","wg":"#59493b","wn":"#0e0f16","base":0.0,"h":0.55,"nm":"In-N-Out Burger","cat":"fast_food","src":"S","bid":"e1722b3a-f610-42d2-97e6-5b1be4096219"},"geometry":{"type":"Polygon","coordinates":[[[-97.7416433,30.2921083],[-97.7415983,30.2921043],[-97.7415978,30.2921083],[-97.7416428,30.2921123],[-97.7416433,30.2921083]]]}},{"type":"Feature","properties":{"kind":"front","fam":"plGlass","wd":"#6e7a84","wg":"#858584","wn":"#14171f","base":0.55,"h":4.3,"nm":"In-N-Out Burger","cat":"fast_food","src":"S","bid":"e1722b3a-f610-42d2-97e6-5b1be4096219"},"geometry":{"type":"Polygon","coordinates":[[[-97.7416433,30.2921083],[-97.7415983,30.2921043],[-97.7415978,30.2921083],[-97.7416428,30.2921123],[-97.7416433,30.2921083]]]}},{"type":"Feature","properties":{"kind":"front","fam":"plSign","wd":"#e02a27","wg":"#e43f34","wn":"#f1544e","base":4.3,"h":5.35,"nm":"In-N-Out Burger","cat":"fast_food","src":"S","bid":"e1722b3a-f610-42d2-97e6-5b1be4096219"},"geometry":{"type":"Polygon","coordinates":[[[-97.7416433,30.2921083],[-97.7415983,30.2921043],[-97.7415978,30.2921083],[-97.7416428,30.2921123],[-97.7416433,30.2921083]]]}},{"type":"Feature","properties":{"kind":"awning","fam":"plAwn","wd":"#b62d2e","wg":"#c2443b","wn":"#1c0e16","base":3.84,"h":4.2,"nm":"In-N-Out Burger","cat":"fast_food","src":"S","bid":"e1722b3a-f610-42d2-97e6-5b1be4096219"},"geometry":{"type":"Polygon","coordinates":[[[-97.7416444,30.2920994],[-97.7415994,30.2920954],[-97.7415982,30.2921057],[-97.7416432,30.2921097],[-97.7416444,30.2920994]]]}},{"type":"Feature","properties":{"kind":"front","fam":"plBulk","wd":"#39332e","wg":"#59493b","wn":"#0e0f16","base":0.0,"h":0.55,"nm":"In-N-Out Burger","cat":"fast_food","src":"S","bid":"e1722b3a-f610-42d2-97e6-5b1be4096219"},"geometry":{"type":"Polygon","coordinates":[[[-97.7415943,30.2921463],[-97.7415614,30.2921437],[-97.741561,30.2921477],[-97.7415939,30.2921503],[-97.7415943,30.2921463]]]}},{"type":"Feature","properties":{"kind":"front","fam":"plGlass","wd":"#6e7a84","wg":"#858584","wn":"#14171f","base":0.55,"h":4.3,"nm":"In-N-Out Burger","cat":"fast_food","src":"S","bid":"e1722b3a-f610-42d2-97e6-5b1be4096219"},"geometry":{"type":"Polygon","coordinates":[[[-97.7415943,30.2921463],[-97.7415614,30.2921437],[-97.741561,30.2921477],[-97.7415939,30.2921503],[-97.7415943,30.2921463]]]}},{"type":"Feature","properties":{"kind":"front","fam":"plSign","wd":"#e02a27","wg":"#e43f34","wn":"#f1544e","base":4.3,"h":5.35,"nm":"In-N-Out Burger","cat":"fast_food","src":"S","bid":"e1722b3a-f610-42d2-97e6-5b1be4096219"},"geometry":{"type":"Polygon","coordinates":[[[-97.7415943,30.2921463],[-97.7415614,30.2921437],[-97.741561,30.2921477],[-97.7415939,30.2921503],[-97.7415943,30.2921463]]]}},{"type":"Feature","properties":{"kind":"awning","fam":"plAwn","wd":"#b62d2e","wg":"#c2443b","wn":"#1c0e16","base":3.84,"h":4.2,"nm":"In-N-Out Burger","cat":"fast_food","src":"S","bid":"e1722b3a-f610-42d2-97e6-5b1be4096219"},"geometry":{"type":"Polygon","coordinates":[[[-97.7415952,30.2921374],[-97.7415624,30.2921348],[-97.7415613,30.2921451],[-97.7415941,30.2921477],[-97.7415952,30.2921374]]]}},{"type":"Feature","properties":{"kind":"label","nm":"In-N-Out Burger","cat":"fast_food","src":"S","sign":"#e02a27","dark":1},"geometry":{"type":"Point","coordinates":[-97.7416437,30.2921296]}},{"type":"Feature","properties":{"kind":"front","fam":"plBulk","wd":"#39332e","wg":"#59493b","wn":"#0e0f16","base":0.0,"h":0.55,"nm":"Kerbey Lane Cafe","cat":"restaurant","src":"S","bid":"e1abe8b6-c5b1-4634-bc45-45389a74edbf"},"geometry":{"type":"Polygon","coordinates":[[[-97.7413957,30.2911822],[-97.7413854,30.2912838],[-97.7413901,30.2912841],[-97.7414003,30.2911826],[-97.7413957,30.2911822]]]}},{"type":"Feature","properties":{"kind":"front","fam":"plGlass","wd":"#6e7a84","wg":"#858584","wn":"#14171f","base":0.55,"h":4.3,"nm":"Kerbey Lane Cafe","cat":"restaurant","src":"S","bid":"e1abe8b6-c5b1-4634-bc45-45389a74edbf"},"geometry":{"type":"Polygon","coordinates":[[[-97.7413957,30.2911822],[-97.7413854,30.2912838],[-97.7413901,30.2912841],[-97.7414003,30.2911826],[-97.7413957,30.2911822]]]}},{"type":"Feature","properties":{"kind":"front","fam":"plSign","wd":"#f0523d","wg":"#f26147","wn":"#f1725e","base":4.3,"h":5.35,"nm":"Kerbey Lane Cafe","cat":"restaurant","src":"S","bid":"e1abe8b6-c5b1-4634-bc45-45389a74edbf"},"geometry":{"type":"Polygon","coordinates":[[[-97.7413957,30.2911822],[-97.7413854,30.2912838],[-97.7413901,30.2912841],[-97.7414003,30.2911826],[-97.7413957,30.2911822]]]}},{"type":"Feature","properties":{"kind":"awning","fam":"plAwn","wd":"#c34b3f","wg":"#cd5d4a","wn":"#1d1218","base":3.84,"h":4.2,"nm":"Kerbey Lane Cafe","cat":"restaurant","src":"S","bid":"e1abe8b6-c5b1-4634-bc45-45389a74edbf"},"geometry":{"type":"Polygon","coordinates":[[[-97.7413853,30.2911814],[-97.741375,30.291283],[-97.7413869,30.2912839],[-97.7413972,30.2911823],[-97.7413853,30.2911814]]]}},{"type":"Feature","properties":{"kind":"front","fam":"plBulk","wd":"#39332e","wg":"#59493b","wn":"#0e0f16","base":0.0,"h":0.55,"nm":"Kerbey Lane Cafe","cat":"restaurant","src":"S","bid":"e1abe8b6-c5b1-4634-bc45-45389a74edbf"},"geometry":{"type":"Polygon","coordinates":[[[-97.7413882,30.2912867],[-97.7414261,30.2912895],[-97.7414265,30.2912855],[-97.7413886,30.2912827],[-97.7413882,30.2912867]]]}},{"type":"Feature","properties":{"kind":"front","fam":"plGlass","wd":"#6e7a84","wg":"#858584","wn":"#14171f","base":0.55,"h":4.3,"nm":"Kerbey Lane Cafe","cat":"restaurant","src":"S","bid":"e1abe8b6-c5b1-4634-bc45-45389a74edbf"},"geometry":{"type":"Polygon","coordinates":[[[-97.7413882,30.2912867],[-97.7414261,30.2912895],[-97.7414265,30.2912855],[-97.7413886,30.2912827],[-97.7413882,30.2912867]]]}},{"type":"Feature","properties":{"kind":"front","fam":"plSign","wd":"#f0523d","wg":"#f26147","wn":"#f1725e","base":4.3,"h":5.35,"nm":"Kerbey Lane Cafe","cat":"restaurant","src":"S","bid":"e1abe8b6-c5b1-4634-bc45-45389a74edbf"},"geometry":{"type":"Polygon","coordinates":[[[-97.7413882,30.2912867],[-97.7414261,30.2912895],[-97.7414265,30.2912855],[-97.7413886,30.2912827],[-97.7413882,30.2912867]]]}},{"type":"Feature","properties":{"kind":"awning","fam":"plAwn","wd":"#c34b3f","wg":"#cd5d4a","wn":"#1d1218","base":3.84,"h":4.2,"nm":"Kerbey Lane Cafe","cat":"restaurant","src":"S","bid":"e1abe8b6-c5b1-4634-bc45-45389a74edbf"},"geometry":{"type":"Polygon","coordinates":[[[-97.7413873,30.2912956],[-97.7414252,30.2912985],[-97.7414262,30.2912882],[-97.7413884,30.2912853],[-97.7413873,30.2912956]]]}},{"type":"Feature","properties":{"kind":"label","nm":"Kerbey Lane Cafe","cat":"restaurant","src":"S","sign":"#f0523d","dark":1},"geometry":{"type":"Point","coordinates":[-97.7413682,30.2912478]}},{"type":"Feature","properties":{"kind":"front","fam":"plBulk","wd":"#39332e","wg":"#59493b","wn":"#0e0f16","base":0.0,"h":0.55,"nm":"iVape ATX Austin","cat":"e-cigarette","src":"G","bid":"e600e6ac-fac1-4d3f-80d3-a31974a23854"},"geometry":{"type":"Polygon","coordinates":[[[-97.7415724,30.2894409],[-97.7415692,30.2894728],[-97.7415739,30.2894731],[-97.741577,30.2894412],[-97.7415724,30.2894409]]]}},{"type":"Feature","properties":{"kind":"front","fam":"plGlass","wd":"#6e7a84","wg":"#858584","wn":"#14171f","base":0.55,"h":4.3,"nm":"iVape ATX Austin","cat":"e-cigarette","src":"G","bid":"e600e6ac-fac1-4d3f-80d3-a31974a23854"},"geometry":{"type":"Polygon","coordinates":[[[-97.7415724,30.2894409],[-97.7415692,30.2894728],[-97.7415739,30.2894731],[-97.741577,30.2894412],[-97.7415724,30.2894409]]]}},{"type":"Feature","properties":{"kind":"front","fam":"plSign","wd":"#2a2a3a","wg":"#483f44","wn":"#8c8aa3","base":4.3,"h":5.35,"nm":"iVape ATX Austin","cat":"e-cigarette","src":"G","bid":"e600e6ac-fac1-4d3f-80d3-a31974a23854"},"geometry":{"type":"Polygon","coordinates":[[[-97.7415724,30.2894409],[-97.7415692,30.2894728],[-97.7415739,30.2894731],[-97.741577,30.2894412],[-97.7415724,30.2894409]]]}},{"type":"Feature","properties":{"kind":"awning","fam":"plAwn","wd":"#2a2d3d","wg":"#4c4448","wn":"#0c0e18","base":3.84,"h":4.2,"nm":"iVape ATX Austin","cat":"e-cigarette","src":"G","bid":"e600e6ac-fac1-4d3f-80d3-a31974a23854"},"geometry":{"type":"Polygon","coordinates":[[[-97.741562,30.2894401],[-97.7415588,30.289472],[-97.7415707,30.2894729],[-97.7415739,30.289441],[-97.741562,30.2894401]]]}},{"type":"Feature","properties":{"kind":"front","fam":"plBulk","wd":"#39332e","wg":"#59493b","wn":"#0e0f16","base":0.0,"h":0.55,"nm":"iVape ATX Austin","cat":"e-cigarette","src":"G","bid":"e600e6ac-fac1-4d3f-80d3-a31974a23854"},"geometry":{"type":"Polygon","coordinates":[[[-97.741572,30.2894757],[-97.7416906,30.2894846],[-97.741691,30.2894806],[-97.7415724,30.2894717],[-97.741572,30.2894757]]]}},{"type":"Feature","properties":{"kind":"front","fam":"plGlass","wd":"#6e7a84","wg":"#858584","wn":"#14171f","base":0.55,"h":4.3,"nm":"iVape ATX Austin","cat":"e-cigarette","src":"G","bid":"e600e6ac-fac1-4d3f-80d3-a31974a23854"},"geometry":{"type":"Polygon","coordinates":[[[-97.741572,30.2894757],[-97.7416906,30.2894846],[-97.741691,30.2894806],[-97.7415724,30.2894717],[-97.741572,30.2894757]]]}},{"type":"Feature","properties":{"kind":"front","fam":"plSign","wd":"#2a2a3a","wg":"#483f44","wn":"#8c8aa3","base":4.3,"h":5.35,"nm":"iVape ATX Austin","cat":"e-cigarette","src":"G","bid":"e600e6ac-fac1-4d3f-80d3-a31974a23854"},"geometry":{"type":"Polygon","coordinates":[[[-97.741572,30.2894757],[-97.7416906,30.2894846],[-97.741691,30.2894806],[-97.7415724,30.2894717],[-97.741572,30.2894757]]]}},{"type":"Feature","properties":{"kind":"awning","fam":"plAwn","wd":"#2a2d3d","wg":"#4c4448","wn":"#0c0e18","base":3.84,"h":4.2,"nm":"iVape ATX Austin","cat":"e-cigarette","src":"G","bid":"e600e6ac-fac1-4d3f-80d3-a31974a23854"},"geometry":{"type":"Polygon","coordinates":[[[-97.7415711,30.2894846],[-97.7416896,30.2894936],[-97.7416907,30.2894833],[-97.7415722,30.2894743],[-97.7415711,30.2894846]]]}},{"type":"Feature","properties":{"kind":"label","nm":"iVape ATX Austin","cat":"e-cigarette","src":"G","sign":"#2a2a3a","dark":1},"geometry":{"type":"Point","coordinates":[-97.741611,30.2894967]}},{"type":"Feature","properties":{"kind":"front","fam":"plBulk","wd":"#39332e","wg":"#59493b","wn":"#0e0f16","base":0.0,"h":0.55,"nm":"Cain & Abel's","cat":"bar","src":"G","bid":"e8e6c013-0abe-4ed9-9648-788685463c75"},"geometry":{"type":"Polygon","coordinates":[[[-97.7473068,30.287965],[-97.7473174,30.2880095],[-97.747322,30.2880087],[-97.7473114,30.2879642],[-97.7473068,30.287965]]]}},{"type":"Feature","properties":{"kind":"front","fam":"plGlass","wd":"#6e7a84","wg":"#858584","wn":"#14171f","base":0.55,"h":4.3,"nm":"Cain & Abel's","cat":"bar","src":"G","bid":"e8e6c013-0abe-4ed9-9648-788685463c75"},"geometry":{"type":"Polygon","coordinates":[[[-97.7473068,30.287965],[-97.7473174,30.2880095],[-97.747322,30.2880087],[-97.7473114,30.2879642],[-97.7473068,30.287965]]]}},{"type":"Feature","properties":{"kind":"front","fam":"plSign","wd":"#241f24","wg":"#433531","wn":"#81777c","base":4.3,"h":5.35,"nm":"Cain & Abel's","cat":"bar","src":"G","bid":"e8e6c013-0abe-4ed9-9648-788685463c75"},"geometry":{"type":"Polygon","coordinates":[[[-97.7473068,30.287965],[-97.7473174,30.2880095],[-97.747322,30.2880087],[-97.7473114,30.2879642],[-97.7473068,30.287965]]]}},{"type":"Feature","properties":{"kind":"awning","fam":"plAwn","wd":"#25242c","wg":"#483d3a","wn":"#0c0d16","base":3.84,"h":4.2,"nm":"Cain & Abel's","cat":"bar","src":"G","bid":"e8e6c013-0abe-4ed9-9648-788685463c75"},"geometry":{"type":"Polygon","coordinates":[[[-97.7472966,30.2879668],[-97.7473073,30.2880114],[-97.747319,30.2880093],[-97.7473083,30.2879647],[-97.7472966,30.2879668]]]}},{"type":"Feature","properties":{"kind":"front","fam":"plBulk","wd":"#39332e","wg":"#59493b","wn":"#0e0f16","base":0.0,"h":0.55,"nm":"Cain & Abel's","cat":"bar","src":"G","bid":"e8e6c013-0abe-4ed9-9648-788685463c75"},"geometry":{"type":"Polygon","coordinates":[[[-97.7473203,30.2880117],[-97.7473733,30.2880147],[-97.7473736,30.2880107],[-97.7473206,30.2880077],[-97.7473203,30.2880117]]]}},{"type":"Feature","properties":{"kind":"front","fam":"plGlass","wd":"#6e7a84","wg":"#858584","wn":"#14171f","base":0.55,"h":4.3,"nm":"Cain & Abel's","cat":"bar","src":"G","bid":"e8e6c013-0abe-4ed9-9648-788685463c75"},"geometry":{"type":"Polygon","coordinates":[[[-97.7473203,30.2880117],[-97.7473733,30.2880147],[-97.7473736,30.2880107],[-97.7473206,30.2880077],[-97.7473203,30.2880117]]]}},{"type":"Feature","properties":{"kind":"front","fam":"plSign","wd":"#241f24","wg":"#433531","wn":"#81777c","base":4.3,"h":5.35,"nm":"Cain & Abel's","cat":"bar","src":"G","bid":"e8e6c013-0abe-4ed9-9648-788685463c75"},"geometry":{"type":"Polygon","coordinates":[[[-97.7473203,30.2880117],[-97.7473733,30.2880147],[-97.7473736,30.2880107],[-97.7473206,30.2880077],[-97.7473203,30.2880117]]]}},{"type":"Feature","properties":{"kind":"awning","fam":"plAwn","wd":"#25242c","wg":"#483d3a","wn":"#0c0d16","base":3.84,"h":4.2,"nm":"Cain & Abel's","cat":"bar","src":"G","bid":"e8e6c013-0abe-4ed9-9648-788685463c75"},"geometry":{"type":"Polygon","coordinates":[[[-97.7473196,30.2880207],[-97.7473726,30.2880237],[-97.7473734,30.2880133],[-97.7473204,30.2880103],[-97.7473196,30.2880207]]]}},{"type":"Feature","properties":{"kind":"front","fam":"plBulk","wd":"#39332e","wg":"#59493b","wn":"#0e0f16","base":0.0,"h":0.55,"nm":"Cain & Abel's","cat":"bar","src":"G","bid":"e8e6c013-0abe-4ed9-9648-788685463c75"},"geometry":{"type":"Polygon","coordinates":[[[-97.7473764,30.288013],[-97.7473943,30.2879724],[-97.7473899,30.287971],[-97.747372,30.2880115],[-97.7473764,30.288013]]]}},{"type":"Feature","properties":{"kind":"front","fam":"plGlass","wd":"#6e7a84","wg":"#858584","wn":"#14171f","base":0.55,"h":4.3,"nm":"Cain & Abel's","cat":"bar","src":"G","bid":"e8e6c013-0abe-4ed9-9648-788685463c75"},"geometry":{"type":"Polygon","coordinates":[[[-97.7473764,30.288013],[-97.7473943,30.2879724],[-97.7473899,30.287971],[-97.747372,30.2880115],[-97.7473764,30.288013]]]}},{"type":"Feature","properties":{"kind":"front","fam":"plSign","wd":"#241f24","wg":"#433531","wn":"#81777c","base":4.3,"h":5.35,"nm":"Cain & Abel's","cat":"bar","src":"G","bid":"e8e6c013-0abe-4ed9-9648-788685463c75"},"geometry":{"type":"Polygon","coordinates":[[[-97.7473764,30.288013],[-97.7473943,30.2879724],[-97.7473899,30.287971],[-97.747372,30.2880115],[-97.7473764,30.288013]]]}},{"type":"Feature","properties":{"kind":"awning","fam":"plAwn","wd":"#25242c","wg":"#483d3a","wn":"#0c0d16","base":3.84,"h":4.2,"nm":"Cain & Abel's","cat":"bar","src":"G","bid":"e8e6c013-0abe-4ed9-9648-788685463c75"},"geometry":{"type":"Polygon","coordinates":[[[-97.7473861,30.2880162],[-97.747404,30.2879756],[-97.7473928,30.2879719],[-97.747375,30.2880125],[-97.7473861,30.2880162]]]}},{"type":"Feature","properties":{"kind":"label","nm":"Cain & Abel's","cat":"bar","src":"G","sign":"#241f24","dark":1},"geometry":{"type":"Point","coordinates":[-97.7473442,30.288031]}},{"type":"Feature","properties":{"kind":"front","fam":"plBulk","wd":"#39332e","wg":"#59493b","wn":"#0e0f16","base":0.0,"h":0.55,"nm":"Tintaraa","cat":"restaurant","src":"G","bid":"ea3d1a54-8d14-4db9-a961-690ec57d3d9b"},"geometry":{"type":"Polygon","coordinates":[[[-97.7422017,30.2958946],[-97.7422702,30.2957859],[-97.7422661,30.2957839],[-97.7421976,30.2958926],[-97.7422017,30.2958946]]]}},{"type":"Feature","properties":{"kind":"front","fam":"plGlass","wd":"#6e7a84","wg":"#858584","wn":"#14171f","base":0.55,"h":4.25,"nm":"Tintaraa","cat":"restaurant","src":"G","bid":"ea3d1a54-8d14-4db9-a961-690ec57d3d9b"},"geometry":{"type":"Polygon","coordinates":[[[-97.7422017,30.2958946],[-97.7422702,30.2957859],[-97.7422661,30.2957839],[-97.7421976,30.2958926],[-97.7422017,30.2958946]]]}},{"type":"Feature","properties":{"kind":"front","fam":"plSign","wd":"#7a4a2c","wg":"#8d5a38","wn":"#f1a472","base":4.25,"h":5.19,"nm":"Tintaraa","cat":"restaurant","src":"G","bid":"ea3d1a54-8d14-4db9-a961-690ec57d3d9b"},"geometry":{"type":"Polygon","coordinates":[[[-97.7422017,30.2958946],[-97.7422702,30.2957859],[-97.7422661,30.2957839],[-97.7421976,30.2958926],[-97.7422017,30.2958946]]]}},{"type":"Feature","properties":{"kind":"awning","fam":"plAwn","wd":"#674532","wg":"#7f583f","wn":"#131116","base":3.79,"h":4.15,"nm":"Tintaraa","cat":"restaurant","src":"G","bid":"ea3d1a54-8d14-4db9-a961-690ec57d3d9b"},"geometry":{"type":"Polygon","coordinates":[[[-97.7422109,30.2958988],[-97.7422794,30.2957902],[-97.7422688,30.2957852],[-97.7422004,30.2958939],[-97.7422109,30.2958988]]]}},{"type":"Feature","properties":{"kind":"label","nm":"Tintaraa","cat":"restaurant","src":"G","sign":"#7a4a2c","dark":1},"geometry":{"type":"Point","coordinates":[-97.7422542,30.2958488]}},{"type":"Feature","properties":{"kind":"front","fam":"plBulk","wd":"#39332e","wg":"#59493b","wn":"#0e0f16","base":0.0,"h":0.55,"nm":"The Diner at Victory Lap","cat":"restaurant","src":"G","bid":"ecb747cd-ec32-4061-9ac5-5d19417c106c"},"geometry":{"type":"Polygon","coordinates":[[[-97.7428373,30.2882563],[-97.7429321,30.2882601],[-97.7429323,30.2882561],[-97.7428375,30.2882523],[-97.7428373,30.2882563]]]}},{"type":"Feature","properties":{"kind":"front","fam":"plGlass","wd":"#6e7a84","wg":"#858584","wn":"#14171f","base":0.55,"h":4.3,"nm":"The Diner at Victory Lap","cat":"restaurant","src":"G","bid":"ecb747cd-ec32-4061-9ac5-5d19417c106c"},"geometry":{"type":"Polygon","coordinates":[[[-97.7428373,30.2882563],[-97.7429321,30.2882601],[-97.7429323,30.2882561],[-97.7428375,30.2882523],[-97.7428373,30.2882563]]]}},{"type":"Feature","properties":{"kind":"front","fam":"plSign","wd":"#7a4a2c","wg":"#8d5a38","wn":"#f1a472","base":4.3,"h":5.35,"nm":"The Diner at Victory Lap","cat":"restaurant","src":"G","bid":"ecb747cd-ec32-4061-9ac5-5d19417c106c"},"geometry":{"type":"Polygon","coordinates":[[[-97.7428373,30.2882563],[-97.7429321,30.2882601],[-97.7429323,30.2882561],[-97.7428375,30.2882523],[-97.7428373,30.2882563]]]}},{"type":"Feature","properties":{"kind":"awning","fam":"plAwn","wd":"#674532","wg":"#7f583f","wn":"#131116","base":3.84,"h":4.2,"nm":"The Diner at Victory Lap","cat":"restaurant","src":"G","bid":"ecb747cd-ec32-4061-9ac5-5d19417c106c"},"geometry":{"type":"Polygon","coordinates":[[[-97.7428368,30.2882653],[-97.7429316,30.2882691],[-97.7429321,30.2882587],[-97.7428374,30.288255],[-97.7428368,30.2882653]]]}},{"type":"Feature","properties":{"kind":"front","fam":"plBulk","wd":"#39332e","wg":"#59493b","wn":"#0e0f16","base":0.0,"h":0.55,"nm":"The Diner at Victory Lap","cat":"restaurant","src":"G","bid":"ecb747cd-ec32-4061-9ac5-5d19417c106c"},"geometry":{"type":"Polygon","coordinates":[[[-97.7429553,30.2882422],[-97.7429575,30.2882117],[-97.7429529,30.2882115],[-97.7429506,30.2882419],[-97.7429553,30.2882422]]]}},{"type":"Feature","properties":{"kind":"front","fam":"plGlass","wd":"#6e7a84","wg":"#858584","wn":"#14171f","base":0.55,"h":4.3,"nm":"The Diner at Victory Lap","cat":"restaurant","src":"G","bid":"ecb747cd-ec32-4061-9ac5-5d19417c106c"},"geometry":{"type":"Polygon","coordinates":[[[-97.7429553,30.2882422],[-97.7429575,30.2882117],[-97.7429529,30.2882115],[-97.7429506,30.2882419],[-97.7429553,30.2882422]]]}},{"type":"Feature","properties":{"kind":"front","fam":"plSign","wd":"#7a4a2c","wg":"#8d5a38","wn":"#f1a472","base":4.3,"h":5.35,"nm":"The Diner at Victory Lap","cat":"restaurant","src":"G","bid":"ecb747cd-ec32-4061-9ac5-5d19417c106c"},"geometry":{"type":"Polygon","coordinates":[[[-97.7429553,30.2882422],[-97.7429575,30.2882117],[-97.7429529,30.2882115],[-97.7429506,30.2882419],[-97.7429553,30.2882422]]]}},{"type":"Feature","properties":{"kind":"awning","fam":"plAwn","wd":"#674532","wg":"#7f583f","wn":"#131116","base":3.84,"h":4.2,"nm":"The Diner at Victory Lap","cat":"restaurant","src":"G","bid":"ecb747cd-ec32-4061-9ac5-5d19417c106c"},"geometry":{"type":"Polygon","coordinates":[[[-97.7429657,30.2882427],[-97.7429679,30.2882123],[-97.742956,30.2882117],[-97.7429538,30.2882421],[-97.7429657,30.2882427]]]}},{"type":"Feature","properties":{"kind":"label","nm":"The Diner at Victory Lap","cat":"restaurant","src":"G","sign":"#7a4a2c","dark":1},"geometry":{"type":"Point","coordinates":[-97.7429014,30.2882769]}},{"type":"Feature","properties":{"kind":"front","fam":"plBulk","wd":"#39332e","wg":"#59493b","wn":"#0e0f16","base":0.0,"h":0.55,"nm":"The Co-op","cat":"variety_store","src":"S","bid":"f1ef97ab-a5c5-4802-abed-826edcec874d"},"geometry":{"type":"Polygon","coordinates":[[[-97.7418895,30.2860555],[-97.7418755,30.2861897],[-97.7418802,30.28619],[-97.7418941,30.2860558],[-97.7418895,30.2860555]]]}},{"type":"Feature","properties":{"kind":"front","fam":"plGlass","wd":"#6e7a84","wg":"#858584","wn":"#14171f","base":0.55,"h":4.3,"nm":"The Co-op","cat":"variety_store","src":"S","bid":"f1ef97ab-a5c5-4802-abed-826edcec874d"},"geometry":{"type":"Polygon","coordinates":[[[-97.7418895,30.2860555],[-97.7418755,30.2861897],[-97.7418802,30.28619],[-97.7418941,30.2860558],[-97.7418895,30.2860555]]]}},{"type":"Feature","properties":{"kind":"front","fam":"plSign","wd":"#bf5700","wg":"#c86512","wn":"#f1882d","base":4.3,"h":5.35,"nm":"The Co-op","cat":"variety_store","src":"S","bid":"f1ef97ab-a5c5-4802-abed-826edcec874d"},"geometry":{"type":"Polygon","coordinates":[[[-97.7418895,30.2860555],[-97.7418755,30.2861897],[-97.7418802,30.28619],[-97.7418941,30.2860558],[-97.7418895,30.2860555]]]}},{"type":"Feature","properties":{"kind":"awning","fam":"plAwn","wd":"#9d4f10","wg":"#ad6122","wn":"#191213","base":3.84,"h":4.2,"nm":"The Co-op","cat":"variety_store","src":"S","bid":"f1ef97ab-a5c5-4802-abed-826edcec874d"},"geometry":{"type":"Polygon","coordinates":[[[-97.7418791,30.2860546],[-97.7418652,30.2861889],[-97.7418771,30.2861898],[-97.741891,30.2860556],[-97.7418791,30.2860546]]]}},{"type":"Feature","properties":{"kind":"label","nm":"The Co-op","cat":"variety_store","src":"S","sign":"#bf5700","dark":1},"geometry":{"type":"Point","coordinates":[-97.7418618,30.286121]}},{"type":"Feature","properties":{"kind":"front","fam":"plBulk","wd":"#39332e","wg":"#59493b","wn":"#0e0f16","base":0.0,"h":0.55,"nm":"Victory Lap","cat":"bar","src":"G","bid":"f3697fd4-d68c-490c-a7cc-f9a8db5e59ad"},"geometry":{"type":"Polygon","coordinates":[[[-97.7426457,30.287952],[-97.7426398,30.2880082],[-97.7426444,30.2880086],[-97.7426504,30.2879523],[-97.7426457,30.287952]]]}},{"type":"Feature","properties":{"kind":"front","fam":"plGlass","wd":"#6e7a84","wg":"#858584","wn":"#14171f","base":0.55,"h":4.3,"nm":"Victory Lap","cat":"bar","src":"G","bid":"f3697fd4-d68c-490c-a7cc-f9a8db5e59ad"},"geometry":{"type":"Polygon","coordinates":[[[-97.7426457,30.287952],[-97.7426398,30.2880082],[-97.7426444,30.2880086],[-97.7426504,30.2879523],[-97.7426457,30.287952]]]}},{"type":"Feature","properties":{"kind":"front","fam":"plSign","wd":"#1f2630","wg":"#3e3b3b","wn":"#8b9bb1","base":4.3,"h":5.35,"nm":"Victory Lap","cat":"bar","src":"G","bid":"f3697fd4-d68c-490c-a7cc-f9a8db5e59ad"},"geometry":{"type":"Polygon","coordinates":[[[-97.7426457,30.287952],[-97.7426398,30.2880082],[-97.7426444,30.2880086],[-97.7426504,30.2879523],[-97.7426457,30.287952]]]}},{"type":"Feature","properties":{"kind":"awning","fam":"plAwn","wd":"#212935","wg":"#454141","wn":"#0b0e17","base":3.84,"h":4.2,"nm":"Victory Lap","cat":"bar","src":"G","bid":"f3697fd4-d68c-490c-a7cc-f9a8db5e59ad"},"geometry":{"type":"Polygon","coordinates":[[[-97.7426353,30.2879512],[-97.7426294,30.2880074],[-97.7426413,30.2880083],[-97.7426472,30.2879521],[-97.7426353,30.2879512]]]}},{"type":"Feature","properties":{"kind":"front","fam":"plBulk","wd":"#39332e","wg":"#59493b","wn":"#0e0f16","base":0.0,"h":0.55,"nm":"Victory Lap","cat":"bar","src":"G","bid":"f3697fd4-d68c-490c-a7cc-f9a8db5e59ad"},"geometry":{"type":"Polygon","coordinates":[[[-97.7427443,30.2880059],[-97.7427521,30.287928],[-97.7427474,30.2879276],[-97.7427397,30.2880056],[-97.7427443,30.2880059]]]}},{"type":"Feature","properties":{"kind":"front","fam":"plGlass","wd":"#6e7a84","wg":"#858584","wn":"#14171f","base":0.55,"h":4.3,"nm":"Victory Lap","cat":"bar","src":"G","bid":"f3697fd4-d68c-490c-a7cc-f9a8db5e59ad"},"geometry":{"type":"Polygon","coordinates":[[[-97.7427443,30.2880059],[-97.7427521,30.287928],[-97.7427474,30.2879276],[-97.7427397,30.2880056],[-97.7427443,30.2880059]]]}},{"type":"Feature","properties":{"kind":"front","fam":"plSign","wd":"#1f2630","wg":"#3e3b3b","wn":"#8b9bb1","base":4.3,"h":5.35,"nm":"Victory Lap","cat":"bar","src":"G","bid":"f3697fd4-d68c-490c-a7cc-f9a8db5e59ad"},"geometry":{"type":"Polygon","coordinates":[[[-97.7427443,30.2880059],[-97.7427521,30.287928],[-97.7427474,30.2879276],[-97.7427397,30.2880056],[-97.7427443,30.2880059]]]}},{"type":"Feature","properties":{"kind":"awning","fam":"plAwn","wd":"#212935","wg":"#454141","wn":"#0b0e17","base":3.84,"h":4.2,"nm":"Victory Lap","cat":"bar","src":"G","bid":"f3697fd4-d68c-490c-a7cc-f9a8db5e59ad"},"geometry":{"type":"Polygon","coordinates":[[[-97.7427547,30.2880067],[-97.7427625,30.2879287],[-97.7427505,30.2879278],[-97.7427428,30.2880058],[-97.7427547,30.2880067]]]}},{"type":"Feature","properties":{"kind":"label","nm":"Victory Lap","cat":"bar","src":"G","sign":"#1f2630","dark":1},"geometry":{"type":"Point","coordinates":[-97.7427661,30.2879966]}},{"type":"Feature","properties":{"kind":"front","fam":"plBulk","wd":"#39332e","wg":"#59493b","wn":"#0e0f16","base":0.0,"h":0.55,"nm":"Eclectic Eyewear","cat":"optician","src":"G","bid":"f7deb19f-939e-428e-a748-ca448edfffab"},"geometry":{"type":"Polygon","coordinates":[[[-97.7415689,30.2894755],[-97.7415642,30.2895203],[-97.7415688,30.2895206],[-97.7415736,30.2894759],[-97.7415689,30.2894755]]]}},{"type":"Feature","properties":{"kind":"front","fam":"plGlass","wd":"#6e7a84","wg":"#858584","wn":"#14171f","base":0.55,"h":2.81,"nm":"Eclectic Eyewear","cat":"optician","src":"G","bid":"f7deb19f-939e-428e-a748-ca448edfffab"},"geometry":{"type":"Polygon","coordinates":[[[-97.7415689,30.2894755],[-97.7415642,30.2895203],[-97.7415688,30.2895206],[-97.7415736,30.2894759],[-97.7415689,30.2894755]]]}},{"type":"Feature","properties":{"kind":"front","fam":"plSign","wd":"#22303a","wg":"#414444","wn":"#8cabc0","base":2.81,"h":3.43,"nm":"Eclectic Eyewear","cat":"optician","src":"G","bid":"f7deb19f-939e-428e-a748-ca448edfffab"},"geometry":{"type":"Polygon","coordinates":[[[-97.7415689,30.2894755],[-97.7415642,30.2895203],[-97.7415688,30.2895206],[-97.7415736,30.2894759],[-97.7415689,30.2894755]]]}},{"type":"Feature","properties":{"kind":"awning","fam":"plAwn","wd":"#23313d","wg":"#464848","wn":"#0b0f18","base":2.35,"h":2.71,"nm":"Eclectic Eyewear","cat":"optician","src":"G","bid":"f7deb19f-939e-428e-a748-ca448edfffab"},"geometry":{"type":"Polygon","coordinates":[[[-97.7415585,30.2894747],[-97.7415538,30.2895195],[-97.7415657,30.2895204],[-97.7415705,30.2894757],[-97.7415585,30.2894747]]]}},{"type":"Feature","properties":{"kind":"label","nm":"Eclectic Eyewear","cat":"optician","src":"G","sign":"#22303a","dark":1},"geometry":{"type":"Point","coordinates":[-97.7415458,30.2894963]}},{"type":"Feature","properties":{"kind":"front","fam":"plBulk","wd":"#39332e","wg":"#59493b","wn":"#0e0f16","base":0.0,"h":0.55,"nm":"Buffalo Exchange","cat":"second_hand","src":"G","bid":"fd1adda0-b21d-4b77-bffc-cb71eabf13b5"},"geometry":{"type":"Polygon","coordinates":[[[-97.7429606,30.2955772],[-97.7428876,30.2955418],[-97.7428853,30.2955453],[-97.7429583,30.2955807],[-97.7429606,30.2955772]]]}},{"type":"Feature","properties":{"kind":"front","fam":"plGlass","wd":"#6e7a84","wg":"#858584","wn":"#14171f","base":0.55,"h":4.3,"nm":"Buffalo Exchange","cat":"second_hand","src":"G","bid":"fd1adda0-b21d-4b77-bffc-cb71eabf13b5"},"geometry":{"type":"Polygon","coordinates":[[[-97.7429606,30.2955772],[-97.7428876,30.2955418],[-97.7428853,30.2955453],[-97.7429583,30.2955807],[-97.7429606,30.2955772]]]}},{"type":"Feature","properties":{"kind":"front","fam":"plSign","wd":"#3a4a3a","wg":"#565a44","wn":"#8ea189","base":4.3,"h":5.35,"nm":"Buffalo Exchange","cat":"second_hand","src":"G","bid":"fd1adda0-b21d-4b77-bffc-cb71eabf13b5"},"geometry":{"type":"Polygon","coordinates":[[[-97.7429606,30.2955772],[-97.7428876,30.2955418],[-97.7428853,30.2955453],[-97.7429583,30.2955807],[-97.7429606,30.2955772]]]}},{"type":"Feature","properties":{"kind":"awning","fam":"plAwn","wd":"#36453d","wg":"#565848","wn":"#0e1118","base":3.84,"h":4.2,"nm":"Buffalo Exchange","cat":"second_hand","src":"G","bid":"fd1adda0-b21d-4b77-bffc-cb71eabf13b5"},"geometry":{"type":"Polygon","coordinates":[[[-97.7429657,30.2955694],[-97.7428927,30.2955339],[-97.7428869,30.2955429],[-97.7429599,30.2955784],[-97.7429657,30.2955694]]]}},{"type":"Feature","properties":{"kind":"front","fam":"plBulk","wd":"#39332e","wg":"#59493b","wn":"#0e0f16","base":0.0,"h":0.55,"nm":"Buffalo Exchange","cat":"second_hand","src":"G","bid":"fd1adda0-b21d-4b77-bffc-cb71eabf13b5"},"geometry":{"type":"Polygon","coordinates":[[[-97.7428504,30.2955468],[-97.7428154,30.2956014],[-97.7428195,30.2956034],[-97.7428545,30.2955488],[-97.7428504,30.2955468]]]}},{"type":"Feature","properties":{"kind":"front","fam":"plGlass","wd":"#6e7a84","wg":"#858584","wn":"#14171f","base":0.55,"h":4.3,"nm":"Buffalo Exchange","cat":"second_hand","src":"G","bid":"fd1adda0-b21d-4b77-bffc-cb71eabf13b5"},"geometry":{"type":"Polygon","coordinates":[[[-97.7428504,30.2955468],[-97.7428154,30.2956014],[-97.7428195,30.2956034],[-97.7428545,30.2955488],[-97.7428504,30.2955468]]]}},{"type":"Feature","properties":{"kind":"front","fam":"plSign","wd":"#3a4a3a","wg":"#565a44","wn":"#8ea189","base":4.3,"h":5.35,"nm":"Buffalo Exchange","cat":"second_hand","src":"G","bid":"fd1adda0-b21d-4b77-bffc-cb71eabf13b5"},"geometry":{"type":"Polygon","coordinates":[[[-97.7428504,30.2955468],[-97.7428154,30.2956014],[-97.7428195,30.2956034],[-97.7428545,30.2955488],[-97.7428504,30.2955468]]]}},{"type":"Feature","properties":{"kind":"awning","fam":"plAwn","wd":"#36453d","wg":"#565848","wn":"#0e1118","base":3.84,"h":4.2,"nm":"Buffalo Exchange","cat":"second_hand","src":"G","bid":"fd1adda0-b21d-4b77-bffc-cb71eabf13b5"},"geometry":{"type":"Polygon","coordinates":[[[-97.7428413,30.2955425],[-97.7428063,30.2955971],[-97.7428168,30.2956021],[-97.7428517,30.2955474],[-97.7428413,30.2955425]]]}},{"type":"Feature","properties":{"kind":"label","nm":"Buffalo Exchange","cat":"second_hand","src":"G","sign":"#3a4a3a","dark":1},"geometry":{"type":"Point","coordinates":[-97.7429028,30.2955285]}},{"type":"Feature","properties":{"kind":"front","fam":"plBulk","wd":"#39332e","wg":"#59493b","wn":"#0e0f16","base":0.0,"h":0.55,"nm":"Potbelly","cat":"fast_food","src":"S","bid":"fdcca604-43a9-44cb-9a7c-a408e534ab53"},"geometry":{"type":"Polygon","coordinates":[[[-97.7418172,30.2867881],[-97.7418113,30.2868488],[-97.741816,30.2868491],[-97.7418219,30.2867884],[-97.7418172,30.2867881]]]}},{"type":"Feature","properties":{"kind":"front","fam":"plGlass","wd":"#6e7a84","wg":"#858584","wn":"#14171f","base":0.55,"h":3.96,"nm":"Potbelly","cat":"fast_food","src":"S","bid":"fdcca604-43a9-44cb-9a7c-a408e534ab53"},"geometry":{"type":"Polygon","coordinates":[[[-97.7418172,30.2867881],[-97.7418113,30.2868488],[-97.741816,30.2868491],[-97.7418219,30.2867884],[-97.7418172,30.2867881]]]}},{"type":"Feature","properties":{"kind":"front","fam":"plSign","wd":"#fcb116","wg":"#fcb325","wn":"#f1b73e","base":3.96,"h":4.84,"nm":"Potbelly","cat":"fast_food","src":"S","bid":"fdcca604-43a9-44cb-9a7c-a408e534ab53"},"geometry":{"type":"Polygon","coordinates":[[[-97.7418172,30.2867881],[-97.7418113,30.2868488],[-97.741816,30.2868491],[-97.7418219,30.2867884],[-97.7418172,30.2867881]]]}},{"type":"Feature","properties":{"kind":"awning","fam":"plAwn","wd":"#cc9521","wg":"#d49c31","wn":"#1e1a14","base":3.5,"h":3.86,"nm":"Potbelly","cat":"fast_food","src":"S","bid":"fdcca604-43a9-44cb-9a7c-a408e534ab53"},"geometry":{"type":"Polygon","coordinates":[[[-97.7418069,30.2867873],[-97.7418009,30.286848],[-97.7418128,30.2868489],[-97.7418188,30.2867882],[-97.7418069,30.2867873]]]}},{"type":"Feature","properties":{"kind":"front","fam":"plBulk","wd":"#39332e","wg":"#59493b","wn":"#0e0f16","base":0.0,"h":0.55,"nm":"Potbelly","cat":"fast_food","src":"S","bid":"fdcca604-43a9-44cb-9a7c-a408e534ab53"},"geometry":{"type":"Polygon","coordinates":[[[-97.7418141,30.2868517],[-97.7418993,30.2868579],[-97.7418997,30.2868539],[-97.7418145,30.2868477],[-97.7418141,30.2868517]]]}},{"type":"Feature","properties":{"kind":"front","fam":"plGlass","wd":"#6e7a84","wg":"#858584","wn":"#14171f","base":0.55,"h":3.96,"nm":"Potbelly","cat":"fast_food","src":"S","bid":"fdcca604-43a9-44cb-9a7c-a408e534ab53"},"geometry":{"type":"Polygon","coordinates":[[[-97.7418141,30.2868517],[-97.7418993,30.2868579],[-97.7418997,30.2868539],[-97.7418145,30.2868477],[-97.7418141,30.2868517]]]}},{"type":"Feature","properties":{"kind":"front","fam":"plSign","wd":"#fcb116","wg":"#fcb325","wn":"#f1b73e","base":3.96,"h":4.84,"nm":"Potbelly","cat":"fast_food","src":"S","bid":"fdcca604-43a9-44cb-9a7c-a408e534ab53"},"geometry":{"type":"Polygon","coordinates":[[[-97.7418141,30.2868517],[-97.7418993,30.2868579],[-97.7418997,30.2868539],[-97.7418145,30.2868477],[-97.7418141,30.2868517]]]}},{"type":"Feature","properties":{"kind":"awning","fam":"plAwn","wd":"#cc9521","wg":"#d49c31","wn":"#1e1a14","base":3.5,"h":3.86,"nm":"Potbelly","cat":"fast_food","src":"S","bid":"fdcca604-43a9-44cb-9a7c-a408e534ab53"},"geometry":{"type":"Polygon","coordinates":[[[-97.7418133,30.2868606],[-97.7418985,30.2868669],[-97.7418995,30.2868566],[-97.7418143,30.2868503],[-97.7418133,30.2868606]]]}},{"type":"Feature","properties":{"kind":"label","nm":"Potbelly","cat":"fast_food","src":"S","sign":"#fcb116","dark":0},"geometry":{"type":"Point","coordinates":[-97.7418198,30.2868701]}}],"replacedBuildingIds":[]}