{"type":"FeatureCollection","features":[{"type":"Feature","geometry":{"type":"Polygon","coordinates":[[[-97.740656,30.287468],[-97.740637,30.287468],[-97.740637,30.287484],[-97.740656,30.287484],[-97.740656,30.287468]]]},"properties":{"k":"art","name":"Barbara Jordan Statue","h":4.2,"at":"statue","artist":"Bruce Wolfe"}},{"type":"Feature","geometry":{"type":"Polygon","coordinates":[[[-97.739522,30.284912],[-97.739503,30.284912],[-97.739503,30.284928],[-97.739522,30.284928],[-97.739522,30.284912]]]},"properties":{"k":"art","name":"George Washington","h":4.2,"at":"statue","artist":"Pompeo Coppini"}},{"type":"Feature","geometry":{"type":"Polygon","coordinates":[[[-97.740359,30.285917],[-97.74034,30.285917],[-97.74034,30.285933],[-97.740359,30.285933],[-97.740359,30.285917]]]},"properties":{"k":"art","name":"The Torchbearers","h":4.2,"at":"statue","artist":"Charles Umlauf"}},{"type":"Feature","geometry":{"type":"Polygon","coordinates":[[[-97.739819,30.288664],[-97.739785,30.288664],[-97.739785,30.288693],[-97.739819,30.288693],[-97.739819,30.288664]]]},"properties":{"k":"art","name":"Diana the Huntress","h":5.5,"at":"sculpture","artist":"Anna Hyatt Huntington"}},{"type":"Feature","geometry":{"type":"Polygon","coordinates":[[[-97.733369,30.287053],[-97.733336,30.287053],[-97.733336,30.287082],[-97.733369,30.287082],[-97.733369,30.287053]]]},"properties":{"k":"art","name":"Mustangs","h":5.5,"at":"sculpture","artist":"Alexander Phimister Proctor"}},{"type":"Feature","geometry":{"type":"Polygon","coordinates":[[[-97.736094,30.289703],[-97.736061,30.289703],[-97.736061,30.289732],[-97.736094,30.289732],[-97.736094,30.289703]]]},"properties":{"k":"art","name":"Clock Knot","h":5.5,"at":"sculpture","artist":"Mark di Suvero"}},{"type":"Feature","geometry":{"type":"Polygon","coordinates":[[[-97.74219,30.283894],[-97.742165,30.283894],[-97.742165,30.283916],[-97.74219,30.283916],[-97.74219,30.283894]]]},"properties":{"k":"art","name":"Hi, How Are You","h":3.0,"at":"mural","artist":"Daniel Johnston"}},{"type":"Feature","geometry":{"type":"Polygon","coordinates":[[[-97.736961,30.286259],[-97.736928,30.286259],[-97.736928,30.286288],[-97.736961,30.286288],[-97.736961,30.286259]]]},"properties":{"k":"art","name":"Circle with Towers","h":5.5,"at":"sculpture","artist":"Sol LeWitt"}},{"type":"Feature","geometry":{"type":"Polygon","coordinates":[[[-97.736645,30.286567],[-97.736612,30.286567],[-97.736612,30.286596],[-97.736645,30.286596],[-97.736645,30.286567]]]},"properties":{"k":"art","name":"Vermillion","h":5.5,"at":"sculpture","artist":"Deborah Butterfield"}},{"type":"Feature","geometry":{"type":"Polygon","coordinates":[[[-97.737146,30.287444],[-97.737096,30.287444],[-97.737096,30.287487],[-97.737146,30.287487],[-97.737146,30.287444]]]},"properties":{"k":"art","name":"Monochrome for Austin","h":7.0,"at":"installation","artist":"Nancy Rubins"}},{"type":"Feature","geometry":{"type":"Polygon","coordinates":[[[-97.731363,30.285494],[-97.731344,30.285494],[-97.731344,30.28551],[-97.731363,30.28551],[-97.731363,30.285494]]]},"properties":{"k":"art","name":"Figure on a Trunk","h":4.2,"at":"statue","artist":"Magdalena Abakanowicz"}},{"type":"Feature","geometry":{"type":"Polygon","coordinates":[[[-97.731258,30.285996],[-97.731225,30.285996],[-97.731225,30.286024],[-97.731258,30.286024],[-97.731258,30.285996]]]},"properties":{"k":"art","name":"Prometheus and Vulture","h":5.5,"at":"sculpture","artist":"Koren Der Harootian"}},{"type":"Feature","geometry":{"type":"Polygon","coordinates":[[[-97.731187,30.286072],[-97.731162,30.286072],[-97.731162,30.286093],[-97.731187,30.286093],[-97.731187,30.286072]]]},"properties":{"k":"art","name":"History of Black Bronze I","h":4.5,"at":"","artist":"Jim Dine"}},{"type":"Feature","geometry":{"type":"Polygon","coordinates":[[[-97.739676,30.286142],[-97.739651,30.286142],[-97.739651,30.286164],[-97.739676,30.286164],[-97.739676,30.286142]]]},"properties":{"k":"art","name":"Pedogna","h":4.5,"at":"","artist":"Walter Dusenbery"}},{"type":"Feature","geometry":{"type":"Polygon","coordinates":[[[-97.73138,30.286158],[-97.731355,30.286158],[-97.731355,30.286179],[-97.73138,30.286179],[-97.73138,30.286158]]]},"properties":{"k":"art","name":"The Swan's Dream of Leda","h":4.5,"at":"","artist":"David Hare"}},{"type":"Feature","geometry":{"type":"Polygon","coordinates":[[[-97.731117,30.286017],[-97.731092,30.286017],[-97.731092,30.286038],[-97.731117,30.286038],[-97.731117,30.286017]]]},"properties":{"k":"art","name":"Amphora","h":4.5,"at":"","artist":"Bryan Hunt"}},{"type":"Feature","geometry":{"type":"Polygon","coordinates":[[[-97.731333,30.286026],[-97.731308,30.286026],[-97.731308,30.286048],[-97.731333,30.286048],[-97.731333,30.286026]]]},"properties":{"k":"art","name":"Winged Victory","h":4.5,"at":"","artist":"Frederick Kiesler"}},{"type":"Feature","geometry":{"type":"Polygon","coordinates":[[[-97.736434,30.286312],[-97.736409,30.286312],[-97.736409,30.286333],[-97.736434,30.286333],[-97.736434,30.286312]]]},"properties":{"k":"art","name":"Wall Drawing #520","h":3.0,"at":"mural","artist":"Sol LeWitt"}},{"type":"Feature","geometry":{"type":"Polygon","coordinates":[[[-97.73778,30.285565],[-97.737755,30.285565],[-97.737755,30.285587],[-97.73778,30.285587],[-97.73778,30.285565]]]},"properties":{"k":"art","name":"The West","h":4.5,"at":"","artist":"Donald Lipski"}},{"type":"Feature","geometry":{"type":"Polygon","coordinates":[[[-97.737949,30.283119],[-97.737924,30.283119],[-97.737924,30.283141],[-97.737949,30.283141],[-97.737949,30.283119]]]},"properties":{"k":"art","name":"Square Tilt","h":4.5,"at":"","artist":"Joel Perlman"}},{"type":"Feature","geometry":{"type":"Polygon","coordinates":[[[-97.73635,30.284803],[-97.736325,30.284803],[-97.736325,30.284825],[-97.73635,30.284825],[-97.73635,30.284803]]]},"properties":{"k":"art","name":"The Color Inside","h":4.5,"at":"","artist":"James Turrell"}},{"type":"Feature","geometry":{"type":"Polygon","coordinates":[[[-97.738572,30.280195],[-97.738539,30.280195],[-97.738539,30.280224],[-97.738572,30.280224],[-97.738572,30.280195]]]},"properties":{"k":"art","name":"Lone Star","h":5.5,"at":"sculpture","artist":""}},{"type":"Feature","geometry":{"type":"Polygon","coordinates":[[[-97.738176,30.28017],[-97.738157,30.28017],[-97.738157,30.280186],[-97.738176,30.280186],[-97.738176,30.28017]]]},"properties":{"k":"art","name":"Bluebonnet","h":4.2,"at":"statue","artist":"Lars Stanley"}},{"type":"Feature","geometry":{"type":"Polygon","coordinates":[[[-97.738313,30.279793],[-97.738294,30.279793],[-97.738294,30.279809],[-97.738313,30.279809],[-97.738313,30.279793]]]},"properties":{"k":"art","name":"Horned Lizard","h":4.2,"at":"statue","artist":"Dylan Connor"}},{"type":"Feature","geometry":{"type":"Polygon","coordinates":[[[-97.738776,30.279294],[-97.738757,30.279294],[-97.738757,30.27931],[-97.738776,30.27931],[-97.738776,30.279294]]]},"properties":{"k":"art","name":"Bat","h":4.2,"at":"statue","artist":"Lars Stanley"}},{"type":"Feature","geometry":{"type":"Polygon","coordinates":[[[-97.73865,30.27891],[-97.738631,30.27891],[-97.738631,30.278926],[-97.73865,30.278926],[-97.73865,30.27891]]]},"properties":{"k":"art","name":"Prickly Pear","h":4.2,"at":"statue","artist":"Dylan Connor"}},{"type":"Feature","geometry":{"type":"Polygon","coordinates":[[[-97.73909,30.278498],[-97.739071,30.278498],[-97.739071,30.278514],[-97.73909,30.278514],[-97.73909,30.278498]]]},"properties":{"k":"art","name":"Armadillo","h":4.2,"at":"statue","artist":"Lars Stanley"}},{"type":"Feature","geometry":{"type":"Polygon","coordinates":[[[-97.739,30.277977],[-97.738981,30.277977],[-97.738981,30.277993],[-97.739,30.277993],[-97.739,30.277977]]]},"properties":{"k":"art","name":"Sea Turtle","h":4.2,"at":"statue","artist":"Dylan Connor"}},{"type":"Feature","geometry":{"type":"Polygon","coordinates":[[[-97.733549,30.284998],[-97.73353,30.284998],[-97.73353,30.285014],[-97.733549,30.285014],[-97.733549,30.284998]]]},"properties":{"k":"art","name":"The Doughboy","h":4.2,"at":"statue","artist":"Paul Tadlock"}},{"type":"Feature","geometry":{"type":"Polygon","coordinates":[[[-97.73786,30.281642],[-97.737798,30.281642],[-97.737798,30.281696],[-97.73786,30.281696],[-97.73786,30.281642]]]},"properties":{"k":"art","name":"Austin","h":8.0,"at":"building","artist":"Ellsworth Kelly"}},{"type":"Feature","geometry":{"type":"Polygon","coordinates":[[[-97.737123,30.281462],[-97.737073,30.281462],[-97.737073,30.281506],[-97.737123,30.281506],[-97.737123,30.281462]]]},"properties":{"k":"art","name":"Butler Sound Gallery","h":7.0,"at":"installation","artist":""}},{"type":"Feature","geometry":{"type":"Polygon","coordinates":[[[-97.741486,30.282825],[-97.741478,30.282825],[-97.741478,30.282832],[-97.741486,30.282832],[-97.741486,30.282825]]]},"properties":{"k":"furn","u":"waste_basket","h":0.9}},{"type":"Feature","geometry":{"type":"Polygon","coordinates":[[[-97.741929,30.277386],[-97.741915,30.277386],[-97.741915,30.277398],[-97.741929,30.277398],[-97.741929,30.277386]]]},"properties":{"k":"furn","u":"bench","h":0.5}},{"type":"Feature","geometry":{"type":"Polygon","coordinates":[[[-97.741933,30.277369],[-97.741926,30.277369],[-97.741926,30.277375],[-97.741933,30.277375],[-97.741933,30.277369]]]},"properties":{"k":"furn","u":"waste_basket","h":0.9}},{"type":"Feature","geometry":{"type":"Polygon","coordinates":[[[-97.741327,30.278818],[-97.741313,30.278818],[-97.741313,30.27883],[-97.741327,30.27883],[-97.741327,30.278818]]]},"properties":{"k":"furn","u":"bench","h":0.5}},{"type":"Feature","geometry":{"type":"Polygon","coordinates":[[[-97.741318,30.278838],[-97.74131,30.278838],[-97.74131,30.278845],[-97.741318,30.278845],[-97.741318,30.278838]]]},"properties":{"k":"furn","u":"waste_basket","h":0.9}},{"type":"Feature","geometry":{"type":"Polygon","coordinates":[[[-97.741313,30.278851],[-97.741299,30.278851],[-97.741299,30.278864],[-97.741313,30.278864],[-97.741313,30.278851]]]},"properties":{"k":"furn","u":"bench","h":0.5}},{"type":"Feature","geometry":{"type":"Polygon","coordinates":[[[-97.741622,30.285695],[-97.741615,30.285695],[-97.741615,30.285701],[-97.741622,30.285701],[-97.741622,30.285695]]]},"properties":{"k":"furn","u":"waste_basket","h":0.9}},{"type":"Feature","geometry":{"type":"Polygon","coordinates":[[[-97.741246,30.290207],[-97.741239,30.290207],[-97.741239,30.290213],[-97.741246,30.290213],[-97.741246,30.290207]]]},"properties":{"k":"furn","u":"waste_basket","h":0.9}},{"type":"Feature","geometry":{"type":"Polygon","coordinates":[[[-97.741245,30.290174],[-97.741231,30.290174],[-97.741231,30.290186],[-97.741245,30.290186],[-97.741245,30.290174]]]},"properties":{"k":"furn","u":"bench","h":0.5}},{"type":"Feature","geometry":{"type":"Polygon","coordinates":[[[-97.74156,30.293028],[-97.741546,30.293028],[-97.741546,30.29304],[-97.74156,30.29304],[-97.74156,30.293028]]]},"properties":{"k":"furn","u":"bench","h":0.5}},{"type":"Feature","geometry":{"type":"Polygon","coordinates":[[[-97.741571,30.293053],[-97.741563,30.293053],[-97.741563,30.293059],[-97.741571,30.293059],[-97.741571,30.293053]]]},"properties":{"k":"furn","u":"waste_basket","h":0.9}},{"type":"Feature","geometry":{"type":"Polygon","coordinates":[[[-97.742447,30.294759],[-97.74244,30.294759],[-97.74244,30.294765],[-97.742447,30.294765],[-97.742447,30.294759]]]},"properties":{"k":"furn","u":"waste_basket","h":0.9}},{"type":"Feature","geometry":{"type":"Polygon","coordinates":[[[-97.741353,30.292194],[-97.741346,30.292194],[-97.741346,30.2922],[-97.741353,30.2922],[-97.741353,30.292194]]]},"properties":{"k":"furn","u":"waste_basket","h":0.9}},{"type":"Feature","geometry":{"type":"Polygon","coordinates":[[[-97.741335,30.292214],[-97.74132,30.292214],[-97.74132,30.292227],[-97.741335,30.292227],[-97.741335,30.292214]]]},"properties":{"k":"furn","u":"bench","h":0.5}},{"type":"Feature","geometry":{"type":"Polygon","coordinates":[[[-97.742808,30.295605],[-97.742801,30.295605],[-97.742801,30.295611],[-97.742808,30.295611],[-97.742808,30.295605]]]},"properties":{"k":"furn","u":"waste_basket","h":0.9}},{"type":"Feature","geometry":{"type":"Polygon","coordinates":[[[-97.74206,30.283279],[-97.742053,30.283279],[-97.742053,30.283286],[-97.74206,30.283286],[-97.74206,30.283279]]]},"properties":{"k":"furn","u":"waste_basket","h":0.9}},{"type":"Feature","geometry":{"type":"Polygon","coordinates":[[[-97.742045,30.283418],[-97.742038,30.283418],[-97.742038,30.283425],[-97.742045,30.283425],[-97.742045,30.283418]]]},"properties":{"k":"furn","u":"waste_basket","h":0.9}},{"type":"Feature","geometry":{"type":"Polygon","coordinates":[[[-97.741772,30.286251],[-97.741765,30.286251],[-97.741765,30.286257],[-97.741772,30.286257],[-97.741772,30.286251]]]},"properties":{"k":"furn","u":"waste_basket","h":0.9}},{"type":"Feature","geometry":{"type":"Polygon","coordinates":[[[-97.741771,30.286289],[-97.741757,30.286289],[-97.741757,30.286301],[-97.741771,30.286301],[-97.741771,30.286289]]]},"properties":{"k":"furn","u":"bench","h":0.5}},{"type":"Feature","geometry":{"type":"Polygon","coordinates":[[[-97.741385,30.291101],[-97.741377,30.291101],[-97.741377,30.291108],[-97.741385,30.291108],[-97.741385,30.291101]]]},"properties":{"k":"furn","u":"waste_basket","h":0.9}},{"type":"Feature","geometry":{"type":"Polygon","coordinates":[[[-97.741383,30.291111],[-97.741369,30.291111],[-97.741369,30.291124],[-97.741383,30.291124],[-97.741383,30.291111]]]},"properties":{"k":"furn","u":"bench","h":0.5}},{"type":"Feature","geometry":{"type":"Polygon","coordinates":[[[-97.739315,30.289526],[-97.739307,30.289526],[-97.739307,30.289532],[-97.739315,30.289532],[-97.739315,30.289526]]]},"properties":{"k":"furn","u":"waste_basket","h":0.9}},{"type":"Feature","geometry":{"type":"Polygon","coordinates":[[[-97.738791,30.289708],[-97.738784,30.289708],[-97.738784,30.289714],[-97.738791,30.289714],[-97.738791,30.289708]]]},"properties":{"k":"furn","u":"waste_basket","h":0.9}},{"type":"Feature","geometry":{"type":"Polygon","coordinates":[[[-97.735857,30.294357],[-97.735849,30.294357],[-97.735849,30.294363],[-97.735857,30.294363],[-97.735857,30.294357]]]},"properties":{"k":"furn","u":"waste_basket","h":0.9}},{"type":"Feature","geometry":{"type":"Polygon","coordinates":[[[-97.739344,30.279029],[-97.739323,30.279029],[-97.739323,30.279047],[-97.739344,30.279047],[-97.739344,30.279029]]]},"properties":{"k":"furn","u":"bicycle_parking","h":0.9}},{"type":"Feature","geometry":{"type":"Polygon","coordinates":[[[-97.739268,30.279576],[-97.739247,30.279576],[-97.739247,30.279594],[-97.739268,30.279594],[-97.739268,30.279576]]]},"properties":{"k":"furn","u":"bicycle_parking","h":0.9}},{"type":"Feature","geometry":{"type":"Polygon","coordinates":[[[-97.736376,30.28496],[-97.736355,30.28496],[-97.736355,30.284978],[-97.736376,30.284978],[-97.736376,30.28496]]]},"properties":{"k":"furn","u":"bicycle_parking","h":0.9}},{"type":"Feature","geometry":{"type":"Polygon","coordinates":[[[-97.736429,30.288665],[-97.736408,30.288665],[-97.736408,30.288683],[-97.736429,30.288683],[-97.736429,30.288665]]]},"properties":{"k":"furn","u":"bicycle_parking","h":0.9}},{"type":"Feature","geometry":{"type":"Polygon","coordinates":[[[-97.737012,30.288912],[-97.736991,30.288912],[-97.736991,30.28893],[-97.737012,30.28893],[-97.737012,30.288912]]]},"properties":{"k":"furn","u":"bicycle_parking","h":0.9}},{"type":"Feature","geometry":{"type":"Polygon","coordinates":[[[-97.736746,30.288822],[-97.736725,30.288822],[-97.736725,30.28884],[-97.736746,30.28884],[-97.736746,30.288822]]]},"properties":{"k":"furn","u":"bicycle_parking","h":0.9}},{"type":"Feature","geometry":{"type":"Polygon","coordinates":[[[-97.736701,30.288844],[-97.736695,30.288844],[-97.736695,30.288849],[-97.736701,30.288849],[-97.736701,30.288844]]]},"properties":{"k":"furn","u":"drinking_water","h":1.0}},{"type":"Feature","geometry":{"type":"Polygon","coordinates":[[[-97.750455,30.288093],[-97.750435,30.288093],[-97.750435,30.288111],[-97.750455,30.288111],[-97.750455,30.288093]]]},"properties":{"k":"furn","u":"bicycle_parking","h":0.9}},{"type":"Feature","geometry":{"type":"Polygon","coordinates":[[[-97.735698,30.289908],[-97.735677,30.289908],[-97.735677,30.289926],[-97.735698,30.289926],[-97.735698,30.289908]]]},"properties":{"k":"furn","u":"bicycle_parking","h":0.9}},{"type":"Feature","geometry":{"type":"Polygon","coordinates":[[[-97.738931,30.289859],[-97.73891,30.289859],[-97.73891,30.289877],[-97.738931,30.289877],[-97.738931,30.289859]]]},"properties":{"k":"furn","u":"bicycle_parking","h":0.9}},{"type":"Feature","geometry":{"type":"Polygon","coordinates":[[[-97.731394,30.289061],[-97.731373,30.289061],[-97.731373,30.289079],[-97.731394,30.289079],[-97.731394,30.289061]]]},"properties":{"k":"furn","u":"bicycle_parking","h":0.9}},{"type":"Feature","geometry":{"type":"Polygon","coordinates":[[[-97.734742,30.291181],[-97.734721,30.291181],[-97.734721,30.291199],[-97.734742,30.291199],[-97.734742,30.291181]]]},"properties":{"k":"furn","u":"bicycle_parking","h":0.9}},{"type":"Feature","geometry":{"type":"Polygon","coordinates":[[[-97.733403,30.286952],[-97.733382,30.286952],[-97.733382,30.286969],[-97.733403,30.286969],[-97.733403,30.286952]]]},"properties":{"k":"furn","u":"bicycle_parking","h":0.9}},{"type":"Feature","geometry":{"type":"Polygon","coordinates":[[[-97.733423,30.286379],[-97.733402,30.286379],[-97.733402,30.286397],[-97.733423,30.286397],[-97.733423,30.286379]]]},"properties":{"k":"furn","u":"bicycle_parking","h":0.9}},{"type":"Feature","geometry":{"type":"Polygon","coordinates":[[[-97.733858,30.283494],[-97.733837,30.283494],[-97.733837,30.283512],[-97.733858,30.283512],[-97.733858,30.283494]]]},"properties":{"k":"furn","u":"bicycle_parking","h":0.9}},{"type":"Feature","geometry":{"type":"Polygon","coordinates":[[[-97.733857,30.283407],[-97.733836,30.283407],[-97.733836,30.283425],[-97.733857,30.283425],[-97.733857,30.283407]]]},"properties":{"k":"furn","u":"bicycle_parking","h":0.9}},{"type":"Feature","geometry":{"type":"Polygon","coordinates":[[[-97.741355,30.285728],[-97.741334,30.285728],[-97.741334,30.285746],[-97.741355,30.285746],[-97.741355,30.285728]]]},"properties":{"k":"furn","u":"bicycle_parking","h":0.9}},{"type":"Feature","geometry":{"type":"Polygon","coordinates":[[[-97.740317,30.295536],[-97.74031,30.295536],[-97.74031,30.295542],[-97.740317,30.295542],[-97.740317,30.295536]]]},"properties":{"k":"furn","u":"waste_basket","h":0.9}},{"type":"Feature","geometry":{"type":"Polygon","coordinates":[[[-97.741664,30.294987],[-97.741656,30.294987],[-97.741656,30.294993],[-97.741664,30.294993],[-97.741664,30.294987]]]},"properties":{"k":"furn","u":"waste_basket","h":0.9}},{"type":"Feature","geometry":{"type":"Polygon","coordinates":[[[-97.741685,30.295394],[-97.741665,30.295394],[-97.741665,30.295412],[-97.741685,30.295412],[-97.741685,30.295394]]]},"properties":{"k":"furn","u":"bicycle_parking","h":0.9}},{"type":"Feature","geometry":{"type":"Polygon","coordinates":[[[-97.73759,30.287727],[-97.737569,30.287727],[-97.737569,30.287745],[-97.73759,30.287745],[-97.73759,30.287727]]]},"properties":{"k":"furn","u":"bicycle_parking","h":0.9}},{"type":"Feature","geometry":{"type":"Polygon","coordinates":[[[-97.736438,30.287536],[-97.736417,30.287536],[-97.736417,30.287553],[-97.736438,30.287553],[-97.736438,30.287536]]]},"properties":{"k":"furn","u":"bicycle_parking","h":0.9}},{"type":"Feature","geometry":{"type":"Polygon","coordinates":[[[-97.735545,30.287352],[-97.735524,30.287352],[-97.735524,30.28737],[-97.735545,30.28737],[-97.735545,30.287352]]]},"properties":{"k":"furn","u":"bicycle_parking","h":0.9}},{"type":"Feature","geometry":{"type":"Polygon","coordinates":[[[-97.737624,30.28894],[-97.73761,30.28894],[-97.73761,30.288953],[-97.737624,30.288953],[-97.737624,30.28894]]]},"properties":{"k":"furn","u":"bench","h":0.5}},{"type":"Feature","geometry":{"type":"Polygon","coordinates":[[[-97.73981,30.276799],[-97.739803,30.276799],[-97.739803,30.276805],[-97.73981,30.276805],[-97.73981,30.276799]]]},"properties":{"k":"furn","u":"waste_basket","h":0.9}},{"type":"Feature","geometry":{"type":"Polygon","coordinates":[[[-97.740121,30.276023],[-97.740107,30.276023],[-97.740107,30.276036],[-97.740121,30.276036],[-97.740121,30.276023]]]},"properties":{"k":"furn","u":"bench","h":0.5}},{"type":"Feature","geometry":{"type":"Polygon","coordinates":[[[-97.739631,30.277065],[-97.739624,30.277065],[-97.739624,30.277071],[-97.739631,30.277071],[-97.739631,30.277065]]]},"properties":{"k":"furn","u":"waste_basket","h":0.9}},{"type":"Feature","geometry":{"type":"Polygon","coordinates":[[[-97.738285,30.280825],[-97.738264,30.280825],[-97.738264,30.280842],[-97.738285,30.280842],[-97.738285,30.280825]]]},"properties":{"k":"furn","u":"bicycle_parking","h":0.9}},{"type":"Feature","geometry":{"type":"Polygon","coordinates":[[[-97.736569,30.28825],[-97.736554,30.28825],[-97.736554,30.288263],[-97.736569,30.288263],[-97.736569,30.28825]]]},"properties":{"k":"furn","u":"bench","h":0.5}},{"type":"Feature","geometry":{"type":"Polygon","coordinates":[[[-97.736391,30.288234],[-97.736377,30.288234],[-97.736377,30.288246],[-97.736391,30.288246],[-97.736391,30.288234]]]},"properties":{"k":"furn","u":"bench","h":0.5}},{"type":"Feature","geometry":{"type":"Polygon","coordinates":[[[-97.736208,30.288226],[-97.736194,30.288226],[-97.736194,30.288238],[-97.736208,30.288238],[-97.736208,30.288226]]]},"properties":{"k":"furn","u":"bench","h":0.5}},{"type":"Feature","geometry":{"type":"Polygon","coordinates":[[[-97.736131,30.288219],[-97.736116,30.288219],[-97.736116,30.288231],[-97.736131,30.288231],[-97.736131,30.288219]]]},"properties":{"k":"furn","u":"bench","h":0.5}},{"type":"Feature","geometry":{"type":"Polygon","coordinates":[[[-97.736543,30.288458],[-97.736529,30.288458],[-97.736529,30.28847],[-97.736543,30.28847],[-97.736543,30.288458]]]},"properties":{"k":"furn","u":"bench","h":0.5}},{"type":"Feature","geometry":{"type":"Polygon","coordinates":[[[-97.736377,30.288438],[-97.736362,30.288438],[-97.736362,30.288451],[-97.736377,30.288451],[-97.736377,30.288438]]]},"properties":{"k":"furn","u":"bench","h":0.5}},{"type":"Feature","geometry":{"type":"Polygon","coordinates":[[[-97.747441,30.276089],[-97.74742,30.276089],[-97.74742,30.276107],[-97.747441,30.276107],[-97.747441,30.276089]]]},"properties":{"k":"furn","u":"bicycle_parking","h":0.9}},{"type":"Feature","geometry":{"type":"Polygon","coordinates":[[[-97.747143,30.276881],[-97.747122,30.276881],[-97.747122,30.276899],[-97.747143,30.276899],[-97.747143,30.276881]]]},"properties":{"k":"furn","u":"bicycle_parking","h":0.9}},{"type":"Feature","geometry":{"type":"Polygon","coordinates":[[[-97.734686,30.289763],[-97.734679,30.289763],[-97.734679,30.289769],[-97.734686,30.289769],[-97.734686,30.289763]]]},"properties":{"k":"furn","u":"waste_basket","h":0.9}},{"type":"Feature","geometry":{"type":"Polygon","coordinates":[[[-97.739593,30.276],[-97.739586,30.276],[-97.739586,30.276007],[-97.739593,30.276007],[-97.739593,30.276]]]},"properties":{"k":"furn","u":"waste_basket","h":0.9}},{"type":"Feature","geometry":{"type":"Polygon","coordinates":[[[-97.731597,30.290475],[-97.731591,30.290475],[-97.731591,30.29048],[-97.731597,30.29048],[-97.731597,30.290475]]]},"properties":{"k":"furn","u":"drinking_water","h":1.0}},{"type":"Feature","geometry":{"type":"Polygon","coordinates":[[[-97.741769,30.286308],[-97.741754,30.286308],[-97.741754,30.28632],[-97.741769,30.28632],[-97.741769,30.286308]]]},"properties":{"k":"furn","u":"bench","h":0.5}},{"type":"Feature","geometry":{"type":"Polygon","coordinates":[[[-97.738095,30.280403],[-97.738088,30.280403],[-97.738088,30.28041],[-97.738095,30.28041],[-97.738095,30.280403]]]},"properties":{"k":"furn","u":"waste_basket","h":0.9}},{"type":"Feature","geometry":{"type":"Polygon","coordinates":[[[-97.738415,30.27928],[-97.738408,30.27928],[-97.738408,30.279285],[-97.738415,30.279285],[-97.738415,30.27928]]]},"properties":{"k":"furn","u":"drinking_water","h":1.0}},{"type":"Feature","geometry":{"type":"Polygon","coordinates":[[[-97.738579,30.278953],[-97.738571,30.278953],[-97.738571,30.27896],[-97.738579,30.27896],[-97.738579,30.278953]]]},"properties":{"k":"furn","u":"waste_basket","h":0.9}},{"type":"Feature","geometry":{"type":"Polygon","coordinates":[[[-97.738936,30.2789],[-97.738922,30.2789],[-97.738922,30.278913],[-97.738936,30.278913],[-97.738936,30.2789]]]},"properties":{"k":"furn","u":"bench","h":0.5}},{"type":"Feature","geometry":{"type":"Polygon","coordinates":[[[-97.738943,30.278879],[-97.738929,30.278879],[-97.738929,30.278891],[-97.738943,30.278891],[-97.738943,30.278879]]]},"properties":{"k":"furn","u":"bench","h":0.5}},{"type":"Feature","geometry":{"type":"Polygon","coordinates":[[[-97.738751,30.278531],[-97.738736,30.278531],[-97.738736,30.278544],[-97.738751,30.278544],[-97.738751,30.278531]]]},"properties":{"k":"furn","u":"bench","h":0.5}},{"type":"Feature","geometry":{"type":"Polygon","coordinates":[[[-97.738742,30.278555],[-97.738727,30.278555],[-97.738727,30.278567],[-97.738742,30.278567],[-97.738742,30.278555]]]},"properties":{"k":"furn","u":"bench","h":0.5}},{"type":"Feature","geometry":{"type":"Polygon","coordinates":[[[-97.738734,30.278577],[-97.73872,30.278577],[-97.73872,30.278589],[-97.738734,30.278589],[-97.738734,30.278577]]]},"properties":{"k":"furn","u":"bench","h":0.5}},{"type":"Feature","geometry":{"type":"Polygon","coordinates":[[[-97.73856,30.279147],[-97.738545,30.279147],[-97.738545,30.279159],[-97.73856,30.279159],[-97.73856,30.279147]]]},"properties":{"k":"furn","u":"bench","h":0.5}},{"type":"Feature","geometry":{"type":"Polygon","coordinates":[[[-97.738552,30.279168],[-97.738538,30.279168],[-97.738538,30.279181],[-97.738552,30.279181],[-97.738552,30.279168]]]},"properties":{"k":"furn","u":"bench","h":0.5}},{"type":"Feature","geometry":{"type":"Polygon","coordinates":[[[-97.738786,30.2793],[-97.738771,30.2793],[-97.738771,30.279313],[-97.738786,30.279313],[-97.738786,30.2793]]]},"properties":{"k":"furn","u":"bench","h":0.5}},{"type":"Feature","geometry":{"type":"Polygon","coordinates":[[[-97.738671,30.278908],[-97.738667,30.278908],[-97.738667,30.278911],[-97.738671,30.278911],[-97.738671,30.278908]]]},"properties":{"k":"furn","u":"street_lamp","h":5.0}},{"type":"Feature","geometry":{"type":"Polygon","coordinates":[[[-97.738721,30.278747],[-97.738717,30.278747],[-97.738717,30.27875],[-97.738721,30.27875],[-97.738721,30.278747]]]},"properties":{"k":"furn","u":"street_lamp","h":5.0}},{"type":"Feature","geometry":{"type":"Polygon","coordinates":[[[-97.738637,30.278932],[-97.738634,30.278932],[-97.738634,30.278935],[-97.738637,30.278935],[-97.738637,30.278932]]]},"properties":{"k":"furn","u":"street_lamp","h":5.0}},{"type":"Feature","geometry":{"type":"Polygon","coordinates":[[[-97.73877,30.279333],[-97.738766,30.279333],[-97.738766,30.279336],[-97.73877,30.279336],[-97.73877,30.279333]]]},"properties":{"k":"furn","u":"street_lamp","h":5.0}},{"type":"Feature","geometry":{"type":"Polygon","coordinates":[[[-97.738844,30.279076],[-97.738841,30.279076],[-97.738841,30.279079],[-97.738844,30.279079],[-97.738844,30.279076]]]},"properties":{"k":"furn","u":"street_lamp","h":5.0}},{"type":"Feature","geometry":{"type":"Polygon","coordinates":[[[-97.739246,30.278011],[-97.73924,30.278011],[-97.73924,30.278016],[-97.739246,30.278016],[-97.739246,30.278011]]]},"properties":{"k":"furn","u":"drinking_water","h":1.0}},{"type":"Feature","geometry":{"type":"Polygon","coordinates":[[[-97.73876,30.278644],[-97.738756,30.278644],[-97.738756,30.278648],[-97.73876,30.278648],[-97.73876,30.278644]]]},"properties":{"k":"furn","u":"street_lamp","h":5.0}},{"type":"Feature","geometry":{"type":"Polygon","coordinates":[[[-97.739018,30.277985],[-97.739003,30.277985],[-97.739003,30.277997],[-97.739018,30.277997],[-97.739018,30.277985]]]},"properties":{"k":"furn","u":"bench","h":0.5}},{"type":"Feature","geometry":{"type":"Polygon","coordinates":[[[-97.738865,30.278329],[-97.738851,30.278329],[-97.738851,30.278342],[-97.738865,30.278342],[-97.738865,30.278329]]]},"properties":{"k":"furn","u":"bench","h":0.5}},{"type":"Feature","geometry":{"type":"Polygon","coordinates":[[[-97.738873,30.278311],[-97.738858,30.278311],[-97.738858,30.278324],[-97.738873,30.278324],[-97.738873,30.278311]]]},"properties":{"k":"furn","u":"bench","h":0.5}},{"type":"Feature","geometry":{"type":"Polygon","coordinates":[[[-97.739963,30.276002],[-97.739959,30.276002],[-97.739959,30.276006],[-97.739963,30.276006],[-97.739963,30.276002]]]},"properties":{"k":"furn","u":"street_lamp","h":5.0}},{"type":"Feature","geometry":{"type":"Polygon","coordinates":[[[-97.728632,30.287849],[-97.728625,30.287849],[-97.728625,30.287855],[-97.728632,30.287855],[-97.728632,30.287849]]]},"properties":{"k":"furn","u":"waste_basket","h":0.9}},{"type":"Feature","geometry":{"type":"Polygon","coordinates":[[[-97.728604,30.287832],[-97.72859,30.287832],[-97.72859,30.287844],[-97.728604,30.287844],[-97.728604,30.287832]]]},"properties":{"k":"furn","u":"bench","h":0.5}},{"type":"Feature","geometry":{"type":"Polygon","coordinates":[[[-97.744154,30.285209],[-97.744133,30.285209],[-97.744133,30.285227],[-97.744154,30.285227],[-97.744154,30.285209]]]},"properties":{"k":"furn","u":"bicycle_parking","h":0.9}},{"type":"Feature","geometry":{"type":"Polygon","coordinates":[[[-97.727812,30.278984],[-97.727791,30.278984],[-97.727791,30.279002],[-97.727812,30.279002],[-97.727812,30.278984]]]},"properties":{"k":"furn","u":"bicycle_parking","h":0.9}},{"type":"Feature","geometry":{"type":"Polygon","coordinates":[[[-97.733579,30.276429],[-97.733558,30.276429],[-97.733558,30.276447],[-97.733579,30.276447],[-97.733579,30.276429]]]},"properties":{"k":"furn","u":"bicycle_parking","h":0.9}},{"type":"Feature","geometry":{"type":"Polygon","coordinates":[[[-97.733309,30.27752],[-97.733288,30.27752],[-97.733288,30.277538],[-97.733309,30.277538],[-97.733309,30.27752]]]},"properties":{"k":"furn","u":"bicycle_parking","h":0.9}},{"type":"Feature","geometry":{"type":"Polygon","coordinates":[[[-97.741314,30.288985],[-97.741293,30.288985],[-97.741293,30.289003],[-97.741314,30.289003],[-97.741314,30.288985]]]},"properties":{"k":"furn","u":"bicycle_parking","h":0.9}},{"type":"Feature","geometry":{"type":"Polygon","coordinates":[[[-97.735953,30.285564],[-97.735932,30.285564],[-97.735932,30.285582],[-97.735953,30.285582],[-97.735953,30.285564]]]},"properties":{"k":"furn","u":"bicycle_parking","h":0.9}},{"type":"Feature","geometry":{"type":"Polygon","coordinates":[[[-97.739231,30.284967],[-97.73921,30.284967],[-97.73921,30.284985],[-97.739231,30.284985],[-97.739231,30.284967]]]},"properties":{"k":"furn","u":"bicycle_parking","h":0.9}},{"type":"Feature","geometry":{"type":"Polygon","coordinates":[[[-97.734196,30.28341],[-97.734175,30.28341],[-97.734175,30.283428],[-97.734196,30.283428],[-97.734196,30.28341]]]},"properties":{"k":"furn","u":"bicycle_parking","h":0.9}},{"type":"Feature","geometry":{"type":"Polygon","coordinates":[[[-97.738164,30.28469],[-97.738143,30.28469],[-97.738143,30.284708],[-97.738164,30.284708],[-97.738164,30.28469]]]},"properties":{"k":"furn","u":"bicycle_parking","h":0.9}},{"type":"Feature","geometry":{"type":"Polygon","coordinates":[[[-97.737081,30.285184],[-97.73706,30.285184],[-97.73706,30.285202],[-97.737081,30.285202],[-97.737081,30.285184]]]},"properties":{"k":"furn","u":"bicycle_parking","h":0.9}},{"type":"Feature","geometry":{"type":"Polygon","coordinates":[[[-97.740525,30.285283],[-97.740505,30.285283],[-97.740505,30.285301],[-97.740525,30.285301],[-97.740525,30.285283]]]},"properties":{"k":"furn","u":"bicycle_parking","h":0.9}},{"type":"Feature","geometry":{"type":"Polygon","coordinates":[[[-97.740502,30.283983],[-97.740481,30.283983],[-97.740481,30.284001],[-97.740502,30.284001],[-97.740502,30.283983]]]},"properties":{"k":"furn","u":"bicycle_parking","h":0.9}},{"type":"Feature","geometry":{"type":"Polygon","coordinates":[[[-97.728342,30.287018],[-97.728328,30.287018],[-97.728328,30.28703],[-97.728342,30.28703],[-97.728342,30.287018]]]},"properties":{"k":"furn","u":"bench","h":0.5}},{"type":"Feature","geometry":{"type":"Polygon","coordinates":[[[-97.736411,30.289974],[-97.73639,30.289974],[-97.73639,30.289992],[-97.736411,30.289992],[-97.736411,30.289974]]]},"properties":{"k":"furn","u":"bicycle_parking","h":0.9}},{"type":"Feature","geometry":{"type":"Polygon","coordinates":[[[-97.737197,30.284858],[-97.737176,30.284858],[-97.737176,30.284876],[-97.737197,30.284876],[-97.737197,30.284858]]]},"properties":{"k":"furn","u":"bicycle_parking","h":0.9}},{"type":"Feature","geometry":{"type":"Polygon","coordinates":[[[-97.737667,30.28969],[-97.737646,30.28969],[-97.737646,30.289708],[-97.737667,30.289708],[-97.737667,30.28969]]]},"properties":{"k":"furn","u":"bicycle_parking","h":0.9}},{"type":"Feature","geometry":{"type":"Polygon","coordinates":[[[-97.735725,30.289571],[-97.735704,30.289571],[-97.735704,30.289589],[-97.735725,30.289589],[-97.735725,30.289571]]]},"properties":{"k":"furn","u":"bicycle_parking","h":0.9}},{"type":"Feature","geometry":{"type":"Polygon","coordinates":[[[-97.729137,30.287298],[-97.729116,30.287298],[-97.729116,30.287316],[-97.729137,30.287316],[-97.729137,30.287298]]]},"properties":{"k":"furn","u":"bicycle_parking","h":0.9}},{"type":"Feature","geometry":{"type":"Polygon","coordinates":[[[-97.742094,30.285057],[-97.742073,30.285057],[-97.742073,30.285075],[-97.742094,30.285075],[-97.742094,30.285057]]]},"properties":{"k":"furn","u":"bicycle_parking","h":0.9}},{"type":"Feature","geometry":{"type":"Polygon","coordinates":[[[-97.730465,30.283844],[-97.730444,30.283844],[-97.730444,30.283862],[-97.730465,30.283862],[-97.730465,30.283844]]]},"properties":{"k":"furn","u":"bicycle_parking","h":0.9}},{"type":"Feature","geometry":{"type":"Polygon","coordinates":[[[-97.736177,30.281611],[-97.736156,30.281611],[-97.736156,30.281629],[-97.736177,30.281629],[-97.736177,30.281611]]]},"properties":{"k":"furn","u":"bicycle_parking","h":0.9}},{"type":"Feature","geometry":{"type":"Polygon","coordinates":[[[-97.736429,30.285323],[-97.736408,30.285323],[-97.736408,30.285341],[-97.736429,30.285341],[-97.736429,30.285323]]]},"properties":{"k":"furn","u":"bicycle_parking","h":0.9}},{"type":"Feature","geometry":{"type":"Polygon","coordinates":[[[-97.735765,30.289164],[-97.735744,30.289164],[-97.735744,30.289182],[-97.735765,30.289182],[-97.735765,30.289164]]]},"properties":{"k":"furn","u":"bicycle_parking","h":0.9}},{"type":"Feature","geometry":{"type":"Polygon","coordinates":[[[-97.73512,30.28553],[-97.735099,30.28553],[-97.735099,30.285547],[-97.73512,30.285547],[-97.73512,30.28553]]]},"properties":{"k":"furn","u":"bicycle_parking","h":0.9}},{"type":"Feature","geometry":{"type":"Polygon","coordinates":[[[-97.73109,30.288105],[-97.731069,30.288105],[-97.731069,30.288123],[-97.73109,30.288123],[-97.73109,30.288105]]]},"properties":{"k":"furn","u":"bicycle_parking","h":0.9}},{"type":"Feature","geometry":{"type":"Polygon","coordinates":[[[-97.737491,30.287285],[-97.73747,30.287285],[-97.73747,30.287303],[-97.737491,30.287303],[-97.737491,30.287285]]]},"properties":{"k":"furn","u":"bicycle_parking","h":0.9}},{"type":"Feature","geometry":{"type":"Polygon","coordinates":[[[-97.733063,30.285044],[-97.733042,30.285044],[-97.733042,30.285062],[-97.733063,30.285062],[-97.733063,30.285044]]]},"properties":{"k":"furn","u":"bicycle_parking","h":0.9}},{"type":"Feature","geometry":{"type":"Polygon","coordinates":[[[-97.730929,30.286996],[-97.730908,30.286996],[-97.730908,30.287014],[-97.730929,30.287014],[-97.730929,30.286996]]]},"properties":{"k":"furn","u":"bicycle_parking","h":0.9}},{"type":"Feature","geometry":{"type":"Polygon","coordinates":[[[-97.73718,30.284978],[-97.737159,30.284978],[-97.737159,30.284995],[-97.73718,30.284995],[-97.73718,30.284978]]]},"properties":{"k":"furn","u":"bicycle_parking","h":0.9}},{"type":"Feature","geometry":{"type":"Polygon","coordinates":[[[-97.736459,30.285603],[-97.736438,30.285603],[-97.736438,30.285621],[-97.736459,30.285621],[-97.736459,30.285603]]]},"properties":{"k":"furn","u":"bicycle_parking","h":0.9}},{"type":"Feature","geometry":{"type":"Polygon","coordinates":[[[-97.741072,30.283668],[-97.741051,30.283668],[-97.741051,30.283686],[-97.741072,30.283686],[-97.741072,30.283668]]]},"properties":{"k":"furn","u":"bicycle_parking","h":0.9}},{"type":"Feature","geometry":{"type":"Polygon","coordinates":[[[-97.739386,30.287112],[-97.739365,30.287112],[-97.739365,30.287129],[-97.739386,30.287129],[-97.739386,30.287112]]]},"properties":{"k":"furn","u":"bicycle_parking","h":0.9}},{"type":"Feature","geometry":{"type":"Polygon","coordinates":[[[-97.731923,30.284955],[-97.731902,30.284955],[-97.731902,30.284973],[-97.731923,30.284973],[-97.731923,30.284955]]]},"properties":{"k":"furn","u":"bicycle_parking","h":0.9}},{"type":"Feature","geometry":{"type":"Polygon","coordinates":[[[-97.738727,30.289703],[-97.738706,30.289703],[-97.738706,30.289721],[-97.738727,30.289721],[-97.738727,30.289703]]]},"properties":{"k":"furn","u":"bicycle_parking","h":0.9}},{"type":"Feature","geometry":{"type":"Polygon","coordinates":[[[-97.738199,30.283483],[-97.738178,30.283483],[-97.738178,30.283501],[-97.738199,30.283501],[-97.738199,30.283483]]]},"properties":{"k":"furn","u":"bicycle_parking","h":0.9}},{"type":"Feature","geometry":{"type":"Polygon","coordinates":[[[-97.735839,30.281379],[-97.735818,30.281379],[-97.735818,30.281397],[-97.735839,30.281397],[-97.735839,30.281379]]]},"properties":{"k":"furn","u":"bicycle_parking","h":0.9}},{"type":"Feature","geometry":{"type":"Polygon","coordinates":[[[-97.731233,30.287055],[-97.731212,30.287055],[-97.731212,30.287073],[-97.731233,30.287073],[-97.731233,30.287055]]]},"properties":{"k":"furn","u":"bicycle_parking","h":0.9}},{"type":"Feature","geometry":{"type":"Polygon","coordinates":[[[-97.735786,30.285254],[-97.735765,30.285254],[-97.735765,30.285272],[-97.735786,30.285272],[-97.735786,30.285254]]]},"properties":{"k":"furn","u":"bicycle_parking","h":0.9}},{"type":"Feature","geometry":{"type":"Polygon","coordinates":[[[-97.739544,30.28748],[-97.739523,30.28748],[-97.739523,30.287498],[-97.739544,30.287498],[-97.739544,30.28748]]]},"properties":{"k":"furn","u":"bicycle_parking","h":0.9}},{"type":"Feature","geometry":{"type":"Polygon","coordinates":[[[-97.741203,30.285065],[-97.741182,30.285065],[-97.741182,30.285083],[-97.741203,30.285083],[-97.741203,30.285065]]]},"properties":{"k":"furn","u":"bicycle_parking","h":0.9}},{"type":"Feature","geometry":{"type":"Polygon","coordinates":[[[-97.740811,30.284609],[-97.74079,30.284609],[-97.74079,30.284627],[-97.740811,30.284627],[-97.740811,30.284609]]]},"properties":{"k":"furn","u":"bicycle_parking","h":0.9}},{"type":"Feature","geometry":{"type":"Polygon","coordinates":[[[-97.736705,30.28717],[-97.736684,30.28717],[-97.736684,30.287188],[-97.736705,30.287188],[-97.736705,30.28717]]]},"properties":{"k":"furn","u":"bicycle_parking","h":0.9}},{"type":"Feature","geometry":{"type":"Polygon","coordinates":[[[-97.740101,30.289482],[-97.74008,30.289482],[-97.74008,30.2895],[-97.740101,30.2895],[-97.740101,30.289482]]]},"properties":{"k":"furn","u":"bicycle_parking","h":0.9}},{"type":"Feature","geometry":{"type":"Polygon","coordinates":[[[-97.741272,30.288901],[-97.741251,30.288901],[-97.741251,30.288919],[-97.741272,30.288919],[-97.741272,30.288901]]]},"properties":{"k":"furn","u":"bicycle_parking","h":0.9}},{"type":"Feature","geometry":{"type":"Polygon","coordinates":[[[-97.736854,30.28656],[-97.736833,30.28656],[-97.736833,30.286578],[-97.736854,30.286578],[-97.736854,30.28656]]]},"properties":{"k":"furn","u":"bicycle_parking","h":0.9}},{"type":"Feature","geometry":{"type":"Polygon","coordinates":[[[-97.741768,30.283668],[-97.741747,30.283668],[-97.741747,30.283686],[-97.741768,30.283686],[-97.741768,30.283668]]]},"properties":{"k":"furn","u":"bicycle_parking","h":0.9}},{"type":"Feature","geometry":{"type":"Polygon","coordinates":[[[-97.740047,30.289944],[-97.740027,30.289944],[-97.740027,30.289962],[-97.740047,30.289962],[-97.740047,30.289944]]]},"properties":{"k":"furn","u":"bicycle_parking","h":0.9}},{"type":"Feature","geometry":{"type":"Polygon","coordinates":[[[-97.735223,30.28917],[-97.735202,30.28917],[-97.735202,30.289188],[-97.735223,30.289188],[-97.735223,30.28917]]]},"properties":{"k":"furn","u":"bicycle_parking","h":0.9}},{"type":"Feature","geometry":{"type":"Polygon","coordinates":[[[-97.729373,30.286933],[-97.729352,30.286933],[-97.729352,30.286951],[-97.729373,30.286951],[-97.729373,30.286933]]]},"properties":{"k":"furn","u":"bicycle_parking","h":0.9}},{"type":"Feature","geometry":{"type":"Polygon","coordinates":[[[-97.74039,30.287396],[-97.740369,30.287396],[-97.740369,30.287414],[-97.74039,30.287414],[-97.74039,30.287396]]]},"properties":{"k":"furn","u":"bicycle_parking","h":0.9}},{"type":"Feature","geometry":{"type":"Polygon","coordinates":[[[-97.741226,30.285196],[-97.741205,30.285196],[-97.741205,30.285214],[-97.741226,30.285214],[-97.741226,30.285196]]]},"properties":{"k":"furn","u":"bicycle_parking","h":0.9}},{"type":"Feature","geometry":{"type":"Polygon","coordinates":[[[-97.736631,30.285876],[-97.73661,30.285876],[-97.73661,30.285894],[-97.736631,30.285894],[-97.736631,30.285876]]]},"properties":{"k":"furn","u":"bicycle_parking","h":0.9}},{"type":"Feature","geometry":{"type":"Polygon","coordinates":[[[-97.736918,30.285625],[-97.736897,30.285625],[-97.736897,30.285643],[-97.736918,30.285643],[-97.736918,30.285625]]]},"properties":{"k":"furn","u":"bicycle_parking","h":0.9}},{"type":"Feature","geometry":{"type":"Polygon","coordinates":[[[-97.740501,30.285013],[-97.74048,30.285013],[-97.74048,30.285031],[-97.740501,30.285031],[-97.740501,30.285013]]]},"properties":{"k":"furn","u":"bicycle_parking","h":0.9}},{"type":"Feature","geometry":{"type":"Polygon","coordinates":[[[-97.740322,30.287876],[-97.740301,30.287876],[-97.740301,30.287894],[-97.740322,30.287894],[-97.740322,30.287876]]]},"properties":{"k":"furn","u":"bicycle_parking","h":0.9}},{"type":"Feature","geometry":{"type":"Polygon","coordinates":[[[-97.736249,30.287354],[-97.736228,30.287354],[-97.736228,30.287372],[-97.736249,30.287372],[-97.736249,30.287354]]]},"properties":{"k":"furn","u":"bicycle_parking","h":0.9}},{"type":"Feature","geometry":{"type":"Polygon","coordinates":[[[-97.738375,30.283432],[-97.738354,30.283432],[-97.738354,30.28345],[-97.738375,30.28345],[-97.738375,30.283432]]]},"properties":{"k":"furn","u":"bicycle_parking","h":0.9}},{"type":"Feature","geometry":{"type":"Polygon","coordinates":[[[-97.737333,30.282804],[-97.737312,30.282804],[-97.737312,30.282822],[-97.737333,30.282822],[-97.737333,30.282804]]]},"properties":{"k":"furn","u":"bicycle_parking","h":0.9}},{"type":"Feature","geometry":{"type":"Polygon","coordinates":[[[-97.738512,30.283156],[-97.738491,30.283156],[-97.738491,30.283174],[-97.738512,30.283174],[-97.738512,30.283156]]]},"properties":{"k":"furn","u":"bicycle_parking","h":0.9}},{"type":"Feature","geometry":{"type":"Polygon","coordinates":[[[-97.736811,30.281684],[-97.73679,30.281684],[-97.73679,30.281702],[-97.736811,30.281702],[-97.736811,30.281684]]]},"properties":{"k":"furn","u":"bicycle_parking","h":0.9}},{"type":"Feature","geometry":{"type":"Polygon","coordinates":[[[-97.740328,30.290229],[-97.740308,30.290229],[-97.740308,30.290247],[-97.740328,30.290247],[-97.740328,30.290229]]]},"properties":{"k":"furn","u":"bicycle_parking","h":0.9}},{"type":"Feature","geometry":{"type":"Polygon","coordinates":[[[-97.733995,30.285825],[-97.733974,30.285825],[-97.733974,30.285842],[-97.733995,30.285842],[-97.733995,30.285825]]]},"properties":{"k":"furn","u":"bicycle_parking","h":0.9}},{"type":"Feature","geometry":{"type":"Polygon","coordinates":[[[-97.736244,30.285893],[-97.736223,30.285893],[-97.736223,30.285911],[-97.736244,30.285911],[-97.736244,30.285893]]]},"properties":{"k":"furn","u":"bicycle_parking","h":0.9}},{"type":"Feature","geometry":{"type":"Polygon","coordinates":[[[-97.737212,30.287142],[-97.737191,30.287142],[-97.737191,30.28716],[-97.737212,30.28716],[-97.737212,30.287142]]]},"properties":{"k":"furn","u":"bicycle_parking","h":0.9}},{"type":"Feature","geometry":{"type":"Polygon","coordinates":[[[-97.732154,30.28497],[-97.732133,30.28497],[-97.732133,30.284988],[-97.732154,30.284988],[-97.732154,30.28497]]]},"properties":{"k":"furn","u":"bicycle_parking","h":0.9}},{"type":"Feature","geometry":{"type":"Polygon","coordinates":[[[-97.738985,30.287354],[-97.738964,30.287354],[-97.738964,30.287372],[-97.738985,30.287372],[-97.738985,30.287354]]]},"properties":{"k":"furn","u":"bicycle_parking","h":0.9}},{"type":"Feature","geometry":{"type":"Polygon","coordinates":[[[-97.741278,30.289448],[-97.741257,30.289448],[-97.741257,30.289466],[-97.741278,30.289466],[-97.741278,30.289448]]]},"properties":{"k":"furn","u":"bicycle_parking","h":0.9}},{"type":"Feature","geometry":{"type":"Polygon","coordinates":[[[-97.738885,30.287346],[-97.738864,30.287346],[-97.738864,30.287364],[-97.738885,30.287364],[-97.738885,30.287346]]]},"properties":{"k":"furn","u":"bicycle_parking","h":0.9}},{"type":"Feature","geometry":{"type":"Polygon","coordinates":[[[-97.739115,30.287138],[-97.739094,30.287138],[-97.739094,30.287156],[-97.739115,30.287156],[-97.739115,30.287138]]]},"properties":{"k":"furn","u":"bicycle_parking","h":0.9}},{"type":"Feature","geometry":{"type":"Polygon","coordinates":[[[-97.738172,30.287313],[-97.738151,30.287313],[-97.738151,30.287331],[-97.738172,30.287331],[-97.738172,30.287313]]]},"properties":{"k":"furn","u":"bicycle_parking","h":0.9}},{"type":"Feature","geometry":{"type":"Polygon","coordinates":[[[-97.728901,30.284468],[-97.72888,30.284468],[-97.72888,30.284486],[-97.728901,30.284486],[-97.728901,30.284468]]]},"properties":{"k":"furn","u":"bicycle_parking","h":0.9}},{"type":"Feature","geometry":{"type":"Polygon","coordinates":[[[-97.738219,30.284909],[-97.738198,30.284909],[-97.738198,30.284927],[-97.738219,30.284927],[-97.738219,30.284909]]]},"properties":{"k":"furn","u":"bicycle_parking","h":0.9}},{"type":"Feature","geometry":{"type":"Polygon","coordinates":[[[-97.74161,30.283698],[-97.741589,30.283698],[-97.741589,30.283716],[-97.74161,30.283716],[-97.74161,30.283698]]]},"properties":{"k":"furn","u":"bicycle_parking","h":0.9}},{"type":"Feature","geometry":{"type":"Polygon","coordinates":[[[-97.741277,30.289136],[-97.741257,30.289136],[-97.741257,30.289154],[-97.741277,30.289154],[-97.741277,30.289136]]]},"properties":{"k":"furn","u":"bicycle_parking","h":0.9}},{"type":"Feature","geometry":{"type":"Polygon","coordinates":[[[-97.729227,30.286441],[-97.729206,30.286441],[-97.729206,30.286459],[-97.729227,30.286459],[-97.729227,30.286441]]]},"properties":{"k":"furn","u":"bicycle_parking","h":0.9}},{"type":"Feature","geometry":{"type":"Polygon","coordinates":[[[-97.735127,30.280717],[-97.735106,30.280717],[-97.735106,30.280735],[-97.735127,30.280735],[-97.735127,30.280717]]]},"properties":{"k":"furn","u":"bicycle_parking","h":0.9}},{"type":"Feature","geometry":{"type":"Polygon","coordinates":[[[-97.730569,30.28697],[-97.730548,30.28697],[-97.730548,30.286988],[-97.730569,30.286988],[-97.730569,30.28697]]]},"properties":{"k":"furn","u":"bicycle_parking","h":0.9}},{"type":"Feature","geometry":{"type":"Polygon","coordinates":[[[-97.73756,30.284612],[-97.73754,30.284612],[-97.73754,30.28463],[-97.73756,30.28463],[-97.73756,30.284612]]]},"properties":{"k":"furn","u":"bicycle_parking","h":0.9}},{"type":"Feature","geometry":{"type":"Polygon","coordinates":[[[-97.737079,30.285299],[-97.737058,30.285299],[-97.737058,30.285317],[-97.737079,30.285317],[-97.737079,30.285299]]]},"properties":{"k":"furn","u":"bicycle_parking","h":0.9}},{"type":"Feature","geometry":{"type":"Polygon","coordinates":[[[-97.738953,30.283484],[-97.738932,30.283484],[-97.738932,30.283502],[-97.738953,30.283502],[-97.738953,30.283484]]]},"properties":{"k":"furn","u":"bicycle_parking","h":0.9}},{"type":"Feature","geometry":{"type":"Polygon","coordinates":[[[-97.737246,30.286894],[-97.737225,30.286894],[-97.737225,30.286911],[-97.737246,30.286911],[-97.737246,30.286894]]]},"properties":{"k":"furn","u":"bicycle_parking","h":0.9}},{"type":"Feature","geometry":{"type":"Polygon","coordinates":[[[-97.737689,30.282766],[-97.737668,30.282766],[-97.737668,30.282784],[-97.737689,30.282784],[-97.737689,30.282766]]]},"properties":{"k":"furn","u":"bicycle_parking","h":0.9}},{"type":"Feature","geometry":{"type":"Polygon","coordinates":[[[-97.731355,30.281811],[-97.731334,30.281811],[-97.731334,30.281829],[-97.731355,30.281829],[-97.731355,30.281811]]]},"properties":{"k":"furn","u":"bicycle_parking","h":0.9}},{"type":"Feature","geometry":{"type":"Polygon","coordinates":[[[-97.728439,30.28599],[-97.728418,30.28599],[-97.728418,30.286008],[-97.728439,30.286008],[-97.728439,30.28599]]]},"properties":{"k":"furn","u":"bicycle_parking","h":0.9}},{"type":"Feature","geometry":{"type":"Polygon","coordinates":[[[-97.733118,30.281759],[-97.733098,30.281759],[-97.733098,30.281777],[-97.733118,30.281777],[-97.733118,30.281759]]]},"properties":{"k":"furn","u":"bicycle_parking","h":0.9}},{"type":"Feature","geometry":{"type":"Polygon","coordinates":[[[-97.732817,30.285024],[-97.732796,30.285024],[-97.732796,30.285042],[-97.732817,30.285042],[-97.732817,30.285024]]]},"properties":{"k":"furn","u":"bicycle_parking","h":0.9}},{"type":"Feature","geometry":{"type":"Polygon","coordinates":[[[-97.732622,30.28548],[-97.732601,30.28548],[-97.732601,30.285498],[-97.732622,30.285498],[-97.732622,30.28548]]]},"properties":{"k":"furn","u":"bicycle_parking","h":0.9}},{"type":"Feature","geometry":{"type":"Polygon","coordinates":[[[-97.740504,30.284835],[-97.740483,30.284835],[-97.740483,30.284853],[-97.740504,30.284853],[-97.740504,30.284835]]]},"properties":{"k":"furn","u":"bicycle_parking","h":0.9}},{"type":"Feature","geometry":{"type":"Polygon","coordinates":[[[-97.739766,30.285015],[-97.739745,30.285015],[-97.739745,30.285033],[-97.739766,30.285033],[-97.739766,30.285015]]]},"properties":{"k":"furn","u":"bicycle_parking","h":0.9}},{"type":"Feature","geometry":{"type":"Polygon","coordinates":[[[-97.734501,30.285589],[-97.73448,30.285589],[-97.73448,30.285607],[-97.734501,30.285607],[-97.734501,30.285589]]]},"properties":{"k":"furn","u":"bicycle_parking","h":0.9}},{"type":"Feature","geometry":{"type":"Polygon","coordinates":[[[-97.736141,30.281976],[-97.73612,30.281976],[-97.73612,30.281994],[-97.736141,30.281994],[-97.736141,30.281976]]]},"properties":{"k":"furn","u":"bicycle_parking","h":0.9}},{"type":"Feature","geometry":{"type":"Polygon","coordinates":[[[-97.733408,30.285377],[-97.733387,30.285377],[-97.733387,30.285395],[-97.733408,30.285395],[-97.733408,30.285377]]]},"properties":{"k":"furn","u":"bicycle_parking","h":0.9}},{"type":"Feature","geometry":{"type":"Polygon","coordinates":[[[-97.737734,30.285442],[-97.737714,30.285442],[-97.737714,30.28546],[-97.737734,30.28546],[-97.737734,30.285442]]]},"properties":{"k":"furn","u":"bicycle_parking","h":0.9}},{"type":"Feature","geometry":{"type":"Polygon","coordinates":[[[-97.740167,30.287481],[-97.740146,30.287481],[-97.740146,30.287499],[-97.740167,30.287499],[-97.740167,30.287481]]]},"properties":{"k":"furn","u":"bicycle_parking","h":0.9}},{"type":"Feature","geometry":{"type":"Polygon","coordinates":[[[-97.733342,30.285383],[-97.733322,30.285383],[-97.733322,30.285401],[-97.733342,30.285401],[-97.733342,30.285383]]]},"properties":{"k":"furn","u":"bicycle_parking","h":0.9}},{"type":"Feature","geometry":{"type":"Polygon","coordinates":[[[-97.737892,30.283452],[-97.737871,30.283452],[-97.737871,30.28347],[-97.737892,30.28347],[-97.737892,30.283452]]]},"properties":{"k":"furn","u":"bicycle_parking","h":0.9}},{"type":"Feature","geometry":{"type":"Polygon","coordinates":[[[-97.740437,30.289139],[-97.740416,30.289139],[-97.740416,30.289156],[-97.740437,30.289156],[-97.740437,30.289139]]]},"properties":{"k":"furn","u":"bicycle_parking","h":0.9}},{"type":"Feature","geometry":{"type":"Polygon","coordinates":[[[-97.731708,30.287183],[-97.731687,30.287183],[-97.731687,30.287201],[-97.731708,30.287201],[-97.731708,30.287183]]]},"properties":{"k":"furn","u":"bicycle_parking","h":0.9}},{"type":"Feature","geometry":{"type":"Polygon","coordinates":[[[-97.74026,30.288705],[-97.740239,30.288705],[-97.740239,30.288723],[-97.74026,30.288723],[-97.74026,30.288705]]]},"properties":{"k":"furn","u":"bicycle_parking","h":0.9}},{"type":"Feature","geometry":{"type":"Polygon","coordinates":[[[-97.738307,30.287126],[-97.738286,30.287126],[-97.738286,30.287144],[-97.738307,30.287144],[-97.738307,30.287126]]]},"properties":{"k":"furn","u":"bicycle_parking","h":0.9}},{"type":"Feature","geometry":{"type":"Polygon","coordinates":[[[-97.731224,30.288103],[-97.731203,30.288103],[-97.731203,30.288121],[-97.731224,30.288121],[-97.731224,30.288103]]]},"properties":{"k":"furn","u":"bicycle_parking","h":0.9}},{"type":"Feature","geometry":{"type":"Polygon","coordinates":[[[-97.740807,30.287462],[-97.740786,30.287462],[-97.740786,30.28748],[-97.740807,30.28748],[-97.740807,30.287462]]]},"properties":{"k":"furn","u":"bicycle_parking","h":0.9}},{"type":"Feature","geometry":{"type":"Polygon","coordinates":[[[-97.741558,30.289293],[-97.741537,30.289293],[-97.741537,30.289311],[-97.741558,30.289311],[-97.741558,30.289293]]]},"properties":{"k":"furn","u":"bicycle_parking","h":0.9}},{"type":"Feature","geometry":{"type":"Polygon","coordinates":[[[-97.739455,30.289507],[-97.739434,30.289507],[-97.739434,30.289524],[-97.739455,30.289524],[-97.739455,30.289507]]]},"properties":{"k":"furn","u":"bicycle_parking","h":0.9}},{"type":"Feature","geometry":{"type":"Polygon","coordinates":[[[-97.736235,30.285642],[-97.736214,30.285642],[-97.736214,30.28566],[-97.736235,30.28566],[-97.736235,30.285642]]]},"properties":{"k":"furn","u":"bicycle_parking","h":0.9}},{"type":"Feature","geometry":{"type":"Polygon","coordinates":[[[-97.737954,30.28535],[-97.737933,30.28535],[-97.737933,30.285368],[-97.737954,30.285368],[-97.737954,30.28535]]]},"properties":{"k":"furn","u":"bicycle_parking","h":0.9}},{"type":"Feature","geometry":{"type":"Polygon","coordinates":[[[-97.736953,30.285375],[-97.736932,30.285375],[-97.736932,30.285393],[-97.736953,30.285393],[-97.736953,30.285375]]]},"properties":{"k":"furn","u":"bicycle_parking","h":0.9}},{"type":"Feature","geometry":{"type":"Polygon","coordinates":[[[-97.736883,30.287807],[-97.736862,30.287807],[-97.736862,30.287825],[-97.736883,30.287825],[-97.736883,30.287807]]]},"properties":{"k":"furn","u":"bicycle_parking","h":0.9}},{"type":"Feature","geometry":{"type":"Polygon","coordinates":[[[-97.738311,30.287065],[-97.73829,30.287065],[-97.73829,30.287083],[-97.738311,30.287083],[-97.738311,30.287065]]]},"properties":{"k":"furn","u":"bicycle_parking","h":0.9}},{"type":"Feature","geometry":{"type":"Polygon","coordinates":[[[-97.741286,30.289259],[-97.741265,30.289259],[-97.741265,30.289277],[-97.741286,30.289277],[-97.741286,30.289259]]]},"properties":{"k":"furn","u":"bicycle_parking","h":0.9}},{"type":"Feature","geometry":{"type":"Polygon","coordinates":[[[-97.737236,30.284661],[-97.737215,30.284661],[-97.737215,30.284679],[-97.737236,30.284679],[-97.737236,30.284661]]]},"properties":{"k":"furn","u":"bicycle_parking","h":0.9}},{"type":"Feature","geometry":{"type":"Polygon","coordinates":[[[-97.738508,30.281554],[-97.738487,30.281554],[-97.738487,30.281572],[-97.738508,30.281572],[-97.738508,30.281554]]]},"properties":{"k":"furn","u":"bicycle_parking","h":0.9}},{"type":"Feature","geometry":{"type":"Polygon","coordinates":[[[-97.738959,30.285014],[-97.738938,30.285014],[-97.738938,30.285031],[-97.738959,30.285031],[-97.738959,30.285014]]]},"properties":{"k":"furn","u":"bicycle_parking","h":0.9}},{"type":"Feature","geometry":{"type":"Polygon","coordinates":[[[-97.741563,30.28635],[-97.741542,30.28635],[-97.741542,30.286368],[-97.741563,30.286368],[-97.741563,30.28635]]]},"properties":{"k":"furn","u":"bicycle_parking","h":0.9}},{"type":"Feature","geometry":{"type":"Polygon","coordinates":[[[-97.741821,30.285949],[-97.7418,30.285949],[-97.7418,30.285967],[-97.741821,30.285967],[-97.741821,30.285949]]]},"properties":{"k":"furn","u":"bicycle_parking","h":0.9}},{"type":"Feature","geometry":{"type":"Polygon","coordinates":[[[-97.739873,30.285825],[-97.739852,30.285825],[-97.739852,30.285843],[-97.739873,30.285843],[-97.739873,30.285825]]]},"properties":{"k":"furn","u":"bicycle_parking","h":0.9}},{"type":"Feature","geometry":{"type":"Polygon","coordinates":[[[-97.731692,30.285532],[-97.731671,30.285532],[-97.731671,30.28555],[-97.731692,30.28555],[-97.731692,30.285532]]]},"properties":{"k":"furn","u":"bicycle_parking","h":0.9}},{"type":"Feature","geometry":{"type":"Polygon","coordinates":[[[-97.741799,30.286264],[-97.741778,30.286264],[-97.741778,30.286282],[-97.741799,30.286282],[-97.741799,30.286264]]]},"properties":{"k":"furn","u":"bicycle_parking","h":0.9}},{"type":"Feature","geometry":{"type":"Polygon","coordinates":[[[-97.73514,30.28524],[-97.735119,30.28524],[-97.735119,30.285257],[-97.73514,30.285257],[-97.73514,30.28524]]]},"properties":{"k":"furn","u":"bicycle_parking","h":0.9}},{"type":"Feature","geometry":{"type":"Polygon","coordinates":[[[-97.740831,30.285647],[-97.74081,30.285647],[-97.74081,30.285664],[-97.740831,30.285664],[-97.740831,30.285647]]]},"properties":{"k":"furn","u":"bicycle_parking","h":0.9}},{"type":"Feature","geometry":{"type":"Polygon","coordinates":[[[-97.740875,30.285384],[-97.740854,30.285384],[-97.740854,30.285402],[-97.740875,30.285402],[-97.740875,30.285384]]]},"properties":{"k":"furn","u":"bicycle_parking","h":0.9}},{"type":"Feature","geometry":{"type":"Polygon","coordinates":[[[-97.738178,30.279608],[-97.738157,30.279608],[-97.738157,30.279626],[-97.738178,30.279626],[-97.738178,30.279608]]]},"properties":{"k":"furn","u":"bicycle_parking","h":0.9}},{"type":"Feature","geometry":{"type":"Polygon","coordinates":[[[-97.738358,30.278686],[-97.738337,30.278686],[-97.738337,30.278704],[-97.738358,30.278704],[-97.738358,30.278686]]]},"properties":{"k":"furn","u":"bicycle_parking","h":0.9}},{"type":"Feature","geometry":{"type":"Polygon","coordinates":[[[-97.737618,30.278288],[-97.737597,30.278288],[-97.737597,30.278306],[-97.737618,30.278306],[-97.737618,30.278288]]]},"properties":{"k":"furn","u":"bicycle_parking","h":0.9}},{"type":"Feature","geometry":{"type":"Polygon","coordinates":[[[-97.737685,30.279487],[-97.737664,30.279487],[-97.737664,30.279505],[-97.737685,30.279505],[-97.737685,30.279487]]]},"properties":{"k":"furn","u":"bicycle_parking","h":0.9}},{"type":"Feature","geometry":{"type":"Polygon","coordinates":[[[-97.733821,30.281821],[-97.7338,30.281821],[-97.7338,30.281839],[-97.733821,30.281839],[-97.733821,30.281821]]]},"properties":{"k":"furn","u":"bicycle_parking","h":0.9}},{"type":"Feature","geometry":{"type":"Polygon","coordinates":[[[-97.734648,30.283082],[-97.734627,30.283082],[-97.734627,30.2831],[-97.734648,30.2831],[-97.734648,30.283082]]]},"properties":{"k":"furn","u":"bicycle_parking","h":0.9}},{"type":"Feature","geometry":{"type":"Polygon","coordinates":[[[-97.734899,30.282124],[-97.734878,30.282124],[-97.734878,30.282142],[-97.734899,30.282142],[-97.734899,30.282124]]]},"properties":{"k":"furn","u":"bicycle_parking","h":0.9}},{"type":"Feature","geometry":{"type":"Polygon","coordinates":[[[-97.734953,30.282062],[-97.734932,30.282062],[-97.734932,30.28208],[-97.734953,30.28208],[-97.734953,30.282062]]]},"properties":{"k":"furn","u":"bicycle_parking","h":0.9}},{"type":"Feature","geometry":{"type":"Polygon","coordinates":[[[-97.738874,30.279891],[-97.738853,30.279891],[-97.738853,30.279909],[-97.738874,30.279909],[-97.738874,30.279891]]]},"properties":{"k":"furn","u":"bicycle_parking","h":0.9}},{"type":"Feature","geometry":{"type":"Polygon","coordinates":[[[-97.72991,30.285454],[-97.729889,30.285454],[-97.729889,30.285471],[-97.72991,30.285471],[-97.72991,30.285454]]]},"properties":{"k":"furn","u":"bicycle_parking","h":0.9}},{"type":"Feature","geometry":{"type":"Polygon","coordinates":[[[-97.727395,30.278974],[-97.727374,30.278974],[-97.727374,30.278992],[-97.727395,30.278992],[-97.727395,30.278974]]]},"properties":{"k":"furn","u":"bicycle_parking","h":0.9}},{"type":"Feature","geometry":{"type":"Polygon","coordinates":[[[-97.73008,30.280445],[-97.730059,30.280445],[-97.730059,30.280463],[-97.73008,30.280463],[-97.73008,30.280445]]]},"properties":{"k":"furn","u":"bicycle_parking","h":0.9}},{"type":"Feature","geometry":{"type":"Polygon","coordinates":[[[-97.739478,30.279636],[-97.739457,30.279636],[-97.739457,30.279654],[-97.739478,30.279654],[-97.739478,30.279636]]]},"properties":{"k":"furn","u":"bicycle_parking","h":0.9}},{"type":"Feature","geometry":{"type":"Polygon","coordinates":[[[-97.740754,30.279306],[-97.740733,30.279306],[-97.740733,30.279324],[-97.740754,30.279324],[-97.740754,30.279306]]]},"properties":{"k":"furn","u":"bicycle_parking","h":0.9}},{"type":"Feature","geometry":{"type":"Polygon","coordinates":[[[-97.739905,30.279526],[-97.739884,30.279526],[-97.739884,30.279544],[-97.739905,30.279544],[-97.739905,30.279526]]]},"properties":{"k":"furn","u":"bicycle_parking","h":0.9}},{"type":"Feature","geometry":{"type":"Polygon","coordinates":[[[-97.73994,30.279534],[-97.739919,30.279534],[-97.739919,30.279552],[-97.73994,30.279552],[-97.73994,30.279534]]]},"properties":{"k":"furn","u":"bicycle_parking","h":0.9}},{"type":"Feature","geometry":{"type":"Polygon","coordinates":[[[-97.739361,30.279603],[-97.73934,30.279603],[-97.73934,30.279621],[-97.739361,30.279621],[-97.739361,30.279603]]]},"properties":{"k":"furn","u":"bicycle_parking","h":0.9}},{"type":"Feature","geometry":{"type":"Polygon","coordinates":[[[-97.739938,30.279432],[-97.739918,30.279432],[-97.739918,30.27945],[-97.739938,30.27945],[-97.739938,30.279432]]]},"properties":{"k":"furn","u":"bicycle_parking","h":0.9}},{"type":"Feature","geometry":{"type":"Polygon","coordinates":[[[-97.735695,30.292319],[-97.735674,30.292319],[-97.735674,30.292337],[-97.735695,30.292337],[-97.735695,30.292319]]]},"properties":{"k":"furn","u":"bicycle_parking","h":0.9}},{"type":"Feature","geometry":{"type":"Polygon","coordinates":[[[-97.741122,30.282532],[-97.741102,30.282532],[-97.741102,30.28255],[-97.741122,30.28255],[-97.741122,30.282532]]]},"properties":{"k":"furn","u":"bicycle_parking","h":0.9}},{"type":"Feature","geometry":{"type":"Polygon","coordinates":[[[-97.741085,30.281697],[-97.741064,30.281697],[-97.741064,30.281715],[-97.741085,30.281715],[-97.741085,30.281697]]]},"properties":{"k":"furn","u":"bicycle_parking","h":0.9}},{"type":"Feature","geometry":{"type":"Polygon","coordinates":[[[-97.741123,30.281356],[-97.741102,30.281356],[-97.741102,30.281373],[-97.741123,30.281373],[-97.741123,30.281356]]]},"properties":{"k":"furn","u":"bicycle_parking","h":0.9}},{"type":"Feature","geometry":{"type":"Polygon","coordinates":[[[-97.73203,30.280065],[-97.732009,30.280065],[-97.732009,30.280083],[-97.73203,30.280083],[-97.73203,30.280065]]]},"properties":{"k":"furn","u":"bicycle_parking","h":0.9}},{"type":"Feature","geometry":{"type":"Polygon","coordinates":[[[-97.72714,30.280289],[-97.727137,30.280289],[-97.727137,30.280292],[-97.72714,30.280292],[-97.72714,30.280289]]]},"properties":{"k":"furn","u":"street_lamp","h":5.0}},{"type":"Feature","geometry":{"type":"Polygon","coordinates":[[[-97.731944,30.280248],[-97.731923,30.280248],[-97.731923,30.280266],[-97.731944,30.280266],[-97.731944,30.280248]]]},"properties":{"k":"furn","u":"bicycle_parking","h":0.9}},{"type":"Feature","geometry":{"type":"Polygon","coordinates":[[[-97.736575,30.29005],[-97.736555,30.29005],[-97.736555,30.290068],[-97.736575,30.290068],[-97.736575,30.29005]]]},"properties":{"k":"furn","u":"bicycle_parking","h":0.9}},{"type":"Feature","geometry":{"type":"Polygon","coordinates":[[[-97.742471,30.279627],[-97.74245,30.279627],[-97.74245,30.279645],[-97.742471,30.279645],[-97.742471,30.279627]]]},"properties":{"k":"furn","u":"bicycle_parking","h":0.9}},{"type":"Feature","geometry":{"type":"Polygon","coordinates":[[[-97.74247,30.279614],[-97.742462,30.279614],[-97.742462,30.279621],[-97.74247,30.279621],[-97.74247,30.279614]]]},"properties":{"k":"furn","u":"waste_basket","h":0.9}},{"type":"Feature","geometry":{"type":"Polygon","coordinates":[[[-97.742478,30.279593],[-97.742464,30.279593],[-97.742464,30.279605],[-97.742478,30.279605],[-97.742478,30.279593]]]},"properties":{"k":"furn","u":"bench","h":0.5}},{"type":"Feature","geometry":{"type":"Polygon","coordinates":[[[-97.742493,30.279529],[-97.742478,30.279529],[-97.742478,30.279542],[-97.742493,30.279542],[-97.742493,30.279529]]]},"properties":{"k":"furn","u":"bench","h":0.5}},{"type":"Feature","geometry":{"type":"Polygon","coordinates":[[[-97.740453,30.276486],[-97.740432,30.276486],[-97.740432,30.276504],[-97.740453,30.276504],[-97.740453,30.276486]]]},"properties":{"k":"furn","u":"bicycle_parking","h":0.9}},{"type":"Feature","geometry":{"type":"Polygon","coordinates":[[[-97.733528,30.285539],[-97.73352,30.285539],[-97.73352,30.285545],[-97.733528,30.285545],[-97.733528,30.285539]]]},"properties":{"k":"furn","u":"waste_basket","h":0.9}},{"type":"Feature","geometry":{"type":"Polygon","coordinates":[[[-97.733539,30.285507],[-97.733525,30.285507],[-97.733525,30.28552],[-97.733539,30.28552],[-97.733539,30.285507]]]},"properties":{"k":"furn","u":"bench","h":0.5}},{"type":"Feature","geometry":{"type":"Polygon","coordinates":[[[-97.73653,30.278195],[-97.736522,30.278195],[-97.736522,30.278201],[-97.73653,30.278201],[-97.73653,30.278195]]]},"properties":{"k":"furn","u":"waste_basket","h":0.9}},{"type":"Feature","geometry":{"type":"Polygon","coordinates":[[[-97.733682,30.28685],[-97.733674,30.28685],[-97.733674,30.286857],[-97.733682,30.286857],[-97.733682,30.28685]]]},"properties":{"k":"furn","u":"waste_basket","h":0.9}},{"type":"Feature","geometry":{"type":"Polygon","coordinates":[[[-97.734099,30.283011],[-97.734085,30.283011],[-97.734085,30.283024],[-97.734099,30.283024],[-97.734099,30.283011]]]},"properties":{"k":"furn","u":"bench","h":0.5}},{"type":"Feature","geometry":{"type":"Polygon","coordinates":[[[-97.734088,30.282998],[-97.73408,30.282998],[-97.73408,30.283004],[-97.734088,30.283004],[-97.734088,30.282998]]]},"properties":{"k":"furn","u":"waste_basket","h":0.9}},{"type":"Feature","geometry":{"type":"Polygon","coordinates":[[[-97.73715,30.289562],[-97.737143,30.289562],[-97.737143,30.289569],[-97.73715,30.289569],[-97.73715,30.289562]]]},"properties":{"k":"furn","u":"waste_basket","h":0.9}},{"type":"Feature","geometry":{"type":"Polygon","coordinates":[[[-97.737086,30.276088],[-97.737082,30.276088],[-97.737082,30.276091],[-97.737086,30.276091],[-97.737086,30.276088]]]},"properties":{"k":"furn","u":"street_lamp","h":5.0}},{"type":"Feature","geometry":{"type":"Polygon","coordinates":[[[-97.736705,30.276255],[-97.736701,30.276255],[-97.736701,30.276258],[-97.736705,30.276258],[-97.736705,30.276255]]]},"properties":{"k":"furn","u":"street_lamp","h":5.0}},{"type":"Feature","geometry":{"type":"Polygon","coordinates":[[[-97.745125,30.277986],[-97.745121,30.277986],[-97.745121,30.277989],[-97.745125,30.277989],[-97.745125,30.277986]]]},"properties":{"k":"furn","u":"street_lamp","h":5.0}},{"type":"Feature","geometry":{"type":"Polygon","coordinates":[[[-97.745566,30.278527],[-97.745562,30.278527],[-97.745562,30.27853],[-97.745566,30.27853],[-97.745566,30.278527]]]},"properties":{"k":"furn","u":"street_lamp","h":5.0}},{"type":"Feature","geometry":{"type":"Polygon","coordinates":[[[-97.744131,30.278366],[-97.744127,30.278366],[-97.744127,30.27837],[-97.744131,30.27837],[-97.744131,30.278366]]]},"properties":{"k":"furn","u":"street_lamp","h":5.0}},{"type":"Feature","geometry":{"type":"Polygon","coordinates":[[[-97.743165,30.277798],[-97.743161,30.277798],[-97.743161,30.277802],[-97.743165,30.277802],[-97.743165,30.277798]]]},"properties":{"k":"furn","u":"street_lamp","h":5.0}},{"type":"Feature","geometry":{"type":"Polygon","coordinates":[[[-97.740798,30.277139],[-97.740794,30.277139],[-97.740794,30.277143],[-97.740798,30.277143],[-97.740798,30.277139]]]},"properties":{"k":"furn","u":"street_lamp","h":5.0}},{"type":"Feature","geometry":{"type":"Polygon","coordinates":[[[-97.744521,30.278227],[-97.744517,30.278227],[-97.744517,30.27823],[-97.744521,30.27823],[-97.744521,30.278227]]]},"properties":{"k":"furn","u":"street_lamp","h":5.0}},{"type":"Feature","geometry":{"type":"Polygon","coordinates":[[[-97.745727,30.276648],[-97.745723,30.276648],[-97.745723,30.276652],[-97.745727,30.276652],[-97.745727,30.276648]]]},"properties":{"k":"furn","u":"street_lamp","h":5.0}},{"type":"Feature","geometry":{"type":"Polygon","coordinates":[[[-97.741888,30.277462],[-97.741885,30.277462],[-97.741885,30.277466],[-97.741888,30.277466],[-97.741888,30.277462]]]},"properties":{"k":"furn","u":"street_lamp","h":5.0}},{"type":"Feature","geometry":{"type":"Polygon","coordinates":[[[-97.741792,30.277708],[-97.741788,30.277708],[-97.741788,30.277711],[-97.741792,30.277711],[-97.741792,30.277708]]]},"properties":{"k":"furn","u":"street_lamp","h":5.0}},{"type":"Feature","geometry":{"type":"Polygon","coordinates":[[[-97.751316,30.276731],[-97.751313,30.276731],[-97.751313,30.276734],[-97.751316,30.276734],[-97.751316,30.276731]]]},"properties":{"k":"furn","u":"street_lamp","h":5.0}},{"type":"Feature","geometry":{"type":"Polygon","coordinates":[[[-97.751554,30.276802],[-97.75155,30.276802],[-97.75155,30.276806],[-97.751554,30.276806],[-97.751554,30.276802]]]},"properties":{"k":"furn","u":"street_lamp","h":5.0}},{"type":"Feature","geometry":{"type":"Polygon","coordinates":[[[-97.750876,30.27782],[-97.750873,30.27782],[-97.750873,30.277824],[-97.750876,30.277824],[-97.750876,30.27782]]]},"properties":{"k":"furn","u":"street_lamp","h":5.0}},{"type":"Feature","geometry":{"type":"Polygon","coordinates":[[[-97.750705,30.278265],[-97.750701,30.278265],[-97.750701,30.278268],[-97.750705,30.278268],[-97.750705,30.278265]]]},"properties":{"k":"furn","u":"street_lamp","h":5.0}},{"type":"Feature","geometry":{"type":"Polygon","coordinates":[[[-97.750533,30.279214],[-97.750529,30.279214],[-97.750529,30.279217],[-97.750533,30.279217],[-97.750533,30.279214]]]},"properties":{"k":"furn","u":"street_lamp","h":5.0}},{"type":"Feature","geometry":{"type":"Polygon","coordinates":[[[-97.750598,30.278954],[-97.750594,30.278954],[-97.750594,30.278957],[-97.750598,30.278957],[-97.750598,30.278954]]]},"properties":{"k":"furn","u":"street_lamp","h":5.0}},{"type":"Feature","geometry":{"type":"Polygon","coordinates":[[[-97.750602,30.278608],[-97.750598,30.278608],[-97.750598,30.278611],[-97.750602,30.278611],[-97.750602,30.278608]]]},"properties":{"k":"furn","u":"street_lamp","h":5.0}},{"type":"Feature","geometry":{"type":"Polygon","coordinates":[[[-97.750462,30.27977],[-97.750458,30.27977],[-97.750458,30.279773],[-97.750462,30.279773],[-97.750462,30.27977]]]},"properties":{"k":"furn","u":"street_lamp","h":5.0}},{"type":"Feature","geometry":{"type":"Polygon","coordinates":[[[-97.751597,30.279883],[-97.751593,30.279883],[-97.751593,30.279886],[-97.751597,30.279886],[-97.751597,30.279883]]]},"properties":{"k":"furn","u":"street_lamp","h":5.0}},{"type":"Feature","geometry":{"type":"Polygon","coordinates":[[[-97.751363,30.279956],[-97.75136,30.279956],[-97.75136,30.279959],[-97.751363,30.279959],[-97.751363,30.279956]]]},"properties":{"k":"furn","u":"street_lamp","h":5.0}},{"type":"Feature","geometry":{"type":"Polygon","coordinates":[[[-97.729327,30.29206],[-97.729323,30.29206],[-97.729323,30.292063],[-97.729327,30.292063],[-97.729327,30.29206]]]},"properties":{"k":"furn","u":"street_lamp","h":5.0}},{"type":"Feature","geometry":{"type":"Polygon","coordinates":[[[-97.732503,30.293548],[-97.7325,30.293548],[-97.7325,30.293551],[-97.732503,30.293551],[-97.732503,30.293548]]]},"properties":{"k":"furn","u":"street_lamp","h":5.0}},{"type":"Feature","geometry":{"type":"Polygon","coordinates":[[[-97.727862,30.291339],[-97.727859,30.291339],[-97.727859,30.291343],[-97.727862,30.291343],[-97.727862,30.291339]]]},"properties":{"k":"furn","u":"street_lamp","h":5.0}},{"type":"Feature","geometry":{"type":"Polygon","coordinates":[[[-97.728673,30.291866],[-97.728669,30.291866],[-97.728669,30.291869],[-97.728673,30.291869],[-97.728673,30.291866]]]},"properties":{"k":"furn","u":"street_lamp","h":5.0}},{"type":"Feature","geometry":{"type":"Polygon","coordinates":[[[-97.729691,30.292347],[-97.729687,30.292347],[-97.729687,30.29235],[-97.729691,30.29235],[-97.729691,30.292347]]]},"properties":{"k":"furn","u":"street_lamp","h":5.0}},{"type":"Feature","geometry":{"type":"Polygon","coordinates":[[[-97.730334,30.292662],[-97.73033,30.292662],[-97.73033,30.292666],[-97.730334,30.292666],[-97.730334,30.292662]]]},"properties":{"k":"furn","u":"street_lamp","h":5.0}},{"type":"Feature","geometry":{"type":"Polygon","coordinates":[[[-97.73065,30.292808],[-97.730646,30.292808],[-97.730646,30.292811],[-97.73065,30.292811],[-97.73065,30.292808]]]},"properties":{"k":"furn","u":"street_lamp","h":5.0}},{"type":"Feature","geometry":{"type":"Polygon","coordinates":[[[-97.731685,30.29318],[-97.731682,30.29318],[-97.731682,30.293183],[-97.731685,30.293183],[-97.731685,30.29318]]]},"properties":{"k":"furn","u":"street_lamp","h":5.0}},{"type":"Feature","geometry":{"type":"Polygon","coordinates":[[[-97.727373,30.29042],[-97.727369,30.29042],[-97.727369,30.290423],[-97.727373,30.290423],[-97.727373,30.29042]]]},"properties":{"k":"furn","u":"street_lamp","h":5.0}},{"type":"Feature","geometry":{"type":"Polygon","coordinates":[[[-97.72774,30.290329],[-97.727736,30.290329],[-97.727736,30.290332],[-97.72774,30.290332],[-97.72774,30.290329]]]},"properties":{"k":"furn","u":"street_lamp","h":5.0}},{"type":"Feature","geometry":{"type":"Polygon","coordinates":[[[-97.72704,30.288761],[-97.727036,30.288761],[-97.727036,30.288764],[-97.72704,30.288764],[-97.72704,30.288761]]]},"properties":{"k":"furn","u":"street_lamp","h":5.0}},{"type":"Feature","geometry":{"type":"Polygon","coordinates":[[[-97.727179,30.288819],[-97.727175,30.288819],[-97.727175,30.288822],[-97.727179,30.288822],[-97.727179,30.288819]]]},"properties":{"k":"furn","u":"street_lamp","h":5.0}},{"type":"Feature","geometry":{"type":"Polygon","coordinates":[[[-97.727442,30.289938],[-97.727438,30.289938],[-97.727438,30.289941],[-97.727442,30.289941],[-97.727442,30.289938]]]},"properties":{"k":"furn","u":"street_lamp","h":5.0}},{"type":"Feature","geometry":{"type":"Polygon","coordinates":[[[-97.726522,30.287547],[-97.726518,30.287547],[-97.726518,30.287551],[-97.726522,30.287551],[-97.726522,30.287547]]]},"properties":{"k":"furn","u":"street_lamp","h":5.0}},{"type":"Feature","geometry":{"type":"Polygon","coordinates":[[[-97.727002,30.287405],[-97.726998,30.287405],[-97.726998,30.287408],[-97.727002,30.287408],[-97.727002,30.287405]]]},"properties":{"k":"furn","u":"street_lamp","h":5.0}},{"type":"Feature","geometry":{"type":"Polygon","coordinates":[[[-97.726451,30.286961],[-97.726447,30.286961],[-97.726447,30.286965],[-97.726451,30.286965],[-97.726451,30.286961]]]},"properties":{"k":"furn","u":"street_lamp","h":5.0}},{"type":"Feature","geometry":{"type":"Polygon","coordinates":[[[-97.727151,30.287056],[-97.727147,30.287056],[-97.727147,30.28706],[-97.727151,30.28706],[-97.727151,30.287056]]]},"properties":{"k":"furn","u":"street_lamp","h":5.0}},{"type":"Feature","geometry":{"type":"Polygon","coordinates":[[[-97.727311,30.285075],[-97.727307,30.285075],[-97.727307,30.285078],[-97.727311,30.285078],[-97.727311,30.285075]]]},"properties":{"k":"furn","u":"street_lamp","h":5.0}},{"type":"Feature","geometry":{"type":"Polygon","coordinates":[[[-97.727062,30.28567],[-97.727059,30.28567],[-97.727059,30.285673],[-97.727062,30.285673],[-97.727062,30.28567]]]},"properties":{"k":"furn","u":"street_lamp","h":5.0}},{"type":"Feature","geometry":{"type":"Polygon","coordinates":[[[-97.727472,30.286052],[-97.727468,30.286052],[-97.727468,30.286056],[-97.727472,30.286056],[-97.727472,30.286052]]]},"properties":{"k":"furn","u":"street_lamp","h":5.0}},{"type":"Feature","geometry":{"type":"Polygon","coordinates":[[[-97.726963,30.286163],[-97.72696,30.286163],[-97.72696,30.286167],[-97.726963,30.286167],[-97.726963,30.286163]]]},"properties":{"k":"furn","u":"street_lamp","h":5.0}},{"type":"Feature","geometry":{"type":"Polygon","coordinates":[[[-97.727775,30.285133],[-97.727771,30.285133],[-97.727771,30.285136],[-97.727775,30.285136],[-97.727775,30.285133]]]},"properties":{"k":"furn","u":"street_lamp","h":5.0}},{"type":"Feature","geometry":{"type":"Polygon","coordinates":[[[-97.727842,30.284789],[-97.727838,30.284789],[-97.727838,30.284792],[-97.727842,30.284792],[-97.727842,30.284789]]]},"properties":{"k":"furn","u":"street_lamp","h":5.0}},{"type":"Feature","geometry":{"type":"Polygon","coordinates":[[[-97.727681,30.283821],[-97.727677,30.283821],[-97.727677,30.283824],[-97.727681,30.283824],[-97.727681,30.283821]]]},"properties":{"k":"furn","u":"street_lamp","h":5.0}},{"type":"Feature","geometry":{"type":"Polygon","coordinates":[[[-97.727557,30.284195],[-97.727554,30.284195],[-97.727554,30.284198],[-97.727557,30.284198],[-97.727557,30.284195]]]},"properties":{"k":"furn","u":"street_lamp","h":5.0}},{"type":"Feature","geometry":{"type":"Polygon","coordinates":[[[-97.728011,30.283482],[-97.728007,30.283482],[-97.728007,30.283486],[-97.728011,30.283486],[-97.728011,30.283482]]]},"properties":{"k":"furn","u":"street_lamp","h":5.0}},{"type":"Feature","geometry":{"type":"Polygon","coordinates":[[[-97.727736,30.283595],[-97.727732,30.283595],[-97.727732,30.283598],[-97.727736,30.283598],[-97.727736,30.283595]]]},"properties":{"k":"furn","u":"street_lamp","h":5.0}},{"type":"Feature","geometry":{"type":"Polygon","coordinates":[[[-97.72699,30.290904],[-97.726986,30.290904],[-97.726986,30.290908],[-97.72699,30.290908],[-97.72699,30.290904]]]},"properties":{"k":"furn","u":"street_lamp","h":5.0}},{"type":"Feature","geometry":{"type":"Polygon","coordinates":[[[-97.726877,30.291363],[-97.726874,30.291363],[-97.726874,30.291366],[-97.726877,30.291366],[-97.726877,30.291363]]]},"properties":{"k":"furn","u":"street_lamp","h":5.0}},{"type":"Feature","geometry":{"type":"Polygon","coordinates":[[[-97.726142,30.292238],[-97.726139,30.292238],[-97.726139,30.292242],[-97.726142,30.292242],[-97.726142,30.292238]]]},"properties":{"k":"furn","u":"street_lamp","h":5.0}},{"type":"Feature","geometry":{"type":"Polygon","coordinates":[[[-97.726413,30.29191],[-97.72641,30.29191],[-97.72641,30.291913],[-97.726413,30.291913],[-97.726413,30.29191]]]},"properties":{"k":"furn","u":"street_lamp","h":5.0}},{"type":"Feature","geometry":{"type":"Polygon","coordinates":[[[-97.731547,30.295878],[-97.731543,30.295878],[-97.731543,30.295881],[-97.731547,30.295881],[-97.731547,30.295878]]]},"properties":{"k":"furn","u":"street_lamp","h":5.0}},{"type":"Feature","geometry":{"type":"Polygon","coordinates":[[[-97.731903,30.295305],[-97.731899,30.295305],[-97.731899,30.295308],[-97.731903,30.295308],[-97.731903,30.295305]]]},"properties":{"k":"furn","u":"street_lamp","h":5.0}},{"type":"Feature","geometry":{"type":"Polygon","coordinates":[[[-97.732065,30.295076],[-97.732061,30.295076],[-97.732061,30.295079],[-97.732065,30.295079],[-97.732065,30.295076]]]},"properties":{"k":"furn","u":"street_lamp","h":5.0}},{"type":"Feature","geometry":{"type":"Polygon","coordinates":[[[-97.732317,30.294674],[-97.732313,30.294674],[-97.732313,30.294677],[-97.732317,30.294677],[-97.732317,30.294674]]]},"properties":{"k":"furn","u":"street_lamp","h":5.0}},{"type":"Feature","geometry":{"type":"Polygon","coordinates":[[[-97.732463,30.294419],[-97.732459,30.294419],[-97.732459,30.294422],[-97.732463,30.294422],[-97.732463,30.294419]]]},"properties":{"k":"furn","u":"street_lamp","h":5.0}},{"type":"Feature","geometry":{"type":"Polygon","coordinates":[[[-97.732801,30.293901],[-97.732797,30.293901],[-97.732797,30.293905],[-97.732801,30.293905],[-97.732801,30.293901]]]},"properties":{"k":"furn","u":"street_lamp","h":5.0}},{"type":"Feature","geometry":{"type":"Polygon","coordinates":[[[-97.733081,30.293452],[-97.733078,30.293452],[-97.733078,30.293455],[-97.733081,30.293455],[-97.733081,30.293452]]]},"properties":{"k":"furn","u":"street_lamp","h":5.0}},{"type":"Feature","geometry":{"type":"Polygon","coordinates":[[[-97.733346,30.293006],[-97.733342,30.293006],[-97.733342,30.29301],[-97.733346,30.29301],[-97.733346,30.293006]]]},"properties":{"k":"furn","u":"street_lamp","h":5.0}},{"type":"Feature","geometry":{"type":"Polygon","coordinates":[[[-97.733599,30.292603],[-97.733595,30.292603],[-97.733595,30.292607],[-97.733599,30.292607],[-97.733599,30.292603]]]},"properties":{"k":"furn","u":"street_lamp","h":5.0}},{"type":"Feature","geometry":{"type":"Polygon","coordinates":[[[-97.734114,30.291817],[-97.73411,30.291817],[-97.73411,30.29182],[-97.734114,30.29182],[-97.734114,30.291817]]]},"properties":{"k":"furn","u":"street_lamp","h":5.0}},{"type":"Feature","geometry":{"type":"Polygon","coordinates":[[[-97.733832,30.29226],[-97.733829,30.29226],[-97.733829,30.292264],[-97.733832,30.292264],[-97.733832,30.29226]]]},"properties":{"k":"furn","u":"street_lamp","h":5.0}},{"type":"Feature","geometry":{"type":"Polygon","coordinates":[[[-97.734508,30.291468],[-97.734505,30.291468],[-97.734505,30.291472],[-97.734508,30.291472],[-97.734508,30.291468]]]},"properties":{"k":"furn","u":"street_lamp","h":5.0}},{"type":"Feature","geometry":{"type":"Polygon","coordinates":[[[-97.734785,30.291162],[-97.734781,30.291162],[-97.734781,30.291165],[-97.734785,30.291165],[-97.734785,30.291162]]]},"properties":{"k":"furn","u":"street_lamp","h":5.0}},{"type":"Feature","geometry":{"type":"Polygon","coordinates":[[[-97.734439,30.291201],[-97.734435,30.291201],[-97.734435,30.291204],[-97.734439,30.291204],[-97.734439,30.291201]]]},"properties":{"k":"furn","u":"street_lamp","h":5.0}},{"type":"Feature","geometry":{"type":"Polygon","coordinates":[[[-97.734853,30.290909],[-97.734849,30.290909],[-97.734849,30.290912],[-97.734853,30.290912],[-97.734853,30.290909]]]},"properties":{"k":"furn","u":"street_lamp","h":5.0}},{"type":"Feature","geometry":{"type":"Polygon","coordinates":[[[-97.734522,30.290888],[-97.734518,30.290888],[-97.734518,30.290892],[-97.734522,30.290892],[-97.734522,30.290888]]]},"properties":{"k":"furn","u":"street_lamp","h":5.0}},{"type":"Feature","geometry":{"type":"Polygon","coordinates":[[[-97.734369,30.290473],[-97.734365,30.290473],[-97.734365,30.290476],[-97.734369,30.290476],[-97.734369,30.290473]]]},"properties":{"k":"furn","u":"street_lamp","h":5.0}},{"type":"Feature","geometry":{"type":"Polygon","coordinates":[[[-97.734441,30.289583],[-97.734438,30.289583],[-97.734438,30.289586],[-97.734441,30.289586],[-97.734441,30.289583]]]},"properties":{"k":"furn","u":"street_lamp","h":5.0}},{"type":"Feature","geometry":{"type":"Polygon","coordinates":[[[-97.734412,30.28913],[-97.734408,30.28913],[-97.734408,30.289134],[-97.734412,30.289134],[-97.734412,30.28913]]]},"properties":{"k":"furn","u":"street_lamp","h":5.0}},{"type":"Feature","geometry":{"type":"Polygon","coordinates":[[[-97.734771,30.289148],[-97.734767,30.289148],[-97.734767,30.289151],[-97.734771,30.289151],[-97.734771,30.289148]]]},"properties":{"k":"furn","u":"street_lamp","h":5.0}},{"type":"Feature","geometry":{"type":"Polygon","coordinates":[[[-97.734083,30.287945],[-97.734079,30.287945],[-97.734079,30.287948],[-97.734083,30.287948],[-97.734083,30.287945]]]},"properties":{"k":"furn","u":"street_lamp","h":5.0}},{"type":"Feature","geometry":{"type":"Polygon","coordinates":[[[-97.73345,30.287208],[-97.733446,30.287208],[-97.733446,30.287211],[-97.73345,30.287211],[-97.73345,30.287208]]]},"properties":{"k":"furn","u":"street_lamp","h":5.0}},{"type":"Feature","geometry":{"type":"Polygon","coordinates":[[[-97.733662,30.286692],[-97.733658,30.286692],[-97.733658,30.286695],[-97.733662,30.286695],[-97.733662,30.286692]]]},"properties":{"k":"furn","u":"street_lamp","h":5.0}},{"type":"Feature","geometry":{"type":"Polygon","coordinates":[[[-97.733443,30.286307],[-97.73344,30.286307],[-97.73344,30.28631],[-97.733443,30.28631],[-97.733443,30.286307]]]},"properties":{"k":"furn","u":"street_lamp","h":5.0}},{"type":"Feature","geometry":{"type":"Polygon","coordinates":[[[-97.73352,30.285629],[-97.733517,30.285629],[-97.733517,30.285632],[-97.73352,30.285632],[-97.73352,30.285629]]]},"properties":{"k":"furn","u":"street_lamp","h":5.0}},{"type":"Feature","geometry":{"type":"Polygon","coordinates":[[[-97.733787,30.285408],[-97.733784,30.285408],[-97.733784,30.285411],[-97.733787,30.285411],[-97.733787,30.285408]]]},"properties":{"k":"furn","u":"street_lamp","h":5.0}},{"type":"Feature","geometry":{"type":"Polygon","coordinates":[[[-97.74177,30.286661],[-97.741767,30.286661],[-97.741767,30.286665],[-97.74177,30.286665],[-97.74177,30.286661]]]},"properties":{"k":"furn","u":"street_lamp","h":5.0}},{"type":"Feature","geometry":{"type":"Polygon","coordinates":[[[-97.741734,30.287095],[-97.74173,30.287095],[-97.74173,30.287098],[-97.741734,30.287098],[-97.741734,30.287095]]]},"properties":{"k":"furn","u":"street_lamp","h":5.0}},{"type":"Feature","geometry":{"type":"Polygon","coordinates":[[[-97.741569,30.289239],[-97.741565,30.289239],[-97.741565,30.289243],[-97.741569,30.289243],[-97.741569,30.289239]]]},"properties":{"k":"furn","u":"street_lamp","h":5.0}},{"type":"Feature","geometry":{"type":"Polygon","coordinates":[[[-97.741606,30.288836],[-97.741602,30.288836],[-97.741602,30.28884],[-97.741606,30.28884],[-97.741606,30.288836]]]},"properties":{"k":"furn","u":"street_lamp","h":5.0}},{"type":"Feature","geometry":{"type":"Polygon","coordinates":[[[-97.741437,30.288606],[-97.741433,30.288606],[-97.741433,30.28861],[-97.741437,30.28861],[-97.741437,30.288606]]]},"properties":{"k":"furn","u":"street_lamp","h":5.0}},{"type":"Feature","geometry":{"type":"Polygon","coordinates":[[[-97.741481,30.288203],[-97.741478,30.288203],[-97.741478,30.288207],[-97.741481,30.288207],[-97.741481,30.288203]]]},"properties":{"k":"furn","u":"street_lamp","h":5.0}},{"type":"Feature","geometry":{"type":"Polygon","coordinates":[[[-97.741277,30.289965],[-97.741273,30.289965],[-97.741273,30.289969],[-97.741277,30.289969],[-97.741277,30.289965]]]},"properties":{"k":"furn","u":"street_lamp","h":5.0}},{"type":"Feature","geometry":{"type":"Polygon","coordinates":[[[-97.741462,30.290347],[-97.741458,30.290347],[-97.741458,30.290351],[-97.741462,30.290351],[-97.741462,30.290347]]]},"properties":{"k":"furn","u":"street_lamp","h":5.0}},{"type":"Feature","geometry":{"type":"Polygon","coordinates":[[[-97.741237,30.290713],[-97.741233,30.290713],[-97.741233,30.290717],[-97.741237,30.290717],[-97.741237,30.290713]]]},"properties":{"k":"furn","u":"street_lamp","h":5.0}},{"type":"Feature","geometry":{"type":"Polygon","coordinates":[[[-97.74121,30.291112],[-97.741206,30.291112],[-97.741206,30.291115],[-97.74121,30.291115],[-97.74121,30.291112]]]},"properties":{"k":"furn","u":"street_lamp","h":5.0}},{"type":"Feature","geometry":{"type":"Polygon","coordinates":[[[-97.741143,30.291478],[-97.741139,30.291478],[-97.741139,30.291481],[-97.741143,30.291481],[-97.741143,30.291478]]]},"properties":{"k":"furn","u":"street_lamp","h":5.0}},{"type":"Feature","geometry":{"type":"Polygon","coordinates":[[[-97.741368,30.291299],[-97.741364,30.291299],[-97.741364,30.291303],[-97.741368,30.291303],[-97.741368,30.291299]]]},"properties":{"k":"furn","u":"street_lamp","h":5.0}},{"type":"Feature","geometry":{"type":"Polygon","coordinates":[[[-97.74132,30.291705],[-97.741316,30.291705],[-97.741316,30.291708],[-97.74132,30.291708],[-97.74132,30.291705]]]},"properties":{"k":"furn","u":"street_lamp","h":5.0}},{"type":"Feature","geometry":{"type":"Polygon","coordinates":[[[-97.741116,30.29183],[-97.741112,30.29183],[-97.741112,30.291833],[-97.741116,30.291833],[-97.741116,30.29183]]]},"properties":{"k":"furn","u":"street_lamp","h":5.0}},{"type":"Feature","geometry":{"type":"Polygon","coordinates":[[[-97.741434,30.292387],[-97.74143,30.292387],[-97.74143,30.29239],[-97.741434,30.29239],[-97.741434,30.292387]]]},"properties":{"k":"furn","u":"street_lamp","h":5.0}},{"type":"Feature","geometry":{"type":"Polygon","coordinates":[[[-97.742191,30.293909],[-97.742188,30.293909],[-97.742188,30.293913],[-97.742191,30.293913],[-97.742191,30.293909]]]},"properties":{"k":"furn","u":"street_lamp","h":5.0}},{"type":"Feature","geometry":{"type":"Polygon","coordinates":[[[-97.741969,30.293483],[-97.741965,30.293483],[-97.741965,30.293487],[-97.741969,30.293487],[-97.741969,30.293483]]]},"properties":{"k":"furn","u":"street_lamp","h":5.0}},{"type":"Feature","geometry":{"type":"Polygon","coordinates":[[[-97.741823,30.293188],[-97.741819,30.293188],[-97.741819,30.293191],[-97.741823,30.293191],[-97.741823,30.293188]]]},"properties":{"k":"furn","u":"street_lamp","h":5.0}},{"type":"Feature","geometry":{"type":"Polygon","coordinates":[[[-97.741593,30.292742],[-97.74159,30.292742],[-97.74159,30.292745],[-97.741593,30.292745],[-97.741593,30.292742]]]},"properties":{"k":"furn","u":"street_lamp","h":5.0}},{"type":"Feature","geometry":{"type":"Polygon","coordinates":[[[-97.74154,30.293011],[-97.741536,30.293011],[-97.741536,30.293014],[-97.74154,30.293014],[-97.74154,30.293011]]]},"properties":{"k":"furn","u":"street_lamp","h":5.0}},{"type":"Feature","geometry":{"type":"Polygon","coordinates":[[[-97.741722,30.293325],[-97.741718,30.293325],[-97.741718,30.293328],[-97.741722,30.293328],[-97.741722,30.293325]]]},"properties":{"k":"furn","u":"street_lamp","h":5.0}},{"type":"Feature","geometry":{"type":"Polygon","coordinates":[[[-97.741954,30.29378],[-97.74195,30.29378],[-97.74195,30.293783],[-97.741954,30.293783],[-97.741954,30.29378]]]},"properties":{"k":"furn","u":"street_lamp","h":5.0}},{"type":"Feature","geometry":{"type":"Polygon","coordinates":[[[-97.742181,30.294172],[-97.742177,30.294172],[-97.742177,30.294176],[-97.742181,30.294176],[-97.742181,30.294172]]]},"properties":{"k":"furn","u":"street_lamp","h":5.0}},{"type":"Feature","geometry":{"type":"Polygon","coordinates":[[[-97.742284,30.294442],[-97.74228,30.294442],[-97.74228,30.294445],[-97.742284,30.294445],[-97.742284,30.294442]]]},"properties":{"k":"furn","u":"street_lamp","h":5.0}},{"type":"Feature","geometry":{"type":"Polygon","coordinates":[[[-97.742377,30.29461],[-97.742373,30.29461],[-97.742373,30.294613],[-97.742377,30.294613],[-97.742377,30.29461]]]},"properties":{"k":"furn","u":"street_lamp","h":5.0}},{"type":"Feature","geometry":{"type":"Polygon","coordinates":[[[-97.743608,30.295872],[-97.743604,30.295872],[-97.743604,30.295875],[-97.743608,30.295875],[-97.743608,30.295872]]]},"properties":{"k":"furn","u":"street_lamp","h":5.0}},{"type":"Feature","geometry":{"type":"Polygon","coordinates":[[[-97.743837,30.29578],[-97.743833,30.29578],[-97.743833,30.295783],[-97.743837,30.295783],[-97.743837,30.29578]]]},"properties":{"k":"furn","u":"street_lamp","h":5.0}},{"type":"Feature","geometry":{"type":"Polygon","coordinates":[[[-97.743259,30.295481],[-97.743255,30.295481],[-97.743255,30.295484],[-97.743259,30.295484],[-97.743259,30.295481]]]},"properties":{"k":"furn","u":"street_lamp","h":5.0}},{"type":"Feature","geometry":{"type":"Polygon","coordinates":[[[-97.74051,30.295811],[-97.740506,30.295811],[-97.740506,30.295814],[-97.74051,30.295814],[-97.74051,30.295811]]]},"properties":{"k":"furn","u":"street_lamp","h":5.0}},{"type":"Feature","geometry":{"type":"Polygon","coordinates":[[[-97.742485,30.295723],[-97.742481,30.295723],[-97.742481,30.295726],[-97.742485,30.295726],[-97.742485,30.295723]]]},"properties":{"k":"furn","u":"street_lamp","h":5.0}},{"type":"Feature","geometry":{"type":"Polygon","coordinates":[[[-97.742575,30.295003],[-97.742571,30.295003],[-97.742571,30.295006],[-97.742575,30.295006],[-97.742575,30.295003]]]},"properties":{"k":"furn","u":"street_lamp","h":5.0}},{"type":"Feature","geometry":{"type":"Polygon","coordinates":[[[-97.742951,30.295292],[-97.742947,30.295292],[-97.742947,30.295295],[-97.742951,30.295295],[-97.742951,30.295292]]]},"properties":{"k":"furn","u":"street_lamp","h":5.0}},{"type":"Feature","geometry":{"type":"Polygon","coordinates":[[[-97.742655,30.295248],[-97.742652,30.295248],[-97.742652,30.295251],[-97.742655,30.295251],[-97.742655,30.295248]]]},"properties":{"k":"furn","u":"street_lamp","h":5.0}},{"type":"Feature","geometry":{"type":"Polygon","coordinates":[[[-97.742655,30.295407],[-97.742652,30.295407],[-97.742652,30.29541],[-97.742655,30.29541],[-97.742655,30.295407]]]},"properties":{"k":"furn","u":"street_lamp","h":5.0}},{"type":"Feature","geometry":{"type":"Polygon","coordinates":[[[-97.740444,30.295233],[-97.74044,30.295233],[-97.74044,30.295236],[-97.740444,30.295236],[-97.740444,30.295233]]]},"properties":{"k":"furn","u":"street_lamp","h":5.0}},{"type":"Feature","geometry":{"type":"Polygon","coordinates":[[[-97.738208,30.294718],[-97.738205,30.294718],[-97.738205,30.294721],[-97.738208,30.294721],[-97.738208,30.294718]]]},"properties":{"k":"furn","u":"street_lamp","h":5.0}},{"type":"Feature","geometry":{"type":"Polygon","coordinates":[[[-97.738866,30.295041],[-97.738862,30.295041],[-97.738862,30.295044],[-97.738866,30.295044],[-97.738866,30.295041]]]},"properties":{"k":"furn","u":"street_lamp","h":5.0}},{"type":"Feature","geometry":{"type":"Polygon","coordinates":[[[-97.739575,30.295356],[-97.739571,30.295356],[-97.739571,30.295359],[-97.739575,30.295359],[-97.739575,30.295356]]]},"properties":{"k":"furn","u":"street_lamp","h":5.0}},{"type":"Feature","geometry":{"type":"Polygon","coordinates":[[[-97.737502,30.294446],[-97.737498,30.294446],[-97.737498,30.294449],[-97.737502,30.294449],[-97.737502,30.294446]]]},"properties":{"k":"furn","u":"street_lamp","h":5.0}},{"type":"Feature","geometry":{"type":"Polygon","coordinates":[[[-97.736883,30.295154],[-97.73688,30.295154],[-97.73688,30.295158],[-97.736883,30.295158],[-97.736883,30.295154]]]},"properties":{"k":"furn","u":"street_lamp","h":5.0}},{"type":"Feature","geometry":{"type":"Polygon","coordinates":[[[-97.736595,30.295637],[-97.736591,30.295637],[-97.736591,30.29564],[-97.736595,30.29564],[-97.736595,30.295637]]]},"properties":{"k":"furn","u":"street_lamp","h":5.0}},{"type":"Feature","geometry":{"type":"Polygon","coordinates":[[[-97.748741,30.295785],[-97.748738,30.295785],[-97.748738,30.295789],[-97.748741,30.295789],[-97.748741,30.295785]]]},"properties":{"k":"furn","u":"street_lamp","h":5.0}},{"type":"Feature","geometry":{"type":"Polygon","coordinates":[[[-97.748477,30.295406],[-97.748474,30.295406],[-97.748474,30.295409],[-97.748477,30.295409],[-97.748477,30.295406]]]},"properties":{"k":"furn","u":"street_lamp","h":5.0}},{"type":"Feature","geometry":{"type":"Polygon","coordinates":[[[-97.748068,30.294749],[-97.748064,30.294749],[-97.748064,30.294752],[-97.748068,30.294752],[-97.748068,30.294749]]]},"properties":{"k":"furn","u":"street_lamp","h":5.0}},{"type":"Feature","geometry":{"type":"Polygon","coordinates":[[[-97.747872,30.294457],[-97.747869,30.294457],[-97.747869,30.29446],[-97.747872,30.29446],[-97.747872,30.294457]]]},"properties":{"k":"furn","u":"street_lamp","h":5.0}},{"type":"Feature","geometry":{"type":"Polygon","coordinates":[[[-97.747698,30.294207],[-97.747694,30.294207],[-97.747694,30.29421],[-97.747698,30.29421],[-97.747698,30.294207]]]},"properties":{"k":"furn","u":"street_lamp","h":5.0}},{"type":"Feature","geometry":{"type":"Polygon","coordinates":[[[-97.74736,30.29366],[-97.747356,30.29366],[-97.747356,30.293664],[-97.74736,30.293664],[-97.74736,30.29366]]]},"properties":{"k":"furn","u":"street_lamp","h":5.0}},{"type":"Feature","geometry":{"type":"Polygon","coordinates":[[[-97.747179,30.29334],[-97.747175,30.29334],[-97.747175,30.293343],[-97.747179,30.293343],[-97.747179,30.29334]]]},"properties":{"k":"furn","u":"street_lamp","h":5.0}},{"type":"Feature","geometry":{"type":"Polygon","coordinates":[[[-97.747128,30.293048],[-97.747124,30.293048],[-97.747124,30.293051],[-97.747128,30.293051],[-97.747128,30.293048]]]},"properties":{"k":"furn","u":"street_lamp","h":5.0}},{"type":"Feature","geometry":{"type":"Polygon","coordinates":[[[-97.747205,30.292723],[-97.747201,30.292723],[-97.747201,30.292726],[-97.747205,30.292726],[-97.747205,30.292723]]]},"properties":{"k":"furn","u":"street_lamp","h":5.0}},{"type":"Feature","geometry":{"type":"Polygon","coordinates":[[[-97.747361,30.292499],[-97.747358,30.292499],[-97.747358,30.292502],[-97.747361,30.292502],[-97.747361,30.292499]]]},"properties":{"k":"furn","u":"street_lamp","h":5.0}},{"type":"Feature","geometry":{"type":"Polygon","coordinates":[[[-97.747642,30.292285],[-97.747638,30.292285],[-97.747638,30.292288],[-97.747642,30.292288],[-97.747642,30.292285]]]},"properties":{"k":"furn","u":"street_lamp","h":5.0}},{"type":"Feature","geometry":{"type":"Polygon","coordinates":[[[-97.747809,30.292035],[-97.747806,30.292035],[-97.747806,30.292038],[-97.747809,30.292038],[-97.747809,30.292035]]]},"properties":{"k":"furn","u":"street_lamp","h":5.0}},{"type":"Feature","geometry":{"type":"Polygon","coordinates":[[[-97.748118,30.292138],[-97.748114,30.292138],[-97.748114,30.292141],[-97.748118,30.292141],[-97.748118,30.292138]]]},"properties":{"k":"furn","u":"street_lamp","h":5.0}},{"type":"Feature","geometry":{"type":"Polygon","coordinates":[[[-97.748653,30.292044],[-97.748649,30.292044],[-97.748649,30.292047],[-97.748653,30.292047],[-97.748653,30.292044]]]},"properties":{"k":"furn","u":"street_lamp","h":5.0}},{"type":"Feature","geometry":{"type":"Polygon","coordinates":[[[-97.750252,30.291737],[-97.750248,30.291737],[-97.750248,30.29174],[-97.750252,30.29174],[-97.750252,30.291737]]]},"properties":{"k":"furn","u":"street_lamp","h":5.0}},{"type":"Feature","geometry":{"type":"Polygon","coordinates":[[[-97.749299,30.29191],[-97.749296,30.29191],[-97.749296,30.291913],[-97.749299,30.291913],[-97.749299,30.29191]]]},"properties":{"k":"furn","u":"street_lamp","h":5.0}},{"type":"Feature","geometry":{"type":"Polygon","coordinates":[[[-97.749757,30.291837],[-97.749753,30.291837],[-97.749753,30.29184],[-97.749757,30.29184],[-97.749757,30.291837]]]},"properties":{"k":"furn","u":"street_lamp","h":5.0}},{"type":"Feature","geometry":{"type":"Polygon","coordinates":[[[-97.750684,30.291626],[-97.75068,30.291626],[-97.75068,30.291629],[-97.750684,30.291629],[-97.750684,30.291626]]]},"properties":{"k":"furn","u":"street_lamp","h":5.0}},{"type":"Feature","geometry":{"type":"Polygon","coordinates":[[[-97.750938,30.291416],[-97.750934,30.291416],[-97.750934,30.29142],[-97.750938,30.29142],[-97.750938,30.291416]]]},"properties":{"k":"furn","u":"street_lamp","h":5.0}},{"type":"Feature","geometry":{"type":"Polygon","coordinates":[[[-97.751469,30.29084],[-97.751465,30.29084],[-97.751465,30.290843],[-97.751469,30.290843],[-97.751469,30.29084]]]},"properties":{"k":"furn","u":"street_lamp","h":5.0}},{"type":"Feature","geometry":{"type":"Polygon","coordinates":[[[-97.751987,30.290183],[-97.751983,30.290183],[-97.751983,30.290186],[-97.751987,30.290186],[-97.751987,30.290183]]]},"properties":{"k":"furn","u":"street_lamp","h":5.0}},{"type":"Feature","geometry":{"type":"Polygon","coordinates":[[[-97.727578,30.279145],[-97.727564,30.279145],[-97.727564,30.279157],[-97.727578,30.279157],[-97.727578,30.279145]]]},"properties":{"k":"furn","u":"bench","h":0.5}},{"type":"Feature","geometry":{"type":"Polygon","coordinates":[[[-97.72756,30.279091],[-97.727545,30.279091],[-97.727545,30.279103],[-97.72756,30.279103],[-97.72756,30.279091]]]},"properties":{"k":"furn","u":"bench","h":0.5}},{"type":"Feature","geometry":{"type":"Polygon","coordinates":[[[-97.727526,30.279044],[-97.727512,30.279044],[-97.727512,30.279056],[-97.727526,30.279056],[-97.727526,30.279044]]]},"properties":{"k":"furn","u":"bench","h":0.5}},{"type":"Feature","geometry":{"type":"Polygon","coordinates":[[[-97.727486,30.278995],[-97.727472,30.278995],[-97.727472,30.279007],[-97.727486,30.279007],[-97.727486,30.278995]]]},"properties":{"k":"furn","u":"bench","h":0.5}},{"type":"Feature","geometry":{"type":"Polygon","coordinates":[[[-97.733653,30.284862],[-97.733649,30.284862],[-97.733649,30.284865],[-97.733653,30.284865],[-97.733653,30.284862]]]},"properties":{"k":"furn","u":"street_lamp","h":5.0}},{"type":"Feature","geometry":{"type":"Polygon","coordinates":[[[-97.733567,30.284937],[-97.733564,30.284937],[-97.733564,30.28494],[-97.733567,30.28494],[-97.733567,30.284937]]]},"properties":{"k":"furn","u":"street_lamp","h":5.0}},{"type":"Feature","geometry":{"type":"Polygon","coordinates":[[[-97.733464,30.285012],[-97.73346,30.285012],[-97.73346,30.285016],[-97.733464,30.285016],[-97.733464,30.285012]]]},"properties":{"k":"furn","u":"street_lamp","h":5.0}},{"type":"Feature","geometry":{"type":"Polygon","coordinates":[[[-97.733364,30.285071],[-97.73336,30.285071],[-97.73336,30.285075],[-97.733364,30.285075],[-97.733364,30.285071]]]},"properties":{"k":"furn","u":"street_lamp","h":5.0}},{"type":"Feature","geometry":{"type":"Polygon","coordinates":[[[-97.733248,30.285064],[-97.733245,30.285064],[-97.733245,30.285068],[-97.733248,30.285068],[-97.733248,30.285064]]]},"properties":{"k":"furn","u":"street_lamp","h":5.0}},{"type":"Feature","geometry":{"type":"Polygon","coordinates":[[[-97.731609,30.282375],[-97.731594,30.282375],[-97.731594,30.282387],[-97.731609,30.282387],[-97.731609,30.282375]]]},"properties":{"k":"furn","u":"bench","h":0.5}},{"type":"Feature","geometry":{"type":"Polygon","coordinates":[[[-97.731627,30.282395],[-97.731612,30.282395],[-97.731612,30.282407],[-97.731627,30.282407],[-97.731627,30.282395]]]},"properties":{"k":"furn","u":"bench","h":0.5}},{"type":"Feature","geometry":{"type":"Polygon","coordinates":[[[-97.733666,30.282909],[-97.733663,30.282909],[-97.733663,30.282912],[-97.733666,30.282912],[-97.733666,30.282909]]]},"properties":{"k":"furn","u":"street_lamp","h":5.0}},{"type":"Feature","geometry":{"type":"Polygon","coordinates":[[[-97.733574,30.282804],[-97.73357,30.282804],[-97.73357,30.282807],[-97.733574,30.282807],[-97.733574,30.282804]]]},"properties":{"k":"furn","u":"street_lamp","h":5.0}},{"type":"Feature","geometry":{"type":"Polygon","coordinates":[[[-97.733248,30.281915],[-97.733244,30.281915],[-97.733244,30.281918],[-97.733248,30.281918],[-97.733248,30.281915]]]},"properties":{"k":"furn","u":"street_lamp","h":5.0}},{"type":"Feature","geometry":{"type":"Polygon","coordinates":[[[-97.733434,30.282368],[-97.73343,30.282368],[-97.73343,30.282371],[-97.733434,30.282371],[-97.733434,30.282368]]]},"properties":{"k":"furn","u":"street_lamp","h":5.0}},{"type":"Feature","geometry":{"type":"Polygon","coordinates":[[[-97.733526,30.282634],[-97.733522,30.282634],[-97.733522,30.282638],[-97.733526,30.282638],[-97.733526,30.282634]]]},"properties":{"k":"furn","u":"street_lamp","h":5.0}},{"type":"Feature","geometry":{"type":"Polygon","coordinates":[[[-97.733402,30.28267],[-97.733399,30.28267],[-97.733399,30.282674],[-97.733402,30.282674],[-97.733402,30.28267]]]},"properties":{"k":"furn","u":"street_lamp","h":5.0}},{"type":"Feature","geometry":{"type":"Polygon","coordinates":[[[-97.733395,30.282477],[-97.733392,30.282477],[-97.733392,30.28248],[-97.733395,30.28248],[-97.733395,30.282477]]]},"properties":{"k":"furn","u":"street_lamp","h":5.0}},{"type":"Feature","geometry":{"type":"Polygon","coordinates":[[[-97.733327,30.282554],[-97.733323,30.282554],[-97.733323,30.282558],[-97.733327,30.282558],[-97.733327,30.282554]]]},"properties":{"k":"furn","u":"street_lamp","h":5.0}},{"type":"Feature","geometry":{"type":"Polygon","coordinates":[[[-97.733291,30.282414],[-97.733287,30.282414],[-97.733287,30.282418],[-97.733291,30.282418],[-97.733291,30.282414]]]},"properties":{"k":"furn","u":"street_lamp","h":5.0}},{"type":"Feature","geometry":{"type":"Polygon","coordinates":[[[-97.733293,30.282252],[-97.733289,30.282252],[-97.733289,30.282255],[-97.733293,30.282255],[-97.733293,30.282252]]]},"properties":{"k":"furn","u":"street_lamp","h":5.0}},{"type":"Feature","geometry":{"type":"Polygon","coordinates":[[[-97.733696,30.284797],[-97.733692,30.284797],[-97.733692,30.284801],[-97.733696,30.284801],[-97.733696,30.284797]]]},"properties":{"k":"furn","u":"street_lamp","h":5.0}},{"type":"Feature","geometry":{"type":"Polygon","coordinates":[[[-97.733661,30.285081],[-97.733657,30.285081],[-97.733657,30.285085],[-97.733661,30.285085],[-97.733661,30.285081]]]},"properties":{"k":"furn","u":"street_lamp","h":5.0}},{"type":"Feature","geometry":{"type":"Polygon","coordinates":[[[-97.733568,30.285118],[-97.733565,30.285118],[-97.733565,30.285121],[-97.733568,30.285121],[-97.733568,30.285118]]]},"properties":{"k":"furn","u":"street_lamp","h":5.0}},{"type":"Feature","geometry":{"type":"Polygon","coordinates":[[[-97.731279,30.284846],[-97.731275,30.284846],[-97.731275,30.284849],[-97.731279,30.284849],[-97.731279,30.284846]]]},"properties":{"k":"furn","u":"street_lamp","h":5.0}},{"type":"Feature","geometry":{"type":"Polygon","coordinates":[[[-97.73127,30.284927],[-97.731266,30.284927],[-97.731266,30.28493],[-97.73127,30.28493],[-97.73127,30.284927]]]},"properties":{"k":"furn","u":"street_lamp","h":5.0}},{"type":"Feature","geometry":{"type":"Polygon","coordinates":[[[-97.731387,30.284936],[-97.731383,30.284936],[-97.731383,30.284939],[-97.731387,30.284939],[-97.731387,30.284936]]]},"properties":{"k":"furn","u":"street_lamp","h":5.0}},{"type":"Feature","geometry":{"type":"Polygon","coordinates":[[[-97.731393,30.284852],[-97.731389,30.284852],[-97.731389,30.284856],[-97.731393,30.284856],[-97.731393,30.284852]]]},"properties":{"k":"furn","u":"street_lamp","h":5.0}},{"type":"Feature","geometry":{"type":"Polygon","coordinates":[[[-97.731178,30.283845],[-97.731174,30.283845],[-97.731174,30.283849],[-97.731178,30.283849],[-97.731178,30.283845]]]},"properties":{"k":"furn","u":"street_lamp","h":5.0}},{"type":"Feature","geometry":{"type":"Polygon","coordinates":[[[-97.73102,30.284246],[-97.731017,30.284246],[-97.731017,30.28425],[-97.73102,30.28425],[-97.73102,30.284246]]]},"properties":{"k":"furn","u":"street_lamp","h":5.0}},{"type":"Feature","geometry":{"type":"Polygon","coordinates":[[[-97.730956,30.284457],[-97.730953,30.284457],[-97.730953,30.28446],[-97.730956,30.28446],[-97.730956,30.284457]]]},"properties":{"k":"furn","u":"street_lamp","h":5.0}},{"type":"Feature","geometry":{"type":"Polygon","coordinates":[[[-97.730959,30.284868],[-97.730956,30.284868],[-97.730956,30.284871],[-97.730959,30.284871],[-97.730959,30.284868]]]},"properties":{"k":"furn","u":"street_lamp","h":5.0}},{"type":"Feature","geometry":{"type":"Polygon","coordinates":[[[-97.731497,30.282605],[-97.731494,30.282605],[-97.731494,30.282609],[-97.731497,30.282609],[-97.731497,30.282605]]]},"properties":{"k":"furn","u":"street_lamp","h":5.0}},{"type":"Feature","geometry":{"type":"Polygon","coordinates":[[[-97.731456,30.282742],[-97.731452,30.282742],[-97.731452,30.282745],[-97.731456,30.282745],[-97.731456,30.282742]]]},"properties":{"k":"furn","u":"street_lamp","h":5.0}},{"type":"Feature","geometry":{"type":"Polygon","coordinates":[[[-97.731412,30.282901],[-97.731408,30.282901],[-97.731408,30.282905],[-97.731412,30.282905],[-97.731412,30.282901]]]},"properties":{"k":"furn","u":"street_lamp","h":5.0}},{"type":"Feature","geometry":{"type":"Polygon","coordinates":[[[-97.731364,30.283056],[-97.73136,30.283056],[-97.73136,30.283059],[-97.731364,30.283059],[-97.731364,30.283056]]]},"properties":{"k":"furn","u":"street_lamp","h":5.0}},{"type":"Feature","geometry":{"type":"Polygon","coordinates":[[[-97.73131,30.283233],[-97.731306,30.283233],[-97.731306,30.283236],[-97.73131,30.283236],[-97.73131,30.283233]]]},"properties":{"k":"furn","u":"street_lamp","h":5.0}},{"type":"Feature","geometry":{"type":"Polygon","coordinates":[[[-97.731235,30.283483],[-97.731231,30.283483],[-97.731231,30.283486],[-97.731235,30.283486],[-97.731235,30.283483]]]},"properties":{"k":"furn","u":"street_lamp","h":5.0}},{"type":"Feature","geometry":{"type":"Polygon","coordinates":[[[-97.730712,30.28374],[-97.730708,30.28374],[-97.730708,30.283743],[-97.730712,30.283743],[-97.730712,30.28374]]]},"properties":{"k":"furn","u":"street_lamp","h":5.0}},{"type":"Feature","geometry":{"type":"Polygon","coordinates":[[[-97.730999,30.283637],[-97.730995,30.283637],[-97.730995,30.28364],[-97.730999,30.28364],[-97.730999,30.283637]]]},"properties":{"k":"furn","u":"street_lamp","h":5.0}},{"type":"Feature","geometry":{"type":"Polygon","coordinates":[[[-97.731056,30.283456],[-97.731052,30.283456],[-97.731052,30.28346],[-97.731056,30.28346],[-97.731056,30.283456]]]},"properties":{"k":"furn","u":"street_lamp","h":5.0}},{"type":"Feature","geometry":{"type":"Polygon","coordinates":[[[-97.731113,30.283259],[-97.73111,30.283259],[-97.73111,30.283263],[-97.731113,30.283263],[-97.731113,30.283259]]]},"properties":{"k":"furn","u":"street_lamp","h":5.0}},{"type":"Feature","geometry":{"type":"Polygon","coordinates":[[[-97.731156,30.283105],[-97.731152,30.283105],[-97.731152,30.283108],[-97.731156,30.283108],[-97.731156,30.283105]]]},"properties":{"k":"furn","u":"street_lamp","h":5.0}},{"type":"Feature","geometry":{"type":"Polygon","coordinates":[[[-97.731208,30.282944],[-97.731205,30.282944],[-97.731205,30.282947],[-97.731208,30.282947],[-97.731208,30.282944]]]},"properties":{"k":"furn","u":"street_lamp","h":5.0}},{"type":"Feature","geometry":{"type":"Polygon","coordinates":[[[-97.731269,30.282745],[-97.731265,30.282745],[-97.731265,30.282749],[-97.731269,30.282749],[-97.731269,30.282745]]]},"properties":{"k":"furn","u":"street_lamp","h":5.0}},{"type":"Feature","geometry":{"type":"Polygon","coordinates":[[[-97.731311,30.282604],[-97.731308,30.282604],[-97.731308,30.282607],[-97.731311,30.282607],[-97.731311,30.282604]]]},"properties":{"k":"furn","u":"street_lamp","h":5.0}},{"type":"Feature","geometry":{"type":"Polygon","coordinates":[[[-97.731558,30.282415],[-97.731554,30.282415],[-97.731554,30.282419],[-97.731558,30.282419],[-97.731558,30.282415]]]},"properties":{"k":"furn","u":"street_lamp","h":5.0}},{"type":"Feature","geometry":{"type":"Polygon","coordinates":[[[-97.731736,30.282027],[-97.731732,30.282027],[-97.731732,30.28203],[-97.731736,30.28203],[-97.731736,30.282027]]]},"properties":{"k":"furn","u":"street_lamp","h":5.0}},{"type":"Feature","geometry":{"type":"Polygon","coordinates":[[[-97.731741,30.282395],[-97.731737,30.282395],[-97.731737,30.282398],[-97.731741,30.282398],[-97.731741,30.282395]]]},"properties":{"k":"furn","u":"street_lamp","h":5.0}},{"type":"Feature","geometry":{"type":"Polygon","coordinates":[[[-97.731824,30.282435],[-97.73182,30.282435],[-97.73182,30.282438],[-97.731824,30.282438],[-97.731824,30.282435]]]},"properties":{"k":"furn","u":"street_lamp","h":5.0}},{"type":"Feature","geometry":{"type":"Polygon","coordinates":[[[-97.73193,30.282445],[-97.731926,30.282445],[-97.731926,30.282448],[-97.73193,30.282448],[-97.73193,30.282445]]]},"properties":{"k":"furn","u":"street_lamp","h":5.0}},{"type":"Feature","geometry":{"type":"Polygon","coordinates":[[[-97.732025,30.282442],[-97.732022,30.282442],[-97.732022,30.282445],[-97.732025,30.282445],[-97.732025,30.282442]]]},"properties":{"k":"furn","u":"street_lamp","h":5.0}},{"type":"Feature","geometry":{"type":"Polygon","coordinates":[[[-97.730916,30.28478],[-97.730901,30.28478],[-97.730901,30.284792],[-97.730916,30.284792],[-97.730916,30.28478]]]},"properties":{"k":"furn","u":"bench","h":0.5}},{"type":"Feature","geometry":{"type":"Polygon","coordinates":[[[-97.748772,30.277862],[-97.748751,30.277862],[-97.748751,30.27788],[-97.748772,30.27788],[-97.748772,30.277862]]]},"properties":{"k":"furn","u":"bicycle_parking","h":0.9}},{"type":"Feature","geometry":{"type":"Polygon","coordinates":[[[-97.730046,30.28833],[-97.730025,30.28833],[-97.730025,30.288348],[-97.730046,30.288348],[-97.730046,30.28833]]]},"properties":{"k":"furn","u":"bicycle_parking","h":0.9}},{"type":"Feature","geometry":{"type":"Polygon","coordinates":[[[-97.733319,30.288595],[-97.733298,30.288595],[-97.733298,30.288613],[-97.733319,30.288613],[-97.733319,30.288595]]]},"properties":{"k":"furn","u":"bicycle_parking","h":0.9}},{"type":"Feature","geometry":{"type":"Polygon","coordinates":[[[-97.731432,30.288931],[-97.731411,30.288931],[-97.731411,30.288949],[-97.731432,30.288949],[-97.731432,30.288931]]]},"properties":{"k":"furn","u":"bicycle_parking","h":0.9}},{"type":"Feature","geometry":{"type":"Polygon","coordinates":[[[-97.730524,30.288777],[-97.730503,30.288777],[-97.730503,30.288795],[-97.730524,30.288795],[-97.730524,30.288777]]]},"properties":{"k":"furn","u":"bicycle_parking","h":0.9}},{"type":"Feature","geometry":{"type":"Polygon","coordinates":[[[-97.739733,30.284944],[-97.739726,30.284944],[-97.739726,30.28495],[-97.739733,30.28495],[-97.739733,30.284944]]]},"properties":{"k":"furn","u":"waste_basket","h":0.9}},{"type":"Feature","geometry":{"type":"Polygon","coordinates":[[[-97.736149,30.279275],[-97.736128,30.279275],[-97.736128,30.279293],[-97.736149,30.279293],[-97.736149,30.279275]]]},"properties":{"k":"furn","u":"bicycle_parking","h":0.9}},{"type":"Feature","geometry":{"type":"Polygon","coordinates":[[[-97.734424,30.279262],[-97.734403,30.279262],[-97.734403,30.27928],[-97.734424,30.27928],[-97.734424,30.279262]]]},"properties":{"k":"furn","u":"bicycle_parking","h":0.9}},{"type":"Feature","geometry":{"type":"Polygon","coordinates":[[[-97.739252,30.285151],[-97.739245,30.285151],[-97.739245,30.285157],[-97.739252,30.285157],[-97.739252,30.285151]]]},"properties":{"k":"furn","u":"waste_basket","h":0.9}},{"type":"Feature","geometry":{"type":"Polygon","coordinates":[[[-97.730088,30.283779],[-97.730073,30.283779],[-97.730073,30.283792],[-97.730088,30.283792],[-97.730088,30.283779]]]},"properties":{"k":"furn","u":"bench","h":0.5}},{"type":"Feature","geometry":{"type":"Polygon","coordinates":[[[-97.730125,30.283781],[-97.730111,30.283781],[-97.730111,30.283794],[-97.730125,30.283794],[-97.730125,30.283781]]]},"properties":{"k":"furn","u":"bench","h":0.5}},{"type":"Feature","geometry":{"type":"Polygon","coordinates":[[[-97.729886,30.281192],[-97.729879,30.281192],[-97.729879,30.281199],[-97.729886,30.281199],[-97.729886,30.281192]]]},"properties":{"k":"furn","u":"waste_basket","h":0.9}},{"type":"Feature","geometry":{"type":"Polygon","coordinates":[[[-97.739019,30.282108],[-97.738998,30.282108],[-97.738998,30.282126],[-97.739019,30.282126],[-97.739019,30.282108]]]},"properties":{"k":"furn","u":"bicycle_parking","h":0.9}},{"type":"Feature","geometry":{"type":"Polygon","coordinates":[[[-97.74204,30.279453],[-97.742019,30.279453],[-97.742019,30.279471],[-97.74204,30.279471],[-97.74204,30.279453]]]},"properties":{"k":"cons","name":"The Linden","h":12.0}},{"type":"Feature","geometry":{"type":"Polygon","coordinates":[[[-97.741042,30.277983],[-97.741022,30.277983],[-97.741022,30.278001],[-97.741042,30.278001],[-97.741042,30.277983]]]},"properties":{"k":"cons","name":"1500 Lavaca","h":12.0}},{"type":"Feature","geometry":{"type":"Polygon","coordinates":[[[-97.742762,30.276489],[-97.742741,30.276489],[-97.742741,30.276507],[-97.742762,30.276507],[-97.742762,30.276489]]]},"properties":{"k":"cons","name":"","h":12.0}},{"type":"Feature","geometry":{"type":"Polygon","coordinates":[[[-97.747122,30.277822],[-97.747101,30.277822],[-97.747101,30.27784],[-97.747122,30.27784],[-97.747122,30.277822]]]},"properties":{"k":"cons","name":"Ashram","h":12.0}},{"type":"Feature","geometry":{"type":"Polygon","coordinates":[[[-97.74225,30.28413],[-97.742229,30.28413],[-97.742229,30.284148],[-97.74225,30.284148],[-97.74225,30.28413]]]},"properties":{"k":"cons","name":"","h":12.0}},{"type":"Feature","geometry":{"type":"Polygon","coordinates":[[[-97.729068,30.288976],[-97.729047,30.288976],[-97.729047,30.288994],[-97.729068,30.288994],[-97.729068,30.288976]]]},"properties":{"k":"cons","name":"","h":12.0}},{"type":"Feature","geometry":{"type":"Polygon","coordinates":[[[-97.740237,30.283128],[-97.740217,30.283128],[-97.740217,30.283146],[-97.740237,30.283146],[-97.740237,30.283128]]]},"properties":{"k":"cons","name":"Miriam and James J. Mulva Hall","h":12.0}},{"type":"Feature","geometry":{"type":"Polygon","coordinates":[[[-97.744409,30.287643],[-97.744388,30.287643],[-97.744388,30.287661],[-97.744409,30.287661],[-97.744409,30.287643]]]},"properties":{"k":"cons","name":"Villas on 24th","h":12.0}},{"type":"Feature","geometry":{"type":"Polygon","coordinates":[[[-97.74309,30.292852],[-97.743069,30.292852],[-97.743069,30.29287],[-97.74309,30.29287],[-97.74309,30.292852]]]},"properties":{"k":"cons","name":"","h":12.0}},{"type":"Feature","geometry":{"type":"Polygon","coordinates":[[[-97.74432,30.278598],[-97.744299,30.278598],[-97.744299,30.278616],[-97.74432,30.278616],[-97.74432,30.278598]]]},"properties":{"k":"cons","name":"","h":12.0}},{"type":"Feature","geometry":{"type":"Polygon","coordinates":[[[-97.734434,30.287911],[-97.734413,30.287911],[-97.734413,30.287929],[-97.734434,30.287929],[-97.734434,30.287911]]]},"properties":{"k":"cons","name":"102-1347 Engineering Discovery Building","h":12.0}},{"type":"Feature","geometry":{"type":"Polygon","coordinates":[[[-97.732807,30.280684],[-97.732787,30.280684],[-97.732787,30.280702],[-97.732807,30.280702],[-97.732807,30.280684]]]},"properties":{"k":"cons","name":"102-1471: Football Training Complex","h":12.0}},{"type":"Feature","geometry":{"type":"Polygon","coordinates":[[[-97.740784,30.290931],[-97.740763,30.290931],[-97.740763,30.290949],[-97.740784,30.290949],[-97.740784,30.290931]]]},"properties":{"k":"cons","name":"CP1003754: Whitis Court Residence Halls","h":12.0}},{"type":"Feature","geometry":{"type":"Polygon","coordinates":[[[-97.740186,30.27754],[-97.740165,30.27754],[-97.740165,30.277558],[-97.740186,30.277558],[-97.740186,30.27754]]]},"properties":{"k":"cons","name":"","h":12.0}},{"type":"Feature","geometry":{"type":"Polygon","coordinates":[[[-97.735184,30.28746],[-97.735163,30.28746],[-97.735163,30.287478],[-97.735184,30.287478],[-97.735184,30.28746]]]},"properties":{"k":"cons","name":"","h":12.0}},{"type":"Feature","geometry":{"type":"Polygon","coordinates":[[[-97.73479,30.287609],[-97.734769,30.287609],[-97.734769,30.287627],[-97.73479,30.287627],[-97.73479,30.287609]]]},"properties":{"k":"cons","name":"Engineering Discovery Building","h":12.0}},{"type":"Feature","geometry":{"type":"Polygon","coordinates":[[[-97.734503,30.285288],[-97.734483,30.285288],[-97.734483,30.285306],[-97.734503,30.285306],[-97.734503,30.285288]]]},"properties":{"k":"cons","name":"East Mall Improvements","h":12.0}}]}