{"type":"FeatureCollection","features":[{"type":"Feature","properties":{"kind":"trunk","h":2.5,"base":0},"geometry":{"type":"Polygon","coordinates":[[[-97.7389893,30.2760389],[-97.7389769,30.2760389],[-97.7389769,30.2760497],[-97.7389893,30.2760497],[-97.7389893,30.2760389]]]}},{"type":"Feature","properties":{"kind":"canopy","h":8.12,"base":2.2,"leaf":"broadleaved"},"geometry":{"type":"Polygon","coordinates":[[[-97.7389446,30.2760581],[-97.7389672,30.2760775],[-97.738999,30.2760775],[-97.7390216,30.2760581],[-97.7390216,30.2760305],[-97.738999,30.2760111],[-97.7389672,30.2760111],[-97.7389446,30.2760305],[-97.7389446,30.2760581]]]}},{"type":"Feature","properties":{"kind":"trunk","h":2.5,"base":0},"geometry":{"type":"Polygon","coordinates":[[[-97.7394701,30.276311],[-97.7394577,30.276311],[-97.7394577,30.2763218],[-97.7394701,30.2763218],[-97.7394701,30.276311]]]}},{"type":"Feature","properties":{"kind":"canopy","h":7.38,"base":2.2,"leaf":"broadleaved"},"geometry":{"type":"Polygon","coordinates":[[[-97.7394274,30.2763295],[-97.7394488,30.2763479],[-97.739479,30.2763479],[-97.7395004,30.2763295],[-97.7395004,30.2763033],[-97.739479,30.2762849],[-97.7394488,30.2762849],[-97.7394274,30.2763033],[-97.7394274,30.2763295]]]}},{"type":"Feature","properties":{"kind":"trunk","h":2.5,"base":0},"geometry":{"type":"Polygon","coordinates":[[[-97.7394714,30.2765276],[-97.739459,30.2765276],[-97.739459,30.2765384],[-97.7394714,30.2765384],[-97.7394714,30.2765276]]]}},{"type":"Feature","properties":{"kind":"canopy","h":7.91,"base":2.2,"leaf":"broadleaved"},"geometry":{"type":"Polygon","coordinates":[[[-97.7394284,30.2765462],[-97.73945,30.2765648],[-97.7394804,30.2765648],[-97.739502,30.2765462],[-97.739502,30.2765198],[-97.7394804,30.2765012],[-97.73945,30.2765012],[-97.7394284,30.2765198],[-97.7394284,30.2765462]]]}},{"type":"Feature","properties":{"kind":"trunk","h":2.5,"base":0},"geometry":{"type":"Polygon","coordinates":[[[-97.7387962,30.2764355],[-97.7387838,30.2764355],[-97.7387838,30.2764463],[-97.7387962,30.2764463],[-97.7387962,30.2764355]]]}},{"type":"Feature","properties":{"kind":"canopy","h":8.43,"base":2.2,"leaf":"broadleaved"},"geometry":{"type":"Polygon","coordinates":[[[-97.7387601,30.2764516],[-97.7387776,30.2764667],[-97.7388024,30.2764667],[-97.7388199,30.2764516],[-97.7388199,30.2764302],[-97.7388024,30.2764151],[-97.7387776,30.2764151],[-97.7387601,30.2764302],[-97.7387601,30.2764516]]]}},{"type":"Feature","properties":{"kind":"trunk","h":2.5,"base":0},"geometry":{"type":"Polygon","coordinates":[[[-97.7394962,30.2764818],[-97.7394838,30.2764818],[-97.7394838,30.2764926],[-97.7394962,30.2764926],[-97.7394962,30.2764818]]]}},{"type":"Feature","properties":{"kind":"canopy","h":9.37,"base":2.2,"leaf":"broadleaved"},"geometry":{"type":"Polygon","coordinates":[[[-97.7394548,30.2764998],[-97.7394754,30.2765176],[-97.7395046,30.2765176],[-97.7395252,30.2764998],[-97.7395252,30.2764746],[-97.7395046,30.2764568],[-97.7394754,30.2764568],[-97.7394548,30.2764746],[-97.7394548,30.2764998]]]}},{"type":"Feature","properties":{"kind":"trunk","h":2.5,"base":0},"geometry":{"type":"Polygon","coordinates":[[[-97.7391516,30.2766637],[-97.7391392,30.2766637],[-97.7391392,30.2766745],[-97.7391516,30.2766745],[-97.7391516,30.2766637]]]}},{"type":"Feature","properties":{"kind":"canopy","h":9.27,"base":2.2,"leaf":"broadleaved"},"geometry":{"type":"Polygon","coordinates":[[[-97.7391048,30.2766836],[-97.7391286,30.2767042],[-97.7391622,30.2767042],[-97.739186,30.2766836],[-97.739186,30.2766546],[-97.7391622,30.276634],[-97.7391286,30.276634],[-97.7391048,30.2766546],[-97.7391048,30.2766836]]]}},{"type":"Feature","properties":{"kind":"trunk","h":2.5,"base":0},"geometry":{"type":"Polygon","coordinates":[[[-97.7395485,30.2763319],[-97.7395361,30.2763319],[-97.7395361,30.2763427],[-97.7395485,30.2763427],[-97.7395485,30.2763319]]]}},{"type":"Feature","properties":{"kind":"canopy","h":8.89,"base":2.2,"leaf":"broadleaved"},"geometry":{"type":"Polygon","coordinates":[[[-97.7395051,30.2763506],[-97.7395269,30.2763695],[-97.7395577,30.2763695],[-97.7395795,30.2763506],[-97.7395795,30.276324],[-97.7395577,30.2763051],[-97.7395269,30.2763051],[-97.7395051,30.276324],[-97.7395051,30.2763506]]]}},{"type":"Feature","properties":{"kind":"trunk","h":2.5,"base":0},"geometry":{"type":"Polygon","coordinates":[[[-97.7394339,30.27671],[-97.7394215,30.27671],[-97.7394215,30.2767208],[-97.7394339,30.2767208],[-97.7394339,30.27671]]]}},{"type":"Feature","properties":{"kind":"canopy","h":8.16,"base":2.2,"leaf":"broadleaved"},"geometry":{"type":"Polygon","coordinates":[[[-97.7393945,30.2767273],[-97.7394139,30.2767441],[-97.7394415,30.2767441],[-97.7394609,30.2767273],[-97.7394609,30.2767035],[-97.7394415,30.2766867],[-97.7394139,30.2766867],[-97.7393945,30.2767035],[-97.7393945,30.2767273]]]}},{"type":"Feature","properties":{"kind":"trunk","h":2.5,"base":0},"geometry":{"type":"Polygon","coordinates":[[[-97.7391314,30.2765241],[-97.739119,30.2765241],[-97.739119,30.2765349],[-97.7391314,30.2765349],[-97.7391314,30.2765241]]]}},{"type":"Feature","properties":{"kind":"canopy","h":8.57,"base":2.2,"leaf":"broadleaved"},"geometry":{"type":"Polygon","coordinates":[[[-97.7390911,30.2765417],[-97.7391111,30.276559],[-97.7391393,30.276559],[-97.7391593,30.2765417],[-97.7391593,30.2765173],[-97.7391393,30.2765],[-97.7391111,30.2765],[-97.7390911,30.2765173],[-97.7390911,30.2765417]]]}},{"type":"Feature","properties":{"kind":"trunk","h":2.5,"base":0},"geometry":{"type":"Polygon","coordinates":[[[-97.7395217,30.2763996],[-97.7395093,30.2763996],[-97.7395093,30.2764104],[-97.7395217,30.2764104],[-97.7395217,30.2763996]]]}},{"type":"Feature","properties":{"kind":"canopy","h":9.47,"base":2.2,"leaf":"broadleaved"},"geometry":{"type":"Polygon","coordinates":[[[-97.7394866,30.2764153],[-97.7395035,30.27643],[-97.7395275,30.27643],[-97.7395444,30.2764153],[-97.7395444,30.2763947],[-97.7395275,30.27638],[-97.7395035,30.27638],[-97.7394866,30.2763947],[-97.7394866,30.2764153]]]}},{"type":"Feature","properties":{"kind":"trunk","h":2.5,"base":0},"geometry":{"type":"Polygon","coordinates":[[[-97.7390282,30.2766226],[-97.7390158,30.2766226],[-97.7390158,30.2766334],[-97.7390282,30.2766334],[-97.7390282,30.2766226]]]}},{"type":"Feature","properties":{"kind":"canopy","h":7.08,"base":2.2,"leaf":"broadleaved"},"geometry":{"type":"Polygon","coordinates":[[[-97.7389843,30.2766415],[-97.7390064,30.2766605],[-97.7390376,30.2766605],[-97.7390597,30.2766415],[-97.7390597,30.2766145],[-97.7390376,30.2765955],[-97.7390064,30.2765955],[-97.7389843,30.2766145],[-97.7389843,30.2766415]]]}},{"type":"Feature","properties":{"kind":"trunk","h":2.5,"base":0},"geometry":{"type":"Polygon","coordinates":[[[-97.7386956,30.2765316],[-97.7386832,30.2765316],[-97.7386832,30.2765424],[-97.7386956,30.2765424],[-97.7386956,30.2765316]]]}},{"type":"Feature","properties":{"kind":"canopy","h":8.61,"base":2.2,"leaf":"broadleaved"},"geometry":{"type":"Polygon","coordinates":[[[-97.73866,30.2765475],[-97.7386772,30.2765624],[-97.7387016,30.2765624],[-97.7387188,30.2765475],[-97.7387188,30.2765265],[-97.7387016,30.2765116],[-97.7386772,30.2765116],[-97.73866,30.2765265],[-97.73866,30.2765475]]]}},{"type":"Feature","properties":{"kind":"trunk","h":2.5,"base":0},"geometry":{"type":"Polygon","coordinates":[[[-97.739454,30.2765959],[-97.7394416,30.2765959],[-97.7394416,30.2766067],[-97.739454,30.2766067],[-97.739454,30.2765959]]]}},{"type":"Feature","properties":{"kind":"canopy","h":8.38,"base":2.2,"leaf":"broadleaved"},"geometry":{"type":"Polygon","coordinates":[[[-97.7394082,30.2766155],[-97.7394314,30.2766355],[-97.7394642,30.2766355],[-97.7394874,30.2766155],[-97.7394874,30.2765871],[-97.7394642,30.2765671],[-97.7394314,30.2765671],[-97.7394082,30.2765871],[-97.7394082,30.2766155]]]}},{"type":"Feature","properties":{"kind":"trunk","h":2.5,"base":0},"geometry":{"type":"Polygon","coordinates":[[[-97.7397444,30.2767649],[-97.739732,30.2767649],[-97.739732,30.2767757],[-97.7397444,30.2767757],[-97.7397444,30.2767649]]]}},{"type":"Feature","properties":{"kind":"canopy","h":9.51,"base":2.2,"leaf":"broadleaved"},"geometry":{"type":"Polygon","coordinates":[[[-97.7397087,30.2767808],[-97.739726,30.2767958],[-97.7397504,30.2767958],[-97.7397677,30.2767808],[-97.7397677,30.2767598],[-97.7397504,30.2767448],[-97.739726,30.2767448],[-97.7397087,30.2767598],[-97.7397087,30.2767808]]]}},{"type":"Feature","properties":{"kind":"trunk","h":2.5,"base":0},"geometry":{"type":"Polygon","coordinates":[[[-97.7409393,30.2763908],[-97.7409269,30.2763908],[-97.7409269,30.2764016],[-97.7409393,30.2764016],[-97.7409393,30.2763908]]]}},{"type":"Feature","properties":{"kind":"canopy","h":9.33,"base":2.2,"leaf":"broadleaved"},"geometry":{"type":"Polygon","coordinates":[[[-97.740902,30.2764073],[-97.7409202,30.2764231],[-97.740946,30.2764231],[-97.7409642,30.2764073],[-97.7409642,30.2763851],[-97.740946,30.2763693],[-97.7409202,30.2763693],[-97.740902,30.2763851],[-97.740902,30.2764073]]]}},{"type":"Feature","properties":{"kind":"trunk","h":2.5,"base":0},"geometry":{"type":"Polygon","coordinates":[[[-97.7398584,30.2764974],[-97.739846,30.2764974],[-97.739846,30.2765082],[-97.7398584,30.2765082],[-97.7398584,30.2764974]]]}},{"type":"Feature","properties":{"kind":"canopy","h":8.06,"base":2.2,"leaf":"broadleaved"},"geometry":{"type":"Polygon","coordinates":[[[-97.7398162,30.2765157],[-97.7398373,30.2765339],[-97.7398671,30.2765339],[-97.7398882,30.2765157],[-97.7398882,30.2764899],[-97.7398671,30.2764717],[-97.7398373,30.2764717],[-97.7398162,30.2764899],[-97.7398162,30.2765157]]]}},{"type":"Feature","properties":{"kind":"trunk","h":2.5,"base":0},"geometry":{"type":"Polygon","coordinates":[[[-97.7398986,30.2765924],[-97.7398862,30.2765924],[-97.7398862,30.2766032],[-97.7398986,30.2766032],[-97.7398986,30.2765924]]]}},{"type":"Feature","properties":{"kind":"canopy","h":9.85,"base":2.2,"leaf":"broadleaved"},"geometry":{"type":"Polygon","coordinates":[[[-97.7398614,30.2766089],[-97.7398795,30.2766246],[-97.7399053,30.2766246],[-97.7399234,30.2766089],[-97.7399234,30.2765867],[-97.7399053,30.276571],[-97.7398795,30.276571],[-97.7398614,30.2765867],[-97.7398614,30.2766089]]]}},{"type":"Feature","properties":{"kind":"trunk","h":2.5,"base":0},"geometry":{"type":"Polygon","coordinates":[[[-97.7402017,30.2761002],[-97.7401893,30.2761002],[-97.7401893,30.276111],[-97.7402017,30.276111],[-97.7402017,30.2761002]]]}},{"type":"Feature","properties":{"kind":"canopy","h":9.36,"base":2.2,"leaf":"broadleaved"},"geometry":{"type":"Polygon","coordinates":[[[-97.7401551,30.2761201],[-97.7401788,30.2761405],[-97.7402122,30.2761405],[-97.7402359,30.2761201],[-97.7402359,30.2760911],[-97.7402122,30.2760707],[-97.7401788,30.2760707],[-97.7401551,30.2760911],[-97.7401551,30.2761201]]]}},{"type":"Feature","properties":{"kind":"trunk","h":2.5,"base":0},"geometry":{"type":"Polygon","coordinates":[[[-97.7407891,30.2763561],[-97.7407767,30.2763561],[-97.7407767,30.2763669],[-97.7407891,30.2763669],[-97.7407891,30.2763561]]]}},{"type":"Feature","properties":{"kind":"canopy","h":8.58,"base":2.2,"leaf":"broadleaved"},"geometry":{"type":"Polygon","coordinates":[[[-97.7407469,30.2763744],[-97.740768,30.2763926],[-97.7407978,30.2763926],[-97.7408189,30.2763744],[-97.7408189,30.2763486],[-97.7407978,30.2763304],[-97.740768,30.2763304],[-97.7407469,30.2763486],[-97.7407469,30.2763744]]]}},{"type":"Feature","properties":{"kind":"trunk","h":2.5,"base":0},"geometry":{"type":"Polygon","coordinates":[[[-97.7410077,30.2761639],[-97.7409953,30.2761639],[-97.7409953,30.2761747],[-97.7410077,30.2761747],[-97.7410077,30.2761639]]]}},{"type":"Feature","properties":{"kind":"canopy","h":8.77,"base":2.2,"leaf":"broadleaved"},"geometry":{"type":"Polygon","coordinates":[[[-97.7409642,30.2761826],[-97.7409861,30.2762015],[-97.7410169,30.2762015],[-97.7410388,30.2761826],[-97.7410388,30.276156],[-97.7410169,30.2761371],[-97.7409861,30.2761371],[-97.7409642,30.276156],[-97.7409642,30.2761826]]]}},{"type":"Feature","properties":{"kind":"trunk","h":2.5,"base":0},"geometry":{"type":"Polygon","coordinates":[[[-97.7408951,30.2768263],[-97.7408827,30.2768263],[-97.7408827,30.2768371],[-97.7408951,30.2768371],[-97.7408951,30.2768263]]]}},{"type":"Feature","properties":{"kind":"canopy","h":9.11,"base":2.2,"leaf":"broadleaved"},"geometry":{"type":"Polygon","coordinates":[[[-97.7408463,30.2768469],[-97.7408713,30.2768685],[-97.7409065,30.2768685],[-97.7409315,30.2768469],[-97.7409315,30.2768165],[-97.7409065,30.2767949],[-97.7408713,30.2767949],[-97.7408463,30.2768165],[-97.7408463,30.2768469]]]}},{"type":"Feature","properties":{"kind":"trunk","h":2.5,"base":0},"geometry":{"type":"Polygon","coordinates":[[[-97.7403519,30.2761731],[-97.7403395,30.2761731],[-97.7403395,30.2761839],[-97.7403519,30.2761839],[-97.7403519,30.2761731]]]}},{"type":"Feature","properties":{"kind":"canopy","h":7.08,"base":2.2,"leaf":"broadleaved"},"geometry":{"type":"Polygon","coordinates":[[[-97.7403067,30.2761924],[-97.7403295,30.2762122],[-97.7403619,30.2762122],[-97.7403847,30.2761924],[-97.7403847,30.2761646],[-97.7403619,30.2761448],[-97.7403295,30.2761448],[-97.7403067,30.2761646],[-97.7403067,30.2761924]]]}},{"type":"Feature","properties":{"kind":"trunk","h":2.5,"base":0},"geometry":{"type":"Polygon","coordinates":[[[-97.7410922,30.2761835],[-97.7410798,30.2761835],[-97.7410798,30.2761943],[-97.7410922,30.2761943],[-97.7410922,30.2761835]]]}},{"type":"Feature","properties":{"kind":"canopy","h":7.95,"base":2.2,"leaf":"broadleaved"},"geometry":{"type":"Polygon","coordinates":[[[-97.7410465,30.276203],[-97.7410696,30.276223],[-97.7411024,30.276223],[-97.7411255,30.276203],[-97.7411255,30.2761748],[-97.7411024,30.2761548],[-97.7410696,30.2761548],[-97.7410465,30.2761748],[-97.7410465,30.276203]]]}},{"type":"Feature","properties":{"kind":"trunk","h":2.5,"base":0},"geometry":{"type":"Polygon","coordinates":[[[-97.7398852,30.2766677],[-97.7398728,30.2766677],[-97.7398728,30.2766785],[-97.7398852,30.2766785],[-97.7398852,30.2766677]]]}},{"type":"Feature","properties":{"kind":"canopy","h":8.9,"base":2.2,"leaf":"broadleaved"},"geometry":{"type":"Polygon","coordinates":[[[-97.7398415,30.2766865],[-97.7398635,30.2767055],[-97.7398945,30.2767055],[-97.7399165,30.2766865],[-97.7399165,30.2766597],[-97.7398945,30.2766407],[-97.7398635,30.2766407],[-97.7398415,30.2766597],[-97.7398415,30.2766865]]]}},{"type":"Feature","properties":{"kind":"trunk","h":2.5,"base":0},"geometry":{"type":"Polygon","coordinates":[[[-97.7398329,30.2768008],[-97.7398205,30.2768008],[-97.7398205,30.2768116],[-97.7398329,30.2768116],[-97.7398329,30.2768008]]]}},{"type":"Feature","properties":{"kind":"canopy","h":8.92,"base":2.2,"leaf":"broadleaved"},"geometry":{"type":"Polygon","coordinates":[[[-97.7397857,30.2768209],[-97.7398097,30.2768416],[-97.7398437,30.2768416],[-97.7398677,30.2768209],[-97.7398677,30.2767915],[-97.7398437,30.2767708],[-97.7398097,30.2767708],[-97.7397857,30.2767915],[-97.7397857,30.2768209]]]}},{"type":"Feature","properties":{"kind":"trunk","h":2.5,"base":0},"geometry":{"type":"Polygon","coordinates":[[[-97.7399644,30.2764372],[-97.739952,30.2764372],[-97.739952,30.276448],[-97.7399644,30.276448],[-97.7399644,30.2764372]]]}},{"type":"Feature","properties":{"kind":"canopy","h":8.26,"base":2.2,"leaf":"broadleaved"},"geometry":{"type":"Polygon","coordinates":[[[-97.7399231,30.2764552],[-97.7399436,30.2764729],[-97.7399728,30.2764729],[-97.7399933,30.2764552],[-97.7399933,30.27643],[-97.7399728,30.2764123],[-97.7399436,30.2764123],[-97.7399231,30.27643],[-97.7399231,30.2764552]]]}},{"type":"Feature","properties":{"kind":"trunk","h":2.5,"base":0},"geometry":{"type":"Polygon","coordinates":[[[-97.7410024,30.2765309],[-97.74099,30.2765309],[-97.74099,30.2765417],[-97.7410024,30.2765417],[-97.7410024,30.2765309]]]}},{"type":"Feature","properties":{"kind":"canopy","h":8.87,"base":2.2,"leaf":"broadleaved"},"geometry":{"type":"Polygon","coordinates":[[[-97.7409553,30.2765509],[-97.7409792,30.2765716],[-97.7410132,30.2765716],[-97.7410371,30.2765509],[-97.7410371,30.2765217],[-97.7410132,30.276501],[-97.7409792,30.276501],[-97.7409553,30.2765217],[-97.7409553,30.2765509]]]}},{"type":"Feature","properties":{"kind":"trunk","h":2.5,"base":0},"geometry":{"type":"Polygon","coordinates":[[[-97.7397766,30.276597],[-97.7397642,30.276597],[-97.7397642,30.2766078],[-97.7397766,30.2766078],[-97.7397766,30.276597]]]}},{"type":"Feature","properties":{"kind":"canopy","h":9.21,"base":2.2,"leaf":"broadleaved"},"geometry":{"type":"Polygon","coordinates":[[[-97.7397278,30.2766176],[-97.7397527,30.2766392],[-97.7397881,30.2766392],[-97.739813,30.2766176],[-97.739813,30.2765872],[-97.7397881,30.2765656],[-97.7397527,30.2765656],[-97.7397278,30.2765872],[-97.7397278,30.2766176]]]}},{"type":"Feature","properties":{"kind":"trunk","h":2.5,"base":0},"geometry":{"type":"Polygon","coordinates":[[[-97.740655,30.276333],[-97.7406426,30.276333],[-97.7406426,30.2763438],[-97.740655,30.2763438],[-97.740655,30.276333]]]}},{"type":"Feature","properties":{"kind":"canopy","h":8.85,"base":2.2,"leaf":"broadleaved"},"geometry":{"type":"Polygon","coordinates":[[[-97.7406087,30.2763527],[-97.7406322,30.276373],[-97.7406654,30.276373],[-97.7406889,30.2763527],[-97.7406889,30.2763241],[-97.7406654,30.2763038],[-97.7406322,30.2763038],[-97.7406087,30.2763241],[-97.7406087,30.2763527]]]}},{"type":"Feature","properties":{"kind":"trunk","h":2.5,"base":0},"geometry":{"type":"Polygon","coordinates":[[[-97.7398597,30.2767314],[-97.7398473,30.2767314],[-97.7398473,30.2767422],[-97.7398597,30.2767422],[-97.7398597,30.2767314]]]}},{"type":"Feature","properties":{"kind":"canopy","h":8.04,"base":2.2,"leaf":"broadleaved"},"geometry":{"type":"Polygon","coordinates":[[[-97.7398135,30.2767511],[-97.7398369,30.2767714],[-97.7398701,30.2767714],[-97.7398935,30.2767511],[-97.7398935,30.2767225],[-97.7398701,30.2767022],[-97.7398369,30.2767022],[-97.7398135,30.2767225],[-97.7398135,30.2767511]]]}},{"type":"Feature","properties":{"kind":"trunk","h":2.5,"base":0},"geometry":{"type":"Polygon","coordinates":[[[-97.7408548,30.2764869],[-97.7408424,30.2764869],[-97.7408424,30.2764977],[-97.7408548,30.2764977],[-97.7408548,30.2764869]]]}},{"type":"Feature","properties":{"kind":"canopy","h":8.28,"base":2.2,"leaf":"broadleaved"},"geometry":{"type":"Polygon","coordinates":[[[-97.7408126,30.2765052],[-97.7408337,30.2765234],[-97.7408635,30.2765234],[-97.7408846,30.2765052],[-97.7408846,30.2764794],[-97.7408635,30.2764612],[-97.7408337,30.2764612],[-97.7408126,30.2764794],[-97.7408126,30.2765052]]]}},{"type":"Feature","properties":{"kind":"trunk","h":2.5,"base":0},"geometry":{"type":"Polygon","coordinates":[[[-97.740887,30.276136],[-97.7408746,30.276136],[-97.7408746,30.2761468],[-97.740887,30.2761468],[-97.740887,30.276136]]]}},{"type":"Feature","properties":{"kind":"canopy","h":9.91,"base":2.2,"leaf":"broadleaved"},"geometry":{"type":"Polygon","coordinates":[[[-97.7408423,30.2761552],[-97.7408649,30.2761746],[-97.7408967,30.2761746],[-97.7409193,30.2761552],[-97.7409193,30.2761276],[-97.7408967,30.2761082],[-97.7408649,30.2761082],[-97.7408423,30.2761276],[-97.7408423,30.2761552]]]}},{"type":"Feature","properties":{"kind":"trunk","h":2.5,"base":0},"geometry":{"type":"Polygon","coordinates":[[[-97.7452439,30.2815152],[-97.7452315,30.2815152],[-97.7452315,30.281526],[-97.7452439,30.281526],[-97.7452439,30.2815152]]]}},{"type":"Feature","properties":{"kind":"canopy","h":7.95,"base":2.2,"leaf":"broadleaved"},"geometry":{"type":"Polygon","coordinates":[[[-97.7452028,30.2815331],[-97.7452233,30.2815507],[-97.7452521,30.2815507],[-97.7452726,30.2815331],[-97.7452726,30.2815081],[-97.7452521,30.2814905],[-97.7452233,30.2814905],[-97.7452028,30.2815081],[-97.7452028,30.2815331]]]}},{"type":"Feature","properties":{"kind":"trunk","h":2.5,"base":0},"geometry":{"type":"Polygon","coordinates":[[[-97.7410788,30.2771524],[-97.7410664,30.2771524],[-97.7410664,30.2771632],[-97.7410788,30.2771632],[-97.7410788,30.2771524]]]}},{"type":"Feature","properties":{"kind":"canopy","h":8.45,"base":2.2,"leaf":"broadleaved"},"geometry":{"type":"Polygon","coordinates":[[[-97.7410413,30.277169],[-97.7410597,30.2771848],[-97.7410855,30.2771848],[-97.7411039,30.277169],[-97.7411039,30.2771466],[-97.7410855,30.2771308],[-97.7410597,30.2771308],[-97.7410413,30.2771466],[-97.7410413,30.277169]]]}},{"type":"Feature","properties":{"kind":"trunk","h":2.5,"base":0},"geometry":{"type":"Polygon","coordinates":[[[-97.741104,30.2770857],[-97.7410916,30.2770857],[-97.7410916,30.2770965],[-97.741104,30.2770965],[-97.741104,30.2770857]]]}},{"type":"Feature","properties":{"kind":"canopy","h":7.81,"base":2.2,"leaf":"broadleaved"},"geometry":{"type":"Polygon","coordinates":[[[-97.741059,30.277105],[-97.7410817,30.2771246],[-97.7411139,30.2771246],[-97.7411366,30.277105],[-97.7411366,30.2770772],[-97.7411139,30.2770576],[-97.7410817,30.2770576],[-97.741059,30.2770772],[-97.741059,30.277105]]]}},{"type":"Feature","properties":{"kind":"trunk","h":2.5,"base":0},"geometry":{"type":"Polygon","coordinates":[[[-97.7411273,30.2770208],[-97.7411149,30.2770208],[-97.7411149,30.2770316],[-97.7411273,30.2770316],[-97.7411273,30.2770208]]]}},{"type":"Feature","properties":{"kind":"canopy","h":8.71,"base":2.2,"leaf":"broadleaved"},"geometry":{"type":"Polygon","coordinates":[[[-97.7410799,30.2770409],[-97.741104,30.2770618],[-97.7411382,30.2770618],[-97.7411623,30.2770409],[-97.7411623,30.2770115],[-97.7411382,30.2769906],[-97.741104,30.2769906],[-97.7410799,30.2770115],[-97.7410799,30.2770409]]]}},{"type":"Feature","properties":{"kind":"trunk","h":2.5,"base":0},"geometry":{"type":"Polygon","coordinates":[[[-97.7411511,30.2769588],[-97.7411387,30.2769588],[-97.7411387,30.2769696],[-97.7411511,30.2769696],[-97.7411511,30.2769588]]]}},{"type":"Feature","properties":{"kind":"canopy","h":9.3,"base":2.2,"leaf":"broadleaved"},"geometry":{"type":"Polygon","coordinates":[[[-97.7411147,30.276975],[-97.7411324,30.2769902],[-97.7411574,30.2769902],[-97.7411751,30.276975],[-97.7411751,30.2769534],[-97.7411574,30.2769382],[-97.7411324,30.2769382],[-97.7411147,30.2769534],[-97.7411147,30.276975]]]}},{"type":"Feature","properties":{"kind":"trunk","h":2.5,"base":0},"geometry":{"type":"Polygon","coordinates":[[[-97.7412759,30.2766296],[-97.7412635,30.2766296],[-97.7412635,30.2766404],[-97.7412759,30.2766404],[-97.7412759,30.2766296]]]}},{"type":"Feature","properties":{"kind":"canopy","h":9.08,"base":2.2,"leaf":"broadleaved"},"geometry":{"type":"Polygon","coordinates":[[[-97.7412315,30.2766487],[-97.7412539,30.276668],[-97.7412855,30.276668],[-97.7413079,30.2766487],[-97.7413079,30.2766213],[-97.7412855,30.276602],[-97.7412539,30.276602],[-97.7412315,30.2766213],[-97.7412315,30.2766487]]]}},{"type":"Feature","properties":{"kind":"trunk","h":2.5,"base":0},"geometry":{"type":"Polygon","coordinates":[[[-97.741299,30.2765715],[-97.7412866,30.2765715],[-97.7412866,30.2765823],[-97.741299,30.2765823],[-97.741299,30.2765715]]]}},{"type":"Feature","properties":{"kind":"canopy","h":9.12,"base":2.2,"leaf":"broadleaved"},"geometry":{"type":"Polygon","coordinates":[[[-97.7412556,30.2765902],[-97.7412774,30.276609],[-97.7413082,30.276609],[-97.74133,30.2765902],[-97.74133,30.2765636],[-97.7413082,30.2765448],[-97.7412774,30.2765448],[-97.7412556,30.2765636],[-97.7412556,30.2765902]]]}},{"type":"Feature","properties":{"kind":"trunk","h":2.5,"base":0},"geometry":{"type":"Polygon","coordinates":[[[-97.741323,30.2765104],[-97.7413106,30.2765104],[-97.7413106,30.2765212],[-97.741323,30.2765212],[-97.741323,30.2765104]]]}},{"type":"Feature","properties":{"kind":"canopy","h":8.6,"base":2.2,"leaf":"broadleaved"},"geometry":{"type":"Polygon","coordinates":[[[-97.7412879,30.2765261],[-97.7413048,30.2765407],[-97.7413288,30.2765407],[-97.7413457,30.2765261],[-97.7413457,30.2765055],[-97.7413288,30.2764909],[-97.7413048,30.2764909],[-97.7412879,30.2765055],[-97.7412879,30.2765261]]]}},{"type":"Feature","properties":{"kind":"trunk","h":2.5,"base":0},"geometry":{"type":"Polygon","coordinates":[[[-97.7415366,30.2765728],[-97.7415242,30.2765728],[-97.7415242,30.2765836],[-97.7415366,30.2765836],[-97.7415366,30.2765728]]]}},{"type":"Feature","properties":{"kind":"canopy","h":8.32,"base":2.2,"leaf":"broadleaved"},"geometry":{"type":"Polygon","coordinates":[[[-97.7414996,30.2765892],[-97.7415176,30.2766048],[-97.7415432,30.2766048],[-97.7415612,30.2765892],[-97.7415612,30.2765672],[-97.7415432,30.2765516],[-97.7415176,30.2765516],[-97.7414996,30.2765672],[-97.7414996,30.2765892]]]}},{"type":"Feature","properties":{"kind":"trunk","h":2.5,"base":0},"geometry":{"type":"Polygon","coordinates":[[[-97.7416693,30.2766082],[-97.7416569,30.2766082],[-97.7416569,30.276619],[-97.7416693,30.276619],[-97.7416693,30.2766082]]]}},{"type":"Feature","properties":{"kind":"canopy","h":7.45,"base":2.2,"leaf":"broadleaved"},"geometry":{"type":"Polygon","coordinates":[[[-97.7416203,30.2766289],[-97.7416454,30.2766505],[-97.7416808,30.2766505],[-97.7417059,30.2766289],[-97.7417059,30.2765983],[-97.7416808,30.2765767],[-97.7416454,30.2765767],[-97.7416203,30.2765983],[-97.7416203,30.2766289]]]}},{"type":"Feature","properties":{"kind":"trunk","h":2.5,"base":0},"geometry":{"type":"Polygon","coordinates":[[[-97.7416448,30.2766687],[-97.7416324,30.2766687],[-97.7416324,30.2766795],[-97.7416448,30.2766795],[-97.7416448,30.2766687]]]}},{"type":"Feature","properties":{"kind":"canopy","h":7.2,"base":2.2,"leaf":"broadleaved"},"geometry":{"type":"Polygon","coordinates":[[[-97.7416029,30.2766869],[-97.7416238,30.2767049],[-97.7416534,30.2767049],[-97.7416743,30.2766869],[-97.7416743,30.2766613],[-97.7416534,30.2766433],[-97.7416238,30.2766433],[-97.7416029,30.2766613],[-97.7416029,30.2766869]]]}},{"type":"Feature","properties":{"kind":"trunk","h":2.5,"base":0},"geometry":{"type":"Polygon","coordinates":[[[-97.7416223,30.2767293],[-97.7416099,30.2767293],[-97.7416099,30.2767401],[-97.7416223,30.2767401],[-97.7416223,30.2767293]]]}},{"type":"Feature","properties":{"kind":"canopy","h":9.07,"base":2.2,"leaf":"broadleaved"},"geometry":{"type":"Polygon","coordinates":[[[-97.7415804,30.2767475],[-97.7416013,30.2767655],[-97.7416309,30.2767655],[-97.7416518,30.2767475],[-97.7416518,30.2767219],[-97.7416309,30.2767039],[-97.7416013,30.2767039],[-97.7415804,30.2767219],[-97.7415804,30.2767475]]]}},{"type":"Feature","properties":{"kind":"trunk","h":2.5,"base":0},"geometry":{"type":"Polygon","coordinates":[[[-97.7415561,30.2767102],[-97.7415437,30.2767102],[-97.7415437,30.276721],[-97.7415561,30.276721],[-97.7415561,30.2767102]]]}},{"type":"Feature","properties":{"kind":"canopy","h":7.92,"base":2.2,"leaf":"broadleaved"},"geometry":{"type":"Polygon","coordinates":[[[-97.74151,30.2767299],[-97.7415334,30.2767501],[-97.7415664,30.2767501],[-97.7415898,30.2767299],[-97.7415898,30.2767013],[-97.7415664,30.2766811],[-97.7415334,30.2766811],[-97.74151,30.2767013],[-97.74151,30.2767299]]]}},{"type":"Feature","properties":{"kind":"trunk","h":2.5,"base":0},"geometry":{"type":"Polygon","coordinates":[[[-97.7415665,30.2768798],[-97.7415541,30.2768798],[-97.7415541,30.2768906],[-97.7415665,30.2768906],[-97.7415665,30.2768798]]]}},{"type":"Feature","properties":{"kind":"canopy","h":9.43,"base":2.2,"leaf":"broadleaved"},"geometry":{"type":"Polygon","coordinates":[[[-97.7415249,30.2768979],[-97.7415456,30.2769158],[-97.741575,30.2769158],[-97.7415957,30.2768979],[-97.7415957,30.2768725],[-97.741575,30.2768546],[-97.7415456,30.2768546],[-97.7415249,30.2768725],[-97.7415249,30.2768979]]]}},{"type":"Feature","properties":{"kind":"trunk","h":2.5,"base":0},"geometry":{"type":"Polygon","coordinates":[[[-97.7386612,30.2805998],[-97.7386488,30.2805998],[-97.7386488,30.2806106],[-97.7386612,30.2806106],[-97.7386612,30.2805998]]]}},{"type":"Feature","properties":{"kind":"canopy","h":7.15,"base":2.2,"leaf":"broadleaved"},"geometry":{"type":"Polygon","coordinates":[[[-97.738624,30.2806163],[-97.7386422,30.2806319],[-97.7386678,30.2806319],[-97.738686,30.2806163],[-97.738686,30.2805941],[-97.7386678,30.2805785],[-97.7386422,30.2805785],[-97.738624,30.2805941],[-97.738624,30.2806163]]]}},{"type":"Feature","properties":{"kind":"trunk","h":2.5,"base":0},"geometry":{"type":"Polygon","coordinates":[[[-97.7385992,30.2805606],[-97.7385868,30.2805606],[-97.7385868,30.2805714],[-97.7385992,30.2805714],[-97.7385992,30.2805606]]]}},{"type":"Feature","properties":{"kind":"canopy","h":8.84,"base":2.2,"leaf":"broadleaved"},"geometry":{"type":"Polygon","coordinates":[[[-97.7385536,30.2805801],[-97.7385767,30.2806],[-97.7386093,30.2806],[-97.7386324,30.2805801],[-97.7386324,30.2805519],[-97.7386093,30.280532],[-97.7385767,30.280532],[-97.7385536,30.2805519],[-97.7385536,30.2805801]]]}},{"type":"Feature","properties":{"kind":"trunk","h":2.5,"base":0},"geometry":{"type":"Polygon","coordinates":[[[-97.7385553,30.2805106],[-97.7385429,30.2805106],[-97.7385429,30.2805214],[-97.7385553,30.2805214],[-97.7385553,30.2805106]]]}},{"type":"Feature","properties":{"kind":"canopy","h":8.95,"base":2.2,"leaf":"broadleaved"},"geometry":{"type":"Polygon","coordinates":[[[-97.7385148,30.2805283],[-97.7385349,30.2805456],[-97.7385633,30.2805456],[-97.7385834,30.2805283],[-97.7385834,30.2805037],[-97.7385633,30.2804864],[-97.7385349,30.2804864],[-97.7385148,30.2805037],[-97.7385148,30.2805283]]]}},{"type":"Feature","properties":{"kind":"trunk","h":2.5,"base":0},"geometry":{"type":"Polygon","coordinates":[[[-97.7481278,30.2762018],[-97.7481154,30.2762018],[-97.7481154,30.2762126],[-97.7481278,30.2762126],[-97.7481278,30.2762018]]]}},{"type":"Feature","properties":{"kind":"canopy","h":7.06,"base":2.2,"leaf":"broadleaved"},"geometry":{"type":"Polygon","coordinates":[[[-97.748091,30.2762181],[-97.7481089,30.2762336],[-97.7481343,30.2762336],[-97.7481522,30.2762181],[-97.7481522,30.2761963],[-97.7481343,30.2761808],[-97.7481089,30.2761808],[-97.748091,30.2761963],[-97.748091,30.2762181]]]}},{"type":"Feature","properties":{"kind":"trunk","h":2.5,"base":0},"geometry":{"type":"Polygon","coordinates":[[[-97.7482164,30.2762636],[-97.748204,30.2762636],[-97.748204,30.2762744],[-97.7482164,30.2762744],[-97.7482164,30.2762636]]]}},{"type":"Feature","properties":{"kind":"canopy","h":9.24,"base":2.2,"leaf":"broadleaved"},"geometry":{"type":"Polygon","coordinates":[[[-97.748179,30.2762801],[-97.7481973,30.2762959],[-97.7482231,30.2762959],[-97.7482414,30.2762801],[-97.7482414,30.2762579],[-97.7482231,30.2762421],[-97.7481973,30.2762421],[-97.748179,30.2762579],[-97.748179,30.2762801]]]}},{"type":"Feature","properties":{"kind":"trunk","h":2.5,"base":0},"geometry":{"type":"Polygon","coordinates":[[[-97.7476229,30.2760681],[-97.7476105,30.2760681],[-97.7476105,30.2760789],[-97.7476229,30.2760789],[-97.7476229,30.2760681]]]}},{"type":"Feature","properties":{"kind":"canopy","h":8.31,"base":2.2,"leaf":"broadleaved"},"geometry":{"type":"Polygon","coordinates":[[[-97.7475788,30.2760871],[-97.747601,30.2761063],[-97.7476324,30.2761063],[-97.7476546,30.2760871],[-97.7476546,30.2760599],[-97.7476324,30.2760407],[-97.747601,30.2760407],[-97.7475788,30.2760599],[-97.7475788,30.2760871]]]}},{"type":"Feature","properties":{"kind":"trunk","h":2.5,"base":0},"geometry":{"type":"Polygon","coordinates":[[[-97.7477419,30.2761132],[-97.7477295,30.2761132],[-97.7477295,30.276124],[-97.7477419,30.276124],[-97.7477419,30.2761132]]]}},{"type":"Feature","properties":{"kind":"canopy","h":8.72,"base":2.2,"leaf":"broadleaved"},"geometry":{"type":"Polygon","coordinates":[[[-97.7476936,30.2761337],[-97.7477183,30.2761549],[-97.7477531,30.2761549],[-97.7477778,30.2761337],[-97.7477778,30.2761035],[-97.7477531,30.2760823],[-97.7477183,30.2760823],[-97.7476936,30.2761035],[-97.7476936,30.2761337]]]}},{"type":"Feature","properties":{"kind":"trunk","h":2.5,"base":0},"geometry":{"type":"Polygon","coordinates":[[[-97.7477901,30.2761029],[-97.7477777,30.2761029],[-97.7477777,30.2761137],[-97.7477901,30.2761137],[-97.7477901,30.2761029]]]}},{"type":"Feature","properties":{"kind":"canopy","h":8.1,"base":2.2,"leaf":"broadleaved"},"geometry":{"type":"Polygon","coordinates":[[[-97.7477502,30.2761204],[-97.7477699,30.2761374],[-97.7477979,30.2761374],[-97.7478176,30.2761204],[-97.7478176,30.2760962],[-97.7477979,30.2760792],[-97.7477699,30.2760792],[-97.7477502,30.2760962],[-97.7477502,30.2761204]]]}},{"type":"Feature","properties":{"kind":"trunk","h":2.5,"base":0},"geometry":{"type":"Polygon","coordinates":[[[-97.7474723,30.2760273],[-97.7474599,30.2760273],[-97.7474599,30.2760381],[-97.7474723,30.2760381],[-97.7474723,30.2760273]]]}},{"type":"Feature","properties":{"kind":"canopy","h":9.98,"base":2.2,"leaf":"broadleaved"},"geometry":{"type":"Polygon","coordinates":[[[-97.7474342,30.2760441],[-97.7474529,30.2760603],[-97.7474793,30.2760603],[-97.747498,30.2760441],[-97.747498,30.2760213],[-97.7474793,30.2760051],[-97.7474529,30.2760051],[-97.7474342,30.2760213],[-97.7474342,30.2760441]]]}},{"type":"Feature","properties":{"kind":"trunk","h":2.5,"base":0},"geometry":{"type":"Polygon","coordinates":[[[-97.7472696,30.2762701],[-97.7472572,30.2762701],[-97.7472572,30.2762809],[-97.7472696,30.2762809],[-97.7472696,30.2762701]]]}},{"type":"Feature","properties":{"kind":"canopy","h":8.75,"base":2.2,"leaf":"broadleaved"},"geometry":{"type":"Polygon","coordinates":[[[-97.7472315,30.2762869],[-97.7472502,30.2763031],[-97.7472766,30.2763031],[-97.7472953,30.2762869],[-97.7472953,30.2762641],[-97.7472766,30.2762479],[-97.7472502,30.2762479],[-97.7472315,30.2762641],[-97.7472315,30.2762869]]]}},{"type":"Feature","properties":{"kind":"trunk","h":2.5,"base":0},"geometry":{"type":"Polygon","coordinates":[[[-97.7473795,30.2763042],[-97.7473671,30.2763042],[-97.7473671,30.276315],[-97.7473795,30.276315],[-97.7473795,30.2763042]]]}},{"type":"Feature","properties":{"kind":"canopy","h":9.36,"base":2.2,"leaf":"broadleaved"},"geometry":{"type":"Polygon","coordinates":[[[-97.7473337,30.2763237],[-97.7473569,30.2763438],[-97.7473897,30.2763438],[-97.7474129,30.2763237],[-97.7474129,30.2762955],[-97.7473897,30.2762754],[-97.7473569,30.2762754],[-97.7473337,30.2762955],[-97.7473337,30.2763237]]]}},{"type":"Feature","properties":{"kind":"trunk","h":2.5,"base":0},"geometry":{"type":"Polygon","coordinates":[[[-97.7472619,30.276482],[-97.7472495,30.276482],[-97.7472495,30.2764928],[-97.7472619,30.2764928],[-97.7472619,30.276482]]]}},{"type":"Feature","properties":{"kind":"canopy","h":9.86,"base":2.2,"leaf":"broadleaved"},"geometry":{"type":"Polygon","coordinates":[[[-97.7472217,30.2764996],[-97.7472416,30.2765167],[-97.7472698,30.2765167],[-97.7472897,30.2764996],[-97.7472897,30.2764752],[-97.7472698,30.2764581],[-97.7472416,30.2764581],[-97.7472217,30.2764752],[-97.7472217,30.2764996]]]}},{"type":"Feature","properties":{"kind":"trunk","h":2.5,"base":0},"geometry":{"type":"Polygon","coordinates":[[[-97.7472532,30.2766535],[-97.7472408,30.2766535],[-97.7472408,30.2766643],[-97.7472532,30.2766643],[-97.7472532,30.2766535]]]}},{"type":"Feature","properties":{"kind":"canopy","h":8.23,"base":2.2,"leaf":"broadleaved"},"geometry":{"type":"Polygon","coordinates":[[[-97.7472123,30.2766713],[-97.7472326,30.2766889],[-97.7472614,30.2766889],[-97.7472817,30.2766713],[-97.7472817,30.2766465],[-97.7472614,30.2766289],[-97.7472326,30.2766289],[-97.7472123,30.2766465],[-97.7472123,30.2766713]]]}},{"type":"Feature","properties":{"kind":"trunk","h":2.5,"base":0},"geometry":{"type":"Polygon","coordinates":[[[-97.7345648,30.2777218],[-97.7345524,30.2777218],[-97.7345524,30.2777326],[-97.7345648,30.2777326],[-97.7345648,30.2777218]]]}},{"type":"Feature","properties":{"kind":"canopy","h":9.07,"base":2.2,"leaf":"broadleaved"},"geometry":{"type":"Polygon","coordinates":[[[-97.7345253,30.2777391],[-97.7345448,30.2777559],[-97.7345724,30.2777559],[-97.7345919,30.2777391],[-97.7345919,30.2777153],[-97.7345724,30.2776985],[-97.7345448,30.2776985],[-97.7345253,30.2777153],[-97.7345253,30.2777391]]]}},{"type":"Feature","properties":{"kind":"trunk","h":2.5,"base":0},"geometry":{"type":"Polygon","coordinates":[[[-97.7345216,30.2777483],[-97.7345092,30.2777483],[-97.7345092,30.2777591],[-97.7345216,30.2777591],[-97.7345216,30.2777483]]]}},{"type":"Feature","properties":{"kind":"canopy","h":9.05,"base":2.2,"leaf":"broadleaved"},"geometry":{"type":"Polygon","coordinates":[[[-97.7344773,30.2777673],[-97.7344996,30.2777866],[-97.7345312,30.2777866],[-97.7345535,30.2777673],[-97.7345535,30.2777401],[-97.7345312,30.2777208],[-97.7344996,30.2777208],[-97.7344773,30.2777401],[-97.7344773,30.2777673]]]}},{"type":"Feature","properties":{"kind":"trunk","h":2.5,"base":0},"geometry":{"type":"Polygon","coordinates":[[[-97.7344359,30.2777483],[-97.7344235,30.2777483],[-97.7344235,30.2777591],[-97.7344359,30.2777591],[-97.7344359,30.2777483]]]}},{"type":"Feature","properties":{"kind":"canopy","h":9.25,"base":2.2,"leaf":"broadleaved"},"geometry":{"type":"Polygon","coordinates":[[[-97.734388,30.2777686],[-97.7344124,30.2777897],[-97.734447,30.2777897],[-97.7344714,30.2777686],[-97.7344714,30.2777388],[-97.734447,30.2777177],[-97.7344124,30.2777177],[-97.734388,30.2777388],[-97.734388,30.2777686]]]}},{"type":"Feature","properties":{"kind":"trunk","h":2.5,"base":0},"geometry":{"type":"Polygon","coordinates":[[[-97.7345976,30.2776554],[-97.7345852,30.2776554],[-97.7345852,30.2776662],[-97.7345976,30.2776662],[-97.7345976,30.2776554]]]}},{"type":"Feature","properties":{"kind":"canopy","h":9.12,"base":2.2,"leaf":"broadleaved"},"geometry":{"type":"Polygon","coordinates":[[[-97.7345574,30.277673],[-97.7345773,30.2776902],[-97.7346055,30.2776902],[-97.7346254,30.277673],[-97.7346254,30.2776486],[-97.7346055,30.2776314],[-97.7345773,30.2776314],[-97.7345574,30.2776486],[-97.7345574,30.277673]]]}},{"type":"Feature","properties":{"kind":"trunk","h":2.5,"base":0},"geometry":{"type":"Polygon","coordinates":[[[-97.7346604,30.2776546],[-97.734648,30.2776546],[-97.734648,30.2776654],[-97.7346604,30.2776654],[-97.7346604,30.2776546]]]}},{"type":"Feature","properties":{"kind":"canopy","h":9.64,"base":2.2,"leaf":"broadleaved"},"geometry":{"type":"Polygon","coordinates":[[[-97.7346185,30.2776728],[-97.7346394,30.2776909],[-97.734669,30.2776909],[-97.7346899,30.2776728],[-97.7346899,30.2776472],[-97.734669,30.2776291],[-97.7346394,30.2776291],[-97.7346185,30.2776472],[-97.7346185,30.2776728]]]}},{"type":"Feature","properties":{"kind":"trunk","h":2.5,"base":0},"geometry":{"type":"Polygon","coordinates":[[[-97.7346505,30.2776098],[-97.7346381,30.2776098],[-97.7346381,30.2776206],[-97.7346505,30.2776206],[-97.7346505,30.2776098]]]}},{"type":"Feature","properties":{"kind":"canopy","h":9.47,"base":2.2,"leaf":"broadleaved"},"geometry":{"type":"Polygon","coordinates":[[[-97.7346019,30.2776304],[-97.7346267,30.2776519],[-97.7346619,30.2776519],[-97.7346867,30.2776304],[-97.7346867,30.2776],[-97.7346619,30.2775785],[-97.7346267,30.2775785],[-97.7346019,30.2776],[-97.7346019,30.2776304]]]}},{"type":"Feature","properties":{"kind":"trunk","h":2.5,"base":0},"geometry":{"type":"Polygon","coordinates":[[[-97.7347297,30.2776609],[-97.7347173,30.2776609],[-97.7347173,30.2776717],[-97.7347297,30.2776717],[-97.7347297,30.2776609]]]}},{"type":"Feature","properties":{"kind":"canopy","h":7.31,"base":2.2,"leaf":"broadleaved"},"geometry":{"type":"Polygon","coordinates":[[[-97.7346861,30.2776797],[-97.734708,30.2776986],[-97.734739,30.2776986],[-97.7347609,30.2776797],[-97.7347609,30.2776529],[-97.734739,30.277634],[-97.734708,30.277634],[-97.7346861,30.2776529],[-97.7346861,30.2776797]]]}},{"type":"Feature","properties":{"kind":"trunk","h":2.5,"base":0},"geometry":{"type":"Polygon","coordinates":[[[-97.7347739,30.2776309],[-97.7347615,30.2776309],[-97.7347615,30.2776417],[-97.7347739,30.2776417],[-97.7347739,30.2776309]]]}},{"type":"Feature","properties":{"kind":"canopy","h":7.95,"base":2.2,"leaf":"broadleaved"},"geometry":{"type":"Polygon","coordinates":[[[-97.7347383,30.2776468],[-97.7347555,30.2776617],[-97.7347799,30.2776617],[-97.7347971,30.2776468],[-97.7347971,30.2776258],[-97.7347799,30.2776109],[-97.7347555,30.2776109],[-97.7347383,30.2776258],[-97.7347383,30.2776468]]]}},{"type":"Feature","properties":{"kind":"trunk","h":2.5,"base":0},"geometry":{"type":"Polygon","coordinates":[[[-97.7297318,30.2813468],[-97.7297194,30.2813468],[-97.7297194,30.2813576],[-97.7297318,30.2813576],[-97.7297318,30.2813468]]]}},{"type":"Feature","properties":{"kind":"canopy","h":9.01,"base":2.2,"leaf":"broadleaved"},"geometry":{"type":"Polygon","coordinates":[[[-97.7296921,30.2813642],[-97.7297117,30.2813811],[-97.7297395,30.2813811],[-97.7297591,30.2813642],[-97.7297591,30.2813402],[-97.7297395,30.2813233],[-97.7297117,30.2813233],[-97.7296921,30.2813402],[-97.7296921,30.2813642]]]}},{"type":"Feature","properties":{"kind":"trunk","h":2.5,"base":0},"geometry":{"type":"Polygon","coordinates":[[[-97.7381817,30.2801476],[-97.7381693,30.2801476],[-97.7381693,30.2801584],[-97.7381817,30.2801584],[-97.7381817,30.2801476]]]}},{"type":"Feature","properties":{"kind":"canopy","h":9.93,"base":2.2,"leaf":"broadleaved"},"geometry":{"type":"Polygon","coordinates":[[[-97.7381348,30.2801676],[-97.7381586,30.2801881],[-97.7381924,30.2801881],[-97.7382162,30.2801676],[-97.7382162,30.2801384],[-97.7381924,30.2801179],[-97.7381586,30.2801179],[-97.7381348,30.2801384],[-97.7381348,30.2801676]]]}},{"type":"Feature","properties":{"kind":"trunk","h":2.5,"base":0},"geometry":{"type":"Polygon","coordinates":[[[-97.7382053,30.280083],[-97.7381929,30.280083],[-97.7381929,30.2800938],[-97.7382053,30.2800938],[-97.7382053,30.280083]]]}},{"type":"Feature","properties":{"kind":"canopy","h":9.21,"base":2.2,"leaf":"broadleaved"},"geometry":{"type":"Polygon","coordinates":[[[-97.7381644,30.2801008],[-97.7381847,30.2801184],[-97.7382135,30.2801184],[-97.7382338,30.2801008],[-97.7382338,30.280076],[-97.7382135,30.2800584],[-97.7381847,30.2800584],[-97.7381644,30.280076],[-97.7381644,30.2801008]]]}},{"type":"Feature","properties":{"kind":"trunk","h":2.5,"base":0},"geometry":{"type":"Polygon","coordinates":[[[-97.7382386,30.2799928],[-97.7382262,30.2799928],[-97.7382262,30.2800036],[-97.7382386,30.2800036],[-97.7382386,30.2799928]]]}},{"type":"Feature","properties":{"kind":"canopy","h":9.08,"base":2.2,"leaf":"broadleaved"},"geometry":{"type":"Polygon","coordinates":[[[-97.7382,30.2800098],[-97.738219,30.2800262],[-97.7382458,30.2800262],[-97.7382648,30.2800098],[-97.7382648,30.2799866],[-97.7382458,30.2799702],[-97.738219,30.2799702],[-97.7382,30.2799866],[-97.7382,30.2800098]]]}},{"type":"Feature","properties":{"kind":"trunk","h":2.5,"base":0},"geometry":{"type":"Polygon","coordinates":[[[-97.7382727,30.2799069],[-97.7382603,30.2799069],[-97.7382603,30.2799177],[-97.7382727,30.2799177],[-97.7382727,30.2799069]]]}},{"type":"Feature","properties":{"kind":"canopy","h":7.26,"base":2.2,"leaf":"broadleaved"},"geometry":{"type":"Polygon","coordinates":[[[-97.7382293,30.2799256],[-97.7382511,30.2799444],[-97.7382819,30.2799444],[-97.7383037,30.2799256],[-97.7383037,30.279899],[-97.7382819,30.2798802],[-97.7382511,30.2798802],[-97.7382293,30.279899],[-97.7382293,30.2799256]]]}},{"type":"Feature","properties":{"kind":"trunk","h":2.5,"base":0},"geometry":{"type":"Polygon","coordinates":[[[-97.7383055,30.2798219],[-97.7382931,30.2798219],[-97.7382931,30.2798327],[-97.7383055,30.2798327],[-97.7383055,30.2798219]]]}},{"type":"Feature","properties":{"kind":"canopy","h":8.81,"base":2.2,"leaf":"broadleaved"},"geometry":{"type":"Polygon","coordinates":[[[-97.7382598,30.2798414],[-97.738283,30.2798614],[-97.7383156,30.2798614],[-97.7383388,30.2798414],[-97.7383388,30.2798132],[-97.7383156,30.2797932],[-97.738283,30.2797932],[-97.7382598,30.2798132],[-97.7382598,30.2798414]]]}},{"type":"Feature","properties":{"kind":"trunk","h":2.5,"base":0},"geometry":{"type":"Polygon","coordinates":[[[-97.7383339,30.2797452],[-97.7383215,30.2797452],[-97.7383215,30.279756],[-97.7383339,30.279756],[-97.7383339,30.2797452]]]}},{"type":"Feature","properties":{"kind":"canopy","h":8.85,"base":2.2,"leaf":"broadleaved"},"geometry":{"type":"Polygon","coordinates":[[[-97.7382902,30.279764],[-97.7383122,30.279783],[-97.7383432,30.279783],[-97.7383652,30.279764],[-97.7383652,30.2797372],[-97.7383432,30.2797182],[-97.7383122,30.2797182],[-97.7382902,30.2797372],[-97.7382902,30.279764]]]}},{"type":"Feature","properties":{"kind":"trunk","h":2.5,"base":0},"geometry":{"type":"Polygon","coordinates":[[[-97.7382089,30.2798731],[-97.7381965,30.2798731],[-97.7381965,30.2798839],[-97.7382089,30.2798839],[-97.7382089,30.2798731]]]}},{"type":"Feature","properties":{"kind":"canopy","h":8.41,"base":2.2,"leaf":"broadleaved"},"geometry":{"type":"Polygon","coordinates":[[[-97.7381598,30.2798938],[-97.7381849,30.2799155],[-97.7382205,30.2799155],[-97.7382456,30.2798938],[-97.7382456,30.2798632],[-97.7382205,30.2798415],[-97.7381849,30.2798415],[-97.7381598,30.2798632],[-97.7381598,30.2798938]]]}},{"type":"Feature","properties":{"kind":"trunk","h":2.5,"base":0},"geometry":{"type":"Polygon","coordinates":[[[-97.738022,30.2802955],[-97.7380096,30.2802955],[-97.7380096,30.2803063],[-97.738022,30.2803063],[-97.738022,30.2802955]]]}},{"type":"Feature","properties":{"kind":"canopy","h":7.61,"base":2.2,"leaf":"broadleaved"},"geometry":{"type":"Polygon","coordinates":[[[-97.7379808,30.2803134],[-97.7380013,30.2803312],[-97.7380303,30.2803312],[-97.7380508,30.2803134],[-97.7380508,30.2802884],[-97.7380303,30.2802706],[-97.7380013,30.2802706],[-97.7379808,30.2802884],[-97.7379808,30.2803134]]]}},{"type":"Feature","properties":{"kind":"trunk","h":2.5,"base":0},"geometry":{"type":"Polygon","coordinates":[[[-97.7378778,30.2802214],[-97.7378654,30.2802214],[-97.7378654,30.2802322],[-97.7378778,30.2802322],[-97.7378778,30.2802214]]]}},{"type":"Feature","properties":{"kind":"canopy","h":7.11,"base":2.2,"leaf":"broadleaved"},"geometry":{"type":"Polygon","coordinates":[[[-97.7378373,30.2802391],[-97.7378574,30.2802564],[-97.7378858,30.2802564],[-97.7379059,30.2802391],[-97.7379059,30.2802145],[-97.7378858,30.2801972],[-97.7378574,30.2801972],[-97.7378373,30.2802145],[-97.7378373,30.2802391]]]}},{"type":"Feature","properties":{"kind":"trunk","h":2.5,"base":0},"geometry":{"type":"Polygon","coordinates":[[[-97.7378809,30.2801289],[-97.7378685,30.2801289],[-97.7378685,30.2801397],[-97.7378809,30.2801397],[-97.7378809,30.2801289]]]}},{"type":"Feature","properties":{"kind":"canopy","h":7.38,"base":2.2,"leaf":"broadleaved"},"geometry":{"type":"Polygon","coordinates":[[[-97.7378349,30.2801485],[-97.7378582,30.2801687],[-97.7378912,30.2801687],[-97.7379145,30.2801485],[-97.7379145,30.2801201],[-97.7378912,30.2800999],[-97.7378582,30.2800999],[-97.7378349,30.2801201],[-97.7378349,30.2801485]]]}},{"type":"Feature","properties":{"kind":"trunk","h":2.5,"base":0},"geometry":{"type":"Polygon","coordinates":[[[-97.7378887,30.2800458],[-97.7378763,30.2800458],[-97.7378763,30.2800566],[-97.7378887,30.2800566],[-97.7378887,30.2800458]]]}},{"type":"Feature","properties":{"kind":"canopy","h":9.21,"base":2.2,"leaf":"broadleaved"},"geometry":{"type":"Polygon","coordinates":[[[-97.7378471,30.2800639],[-97.7378678,30.2800818],[-97.7378972,30.2800818],[-97.7379179,30.2800639],[-97.7379179,30.2800385],[-97.7378972,30.2800206],[-97.7378678,30.2800206],[-97.7378471,30.2800385],[-97.7378471,30.2800639]]]}},{"type":"Feature","properties":{"kind":"trunk","h":2.5,"base":0},"geometry":{"type":"Polygon","coordinates":[[[-97.7379528,30.2799268],[-97.7379404,30.2799268],[-97.7379404,30.2799376],[-97.7379528,30.2799376],[-97.7379528,30.2799268]]]}},{"type":"Feature","properties":{"kind":"canopy","h":8.96,"base":2.2,"leaf":"broadleaved"},"geometry":{"type":"Polygon","coordinates":[[[-97.7379172,30.2799427],[-97.7379344,30.2799576],[-97.7379588,30.2799576],[-97.737976,30.2799427],[-97.737976,30.2799217],[-97.7379588,30.2799068],[-97.7379344,30.2799068],[-97.7379172,30.2799217],[-97.7379172,30.2799427]]]}},{"type":"Feature","properties":{"kind":"trunk","h":2.5,"base":0},"geometry":{"type":"Polygon","coordinates":[[[-97.7378964,30.2799626],[-97.737884,30.2799626],[-97.737884,30.2799734],[-97.7378964,30.2799734],[-97.7378964,30.2799626]]]}},{"type":"Feature","properties":{"kind":"canopy","h":9.15,"base":2.2,"leaf":"broadleaved"},"geometry":{"type":"Polygon","coordinates":[[[-97.7378495,30.2799826],[-97.7378733,30.2800032],[-97.7379071,30.2800032],[-97.7379309,30.2799826],[-97.7379309,30.2799534],[-97.7379071,30.2799328],[-97.7378733,30.2799328],[-97.7378495,30.2799534],[-97.7378495,30.2799826]]]}},{"type":"Feature","properties":{"kind":"trunk","h":2.5,"base":0},"geometry":{"type":"Polygon","coordinates":[[[-97.7381241,30.2802937],[-97.7381117,30.2802937],[-97.7381117,30.2803045],[-97.7381241,30.2803045],[-97.7381241,30.2802937]]]}},{"type":"Feature","properties":{"kind":"canopy","h":9.82,"base":2.2,"leaf":"broadleaved"},"geometry":{"type":"Polygon","coordinates":[[[-97.7380849,30.2803109],[-97.7381042,30.2803276],[-97.7381316,30.2803276],[-97.7381509,30.2803109],[-97.7381509,30.2802873],[-97.7381316,30.2802706],[-97.7381042,30.2802706],[-97.7380849,30.2802873],[-97.7380849,30.2803109]]]}},{"type":"Feature","properties":{"kind":"trunk","h":2.5,"base":0},"geometry":{"type":"Polygon","coordinates":[[[-97.7381477,30.2802291],[-97.7381353,30.2802291],[-97.7381353,30.2802399],[-97.7381477,30.2802399],[-97.7381477,30.2802291]]]}},{"type":"Feature","properties":{"kind":"canopy","h":8.29,"base":2.2,"leaf":"broadleaved"},"geometry":{"type":"Polygon","coordinates":[[[-97.7381032,30.2802482],[-97.7381256,30.2802676],[-97.7381574,30.2802676],[-97.7381798,30.2802482],[-97.7381798,30.2802208],[-97.7381574,30.2802014],[-97.7381256,30.2802014],[-97.7381032,30.2802208],[-97.7381032,30.2802482]]]}},{"type":"Feature","properties":{"kind":"trunk","h":2.5,"base":0},"geometry":{"type":"Polygon","coordinates":[[[-97.7389565,30.2780807],[-97.7389441,30.2780807],[-97.7389441,30.2780915],[-97.7389565,30.2780915],[-97.7389565,30.2780807]]]}},{"type":"Feature","properties":{"kind":"canopy","h":9.4,"base":2.2,"leaf":"broadleaved"},"geometry":{"type":"Polygon","coordinates":[[[-97.7389144,30.2780989],[-97.7389354,30.2781171],[-97.7389652,30.2781171],[-97.7389862,30.2780989],[-97.7389862,30.2780733],[-97.7389652,30.2780551],[-97.7389354,30.2780551],[-97.7389144,30.2780733],[-97.7389144,30.2780989]]]}},{"type":"Feature","properties":{"kind":"trunk","h":2.5,"base":0},"geometry":{"type":"Polygon","coordinates":[[[-97.738983,30.2780144],[-97.7389706,30.2780144],[-97.7389706,30.2780252],[-97.738983,30.2780252],[-97.738983,30.2780144]]]}},{"type":"Feature","properties":{"kind":"canopy","h":7.6,"base":2.2,"leaf":"broadleaved"},"geometry":{"type":"Polygon","coordinates":[[[-97.7389369,30.2780341],[-97.7389603,30.2780542],[-97.7389933,30.2780542],[-97.7390167,30.2780341],[-97.7390167,30.2780055],[-97.7389933,30.2779854],[-97.7389603,30.2779854],[-97.7389369,30.2780055],[-97.7389369,30.2780341]]]}},{"type":"Feature","properties":{"kind":"trunk","h":2.5,"base":0},"geometry":{"type":"Polygon","coordinates":[[[-97.7390087,30.2779389],[-97.7389963,30.2779389],[-97.7389963,30.2779497],[-97.7390087,30.2779497],[-97.7390087,30.2779389]]]}},{"type":"Feature","properties":{"kind":"canopy","h":9.08,"base":2.2,"leaf":"broadleaved"},"geometry":{"type":"Polygon","coordinates":[[[-97.7389707,30.2779557],[-97.7389893,30.2779718],[-97.7390157,30.2779718],[-97.7390343,30.2779557],[-97.7390343,30.2779329],[-97.7390157,30.2779168],[-97.7389893,30.2779168],[-97.7389707,30.2779329],[-97.7389707,30.2779557]]]}},{"type":"Feature","properties":{"kind":"trunk","h":2.5,"base":0},"geometry":{"type":"Polygon","coordinates":[[[-97.7388572,30.2783472],[-97.7388448,30.2783472],[-97.7388448,30.278358],[-97.7388572,30.278358],[-97.7388572,30.2783472]]]}},{"type":"Feature","properties":{"kind":"canopy","h":9.31,"base":2.2,"leaf":"broadleaved"},"geometry":{"type":"Polygon","coordinates":[[[-97.7388106,30.278367],[-97.7388343,30.2783875],[-97.7388677,30.2783875],[-97.7388914,30.278367],[-97.7388914,30.2783382],[-97.7388677,30.2783177],[-97.7388343,30.2783177],[-97.7388106,30.2783382],[-97.7388106,30.278367]]]}},{"type":"Feature","properties":{"kind":"trunk","h":2.5,"base":0},"geometry":{"type":"Polygon","coordinates":[[[-97.7388793,30.2782873],[-97.7388669,30.2782873],[-97.7388669,30.2782981],[-97.7388793,30.2782981],[-97.7388793,30.2782873]]]}},{"type":"Feature","properties":{"kind":"canopy","h":7.52,"base":2.2,"leaf":"broadleaved"},"geometry":{"type":"Polygon","coordinates":[[[-97.7388333,30.2783069],[-97.7388566,30.2783271],[-97.7388896,30.2783271],[-97.7389129,30.2783069],[-97.7389129,30.2782785],[-97.7388896,30.2782583],[-97.7388566,30.2782583],[-97.7388333,30.2782785],[-97.7388333,30.2783069]]]}},{"type":"Feature","properties":{"kind":"trunk","h":2.5,"base":0},"geometry":{"type":"Polygon","coordinates":[[[-97.7388361,30.2783977],[-97.7388237,30.2783977],[-97.7388237,30.2784085],[-97.7388361,30.2784085],[-97.7388361,30.2783977]]]}},{"type":"Feature","properties":{"kind":"canopy","h":7.37,"base":2.2,"leaf":"broadleaved"},"geometry":{"type":"Polygon","coordinates":[[[-97.7387919,30.2784167],[-97.7388142,30.2784359],[-97.7388456,30.2784359],[-97.7388679,30.2784167],[-97.7388679,30.2783895],[-97.7388456,30.2783703],[-97.7388142,30.2783703],[-97.7387919,30.2783895],[-97.7387919,30.2784167]]]}},{"type":"Feature","properties":{"kind":"trunk","h":2.5,"base":0},"geometry":{"type":"Polygon","coordinates":[[[-97.7388147,30.2784561],[-97.7388023,30.2784561],[-97.7388023,30.2784669],[-97.7388147,30.2784669],[-97.7388147,30.2784561]]]}},{"type":"Feature","properties":{"kind":"canopy","h":9.48,"base":2.2,"leaf":"broadleaved"},"geometry":{"type":"Polygon","coordinates":[[[-97.7387743,30.2784737],[-97.7387943,30.2784911],[-97.7388227,30.2784911],[-97.7388427,30.2784737],[-97.7388427,30.2784493],[-97.7388227,30.2784319],[-97.7387943,30.2784319],[-97.7387743,30.2784493],[-97.7387743,30.2784737]]]}},{"type":"Feature","properties":{"kind":"trunk","h":2.5,"base":0},"geometry":{"type":"Polygon","coordinates":[[[-97.7387921,30.278515],[-97.7387797,30.278515],[-97.7387797,30.2785258],[-97.7387921,30.2785258],[-97.7387921,30.278515]]]}},{"type":"Feature","properties":{"kind":"canopy","h":8.77,"base":2.2,"leaf":"broadleaved"},"geometry":{"type":"Polygon","coordinates":[[[-97.7387464,30.2785345],[-97.7387695,30.2785546],[-97.7388023,30.2785546],[-97.7388254,30.2785345],[-97.7388254,30.2785063],[-97.7388023,30.2784862],[-97.7387695,30.2784862],[-97.7387464,30.2785063],[-97.7387464,30.2785345]]]}},{"type":"Feature","properties":{"kind":"trunk","h":2.5,"base":0},"geometry":{"type":"Polygon","coordinates":[[[-97.7378741,30.2803353],[-97.7378617,30.2803353],[-97.7378617,30.2803461],[-97.7378741,30.2803461],[-97.7378741,30.2803353]]]}},{"type":"Feature","properties":{"kind":"canopy","h":8.45,"base":2.2,"leaf":"broadleaved"},"geometry":{"type":"Polygon","coordinates":[[[-97.7378388,30.2803511],[-97.7378559,30.2803658],[-97.7378799,30.2803658],[-97.737897,30.2803511],[-97.737897,30.2803303],[-97.7378799,30.2803156],[-97.7378559,30.2803156],[-97.7378388,30.2803303],[-97.7378388,30.2803511]]]}},{"type":"Feature","properties":{"kind":"trunk","h":2.5,"base":0},"geometry":{"type":"Polygon","coordinates":[[[-97.7389883,30.2787591],[-97.7389759,30.2787591],[-97.7389759,30.2787699],[-97.7389883,30.2787699],[-97.7389883,30.2787591]]]}},{"type":"Feature","properties":{"kind":"canopy","h":9.21,"base":2.2,"leaf":"broadleaved"},"geometry":{"type":"Polygon","coordinates":[[[-97.7389475,30.2787769],[-97.7389678,30.2787944],[-97.7389964,30.2787944],[-97.7390167,30.2787769],[-97.7390167,30.2787521],[-97.7389964,30.2787346],[-97.7389678,30.2787346],[-97.7389475,30.2787521],[-97.7389475,30.2787769]]]}},{"type":"Feature","properties":{"kind":"trunk","h":2.5,"base":0},"geometry":{"type":"Polygon","coordinates":[[[-97.7387315,30.2786824],[-97.7387191,30.2786824],[-97.7387191,30.2786932],[-97.7387315,30.2786932],[-97.7387315,30.2786824]]]}},{"type":"Feature","properties":{"kind":"canopy","h":7.86,"base":2.2,"leaf":"broadleaved"},"geometry":{"type":"Polygon","coordinates":[[[-97.7386829,30.278703],[-97.7387077,30.2787244],[-97.7387429,30.2787244],[-97.7387677,30.278703],[-97.7387677,30.2786726],[-97.7387429,30.2786512],[-97.7387077,30.2786512],[-97.7386829,30.2786726],[-97.7386829,30.278703]]]}},{"type":"Feature","properties":{"kind":"trunk","h":2.5,"base":0},"geometry":{"type":"Polygon","coordinates":[[[-97.7390379,30.2786361],[-97.7390255,30.2786361],[-97.7390255,30.2786469],[-97.7390379,30.2786469],[-97.7390379,30.2786361]]]}},{"type":"Feature","properties":{"kind":"canopy","h":8.91,"base":2.2,"leaf":"broadleaved"},"geometry":{"type":"Polygon","coordinates":[[[-97.7390006,30.2786526],[-97.7390188,30.2786684],[-97.7390446,30.2786684],[-97.7390628,30.2786526],[-97.7390628,30.2786304],[-97.7390446,30.2786146],[-97.7390188,30.2786146],[-97.7390006,30.2786304],[-97.7390006,30.2786526]]]}},{"type":"Feature","properties":{"kind":"trunk","h":2.5,"base":0},"geometry":{"type":"Polygon","coordinates":[[[-97.739054,30.278589],[-97.7390416,30.278589],[-97.7390416,30.2785998],[-97.739054,30.2785998],[-97.739054,30.278589]]]}},{"type":"Feature","properties":{"kind":"canopy","h":9.84,"base":2.2,"leaf":"broadleaved"},"geometry":{"type":"Polygon","coordinates":[[[-97.7390102,30.2786078],[-97.7390322,30.2786269],[-97.7390634,30.2786269],[-97.7390854,30.2786078],[-97.7390854,30.278581],[-97.7390634,30.2785619],[-97.7390322,30.2785619],[-97.7390102,30.278581],[-97.7390102,30.2786078]]]}},{"type":"Feature","properties":{"kind":"trunk","h":2.5,"base":0},"geometry":{"type":"Polygon","coordinates":[[[-97.7390707,30.2785368],[-97.7390583,30.2785368],[-97.7390583,30.2785476],[-97.7390707,30.2785476],[-97.7390707,30.2785368]]]}},{"type":"Feature","properties":{"kind":"canopy","h":7.8,"base":2.2,"leaf":"broadleaved"},"geometry":{"type":"Polygon","coordinates":[[[-97.7390283,30.2785552],[-97.7390495,30.2785735],[-97.7390795,30.2785735],[-97.7391007,30.2785552],[-97.7391007,30.2785292],[-97.7390795,30.2785109],[-97.7390495,30.2785109],[-97.7390283,30.2785292],[-97.7390283,30.2785552]]]}},{"type":"Feature","properties":{"kind":"trunk","h":2.5,"base":0},"geometry":{"type":"Polygon","coordinates":[[[-97.7389516,30.2788568],[-97.7389392,30.2788568],[-97.7389392,30.2788676],[-97.7389516,30.2788676],[-97.7389516,30.2788568]]]}},{"type":"Feature","properties":{"kind":"canopy","h":8.77,"base":2.2,"leaf":"broadleaved"},"geometry":{"type":"Polygon","coordinates":[[[-97.738907,30.2788759],[-97.7389295,30.2788953],[-97.7389613,30.2788953],[-97.7389838,30.2788759],[-97.7389838,30.2788485],[-97.7389613,30.2788291],[-97.7389295,30.2788291],[-97.738907,30.2788485],[-97.738907,30.2788759]]]}},{"type":"Feature","properties":{"kind":"trunk","h":2.5,"base":0},"geometry":{"type":"Polygon","coordinates":[[[-97.7389207,30.2789383],[-97.7389083,30.2789383],[-97.7389083,30.2789491],[-97.7389207,30.2789491],[-97.7389207,30.2789383]]]}},{"type":"Feature","properties":{"kind":"canopy","h":9.86,"base":2.2,"leaf":"broadleaved"},"geometry":{"type":"Polygon","coordinates":[[[-97.7388814,30.2789555],[-97.7389008,30.2789723],[-97.7389282,30.2789723],[-97.7389476,30.2789555],[-97.7389476,30.2789319],[-97.7389282,30.2789151],[-97.7389008,30.2789151],[-97.7388814,30.2789319],[-97.7388814,30.2789555]]]}},{"type":"Feature","properties":{"kind":"trunk","h":2.5,"base":0},"geometry":{"type":"Polygon","coordinates":[[[-97.7388975,30.2790075],[-97.7388851,30.2790075],[-97.7388851,30.2790183],[-97.7388975,30.2790183],[-97.7388975,30.2790075]]]}},{"type":"Feature","properties":{"kind":"canopy","h":7.09,"base":2.2,"leaf":"broadleaved"},"geometry":{"type":"Polygon","coordinates":[[[-97.7388495,30.2790279],[-97.738874,30.279049],[-97.7389086,30.279049],[-97.7389331,30.2790279],[-97.7389331,30.2789979],[-97.7389086,30.2789768],[-97.738874,30.2789768],[-97.7388495,30.2789979],[-97.7388495,30.2790279]]]}},{"type":"Feature","properties":{"kind":"trunk","h":2.5,"base":0},"geometry":{"type":"Polygon","coordinates":[[[-97.7391061,30.2784498],[-97.7390937,30.2784498],[-97.7390937,30.2784606],[-97.7391061,30.2784606],[-97.7391061,30.2784498]]]}},{"type":"Feature","properties":{"kind":"canopy","h":8.54,"base":2.2,"leaf":"broadleaved"},"geometry":{"type":"Polygon","coordinates":[[[-97.7390695,30.2784661],[-97.7390873,30.2784814],[-97.7391125,30.2784814],[-97.7391303,30.2784661],[-97.7391303,30.2784443],[-97.7391125,30.278429],[-97.7390873,30.278429],[-97.7390695,30.2784443],[-97.7390695,30.2784661]]]}},{"type":"Feature","properties":{"kind":"trunk","h":2.5,"base":0},"geometry":{"type":"Polygon","coordinates":[[[-97.7391274,30.2783844],[-97.739115,30.2783844],[-97.739115,30.2783952],[-97.7391274,30.2783952],[-97.7391274,30.2783844]]]}},{"type":"Feature","properties":{"kind":"canopy","h":9.09,"base":2.2,"leaf":"broadleaved"},"geometry":{"type":"Polygon","coordinates":[[[-97.7390914,30.2784004],[-97.7391089,30.2784155],[-97.7391335,30.2784155],[-97.739151,30.2784004],[-97.739151,30.2783792],[-97.7391335,30.2783641],[-97.7391089,30.2783641],[-97.7390914,30.2783792],[-97.7390914,30.2784004]]]}},{"type":"Feature","properties":{"kind":"trunk","h":2.5,"base":0},"geometry":{"type":"Polygon","coordinates":[[[-97.7391625,30.2783095],[-97.7391501,30.2783095],[-97.7391501,30.2783203],[-97.7391625,30.2783203],[-97.7391625,30.2783095]]]}},{"type":"Feature","properties":{"kind":"canopy","h":9.57,"base":2.2,"leaf":"broadleaved"},"geometry":{"type":"Polygon","coordinates":[[[-97.7391256,30.2783259],[-97.7391436,30.2783414],[-97.739169,30.2783414],[-97.739187,30.2783259],[-97.739187,30.2783039],[-97.739169,30.2782884],[-97.7391436,30.2782884],[-97.7391256,30.2783039],[-97.7391256,30.2783259]]]}},{"type":"Feature","properties":{"kind":"trunk","h":2.5,"base":0},"geometry":{"type":"Polygon","coordinates":[[[-97.7388262,30.2791866],[-97.7388138,30.2791866],[-97.7388138,30.2791974],[-97.7388262,30.2791974],[-97.7388262,30.2791866]]]}},{"type":"Feature","properties":{"kind":"canopy","h":7.67,"base":2.2,"leaf":"broadleaved"},"geometry":{"type":"Polygon","coordinates":[[[-97.7387778,30.2792071],[-97.7388025,30.2792285],[-97.7388375,30.2792285],[-97.7388622,30.2792071],[-97.7388622,30.2791769],[-97.7388375,30.2791555],[-97.7388025,30.2791555],[-97.7387778,30.2791769],[-97.7387778,30.2792071]]]}},{"type":"Feature","properties":{"kind":"trunk","h":2.5,"base":0},"geometry":{"type":"Polygon","coordinates":[[[-97.7387163,30.2794831],[-97.7387039,30.2794831],[-97.7387039,30.2794939],[-97.7387163,30.2794939],[-97.7387163,30.2794831]]]}},{"type":"Feature","properties":{"kind":"canopy","h":9.67,"base":2.2,"leaf":"broadleaved"},"geometry":{"type":"Polygon","coordinates":[[[-97.7386799,30.2794993],[-97.7386976,30.2795146],[-97.7387226,30.2795146],[-97.7387403,30.2794993],[-97.7387403,30.2794777],[-97.7387226,30.2794624],[-97.7386976,30.2794624],[-97.7386799,30.2794777],[-97.7386799,30.2794993]]]}},{"type":"Feature","properties":{"kind":"trunk","h":2.5,"base":0},"geometry":{"type":"Polygon","coordinates":[[[-97.7387382,30.2794229],[-97.7387258,30.2794229],[-97.7387258,30.2794337],[-97.7387382,30.2794337],[-97.7387382,30.2794229]]]}},{"type":"Feature","properties":{"kind":"canopy","h":8.81,"base":2.2,"leaf":"broadleaved"},"geometry":{"type":"Polygon","coordinates":[[[-97.7387027,30.2794388],[-97.7387198,30.2794536],[-97.7387442,30.2794536],[-97.7387613,30.2794388],[-97.7387613,30.2794178],[-97.7387442,30.279403],[-97.7387198,30.279403],[-97.7387027,30.2794178],[-97.7387027,30.2794388]]]}},{"type":"Feature","properties":{"kind":"trunk","h":2.5,"base":0},"geometry":{"type":"Polygon","coordinates":[[[-97.7387558,30.2793688],[-97.7387434,30.2793688],[-97.7387434,30.2793796],[-97.7387558,30.2793796],[-97.7387558,30.2793688]]]}},{"type":"Feature","properties":{"kind":"canopy","h":7.12,"base":2.2,"leaf":"broadleaved"},"geometry":{"type":"Polygon","coordinates":[[[-97.738717,30.2793859],[-97.7387361,30.2794023],[-97.7387631,30.2794023],[-97.7387822,30.2793859],[-97.7387822,30.2793625],[-97.7387631,30.2793461],[-97.7387361,30.2793461],[-97.738717,30.2793625],[-97.738717,30.2793859]]]}},{"type":"Feature","properties":{"kind":"trunk","h":2.5,"base":0},"geometry":{"type":"Polygon","coordinates":[[[-97.7387959,30.2792682],[-97.7387835,30.2792682],[-97.7387835,30.279279],[-97.7387959,30.279279],[-97.7387959,30.2792682]]]}},{"type":"Feature","properties":{"kind":"canopy","h":7.99,"base":2.2,"leaf":"broadleaved"},"geometry":{"type":"Polygon","coordinates":[[[-97.7387491,30.2792881],[-97.7387729,30.2793086],[-97.7388065,30.2793086],[-97.7388303,30.2792881],[-97.7388303,30.2792591],[-97.7388065,30.2792386],[-97.7387729,30.2792386],[-97.7387491,30.2792591],[-97.7387491,30.2792881]]]}},{"type":"Feature","properties":{"kind":"trunk","h":2.5,"base":0},"geometry":{"type":"Polygon","coordinates":[[[-97.7388614,30.279093],[-97.738849,30.279093],[-97.738849,30.2791038],[-97.7388614,30.2791038],[-97.7388614,30.279093]]]}},{"type":"Feature","properties":{"kind":"canopy","h":8.42,"base":2.2,"leaf":"broadleaved"},"geometry":{"type":"Polygon","coordinates":[[[-97.7388221,30.2791103],[-97.7388415,30.279127],[-97.7388689,30.279127],[-97.7388883,30.2791103],[-97.7388883,30.2790865],[-97.7388689,30.2790698],[-97.7388415,30.2790698],[-97.7388221,30.2790865],[-97.7388221,30.2791103]]]}},{"type":"Feature","properties":{"kind":"trunk","h":2.5,"base":0},"geometry":{"type":"Polygon","coordinates":[[[-97.7386898,30.2787893],[-97.7386774,30.2787893],[-97.7386774,30.2788001],[-97.7386898,30.2788001],[-97.7386898,30.2787893]]]}},{"type":"Feature","properties":{"kind":"canopy","h":8.2,"base":2.2,"leaf":"broadleaved"},"geometry":{"type":"Polygon","coordinates":[[[-97.7386481,30.2788074],[-97.7386689,30.2788253],[-97.7386983,30.2788253],[-97.7387191,30.2788074],[-97.7387191,30.278782],[-97.7386983,30.2787641],[-97.7386689,30.2787641],[-97.7386481,30.278782],[-97.7386481,30.2788074]]]}},{"type":"Feature","properties":{"kind":"trunk","h":2.5,"base":0},"geometry":{"type":"Polygon","coordinates":[[[-97.7386666,30.2788576],[-97.7386542,30.2788576],[-97.7386542,30.2788684],[-97.7386666,30.2788684],[-97.7386666,30.2788576]]]}},{"type":"Feature","properties":{"kind":"canopy","h":8.37,"base":2.2,"leaf":"broadleaved"},"geometry":{"type":"Polygon","coordinates":[[[-97.7386188,30.2788779],[-97.7386432,30.2788989],[-97.7386776,30.2788989],[-97.738702,30.2788779],[-97.738702,30.2788481],[-97.7386776,30.2788271],[-97.7386432,30.2788271],[-97.7386188,30.2788481],[-97.7386188,30.2788779]]]}},{"type":"Feature","properties":{"kind":"trunk","h":2.5,"base":0},"geometry":{"type":"Polygon","coordinates":[[[-97.7386308,30.278958],[-97.7386184,30.278958],[-97.7386184,30.2789688],[-97.7386308,30.2789688],[-97.7386308,30.278958]]]}},{"type":"Feature","properties":{"kind":"canopy","h":9.18,"base":2.2,"leaf":"broadleaved"},"geometry":{"type":"Polygon","coordinates":[[[-97.7385877,30.2789766],[-97.7386093,30.2789952],[-97.7386399,30.2789952],[-97.7386615,30.2789766],[-97.7386615,30.2789502],[-97.7386399,30.2789316],[-97.7386093,30.2789316],[-97.7385877,30.2789502],[-97.7385877,30.2789766]]]}},{"type":"Feature","properties":{"kind":"trunk","h":2.5,"base":0},"geometry":{"type":"Polygon","coordinates":[[[-97.7386072,30.2790214],[-97.7385948,30.2790214],[-97.7385948,30.2790322],[-97.7386072,30.2790322],[-97.7386072,30.2790214]]]}},{"type":"Feature","properties":{"kind":"canopy","h":9.82,"base":2.2,"leaf":"broadleaved"},"geometry":{"type":"Polygon","coordinates":[[[-97.7385661,30.2790393],[-97.7385865,30.279057],[-97.7386155,30.279057],[-97.7386359,30.2790393],[-97.7386359,30.2790143],[-97.7386155,30.2789966],[-97.7385865,30.2789966],[-97.7385661,30.2790143],[-97.7385661,30.2790393]]]}},{"type":"Feature","properties":{"kind":"trunk","h":2.5,"base":0},"geometry":{"type":"Polygon","coordinates":[[[-97.7385677,30.279121],[-97.7385553,30.279121],[-97.7385553,30.2791318],[-97.7385677,30.2791318],[-97.7385677,30.279121]]]}},{"type":"Feature","properties":{"kind":"canopy","h":8.39,"base":2.2,"leaf":"broadleaved"},"geometry":{"type":"Polygon","coordinates":[[[-97.7385212,30.2791408],[-97.7385448,30.2791612],[-97.7385782,30.2791612],[-97.7386018,30.2791408],[-97.7386018,30.279112],[-97.7385782,30.2790916],[-97.7385448,30.2790916],[-97.7385212,30.279112],[-97.7385212,30.2791408]]]}},{"type":"Feature","properties":{"kind":"trunk","h":2.5,"base":0},"geometry":{"type":"Polygon","coordinates":[[[-97.738532,30.2792221],[-97.7385196,30.2792221],[-97.7385196,30.2792329],[-97.738532,30.2792329],[-97.738532,30.2792221]]]}},{"type":"Feature","properties":{"kind":"canopy","h":7.68,"base":2.2,"leaf":"broadleaved"},"geometry":{"type":"Polygon","coordinates":[[[-97.738492,30.2792396],[-97.7385118,30.2792567],[-97.7385398,30.2792567],[-97.7385596,30.2792396],[-97.7385596,30.2792154],[-97.7385398,30.2791983],[-97.7385118,30.2791983],[-97.738492,30.2792154],[-97.738492,30.2792396]]]}},{"type":"Feature","properties":{"kind":"trunk","h":2.5,"base":0},"geometry":{"type":"Polygon","coordinates":[[[-97.7384948,30.2793133],[-97.7384824,30.2793133],[-97.7384824,30.2793241],[-97.7384948,30.2793241],[-97.7384948,30.2793133]]]}},{"type":"Feature","properties":{"kind":"canopy","h":9.99,"base":2.2,"leaf":"broadleaved"},"geometry":{"type":"Polygon","coordinates":[[[-97.7384561,30.2793303],[-97.7384752,30.2793467],[-97.738502,30.2793467],[-97.7385211,30.2793303],[-97.7385211,30.2793071],[-97.738502,30.2792907],[-97.7384752,30.2792907],[-97.7384561,30.2793071],[-97.7384561,30.2793303]]]}},{"type":"Feature","properties":{"kind":"trunk","h":2.5,"base":0},"geometry":{"type":"Polygon","coordinates":[[[-97.7384743,30.2793709],[-97.7384619,30.2793709],[-97.7384619,30.2793817],[-97.7384743,30.2793817],[-97.7384743,30.2793709]]]}},{"type":"Feature","properties":{"kind":"canopy","h":7.3,"base":2.2,"leaf":"broadleaved"},"geometry":{"type":"Polygon","coordinates":[[[-97.7384253,30.2793916],[-97.7384504,30.2794133],[-97.7384858,30.2794133],[-97.7385109,30.2793916],[-97.7385109,30.279361],[-97.7384858,30.2793393],[-97.7384504,30.2793393],[-97.7384253,30.279361],[-97.7384253,30.2793916]]]}},{"type":"Feature","properties":{"kind":"trunk","h":2.5,"base":0},"geometry":{"type":"Polygon","coordinates":[[[-97.7384558,30.2794236],[-97.7384434,30.2794236],[-97.7384434,30.2794344],[-97.7384558,30.2794344],[-97.7384558,30.2794236]]]}},{"type":"Feature","properties":{"kind":"canopy","h":9.37,"base":2.2,"leaf":"broadleaved"},"geometry":{"type":"Polygon","coordinates":[[[-97.7384087,30.2794436],[-97.7384327,30.2794643],[-97.7384665,30.2794643],[-97.7384905,30.2794436],[-97.7384905,30.2794144],[-97.7384665,30.2793937],[-97.7384327,30.2793937],[-97.7384087,30.2794144],[-97.7384087,30.2794436]]]}},{"type":"Feature","properties":{"kind":"trunk","h":2.5,"base":0},"geometry":{"type":"Polygon","coordinates":[[[-97.7387771,30.2785649],[-97.7387647,30.2785649],[-97.7387647,30.2785757],[-97.7387771,30.2785757],[-97.7387771,30.2785649]]]}},{"type":"Feature","properties":{"kind":"canopy","h":7.05,"base":2.2,"leaf":"broadleaved"},"geometry":{"type":"Polygon","coordinates":[[[-97.7387408,30.2785811],[-97.7387584,30.2785963],[-97.7387834,30.2785963],[-97.738801,30.2785811],[-97.738801,30.2785595],[-97.7387834,30.2785443],[-97.7387584,30.2785443],[-97.7387408,30.2785595],[-97.7387408,30.2785811]]]}},{"type":"Feature","properties":{"kind":"trunk","h":2.5,"base":0},"geometry":{"type":"Polygon","coordinates":[[[-97.7391937,30.2782168],[-97.7391813,30.2782168],[-97.7391813,30.2782276],[-97.7391937,30.2782276],[-97.7391937,30.2782168]]]}},{"type":"Feature","properties":{"kind":"canopy","h":7.63,"base":2.2,"leaf":"broadleaved"},"geometry":{"type":"Polygon","coordinates":[[[-97.7391466,30.2782368],[-97.7391705,30.2782576],[-97.7392045,30.2782576],[-97.7392284,30.2782368],[-97.7392284,30.2782076],[-97.7392045,30.2781868],[-97.7391705,30.2781868],[-97.7391466,30.2782076],[-97.7391466,30.2782368]]]}},{"type":"Feature","properties":{"kind":"trunk","h":2.5,"base":0},"geometry":{"type":"Polygon","coordinates":[[[-97.7392455,30.2780939],[-97.7392331,30.2780939],[-97.7392331,30.2781047],[-97.7392455,30.2781047],[-97.7392455,30.2780939]]]}},{"type":"Feature","properties":{"kind":"canopy","h":8.83,"base":2.2,"leaf":"broadleaved"},"geometry":{"type":"Polygon","coordinates":[[[-97.7392049,30.2781116],[-97.7392251,30.278129],[-97.7392535,30.278129],[-97.7392737,30.2781116],[-97.7392737,30.278087],[-97.7392535,30.2780696],[-97.7392251,30.2780696],[-97.7392049,30.278087],[-97.7392049,30.2781116]]]}},{"type":"Feature","properties":{"kind":"trunk","h":2.5,"base":0},"geometry":{"type":"Polygon","coordinates":[[[-97.7392664,30.2780269],[-97.739254,30.2780269],[-97.739254,30.2780377],[-97.7392664,30.2780377],[-97.7392664,30.2780269]]]}},{"type":"Feature","properties":{"kind":"canopy","h":8.05,"base":2.2,"leaf":"broadleaved"},"geometry":{"type":"Polygon","coordinates":[[[-97.7392296,30.2780432],[-97.7392475,30.2780587],[-97.7392729,30.2780587],[-97.7392908,30.2780432],[-97.7392908,30.2780214],[-97.7392729,30.2780059],[-97.7392475,30.2780059],[-97.7392296,30.2780214],[-97.7392296,30.2780432]]]}},{"type":"Feature","properties":{"kind":"trunk","h":2.5,"base":0},"geometry":{"type":"Polygon","coordinates":[[[-97.7392245,30.2772117],[-97.7392121,30.2772117],[-97.7392121,30.2772225],[-97.7392245,30.2772225],[-97.7392245,30.2772117]]]}},{"type":"Feature","properties":{"kind":"canopy","h":8.46,"base":2.2,"leaf":"broadleaved"},"geometry":{"type":"Polygon","coordinates":[[[-97.7391789,30.2772312],[-97.739202,30.2772511],[-97.7392346,30.2772511],[-97.7392577,30.2772312],[-97.7392577,30.277203],[-97.7392346,30.2771831],[-97.739202,30.2771831],[-97.7391789,30.277203],[-97.7391789,30.2772312]]]}},{"type":"Feature","properties":{"kind":"trunk","h":2.5,"base":0},"geometry":{"type":"Polygon","coordinates":[[[-97.7392521,30.2771441],[-97.7392397,30.2771441],[-97.7392397,30.2771549],[-97.7392521,30.2771549],[-97.7392521,30.2771441]]]}},{"type":"Feature","properties":{"kind":"canopy","h":8.44,"base":2.2,"leaf":"broadleaved"},"geometry":{"type":"Polygon","coordinates":[[[-97.7392113,30.2771619],[-97.7392315,30.2771794],[-97.7392603,30.2771794],[-97.7392805,30.2771619],[-97.7392805,30.2771371],[-97.7392603,30.2771196],[-97.7392315,30.2771196],[-97.7392113,30.2771371],[-97.7392113,30.2771619]]]}},{"type":"Feature","properties":{"kind":"trunk","h":2.5,"base":0},"geometry":{"type":"Polygon","coordinates":[[[-97.7392723,30.2770773],[-97.7392599,30.2770773],[-97.7392599,30.2770881],[-97.7392723,30.2770881],[-97.7392723,30.2770773]]]}},{"type":"Feature","properties":{"kind":"canopy","h":9.86,"base":2.2,"leaf":"broadleaved"},"geometry":{"type":"Polygon","coordinates":[[[-97.7392244,30.2770976],[-97.7392488,30.2771187],[-97.7392834,30.2771187],[-97.7393078,30.2770976],[-97.7393078,30.2770678],[-97.7392834,30.2770467],[-97.7392488,30.2770467],[-97.7392244,30.2770678],[-97.7392244,30.2770976]]]}},{"type":"Feature","properties":{"kind":"trunk","h":2.5,"base":0},"geometry":{"type":"Polygon","coordinates":[[[-97.7392039,30.2770587],[-97.7391915,30.2770587],[-97.7391915,30.2770695],[-97.7392039,30.2770695],[-97.7392039,30.2770587]]]}},{"type":"Feature","properties":{"kind":"canopy","h":9.11,"base":2.2,"leaf":"broadleaved"},"geometry":{"type":"Polygon","coordinates":[[[-97.7391619,30.2770769],[-97.7391829,30.277095],[-97.7392125,30.277095],[-97.7392335,30.2770769],[-97.7392335,30.2770513],[-97.7392125,30.2770332],[-97.7391829,30.2770332],[-97.7391619,30.2770513],[-97.7391619,30.2770769]]]}},{"type":"Feature","properties":{"kind":"trunk","h":2.5,"base":0},"geometry":{"type":"Polygon","coordinates":[[[-97.7391848,30.2771204],[-97.7391724,30.2771204],[-97.7391724,30.2771312],[-97.7391848,30.2771312],[-97.7391848,30.2771204]]]}},{"type":"Feature","properties":{"kind":"canopy","h":7.14,"base":2.2,"leaf":"broadleaved"},"geometry":{"type":"Polygon","coordinates":[[[-97.7391463,30.2771373],[-97.7391652,30.2771537],[-97.739192,30.2771537],[-97.7392109,30.2771373],[-97.7392109,30.2771143],[-97.739192,30.2770979],[-97.7391652,30.2770979],[-97.7391463,30.2771143],[-97.7391463,30.2771373]]]}},{"type":"Feature","properties":{"kind":"trunk","h":2.5,"base":0},"geometry":{"type":"Polygon","coordinates":[[[-97.7391637,30.2771894],[-97.7391513,30.2771894],[-97.7391513,30.2772002],[-97.7391637,30.2772002],[-97.7391637,30.2771894]]]}},{"type":"Feature","properties":{"kind":"canopy","h":8.56,"base":2.2,"leaf":"broadleaved"},"geometry":{"type":"Polygon","coordinates":[[[-97.7391158,30.2772097],[-97.7391402,30.2772309],[-97.7391748,30.2772309],[-97.7391992,30.2772097],[-97.7391992,30.2771799],[-97.7391748,30.2771587],[-97.7391402,30.2771587],[-97.7391158,30.2771799],[-97.7391158,30.2772097]]]}},{"type":"Feature","properties":{"kind":"trunk","h":2.5,"base":0},"geometry":{"type":"Polygon","coordinates":[[[-97.7391784,30.2773338],[-97.739166,30.2773338],[-97.739166,30.2773446],[-97.7391784,30.2773446],[-97.7391784,30.2773338]]]}},{"type":"Feature","properties":{"kind":"canopy","h":9.39,"base":2.2,"leaf":"broadleaved"},"geometry":{"type":"Polygon","coordinates":[[[-97.7391362,30.2773521],[-97.7391573,30.2773703],[-97.7391871,30.2773703],[-97.7392082,30.2773521],[-97.7392082,30.2773263],[-97.7391871,30.2773081],[-97.7391573,30.2773081],[-97.7391362,30.2773263],[-97.7391362,30.2773521]]]}},{"type":"Feature","properties":{"kind":"trunk","h":2.5,"base":0},"geometry":{"type":"Polygon","coordinates":[[[-97.7391472,30.2774127],[-97.7391348,30.2774127],[-97.7391348,30.2774235],[-97.7391472,30.2774235],[-97.7391472,30.2774127]]]}},{"type":"Feature","properties":{"kind":"canopy","h":8.89,"base":2.2,"leaf":"broadleaved"},"geometry":{"type":"Polygon","coordinates":[[[-97.7391106,30.277429],[-97.7391284,30.2774444],[-97.7391536,30.2774444],[-97.7391714,30.277429],[-97.7391714,30.2774072],[-97.7391536,30.2773918],[-97.7391284,30.2773918],[-97.7391106,30.2774072],[-97.7391106,30.277429]]]}},{"type":"Feature","properties":{"kind":"trunk","h":2.5,"base":0},"geometry":{"type":"Polygon","coordinates":[[[-97.739098,30.2775513],[-97.7390856,30.2775513],[-97.7390856,30.2775621],[-97.739098,30.2775621],[-97.739098,30.2775513]]]}},{"type":"Feature","properties":{"kind":"canopy","h":9.14,"base":2.2,"leaf":"broadleaved"},"geometry":{"type":"Polygon","coordinates":[[[-97.7390587,30.2775685],[-97.7390781,30.2775852],[-97.7391055,30.2775852],[-97.7391249,30.2775685],[-97.7391249,30.2775449],[-97.7391055,30.2775282],[-97.7390781,30.2775282],[-97.7390587,30.2775449],[-97.7390587,30.2775685]]]}},{"type":"Feature","properties":{"kind":"trunk","h":2.5,"base":0},"geometry":{"type":"Polygon","coordinates":[[[-97.7390659,30.2776238],[-97.7390535,30.2776238],[-97.7390535,30.2776346],[-97.7390659,30.2776346],[-97.7390659,30.2776238]]]}},{"type":"Feature","properties":{"kind":"canopy","h":8.83,"base":2.2,"leaf":"broadleaved"},"geometry":{"type":"Polygon","coordinates":[[[-97.7390183,30.277644],[-97.7390425,30.277665],[-97.7390769,30.277665],[-97.7391011,30.277644],[-97.7391011,30.2776144],[-97.7390769,30.2775934],[-97.7390425,30.2775934],[-97.7390183,30.2776144],[-97.7390183,30.277644]]]}},{"type":"Feature","properties":{"kind":"trunk","h":2.5,"base":0},"geometry":{"type":"Polygon","coordinates":[[[-97.7390418,30.2776993],[-97.7390294,30.2776993],[-97.7390294,30.2777101],[-97.7390418,30.2777101],[-97.7390418,30.2776993]]]}},{"type":"Feature","properties":{"kind":"canopy","h":9.21,"base":2.2,"leaf":"broadleaved"},"geometry":{"type":"Polygon","coordinates":[[[-97.7389962,30.2777188],[-97.7390193,30.2777388],[-97.7390519,30.2777388],[-97.739075,30.2777188],[-97.739075,30.2776906],[-97.7390519,30.2776706],[-97.7390193,30.2776706],[-97.7389962,30.2776906],[-97.7389962,30.2777188]]]}},{"type":"Feature","properties":{"kind":"trunk","h":2.5,"base":0},"geometry":{"type":"Polygon","coordinates":[[[-97.7391205,30.2774824],[-97.7391081,30.2774824],[-97.7391081,30.2774932],[-97.7391205,30.2774932],[-97.7391205,30.2774824]]]}},{"type":"Feature","properties":{"kind":"canopy","h":9.78,"base":2.2,"leaf":"broadleaved"},"geometry":{"type":"Polygon","coordinates":[[[-97.7390829,30.277499],[-97.7391013,30.277515],[-97.7391273,30.277515],[-97.7391457,30.277499],[-97.7391457,30.2774766],[-97.7391273,30.2774606],[-97.7391013,30.2774606],[-97.7390829,30.2774766],[-97.7390829,30.277499]]]}},{"type":"Feature","properties":{"kind":"trunk","h":2.5,"base":0},"geometry":{"type":"Polygon","coordinates":[[[-97.73911,30.2773059],[-97.7390976,30.2773059],[-97.7390976,30.2773167],[-97.73911,30.2773167],[-97.73911,30.2773059]]]}},{"type":"Feature","properties":{"kind":"canopy","h":7.02,"base":2.2,"leaf":"broadleaved"},"geometry":{"type":"Polygon","coordinates":[[[-97.7390683,30.277324],[-97.7390891,30.2773419],[-97.7391185,30.2773419],[-97.7391393,30.277324],[-97.7391393,30.2772986],[-97.7391185,30.2772807],[-97.7390891,30.2772807],[-97.7390683,30.2772986],[-97.7390683,30.277324]]]}},{"type":"Feature","properties":{"kind":"trunk","h":2.5,"base":0},"geometry":{"type":"Polygon","coordinates":[[[-97.7390813,30.2773862],[-97.7390689,30.2773862],[-97.7390689,30.277397],[-97.7390813,30.277397],[-97.7390813,30.2773862]]]}},{"type":"Feature","properties":{"kind":"canopy","h":7.69,"base":2.2,"leaf":"broadleaved"},"geometry":{"type":"Polygon","coordinates":[[[-97.7390448,30.2774024],[-97.7390626,30.2774178],[-97.7390876,30.2774178],[-97.7391054,30.2774024],[-97.7391054,30.2773808],[-97.7390876,30.2773654],[-97.7390626,30.2773654],[-97.7390448,30.2773808],[-97.7390448,30.2774024]]]}},{"type":"Feature","properties":{"kind":"trunk","h":2.5,"base":0},"geometry":{"type":"Polygon","coordinates":[[[-97.7390561,30.2774564],[-97.7390437,30.2774564],[-97.7390437,30.2774672],[-97.7390561,30.2774672],[-97.7390561,30.2774564]]]}},{"type":"Feature","properties":{"kind":"canopy","h":7.62,"base":2.2,"leaf":"broadleaved"},"geometry":{"type":"Polygon","coordinates":[[[-97.7390075,30.277477],[-97.7390323,30.2774984],[-97.7390675,30.2774984],[-97.7390923,30.277477],[-97.7390923,30.2774466],[-97.7390675,30.2774252],[-97.7390323,30.2774252],[-97.7390075,30.2774466],[-97.7390075,30.277477]]]}},{"type":"Feature","properties":{"kind":"trunk","h":2.5,"base":0},"geometry":{"type":"Polygon","coordinates":[[[-97.7390318,30.2775243],[-97.7390194,30.2775243],[-97.7390194,30.2775351],[-97.7390318,30.2775351],[-97.7390318,30.2775243]]]}},{"type":"Feature","properties":{"kind":"canopy","h":9.91,"base":2.2,"leaf":"broadleaved"},"geometry":{"type":"Polygon","coordinates":[[[-97.7389844,30.2775444],[-97.7390085,30.2775653],[-97.7390427,30.2775653],[-97.7390668,30.2775444],[-97.7390668,30.277515],[-97.7390427,30.2774941],[-97.7390085,30.2774941],[-97.7389844,30.277515],[-97.7389844,30.2775444]]]}},{"type":"Feature","properties":{"kind":"trunk","h":2.5,"base":0},"geometry":{"type":"Polygon","coordinates":[[[-97.7390063,30.2775957],[-97.7389939,30.2775957],[-97.7389939,30.2776065],[-97.7390063,30.2776065],[-97.7390063,30.2775957]]]}},{"type":"Feature","properties":{"kind":"canopy","h":8.4,"base":2.2,"leaf":"broadleaved"},"geometry":{"type":"Polygon","coordinates":[[[-97.7389628,30.2776144],[-97.7389847,30.2776333],[-97.7390155,30.2776333],[-97.7390374,30.2776144],[-97.7390374,30.2775878],[-97.7390155,30.2775689],[-97.7389847,30.2775689],[-97.7389628,30.2775878],[-97.7389628,30.2776144]]]}},{"type":"Feature","properties":{"kind":"trunk","h":2.5,"base":0},"geometry":{"type":"Polygon","coordinates":[[[-97.7389784,30.2776736],[-97.738966,30.2776736],[-97.738966,30.2776844],[-97.7389784,30.2776844],[-97.7389784,30.2776736]]]}},{"type":"Feature","properties":{"kind":"canopy","h":9.67,"base":2.2,"leaf":"broadleaved"},"geometry":{"type":"Polygon","coordinates":[[[-97.7389371,30.2776915],[-97.7389577,30.2777093],[-97.7389867,30.2777093],[-97.7390073,30.2776915],[-97.7390073,30.2776665],[-97.7389867,30.2776487],[-97.7389577,30.2776487],[-97.7389371,30.2776665],[-97.7389371,30.2776915]]]}},{"type":"Feature","properties":{"kind":"trunk","h":2.5,"base":0},"geometry":{"type":"Polygon","coordinates":[[[-97.7391363,30.2776661],[-97.7391239,30.2776661],[-97.7391239,30.2776769],[-97.7391363,30.2776769],[-97.7391363,30.2776661]]]}},{"type":"Feature","properties":{"kind":"canopy","h":8.09,"base":2.2,"leaf":"broadleaved"},"geometry":{"type":"Polygon","coordinates":[[[-97.7390992,30.2776825],[-97.7391173,30.2776982],[-97.7391429,30.2776982],[-97.739161,30.2776825],[-97.739161,30.2776605],[-97.7391429,30.2776448],[-97.7391173,30.2776448],[-97.7390992,30.2776605],[-97.7390992,30.2776825]]]}},{"type":"Feature","properties":{"kind":"trunk","h":2.5,"base":0},"geometry":{"type":"Polygon","coordinates":[[[-97.7391548,30.2775987],[-97.7391424,30.2775987],[-97.7391424,30.2776095],[-97.7391548,30.2776095],[-97.7391548,30.2775987]]]}},{"type":"Feature","properties":{"kind":"canopy","h":9.13,"base":2.2,"leaf":"broadleaved"},"geometry":{"type":"Polygon","coordinates":[[[-97.7391196,30.2776145],[-97.7391366,30.2776292],[-97.7391606,30.2776292],[-97.7391776,30.2776145],[-97.7391776,30.2775937],[-97.7391606,30.277579],[-97.7391366,30.277579],[-97.7391196,30.2775937],[-97.7391196,30.2776145]]]}},{"type":"Feature","properties":{"kind":"trunk","h":2.5,"base":0},"geometry":{"type":"Polygon","coordinates":[[[-97.7394152,30.2776841],[-97.7394028,30.2776841],[-97.7394028,30.2776949],[-97.7394152,30.2776949],[-97.7394152,30.2776841]]]}},{"type":"Feature","properties":{"kind":"canopy","h":9.61,"base":2.2,"leaf":"broadleaved"},"geometry":{"type":"Polygon","coordinates":[[[-97.7393668,30.2777046],[-97.7393915,30.277726],[-97.7394265,30.277726],[-97.7394512,30.2777046],[-97.7394512,30.2776744],[-97.7394265,30.277653],[-97.7393915,30.277653],[-97.7393668,30.2776744],[-97.7393668,30.2777046]]]}},{"type":"Feature","properties":{"kind":"trunk","h":2.5,"base":0},"geometry":{"type":"Polygon","coordinates":[[[-97.7390641,30.2769838],[-97.7390517,30.2769838],[-97.7390517,30.2769946],[-97.7390641,30.2769946],[-97.7390641,30.2769838]]]}},{"type":"Feature","properties":{"kind":"canopy","h":9.03,"base":2.2,"leaf":"broadleaved"},"geometry":{"type":"Polygon","coordinates":[[[-97.7390231,30.2770016],[-97.7390435,30.2770193],[-97.7390723,30.2770193],[-97.7390927,30.2770016],[-97.7390927,30.2769768],[-97.7390723,30.2769591],[-97.7390435,30.2769591],[-97.7390231,30.2769768],[-97.7390231,30.2770016]]]}},{"type":"Feature","properties":{"kind":"trunk","h":2.5,"base":0},"geometry":{"type":"Polygon","coordinates":[[[-97.7389897,30.2770443],[-97.7389773,30.2770443],[-97.7389773,30.2770551],[-97.7389897,30.2770551],[-97.7389897,30.2770443]]]}},{"type":"Feature","properties":{"kind":"canopy","h":8.79,"base":2.2,"leaf":"broadleaved"},"geometry":{"type":"Polygon","coordinates":[[[-97.7389427,30.2770643],[-97.7389666,30.2770849],[-97.7390004,30.2770849],[-97.7390243,30.2770643],[-97.7390243,30.2770351],[-97.7390004,30.2770145],[-97.7389666,30.2770145],[-97.7389427,30.2770351],[-97.7389427,30.2770643]]]}},{"type":"Feature","properties":{"kind":"trunk","h":2.5,"base":0},"geometry":{"type":"Polygon","coordinates":[[[-97.7348308,30.2776474],[-97.7348184,30.2776474],[-97.7348184,30.2776582],[-97.7348308,30.2776582],[-97.7348308,30.2776474]]]}},{"type":"Feature","properties":{"kind":"canopy","h":8.45,"base":2.2,"leaf":"broadleaved"},"geometry":{"type":"Polygon","coordinates":[[[-97.7347944,30.2776636],[-97.7348121,30.2776789],[-97.7348371,30.2776789],[-97.7348548,30.2776636],[-97.7348548,30.277642],[-97.7348371,30.2776267],[-97.7348121,30.2776267],[-97.7347944,30.277642],[-97.7347944,30.2776636]]]}},{"type":"Feature","properties":{"kind":"trunk","h":2.5,"base":0},"geometry":{"type":"Polygon","coordinates":[[[-97.734808,30.2776978],[-97.7347956,30.2776978],[-97.7347956,30.2777086],[-97.734808,30.2777086],[-97.734808,30.2776978]]]}},{"type":"Feature","properties":{"kind":"canopy","h":9.97,"base":2.2,"leaf":"broadleaved"},"geometry":{"type":"Polygon","coordinates":[[[-97.734765,30.2777163],[-97.7347866,30.2777349],[-97.734817,30.2777349],[-97.7348386,30.2777163],[-97.7348386,30.2776901],[-97.734817,30.2776715],[-97.7347866,30.2776715],[-97.734765,30.2776901],[-97.734765,30.2777163]]]}},{"type":"Feature","properties":{"kind":"trunk","h":2.5,"base":0},"geometry":{"type":"Polygon","coordinates":[[[-97.7348783,30.2776822],[-97.7348659,30.2776822],[-97.7348659,30.277693],[-97.7348783,30.277693],[-97.7348783,30.2776822]]]}},{"type":"Feature","properties":{"kind":"canopy","h":8.28,"base":2.2,"leaf":"broadleaved"},"geometry":{"type":"Polygon","coordinates":[[[-97.734834,30.2777012],[-97.7348563,30.2777205],[-97.7348879,30.2777205],[-97.7349102,30.2777012],[-97.7349102,30.277674],[-97.7348879,30.2776547],[-97.7348563,30.2776547],[-97.734834,30.277674],[-97.734834,30.2777012]]]}},{"type":"Feature","properties":{"kind":"trunk","h":2.5,"base":0},"geometry":{"type":"Polygon","coordinates":[[[-97.7342168,30.2779154],[-97.7342044,30.2779154],[-97.7342044,30.2779262],[-97.7342168,30.2779262],[-97.7342168,30.2779154]]]}},{"type":"Feature","properties":{"kind":"canopy","h":7.86,"base":2.2,"leaf":"broadleaved"},"geometry":{"type":"Polygon","coordinates":[[[-97.7341682,30.277936],[-97.734193,30.2779574],[-97.7342282,30.2779574],[-97.734253,30.277936],[-97.734253,30.2779056],[-97.7342282,30.2778842],[-97.734193,30.2778842],[-97.7341682,30.2779056],[-97.7341682,30.277936]]]}},{"type":"Feature","properties":{"kind":"trunk","h":2.5,"base":0},"geometry":{"type":"Polygon","coordinates":[[[-97.7420191,30.2888197],[-97.7420067,30.2888197],[-97.7420067,30.2888305],[-97.7420191,30.2888305],[-97.7420191,30.2888197]]]}},{"type":"Feature","properties":{"kind":"canopy","h":9.43,"base":2.2,"leaf":"broadleaved"},"geometry":{"type":"Polygon","coordinates":[[[-97.7419781,30.2888375],[-97.7419985,30.2888551],[-97.7420273,30.2888551],[-97.7420477,30.2888375],[-97.7420477,30.2888127],[-97.7420273,30.2887951],[-97.7419985,30.2887951],[-97.7419781,30.2888127],[-97.7419781,30.2888375]]]}},{"type":"Feature","properties":{"kind":"trunk","h":2.5,"base":0},"geometry":{"type":"Polygon","coordinates":[[[-97.7418154,30.2888018],[-97.741803,30.2888018],[-97.741803,30.2888126],[-97.7418154,30.2888126],[-97.7418154,30.2888018]]]}},{"type":"Feature","properties":{"kind":"canopy","h":8.0,"base":2.2,"leaf":"broadleaved"},"geometry":{"type":"Polygon","coordinates":[[[-97.7417719,30.2888206],[-97.7417937,30.2888394],[-97.7418247,30.2888394],[-97.7418465,30.2888206],[-97.7418465,30.2887938],[-97.7418247,30.288775],[-97.7417937,30.288775],[-97.7417719,30.2887938],[-97.7417719,30.2888206]]]}},{"type":"Feature","properties":{"kind":"trunk","h":2.5,"base":0},"geometry":{"type":"Polygon","coordinates":[[[-97.739713,30.2787533],[-97.7397006,30.2787533],[-97.7397006,30.2787641],[-97.739713,30.2787641],[-97.739713,30.2787533]]]}},{"type":"Feature","properties":{"kind":"canopy","h":7.03,"base":2.2,"leaf":"broadleaved"},"geometry":{"type":"Polygon","coordinates":[[[-97.7396776,30.2787692],[-97.7396947,30.2787839],[-97.7397189,30.2787839],[-97.739736,30.2787692],[-97.739736,30.2787482],[-97.7397189,30.2787335],[-97.7396947,30.2787335],[-97.7396776,30.2787482],[-97.7396776,30.2787692]]]}},{"type":"Feature","properties":{"kind":"trunk","h":2.5,"base":0},"geometry":{"type":"Polygon","coordinates":[[[-97.7397547,30.2786895],[-97.7397423,30.2786895],[-97.7397423,30.2787003],[-97.7397547,30.2787003],[-97.7397547,30.2786895]]]}},{"type":"Feature","properties":{"kind":"canopy","h":9.19,"base":2.2,"leaf":"broadleaved"},"geometry":{"type":"Polygon","coordinates":[[[-97.7397168,30.2787062],[-97.7397354,30.2787222],[-97.7397616,30.2787222],[-97.7397802,30.2787062],[-97.7397802,30.2786836],[-97.7397616,30.2786676],[-97.7397354,30.2786676],[-97.7397168,30.2786836],[-97.7397168,30.2787062]]]}},{"type":"Feature","properties":{"kind":"trunk","h":2.5,"base":0},"geometry":{"type":"Polygon","coordinates":[[[-97.7397392,30.278621],[-97.7397268,30.278621],[-97.7397268,30.2786318],[-97.7397392,30.2786318],[-97.7397392,30.278621]]]}},{"type":"Feature","properties":{"kind":"canopy","h":8.14,"base":2.2,"leaf":"broadleaved"},"geometry":{"type":"Polygon","coordinates":[[[-97.7396911,30.2786414],[-97.7397156,30.2786626],[-97.7397504,30.2786626],[-97.7397749,30.2786414],[-97.7397749,30.2786114],[-97.7397504,30.2785902],[-97.7397156,30.2785902],[-97.7396911,30.2786114],[-97.7396911,30.2786414]]]}},{"type":"Feature","properties":{"kind":"trunk","h":2.5,"base":0},"geometry":{"type":"Polygon","coordinates":[[[-97.7336367,30.2850061],[-97.7336243,30.2850061],[-97.7336243,30.2850169],[-97.7336367,30.2850169],[-97.7336367,30.2850061]]]}},{"type":"Feature","properties":{"kind":"canopy","h":9.02,"base":2.2,"leaf":"broadleaved"},"geometry":{"type":"Polygon","coordinates":[[[-97.7335924,30.2850251],[-97.7336147,30.2850444],[-97.7336463,30.2850444],[-97.7336686,30.2850251],[-97.7336686,30.2849979],[-97.7336463,30.2849786],[-97.7336147,30.2849786],[-97.7335924,30.2849979],[-97.7335924,30.2850251]]]}},{"type":"Feature","properties":{"kind":"trunk","h":2.5,"base":0},"geometry":{"type":"Polygon","coordinates":[[[-97.7335434,30.285077],[-97.733531,30.285077],[-97.733531,30.2850878],[-97.7335434,30.2850878],[-97.7335434,30.285077]]]}},{"type":"Feature","properties":{"kind":"canopy","h":7.57,"base":2.2,"leaf":"broadleaved"},"geometry":{"type":"Polygon","coordinates":[[[-97.7335033,30.2850945],[-97.7335232,30.2851117],[-97.7335512,30.2851117],[-97.7335711,30.2850945],[-97.7335711,30.2850703],[-97.7335512,30.2850531],[-97.7335232,30.2850531],[-97.7335033,30.2850703],[-97.7335033,30.2850945]]]}},{"type":"Feature","properties":{"kind":"trunk","h":2.5,"base":0},"geometry":{"type":"Polygon","coordinates":[[[-97.7317728,30.2849373],[-97.7317604,30.2849373],[-97.7317604,30.2849481],[-97.7317728,30.2849481],[-97.7317728,30.2849373]]]}},{"type":"Feature","properties":{"kind":"canopy","h":9.59,"base":2.2,"leaf":"broadleaved"},"geometry":{"type":"Polygon","coordinates":[[[-97.7317235,30.2849581],[-97.7317488,30.2849799],[-97.7317844,30.2849799],[-97.7318097,30.2849581],[-97.7318097,30.2849273],[-97.7317844,30.2849055],[-97.7317488,30.2849055],[-97.7317235,30.2849273],[-97.7317235,30.2849581]]]}},{"type":"Feature","properties":{"kind":"trunk","h":2.5,"base":0},"geometry":{"type":"Polygon","coordinates":[[[-97.7320081,30.284953],[-97.7319957,30.284953],[-97.7319957,30.2849638],[-97.7320081,30.2849638],[-97.7320081,30.284953]]]}},{"type":"Feature","properties":{"kind":"canopy","h":8.03,"base":2.2,"leaf":"broadleaved"},"geometry":{"type":"Polygon","coordinates":[[[-97.7319638,30.284972],[-97.7319861,30.2849913],[-97.7320177,30.2849913],[-97.73204,30.284972],[-97.73204,30.2849448],[-97.7320177,30.2849255],[-97.7319861,30.2849255],[-97.7319638,30.2849448],[-97.7319638,30.284972]]]}},{"type":"Feature","properties":{"kind":"trunk","h":2.5,"base":0},"geometry":{"type":"Polygon","coordinates":[[[-97.7321161,30.2849703],[-97.7321037,30.2849703],[-97.7321037,30.2849811],[-97.7321161,30.2849811],[-97.7321161,30.2849703]]]}},{"type":"Feature","properties":{"kind":"canopy","h":7.23,"base":2.2,"leaf":"broadleaved"},"geometry":{"type":"Polygon","coordinates":[[[-97.7320684,30.2849906],[-97.7320927,30.2850116],[-97.7321271,30.2850116],[-97.7321514,30.2849906],[-97.7321514,30.2849608],[-97.7321271,30.2849398],[-97.7320927,30.2849398],[-97.7320684,30.2849608],[-97.7320684,30.2849906]]]}},{"type":"Feature","properties":{"kind":"trunk","h":2.5,"base":0},"geometry":{"type":"Polygon","coordinates":[[[-97.7322455,30.2849802],[-97.7322331,30.2849802],[-97.7322331,30.284991],[-97.7322455,30.284991],[-97.7322455,30.2849802]]]}},{"type":"Feature","properties":{"kind":"canopy","h":8.0,"base":2.2,"leaf":"broadleaved"},"geometry":{"type":"Polygon","coordinates":[[[-97.7322083,30.2849967],[-97.7322264,30.2850124],[-97.7322522,30.2850124],[-97.7322703,30.2849967],[-97.7322703,30.2849745],[-97.7322522,30.2849588],[-97.7322264,30.2849588],[-97.7322083,30.2849745],[-97.7322083,30.2849967]]]}},{"type":"Feature","properties":{"kind":"trunk","h":2.5,"base":0},"geometry":{"type":"Polygon","coordinates":[[[-97.7325928,30.285012],[-97.7325804,30.285012],[-97.7325804,30.2850228],[-97.7325928,30.2850228],[-97.7325928,30.285012]]]}},{"type":"Feature","properties":{"kind":"canopy","h":9.65,"base":2.2,"leaf":"broadleaved"},"geometry":{"type":"Polygon","coordinates":[[[-97.7325447,30.2850324],[-97.7325692,30.2850536],[-97.732604,30.2850536],[-97.7326285,30.2850324],[-97.7326285,30.2850024],[-97.732604,30.2849812],[-97.7325692,30.2849812],[-97.7325447,30.2850024],[-97.7325447,30.2850324]]]}},{"type":"Feature","properties":{"kind":"trunk","h":2.5,"base":0},"geometry":{"type":"Polygon","coordinates":[[[-97.7327176,30.2850213],[-97.7327052,30.2850213],[-97.7327052,30.2850321],[-97.7327176,30.2850321],[-97.7327176,30.2850213]]]}},{"type":"Feature","properties":{"kind":"canopy","h":7.46,"base":2.2,"leaf":"broadleaved"},"geometry":{"type":"Polygon","coordinates":[[[-97.7326705,30.2850413],[-97.7326945,30.285062],[-97.7327283,30.285062],[-97.7327523,30.2850413],[-97.7327523,30.2850121],[-97.7327283,30.2849914],[-97.7326945,30.2849914],[-97.7326705,30.2850121],[-97.7326705,30.2850413]]]}},{"type":"Feature","properties":{"kind":"trunk","h":2.5,"base":0},"geometry":{"type":"Polygon","coordinates":[[[-97.7328255,30.2850265],[-97.7328131,30.2850265],[-97.7328131,30.2850373],[-97.7328255,30.2850373],[-97.7328255,30.2850265]]]}},{"type":"Feature","properties":{"kind":"canopy","h":9.77,"base":2.2,"leaf":"broadleaved"},"geometry":{"type":"Polygon","coordinates":[[[-97.7327863,30.2850437],[-97.7328056,30.2850604],[-97.732833,30.2850604],[-97.7328523,30.2850437],[-97.7328523,30.2850201],[-97.732833,30.2850034],[-97.7328056,30.2850034],[-97.7327863,30.2850201],[-97.7327863,30.2850437]]]}},{"type":"Feature","properties":{"kind":"trunk","h":2.5,"base":0},"geometry":{"type":"Polygon","coordinates":[[[-97.7330441,30.2850381],[-97.7330317,30.2850381],[-97.7330317,30.2850489],[-97.7330441,30.2850489],[-97.7330441,30.2850381]]]}},{"type":"Feature","properties":{"kind":"canopy","h":8.64,"base":2.2,"leaf":"broadleaved"},"geometry":{"type":"Polygon","coordinates":[[[-97.7330001,30.285057],[-97.7330222,30.2850762],[-97.7330536,30.2850762],[-97.7330757,30.285057],[-97.7330757,30.28503],[-97.7330536,30.2850108],[-97.7330222,30.2850108],[-97.7330001,30.28503],[-97.7330001,30.285057]]]}},{"type":"Feature","properties":{"kind":"trunk","h":2.5,"base":0},"geometry":{"type":"Polygon","coordinates":[[[-97.733476,30.2850763],[-97.7334636,30.2850763],[-97.7334636,30.2850871],[-97.733476,30.2850871],[-97.733476,30.2850763]]]}},{"type":"Feature","properties":{"kind":"canopy","h":8.87,"base":2.2,"leaf":"broadleaved"},"geometry":{"type":"Polygon","coordinates":[[[-97.7334284,30.2850965],[-97.7334527,30.2851175],[-97.7334869,30.2851175],[-97.7335112,30.2850965],[-97.7335112,30.2850669],[-97.7334869,30.2850459],[-97.7334527,30.2850459],[-97.7334284,30.2850669],[-97.7334284,30.2850965]]]}},{"type":"Feature","properties":{"kind":"trunk","h":2.5,"base":0},"geometry":{"type":"Polygon","coordinates":[[[-97.7336456,30.2849553],[-97.7336332,30.2849553],[-97.7336332,30.2849661],[-97.7336456,30.2849661],[-97.7336456,30.2849553]]]}},{"type":"Feature","properties":{"kind":"canopy","h":8.28,"base":2.2,"leaf":"broadleaved"},"geometry":{"type":"Polygon","coordinates":[[[-97.7335991,30.2849751],[-97.7336227,30.2849955],[-97.7336561,30.2849955],[-97.7336797,30.2849751],[-97.7336797,30.2849463],[-97.7336561,30.2849259],[-97.7336227,30.2849259],[-97.7335991,30.2849463],[-97.7335991,30.2849751]]]}},{"type":"Feature","properties":{"kind":"trunk","h":2.5,"base":0},"geometry":{"type":"Polygon","coordinates":[[[-97.7314891,30.2828157],[-97.7314767,30.2828157],[-97.7314767,30.2828265],[-97.7314891,30.2828265],[-97.7314891,30.2828157]]]}},{"type":"Feature","properties":{"kind":"canopy","h":7.15,"base":2.2,"leaf":"broadleaved"},"geometry":{"type":"Polygon","coordinates":[[[-97.7314454,30.2828345],[-97.7314674,30.2828535],[-97.7314984,30.2828535],[-97.7315204,30.2828345],[-97.7315204,30.2828077],[-97.7314984,30.2827887],[-97.7314674,30.2827887],[-97.7314454,30.2828077],[-97.7314454,30.2828345]]]}},{"type":"Feature","properties":{"kind":"trunk","h":2.5,"base":0},"geometry":{"type":"Polygon","coordinates":[[[-97.7314683,30.2828939],[-97.7314559,30.2828939],[-97.7314559,30.2829047],[-97.7314683,30.2829047],[-97.7314683,30.2828939]]]}},{"type":"Feature","properties":{"kind":"canopy","h":8.5,"base":2.2,"leaf":"broadleaved"},"geometry":{"type":"Polygon","coordinates":[[[-97.7314213,30.2829139],[-97.7314452,30.2829346],[-97.731479,30.2829346],[-97.7315029,30.2829139],[-97.7315029,30.2828847],[-97.731479,30.282864],[-97.7314452,30.282864],[-97.7314213,30.2828847],[-97.7314213,30.2829139]]]}},{"type":"Feature","properties":{"kind":"trunk","h":2.5,"base":0},"geometry":{"type":"Polygon","coordinates":[[[-97.7314482,30.282957],[-97.7314358,30.282957],[-97.7314358,30.2829678],[-97.7314482,30.2829678],[-97.7314482,30.282957]]]}},{"type":"Feature","properties":{"kind":"canopy","h":8.57,"base":2.2,"leaf":"broadleaved"},"geometry":{"type":"Polygon","coordinates":[[[-97.7314067,30.282975],[-97.7314274,30.2829929],[-97.7314566,30.2829929],[-97.7314773,30.282975],[-97.7314773,30.2829498],[-97.7314566,30.2829319],[-97.7314274,30.2829319],[-97.7314067,30.2829498],[-97.7314067,30.282975]]]}},{"type":"Feature","properties":{"kind":"trunk","h":2.5,"base":0},"geometry":{"type":"Polygon","coordinates":[[[-97.7314274,30.283012],[-97.731415,30.283012],[-97.731415,30.2830228],[-97.7314274,30.2830228],[-97.7314274,30.283012]]]}},{"type":"Feature","properties":{"kind":"canopy","h":9.72,"base":2.2,"leaf":"broadleaved"},"geometry":{"type":"Polygon","coordinates":[[[-97.7313869,30.2830297],[-97.731407,30.283047],[-97.7314354,30.283047],[-97.7314555,30.2830297],[-97.7314555,30.2830051],[-97.7314354,30.2829878],[-97.731407,30.2829878],[-97.7313869,30.2830051],[-97.7313869,30.2830297]]]}},{"type":"Feature","properties":{"kind":"trunk","h":2.5,"base":0},"geometry":{"type":"Polygon","coordinates":[[[-97.7314167,30.2830491],[-97.7314043,30.2830491],[-97.7314043,30.2830599],[-97.7314167,30.2830599],[-97.7314167,30.2830491]]]}},{"type":"Feature","properties":{"kind":"canopy","h":8.75,"base":2.2,"leaf":"broadleaved"},"geometry":{"type":"Polygon","coordinates":[[[-97.7313772,30.2830664],[-97.7313967,30.2830833],[-97.7314243,30.2830833],[-97.7314438,30.2830664],[-97.7314438,30.2830426],[-97.7314243,30.2830257],[-97.7313967,30.2830257],[-97.7313772,30.2830426],[-97.7313772,30.2830664]]]}},{"type":"Feature","properties":{"kind":"trunk","h":2.5,"base":0},"geometry":{"type":"Polygon","coordinates":[[[-97.7313966,30.2831423],[-97.7313842,30.2831423],[-97.7313842,30.2831531],[-97.7313966,30.2831531],[-97.7313966,30.2831423]]]}},{"type":"Feature","properties":{"kind":"canopy","h":7.75,"base":2.2,"leaf":"broadleaved"},"geometry":{"type":"Polygon","coordinates":[[[-97.7313584,30.2831591],[-97.7313772,30.2831753],[-97.7314036,30.2831753],[-97.7314224,30.2831591],[-97.7314224,30.2831363],[-97.7314036,30.2831201],[-97.7313772,30.2831201],[-97.7313584,30.2831363],[-97.7313584,30.2831591]]]}},{"type":"Feature","properties":{"kind":"trunk","h":2.5,"base":0},"geometry":{"type":"Polygon","coordinates":[[[-97.7313785,30.2832095],[-97.7313661,30.2832095],[-97.7313661,30.2832203],[-97.7313785,30.2832203],[-97.7313785,30.2832095]]]}},{"type":"Feature","properties":{"kind":"canopy","h":7.41,"base":2.2,"leaf":"broadleaved"},"geometry":{"type":"Polygon","coordinates":[[[-97.7313364,30.2832277],[-97.7313574,30.2832459],[-97.7313872,30.2832459],[-97.7314082,30.2832277],[-97.7314082,30.2832021],[-97.7313872,30.2831839],[-97.7313574,30.2831839],[-97.7313364,30.2832021],[-97.7313364,30.2832277]]]}},{"type":"Feature","properties":{"kind":"trunk","h":2.5,"base":0},"geometry":{"type":"Polygon","coordinates":[[[-97.7313644,30.28325],[-97.731352,30.28325],[-97.731352,30.2832608],[-97.7313644,30.2832608],[-97.7313644,30.28325]]]}},{"type":"Feature","properties":{"kind":"canopy","h":9.4,"base":2.2,"leaf":"broadleaved"},"geometry":{"type":"Polygon","coordinates":[[[-97.7313216,30.2832685],[-97.731343,30.283287],[-97.7313734,30.283287],[-97.7313948,30.2832685],[-97.7313948,30.2832423],[-97.7313734,30.2832238],[-97.731343,30.2832238],[-97.7313216,30.2832423],[-97.7313216,30.2832685]]]}},{"type":"Feature","properties":{"kind":"trunk","h":2.5,"base":0},"geometry":{"type":"Polygon","coordinates":[[[-97.7313577,30.2832992],[-97.7313453,30.2832992],[-97.7313453,30.28331],[-97.7313577,30.28331],[-97.7313577,30.2832992]]]}},{"type":"Feature","properties":{"kind":"canopy","h":8.56,"base":2.2,"leaf":"broadleaved"},"geometry":{"type":"Polygon","coordinates":[[[-97.7313183,30.2833165],[-97.7313377,30.2833333],[-97.7313653,30.2833333],[-97.7313847,30.2833165],[-97.7313847,30.2832927],[-97.7313653,30.2832759],[-97.7313377,30.2832759],[-97.7313183,30.2832927],[-97.7313183,30.2833165]]]}},{"type":"Feature","properties":{"kind":"trunk","h":2.5,"base":0},"geometry":{"type":"Polygon","coordinates":[[[-97.7313221,30.2833832],[-97.7313097,30.2833832],[-97.7313097,30.283394],[-97.7313221,30.283394],[-97.7313221,30.2833832]]]}},{"type":"Feature","properties":{"kind":"canopy","h":7.05,"base":2.2,"leaf":"broadleaved"},"geometry":{"type":"Polygon","coordinates":[[[-97.7312774,30.2834024],[-97.7313,30.2834218],[-97.7313318,30.2834218],[-97.7313544,30.2834024],[-97.7313544,30.2833748],[-97.7313318,30.2833554],[-97.7313,30.2833554],[-97.7312774,30.2833748],[-97.7312774,30.2834024]]]}},{"type":"Feature","properties":{"kind":"trunk","h":2.5,"base":0},"geometry":{"type":"Polygon","coordinates":[[[-97.7312936,30.2834828],[-97.7312812,30.2834828],[-97.7312812,30.2834936],[-97.7312936,30.2834936],[-97.7312936,30.2834828]]]}},{"type":"Feature","properties":{"kind":"canopy","h":7.02,"base":2.2,"leaf":"broadleaved"},"geometry":{"type":"Polygon","coordinates":[[[-97.7312545,30.2835],[-97.7312738,30.2835166],[-97.731301,30.2835166],[-97.7313203,30.2835],[-97.7313203,30.2834764],[-97.731301,30.2834598],[-97.7312738,30.2834598],[-97.7312545,30.2834764],[-97.7312545,30.2835]]]}},{"type":"Feature","properties":{"kind":"trunk","h":2.5,"base":0},"geometry":{"type":"Polygon","coordinates":[[[-97.7312692,30.2835621],[-97.7312568,30.2835621],[-97.7312568,30.2835729],[-97.7312692,30.2835729],[-97.7312692,30.2835621]]]}},{"type":"Feature","properties":{"kind":"canopy","h":7.65,"base":2.2,"leaf":"broadleaved"},"geometry":{"type":"Polygon","coordinates":[[[-97.7312208,30.2835826],[-97.7312455,30.2836039],[-97.7312805,30.2836039],[-97.7313052,30.2835826],[-97.7313052,30.2835524],[-97.7312805,30.2835311],[-97.7312455,30.2835311],[-97.7312208,30.2835524],[-97.7312208,30.2835826]]]}},{"type":"Feature","properties":{"kind":"trunk","h":2.5,"base":0},"geometry":{"type":"Polygon","coordinates":[[[-97.73124,30.2836345],[-97.7312276,30.2836345],[-97.7312276,30.2836453],[-97.73124,30.2836453],[-97.73124,30.2836345]]]}},{"type":"Feature","properties":{"kind":"canopy","h":9.06,"base":2.2,"leaf":"broadleaved"},"geometry":{"type":"Polygon","coordinates":[[[-97.7311934,30.2836543],[-97.7312171,30.2836747],[-97.7312505,30.2836747],[-97.7312742,30.2836543],[-97.7312742,30.2836255],[-97.7312505,30.2836051],[-97.7312171,30.2836051],[-97.7311934,30.2836255],[-97.7311934,30.2836543]]]}},{"type":"Feature","properties":{"kind":"trunk","h":2.5,"base":0},"geometry":{"type":"Polygon","coordinates":[[[-97.7312128,30.2837066],[-97.7312004,30.2837066],[-97.7312004,30.2837174],[-97.7312128,30.2837174],[-97.7312128,30.2837066]]]}},{"type":"Feature","properties":{"kind":"canopy","h":8.72,"base":2.2,"leaf":"broadleaved"},"geometry":{"type":"Polygon","coordinates":[[[-97.7311774,30.2837224],[-97.7311945,30.2837372],[-97.7312187,30.2837372],[-97.7312358,30.2837224],[-97.7312358,30.2837016],[-97.7312187,30.2836868],[-97.7311945,30.2836868],[-97.7311774,30.2837016],[-97.7311774,30.2837224]]]}},{"type":"Feature","properties":{"kind":"trunk","h":2.5,"base":0},"geometry":{"type":"Polygon","coordinates":[[[-97.7312014,30.2838091],[-97.731189,30.2838091],[-97.731189,30.2838199],[-97.7312014,30.2838199],[-97.7312014,30.2838091]]]}},{"type":"Feature","properties":{"kind":"canopy","h":7.91,"base":2.2,"leaf":"broadleaved"},"geometry":{"type":"Polygon","coordinates":[[[-97.7311599,30.2838271],[-97.7311806,30.283845],[-97.7312098,30.283845],[-97.7312305,30.2838271],[-97.7312305,30.2838019],[-97.7312098,30.283784],[-97.7311806,30.283784],[-97.7311599,30.2838019],[-97.7311599,30.2838271]]]}},{"type":"Feature","properties":{"kind":"trunk","h":2.5,"base":0},"geometry":{"type":"Polygon","coordinates":[[[-97.7311907,30.2839072],[-97.7311783,30.2839072],[-97.7311783,30.283918],[-97.7311907,30.283918],[-97.7311907,30.2839072]]]}},{"type":"Feature","properties":{"kind":"canopy","h":9.34,"base":2.2,"leaf":"broadleaved"},"geometry":{"type":"Polygon","coordinates":[[[-97.731154,30.2839235],[-97.7311719,30.2839389],[-97.7311971,30.2839389],[-97.731215,30.2839235],[-97.731215,30.2839017],[-97.7311971,30.2838863],[-97.7311719,30.2838863],[-97.731154,30.2839017],[-97.731154,30.2839235]]]}},{"type":"Feature","properties":{"kind":"trunk","h":2.5,"base":0},"geometry":{"type":"Polygon","coordinates":[[[-97.7311746,30.2840051],[-97.7311622,30.2840051],[-97.7311622,30.2840159],[-97.7311746,30.2840159],[-97.7311746,30.2840051]]]}},{"type":"Feature","properties":{"kind":"canopy","h":9.38,"base":2.2,"leaf":"broadleaved"},"geometry":{"type":"Polygon","coordinates":[[[-97.7311383,30.2840213],[-97.7311559,30.2840365],[-97.7311809,30.2840365],[-97.7311985,30.2840213],[-97.7311985,30.2839997],[-97.7311809,30.2839845],[-97.7311559,30.2839845],[-97.7311383,30.2839997],[-97.7311383,30.2840213]]]}},{"type":"Feature","properties":{"kind":"trunk","h":2.5,"base":0},"geometry":{"type":"Polygon","coordinates":[[[-97.7310942,30.2848276],[-97.7310818,30.2848276],[-97.7310818,30.2848384],[-97.7310942,30.2848384],[-97.7310942,30.2848276]]]}},{"type":"Feature","properties":{"kind":"canopy","h":7.84,"base":2.2,"leaf":"broadleaved"},"geometry":{"type":"Polygon","coordinates":[[[-97.7310583,30.2848436],[-97.7310757,30.2848587],[-97.7311003,30.2848587],[-97.7311177,30.2848436],[-97.7311177,30.2848224],[-97.7311003,30.2848073],[-97.7310757,30.2848073],[-97.7310583,30.2848224],[-97.7310583,30.2848436]]]}},{"type":"Feature","properties":{"kind":"trunk","h":2.5,"base":0},"geometry":{"type":"Polygon","coordinates":[[[-97.7311062,30.284847],[-97.7310938,30.284847],[-97.7310938,30.2848578],[-97.7311062,30.2848578],[-97.7311062,30.284847]]]}},{"type":"Feature","properties":{"kind":"canopy","h":8.05,"base":2.2,"leaf":"broadleaved"},"geometry":{"type":"Polygon","coordinates":[[[-97.731066,30.2848646],[-97.7310859,30.2848818],[-97.7311141,30.2848818],[-97.731134,30.2848646],[-97.731134,30.2848402],[-97.7311141,30.284823],[-97.7310859,30.284823],[-97.731066,30.2848402],[-97.731066,30.2848646]]]}},{"type":"Feature","properties":{"kind":"trunk","h":2.5,"base":0},"geometry":{"type":"Polygon","coordinates":[[[-97.7311646,30.2844608],[-97.7311522,30.2844608],[-97.7311522,30.2844716],[-97.7311646,30.2844716],[-97.7311646,30.2844608]]]}},{"type":"Feature","properties":{"kind":"canopy","h":8.86,"base":2.2,"leaf":"broadleaved"},"geometry":{"type":"Polygon","coordinates":[[[-97.7311217,30.2844793],[-97.7311432,30.2844979],[-97.7311736,30.2844979],[-97.7311951,30.2844793],[-97.7311951,30.2844531],[-97.7311736,30.2844345],[-97.7311432,30.2844345],[-97.7311217,30.2844531],[-97.7311217,30.2844793]]]}},{"type":"Feature","properties":{"kind":"trunk","h":2.5,"base":0},"geometry":{"type":"Polygon","coordinates":[[[-97.7311793,30.2843201],[-97.7311669,30.2843201],[-97.7311669,30.2843309],[-97.7311793,30.2843309],[-97.7311793,30.2843201]]]}},{"type":"Feature","properties":{"kind":"canopy","h":7.61,"base":2.2,"leaf":"broadleaved"},"geometry":{"type":"Polygon","coordinates":[[[-97.7311414,30.2843368],[-97.73116,30.2843529],[-97.7311862,30.2843529],[-97.7312048,30.2843368],[-97.7312048,30.2843142],[-97.7311862,30.2842981],[-97.73116,30.2842981],[-97.7311414,30.2843142],[-97.7311414,30.2843368]]]}},{"type":"Feature","properties":{"kind":"trunk","h":2.5,"base":0},"geometry":{"type":"Polygon","coordinates":[[[-97.731188,30.2842321],[-97.7311756,30.2842321],[-97.7311756,30.2842429],[-97.731188,30.2842429],[-97.731188,30.2842321]]]}},{"type":"Feature","properties":{"kind":"canopy","h":8.67,"base":2.2,"leaf":"broadleaved"},"geometry":{"type":"Polygon","coordinates":[[[-97.7311456,30.2842504],[-97.7311668,30.2842687],[-97.7311968,30.2842687],[-97.731218,30.2842504],[-97.731218,30.2842246],[-97.7311968,30.2842063],[-97.7311668,30.2842063],[-97.7311456,30.2842246],[-97.7311456,30.2842504]]]}},{"type":"Feature","properties":{"kind":"trunk","h":2.5,"base":0},"geometry":{"type":"Polygon","coordinates":[[[-97.73119,30.2840931],[-97.7311776,30.2840931],[-97.7311776,30.2841039],[-97.73119,30.2841039],[-97.73119,30.2840931]]]}},{"type":"Feature","properties":{"kind":"canopy","h":7.39,"base":2.2,"leaf":"broadleaved"},"geometry":{"type":"Polygon","coordinates":[[[-97.7311418,30.2841135],[-97.7311664,30.2841347],[-97.7312012,30.2841347],[-97.7312258,30.2841135],[-97.7312258,30.2840835],[-97.7312012,30.2840623],[-97.7311664,30.2840623],[-97.7311418,30.2840835],[-97.7311418,30.2841135]]]}},{"type":"Feature","properties":{"kind":"trunk","h":2.5,"base":0},"geometry":{"type":"Polygon","coordinates":[[[-97.731129,30.2840583],[-97.7311166,30.2840583],[-97.7311166,30.2840691],[-97.731129,30.2840691],[-97.731129,30.2840583]]]}},{"type":"Feature","properties":{"kind":"canopy","h":7.17,"base":2.2,"leaf":"broadleaved"},"geometry":{"type":"Polygon","coordinates":[[[-97.7310889,30.2840758],[-97.7311088,30.2840929],[-97.7311368,30.2840929],[-97.7311567,30.2840758],[-97.7311567,30.2840516],[-97.7311368,30.2840345],[-97.7311088,30.2840345],[-97.7310889,30.2840516],[-97.7310889,30.2840758]]]}},{"type":"Feature","properties":{"kind":"trunk","h":2.5,"base":0},"geometry":{"type":"Polygon","coordinates":[[[-97.7311149,30.2841446],[-97.7311025,30.2841446],[-97.7311025,30.2841554],[-97.7311149,30.2841554],[-97.7311149,30.2841446]]]}},{"type":"Feature","properties":{"kind":"canopy","h":8.77,"base":2.2,"leaf":"broadleaved"},"geometry":{"type":"Polygon","coordinates":[[[-97.7310661,30.2841652],[-97.7310911,30.2841867],[-97.7311263,30.2841867],[-97.7311513,30.2841652],[-97.7311513,30.2841348],[-97.7311263,30.2841133],[-97.7310911,30.2841133],[-97.7310661,30.2841348],[-97.7310661,30.2841652]]]}},{"type":"Feature","properties":{"kind":"trunk","h":2.5,"base":0},"geometry":{"type":"Polygon","coordinates":[[[-97.7310848,30.2842599],[-97.7310724,30.2842599],[-97.7310724,30.2842707],[-97.7310848,30.2842707],[-97.7310848,30.2842599]]]}},{"type":"Feature","properties":{"kind":"canopy","h":7.66,"base":2.2,"leaf":"broadleaved"},"geometry":{"type":"Polygon","coordinates":[[[-97.7310403,30.284279],[-97.7310627,30.2842984],[-97.7310945,30.2842984],[-97.7311169,30.284279],[-97.7311169,30.2842516],[-97.7310945,30.2842322],[-97.7310627,30.2842322],[-97.7310403,30.2842516],[-97.7310403,30.284279]]]}},{"type":"Feature","properties":{"kind":"trunk","h":2.5,"base":0},"geometry":{"type":"Polygon","coordinates":[[[-97.7310646,30.2843131],[-97.7310522,30.2843131],[-97.7310522,30.2843239],[-97.7310646,30.2843239],[-97.7310646,30.2843131]]]}},{"type":"Feature","properties":{"kind":"canopy","h":7.33,"base":2.2,"leaf":"broadleaved"},"geometry":{"type":"Polygon","coordinates":[[[-97.7310159,30.2843337],[-97.7310408,30.2843552],[-97.731076,30.2843552],[-97.7311009,30.2843337],[-97.7311009,30.2843033],[-97.731076,30.2842818],[-97.7310408,30.2842818],[-97.7310159,30.2843033],[-97.7310159,30.2843337]]]}},{"type":"Feature","properties":{"kind":"trunk","h":2.5,"base":0},"geometry":{"type":"Polygon","coordinates":[[[-97.7309902,30.2845222],[-97.7309778,30.2845222],[-97.7309778,30.284533],[-97.7309902,30.284533],[-97.7309902,30.2845222]]]}},{"type":"Feature","properties":{"kind":"canopy","h":8.09,"base":2.2,"leaf":"broadleaved"},"geometry":{"type":"Polygon","coordinates":[[[-97.7309415,30.2845428],[-97.7309664,30.2845643],[-97.7310016,30.2845643],[-97.7310265,30.2845428],[-97.7310265,30.2845124],[-97.7310016,30.2844909],[-97.7309664,30.2844909],[-97.7309415,30.2845124],[-97.7309415,30.2845428]]]}},{"type":"Feature","properties":{"kind":"trunk","h":2.5,"base":0},"geometry":{"type":"Polygon","coordinates":[[[-97.730958,30.2846189],[-97.7309456,30.2846189],[-97.7309456,30.2846297],[-97.730958,30.2846297],[-97.730958,30.2846189]]]}},{"type":"Feature","properties":{"kind":"canopy","h":7.2,"base":2.2,"leaf":"broadleaved"},"geometry":{"type":"Polygon","coordinates":[[[-97.7309096,30.2846394],[-97.7309343,30.2846608],[-97.7309693,30.2846608],[-97.730994,30.2846394],[-97.730994,30.2846092],[-97.7309693,30.2845878],[-97.7309343,30.2845878],[-97.7309096,30.2846092],[-97.7309096,30.2846394]]]}},{"type":"Feature","properties":{"kind":"trunk","h":2.5,"base":0},"geometry":{"type":"Polygon","coordinates":[[[-97.7309346,30.2846924],[-97.7309222,30.2846924],[-97.7309222,30.2847032],[-97.7309346,30.2847032],[-97.7309346,30.2846924]]]}},{"type":"Feature","properties":{"kind":"canopy","h":8.65,"base":2.2,"leaf":"broadleaved"},"geometry":{"type":"Polygon","coordinates":[[[-97.7308888,30.284712],[-97.730912,30.284732],[-97.7309448,30.284732],[-97.730968,30.284712],[-97.730968,30.2846836],[-97.7309448,30.2846636],[-97.730912,30.2846636],[-97.7308888,30.2846836],[-97.7308888,30.284712]]]}},{"type":"Feature","properties":{"kind":"trunk","h":2.5,"base":0},"geometry":{"type":"Polygon","coordinates":[[[-97.7309111,30.284792],[-97.7308987,30.284792],[-97.7308987,30.2848028],[-97.7309111,30.2848028],[-97.7309111,30.284792]]]}},{"type":"Feature","properties":{"kind":"canopy","h":9.08,"base":2.2,"leaf":"broadleaved"},"geometry":{"type":"Polygon","coordinates":[[[-97.7308729,30.2848088],[-97.7308916,30.284825],[-97.7309182,30.284825],[-97.7309369,30.2848088],[-97.7309369,30.284786],[-97.7309182,30.2847698],[-97.7308916,30.2847698],[-97.7308729,30.284786],[-97.7308729,30.2848088]]]}},{"type":"Feature","properties":{"kind":"trunk","h":2.5,"base":0},"geometry":{"type":"Polygon","coordinates":[[[-97.7311478,30.284598],[-97.7311354,30.284598],[-97.7311354,30.2846088],[-97.7311478,30.2846088],[-97.7311478,30.284598]]]}},{"type":"Feature","properties":{"kind":"canopy","h":9.05,"base":2.2,"leaf":"broadleaved"},"geometry":{"type":"Polygon","coordinates":[[[-97.7311028,30.2846173],[-97.7311255,30.2846369],[-97.7311577,30.2846369],[-97.7311804,30.2846173],[-97.7311804,30.2845895],[-97.7311577,30.2845699],[-97.7311255,30.2845699],[-97.7311028,30.2845895],[-97.7311028,30.2846173]]]}},{"type":"Feature","properties":{"kind":"trunk","h":2.5,"base":0},"geometry":{"type":"Polygon","coordinates":[[[-97.731117,30.284686],[-97.7311046,30.284686],[-97.7311046,30.2846968],[-97.731117,30.2846968],[-97.731117,30.284686]]]}},{"type":"Feature","properties":{"kind":"canopy","h":9.23,"base":2.2,"leaf":"broadleaved"},"geometry":{"type":"Polygon","coordinates":[[[-97.7310779,30.2847032],[-97.7310972,30.2847198],[-97.7311244,30.2847198],[-97.7311437,30.2847032],[-97.7311437,30.2846796],[-97.7311244,30.284663],[-97.7310972,30.284663],[-97.7310779,30.2846796],[-97.7310779,30.2847032]]]}},{"type":"Feature","properties":{"kind":"trunk","h":2.5,"base":0},"geometry":{"type":"Polygon","coordinates":[[[-97.731935,30.2823588],[-97.7319226,30.2823588],[-97.7319226,30.2823696],[-97.731935,30.2823696],[-97.731935,30.2823588]]]}},{"type":"Feature","properties":{"kind":"canopy","h":7.1,"base":2.2,"leaf":"broadleaved"},"geometry":{"type":"Polygon","coordinates":[[[-97.7318925,30.2823772],[-97.7319137,30.2823956],[-97.7319439,30.2823956],[-97.7319651,30.2823772],[-97.7319651,30.2823512],[-97.7319439,30.2823328],[-97.7319137,30.2823328],[-97.7318925,30.2823512],[-97.7318925,30.2823772]]]}},{"type":"Feature","properties":{"kind":"trunk","h":2.5,"base":0},"geometry":{"type":"Polygon","coordinates":[[[-97.7319572,30.2824017],[-97.7319448,30.2824017],[-97.7319448,30.2824125],[-97.7319572,30.2824125],[-97.7319572,30.2824017]]]}},{"type":"Feature","properties":{"kind":"canopy","h":9.42,"base":2.2,"leaf":"broadleaved"},"geometry":{"type":"Polygon","coordinates":[[[-97.7319164,30.2824195],[-97.7319367,30.282437],[-97.7319653,30.282437],[-97.7319856,30.2824195],[-97.7319856,30.2823947],[-97.7319653,30.2823772],[-97.7319367,30.2823772],[-97.7319164,30.2823947],[-97.7319164,30.2824195]]]}},{"type":"Feature","properties":{"kind":"trunk","h":2.5,"base":0},"geometry":{"type":"Polygon","coordinates":[[[-97.7316769,30.282232],[-97.7316645,30.282232],[-97.7316645,30.2822428],[-97.7316769,30.2822428],[-97.7316769,30.282232]]]}},{"type":"Feature","properties":{"kind":"canopy","h":9.18,"base":2.2,"leaf":"broadleaved"},"geometry":{"type":"Polygon","coordinates":[[[-97.7316296,30.2822521],[-97.7316537,30.2822729],[-97.7316877,30.2822729],[-97.7317118,30.2822521],[-97.7317118,30.2822227],[-97.7316877,30.2822019],[-97.7316537,30.2822019],[-97.7316296,30.2822227],[-97.7316296,30.2822521]]]}},{"type":"Feature","properties":{"kind":"trunk","h":2.5,"base":0},"geometry":{"type":"Polygon","coordinates":[[[-97.7317258,30.2821753],[-97.7317134,30.2821753],[-97.7317134,30.2821861],[-97.7317258,30.2821861],[-97.7317258,30.2821753]]]}},{"type":"Feature","properties":{"kind":"canopy","h":7.0,"base":2.2,"leaf":"broadleaved"},"geometry":{"type":"Polygon","coordinates":[[[-97.7316871,30.2821923],[-97.7317061,30.2822088],[-97.7317331,30.2822088],[-97.7317521,30.2821923],[-97.7317521,30.2821691],[-97.7317331,30.2821526],[-97.7317061,30.2821526],[-97.7316871,30.2821691],[-97.7316871,30.2821923]]]}},{"type":"Feature","properties":{"kind":"trunk","h":2.5,"base":0},"geometry":{"type":"Polygon","coordinates":[[[-97.7318029,30.2820212],[-97.7317905,30.2820212],[-97.7317905,30.282032],[-97.7318029,30.282032],[-97.7318029,30.2820212]]]}},{"type":"Feature","properties":{"kind":"canopy","h":7.21,"base":2.2,"leaf":"broadleaved"},"geometry":{"type":"Polygon","coordinates":[[[-97.7317647,30.282038],[-97.7317835,30.2820542],[-97.7318099,30.2820542],[-97.7318287,30.282038],[-97.7318287,30.2820152],[-97.7318099,30.281999],[-97.7317835,30.281999],[-97.7317647,30.2820152],[-97.7317647,30.282038]]]}},{"type":"Feature","properties":{"kind":"trunk","h":2.5,"base":0},"geometry":{"type":"Polygon","coordinates":[[[-97.7323602,30.2817937],[-97.7323478,30.2817937],[-97.7323478,30.2818045],[-97.7323602,30.2818045],[-97.7323602,30.2817937]]]}},{"type":"Feature","properties":{"kind":"canopy","h":7.36,"base":2.2,"leaf":"broadleaved"},"geometry":{"type":"Polygon","coordinates":[[[-97.7323122,30.2818141],[-97.7323367,30.2818352],[-97.7323713,30.2818352],[-97.7323958,30.2818141],[-97.7323958,30.2817841],[-97.7323713,30.281763],[-97.7323367,30.281763],[-97.7323122,30.2817841],[-97.7323122,30.2818141]]]}},{"type":"Feature","properties":{"kind":"trunk","h":2.5,"base":0},"geometry":{"type":"Polygon","coordinates":[[[-97.7322991,30.2817804],[-97.7322867,30.2817804],[-97.7322867,30.2817912],[-97.7322991,30.2817912],[-97.7322991,30.2817804]]]}},{"type":"Feature","properties":{"kind":"canopy","h":7.54,"base":2.2,"leaf":"broadleaved"},"geometry":{"type":"Polygon","coordinates":[[[-97.7322558,30.2817991],[-97.7322775,30.2818178],[-97.7323083,30.2818178],[-97.73233,30.2817991],[-97.73233,30.2817725],[-97.7323083,30.2817538],[-97.7322775,30.2817538],[-97.7322558,30.2817725],[-97.7322558,30.2817991]]]}},{"type":"Feature","properties":{"kind":"trunk","h":2.5,"base":0},"geometry":{"type":"Polygon","coordinates":[[[-97.7322629,30.2817711],[-97.7322505,30.2817711],[-97.7322505,30.2817819],[-97.7322629,30.2817819],[-97.7322629,30.2817711]]]}},{"type":"Feature","properties":{"kind":"canopy","h":8.36,"base":2.2,"leaf":"broadleaved"},"geometry":{"type":"Polygon","coordinates":[[[-97.7322206,30.2817894],[-97.7322418,30.2818076],[-97.7322716,30.2818076],[-97.7322928,30.2817894],[-97.7322928,30.2817636],[-97.7322716,30.2817454],[-97.7322418,30.2817454],[-97.7322206,30.2817636],[-97.7322206,30.2817894]]]}},{"type":"Feature","properties":{"kind":"trunk","h":2.5,"base":0},"geometry":{"type":"Polygon","coordinates":[[[-97.7322267,30.2817647],[-97.7322143,30.2817647],[-97.7322143,30.2817755],[-97.7322267,30.2817755],[-97.7322267,30.2817647]]]}},{"type":"Feature","properties":{"kind":"canopy","h":9.03,"base":2.2,"leaf":"broadleaved"},"geometry":{"type":"Polygon","coordinates":[[[-97.7321849,30.2817828],[-97.7322058,30.2818008],[-97.7322352,30.2818008],[-97.7322561,30.2817828],[-97.7322561,30.2817574],[-97.7322352,30.2817394],[-97.7322058,30.2817394],[-97.7321849,30.2817574],[-97.7321849,30.2817828]]]}},{"type":"Feature","properties":{"kind":"trunk","h":2.5,"base":0},"geometry":{"type":"Polygon","coordinates":[[[-97.7321764,30.281752],[-97.732164,30.281752],[-97.732164,30.2817628],[-97.7321764,30.2817628],[-97.7321764,30.281752]]]}},{"type":"Feature","properties":{"kind":"canopy","h":8.48,"base":2.2,"leaf":"broadleaved"},"geometry":{"type":"Polygon","coordinates":[[[-97.7321287,30.2817722],[-97.732153,30.2817932],[-97.7321874,30.2817932],[-97.7322117,30.2817722],[-97.7322117,30.2817426],[-97.7321874,30.2817216],[-97.732153,30.2817216],[-97.7321287,30.2817426],[-97.7321287,30.2817722]]]}},{"type":"Feature","properties":{"kind":"trunk","h":2.5,"base":0},"geometry":{"type":"Polygon","coordinates":[[[-97.7321275,30.2817329],[-97.7321151,30.2817329],[-97.7321151,30.2817437],[-97.7321275,30.2817437],[-97.7321275,30.2817329]]]}},{"type":"Feature","properties":{"kind":"canopy","h":9.28,"base":2.2,"leaf":"broadleaved"},"geometry":{"type":"Polygon","coordinates":[[[-97.7320848,30.2817513],[-97.7321062,30.2817698],[-97.7321364,30.2817698],[-97.7321578,30.2817513],[-97.7321578,30.2817253],[-97.7321364,30.2817068],[-97.7321062,30.2817068],[-97.7320848,30.2817253],[-97.7320848,30.2817513]]]}},{"type":"Feature","properties":{"kind":"trunk","h":2.5,"base":0},"geometry":{"type":"Polygon","coordinates":[[[-97.7320779,30.2817224],[-97.7320655,30.2817224],[-97.7320655,30.2817332],[-97.7320779,30.2817332],[-97.7320779,30.2817224]]]}},{"type":"Feature","properties":{"kind":"canopy","h":7.08,"base":2.2,"leaf":"broadleaved"},"geometry":{"type":"Polygon","coordinates":[[[-97.7320359,30.2817406],[-97.7320569,30.2817587],[-97.7320865,30.2817587],[-97.7321075,30.2817406],[-97.7321075,30.281715],[-97.7320865,30.2816969],[-97.7320569,30.2816969],[-97.7320359,30.281715],[-97.7320359,30.2817406]]]}},{"type":"Feature","properties":{"kind":"trunk","h":2.5,"base":0},"geometry":{"type":"Polygon","coordinates":[[[-97.7318968,30.2816842],[-97.7318844,30.2816842],[-97.7318844,30.281695],[-97.7318968,30.281695],[-97.7318968,30.2816842]]]}},{"type":"Feature","properties":{"kind":"canopy","h":9.05,"base":2.2,"leaf":"broadleaved"},"geometry":{"type":"Polygon","coordinates":[[[-97.7318525,30.2817032],[-97.7318748,30.2817225],[-97.7319064,30.2817225],[-97.7319287,30.2817032],[-97.7319287,30.281676],[-97.7319064,30.2816567],[-97.7318748,30.2816567],[-97.7318525,30.281676],[-97.7318525,30.2817032]]]}},{"type":"Feature","properties":{"kind":"trunk","h":2.5,"base":0},"geometry":{"type":"Polygon","coordinates":[[[-97.7322247,30.2812042],[-97.7322123,30.2812042],[-97.7322123,30.281215],[-97.7322247,30.281215],[-97.7322247,30.2812042]]]}},{"type":"Feature","properties":{"kind":"canopy","h":7.05,"base":2.2,"leaf":"broadleaved"},"geometry":{"type":"Polygon","coordinates":[[[-97.7321823,30.2812225],[-97.7322035,30.2812408],[-97.7322335,30.2812408],[-97.7322547,30.2812225],[-97.7322547,30.2811967],[-97.7322335,30.2811784],[-97.7322035,30.2811784],[-97.7321823,30.2811967],[-97.7321823,30.2812225]]]}},{"type":"Feature","properties":{"kind":"trunk","h":2.5,"base":0},"geometry":{"type":"Polygon","coordinates":[[[-97.7322978,30.2812224],[-97.7322854,30.2812224],[-97.7322854,30.2812332],[-97.7322978,30.2812332],[-97.7322978,30.2812224]]]}},{"type":"Feature","properties":{"kind":"canopy","h":9.94,"base":2.2,"leaf":"broadleaved"},"geometry":{"type":"Polygon","coordinates":[[[-97.7322585,30.2812396],[-97.7322779,30.2812564],[-97.7323053,30.2812564],[-97.7323247,30.2812396],[-97.7323247,30.281216],[-97.7323053,30.2811992],[-97.7322779,30.2811992],[-97.7322585,30.281216],[-97.7322585,30.2812396]]]}},{"type":"Feature","properties":{"kind":"trunk","h":2.5,"base":0},"geometry":{"type":"Polygon","coordinates":[[[-97.7323789,30.2812401],[-97.7323665,30.2812401],[-97.7323665,30.2812509],[-97.7323789,30.2812509],[-97.7323789,30.2812401]]]}},{"type":"Feature","properties":{"kind":"canopy","h":9.51,"base":2.2,"leaf":"broadleaved"},"geometry":{"type":"Polygon","coordinates":[[[-97.7323401,30.2812572],[-97.7323592,30.2812737],[-97.7323862,30.2812737],[-97.7324053,30.2812572],[-97.7324053,30.2812338],[-97.7323862,30.2812173],[-97.7323592,30.2812173],[-97.7323401,30.2812338],[-97.7323401,30.2812572]]]}},{"type":"Feature","properties":{"kind":"trunk","h":2.5,"base":0},"geometry":{"type":"Polygon","coordinates":[[[-97.7331792,30.2822129],[-97.7331668,30.2822129],[-97.7331668,30.2822237],[-97.7331792,30.2822237],[-97.7331792,30.2822129]]]}},{"type":"Feature","properties":{"kind":"canopy","h":7.15,"base":2.2,"leaf":"broadleaved"},"geometry":{"type":"Polygon","coordinates":[[[-97.7331427,30.2822291],[-97.7331605,30.2822444],[-97.7331855,30.2822444],[-97.7332033,30.2822291],[-97.7332033,30.2822075],[-97.7331855,30.2821922],[-97.7331605,30.2821922],[-97.7331427,30.2822075],[-97.7331427,30.2822291]]]}},{"type":"Feature","properties":{"kind":"trunk","h":2.5,"base":0},"geometry":{"type":"Polygon","coordinates":[[[-97.7331823,30.282153],[-97.7331699,30.282153],[-97.7331699,30.2821638],[-97.7331823,30.2821638],[-97.7331823,30.282153]]]}},{"type":"Feature","properties":{"kind":"canopy","h":9.97,"base":2.2,"leaf":"broadleaved"},"geometry":{"type":"Polygon","coordinates":[[[-97.7331446,30.2821697],[-97.733163,30.2821856],[-97.7331892,30.2821856],[-97.7332076,30.2821697],[-97.7332076,30.2821471],[-97.7331892,30.2821312],[-97.733163,30.2821312],[-97.7331446,30.2821471],[-97.7331446,30.2821697]]]}},{"type":"Feature","properties":{"kind":"trunk","h":2.5,"base":0},"geometry":{"type":"Polygon","coordinates":[[[-97.7331906,30.2821142],[-97.7331782,30.2821142],[-97.7331782,30.282125],[-97.7331906,30.282125],[-97.7331906,30.2821142]]]}},{"type":"Feature","properties":{"kind":"canopy","h":8.26,"base":2.2,"leaf":"broadleaved"},"geometry":{"type":"Polygon","coordinates":[[[-97.7331529,30.2821309],[-97.7331714,30.2821468],[-97.7331974,30.2821468],[-97.7332159,30.2821309],[-97.7332159,30.2821083],[-97.7331974,30.2820924],[-97.7331714,30.2820924],[-97.7331529,30.2821083],[-97.7331529,30.2821309]]]}},{"type":"Feature","properties":{"kind":"trunk","h":2.5,"base":0},"geometry":{"type":"Polygon","coordinates":[[[-97.7330958,30.2818962],[-97.7330834,30.2818962],[-97.7330834,30.281907],[-97.7330958,30.281907],[-97.7330958,30.2818962]]]}},{"type":"Feature","properties":{"kind":"canopy","h":8.03,"base":2.2,"leaf":"broadleaved"},"geometry":{"type":"Polygon","coordinates":[[[-97.7330546,30.2819141],[-97.7330751,30.2819318],[-97.7331041,30.2819318],[-97.7331246,30.2819141],[-97.7331246,30.2818891],[-97.7331041,30.2818714],[-97.7330751,30.2818714],[-97.7330546,30.2818891],[-97.7330546,30.2819141]]]}},{"type":"Feature","properties":{"kind":"trunk","h":2.5,"base":0},"geometry":{"type":"Polygon","coordinates":[[[-97.7331782,30.2819077],[-97.7331658,30.2819077],[-97.7331658,30.2819185],[-97.7331782,30.2819185],[-97.7331782,30.2819077]]]}},{"type":"Feature","properties":{"kind":"canopy","h":9.41,"base":2.2,"leaf":"broadleaved"},"geometry":{"type":"Polygon","coordinates":[[[-97.733138,30.2819253],[-97.7331579,30.2819425],[-97.7331861,30.2819425],[-97.733206,30.2819253],[-97.733206,30.2819009],[-97.7331861,30.2818837],[-97.7331579,30.2818837],[-97.733138,30.2819009],[-97.733138,30.2819253]]]}},{"type":"Feature","properties":{"kind":"trunk","h":2.5,"base":0},"geometry":{"type":"Polygon","coordinates":[[[-97.7331709,30.2818632],[-97.7331585,30.2818632],[-97.7331585,30.281874],[-97.7331709,30.281874],[-97.7331709,30.2818632]]]}},{"type":"Feature","properties":{"kind":"canopy","h":9.66,"base":2.2,"leaf":"broadleaved"},"geometry":{"type":"Polygon","coordinates":[[[-97.7331242,30.2818831],[-97.7331479,30.2819036],[-97.7331815,30.2819036],[-97.7332052,30.2818831],[-97.7332052,30.2818541],[-97.7331815,30.2818336],[-97.7331479,30.2818336],[-97.7331242,30.2818541],[-97.7331242,30.2818831]]]}},{"type":"Feature","properties":{"kind":"trunk","h":2.5,"base":0},"geometry":{"type":"Polygon","coordinates":[[[-97.7331437,30.2816981],[-97.7331313,30.2816981],[-97.7331313,30.2817089],[-97.7331437,30.2817089],[-97.7331437,30.2816981]]]}},{"type":"Feature","properties":{"kind":"canopy","h":7.87,"base":2.2,"leaf":"broadleaved"},"geometry":{"type":"Polygon","coordinates":[[[-97.7330977,30.2817178],[-97.733121,30.2817379],[-97.733154,30.2817379],[-97.7331773,30.2817178],[-97.7331773,30.2816892],[-97.733154,30.2816691],[-97.733121,30.2816691],[-97.7330977,30.2816892],[-97.7330977,30.2817178]]]}},{"type":"Feature","properties":{"kind":"trunk","h":2.5,"base":0},"geometry":{"type":"Polygon","coordinates":[[[-97.7331581,30.2817193],[-97.7331457,30.2817193],[-97.7331457,30.2817301],[-97.7331581,30.2817301],[-97.7331581,30.2817193]]]}},{"type":"Feature","properties":{"kind":"canopy","h":7.47,"base":2.2,"leaf":"broadleaved"},"geometry":{"type":"Polygon","coordinates":[[[-97.7331196,30.2817363],[-97.7331385,30.2817526],[-97.7331653,30.2817526],[-97.7331842,30.2817363],[-97.7331842,30.2817131],[-97.7331653,30.2816968],[-97.7331385,30.2816968],[-97.7331196,30.2817131],[-97.7331196,30.2817363]]]}},{"type":"Feature","properties":{"kind":"trunk","h":2.5,"base":0},"geometry":{"type":"Polygon","coordinates":[[[-97.7331316,30.2817297],[-97.7331192,30.2817297],[-97.7331192,30.2817405],[-97.7331316,30.2817405],[-97.7331316,30.2817297]]]}},{"type":"Feature","properties":{"kind":"canopy","h":8.09,"base":2.2,"leaf":"broadleaved"},"geometry":{"type":"Polygon","coordinates":[[[-97.7330858,30.2817493],[-97.733109,30.2817693],[-97.7331418,30.2817693],[-97.733165,30.2817493],[-97.733165,30.2817209],[-97.7331418,30.2817009],[-97.733109,30.2817009],[-97.7330858,30.2817209],[-97.7330858,30.2817493]]]}},{"type":"Feature","properties":{"kind":"trunk","h":2.5,"base":0},"geometry":{"type":"Polygon","coordinates":[[[-97.7329968,30.2817575],[-97.7329844,30.2817575],[-97.7329844,30.2817683],[-97.7329968,30.2817683],[-97.7329968,30.2817575]]]}},{"type":"Feature","properties":{"kind":"canopy","h":8.39,"base":2.2,"leaf":"broadleaved"},"geometry":{"type":"Polygon","coordinates":[[[-97.7329583,30.2817744],[-97.7329772,30.2817908],[-97.733004,30.2817908],[-97.7330229,30.2817744],[-97.7330229,30.2817514],[-97.733004,30.281735],[-97.7329772,30.281735],[-97.7329583,30.2817514],[-97.7329583,30.2817744]]]}},{"type":"Feature","properties":{"kind":"trunk","h":2.5,"base":0},"geometry":{"type":"Polygon","coordinates":[[[-97.7329804,30.2817323],[-97.732968,30.2817323],[-97.732968,30.2817431],[-97.7329804,30.2817431],[-97.7329804,30.2817323]]]}},{"type":"Feature","properties":{"kind":"canopy","h":8.3,"base":2.2,"leaf":"broadleaved"},"geometry":{"type":"Polygon","coordinates":[[[-97.7329376,30.2817508],[-97.732959,30.2817693],[-97.7329894,30.2817693],[-97.7330108,30.2817508],[-97.7330108,30.2817246],[-97.7329894,30.2817061],[-97.732959,30.2817061],[-97.7329376,30.2817246],[-97.7329376,30.2817508]]]}},{"type":"Feature","properties":{"kind":"trunk","h":2.5,"base":0},"geometry":{"type":"Polygon","coordinates":[[[-97.7330039,30.2817149],[-97.7329915,30.2817149],[-97.7329915,30.2817257],[-97.7330039,30.2817257],[-97.7330039,30.2817149]]]}},{"type":"Feature","properties":{"kind":"canopy","h":8.81,"base":2.2,"leaf":"broadleaved"},"geometry":{"type":"Polygon","coordinates":[[[-97.7329617,30.2817332],[-97.7329828,30.2817514],[-97.7330126,30.2817514],[-97.7330337,30.2817332],[-97.7330337,30.2817074],[-97.7330126,30.2816892],[-97.7329828,30.2816892],[-97.7329617,30.2817074],[-97.7329617,30.2817332]]]}},{"type":"Feature","properties":{"kind":"trunk","h":2.5,"base":0},"geometry":{"type":"Polygon","coordinates":[[[-97.7329881,30.2816949],[-97.7329757,30.2816949],[-97.7329757,30.2817057],[-97.7329881,30.2817057],[-97.7329881,30.2816949]]]}},{"type":"Feature","properties":{"kind":"canopy","h":8.79,"base":2.2,"leaf":"broadleaved"},"geometry":{"type":"Polygon","coordinates":[[[-97.7329419,30.2817146],[-97.7329653,30.2817349],[-97.7329985,30.2817349],[-97.7330219,30.2817146],[-97.7330219,30.281686],[-97.7329985,30.2816657],[-97.7329653,30.2816657],[-97.7329419,30.281686],[-97.7329419,30.2817146]]]}},{"type":"Feature","properties":{"kind":"trunk","h":2.5,"base":0},"geometry":{"type":"Polygon","coordinates":[[[-97.7330123,30.2816918],[-97.7329999,30.2816918],[-97.7329999,30.2817026],[-97.7330123,30.2817026],[-97.7330123,30.2816918]]]}},{"type":"Feature","properties":{"kind":"canopy","h":8.92,"base":2.2,"leaf":"broadleaved"},"geometry":{"type":"Polygon","coordinates":[[[-97.7329632,30.2817126],[-97.7329883,30.2817343],[-97.7330239,30.2817343],[-97.733049,30.2817126],[-97.733049,30.2816818],[-97.7330239,30.2816601],[-97.7329883,30.2816601],[-97.7329632,30.2816818],[-97.7329632,30.2817126]]]}},{"type":"Feature","properties":{"kind":"trunk","h":2.5,"base":0},"geometry":{"type":"Polygon","coordinates":[[[-97.7330193,30.2815806],[-97.7330069,30.2815806],[-97.7330069,30.2815914],[-97.7330193,30.2815914],[-97.7330193,30.2815806]]]}},{"type":"Feature","properties":{"kind":"canopy","h":9.44,"base":2.2,"leaf":"broadleaved"},"geometry":{"type":"Polygon","coordinates":[[[-97.7329763,30.2815992],[-97.7329979,30.2816177],[-97.7330283,30.2816177],[-97.7330499,30.2815992],[-97.7330499,30.2815728],[-97.7330283,30.2815543],[-97.7329979,30.2815543],[-97.7329763,30.2815728],[-97.7329763,30.2815992]]]}},{"type":"Feature","properties":{"kind":"trunk","h":2.5,"base":0},"geometry":{"type":"Polygon","coordinates":[[[-97.7331058,30.2814462],[-97.7330934,30.2814462],[-97.7330934,30.281457],[-97.7331058,30.281457],[-97.7331058,30.2814462]]]}},{"type":"Feature","properties":{"kind":"canopy","h":8.43,"base":2.2,"leaf":"broadleaved"},"geometry":{"type":"Polygon","coordinates":[[[-97.7330687,30.2814627],[-97.7330868,30.2814783],[-97.7331124,30.2814783],[-97.7331305,30.2814627],[-97.7331305,30.2814405],[-97.7331124,30.2814249],[-97.7330868,30.2814249],[-97.7330687,30.2814405],[-97.7330687,30.2814627]]]}},{"type":"Feature","properties":{"kind":"trunk","h":2.5,"base":0},"geometry":{"type":"Polygon","coordinates":[[[-97.7329472,30.2818264],[-97.7329348,30.2818264],[-97.7329348,30.2818372],[-97.7329472,30.2818372],[-97.7329472,30.2818264]]]}},{"type":"Feature","properties":{"kind":"canopy","h":8.84,"base":2.2,"leaf":"broadleaved"},"geometry":{"type":"Polygon","coordinates":[[[-97.7329046,30.2818448],[-97.7329259,30.2818632],[-97.7329561,30.2818632],[-97.7329774,30.2818448],[-97.7329774,30.2818188],[-97.7329561,30.2818004],[-97.7329259,30.2818004],[-97.7329046,30.2818188],[-97.7329046,30.2818448]]]}},{"type":"Feature","properties":{"kind":"trunk","h":2.5,"base":0},"geometry":{"type":"Polygon","coordinates":[[[-97.732685,30.2818553],[-97.7326726,30.2818553],[-97.7326726,30.2818661],[-97.732685,30.2818661],[-97.732685,30.2818553]]]}},{"type":"Feature","properties":{"kind":"canopy","h":7.53,"base":2.2,"leaf":"broadleaved"},"geometry":{"type":"Polygon","coordinates":[[[-97.732645,30.2818728],[-97.7326648,30.2818899],[-97.7326928,30.2818899],[-97.7327126,30.2818728],[-97.7327126,30.2818486],[-97.7326928,30.2818315],[-97.7326648,30.2818315],[-97.732645,30.2818486],[-97.732645,30.2818728]]]}},{"type":"Feature","properties":{"kind":"trunk","h":2.5,"base":0},"geometry":{"type":"Polygon","coordinates":[[[-97.7339145,30.2833328],[-97.7339021,30.2833328],[-97.7339021,30.2833436],[-97.7339145,30.2833436],[-97.7339145,30.2833328]]]}},{"type":"Feature","properties":{"kind":"canopy","h":8.01,"base":2.2,"leaf":"broadleaved"},"geometry":{"type":"Polygon","coordinates":[[[-97.7338705,30.2833517],[-97.7338927,30.2833708],[-97.7339239,30.2833708],[-97.7339461,30.2833517],[-97.7339461,30.2833247],[-97.7339239,30.2833056],[-97.7338927,30.2833056],[-97.7338705,30.2833247],[-97.7338705,30.2833517]]]}},{"type":"Feature","properties":{"kind":"trunk","h":2.5,"base":0},"geometry":{"type":"Polygon","coordinates":[[[-97.7338823,30.2831197],[-97.7338699,30.2831197],[-97.7338699,30.2831305],[-97.7338823,30.2831305],[-97.7338823,30.2831197]]]}},{"type":"Feature","properties":{"kind":"canopy","h":9.6,"base":2.2,"leaf":"broadleaved"},"geometry":{"type":"Polygon","coordinates":[[[-97.7338391,30.2831383],[-97.7338608,30.2831571],[-97.7338914,30.2831571],[-97.7339131,30.2831383],[-97.7339131,30.2831119],[-97.7338914,30.2830931],[-97.7338608,30.2830931],[-97.7338391,30.2831119],[-97.7338391,30.2831383]]]}},{"type":"Feature","properties":{"kind":"trunk","h":2.5,"base":0},"geometry":{"type":"Polygon","coordinates":[[[-97.7338997,30.2832042],[-97.7338873,30.2832042],[-97.7338873,30.283215],[-97.7338997,30.283215],[-97.7338997,30.2832042]]]}},{"type":"Feature","properties":{"kind":"canopy","h":9.92,"base":2.2,"leaf":"broadleaved"},"geometry":{"type":"Polygon","coordinates":[[[-97.733858,30.2832223],[-97.7338788,30.2832402],[-97.7339082,30.2832402],[-97.733929,30.2832223],[-97.733929,30.2831969],[-97.7339082,30.283179],[-97.7338788,30.283179],[-97.733858,30.2831969],[-97.733858,30.2832223]]]}},{"type":"Feature","properties":{"kind":"trunk","h":2.5,"base":0},"geometry":{"type":"Polygon","coordinates":[[[-97.7339064,30.2832697],[-97.733894,30.2832697],[-97.733894,30.2832805],[-97.7339064,30.2832805],[-97.7339064,30.2832697]]]}},{"type":"Feature","properties":{"kind":"canopy","h":7.03,"base":2.2,"leaf":"broadleaved"},"geometry":{"type":"Polygon","coordinates":[[[-97.7338577,30.2832903],[-97.7338826,30.2833118],[-97.7339178,30.2833118],[-97.7339427,30.2832903],[-97.7339427,30.2832599],[-97.7339178,30.2832384],[-97.7338826,30.2832384],[-97.7338577,30.2832599],[-97.7338577,30.2832903]]]}},{"type":"Feature","properties":{"kind":"trunk","h":2.5,"base":0},"geometry":{"type":"Polygon","coordinates":[[[-97.7339178,30.2833872],[-97.7339054,30.2833872],[-97.7339054,30.283398],[-97.7339178,30.283398],[-97.7339178,30.2833872]]]}},{"type":"Feature","properties":{"kind":"canopy","h":8.63,"base":2.2,"leaf":"broadleaved"},"geometry":{"type":"Polygon","coordinates":[[[-97.733874,30.283406],[-97.733896,30.2834251],[-97.7339272,30.2834251],[-97.7339492,30.283406],[-97.7339492,30.2833792],[-97.7339272,30.2833601],[-97.733896,30.2833601],[-97.733874,30.2833792],[-97.733874,30.283406]]]}},{"type":"Feature","properties":{"kind":"trunk","h":2.5,"base":0},"geometry":{"type":"Polygon","coordinates":[[[-97.7339105,30.2834567],[-97.7338981,30.2834567],[-97.7338981,30.2834675],[-97.7339105,30.2834675],[-97.7339105,30.2834567]]]}},{"type":"Feature","properties":{"kind":"canopy","h":9.15,"base":2.2,"leaf":"broadleaved"},"geometry":{"type":"Polygon","coordinates":[[[-97.7338669,30.2834755],[-97.7338888,30.2834944],[-97.7339198,30.2834944],[-97.7339417,30.2834755],[-97.7339417,30.2834487],[-97.7339198,30.2834298],[-97.7338888,30.2834298],[-97.7338669,30.2834487],[-97.7338669,30.2834755]]]}},{"type":"Feature","properties":{"kind":"trunk","h":2.5,"base":0},"geometry":{"type":"Polygon","coordinates":[[[-97.7339152,30.283547],[-97.7339028,30.283547],[-97.7339028,30.2835578],[-97.7339152,30.2835578],[-97.7339152,30.283547]]]}},{"type":"Feature","properties":{"kind":"canopy","h":8.99,"base":2.2,"leaf":"broadleaved"},"geometry":{"type":"Polygon","coordinates":[[[-97.7338757,30.2835643],[-97.7338952,30.2835812],[-97.7339228,30.2835812],[-97.7339423,30.2835643],[-97.7339423,30.2835405],[-97.7339228,30.2835236],[-97.7338952,30.2835236],[-97.7338757,30.2835405],[-97.7338757,30.2835643]]]}},{"type":"Feature","properties":{"kind":"trunk","h":2.5,"base":0},"geometry":{"type":"Polygon","coordinates":[[[-97.7338582,30.284074],[-97.7338458,30.284074],[-97.7338458,30.2840848],[-97.7338582,30.2840848],[-97.7338582,30.284074]]]}},{"type":"Feature","properties":{"kind":"canopy","h":7.71,"base":2.2,"leaf":"broadleaved"},"geometry":{"type":"Polygon","coordinates":[[[-97.7338212,30.2840904],[-97.7338392,30.284106],[-97.7338648,30.284106],[-97.7338828,30.2840904],[-97.7338828,30.2840684],[-97.7338648,30.2840528],[-97.7338392,30.2840528],[-97.7338212,30.2840684],[-97.7338212,30.2840904]]]}},{"type":"Feature","properties":{"kind":"trunk","h":2.5,"base":0},"geometry":{"type":"Polygon","coordinates":[[[-97.7338783,30.283997],[-97.7338659,30.283997],[-97.7338659,30.2840078],[-97.7338783,30.2840078],[-97.7338783,30.283997]]]}},{"type":"Feature","properties":{"kind":"canopy","h":8.77,"base":2.2,"leaf":"broadleaved"},"geometry":{"type":"Polygon","coordinates":[[[-97.7338303,30.2840173],[-97.7338548,30.2840385],[-97.7338894,30.2840385],[-97.7339139,30.2840173],[-97.7339139,30.2839875],[-97.7338894,30.2839663],[-97.7338548,30.2839663],[-97.7338303,30.2839875],[-97.7338303,30.2840173]]]}},{"type":"Feature","properties":{"kind":"trunk","h":2.5,"base":0},"geometry":{"type":"Polygon","coordinates":[[[-97.7338924,30.2838962],[-97.73388,30.2838962],[-97.73388,30.283907],[-97.7338924,30.283907],[-97.7338924,30.2838962]]]}},{"type":"Feature","properties":{"kind":"canopy","h":8.63,"base":2.2,"leaf":"broadleaved"},"geometry":{"type":"Polygon","coordinates":[[[-97.7338432,30.283917],[-97.7338684,30.2839387],[-97.733904,30.2839387],[-97.7339292,30.283917],[-97.7339292,30.2838862],[-97.733904,30.2838645],[-97.7338684,30.2838645],[-97.7338432,30.2838862],[-97.7338432,30.283917]]]}},{"type":"Feature","properties":{"kind":"trunk","h":2.5,"base":0},"geometry":{"type":"Polygon","coordinates":[[[-97.7338407,30.2841406],[-97.7338283,30.2841406],[-97.7338283,30.2841514],[-97.7338407,30.2841514],[-97.7338407,30.2841406]]]}},{"type":"Feature","properties":{"kind":"canopy","h":8.98,"base":2.2,"leaf":"broadleaved"},"geometry":{"type":"Polygon","coordinates":[[[-97.7338022,30.2841576],[-97.7338211,30.2841739],[-97.7338479,30.2841739],[-97.7338668,30.2841576],[-97.7338668,30.2841344],[-97.7338479,30.2841181],[-97.7338211,30.2841181],[-97.7338022,30.2841344],[-97.7338022,30.2841576]]]}},{"type":"Feature","properties":{"kind":"trunk","h":2.5,"base":0},"geometry":{"type":"Polygon","coordinates":[[[-97.7338166,30.2842274],[-97.7338042,30.2842274],[-97.7338042,30.2842382],[-97.7338166,30.2842382],[-97.7338166,30.2842274]]]}},{"type":"Feature","properties":{"kind":"canopy","h":8.63,"base":2.2,"leaf":"broadleaved"},"geometry":{"type":"Polygon","coordinates":[[[-97.7337747,30.2842456],[-97.7337956,30.2842636],[-97.7338252,30.2842636],[-97.7338461,30.2842456],[-97.7338461,30.28422],[-97.7338252,30.284202],[-97.7337956,30.284202],[-97.7337747,30.28422],[-97.7337747,30.2842456]]]}},{"type":"Feature","properties":{"kind":"trunk","h":2.5,"base":0},"geometry":{"type":"Polygon","coordinates":[[[-97.7286466,30.2863137],[-97.7286342,30.2863137],[-97.7286342,30.2863245],[-97.7286466,30.2863245],[-97.7286466,30.2863137]]]}},{"type":"Feature","properties":{"kind":"canopy","h":9.95,"base":2.2,"leaf":"broadleaved"},"geometry":{"type":"Polygon","coordinates":[[[-97.7286001,30.2863335],[-97.7286237,30.2863539],[-97.7286571,30.2863539],[-97.7286807,30.2863335],[-97.7286807,30.2863047],[-97.7286571,30.2862843],[-97.7286237,30.2862843],[-97.7286001,30.2863047],[-97.7286001,30.2863335]]]}},{"type":"Feature","properties":{"kind":"trunk","h":2.5,"base":0},"geometry":{"type":"Polygon","coordinates":[[[-97.7283898,30.2863548],[-97.7283774,30.2863548],[-97.7283774,30.2863656],[-97.7283898,30.2863656],[-97.7283898,30.2863548]]]}},{"type":"Feature","properties":{"kind":"canopy","h":8.34,"base":2.2,"leaf":"broadleaved"},"geometry":{"type":"Polygon","coordinates":[[[-97.7283447,30.2863741],[-97.7283675,30.2863938],[-97.7283997,30.2863938],[-97.7284225,30.2863741],[-97.7284225,30.2863463],[-97.7283997,30.2863266],[-97.7283675,30.2863266],[-97.7283447,30.2863463],[-97.7283447,30.2863741]]]}},{"type":"Feature","properties":{"kind":"trunk","h":2.5,"base":0},"geometry":{"type":"Polygon","coordinates":[[[-97.7285125,30.2863814],[-97.7285001,30.2863814],[-97.7285001,30.2863922],[-97.7285125,30.2863922],[-97.7285125,30.2863814]]]}},{"type":"Feature","properties":{"kind":"canopy","h":7.19,"base":2.2,"leaf":"broadleaved"},"geometry":{"type":"Polygon","coordinates":[[[-97.7284705,30.2863996],[-97.7284915,30.2864177],[-97.7285211,30.2864177],[-97.7285421,30.2863996],[-97.7285421,30.286374],[-97.7285211,30.2863559],[-97.7284915,30.2863559],[-97.7284705,30.286374],[-97.7284705,30.2863996]]]}},{"type":"Feature","properties":{"kind":"trunk","h":2.5,"base":0},"geometry":{"type":"Polygon","coordinates":[[[-97.7287372,30.2863374],[-97.7287248,30.2863374],[-97.7287248,30.2863482],[-97.7287372,30.2863482],[-97.7287372,30.2863374]]]}},{"type":"Feature","properties":{"kind":"canopy","h":8.11,"base":2.2,"leaf":"broadleaved"},"geometry":{"type":"Polygon","coordinates":[[[-97.7286933,30.2863563],[-97.7287154,30.2863754],[-97.7287466,30.2863754],[-97.7287687,30.2863563],[-97.7287687,30.2863293],[-97.7287466,30.2863102],[-97.7287154,30.2863102],[-97.7286933,30.2863293],[-97.7286933,30.2863563]]]}},{"type":"Feature","properties":{"kind":"trunk","h":2.5,"base":0},"geometry":{"type":"Polygon","coordinates":[[[-97.7288203,30.2864162],[-97.7288079,30.2864162],[-97.7288079,30.286427],[-97.7288203,30.286427],[-97.7288203,30.2864162]]]}},{"type":"Feature","properties":{"kind":"canopy","h":8.8,"base":2.2,"leaf":"broadleaved"},"geometry":{"type":"Polygon","coordinates":[[[-97.7287798,30.2864339],[-97.7287999,30.2864513],[-97.7288283,30.2864513],[-97.7288484,30.2864339],[-97.7288484,30.2864093],[-97.7288283,30.2863919],[-97.7287999,30.2863919],[-97.7287798,30.2864093],[-97.7287798,30.2864339]]]}},{"type":"Feature","properties":{"kind":"trunk","h":2.5,"base":0},"geometry":{"type":"Polygon","coordinates":[[[-97.72888,30.2863901],[-97.7288676,30.2863901],[-97.7288676,30.2864009],[-97.72888,30.2864009],[-97.72888,30.2863901]]]}},{"type":"Feature","properties":{"kind":"canopy","h":9.64,"base":2.2,"leaf":"broadleaved"},"geometry":{"type":"Polygon","coordinates":[[[-97.7288433,30.2864064],[-97.7288612,30.2864219],[-97.7288864,30.2864219],[-97.7289043,30.2864064],[-97.7289043,30.2863846],[-97.7288864,30.2863691],[-97.7288612,30.2863691],[-97.7288433,30.2863846],[-97.7288433,30.2864064]]]}},{"type":"Feature","properties":{"kind":"trunk","h":2.5,"base":0},"geometry":{"type":"Polygon","coordinates":[[[-97.7288257,30.2862749],[-97.7288133,30.2862749],[-97.7288133,30.2862857],[-97.7288257,30.2862857],[-97.7288257,30.2862749]]]}},{"type":"Feature","properties":{"kind":"canopy","h":7.89,"base":2.2,"leaf":"broadleaved"},"geometry":{"type":"Polygon","coordinates":[[[-97.7287777,30.2862952],[-97.7288022,30.2863164],[-97.7288368,30.2863164],[-97.7288613,30.2862952],[-97.7288613,30.2862654],[-97.7288368,30.2862442],[-97.7288022,30.2862442],[-97.7287777,30.2862654],[-97.7287777,30.2862952]]]}},{"type":"Feature","properties":{"kind":"trunk","h":2.5,"base":0},"geometry":{"type":"Polygon","coordinates":[[[-97.7288773,30.286206],[-97.7288649,30.286206],[-97.7288649,30.2862168],[-97.7288773,30.2862168],[-97.7288773,30.286206]]]}},{"type":"Feature","properties":{"kind":"canopy","h":8.33,"base":2.2,"leaf":"broadleaved"},"geometry":{"type":"Polygon","coordinates":[[[-97.7288416,30.286222],[-97.7288589,30.2862369],[-97.7288833,30.2862369],[-97.7289006,30.286222],[-97.7289006,30.2862008],[-97.7288833,30.2861859],[-97.7288589,30.2861859],[-97.7288416,30.2862008],[-97.7288416,30.286222]]]}},{"type":"Feature","properties":{"kind":"trunk","h":2.5,"base":0},"geometry":{"type":"Polygon","coordinates":[[[-97.7290369,30.2864063],[-97.7290245,30.2864063],[-97.7290245,30.2864171],[-97.7290369,30.2864171],[-97.7290369,30.2864063]]]}},{"type":"Feature","properties":{"kind":"canopy","h":8.68,"base":2.2,"leaf":"broadleaved"},"geometry":{"type":"Polygon","coordinates":[[[-97.7289996,30.2864228],[-97.7290178,30.2864386],[-97.7290436,30.2864386],[-97.7290618,30.2864228],[-97.7290618,30.2864006],[-97.7290436,30.2863848],[-97.7290178,30.2863848],[-97.7289996,30.2864006],[-97.7289996,30.2864228]]]}},{"type":"Feature","properties":{"kind":"trunk","h":2.5,"base":0},"geometry":{"type":"Polygon","coordinates":[[[-97.7290302,30.286294],[-97.7290178,30.286294],[-97.7290178,30.2863048],[-97.7290302,30.2863048],[-97.7290302,30.286294]]]}},{"type":"Feature","properties":{"kind":"canopy","h":8.95,"base":2.2,"leaf":"broadleaved"},"geometry":{"type":"Polygon","coordinates":[[[-97.7289942,30.2863101],[-97.7290117,30.2863251],[-97.7290363,30.2863251],[-97.7290538,30.2863101],[-97.7290538,30.2862887],[-97.7290363,30.2862737],[-97.7290117,30.2862737],[-97.7289942,30.2862887],[-97.7289942,30.2863101]]]}},{"type":"Feature","properties":{"kind":"trunk","h":2.5,"base":0},"geometry":{"type":"Polygon","coordinates":[[[-97.7295043,30.2871672],[-97.7294919,30.2871672],[-97.7294919,30.287178],[-97.7295043,30.287178],[-97.7295043,30.2871672]]]}},{"type":"Feature","properties":{"kind":"canopy","h":8.62,"base":2.2,"leaf":"broadleaved"},"geometry":{"type":"Polygon","coordinates":[[[-97.7294583,30.2871868],[-97.7294816,30.2872069],[-97.7295146,30.2872069],[-97.7295379,30.2871868],[-97.7295379,30.2871584],[-97.7295146,30.2871383],[-97.7294816,30.2871383],[-97.7294583,30.2871584],[-97.7294583,30.2871868]]]}},{"type":"Feature","properties":{"kind":"trunk","h":2.5,"base":0},"geometry":{"type":"Polygon","coordinates":[[[-97.729694,30.2873328],[-97.7296816,30.2873328],[-97.7296816,30.2873436],[-97.729694,30.2873436],[-97.729694,30.2873328]]]}},{"type":"Feature","properties":{"kind":"canopy","h":7.36,"base":2.2,"leaf":"broadleaved"},"geometry":{"type":"Polygon","coordinates":[[[-97.7296513,30.2873513],[-97.7296727,30.2873698],[-97.7297029,30.2873698],[-97.7297243,30.2873513],[-97.7297243,30.2873251],[-97.7297029,30.2873066],[-97.7296727,30.2873066],[-97.7296513,30.2873251],[-97.7296513,30.2873513]]]}},{"type":"Feature","properties":{"kind":"trunk","h":2.5,"base":0},"geometry":{"type":"Polygon","coordinates":[[[-97.7296793,30.2872488],[-97.7296669,30.2872488],[-97.7296669,30.2872596],[-97.7296793,30.2872596],[-97.7296793,30.2872488]]]}},{"type":"Feature","properties":{"kind":"canopy","h":9.13,"base":2.2,"leaf":"broadleaved"},"geometry":{"type":"Polygon","coordinates":[[[-97.7296429,30.287265],[-97.7296606,30.2872803],[-97.7296856,30.2872803],[-97.7297033,30.287265],[-97.7297033,30.2872434],[-97.7296856,30.2872281],[-97.7296606,30.2872281],[-97.7296429,30.2872434],[-97.7296429,30.287265]]]}},{"type":"Feature","properties":{"kind":"trunk","h":2.5,"base":0},"geometry":{"type":"Polygon","coordinates":[[[-97.7297007,30.2871794],[-97.7296883,30.2871794],[-97.7296883,30.2871902],[-97.7297007,30.2871902],[-97.7297007,30.2871794]]]}},{"type":"Feature","properties":{"kind":"canopy","h":9.42,"base":2.2,"leaf":"broadleaved"},"geometry":{"type":"Polygon","coordinates":[[[-97.7296559,30.2871986],[-97.7296785,30.2872182],[-97.7297105,30.2872182],[-97.7297331,30.2871986],[-97.7297331,30.287171],[-97.7297105,30.2871514],[-97.7296785,30.2871514],[-97.7296559,30.287171],[-97.7296559,30.2871986]]]}},{"type":"Feature","properties":{"kind":"trunk","h":2.5,"base":0},"geometry":{"type":"Polygon","coordinates":[[[-97.7298556,30.2871446],[-97.7298432,30.2871446],[-97.7298432,30.2871554],[-97.7298556,30.2871554],[-97.7298556,30.2871446]]]}},{"type":"Feature","properties":{"kind":"canopy","h":8.7,"base":2.2,"leaf":"broadleaved"},"geometry":{"type":"Polygon","coordinates":[[[-97.7298066,30.2871653],[-97.7298317,30.2871869],[-97.7298671,30.2871869],[-97.7298922,30.2871653],[-97.7298922,30.2871347],[-97.7298671,30.2871131],[-97.7298317,30.2871131],[-97.7298066,30.2871347],[-97.7298066,30.2871653]]]}},{"type":"Feature","properties":{"kind":"trunk","h":2.5,"base":0},"geometry":{"type":"Polygon","coordinates":[[[-97.7298007,30.2870867],[-97.7297883,30.2870867],[-97.7297883,30.2870975],[-97.7298007,30.2870975],[-97.7298007,30.2870867]]]}},{"type":"Feature","properties":{"kind":"canopy","h":7.21,"base":2.2,"leaf":"broadleaved"},"geometry":{"type":"Polygon","coordinates":[[[-97.7297653,30.2871026],[-97.7297824,30.2871174],[-97.7298066,30.2871174],[-97.7298237,30.2871026],[-97.7298237,30.2870816],[-97.7298066,30.2870668],[-97.7297824,30.2870668],[-97.7297653,30.2870816],[-97.7297653,30.2871026]]]}},{"type":"Feature","properties":{"kind":"trunk","h":2.5,"base":0},"geometry":{"type":"Polygon","coordinates":[[[-97.7298422,30.2869634],[-97.7298298,30.2869634],[-97.7298298,30.2869742],[-97.7298422,30.2869742],[-97.7298422,30.2869634]]]}},{"type":"Feature","properties":{"kind":"canopy","h":7.34,"base":2.2,"leaf":"broadleaved"},"geometry":{"type":"Polygon","coordinates":[[[-97.7298069,30.2869792],[-97.729824,30.2869939],[-97.729848,30.2869939],[-97.7298651,30.2869792],[-97.7298651,30.2869584],[-97.729848,30.2869437],[-97.729824,30.2869437],[-97.7298069,30.2869584],[-97.7298069,30.2869792]]]}},{"type":"Feature","properties":{"kind":"trunk","h":2.5,"base":0},"geometry":{"type":"Polygon","coordinates":[[[-97.7297242,30.2869431],[-97.7297118,30.2869431],[-97.7297118,30.2869539],[-97.7297242,30.2869539],[-97.7297242,30.2869431]]]}},{"type":"Feature","properties":{"kind":"canopy","h":7.04,"base":2.2,"leaf":"broadleaved"},"geometry":{"type":"Polygon","coordinates":[[[-97.7296844,30.2869605],[-97.7297041,30.2869775],[-97.7297319,30.2869775],[-97.7297516,30.2869605],[-97.7297516,30.2869365],[-97.7297319,30.2869195],[-97.7297041,30.2869195],[-97.7296844,30.2869365],[-97.7296844,30.2869605]]]}},{"type":"Feature","properties":{"kind":"trunk","h":2.5,"base":0},"geometry":{"type":"Polygon","coordinates":[[[-97.7296337,30.2869321],[-97.7296213,30.2869321],[-97.7296213,30.2869429],[-97.7296337,30.2869429],[-97.7296337,30.2869321]]]}},{"type":"Feature","properties":{"kind":"canopy","h":9.57,"base":2.2,"leaf":"broadleaved"},"geometry":{"type":"Polygon","coordinates":[[[-97.729587,30.286952],[-97.7296107,30.2869725],[-97.7296443,30.2869725],[-97.729668,30.286952],[-97.729668,30.286923],[-97.7296443,30.2869025],[-97.7296107,30.2869025],[-97.729587,30.286923],[-97.729587,30.286952]]]}},{"type":"Feature","properties":{"kind":"trunk","h":2.5,"base":0},"geometry":{"type":"Polygon","coordinates":[[[-97.7294097,30.2868945],[-97.7293973,30.2868945],[-97.7293973,30.2869053],[-97.7294097,30.2869053],[-97.7294097,30.2868945]]]}},{"type":"Feature","properties":{"kind":"canopy","h":9.09,"base":2.2,"leaf":"broadleaved"},"geometry":{"type":"Polygon","coordinates":[[[-97.7293635,30.2869142],[-97.7293869,30.2869344],[-97.7294201,30.2869344],[-97.7294435,30.2869142],[-97.7294435,30.2868856],[-97.7294201,30.2868654],[-97.7293869,30.2868654],[-97.7293635,30.2868856],[-97.7293635,30.2869142]]]}},{"type":"Feature","properties":{"kind":"trunk","h":2.5,"base":0},"geometry":{"type":"Polygon","coordinates":[[[-97.7294855,30.2867601],[-97.7294731,30.2867601],[-97.7294731,30.2867709],[-97.7294855,30.2867709],[-97.7294855,30.2867601]]]}},{"type":"Feature","properties":{"kind":"canopy","h":9.35,"base":2.2,"leaf":"broadleaved"},"geometry":{"type":"Polygon","coordinates":[[[-97.7294474,30.2867769],[-97.7294661,30.286793],[-97.7294925,30.286793],[-97.7295112,30.2867769],[-97.7295112,30.2867541],[-97.7294925,30.286738],[-97.7294661,30.286738],[-97.7294474,30.2867541],[-97.7294474,30.2867769]]]}},{"type":"Feature","properties":{"kind":"trunk","h":2.5,"base":0},"geometry":{"type":"Polygon","coordinates":[[[-97.7293889,30.2867069],[-97.7293765,30.2867069],[-97.7293765,30.2867177],[-97.7293889,30.2867177],[-97.7293889,30.2867069]]]}},{"type":"Feature","properties":{"kind":"canopy","h":9.1,"base":2.2,"leaf":"broadleaved"},"geometry":{"type":"Polygon","coordinates":[[[-97.7293402,30.2867275],[-97.7293651,30.286749],[-97.7294003,30.286749],[-97.7294252,30.2867275],[-97.7294252,30.2866971],[-97.7294003,30.2866756],[-97.7293651,30.2866756],[-97.7293402,30.2866971],[-97.7293402,30.2867275]]]}},{"type":"Feature","properties":{"kind":"trunk","h":2.5,"base":0},"geometry":{"type":"Polygon","coordinates":[[[-97.7296075,30.2867364],[-97.7295951,30.2867364],[-97.7295951,30.2867472],[-97.7296075,30.2867472],[-97.7296075,30.2867364]]]}},{"type":"Feature","properties":{"kind":"canopy","h":9.5,"base":2.2,"leaf":"broadleaved"},"geometry":{"type":"Polygon","coordinates":[[[-97.729561,30.2867562],[-97.7295846,30.2867766],[-97.729618,30.2867766],[-97.7296416,30.2867562],[-97.7296416,30.2867274],[-97.729618,30.286707],[-97.7295846,30.286707],[-97.729561,30.2867274],[-97.729561,30.2867562]]]}},{"type":"Feature","properties":{"kind":"trunk","h":2.5,"base":0},"geometry":{"type":"Polygon","coordinates":[[[-97.7297329,30.2867607],[-97.7297205,30.2867607],[-97.7297205,30.2867715],[-97.7297329,30.2867715],[-97.7297329,30.2867607]]]}},{"type":"Feature","properties":{"kind":"canopy","h":8.96,"base":2.2,"leaf":"broadleaved"},"geometry":{"type":"Polygon","coordinates":[[[-97.7296976,30.2867765],[-97.7297146,30.2867913],[-97.7297388,30.2867913],[-97.7297558,30.2867765],[-97.7297558,30.2867557],[-97.7297388,30.2867409],[-97.7297146,30.2867409],[-97.7296976,30.2867557],[-97.7296976,30.2867765]]]}},{"type":"Feature","properties":{"kind":"trunk","h":2.5,"base":0},"geometry":{"type":"Polygon","coordinates":[[[-97.7297551,30.2866941],[-97.7297427,30.2866941],[-97.7297427,30.2867049],[-97.7297551,30.2867049],[-97.7297551,30.2866941]]]}},{"type":"Feature","properties":{"kind":"canopy","h":9.97,"base":2.2,"leaf":"broadleaved"},"geometry":{"type":"Polygon","coordinates":[[[-97.7297148,30.2867117],[-97.7297348,30.2867289],[-97.729763,30.2867289],[-97.729783,30.2867117],[-97.729783,30.2866873],[-97.729763,30.2866701],[-97.7297348,30.2866701],[-97.7297148,30.2866873],[-97.7297148,30.2867117]]]}},{"type":"Feature","properties":{"kind":"trunk","h":2.5,"base":0},"geometry":{"type":"Polygon","coordinates":[[[-97.7292475,30.2864619],[-97.7292351,30.2864619],[-97.7292351,30.2864727],[-97.7292475,30.2864727],[-97.7292475,30.2864619]]]}},{"type":"Feature","properties":{"kind":"canopy","h":7.23,"base":2.2,"leaf":"broadleaved"},"geometry":{"type":"Polygon","coordinates":[[[-97.7291985,30.2864826],[-97.7292236,30.2865042],[-97.729259,30.2865042],[-97.7292841,30.2864826],[-97.7292841,30.286452],[-97.729259,30.2864304],[-97.7292236,30.2864304],[-97.7291985,30.286452],[-97.7291985,30.2864826]]]}},{"type":"Feature","properties":{"kind":"trunk","h":2.5,"base":0},"geometry":{"type":"Polygon","coordinates":[[[-97.7294205,30.2864272],[-97.7294081,30.2864272],[-97.7294081,30.286438],[-97.7294205,30.286438],[-97.7294205,30.2864272]]]}},{"type":"Feature","properties":{"kind":"canopy","h":9.14,"base":2.2,"leaf":"broadleaved"},"geometry":{"type":"Polygon","coordinates":[[[-97.7293766,30.2864461],[-97.7293987,30.2864651],[-97.7294299,30.2864651],[-97.729452,30.2864461],[-97.729452,30.2864191],[-97.7294299,30.2864001],[-97.7293987,30.2864001],[-97.7293766,30.2864191],[-97.7293766,30.2864461]]]}},{"type":"Feature","properties":{"kind":"trunk","h":2.5,"base":0},"geometry":{"type":"Polygon","coordinates":[[[-97.729621,30.2861944],[-97.7296086,30.2861944],[-97.7296086,30.2862052],[-97.729621,30.2862052],[-97.729621,30.2861944]]]}},{"type":"Feature","properties":{"kind":"canopy","h":7.17,"base":2.2,"leaf":"broadleaved"},"geometry":{"type":"Polygon","coordinates":[[[-97.7295814,30.2862118],[-97.7296009,30.2862287],[-97.7296287,30.2862287],[-97.7296482,30.2862118],[-97.7296482,30.2861878],[-97.7296287,30.2861709],[-97.7296009,30.2861709],[-97.7295814,30.2861878],[-97.7295814,30.2862118]]]}},{"type":"Feature","properties":{"kind":"trunk","h":2.5,"base":0},"geometry":{"type":"Polygon","coordinates":[[[-97.7296847,30.2861024],[-97.7296723,30.2861024],[-97.7296723,30.2861132],[-97.7296847,30.2861132],[-97.7296847,30.2861024]]]}},{"type":"Feature","properties":{"kind":"canopy","h":7.63,"base":2.2,"leaf":"broadleaved"},"geometry":{"type":"Polygon","coordinates":[[[-97.729642,30.2861209],[-97.7296634,30.2861394],[-97.7296936,30.2861394],[-97.729715,30.2861209],[-97.729715,30.2860947],[-97.7296936,30.2860762],[-97.7296634,30.2860762],[-97.729642,30.2860947],[-97.729642,30.2861209]]]}},{"type":"Feature","properties":{"kind":"trunk","h":2.5,"base":0},"geometry":{"type":"Polygon","coordinates":[[[-97.7295955,30.2861006],[-97.7295831,30.2861006],[-97.7295831,30.2861114],[-97.7295955,30.2861114],[-97.7295955,30.2861006]]]}},{"type":"Feature","properties":{"kind":"canopy","h":7.13,"base":2.2,"leaf":"broadleaved"},"geometry":{"type":"Polygon","coordinates":[[[-97.7295554,30.2861181],[-97.7295753,30.2861353],[-97.7296033,30.2861353],[-97.7296232,30.2861181],[-97.7296232,30.2860939],[-97.7296033,30.2860767],[-97.7295753,30.2860767],[-97.7295554,30.2860939],[-97.7295554,30.2861181]]]}},{"type":"Feature","properties":{"kind":"trunk","h":2.5,"base":0},"geometry":{"type":"Polygon","coordinates":[[[-97.7298798,30.2864816],[-97.7298674,30.2864816],[-97.7298674,30.2864924],[-97.7298798,30.2864924],[-97.7298798,30.2864816]]]}},{"type":"Feature","properties":{"kind":"canopy","h":9.06,"base":2.2,"leaf":"broadleaved"},"geometry":{"type":"Polygon","coordinates":[[[-97.7298385,30.2864996],[-97.729859,30.2865173],[-97.7298882,30.2865173],[-97.7299087,30.2864996],[-97.7299087,30.2864744],[-97.7298882,30.2864567],[-97.729859,30.2864567],[-97.7298385,30.2864744],[-97.7298385,30.2864996]]]}},{"type":"Feature","properties":{"kind":"trunk","h":2.5,"base":0},"geometry":{"type":"Polygon","coordinates":[[[-97.7299938,30.2866669],[-97.7299814,30.2866669],[-97.7299814,30.2866777],[-97.7299938,30.2866777],[-97.7299938,30.2866669]]]}},{"type":"Feature","properties":{"kind":"canopy","h":7.92,"base":2.2,"leaf":"broadleaved"},"geometry":{"type":"Polygon","coordinates":[[[-97.7299512,30.2866853],[-97.7299725,30.2867037],[-97.7300027,30.2867037],[-97.730024,30.2866853],[-97.730024,30.2866593],[-97.7300027,30.2866409],[-97.7299725,30.2866409],[-97.7299512,30.2866593],[-97.7299512,30.2866853]]]}},{"type":"Feature","properties":{"kind":"trunk","h":2.5,"base":0},"geometry":{"type":"Polygon","coordinates":[[[-97.7300092,30.2865685],[-97.7299968,30.2865685],[-97.7299968,30.2865793],[-97.7300092,30.2865793],[-97.7300092,30.2865685]]]}},{"type":"Feature","properties":{"kind":"canopy","h":8.05,"base":2.2,"leaf":"broadleaved"},"geometry":{"type":"Polygon","coordinates":[[[-97.7299709,30.2865854],[-97.7299897,30.2866016],[-97.7300163,30.2866016],[-97.7300351,30.2865854],[-97.7300351,30.2865624],[-97.7300163,30.2865462],[-97.7299897,30.2865462],[-97.7299709,30.2865624],[-97.7299709,30.2865854]]]}},{"type":"Feature","properties":{"kind":"trunk","h":2.5,"base":0},"geometry":{"type":"Polygon","coordinates":[[[-97.7298744,30.2864573],[-97.729862,30.2864573],[-97.729862,30.2864681],[-97.7298744,30.2864681],[-97.7298744,30.2864573]]]}},{"type":"Feature","properties":{"kind":"canopy","h":8.94,"base":2.2,"leaf":"broadleaved"},"geometry":{"type":"Polygon","coordinates":[[[-97.7298342,30.2864749],[-97.7298541,30.286492],[-97.7298823,30.286492],[-97.7299022,30.2864749],[-97.7299022,30.2864505],[-97.7298823,30.2864334],[-97.7298541,30.2864334],[-97.7298342,30.2864505],[-97.7298342,30.2864749]]]}},{"type":"Feature","properties":{"kind":"trunk","h":2.5,"base":0},"geometry":{"type":"Polygon","coordinates":[[[-97.7300092,30.2864648],[-97.7299968,30.2864648],[-97.7299968,30.2864756],[-97.7300092,30.2864756],[-97.7300092,30.2864648]]]}},{"type":"Feature","properties":{"kind":"canopy","h":9.53,"base":2.2,"leaf":"broadleaved"},"geometry":{"type":"Polygon","coordinates":[[[-97.7299701,30.286482],[-97.7299894,30.2864986],[-97.7300166,30.2864986],[-97.7300359,30.286482],[-97.7300359,30.2864584],[-97.7300166,30.2864418],[-97.7299894,30.2864418],[-97.7299701,30.2864584],[-97.7299701,30.286482]]]}},{"type":"Feature","properties":{"kind":"trunk","h":2.5,"base":0},"geometry":{"type":"Polygon","coordinates":[[[-97.730085,30.2862871],[-97.7300726,30.2862871],[-97.7300726,30.2862979],[-97.730085,30.2862979],[-97.730085,30.2862871]]]}},{"type":"Feature","properties":{"kind":"canopy","h":8.95,"base":2.2,"leaf":"broadleaved"},"geometry":{"type":"Polygon","coordinates":[[[-97.7300465,30.286304],[-97.7300654,30.2863204],[-97.7300922,30.2863204],[-97.7301111,30.286304],[-97.7301111,30.286281],[-97.7300922,30.2862646],[-97.7300654,30.2862646],[-97.7300465,30.286281],[-97.7300465,30.286304]]]}},{"type":"Feature","properties":{"kind":"trunk","h":2.5,"base":0},"geometry":{"type":"Polygon","coordinates":[[[-97.7299388,30.2863183],[-97.7299264,30.2863183],[-97.7299264,30.2863291],[-97.7299388,30.2863291],[-97.7299388,30.2863183]]]}},{"type":"Feature","properties":{"kind":"canopy","h":7.29,"base":2.2,"leaf":"broadleaved"},"geometry":{"type":"Polygon","coordinates":[[[-97.7298941,30.2863375],[-97.7299166,30.286357],[-97.7299486,30.286357],[-97.7299711,30.2863375],[-97.7299711,30.2863099],[-97.7299486,30.2862904],[-97.7299166,30.2862904],[-97.7298941,30.2863099],[-97.7298941,30.2863375]]]}},{"type":"Feature","properties":{"kind":"trunk","h":2.5,"base":0},"geometry":{"type":"Polygon","coordinates":[[[-97.7299468,30.2861863],[-97.7299344,30.2861863],[-97.7299344,30.2861971],[-97.7299468,30.2861971],[-97.7299468,30.2861863]]]}},{"type":"Feature","properties":{"kind":"canopy","h":8.44,"base":2.2,"leaf":"broadleaved"},"geometry":{"type":"Polygon","coordinates":[[[-97.7299037,30.2862049],[-97.7299253,30.2862235],[-97.7299559,30.2862235],[-97.7299775,30.2862049],[-97.7299775,30.2861785],[-97.7299559,30.2861599],[-97.7299253,30.2861599],[-97.7299037,30.2861785],[-97.7299037,30.2862049]]]}},{"type":"Feature","properties":{"kind":"trunk","h":2.5,"base":0},"geometry":{"type":"Polygon","coordinates":[[[-97.7300179,30.2860531],[-97.7300055,30.2860531],[-97.7300055,30.2860639],[-97.7300179,30.2860639],[-97.7300179,30.2860531]]]}},{"type":"Feature","properties":{"kind":"canopy","h":8.38,"base":2.2,"leaf":"broadleaved"},"geometry":{"type":"Polygon","coordinates":[[[-97.7299726,30.2860725],[-97.7299955,30.2860922],[-97.7300279,30.2860922],[-97.7300508,30.2860725],[-97.7300508,30.2860445],[-97.7300279,30.2860248],[-97.7299955,30.2860248],[-97.7299726,30.2860445],[-97.7299726,30.2860725]]]}},{"type":"Feature","properties":{"kind":"trunk","h":2.5,"base":0},"geometry":{"type":"Polygon","coordinates":[[[-97.7300991,30.2860838],[-97.7300867,30.2860838],[-97.7300867,30.2860946],[-97.7300991,30.2860946],[-97.7300991,30.2860838]]]}},{"type":"Feature","properties":{"kind":"canopy","h":9.97,"base":2.2,"leaf":"broadleaved"},"geometry":{"type":"Polygon","coordinates":[[[-97.7300574,30.2861019],[-97.7300782,30.2861199],[-97.7301076,30.2861199],[-97.7301284,30.2861019],[-97.7301284,30.2860765],[-97.7301076,30.2860585],[-97.7300782,30.2860585],[-97.7300574,30.2860765],[-97.7300574,30.2861019]]]}},{"type":"Feature","properties":{"kind":"trunk","h":2.5,"base":0},"geometry":{"type":"Polygon","coordinates":[[[-97.7302278,30.2858464],[-97.7302154,30.2858464],[-97.7302154,30.2858572],[-97.7302278,30.2858572],[-97.7302278,30.2858464]]]}},{"type":"Feature","properties":{"kind":"canopy","h":8.63,"base":2.2,"leaf":"broadleaved"},"geometry":{"type":"Polygon","coordinates":[[[-97.7301879,30.2858638],[-97.7302076,30.2858809],[-97.7302356,30.2858809],[-97.7302553,30.2858638],[-97.7302553,30.2858398],[-97.7302356,30.2858227],[-97.7302076,30.2858227],[-97.7301879,30.2858398],[-97.7301879,30.2858638]]]}},{"type":"Feature","properties":{"kind":"trunk","h":2.5,"base":0},"geometry":{"type":"Polygon","coordinates":[[[-97.7301782,30.2858314],[-97.7301658,30.2858314],[-97.7301658,30.2858422],[-97.7301782,30.2858422],[-97.7301782,30.2858314]]]}},{"type":"Feature","properties":{"kind":"canopy","h":9.82,"base":2.2,"leaf":"broadleaved"},"geometry":{"type":"Polygon","coordinates":[[[-97.7301289,30.2858522],[-97.7301541,30.285874],[-97.7301899,30.285874],[-97.7302151,30.2858522],[-97.7302151,30.2858214],[-97.7301899,30.2857996],[-97.7301541,30.2857996],[-97.7301289,30.2858214],[-97.7301289,30.2858522]]]}},{"type":"Feature","properties":{"kind":"trunk","h":2.5,"base":0},"geometry":{"type":"Polygon","coordinates":[[[-97.7302164,30.2857561],[-97.730204,30.2857561],[-97.730204,30.2857669],[-97.7302164,30.2857669],[-97.7302164,30.2857561]]]}},{"type":"Feature","properties":{"kind":"canopy","h":9.71,"base":2.2,"leaf":"broadleaved"},"geometry":{"type":"Polygon","coordinates":[[[-97.7301722,30.2857751],[-97.7301944,30.2857943],[-97.730226,30.2857943],[-97.7302482,30.2857751],[-97.7302482,30.2857479],[-97.730226,30.2857287],[-97.7301944,30.2857287],[-97.7301722,30.2857479],[-97.7301722,30.2857751]]]}},{"type":"Feature","properties":{"kind":"trunk","h":2.5,"base":0},"geometry":{"type":"Polygon","coordinates":[[[-97.7301413,30.2856889],[-97.7301289,30.2856889],[-97.7301289,30.2856997],[-97.7301413,30.2856997],[-97.7301413,30.2856889]]]}},{"type":"Feature","properties":{"kind":"canopy","h":7.94,"base":2.2,"leaf":"broadleaved"},"geometry":{"type":"Polygon","coordinates":[[[-97.7301051,30.285705],[-97.7301227,30.2857202],[-97.7301475,30.2857202],[-97.7301651,30.285705],[-97.7301651,30.2856836],[-97.7301475,30.2856684],[-97.7301227,30.2856684],[-97.7301051,30.2856836],[-97.7301051,30.285705]]]}},{"type":"Feature","properties":{"kind":"trunk","h":2.5,"base":0},"geometry":{"type":"Polygon","coordinates":[[[-97.7304048,30.28529],[-97.7303924,30.28529],[-97.7303924,30.2853008],[-97.7304048,30.2853008],[-97.7304048,30.28529]]]}},{"type":"Feature","properties":{"kind":"canopy","h":7.85,"base":2.2,"leaf":"broadleaved"},"geometry":{"type":"Polygon","coordinates":[[[-97.7303656,30.2853072],[-97.7303849,30.2853239],[-97.7304123,30.2853239],[-97.7304316,30.2853072],[-97.7304316,30.2852836],[-97.7304123,30.2852669],[-97.7303849,30.2852669],[-97.7303656,30.2852836],[-97.7303656,30.2853072]]]}},{"type":"Feature","properties":{"kind":"trunk","h":2.5,"base":0},"geometry":{"type":"Polygon","coordinates":[[[-97.7302452,30.2854417],[-97.7302328,30.2854417],[-97.7302328,30.2854525],[-97.7302452,30.2854525],[-97.7302452,30.2854417]]]}},{"type":"Feature","properties":{"kind":"canopy","h":8.11,"base":2.2,"leaf":"broadleaved"},"geometry":{"type":"Polygon","coordinates":[[[-97.7302089,30.2854579],[-97.7302265,30.2854731],[-97.7302515,30.2854731],[-97.7302691,30.2854579],[-97.7302691,30.2854363],[-97.7302515,30.2854211],[-97.7302265,30.2854211],[-97.7302089,30.2854363],[-97.7302089,30.2854579]]]}},{"type":"Feature","properties":{"kind":"trunk","h":2.5,"base":0},"geometry":{"type":"Polygon","coordinates":[[[-97.7297598,30.2858574],[-97.7297474,30.2858574],[-97.7297474,30.2858682],[-97.7297598,30.2858682],[-97.7297598,30.2858574]]]}},{"type":"Feature","properties":{"kind":"canopy","h":8.81,"base":2.2,"leaf":"broadleaved"},"geometry":{"type":"Polygon","coordinates":[[[-97.7297205,30.2858746],[-97.7297399,30.2858914],[-97.7297673,30.2858914],[-97.7297867,30.2858746],[-97.7297867,30.285851],[-97.7297673,30.2858342],[-97.7297399,30.2858342],[-97.7297205,30.285851],[-97.7297205,30.2858746]]]}},{"type":"Feature","properties":{"kind":"trunk","h":2.5,"base":0},"geometry":{"type":"Polygon","coordinates":[[[-97.7299019,30.2856976],[-97.7298895,30.2856976],[-97.7298895,30.2857084],[-97.7299019,30.2857084],[-97.7299019,30.2856976]]]}},{"type":"Feature","properties":{"kind":"canopy","h":7.89,"base":2.2,"leaf":"broadleaved"},"geometry":{"type":"Polygon","coordinates":[[[-97.7298602,30.2857157],[-97.729881,30.2857336],[-97.7299104,30.2857336],[-97.7299312,30.2857157],[-97.7299312,30.2856903],[-97.7299104,30.2856724],[-97.729881,30.2856724],[-97.7298602,30.2856903],[-97.7298602,30.2857157]]]}},{"type":"Feature","properties":{"kind":"trunk","h":2.5,"base":0},"geometry":{"type":"Polygon","coordinates":[[[-97.7299227,30.2854949],[-97.7299103,30.2854949],[-97.7299103,30.2855057],[-97.7299227,30.2855057],[-97.7299227,30.2854949]]]}},{"type":"Feature","properties":{"kind":"canopy","h":7.24,"base":2.2,"leaf":"broadleaved"},"geometry":{"type":"Polygon","coordinates":[[[-97.729882,30.2855126],[-97.7299022,30.2855301],[-97.7299308,30.2855301],[-97.729951,30.2855126],[-97.729951,30.285488],[-97.7299308,30.2854705],[-97.7299022,30.2854705],[-97.729882,30.285488],[-97.729882,30.2855126]]]}},{"type":"Feature","properties":{"kind":"trunk","h":2.5,"base":0},"geometry":{"type":"Polygon","coordinates":[[[-97.7298758,30.2854341],[-97.7298634,30.2854341],[-97.7298634,30.2854449],[-97.7298758,30.2854449],[-97.7298758,30.2854341]]]}},{"type":"Feature","properties":{"kind":"canopy","h":8.15,"base":2.2,"leaf":"broadleaved"},"geometry":{"type":"Polygon","coordinates":[[[-97.7298311,30.2854533],[-97.7298537,30.2854727],[-97.7298855,30.2854727],[-97.7299081,30.2854533],[-97.7299081,30.2854257],[-97.7298855,30.2854063],[-97.7298537,30.2854063],[-97.7298311,30.2854257],[-97.7298311,30.2854533]]]}},{"type":"Feature","properties":{"kind":"trunk","h":2.5,"base":0},"geometry":{"type":"Polygon","coordinates":[[[-97.7296391,30.2853577],[-97.7296267,30.2853577],[-97.7296267,30.2853685],[-97.7296391,30.2853685],[-97.7296391,30.2853577]]]}},{"type":"Feature","properties":{"kind":"canopy","h":7.32,"base":2.2,"leaf":"broadleaved"},"geometry":{"type":"Polygon","coordinates":[[[-97.7295969,30.285376],[-97.729618,30.2853942],[-97.7296478,30.2853942],[-97.7296689,30.285376],[-97.7296689,30.2853502],[-97.7296478,30.285332],[-97.729618,30.285332],[-97.7295969,30.2853502],[-97.7295969,30.285376]]]}},{"type":"Feature","properties":{"kind":"trunk","h":2.5,"base":0},"geometry":{"type":"Polygon","coordinates":[[[-97.7296484,30.2852159],[-97.729636,30.2852159],[-97.729636,30.2852267],[-97.7296484,30.2852267],[-97.7296484,30.2852159]]]}},{"type":"Feature","properties":{"kind":"canopy","h":8.92,"base":2.2,"leaf":"broadleaved"},"geometry":{"type":"Polygon","coordinates":[[[-97.7296018,30.2852357],[-97.7296255,30.2852562],[-97.7296589,30.2852562],[-97.7296826,30.2852357],[-97.7296826,30.2852069],[-97.7296589,30.2851864],[-97.7296255,30.2851864],[-97.7296018,30.2852069],[-97.7296018,30.2852357]]]}},{"type":"Feature","properties":{"kind":"trunk","h":2.5,"base":0},"geometry":{"type":"Polygon","coordinates":[[[-97.729637,30.2851765],[-97.7296246,30.2851765],[-97.7296246,30.2851873],[-97.729637,30.2851873],[-97.729637,30.2851765]]]}},{"type":"Feature","properties":{"kind":"canopy","h":7.79,"base":2.2,"leaf":"broadleaved"},"geometry":{"type":"Polygon","coordinates":[[[-97.7295962,30.2851943],[-97.7296165,30.2852117],[-97.7296451,30.2852117],[-97.7296654,30.2851943],[-97.7296654,30.2851695],[-97.7296451,30.2851521],[-97.7296165,30.2851521],[-97.7295962,30.2851695],[-97.7295962,30.2851943]]]}},{"type":"Feature","properties":{"kind":"trunk","h":2.5,"base":0},"geometry":{"type":"Polygon","coordinates":[[[-97.7298114,30.2852616],[-97.729799,30.2852616],[-97.729799,30.2852724],[-97.7298114,30.2852724],[-97.7298114,30.2852616]]]}},{"type":"Feature","properties":{"kind":"canopy","h":8.13,"base":2.2,"leaf":"broadleaved"},"geometry":{"type":"Polygon","coordinates":[[[-97.7297759,30.2852775],[-97.7297931,30.2852923],[-97.7298173,30.2852923],[-97.7298345,30.2852775],[-97.7298345,30.2852565],[-97.7298173,30.2852417],[-97.7297931,30.2852417],[-97.7297759,30.2852565],[-97.7297759,30.2852775]]]}},{"type":"Feature","properties":{"kind":"trunk","h":2.5,"base":0},"geometry":{"type":"Polygon","coordinates":[[[-97.7297289,30.285162],[-97.7297165,30.285162],[-97.7297165,30.2851728],[-97.7297289,30.2851728],[-97.7297289,30.285162]]]}},{"type":"Feature","properties":{"kind":"canopy","h":8.67,"base":2.2,"leaf":"broadleaved"},"geometry":{"type":"Polygon","coordinates":[[[-97.7296833,30.2851815],[-97.7297064,30.2852014],[-97.729739,30.2852014],[-97.7297621,30.2851815],[-97.7297621,30.2851533],[-97.729739,30.2851334],[-97.7297064,30.2851334],[-97.7296833,30.2851533],[-97.7296833,30.2851815]]]}},{"type":"Feature","properties":{"kind":"trunk","h":2.5,"base":0},"geometry":{"type":"Polygon","coordinates":[[[-97.7302855,30.2846866],[-97.7302731,30.2846866],[-97.7302731,30.2846974],[-97.7302855,30.2846974],[-97.7302855,30.2846866]]]}},{"type":"Feature","properties":{"kind":"canopy","h":8.64,"base":2.2,"leaf":"broadleaved"},"geometry":{"type":"Polygon","coordinates":[[[-97.730246,30.2847039],[-97.7302655,30.2847208],[-97.7302931,30.2847208],[-97.7303126,30.2847039],[-97.7303126,30.2846801],[-97.7302931,30.2846632],[-97.7302655,30.2846632],[-97.730246,30.2846801],[-97.730246,30.2847039]]]}},{"type":"Feature","properties":{"kind":"trunk","h":2.5,"base":0},"geometry":{"type":"Polygon","coordinates":[[[-97.7301735,30.2844347],[-97.7301611,30.2844347],[-97.7301611,30.2844455],[-97.7301735,30.2844455],[-97.7301735,30.2844347]]]}},{"type":"Feature","properties":{"kind":"canopy","h":9.93,"base":2.2,"leaf":"broadleaved"},"geometry":{"type":"Polygon","coordinates":[[[-97.7301366,30.2844511],[-97.7301546,30.2844667],[-97.73018,30.2844667],[-97.730198,30.2844511],[-97.730198,30.2844291],[-97.73018,30.2844135],[-97.7301546,30.2844135],[-97.7301366,30.2844291],[-97.7301366,30.2844511]]]}},{"type":"Feature","properties":{"kind":"trunk","h":2.5,"base":0},"geometry":{"type":"Polygon","coordinates":[[[-97.7303036,30.2845488],[-97.7302912,30.2845488],[-97.7302912,30.2845596],[-97.7303036,30.2845596],[-97.7303036,30.2845488]]]}},{"type":"Feature","properties":{"kind":"canopy","h":8.2,"base":2.2,"leaf":"broadleaved"},"geometry":{"type":"Polygon","coordinates":[[[-97.7302576,30.2845684],[-97.7302809,30.2845886],[-97.7303139,30.2845886],[-97.7303372,30.2845684],[-97.7303372,30.28454],[-97.7303139,30.2845198],[-97.7302809,30.2845198],[-97.7302576,30.28454],[-97.7302576,30.2845684]]]}},{"type":"Feature","properties":{"kind":"trunk","h":2.5,"base":0},"geometry":{"type":"Polygon","coordinates":[[[-97.7302191,30.2845424],[-97.7302067,30.2845424],[-97.7302067,30.2845532],[-97.7302191,30.2845532],[-97.7302191,30.2845424]]]}},{"type":"Feature","properties":{"kind":"canopy","h":9.92,"base":2.2,"leaf":"broadleaved"},"geometry":{"type":"Polygon","coordinates":[[[-97.7301728,30.2845621],[-97.7301963,30.2845824],[-97.7302295,30.2845824],[-97.730253,30.2845621],[-97.730253,30.2845335],[-97.7302295,30.2845132],[-97.7301963,30.2845132],[-97.7301728,30.2845335],[-97.7301728,30.2845621]]]}},{"type":"Feature","properties":{"kind":"trunk","h":2.5,"base":0},"geometry":{"type":"Polygon","coordinates":[[[-97.7301929,30.2846623],[-97.7301805,30.2846623],[-97.7301805,30.2846731],[-97.7301929,30.2846731],[-97.7301929,30.2846623]]]}},{"type":"Feature","properties":{"kind":"canopy","h":7.18,"base":2.2,"leaf":"broadleaved"},"geometry":{"type":"Polygon","coordinates":[[[-97.7301486,30.2846813],[-97.7301709,30.2847006],[-97.7302025,30.2847006],[-97.7302248,30.2846813],[-97.7302248,30.2846541],[-97.7302025,30.2846348],[-97.7301709,30.2846348],[-97.7301486,30.2846541],[-97.7301486,30.2846813]]]}},{"type":"Feature","properties":{"kind":"trunk","h":2.5,"base":0},"geometry":{"type":"Polygon","coordinates":[[[-97.7301212,30.2845401],[-97.7301088,30.2845401],[-97.7301088,30.2845509],[-97.7301212,30.2845509],[-97.7301212,30.2845401]]]}},{"type":"Feature","properties":{"kind":"canopy","h":9.05,"base":2.2,"leaf":"broadleaved"},"geometry":{"type":"Polygon","coordinates":[[[-97.7300747,30.2845599],[-97.7300983,30.2845803],[-97.7301317,30.2845803],[-97.7301553,30.2845599],[-97.7301553,30.2845311],[-97.7301317,30.2845107],[-97.7300983,30.2845107],[-97.7300747,30.2845311],[-97.7300747,30.2845599]]]}},{"type":"Feature","properties":{"kind":"trunk","h":2.5,"base":0},"geometry":{"type":"Polygon","coordinates":[[[-97.729277,30.2843137],[-97.7292646,30.2843137],[-97.7292646,30.2843245],[-97.729277,30.2843245],[-97.729277,30.2843137]]]}},{"type":"Feature","properties":{"kind":"canopy","h":7.91,"base":2.2,"leaf":"broadleaved"},"geometry":{"type":"Polygon","coordinates":[[[-97.7292298,30.2843338],[-97.7292538,30.2843545],[-97.7292878,30.2843545],[-97.7293118,30.2843338],[-97.7293118,30.2843044],[-97.7292878,30.2842837],[-97.7292538,30.2842837],[-97.7292298,30.2843044],[-97.7292298,30.2843338]]]}},{"type":"Feature","properties":{"kind":"trunk","h":2.5,"base":0},"geometry":{"type":"Polygon","coordinates":[[[-97.7294111,30.2845528],[-97.7293987,30.2845528],[-97.7293987,30.2845636],[-97.7294111,30.2845636],[-97.7294111,30.2845528]]]}},{"type":"Feature","properties":{"kind":"canopy","h":7.93,"base":2.2,"leaf":"broadleaved"},"geometry":{"type":"Polygon","coordinates":[[[-97.7293718,30.28457],[-97.7293912,30.2845868],[-97.7294186,30.2845868],[-97.729438,30.28457],[-97.729438,30.2845464],[-97.7294186,30.2845296],[-97.7293912,30.2845296],[-97.7293718,30.2845464],[-97.7293718,30.28457]]]}},{"type":"Feature","properties":{"kind":"trunk","h":2.5,"base":0},"geometry":{"type":"Polygon","coordinates":[[[-97.7295519,30.2843409],[-97.7295395,30.2843409],[-97.7295395,30.2843517],[-97.7295519,30.2843517],[-97.7295519,30.2843409]]]}},{"type":"Feature","properties":{"kind":"canopy","h":9.43,"base":2.2,"leaf":"broadleaved"},"geometry":{"type":"Polygon","coordinates":[[[-97.7295151,30.2843572],[-97.729533,30.2843727],[-97.7295584,30.2843727],[-97.7295763,30.2843572],[-97.7295763,30.2843354],[-97.7295584,30.2843199],[-97.729533,30.2843199],[-97.7295151,30.2843354],[-97.7295151,30.2843572]]]}},{"type":"Feature","properties":{"kind":"trunk","h":2.5,"base":0},"geometry":{"type":"Polygon","coordinates":[[[-97.7295472,30.2844],[-97.7295348,30.2844],[-97.7295348,30.2844108],[-97.7295472,30.2844108],[-97.7295472,30.2844]]]}},{"type":"Feature","properties":{"kind":"canopy","h":9.53,"base":2.2,"leaf":"broadleaved"},"geometry":{"type":"Polygon","coordinates":[[[-97.729501,30.2844197],[-97.7295245,30.2844399],[-97.7295575,30.2844399],[-97.729581,30.2844197],[-97.729581,30.2843911],[-97.7295575,30.2843709],[-97.7295245,30.2843709],[-97.729501,30.2843911],[-97.729501,30.2844197]]]}},{"type":"Feature","properties":{"kind":"trunk","h":2.5,"base":0},"geometry":{"type":"Polygon","coordinates":[[[-97.7294245,30.2844776],[-97.7294121,30.2844776],[-97.7294121,30.2844884],[-97.7294245,30.2844884],[-97.7294245,30.2844776]]]}},{"type":"Feature","properties":{"kind":"canopy","h":7.13,"base":2.2,"leaf":"broadleaved"},"geometry":{"type":"Polygon","coordinates":[[[-97.7293794,30.2844969],[-97.7294022,30.2845166],[-97.7294344,30.2845166],[-97.7294572,30.2844969],[-97.7294572,30.2844691],[-97.7294344,30.2844494],[-97.7294022,30.2844494],[-97.7293794,30.2844691],[-97.7293794,30.2844969]]]}},{"type":"Feature","properties":{"kind":"trunk","h":2.5,"base":0},"geometry":{"type":"Polygon","coordinates":[[[-97.7294251,30.2843768],[-97.7294127,30.2843768],[-97.7294127,30.2843876],[-97.7294251,30.2843876],[-97.7294251,30.2843768]]]}},{"type":"Feature","properties":{"kind":"canopy","h":7.72,"base":2.2,"leaf":"broadleaved"},"geometry":{"type":"Polygon","coordinates":[[[-97.7293792,30.2843964],[-97.7294024,30.2844165],[-97.7294354,30.2844165],[-97.7294586,30.2843964],[-97.7294586,30.284368],[-97.7294354,30.2843479],[-97.7294024,30.2843479],[-97.7293792,30.284368],[-97.7293792,30.2843964]]]}},{"type":"Feature","properties":{"kind":"trunk","h":2.5,"base":0},"geometry":{"type":"Polygon","coordinates":[[[-97.7296505,30.2843288],[-97.7296381,30.2843288],[-97.7296381,30.2843396],[-97.7296505,30.2843396],[-97.7296505,30.2843288]]]}},{"type":"Feature","properties":{"kind":"canopy","h":7.5,"base":2.2,"leaf":"broadleaved"},"geometry":{"type":"Polygon","coordinates":[[[-97.7296056,30.284348],[-97.7296283,30.2843676],[-97.7296603,30.2843676],[-97.729683,30.284348],[-97.729683,30.2843204],[-97.7296603,30.2843008],[-97.7296283,30.2843008],[-97.7296056,30.2843204],[-97.7296056,30.284348]]]}},{"type":"Feature","properties":{"kind":"trunk","h":2.5,"base":0},"geometry":{"type":"Polygon","coordinates":[[[-97.7297396,30.2843652],[-97.7297272,30.2843652],[-97.7297272,30.284376],[-97.7297396,30.284376],[-97.7297396,30.2843652]]]}},{"type":"Feature","properties":{"kind":"canopy","h":7.47,"base":2.2,"leaf":"broadleaved"},"geometry":{"type":"Polygon","coordinates":[[[-97.7296916,30.2843855],[-97.7297161,30.2844067],[-97.7297507,30.2844067],[-97.7297752,30.2843855],[-97.7297752,30.2843557],[-97.7297507,30.2843345],[-97.7297161,30.2843345],[-97.7296916,30.2843557],[-97.7296916,30.2843855]]]}},{"type":"Feature","properties":{"kind":"trunk","h":2.5,"base":0},"geometry":{"type":"Polygon","coordinates":[[[-97.7297618,30.2843062],[-97.7297494,30.2843062],[-97.7297494,30.284317],[-97.7297618,30.284317],[-97.7297618,30.2843062]]]}},{"type":"Feature","properties":{"kind":"canopy","h":9.82,"base":2.2,"leaf":"broadleaved"},"geometry":{"type":"Polygon","coordinates":[[[-97.7297172,30.2843253],[-97.7297397,30.2843448],[-97.7297715,30.2843448],[-97.729794,30.2843253],[-97.729794,30.2842979],[-97.7297715,30.2842784],[-97.7297397,30.2842784],[-97.7297172,30.2842979],[-97.7297172,30.2843253]]]}},{"type":"Feature","properties":{"kind":"trunk","h":2.5,"base":0},"geometry":{"type":"Polygon","coordinates":[[[-97.729853,30.2843322],[-97.7298406,30.2843322],[-97.7298406,30.284343],[-97.729853,30.284343],[-97.729853,30.2843322]]]}},{"type":"Feature","properties":{"kind":"canopy","h":8.45,"base":2.2,"leaf":"broadleaved"},"geometry":{"type":"Polygon","coordinates":[[[-97.7298036,30.284353],[-97.7298289,30.2843749],[-97.7298647,30.2843749],[-97.72989,30.284353],[-97.72989,30.2843222],[-97.7298647,30.2843003],[-97.7298289,30.2843003],[-97.7298036,30.2843222],[-97.7298036,30.284353]]]}},{"type":"Feature","properties":{"kind":"trunk","h":2.5,"base":0},"geometry":{"type":"Polygon","coordinates":[[[-97.7299616,30.2843768],[-97.7299492,30.2843768],[-97.7299492,30.2843876],[-97.7299616,30.2843876],[-97.7299616,30.2843768]]]}},{"type":"Feature","properties":{"kind":"canopy","h":7.62,"base":2.2,"leaf":"broadleaved"},"geometry":{"type":"Polygon","coordinates":[[[-97.7299236,30.2843936],[-97.7299422,30.2844097],[-97.7299686,30.2844097],[-97.7299872,30.2843936],[-97.7299872,30.2843708],[-97.7299686,30.2843547],[-97.7299422,30.2843547],[-97.7299236,30.2843708],[-97.7299236,30.2843936]]]}},{"type":"Feature","properties":{"kind":"trunk","h":2.5,"base":0},"geometry":{"type":"Polygon","coordinates":[[[-97.73003,30.2843062],[-97.7300176,30.2843062],[-97.7300176,30.284317],[-97.73003,30.284317],[-97.73003,30.2843062]]]}},{"type":"Feature","properties":{"kind":"canopy","h":8.89,"base":2.2,"leaf":"broadleaved"},"geometry":{"type":"Polygon","coordinates":[[[-97.7299816,30.2843267],[-97.7300063,30.284348],[-97.7300413,30.284348],[-97.730066,30.2843267],[-97.730066,30.2842965],[-97.7300413,30.2842752],[-97.7300063,30.2842752],[-97.7299816,30.2842965],[-97.7299816,30.2843267]]]}},{"type":"Feature","properties":{"kind":"trunk","h":2.5,"base":0},"geometry":{"type":"Polygon","coordinates":[[[-97.7299307,30.2843073],[-97.7299183,30.2843073],[-97.7299183,30.2843181],[-97.7299307,30.2843181],[-97.7299307,30.2843073]]]}},{"type":"Feature","properties":{"kind":"canopy","h":7.62,"base":2.2,"leaf":"broadleaved"},"geometry":{"type":"Polygon","coordinates":[[[-97.7298928,30.284324],[-97.7299114,30.28434],[-97.7299376,30.28434],[-97.7299562,30.284324],[-97.7299562,30.2843014],[-97.7299376,30.2842854],[-97.7299114,30.2842854],[-97.7298928,30.2843014],[-97.7298928,30.284324]]]}},{"type":"Feature","properties":{"kind":"trunk","h":2.5,"base":0},"geometry":{"type":"Polygon","coordinates":[[[-97.7297463,30.2844839],[-97.7297339,30.2844839],[-97.7297339,30.2844947],[-97.7297463,30.2844947],[-97.7297463,30.2844839]]]}},{"type":"Feature","properties":{"kind":"canopy","h":7.13,"base":2.2,"leaf":"broadleaved"},"geometry":{"type":"Polygon","coordinates":[[[-97.7297073,30.284501],[-97.7297265,30.2845176],[-97.7297537,30.2845176],[-97.7297729,30.284501],[-97.7297729,30.2844776],[-97.7297537,30.284461],[-97.7297265,30.284461],[-97.7297073,30.2844776],[-97.7297073,30.284501]]]}},{"type":"Feature","properties":{"kind":"trunk","h":2.5,"base":0},"geometry":{"type":"Polygon","coordinates":[[[-97.7297242,30.2845673],[-97.7297118,30.2845673],[-97.7297118,30.2845781],[-97.7297242,30.2845781],[-97.7297242,30.2845673]]]}},{"type":"Feature","properties":{"kind":"canopy","h":9.58,"base":2.2,"leaf":"broadleaved"},"geometry":{"type":"Polygon","coordinates":[[[-97.7296785,30.2845868],[-97.7297016,30.2846068],[-97.7297344,30.2846068],[-97.7297575,30.2845868],[-97.7297575,30.2845586],[-97.7297344,30.2845386],[-97.7297016,30.2845386],[-97.7296785,30.2845586],[-97.7296785,30.2845868]]]}},{"type":"Feature","properties":{"kind":"trunk","h":2.5,"base":0},"geometry":{"type":"Polygon","coordinates":[[[-97.7291133,30.2851626],[-97.7291009,30.2851626],[-97.7291009,30.2851734],[-97.7291133,30.2851734],[-97.7291133,30.2851626]]]}},{"type":"Feature","properties":{"kind":"canopy","h":7.8,"base":2.2,"leaf":"broadleaved"},"geometry":{"type":"Polygon","coordinates":[[[-97.7290696,30.2851814],[-97.7290916,30.2852004],[-97.7291226,30.2852004],[-97.7291446,30.2851814],[-97.7291446,30.2851546],[-97.7291226,30.2851356],[-97.7290916,30.2851356],[-97.7290696,30.2851546],[-97.7290696,30.2851814]]]}},{"type":"Feature","properties":{"kind":"trunk","h":2.5,"base":0},"geometry":{"type":"Polygon","coordinates":[[[-97.7291831,30.2850132],[-97.7291707,30.2850132],[-97.7291707,30.285024],[-97.7291831,30.285024],[-97.7291831,30.2850132]]]}},{"type":"Feature","properties":{"kind":"canopy","h":7.82,"base":2.2,"leaf":"broadleaved"},"geometry":{"type":"Polygon","coordinates":[[[-97.7291337,30.285034],[-97.729159,30.2850559],[-97.7291948,30.2850559],[-97.7292201,30.285034],[-97.7292201,30.2850032],[-97.7291948,30.2849813],[-97.729159,30.2849813],[-97.7291337,30.2850032],[-97.7291337,30.285034]]]}},{"type":"Feature","properties":{"kind":"trunk","h":2.5,"base":0},"geometry":{"type":"Polygon","coordinates":[[[-97.7291908,30.2847025],[-97.7291784,30.2847025],[-97.7291784,30.2847133],[-97.7291908,30.2847133],[-97.7291908,30.2847025]]]}},{"type":"Feature","properties":{"kind":"canopy","h":7.65,"base":2.2,"leaf":"broadleaved"},"geometry":{"type":"Polygon","coordinates":[[[-97.7291432,30.2847227],[-97.7291675,30.2847436],[-97.7292017,30.2847436],[-97.729226,30.2847227],[-97.729226,30.2846931],[-97.7292017,30.2846722],[-97.7291675,30.2846722],[-97.7291432,30.2846931],[-97.7291432,30.2847227]]]}},{"type":"Feature","properties":{"kind":"trunk","h":2.5,"base":0},"geometry":{"type":"Polygon","coordinates":[[[-97.729281,30.2851956],[-97.7292686,30.2851956],[-97.7292686,30.2852064],[-97.729281,30.2852064],[-97.729281,30.2851956]]]}},{"type":"Feature","properties":{"kind":"canopy","h":7.16,"base":2.2,"leaf":"broadleaved"},"geometry":{"type":"Polygon","coordinates":[[[-97.7292361,30.2852148],[-97.7292588,30.2852344],[-97.7292908,30.2852344],[-97.7293135,30.2852148],[-97.7293135,30.2851872],[-97.7292908,30.2851676],[-97.7292588,30.2851676],[-97.7292361,30.2851872],[-97.7292361,30.2852148]]]}},{"type":"Feature","properties":{"kind":"trunk","h":2.5,"base":0},"geometry":{"type":"Polygon","coordinates":[[[-97.729338,30.2851886],[-97.7293256,30.2851886],[-97.7293256,30.2851994],[-97.729338,30.2851994],[-97.729338,30.2851886]]]}},{"type":"Feature","properties":{"kind":"canopy","h":9.93,"base":2.2,"leaf":"broadleaved"},"geometry":{"type":"Polygon","coordinates":[[[-97.7292887,30.2852094],[-97.729314,30.2852312],[-97.7293496,30.2852312],[-97.7293749,30.2852094],[-97.7293749,30.2851786],[-97.7293496,30.2851568],[-97.729314,30.2851568],[-97.7292887,30.2851786],[-97.7292887,30.2852094]]]}},{"type":"Feature","properties":{"kind":"trunk","h":2.5,"base":0},"geometry":{"type":"Polygon","coordinates":[[[-97.7293165,30.2852662],[-97.7293041,30.2852662],[-97.7293041,30.285277],[-97.7293165,30.285277],[-97.7293165,30.2852662]]]}},{"type":"Feature","properties":{"kind":"canopy","h":8.48,"base":2.2,"leaf":"broadleaved"},"geometry":{"type":"Polygon","coordinates":[[[-97.7292756,30.285284],[-97.7292959,30.2853016],[-97.7293247,30.2853016],[-97.729345,30.285284],[-97.729345,30.2852592],[-97.7293247,30.2852416],[-97.7292959,30.2852416],[-97.7292756,30.2852592],[-97.7292756,30.285284]]]}},{"type":"Feature","properties":{"kind":"trunk","h":2.5,"base":0},"geometry":{"type":"Polygon","coordinates":[[[-97.7294137,30.2852182],[-97.7294013,30.2852182],[-97.7294013,30.285229],[-97.7294137,30.285229],[-97.7294137,30.2852182]]]}},{"type":"Feature","properties":{"kind":"canopy","h":8.86,"base":2.2,"leaf":"broadleaved"},"geometry":{"type":"Polygon","coordinates":[[[-97.7293768,30.2852346],[-97.7293948,30.2852501],[-97.7294202,30.2852501],[-97.7294382,30.2852346],[-97.7294382,30.2852126],[-97.7294202,30.2851971],[-97.7293948,30.2851971],[-97.7293768,30.2852126],[-97.7293768,30.2852346]]]}},{"type":"Feature","properties":{"kind":"trunk","h":2.5,"base":0},"geometry":{"type":"Polygon","coordinates":[[[-97.7295425,30.2842575],[-97.7295301,30.2842575],[-97.7295301,30.2842683],[-97.7295425,30.2842683],[-97.7295425,30.2842575]]]}},{"type":"Feature","properties":{"kind":"canopy","h":8.54,"base":2.2,"leaf":"broadleaved"},"geometry":{"type":"Polygon","coordinates":[[[-97.7295034,30.2842747],[-97.7295227,30.2842913],[-97.7295499,30.2842913],[-97.7295692,30.2842747],[-97.7295692,30.2842511],[-97.7295499,30.2842345],[-97.7295227,30.2842345],[-97.7295034,30.2842511],[-97.7295034,30.2842747]]]}},{"type":"Feature","properties":{"kind":"trunk","h":2.5,"base":0},"geometry":{"type":"Polygon","coordinates":[[[-97.7294211,30.2842853],[-97.7294087,30.2842853],[-97.7294087,30.2842961],[-97.7294211,30.2842961],[-97.7294211,30.2842853]]]}},{"type":"Feature","properties":{"kind":"canopy","h":7.86,"base":2.2,"leaf":"broadleaved"},"geometry":{"type":"Polygon","coordinates":[[[-97.729372,30.284306],[-97.7293971,30.2843277],[-97.7294327,30.2843277],[-97.7294578,30.284306],[-97.7294578,30.2842754],[-97.7294327,30.2842537],[-97.7293971,30.2842537],[-97.729372,30.2842754],[-97.729372,30.284306]]]}},{"type":"Feature","properties":{"kind":"trunk","h":2.5,"base":0},"geometry":{"type":"Polygon","coordinates":[[[-97.7293474,30.2841591],[-97.729335,30.2841591],[-97.729335,30.2841699],[-97.7293474,30.2841699],[-97.7293474,30.2841591]]]}},{"type":"Feature","properties":{"kind":"canopy","h":9.22,"base":2.2,"leaf":"broadleaved"},"geometry":{"type":"Polygon","coordinates":[[[-97.7293033,30.2841781],[-97.7293255,30.2841972],[-97.7293569,30.2841972],[-97.7293791,30.2841781],[-97.7293791,30.2841509],[-97.7293569,30.2841318],[-97.7293255,30.2841318],[-97.7293033,30.2841509],[-97.7293033,30.2841781]]]}},{"type":"Feature","properties":{"kind":"trunk","h":2.5,"base":0},"geometry":{"type":"Polygon","coordinates":[[[-97.7295626,30.2841493],[-97.7295502,30.2841493],[-97.7295502,30.2841601],[-97.7295626,30.2841601],[-97.7295626,30.2841493]]]}},{"type":"Feature","properties":{"kind":"canopy","h":7.08,"base":2.2,"leaf":"broadleaved"},"geometry":{"type":"Polygon","coordinates":[[[-97.7295194,30.2841679],[-97.7295411,30.2841867],[-97.7295717,30.2841867],[-97.7295934,30.2841679],[-97.7295934,30.2841415],[-97.7295717,30.2841227],[-97.7295411,30.2841227],[-97.7295194,30.2841415],[-97.7295194,30.2841679]]]}},{"type":"Feature","properties":{"kind":"trunk","h":2.5,"base":0},"geometry":{"type":"Polygon","coordinates":[[[-97.7294178,30.2839593],[-97.7294054,30.2839593],[-97.7294054,30.2839701],[-97.7294178,30.2839701],[-97.7294178,30.2839593]]]}},{"type":"Feature","properties":{"kind":"canopy","h":9.14,"base":2.2,"leaf":"broadleaved"},"geometry":{"type":"Polygon","coordinates":[[[-97.7293717,30.283979],[-97.7293951,30.2839991],[-97.7294281,30.2839991],[-97.7294515,30.283979],[-97.7294515,30.2839504],[-97.7294281,30.2839303],[-97.7293951,30.2839303],[-97.7293717,30.2839504],[-97.7293717,30.283979]]]}},{"type":"Feature","properties":{"kind":"trunk","h":2.5,"base":0},"geometry":{"type":"Polygon","coordinates":[[[-97.7296256,30.2836802],[-97.7296132,30.2836802],[-97.7296132,30.283691],[-97.7296256,30.283691],[-97.7296256,30.2836802]]]}},{"type":"Feature","properties":{"kind":"canopy","h":9.03,"base":2.2,"leaf":"broadleaved"},"geometry":{"type":"Polygon","coordinates":[[[-97.7295767,30.2837009],[-97.7296017,30.2837224],[-97.7296371,30.2837224],[-97.7296621,30.2837009],[-97.7296621,30.2836703],[-97.7296371,30.2836488],[-97.7296017,30.2836488],[-97.7295767,30.2836703],[-97.7295767,30.2837009]]]}},{"type":"Feature","properties":{"kind":"trunk","h":2.5,"base":0},"geometry":{"type":"Polygon","coordinates":[[[-97.7296572,30.2837567],[-97.7296448,30.2837567],[-97.7296448,30.2837675],[-97.7296572,30.2837675],[-97.7296572,30.2837567]]]}},{"type":"Feature","properties":{"kind":"canopy","h":9.48,"base":2.2,"leaf":"broadleaved"},"geometry":{"type":"Polygon","coordinates":[[[-97.7296181,30.2837739],[-97.7296374,30.2837905],[-97.7296646,30.2837905],[-97.7296839,30.2837739],[-97.7296839,30.2837503],[-97.7296646,30.2837337],[-97.7296374,30.2837337],[-97.7296181,30.2837503],[-97.7296181,30.2837739]]]}},{"type":"Feature","properties":{"kind":"trunk","h":2.5,"base":0},"geometry":{"type":"Polygon","coordinates":[[[-97.7297303,30.2837972],[-97.7297179,30.2837972],[-97.7297179,30.283808],[-97.7297303,30.283808],[-97.7297303,30.2837972]]]}},{"type":"Feature","properties":{"kind":"canopy","h":7.14,"base":2.2,"leaf":"broadleaved"},"geometry":{"type":"Polygon","coordinates":[[[-97.7296933,30.2838136],[-97.7297113,30.2838292],[-97.7297369,30.2838292],[-97.7297549,30.2838136],[-97.7297549,30.2837916],[-97.7297369,30.283776],[-97.7297113,30.283776],[-97.7296933,30.2837916],[-97.7296933,30.2838136]]]}},{"type":"Feature","properties":{"kind":"trunk","h":2.5,"base":0},"geometry":{"type":"Polygon","coordinates":[[[-97.7297249,30.2838864],[-97.7297125,30.2838864],[-97.7297125,30.2838972],[-97.7297249,30.2838972],[-97.7297249,30.2838864]]]}},{"type":"Feature","properties":{"kind":"canopy","h":7.68,"base":2.2,"leaf":"broadleaved"},"geometry":{"type":"Polygon","coordinates":[[[-97.7296884,30.2839026],[-97.7297062,30.2839179],[-97.7297312,30.2839179],[-97.729749,30.2839026],[-97.729749,30.283881],[-97.7297312,30.2838657],[-97.7297062,30.2838657],[-97.7296884,30.283881],[-97.7296884,30.2839026]]]}},{"type":"Feature","properties":{"kind":"trunk","h":2.5,"base":0},"geometry":{"type":"Polygon","coordinates":[[[-97.7296753,30.2840178],[-97.7296629,30.2840178],[-97.7296629,30.2840286],[-97.7296753,30.2840286],[-97.7296753,30.2840178]]]}},{"type":"Feature","properties":{"kind":"canopy","h":7.45,"base":2.2,"leaf":"broadleaved"},"geometry":{"type":"Polygon","coordinates":[[[-97.7296354,30.2840352],[-97.7296551,30.2840523],[-97.7296831,30.2840523],[-97.7297028,30.2840352],[-97.7297028,30.2840112],[-97.7296831,30.2839941],[-97.7296551,30.2839941],[-97.7296354,30.2840112],[-97.7296354,30.2840352]]]}},{"type":"Feature","properties":{"kind":"trunk","h":2.5,"base":0},"geometry":{"type":"Polygon","coordinates":[[[-97.7298225,30.2841799],[-97.7298101,30.2841799],[-97.7298101,30.2841907],[-97.7298225,30.2841907],[-97.7298225,30.2841799]]]}},{"type":"Feature","properties":{"kind":"canopy","h":9.03,"base":2.2,"leaf":"broadleaved"},"geometry":{"type":"Polygon","coordinates":[[[-97.7297802,30.2841982],[-97.7298013,30.2842165],[-97.7298313,30.2842165],[-97.7298524,30.2841982],[-97.7298524,30.2841724],[-97.7298313,30.2841541],[-97.7298013,30.2841541],[-97.7297802,30.2841724],[-97.7297802,30.2841982]]]}},{"type":"Feature","properties":{"kind":"trunk","h":2.5,"base":0},"geometry":{"type":"Polygon","coordinates":[[[-97.7299395,30.2842222],[-97.7299271,30.2842222],[-97.7299271,30.284233],[-97.7299395,30.284233],[-97.7299395,30.2842222]]]}},{"type":"Feature","properties":{"kind":"canopy","h":7.98,"base":2.2,"leaf":"broadleaved"},"geometry":{"type":"Polygon","coordinates":[[[-97.7299018,30.2842389],[-97.7299203,30.2842548],[-97.7299463,30.2842548],[-97.7299648,30.2842389],[-97.7299648,30.2842163],[-97.7299463,30.2842004],[-97.7299203,30.2842004],[-97.7299018,30.2842163],[-97.7299018,30.2842389]]]}},{"type":"Feature","properties":{"kind":"trunk","h":2.5,"base":0},"geometry":{"type":"Polygon","coordinates":[[[-97.7299234,30.2841504],[-97.729911,30.2841504],[-97.729911,30.2841612],[-97.7299234,30.2841612],[-97.7299234,30.2841504]]]}},{"type":"Feature","properties":{"kind":"canopy","h":8.67,"base":2.2,"leaf":"broadleaved"},"geometry":{"type":"Polygon","coordinates":[[[-97.7298776,30.28417],[-97.7299008,30.28419],[-97.7299336,30.28419],[-97.7299568,30.28417],[-97.7299568,30.2841416],[-97.7299336,30.2841216],[-97.7299008,30.2841216],[-97.7298776,30.2841416],[-97.7298776,30.28417]]]}},{"type":"Feature","properties":{"kind":"trunk","h":2.5,"base":0},"geometry":{"type":"Polygon","coordinates":[[[-97.7299965,30.2841649],[-97.7299841,30.2841649],[-97.7299841,30.2841757],[-97.7299965,30.2841757],[-97.7299965,30.2841649]]]}},{"type":"Feature","properties":{"kind":"canopy","h":9.74,"base":2.2,"leaf":"broadleaved"},"geometry":{"type":"Polygon","coordinates":[[[-97.7299491,30.284185],[-97.7299732,30.2842059],[-97.7300074,30.2842059],[-97.7300315,30.284185],[-97.7300315,30.2841556],[-97.7300074,30.2841347],[-97.7299732,30.2841347],[-97.7299491,30.2841556],[-97.7299491,30.284185]]]}},{"type":"Feature","properties":{"kind":"trunk","h":2.5,"base":0},"geometry":{"type":"Polygon","coordinates":[[[-97.730034,30.2842326],[-97.7300216,30.2842326],[-97.7300216,30.2842434],[-97.730034,30.2842434],[-97.730034,30.2842326]]]}},{"type":"Feature","properties":{"kind":"canopy","h":8.55,"base":2.2,"leaf":"broadleaved"},"geometry":{"type":"Polygon","coordinates":[[[-97.7299893,30.2842518],[-97.7300118,30.2842713],[-97.7300438,30.2842713],[-97.7300663,30.2842518],[-97.7300663,30.2842242],[-97.7300438,30.2842047],[-97.7300118,30.2842047],[-97.7299893,30.2842242],[-97.7299893,30.2842518]]]}},{"type":"Feature","properties":{"kind":"trunk","h":2.5,"base":0},"geometry":{"type":"Polygon","coordinates":[[[-97.7304679,30.2844619],[-97.7304555,30.2844619],[-97.7304555,30.2844727],[-97.7304679,30.2844727],[-97.7304679,30.2844619]]]}},{"type":"Feature","properties":{"kind":"canopy","h":7.19,"base":2.2,"leaf":"broadleaved"},"geometry":{"type":"Polygon","coordinates":[[[-97.7304244,30.2844806],[-97.7304463,30.2844995],[-97.7304771,30.2844995],[-97.730499,30.2844806],[-97.730499,30.284454],[-97.7304771,30.2844351],[-97.7304463,30.2844351],[-97.7304244,30.284454],[-97.7304244,30.2844806]]]}},{"type":"Feature","properties":{"kind":"trunk","h":2.5,"base":0},"geometry":{"type":"Polygon","coordinates":[[[-97.7304062,30.284393],[-97.7303938,30.284393],[-97.7303938,30.2844038],[-97.7304062,30.2844038],[-97.7304062,30.284393]]]}},{"type":"Feature","properties":{"kind":"canopy","h":7.39,"base":2.2,"leaf":"broadleaved"},"geometry":{"type":"Polygon","coordinates":[[[-97.7303616,30.2844122],[-97.7303841,30.2844316],[-97.7304159,30.2844316],[-97.7304384,30.2844122],[-97.7304384,30.2843846],[-97.7304159,30.2843652],[-97.7303841,30.2843652],[-97.7303616,30.2843846],[-97.7303616,30.2844122]]]}},{"type":"Feature","properties":{"kind":"trunk","h":2.5,"base":0},"geometry":{"type":"Polygon","coordinates":[[[-97.7303331,30.2843288],[-97.7303207,30.2843288],[-97.7303207,30.2843396],[-97.7303331,30.2843396],[-97.7303331,30.2843288]]]}},{"type":"Feature","properties":{"kind":"canopy","h":7.26,"base":2.2,"leaf":"broadleaved"},"geometry":{"type":"Polygon","coordinates":[[[-97.7302955,30.2843454],[-97.7303139,30.2843613],[-97.7303399,30.2843613],[-97.7303583,30.2843454],[-97.7303583,30.284323],[-97.7303399,30.2843071],[-97.7303139,30.2843071],[-97.7302955,30.284323],[-97.7302955,30.2843454]]]}},{"type":"Feature","properties":{"kind":"trunk","h":2.5,"base":0},"geometry":{"type":"Polygon","coordinates":[[[-97.7302466,30.2842871],[-97.7302342,30.2842871],[-97.7302342,30.2842979],[-97.7302466,30.2842979],[-97.7302466,30.2842871]]]}},{"type":"Feature","properties":{"kind":"canopy","h":7.29,"base":2.2,"leaf":"broadleaved"},"geometry":{"type":"Polygon","coordinates":[[[-97.730206,30.2843048],[-97.7302262,30.2843222],[-97.7302546,30.2843222],[-97.7302748,30.2843048],[-97.7302748,30.2842802],[-97.7302546,30.2842628],[-97.7302262,30.2842628],[-97.730206,30.2842802],[-97.730206,30.2843048]]]}},{"type":"Feature","properties":{"kind":"trunk","h":2.5,"base":0},"geometry":{"type":"Polygon","coordinates":[[[-97.7305718,30.2843676],[-97.7305594,30.2843676],[-97.7305594,30.2843784],[-97.7305718,30.2843784],[-97.7305718,30.2843676]]]}},{"type":"Feature","properties":{"kind":"canopy","h":9.6,"base":2.2,"leaf":"broadleaved"},"geometry":{"type":"Polygon","coordinates":[[[-97.730525,30.2843875],[-97.7305488,30.2844081],[-97.7305824,30.2844081],[-97.7306062,30.2843875],[-97.7306062,30.2843585],[-97.7305824,30.2843379],[-97.7305488,30.2843379],[-97.730525,30.2843585],[-97.730525,30.2843875]]]}},{"type":"Feature","properties":{"kind":"trunk","h":2.5,"base":0},"geometry":{"type":"Polygon","coordinates":[[[-97.7307247,30.2843809],[-97.7307123,30.2843809],[-97.7307123,30.2843917],[-97.7307247,30.2843917],[-97.7307247,30.2843809]]]}},{"type":"Feature","properties":{"kind":"canopy","h":8.92,"base":2.2,"leaf":"broadleaved"},"geometry":{"type":"Polygon","coordinates":[[[-97.7306818,30.2843994],[-97.7307033,30.284418],[-97.7307337,30.284418],[-97.7307552,30.2843994],[-97.7307552,30.2843732],[-97.7307337,30.2843546],[-97.7307033,30.2843546],[-97.7306818,30.2843732],[-97.7306818,30.2843994]]]}},{"type":"Feature","properties":{"kind":"trunk","h":2.5,"base":0},"geometry":{"type":"Polygon","coordinates":[[[-97.7307461,30.284433],[-97.7307337,30.284433],[-97.7307337,30.2844438],[-97.7307461,30.2844438],[-97.7307461,30.284433]]]}},{"type":"Feature","properties":{"kind":"canopy","h":8.84,"base":2.2,"leaf":"broadleaved"},"geometry":{"type":"Polygon","coordinates":[[[-97.730698,30.2844534],[-97.7307226,30.2844746],[-97.7307572,30.2844746],[-97.7307818,30.2844534],[-97.7307818,30.2844234],[-97.7307572,30.2844022],[-97.7307226,30.2844022],[-97.730698,30.2844234],[-97.730698,30.2844534]]]}},{"type":"Feature","properties":{"kind":"trunk","h":2.5,"base":0},"geometry":{"type":"Polygon","coordinates":[[[-97.7305993,30.284433],[-97.7305869,30.284433],[-97.7305869,30.2844438],[-97.7305993,30.2844438],[-97.7305993,30.284433]]]}},{"type":"Feature","properties":{"kind":"canopy","h":9.13,"base":2.2,"leaf":"broadleaved"},"geometry":{"type":"Polygon","coordinates":[[[-97.7305514,30.2844533],[-97.7305758,30.2844744],[-97.7306104,30.2844744],[-97.7306348,30.2844533],[-97.7306348,30.2844235],[-97.7306104,30.2844024],[-97.7305758,30.2844024],[-97.7305514,30.2844235],[-97.7305514,30.2844533]]]}},{"type":"Feature","properties":{"kind":"trunk","h":2.5,"base":0},"geometry":{"type":"Polygon","coordinates":[[[-97.7306972,30.2844677],[-97.7306848,30.2844677],[-97.7306848,30.2844785],[-97.7306972,30.2844785],[-97.7306972,30.2844677]]]}},{"type":"Feature","properties":{"kind":"canopy","h":8.49,"base":2.2,"leaf":"broadleaved"},"geometry":{"type":"Polygon","coordinates":[[[-97.73065,30.2844878],[-97.730674,30.2845085],[-97.730708,30.2845085],[-97.730732,30.2844878],[-97.730732,30.2844584],[-97.730708,30.2844377],[-97.730674,30.2844377],[-97.73065,30.2844584],[-97.73065,30.2844878]]]}},{"type":"Feature","properties":{"kind":"trunk","h":2.5,"base":0},"geometry":{"type":"Polygon","coordinates":[[[-97.7307133,30.2845528],[-97.7307009,30.2845528],[-97.7307009,30.2845636],[-97.7307133,30.2845636],[-97.7307133,30.2845528]]]}},{"type":"Feature","properties":{"kind":"canopy","h":9.96,"base":2.2,"leaf":"broadleaved"},"geometry":{"type":"Polygon","coordinates":[[[-97.7306769,30.284569],[-97.7306946,30.2845843],[-97.7307196,30.2845843],[-97.7307373,30.284569],[-97.7307373,30.2845474],[-97.7307196,30.2845321],[-97.7306946,30.2845321],[-97.7306769,30.2845474],[-97.7306769,30.284569]]]}},{"type":"Feature","properties":{"kind":"trunk","h":2.5,"base":0},"geometry":{"type":"Polygon","coordinates":[[[-97.7306704,30.2846067],[-97.730658,30.2846067],[-97.730658,30.2846175],[-97.7306704,30.2846175],[-97.7306704,30.2846067]]]}},{"type":"Feature","properties":{"kind":"canopy","h":8.95,"base":2.2,"leaf":"broadleaved"},"geometry":{"type":"Polygon","coordinates":[[[-97.7306304,30.2846242],[-97.7306502,30.2846413],[-97.7306782,30.2846413],[-97.730698,30.2846242],[-97.730698,30.2846],[-97.7306782,30.2845829],[-97.7306502,30.2845829],[-97.7306304,30.2846],[-97.7306304,30.2846242]]]}},{"type":"Feature","properties":{"kind":"trunk","h":2.5,"base":0},"geometry":{"type":"Polygon","coordinates":[[[-97.7306757,30.2846744],[-97.7306633,30.2846744],[-97.7306633,30.2846852],[-97.7306757,30.2846852],[-97.7306757,30.2846744]]]}},{"type":"Feature","properties":{"kind":"canopy","h":7.39,"base":2.2,"leaf":"broadleaved"},"geometry":{"type":"Polygon","coordinates":[[[-97.7306368,30.2846915],[-97.730656,30.284708],[-97.730683,30.284708],[-97.7307022,30.2846915],[-97.7307022,30.2846681],[-97.730683,30.2846516],[-97.730656,30.2846516],[-97.7306368,30.2846681],[-97.7306368,30.2846915]]]}},{"type":"Feature","properties":{"kind":"trunk","h":2.5,"base":0},"geometry":{"type":"Polygon","coordinates":[[[-97.7306295,30.2847248],[-97.7306171,30.2847248],[-97.7306171,30.2847356],[-97.7306295,30.2847356],[-97.7306295,30.2847248]]]}},{"type":"Feature","properties":{"kind":"canopy","h":8.01,"base":2.2,"leaf":"broadleaved"},"geometry":{"type":"Polygon","coordinates":[[[-97.7305838,30.2847443],[-97.730607,30.2847643],[-97.7306396,30.2847643],[-97.7306628,30.2847443],[-97.7306628,30.2847161],[-97.7306396,30.2846961],[-97.730607,30.2846961],[-97.7305838,30.2847161],[-97.7305838,30.2847443]]]}},{"type":"Feature","properties":{"kind":"trunk","h":2.5,"base":0},"geometry":{"type":"Polygon","coordinates":[[[-97.7305658,30.2846438],[-97.7305534,30.2846438],[-97.7305534,30.2846546],[-97.7305658,30.2846546],[-97.7305658,30.2846438]]]}},{"type":"Feature","properties":{"kind":"canopy","h":8.63,"base":2.2,"leaf":"broadleaved"},"geometry":{"type":"Polygon","coordinates":[[[-97.7305199,30.2846634],[-97.7305432,30.2846834],[-97.730576,30.2846834],[-97.7305993,30.2846634],[-97.7305993,30.284635],[-97.730576,30.284615],[-97.7305432,30.284615],[-97.7305199,30.284635],[-97.7305199,30.2846634]]]}},{"type":"Feature","properties":{"kind":"trunk","h":2.5,"base":0},"geometry":{"type":"Polygon","coordinates":[[[-97.7306026,30.2848285],[-97.7305902,30.2848285],[-97.7305902,30.2848393],[-97.7306026,30.2848393],[-97.7306026,30.2848285]]]}},{"type":"Feature","properties":{"kind":"canopy","h":8.04,"base":2.2,"leaf":"broadleaved"},"geometry":{"type":"Polygon","coordinates":[[[-97.7305646,30.2848453],[-97.7305832,30.2848614],[-97.7306096,30.2848614],[-97.7306282,30.2848453],[-97.7306282,30.2848225],[-97.7306096,30.2848064],[-97.7305832,30.2848064],[-97.7305646,30.2848225],[-97.7305646,30.2848453]]]}},{"type":"Feature","properties":{"kind":"trunk","h":2.5,"base":0},"geometry":{"type":"Polygon","coordinates":[[[-97.7308608,30.2836651],[-97.7308484,30.2836651],[-97.7308484,30.2836759],[-97.7308608,30.2836759],[-97.7308608,30.2836651]]]}},{"type":"Feature","properties":{"kind":"canopy","h":9.69,"base":2.2,"leaf":"broadleaved"},"geometry":{"type":"Polygon","coordinates":[[[-97.7308204,30.2836827],[-97.7308404,30.2837001],[-97.7308688,30.2837001],[-97.7308888,30.2836827],[-97.7308888,30.2836583],[-97.7308688,30.2836409],[-97.7308404,30.2836409],[-97.7308204,30.2836583],[-97.7308204,30.2836827]]]}},{"type":"Feature","properties":{"kind":"trunk","h":2.5,"base":0},"geometry":{"type":"Polygon","coordinates":[[[-97.7308409,30.2835883],[-97.7308285,30.2835883],[-97.7308285,30.2835991],[-97.7308409,30.2835991],[-97.7308409,30.2835883]]]}},{"type":"Feature","properties":{"kind":"canopy","h":8.88,"base":2.2,"leaf":"broadleaved"},"geometry":{"type":"Polygon","coordinates":[[[-97.7307951,30.2836079],[-97.7308183,30.2836279],[-97.7308511,30.2836279],[-97.7308743,30.2836079],[-97.7308743,30.2835795],[-97.7308511,30.2835595],[-97.7308183,30.2835595],[-97.7307951,30.2835795],[-97.7307951,30.2836079]]]}},{"type":"Feature","properties":{"kind":"trunk","h":2.5,"base":0},"geometry":{"type":"Polygon","coordinates":[[[-97.7308028,30.283565],[-97.7307904,30.283565],[-97.7307904,30.2835758],[-97.7308028,30.2835758],[-97.7308028,30.283565]]]}},{"type":"Feature","properties":{"kind":"canopy","h":8.0,"base":2.2,"leaf":"broadleaved"},"geometry":{"type":"Polygon","coordinates":[[[-97.7307597,30.2835836],[-97.7307813,30.2836023],[-97.7308119,30.2836023],[-97.7308335,30.2835836],[-97.7308335,30.2835572],[-97.7308119,30.2835385],[-97.7307813,30.2835385],[-97.7307597,30.2835572],[-97.7307597,30.2835836]]]}},{"type":"Feature","properties":{"kind":"trunk","h":2.5,"base":0},"geometry":{"type":"Polygon","coordinates":[[[-97.7307769,30.2836282],[-97.7307645,30.2836282],[-97.7307645,30.283639],[-97.7307769,30.283639],[-97.7307769,30.2836282]]]}},{"type":"Feature","properties":{"kind":"canopy","h":9.86,"base":2.2,"leaf":"broadleaved"},"geometry":{"type":"Polygon","coordinates":[[[-97.7307308,30.2836479],[-97.7307542,30.2836681],[-97.7307872,30.2836681],[-97.7308106,30.2836479],[-97.7308106,30.2836193],[-97.7307872,30.2835991],[-97.7307542,30.2835991],[-97.7307308,30.2836193],[-97.7307308,30.2836479]]]}},{"type":"Feature","properties":{"kind":"trunk","h":2.5,"base":0},"geometry":{"type":"Polygon","coordinates":[[[-97.7272787,30.2861191],[-97.7272663,30.2861191],[-97.7272663,30.2861299],[-97.7272787,30.2861299],[-97.7272787,30.2861191]]]}},{"type":"Feature","properties":{"kind":"canopy","h":8.53,"base":2.2,"leaf":"broadleaved"},"geometry":{"type":"Polygon","coordinates":[[[-97.7272297,30.2861398],[-97.7272548,30.2861615],[-97.7272902,30.2861615],[-97.7273153,30.2861398],[-97.7273153,30.2861092],[-97.7272902,30.2860875],[-97.7272548,30.2860875],[-97.7272297,30.2861092],[-97.7272297,30.2861398]]]}},{"type":"Feature","properties":{"kind":"trunk","h":2.5,"base":0},"geometry":{"type":"Polygon","coordinates":[[[-97.727612,30.2861301],[-97.7275996,30.2861301],[-97.7275996,30.2861409],[-97.727612,30.2861409],[-97.727612,30.2861301]]]}},{"type":"Feature","properties":{"kind":"canopy","h":7.25,"base":2.2,"leaf":"broadleaved"},"geometry":{"type":"Polygon","coordinates":[[[-97.7275765,30.286146],[-97.7275937,30.2861608],[-97.7276179,30.2861608],[-97.7276351,30.286146],[-97.7276351,30.286125],[-97.7276179,30.2861102],[-97.7275937,30.2861102],[-97.7275765,30.286125],[-97.7275765,30.286146]]]}},{"type":"Feature","properties":{"kind":"trunk","h":2.5,"base":0},"geometry":{"type":"Polygon","coordinates":[[[-97.7277025,30.2861383],[-97.7276901,30.2861383],[-97.7276901,30.2861491],[-97.7277025,30.2861491],[-97.7277025,30.2861383]]]}},{"type":"Feature","properties":{"kind":"canopy","h":9.2,"base":2.2,"leaf":"broadleaved"},"geometry":{"type":"Polygon","coordinates":[[[-97.7276638,30.2861553],[-97.7276828,30.2861717],[-97.7277098,30.2861717],[-97.7277288,30.2861553],[-97.7277288,30.2861321],[-97.7277098,30.2861157],[-97.7276828,30.2861157],[-97.7276638,30.2861321],[-97.7276638,30.2861553]]]}},{"type":"Feature","properties":{"kind":"trunk","h":2.5,"base":0},"geometry":{"type":"Polygon","coordinates":[[[-97.7276086,30.286272],[-97.7275962,30.286272],[-97.7275962,30.2862828],[-97.7276086,30.2862828],[-97.7276086,30.286272]]]}},{"type":"Feature","properties":{"kind":"canopy","h":8.99,"base":2.2,"leaf":"broadleaved"},"geometry":{"type":"Polygon","coordinates":[[[-97.7275628,30.2862915],[-97.727586,30.2863116],[-97.7276188,30.2863116],[-97.727642,30.2862915],[-97.727642,30.2862633],[-97.7276188,30.2862432],[-97.727586,30.2862432],[-97.7275628,30.2862633],[-97.7275628,30.2862915]]]}},{"type":"Feature","properties":{"kind":"trunk","h":2.5,"base":0},"geometry":{"type":"Polygon","coordinates":[[[-97.7278252,30.2863096],[-97.7278128,30.2863096],[-97.7278128,30.2863204],[-97.7278252,30.2863204],[-97.7278252,30.2863096]]]}},{"type":"Feature","properties":{"kind":"canopy","h":8.12,"base":2.2,"leaf":"broadleaved"},"geometry":{"type":"Polygon","coordinates":[[[-97.7277866,30.2863266],[-97.7278056,30.286343],[-97.7278324,30.286343],[-97.7278514,30.2863266],[-97.7278514,30.2863034],[-97.7278324,30.286287],[-97.7278056,30.286287],[-97.7277866,30.2863034],[-97.7277866,30.2863266]]]}},{"type":"Feature","properties":{"kind":"trunk","h":2.5,"base":0},"geometry":{"type":"Polygon","coordinates":[[[-97.7278916,30.2861979],[-97.7278792,30.2861979],[-97.7278792,30.2862087],[-97.7278916,30.2862087],[-97.7278916,30.2861979]]]}},{"type":"Feature","properties":{"kind":"canopy","h":8.46,"base":2.2,"leaf":"broadleaved"},"geometry":{"type":"Polygon","coordinates":[[[-97.7278556,30.286214],[-97.7278731,30.286229],[-97.7278977,30.286229],[-97.7279152,30.286214],[-97.7279152,30.2861926],[-97.7278977,30.2861776],[-97.7278731,30.2861776],[-97.7278556,30.2861926],[-97.7278556,30.286214]]]}},{"type":"Feature","properties":{"kind":"trunk","h":2.5,"base":0},"geometry":{"type":"Polygon","coordinates":[[[-97.7280203,30.2862025],[-97.7280079,30.2862025],[-97.7280079,30.2862133],[-97.7280203,30.2862133],[-97.7280203,30.2862025]]]}},{"type":"Feature","properties":{"kind":"canopy","h":9.41,"base":2.2,"leaf":"broadleaved"},"geometry":{"type":"Polygon","coordinates":[[[-97.7279728,30.2862227],[-97.727997,30.2862436],[-97.7280312,30.2862436],[-97.7280554,30.2862227],[-97.7280554,30.2861931],[-97.7280312,30.2861722],[-97.727997,30.2861722],[-97.7279728,30.2861931],[-97.7279728,30.2862227]]]}},{"type":"Feature","properties":{"kind":"trunk","h":2.5,"base":0},"geometry":{"type":"Polygon","coordinates":[[[-97.7294553,30.2869385],[-97.7294429,30.2869385],[-97.7294429,30.2869493],[-97.7294553,30.2869493],[-97.7294553,30.2869385]]]}},{"type":"Feature","properties":{"kind":"canopy","h":8.96,"base":2.2,"leaf":"broadleaved"},"geometry":{"type":"Polygon","coordinates":[[[-97.7294179,30.286955],[-97.7294362,30.2869708],[-97.729462,30.2869708],[-97.7294803,30.286955],[-97.7294803,30.2869328],[-97.729462,30.286917],[-97.7294362,30.286917],[-97.7294179,30.2869328],[-97.7294179,30.286955]]]}},{"type":"Feature","properties":{"kind":"trunk","h":2.5,"base":0},"geometry":{"type":"Polygon","coordinates":[[[-97.7294909,30.2870314],[-97.7294785,30.2870314],[-97.7294785,30.2870422],[-97.7294909,30.2870422],[-97.7294909,30.2870314]]]}},{"type":"Feature","properties":{"kind":"canopy","h":8.25,"base":2.2,"leaf":"broadleaved"},"geometry":{"type":"Polygon","coordinates":[[[-97.7294473,30.2870502],[-97.7294692,30.2870691],[-97.7295002,30.2870691],[-97.7295221,30.2870502],[-97.7295221,30.2870234],[-97.7295002,30.2870045],[-97.7294692,30.2870045],[-97.7294473,30.2870234],[-97.7294473,30.2870502]]]}},{"type":"Feature","properties":{"kind":"trunk","h":2.5,"base":0},"geometry":{"type":"Polygon","coordinates":[[[-97.728247,30.2868273],[-97.7282346,30.2868273],[-97.7282346,30.2868381],[-97.728247,30.2868381],[-97.728247,30.2868273]]]}},{"type":"Feature","properties":{"kind":"canopy","h":7.76,"base":2.2,"leaf":"broadleaved"},"geometry":{"type":"Polygon","coordinates":[[[-97.7282004,30.2868471],[-97.7282241,30.2868676],[-97.7282575,30.2868676],[-97.7282812,30.2868471],[-97.7282812,30.2868183],[-97.7282575,30.2867978],[-97.7282241,30.2867978],[-97.7282004,30.2868183],[-97.7282004,30.2868471]]]}},{"type":"Feature","properties":{"kind":"trunk","h":2.5,"base":0},"geometry":{"type":"Polygon","coordinates":[[[-97.7280029,30.2870635],[-97.7279905,30.2870635],[-97.7279905,30.2870743],[-97.7280029,30.2870743],[-97.7280029,30.2870635]]]}},{"type":"Feature","properties":{"kind":"canopy","h":7.8,"base":2.2,"leaf":"broadleaved"},"geometry":{"type":"Polygon","coordinates":[[[-97.7279659,30.2870799],[-97.7279839,30.2870955],[-97.7280095,30.2870955],[-97.7280275,30.2870799],[-97.7280275,30.2870579],[-97.7280095,30.2870423],[-97.7279839,30.2870423],[-97.7279659,30.2870579],[-97.7279659,30.2870799]]]}},{"type":"Feature","properties":{"kind":"trunk","h":2.5,"base":0},"geometry":{"type":"Polygon","coordinates":[[[-97.7280123,30.2869779],[-97.7279999,30.2869779],[-97.7279999,30.2869887],[-97.7280123,30.2869887],[-97.7280123,30.2869779]]]}},{"type":"Feature","properties":{"kind":"canopy","h":7.31,"base":2.2,"leaf":"broadleaved"},"geometry":{"type":"Polygon","coordinates":[[[-97.7279672,30.2869972],[-97.72799,30.2870169],[-97.7280222,30.2870169],[-97.728045,30.2869972],[-97.728045,30.2869694],[-97.7280222,30.2869497],[-97.72799,30.2869497],[-97.7279672,30.2869694],[-97.7279672,30.2869972]]]}},{"type":"Feature","properties":{"kind":"trunk","h":2.5,"base":0},"geometry":{"type":"Polygon","coordinates":[[[-97.7280411,30.2868904],[-97.7280287,30.2868904],[-97.7280287,30.2869012],[-97.7280411,30.2869012],[-97.7280411,30.2868904]]]}},{"type":"Feature","properties":{"kind":"canopy","h":7.55,"base":2.2,"leaf":"broadleaved"},"geometry":{"type":"Polygon","coordinates":[[[-97.7279972,30.2869093],[-97.7280193,30.2869284],[-97.7280505,30.2869284],[-97.7280726,30.2869093],[-97.7280726,30.2868823],[-97.7280505,30.2868632],[-97.7280193,30.2868632],[-97.7279972,30.2868823],[-97.7279972,30.2869093]]]}},{"type":"Feature","properties":{"kind":"trunk","h":2.5,"base":0},"geometry":{"type":"Polygon","coordinates":[[[-97.7281705,30.286781],[-97.7281581,30.286781],[-97.7281581,30.2867918],[-97.7281705,30.2867918],[-97.7281705,30.286781]]]}},{"type":"Feature","properties":{"kind":"canopy","h":8.09,"base":2.2,"leaf":"broadleaved"},"geometry":{"type":"Polygon","coordinates":[[[-97.7281238,30.2868009],[-97.7281475,30.2868214],[-97.7281811,30.2868214],[-97.7282048,30.2868009],[-97.7282048,30.2867719],[-97.7281811,30.2867514],[-97.7281475,30.2867514],[-97.7281238,30.2867719],[-97.7281238,30.2868009]]]}},{"type":"Feature","properties":{"kind":"trunk","h":2.5,"base":0},"geometry":{"type":"Polygon","coordinates":[[[-97.7281102,30.2867323],[-97.7280978,30.2867323],[-97.7280978,30.2867431],[-97.7281102,30.2867431],[-97.7281102,30.2867323]]]}},{"type":"Feature","properties":{"kind":"canopy","h":9.99,"base":2.2,"leaf":"broadleaved"},"geometry":{"type":"Polygon","coordinates":[[[-97.7280717,30.2867493],[-97.7280906,30.2867656],[-97.7281174,30.2867656],[-97.7281363,30.2867493],[-97.7281363,30.2867261],[-97.7281174,30.2867098],[-97.7280906,30.2867098],[-97.7280717,30.2867261],[-97.7280717,30.2867493]]]}},{"type":"Feature","properties":{"kind":"trunk","h":2.5,"base":0},"geometry":{"type":"Polygon","coordinates":[[[-97.7281357,30.2866275],[-97.7281233,30.2866275],[-97.7281233,30.2866383],[-97.7281357,30.2866383],[-97.7281357,30.2866275]]]}},{"type":"Feature","properties":{"kind":"canopy","h":7.5,"base":2.2,"leaf":"broadleaved"},"geometry":{"type":"Polygon","coordinates":[[[-97.7280984,30.286644],[-97.7281166,30.2866597],[-97.7281424,30.2866597],[-97.7281606,30.286644],[-97.7281606,30.2866218],[-97.7281424,30.2866061],[-97.7281166,30.2866061],[-97.7280984,30.2866218],[-97.7280984,30.286644]]]}},{"type":"Feature","properties":{"kind":"trunk","h":2.5,"base":0},"geometry":{"type":"Polygon","coordinates":[[[-97.7282101,30.2866096],[-97.7281977,30.2866096],[-97.7281977,30.2866204],[-97.7282101,30.2866204],[-97.7282101,30.2866096]]]}},{"type":"Feature","properties":{"kind":"canopy","h":7.63,"base":2.2,"leaf":"broadleaved"},"geometry":{"type":"Polygon","coordinates":[[[-97.7281628,30.2866297],[-97.7281869,30.2866505],[-97.7282209,30.2866505],[-97.728245,30.2866297],[-97.728245,30.2866003],[-97.7282209,30.2865795],[-97.7281869,30.2865795],[-97.7281628,30.2866003],[-97.7281628,30.2866297]]]}},{"type":"Feature","properties":{"kind":"trunk","h":2.5,"base":0},"geometry":{"type":"Polygon","coordinates":[[[-97.7281518,30.2865552],[-97.7281394,30.2865552],[-97.7281394,30.286566],[-97.7281518,30.286566],[-97.7281518,30.2865552]]]}},{"type":"Feature","properties":{"kind":"canopy","h":8.7,"base":2.2,"leaf":"broadleaved"},"geometry":{"type":"Polygon","coordinates":[[[-97.728109,30.2865737],[-97.7281304,30.2865922],[-97.7281608,30.2865922],[-97.7281822,30.2865737],[-97.7281822,30.2865475],[-97.7281608,30.286529],[-97.7281304,30.286529],[-97.728109,30.2865475],[-97.728109,30.2865737]]]}},{"type":"Feature","properties":{"kind":"trunk","h":2.5,"base":0},"geometry":{"type":"Polygon","coordinates":[[[-97.7281672,30.2864729],[-97.7281548,30.2864729],[-97.7281548,30.2864837],[-97.7281672,30.2864837],[-97.7281672,30.2864729]]]}},{"type":"Feature","properties":{"kind":"canopy","h":9.95,"base":2.2,"leaf":"broadleaved"},"geometry":{"type":"Polygon","coordinates":[[[-97.7281178,30.2864938],[-97.7281431,30.2865156],[-97.7281789,30.2865156],[-97.7282042,30.2864938],[-97.7282042,30.2864628],[-97.7281789,30.286441],[-97.7281431,30.286441],[-97.7281178,30.2864628],[-97.7281178,30.2864938]]]}},{"type":"Feature","properties":{"kind":"trunk","h":2.5,"base":0},"geometry":{"type":"Polygon","coordinates":[[[-97.7285098,30.2868285],[-97.7284974,30.2868285],[-97.7284974,30.2868393],[-97.7285098,30.2868393],[-97.7285098,30.2868285]]]}},{"type":"Feature","properties":{"kind":"canopy","h":9.84,"base":2.2,"leaf":"broadleaved"},"geometry":{"type":"Polygon","coordinates":[[[-97.7284659,30.2868474],[-97.728488,30.2868664],[-97.7285192,30.2868664],[-97.7285413,30.2868474],[-97.7285413,30.2868204],[-97.7285192,30.2868014],[-97.728488,30.2868014],[-97.7284659,30.2868204],[-97.7284659,30.2868474]]]}},{"type":"Feature","properties":{"kind":"trunk","h":2.5,"base":0},"geometry":{"type":"Polygon","coordinates":[[[-97.7284475,30.2867653],[-97.7284351,30.2867653],[-97.7284351,30.2867761],[-97.7284475,30.2867761],[-97.7284475,30.2867653]]]}},{"type":"Feature","properties":{"kind":"canopy","h":8.27,"base":2.2,"leaf":"broadleaved"},"geometry":{"type":"Polygon","coordinates":[[[-97.7284038,30.2867841],[-97.7284258,30.2868031],[-97.7284568,30.2868031],[-97.7284788,30.2867841],[-97.7284788,30.2867573],[-97.7284568,30.2867383],[-97.7284258,30.2867383],[-97.7284038,30.2867573],[-97.7284038,30.2867841]]]}},{"type":"Feature","properties":{"kind":"trunk","h":2.5,"base":0},"geometry":{"type":"Polygon","coordinates":[[[-97.7282892,30.2867769],[-97.7282768,30.2867769],[-97.7282768,30.2867877],[-97.7282892,30.2867877],[-97.7282892,30.2867769]]]}},{"type":"Feature","properties":{"kind":"canopy","h":9.34,"base":2.2,"leaf":"broadleaved"},"geometry":{"type":"Polygon","coordinates":[[[-97.728252,30.2867934],[-97.7282702,30.2868091],[-97.7282958,30.2868091],[-97.728314,30.2867934],[-97.728314,30.2867712],[-97.7282958,30.2867555],[-97.7282702,30.2867555],[-97.728252,30.2867712],[-97.728252,30.2867934]]]}},{"type":"Feature","properties":{"kind":"trunk","h":2.5,"base":0},"geometry":{"type":"Polygon","coordinates":[[[-97.7282497,30.2867231],[-97.7282373,30.2867231],[-97.7282373,30.2867339],[-97.7282497,30.2867339],[-97.7282497,30.2867231]]]}},{"type":"Feature","properties":{"kind":"canopy","h":7.91,"base":2.2,"leaf":"broadleaved"},"geometry":{"type":"Polygon","coordinates":[[[-97.7282007,30.2867438],[-97.7282258,30.2867655],[-97.7282612,30.2867655],[-97.7282863,30.2867438],[-97.7282863,30.2867132],[-97.7282612,30.2866915],[-97.7282258,30.2866915],[-97.7282007,30.2867132],[-97.7282007,30.2867438]]]}},{"type":"Feature","properties":{"kind":"trunk","h":2.5,"base":0},"geometry":{"type":"Polygon","coordinates":[[[-97.728312,30.2867074],[-97.7282996,30.2867074],[-97.7282996,30.2867182],[-97.728312,30.2867182],[-97.728312,30.2867074]]]}},{"type":"Feature","properties":{"kind":"canopy","h":8.72,"base":2.2,"leaf":"broadleaved"},"geometry":{"type":"Polygon","coordinates":[[[-97.728268,30.2867263],[-97.7282901,30.2867454],[-97.7283215,30.2867454],[-97.7283436,30.2867263],[-97.7283436,30.2866993],[-97.7283215,30.2866802],[-97.7282901,30.2866802],[-97.728268,30.2866993],[-97.728268,30.2867263]]]}},{"type":"Feature","properties":{"kind":"trunk","h":2.5,"base":0},"geometry":{"type":"Polygon","coordinates":[[[-97.7284341,30.286704],[-97.7284217,30.286704],[-97.7284217,30.2867148],[-97.7284341,30.2867148],[-97.7284341,30.286704]]]}},{"type":"Feature","properties":{"kind":"canopy","h":8.28,"base":2.2,"leaf":"broadleaved"},"geometry":{"type":"Polygon","coordinates":[[[-97.7283863,30.2867243],[-97.7284107,30.2867453],[-97.7284451,30.2867453],[-97.7284695,30.2867243],[-97.7284695,30.2866945],[-97.7284451,30.2866735],[-97.7284107,30.2866735],[-97.7283863,30.2866945],[-97.7283863,30.2867243]]]}},{"type":"Feature","properties":{"kind":"trunk","h":2.5,"base":0},"geometry":{"type":"Polygon","coordinates":[[[-97.7285206,30.2866901],[-97.7285082,30.2866901],[-97.7285082,30.2867009],[-97.7285206,30.2867009],[-97.7285206,30.2866901]]]}},{"type":"Feature","properties":{"kind":"canopy","h":7.01,"base":2.2,"leaf":"broadleaved"},"geometry":{"type":"Polygon","coordinates":[[[-97.7284763,30.2867091],[-97.7284986,30.2867284],[-97.7285302,30.2867284],[-97.7285525,30.2867091],[-97.7285525,30.2866819],[-97.7285302,30.2866626],[-97.7284986,30.2866626],[-97.7284763,30.2866819],[-97.7284763,30.2867091]]]}},{"type":"Feature","properties":{"kind":"trunk","h":2.5,"base":0},"geometry":{"type":"Polygon","coordinates":[[[-97.7285373,30.2865598],[-97.7285249,30.2865598],[-97.7285249,30.2865706],[-97.7285373,30.2865706],[-97.7285373,30.2865598]]]}},{"type":"Feature","properties":{"kind":"canopy","h":8.42,"base":2.2,"leaf":"broadleaved"},"geometry":{"type":"Polygon","coordinates":[[[-97.7284947,30.2865782],[-97.728516,30.2865966],[-97.7285462,30.2865966],[-97.7285675,30.2865782],[-97.7285675,30.2865522],[-97.7285462,30.2865338],[-97.728516,30.2865338],[-97.7284947,30.2865522],[-97.7284947,30.2865782]]]}},{"type":"Feature","properties":{"kind":"trunk","h":2.5,"base":0},"geometry":{"type":"Polygon","coordinates":[[[-97.7286641,30.2871614],[-97.7286517,30.2871614],[-97.7286517,30.2871722],[-97.7286641,30.2871722],[-97.7286641,30.2871614]]]}},{"type":"Feature","properties":{"kind":"canopy","h":9.38,"base":2.2,"leaf":"broadleaved"},"geometry":{"type":"Polygon","coordinates":[[[-97.7286147,30.2871823],[-97.72864,30.2872041],[-97.7286758,30.2872041],[-97.7287011,30.2871823],[-97.7287011,30.2871513],[-97.7286758,30.2871295],[-97.72864,30.2871295],[-97.7286147,30.2871513],[-97.7286147,30.2871823]]]}},{"type":"Feature","properties":{"kind":"trunk","h":2.5,"base":0},"geometry":{"type":"Polygon","coordinates":[[[-97.7286976,30.2870601],[-97.7286852,30.2870601],[-97.7286852,30.2870709],[-97.7286976,30.2870709],[-97.7286976,30.2870601]]]}},{"type":"Feature","properties":{"kind":"canopy","h":7.93,"base":2.2,"leaf":"broadleaved"},"geometry":{"type":"Polygon","coordinates":[[[-97.7286507,30.2870801],[-97.7286745,30.2871006],[-97.7287083,30.2871006],[-97.7287321,30.2870801],[-97.7287321,30.2870509],[-97.7287083,30.2870304],[-97.7286745,30.2870304],[-97.7286507,30.2870509],[-97.7286507,30.2870801]]]}},{"type":"Feature","properties":{"kind":"trunk","h":2.5,"base":0},"geometry":{"type":"Polygon","coordinates":[[[-97.7284803,30.286913],[-97.7284679,30.286913],[-97.7284679,30.2869238],[-97.7284803,30.2869238],[-97.7284803,30.286913]]]}},{"type":"Feature","properties":{"kind":"canopy","h":7.14,"base":2.2,"leaf":"broadleaved"},"geometry":{"type":"Polygon","coordinates":[[[-97.7284374,30.2869315],[-97.7284589,30.2869501],[-97.7284893,30.2869501],[-97.7285108,30.2869315],[-97.7285108,30.2869053],[-97.7284893,30.2868867],[-97.7284589,30.2868867],[-97.7284374,30.2869053],[-97.7284374,30.2869315]]]}},{"type":"Feature","properties":{"kind":"trunk","h":2.5,"base":0},"geometry":{"type":"Polygon","coordinates":[[[-97.7285883,30.2869043],[-97.7285759,30.2869043],[-97.7285759,30.2869151],[-97.7285883,30.2869151],[-97.7285883,30.2869043]]]}},{"type":"Feature","properties":{"kind":"canopy","h":8.43,"base":2.2,"leaf":"broadleaved"},"geometry":{"type":"Polygon","coordinates":[[[-97.7285415,30.2869242],[-97.7285653,30.2869448],[-97.7285989,30.2869448],[-97.7286227,30.2869242],[-97.7286227,30.2868952],[-97.7285989,30.2868746],[-97.7285653,30.2868746],[-97.7285415,30.2868952],[-97.7285415,30.2869242]]]}},{"type":"Feature","properties":{"kind":"trunk","h":2.5,"base":0},"geometry":{"type":"Polygon","coordinates":[[[-97.7286373,30.2867347],[-97.7286249,30.2867347],[-97.7286249,30.2867455],[-97.7286373,30.2867455],[-97.7286373,30.2867347]]]}},{"type":"Feature","properties":{"kind":"canopy","h":7.12,"base":2.2,"leaf":"broadleaved"},"geometry":{"type":"Polygon","coordinates":[[[-97.7285944,30.2867532],[-97.7286159,30.2867718],[-97.7286463,30.2867718],[-97.7286678,30.2867532],[-97.7286678,30.286727],[-97.7286463,30.2867084],[-97.7286159,30.2867084],[-97.7285944,30.286727],[-97.7285944,30.2867532]]]}},{"type":"Feature","properties":{"kind":"trunk","h":2.5,"base":0},"geometry":{"type":"Polygon","coordinates":[[[-97.72865,30.2866565],[-97.7286376,30.2866565],[-97.7286376,30.2866673],[-97.72865,30.2866673],[-97.72865,30.2866565]]]}},{"type":"Feature","properties":{"kind":"canopy","h":7.1,"base":2.2,"leaf":"broadleaved"},"geometry":{"type":"Polygon","coordinates":[[[-97.728611,30.2866736],[-97.7286302,30.2866902],[-97.7286574,30.2866902],[-97.7286766,30.2866736],[-97.7286766,30.2866502],[-97.7286574,30.2866336],[-97.7286302,30.2866336],[-97.728611,30.2866502],[-97.728611,30.2866736]]]}},{"type":"Feature","properties":{"kind":"trunk","h":2.5,"base":0},"geometry":{"type":"Polygon","coordinates":[[[-97.7286413,30.2865974],[-97.7286289,30.2865974],[-97.7286289,30.2866082],[-97.7286413,30.2866082],[-97.7286413,30.2865974]]]}},{"type":"Feature","properties":{"kind":"canopy","h":9.9,"base":2.2,"leaf":"broadleaved"},"geometry":{"type":"Polygon","coordinates":[[[-97.7286041,30.2866139],[-97.7286223,30.2866296],[-97.7286479,30.2866296],[-97.7286661,30.2866139],[-97.7286661,30.2865917],[-97.7286479,30.286576],[-97.7286223,30.286576],[-97.7286041,30.2865917],[-97.7286041,30.2866139]]]}},{"type":"Feature","properties":{"kind":"trunk","h":2.5,"base":0},"geometry":{"type":"Polygon","coordinates":[[[-97.7287928,30.2866947],[-97.7287804,30.2866947],[-97.7287804,30.2867055],[-97.7287928,30.2867055],[-97.7287928,30.2866947]]]}},{"type":"Feature","properties":{"kind":"canopy","h":7.76,"base":2.2,"leaf":"broadleaved"},"geometry":{"type":"Polygon","coordinates":[[[-97.7287573,30.2867106],[-97.7287745,30.2867254],[-97.7287987,30.2867254],[-97.7288159,30.2867106],[-97.7288159,30.2866896],[-97.7287987,30.2866748],[-97.7287745,30.2866748],[-97.7287573,30.2866896],[-97.7287573,30.2867106]]]}},{"type":"Feature","properties":{"kind":"trunk","h":2.5,"base":0},"geometry":{"type":"Polygon","coordinates":[[[-97.7291281,30.286829],[-97.7291157,30.286829],[-97.7291157,30.2868398],[-97.7291281,30.2868398],[-97.7291281,30.286829]]]}},{"type":"Feature","properties":{"kind":"canopy","h":8.76,"base":2.2,"leaf":"broadleaved"},"geometry":{"type":"Polygon","coordinates":[[[-97.7290812,30.286849],[-97.729105,30.2868696],[-97.7291388,30.2868696],[-97.7291626,30.286849],[-97.7291626,30.2868198],[-97.7291388,30.2867992],[-97.729105,30.2867992],[-97.7290812,30.2868198],[-97.7290812,30.286849]]]}},{"type":"Feature","properties":{"kind":"trunk","h":2.5,"base":0},"geometry":{"type":"Polygon","coordinates":[[[-97.7282684,30.286356],[-97.728256,30.286356],[-97.728256,30.2863668],[-97.7282684,30.2863668],[-97.7282684,30.286356]]]}},{"type":"Feature","properties":{"kind":"canopy","h":7.97,"base":2.2,"leaf":"broadleaved"},"geometry":{"type":"Polygon","coordinates":[[[-97.7282228,30.2863755],[-97.7282459,30.2863954],[-97.7282785,30.2863954],[-97.7283016,30.2863755],[-97.7283016,30.2863473],[-97.7282785,30.2863274],[-97.7282459,30.2863274],[-97.7282228,30.2863473],[-97.7282228,30.2863755]]]}},{"type":"Feature","properties":{"kind":"trunk","h":2.5,"base":0},"geometry":{"type":"Polygon","coordinates":[[[-97.728196,30.2862992],[-97.7281836,30.2862992],[-97.7281836,30.28631],[-97.728196,30.28631],[-97.728196,30.2862992]]]}},{"type":"Feature","properties":{"kind":"canopy","h":8.44,"base":2.2,"leaf":"broadleaved"},"geometry":{"type":"Polygon","coordinates":[[[-97.7281514,30.2863183],[-97.7281739,30.2863378],[-97.7282057,30.2863378],[-97.7282282,30.2863183],[-97.7282282,30.2862909],[-97.7282057,30.2862714],[-97.7281739,30.2862714],[-97.7281514,30.2862909],[-97.7281514,30.2863183]]]}},{"type":"Feature","properties":{"kind":"trunk","h":2.5,"base":0},"geometry":{"type":"Polygon","coordinates":[[[-97.7282255,30.2862286],[-97.7282131,30.2862286],[-97.7282131,30.2862394],[-97.7282255,30.2862394],[-97.7282255,30.2862286]]]}},{"type":"Feature","properties":{"kind":"canopy","h":7.33,"base":2.2,"leaf":"broadleaved"},"geometry":{"type":"Polygon","coordinates":[[[-97.7281849,30.2862463],[-97.728205,30.2862637],[-97.7282336,30.2862637],[-97.7282537,30.2862463],[-97.7282537,30.2862217],[-97.7282336,30.2862043],[-97.728205,30.2862043],[-97.7281849,30.2862217],[-97.7281849,30.2862463]]]}},{"type":"Feature","properties":{"kind":"trunk","h":2.5,"base":0},"geometry":{"type":"Polygon","coordinates":[[[-97.7282544,30.2861105],[-97.728242,30.2861105],[-97.728242,30.2861213],[-97.7282544,30.2861213],[-97.7282544,30.2861105]]]}},{"type":"Feature","properties":{"kind":"canopy","h":8.07,"base":2.2,"leaf":"broadleaved"},"geometry":{"type":"Polygon","coordinates":[[[-97.728207,30.2861307],[-97.7282311,30.2861515],[-97.7282653,30.2861515],[-97.7282894,30.2861307],[-97.7282894,30.2861011],[-97.7282653,30.2860803],[-97.7282311,30.2860803],[-97.728207,30.2861011],[-97.728207,30.2861307]]]}},{"type":"Feature","properties":{"kind":"trunk","h":2.5,"base":0},"geometry":{"type":"Polygon","coordinates":[[[-97.7283402,30.2859964],[-97.7283278,30.2859964],[-97.7283278,30.2860072],[-97.7283402,30.2860072],[-97.7283402,30.2859964]]]}},{"type":"Feature","properties":{"kind":"canopy","h":7.46,"base":2.2,"leaf":"broadleaved"},"geometry":{"type":"Polygon","coordinates":[[[-97.7282981,30.2860146],[-97.7283191,30.2860328],[-97.7283489,30.2860328],[-97.7283699,30.2860146],[-97.7283699,30.285989],[-97.7283489,30.2859708],[-97.7283191,30.2859708],[-97.7282981,30.285989],[-97.7282981,30.2860146]]]}},{"type":"Feature","properties":{"kind":"trunk","h":2.5,"base":0},"geometry":{"type":"Polygon","coordinates":[[[-97.7283543,30.2857972],[-97.7283419,30.2857972],[-97.7283419,30.285808],[-97.7283543,30.285808],[-97.7283543,30.2857972]]]}},{"type":"Feature","properties":{"kind":"canopy","h":9.99,"base":2.2,"leaf":"broadleaved"},"geometry":{"type":"Polygon","coordinates":[[[-97.7283087,30.2858167],[-97.7283318,30.2858366],[-97.7283644,30.2858366],[-97.7283875,30.2858167],[-97.7283875,30.2857885],[-97.7283644,30.2857686],[-97.7283318,30.2857686],[-97.7283087,30.2857885],[-97.7283087,30.2858167]]]}},{"type":"Feature","properties":{"kind":"trunk","h":2.5,"base":0},"geometry":{"type":"Polygon","coordinates":[[[-97.7283731,30.2857167],[-97.7283607,30.2857167],[-97.7283607,30.2857275],[-97.7283731,30.2857275],[-97.7283731,30.2857167]]]}},{"type":"Feature","properties":{"kind":"canopy","h":9.7,"base":2.2,"leaf":"broadleaved"},"geometry":{"type":"Polygon","coordinates":[[[-97.728327,30.2857364],[-97.7283504,30.2857566],[-97.7283834,30.2857566],[-97.7284068,30.2857364],[-97.7284068,30.2857078],[-97.7283834,30.2856876],[-97.7283504,30.2856876],[-97.728327,30.2857078],[-97.728327,30.2857364]]]}},{"type":"Feature","properties":{"kind":"trunk","h":2.5,"base":0},"geometry":{"type":"Polygon","coordinates":[[[-97.7284019,30.2856316],[-97.7283895,30.2856316],[-97.7283895,30.2856424],[-97.7284019,30.2856424],[-97.7284019,30.2856316]]]}},{"type":"Feature","properties":{"kind":"canopy","h":8.64,"base":2.2,"leaf":"broadleaved"},"geometry":{"type":"Polygon","coordinates":[[[-97.7283535,30.2856521],[-97.7283782,30.2856734],[-97.7284132,30.2856734],[-97.7284379,30.2856521],[-97.7284379,30.2856219],[-97.7284132,30.2856006],[-97.7283782,30.2856006],[-97.7283535,30.2856219],[-97.7283535,30.2856521]]]}},{"type":"Feature","properties":{"kind":"trunk","h":2.5,"base":0},"geometry":{"type":"Polygon","coordinates":[[[-97.7284227,30.2855465],[-97.7284103,30.2855465],[-97.7284103,30.2855573],[-97.7284227,30.2855573],[-97.7284227,30.2855465]]]}},{"type":"Feature","properties":{"kind":"canopy","h":9.73,"base":2.2,"leaf":"broadleaved"},"geometry":{"type":"Polygon","coordinates":[[[-97.7283812,30.2855645],[-97.7284019,30.2855824],[-97.7284311,30.2855824],[-97.7284518,30.2855645],[-97.7284518,30.2855393],[-97.7284311,30.2855214],[-97.7284019,30.2855214],[-97.7283812,30.2855393],[-97.7283812,30.2855645]]]}},{"type":"Feature","properties":{"kind":"trunk","h":2.5,"base":0},"geometry":{"type":"Polygon","coordinates":[[[-97.7284381,30.2854892],[-97.7284257,30.2854892],[-97.7284257,30.2855],[-97.7284381,30.2855],[-97.7284381,30.2854892]]]}},{"type":"Feature","properties":{"kind":"canopy","h":7.94,"base":2.2,"leaf":"broadleaved"},"geometry":{"type":"Polygon","coordinates":[[[-97.7283905,30.2855094],[-97.7284148,30.2855303],[-97.728449,30.2855303],[-97.7284733,30.2855094],[-97.7284733,30.2854798],[-97.728449,30.2854589],[-97.7284148,30.2854589],[-97.7283905,30.2854798],[-97.7283905,30.2855094]]]}},{"type":"Feature","properties":{"kind":"trunk","h":2.5,"base":0},"geometry":{"type":"Polygon","coordinates":[[[-97.7285139,30.2852205],[-97.7285015,30.2852205],[-97.7285015,30.2852313],[-97.7285139,30.2852313],[-97.7285139,30.2852205]]]}},{"type":"Feature","properties":{"kind":"canopy","h":7.2,"base":2.2,"leaf":"broadleaved"},"geometry":{"type":"Polygon","coordinates":[[[-97.7284709,30.2852391],[-97.7284924,30.2852577],[-97.728523,30.2852577],[-97.7285445,30.2852391],[-97.7285445,30.2852127],[-97.728523,30.2851941],[-97.7284924,30.2851941],[-97.7284709,30.2852127],[-97.7284709,30.2852391]]]}},{"type":"Feature","properties":{"kind":"trunk","h":2.5,"base":0},"geometry":{"type":"Polygon","coordinates":[[[-97.7285333,30.2851678],[-97.7285209,30.2851678],[-97.7285209,30.2851786],[-97.7285333,30.2851786],[-97.7285333,30.2851678]]]}},{"type":"Feature","properties":{"kind":"canopy","h":9.82,"base":2.2,"leaf":"broadleaved"},"geometry":{"type":"Polygon","coordinates":[[[-97.7284845,30.2851884],[-97.7285095,30.28521],[-97.7285447,30.28521],[-97.7285697,30.2851884],[-97.7285697,30.285158],[-97.7285447,30.2851364],[-97.7285095,30.2851364],[-97.7284845,30.285158],[-97.7284845,30.2851884]]]}},{"type":"Feature","properties":{"kind":"trunk","h":2.5,"base":0},"geometry":{"type":"Polygon","coordinates":[[[-97.7285561,30.285096],[-97.7285437,30.285096],[-97.7285437,30.2851068],[-97.7285561,30.2851068],[-97.7285561,30.285096]]]}},{"type":"Feature","properties":{"kind":"canopy","h":8.42,"base":2.2,"leaf":"broadleaved"},"geometry":{"type":"Polygon","coordinates":[[[-97.7285076,30.2851165],[-97.7285324,30.2851379],[-97.7285674,30.2851379],[-97.7285922,30.2851165],[-97.7285922,30.2850863],[-97.7285674,30.2850649],[-97.7285324,30.2850649],[-97.7285076,30.2850863],[-97.7285076,30.2851165]]]}},{"type":"Feature","properties":{"kind":"trunk","h":2.5,"base":0},"geometry":{"type":"Polygon","coordinates":[[[-97.7285722,30.2850421],[-97.7285598,30.2850421],[-97.7285598,30.2850529],[-97.7285722,30.2850529],[-97.7285722,30.2850421]]]}},{"type":"Feature","properties":{"kind":"canopy","h":7.3,"base":2.2,"leaf":"broadleaved"},"geometry":{"type":"Polygon","coordinates":[[[-97.7285349,30.2850586],[-97.7285531,30.2850744],[-97.7285789,30.2850744],[-97.7285971,30.2850586],[-97.7285971,30.2850364],[-97.7285789,30.2850206],[-97.7285531,30.2850206],[-97.7285349,30.2850364],[-97.7285349,30.2850586]]]}},{"type":"Feature","properties":{"kind":"trunk","h":2.5,"base":0},"geometry":{"type":"Polygon","coordinates":[[[-97.7285937,30.2849651],[-97.7285813,30.2849651],[-97.7285813,30.2849759],[-97.7285937,30.2849759],[-97.7285937,30.2849651]]]}},{"type":"Feature","properties":{"kind":"canopy","h":8.17,"base":2.2,"leaf":"broadleaved"},"geometry":{"type":"Polygon","coordinates":[[[-97.728556,30.2849818],[-97.7285745,30.2849977],[-97.7286005,30.2849977],[-97.728619,30.2849818],[-97.728619,30.2849592],[-97.7286005,30.2849433],[-97.7285745,30.2849433],[-97.728556,30.2849592],[-97.728556,30.2849818]]]}},{"type":"Feature","properties":{"kind":"trunk","h":2.5,"base":0},"geometry":{"type":"Polygon","coordinates":[[[-97.7286111,30.284909],[-97.7285987,30.284909],[-97.7285987,30.2849198],[-97.7286111,30.2849198],[-97.7286111,30.284909]]]}},{"type":"Feature","properties":{"kind":"canopy","h":8.28,"base":2.2,"leaf":"broadleaved"},"geometry":{"type":"Polygon","coordinates":[[[-97.7285747,30.2849252],[-97.7285924,30.2849405],[-97.7286174,30.2849405],[-97.7286351,30.2849252],[-97.7286351,30.2849036],[-97.7286174,30.2848883],[-97.7285924,30.2848883],[-97.7285747,30.2849036],[-97.7285747,30.2849252]]]}},{"type":"Feature","properties":{"kind":"trunk","h":2.5,"base":0},"geometry":{"type":"Polygon","coordinates":[[[-97.7286339,30.2848372],[-97.7286215,30.2848372],[-97.7286215,30.284848],[-97.7286339,30.284848],[-97.7286339,30.2848372]]]}},{"type":"Feature","properties":{"kind":"canopy","h":7.98,"base":2.2,"leaf":"broadleaved"},"geometry":{"type":"Polygon","coordinates":[[[-97.7285911,30.2848557],[-97.7286125,30.2848742],[-97.7286429,30.2848742],[-97.7286643,30.2848557],[-97.7286643,30.2848295],[-97.7286429,30.284811],[-97.7286125,30.284811],[-97.7285911,30.2848295],[-97.7285911,30.2848557]]]}},{"type":"Feature","properties":{"kind":"trunk","h":2.5,"base":0},"geometry":{"type":"Polygon","coordinates":[[[-97.7286493,30.2847706],[-97.7286369,30.2847706],[-97.7286369,30.2847814],[-97.7286493,30.2847814],[-97.7286493,30.2847706]]]}},{"type":"Feature","properties":{"kind":"canopy","h":9.26,"base":2.2,"leaf":"broadleaved"},"geometry":{"type":"Polygon","coordinates":[[[-97.7286011,30.284791],[-97.7286257,30.2848123],[-97.7286605,30.2848123],[-97.7286851,30.284791],[-97.7286851,30.284761],[-97.7286605,30.2847397],[-97.7286257,30.2847397],[-97.7286011,30.284761],[-97.7286011,30.284791]]]}},{"type":"Feature","properties":{"kind":"trunk","h":2.5,"base":0},"geometry":{"type":"Polygon","coordinates":[[[-97.7286842,30.2846681],[-97.7286718,30.2846681],[-97.7286718,30.2846789],[-97.7286842,30.2846789],[-97.7286842,30.2846681]]]}},{"type":"Feature","properties":{"kind":"canopy","h":8.62,"base":2.2,"leaf":"broadleaved"},"geometry":{"type":"Polygon","coordinates":[[[-97.7286492,30.2846838],[-97.7286661,30.2846984],[-97.7286899,30.2846984],[-97.7287068,30.2846838],[-97.7287068,30.2846632],[-97.7286899,30.2846486],[-97.7286661,30.2846486],[-97.7286492,30.2846632],[-97.7286492,30.2846838]]]}},{"type":"Feature","properties":{"kind":"trunk","h":2.5,"base":0},"geometry":{"type":"Polygon","coordinates":[[[-97.7287586,30.2844498],[-97.7287462,30.2844498],[-97.7287462,30.2844606],[-97.7287586,30.2844606],[-97.7287586,30.2844498]]]}},{"type":"Feature","properties":{"kind":"canopy","h":9.48,"base":2.2,"leaf":"broadleaved"},"geometry":{"type":"Polygon","coordinates":[[[-97.728723,30.2844657],[-97.7287402,30.2844806],[-97.7287646,30.2844806],[-97.7287818,30.2844657],[-97.7287818,30.2844447],[-97.7287646,30.2844298],[-97.7287402,30.2844298],[-97.728723,30.2844447],[-97.728723,30.2844657]]]}},{"type":"Feature","properties":{"kind":"trunk","h":2.5,"base":0},"geometry":{"type":"Polygon","coordinates":[[[-97.728772,30.284349],[-97.7287596,30.284349],[-97.7287596,30.2843598],[-97.728772,30.2843598],[-97.728772,30.284349]]]}},{"type":"Feature","properties":{"kind":"canopy","h":7.46,"base":2.2,"leaf":"broadleaved"},"geometry":{"type":"Polygon","coordinates":[[[-97.7287319,30.2843665],[-97.7287517,30.2843837],[-97.7287799,30.2843837],[-97.7287997,30.2843665],[-97.7287997,30.2843423],[-97.7287799,30.2843251],[-97.7287517,30.2843251],[-97.7287319,30.2843423],[-97.7287319,30.2843665]]]}},{"type":"Feature","properties":{"kind":"trunk","h":2.5,"base":0},"geometry":{"type":"Polygon","coordinates":[[[-97.7288793,30.2843496],[-97.7288669,30.2843496],[-97.7288669,30.2843604],[-97.7288793,30.2843604],[-97.7288793,30.2843496]]]}},{"type":"Feature","properties":{"kind":"canopy","h":7.76,"base":2.2,"leaf":"broadleaved"},"geometry":{"type":"Polygon","coordinates":[[[-97.7288343,30.2843689],[-97.728857,30.2843885],[-97.7288892,30.2843885],[-97.7289119,30.2843689],[-97.7289119,30.2843411],[-97.7288892,30.2843215],[-97.728857,30.2843215],[-97.7288343,30.2843411],[-97.7288343,30.2843689]]]}},{"type":"Feature","properties":{"kind":"trunk","h":2.5,"base":0},"geometry":{"type":"Polygon","coordinates":[[[-97.7289229,30.2841695],[-97.7289105,30.2841695],[-97.7289105,30.2841803],[-97.7289229,30.2841803],[-97.7289229,30.2841695]]]}},{"type":"Feature","properties":{"kind":"canopy","h":7.24,"base":2.2,"leaf":"broadleaved"},"geometry":{"type":"Polygon","coordinates":[[[-97.7288831,30.2841869],[-97.7289028,30.2842039],[-97.7289306,30.2842039],[-97.7289503,30.2841869],[-97.7289503,30.2841629],[-97.7289306,30.2841459],[-97.7289028,30.2841459],[-97.7288831,30.2841629],[-97.7288831,30.2841869]]]}},{"type":"Feature","properties":{"kind":"trunk","h":2.5,"base":0},"geometry":{"type":"Polygon","coordinates":[[[-97.7288317,30.2841776],[-97.7288193,30.2841776],[-97.7288193,30.2841884],[-97.7288317,30.2841884],[-97.7288317,30.2841776]]]}},{"type":"Feature","properties":{"kind":"canopy","h":7.25,"base":2.2,"leaf":"broadleaved"},"geometry":{"type":"Polygon","coordinates":[[[-97.7287935,30.2841944],[-97.7288123,30.2842106],[-97.7288387,30.2842106],[-97.7288575,30.2841944],[-97.7288575,30.2841716],[-97.7288387,30.2841554],[-97.7288123,30.2841554],[-97.7287935,30.2841716],[-97.7287935,30.2841944]]]}},{"type":"Feature","properties":{"kind":"trunk","h":2.5,"base":0},"geometry":{"type":"Polygon","coordinates":[[[-97.7288619,30.2840659],[-97.7288495,30.2840659],[-97.7288495,30.2840767],[-97.7288619,30.2840767],[-97.7288619,30.2840659]]]}},{"type":"Feature","properties":{"kind":"canopy","h":9.79,"base":2.2,"leaf":"broadleaved"},"geometry":{"type":"Polygon","coordinates":[[[-97.7288164,30.2840854],[-97.7288394,30.2841052],[-97.728872,30.2841052],[-97.728895,30.2840854],[-97.728895,30.2840572],[-97.728872,30.2840374],[-97.7288394,30.2840374],[-97.7288164,30.2840572],[-97.7288164,30.2840854]]]}},{"type":"Feature","properties":{"kind":"trunk","h":2.5,"base":0},"geometry":{"type":"Polygon","coordinates":[[[-97.7289055,30.2839182],[-97.7288931,30.2839182],[-97.7288931,30.283929],[-97.7289055,30.283929],[-97.7289055,30.2839182]]]}},{"type":"Feature","properties":{"kind":"canopy","h":9.46,"base":2.2,"leaf":"broadleaved"},"geometry":{"type":"Polygon","coordinates":[[[-97.7288676,30.2839349],[-97.7288862,30.2839509],[-97.7289124,30.2839509],[-97.728931,30.2839349],[-97.728931,30.2839123],[-97.7289124,30.2838963],[-97.7288862,30.2838963],[-97.7288676,30.2839123],[-97.7288676,30.2839349]]]}},{"type":"Feature","properties":{"kind":"trunk","h":2.5,"base":0},"geometry":{"type":"Polygon","coordinates":[[[-97.7290067,30.28384],[-97.7289943,30.28384],[-97.7289943,30.2838508],[-97.7290067,30.2838508],[-97.7290067,30.28384]]]}},{"type":"Feature","properties":{"kind":"canopy","h":8.64,"base":2.2,"leaf":"broadleaved"},"geometry":{"type":"Polygon","coordinates":[[[-97.7289697,30.2838564],[-97.7289877,30.283872],[-97.7290133,30.283872],[-97.7290313,30.2838564],[-97.7290313,30.2838344],[-97.7290133,30.2838188],[-97.7289877,30.2838188],[-97.7289697,30.2838344],[-97.7289697,30.2838564]]]}},{"type":"Feature","properties":{"kind":"trunk","h":2.5,"base":0},"geometry":{"type":"Polygon","coordinates":[[[-97.7289631,30.2837653],[-97.7289507,30.2837653],[-97.7289507,30.2837761],[-97.7289631,30.2837761],[-97.7289631,30.2837653]]]}},{"type":"Feature","properties":{"kind":"canopy","h":8.14,"base":2.2,"leaf":"broadleaved"},"geometry":{"type":"Polygon","coordinates":[[[-97.7289154,30.2837855],[-97.7289397,30.2838065],[-97.7289741,30.2838065],[-97.7289984,30.2837855],[-97.7289984,30.2837559],[-97.7289741,30.2837349],[-97.7289397,30.2837349],[-97.7289154,30.2837559],[-97.7289154,30.2837855]]]}},{"type":"Feature","properties":{"kind":"trunk","h":2.5,"base":0},"geometry":{"type":"Polygon","coordinates":[[[-97.7289725,30.2836686],[-97.7289601,30.2836686],[-97.7289601,30.2836794],[-97.7289725,30.2836794],[-97.7289725,30.2836686]]]}},{"type":"Feature","properties":{"kind":"canopy","h":8.0,"base":2.2,"leaf":"broadleaved"},"geometry":{"type":"Polygon","coordinates":[[[-97.7289326,30.283686],[-97.7289524,30.2837031],[-97.7289802,30.2837031],[-97.729,30.283686],[-97.729,30.283662],[-97.7289802,30.2836449],[-97.7289524,30.2836449],[-97.7289326,30.283662],[-97.7289326,30.283686]]]}},{"type":"Feature","properties":{"kind":"trunk","h":2.5,"base":0},"geometry":{"type":"Polygon","coordinates":[[[-97.7290195,30.2836073],[-97.7290071,30.2836073],[-97.7290071,30.2836181],[-97.7290195,30.2836181],[-97.7290195,30.2836073]]]}},{"type":"Feature","properties":{"kind":"canopy","h":7.23,"base":2.2,"leaf":"broadleaved"},"geometry":{"type":"Polygon","coordinates":[[[-97.7289741,30.2836267],[-97.7289971,30.2836465],[-97.7290295,30.2836465],[-97.7290525,30.2836267],[-97.7290525,30.2835987],[-97.7290295,30.2835789],[-97.7289971,30.2835789],[-97.7289741,30.2835987],[-97.7289741,30.2836267]]]}},{"type":"Feature","properties":{"kind":"trunk","h":2.5,"base":0},"geometry":{"type":"Polygon","coordinates":[[[-97.7290818,30.2836061],[-97.7290694,30.2836061],[-97.7290694,30.2836169],[-97.7290818,30.2836169],[-97.7290818,30.2836061]]]}},{"type":"Feature","properties":{"kind":"canopy","h":7.81,"base":2.2,"leaf":"broadleaved"},"geometry":{"type":"Polygon","coordinates":[[[-97.7290395,30.2836244],[-97.7290607,30.2836427],[-97.7290905,30.2836427],[-97.7291117,30.2836244],[-97.7291117,30.2835986],[-97.7290905,30.2835803],[-97.7290607,30.2835803],[-97.7290395,30.2835986],[-97.7290395,30.2836244]]]}},{"type":"Feature","properties":{"kind":"trunk","h":2.5,"base":0},"geometry":{"type":"Polygon","coordinates":[[[-97.7293796,30.2836368],[-97.7293672,30.2836368],[-97.7293672,30.2836476],[-97.7293796,30.2836476],[-97.7293796,30.2836368]]]}},{"type":"Feature","properties":{"kind":"canopy","h":9.49,"base":2.2,"leaf":"broadleaved"},"geometry":{"type":"Polygon","coordinates":[[[-97.7293353,30.2836558],[-97.7293576,30.2836751],[-97.7293892,30.2836751],[-97.7294115,30.2836558],[-97.7294115,30.2836286],[-97.7293892,30.2836093],[-97.7293576,30.2836093],[-97.7293353,30.2836286],[-97.7293353,30.2836558]]]}},{"type":"Feature","properties":{"kind":"trunk","h":2.5,"base":0},"geometry":{"type":"Polygon","coordinates":[[[-97.7289551,30.2874903],[-97.7289427,30.2874903],[-97.7289427,30.2875011],[-97.7289551,30.2875011],[-97.7289551,30.2874903]]]}},{"type":"Feature","properties":{"kind":"canopy","h":9.37,"base":2.2,"leaf":"broadleaved"},"geometry":{"type":"Polygon","coordinates":[[[-97.728906,30.287511],[-97.7289311,30.2875327],[-97.7289667,30.2875327],[-97.7289918,30.287511],[-97.7289918,30.2874804],[-97.7289667,30.2874587],[-97.7289311,30.2874587],[-97.728906,30.2874804],[-97.728906,30.287511]]]}},{"type":"Feature","properties":{"kind":"trunk","h":2.5,"base":0},"geometry":{"type":"Polygon","coordinates":[[[-97.7290289,30.287415],[-97.7290165,30.287415],[-97.7290165,30.2874258],[-97.7290289,30.2874258],[-97.7290289,30.287415]]]}},{"type":"Feature","properties":{"kind":"canopy","h":7.35,"base":2.2,"leaf":"broadleaved"},"geometry":{"type":"Polygon","coordinates":[[[-97.7289875,30.287433],[-97.7290081,30.2874508],[-97.7290373,30.2874508],[-97.7290579,30.287433],[-97.7290579,30.2874078],[-97.7290373,30.28739],[-97.7290081,30.28739],[-97.7289875,30.2874078],[-97.7289875,30.287433]]]}},{"type":"Feature","properties":{"kind":"trunk","h":2.5,"base":0},"geometry":{"type":"Polygon","coordinates":[[[-97.7290221,30.2873108],[-97.7290097,30.2873108],[-97.7290097,30.2873216],[-97.7290221,30.2873216],[-97.7290221,30.2873108]]]}},{"type":"Feature","properties":{"kind":"canopy","h":7.62,"base":2.2,"leaf":"broadleaved"},"geometry":{"type":"Polygon","coordinates":[[[-97.7289757,30.2873306],[-97.7289993,30.2873509],[-97.7290325,30.2873509],[-97.7290561,30.2873306],[-97.7290561,30.2873018],[-97.7290325,30.2872815],[-97.7289993,30.2872815],[-97.7289757,30.2873018],[-97.7289757,30.2873306]]]}},{"type":"Feature","properties":{"kind":"trunk","h":2.5,"base":0},"geometry":{"type":"Polygon","coordinates":[[[-97.729171,30.2872598],[-97.7291586,30.2872598],[-97.7291586,30.2872706],[-97.729171,30.2872706],[-97.729171,30.2872598]]]}},{"type":"Feature","properties":{"kind":"canopy","h":9.04,"base":2.2,"leaf":"broadleaved"},"geometry":{"type":"Polygon","coordinates":[[[-97.7291261,30.287279],[-97.7291488,30.2872986],[-97.7291808,30.2872986],[-97.7292035,30.287279],[-97.7292035,30.2872514],[-97.7291808,30.2872318],[-97.7291488,30.2872318],[-97.7291261,30.2872514],[-97.7291261,30.287279]]]}},{"type":"Feature","properties":{"kind":"trunk","h":2.5,"base":0},"geometry":{"type":"Polygon","coordinates":[[[-97.7291026,30.287378],[-97.7290902,30.287378],[-97.7290902,30.2873888],[-97.7291026,30.2873888],[-97.7291026,30.287378]]]}},{"type":"Feature","properties":{"kind":"canopy","h":9.17,"base":2.2,"leaf":"broadleaved"},"geometry":{"type":"Polygon","coordinates":[[[-97.7290585,30.287397],[-97.7290807,30.2874161],[-97.7291121,30.2874161],[-97.7291343,30.287397],[-97.7291343,30.2873698],[-97.7291121,30.2873507],[-97.7290807,30.2873507],[-97.7290585,30.2873698],[-97.7290585,30.287397]]]}},{"type":"Feature","properties":{"kind":"trunk","h":2.5,"base":0},"geometry":{"type":"Polygon","coordinates":[[[-97.7292783,30.2873189],[-97.7292659,30.2873189],[-97.7292659,30.2873297],[-97.7292783,30.2873297],[-97.7292783,30.2873189]]]}},{"type":"Feature","properties":{"kind":"canopy","h":8.69,"base":2.2,"leaf":"broadleaved"},"geometry":{"type":"Polygon","coordinates":[[[-97.7292403,30.2873357],[-97.7292589,30.2873518],[-97.7292853,30.2873518],[-97.7293039,30.2873357],[-97.7293039,30.2873129],[-97.7292853,30.2872968],[-97.7292589,30.2872968],[-97.7292403,30.2873129],[-97.7292403,30.2873357]]]}},{"type":"Feature","properties":{"kind":"trunk","h":2.5,"base":0},"geometry":{"type":"Polygon","coordinates":[[[-97.729403,30.2873479],[-97.7293906,30.2873479],[-97.7293906,30.2873587],[-97.729403,30.2873587],[-97.729403,30.2873479]]]}},{"type":"Feature","properties":{"kind":"canopy","h":7.01,"base":2.2,"leaf":"broadleaved"},"geometry":{"type":"Polygon","coordinates":[[[-97.7293585,30.287367],[-97.729381,30.2873863],[-97.7294126,30.2873863],[-97.7294351,30.287367],[-97.7294351,30.2873396],[-97.7294126,30.2873203],[-97.729381,30.2873203],[-97.7293585,30.2873396],[-97.7293585,30.287367]]]}},{"type":"Feature","properties":{"kind":"trunk","h":2.5,"base":0},"geometry":{"type":"Polygon","coordinates":[[[-97.729407,30.2874555],[-97.7293946,30.2874555],[-97.7293946,30.2874663],[-97.729407,30.2874663],[-97.729407,30.2874555]]]}},{"type":"Feature","properties":{"kind":"canopy","h":7.82,"base":2.2,"leaf":"broadleaved"},"geometry":{"type":"Polygon","coordinates":[[[-97.7293684,30.2874725],[-97.7293874,30.2874889],[-97.7294142,30.2874889],[-97.7294332,30.2874725],[-97.7294332,30.2874493],[-97.7294142,30.2874329],[-97.7293874,30.2874329],[-97.7293684,30.2874493],[-97.7293684,30.2874725]]]}},{"type":"Feature","properties":{"kind":"trunk","h":2.5,"base":0},"geometry":{"type":"Polygon","coordinates":[[[-97.729521,30.2875192],[-97.7295086,30.2875192],[-97.7295086,30.28753],[-97.729521,30.28753],[-97.729521,30.2875192]]]}},{"type":"Feature","properties":{"kind":"canopy","h":7.44,"base":2.2,"leaf":"broadleaved"},"geometry":{"type":"Polygon","coordinates":[[[-97.7294794,30.2875373],[-97.7295001,30.2875552],[-97.7295295,30.2875552],[-97.7295502,30.2875373],[-97.7295502,30.2875119],[-97.7295295,30.287494],[-97.7295001,30.287494],[-97.7294794,30.2875119],[-97.7294794,30.2875373]]]}},{"type":"Feature","properties":{"kind":"trunk","h":2.5,"base":0},"geometry":{"type":"Polygon","coordinates":[[[-97.7295479,30.2874],[-97.7295355,30.2874],[-97.7295355,30.2874108],[-97.7295479,30.2874108],[-97.7295479,30.2874]]]}},{"type":"Feature","properties":{"kind":"canopy","h":8.73,"base":2.2,"leaf":"broadleaved"},"geometry":{"type":"Polygon","coordinates":[[[-97.7295049,30.2874185],[-97.7295265,30.2874371],[-97.7295569,30.2874371],[-97.7295785,30.2874185],[-97.7295785,30.2873923],[-97.7295569,30.2873737],[-97.7295265,30.2873737],[-97.7295049,30.2873923],[-97.7295049,30.2874185]]]}},{"type":"Feature","properties":{"kind":"trunk","h":2.5,"base":0},"geometry":{"type":"Polygon","coordinates":[[[-97.7296525,30.2874764],[-97.7296401,30.2874764],[-97.7296401,30.2874872],[-97.7296525,30.2874872],[-97.7296525,30.2874764]]]}},{"type":"Feature","properties":{"kind":"canopy","h":7.5,"base":2.2,"leaf":"broadleaved"},"geometry":{"type":"Polygon","coordinates":[[[-97.7296144,30.2874932],[-97.7296331,30.2875094],[-97.7296595,30.2875094],[-97.7296782,30.2874932],[-97.7296782,30.2874704],[-97.7296595,30.2874542],[-97.7296331,30.2874542],[-97.7296144,30.2874704],[-97.7296144,30.2874932]]]}},{"type":"Feature","properties":{"kind":"trunk","h":2.5,"base":0},"geometry":{"type":"Polygon","coordinates":[[[-97.7297088,30.2875412],[-97.7296964,30.2875412],[-97.7296964,30.287552],[-97.7297088,30.287552],[-97.7297088,30.2875412]]]}},{"type":"Feature","properties":{"kind":"canopy","h":7.3,"base":2.2,"leaf":"broadleaved"},"geometry":{"type":"Polygon","coordinates":[[[-97.7296717,30.2875577],[-97.7296898,30.2875733],[-97.7297154,30.2875733],[-97.7297335,30.2875577],[-97.7297335,30.2875355],[-97.7297154,30.2875199],[-97.7296898,30.2875199],[-97.7296717,30.2875355],[-97.7296717,30.2875577]]]}},{"type":"Feature","properties":{"kind":"trunk","h":2.5,"base":0},"geometry":{"type":"Polygon","coordinates":[[[-97.7296458,30.287598],[-97.7296334,30.287598],[-97.7296334,30.2876088],[-97.7296458,30.2876088],[-97.7296458,30.287598]]]}},{"type":"Feature","properties":{"kind":"canopy","h":8.23,"base":2.2,"leaf":"broadleaved"},"geometry":{"type":"Polygon","coordinates":[[[-97.7295985,30.2876181],[-97.7296226,30.2876388],[-97.7296566,30.2876388],[-97.7296807,30.2876181],[-97.7296807,30.2875887],[-97.7296566,30.287568],[-97.7296226,30.287568],[-97.7295985,30.2875887],[-97.7295985,30.2876181]]]}},{"type":"Feature","properties":{"kind":"trunk","h":2.5,"base":0},"geometry":{"type":"Polygon","coordinates":[[[-97.7294996,30.2876466],[-97.7294872,30.2876466],[-97.7294872,30.2876574],[-97.7294996,30.2876574],[-97.7294996,30.2876466]]]}},{"type":"Feature","properties":{"kind":"canopy","h":8.06,"base":2.2,"leaf":"broadleaved"},"geometry":{"type":"Polygon","coordinates":[[[-97.7294618,30.2876633],[-97.7294803,30.2876793],[-97.7295065,30.2876793],[-97.729525,30.2876633],[-97.729525,30.2876407],[-97.7295065,30.2876247],[-97.7294803,30.2876247],[-97.7294618,30.2876407],[-97.7294618,30.2876633]]]}},{"type":"Feature","properties":{"kind":"trunk","h":2.5,"base":0},"geometry":{"type":"Polygon","coordinates":[[[-97.7293883,30.2876339],[-97.7293759,30.2876339],[-97.7293759,30.2876447],[-97.7293883,30.2876447],[-97.7293883,30.2876339]]]}},{"type":"Feature","properties":{"kind":"canopy","h":8.76,"base":2.2,"leaf":"broadleaved"},"geometry":{"type":"Polygon","coordinates":[[[-97.7293396,30.2876545],[-97.7293645,30.287676],[-97.7293997,30.287676],[-97.7294246,30.2876545],[-97.7294246,30.2876241],[-97.7293997,30.2876026],[-97.7293645,30.2876026],[-97.7293396,30.2876241],[-97.7293396,30.2876545]]]}},{"type":"Feature","properties":{"kind":"trunk","h":2.5,"base":0},"geometry":{"type":"Polygon","coordinates":[[[-97.7293413,30.2877902],[-97.7293289,30.2877902],[-97.7293289,30.287801],[-97.7293413,30.287801],[-97.7293413,30.2877902]]]}},{"type":"Feature","properties":{"kind":"canopy","h":8.16,"base":2.2,"leaf":"broadleaved"},"geometry":{"type":"Polygon","coordinates":[[[-97.7292979,30.2878089],[-97.7293197,30.2878278],[-97.7293505,30.2878278],[-97.7293723,30.2878089],[-97.7293723,30.2877823],[-97.7293505,30.2877634],[-97.7293197,30.2877634],[-97.7292979,30.2877823],[-97.7292979,30.2878089]]]}},{"type":"Feature","properties":{"kind":"trunk","h":2.5,"base":0},"geometry":{"type":"Polygon","coordinates":[[[-97.7291817,30.287957],[-97.7291693,30.287957],[-97.7291693,30.2879678],[-97.7291817,30.2879678],[-97.7291817,30.287957]]]}},{"type":"Feature","properties":{"kind":"canopy","h":8.44,"base":2.2,"leaf":"broadleaved"},"geometry":{"type":"Polygon","coordinates":[[[-97.7291352,30.2879768],[-97.7291588,30.2879972],[-97.7291922,30.2879972],[-97.7292158,30.2879768],[-97.7292158,30.287948],[-97.7291922,30.2879276],[-97.7291588,30.2879276],[-97.7291352,30.287948],[-97.7291352,30.2879768]]]}},{"type":"Feature","properties":{"kind":"trunk","h":2.5,"base":0},"geometry":{"type":"Polygon","coordinates":[[[-97.729222,30.2878875],[-97.7292096,30.2878875],[-97.7292096,30.2878983],[-97.729222,30.2878983],[-97.729222,30.2878875]]]}},{"type":"Feature","properties":{"kind":"canopy","h":9.71,"base":2.2,"leaf":"broadleaved"},"geometry":{"type":"Polygon","coordinates":[[[-97.7291749,30.2879075],[-97.7291988,30.2879283],[-97.7292328,30.2879283],[-97.7292567,30.2879075],[-97.7292567,30.2878783],[-97.7292328,30.2878575],[-97.7291988,30.2878575],[-97.7291749,30.2878783],[-97.7291749,30.2879075]]]}},{"type":"Feature","properties":{"kind":"trunk","h":2.5,"base":0},"geometry":{"type":"Polygon","coordinates":[[[-97.7290905,30.2878198],[-97.7290781,30.2878198],[-97.7290781,30.2878306],[-97.7290905,30.2878306],[-97.7290905,30.2878198]]]}},{"type":"Feature","properties":{"kind":"canopy","h":9.37,"base":2.2,"leaf":"broadleaved"},"geometry":{"type":"Polygon","coordinates":[[[-97.7290442,30.2878395],[-97.7290677,30.2878598],[-97.7291009,30.2878598],[-97.7291244,30.2878395],[-97.7291244,30.2878109],[-97.7291009,30.2877906],[-97.7290677,30.2877906],[-97.7290442,30.2878109],[-97.7290442,30.2878395]]]}},{"type":"Feature","properties":{"kind":"trunk","h":2.5,"base":0},"geometry":{"type":"Polygon","coordinates":[[[-97.7290382,30.2877705],[-97.7290258,30.2877705],[-97.7290258,30.2877813],[-97.7290382,30.2877813],[-97.7290382,30.2877705]]]}},{"type":"Feature","properties":{"kind":"canopy","h":9.54,"base":2.2,"leaf":"broadleaved"},"geometry":{"type":"Polygon","coordinates":[[[-97.728989,30.2877913],[-97.7290142,30.287813],[-97.7290498,30.287813],[-97.729075,30.2877913],[-97.729075,30.2877605],[-97.7290498,30.2877388],[-97.7290142,30.2877388],[-97.728989,30.2877605],[-97.728989,30.2877913]]]}},{"type":"Feature","properties":{"kind":"trunk","h":2.5,"base":0},"geometry":{"type":"Polygon","coordinates":[[[-97.7289645,30.2879083],[-97.7289521,30.2879083],[-97.7289521,30.2879191],[-97.7289645,30.2879191],[-97.7289645,30.2879083]]]}},{"type":"Feature","properties":{"kind":"canopy","h":8.21,"base":2.2,"leaf":"broadleaved"},"geometry":{"type":"Polygon","coordinates":[[[-97.7289186,30.2879279],[-97.7289419,30.287948],[-97.7289747,30.287948],[-97.728998,30.2879279],[-97.728998,30.2878995],[-97.7289747,30.2878794],[-97.7289419,30.2878794],[-97.7289186,30.2878995],[-97.7289186,30.2879279]]]}},{"type":"Feature","properties":{"kind":"trunk","h":2.5,"base":0},"geometry":{"type":"Polygon","coordinates":[[[-97.7288974,30.2878516],[-97.728885,30.2878516],[-97.728885,30.2878624],[-97.7288974,30.2878624],[-97.7288974,30.2878516]]]}},{"type":"Feature","properties":{"kind":"canopy","h":7.88,"base":2.2,"leaf":"broadleaved"},"geometry":{"type":"Polygon","coordinates":[[[-97.7288553,30.2878698],[-97.7288763,30.287888],[-97.7289061,30.287888],[-97.7289271,30.2878698],[-97.7289271,30.2878442],[-97.7289061,30.287826],[-97.7288763,30.287826],[-97.7288553,30.2878442],[-97.7288553,30.2878698]]]}},{"type":"Feature","properties":{"kind":"trunk","h":2.5,"base":0},"geometry":{"type":"Polygon","coordinates":[[[-97.7288304,30.2877833],[-97.728818,30.2877833],[-97.728818,30.2877941],[-97.7288304,30.2877941],[-97.7288304,30.2877833]]]}},{"type":"Feature","properties":{"kind":"canopy","h":9.11,"base":2.2,"leaf":"broadleaved"},"geometry":{"type":"Polygon","coordinates":[[[-97.7287946,30.2877993],[-97.728812,30.2878142],[-97.7288364,30.2878142],[-97.7288538,30.2877993],[-97.7288538,30.2877781],[-97.7288364,30.2877632],[-97.728812,30.2877632],[-97.7287946,30.2877781],[-97.7287946,30.2877993]]]}},{"type":"Feature","properties":{"kind":"trunk","h":2.5,"base":0},"geometry":{"type":"Polygon","coordinates":[[[-97.7289605,30.2876987],[-97.7289481,30.2876987],[-97.7289481,30.2877095],[-97.7289605,30.2877095],[-97.7289605,30.2876987]]]}},{"type":"Feature","properties":{"kind":"canopy","h":8.39,"base":2.2,"leaf":"broadleaved"},"geometry":{"type":"Polygon","coordinates":[[[-97.7289137,30.2877186],[-97.7289375,30.2877391],[-97.7289711,30.2877391],[-97.7289949,30.2877186],[-97.7289949,30.2876896],[-97.7289711,30.2876691],[-97.7289375,30.2876691],[-97.7289137,30.2876896],[-97.7289137,30.2877186]]]}},{"type":"Feature","properties":{"kind":"trunk","h":2.5,"base":0},"geometry":{"type":"Polygon","coordinates":[[[-97.7288156,30.2876594],[-97.7288032,30.2876594],[-97.7288032,30.2876702],[-97.7288156,30.2876702],[-97.7288156,30.2876594]]]}},{"type":"Feature","properties":{"kind":"canopy","h":7.14,"base":2.2,"leaf":"broadleaved"},"geometry":{"type":"Polygon","coordinates":[[[-97.7287669,30.28768],[-97.7287918,30.2877015],[-97.728827,30.2877015],[-97.7288519,30.28768],[-97.7288519,30.2876496],[-97.728827,30.2876281],[-97.7287918,30.2876281],[-97.7287669,30.2876496],[-97.7287669,30.28768]]]}},{"type":"Feature","properties":{"kind":"trunk","h":2.5,"base":0},"geometry":{"type":"Polygon","coordinates":[[[-97.7286373,30.2877196],[-97.7286249,30.2877196],[-97.7286249,30.2877304],[-97.7286373,30.2877304],[-97.7286373,30.2877196]]]}},{"type":"Feature","properties":{"kind":"canopy","h":7.78,"base":2.2,"leaf":"broadleaved"},"geometry":{"type":"Polygon","coordinates":[[[-97.7285914,30.2877392],[-97.7286147,30.2877593],[-97.7286475,30.2877593],[-97.7286708,30.2877392],[-97.7286708,30.2877108],[-97.7286475,30.2876907],[-97.7286147,30.2876907],[-97.7285914,30.2877108],[-97.7285914,30.2877392]]]}},{"type":"Feature","properties":{"kind":"trunk","h":2.5,"base":0},"geometry":{"type":"Polygon","coordinates":[[[-97.7287419,30.2874845],[-97.7287295,30.2874845],[-97.7287295,30.2874953],[-97.7287419,30.2874953],[-97.7287419,30.2874845]]]}},{"type":"Feature","properties":{"kind":"canopy","h":8.67,"base":2.2,"leaf":"broadleaved"},"geometry":{"type":"Polygon","coordinates":[[[-97.7287056,30.2875007],[-97.7287232,30.2875159],[-97.7287482,30.2875159],[-97.7287658,30.2875007],[-97.7287658,30.2874791],[-97.7287482,30.2874639],[-97.7287232,30.2874639],[-97.7287056,30.2874791],[-97.7287056,30.2875007]]]}},{"type":"Feature","properties":{"kind":"trunk","h":2.5,"base":0},"geometry":{"type":"Polygon","coordinates":[[[-97.7287258,30.2874011],[-97.7287134,30.2874011],[-97.7287134,30.2874119],[-97.7287258,30.2874119],[-97.7287258,30.2874011]]]}},{"type":"Feature","properties":{"kind":"canopy","h":7.44,"base":2.2,"leaf":"broadleaved"},"geometry":{"type":"Polygon","coordinates":[[[-97.7286807,30.2874204],[-97.7287035,30.2874401],[-97.7287357,30.2874401],[-97.7287585,30.2874204],[-97.7287585,30.2873926],[-97.7287357,30.2873729],[-97.7287035,30.2873729],[-97.7286807,30.2873926],[-97.7286807,30.2874204]]]}},{"type":"Feature","properties":{"kind":"trunk","h":2.5,"base":0},"geometry":{"type":"Polygon","coordinates":[[[-97.7286936,30.2873363],[-97.7286812,30.2873363],[-97.7286812,30.2873471],[-97.7286936,30.2873471],[-97.7286936,30.2873363]]]}},{"type":"Feature","properties":{"kind":"canopy","h":9.0,"base":2.2,"leaf":"broadleaved"},"geometry":{"type":"Polygon","coordinates":[[[-97.72865,30.2873551],[-97.7286719,30.287374],[-97.7287029,30.287374],[-97.7287248,30.2873551],[-97.7287248,30.2873283],[-97.7287029,30.2873094],[-97.7286719,30.2873094],[-97.72865,30.2873283],[-97.72865,30.2873551]]]}},{"type":"Feature","properties":{"kind":"trunk","h":2.5,"base":0},"geometry":{"type":"Polygon","coordinates":[[[-97.7284844,30.2873154],[-97.728472,30.2873154],[-97.728472,30.2873262],[-97.7284844,30.2873262],[-97.7284844,30.2873154]]]}},{"type":"Feature","properties":{"kind":"canopy","h":8.66,"base":2.2,"leaf":"broadleaved"},"geometry":{"type":"Polygon","coordinates":[[[-97.728436,30.2873359],[-97.7284607,30.2873573],[-97.7284957,30.2873573],[-97.7285204,30.2873359],[-97.7285204,30.2873057],[-97.7284957,30.2872843],[-97.7284607,30.2872843],[-97.728436,30.2873057],[-97.728436,30.2873359]]]}},{"type":"Feature","properties":{"kind":"trunk","h":2.5,"base":0},"geometry":{"type":"Polygon","coordinates":[[[-97.7283529,30.2873525],[-97.7283405,30.2873525],[-97.7283405,30.2873633],[-97.7283529,30.2873633],[-97.7283529,30.2873525]]]}},{"type":"Feature","properties":{"kind":"canopy","h":9.04,"base":2.2,"leaf":"broadleaved"},"geometry":{"type":"Polygon","coordinates":[[[-97.7283061,30.2873724],[-97.7283299,30.2873929],[-97.7283635,30.2873929],[-97.7283873,30.2873724],[-97.7283873,30.2873434],[-97.7283635,30.2873229],[-97.7283299,30.2873229],[-97.7283061,30.2873434],[-97.7283061,30.2873724]]]}},{"type":"Feature","properties":{"kind":"trunk","h":2.5,"base":0},"geometry":{"type":"Polygon","coordinates":[[[-97.7283288,30.2872471],[-97.7283164,30.2872471],[-97.7283164,30.2872579],[-97.7283288,30.2872579],[-97.7283288,30.2872471]]]}},{"type":"Feature","properties":{"kind":"canopy","h":9.82,"base":2.2,"leaf":"broadleaved"},"geometry":{"type":"Polygon","coordinates":[[[-97.7282929,30.2872631],[-97.7283103,30.2872781],[-97.7283349,30.2872781],[-97.7283523,30.2872631],[-97.7283523,30.2872419],[-97.7283349,30.2872269],[-97.7283103,30.2872269],[-97.7282929,30.2872419],[-97.7282929,30.2872631]]]}},{"type":"Feature","properties":{"kind":"trunk","h":2.5,"base":0},"geometry":{"type":"Polygon","coordinates":[[[-97.7282296,30.287327],[-97.7282172,30.287327],[-97.7282172,30.2873378],[-97.7282296,30.2873378],[-97.7282296,30.287327]]]}},{"type":"Feature","properties":{"kind":"canopy","h":9.7,"base":2.2,"leaf":"broadleaved"},"geometry":{"type":"Polygon","coordinates":[[[-97.7281855,30.287346],[-97.7282077,30.2873651],[-97.7282391,30.2873651],[-97.7282613,30.287346],[-97.7282613,30.2873188],[-97.7282391,30.2872997],[-97.7282077,30.2872997],[-97.7281855,30.2873188],[-97.7281855,30.287346]]]}},{"type":"Feature","properties":{"kind":"trunk","h":2.5,"base":0},"geometry":{"type":"Polygon","coordinates":[[[-97.7281276,30.2872008],[-97.7281152,30.2872008],[-97.7281152,30.2872116],[-97.7281276,30.2872116],[-97.7281276,30.2872008]]]}},{"type":"Feature","properties":{"kind":"canopy","h":7.64,"base":2.2,"leaf":"broadleaved"},"geometry":{"type":"Polygon","coordinates":[[[-97.7280884,30.287218],[-97.7281077,30.2872347],[-97.7281351,30.2872347],[-97.7281544,30.287218],[-97.7281544,30.2871944],[-97.7281351,30.2871777],[-97.7281077,30.2871777],[-97.7280884,30.2871944],[-97.7280884,30.287218]]]}},{"type":"Feature","properties":{"kind":"trunk","h":2.5,"base":0},"geometry":{"type":"Polygon","coordinates":[[[-97.7280673,30.2872853],[-97.7280549,30.2872853],[-97.7280549,30.2872961],[-97.7280673,30.2872961],[-97.7280673,30.2872853]]]}},{"type":"Feature","properties":{"kind":"canopy","h":8.54,"base":2.2,"leaf":"broadleaved"},"geometry":{"type":"Polygon","coordinates":[[[-97.7280257,30.2873034],[-97.7280464,30.2873213],[-97.7280758,30.2873213],[-97.7280965,30.2873034],[-97.7280965,30.287278],[-97.7280758,30.2872601],[-97.7280464,30.2872601],[-97.7280257,30.287278],[-97.7280257,30.2873034]]]}},{"type":"Feature","properties":{"kind":"trunk","h":2.5,"base":0},"geometry":{"type":"Polygon","coordinates":[[[-97.7278648,30.2872263],[-97.7278524,30.2872263],[-97.7278524,30.2872371],[-97.7278648,30.2872371],[-97.7278648,30.2872263]]]}},{"type":"Feature","properties":{"kind":"canopy","h":7.34,"base":2.2,"leaf":"broadleaved"},"geometry":{"type":"Polygon","coordinates":[[[-97.7278278,30.2872427],[-97.7278459,30.2872583],[-97.7278713,30.2872583],[-97.7278894,30.2872427],[-97.7278894,30.2872207],[-97.7278713,30.2872051],[-97.7278459,30.2872051],[-97.7278278,30.2872207],[-97.7278278,30.2872427]]]}},{"type":"Feature","properties":{"kind":"trunk","h":2.5,"base":0},"geometry":{"type":"Polygon","coordinates":[[[-97.7276985,30.2871753],[-97.7276861,30.2871753],[-97.7276861,30.2871861],[-97.7276985,30.2871861],[-97.7276985,30.2871753]]]}},{"type":"Feature","properties":{"kind":"canopy","h":8.94,"base":2.2,"leaf":"broadleaved"},"geometry":{"type":"Polygon","coordinates":[[[-97.7276632,30.2871911],[-97.7276802,30.2872059],[-97.7277044,30.2872059],[-97.7277214,30.2871911],[-97.7277214,30.2871703],[-97.7277044,30.2871555],[-97.7276802,30.2871555],[-97.7276632,30.2871703],[-97.7276632,30.2871911]]]}},{"type":"Feature","properties":{"kind":"trunk","h":2.5,"base":0},"geometry":{"type":"Polygon","coordinates":[[[-97.729509,30.2838157],[-97.7294966,30.2838157],[-97.7294966,30.2838265],[-97.729509,30.2838265],[-97.729509,30.2838157]]]}},{"type":"Feature","properties":{"kind":"canopy","h":9.98,"base":2.2,"leaf":"broadleaved"},"geometry":{"type":"Polygon","coordinates":[[[-97.7294704,30.2838327],[-97.7294894,30.2838491],[-97.7295162,30.2838491],[-97.7295352,30.2838327],[-97.7295352,30.2838095],[-97.7295162,30.2837931],[-97.7294894,30.2837931],[-97.7294704,30.2838095],[-97.7294704,30.2838327]]]}},{"type":"Feature","properties":{"kind":"trunk","h":2.5,"base":0},"geometry":{"type":"Polygon","coordinates":[[[-97.7279643,30.287201],[-97.7279519,30.287201],[-97.7279519,30.2872118],[-97.7279643,30.2872118],[-97.7279643,30.287201]]]}},{"type":"Feature","properties":{"kind":"canopy","h":8.96,"base":2.2,"leaf":"broadleaved"},"geometry":{"type":"Polygon","coordinates":[[[-97.7279194,30.2872202],[-97.7279421,30.2872398],[-97.7279741,30.2872398],[-97.7279968,30.2872202],[-97.7279968,30.2871926],[-97.7279741,30.287173],[-97.7279421,30.287173],[-97.7279194,30.2871926],[-97.7279194,30.2872202]]]}},{"type":"Feature","properties":{"kind":"trunk","h":2.5,"base":0},"geometry":{"type":"Polygon","coordinates":[[[-97.7283858,30.2874194],[-97.7283734,30.2874194],[-97.7283734,30.2874302],[-97.7283858,30.2874302],[-97.7283858,30.2874194]]]}},{"type":"Feature","properties":{"kind":"canopy","h":9.5,"base":2.2,"leaf":"broadleaved"},"geometry":{"type":"Polygon","coordinates":[[[-97.728345,30.2874372],[-97.7283653,30.2874547],[-97.7283939,30.2874547],[-97.7284142,30.2874372],[-97.7284142,30.2874124],[-97.7283939,30.2873949],[-97.7283653,30.2873949],[-97.728345,30.2874124],[-97.728345,30.2874372]]]}},{"type":"Feature","properties":{"kind":"trunk","h":2.5,"base":0},"geometry":{"type":"Polygon","coordinates":[[[-97.7285697,30.2874002],[-97.7285573,30.2874002],[-97.7285573,30.287411],[-97.7285697,30.287411],[-97.7285697,30.2874002]]]}},{"type":"Feature","properties":{"kind":"canopy","h":9.96,"base":2.2,"leaf":"broadleaved"},"geometry":{"type":"Polygon","coordinates":[[[-97.7285224,30.2874203],[-97.7285465,30.2874411],[-97.7285805,30.2874411],[-97.7286046,30.2874203],[-97.7286046,30.2873909],[-97.7285805,30.2873701],[-97.7285465,30.2873701],[-97.7285224,30.2873909],[-97.7285224,30.2874203]]]}},{"type":"Feature","properties":{"kind":"trunk","h":2.5,"base":0},"geometry":{"type":"Polygon","coordinates":[[[-97.7286107,30.2864159],[-97.7285983,30.2864159],[-97.7285983,30.2864267],[-97.7286107,30.2864267],[-97.7286107,30.2864159]]]}},{"type":"Feature","properties":{"kind":"canopy","h":7.93,"base":2.2,"leaf":"broadleaved"},"geometry":{"type":"Polygon","coordinates":[[[-97.7285643,30.2864357],[-97.7285878,30.286456],[-97.7286212,30.286456],[-97.7286447,30.2864357],[-97.7286447,30.2864069],[-97.7286212,30.2863866],[-97.7285878,30.2863866],[-97.7285643,30.2864069],[-97.7285643,30.2864357]]]}},{"type":"Feature","properties":{"kind":"trunk","h":2.5,"base":0},"geometry":{"type":"Polygon","coordinates":[[[-97.7287132,30.2864226],[-97.7287008,30.2864226],[-97.7287008,30.2864334],[-97.7287132,30.2864334],[-97.7287132,30.2864226]]]}},{"type":"Feature","properties":{"kind":"canopy","h":8.2,"base":2.2,"leaf":"broadleaved"},"geometry":{"type":"Polygon","coordinates":[[[-97.7286724,30.2864404],[-97.7286927,30.2864579],[-97.7287213,30.2864579],[-97.7287416,30.2864404],[-97.7287416,30.2864156],[-97.7287213,30.2863981],[-97.7286927,30.2863981],[-97.7286724,30.2864156],[-97.7286724,30.2864404]]]}},{"type":"Feature","properties":{"kind":"trunk","h":2.5,"base":0},"geometry":{"type":"Polygon","coordinates":[[[-97.7297102,30.2811873],[-97.7296978,30.2811873],[-97.7296978,30.2811981],[-97.7297102,30.2811981],[-97.7297102,30.2811873]]]}},{"type":"Feature","properties":{"kind":"canopy","h":9.52,"base":2.2,"leaf":"broadleaved"},"geometry":{"type":"Polygon","coordinates":[[[-97.7296743,30.2812033],[-97.7296917,30.2812184],[-97.7297163,30.2812184],[-97.7297337,30.2812033],[-97.7297337,30.2811821],[-97.7297163,30.281167],[-97.7296917,30.281167],[-97.7296743,30.2811821],[-97.7296743,30.2812033]]]}},{"type":"Feature","properties":{"kind":"trunk","h":2.5,"base":0},"geometry":{"type":"Polygon","coordinates":[[[-97.7298989,30.2812279],[-97.7298865,30.2812279],[-97.7298865,30.2812387],[-97.7298989,30.2812387],[-97.7298989,30.2812279]]]}},{"type":"Feature","properties":{"kind":"canopy","h":7.05,"base":2.2,"leaf":"broadleaved"},"geometry":{"type":"Polygon","coordinates":[[[-97.7298559,30.2812465],[-97.7298774,30.2812651],[-97.729908,30.2812651],[-97.7299295,30.2812465],[-97.7299295,30.2812201],[-97.729908,30.2812015],[-97.7298774,30.2812015],[-97.7298559,30.2812201],[-97.7298559,30.2812465]]]}},{"type":"Feature","properties":{"kind":"trunk","h":2.5,"base":0},"geometry":{"type":"Polygon","coordinates":[[[-97.729874,30.2812862],[-97.7298616,30.2812862],[-97.7298616,30.281297],[-97.729874,30.281297],[-97.729874,30.2812862]]]}},{"type":"Feature","properties":{"kind":"canopy","h":8.44,"base":2.2,"leaf":"broadleaved"},"geometry":{"type":"Polygon","coordinates":[[[-97.7298254,30.2813068],[-97.7298502,30.2813282],[-97.7298854,30.2813282],[-97.7299102,30.2813068],[-97.7299102,30.2812764],[-97.7298854,30.281255],[-97.7298502,30.281255],[-97.7298254,30.2812764],[-97.7298254,30.2813068]]]}},{"type":"Feature","properties":{"kind":"trunk","h":2.5,"base":0},"geometry":{"type":"Polygon","coordinates":[[[-97.7288168,30.2835161],[-97.7288044,30.2835161],[-97.7288044,30.2835269],[-97.7288168,30.2835269],[-97.7288168,30.2835161]]]}},{"type":"Feature","properties":{"kind":"canopy","h":15.24,"base":2.2,"leaf":"broadleaved"},"geometry":{"type":"Polygon","coordinates":[[[-97.7287806,30.2835322],[-97.7287982,30.2835474],[-97.728823,30.2835474],[-97.7288406,30.2835322],[-97.7288406,30.2835108],[-97.728823,30.2834956],[-97.7287982,30.2834956],[-97.7287806,30.2835108],[-97.7287806,30.2835322]]]}},{"type":"Feature","properties":{"kind":"trunk","h":2.5,"base":0},"geometry":{"type":"Polygon","coordinates":[[[-97.728617,30.2834681],[-97.7286046,30.2834681],[-97.7286046,30.2834789],[-97.728617,30.2834789],[-97.728617,30.2834681]]]}},{"type":"Feature","properties":{"kind":"canopy","h":8.84,"base":2.2,"leaf":"broadleaved"},"geometry":{"type":"Polygon","coordinates":[[[-97.7285744,30.2834865],[-97.7285957,30.2835049],[-97.7286259,30.2835049],[-97.7286472,30.2834865],[-97.7286472,30.2834605],[-97.7286259,30.2834421],[-97.7285957,30.2834421],[-97.7285744,30.2834605],[-97.7285744,30.2834865]]]}},{"type":"Feature","properties":{"kind":"trunk","h":2.5,"base":0},"geometry":{"type":"Polygon","coordinates":[[[-97.7284753,30.2834333],[-97.7284629,30.2834333],[-97.7284629,30.2834441],[-97.7284753,30.2834441],[-97.7284753,30.2834333]]]}},{"type":"Feature","properties":{"kind":"canopy","h":9.04,"base":2.2,"leaf":"broadleaved"},"geometry":{"type":"Polygon","coordinates":[[[-97.7284299,30.2834527],[-97.7284529,30.2834726],[-97.7284853,30.2834726],[-97.7285083,30.2834527],[-97.7285083,30.2834247],[-97.7284853,30.2834048],[-97.7284529,30.2834048],[-97.7284299,30.2834247],[-97.7284299,30.2834527]]]}},{"type":"Feature","properties":{"kind":"trunk","h":2.5,"base":0},"geometry":{"type":"Polygon","coordinates":[[[-97.7283364,30.2833641],[-97.728324,30.2833641],[-97.728324,30.2833749],[-97.7283364,30.2833749],[-97.7283364,30.2833641]]]}},{"type":"Feature","properties":{"kind":"canopy","h":7.69,"base":2.2,"leaf":"broadleaved"},"geometry":{"type":"Polygon","coordinates":[[[-97.7283001,30.2833803],[-97.7283177,30.2833955],[-97.7283427,30.2833955],[-97.7283603,30.2833803],[-97.7283603,30.2833587],[-97.7283427,30.2833435],[-97.7283177,30.2833435],[-97.7283001,30.2833587],[-97.7283001,30.2833803]]]}},{"type":"Feature","properties":{"kind":"trunk","h":2.5,"base":0},"geometry":{"type":"Polygon","coordinates":[[[-97.728208,30.2833849],[-97.7281956,30.2833849],[-97.7281956,30.2833957],[-97.728208,30.2833957],[-97.728208,30.2833849]]]}},{"type":"Feature","properties":{"kind":"canopy","h":8.28,"base":2.2,"leaf":"broadleaved"},"geometry":{"type":"Polygon","coordinates":[[[-97.7281591,30.2834056],[-97.7281841,30.2834272],[-97.7282195,30.2834272],[-97.7282445,30.2834056],[-97.7282445,30.283375],[-97.7282195,30.2833534],[-97.7281841,30.2833534],[-97.7281591,30.283375],[-97.7281591,30.2834056]]]}},{"type":"Feature","properties":{"kind":"trunk","h":2.5,"base":0},"geometry":{"type":"Polygon","coordinates":[[[-97.7280862,30.2834219],[-97.7280738,30.2834219],[-97.7280738,30.2834327],[-97.7280862,30.2834327],[-97.7280862,30.2834219]]]}},{"type":"Feature","properties":{"kind":"canopy","h":7.05,"base":2.2,"leaf":"broadleaved"},"geometry":{"type":"Polygon","coordinates":[[[-97.7280454,30.2834397],[-97.7280657,30.2834572],[-97.7280943,30.2834572],[-97.7281146,30.2834397],[-97.7281146,30.2834149],[-97.7280943,30.2833974],[-97.7280657,30.2833974],[-97.7280454,30.2834149],[-97.7280454,30.2834397]]]}},{"type":"Feature","properties":{"kind":"trunk","h":2.5,"base":0},"geometry":{"type":"Polygon","coordinates":[[[-97.7280863,30.2834953],[-97.7280739,30.2834953],[-97.7280739,30.2835061],[-97.7280863,30.2835061],[-97.7280863,30.2834953]]]}},{"type":"Feature","properties":{"kind":"canopy","h":7.64,"base":2.2,"leaf":"broadleaved"},"geometry":{"type":"Polygon","coordinates":[[[-97.7280446,30.2835134],[-97.7280654,30.2835314],[-97.7280948,30.2835314],[-97.7281156,30.2835134],[-97.7281156,30.283488],[-97.7280948,30.28347],[-97.7280654,30.28347],[-97.7280446,30.283488],[-97.7280446,30.2835134]]]}},{"type":"Feature","properties":{"kind":"trunk","h":2.5,"base":0},"geometry":{"type":"Polygon","coordinates":[[[-97.728028,30.2835962],[-97.7280156,30.2835962],[-97.7280156,30.283607],[-97.728028,30.283607],[-97.728028,30.2835962]]]}},{"type":"Feature","properties":{"kind":"canopy","h":9.02,"base":2.2,"leaf":"broadleaved"},"geometry":{"type":"Polygon","coordinates":[[[-97.7279926,30.283612],[-97.7280097,30.2836268],[-97.7280339,30.2836268],[-97.728051,30.283612],[-97.728051,30.2835912],[-97.7280339,30.2835764],[-97.7280097,30.2835764],[-97.7279926,30.2835912],[-97.7279926,30.283612]]]}},{"type":"Feature","properties":{"kind":"trunk","h":2.5,"base":0},"geometry":{"type":"Polygon","coordinates":[[[-97.7279745,30.2838279],[-97.7279621,30.2838279],[-97.7279621,30.2838387],[-97.7279745,30.2838387],[-97.7279745,30.2838279]]]}},{"type":"Feature","properties":{"kind":"canopy","h":7.06,"base":2.2,"leaf":"broadleaved"},"geometry":{"type":"Polygon","coordinates":[[[-97.7279356,30.283845],[-97.7279547,30.2838616],[-97.7279819,30.2838616],[-97.728001,30.283845],[-97.728001,30.2838216],[-97.7279819,30.283805],[-97.7279547,30.283805],[-97.7279356,30.2838216],[-97.7279356,30.283845]]]}},{"type":"Feature","properties":{"kind":"trunk","h":2.5,"base":0},"geometry":{"type":"Polygon","coordinates":[[[-97.7279566,30.2839297],[-97.7279442,30.2839297],[-97.7279442,30.2839405],[-97.7279566,30.2839405],[-97.7279566,30.2839297]]]}},{"type":"Feature","properties":{"kind":"canopy","h":7.9,"base":2.2,"leaf":"broadleaved"},"geometry":{"type":"Polygon","coordinates":[[[-97.7279149,30.2839478],[-97.7279357,30.2839657],[-97.7279651,30.2839657],[-97.7279859,30.2839478],[-97.7279859,30.2839224],[-97.7279651,30.2839045],[-97.7279357,30.2839045],[-97.7279149,30.2839224],[-97.7279149,30.2839478]]]}},{"type":"Feature","properties":{"kind":"trunk","h":2.5,"base":0},"geometry":{"type":"Polygon","coordinates":[[[-97.7279211,30.2840092],[-97.7279087,30.2840092],[-97.7279087,30.28402],[-97.7279211,30.28402],[-97.7279211,30.2840092]]]}},{"type":"Feature","properties":{"kind":"canopy","h":9.52,"base":2.2,"leaf":"broadleaved"},"geometry":{"type":"Polygon","coordinates":[[[-97.7278758,30.2840286],[-97.7278987,30.2840484],[-97.7279311,30.2840484],[-97.727954,30.2840286],[-97.727954,30.2840006],[-97.7279311,30.2839808],[-97.7278987,30.2839808],[-97.7278758,30.2840006],[-97.7278758,30.2840286]]]}},{"type":"Feature","properties":{"kind":"trunk","h":2.5,"base":0},"geometry":{"type":"Polygon","coordinates":[[[-97.7279036,30.2840932],[-97.7278912,30.2840932],[-97.7278912,30.284104],[-97.7279036,30.284104],[-97.7279036,30.2840932]]]}},{"type":"Feature","properties":{"kind":"canopy","h":9.12,"base":2.2,"leaf":"broadleaved"},"geometry":{"type":"Polygon","coordinates":[[[-97.7278552,30.2841137],[-97.7278799,30.2841351],[-97.7279149,30.2841351],[-97.7279396,30.2841137],[-97.7279396,30.2840835],[-97.7279149,30.2840621],[-97.7278799,30.2840621],[-97.7278552,30.2840835],[-97.7278552,30.2841137]]]}},{"type":"Feature","properties":{"kind":"trunk","h":2.5,"base":0},"geometry":{"type":"Polygon","coordinates":[[[-97.7278554,30.2842439],[-97.727843,30.2842439],[-97.727843,30.2842547],[-97.7278554,30.2842547],[-97.7278554,30.2842439]]]}},{"type":"Feature","properties":{"kind":"canopy","h":7.53,"base":2.2,"leaf":"broadleaved"},"geometry":{"type":"Polygon","coordinates":[[[-97.7278158,30.2842613],[-97.7278353,30.2842782],[-97.7278631,30.2842782],[-97.7278826,30.2842613],[-97.7278826,30.2842373],[-97.7278631,30.2842204],[-97.7278353,30.2842204],[-97.7278158,30.2842373],[-97.7278158,30.2842613]]]}},{"type":"Feature","properties":{"kind":"trunk","h":2.5,"base":0},"geometry":{"type":"Polygon","coordinates":[[[-97.7278215,30.2843183],[-97.7278091,30.2843183],[-97.7278091,30.2843291],[-97.7278215,30.2843291],[-97.7278215,30.2843183]]]}},{"type":"Feature","properties":{"kind":"canopy","h":8.67,"base":2.2,"leaf":"broadleaved"},"geometry":{"type":"Polygon","coordinates":[[[-97.7277747,30.2843382],[-97.7277985,30.2843587],[-97.7278321,30.2843587],[-97.7278559,30.2843382],[-97.7278559,30.2843092],[-97.7278321,30.2842887],[-97.7277985,30.2842887],[-97.7277747,30.2843092],[-97.7277747,30.2843382]]]}},{"type":"Feature","properties":{"kind":"trunk","h":2.5,"base":0},"geometry":{"type":"Polygon","coordinates":[[[-97.7279141,30.284399],[-97.7279017,30.284399],[-97.7279017,30.2844098],[-97.7279141,30.2844098],[-97.7279141,30.284399]]]}},{"type":"Feature","properties":{"kind":"canopy","h":8.75,"base":2.2,"leaf":"broadleaved"},"geometry":{"type":"Polygon","coordinates":[[[-97.7278722,30.2844172],[-97.7278931,30.2844352],[-97.7279227,30.2844352],[-97.7279436,30.2844172],[-97.7279436,30.2843916],[-97.7279227,30.2843736],[-97.7278931,30.2843736],[-97.7278722,30.2843916],[-97.7278722,30.2844172]]]}},{"type":"Feature","properties":{"kind":"trunk","h":2.5,"base":0},"geometry":{"type":"Polygon","coordinates":[[[-97.7280489,30.2844021],[-97.7280365,30.2844021],[-97.7280365,30.2844129],[-97.7280489,30.2844129],[-97.7280489,30.2844021]]]}},{"type":"Feature","properties":{"kind":"canopy","h":9.1,"base":2.2,"leaf":"broadleaved"},"geometry":{"type":"Polygon","coordinates":[[[-97.7280012,30.2844224],[-97.7280255,30.2844434],[-97.7280599,30.2844434],[-97.7280842,30.2844224],[-97.7280842,30.2843926],[-97.7280599,30.2843716],[-97.7280255,30.2843716],[-97.7280012,30.2843926],[-97.7280012,30.2844224]]]}},{"type":"Feature","properties":{"kind":"trunk","h":2.5,"base":0},"geometry":{"type":"Polygon","coordinates":[[[-97.7282135,30.2844771],[-97.7282011,30.2844771],[-97.7282011,30.2844879],[-97.7282135,30.2844879],[-97.7282135,30.2844771]]]}},{"type":"Feature","properties":{"kind":"canopy","h":7.14,"base":2.2,"leaf":"broadleaved"},"geometry":{"type":"Polygon","coordinates":[[[-97.7281775,30.2844932],[-97.728195,30.2845082],[-97.7282196,30.2845082],[-97.7282371,30.2844932],[-97.7282371,30.2844718],[-97.7282196,30.2844568],[-97.728195,30.2844568],[-97.7281775,30.2844718],[-97.7281775,30.2844932]]]}},{"type":"Feature","properties":{"kind":"trunk","h":2.5,"base":0},"geometry":{"type":"Polygon","coordinates":[[[-97.7283562,30.2844737],[-97.7283438,30.2844737],[-97.7283438,30.2844845],[-97.7283562,30.2844845],[-97.7283562,30.2844737]]]}},{"type":"Feature","properties":{"kind":"canopy","h":8.49,"base":2.2,"leaf":"broadleaved"},"geometry":{"type":"Polygon","coordinates":[[[-97.7283076,30.2844943],[-97.7283324,30.2845157],[-97.7283676,30.2845157],[-97.7283924,30.2844943],[-97.7283924,30.2844639],[-97.7283676,30.2844425],[-97.7283324,30.2844425],[-97.7283076,30.2844639],[-97.7283076,30.2844943]]]}},{"type":"Feature","properties":{"kind":"trunk","h":2.5,"base":0},"geometry":{"type":"Polygon","coordinates":[[[-97.728473,30.2844834],[-97.7284606,30.2844834],[-97.7284606,30.2844942],[-97.728473,30.2844942],[-97.728473,30.2844834]]]}},{"type":"Feature","properties":{"kind":"canopy","h":7.8,"base":2.2,"leaf":"broadleaved"},"geometry":{"type":"Polygon","coordinates":[[[-97.7284335,30.2845007],[-97.728453,30.2845175],[-97.7284806,30.2845175],[-97.7285001,30.2845007],[-97.7285001,30.2844769],[-97.7284806,30.2844601],[-97.728453,30.2844601],[-97.7284335,30.2844769],[-97.7284335,30.2845007]]]}},{"type":"Feature","properties":{"kind":"trunk","h":2.5,"base":0},"geometry":{"type":"Polygon","coordinates":[[[-97.7284709,30.2846159],[-97.7284585,30.2846159],[-97.7284585,30.2846267],[-97.7284709,30.2846267],[-97.7284709,30.2846159]]]}},{"type":"Feature","properties":{"kind":"canopy","h":8.38,"base":2.2,"leaf":"broadleaved"},"geometry":{"type":"Polygon","coordinates":[[[-97.7284349,30.284632],[-97.7284523,30.2846471],[-97.7284771,30.2846471],[-97.7284945,30.284632],[-97.7284945,30.2846106],[-97.7284771,30.2845955],[-97.7284523,30.2845955],[-97.7284349,30.2846106],[-97.7284349,30.284632]]]}},{"type":"Feature","properties":{"kind":"trunk","h":2.5,"base":0},"geometry":{"type":"Polygon","coordinates":[[[-97.7284153,30.284877],[-97.7284029,30.284877],[-97.7284029,30.2848878],[-97.7284153,30.2848878],[-97.7284153,30.284877]]]}},{"type":"Feature","properties":{"kind":"canopy","h":7.36,"base":2.2,"leaf":"broadleaved"},"geometry":{"type":"Polygon","coordinates":[[[-97.7283677,30.2848972],[-97.7283919,30.2849182],[-97.7284263,30.2849182],[-97.7284505,30.2848972],[-97.7284505,30.2848676],[-97.7284263,30.2848466],[-97.7283919,30.2848466],[-97.7283677,30.2848676],[-97.7283677,30.2848972]]]}},{"type":"Feature","properties":{"kind":"trunk","h":2.5,"base":0},"geometry":{"type":"Polygon","coordinates":[[[-97.7283831,30.2848949],[-97.7283707,30.2848949],[-97.7283707,30.2849057],[-97.7283831,30.2849057],[-97.7283831,30.2848949]]]}},{"type":"Feature","properties":{"kind":"canopy","h":8.69,"base":2.2,"leaf":"broadleaved"},"geometry":{"type":"Polygon","coordinates":[[[-97.7283363,30.2849148],[-97.7283601,30.2849354],[-97.7283937,30.2849354],[-97.7284175,30.2849148],[-97.7284175,30.2848858],[-97.7283937,30.2848652],[-97.7283601,30.2848652],[-97.7283363,30.2848858],[-97.7283363,30.2849148]]]}}]}