{"type":"FeatureCollection","features":[{"type":"Feature","geometry":{"type":"Polygon","coordinates":[[[-97.7408989,30.2836342],[-97.7417326,30.2836985],[-97.7417918,30.2831318],[-97.7415779,30.2831154],[-97.7413435,30.2830967],[-97.7409595,30.2830671],[-97.740926,30.2833914],[-97.7410415,30.2834002],[-97.7410875,30.2834523],[-97.7410646,30.2834673],[-97.7410257,30.2834232],[-97.7409947,30.2834196],[-97.7410134,30.2834759],[-97.7409161,30.2834684],[-97.7408989,30.2836342]]]},"properties":{"kind":"wall","band":"base","fam":"sp","wd":"#cfc9be","wg":"#d7c7b4","wn":"#1e1f26","base":0.0,"h":6.0,"name":"Dobie Twenty21","cap":0,"stack":"main"}},{"type":"Feature","geometry":{"type":"Polygon","coordinates":[[[-97.7408989,30.2836342],[-97.7417326,30.2836985],[-97.7417918,30.2831318],[-97.7415779,30.2831154],[-97.7413435,30.2830967],[-97.7409595,30.2830671],[-97.740926,30.2833914],[-97.7410415,30.2834002],[-97.7410875,30.2834523],[-97.7410646,30.2834673],[-97.7410257,30.2834232],[-97.7409947,30.2834196],[-97.7410134,30.2834759],[-97.7409161,30.2834684],[-97.7408989,30.2836342]]]},"properties":{"kind":"wall","band":"podium","fam":"dk","wd":"#c8c2b7","wg":"#d1c1af","wn":"#1e1f25","base":6.0,"h":16.8,"name":"Dobie Twenty21","cap":0,"stack":"main"}},{"type":"Feature","geometry":{"type":"Polygon","coordinates":[[[-97.7413085,30.2832158],[-97.7412205,30.2832089],[-97.7410663,30.2833202],[-97.7410584,30.2833962],[-97.7411873,30.2835293],[-97.7412752,30.2835361],[-97.7414294,30.2834249],[-97.7414373,30.2833489],[-97.7413085,30.2832158]]]},"properties":{"kind":"wall","band":"tower","fam":"tg","wd":"#5f7a80","wg":"#798580","wn":"#12171f","base":16.8,"h":72.5,"name":"Dobie Twenty21","cap":0,"stack":"main"}},{"type":"Feature","geometry":{"type":"Polygon","coordinates":[[[-97.7413085,30.2832158],[-97.7412205,30.2832089],[-97.7410663,30.2833202],[-97.7410584,30.2833962],[-97.7411873,30.2835293],[-97.7412752,30.2835361],[-97.7414294,30.2834249],[-97.7414373,30.2833489],[-97.7413085,30.2832158]]]},"properties":{"kind":"wall","band":"crown","fam":"sf","wd":"#4f6268","wg":"#6b716c","wn":"#10141c","base":72.5,"h":77.5,"name":"Dobie Twenty21","cap":1,"stack":"main","rd":"#748287","rg":"#8a8c86","rn":"#141820"}},{"type":"Feature","geometry":{"type":"Polygon","coordinates":[[[-97.740917,30.2836212],[-97.7417175,30.2836829],[-97.7417737,30.2831448],[-97.7415764,30.2831297],[-97.741342,30.283111],[-97.7409746,30.2830827],[-97.7409441,30.2833783],[-97.7410503,30.2833864],[-97.7411109,30.283455],[-97.7410614,30.2834874],[-97.7410166,30.2834367],[-97.7410177,30.2834368],[-97.7410361,30.2834921],[-97.7409312,30.283484],[-97.740917,30.2836212]]]},"properties":{"kind":"solid","s":"deck","base":16.8,"h":17.1,"name":"Dobie Twenty21"}},{"type":"Feature","geometry":{"type":"Polygon","coordinates":[[[-97.7409522,30.2832043],[-97.7410662,30.2832131],[-97.7410755,30.2831236],[-97.7409615,30.2831148],[-97.7409522,30.2832043]]]},"properties":{"kind":"solid","s":"pool","base":17.1,"h":17.2,"name":"Dobie Twenty21"}},{"type":"Feature","geometry":{"type":"Polygon","coordinates":[[[-97.7413595,30.2835064],[-97.7414942,30.2835168],[-97.7415146,30.28332],[-97.7413799,30.2833095],[-97.7413595,30.2835064]]]},"properties":{"kind":"solid","s":"turf","base":17.1,"h":17.2,"name":"Dobie Twenty21"}},{"type":"Feature","geometry":{"type":"Polygon","coordinates":[[[-97.741339,30.283604],[-97.7414529,30.2836128],[-97.7414604,30.2835412],[-97.7413464,30.2835324],[-97.741339,30.283604]]]},"properties":{"kind":"solid","s":"court","base":17.1,"h":17.2,"name":"Dobie Twenty21"}},{"type":"Feature","geometry":{"type":"Polygon","coordinates":[[[-97.7412458,30.2833191],[-97.7412609,30.2833203],[-97.741186,30.2833743],[-97.7411874,30.2833613],[-97.7412499,30.2834259],[-97.7412349,30.2834248],[-97.7413097,30.2833708],[-97.7413084,30.2833838],[-97.7412458,30.2833191]]]},"properties":{"kind":"solid","s":"mech","base":78.66,"h":82.0,"name":"Dobie Twenty21"}},{"type":"Feature","geometry":{"type":"Polygon","coordinates":[[[-97.7445531,30.2840871],[-97.744512,30.2844491],[-97.7448911,30.2844812],[-97.7449322,30.2841192],[-97.7445531,30.2840871]]]},"properties":{"kind":"wall","band":"base","fam":"sg","wd":"#454b51","wg":"#635d59","wn":"#0f121a","base":0.0,"h":6.2,"name":"21 Rio","cap":0,"stack":"main"}},{"type":"Feature","geometry":{"type":"Polygon","coordinates":[[[-97.7445531,30.2840871],[-97.744512,30.2844491],[-97.7448911,30.2844812],[-97.7449322,30.2841192],[-97.7445531,30.2840871]]]},"properties":{"kind":"wall","band":"tower","fam":"tr","wd":"#b8b1a5","wg":"#c3b39f","wn":"#1c1d23","base":6.2,"h":65.5,"name":"21 Rio","cap":0,"stack":"main"}},{"type":"Feature","geometry":{"type":"Polygon","coordinates":[[[-97.7445531,30.2840871],[-97.744512,30.2844491],[-97.7448911,30.2844812],[-97.7449322,30.2841192],[-97.7445531,30.2840871]]]},"properties":{"kind":"wall","band":"crown","fam":"sf","wd":"#aca79f","wg":"#b9ab9a","wn":"#1b1c22","base":65.5,"h":69.5,"name":"21 Rio","cap":1,"stack":"main","rd":"#b1b0ac","rg":"#bdb2a5","rn":"#1b1d24"}},{"type":"Feature","geometry":{"type":"Polygon","coordinates":[[[-97.744929,30.2841334],[-97.7448912,30.2844668],[-97.7449072,30.2844681],[-97.7449451,30.2841347],[-97.744929,30.2841334]]]},"properties":{"kind":"solid","s":"balc","base":8.14,"h":8.48,"name":"21 Rio"}},{"type":"Feature","geometry":{"type":"Polygon","coordinates":[[[-97.744537,30.2841002],[-97.7444991,30.2844336],[-97.7445152,30.2844349],[-97.744553,30.2841015],[-97.744537,30.2841002]]]},"properties":{"kind":"solid","s":"balc","base":8.14,"h":8.48,"name":"21 Rio"}},{"type":"Feature","geometry":{"type":"Polygon","coordinates":[[[-97.744929,30.2841334],[-97.7448912,30.2844668],[-97.7449072,30.2844681],[-97.7449451,30.2841347],[-97.744929,30.2841334]]]},"properties":{"kind":"solid","s":"balc","base":11.26,"h":11.6,"name":"21 Rio"}},{"type":"Feature","geometry":{"type":"Polygon","coordinates":[[[-97.744537,30.2841002],[-97.7444991,30.2844336],[-97.7445152,30.2844349],[-97.744553,30.2841015],[-97.744537,30.2841002]]]},"properties":{"kind":"solid","s":"balc","base":11.26,"h":11.6,"name":"21 Rio"}},{"type":"Feature","geometry":{"type":"Polygon","coordinates":[[[-97.744929,30.2841334],[-97.7448912,30.2844668],[-97.7449072,30.2844681],[-97.7449451,30.2841347],[-97.744929,30.2841334]]]},"properties":{"kind":"solid","s":"balc","base":14.38,"h":14.72,"name":"21 Rio"}},{"type":"Feature","geometry":{"type":"Polygon","coordinates":[[[-97.744537,30.2841002],[-97.7444991,30.2844336],[-97.7445152,30.2844349],[-97.744553,30.2841015],[-97.744537,30.2841002]]]},"properties":{"kind":"solid","s":"balc","base":14.38,"h":14.72,"name":"21 Rio"}},{"type":"Feature","geometry":{"type":"Polygon","coordinates":[[[-97.744929,30.2841334],[-97.7448912,30.2844668],[-97.7449072,30.2844681],[-97.7449451,30.2841347],[-97.744929,30.2841334]]]},"properties":{"kind":"solid","s":"balc","base":17.5,"h":17.84,"name":"21 Rio"}},{"type":"Feature","geometry":{"type":"Polygon","coordinates":[[[-97.744537,30.2841002],[-97.7444991,30.2844336],[-97.7445152,30.2844349],[-97.744553,30.2841015],[-97.744537,30.2841002]]]},"properties":{"kind":"solid","s":"balc","base":17.5,"h":17.84,"name":"21 Rio"}},{"type":"Feature","geometry":{"type":"Polygon","coordinates":[[[-97.744929,30.2841334],[-97.7448912,30.2844668],[-97.7449072,30.2844681],[-97.7449451,30.2841347],[-97.744929,30.2841334]]]},"properties":{"kind":"solid","s":"balc","base":20.62,"h":20.96,"name":"21 Rio"}},{"type":"Feature","geometry":{"type":"Polygon","coordinates":[[[-97.744537,30.2841002],[-97.7444991,30.2844336],[-97.7445152,30.2844349],[-97.744553,30.2841015],[-97.744537,30.2841002]]]},"properties":{"kind":"solid","s":"balc","base":20.62,"h":20.96,"name":"21 Rio"}},{"type":"Feature","geometry":{"type":"Polygon","coordinates":[[[-97.744929,30.2841334],[-97.7448912,30.2844668],[-97.7449072,30.2844681],[-97.7449451,30.2841347],[-97.744929,30.2841334]]]},"properties":{"kind":"solid","s":"balc","base":23.74,"h":24.08,"name":"21 Rio"}},{"type":"Feature","geometry":{"type":"Polygon","coordinates":[[[-97.744537,30.2841002],[-97.7444991,30.2844336],[-97.7445152,30.2844349],[-97.744553,30.2841015],[-97.744537,30.2841002]]]},"properties":{"kind":"solid","s":"balc","base":23.74,"h":24.08,"name":"21 Rio"}},{"type":"Feature","geometry":{"type":"Polygon","coordinates":[[[-97.744929,30.2841334],[-97.7448912,30.2844668],[-97.7449072,30.2844681],[-97.7449451,30.2841347],[-97.744929,30.2841334]]]},"properties":{"kind":"solid","s":"balc","base":26.86,"h":27.2,"name":"21 Rio"}},{"type":"Feature","geometry":{"type":"Polygon","coordinates":[[[-97.744537,30.2841002],[-97.7444991,30.2844336],[-97.7445152,30.2844349],[-97.744553,30.2841015],[-97.744537,30.2841002]]]},"properties":{"kind":"solid","s":"balc","base":26.86,"h":27.2,"name":"21 Rio"}},{"type":"Feature","geometry":{"type":"Polygon","coordinates":[[[-97.744929,30.2841334],[-97.7448912,30.2844668],[-97.7449072,30.2844681],[-97.7449451,30.2841347],[-97.744929,30.2841334]]]},"properties":{"kind":"solid","s":"balc","base":29.98,"h":30.32,"name":"21 Rio"}},{"type":"Feature","geometry":{"type":"Polygon","coordinates":[[[-97.744537,30.2841002],[-97.7444991,30.2844336],[-97.7445152,30.2844349],[-97.744553,30.2841015],[-97.744537,30.2841002]]]},"properties":{"kind":"solid","s":"balc","base":29.98,"h":30.32,"name":"21 Rio"}},{"type":"Feature","geometry":{"type":"Polygon","coordinates":[[[-97.744929,30.2841334],[-97.7448912,30.2844668],[-97.7449072,30.2844681],[-97.7449451,30.2841347],[-97.744929,30.2841334]]]},"properties":{"kind":"solid","s":"balc","base":33.1,"h":33.44,"name":"21 Rio"}},{"type":"Feature","geometry":{"type":"Polygon","coordinates":[[[-97.744537,30.2841002],[-97.7444991,30.2844336],[-97.7445152,30.2844349],[-97.744553,30.2841015],[-97.744537,30.2841002]]]},"properties":{"kind":"solid","s":"balc","base":33.1,"h":33.44,"name":"21 Rio"}},{"type":"Feature","geometry":{"type":"Polygon","coordinates":[[[-97.744929,30.2841334],[-97.7448912,30.2844668],[-97.7449072,30.2844681],[-97.7449451,30.2841347],[-97.744929,30.2841334]]]},"properties":{"kind":"solid","s":"balc","base":36.22,"h":36.56,"name":"21 Rio"}},{"type":"Feature","geometry":{"type":"Polygon","coordinates":[[[-97.744537,30.2841002],[-97.7444991,30.2844336],[-97.7445152,30.2844349],[-97.744553,30.2841015],[-97.744537,30.2841002]]]},"properties":{"kind":"solid","s":"balc","base":36.22,"h":36.56,"name":"21 Rio"}},{"type":"Feature","geometry":{"type":"Polygon","coordinates":[[[-97.744929,30.2841334],[-97.7448912,30.2844668],[-97.7449072,30.2844681],[-97.7449451,30.2841347],[-97.744929,30.2841334]]]},"properties":{"kind":"solid","s":"balc","base":39.35,"h":39.69,"name":"21 Rio"}},{"type":"Feature","geometry":{"type":"Polygon","coordinates":[[[-97.744537,30.2841002],[-97.7444991,30.2844336],[-97.7445152,30.2844349],[-97.744553,30.2841015],[-97.744537,30.2841002]]]},"properties":{"kind":"solid","s":"balc","base":39.35,"h":39.69,"name":"21 Rio"}},{"type":"Feature","geometry":{"type":"Polygon","coordinates":[[[-97.744929,30.2841334],[-97.7448912,30.2844668],[-97.7449072,30.2844681],[-97.7449451,30.2841347],[-97.744929,30.2841334]]]},"properties":{"kind":"solid","s":"balc","base":42.47,"h":42.81,"name":"21 Rio"}},{"type":"Feature","geometry":{"type":"Polygon","coordinates":[[[-97.744537,30.2841002],[-97.7444991,30.2844336],[-97.7445152,30.2844349],[-97.744553,30.2841015],[-97.744537,30.2841002]]]},"properties":{"kind":"solid","s":"balc","base":42.47,"h":42.81,"name":"21 Rio"}},{"type":"Feature","geometry":{"type":"Polygon","coordinates":[[[-97.744929,30.2841334],[-97.7448912,30.2844668],[-97.7449072,30.2844681],[-97.7449451,30.2841347],[-97.744929,30.2841334]]]},"properties":{"kind":"solid","s":"balc","base":45.59,"h":45.93,"name":"21 Rio"}},{"type":"Feature","geometry":{"type":"Polygon","coordinates":[[[-97.744537,30.2841002],[-97.7444991,30.2844336],[-97.7445152,30.2844349],[-97.744553,30.2841015],[-97.744537,30.2841002]]]},"properties":{"kind":"solid","s":"balc","base":45.59,"h":45.93,"name":"21 Rio"}},{"type":"Feature","geometry":{"type":"Polygon","coordinates":[[[-97.744929,30.2841334],[-97.7448912,30.2844668],[-97.7449072,30.2844681],[-97.7449451,30.2841347],[-97.744929,30.2841334]]]},"properties":{"kind":"solid","s":"balc","base":48.71,"h":49.05,"name":"21 Rio"}},{"type":"Feature","geometry":{"type":"Polygon","coordinates":[[[-97.744537,30.2841002],[-97.7444991,30.2844336],[-97.7445152,30.2844349],[-97.744553,30.2841015],[-97.744537,30.2841002]]]},"properties":{"kind":"solid","s":"balc","base":48.71,"h":49.05,"name":"21 Rio"}},{"type":"Feature","geometry":{"type":"Polygon","coordinates":[[[-97.744929,30.2841334],[-97.7448912,30.2844668],[-97.7449072,30.2844681],[-97.7449451,30.2841347],[-97.744929,30.2841334]]]},"properties":{"kind":"solid","s":"balc","base":51.83,"h":52.17,"name":"21 Rio"}},{"type":"Feature","geometry":{"type":"Polygon","coordinates":[[[-97.744537,30.2841002],[-97.7444991,30.2844336],[-97.7445152,30.2844349],[-97.744553,30.2841015],[-97.744537,30.2841002]]]},"properties":{"kind":"solid","s":"balc","base":51.83,"h":52.17,"name":"21 Rio"}},{"type":"Feature","geometry":{"type":"Polygon","coordinates":[[[-97.744929,30.2841334],[-97.7448912,30.2844668],[-97.7449072,30.2844681],[-97.7449451,30.2841347],[-97.744929,30.2841334]]]},"properties":{"kind":"solid","s":"balc","base":54.95,"h":55.29,"name":"21 Rio"}},{"type":"Feature","geometry":{"type":"Polygon","coordinates":[[[-97.744537,30.2841002],[-97.7444991,30.2844336],[-97.7445152,30.2844349],[-97.744553,30.2841015],[-97.744537,30.2841002]]]},"properties":{"kind":"solid","s":"balc","base":54.95,"h":55.29,"name":"21 Rio"}},{"type":"Feature","geometry":{"type":"Polygon","coordinates":[[[-97.744929,30.2841334],[-97.7448912,30.2844668],[-97.7449072,30.2844681],[-97.7449451,30.2841347],[-97.744929,30.2841334]]]},"properties":{"kind":"solid","s":"balc","base":58.07,"h":58.41,"name":"21 Rio"}},{"type":"Feature","geometry":{"type":"Polygon","coordinates":[[[-97.744537,30.2841002],[-97.7444991,30.2844336],[-97.7445152,30.2844349],[-97.744553,30.2841015],[-97.744537,30.2841002]]]},"properties":{"kind":"solid","s":"balc","base":58.07,"h":58.41,"name":"21 Rio"}},{"type":"Feature","geometry":{"type":"Polygon","coordinates":[[[-97.744929,30.2841334],[-97.7448912,30.2844668],[-97.7449072,30.2844681],[-97.7449451,30.2841347],[-97.744929,30.2841334]]]},"properties":{"kind":"solid","s":"balc","base":61.19,"h":61.53,"name":"21 Rio"}},{"type":"Feature","geometry":{"type":"Polygon","coordinates":[[[-97.744537,30.2841002],[-97.7444991,30.2844336],[-97.7445152,30.2844349],[-97.744553,30.2841015],[-97.744537,30.2841002]]]},"properties":{"kind":"solid","s":"balc","base":61.19,"h":61.53,"name":"21 Rio"}},{"type":"Feature","geometry":{"type":"Polygon","coordinates":[[[-97.744929,30.2841334],[-97.7448912,30.2844668],[-97.7449072,30.2844681],[-97.7449451,30.2841347],[-97.744929,30.2841334]]]},"properties":{"kind":"solid","s":"balc","base":64.31,"h":64.65,"name":"21 Rio"}},{"type":"Feature","geometry":{"type":"Polygon","coordinates":[[[-97.744537,30.2841002],[-97.7444991,30.2844336],[-97.7445152,30.2844349],[-97.744553,30.2841015],[-97.744537,30.2841002]]]},"properties":{"kind":"solid","s":"balc","base":64.31,"h":64.65,"name":"21 Rio"}},{"type":"Feature","geometry":{"type":"Polygon","coordinates":[[[-97.744568,30.2841028],[-97.7445302,30.2844362],[-97.7448762,30.2844655],[-97.744914,30.2841321],[-97.744568,30.2841028]]]},"properties":{"kind":"solid","s":"deck","base":70.54,"h":70.84,"name":"21 Rio"}},{"type":"Feature","geometry":{"type":"Polygon","coordinates":[[[-97.7445745,30.2842491],[-97.7445694,30.2842938],[-97.7446833,30.2843034],[-97.7446884,30.2842587],[-97.7445745,30.2842491]]]},"properties":{"kind":"solid","s":"pool","base":70.84,"h":70.94,"name":"21 Rio"}},{"type":"Feature","geometry":{"type":"Polygon","coordinates":[[[-97.744642,30.2841806],[-97.7446202,30.2843723],[-97.7448022,30.2843877],[-97.744824,30.284196],[-97.744642,30.2841806]]]},"properties":{"kind":"solid","s":"mech","base":70.54,"h":73.5,"name":"21 Rio"}},{"type":"Feature","geometry":{"type":"Polygon","coordinates":[[[-97.744624,30.283454],[-97.7445869,30.2838995],[-97.7449443,30.2839216],[-97.7449813,30.2834762],[-97.744624,30.283454]]]},"properties":{"kind":"wall","band":"base","fam":"sg","wd":"#454b51","wg":"#635d59","wn":"#0f121a","base":0.0,"h":5.2,"name":"Signature 1909","cap":0,"stack":"main"}},{"type":"Feature","geometry":{"type":"Polygon","coordinates":[[[-97.744624,30.283454],[-97.7446025,30.2837124],[-97.7449598,30.2837346],[-97.7449813,30.2834762],[-97.744624,30.283454]]]},"properties":{"kind":"wall","band":"tower","fam":"sb","wd":"#a8a6a6","wg":"#b6aaa0","wn":"#1a1c23","base":5.2,"h":57.2,"name":"Signature 1909","cap":0,"stack":"main"}},{"type":"Feature","geometry":{"type":"Polygon","coordinates":[[[-97.7446025,30.2837124],[-97.7445869,30.2838995],[-97.7449443,30.2839216],[-97.7449598,30.2837346],[-97.7446025,30.2837124]]]},"properties":{"kind":"wall","band":"tower","fam":"sb","wd":"#a8a6a6","wg":"#b6aaa0","wn":"#1a1c23","base":5.2,"h":26.9,"name":"Signature 1909","cap":0,"stack":"step"}},{"type":"Feature","geometry":{"type":"Polygon","coordinates":[[[-97.7446025,30.2837124],[-97.7445869,30.2838995],[-97.7449443,30.2839216],[-97.7449598,30.2837346],[-97.7446025,30.2837124]]]},"properties":{"kind":"wall","band":"crown","fam":"sf","wd":"#aca79f","wg":"#b9ab9a","wn":"#1b1c22","base":26.9,"h":30.5,"name":"Signature 1909","cap":1,"stack":"step","rd":"#b1b0ac","rg":"#bdb2a5","rn":"#1b1d24"}},{"type":"Feature","geometry":{"type":"Polygon","coordinates":[[[-97.744624,30.283454],[-97.7446025,30.2837124],[-97.7449598,30.2837346],[-97.7449813,30.2834762],[-97.744624,30.283454]]]},"properties":{"kind":"wall","band":"crown","fam":"sf","wd":"#aca79f","wg":"#b9ab9a","wn":"#1b1c22","base":57.2,"h":60.8,"name":"Signature 1909","cap":1,"stack":"main","rd":"#b1b0ac","rg":"#bdb2a5","rn":"#1b1d24"}},{"type":"Feature","geometry":{"type":"Polygon","coordinates":[[[-97.7446179,30.2837278],[-97.7446047,30.2838862],[-97.7449289,30.2839062],[-97.744942,30.2837479],[-97.7446179,30.2837278]]]},"properties":{"kind":"solid","s":"deck","base":31.5,"h":31.8,"name":"Signature 1909"}},{"type":"Feature","geometry":{"type":"Polygon","coordinates":[[[-97.7448067,30.2836667],[-97.744803,30.2837115],[-97.7449275,30.2837192],[-97.7449313,30.2836744],[-97.7448067,30.2836667]]]},"properties":{"kind":"solid","s":"pool","base":31.8,"h":31.9,"name":"Signature 1909"}},{"type":"Feature","geometry":{"type":"Polygon","coordinates":[[[-97.7446889,30.2836414],[-97.7446822,30.283722],[-97.7447548,30.2837265],[-97.7447615,30.2836459],[-97.7446889,30.2836414]]]},"properties":{"kind":"solid","s":"shade","base":35.0,"h":35.28,"name":"Signature 1909"}},{"type":"Feature","geometry":{"type":"Polygon","coordinates":[[[-97.7447054,30.2836627],[-97.744702,30.283703],[-97.7447383,30.2837052],[-97.7447417,30.2836649],[-97.7447054,30.2836627]]]},"properties":{"kind":"solid","s":"furn","base":31.8,"h":32.55,"name":"Signature 1909"}},{"type":"Feature","geometry":{"type":"Polygon","coordinates":[[[-97.7447102,30.28354],[-97.7447021,30.2836379],[-97.7448736,30.2836486],[-97.7448817,30.2835507],[-97.7447102,30.28354]]]},"properties":{"kind":"solid","s":"mech","base":61.8,"h":64.3,"name":"Signature 1909"}},{"type":"Feature","geometry":{"type":"Polygon","coordinates":[[[-97.743851,30.284893],[-97.7438877,30.2844203],[-97.743607,30.2844],[-97.7435079,30.284394],[-97.7435019,30.2844852],[-97.7434821,30.2844835],[-97.743469,30.284555],[-97.7435905,30.2845647],[-97.7435906,30.2845587],[-97.7436104,30.2845602],[-97.7436317,30.2845814],[-97.7436307,30.2845964],[-97.743624,30.2845967],[-97.7436159,30.2846911],[-97.7436248,30.2846917],[-97.7436242,30.284704],[-97.7435965,30.2847265],[-97.7435866,30.2847268],[-97.7435878,30.2847166],[-97.7434125,30.2847089],[-97.7434129,30.2846964],[-97.7433378,30.284693],[-97.7433388,30.2847034],[-97.7432257,30.2846942],[-97.7432268,30.2847029],[-97.7432133,30.2847011],[-97.7431962,30.28468],[-97.7431959,30.2846694],[-97.743226,30.28467],[-97.7432338,30.2845494],[-97.7431551,30.2845443],[-97.743155,30.284537],[-97.7430513,30.2845287],[-97.743037,30.2846544],[-97.743049,30.284656],[-97.743014,30.285001],[-97.7434232,30.2850314],[-97.743834,30.285062],[-97.743851,30.284893]]]},"properties":{"kind":"wall","band":"base","fam":"sp","wd":"#8f6552","wg":"#a1735a","wn":"#17141a","base":0.0,"h":5.4,"name":"The Callaway House Austin","cap":0,"stack":"main"}},{"type":"Feature","geometry":{"type":"Polygon","coordinates":[[[-97.743851,30.284893],[-97.7438877,30.2844203],[-97.743607,30.2844],[-97.7435079,30.284394],[-97.7435019,30.2844852],[-97.7434821,30.2844835],[-97.743469,30.284555],[-97.7435905,30.2845647],[-97.7435906,30.2845587],[-97.7436104,30.2845602],[-97.7436317,30.2845814],[-97.7436307,30.2845964],[-97.743624,30.2845967],[-97.7436159,30.2846911],[-97.7436248,30.2846917],[-97.7436242,30.284704],[-97.7435965,30.2847265],[-97.7435866,30.2847268],[-97.7435878,30.2847166],[-97.7434125,30.2847089],[-97.7434129,30.2846964],[-97.7433378,30.284693],[-97.7433388,30.2847034],[-97.7432257,30.2846942],[-97.7432268,30.2847029],[-97.7432133,30.2847011],[-97.7431962,30.28468],[-97.7431959,30.2846694],[-97.743226,30.28467],[-97.7432338,30.2845494],[-97.7431551,30.2845443],[-97.743155,30.284537],[-97.7430513,30.2845287],[-97.743037,30.2846544],[-97.743049,30.284656],[-97.743014,30.285001],[-97.7434232,30.2850314],[-97.743834,30.285062],[-97.743851,30.284893]]]},"properties":{"kind":"wall","band":"tower","fam":"sn","wd":"#a2614b","wg":"#b17054","wn":"#191419","base":5.4,"h":55.2,"name":"The Callaway House Austin","cap":0,"stack":"main"}},{"type":"Feature","geometry":{"type":"Polygon","coordinates":[[[-97.743851,30.284893],[-97.7438877,30.2844203],[-97.743607,30.2844],[-97.7435079,30.284394],[-97.7435019,30.2844852],[-97.7434821,30.2844835],[-97.743469,30.284555],[-97.7435905,30.2845647],[-97.7435906,30.2845587],[-97.7436104,30.2845602],[-97.7436317,30.2845814],[-97.7436307,30.2845964],[-97.743624,30.2845967],[-97.7436159,30.2846911],[-97.7436248,30.2846917],[-97.7436242,30.284704],[-97.7435965,30.2847265],[-97.7435866,30.2847268],[-97.7435878,30.2847166],[-97.7434125,30.2847089],[-97.7434129,30.2846964],[-97.7433378,30.284693],[-97.7433388,30.2847034],[-97.7432257,30.2846942],[-97.7432268,30.2847029],[-97.7432133,30.2847011],[-97.7431962,30.28468],[-97.7431959,30.2846694],[-97.743226,30.28467],[-97.7432338,30.2845494],[-97.7431551,30.2845443],[-97.743155,30.284537],[-97.7430513,30.2845287],[-97.743037,30.2846544],[-97.743049,30.284656],[-97.743014,30.285001],[-97.7434232,30.2850314],[-97.743834,30.285062],[-97.743851,30.284893]]]},"properties":{"kind":"wall","band":"crown","fam":"sf","wd":"#aca79f","wg":"#b9ab9a","wn":"#1b1c22","base":55.2,"h":59.0,"name":"The Callaway House Austin","cap":1,"stack":"main","rd":"#b1b0ac","rg":"#bdb2a5","rn":"#1b1d24"}},{"type":"Feature","geometry":{"type":"Polygon","coordinates":[[[-97.7438344,30.2848919],[-97.74387,30.2844334],[-97.7436057,30.2844143],[-97.7435236,30.2844094],[-97.7435175,30.284501],[-97.7434961,30.2844991],[-97.7434882,30.2845421],[-97.7435741,30.284549],[-97.7435742,30.284543],[-97.7436186,30.2845464],[-97.7436487,30.2845764],[-97.7436465,30.2846101],[-97.7436395,30.2846104],[-97.7436337,30.2846779],[-97.7436421,30.2846784],[-97.7436405,30.2847105],[-97.7436033,30.2847407],[-97.7435681,30.2847417],[-97.7435695,30.2847302],[-97.7433954,30.2847225],[-97.7433958,30.28471],[-97.743356,30.2847082],[-97.743357,30.2847193],[-97.7432445,30.2847102],[-97.7432457,30.28472],[-97.7432037,30.2847144],[-97.7431797,30.2846847],[-97.7431788,30.2846547],[-97.7432103,30.2846553],[-97.7432163,30.2845627],[-97.7431386,30.2845576],[-97.7431385,30.2845501],[-97.7430662,30.2845443],[-97.7430551,30.2846423],[-97.7430669,30.2846438],[-97.743032,30.2849879],[-97.7434246,30.2850171],[-97.7438189,30.2850464],[-97.7438344,30.2848919]]]},"properties":{"kind":"solid","s":"deck","base":60.0,"h":60.3,"name":"The Callaway House Austin"}},{"type":"Feature","geometry":{"type":"Polygon","coordinates":[[[-97.7435269,30.2845747],[-97.743475,30.284571],[-97.7434655,30.2846695],[-97.7435173,30.2846732],[-97.7435269,30.2845747]]]},"properties":{"kind":"solid","s":"pool","base":60.3,"h":60.4,"name":"The Callaway House Austin"}},{"type":"Feature","geometry":{"type":"Polygon","coordinates":[[[-97.7437265,30.2848847],[-97.7437549,30.2845189],[-97.7435974,30.2845075],[-97.7436254,30.2845092],[-97.7436191,30.2846036],[-97.743587,30.2846008],[-97.7436131,30.2844582],[-97.7434676,30.2844466],[-97.7434677,30.2844412],[-97.7436716,30.2844566],[-97.7437592,30.2845439],[-97.7437489,30.284699],[-97.7437404,30.2846994],[-97.7437496,30.284592],[-97.7437546,30.2845923],[-97.7437468,30.2847524],[-97.7436478,30.2848328],[-97.7434479,30.2848389],[-97.7434503,30.2848185],[-97.7432843,30.2848112],[-97.7432848,30.2847985],[-97.743474,30.2848071],[-97.7434755,30.2848228],[-97.7433664,30.2848139],[-97.7433686,30.2848309],[-97.7431416,30.2848006],[-97.7430723,30.2847152],[-97.7430679,30.284559],[-97.7431081,30.2845598],[-97.7431023,30.284649],[-97.7430316,30.2846444],[-97.7430315,30.2846354],[-97.7431634,30.2846459],[-97.7431728,30.2845634],[-97.7431836,30.2845649],[-97.7431493,30.2849029],[-97.7434339,30.284924],[-97.7437204,30.2849453],[-97.7437265,30.2848847]]]},"properties":{"kind":"solid","s":"mech","base":60.0,"h":62.5,"name":"The Callaway House Austin"}},{"type":"Feature","geometry":{"type":"Polygon","coordinates":[[[-97.7421846,30.2876457],[-97.7425667,30.287674],[-97.7426357,30.2869808],[-97.7422536,30.2869525],[-97.7421846,30.2876457]]]},"properties":{"kind":"wall","band":"base","fam":"sp","wd":"#cfc9be","wg":"#d7c7b4","wn":"#1e1f26","base":0.0,"h":4.6,"name":"The Castilian","cap":0,"stack":"main"}},{"type":"Feature","geometry":{"type":"Polygon","coordinates":[[[-97.7421846,30.2876457],[-97.7425667,30.287674],[-97.7426357,30.2869808],[-97.7422536,30.2869525],[-97.7421846,30.2876457]]]},"properties":{"kind":"wall","band":"podium","fam":"dk","wd":"#c8c2b7","wg":"#d1c1af","wn":"#1e1f25","base":4.6,"h":29.8,"name":"The Castilian","cap":0,"stack":"main"}},{"type":"Feature","geometry":{"type":"Polygon","coordinates":[[[-97.7421846,30.2876457],[-97.7425667,30.287674],[-97.7426357,30.2869808],[-97.7422536,30.2869525],[-97.7421846,30.2876457]]]},"properties":{"kind":"wall","band":"tower","fam":"mh","wd":"#d5cfc2","wg":"#dcccb8","wn":"#1f2026","base":29.8,"h":53.8,"name":"The Castilian","cap":0,"stack":"main"}},{"type":"Feature","geometry":{"type":"Polygon","coordinates":[[[-97.7421846,30.2876457],[-97.7425667,30.287674],[-97.7426357,30.2869808],[-97.7422536,30.2869525],[-97.7421846,30.2876457]]]},"properties":{"kind":"wall","band":"crown","fam":"sf","wd":"#c9c3b7","wg":"#d2c2af","wn":"#1e1f25","base":53.8,"h":57.0,"name":"The Castilian","cap":1,"stack":"main","rd":"#c5c2bb","rg":"#cec1b2","rn":"#1d1f25"}},{"type":"Feature","geometry":{"type":"Polygon","coordinates":[[[-97.7422026,30.2876326],[-97.7425515,30.2876585],[-97.7426177,30.2869939],[-97.7422688,30.286968],[-97.7422026,30.2876326]]]},"properties":{"kind":"solid","s":"deck","base":29.8,"h":30.1,"name":"The Castilian"}},{"type":"Feature","geometry":{"type":"Polygon","coordinates":[[[-97.7424472,30.2873611],[-97.7424561,30.2872716],[-97.7423731,30.2872654],[-97.7423642,30.2873549],[-97.7424472,30.2873611]]]},"properties":{"kind":"solid","s":"shade","base":33.3,"h":33.58,"name":"The Castilian"}},{"type":"Feature","geometry":{"type":"Polygon","coordinates":[[[-97.7424287,30.2873372],[-97.7424331,30.2872924],[-97.7423916,30.2872893],[-97.7423872,30.2873341],[-97.7424287,30.2873372]]]},"properties":{"kind":"solid","s":"furn","base":30.1,"h":30.85,"name":"The Castilian"}},{"type":"Feature","geometry":{"type":"Polygon","coordinates":[[[-97.7422925,30.2875673],[-97.7424759,30.2875809],[-97.7425278,30.2870592],[-97.7423444,30.2870456],[-97.7422925,30.2875673]]]},"properties":{"kind":"solid","s":"mech","base":58.0,"h":60.0,"name":"The Castilian"}},{"type":"Feature","geometry":{"type":"Polygon","coordinates":[[[-97.7434493,30.2843858],[-97.7434776,30.2840094],[-97.7431024,30.2839809],[-97.7430513,30.2845287],[-97.743155,30.284537],[-97.7431551,30.2845443],[-97.7432338,30.2845494],[-97.7434302,30.284565],[-97.7434493,30.2843858]]]},"properties":{"kind":"wall","band":"base","fam":"sg","wd":"#454b51","wg":"#635d59","wn":"#0f121a","base":0.0,"h":7.0,"name":"Ion Austin","cap":0,"stack":"main"}},{"type":"Feature","geometry":{"type":"Polygon","coordinates":[[[-97.7434493,30.2843858],[-97.7434669,30.2841522],[-97.7430889,30.2841259],[-97.7430513,30.2845287],[-97.743155,30.284537],[-97.7431551,30.2845443],[-97.7432338,30.2845494],[-97.7434302,30.284565],[-97.7434493,30.2843858]]]},"properties":{"kind":"wall","band":"tower","fam":"tr","wd":"#b0aeaa","wg":"#bdb1a4","wn":"#1b1c24","base":7.0,"h":51.8,"name":"Ion Austin","cap":0,"stack":"main"}},{"type":"Feature","geometry":{"type":"Polygon","coordinates":[[[-97.7434669,30.2841522],[-97.7434776,30.2840094],[-97.7431024,30.2839809],[-97.7430889,30.2841259],[-97.7434669,30.2841522]]]},"properties":{"kind":"wall","band":"tower","fam":"tr","wd":"#b0aeaa","wg":"#bdb1a4","wn":"#1b1c24","base":7.0,"h":17.2,"name":"Ion Austin","cap":0,"stack":"step"}},{"type":"Feature","geometry":{"type":"Polygon","coordinates":[[[-97.7434669,30.2841522],[-97.7434776,30.2840094],[-97.7431024,30.2839809],[-97.7430889,30.2841259],[-97.7434669,30.2841522]]]},"properties":{"kind":"wall","band":"crown","fam":"sf","wd":"#aca79f","wg":"#b9ab9a","wn":"#1b1c22","base":17.2,"h":21.0,"name":"Ion Austin","cap":1,"stack":"step","rd":"#b1b0ac","rg":"#bdb2a5","rn":"#1b1d24"}},{"type":"Feature","geometry":{"type":"Polygon","coordinates":[[[-97.7434493,30.2843858],[-97.7434669,30.2841522],[-97.7430889,30.2841259],[-97.7430513,30.2845287],[-97.743155,30.284537],[-97.7431551,30.2845443],[-97.7432338,30.2845494],[-97.7434302,30.284565],[-97.7434493,30.2843858]]]},"properties":{"kind":"wall","band":"crown","fam":"sf","wd":"#aca79f","wg":"#b9ab9a","wn":"#1b1c22","base":51.8,"h":55.6,"name":"Ion Austin","cap":1,"stack":"main","rd":"#b1b0ac","rg":"#bdb2a5","rn":"#1b1d24"}},{"type":"Feature","geometry":{"type":"Polygon","coordinates":[[[-97.7434514,30.2841367],[-97.7434599,30.2840225],[-97.7431176,30.2839965],[-97.7431068,30.2841127],[-97.7434514,30.2841367]]]},"properties":{"kind":"solid","s":"deck","base":22.0,"h":22.3,"name":"Ion Austin"}},{"type":"Feature","geometry":{"type":"Polygon","coordinates":[[[-97.74315,30.2843576],[-97.7431459,30.2844024],[-97.7432807,30.2844118],[-97.7432848,30.284367],[-97.74315,30.2843576]]]},"properties":{"kind":"solid","s":"pool","base":22.3,"h":22.4,"name":"Ion Austin"}},{"type":"Feature","geometry":{"type":"Polygon","coordinates":[[[-97.7433017,30.2843546],[-97.743295,30.2844263],[-97.7433572,30.2844306],[-97.7433639,30.284359],[-97.7433017,30.2843546]]]},"properties":{"kind":"solid","s":"shade","base":25.5,"h":25.78,"name":"Ion Austin"}},{"type":"Feature","geometry":{"type":"Polygon","coordinates":[[[-97.7433155,30.2843736],[-97.7433122,30.2844094],[-97.7433433,30.2844116],[-97.7433466,30.2843758],[-97.7433155,30.2843736]]]},"properties":{"kind":"solid","s":"furn","base":22.3,"h":23.05,"name":"Ion Austin"}},{"type":"Feature","geometry":{"type":"Polygon","coordinates":[[[-97.7433499,30.2843791],[-97.743361,30.2842312],[-97.7431802,30.2842186],[-97.7431586,30.2844508],[-97.7432536,30.2844584],[-97.7432537,30.2844644],[-97.7432421,30.2844636],[-97.7433401,30.2844714],[-97.7433499,30.2843791]]]},"properties":{"kind":"solid","s":"mech","base":56.6,"h":59.1,"name":"Ion Austin"}},{"type":"Feature","geometry":{"type":"Polygon","coordinates":[[[-97.7437291,30.2859359],[-97.7433579,30.2859107],[-97.7433068,30.2864745],[-97.7436779,30.2864996],[-97.7437291,30.2859359]],[[-97.7435583,30.2860804],[-97.7434964,30.2860756],[-97.7434866,30.28617],[-97.7435485,30.2861748],[-97.7435583,30.2860804]],[[-97.7434689,30.2863674],[-97.7435308,30.2863722],[-97.7435406,30.2862778],[-97.7434787,30.2862731],[-97.7434689,30.2863674]]]},"properties":{"kind":"wall","band":"base","fam":"sg","wd":"#454b51","wg":"#635d59","wn":"#0f121a","base":0.0,"h":6.2,"name":"Skyloft Austin","cap":0,"stack":"main"}},{"type":"Feature","geometry":{"type":"Polygon","coordinates":[[[-97.7437291,30.2859359],[-97.7433579,30.2859107],[-97.7433068,30.2864745],[-97.7436779,30.2864996],[-97.7437291,30.2859359]],[[-97.7435583,30.2860804],[-97.7434964,30.2860756],[-97.7434866,30.28617],[-97.7435485,30.2861748],[-97.7435583,30.2860804]],[[-97.7434689,30.2863674],[-97.7435308,30.2863722],[-97.7435406,30.2862778],[-97.7434787,30.2862731],[-97.7434689,30.2863674]]]},"properties":{"kind":"wall","band":"tower","fam":"tr","wd":"#93a3ac","wg":"#a4a7a5","wn":"#181b24","base":6.2,"h":50.1,"name":"Skyloft Austin","cap":0,"stack":"main"}},{"type":"Feature","geometry":{"type":"Polygon","coordinates":[[[-97.7437291,30.2859359],[-97.7433579,30.2859107],[-97.7433068,30.2864745],[-97.7436779,30.2864996],[-97.7437291,30.2859359]],[[-97.7435583,30.2860804],[-97.7434964,30.2860756],[-97.7434866,30.28617],[-97.7435485,30.2861748],[-97.7435583,30.2860804]],[[-97.7434689,30.2863674],[-97.7435308,30.2863722],[-97.7435406,30.2862778],[-97.7434787,30.2862731],[-97.7434689,30.2863674]]]},"properties":{"kind":"wall","band":"crown","fam":"sf","wd":"#9aa1a6","wg":"#aaa6a0","wn":"#191b23","base":50.1,"h":54.1,"name":"Skyloft Austin","cap":1,"stack":"main","rd":"#a6acb0","rg":"#b4afa9","rn":"#1a1c24"}},{"type":"Feature","geometry":{"type":"Polygon","coordinates":[[[-97.7437112,30.2859491],[-97.7433732,30.2859262],[-97.7433247,30.2864613],[-97.7436626,30.2864841],[-97.7437112,30.2859491]]]},"properties":{"kind":"solid","s":"deck","base":55.1,"h":55.4,"name":"Skyloft Austin"}},{"type":"Feature","geometry":{"type":"Polygon","coordinates":[[[-97.7438079,30.2862293],[-97.743812,30.2861845],[-97.7436875,30.2861761],[-97.7436835,30.2862209],[-97.7438079,30.2862293]]]},"properties":{"kind":"solid","s":"pool","base":55.4,"h":55.5,"name":"Skyloft Austin"}},{"type":"Feature","geometry":{"type":"Polygon","coordinates":[[[-97.743625,30.2860127],[-97.7434469,30.2860006],[-97.7434109,30.2863977],[-97.743589,30.2864097],[-97.743625,30.2860127]]]},"properties":{"kind":"solid","s":"mech","base":55.1,"h":57.9,"name":"Skyloft Austin"}},{"type":"Feature","geometry":{"type":"Polygon","coordinates":[[[-97.7433434,30.2854742],[-97.7429929,30.2854491],[-97.7429536,30.285857],[-97.7433041,30.2858822],[-97.7433434,30.2854742]]]},"properties":{"kind":"wall","band":"base","fam":"sg","wd":"#3c4247","wg":"#5b5650","wn":"#0e1119","base":0.0,"h":7.4,"name":"Moontower","cap":0,"stack":"main"}},{"type":"Feature","geometry":{"type":"Polygon","coordinates":[[[-97.7433434,30.2854742],[-97.7429929,30.2854491],[-97.7429536,30.285857],[-97.7433041,30.2858822],[-97.7433434,30.2854742]]]},"properties":{"kind":"wall","band":"tower","fam":"tr","wd":"#7d8a8e","wg":"#92928c","wn":"#151820","base":7.4,"h":50.1,"name":"Moontower","cap":0,"stack":"main"}},{"type":"Feature","geometry":{"type":"Polygon","coordinates":[[[-97.7433434,30.2854742],[-97.7429929,30.2854491],[-97.7429536,30.285857],[-97.7433041,30.2858822],[-97.7433434,30.2854742]]]},"properties":{"kind":"wall","band":"crown","fam":"sf","wd":"#6f7679","wg":"#86827a","wn":"#14161e","base":50.1,"h":53.9,"name":"Moontower","cap":1,"stack":"main","rd":"#898f92","rg":"#9c978f","rn":"#171921"}},{"type":"Feature","geometry":{"type":"Polygon","coordinates":[[[-97.7433254,30.2854873],[-97.7430081,30.2854646],[-97.7429716,30.2858439],[-97.7432889,30.2858667],[-97.7433254,30.2854873]]]},"properties":{"kind":"solid","s":"deck","base":54.9,"h":55.2,"name":"Moontower"}},{"type":"Feature","geometry":{"type":"Polygon","coordinates":[[[-97.7431913,30.2857633],[-97.7431956,30.2857186],[-97.7430919,30.2857111],[-97.7430876,30.2857559],[-97.7431913,30.2857633]]]},"properties":{"kind":"solid","s":"pool","base":55.2,"h":55.3,"name":"Moontower"}},{"type":"Feature","geometry":{"type":"Polygon","coordinates":[[[-97.7431977,30.2856421],[-97.7432046,30.2855705],[-97.7431113,30.2855638],[-97.7431044,30.2856354],[-97.7431977,30.2856421]]]},"properties":{"kind":"solid","s":"shade","base":56.67,"h":56.95,"name":"Moontower"}},{"type":"Feature","geometry":{"type":"Polygon","coordinates":[[[-97.7431761,30.2856225],[-97.7431796,30.2855867],[-97.7431329,30.2855834],[-97.7431295,30.2856192],[-97.7431761,30.2856225]]]},"properties":{"kind":"solid","s":"furn","base":55.2,"h":55.95,"name":"Moontower"}},{"type":"Feature","geometry":{"type":"Polygon","coordinates":[[[-97.7432447,30.2855464],[-97.7430765,30.2855343],[-97.7430523,30.2857849],[-97.7432206,30.285797],[-97.7432447,30.2855464]]]},"properties":{"kind":"solid","s":"mech","base":54.9,"h":57.3,"name":"Moontower"}},{"type":"Feature","geometry":{"type":"Polygon","coordinates":[[[-97.7429599,30.2857107],[-97.7429711,30.2855943],[-97.7429659,30.2855939],[-97.7429547,30.2857103],[-97.7429599,30.2857107]]]},"properties":{"kind":"solid","s":"sign","base":54.9,"h":56.95,"name":"Moontower"}},{"type":"Feature","geometry":{"type":"Polygon","coordinates":[[[-97.7439936,30.2854561],[-97.7439852,30.2855538],[-97.7443576,30.2855777],[-97.7443841,30.28527],[-97.7440116,30.2852462],[-97.7439936,30.2854561]]]},"properties":{"kind":"wall","band":"base","fam":"sg","wd":"#454b51","wg":"#635d59","wn":"#0f121a","base":0.0,"h":6.0,"name":"Inspire on 22nd","cap":0,"stack":"main"}},{"type":"Feature","geometry":{"type":"Polygon","coordinates":[[[-97.7439936,30.2854561],[-97.7439852,30.2855538],[-97.7443576,30.2855777],[-97.7443841,30.28527],[-97.7440116,30.2852462],[-97.7439936,30.2854561]]]},"properties":{"kind":"wall","band":"tower","fam":"tr","wd":"#b8b1a5","wg":"#c3b39f","wn":"#1c1d23","base":6.0,"h":49.2,"name":"Inspire on 22nd","cap":0,"stack":"main"}},{"type":"Feature","geometry":{"type":"Polygon","coordinates":[[[-97.7439936,30.2854561],[-97.7439852,30.2855538],[-97.7443576,30.2855777],[-97.7443841,30.28527],[-97.7440116,30.2852462],[-97.7439936,30.2854561]]]},"properties":{"kind":"wall","band":"crown","fam":"sf","wd":"#aca79f","wg":"#b9ab9a","wn":"#1b1c22","base":49.2,"h":53.0,"name":"Inspire on 22nd","cap":1,"stack":"main","rd":"#b1b0ac","rg":"#bdb2a5","rn":"#1b1d24"}},{"type":"Feature","geometry":{"type":"Polygon","coordinates":[[[-97.7440102,30.2854572],[-97.744003,30.2855405],[-97.7443422,30.2855623],[-97.7443663,30.2852833],[-97.744027,30.2852616],[-97.7440102,30.2854572]]]},"properties":{"kind":"solid","s":"deck","base":54.0,"h":54.3,"name":"Inspire on 22nd"}},{"type":"Feature","geometry":{"type":"Polygon","coordinates":[[[-97.7441112,30.2855266],[-97.7441631,30.2855299],[-97.7441708,30.2854403],[-97.7441189,30.285437],[-97.7441112,30.2855266]]]},"properties":{"kind":"solid","s":"pool","base":54.3,"h":54.4,"name":"Inspire on 22nd"}},{"type":"Feature","geometry":{"type":"Polygon","coordinates":[[[-97.7440862,30.285462],[-97.7440847,30.2854797],[-97.7442718,30.2854918],[-97.7442846,30.2853441],[-97.7440974,30.2853321],[-97.7440862,30.285462]]]},"properties":{"kind":"solid","s":"mech","base":54.0,"h":56.4,"name":"Inspire on 22nd"}},{"type":"Feature","geometry":{"type":"Polygon","coordinates":[[[-97.7402854,30.281101],[-97.7403726,30.2811264],[-97.7404916,30.2808247],[-97.7405514,30.2806668],[-97.7406589,30.2803954],[-97.7405611,30.2803669],[-97.7404354,30.2803308],[-97.7401721,30.2810154],[-97.7401537,30.2810625],[-97.7402854,30.281101]]]},"properties":{"kind":"wall","band":"base","fam":"sg","wd":"#454b51","wg":"#635d59","wn":"#0f121a","base":0.0,"h":5.0,"name":"Cambridge Tower","cap":0,"stack":"main"}},{"type":"Feature","geometry":{"type":"Polygon","coordinates":[[[-97.7402854,30.281101],[-97.7403726,30.2811264],[-97.7404916,30.2808247],[-97.7405514,30.2806668],[-97.7406589,30.2803954],[-97.7405611,30.2803669],[-97.7404354,30.2803308],[-97.7401721,30.2810154],[-97.7401537,30.2810625],[-97.7402854,30.281101]]]},"properties":{"kind":"wall","band":"tower","fam":"sb","wd":"#cbc6ba","wg":"#d3c5b1","wn":"#1e1f25","base":5.0,"h":47.8,"name":"Cambridge Tower","cap":0,"stack":"main"}},{"type":"Feature","geometry":{"type":"Polygon","coordinates":[[[-97.7402854,30.281101],[-97.7403726,30.2811264],[-97.7404916,30.2808247],[-97.7405514,30.2806668],[-97.7406589,30.2803954],[-97.7405611,30.2803669],[-97.7404354,30.2803308],[-97.7401721,30.2810154],[-97.7401537,30.2810625],[-97.7402854,30.281101]]]},"properties":{"kind":"wall","band":"crown","fam":"sp","wd":"#cfc9be","wg":"#d7c7b4","wn":"#1e1f26","base":47.8,"h":52.4,"name":"Cambridge Tower","cap":1,"stack":"main","rd":"#c9c6c0","rg":"#d2c5b6","rn":"#1e1f26"}},{"type":"Feature","geometry":{"type":"Polygon","coordinates":[[[-97.7403923,30.2811169],[-97.7405059,30.2808288],[-97.7405657,30.2806709],[-97.7406534,30.2804495],[-97.7406676,30.2804126],[-97.7406523,30.2804082],[-97.7403807,30.2811136],[-97.7403923,30.2811169]]]},"properties":{"kind":"solid","s":"balc","base":6.77,"h":7.11,"name":"Cambridge Tower"}},{"type":"Feature","geometry":{"type":"Polygon","coordinates":[[[-97.7404163,30.2803405],[-97.7401447,30.2810458],[-97.74016,30.2810502],[-97.7404316,30.2803449],[-97.7404163,30.2803405]]]},"properties":{"kind":"solid","s":"balc","base":6.77,"h":7.11,"name":"Cambridge Tower"}},{"type":"Feature","geometry":{"type":"Polygon","coordinates":[[[-97.7403923,30.2811169],[-97.7405059,30.2808288],[-97.7405657,30.2806709],[-97.7406534,30.2804495],[-97.7406676,30.2804126],[-97.7406523,30.2804082],[-97.7403807,30.2811136],[-97.7403923,30.2811169]]]},"properties":{"kind":"solid","s":"balc","base":9.62,"h":9.96,"name":"Cambridge Tower"}},{"type":"Feature","geometry":{"type":"Polygon","coordinates":[[[-97.7404163,30.2803405],[-97.7401447,30.2810458],[-97.74016,30.2810502],[-97.7404316,30.2803449],[-97.7404163,30.2803405]]]},"properties":{"kind":"solid","s":"balc","base":9.62,"h":9.96,"name":"Cambridge Tower"}},{"type":"Feature","geometry":{"type":"Polygon","coordinates":[[[-97.7403923,30.2811169],[-97.7405059,30.2808288],[-97.7405657,30.2806709],[-97.7406534,30.2804495],[-97.7406676,30.2804126],[-97.7406523,30.2804082],[-97.7403807,30.2811136],[-97.7403923,30.2811169]]]},"properties":{"kind":"solid","s":"balc","base":12.48,"h":12.82,"name":"Cambridge Tower"}},{"type":"Feature","geometry":{"type":"Polygon","coordinates":[[[-97.7404163,30.2803405],[-97.7401447,30.2810458],[-97.74016,30.2810502],[-97.7404316,30.2803449],[-97.7404163,30.2803405]]]},"properties":{"kind":"solid","s":"balc","base":12.48,"h":12.82,"name":"Cambridge Tower"}},{"type":"Feature","geometry":{"type":"Polygon","coordinates":[[[-97.7403923,30.2811169],[-97.7405059,30.2808288],[-97.7405657,30.2806709],[-97.7406534,30.2804495],[-97.7406676,30.2804126],[-97.7406523,30.2804082],[-97.7403807,30.2811136],[-97.7403923,30.2811169]]]},"properties":{"kind":"solid","s":"balc","base":15.33,"h":15.67,"name":"Cambridge Tower"}},{"type":"Feature","geometry":{"type":"Polygon","coordinates":[[[-97.7404163,30.2803405],[-97.7401447,30.2810458],[-97.74016,30.2810502],[-97.7404316,30.2803449],[-97.7404163,30.2803405]]]},"properties":{"kind":"solid","s":"balc","base":15.33,"h":15.67,"name":"Cambridge Tower"}},{"type":"Feature","geometry":{"type":"Polygon","coordinates":[[[-97.7403923,30.2811169],[-97.7405059,30.2808288],[-97.7405657,30.2806709],[-97.7406534,30.2804495],[-97.7406676,30.2804126],[-97.7406523,30.2804082],[-97.7403807,30.2811136],[-97.7403923,30.2811169]]]},"properties":{"kind":"solid","s":"balc","base":18.18,"h":18.52,"name":"Cambridge Tower"}},{"type":"Feature","geometry":{"type":"Polygon","coordinates":[[[-97.7404163,30.2803405],[-97.7401447,30.2810458],[-97.74016,30.2810502],[-97.7404316,30.2803449],[-97.7404163,30.2803405]]]},"properties":{"kind":"solid","s":"balc","base":18.18,"h":18.52,"name":"Cambridge Tower"}},{"type":"Feature","geometry":{"type":"Polygon","coordinates":[[[-97.7403923,30.2811169],[-97.7405059,30.2808288],[-97.7405657,30.2806709],[-97.7406534,30.2804495],[-97.7406676,30.2804126],[-97.7406523,30.2804082],[-97.7403807,30.2811136],[-97.7403923,30.2811169]]]},"properties":{"kind":"solid","s":"balc","base":21.04,"h":21.38,"name":"Cambridge Tower"}},{"type":"Feature","geometry":{"type":"Polygon","coordinates":[[[-97.7404163,30.2803405],[-97.7401447,30.2810458],[-97.74016,30.2810502],[-97.7404316,30.2803449],[-97.7404163,30.2803405]]]},"properties":{"kind":"solid","s":"balc","base":21.04,"h":21.38,"name":"Cambridge Tower"}},{"type":"Feature","geometry":{"type":"Polygon","coordinates":[[[-97.7403923,30.2811169],[-97.7405059,30.2808288],[-97.7405657,30.2806709],[-97.7406534,30.2804495],[-97.7406676,30.2804126],[-97.7406523,30.2804082],[-97.7403807,30.2811136],[-97.7403923,30.2811169]]]},"properties":{"kind":"solid","s":"balc","base":23.89,"h":24.23,"name":"Cambridge Tower"}},{"type":"Feature","geometry":{"type":"Polygon","coordinates":[[[-97.7404163,30.2803405],[-97.7401447,30.2810458],[-97.74016,30.2810502],[-97.7404316,30.2803449],[-97.7404163,30.2803405]]]},"properties":{"kind":"solid","s":"balc","base":23.89,"h":24.23,"name":"Cambridge Tower"}},{"type":"Feature","geometry":{"type":"Polygon","coordinates":[[[-97.7403923,30.2811169],[-97.7405059,30.2808288],[-97.7405657,30.2806709],[-97.7406534,30.2804495],[-97.7406676,30.2804126],[-97.7406523,30.2804082],[-97.7403807,30.2811136],[-97.7403923,30.2811169]]]},"properties":{"kind":"solid","s":"balc","base":26.74,"h":27.08,"name":"Cambridge Tower"}},{"type":"Feature","geometry":{"type":"Polygon","coordinates":[[[-97.7404163,30.2803405],[-97.7401447,30.2810458],[-97.74016,30.2810502],[-97.7404316,30.2803449],[-97.7404163,30.2803405]]]},"properties":{"kind":"solid","s":"balc","base":26.74,"h":27.08,"name":"Cambridge Tower"}},{"type":"Feature","geometry":{"type":"Polygon","coordinates":[[[-97.7403923,30.2811169],[-97.7405059,30.2808288],[-97.7405657,30.2806709],[-97.7406534,30.2804495],[-97.7406676,30.2804126],[-97.7406523,30.2804082],[-97.7403807,30.2811136],[-97.7403923,30.2811169]]]},"properties":{"kind":"solid","s":"balc","base":29.6,"h":29.94,"name":"Cambridge Tower"}},{"type":"Feature","geometry":{"type":"Polygon","coordinates":[[[-97.7404163,30.2803405],[-97.7401447,30.2810458],[-97.74016,30.2810502],[-97.7404316,30.2803449],[-97.7404163,30.2803405]]]},"properties":{"kind":"solid","s":"balc","base":29.6,"h":29.94,"name":"Cambridge Tower"}},{"type":"Feature","geometry":{"type":"Polygon","coordinates":[[[-97.7403923,30.2811169],[-97.7405059,30.2808288],[-97.7405657,30.2806709],[-97.7406534,30.2804495],[-97.7406676,30.2804126],[-97.7406523,30.2804082],[-97.7403807,30.2811136],[-97.7403923,30.2811169]]]},"properties":{"kind":"solid","s":"balc","base":32.45,"h":32.79,"name":"Cambridge Tower"}},{"type":"Feature","geometry":{"type":"Polygon","coordinates":[[[-97.7404163,30.2803405],[-97.7401447,30.2810458],[-97.74016,30.2810502],[-97.7404316,30.2803449],[-97.7404163,30.2803405]]]},"properties":{"kind":"solid","s":"balc","base":32.45,"h":32.79,"name":"Cambridge Tower"}},{"type":"Feature","geometry":{"type":"Polygon","coordinates":[[[-97.7403923,30.2811169],[-97.7405059,30.2808288],[-97.7405657,30.2806709],[-97.7406534,30.2804495],[-97.7406676,30.2804126],[-97.7406523,30.2804082],[-97.7403807,30.2811136],[-97.7403923,30.2811169]]]},"properties":{"kind":"solid","s":"balc","base":35.3,"h":35.64,"name":"Cambridge Tower"}},{"type":"Feature","geometry":{"type":"Polygon","coordinates":[[[-97.7404163,30.2803405],[-97.7401447,30.2810458],[-97.74016,30.2810502],[-97.7404316,30.2803449],[-97.7404163,30.2803405]]]},"properties":{"kind":"solid","s":"balc","base":35.3,"h":35.64,"name":"Cambridge Tower"}},{"type":"Feature","geometry":{"type":"Polygon","coordinates":[[[-97.7403923,30.2811169],[-97.7405059,30.2808288],[-97.7405657,30.2806709],[-97.7406534,30.2804495],[-97.7406676,30.2804126],[-97.7406523,30.2804082],[-97.7403807,30.2811136],[-97.7403923,30.2811169]]]},"properties":{"kind":"solid","s":"balc","base":38.16,"h":38.5,"name":"Cambridge Tower"}},{"type":"Feature","geometry":{"type":"Polygon","coordinates":[[[-97.7404163,30.2803405],[-97.7401447,30.2810458],[-97.74016,30.2810502],[-97.7404316,30.2803449],[-97.7404163,30.2803405]]]},"properties":{"kind":"solid","s":"balc","base":38.16,"h":38.5,"name":"Cambridge Tower"}},{"type":"Feature","geometry":{"type":"Polygon","coordinates":[[[-97.7403923,30.2811169],[-97.7405059,30.2808288],[-97.7405657,30.2806709],[-97.7406534,30.2804495],[-97.7406676,30.2804126],[-97.7406523,30.2804082],[-97.7403807,30.2811136],[-97.7403923,30.2811169]]]},"properties":{"kind":"solid","s":"balc","base":41.01,"h":41.35,"name":"Cambridge Tower"}},{"type":"Feature","geometry":{"type":"Polygon","coordinates":[[[-97.7404163,30.2803405],[-97.7401447,30.2810458],[-97.74016,30.2810502],[-97.7404316,30.2803449],[-97.7404163,30.2803405]]]},"properties":{"kind":"solid","s":"balc","base":41.01,"h":41.35,"name":"Cambridge Tower"}},{"type":"Feature","geometry":{"type":"Polygon","coordinates":[[[-97.7403923,30.2811169],[-97.7405059,30.2808288],[-97.7405657,30.2806709],[-97.7406534,30.2804495],[-97.7406676,30.2804126],[-97.7406523,30.2804082],[-97.7403807,30.2811136],[-97.7403923,30.2811169]]]},"properties":{"kind":"solid","s":"balc","base":43.86,"h":44.2,"name":"Cambridge Tower"}},{"type":"Feature","geometry":{"type":"Polygon","coordinates":[[[-97.7404163,30.2803405],[-97.7401447,30.2810458],[-97.74016,30.2810502],[-97.7404316,30.2803449],[-97.7404163,30.2803405]]]},"properties":{"kind":"solid","s":"balc","base":43.86,"h":44.2,"name":"Cambridge Tower"}},{"type":"Feature","geometry":{"type":"Polygon","coordinates":[[[-97.7403923,30.2811169],[-97.7405059,30.2808288],[-97.7405657,30.2806709],[-97.7406534,30.2804495],[-97.7406676,30.2804126],[-97.7406523,30.2804082],[-97.7403807,30.2811136],[-97.7403923,30.2811169]]]},"properties":{"kind":"solid","s":"balc","base":46.72,"h":47.06,"name":"Cambridge Tower"}},{"type":"Feature","geometry":{"type":"Polygon","coordinates":[[[-97.7404163,30.2803405],[-97.7401447,30.2810458],[-97.74016,30.2810502],[-97.7404316,30.2803449],[-97.7404163,30.2803405]]]},"properties":{"kind":"solid","s":"balc","base":46.72,"h":47.06,"name":"Cambridge Tower"}},{"type":"Feature","geometry":{"type":"Polygon","coordinates":[[[-97.7402907,30.2810874],[-97.7403622,30.2811082],[-97.7404758,30.2808201],[-97.7405356,30.2806622],[-97.7406377,30.2804044],[-97.7405558,30.2803805],[-97.7404459,30.280349],[-97.7401879,30.28102],[-97.7401748,30.2810535],[-97.7402907,30.2810874]]]},"properties":{"kind":"solid","s":"deck","base":53.4,"h":53.7,"name":"Cambridge Tower"}},{"type":"Feature","geometry":{"type":"Polygon","coordinates":[[[-97.7401179,30.2806393],[-97.7400884,30.280716],[-97.7401871,30.2807444],[-97.7402166,30.2806677],[-97.7401179,30.2806393]]]},"properties":{"kind":"solid","s":"shade","base":54.37,"h":54.65,"name":"Cambridge Tower"}},{"type":"Feature","geometry":{"type":"Polygon","coordinates":[[[-97.7401352,30.2806656],[-97.7401204,30.2807039],[-97.7401698,30.2807181],[-97.7401846,30.2806797],[-97.7401352,30.2806656]]]},"properties":{"kind":"solid","s":"furn","base":53.7,"h":54.45,"name":"Cambridge Tower"}},{"type":"Feature","geometry":{"type":"Polygon","coordinates":[[[-97.740305,30.2810509],[-97.7403343,30.2810594],[-97.7404335,30.2808079],[-97.7404933,30.28065],[-97.740581,30.2804286],[-97.7405416,30.2804171],[-97.7404742,30.2803977],[-97.7402302,30.2810322],[-97.7402313,30.2810293],[-97.740305,30.2810509]]]},"properties":{"kind":"solid","s":"mech","base":53.4,"h":55.0,"name":"Cambridge Tower"}},{"type":"Feature","geometry":{"type":"Polygon","coordinates":[[[-97.7462389,30.2871858],[-97.7462534,30.2871868],[-97.7462847,30.2868579],[-97.7462439,30.286855],[-97.7462484,30.2868082],[-97.7454802,30.2867537],[-97.7454762,30.2867961],[-97.7454325,30.286793],[-97.7454249,30.2868722],[-97.7452941,30.286863],[-97.7452817,30.2869931],[-97.7454088,30.2870021],[-97.7454013,30.2870809],[-97.7453126,30.2870746],[-97.7453086,30.2871166],[-97.7454429,30.2871262],[-97.7454385,30.2871723],[-97.7462348,30.2872288],[-97.7462389,30.2871858]]]},"properties":{"kind":"wall","band":"base","fam":"sg","wd":"#3f4348","wg":"#5e5751","wn":"#0f1119","base":0.0,"h":7.0,"name":"The Standard","cap":0,"stack":"main"}},{"type":"Feature","geometry":{"type":"Polygon","coordinates":[[[-97.7462389,30.2871858],[-97.7462534,30.2871868],[-97.7462847,30.2868579],[-97.7462439,30.286855],[-97.7462484,30.2868082],[-97.7454802,30.2867537],[-97.7454762,30.2867961],[-97.7454325,30.286793],[-97.7454249,30.2868722],[-97.7452941,30.286863],[-97.7452817,30.2869931],[-97.7454088,30.2870021],[-97.7454013,30.2870809],[-97.7453126,30.2870746],[-97.7453086,30.2871166],[-97.7454429,30.2871262],[-97.7454385,30.2871723],[-97.7462348,30.2872288],[-97.7462389,30.2871858]]]},"properties":{"kind":"wall","band":"tower","fam":"mh","wd":"#b3b0a2","wg":"#bfb29d","wn":"#1b1d23","base":7.0,"h":17.9,"name":"The Standard","cap":0,"stack":"main"}},{"type":"Feature","geometry":{"type":"Polygon","coordinates":[[[-97.7462389,30.2871858],[-97.7462534,30.2871868],[-97.7462847,30.2868579],[-97.7462439,30.286855],[-97.7462484,30.2868082],[-97.7454802,30.2867537],[-97.7454762,30.2867961],[-97.7454325,30.286793],[-97.7454249,30.2868722],[-97.7452941,30.286863],[-97.7452817,30.2869931],[-97.7454088,30.2870021],[-97.7454013,30.2870809],[-97.7453126,30.2870746],[-97.7453086,30.2871166],[-97.7454429,30.2871262],[-97.7454385,30.2871723],[-97.7462348,30.2872288],[-97.7462389,30.2871858]]]},"properties":{"kind":"wall","band":"crown","fam":"sf","wd":"#adb3b7","wg":"#bab5af","wn":"#1b1d25","base":17.9,"h":20.5,"name":"The Standard","cap":1,"stack":"main","rd":"#b2b7bb","rg":"#beb8b2","rn":"#1b1d25"}},{"type":"Feature","geometry":{"type":"Polygon","coordinates":[[[-97.7462633,30.2868106],[-97.7462646,30.2867967],[-97.7454663,30.2867401],[-97.745465,30.286754],[-97.7462633,30.2868106]]]},"properties":{"kind":"solid","s":"balc","base":8.69,"h":9.03,"name":"The Standard"}},{"type":"Feature","geometry":{"type":"Polygon","coordinates":[[[-97.7454236,30.2871699],[-97.7454223,30.2871838],[-97.7462315,30.2872412],[-97.7462328,30.2872273],[-97.7454236,30.2871699]]]},"properties":{"kind":"solid","s":"balc","base":8.69,"h":9.03,"name":"The Standard"}},{"type":"Feature","geometry":{"type":"Polygon","coordinates":[[[-97.7462633,30.2868106],[-97.7462646,30.2867967],[-97.7454663,30.2867401],[-97.745465,30.286754],[-97.7462633,30.2868106]]]},"properties":{"kind":"solid","s":"balc","base":11.41,"h":11.75,"name":"The Standard"}},{"type":"Feature","geometry":{"type":"Polygon","coordinates":[[[-97.7454236,30.2871699],[-97.7454223,30.2871838],[-97.7462315,30.2872412],[-97.7462328,30.2872273],[-97.7454236,30.2871699]]]},"properties":{"kind":"solid","s":"balc","base":11.41,"h":11.75,"name":"The Standard"}},{"type":"Feature","geometry":{"type":"Polygon","coordinates":[[[-97.7462633,30.2868106],[-97.7462646,30.2867967],[-97.7454663,30.2867401],[-97.745465,30.286754],[-97.7462633,30.2868106]]]},"properties":{"kind":"solid","s":"balc","base":14.14,"h":14.48,"name":"The Standard"}},{"type":"Feature","geometry":{"type":"Polygon","coordinates":[[[-97.7454236,30.2871699],[-97.7454223,30.2871838],[-97.7462315,30.2872412],[-97.7462328,30.2872273],[-97.7454236,30.2871699]]]},"properties":{"kind":"solid","s":"balc","base":14.14,"h":14.48,"name":"The Standard"}},{"type":"Feature","geometry":{"type":"Polygon","coordinates":[[[-97.7462633,30.2868106],[-97.7462646,30.2867967],[-97.7454663,30.2867401],[-97.745465,30.286754],[-97.7462633,30.2868106]]]},"properties":{"kind":"solid","s":"balc","base":16.86,"h":17.2,"name":"The Standard"}},{"type":"Feature","geometry":{"type":"Polygon","coordinates":[[[-97.7454236,30.2871699],[-97.7454223,30.2871838],[-97.7462315,30.2872412],[-97.7462328,30.2872273],[-97.7454236,30.2871699]]]},"properties":{"kind":"solid","s":"balc","base":16.86,"h":17.2,"name":"The Standard"}},{"type":"Feature","geometry":{"type":"Polygon","coordinates":[[[-97.7429627,30.2904816],[-97.7435397,30.290523],[-97.7436018,30.2898789],[-97.7435781,30.2898772],[-97.7435792,30.2898659],[-97.7433546,30.2898498],[-97.7433678,30.2897119],[-97.743039,30.2896884],[-97.7429627,30.2904816]],[[-97.7432615,30.2899329],[-97.7432633,30.2899138],[-97.743244,30.2899124],[-97.7432392,30.2899632],[-97.7432445,30.2899636],[-97.7432181,30.2902449],[-97.7433246,30.2902524],[-97.7433325,30.2901683],[-97.7433256,30.2901678],[-97.743347,30.2899388],[-97.7432615,30.2899329]]]},"properties":{"kind":"wall","band":"base","fam":"sn","wd":"#7d5747","wg":"#926750","wn":"#151319","base":0.0,"h":4.6,"name":"Rambler","cap":0,"stack":"main"}},{"type":"Feature","geometry":{"type":"Polygon","coordinates":[[[-97.7429627,30.2904816],[-97.7435397,30.290523],[-97.7436018,30.2898789],[-97.7435781,30.2898772],[-97.7435792,30.2898659],[-97.7433546,30.2898498],[-97.7433678,30.2897119],[-97.743039,30.2896884],[-97.7429627,30.2904816]],[[-97.7432615,30.2899329],[-97.7432633,30.2899138],[-97.743244,30.2899124],[-97.7432392,30.2899632],[-97.7432445,30.2899636],[-97.7432181,30.2902449],[-97.7433246,30.2902524],[-97.7433325,30.2901683],[-97.7433256,30.2901678],[-97.743347,30.2899388],[-97.7432615,30.2899329]]]},"properties":{"kind":"wall","band":"tower","fam":"mh","wd":"#966753","wg":"#a7755b","wn":"#18151a","base":4.6,"h":12.2,"name":"Rambler","cap":0,"stack":"main"}},{"type":"Feature","geometry":{"type":"Polygon","coordinates":[[[-97.7429627,30.2904816],[-97.7435397,30.290523],[-97.7436018,30.2898789],[-97.7435781,30.2898772],[-97.7435792,30.2898659],[-97.7433546,30.2898498],[-97.7433678,30.2897119],[-97.743039,30.2896884],[-97.7429627,30.2904816]],[[-97.7432615,30.2899329],[-97.7432633,30.2899138],[-97.743244,30.2899124],[-97.7432392,30.2899632],[-97.7432445,30.2899636],[-97.7432181,30.2902449],[-97.7433246,30.2902524],[-97.7433325,30.2901683],[-97.7433256,30.2901678],[-97.743347,30.2899388],[-97.7432615,30.2899329]]]},"properties":{"kind":"wall","band":"crown","fam":"sf","wd":"#c4bfb3","wg":"#cdbfab","wn":"#1d1e25","base":12.2,"h":14.4,"name":"Rambler","cap":1,"stack":"main","rd":"#c1bfb9","rg":"#cbbfb0","rn":"#1d1e25"}},{"type":"Feature","geometry":{"type":"Polygon","coordinates":[[[-97.7436176,30.289867],[-97.7436015,30.2898658],[-97.7435397,30.2905086],[-97.7435557,30.2905097],[-97.7436176,30.289867]]]},"properties":{"kind":"solid","s":"balc","base":6.17,"h":6.51,"name":"Rambler"}},{"type":"Feature","geometry":{"type":"Polygon","coordinates":[[[-97.7430231,30.2897016],[-97.7429496,30.2904663],[-97.7429656,30.2904674],[-97.7430392,30.2897028],[-97.7430231,30.2897016]]]},"properties":{"kind":"solid","s":"balc","base":6.17,"h":6.51,"name":"Rambler"}},{"type":"Feature","geometry":{"type":"Polygon","coordinates":[[[-97.7436176,30.289867],[-97.7436015,30.2898658],[-97.7435397,30.2905086],[-97.7435557,30.2905097],[-97.7436176,30.289867]]]},"properties":{"kind":"solid","s":"balc","base":8.7,"h":9.04,"name":"Rambler"}},{"type":"Feature","geometry":{"type":"Polygon","coordinates":[[[-97.7430231,30.2897016],[-97.7429496,30.2904663],[-97.7429656,30.2904674],[-97.7430392,30.2897028],[-97.7430231,30.2897016]]]},"properties":{"kind":"solid","s":"balc","base":8.7,"h":9.04,"name":"Rambler"}},{"type":"Feature","geometry":{"type":"Polygon","coordinates":[[[-97.7436176,30.289867],[-97.7436015,30.2898658],[-97.7435397,30.2905086],[-97.7435557,30.2905097],[-97.7436176,30.289867]]]},"properties":{"kind":"solid","s":"balc","base":11.24,"h":11.58,"name":"Rambler"}},{"type":"Feature","geometry":{"type":"Polygon","coordinates":[[[-97.7430231,30.2897016],[-97.7429496,30.2904663],[-97.7429656,30.2904674],[-97.7430392,30.2897028],[-97.7430231,30.2897016]]]},"properties":{"kind":"solid","s":"balc","base":11.24,"h":11.58,"name":"Rambler"}},{"type":"Feature","geometry":{"type":"Polygon","coordinates":[[[-97.7432548,30.2899378],[-97.7432566,30.2899187],[-97.7432497,30.2899182],[-97.7432459,30.2899583],[-97.7432512,30.2899587],[-97.7432248,30.29024],[-97.7433189,30.2902466],[-97.7433258,30.2901732],[-97.7433189,30.2901727],[-97.7433403,30.2899437],[-97.7432548,30.2899378]]]},"properties":{"kind":"solid","s":"deck","base":0.0,"h":0.45,"name":"Rambler"}},{"type":"Feature","geometry":{"type":"Polygon","coordinates":[[[-97.743255,30.2900235],[-97.7432445,30.2901365],[-97.7433137,30.2901413],[-97.7433241,30.2900283],[-97.743255,30.2900235]]]},"properties":{"kind":"solid","s":"pool","base":0.45,"h":0.55,"name":"Rambler"}},{"type":"Feature","geometry":{"type":"Polygon","coordinates":[[[-97.7432574,30.2901307],[-97.7432482,30.2902304],[-97.7433285,30.2902359],[-97.7433377,30.2901363],[-97.7432574,30.2901307]]]},"properties":{"kind":"solid","s":"shade","base":3.65,"h":3.93,"name":"Rambler"}},{"type":"Feature","geometry":{"type":"Polygon","coordinates":[[[-97.7432752,30.290157],[-97.7432705,30.2902069],[-97.7433107,30.2902096],[-97.7433153,30.2901598],[-97.7432752,30.290157]]]},"properties":{"kind":"solid","s":"furn","base":0.45,"h":1.2,"name":"Rambler"}},{"type":"Feature","geometry":{"type":"Polygon","coordinates":[[[-97.7437393,30.2880715],[-97.7437492,30.2879797],[-97.7432616,30.2879402],[-97.7432518,30.2880299],[-97.7432033,30.288026],[-97.7431161,30.2888269],[-97.7436967,30.288874],[-97.7437836,30.2880751],[-97.7437393,30.2880715]]]},"properties":{"kind":"wall","band":"base","fam":"sp","wd":"#a09582","wg":"#af9c82","wn":"#191a1f","base":0.0,"h":5.0,"name":"2400 Nueces","cap":0,"stack":"main"}},{"type":"Feature","geometry":{"type":"Polygon","coordinates":[[[-97.7437393,30.2880715],[-97.7437492,30.2879797],[-97.7432616,30.2879402],[-97.7432518,30.2880299],[-97.7432033,30.288026],[-97.7431161,30.2888269],[-97.7436967,30.288874],[-97.7437836,30.2880751],[-97.7437393,30.2880715]]]},"properties":{"kind":"wall","band":"tower","fam":"mh","wd":"#9ea8af","wg":"#aeaca8","wn":"#191c24","base":5.0,"h":18.8,"name":"2400 Nueces","cap":0,"stack":"main"}},{"type":"Feature","geometry":{"type":"Polygon","coordinates":[[[-97.7437393,30.2880715],[-97.7437492,30.2879797],[-97.7432616,30.2879402],[-97.7432518,30.2880299],[-97.7432033,30.288026],[-97.7431161,30.2888269],[-97.7436967,30.288874],[-97.7437836,30.2880751],[-97.7437393,30.2880715]]]},"properties":{"kind":"wall","band":"crown","fam":"sf","wd":"#adb3b7","wg":"#bab5af","wn":"#1b1d25","base":18.8,"h":21.2,"name":"2400 Nueces","cap":1,"stack":"main","rd":"#b2b7bb","rg":"#beb8b2","rn":"#1b1d25"}},{"type":"Feature","geometry":{"type":"Polygon","coordinates":[[[-97.7432062,30.2880132],[-97.7431901,30.2880119],[-97.7431032,30.2888114],[-97.7431192,30.2888127],[-97.7432062,30.2880132]]]},"properties":{"kind":"solid","s":"balc","base":7.14,"h":7.48,"name":"2400 Nueces"}},{"type":"Feature","geometry":{"type":"Polygon","coordinates":[[[-97.7437995,30.2880633],[-97.7437835,30.288062],[-97.7436967,30.2888596],[-97.7437128,30.2888609],[-97.7437995,30.2880633]]]},"properties":{"kind":"solid","s":"balc","base":7.14,"h":7.48,"name":"2400 Nueces"}},{"type":"Feature","geometry":{"type":"Polygon","coordinates":[[[-97.7432062,30.2880132],[-97.7431901,30.2880119],[-97.7431032,30.2888114],[-97.7431192,30.2888127],[-97.7432062,30.2880132]]]},"properties":{"kind":"solid","s":"balc","base":10.59,"h":10.93,"name":"2400 Nueces"}},{"type":"Feature","geometry":{"type":"Polygon","coordinates":[[[-97.7437995,30.2880633],[-97.7437835,30.288062],[-97.7436967,30.2888596],[-97.7437128,30.2888609],[-97.7437995,30.2880633]]]},"properties":{"kind":"solid","s":"balc","base":10.59,"h":10.93,"name":"2400 Nueces"}},{"type":"Feature","geometry":{"type":"Polygon","coordinates":[[[-97.7432062,30.2880132],[-97.7431901,30.2880119],[-97.7431032,30.2888114],[-97.7431192,30.2888127],[-97.7432062,30.2880132]]]},"properties":{"kind":"solid","s":"balc","base":14.04,"h":14.38,"name":"2400 Nueces"}},{"type":"Feature","geometry":{"type":"Polygon","coordinates":[[[-97.7437995,30.2880633],[-97.7437835,30.288062],[-97.7436967,30.2888596],[-97.7437128,30.2888609],[-97.7437995,30.2880633]]]},"properties":{"kind":"solid","s":"balc","base":14.04,"h":14.38,"name":"2400 Nueces"}},{"type":"Feature","geometry":{"type":"Polygon","coordinates":[[[-97.7432062,30.2880132],[-97.7431901,30.2880119],[-97.7431032,30.2888114],[-97.7431192,30.2888127],[-97.7432062,30.2880132]]]},"properties":{"kind":"solid","s":"balc","base":17.49,"h":17.83,"name":"2400 Nueces"}},{"type":"Feature","geometry":{"type":"Polygon","coordinates":[[[-97.7437995,30.2880633],[-97.7437835,30.288062],[-97.7436967,30.2888596],[-97.7437128,30.2888609],[-97.7437995,30.2880633]]]},"properties":{"kind":"solid","s":"balc","base":17.49,"h":17.83,"name":"2400 Nueces"}},{"type":"Feature","geometry":{"type":"Polygon","coordinates":[[[-97.7459599,30.2853923],[-97.7459322,30.2857152],[-97.7463808,30.2857438],[-97.7464081,30.2854248],[-97.7462683,30.2854159],[-97.7462686,30.2854127],[-97.7462237,30.2854098],[-97.74621,30.2855692],[-97.7462192,30.2855698],[-97.7462036,30.285587],[-97.7461856,30.2855865],[-97.7461869,30.2855551],[-97.7461099,30.2855528],[-97.7461087,30.2855797],[-97.7460919,30.2855792],[-97.7460764,30.285558],[-97.7460864,30.2855586],[-97.7461004,30.2853948],[-97.7460555,30.285392],[-97.7460549,30.2853984],[-97.7459599,30.2853923]]]},"properties":{"kind":"wall","band":"base","fam":"sn","wd":"#7d5747","wg":"#926750","wn":"#151319","base":0.0,"h":5.0,"name":"The Quarters Grayson House","cap":0,"stack":"main"}},{"type":"Feature","geometry":{"type":"Polygon","coordinates":[[[-97.7459599,30.2853923],[-97.7459322,30.2857152],[-97.7463808,30.2857438],[-97.7464081,30.2854248],[-97.7462683,30.2854159],[-97.7462686,30.2854127],[-97.7462237,30.2854098],[-97.74621,30.2855692],[-97.7462192,30.2855698],[-97.7462036,30.285587],[-97.7461856,30.2855865],[-97.7461869,30.2855551],[-97.7461099,30.2855528],[-97.7461087,30.2855797],[-97.7460919,30.2855792],[-97.7460764,30.285558],[-97.7460864,30.2855586],[-97.7461004,30.2853948],[-97.7460555,30.285392],[-97.7460549,30.2853984],[-97.7459599,30.2853923]]]},"properties":{"kind":"wall","band":"tower","fam":"mh","wd":"#d5c6aa","wg":"#dcc5a4","wn":"#1f1f24","base":5.0,"h":25.8,"name":"The Quarters Grayson House","cap":0,"stack":"main"}},{"type":"Feature","geometry":{"type":"Polygon","coordinates":[[[-97.7459599,30.2853923],[-97.7459322,30.2857152],[-97.7463808,30.2857438],[-97.7464081,30.2854248],[-97.7462683,30.2854159],[-97.7462686,30.2854127],[-97.7462237,30.2854098],[-97.74621,30.2855692],[-97.7462192,30.2855698],[-97.7462036,30.285587],[-97.7461856,30.2855865],[-97.7461869,30.2855551],[-97.7461099,30.2855528],[-97.7461087,30.2855797],[-97.7460919,30.2855792],[-97.7460764,30.285558],[-97.7460864,30.2855586],[-97.7461004,30.2853948],[-97.7460555,30.285392],[-97.7460549,30.2853984],[-97.7459599,30.2853923]]]},"properties":{"kind":"wall","band":"crown","fam":"sf","wd":"#c4bfb3","wg":"#cdbfab","wn":"#1d1e25","base":25.8,"h":28.4,"name":"The Quarters Grayson House","cap":1,"stack":"main","rd":"#c1bfb9","rg":"#cbbfb0","rn":"#1d1e25"}},{"type":"Feature","geometry":{"type":"Polygon","coordinates":[[[-97.7463643,30.2857414],[-97.7459489,30.2857149],[-97.7459477,30.2857288],[-97.7463631,30.2857553],[-97.7463643,30.2857414]]]},"properties":{"kind":"solid","s":"balc","base":7.15,"h":7.49,"name":"The Quarters Grayson House"}},{"type":"Feature","geometry":{"type":"Polygon","coordinates":[[[-97.7460416,30.2853784],[-97.7460411,30.2853845],[-97.7459775,30.2853804],[-97.7459769,30.2853883],[-97.7461153,30.2853971],[-97.7461165,30.2853832],[-97.7460416,30.2853784]]]},"properties":{"kind":"solid","s":"balc","base":7.15,"h":7.49,"name":"The Quarters Grayson House"}},{"type":"Feature","geometry":{"type":"Polygon","coordinates":[[[-97.7463926,30.2854108],[-97.7462846,30.2854039],[-97.7462849,30.2854007],[-97.7462098,30.2853958],[-97.7462092,30.2854031],[-97.7463923,30.2854148],[-97.7463926,30.2854108]]]},"properties":{"kind":"solid","s":"balc","base":7.15,"h":7.49,"name":"The Quarters Grayson House"}},{"type":"Feature","geometry":{"type":"Polygon","coordinates":[[[-97.7463643,30.2857414],[-97.7459489,30.2857149],[-97.7459477,30.2857288],[-97.7463631,30.2857553],[-97.7463643,30.2857414]]]},"properties":{"kind":"solid","s":"balc","base":10.62,"h":10.96,"name":"The Quarters Grayson House"}},{"type":"Feature","geometry":{"type":"Polygon","coordinates":[[[-97.7460416,30.2853784],[-97.7460411,30.2853845],[-97.7459775,30.2853804],[-97.7459769,30.2853883],[-97.7461153,30.2853971],[-97.7461165,30.2853832],[-97.7460416,30.2853784]]]},"properties":{"kind":"solid","s":"balc","base":10.62,"h":10.96,"name":"The Quarters Grayson House"}},{"type":"Feature","geometry":{"type":"Polygon","coordinates":[[[-97.7463926,30.2854108],[-97.7462846,30.2854039],[-97.7462849,30.2854007],[-97.7462098,30.2853958],[-97.7462092,30.2854031],[-97.7463923,30.2854148],[-97.7463926,30.2854108]]]},"properties":{"kind":"solid","s":"balc","base":10.62,"h":10.96,"name":"The Quarters Grayson House"}},{"type":"Feature","geometry":{"type":"Polygon","coordinates":[[[-97.7463643,30.2857414],[-97.7459489,30.2857149],[-97.7459477,30.2857288],[-97.7463631,30.2857553],[-97.7463643,30.2857414]]]},"properties":{"kind":"solid","s":"balc","base":14.08,"h":14.42,"name":"The Quarters Grayson House"}},{"type":"Feature","geometry":{"type":"Polygon","coordinates":[[[-97.7460416,30.2853784],[-97.7460411,30.2853845],[-97.7459775,30.2853804],[-97.7459769,30.2853883],[-97.7461153,30.2853971],[-97.7461165,30.2853832],[-97.7460416,30.2853784]]]},"properties":{"kind":"solid","s":"balc","base":14.08,"h":14.42,"name":"The Quarters Grayson House"}},{"type":"Feature","geometry":{"type":"Polygon","coordinates":[[[-97.7463926,30.2854108],[-97.7462846,30.2854039],[-97.7462849,30.2854007],[-97.7462098,30.2853958],[-97.7462092,30.2854031],[-97.7463923,30.2854148],[-97.7463926,30.2854108]]]},"properties":{"kind":"solid","s":"balc","base":14.08,"h":14.42,"name":"The Quarters Grayson House"}},{"type":"Feature","geometry":{"type":"Polygon","coordinates":[[[-97.7463643,30.2857414],[-97.7459489,30.2857149],[-97.7459477,30.2857288],[-97.7463631,30.2857553],[-97.7463643,30.2857414]]]},"properties":{"kind":"solid","s":"balc","base":17.55,"h":17.89,"name":"The Quarters Grayson House"}},{"type":"Feature","geometry":{"type":"Polygon","coordinates":[[[-97.7460416,30.2853784],[-97.7460411,30.2853845],[-97.7459775,30.2853804],[-97.7459769,30.2853883],[-97.7461153,30.2853971],[-97.7461165,30.2853832],[-97.7460416,30.2853784]]]},"properties":{"kind":"solid","s":"balc","base":17.55,"h":17.89,"name":"The Quarters Grayson House"}},{"type":"Feature","geometry":{"type":"Polygon","coordinates":[[[-97.7463926,30.2854108],[-97.7462846,30.2854039],[-97.7462849,30.2854007],[-97.7462098,30.2853958],[-97.7462092,30.2854031],[-97.7463923,30.2854148],[-97.7463926,30.2854108]]]},"properties":{"kind":"solid","s":"balc","base":17.55,"h":17.89,"name":"The Quarters Grayson House"}},{"type":"Feature","geometry":{"type":"Polygon","coordinates":[[[-97.7463643,30.2857414],[-97.7459489,30.2857149],[-97.7459477,30.2857288],[-97.7463631,30.2857553],[-97.7463643,30.2857414]]]},"properties":{"kind":"solid","s":"balc","base":21.02,"h":21.36,"name":"The Quarters Grayson House"}},{"type":"Feature","geometry":{"type":"Polygon","coordinates":[[[-97.7460416,30.2853784],[-97.7460411,30.2853845],[-97.7459775,30.2853804],[-97.7459769,30.2853883],[-97.7461153,30.2853971],[-97.7461165,30.2853832],[-97.7460416,30.2853784]]]},"properties":{"kind":"solid","s":"balc","base":21.02,"h":21.36,"name":"The Quarters Grayson House"}},{"type":"Feature","geometry":{"type":"Polygon","coordinates":[[[-97.7463926,30.2854108],[-97.7462846,30.2854039],[-97.7462849,30.2854007],[-97.7462098,30.2853958],[-97.7462092,30.2854031],[-97.7463923,30.2854148],[-97.7463926,30.2854108]]]},"properties":{"kind":"solid","s":"balc","base":21.02,"h":21.36,"name":"The Quarters Grayson House"}},{"type":"Feature","geometry":{"type":"Polygon","coordinates":[[[-97.7463643,30.2857414],[-97.7459489,30.2857149],[-97.7459477,30.2857288],[-97.7463631,30.2857553],[-97.7463643,30.2857414]]]},"properties":{"kind":"solid","s":"balc","base":24.48,"h":24.82,"name":"The Quarters Grayson House"}},{"type":"Feature","geometry":{"type":"Polygon","coordinates":[[[-97.7460416,30.2853784],[-97.7460411,30.2853845],[-97.7459775,30.2853804],[-97.7459769,30.2853883],[-97.7461153,30.2853971],[-97.7461165,30.2853832],[-97.7460416,30.2853784]]]},"properties":{"kind":"solid","s":"balc","base":24.48,"h":24.82,"name":"The Quarters Grayson House"}},{"type":"Feature","geometry":{"type":"Polygon","coordinates":[[[-97.7463926,30.2854108],[-97.7462846,30.2854039],[-97.7462849,30.2854007],[-97.7462098,30.2853958],[-97.7462092,30.2854031],[-97.7463923,30.2854148],[-97.7463926,30.2854108]]]},"properties":{"kind":"solid","s":"balc","base":24.48,"h":24.82,"name":"The Quarters Grayson House"}},{"type":"Feature","geometry":{"type":"Polygon","coordinates":[[[-97.7458055,30.285089],[-97.7457525,30.285085],[-97.7457425,30.285194],[-97.7457795,30.285196],[-97.7457805,30.285192],[-97.7458215,30.285195],[-97.7458215,30.285198],[-97.7458645,30.285201],[-97.7458655,30.285195],[-97.7459265,30.285199],[-97.7459255,30.285206],[-97.7459775,30.28521],[-97.7459775,30.285203],[-97.7460385,30.285207],[-97.7460375,30.285213],[-97.7460885,30.285217],[-97.7460895,30.285211],[-97.7461495,30.285215],[-97.7461495,30.285221],[-97.7461995,30.285224],[-97.7462005,30.285219],[-97.7462625,30.285223],[-97.7462615,30.285229],[-97.7463105,30.285232],[-97.7463115,30.285227],[-97.7463465,30.28523],[-97.7463475,30.285224],[-97.7463775,30.285227],[-97.7463775,30.28523],[-97.7464025,30.285232],[-97.7464025,30.285228],[-97.7464385,30.28523],[-97.7464475,30.285135],[-97.7464335,30.285134],[-97.7464365,30.285103],[-97.7464315,30.285102],[-97.7464335,30.285077],[-97.7464425,30.285078],[-97.7464465,30.285036],[-97.7464355,30.285036],[-97.7464375,30.285011],[-97.7464565,30.285012],[-97.7464595,30.284983],[-97.7464635,30.284983],[-97.7464675,30.284945],[-97.7464605,30.284945],[-97.7464665,30.284875],[-97.7464735,30.284876],[-97.7464765,30.284841],[-97.7464575,30.28484],[-97.7464595,30.28481],[-97.7464755,30.284812],[-97.7464845,30.284716],[-97.7464285,30.284712],[-97.7464285,30.284717],[-97.7463885,30.284714],[-97.7463895,30.284709],[-97.7463055,30.284703],[-97.7463055,30.284706],[-97.7462685,30.284704],[-97.7462605,30.284796],[-97.7462765,30.284797],[-97.7462735,30.28483],[-97.7462785,30.28483],[-97.7462615,30.285022],[-97.7462735,30.285023],[-97.7462725,30.285037],[-97.7462415,30.285035],[-97.7462365,30.285097],[-97.7461795,30.285093],[-97.7461845,30.285037],[-97.7461465,30.285034],[-97.7461465,30.285037],[-97.7460965,30.285034],[-97.7460965,30.285031],[-97.7460645,30.285028],[-97.7460595,30.285085],[-97.7460215,30.285083],[-97.7460275,30.285015],[-97.7460095,30.285014],[-97.7460105,30.285005],[-97.7460235,30.285006],[-97.7460265,30.284969],[-97.7460205,30.284968],[-97.7460245,30.284934],[-97.7460305,30.284934],[-97.7460335,30.284899],[-97.7460305,30.284899],[-97.7460335,30.284861],[-97.7460375,30.284861],[-97.7460405,30.284826],[-97.7460315,30.284825],[-97.7460355,30.28478],[-97.7460515,30.284781],[-97.7460595,30.284688],[-97.7460045,30.284682],[-97.7460035,30.284685],[-97.7458425,30.284674],[-97.7458335,30.284766],[-97.7458505,30.284767],[-97.7458485,30.284798],[-97.7458525,30.284798],[-97.7458345,30.284994],[-97.7458165,30.284993],[-97.7458105,30.285065],[-97.7458075,30.285065],[-97.7458055,30.285089]]]},"properties":{"kind":"wall","band":"base","fam":"sn","wd":"#7d5747","wg":"#926750","wn":"#151319","base":0.0,"h":5.0,"name":"The Quarters Sterling House","cap":0,"stack":"main"}},{"type":"Feature","geometry":{"type":"Polygon","coordinates":[[[-97.7458055,30.285089],[-97.7457525,30.285085],[-97.7457425,30.285194],[-97.7457795,30.285196],[-97.7457805,30.285192],[-97.7458215,30.285195],[-97.7458215,30.285198],[-97.7458645,30.285201],[-97.7458655,30.285195],[-97.7459265,30.285199],[-97.7459255,30.285206],[-97.7459775,30.28521],[-97.7459775,30.285203],[-97.7460385,30.285207],[-97.7460375,30.285213],[-97.7460885,30.285217],[-97.7460895,30.285211],[-97.7461495,30.285215],[-97.7461495,30.285221],[-97.7461995,30.285224],[-97.7462005,30.285219],[-97.7462625,30.285223],[-97.7462615,30.285229],[-97.7463105,30.285232],[-97.7463115,30.285227],[-97.7463465,30.28523],[-97.7463475,30.285224],[-97.7463775,30.285227],[-97.7463775,30.28523],[-97.7464025,30.285232],[-97.7464025,30.285228],[-97.7464385,30.28523],[-97.7464475,30.285135],[-97.7464335,30.285134],[-97.7464365,30.285103],[-97.7464315,30.285102],[-97.7464335,30.285077],[-97.7464425,30.285078],[-97.7464465,30.285036],[-97.7464355,30.285036],[-97.7464375,30.285011],[-97.7464565,30.285012],[-97.7464595,30.284983],[-97.7464635,30.284983],[-97.7464675,30.284945],[-97.7464605,30.284945],[-97.7464665,30.284875],[-97.7464735,30.284876],[-97.7464765,30.284841],[-97.7464575,30.28484],[-97.7464595,30.28481],[-97.7464755,30.284812],[-97.7464845,30.284716],[-97.7464285,30.284712],[-97.7464285,30.284717],[-97.7463885,30.284714],[-97.7463895,30.284709],[-97.7463055,30.284703],[-97.7463055,30.284706],[-97.7462685,30.284704],[-97.7462605,30.284796],[-97.7462765,30.284797],[-97.7462735,30.28483],[-97.7462785,30.28483],[-97.7462615,30.285022],[-97.7462735,30.285023],[-97.7462725,30.285037],[-97.7462415,30.285035],[-97.7462365,30.285097],[-97.7461795,30.285093],[-97.7461845,30.285037],[-97.7461465,30.285034],[-97.7461465,30.285037],[-97.7460965,30.285034],[-97.7460965,30.285031],[-97.7460645,30.285028],[-97.7460595,30.285085],[-97.7460215,30.285083],[-97.7460275,30.285015],[-97.7460095,30.285014],[-97.7460105,30.285005],[-97.7460235,30.285006],[-97.7460265,30.284969],[-97.7460205,30.284968],[-97.7460245,30.284934],[-97.7460305,30.284934],[-97.7460335,30.284899],[-97.7460305,30.284899],[-97.7460335,30.284861],[-97.7460375,30.284861],[-97.7460405,30.284826],[-97.7460315,30.284825],[-97.7460355,30.28478],[-97.7460515,30.284781],[-97.7460595,30.284688],[-97.7460045,30.284682],[-97.7460035,30.284685],[-97.7458425,30.284674],[-97.7458335,30.284766],[-97.7458505,30.284767],[-97.7458485,30.284798],[-97.7458525,30.284798],[-97.7458345,30.284994],[-97.7458165,30.284993],[-97.7458105,30.285065],[-97.7458075,30.285065],[-97.7458055,30.285089]]]},"properties":{"kind":"wall","band":"tower","fam":"mh","wd":"#d5c6aa","wg":"#dcc5a4","wn":"#1f1f24","base":5.0,"h":22.4,"name":"The Quarters Sterling House","cap":0,"stack":"main"}},{"type":"Feature","geometry":{"type":"Polygon","coordinates":[[[-97.7458055,30.285089],[-97.7457525,30.285085],[-97.7457425,30.285194],[-97.7457795,30.285196],[-97.7457805,30.285192],[-97.7458215,30.285195],[-97.7458215,30.285198],[-97.7458645,30.285201],[-97.7458655,30.285195],[-97.7459265,30.285199],[-97.7459255,30.285206],[-97.7459775,30.28521],[-97.7459775,30.285203],[-97.7460385,30.285207],[-97.7460375,30.285213],[-97.7460885,30.285217],[-97.7460895,30.285211],[-97.7461495,30.285215],[-97.7461495,30.285221],[-97.7461995,30.285224],[-97.7462005,30.285219],[-97.7462625,30.285223],[-97.7462615,30.285229],[-97.7463105,30.285232],[-97.7463115,30.285227],[-97.7463465,30.28523],[-97.7463475,30.285224],[-97.7463775,30.285227],[-97.7463775,30.28523],[-97.7464025,30.285232],[-97.7464025,30.285228],[-97.7464385,30.28523],[-97.7464475,30.285135],[-97.7464335,30.285134],[-97.7464365,30.285103],[-97.7464315,30.285102],[-97.7464335,30.285077],[-97.7464425,30.285078],[-97.7464465,30.285036],[-97.7464355,30.285036],[-97.7464375,30.285011],[-97.7464565,30.285012],[-97.7464595,30.284983],[-97.7464635,30.284983],[-97.7464675,30.284945],[-97.7464605,30.284945],[-97.7464665,30.284875],[-97.7464735,30.284876],[-97.7464765,30.284841],[-97.7464575,30.28484],[-97.7464595,30.28481],[-97.7464755,30.284812],[-97.7464845,30.284716],[-97.7464285,30.284712],[-97.7464285,30.284717],[-97.7463885,30.284714],[-97.7463895,30.284709],[-97.7463055,30.284703],[-97.7463055,30.284706],[-97.7462685,30.284704],[-97.7462605,30.284796],[-97.7462765,30.284797],[-97.7462735,30.28483],[-97.7462785,30.28483],[-97.7462615,30.285022],[-97.7462735,30.285023],[-97.7462725,30.285037],[-97.7462415,30.285035],[-97.7462365,30.285097],[-97.7461795,30.285093],[-97.7461845,30.285037],[-97.7461465,30.285034],[-97.7461465,30.285037],[-97.7460965,30.285034],[-97.7460965,30.285031],[-97.7460645,30.285028],[-97.7460595,30.285085],[-97.7460215,30.285083],[-97.7460275,30.285015],[-97.7460095,30.285014],[-97.7460105,30.285005],[-97.7460235,30.285006],[-97.7460265,30.284969],[-97.7460205,30.284968],[-97.7460245,30.284934],[-97.7460305,30.284934],[-97.7460335,30.284899],[-97.7460305,30.284899],[-97.7460335,30.284861],[-97.7460375,30.284861],[-97.7460405,30.284826],[-97.7460315,30.284825],[-97.7460355,30.28478],[-97.7460515,30.284781],[-97.7460595,30.284688],[-97.7460045,30.284682],[-97.7460035,30.284685],[-97.7458425,30.284674],[-97.7458335,30.284766],[-97.7458505,30.284767],[-97.7458485,30.284798],[-97.7458525,30.284798],[-97.7458345,30.284994],[-97.7458165,30.284993],[-97.7458105,30.285065],[-97.7458075,30.285065],[-97.7458055,30.285089]]]},"properties":{"kind":"wall","band":"crown","fam":"sf","wd":"#c4bfb3","wg":"#cdbfab","wn":"#1d1e25","base":22.4,"h":24.8,"name":"The Quarters Sterling House","cap":1,"stack":"main","rd":"#c1bfb9","rg":"#cbbfb0","rn":"#1d1e25"}},{"type":"Feature","geometry":{"type":"Polygon","coordinates":[[[-97.7460746,30.2846881],[-97.7460756,30.2846766],[-97.7460171,30.2846702],[-97.7459933,30.2846686],[-97.7459924,30.2846712],[-97.7458287,30.28466],[-97.7458276,30.2846713],[-97.7460746,30.2846881]]]},"properties":{"kind":"solid","s":"balc","base":7.16,"h":7.5,"name":"The Quarters Sterling House"}},{"type":"Feature","geometry":{"type":"Polygon","coordinates":[[[-97.7464731,30.2847021],[-97.7464134,30.2846979],[-97.7464134,30.2847028],[-97.7464062,30.2847022],[-97.7464072,30.2846972],[-97.7463207,30.284691],[-97.7462904,30.2846889],[-97.7462904,30.2846921],[-97.7462546,30.2846902],[-97.7462537,30.2847004],[-97.7464719,30.2847153],[-97.7464731,30.2847021]]]},"properties":{"kind":"solid","s":"balc","base":7.16,"h":7.5,"name":"The Quarters Sterling House"}},{"type":"Feature","geometry":{"type":"Polygon","coordinates":[[[-97.7457728,30.2852087],[-97.7457915,30.2852097],[-97.7457924,30.2852059],[-97.7458064,30.285207],[-97.7458064,30.28521],[-97.7458774,30.285215],[-97.7458784,30.2852089],[-97.7459096,30.285211],[-97.7459086,30.2852178],[-97.7459323,30.2852196],[-97.7459926,30.2852237],[-97.7459926,30.2852171],[-97.7460213,30.2852189],[-97.7460203,30.2852247],[-97.7461014,30.2852311],[-97.7461024,30.2852249],[-97.7461344,30.2852271],[-97.7461344,30.2852332],[-97.746212,30.2852378],[-97.746213,30.2852329],[-97.7462453,30.285235],[-97.7462443,30.2852409],[-97.7462528,30.2852415],[-97.746323,30.2852458],[-97.746324,30.2852412],[-97.7463594,30.2852442],[-97.7463603,30.2852384],[-97.7463624,30.2852386],[-97.7463624,30.2852419],[-97.7464176,30.2852463],[-97.7464176,30.2852419],[-97.7464235,30.2852422],[-97.7464238,30.2852393],[-97.7457592,30.2851938],[-97.7457579,30.2852077],[-97.7457728,30.2852087]]]},"properties":{"kind":"solid","s":"balc","base":7.16,"h":7.5,"name":"The Quarters Sterling House"}},{"type":"Feature","geometry":{"type":"Polygon","coordinates":[[[-97.7460746,30.2846881],[-97.7460756,30.2846766],[-97.7460171,30.2846702],[-97.7459933,30.2846686],[-97.7459924,30.2846712],[-97.7458287,30.28466],[-97.7458276,30.2846713],[-97.7460746,30.2846881]]]},"properties":{"kind":"solid","s":"balc","base":10.64,"h":10.98,"name":"The Quarters Sterling House"}},{"type":"Feature","geometry":{"type":"Polygon","coordinates":[[[-97.7464731,30.2847021],[-97.7464134,30.2846979],[-97.7464134,30.2847028],[-97.7464062,30.2847022],[-97.7464072,30.2846972],[-97.7463207,30.284691],[-97.7462904,30.2846889],[-97.7462904,30.2846921],[-97.7462546,30.2846902],[-97.7462537,30.2847004],[-97.7464719,30.2847153],[-97.7464731,30.2847021]]]},"properties":{"kind":"solid","s":"balc","base":10.64,"h":10.98,"name":"The Quarters Sterling House"}},{"type":"Feature","geometry":{"type":"Polygon","coordinates":[[[-97.7457728,30.2852087],[-97.7457915,30.2852097],[-97.7457924,30.2852059],[-97.7458064,30.285207],[-97.7458064,30.28521],[-97.7458774,30.285215],[-97.7458784,30.2852089],[-97.7459096,30.285211],[-97.7459086,30.2852178],[-97.7459323,30.2852196],[-97.7459926,30.2852237],[-97.7459926,30.2852171],[-97.7460213,30.2852189],[-97.7460203,30.2852247],[-97.7461014,30.2852311],[-97.7461024,30.2852249],[-97.7461344,30.2852271],[-97.7461344,30.2852332],[-97.746212,30.2852378],[-97.746213,30.2852329],[-97.7462453,30.285235],[-97.7462443,30.2852409],[-97.7462528,30.2852415],[-97.746323,30.2852458],[-97.746324,30.2852412],[-97.7463594,30.2852442],[-97.7463603,30.2852384],[-97.7463624,30.2852386],[-97.7463624,30.2852419],[-97.7464176,30.2852463],[-97.7464176,30.2852419],[-97.7464235,30.2852422],[-97.7464238,30.2852393],[-97.7457592,30.2851938],[-97.7457579,30.2852077],[-97.7457728,30.2852087]]]},"properties":{"kind":"solid","s":"balc","base":10.64,"h":10.98,"name":"The Quarters Sterling House"}},{"type":"Feature","geometry":{"type":"Polygon","coordinates":[[[-97.7460746,30.2846881],[-97.7460756,30.2846766],[-97.7460171,30.2846702],[-97.7459933,30.2846686],[-97.7459924,30.2846712],[-97.7458287,30.28466],[-97.7458276,30.2846713],[-97.7460746,30.2846881]]]},"properties":{"kind":"solid","s":"balc","base":14.12,"h":14.46,"name":"The Quarters Sterling House"}},{"type":"Feature","geometry":{"type":"Polygon","coordinates":[[[-97.7464731,30.2847021],[-97.7464134,30.2846979],[-97.7464134,30.2847028],[-97.7464062,30.2847022],[-97.7464072,30.2846972],[-97.7463207,30.284691],[-97.7462904,30.2846889],[-97.7462904,30.2846921],[-97.7462546,30.2846902],[-97.7462537,30.2847004],[-97.7464719,30.2847153],[-97.7464731,30.2847021]]]},"properties":{"kind":"solid","s":"balc","base":14.12,"h":14.46,"name":"The Quarters Sterling House"}},{"type":"Feature","geometry":{"type":"Polygon","coordinates":[[[-97.7457728,30.2852087],[-97.7457915,30.2852097],[-97.7457924,30.2852059],[-97.7458064,30.285207],[-97.7458064,30.28521],[-97.7458774,30.285215],[-97.7458784,30.2852089],[-97.7459096,30.285211],[-97.7459086,30.2852178],[-97.7459323,30.2852196],[-97.7459926,30.2852237],[-97.7459926,30.2852171],[-97.7460213,30.2852189],[-97.7460203,30.2852247],[-97.7461014,30.2852311],[-97.7461024,30.2852249],[-97.7461344,30.2852271],[-97.7461344,30.2852332],[-97.746212,30.2852378],[-97.746213,30.2852329],[-97.7462453,30.285235],[-97.7462443,30.2852409],[-97.7462528,30.2852415],[-97.746323,30.2852458],[-97.746324,30.2852412],[-97.7463594,30.2852442],[-97.7463603,30.2852384],[-97.7463624,30.2852386],[-97.7463624,30.2852419],[-97.7464176,30.2852463],[-97.7464176,30.2852419],[-97.7464235,30.2852422],[-97.7464238,30.2852393],[-97.7457592,30.2851938],[-97.7457579,30.2852077],[-97.7457728,30.2852087]]]},"properties":{"kind":"solid","s":"balc","base":14.12,"h":14.46,"name":"The Quarters Sterling House"}},{"type":"Feature","geometry":{"type":"Polygon","coordinates":[[[-97.7460746,30.2846881],[-97.7460756,30.2846766],[-97.7460171,30.2846702],[-97.7459933,30.2846686],[-97.7459924,30.2846712],[-97.7458287,30.28466],[-97.7458276,30.2846713],[-97.7460746,30.2846881]]]},"properties":{"kind":"solid","s":"balc","base":17.6,"h":17.94,"name":"The Quarters Sterling House"}},{"type":"Feature","geometry":{"type":"Polygon","coordinates":[[[-97.7464731,30.2847021],[-97.7464134,30.2846979],[-97.7464134,30.2847028],[-97.7464062,30.2847022],[-97.7464072,30.2846972],[-97.7463207,30.284691],[-97.7462904,30.2846889],[-97.7462904,30.2846921],[-97.7462546,30.2846902],[-97.7462537,30.2847004],[-97.7464719,30.2847153],[-97.7464731,30.2847021]]]},"properties":{"kind":"solid","s":"balc","base":17.6,"h":17.94,"name":"The Quarters Sterling House"}},{"type":"Feature","geometry":{"type":"Polygon","coordinates":[[[-97.7457728,30.2852087],[-97.7457915,30.2852097],[-97.7457924,30.2852059],[-97.7458064,30.285207],[-97.7458064,30.28521],[-97.7458774,30.285215],[-97.7458784,30.2852089],[-97.7459096,30.285211],[-97.7459086,30.2852178],[-97.7459323,30.2852196],[-97.7459926,30.2852237],[-97.7459926,30.2852171],[-97.7460213,30.2852189],[-97.7460203,30.2852247],[-97.7461014,30.2852311],[-97.7461024,30.2852249],[-97.7461344,30.2852271],[-97.7461344,30.2852332],[-97.746212,30.2852378],[-97.746213,30.2852329],[-97.7462453,30.285235],[-97.7462443,30.2852409],[-97.7462528,30.2852415],[-97.746323,30.2852458],[-97.746324,30.2852412],[-97.7463594,30.2852442],[-97.7463603,30.2852384],[-97.7463624,30.2852386],[-97.7463624,30.2852419],[-97.7464176,30.2852463],[-97.7464176,30.2852419],[-97.7464235,30.2852422],[-97.7464238,30.2852393],[-97.7457592,30.2851938],[-97.7457579,30.2852077],[-97.7457728,30.2852087]]]},"properties":{"kind":"solid","s":"balc","base":17.6,"h":17.94,"name":"The Quarters Sterling House"}},{"type":"Feature","geometry":{"type":"Polygon","coordinates":[[[-97.7460746,30.2846881],[-97.7460756,30.2846766],[-97.7460171,30.2846702],[-97.7459933,30.2846686],[-97.7459924,30.2846712],[-97.7458287,30.28466],[-97.7458276,30.2846713],[-97.7460746,30.2846881]]]},"properties":{"kind":"solid","s":"balc","base":21.08,"h":21.42,"name":"The Quarters Sterling House"}},{"type":"Feature","geometry":{"type":"Polygon","coordinates":[[[-97.7464731,30.2847021],[-97.7464134,30.2846979],[-97.7464134,30.2847028],[-97.7464062,30.2847022],[-97.7464072,30.2846972],[-97.7463207,30.284691],[-97.7462904,30.2846889],[-97.7462904,30.2846921],[-97.7462546,30.2846902],[-97.7462537,30.2847004],[-97.7464719,30.2847153],[-97.7464731,30.2847021]]]},"properties":{"kind":"solid","s":"balc","base":21.08,"h":21.42,"name":"The Quarters Sterling House"}},{"type":"Feature","geometry":{"type":"Polygon","coordinates":[[[-97.7457728,30.2852087],[-97.7457915,30.2852097],[-97.7457924,30.2852059],[-97.7458064,30.285207],[-97.7458064,30.28521],[-97.7458774,30.285215],[-97.7458784,30.2852089],[-97.7459096,30.285211],[-97.7459086,30.2852178],[-97.7459323,30.2852196],[-97.7459926,30.2852237],[-97.7459926,30.2852171],[-97.7460213,30.2852189],[-97.7460203,30.2852247],[-97.7461014,30.2852311],[-97.7461024,30.2852249],[-97.7461344,30.2852271],[-97.7461344,30.2852332],[-97.746212,30.2852378],[-97.746213,30.2852329],[-97.7462453,30.285235],[-97.7462443,30.2852409],[-97.7462528,30.2852415],[-97.746323,30.2852458],[-97.746324,30.2852412],[-97.7463594,30.2852442],[-97.7463603,30.2852384],[-97.7463624,30.2852386],[-97.7463624,30.2852419],[-97.7464176,30.2852463],[-97.7464176,30.2852419],[-97.7464235,30.2852422],[-97.7464238,30.2852393],[-97.7457592,30.2851938],[-97.7457579,30.2852077],[-97.7457728,30.2852087]]]},"properties":{"kind":"solid","s":"balc","base":21.08,"h":21.42,"name":"The Quarters Sterling House"}},{"type":"Feature","geometry":{"type":"Polygon","coordinates":[[[-97.748958,30.2913217],[-97.7490055,30.2913252],[-97.7490841,30.2912756],[-97.7490881,30.291215],[-97.7491057,30.2912159],[-97.7491031,30.2912558],[-97.7491464,30.2912579],[-97.7491469,30.2912508],[-97.7491914,30.291253],[-97.7491909,30.2912608],[-97.7492363,30.291263],[-97.7492386,30.2912272],[-97.7492503,30.2912278],[-97.7492499,30.2912349],[-97.7492632,30.2912355],[-97.7492611,30.2912696],[-97.7493138,30.291272],[-97.7493144,30.2912635],[-97.7493484,30.291265],[-97.7493478,30.2912744],[-97.7493861,30.2912762],[-97.7493884,30.291239],[-97.7494029,30.2912396],[-97.7494005,30.2912774],[-97.7495325,30.2912834],[-97.7495356,30.2912337],[-97.7495609,30.2912348],[-97.7496431,30.2912086],[-97.7496442,30.2911913],[-97.7496692,30.2911925],[-97.7496781,30.2910564],[-97.7496401,30.2910546],[-97.7496415,30.2910328],[-97.7496808,30.2910347],[-97.7496833,30.2909969],[-97.7496392,30.2909948],[-97.7496402,30.2909803],[-97.7496843,30.2909825],[-97.7496854,30.2909656],[-97.7496992,30.2909525],[-97.7497226,30.2909537],[-97.7497252,30.2909178],[-97.7497435,30.2909188],[-97.7497411,30.2909532],[-97.749808,30.2909567],[-97.7498198,30.2907903],[-97.7496381,30.2907807],[-97.7496353,30.2908194],[-97.7496014,30.2908177],[-97.7496041,30.2907784],[-97.7494895,30.2907726],[-97.7494868,30.2908133],[-97.7494407,30.290811],[-97.7494439,30.2907626],[-97.7493209,30.2907566],[-97.7493184,30.2907954],[-97.7492975,30.2907945],[-97.7493007,30.2907446],[-97.7492012,30.29074],[-97.7491965,30.2908165],[-97.7492108,30.2908172],[-97.7492088,30.2908499],[-97.7491977,30.2908494],[-97.7491954,30.2908884],[-97.7492319,30.29089],[-97.7492304,30.2909147],[-97.7491946,30.2909131],[-97.7491899,30.2909931],[-97.7491809,30.2909928],[-97.7491784,30.2910357],[-97.7492196,30.2910374],[-97.749219,30.2910482],[-97.7492316,30.2910488],[-97.7492309,30.2910606],[-97.7491875,30.2910587],[-97.7491863,30.2910805],[-97.7491747,30.2910895],[-97.7491478,30.2910875],[-97.7491442,30.2911248],[-97.7491211,30.2911231],[-97.7491273,30.2910597],[-97.7489998,30.2910504],[-97.7489966,30.2910832],[-97.7489814,30.2910821],[-97.748958,30.2913217]]]},"properties":{"kind":"wall","band":"base","fam":"sg","wd":"#454b51","wg":"#635d59","wn":"#0f121a","base":0.0,"h":4.6,"name":"The Nine at West Campus","cap":0,"stack":"main"}},{"type":"Feature","geometry":{"type":"Polygon","coordinates":[[[-97.748958,30.2913217],[-97.7490055,30.2913252],[-97.7490841,30.2912756],[-97.7490881,30.291215],[-97.7491057,30.2912159],[-97.7491031,30.2912558],[-97.7491464,30.2912579],[-97.7491469,30.2912508],[-97.7491914,30.291253],[-97.7491909,30.2912608],[-97.7492363,30.291263],[-97.7492386,30.2912272],[-97.7492503,30.2912278],[-97.7492499,30.2912349],[-97.7492632,30.2912355],[-97.7492611,30.2912696],[-97.7493138,30.291272],[-97.7493144,30.2912635],[-97.7493484,30.291265],[-97.7493478,30.2912744],[-97.7493861,30.2912762],[-97.7493884,30.291239],[-97.7494029,30.2912396],[-97.7494005,30.2912774],[-97.7495325,30.2912834],[-97.7495356,30.2912337],[-97.7495609,30.2912348],[-97.7496431,30.2912086],[-97.7496442,30.2911913],[-97.7496692,30.2911925],[-97.7496781,30.2910564],[-97.7496401,30.2910546],[-97.7496415,30.2910328],[-97.7496808,30.2910347],[-97.7496833,30.2909969],[-97.7496392,30.2909948],[-97.7496402,30.2909803],[-97.7496843,30.2909825],[-97.7496854,30.2909656],[-97.7496992,30.2909525],[-97.7497226,30.2909537],[-97.7497252,30.2909178],[-97.7497435,30.2909188],[-97.7497411,30.2909532],[-97.749808,30.2909567],[-97.7498198,30.2907903],[-97.7496381,30.2907807],[-97.7496353,30.2908194],[-97.7496014,30.2908177],[-97.7496041,30.2907784],[-97.7494895,30.2907726],[-97.7494868,30.2908133],[-97.7494407,30.290811],[-97.7494439,30.2907626],[-97.7493209,30.2907566],[-97.7493184,30.2907954],[-97.7492975,30.2907945],[-97.7493007,30.2907446],[-97.7492012,30.29074],[-97.7491965,30.2908165],[-97.7492108,30.2908172],[-97.7492088,30.2908499],[-97.7491977,30.2908494],[-97.7491954,30.2908884],[-97.7492319,30.29089],[-97.7492304,30.2909147],[-97.7491946,30.2909131],[-97.7491899,30.2909931],[-97.7491809,30.2909928],[-97.7491784,30.2910357],[-97.7492196,30.2910374],[-97.749219,30.2910482],[-97.7492316,30.2910488],[-97.7492309,30.2910606],[-97.7491875,30.2910587],[-97.7491863,30.2910805],[-97.7491747,30.2910895],[-97.7491478,30.2910875],[-97.7491442,30.2911248],[-97.7491211,30.2911231],[-97.7491273,30.2910597],[-97.7489998,30.2910504],[-97.7489966,30.2910832],[-97.7489814,30.2910821],[-97.748958,30.2913217]]]},"properties":{"kind":"wall","band":"tower","fam":"mh","wd":"#afaba2","wg":"#bcae9d","wn":"#1b1c23","base":4.6,"h":12.2,"name":"The Nine at West Campus","cap":0,"stack":"main"}},{"type":"Feature","geometry":{"type":"Polygon","coordinates":[[[-97.748958,30.2913217],[-97.7490055,30.2913252],[-97.7490841,30.2912756],[-97.7490881,30.291215],[-97.7491057,30.2912159],[-97.7491031,30.2912558],[-97.7491464,30.2912579],[-97.7491469,30.2912508],[-97.7491914,30.291253],[-97.7491909,30.2912608],[-97.7492363,30.291263],[-97.7492386,30.2912272],[-97.7492503,30.2912278],[-97.7492499,30.2912349],[-97.7492632,30.2912355],[-97.7492611,30.2912696],[-97.7493138,30.291272],[-97.7493144,30.2912635],[-97.7493484,30.291265],[-97.7493478,30.2912744],[-97.7493861,30.2912762],[-97.7493884,30.291239],[-97.7494029,30.2912396],[-97.7494005,30.2912774],[-97.7495325,30.2912834],[-97.7495356,30.2912337],[-97.7495609,30.2912348],[-97.7496431,30.2912086],[-97.7496442,30.2911913],[-97.7496692,30.2911925],[-97.7496781,30.2910564],[-97.7496401,30.2910546],[-97.7496415,30.2910328],[-97.7496808,30.2910347],[-97.7496833,30.2909969],[-97.7496392,30.2909948],[-97.7496402,30.2909803],[-97.7496843,30.2909825],[-97.7496854,30.2909656],[-97.7496992,30.2909525],[-97.7497226,30.2909537],[-97.7497252,30.2909178],[-97.7497435,30.2909188],[-97.7497411,30.2909532],[-97.749808,30.2909567],[-97.7498198,30.2907903],[-97.7496381,30.2907807],[-97.7496353,30.2908194],[-97.7496014,30.2908177],[-97.7496041,30.2907784],[-97.7494895,30.2907726],[-97.7494868,30.2908133],[-97.7494407,30.290811],[-97.7494439,30.2907626],[-97.7493209,30.2907566],[-97.7493184,30.2907954],[-97.7492975,30.2907945],[-97.7493007,30.2907446],[-97.7492012,30.29074],[-97.7491965,30.2908165],[-97.7492108,30.2908172],[-97.7492088,30.2908499],[-97.7491977,30.2908494],[-97.7491954,30.2908884],[-97.7492319,30.29089],[-97.7492304,30.2909147],[-97.7491946,30.2909131],[-97.7491899,30.2909931],[-97.7491809,30.2909928],[-97.7491784,30.2910357],[-97.7492196,30.2910374],[-97.749219,30.2910482],[-97.7492316,30.2910488],[-97.7492309,30.2910606],[-97.7491875,30.2910587],[-97.7491863,30.2910805],[-97.7491747,30.2910895],[-97.7491478,30.2910875],[-97.7491442,30.2911248],[-97.7491211,30.2911231],[-97.7491273,30.2910597],[-97.7489998,30.2910504],[-97.7489966,30.2910832],[-97.7489814,30.2910821],[-97.748958,30.2913217]]]},"properties":{"kind":"wall","band":"crown","fam":"sf","wd":"#c4bfb3","wg":"#cdbfab","wn":"#1d1e25","base":12.2,"h":14.4,"name":"The Nine at West Campus","cap":1,"stack":"main","rd":"#c1bfb9","rg":"#cbbfb0","rn":"#1d1e25"}},{"type":"Feature","geometry":{"type":"Polygon","coordinates":[[[-97.7494593,30.2907575],[-97.7494598,30.2907503],[-97.7493159,30.2907433],[-97.7493165,30.2907331],[-97.7492848,30.2907308],[-97.7491869,30.2907263],[-97.7491862,30.2907376],[-97.7494593,30.2907575]]]},"properties":{"kind":"solid","s":"balc","base":6.17,"h":6.51,"name":"The Nine at West Campus"}},{"type":"Feature","geometry":{"type":"Polygon","coordinates":[[[-97.7496198,30.2907692],[-97.7496201,30.2907662],[-97.7494828,30.2907592],[-97.7496198,30.2907692]]]},"properties":{"kind":"solid","s":"balc","base":6.17,"h":6.51,"name":"The Nine at West Campus"}},{"type":"Feature","geometry":{"type":"Polygon","coordinates":[[[-97.7498089,30.2907767],[-97.749624,30.2907669],[-97.7496238,30.2907695],[-97.7498083,30.2907829],[-97.7498089,30.2907767]]]},"properties":{"kind":"solid","s":"balc","base":6.17,"h":6.51,"name":"The Nine at West Campus"}},{"type":"Feature","geometry":{"type":"Polygon","coordinates":[[[-97.7490105,30.2913382],[-97.7490303,30.2913257],[-97.7489747,30.2913216],[-97.7489734,30.2913355],[-97.7490105,30.2913382]]]},"properties":{"kind":"solid","s":"balc","base":6.17,"h":6.51,"name":"The Nine at West Campus"}},{"type":"Feature","geometry":{"type":"Polygon","coordinates":[[[-97.7494593,30.2907575],[-97.7494598,30.2907503],[-97.7493159,30.2907433],[-97.7493165,30.2907331],[-97.7492848,30.2907308],[-97.7491869,30.2907263],[-97.7491862,30.2907376],[-97.7494593,30.2907575]]]},"properties":{"kind":"solid","s":"balc","base":8.7,"h":9.04,"name":"The Nine at West Campus"}},{"type":"Feature","geometry":{"type":"Polygon","coordinates":[[[-97.7496198,30.2907692],[-97.7496201,30.2907662],[-97.7494828,30.2907592],[-97.7496198,30.2907692]]]},"properties":{"kind":"solid","s":"balc","base":8.7,"h":9.04,"name":"The Nine at West Campus"}},{"type":"Feature","geometry":{"type":"Polygon","coordinates":[[[-97.7498089,30.2907767],[-97.749624,30.2907669],[-97.7496238,30.2907695],[-97.7498083,30.2907829],[-97.7498089,30.2907767]]]},"properties":{"kind":"solid","s":"balc","base":8.7,"h":9.04,"name":"The Nine at West Campus"}},{"type":"Feature","geometry":{"type":"Polygon","coordinates":[[[-97.7490105,30.2913382],[-97.7490303,30.2913257],[-97.7489747,30.2913216],[-97.7489734,30.2913355],[-97.7490105,30.2913382]]]},"properties":{"kind":"solid","s":"balc","base":8.7,"h":9.04,"name":"The Nine at West Campus"}},{"type":"Feature","geometry":{"type":"Polygon","coordinates":[[[-97.7494593,30.2907575],[-97.7494598,30.2907503],[-97.7493159,30.2907433],[-97.7493165,30.2907331],[-97.7492848,30.2907308],[-97.7491869,30.2907263],[-97.7491862,30.2907376],[-97.7494593,30.2907575]]]},"properties":{"kind":"solid","s":"balc","base":11.24,"h":11.58,"name":"The Nine at West Campus"}},{"type":"Feature","geometry":{"type":"Polygon","coordinates":[[[-97.7496198,30.2907692],[-97.7496201,30.2907662],[-97.7494828,30.2907592],[-97.7496198,30.2907692]]]},"properties":{"kind":"solid","s":"balc","base":11.24,"h":11.58,"name":"The Nine at West Campus"}},{"type":"Feature","geometry":{"type":"Polygon","coordinates":[[[-97.7498089,30.2907767],[-97.749624,30.2907669],[-97.7496238,30.2907695],[-97.7498083,30.2907829],[-97.7498089,30.2907767]]]},"properties":{"kind":"solid","s":"balc","base":11.24,"h":11.58,"name":"The Nine at West Campus"}},{"type":"Feature","geometry":{"type":"Polygon","coordinates":[[[-97.7490105,30.2913382],[-97.7490303,30.2913257],[-97.7489747,30.2913216],[-97.7489734,30.2913355],[-97.7490105,30.2913382]]]},"properties":{"kind":"solid","s":"balc","base":11.24,"h":11.58,"name":"The Nine at West Campus"}},{"type":"Feature","geometry":{"type":"Polygon","coordinates":[[[-97.744623,30.286243],[-97.744725,30.286251],[-97.744747,30.286035],[-97.744393,30.286009],[-97.74434,30.286535],[-97.744328,30.286534],[-97.744326,30.286558],[-97.744696,30.286586],[-97.74472,30.286351],[-97.744615,30.286343],[-97.744608,30.28641],[-97.744525,30.286404],[-97.744547,30.286184],[-97.744629,30.286191],[-97.744623,30.286243]]]},"properties":{"kind":"wall","band":"base","fam":"sp","wd":"#a09582","wg":"#af9c82","wn":"#191a1f","base":0.0,"h":5.2,"name":"Twenty Two 15","cap":0,"stack":"main"}},{"type":"Feature","geometry":{"type":"Polygon","coordinates":[[[-97.744623,30.286243],[-97.744725,30.286251],[-97.744747,30.286035],[-97.744393,30.286009],[-97.74434,30.286535],[-97.744328,30.286534],[-97.744326,30.286558],[-97.744696,30.286586],[-97.74472,30.286351],[-97.744615,30.286343],[-97.744608,30.28641],[-97.744525,30.286404],[-97.744547,30.286184],[-97.744629,30.286191],[-97.744623,30.286243]]]},"properties":{"kind":"wall","band":"tower","fam":"mh","wd":"#cdba98","wg":"#d5bb94","wn":"#1e1e22","base":5.2,"h":24.7,"name":"Twenty Two 15","cap":0,"stack":"main"}},{"type":"Feature","geometry":{"type":"Polygon","coordinates":[[[-97.744623,30.286243],[-97.744725,30.286251],[-97.744747,30.286035],[-97.744393,30.286009],[-97.74434,30.286535],[-97.744328,30.286534],[-97.744326,30.286558],[-97.744696,30.286586],[-97.74472,30.286351],[-97.744615,30.286343],[-97.744608,30.28641],[-97.744525,30.286404],[-97.744547,30.286184],[-97.744629,30.286191],[-97.744623,30.286243]]]},"properties":{"kind":"wall","band":"crown","fam":"sf","wd":"#c4bfb3","wg":"#cdbfab","wn":"#1d1e25","base":24.7,"h":27.3,"name":"Twenty Two 15","cap":1,"stack":"main","rd":"#c1bfb9","rg":"#cbbfb0","rn":"#1d1e25"}},{"type":"Feature","geometry":{"type":"Polygon","coordinates":[[[-97.7443766,30.2860212],[-97.7443263,30.2865208],[-97.7443148,30.2865198],[-97.7443125,30.2865425],[-97.7443286,30.2865438],[-97.7443819,30.2860216],[-97.7443766,30.2860212]]]},"properties":{"kind":"solid","s":"balc","base":7.21,"h":7.55,"name":"Twenty Two 15"}},{"type":"Feature","geometry":{"type":"Polygon","coordinates":[[[-97.7447358,30.2863391],[-97.7447198,30.2863379],[-97.7446959,30.2865717],[-97.744712,30.286573],[-97.7447358,30.2863391]]]},"properties":{"kind":"solid","s":"balc","base":7.21,"h":7.55,"name":"Twenty Two 15"}},{"type":"Feature","geometry":{"type":"Polygon","coordinates":[[[-97.7447273,30.2862643],[-97.7447387,30.2862652],[-97.7447606,30.2860505],[-97.7447492,30.2860496],[-97.7447273,30.2862643]]]},"properties":{"kind":"solid","s":"balc","base":7.21,"h":7.55,"name":"Twenty Two 15"}},{"type":"Feature","geometry":{"type":"Polygon","coordinates":[[[-97.7443766,30.2860212],[-97.7443263,30.2865208],[-97.7443148,30.2865198],[-97.7443125,30.2865425],[-97.7443286,30.2865438],[-97.7443819,30.2860216],[-97.7443766,30.2860212]]]},"properties":{"kind":"solid","s":"balc","base":10.46,"h":10.8,"name":"Twenty Two 15"}},{"type":"Feature","geometry":{"type":"Polygon","coordinates":[[[-97.7447358,30.2863391],[-97.7447198,30.2863379],[-97.7446959,30.2865717],[-97.744712,30.286573],[-97.7447358,30.2863391]]]},"properties":{"kind":"solid","s":"balc","base":10.46,"h":10.8,"name":"Twenty Two 15"}},{"type":"Feature","geometry":{"type":"Polygon","coordinates":[[[-97.7447273,30.2862643],[-97.7447387,30.2862652],[-97.7447606,30.2860505],[-97.7447492,30.2860496],[-97.7447273,30.2862643]]]},"properties":{"kind":"solid","s":"balc","base":10.46,"h":10.8,"name":"Twenty Two 15"}},{"type":"Feature","geometry":{"type":"Polygon","coordinates":[[[-97.7443766,30.2860212],[-97.7443263,30.2865208],[-97.7443148,30.2865198],[-97.7443125,30.2865425],[-97.7443286,30.2865438],[-97.7443819,30.2860216],[-97.7443766,30.2860212]]]},"properties":{"kind":"solid","s":"balc","base":13.71,"h":14.05,"name":"Twenty Two 15"}},{"type":"Feature","geometry":{"type":"Polygon","coordinates":[[[-97.7447358,30.2863391],[-97.7447198,30.2863379],[-97.7446959,30.2865717],[-97.744712,30.286573],[-97.7447358,30.2863391]]]},"properties":{"kind":"solid","s":"balc","base":13.71,"h":14.05,"name":"Twenty Two 15"}},{"type":"Feature","geometry":{"type":"Polygon","coordinates":[[[-97.7447273,30.2862643],[-97.7447387,30.2862652],[-97.7447606,30.2860505],[-97.7447492,30.2860496],[-97.7447273,30.2862643]]]},"properties":{"kind":"solid","s":"balc","base":13.71,"h":14.05,"name":"Twenty Two 15"}},{"type":"Feature","geometry":{"type":"Polygon","coordinates":[[[-97.7443766,30.2860212],[-97.7443263,30.2865208],[-97.7443148,30.2865198],[-97.7443125,30.2865425],[-97.7443286,30.2865438],[-97.7443819,30.2860216],[-97.7443766,30.2860212]]]},"properties":{"kind":"solid","s":"balc","base":16.96,"h":17.3,"name":"Twenty Two 15"}},{"type":"Feature","geometry":{"type":"Polygon","coordinates":[[[-97.7447358,30.2863391],[-97.7447198,30.2863379],[-97.7446959,30.2865717],[-97.744712,30.286573],[-97.7447358,30.2863391]]]},"properties":{"kind":"solid","s":"balc","base":16.96,"h":17.3,"name":"Twenty Two 15"}},{"type":"Feature","geometry":{"type":"Polygon","coordinates":[[[-97.7447273,30.2862643],[-97.7447387,30.2862652],[-97.7447606,30.2860505],[-97.7447492,30.2860496],[-97.7447273,30.2862643]]]},"properties":{"kind":"solid","s":"balc","base":16.96,"h":17.3,"name":"Twenty Two 15"}},{"type":"Feature","geometry":{"type":"Polygon","coordinates":[[[-97.7443766,30.2860212],[-97.7443263,30.2865208],[-97.7443148,30.2865198],[-97.7443125,30.2865425],[-97.7443286,30.2865438],[-97.7443819,30.2860216],[-97.7443766,30.2860212]]]},"properties":{"kind":"solid","s":"balc","base":20.21,"h":20.55,"name":"Twenty Two 15"}},{"type":"Feature","geometry":{"type":"Polygon","coordinates":[[[-97.7447358,30.2863391],[-97.7447198,30.2863379],[-97.7446959,30.2865717],[-97.744712,30.286573],[-97.7447358,30.2863391]]]},"properties":{"kind":"solid","s":"balc","base":20.21,"h":20.55,"name":"Twenty Two 15"}},{"type":"Feature","geometry":{"type":"Polygon","coordinates":[[[-97.7447273,30.2862643],[-97.7447387,30.2862652],[-97.7447606,30.2860505],[-97.7447492,30.2860496],[-97.7447273,30.2862643]]]},"properties":{"kind":"solid","s":"balc","base":20.21,"h":20.55,"name":"Twenty Two 15"}},{"type":"Feature","geometry":{"type":"Polygon","coordinates":[[[-97.7443766,30.2860212],[-97.7443263,30.2865208],[-97.7443148,30.2865198],[-97.7443125,30.2865425],[-97.7443286,30.2865438],[-97.7443819,30.2860216],[-97.7443766,30.2860212]]]},"properties":{"kind":"solid","s":"balc","base":23.46,"h":23.8,"name":"Twenty Two 15"}},{"type":"Feature","geometry":{"type":"Polygon","coordinates":[[[-97.7447358,30.2863391],[-97.7447198,30.2863379],[-97.7446959,30.2865717],[-97.744712,30.286573],[-97.7447358,30.2863391]]]},"properties":{"kind":"solid","s":"balc","base":23.46,"h":23.8,"name":"Twenty Two 15"}},{"type":"Feature","geometry":{"type":"Polygon","coordinates":[[[-97.7447273,30.2862643],[-97.7447387,30.2862652],[-97.7447606,30.2860505],[-97.7447492,30.2860496],[-97.7447273,30.2862643]]]},"properties":{"kind":"solid","s":"balc","base":23.46,"h":23.8,"name":"Twenty Two 15"}},{"type":"Feature","geometry":{"type":"Polygon","coordinates":[[[-97.749593,30.2907392],[-97.749643,30.2907432],[-97.749642,30.2907472],[-97.749692,30.2907512],[-97.74969,30.2907722],[-97.749705,30.2907732],[-97.749754,30.2907762],[-97.749754,30.2907722],[-97.749833,30.2907772],[-97.749844,30.2906662],[-97.749852,30.2906672],[-97.74986,30.2905922],[-97.749855,30.2905912],[-97.749857,30.2905752],[-97.749866,30.2905762],[-97.749879,30.2904432],[-97.74987,30.2904422],[-97.749872,30.2904272],[-97.749876,30.2904272],[-97.749883,30.2903492],[-97.749872,30.2903482],[-97.749883,30.2902402],[-97.749813,30.2902352],[-97.749815,30.2902172],[-97.74974,30.2902122],[-97.749738,30.2902292],[-97.749731,30.2902292],[-97.749732,30.2902202],[-97.749699,30.2902182],[-97.749698,30.2902252],[-97.749628,30.2902202],[-97.749627,30.2902302],[-97.749598,30.2902282],[-97.7496,30.2902132],[-97.749524,30.2902082],[-97.749523,30.2902222],[-97.749488,30.2902202],[-97.749489,30.2902062],[-97.749453,30.2902042],[-97.749452,30.2902182],[-97.749415,30.2902152],[-97.749416,30.2902062],[-97.749384,30.2902032],[-97.749385,30.2901912],[-97.749257,30.2901822],[-97.749252,30.2902362],[-97.749261,30.2902372],[-97.749255,30.2902952],[-97.749267,30.2902962],[-97.749264,30.2903272],[-97.749256,30.2903262],[-97.749252,30.2903642],[-97.749263,30.2903642],[-97.749261,30.2903812],[-97.74923,30.2903792],[-97.749223,30.2904492],[-97.749243,30.2904502],[-97.749242,30.2904672],[-97.749235,30.2904662],[-97.749231,30.2905132],[-97.749238,30.2905142],[-97.74923,30.2906012],[-97.749227,30.2906012],[-97.749215,30.2907242],[-97.749347,30.2907342],[-97.749348,30.2907212],[-97.749398,30.2907252],[-97.749397,30.2907322],[-97.749593,30.2907462],[-97.749593,30.2907392]],[[-97.749463,30.2903582],[-97.74945,30.2903672],[-97.74945,30.2903722],[-97.749456,30.2903722],[-97.749453,30.2904222],[-97.749446,30.2904212],[-97.749441,30.2904922],[-97.749446,30.2904922],[-97.749442,30.2905422],[-97.749439,30.2905432],[-97.749437,30.2905452],[-97.74945,30.2905592],[-97.749456,30.2905602],[-97.749457,30.2905462],[-97.749645,30.2905602],[-97.749644,30.2905742],[-97.749649,30.2905762],[-97.749667,30.2905622],[-97.749667,30.2905492],[-97.749659,30.2905492],[-97.749668,30.2903892],[-97.749677,30.2903892],[-97.749676,30.2903842],[-97.749665,30.2903722],[-97.749658,30.2903722],[-97.749657,30.2903862],[-97.749468,30.2903742],[-97.749469,30.2903592],[-97.749463,30.2903582]]]},"properties":{"kind":"wall","band":"base","fam":"sg","wd":"#454b51","wg":"#635d59","wn":"#0f121a","base":0.0,"h":5.4,"name":"The Block","cap":0,"stack":"main"}},{"type":"Feature","geometry":{"type":"Polygon","coordinates":[[[-97.749593,30.2907392],[-97.749643,30.2907432],[-97.749642,30.2907472],[-97.749692,30.2907512],[-97.74969,30.2907722],[-97.749705,30.2907732],[-97.749754,30.2907762],[-97.749754,30.2907722],[-97.749833,30.2907772],[-97.749844,30.2906662],[-97.749852,30.2906672],[-97.74986,30.2905922],[-97.749855,30.2905912],[-97.749857,30.2905752],[-97.749866,30.2905762],[-97.749879,30.2904432],[-97.74987,30.2904422],[-97.749872,30.2904272],[-97.749876,30.2904272],[-97.749883,30.2903492],[-97.749872,30.2903482],[-97.749883,30.2902402],[-97.749813,30.2902352],[-97.749815,30.2902172],[-97.74974,30.2902122],[-97.749738,30.2902292],[-97.749731,30.2902292],[-97.749732,30.2902202],[-97.749699,30.2902182],[-97.749698,30.2902252],[-97.749628,30.2902202],[-97.749627,30.2902302],[-97.749598,30.2902282],[-97.7496,30.2902132],[-97.749524,30.2902082],[-97.749523,30.2902222],[-97.749488,30.2902202],[-97.749489,30.2902062],[-97.749453,30.2902042],[-97.749452,30.2902182],[-97.749415,30.2902152],[-97.749416,30.2902062],[-97.749384,30.2902032],[-97.749385,30.2901912],[-97.749257,30.2901822],[-97.749252,30.2902362],[-97.749261,30.2902372],[-97.749255,30.2902952],[-97.749267,30.2902962],[-97.749264,30.2903272],[-97.749256,30.2903262],[-97.749252,30.2903642],[-97.749263,30.2903642],[-97.749261,30.2903812],[-97.74923,30.2903792],[-97.749223,30.2904492],[-97.749243,30.2904502],[-97.749242,30.2904672],[-97.749235,30.2904662],[-97.749231,30.2905132],[-97.749238,30.2905142],[-97.74923,30.2906012],[-97.749227,30.2906012],[-97.749215,30.2907242],[-97.749347,30.2907342],[-97.749348,30.2907212],[-97.749398,30.2907252],[-97.749397,30.2907322],[-97.749593,30.2907462],[-97.749593,30.2907392]],[[-97.749463,30.2903582],[-97.74945,30.2903672],[-97.74945,30.2903722],[-97.749456,30.2903722],[-97.749453,30.2904222],[-97.749446,30.2904212],[-97.749441,30.2904922],[-97.749446,30.2904922],[-97.749442,30.2905422],[-97.749439,30.2905432],[-97.749437,30.2905452],[-97.74945,30.2905592],[-97.749456,30.2905602],[-97.749457,30.2905462],[-97.749645,30.2905602],[-97.749644,30.2905742],[-97.749649,30.2905762],[-97.749667,30.2905622],[-97.749667,30.2905492],[-97.749659,30.2905492],[-97.749668,30.2903892],[-97.749677,30.2903892],[-97.749676,30.2903842],[-97.749665,30.2903722],[-97.749658,30.2903722],[-97.749657,30.2903862],[-97.749468,30.2903742],[-97.749469,30.2903592],[-97.749463,30.2903582]]]},"properties":{"kind":"wall","band":"tower","fam":"mh","wd":"#a9a499","wg":"#b7a895","wn":"#1a1b22","base":5.4,"h":29.9,"name":"The Block","cap":0,"stack":"main"}},{"type":"Feature","geometry":{"type":"Polygon","coordinates":[[[-97.749593,30.2907392],[-97.749643,30.2907432],[-97.749642,30.2907472],[-97.749692,30.2907512],[-97.74969,30.2907722],[-97.749705,30.2907732],[-97.749754,30.2907762],[-97.749754,30.2907722],[-97.749833,30.2907772],[-97.749844,30.2906662],[-97.749852,30.2906672],[-97.74986,30.2905922],[-97.749855,30.2905912],[-97.749857,30.2905752],[-97.749866,30.2905762],[-97.749879,30.2904432],[-97.74987,30.2904422],[-97.749872,30.2904272],[-97.749876,30.2904272],[-97.749883,30.2903492],[-97.749872,30.2903482],[-97.749883,30.2902402],[-97.749813,30.2902352],[-97.749815,30.2902172],[-97.74974,30.2902122],[-97.749738,30.2902292],[-97.749731,30.2902292],[-97.749732,30.2902202],[-97.749699,30.2902182],[-97.749698,30.2902252],[-97.749628,30.2902202],[-97.749627,30.2902302],[-97.749598,30.2902282],[-97.7496,30.2902132],[-97.749524,30.2902082],[-97.749523,30.2902222],[-97.749488,30.2902202],[-97.749489,30.2902062],[-97.749453,30.2902042],[-97.749452,30.2902182],[-97.749415,30.2902152],[-97.749416,30.2902062],[-97.749384,30.2902032],[-97.749385,30.2901912],[-97.749257,30.2901822],[-97.749252,30.2902362],[-97.749261,30.2902372],[-97.749255,30.2902952],[-97.749267,30.2902962],[-97.749264,30.2903272],[-97.749256,30.2903262],[-97.749252,30.2903642],[-97.749263,30.2903642],[-97.749261,30.2903812],[-97.74923,30.2903792],[-97.749223,30.2904492],[-97.749243,30.2904502],[-97.749242,30.2904672],[-97.749235,30.2904662],[-97.749231,30.2905132],[-97.749238,30.2905142],[-97.74923,30.2906012],[-97.749227,30.2906012],[-97.749215,30.2907242],[-97.749347,30.2907342],[-97.749348,30.2907212],[-97.749398,30.2907252],[-97.749397,30.2907322],[-97.749593,30.2907462],[-97.749593,30.2907392]],[[-97.749463,30.2903582],[-97.74945,30.2903672],[-97.74945,30.2903722],[-97.749456,30.2903722],[-97.749453,30.2904222],[-97.749446,30.2904212],[-97.749441,30.2904922],[-97.749446,30.2904922],[-97.749442,30.2905422],[-97.749439,30.2905432],[-97.749437,30.2905452],[-97.74945,30.2905592],[-97.749456,30.2905602],[-97.749457,30.2905462],[-97.749645,30.2905602],[-97.749644,30.2905742],[-97.749649,30.2905762],[-97.749667,30.2905622],[-97.749667,30.2905492],[-97.749659,30.2905492],[-97.749668,30.2903892],[-97.749677,30.2903892],[-97.749676,30.2903842],[-97.749665,30.2903722],[-97.749658,30.2903722],[-97.749657,30.2903862],[-97.749468,30.2903742],[-97.749469,30.2903592],[-97.749463,30.2903582]]]},"properties":{"kind":"wall","band":"crown","fam":"sf","wd":"#c4bfb3","wg":"#cdbfab","wn":"#1d1e25","base":29.9,"h":32.7,"name":"The Block","cap":1,"stack":"main","rd":"#c1bfb9","rg":"#cbbfb0","rn":"#1d1e25"}},{"type":"Feature","geometry":{"type":"Polygon","coordinates":[[[-97.7496751,30.2907699],[-97.7496738,30.2907837],[-97.7497691,30.2907901],[-97.7497691,30.2907862],[-97.7498313,30.2907902],[-97.7498322,30.2907803],[-97.7496751,30.2907699]]]},"properties":{"kind":"solid","s":"balc","base":7.57,"h":7.91,"name":"The Block"}},{"type":"Feature","geometry":{"type":"Polygon","coordinates":[[[-97.7497264,30.2901987],[-97.7497255,30.2902067],[-97.7496858,30.2902043],[-97.749685,30.2902099],[-97.7498299,30.2902195],[-97.7498314,30.2902057],[-97.7497264,30.2901987]]]},"properties":{"kind":"solid","s":"balc","base":7.57,"h":7.91,"name":"The Block"}},{"type":"Feature","geometry":{"type":"Polygon","coordinates":[[[-97.7494001,30.2901909],[-97.7494011,30.2901793],[-97.7492647,30.2901697],[-97.7492636,30.2901818],[-97.7494001,30.2901909]]]},"properties":{"kind":"solid","s":"balc","base":7.57,"h":7.91,"name":"The Block"}},{"type":"Feature","geometry":{"type":"Polygon","coordinates":[[[-97.7495047,30.2901979],[-97.749505,30.290194],[-97.7494389,30.2901904],[-97.7494387,30.2901935],[-97.7495047,30.2901979]]]},"properties":{"kind":"solid","s":"balc","base":7.57,"h":7.91,"name":"The Block"}},{"type":"Feature","geometry":{"type":"Polygon","coordinates":[[[-97.7496162,30.2902053],[-97.7496168,30.2902012],[-97.7495099,30.2901942],[-97.7495096,30.2901982],[-97.7496162,30.2902053]]]},"properties":{"kind":"solid","s":"balc","base":7.57,"h":7.91,"name":"The Block"}},{"type":"Feature","geometry":{"type":"Polygon","coordinates":[[[-97.7496751,30.2907699],[-97.7496738,30.2907837],[-97.7497691,30.2907901],[-97.7497691,30.2907862],[-97.7498313,30.2907902],[-97.7498322,30.2907803],[-97.7496751,30.2907699]]]},"properties":{"kind":"solid","s":"balc","base":11.07,"h":11.41,"name":"The Block"}},{"type":"Feature","geometry":{"type":"Polygon","coordinates":[[[-97.7497264,30.2901987],[-97.7497255,30.2902067],[-97.7496858,30.2902043],[-97.749685,30.2902099],[-97.7498299,30.2902195],[-97.7498314,30.2902057],[-97.7497264,30.2901987]]]},"properties":{"kind":"solid","s":"balc","base":11.07,"h":11.41,"name":"The Block"}},{"type":"Feature","geometry":{"type":"Polygon","coordinates":[[[-97.7494001,30.2901909],[-97.7494011,30.2901793],[-97.7492647,30.2901697],[-97.7492636,30.2901818],[-97.7494001,30.2901909]]]},"properties":{"kind":"solid","s":"balc","base":11.07,"h":11.41,"name":"The Block"}},{"type":"Feature","geometry":{"type":"Polygon","coordinates":[[[-97.7495047,30.2901979],[-97.749505,30.290194],[-97.7494389,30.2901904],[-97.7494387,30.2901935],[-97.7495047,30.2901979]]]},"properties":{"kind":"solid","s":"balc","base":11.07,"h":11.41,"name":"The Block"}},{"type":"Feature","geometry":{"type":"Polygon","coordinates":[[[-97.7496162,30.2902053],[-97.7496168,30.2902012],[-97.7495099,30.2901942],[-97.7495096,30.2901982],[-97.7496162,30.2902053]]]},"properties":{"kind":"solid","s":"balc","base":11.07,"h":11.41,"name":"The Block"}},{"type":"Feature","geometry":{"type":"Polygon","coordinates":[[[-97.7496751,30.2907699],[-97.7496738,30.2907837],[-97.7497691,30.2907901],[-97.7497691,30.2907862],[-97.7498313,30.2907902],[-97.7498322,30.2907803],[-97.7496751,30.2907699]]]},"properties":{"kind":"solid","s":"balc","base":14.57,"h":14.91,"name":"The Block"}},{"type":"Feature","geometry":{"type":"Polygon","coordinates":[[[-97.7497264,30.2901987],[-97.7497255,30.2902067],[-97.7496858,30.2902043],[-97.749685,30.2902099],[-97.7498299,30.2902195],[-97.7498314,30.2902057],[-97.7497264,30.2901987]]]},"properties":{"kind":"solid","s":"balc","base":14.57,"h":14.91,"name":"The Block"}},{"type":"Feature","geometry":{"type":"Polygon","coordinates":[[[-97.7494001,30.2901909],[-97.7494011,30.2901793],[-97.7492647,30.2901697],[-97.7492636,30.2901818],[-97.7494001,30.2901909]]]},"properties":{"kind":"solid","s":"balc","base":14.57,"h":14.91,"name":"The Block"}},{"type":"Feature","geometry":{"type":"Polygon","coordinates":[[[-97.7495047,30.2901979],[-97.749505,30.290194],[-97.7494389,30.2901904],[-97.7494387,30.2901935],[-97.7495047,30.2901979]]]},"properties":{"kind":"solid","s":"balc","base":14.57,"h":14.91,"name":"The Block"}},{"type":"Feature","geometry":{"type":"Polygon","coordinates":[[[-97.7496162,30.2902053],[-97.7496168,30.2902012],[-97.7495099,30.2901942],[-97.7495096,30.2901982],[-97.7496162,30.2902053]]]},"properties":{"kind":"solid","s":"balc","base":14.57,"h":14.91,"name":"The Block"}},{"type":"Feature","geometry":{"type":"Polygon","coordinates":[[[-97.7496751,30.2907699],[-97.7496738,30.2907837],[-97.7497691,30.2907901],[-97.7497691,30.2907862],[-97.7498313,30.2907902],[-97.7498322,30.2907803],[-97.7496751,30.2907699]]]},"properties":{"kind":"solid","s":"balc","base":18.07,"h":18.41,"name":"The Block"}},{"type":"Feature","geometry":{"type":"Polygon","coordinates":[[[-97.7497264,30.2901987],[-97.7497255,30.2902067],[-97.7496858,30.2902043],[-97.749685,30.2902099],[-97.7498299,30.2902195],[-97.7498314,30.2902057],[-97.7497264,30.2901987]]]},"properties":{"kind":"solid","s":"balc","base":18.07,"h":18.41,"name":"The Block"}},{"type":"Feature","geometry":{"type":"Polygon","coordinates":[[[-97.7494001,30.2901909],[-97.7494011,30.2901793],[-97.7492647,30.2901697],[-97.7492636,30.2901818],[-97.7494001,30.2901909]]]},"properties":{"kind":"solid","s":"balc","base":18.07,"h":18.41,"name":"The Block"}},{"type":"Feature","geometry":{"type":"Polygon","coordinates":[[[-97.7495047,30.2901979],[-97.749505,30.290194],[-97.7494389,30.2901904],[-97.7494387,30.2901935],[-97.7495047,30.2901979]]]},"properties":{"kind":"solid","s":"balc","base":18.07,"h":18.41,"name":"The Block"}},{"type":"Feature","geometry":{"type":"Polygon","coordinates":[[[-97.7496162,30.2902053],[-97.7496168,30.2902012],[-97.7495099,30.2901942],[-97.7495096,30.2901982],[-97.7496162,30.2902053]]]},"properties":{"kind":"solid","s":"balc","base":18.07,"h":18.41,"name":"The Block"}},{"type":"Feature","geometry":{"type":"Polygon","coordinates":[[[-97.7496751,30.2907699],[-97.7496738,30.2907837],[-97.7497691,30.2907901],[-97.7497691,30.2907862],[-97.7498313,30.2907902],[-97.7498322,30.2907803],[-97.7496751,30.2907699]]]},"properties":{"kind":"solid","s":"balc","base":21.57,"h":21.91,"name":"The Block"}},{"type":"Feature","geometry":{"type":"Polygon","coordinates":[[[-97.7497264,30.2901987],[-97.7497255,30.2902067],[-97.7496858,30.2902043],[-97.749685,30.2902099],[-97.7498299,30.2902195],[-97.7498314,30.2902057],[-97.7497264,30.2901987]]]},"properties":{"kind":"solid","s":"balc","base":21.57,"h":21.91,"name":"The Block"}},{"type":"Feature","geometry":{"type":"Polygon","coordinates":[[[-97.7494001,30.2901909],[-97.7494011,30.2901793],[-97.7492647,30.2901697],[-97.7492636,30.2901818],[-97.7494001,30.2901909]]]},"properties":{"kind":"solid","s":"balc","base":21.57,"h":21.91,"name":"The Block"}},{"type":"Feature","geometry":{"type":"Polygon","coordinates":[[[-97.7495047,30.2901979],[-97.749505,30.290194],[-97.7494389,30.2901904],[-97.7494387,30.2901935],[-97.7495047,30.2901979]]]},"properties":{"kind":"solid","s":"balc","base":21.57,"h":21.91,"name":"The Block"}},{"type":"Feature","geometry":{"type":"Polygon","coordinates":[[[-97.7496162,30.2902053],[-97.7496168,30.2902012],[-97.7495099,30.2901942],[-97.7495096,30.2901982],[-97.7496162,30.2902053]]]},"properties":{"kind":"solid","s":"balc","base":21.57,"h":21.91,"name":"The Block"}},{"type":"Feature","geometry":{"type":"Polygon","coordinates":[[[-97.7496751,30.2907699],[-97.7496738,30.2907837],[-97.7497691,30.2907901],[-97.7497691,30.2907862],[-97.7498313,30.2907902],[-97.7498322,30.2907803],[-97.7496751,30.2907699]]]},"properties":{"kind":"solid","s":"balc","base":25.07,"h":25.41,"name":"The Block"}},{"type":"Feature","geometry":{"type":"Polygon","coordinates":[[[-97.7497264,30.2901987],[-97.7497255,30.2902067],[-97.7496858,30.2902043],[-97.749685,30.2902099],[-97.7498299,30.2902195],[-97.7498314,30.2902057],[-97.7497264,30.2901987]]]},"properties":{"kind":"solid","s":"balc","base":25.07,"h":25.41,"name":"The Block"}},{"type":"Feature","geometry":{"type":"Polygon","coordinates":[[[-97.7494001,30.2901909],[-97.7494011,30.2901793],[-97.7492647,30.2901697],[-97.7492636,30.2901818],[-97.7494001,30.2901909]]]},"properties":{"kind":"solid","s":"balc","base":25.07,"h":25.41,"name":"The Block"}},{"type":"Feature","geometry":{"type":"Polygon","coordinates":[[[-97.7495047,30.2901979],[-97.749505,30.290194],[-97.7494389,30.2901904],[-97.7494387,30.2901935],[-97.7495047,30.2901979]]]},"properties":{"kind":"solid","s":"balc","base":25.07,"h":25.41,"name":"The Block"}},{"type":"Feature","geometry":{"type":"Polygon","coordinates":[[[-97.7496162,30.2902053],[-97.7496168,30.2902012],[-97.7495099,30.2901942],[-97.7495096,30.2901982],[-97.7496162,30.2902053]]]},"properties":{"kind":"solid","s":"balc","base":25.07,"h":25.41,"name":"The Block"}},{"type":"Feature","geometry":{"type":"Polygon","coordinates":[[[-97.7496751,30.2907699],[-97.7496738,30.2907837],[-97.7497691,30.2907901],[-97.7497691,30.2907862],[-97.7498313,30.2907902],[-97.7498322,30.2907803],[-97.7496751,30.2907699]]]},"properties":{"kind":"solid","s":"balc","base":28.57,"h":28.91,"name":"The Block"}},{"type":"Feature","geometry":{"type":"Polygon","coordinates":[[[-97.7497264,30.2901987],[-97.7497255,30.2902067],[-97.7496858,30.2902043],[-97.749685,30.2902099],[-97.7498299,30.2902195],[-97.7498314,30.2902057],[-97.7497264,30.2901987]]]},"properties":{"kind":"solid","s":"balc","base":28.57,"h":28.91,"name":"The Block"}},{"type":"Feature","geometry":{"type":"Polygon","coordinates":[[[-97.7494001,30.2901909],[-97.7494011,30.2901793],[-97.7492647,30.2901697],[-97.7492636,30.2901818],[-97.7494001,30.2901909]]]},"properties":{"kind":"solid","s":"balc","base":28.57,"h":28.91,"name":"The Block"}},{"type":"Feature","geometry":{"type":"Polygon","coordinates":[[[-97.7495047,30.2901979],[-97.749505,30.290194],[-97.7494389,30.2901904],[-97.7494387,30.2901935],[-97.7495047,30.2901979]]]},"properties":{"kind":"solid","s":"balc","base":28.57,"h":28.91,"name":"The Block"}},{"type":"Feature","geometry":{"type":"Polygon","coordinates":[[[-97.7496162,30.2902053],[-97.7496168,30.2902012],[-97.7495099,30.2901942],[-97.7495096,30.2901982],[-97.7496162,30.2902053]]]},"properties":{"kind":"solid","s":"balc","base":28.57,"h":28.91,"name":"The Block"}},{"type":"Feature","geometry":{"type":"Polygon","coordinates":[[[-97.7494647,30.290364],[-97.7494562,30.2903698],[-97.7494562,30.2903668],[-97.7494626,30.2903668],[-97.7494589,30.2904285],[-97.7494518,30.2904275],[-97.7494476,30.2904868],[-97.7494527,30.2904868],[-97.749448,30.290546],[-97.7494427,30.2905477],[-97.7494451,30.2905453],[-97.7494534,30.2905543],[-97.7494502,30.2905537],[-97.7494512,30.2905404],[-97.7496516,30.2905553],[-97.7496505,30.2905709],[-97.7496479,30.2905698],[-97.7496608,30.2905598],[-97.7496608,30.2905546],[-97.7496524,30.2905546],[-97.7496621,30.2903838],[-97.7496696,30.2903838],[-97.7496701,30.2903865],[-97.749662,30.2903776],[-97.7496639,30.2903776],[-97.7496628,30.290392],[-97.7494614,30.2903792],[-97.7494625,30.2903636],[-97.7494647,30.290364]]]},"properties":{"kind":"solid","s":"deck","base":0.0,"h":0.45,"name":"The Block"}},{"type":"Feature","geometry":{"type":"Polygon","coordinates":[[[-97.7495217,30.29043],[-97.7495161,30.2905],[-97.7495948,30.2905047],[-97.7496004,30.2904347],[-97.7495217,30.29043]]]},"properties":{"kind":"solid","s":"shade","base":3.65,"h":3.93,"name":"The Block"}},{"type":"Feature","geometry":{"type":"Polygon","coordinates":[[[-97.74954,30.2904487],[-97.7495372,30.2904837],[-97.7495766,30.290486],[-97.7495794,30.290451],[-97.74954,30.2904487]]]},"properties":{"kind":"solid","s":"furn","base":0.45,"h":1.2,"name":"The Block"}},{"type":"Feature","geometry":{"type":"Polygon","coordinates":[[[-97.7451929,30.2896808],[-97.7451889,30.2897328],[-97.7453489,30.2897428],[-97.7453499,30.2897318],[-97.7453889,30.2897338],[-97.7453899,30.2897248],[-97.7454229,30.2897268],[-97.7454219,30.2897328],[-97.7454589,30.2897358],[-97.7454579,30.2897498],[-97.7455549,30.2897558],[-97.7455559,30.2897418],[-97.7456249,30.2897458],[-97.7456239,30.2897598],[-97.7457199,30.2897658],[-97.7457209,30.2897548],[-97.7457589,30.2897568],[-97.7457599,30.2897468],[-97.7457959,30.2897488],[-97.7457949,30.2897578],[-97.7458289,30.2897598],[-97.7458279,30.2897728],[-97.7459239,30.2897788],[-97.7459259,30.2897598],[-97.7459559,30.2897608],[-97.7459539,30.2897798],[-97.7460119,30.2897838],[-97.7460119,30.2897778],[-97.7460369,30.2897788],[-97.7460419,30.2897138],[-97.7460129,30.2897118],[-97.7460289,30.2895018],[-97.7459929,30.2895008],[-97.7459949,30.2894808],[-97.7458999,30.2894748],[-97.7458999,30.2894818],[-97.7457379,30.2894718],[-97.7457389,30.2894648],[-97.7456539,30.2894598],[-97.7456539,30.2894668],[-97.7454979,30.2894578],[-97.7454989,30.2894488],[-97.7454549,30.2894468],[-97.7454539,30.2894538],[-97.7453729,30.2894488],[-97.7453739,30.2894418],[-97.7452899,30.2894368],[-97.7452889,30.2894468],[-97.7452489,30.2894448],[-97.7452499,30.2894328],[-97.7452089,30.2894298],[-97.7452079,30.2894378],[-97.7451589,30.2894348],[-97.7451589,30.2894278],[-97.7451179,30.2894248],[-97.7451159,30.2894518],[-97.7451119,30.2894518],[-97.7450929,30.2896748],[-97.7451929,30.2896808]]]},"properties":{"kind":"wall","band":"base","fam":"sp","wd":"#a09582","wg":"#af9c82","wn":"#191a1f","base":0.0,"h":5.0,"name":"Block on 25th East","cap":0,"stack":"main"}},{"type":"Feature","geometry":{"type":"Polygon","coordinates":[[[-97.7451929,30.2896808],[-97.7451889,30.2897328],[-97.7453489,30.2897428],[-97.7453499,30.2897318],[-97.7453889,30.2897338],[-97.7453899,30.2897248],[-97.7454229,30.2897268],[-97.7454219,30.2897328],[-97.7454589,30.2897358],[-97.7454579,30.2897498],[-97.7455549,30.2897558],[-97.7455559,30.2897418],[-97.7456249,30.2897458],[-97.7456239,30.2897598],[-97.7457199,30.2897658],[-97.7457209,30.2897548],[-97.7457589,30.2897568],[-97.7457599,30.2897468],[-97.7457959,30.2897488],[-97.7457949,30.2897578],[-97.7458289,30.2897598],[-97.7458279,30.2897728],[-97.7459239,30.2897788],[-97.7459259,30.2897598],[-97.7459559,30.2897608],[-97.7459539,30.2897798],[-97.7460119,30.2897838],[-97.7460119,30.2897778],[-97.7460369,30.2897788],[-97.7460419,30.2897138],[-97.7460129,30.2897118],[-97.7460289,30.2895018],[-97.7459929,30.2895008],[-97.7459949,30.2894808],[-97.7458999,30.2894748],[-97.7458999,30.2894818],[-97.7457379,30.2894718],[-97.7457389,30.2894648],[-97.7456539,30.2894598],[-97.7456539,30.2894668],[-97.7454979,30.2894578],[-97.7454989,30.2894488],[-97.7454549,30.2894468],[-97.7454539,30.2894538],[-97.7453729,30.2894488],[-97.7453739,30.2894418],[-97.7452899,30.2894368],[-97.7452889,30.2894468],[-97.7452489,30.2894448],[-97.7452499,30.2894328],[-97.7452089,30.2894298],[-97.7452079,30.2894378],[-97.7451589,30.2894348],[-97.7451589,30.2894278],[-97.7451179,30.2894248],[-97.7451159,30.2894518],[-97.7451119,30.2894518],[-97.7450929,30.2896748],[-97.7451929,30.2896808]]]},"properties":{"kind":"wall","band":"tower","fam":"mh","wd":"#ded2bc","wg":"#e3cfb3","wn":"#202026","base":5.0,"h":25.5,"name":"Block on 25th East","cap":0,"stack":"main"}},{"type":"Feature","geometry":{"type":"Polygon","coordinates":[[[-97.7451929,30.2896808],[-97.7451889,30.2897328],[-97.7453489,30.2897428],[-97.7453499,30.2897318],[-97.7453889,30.2897338],[-97.7453899,30.2897248],[-97.7454229,30.2897268],[-97.7454219,30.2897328],[-97.7454589,30.2897358],[-97.7454579,30.2897498],[-97.7455549,30.2897558],[-97.7455559,30.2897418],[-97.7456249,30.2897458],[-97.7456239,30.2897598],[-97.7457199,30.2897658],[-97.7457209,30.2897548],[-97.7457589,30.2897568],[-97.7457599,30.2897468],[-97.7457959,30.2897488],[-97.7457949,30.2897578],[-97.7458289,30.2897598],[-97.7458279,30.2897728],[-97.7459239,30.2897788],[-97.7459259,30.2897598],[-97.7459559,30.2897608],[-97.7459539,30.2897798],[-97.7460119,30.2897838],[-97.7460119,30.2897778],[-97.7460369,30.2897788],[-97.7460419,30.2897138],[-97.7460129,30.2897118],[-97.7460289,30.2895018],[-97.7459929,30.2895008],[-97.7459949,30.2894808],[-97.7458999,30.2894748],[-97.7458999,30.2894818],[-97.7457379,30.2894718],[-97.7457389,30.2894648],[-97.7456539,30.2894598],[-97.7456539,30.2894668],[-97.7454979,30.2894578],[-97.7454989,30.2894488],[-97.7454549,30.2894468],[-97.7454539,30.2894538],[-97.7453729,30.2894488],[-97.7453739,30.2894418],[-97.7452899,30.2894368],[-97.7452889,30.2894468],[-97.7452489,30.2894448],[-97.7452499,30.2894328],[-97.7452089,30.2894298],[-97.7452079,30.2894378],[-97.7451589,30.2894348],[-97.7451589,30.2894278],[-97.7451179,30.2894248],[-97.7451159,30.2894518],[-97.7451119,30.2894518],[-97.7450929,30.2896748],[-97.7451929,30.2896808]]]},"properties":{"kind":"wall","band":"crown","fam":"sf","wd":"#c4bfb3","wg":"#cdbfab","wn":"#1d1e25","base":25.5,"h":28.1,"name":"Block on 25th East","cap":1,"stack":"main","rd":"#c1bfb9","rg":"#cbbfb0","rn":"#1d1e25"}},{"type":"Feature","geometry":{"type":"Polygon","coordinates":[[[-97.7460099,30.289482],[-97.7460112,30.2894688],[-97.7458848,30.2894608],[-97.7458848,30.2894678],[-97.7457548,30.2894598],[-97.7457558,30.2894527],[-97.7456388,30.2894459],[-97.7456388,30.2894529],[-97.7455144,30.2894457],[-97.7455154,30.2894367],[-97.7455069,30.2894361],[-97.7454417,30.2894332],[-97.7454407,30.2894399],[-97.7453898,30.2894368],[-97.7453908,30.2894298],[-97.7452761,30.2894229],[-97.7452751,30.2894331],[-97.745265,30.2894326],[-97.745266,30.2894209],[-97.7452568,30.2894202],[-97.7451954,30.2894163],[-97.7451945,30.2894239],[-97.745174,30.2894227],[-97.745174,30.2894158],[-97.7451319,30.2894128],[-97.7451308,30.2894262],[-97.7460099,30.289482]]]},"properties":{"kind":"solid","s":"balc","base":7.12,"h":7.46,"name":"Block on 25th East"}},{"type":"Feature","geometry":{"type":"Polygon","coordinates":[[[-97.7453628,30.2897565],[-97.7453638,30.2897456],[-97.7454025,30.2897475],[-97.7454028,30.289745],[-97.745174,30.2897305],[-97.7451729,30.2897444],[-97.7453628,30.2897565]]]},"properties":{"kind":"solid","s":"balc","base":7.12,"h":7.46,"name":"Block on 25th East"}},{"type":"Feature","geometry":{"type":"Polygon","coordinates":[[[-97.745569,30.2897696],[-97.74557,30.2897557],[-97.7455724,30.2897558],[-97.7454429,30.2897476],[-97.7454429,30.2897476],[-97.745442,30.2897615],[-97.745569,30.2897696]]]},"properties":{"kind":"solid","s":"balc","base":7.12,"h":7.46,"name":"Block on 25th East"}},{"type":"Feature","geometry":{"type":"Polygon","coordinates":[[[-97.7457785,30.2897689],[-97.7457784,30.2897699],[-97.7458129,30.2897719],[-97.7458119,30.2897849],[-97.7459376,30.2897927],[-97.7459377,30.2897917],[-97.7460186,30.2897973],[-97.7460197,30.2897842],[-97.7457785,30.2897689]]]},"properties":{"kind":"solid","s":"balc","base":7.12,"h":7.46,"name":"Block on 25th East"}},{"type":"Feature","geometry":{"type":"Polygon","coordinates":[[[-97.7456089,30.2897581],[-97.7456079,30.2897719],[-97.7457338,30.2897797],[-97.7457348,30.2897686],[-97.7457727,30.2897706],[-97.7457729,30.2897685],[-97.7456089,30.2897581]]]},"properties":{"kind":"solid","s":"balc","base":7.12,"h":7.46,"name":"Block on 25th East"}},{"type":"Feature","geometry":{"type":"Polygon","coordinates":[[[-97.7460099,30.289482],[-97.7460112,30.2894688],[-97.7458848,30.2894608],[-97.7458848,30.2894678],[-97.7457548,30.2894598],[-97.7457558,30.2894527],[-97.7456388,30.2894459],[-97.7456388,30.2894529],[-97.7455144,30.2894457],[-97.7455154,30.2894367],[-97.7455069,30.2894361],[-97.7454417,30.2894332],[-97.7454407,30.2894399],[-97.7453898,30.2894368],[-97.7453908,30.2894298],[-97.7452761,30.2894229],[-97.7452751,30.2894331],[-97.745265,30.2894326],[-97.745266,30.2894209],[-97.7452568,30.2894202],[-97.7451954,30.2894163],[-97.7451945,30.2894239],[-97.745174,30.2894227],[-97.745174,30.2894158],[-97.7451319,30.2894128],[-97.7451308,30.2894262],[-97.7460099,30.289482]]]},"properties":{"kind":"solid","s":"balc","base":10.54,"h":10.88,"name":"Block on 25th East"}},{"type":"Feature","geometry":{"type":"Polygon","coordinates":[[[-97.7453628,30.2897565],[-97.7453638,30.2897456],[-97.7454025,30.2897475],[-97.7454028,30.289745],[-97.745174,30.2897305],[-97.7451729,30.2897444],[-97.7453628,30.2897565]]]},"properties":{"kind":"solid","s":"balc","base":10.54,"h":10.88,"name":"Block on 25th East"}},{"type":"Feature","geometry":{"type":"Polygon","coordinates":[[[-97.745569,30.2897696],[-97.74557,30.2897557],[-97.7455724,30.2897558],[-97.7454429,30.2897476],[-97.7454429,30.2897476],[-97.745442,30.2897615],[-97.745569,30.2897696]]]},"properties":{"kind":"solid","s":"balc","base":10.54,"h":10.88,"name":"Block on 25th East"}},{"type":"Feature","geometry":{"type":"Polygon","coordinates":[[[-97.7457785,30.2897689],[-97.7457784,30.2897699],[-97.7458129,30.2897719],[-97.7458119,30.2897849],[-97.7459376,30.2897927],[-97.7459377,30.2897917],[-97.7460186,30.2897973],[-97.7460197,30.2897842],[-97.7457785,30.2897689]]]},"properties":{"kind":"solid","s":"balc","base":10.54,"h":10.88,"name":"Block on 25th East"}},{"type":"Feature","geometry":{"type":"Polygon","coordinates":[[[-97.7456089,30.2897581],[-97.7456079,30.2897719],[-97.7457338,30.2897797],[-97.7457348,30.2897686],[-97.7457727,30.2897706],[-97.7457729,30.2897685],[-97.7456089,30.2897581]]]},"properties":{"kind":"solid","s":"balc","base":10.54,"h":10.88,"name":"Block on 25th East"}},{"type":"Feature","geometry":{"type":"Polygon","coordinates":[[[-97.7460099,30.289482],[-97.7460112,30.2894688],[-97.7458848,30.2894608],[-97.7458848,30.2894678],[-97.7457548,30.2894598],[-97.7457558,30.2894527],[-97.7456388,30.2894459],[-97.7456388,30.2894529],[-97.7455144,30.2894457],[-97.7455154,30.2894367],[-97.7455069,30.2894361],[-97.7454417,30.2894332],[-97.7454407,30.2894399],[-97.7453898,30.2894368],[-97.7453908,30.2894298],[-97.7452761,30.2894229],[-97.7452751,30.2894331],[-97.745265,30.2894326],[-97.745266,30.2894209],[-97.7452568,30.2894202],[-97.7451954,30.2894163],[-97.7451945,30.2894239],[-97.745174,30.2894227],[-97.745174,30.2894158],[-97.7451319,30.2894128],[-97.7451308,30.2894262],[-97.7460099,30.289482]]]},"properties":{"kind":"solid","s":"balc","base":13.95,"h":14.29,"name":"Block on 25th East"}},{"type":"Feature","geometry":{"type":"Polygon","coordinates":[[[-97.7453628,30.2897565],[-97.7453638,30.2897456],[-97.7454025,30.2897475],[-97.7454028,30.289745],[-97.745174,30.2897305],[-97.7451729,30.2897444],[-97.7453628,30.2897565]]]},"properties":{"kind":"solid","s":"balc","base":13.95,"h":14.29,"name":"Block on 25th East"}},{"type":"Feature","geometry":{"type":"Polygon","coordinates":[[[-97.745569,30.2897696],[-97.74557,30.2897557],[-97.7455724,30.2897558],[-97.7454429,30.2897476],[-97.7454429,30.2897476],[-97.745442,30.2897615],[-97.745569,30.2897696]]]},"properties":{"kind":"solid","s":"balc","base":13.95,"h":14.29,"name":"Block on 25th East"}},{"type":"Feature","geometry":{"type":"Polygon","coordinates":[[[-97.7457785,30.2897689],[-97.7457784,30.2897699],[-97.7458129,30.2897719],[-97.7458119,30.2897849],[-97.7459376,30.2897927],[-97.7459377,30.2897917],[-97.7460186,30.2897973],[-97.7460197,30.2897842],[-97.7457785,30.2897689]]]},"properties":{"kind":"solid","s":"balc","base":13.95,"h":14.29,"name":"Block on 25th East"}},{"type":"Feature","geometry":{"type":"Polygon","coordinates":[[[-97.7456089,30.2897581],[-97.7456079,30.2897719],[-97.7457338,30.2897797],[-97.7457348,30.2897686],[-97.7457727,30.2897706],[-97.7457729,30.2897685],[-97.7456089,30.2897581]]]},"properties":{"kind":"solid","s":"balc","base":13.95,"h":14.29,"name":"Block on 25th East"}},{"type":"Feature","geometry":{"type":"Polygon","coordinates":[[[-97.7460099,30.289482],[-97.7460112,30.2894688],[-97.7458848,30.2894608],[-97.7458848,30.2894678],[-97.7457548,30.2894598],[-97.7457558,30.2894527],[-97.7456388,30.2894459],[-97.7456388,30.2894529],[-97.7455144,30.2894457],[-97.7455154,30.2894367],[-97.7455069,30.2894361],[-97.7454417,30.2894332],[-97.7454407,30.2894399],[-97.7453898,30.2894368],[-97.7453908,30.2894298],[-97.7452761,30.2894229],[-97.7452751,30.2894331],[-97.745265,30.2894326],[-97.745266,30.2894209],[-97.7452568,30.2894202],[-97.7451954,30.2894163],[-97.7451945,30.2894239],[-97.745174,30.2894227],[-97.745174,30.2894158],[-97.7451319,30.2894128],[-97.7451308,30.2894262],[-97.7460099,30.289482]]]},"properties":{"kind":"solid","s":"balc","base":17.37,"h":17.71,"name":"Block on 25th East"}},{"type":"Feature","geometry":{"type":"Polygon","coordinates":[[[-97.7453628,30.2897565],[-97.7453638,30.2897456],[-97.7454025,30.2897475],[-97.7454028,30.289745],[-97.745174,30.2897305],[-97.7451729,30.2897444],[-97.7453628,30.2897565]]]},"properties":{"kind":"solid","s":"balc","base":17.37,"h":17.71,"name":"Block on 25th East"}},{"type":"Feature","geometry":{"type":"Polygon","coordinates":[[[-97.745569,30.2897696],[-97.74557,30.2897557],[-97.7455724,30.2897558],[-97.7454429,30.2897476],[-97.7454429,30.2897476],[-97.745442,30.2897615],[-97.745569,30.2897696]]]},"properties":{"kind":"solid","s":"balc","base":17.37,"h":17.71,"name":"Block on 25th East"}},{"type":"Feature","geometry":{"type":"Polygon","coordinates":[[[-97.7457785,30.2897689],[-97.7457784,30.2897699],[-97.7458129,30.2897719],[-97.7458119,30.2897849],[-97.7459376,30.2897927],[-97.7459377,30.2897917],[-97.7460186,30.2897973],[-97.7460197,30.2897842],[-97.7457785,30.2897689]]]},"properties":{"kind":"solid","s":"balc","base":17.37,"h":17.71,"name":"Block on 25th East"}},{"type":"Feature","geometry":{"type":"Polygon","coordinates":[[[-97.7456089,30.2897581],[-97.7456079,30.2897719],[-97.7457338,30.2897797],[-97.7457348,30.2897686],[-97.7457727,30.2897706],[-97.7457729,30.2897685],[-97.7456089,30.2897581]]]},"properties":{"kind":"solid","s":"balc","base":17.37,"h":17.71,"name":"Block on 25th East"}},{"type":"Feature","geometry":{"type":"Polygon","coordinates":[[[-97.7460099,30.289482],[-97.7460112,30.2894688],[-97.7458848,30.2894608],[-97.7458848,30.2894678],[-97.7457548,30.2894598],[-97.7457558,30.2894527],[-97.7456388,30.2894459],[-97.7456388,30.2894529],[-97.7455144,30.2894457],[-97.7455154,30.2894367],[-97.7455069,30.2894361],[-97.7454417,30.2894332],[-97.7454407,30.2894399],[-97.7453898,30.2894368],[-97.7453908,30.2894298],[-97.7452761,30.2894229],[-97.7452751,30.2894331],[-97.745265,30.2894326],[-97.745266,30.2894209],[-97.7452568,30.2894202],[-97.7451954,30.2894163],[-97.7451945,30.2894239],[-97.745174,30.2894227],[-97.745174,30.2894158],[-97.7451319,30.2894128],[-97.7451308,30.2894262],[-97.7460099,30.289482]]]},"properties":{"kind":"solid","s":"balc","base":20.78,"h":21.12,"name":"Block on 25th East"}},{"type":"Feature","geometry":{"type":"Polygon","coordinates":[[[-97.7453628,30.2897565],[-97.7453638,30.2897456],[-97.7454025,30.2897475],[-97.7454028,30.289745],[-97.745174,30.2897305],[-97.7451729,30.2897444],[-97.7453628,30.2897565]]]},"properties":{"kind":"solid","s":"balc","base":20.78,"h":21.12,"name":"Block on 25th East"}},{"type":"Feature","geometry":{"type":"Polygon","coordinates":[[[-97.745569,30.2897696],[-97.74557,30.2897557],[-97.7455724,30.2897558],[-97.7454429,30.2897476],[-97.7454429,30.2897476],[-97.745442,30.2897615],[-97.745569,30.2897696]]]},"properties":{"kind":"solid","s":"balc","base":20.78,"h":21.12,"name":"Block on 25th East"}},{"type":"Feature","geometry":{"type":"Polygon","coordinates":[[[-97.7457785,30.2897689],[-97.7457784,30.2897699],[-97.7458129,30.2897719],[-97.7458119,30.2897849],[-97.7459376,30.2897927],[-97.7459377,30.2897917],[-97.7460186,30.2897973],[-97.7460197,30.2897842],[-97.7457785,30.2897689]]]},"properties":{"kind":"solid","s":"balc","base":20.78,"h":21.12,"name":"Block on 25th East"}},{"type":"Feature","geometry":{"type":"Polygon","coordinates":[[[-97.7456089,30.2897581],[-97.7456079,30.2897719],[-97.7457338,30.2897797],[-97.7457348,30.2897686],[-97.7457727,30.2897706],[-97.7457729,30.2897685],[-97.7456089,30.2897581]]]},"properties":{"kind":"solid","s":"balc","base":20.78,"h":21.12,"name":"Block on 25th East"}},{"type":"Feature","geometry":{"type":"Polygon","coordinates":[[[-97.7460099,30.289482],[-97.7460112,30.2894688],[-97.7458848,30.2894608],[-97.7458848,30.2894678],[-97.7457548,30.2894598],[-97.7457558,30.2894527],[-97.7456388,30.2894459],[-97.7456388,30.2894529],[-97.7455144,30.2894457],[-97.7455154,30.2894367],[-97.7455069,30.2894361],[-97.7454417,30.2894332],[-97.7454407,30.2894399],[-97.7453898,30.2894368],[-97.7453908,30.2894298],[-97.7452761,30.2894229],[-97.7452751,30.2894331],[-97.745265,30.2894326],[-97.745266,30.2894209],[-97.7452568,30.2894202],[-97.7451954,30.2894163],[-97.7451945,30.2894239],[-97.745174,30.2894227],[-97.745174,30.2894158],[-97.7451319,30.2894128],[-97.7451308,30.2894262],[-97.7460099,30.289482]]]},"properties":{"kind":"solid","s":"balc","base":24.2,"h":24.54,"name":"Block on 25th East"}},{"type":"Feature","geometry":{"type":"Polygon","coordinates":[[[-97.7453628,30.2897565],[-97.7453638,30.2897456],[-97.7454025,30.2897475],[-97.7454028,30.289745],[-97.745174,30.2897305],[-97.7451729,30.2897444],[-97.7453628,30.2897565]]]},"properties":{"kind":"solid","s":"balc","base":24.2,"h":24.54,"name":"Block on 25th East"}},{"type":"Feature","geometry":{"type":"Polygon","coordinates":[[[-97.745569,30.2897696],[-97.74557,30.2897557],[-97.7455724,30.2897558],[-97.7454429,30.2897476],[-97.7454429,30.2897476],[-97.745442,30.2897615],[-97.745569,30.2897696]]]},"properties":{"kind":"solid","s":"balc","base":24.2,"h":24.54,"name":"Block on 25th East"}},{"type":"Feature","geometry":{"type":"Polygon","coordinates":[[[-97.7457785,30.2897689],[-97.7457784,30.2897699],[-97.7458129,30.2897719],[-97.7458119,30.2897849],[-97.7459376,30.2897927],[-97.7459377,30.2897917],[-97.7460186,30.2897973],[-97.7460197,30.2897842],[-97.7457785,30.2897689]]]},"properties":{"kind":"solid","s":"balc","base":24.2,"h":24.54,"name":"Block on 25th East"}},{"type":"Feature","geometry":{"type":"Polygon","coordinates":[[[-97.7456089,30.2897581],[-97.7456079,30.2897719],[-97.7457338,30.2897797],[-97.7457348,30.2897686],[-97.7457727,30.2897706],[-97.7457729,30.2897685],[-97.7456089,30.2897581]]]},"properties":{"kind":"solid","s":"balc","base":24.2,"h":24.54,"name":"Block on 25th East"}},{"type":"Feature","geometry":{"type":"Polygon","coordinates":[[[-97.7446532,30.2832889],[-97.7446412,30.2832881],[-97.744631,30.2833939],[-97.7447064,30.2833994],[-97.7447029,30.2834351],[-97.7450085,30.2834571],[-97.7450749,30.2827358],[-97.7447074,30.2826244],[-97.7446453,30.2832639],[-97.7446555,30.2832646],[-97.7446532,30.2832889]],[[-97.7448818,30.2828583],[-97.7447773,30.2828289],[-97.7447605,30.2830606],[-97.7448666,30.2830664],[-97.7448818,30.2828583]],[[-97.7447349,30.283276],[-97.744846,30.2832837],[-97.7448595,30.2831392],[-97.7447484,30.2831315],[-97.7447349,30.283276]]]},"properties":{"kind":"wall","band":"base","fam":"sg","wd":"#454b51","wg":"#635d59","wn":"#0f121a","base":0.0,"h":5.0,"name":"Pointe on Rio","cap":0,"stack":"main"}},{"type":"Feature","geometry":{"type":"Polygon","coordinates":[[[-97.7446532,30.2832889],[-97.7446412,30.2832881],[-97.744631,30.2833939],[-97.7447064,30.2833994],[-97.7447029,30.2834351],[-97.7450085,30.2834571],[-97.7450749,30.2827358],[-97.7447074,30.2826244],[-97.7446453,30.2832639],[-97.7446555,30.2832646],[-97.7446532,30.2832889]],[[-97.7448818,30.2828583],[-97.7447773,30.2828289],[-97.7447605,30.2830606],[-97.7448666,30.2830664],[-97.7448818,30.2828583]],[[-97.7447349,30.283276],[-97.744846,30.2832837],[-97.7448595,30.2831392],[-97.7447484,30.2831315],[-97.7447349,30.283276]]]},"properties":{"kind":"wall","band":"tower","fam":"mh","wd":"#99a4aa","wg":"#a9a8a4","wn":"#181b24","base":5.0,"h":21.9,"name":"Pointe on Rio","cap":0,"stack":"main"}},{"type":"Feature","geometry":{"type":"Polygon","coordinates":[[[-97.7446532,30.2832889],[-97.7446412,30.2832881],[-97.744631,30.2833939],[-97.7447064,30.2833994],[-97.7447029,30.2834351],[-97.7450085,30.2834571],[-97.7450749,30.2827358],[-97.7447074,30.2826244],[-97.7446453,30.2832639],[-97.7446555,30.2832646],[-97.7446532,30.2832889]],[[-97.7448818,30.2828583],[-97.7447773,30.2828289],[-97.7447605,30.2830606],[-97.7448666,30.2830664],[-97.7448818,30.2828583]],[[-97.7447349,30.283276],[-97.744846,30.2832837],[-97.7448595,30.2831392],[-97.7447484,30.2831315],[-97.7447349,30.283276]]]},"properties":{"kind":"wall","band":"crown","fam":"sf","wd":"#adb3b7","wg":"#bab5af","wn":"#1b1d25","base":21.9,"h":24.3,"name":"Pointe on Rio","cap":1,"stack":"main","rd":"#b2b7bb","rg":"#beb8b2","rn":"#1b1d25"}},{"type":"Feature","geometry":{"type":"Polygon","coordinates":[[[-97.7450346,30.2833382],[-97.7450909,30.2827268],[-97.7450777,30.2827229],[-97.7450083,30.2834427],[-97.7450244,30.2834438],[-97.7450346,30.2833382]]]},"properties":{"kind":"solid","s":"balc","base":7.1,"h":7.44,"name":"Pointe on Rio"}},{"type":"Feature","geometry":{"type":"Polygon","coordinates":[[[-97.7446152,30.2834058],[-97.7446313,30.283407],[-97.7447054,30.2826387],[-97.744691,30.2826376],[-97.7446292,30.2832742],[-97.7446279,30.2832742],[-97.7446152,30.2834058]]]},"properties":{"kind":"solid","s":"balc","base":7.1,"h":7.44,"name":"Pointe on Rio"}},{"type":"Feature","geometry":{"type":"Polygon","coordinates":[[[-97.7450346,30.2833382],[-97.7450909,30.2827268],[-97.7450777,30.2827229],[-97.7450083,30.2834427],[-97.7450244,30.2834438],[-97.7450346,30.2833382]]]},"properties":{"kind":"solid","s":"balc","base":10.48,"h":10.82,"name":"Pointe on Rio"}},{"type":"Feature","geometry":{"type":"Polygon","coordinates":[[[-97.7446152,30.2834058],[-97.7446313,30.283407],[-97.7447054,30.2826387],[-97.744691,30.2826376],[-97.7446292,30.2832742],[-97.7446279,30.2832742],[-97.7446152,30.2834058]]]},"properties":{"kind":"solid","s":"balc","base":10.48,"h":10.82,"name":"Pointe on Rio"}},{"type":"Feature","geometry":{"type":"Polygon","coordinates":[[[-97.7450346,30.2833382],[-97.7450909,30.2827268],[-97.7450777,30.2827229],[-97.7450083,30.2834427],[-97.7450244,30.2834438],[-97.7450346,30.2833382]]]},"properties":{"kind":"solid","s":"balc","base":13.86,"h":14.2,"name":"Pointe on Rio"}},{"type":"Feature","geometry":{"type":"Polygon","coordinates":[[[-97.7446152,30.2834058],[-97.7446313,30.283407],[-97.7447054,30.2826387],[-97.744691,30.2826376],[-97.7446292,30.2832742],[-97.7446279,30.2832742],[-97.7446152,30.2834058]]]},"properties":{"kind":"solid","s":"balc","base":13.86,"h":14.2,"name":"Pointe on Rio"}},{"type":"Feature","geometry":{"type":"Polygon","coordinates":[[[-97.7450346,30.2833382],[-97.7450909,30.2827268],[-97.7450777,30.2827229],[-97.7450083,30.2834427],[-97.7450244,30.2834438],[-97.7450346,30.2833382]]]},"properties":{"kind":"solid","s":"balc","base":17.24,"h":17.58,"name":"Pointe on Rio"}},{"type":"Feature","geometry":{"type":"Polygon","coordinates":[[[-97.7446152,30.2834058],[-97.7446313,30.283407],[-97.7447054,30.2826387],[-97.744691,30.2826376],[-97.7446292,30.2832742],[-97.7446279,30.2832742],[-97.7446152,30.2834058]]]},"properties":{"kind":"solid","s":"balc","base":17.24,"h":17.58,"name":"Pointe on Rio"}},{"type":"Feature","geometry":{"type":"Polygon","coordinates":[[[-97.7450346,30.2833382],[-97.7450909,30.2827268],[-97.7450777,30.2827229],[-97.7450083,30.2834427],[-97.7450244,30.2834438],[-97.7450346,30.2833382]]]},"properties":{"kind":"solid","s":"balc","base":20.62,"h":20.96,"name":"Pointe on Rio"}},{"type":"Feature","geometry":{"type":"Polygon","coordinates":[[[-97.7446152,30.2834058],[-97.7446313,30.283407],[-97.7447054,30.2826387],[-97.744691,30.2826376],[-97.7446292,30.2832742],[-97.7446279,30.2832742],[-97.7446152,30.2834058]]]},"properties":{"kind":"solid","s":"balc","base":20.62,"h":20.96,"name":"Pointe on Rio"}},{"type":"Feature","geometry":{"type":"Polygon","coordinates":[[[-97.7448753,30.2828621],[-97.744783,30.2828362],[-97.7447671,30.2830556],[-97.7448608,30.2830607],[-97.7448753,30.2828621]]]},"properties":{"kind":"solid","s":"deck","base":0.0,"h":0.45,"name":"Pointe on Rio"}},{"type":"Feature","geometry":{"type":"Polygon","coordinates":[[[-97.7448462,30.2829955],[-97.744853,30.2829028],[-97.7447977,30.2828998],[-97.7447909,30.2829925],[-97.7448462,30.2829955]]]},"properties":{"kind":"solid","s":"pool","base":0.45,"h":0.55,"name":"Pointe on Rio"}},{"type":"Feature","geometry":{"type":"Polygon","coordinates":[[[-97.741557,30.294285],[-97.741824,30.294413],[-97.742029,30.294511],[-97.742148,30.29432],[-97.742105,30.294306],[-97.742104,30.294271],[-97.742099,30.294239],[-97.742091,30.294209],[-97.742042,30.2941],[-97.742067,30.294103],[-97.741975,30.29392],[-97.741604,30.293886],[-97.741584,30.294058],[-97.741883,30.294086],[-97.741917,30.29415],[-97.741902,30.294156],[-97.741945,30.294238],[-97.741958,30.294232],[-97.741975,30.294263],[-97.741577,30.294134],[-97.741557,30.294285]]]},"properties":{"kind":"wall","band":"base","fam":"sg","wd":"#454b51","wg":"#635d59","wn":"#0f121a","base":0.0,"h":5.0,"name":"The Venue on Guadalupe","cap":0,"stack":"main"}},{"type":"Feature","geometry":{"type":"Polygon","coordinates":[[[-97.741557,30.294285],[-97.741824,30.294413],[-97.742029,30.294511],[-97.742148,30.29432],[-97.742105,30.294306],[-97.742104,30.294271],[-97.742099,30.294239],[-97.742091,30.294209],[-97.742042,30.2941],[-97.742067,30.294103],[-97.741975,30.29392],[-97.741604,30.293886],[-97.741584,30.294058],[-97.741883,30.294086],[-97.741917,30.29415],[-97.741902,30.294156],[-97.741945,30.294238],[-97.741958,30.294232],[-97.741975,30.294263],[-97.741577,30.294134],[-97.741557,30.294285]]]},"properties":{"kind":"wall","band":"tower","fam":"mh","wd":"#8d9ea9","wg":"#9fa3a3","wn":"#171b23","base":5.0,"h":24.1,"name":"The Venue on Guadalupe","cap":0,"stack":"main"}},{"type":"Feature","geometry":{"type":"Polygon","coordinates":[[[-97.741557,30.294285],[-97.741824,30.294413],[-97.742029,30.294511],[-97.742148,30.29432],[-97.742105,30.294306],[-97.742104,30.294271],[-97.742099,30.294239],[-97.742091,30.294209],[-97.742042,30.2941],[-97.742067,30.294103],[-97.741975,30.29392],[-97.741604,30.293886],[-97.741584,30.294058],[-97.741883,30.294086],[-97.741917,30.29415],[-97.741902,30.294156],[-97.741945,30.294238],[-97.741958,30.294232],[-97.741975,30.294263],[-97.741577,30.294134],[-97.741557,30.294285]]]},"properties":{"kind":"wall","band":"crown","fam":"sf","wd":"#adb3b7","wg":"#bab5af","wn":"#1b1d25","base":24.1,"h":26.5,"name":"The Venue on Guadalupe","cap":1,"stack":"main","rd":"#b2b7bb","rg":"#beb8b2","rn":"#1b1d25"}},{"type":"Feature","geometry":{"type":"Polygon","coordinates":[[[-97.7421418,30.2943574],[-97.742162,30.294325],[-97.7421637,30.2943112],[-97.7421481,30.2943061],[-97.7421418,30.2943574]]]},"properties":{"kind":"solid","s":"balc","base":6.97,"h":7.31,"name":"The Venue on Guadalupe"}},{"type":"Feature","geometry":{"type":"Polygon","coordinates":[[[-97.7415798,30.2939634],[-97.7415675,30.2940696],[-97.7415828,30.294071],[-97.7416038,30.2939004],[-97.7415878,30.293899],[-97.7415798,30.2939634]]]},"properties":{"kind":"solid","s":"balc","base":6.97,"h":7.31,"name":"The Venue on Guadalupe"}},{"type":"Feature","geometry":{"type":"Polygon","coordinates":[[[-97.7415768,30.29412],[-97.7415642,30.2941159],[-97.7415409,30.2942922],[-97.7415548,30.2942989],[-97.7415768,30.29412]]]},"properties":{"kind":"solid","s":"balc","base":6.97,"h":7.31,"name":"The Venue on Guadalupe"}},{"type":"Feature","geometry":{"type":"Polygon","coordinates":[[[-97.7421418,30.2943574],[-97.742162,30.294325],[-97.7421637,30.2943112],[-97.7421481,30.2943061],[-97.7421418,30.2943574]]]},"properties":{"kind":"solid","s":"balc","base":10.16,"h":10.5,"name":"The Venue on Guadalupe"}},{"type":"Feature","geometry":{"type":"Polygon","coordinates":[[[-97.7415798,30.2939634],[-97.7415675,30.2940696],[-97.7415828,30.294071],[-97.7416038,30.2939004],[-97.7415878,30.293899],[-97.7415798,30.2939634]]]},"properties":{"kind":"solid","s":"balc","base":10.16,"h":10.5,"name":"The Venue on Guadalupe"}},{"type":"Feature","geometry":{"type":"Polygon","coordinates":[[[-97.7415768,30.29412],[-97.7415642,30.2941159],[-97.7415409,30.2942922],[-97.7415548,30.2942989],[-97.7415768,30.29412]]]},"properties":{"kind":"solid","s":"balc","base":10.16,"h":10.5,"name":"The Venue on Guadalupe"}},{"type":"Feature","geometry":{"type":"Polygon","coordinates":[[[-97.7421418,30.2943574],[-97.742162,30.294325],[-97.7421637,30.2943112],[-97.7421481,30.2943061],[-97.7421418,30.2943574]]]},"properties":{"kind":"solid","s":"balc","base":13.34,"h":13.68,"name":"The Venue on Guadalupe"}},{"type":"Feature","geometry":{"type":"Polygon","coordinates":[[[-97.7415798,30.2939634],[-97.7415675,30.2940696],[-97.7415828,30.294071],[-97.7416038,30.2939004],[-97.7415878,30.293899],[-97.7415798,30.2939634]]]},"properties":{"kind":"solid","s":"balc","base":13.34,"h":13.68,"name":"The Venue on Guadalupe"}},{"type":"Feature","geometry":{"type":"Polygon","coordinates":[[[-97.7415768,30.29412],[-97.7415642,30.2941159],[-97.7415409,30.2942922],[-97.7415548,30.2942989],[-97.7415768,30.29412]]]},"properties":{"kind":"solid","s":"balc","base":13.34,"h":13.68,"name":"The Venue on Guadalupe"}},{"type":"Feature","geometry":{"type":"Polygon","coordinates":[[[-97.7421418,30.2943574],[-97.742162,30.294325],[-97.7421637,30.2943112],[-97.7421481,30.2943061],[-97.7421418,30.2943574]]]},"properties":{"kind":"solid","s":"balc","base":16.52,"h":16.86,"name":"The Venue on Guadalupe"}},{"type":"Feature","geometry":{"type":"Polygon","coordinates":[[[-97.7415798,30.2939634],[-97.7415675,30.2940696],[-97.7415828,30.294071],[-97.7416038,30.2939004],[-97.7415878,30.293899],[-97.7415798,30.2939634]]]},"properties":{"kind":"solid","s":"balc","base":16.52,"h":16.86,"name":"The Venue on Guadalupe"}},{"type":"Feature","geometry":{"type":"Polygon","coordinates":[[[-97.7415768,30.29412],[-97.7415642,30.2941159],[-97.7415409,30.2942922],[-97.7415548,30.2942989],[-97.7415768,30.29412]]]},"properties":{"kind":"solid","s":"balc","base":16.52,"h":16.86,"name":"The Venue on Guadalupe"}},{"type":"Feature","geometry":{"type":"Polygon","coordinates":[[[-97.7421418,30.2943574],[-97.742162,30.294325],[-97.7421637,30.2943112],[-97.7421481,30.2943061],[-97.7421418,30.2943574]]]},"properties":{"kind":"solid","s":"balc","base":19.71,"h":20.05,"name":"The Venue on Guadalupe"}},{"type":"Feature","geometry":{"type":"Polygon","coordinates":[[[-97.7415798,30.2939634],[-97.7415675,30.2940696],[-97.7415828,30.294071],[-97.7416038,30.2939004],[-97.7415878,30.293899],[-97.7415798,30.2939634]]]},"properties":{"kind":"solid","s":"balc","base":19.71,"h":20.05,"name":"The Venue on Guadalupe"}},{"type":"Feature","geometry":{"type":"Polygon","coordinates":[[[-97.7415768,30.29412],[-97.7415642,30.2941159],[-97.7415409,30.2942922],[-97.7415548,30.2942989],[-97.7415768,30.29412]]]},"properties":{"kind":"solid","s":"balc","base":19.71,"h":20.05,"name":"The Venue on Guadalupe"}},{"type":"Feature","geometry":{"type":"Polygon","coordinates":[[[-97.7421418,30.2943574],[-97.742162,30.294325],[-97.7421637,30.2943112],[-97.7421481,30.2943061],[-97.7421418,30.2943574]]]},"properties":{"kind":"solid","s":"balc","base":22.89,"h":23.23,"name":"The Venue on Guadalupe"}},{"type":"Feature","geometry":{"type":"Polygon","coordinates":[[[-97.7415798,30.2939634],[-97.7415675,30.2940696],[-97.7415828,30.294071],[-97.7416038,30.2939004],[-97.7415878,30.293899],[-97.7415798,30.2939634]]]},"properties":{"kind":"solid","s":"balc","base":22.89,"h":23.23,"name":"The Venue on Guadalupe"}},{"type":"Feature","geometry":{"type":"Polygon","coordinates":[[[-97.7415768,30.29412],[-97.7415642,30.2941159],[-97.7415409,30.2942922],[-97.7415548,30.2942989],[-97.7415768,30.29412]]]},"properties":{"kind":"solid","s":"balc","base":22.89,"h":23.23,"name":"The Venue on Guadalupe"}},{"type":"Feature","geometry":{"type":"Polygon","coordinates":[[[-97.7415267,30.2803764],[-97.7419115,30.2804838],[-97.7420453,30.2801262],[-97.741896,30.2800845],[-97.7418307,30.2802591],[-97.7417839,30.2802461],[-97.7417468,30.2803452],[-97.7417126,30.2803356],[-97.7418145,30.2800636],[-97.7416599,30.2800204],[-97.7415267,30.2803764]]]},"properties":{"kind":"wall","band":"base","fam":"sp","wd":"#a09582","wg":"#af9c82","wn":"#191a1f","base":0.0,"h":5.2,"name":"The G","cap":0,"stack":"main"}},{"type":"Feature","geometry":{"type":"Polygon","coordinates":[[[-97.7415267,30.2803764],[-97.7419115,30.2804838],[-97.7420453,30.2801262],[-97.741896,30.2800845],[-97.7418307,30.2802591],[-97.7417839,30.2802461],[-97.7417468,30.2803452],[-97.7417126,30.2803356],[-97.7418145,30.2800636],[-97.7416599,30.2800204],[-97.7415267,30.2803764]]]},"properties":{"kind":"wall","band":"tower","fam":"mh","wd":"#e5dbc2","wg":"#e9d6b8","wn":"#212126","base":5.2,"h":23.8,"name":"The G","cap":0,"stack":"main"}},{"type":"Feature","geometry":{"type":"Polygon","coordinates":[[[-97.7415267,30.2803764],[-97.7419115,30.2804838],[-97.7420453,30.2801262],[-97.741896,30.2800845],[-97.7418307,30.2802591],[-97.7417839,30.2802461],[-97.7417468,30.2803452],[-97.7417126,30.2803356],[-97.7418145,30.2800636],[-97.7416599,30.2800204],[-97.7415267,30.2803764]]]},"properties":{"kind":"wall","band":"crown","fam":"sf","wd":"#c4bfb3","wg":"#cdbfab","wn":"#1d1e25","base":23.8,"h":26.4,"name":"The G","cap":1,"stack":"main","rd":"#c1bfb9","rg":"#cbbfb0","rn":"#1d1e25"}},{"type":"Feature","geometry":{"type":"Polygon","coordinates":[[[-97.7415333,30.2803632],[-97.7416569,30.2800329],[-97.7416415,30.2800286],[-97.7415179,30.2803589],[-97.7415333,30.2803632]]]},"properties":{"kind":"solid","s":"balc","base":7.12,"h":7.46,"name":"The G"}},{"type":"Feature","geometry":{"type":"Polygon","coordinates":[[[-97.7419305,30.280474],[-97.7420541,30.2801437],[-97.7420387,30.2801394],[-97.7419151,30.2804697],[-97.7419305,30.280474]]]},"properties":{"kind":"solid","s":"balc","base":7.12,"h":7.46,"name":"The G"}},{"type":"Feature","geometry":{"type":"Polygon","coordinates":[[[-97.7415333,30.2803632],[-97.7416569,30.2800329],[-97.7416415,30.2800286],[-97.7415179,30.2803589],[-97.7415333,30.2803632]]]},"properties":{"kind":"solid","s":"balc","base":10.22,"h":10.56,"name":"The G"}},{"type":"Feature","geometry":{"type":"Polygon","coordinates":[[[-97.7419305,30.280474],[-97.7420541,30.2801437],[-97.7420387,30.2801394],[-97.7419151,30.2804697],[-97.7419305,30.280474]]]},"properties":{"kind":"solid","s":"balc","base":10.22,"h":10.56,"name":"The G"}},{"type":"Feature","geometry":{"type":"Polygon","coordinates":[[[-97.7415333,30.2803632],[-97.7416569,30.2800329],[-97.7416415,30.2800286],[-97.7415179,30.2803589],[-97.7415333,30.2803632]]]},"properties":{"kind":"solid","s":"balc","base":13.32,"h":13.66,"name":"The G"}},{"type":"Feature","geometry":{"type":"Polygon","coordinates":[[[-97.7419305,30.280474],[-97.7420541,30.2801437],[-97.7420387,30.2801394],[-97.7419151,30.2804697],[-97.7419305,30.280474]]]},"properties":{"kind":"solid","s":"balc","base":13.32,"h":13.66,"name":"The G"}},{"type":"Feature","geometry":{"type":"Polygon","coordinates":[[[-97.7415333,30.2803632],[-97.7416569,30.2800329],[-97.7416415,30.2800286],[-97.7415179,30.2803589],[-97.7415333,30.2803632]]]},"properties":{"kind":"solid","s":"balc","base":16.42,"h":16.76,"name":"The G"}},{"type":"Feature","geometry":{"type":"Polygon","coordinates":[[[-97.7419305,30.280474],[-97.7420541,30.2801437],[-97.7420387,30.2801394],[-97.7419151,30.2804697],[-97.7419305,30.280474]]]},"properties":{"kind":"solid","s":"balc","base":16.42,"h":16.76,"name":"The G"}},{"type":"Feature","geometry":{"type":"Polygon","coordinates":[[[-97.7415333,30.2803632],[-97.7416569,30.2800329],[-97.7416415,30.2800286],[-97.7415179,30.2803589],[-97.7415333,30.2803632]]]},"properties":{"kind":"solid","s":"balc","base":19.52,"h":19.86,"name":"The G"}},{"type":"Feature","geometry":{"type":"Polygon","coordinates":[[[-97.7419305,30.280474],[-97.7420541,30.2801437],[-97.7420387,30.2801394],[-97.7419151,30.2804697],[-97.7419305,30.280474]]]},"properties":{"kind":"solid","s":"balc","base":19.52,"h":19.86,"name":"The G"}},{"type":"Feature","geometry":{"type":"Polygon","coordinates":[[[-97.7415333,30.2803632],[-97.7416569,30.2800329],[-97.7416415,30.2800286],[-97.7415179,30.2803589],[-97.7415333,30.2803632]]]},"properties":{"kind":"solid","s":"balc","base":22.62,"h":22.96,"name":"The G"}},{"type":"Feature","geometry":{"type":"Polygon","coordinates":[[[-97.7419305,30.280474],[-97.7420541,30.2801437],[-97.7420387,30.2801394],[-97.7419151,30.2804697],[-97.7419305,30.280474]]]},"properties":{"kind":"solid","s":"balc","base":22.62,"h":22.96,"name":"The G"}},{"type":"Feature","geometry":{"type":"Polygon","coordinates":[[[-97.7458387,30.2831026],[-97.7458033,30.2834884],[-97.7458094,30.283507],[-97.7458325,30.2835137],[-97.7458726,30.2835177],[-97.7465689,30.2835709],[-97.7465905,30.2835536],[-97.7466136,30.283213],[-97.7465951,30.2831931],[-97.7459851,30.2830215],[-97.7459173,30.2830121],[-97.7458387,30.2830534],[-97.7458387,30.2831026]],[[-97.7464203,30.2833333],[-97.7463617,30.2833156],[-97.7463653,30.2833067],[-97.7463152,30.283293],[-97.7463197,30.2832771],[-97.7463031,30.2832711],[-97.746298,30.2832873],[-97.7460171,30.2832064],[-97.7460147,30.2832352],[-97.7460522,30.2832353],[-97.7460387,30.2833658],[-97.7460587,30.2833668],[-97.7460591,30.2833529],[-97.7464034,30.2833857],[-97.746407,30.2833534],[-97.7464183,30.2833539],[-97.7464203,30.2833333]]]},"properties":{"kind":"wall","band":"base","fam":"sg","wd":"#454b51","wg":"#635d59","wn":"#0f121a","base":0.0,"h":4.6,"name":"Crest at Pearl","cap":0,"stack":"main"}},{"type":"Feature","geometry":{"type":"Polygon","coordinates":[[[-97.7458387,30.2831026],[-97.7458033,30.2834884],[-97.7458094,30.283507],[-97.7458325,30.2835137],[-97.7458726,30.2835177],[-97.7465689,30.2835709],[-97.7465905,30.2835536],[-97.7466136,30.283213],[-97.7465951,30.2831931],[-97.7459851,30.2830215],[-97.7459173,30.2830121],[-97.7458387,30.2830534],[-97.7458387,30.2831026]],[[-97.7464203,30.2833333],[-97.7463617,30.2833156],[-97.7463653,30.2833067],[-97.7463152,30.283293],[-97.7463197,30.2832771],[-97.7463031,30.2832711],[-97.746298,30.2832873],[-97.7460171,30.2832064],[-97.7460147,30.2832352],[-97.7460522,30.2832353],[-97.7460387,30.2833658],[-97.7460587,30.2833668],[-97.7460591,30.2833529],[-97.7464034,30.2833857],[-97.746407,30.2833534],[-97.7464183,30.2833539],[-97.7464203,30.2833333]]]},"properties":{"kind":"wall","band":"tower","fam":"mh","wd":"#b8b69f","wg":"#c3b79a","wn":"#1c1d22","base":4.6,"h":14.7,"name":"Crest at Pearl","cap":0,"stack":"main"}},{"type":"Feature","geometry":{"type":"Polygon","coordinates":[[[-97.7458387,30.2831026],[-97.7458033,30.2834884],[-97.7458094,30.283507],[-97.7458325,30.2835137],[-97.7458726,30.2835177],[-97.7465689,30.2835709],[-97.7465905,30.2835536],[-97.7466136,30.283213],[-97.7465951,30.2831931],[-97.7459851,30.2830215],[-97.7459173,30.2830121],[-97.7458387,30.2830534],[-97.7458387,30.2831026]],[[-97.7464203,30.2833333],[-97.7463617,30.2833156],[-97.7463653,30.2833067],[-97.7463152,30.283293],[-97.7463197,30.2832771],[-97.7463031,30.2832711],[-97.746298,30.2832873],[-97.7460171,30.2832064],[-97.7460147,30.2832352],[-97.7460522,30.2832353],[-97.7460387,30.2833658],[-97.7460587,30.2833668],[-97.7460591,30.2833529],[-97.7464034,30.2833857],[-97.746407,30.2833534],[-97.7464183,30.2833539],[-97.7464203,30.2833333]]]},"properties":{"kind":"wall","band":"crown","fam":"sf","wd":"#c4bfb3","wg":"#cdbfab","wn":"#1d1e25","base":14.7,"h":16.7,"name":"Crest at Pearl","cap":1,"stack":"main","rd":"#c1bfb9","rg":"#cbbfb0","rn":"#1d1e25"}},{"type":"Feature","geometry":{"type":"Polygon","coordinates":[[[-97.746038,30.2830227],[-97.7459887,30.2830088],[-97.7459264,30.2830002],[-97.7459129,30.2829991],[-97.7458897,30.2830113],[-97.746038,30.2830227]]]},"properties":{"kind":"solid","s":"balc","base":6.69,"h":7.03,"name":"Crest at Pearl"}},{"type":"Feature","geometry":{"type":"Polygon","coordinates":[[[-97.7458076,30.2835202],[-97.7458292,30.2835265],[-97.7458518,30.2835287],[-97.7465707,30.2835837],[-97.7465721,30.2835698],[-97.7458085,30.2835114],[-97.7458076,30.2835202]]]},"properties":{"kind":"solid","s":"balc","base":6.69,"h":7.03,"name":"Crest at Pearl"}},{"type":"Feature","geometry":{"type":"Polygon","coordinates":[[[-97.746038,30.2830227],[-97.7459887,30.2830088],[-97.7459264,30.2830002],[-97.7459129,30.2829991],[-97.7458897,30.2830113],[-97.746038,30.2830227]]]},"properties":{"kind":"solid","s":"balc","base":10.05,"h":10.39,"name":"Crest at Pearl"}},{"type":"Feature","geometry":{"type":"Polygon","coordinates":[[[-97.7458076,30.2835202],[-97.7458292,30.2835265],[-97.7458518,30.2835287],[-97.7465707,30.2835837],[-97.7465721,30.2835698],[-97.7458085,30.2835114],[-97.7458076,30.2835202]]]},"properties":{"kind":"solid","s":"balc","base":10.05,"h":10.39,"name":"Crest at Pearl"}},{"type":"Feature","geometry":{"type":"Polygon","coordinates":[[[-97.746038,30.2830227],[-97.7459887,30.2830088],[-97.7459264,30.2830002],[-97.7459129,30.2829991],[-97.7458897,30.2830113],[-97.746038,30.2830227]]]},"properties":{"kind":"solid","s":"balc","base":13.42,"h":13.76,"name":"Crest at Pearl"}},{"type":"Feature","geometry":{"type":"Polygon","coordinates":[[[-97.7458076,30.2835202],[-97.7458292,30.2835265],[-97.7458518,30.2835287],[-97.7465707,30.2835837],[-97.7465721,30.2835698],[-97.7458085,30.2835114],[-97.7458076,30.2835202]]]},"properties":{"kind":"solid","s":"balc","base":13.42,"h":13.76,"name":"Crest at Pearl"}},{"type":"Feature","geometry":{"type":"Polygon","coordinates":[[[-97.7464137,30.283337],[-97.7463538,30.2833189],[-97.7463573,30.2833102],[-97.7463078,30.2832966],[-97.7463124,30.2832803],[-97.7463073,30.2832784],[-97.7463023,30.2832942],[-97.7460227,30.2832137],[-97.7460214,30.2832298],[-97.746059,30.2832299],[-97.7460455,30.2833607],[-97.7460526,30.2833611],[-97.746053,30.2833469],[-97.7463978,30.2833797],[-97.7464014,30.2833478],[-97.7464126,30.2833483],[-97.7464137,30.283337]]]},"properties":{"kind":"solid","s":"deck","base":0.0,"h":0.45,"name":"Crest at Pearl"}},{"type":"Feature","geometry":{"type":"Polygon","coordinates":[[[-97.7462818,30.2832886],[-97.7461564,30.2832621],[-97.7461291,30.2833585],[-97.7462545,30.283385],[-97.7462818,30.2832886]]]},"properties":{"kind":"solid","s":"pool","base":0.45,"h":0.55,"name":"Crest at Pearl"}},{"type":"Feature","geometry":{"type":"Polygon","coordinates":[[[-97.745678,30.2842431],[-97.7456293,30.2842395],[-97.7456374,30.2841569],[-97.7451505,30.2841214],[-97.7451073,30.284563],[-97.7456429,30.2846021],[-97.745678,30.2842431]],[[-97.745325,30.2843981],[-97.7453434,30.2843994],[-97.7453427,30.2844069],[-97.7454432,30.2844138],[-97.7454438,30.2844078],[-97.7454657,30.2844093],[-97.7454745,30.2843132],[-97.7453336,30.2843036],[-97.745325,30.2843981]]]},"properties":{"kind":"wall","band":"base","fam":"sg","wd":"#454b51","wg":"#635d59","wn":"#0f121a","base":0.0,"h":4.4,"name":"The Nine at Rio","cap":0,"stack":"main"}},{"type":"Feature","geometry":{"type":"Polygon","coordinates":[[[-97.745678,30.2842431],[-97.7456293,30.2842395],[-97.7456374,30.2841569],[-97.7451505,30.2841214],[-97.7451073,30.284563],[-97.7456429,30.2846021],[-97.745678,30.2842431]],[[-97.745325,30.2843981],[-97.7453434,30.2843994],[-97.7453427,30.2844069],[-97.7454432,30.2844138],[-97.7454438,30.2844078],[-97.7454657,30.2844093],[-97.7454745,30.2843132],[-97.7453336,30.2843036],[-97.745325,30.2843981]]]},"properties":{"kind":"wall","band":"tower","fam":"mh","wd":"#a7b4bc","wg":"#b5b6b3","wn":"#1a1d26","base":4.4,"h":10.4,"name":"The Nine at Rio","cap":0,"stack":"main"}},{"type":"Feature","geometry":{"type":"Polygon","coordinates":[[[-97.745678,30.2842431],[-97.7456293,30.2842395],[-97.7456374,30.2841569],[-97.7451505,30.2841214],[-97.7451073,30.284563],[-97.7456429,30.2846021],[-97.745678,30.2842431]],[[-97.745325,30.2843981],[-97.7453434,30.2843994],[-97.7453427,30.2844069],[-97.7454432,30.2844138],[-97.7454438,30.2844078],[-97.7454657,30.2844093],[-97.7454745,30.2843132],[-97.7453336,30.2843036],[-97.745325,30.2843981]]]},"properties":{"kind":"wall","band":"crown","fam":"sf","wd":"#adb3b7","wg":"#bab5af","wn":"#1b1d25","base":10.4,"h":12.2,"name":"The Nine at Rio","cap":1,"stack":"main","rd":"#b2b7bb","rg":"#beb8b2","rn":"#1b1d25"}},{"type":"Feature","geometry":{"type":"Polygon","coordinates":[[[-97.7456523,30.2841593],[-97.7456537,30.2841455],[-97.7451683,30.2841101],[-97.745167,30.2841239],[-97.7456523,30.2841593]]]},"properties":{"kind":"solid","s":"balc","base":6.26,"h":6.6,"name":"The Nine at Rio"}},{"type":"Feature","geometry":{"type":"Polygon","coordinates":[[[-97.7451227,30.2845768],[-97.7456251,30.2846134],[-97.7456264,30.2845995],[-97.745124,30.2845629],[-97.7451227,30.2845768]]]},"properties":{"kind":"solid","s":"balc","base":6.26,"h":6.6,"name":"The Nine at Rio"}},{"type":"Feature","geometry":{"type":"Polygon","coordinates":[[[-97.7456523,30.2841593],[-97.7456537,30.2841455],[-97.7451683,30.2841101],[-97.745167,30.2841239],[-97.7456523,30.2841593]]]},"properties":{"kind":"solid","s":"balc","base":9.26,"h":9.6,"name":"The Nine at Rio"}},{"type":"Feature","geometry":{"type":"Polygon","coordinates":[[[-97.7451227,30.2845768],[-97.7456251,30.2846134],[-97.7456264,30.2845995],[-97.745124,30.2845629],[-97.7451227,30.2845768]]]},"properties":{"kind":"solid","s":"balc","base":9.26,"h":9.6,"name":"The Nine at Rio"}},{"type":"Feature","geometry":{"type":"Polygon","coordinates":[[[-97.7453317,30.2843932],[-97.7453501,30.2843945],[-97.7453494,30.284402],[-97.7454375,30.284408],[-97.7454381,30.284402],[-97.74546,30.2844035],[-97.7454678,30.2843181],[-97.7453393,30.2843094],[-97.7453317,30.2843932]]]},"properties":{"kind":"solid","s":"deck","base":0.0,"h":0.45,"name":"The Nine at Rio"}},{"type":"Feature","geometry":{"type":"Polygon","coordinates":[[[-97.7454264,30.2843428],[-97.7453757,30.2843393],[-97.7453723,30.2843761],[-97.7454231,30.2843796],[-97.7454264,30.2843428]]]},"properties":{"kind":"solid","s":"shade","base":3.65,"h":3.93,"name":"The Nine at Rio"}},{"type":"Feature","geometry":{"type":"Polygon","coordinates":[[[-97.7454129,30.2843511],[-97.7453875,30.2843494],[-97.7453859,30.2843678],[-97.7454112,30.2843695],[-97.7454129,30.2843511]]]},"properties":{"kind":"solid","s":"furn","base":0.45,"h":1.2,"name":"The Nine at Rio"}}],"replacedBuildingIds":["0e189df9-9783-442e-be10-5ad33510e9d9","73c958f3-3b1a-407c-9a9d-d3ab1e66b2c5","4d0b4ea1-f597-4bc0-9a75-0c7aeb9ed328","11b2bb80-d577-4da7-8b10-d27385f80c4b","307878e3-63d2-471c-83d1-6b405de9e7b7","dd38bf46-46cc-4ea9-b1ac-138fc2a56019","4c485eb1-3a42-4633-9f67-df5e1c155b5a","b423d7a9-4059-44b3-8fed-3d088563c870","ebb4403e-5abd-4284-808b-f25fb8d310d3","b0101452-d54c-4dff-a8a2-e582ddda29d6","36365d18-2eb6-43c5-b042-6197e7767e17","3ad3da38-9563-4eb1-a359-e06ac5848178","01b885c4-03ff-45d4-b394-707735cb6958","41627514-f0ac-4268-8e08-b123aec9cac1","1aa1bea6-6381-4929-a0e2-6615011b45e5","5087a362-0908-4863-a94b-6d7cf6e87d92","7a5984d8-919c-405c-afe5-cd31ba969b63","bddea10c-167d-4394-9cd8-5af5cc7d853f","c039e065-3c15-4a26-a402-4589f1c7857d","176b7e6b-f1d0-432c-a185-130948f9a3e1","5d3a4e03-f525-4037-917c-4c4b56584fc4","f1d2f1fb-0159-4378-8c84-2613c2e75213","ee8c58ee-b1ac-41b1-be75-dc307bcde8a0","899a97bb-3643-4cf0-b894-9f1720ef491b"],"authoredRoofIds":["0e189df9-9783-442e-be10-5ad33510e9d9","73c958f3-3b1a-407c-9a9d-d3ab1e66b2c5","4d0b4ea1-f597-4bc0-9a75-0c7aeb9ed328","11b2bb80-d577-4da7-8b10-d27385f80c4b","307878e3-63d2-471c-83d1-6b405de9e7b7","dd38bf46-46cc-4ea9-b1ac-138fc2a56019","4c485eb1-3a42-4633-9f67-df5e1c155b5a","b423d7a9-4059-44b3-8fed-3d088563c870","ebb4403e-5abd-4284-808b-f25fb8d310d3","b0101452-d54c-4dff-a8a2-e582ddda29d6"]}